src_idx,dst_idx,src_gene,dst_gene,score
431,621,1700017B05RIK,SNRPB,0.9282103
431,353,1700017B05RIK,CBFB,0.895775
431,413,1700017B05RIK,RASSF4,0.8941586
431,587,1700017B05RIK,NCAPD2,0.8941586
431,475,1700017B05RIK,BCL2,0.8923615
431,67,1700017B05RIK,HDAC2,0.8850062
431,589,1700017B05RIK,YBX1,0.88185596
431,209,1700017B05RIK,ZBTB16,0.8709828
431,165,1700017B05RIK,GTF2H1,0.8593966
431,485,1700017B05RIK,ABL1,0.8572532
431,292,1700017B05RIK,HDAC7,0.8490846
431,29,1700017B05RIK,IKZF1,0.84177965
431,508,1700017B05RIK,NDRG1,0.82139933
431,161,1700017B05RIK,JARID2,0.81536126
431,261,1700017B05RIK,EZR,0.79889566
431,367,1700017B05RIK,HCFC1,0.7698142
431,437,1700017B05RIK,MYB,0.7677301
431,283,1700017B05RIK,EGR1,0.7656194
431,439,1700017B05RIK,DDX20,0.7637642
431,631,1700017B05RIK,ZFP36,0.7616878
431,206,1700017B05RIK,ZDHHC6,0.75573045
431,486,1700017B05RIK,NFKBIA,0.7551303
431,351,1700017B05RIK,ERCC8,0.7502097
431,564,1700017B05RIK,MFNG,0.74007237
431,208,1700017B05RIK,CISH,0.7360838
431,177,1700017B05RIK,RELB,0.73413795
431,52,1700017B05RIK,FCGR2B,0.72435164
431,331,1700017B05RIK,PIM2,0.7216572
431,196,1700017B05RIK,RARS,0.71889025
431,363,1700017B05RIK,MYC,0.7176446
431,410,1700017B05RIK,SMARCA2,0.7174124
431,482,1700017B05RIK,NFATC2,0.71552813
431,48,1700017B05RIK,ELANE,0.7139475
431,422,1700017B05RIK,SESN1,0.7136104
431,466,1700017B05RIK,ABCG2,0.71360517
431,180,1700017B05RIK,TRIM35,0.7070132
431,436,1700017B05RIK,RARB,0.70548487
431,315,1700017B05RIK,CTSL,0.70188516
431,357,1700017B05RIK,MEIS1,0.6963556
431,81,1700017B05RIK,HDAC11,0.6962735
431,557,1700017B05RIK,SATB1,0.69231915
431,494,1700017B05RIK,USP11,0.6917651
431,82,1700017B05RIK,RB1,0.69159496
431,187,1700017B05RIK,LMO4,0.6907174
431,232,1700017B05RIK,ICAM1,0.6883191
431,34,1700017B05RIK,MAML3,0.68767226
431,550,1700017B05RIK,CREB5,0.6749249
431,6,1700017B05RIK,BTG2,0.66849935
431,536,1700017B05RIK,SPI1,0.66701454
431,449,1700017B05RIK,TIE1,0.66557777
558,621,2610035D17RIK,SNRPB,0.92957926
558,353,2610035D17RIK,CBFB,0.895775
558,475,2610035D17RIK,BCL2,0.8942831
558,413,2610035D17RIK,RASSF4,0.8941586
558,587,2610035D17RIK,NCAPD2,0.8941586
558,67,2610035D17RIK,HDAC2,0.8850062
558,589,2610035D17RIK,YBX1,0.8813356
558,209,2610035D17RIK,ZBTB16,0.8709828
558,165,2610035D17RIK,GTF2H1,0.8593966
558,485,2610035D17RIK,ABL1,0.8572532
558,292,2610035D17RIK,HDAC7,0.8490384
558,206,2610035D17RIK,ZDHHC6,0.8222312
558,508,2610035D17RIK,NDRG1,0.8177704
558,161,2610035D17RIK,JARID2,0.81536126
558,29,2610035D17RIK,IKZF1,0.8147214
558,261,2610035D17RIK,EZR,0.79889566
558,367,2610035D17RIK,HCFC1,0.7698142
558,437,2610035D17RIK,MYB,0.76757336
558,439,2610035D17RIK,DDX20,0.7640048
558,48,2610035D17RIK,ELANE,0.7628878
558,631,2610035D17RIK,ZFP36,0.7616878
558,283,2610035D17RIK,EGR1,0.7607387
558,486,2610035D17RIK,NFKBIA,0.7551303
558,351,2610035D17RIK,ERCC8,0.7502097
558,564,2610035D17RIK,MFNG,0.74007237
558,208,2610035D17RIK,CISH,0.7360838
558,177,2610035D17RIK,RELB,0.73413795
558,315,2610035D17RIK,CTSL,0.72271436
558,331,2610035D17RIK,PIM2,0.7212916
558,196,2610035D17RIK,RARS,0.71877533
558,363,2610035D17RIK,MYC,0.7176446
558,410,2610035D17RIK,SMARCA2,0.7174124
558,482,2610035D17RIK,NFATC2,0.7146369
558,422,2610035D17RIK,SESN1,0.71360755
558,466,2610035D17RIK,ABCG2,0.71360517
558,180,2610035D17RIK,TRIM35,0.7070132
558,436,2610035D17RIK,RARB,0.7036986
558,263,2610035D17RIK,JUN,0.7022778
558,357,2610035D17RIK,MEIS1,0.6965902
558,81,2610035D17RIK,HDAC11,0.6961269
558,557,2610035D17RIK,SATB1,0.69231915
558,82,2610035D17RIK,RB1,0.69159496
558,494,2610035D17RIK,USP11,0.69036907
558,232,2610035D17RIK,ICAM1,0.687892
558,34,2610035D17RIK,MAML3,0.68767226
558,6,2610035D17RIK,BTG2,0.66849935
558,536,2610035D17RIK,SPI1,0.66704243
558,449,2610035D17RIK,TIE1,0.66547424
558,253,2610035D17RIK,GRINA,0.6624757
558,289,2610035D17RIK,GT(ROSA)26SOR,0.6624757
25,353,4833439L19RIK,CBFB,0.95508814
25,475,4833439L19RIK,BCL2,0.94235134
25,589,4833439L19RIK,YBX1,0.9296232
25,209,4833439L19RIK,ZBTB16,0.92838866
25,485,4833439L19RIK,ABL1,0.926989
25,292,4833439L19RIK,HDAC7,0.92291754
25,67,4833439L19RIK,HDAC2,0.91773736
25,413,4833439L19RIK,RASSF4,0.91726774
25,587,4833439L19RIK,NCAPD2,0.9170349
25,206,4833439L19RIK,ZDHHC6,0.9078198
25,621,4833439L19RIK,SNRPB,0.9042036
25,161,4833439L19RIK,JARID2,0.9022327
25,29,4833439L19RIK,IKZF1,0.88911086
25,165,4833439L19RIK,GTF2H1,0.8772734
25,508,4833439L19RIK,NDRG1,0.8741007
25,437,4833439L19RIK,MYB,0.8560094
25,564,4833439L19RIK,MFNG,0.8524437
25,177,4833439L19RIK,RELB,0.8500176
25,439,4833439L19RIK,DDX20,0.84848046
25,261,4833439L19RIK,EZR,0.8454869
25,367,4833439L19RIK,HCFC1,0.8440891
25,48,4833439L19RIK,ELANE,0.84325516
25,482,4833439L19RIK,NFATC2,0.8419646
25,486,4833439L19RIK,NFKBIA,0.84062546
25,208,4833439L19RIK,CISH,0.8397987
25,64,4833439L19RIK,IRF9,0.8379315
25,331,4833439L19RIK,PIM2,0.8343518
25,363,4833439L19RIK,MYC,0.8317911
25,422,4833439L19RIK,SESN1,0.82636714
25,410,4833439L19RIK,SMARCA2,0.82520443
25,180,4833439L19RIK,TRIM35,0.81515986
25,196,4833439L19RIK,RARS,0.8104758
25,351,4833439L19RIK,ERCC8,0.8104067
25,283,4833439L19RIK,EGR1,0.79276216
25,232,4833439L19RIK,ICAM1,0.79111594
25,263,4833439L19RIK,JUN,0.7867922
25,557,4833439L19RIK,SATB1,0.7855774
25,315,4833439L19RIK,CTSL,0.78252107
25,81,4833439L19RIK,HDAC11,0.7819043
25,436,4833439L19RIK,RARB,0.77884495
25,82,4833439L19RIK,RB1,0.76340795
25,494,4833439L19RIK,USP11,0.75883955
25,536,4833439L19RIK,SPI1,0.75764745
25,357,4833439L19RIK,MEIS1,0.75267124
25,34,4833439L19RIK,MAML3,0.7486316
25,631,4833439L19RIK,ZFP36,0.74159425
25,6,4833439L19RIK,BTG2,0.734363
25,466,4833439L19RIK,ABCG2,0.7338033
25,253,4833439L19RIK,GRINA,0.7270922
25,79,4833439L19RIK,STAT2,0.72579724
257,621,ABCB8,SNRPB,0.928213
257,353,ABCB8,CBFB,0.895775
257,475,ABCB8,BCL2,0.8942831
257,413,ABCB8,RASSF4,0.8941586
257,587,ABCB8,NCAPD2,0.8941586
257,589,ABCB8,YBX1,0.8819421
257,209,ABCB8,ZBTB16,0.8709828
257,165,ABCB8,GTF2H1,0.8593966
257,485,ABCB8,ABL1,0.8572532
257,292,ABCB8,HDAC7,0.84921783
257,67,ABCB8,HDAC2,0.8400238
257,206,ABCB8,ZDHHC6,0.8220157
257,508,ABCB8,NDRG1,0.8203991
257,161,ABCB8,JARID2,0.81536126
257,29,ABCB8,IKZF1,0.8147214
257,261,ABCB8,EZR,0.79889566
257,367,ABCB8,HCFC1,0.7698142
257,283,ABCB8,EGR1,0.7656194
257,263,ABCB8,JUN,0.7649864
257,439,ABCB8,DDX20,0.7637642
257,48,ABCB8,ELANE,0.7628878
257,631,ABCB8,ZFP36,0.7616878
257,486,ABCB8,NFKBIA,0.7551303
257,196,ABCB8,RARS,0.7519067
257,351,ABCB8,ERCC8,0.7502097
257,564,ABCB8,MFNG,0.74007237
257,437,ABCB8,MYB,0.7362033
257,208,ABCB8,CISH,0.7360558
257,177,ABCB8,RELB,0.73413795
257,331,ABCB8,PIM2,0.7213394
257,363,ABCB8,MYC,0.7176446
257,410,ABCB8,SMARCA2,0.7174124
257,482,ABCB8,NFATC2,0.7146799
257,422,ABCB8,SESN1,0.71360755
257,466,ABCB8,ABCG2,0.71360517
257,315,ABCB8,CTSL,0.7126253
257,180,ABCB8,TRIM35,0.7070132
257,436,ABCB8,RARB,0.7036986
257,357,ABCB8,MEIS1,0.6965902
257,81,ABCB8,HDAC11,0.6961269
257,557,ABCB8,SATB1,0.69231915
257,494,ABCB8,USP11,0.6917651
257,232,ABCB8,ICAM1,0.68858284
257,34,ABCB8,MAML3,0.68767226
257,613,ABCB8,PGLYRP2,0.6733057
257,6,ABCB8,BTG2,0.66849935
257,546,ABCB8,PROCR,0.66723084
257,536,ABCB8,SPI1,0.66704243
257,449,ABCB8,TIE1,0.6658029
257,253,ABCB8,GRINA,0.6624757
466,475,ABCG2,BCL2,0.9726964
466,353,ABCG2,CBFB,0.97198874
466,485,ABCG2,ABL1,0.969132
466,292,ABCG2,HDAC7,0.9680863
466,29,ABCG2,IKZF1,0.9663774
466,413,ABCG2,RASSF4,0.9662861
466,587,ABCG2,NCAPD2,0.96601814
466,161,ABCG2,JARID2,0.9627599
466,631,ABCG2,ZFP36,0.962711
466,67,ABCG2,HDAC2,0.96134543
466,209,ABCG2,ZBTB16,0.95801497
466,196,ABCG2,RARS,0.95491093
466,621,ABCG2,SNRPB,0.9546412
466,206,ABCG2,ZDHHC6,0.9543685
466,283,ABCG2,EGR1,0.95325255
466,177,ABCG2,RELB,0.9491985
466,208,ABCG2,CISH,0.94801205
466,263,ABCG2,JUN,0.94627494
466,436,ABCG2,RARB,0.9457443
466,232,ABCG2,ICAM1,0.94117814
466,508,ABCG2,NDRG1,0.94037914
466,557,ABCG2,SATB1,0.9380541
466,564,ABCG2,MFNG,0.9363803
466,331,ABCG2,PIM2,0.92997843
466,357,ABCG2,MEIS1,0.9296403
466,79,ABCG2,STAT2,0.92651886
466,486,ABCG2,NFKBIA,0.92436177
466,410,ABCG2,SMARCA2,0.92290646
466,165,ABCG2,GTF2H1,0.92120856
466,180,ABCG2,TRIM35,0.91963583
466,253,ABCG2,GRINA,0.91935927
466,289,ABCG2,GT(ROSA)26SOR,0.91935927
466,613,ABCG2,PGLYRP2,0.91935927
466,162,ABCG2,FES,0.91875553
466,219,ABCG2,TLR4,0.91875553
466,278,ABCG2,NCF1,0.91875553
466,515,ABCG2,IGHM,0.91875553
466,536,ABCG2,SPI1,0.91705555
466,69,ABCG2,NAP1L3,0.9168201
466,146,ABCG2,SCARF1,0.9165669
466,194,ABCG2,GOLPH3,0.9165669
466,441,ABCG2,EBF1,0.9165669
466,622,ABCG2,KRT18,0.9165669
466,546,ABCG2,PROCR,0.9165624
466,175,ABCG2,TLE2,0.9165124
466,589,ABCG2,YBX1,0.91177857
466,52,ABCG2,FCGR2B,0.9094047
466,213,ABCG2,TCP11L2,0.9094047
466,304,ABCG2,HLF,0.9094047
466,422,ABCG2,SESN1,0.90854836
120,621,ABHD17B,SNRPB,0.9282103
120,353,ABHD17B,CBFB,0.8994806
120,475,ABHD17B,BCL2,0.8942831
120,587,ABHD17B,NCAPD2,0.8941509
120,67,ABHD17B,HDAC2,0.8850062
120,589,ABHD17B,YBX1,0.8819421
120,165,ABHD17B,GTF2H1,0.8593966
120,485,ABHD17B,ABL1,0.8572532
120,413,ABHD17B,RASSF4,0.85525835
120,508,ABHD17B,NDRG1,0.82139933
120,209,ABHD17B,ZBTB16,0.82109094
120,161,ABHD17B,JARID2,0.81536126
120,29,ABHD17B,IKZF1,0.8147214
120,292,ABHD17B,HDAC7,0.8003919
120,206,ABHD17B,ZDHHC6,0.77048874
120,367,ABHD17B,HCFC1,0.7698142
120,437,ABHD17B,MYB,0.76768965
120,48,ABHD17B,ELANE,0.7628878
120,631,ABHD17B,ZFP36,0.76163787
120,486,ABHD17B,NFKBIA,0.7551303
120,351,ABHD17B,ERCC8,0.7502097
120,208,ABHD17B,CISH,0.7360838
120,177,ABHD17B,RELB,0.73413795
120,331,ABHD17B,PIM2,0.7212916
120,357,ABHD17B,MEIS1,0.7202341
120,283,ABHD17B,EGR1,0.71869916
120,363,ABHD17B,MYC,0.7176446
120,410,ABHD17B,SMARCA2,0.7174124
120,564,ABHD17B,MFNG,0.7157137
120,482,ABHD17B,NFATC2,0.71484596
120,422,ABHD17B,SESN1,0.7136104
120,466,ABHD17B,ABCG2,0.71360517
120,180,ABHD17B,TRIM35,0.7070132
120,436,ABHD17B,RARB,0.7036986
120,263,ABHD17B,JUN,0.70247537
120,315,ABHD17B,CTSL,0.70188516
120,439,ABHD17B,DDX20,0.6969199
120,81,ABHD17B,HDAC11,0.6961269
120,557,ABHD17B,SATB1,0.69231915
120,494,ABHD17B,USP11,0.6917651
120,82,ABHD17B,RB1,0.69159496
120,232,ABHD17B,ICAM1,0.68858284
120,34,ABHD17B,MAML3,0.68767226
120,196,ABHD17B,RARS,0.6848195
120,277,ABHD17B,RTP4,0.6799891
120,536,ABHD17B,SPI1,0.67498404
120,6,ABHD17B,BTG2,0.66849935
120,449,ABHD17B,TIE1,0.6656116
120,289,ABHD17B,GT(ROSA)26SOR,0.6624757
120,613,ABHD17B,PGLYRP2,0.6624757
485,475,ABL1,BCL2,0.9734765
485,29,ABL1,IKZF1,0.96747196
485,292,ABL1,HDAC7,0.96660364
485,161,ABL1,JARID2,0.9582943
485,283,ABL1,EGR1,0.9557578
485,206,ABL1,ZDHHC6,0.9496397
485,196,ABL1,RARS,0.9483596
485,263,ABL1,JUN,0.9472354
485,209,ABL1,ZBTB16,0.94648975
485,353,ABL1,CBFB,0.94406027
485,208,ABL1,CISH,0.9398756
485,631,ABL1,ZFP36,0.9392624
485,466,ABL1,ABCG2,0.9382542
485,177,ABL1,RELB,0.93535596
485,6,ABL1,BTG2,0.9344327
485,436,ABL1,RARB,0.9342923
485,232,ABL1,ICAM1,0.93299216
485,64,ABL1,IRF9,0.9307521
485,79,ABL1,STAT2,0.92882895
485,536,ABL1,SPI1,0.9236679
485,219,ABL1,TLR4,0.9216211
485,162,ABL1,FES,0.9210257
485,278,ABL1,NCF1,0.9210257
485,515,ABL1,IGHM,0.9210257
485,289,ABL1,GT(ROSA)26SOR,0.9206592
485,613,ABL1,PGLYRP2,0.9206592
485,69,ABL1,NAP1L3,0.91868347
485,194,ABL1,GOLPH3,0.91868347
485,546,ABL1,PROCR,0.91868347
485,622,ABL1,KRT18,0.91868347
485,146,ABL1,SCARF1,0.91852945
485,441,ABL1,EBF1,0.91838205
485,175,ABL1,TLE2,0.91825575
485,52,ABL1,FCGR2B,0.9117529
485,213,ABL1,TCP11L2,0.9117529
485,304,ABL1,HLF,0.9117529
485,357,ABL1,MEIS1,0.91085726
485,557,ABL1,SATB1,0.90794605
485,270,ABL1,VDR,0.9064616
485,73,ABL1,RORC,0.9062229
485,224,ABL1,MAPK12,0.90524346
485,293,ABL1,IRF7,0.90491974
485,180,ABL1,TRIM35,0.9048358
485,420,ABL1,FDFT1,0.90437216
485,621,ABL1,SNRPB,0.90410286
485,517,ABL1,H1F0,0.9029983
485,94,ABL1,TRIB3,0.9029752
485,184,ABL1,SELL,0.90283984
485,187,ABL1,LMO4,0.90249753
485,580,ABL1,MLLT3,0.9022997
66,621,ACAA2,SNRPB,0.92819756
66,353,ACAA2,CBFB,0.895775
66,475,ACAA2,BCL2,0.8942831
66,413,ACAA2,RASSF4,0.8941586
66,587,ACAA2,NCAPD2,0.8941495
66,67,ACAA2,HDAC2,0.8850062
66,589,ACAA2,YBX1,0.8819421
66,209,ACAA2,ZBTB16,0.8709828
66,485,ACAA2,ABL1,0.8572532
66,292,ACAA2,HDAC7,0.84905565
66,206,ACAA2,ZDHHC6,0.8222312
66,508,ACAA2,NDRG1,0.82139933
66,161,ACAA2,JARID2,0.81536126
66,29,ACAA2,IKZF1,0.8147214
66,261,ACAA2,EZR,0.79889566
66,367,ACAA2,HCFC1,0.7698142
66,437,ACAA2,MYB,0.76757336
66,283,ACAA2,EGR1,0.7656194
66,439,ACAA2,DDX20,0.7637642
66,48,ACAA2,ELANE,0.7628878
66,631,ACAA2,ZFP36,0.7616878
66,486,ACAA2,NFKBIA,0.7551303
66,482,ACAA2,NFATC2,0.7502473
66,351,ACAA2,ERCC8,0.7502097
66,165,ACAA2,GTF2H1,0.7445996
66,564,ACAA2,MFNG,0.74007237
66,208,ACAA2,CISH,0.7360838
66,177,ACAA2,RELB,0.73413795
66,315,ACAA2,CTSL,0.72271436
66,331,ACAA2,PIM2,0.7212916
66,196,ACAA2,RARS,0.71889025
66,363,ACAA2,MYC,0.7176446
66,410,ACAA2,SMARCA2,0.7174124
66,422,ACAA2,SESN1,0.7136104
66,466,ACAA2,ABCG2,0.71360517
66,180,ACAA2,TRIM35,0.7070132
66,436,ACAA2,RARB,0.7036986
66,622,ACAA2,KRT18,0.7002005
66,357,ACAA2,MEIS1,0.6966583
66,81,ACAA2,HDAC11,0.6961269
66,557,ACAA2,SATB1,0.69231915
66,494,ACAA2,USP11,0.6917651
66,82,ACAA2,RB1,0.69159496
66,27,ACAA2,IRF8,0.68899816
66,232,ACAA2,ICAM1,0.68858284
66,34,ACAA2,MAML3,0.68767226
66,263,ACAA2,JUN,0.68641496
66,453,ACAA2,GATA2,0.68217665
66,6,ACAA2,BTG2,0.66849935
66,536,ACAA2,SPI1,0.66701454
335,621,ACOT9,SNRPB,0.92819273
335,353,ACOT9,CBFB,0.895775
335,475,ACOT9,BCL2,0.8942831
335,413,ACOT9,RASSF4,0.8941586
335,587,ACOT9,NCAPD2,0.8941586
335,67,ACOT9,HDAC2,0.88499844
335,209,ACOT9,ZBTB16,0.8709828
335,165,ACOT9,GTF2H1,0.8593966
335,292,ACOT9,HDAC7,0.8573271
335,485,ACOT9,ABL1,0.8572532
335,29,ACOT9,IKZF1,0.8285919
335,206,ACOT9,ZDHHC6,0.8222312
335,508,ACOT9,NDRG1,0.8213278
335,161,ACOT9,JARID2,0.81536126
335,261,ACOT9,EZR,0.79889566
335,589,ACOT9,YBX1,0.7888419
335,410,ACOT9,SMARCA2,0.7813421
335,367,ACOT9,HCFC1,0.7698142
335,437,ACOT9,MYB,0.76757336
335,283,ACOT9,EGR1,0.7656194
335,439,ACOT9,DDX20,0.7637642
335,48,ACOT9,ELANE,0.7625597
335,631,ACOT9,ZFP36,0.76168686
335,486,ACOT9,NFKBIA,0.7551303
335,351,ACOT9,ERCC8,0.7515979
335,564,ACOT9,MFNG,0.74007237
335,208,ACOT9,CISH,0.7360838
335,177,ACOT9,RELB,0.73413795
335,331,ACOT9,PIM2,0.7212916
335,196,ACOT9,RARS,0.71889025
335,363,ACOT9,MYC,0.7176446
335,482,ACOT9,NFATC2,0.7148765
335,466,ACOT9,ABCG2,0.71360517
335,422,ACOT9,SESN1,0.71294296
335,180,ACOT9,TRIM35,0.7069965
335,263,ACOT9,JUN,0.70247537
335,315,ACOT9,CTSL,0.70221645
335,357,ACOT9,MEIS1,0.69697034
335,81,ACOT9,HDAC11,0.6961269
335,557,ACOT9,SATB1,0.69231915
335,494,ACOT9,USP11,0.6917651
335,82,ACOT9,RB1,0.69159496
335,232,ACOT9,ICAM1,0.68858284
335,34,ACOT9,MAML3,0.6877883
335,436,ACOT9,RARB,0.6773161
335,175,ACOT9,TLE2,0.6748085
335,613,ACOT9,PGLYRP2,0.6685847
335,6,ACOT9,BTG2,0.66849935
335,536,ACOT9,SPI1,0.66701454
335,449,ACOT9,TIE1,0.66557777
369,621,ACOX1,SNRPB,0.9826636
369,353,ACOX1,CBFB,0.9824457
369,587,ACOX1,NCAPD2,0.9800929
369,413,ACOX1,RASSF4,0.98008347
369,67,ACOX1,HDAC2,0.9779244
369,589,ACOX1,YBX1,0.977491
369,439,ACOX1,DDX20,0.9657281
369,261,ACOX1,EZR,0.96433884
369,367,ACOX1,HCFC1,0.9636345
369,363,ACOX1,MYC,0.96301985
369,165,ACOX1,GTF2H1,0.9617776
369,508,ACOX1,NDRG1,0.9547875
369,226,ACOX1,POLR2B,0.9499582
369,482,ACOX1,NFATC2,0.9491606
369,351,ACOX1,ERCC8,0.9456497
369,375,ACOX1,SRSF1,0.9409064
369,82,ACOX1,RB1,0.9374073
369,33,ACOX1,CSTF2,0.93223435
369,199,ACOX1,E2F4,0.9315894
369,475,ACOX1,BCL2,0.92904216
369,3,ACOX1,POLR1B,0.9244382
369,117,ACOX1,TFG,0.92365736
369,372,ACOX1,BACE1,0.92365736
369,486,ACOX1,NFKBIA,0.9226723
369,28,ACOX1,NFE2,0.9191047
369,209,ACOX1,ZBTB16,0.9169047
369,575,ACOX1,GTF2F1,0.9157407
369,564,ACOX1,MFNG,0.91413456
369,86,ACOX1,RANGAP1,0.913037
369,134,ACOX1,PA2G4,0.9113357
369,206,ACOX1,ZDHHC6,0.9096518
369,345,ACOX1,UHRF1,0.9047199
369,485,ACOX1,ABL1,0.90446126
369,437,ACOX1,MYB,0.9042161
369,161,ACOX1,JARID2,0.90277267
369,274,ACOX1,NOP2,0.90042764
369,404,ACOX1,FTSJ3,0.90042186
369,315,ACOX1,CTSL,0.89527225
369,631,ACOX1,ZFP36,0.8898247
369,292,ACOX1,HDAC7,0.8836732
369,426,ACOX1,PRPF4,0.88090026
369,29,ACOX1,IKZF1,0.8744216
369,480,ACOX1,WDR5,0.86892736
369,376,ACOX1,ATF7,0.8688161
369,220,ACOX1,TMEM43,0.868486
369,154,ACOX1,HDGF,0.86801237
369,166,ACOX1,PSAT1,0.86801237
369,197,ACOX1,WDR4,0.86801237
369,212,ACOX1,FLT3,0.86801237
369,217,ACOX1,PRMT7,0.86801237
123,621,ADA,SNRPB,0.9282103
123,353,ADA,CBFB,0.895775
123,475,ADA,BCL2,0.8942831
123,413,ADA,RASSF4,0.8941586
123,67,ADA,HDAC2,0.8843586
123,589,ADA,YBX1,0.8821703
123,165,ADA,GTF2H1,0.8586056
123,485,ADA,ABL1,0.8572532
123,292,ADA,HDAC7,0.8490846
123,587,ADA,NCAPD2,0.8410011
123,508,ADA,NDRG1,0.82139933
123,209,ADA,ZBTB16,0.82094306
123,161,ADA,JARID2,0.81580913
123,29,ADA,IKZF1,0.81488967
123,261,ADA,EZR,0.79889566
123,410,ADA,SMARCA2,0.7813421
123,206,ADA,ZDHHC6,0.7701684
123,367,ADA,HCFC1,0.7700447
123,437,ADA,MYB,0.76757336
123,283,ADA,EGR1,0.7656194
123,439,ADA,DDX20,0.7637821
123,48,ADA,ELANE,0.76302123
123,486,ADA,NFKBIA,0.7551303
123,351,ADA,ERCC8,0.7502097
123,363,ADA,MYC,0.7404404
123,564,ADA,MFNG,0.74000317
123,208,ADA,CISH,0.7368235
123,177,ADA,RELB,0.73433334
123,331,ADA,PIM2,0.7212916
123,482,ADA,NFATC2,0.71484596
123,466,ADA,ABCG2,0.71360517
123,180,ADA,TRIM35,0.707951
123,422,ADA,SESN1,0.70703137
123,436,ADA,RARB,0.7036986
123,263,ADA,JUN,0.70247537
123,315,ADA,CTSL,0.70188516
123,357,ADA,MEIS1,0.6965902
123,81,ADA,HDAC11,0.6964786
123,557,ADA,SATB1,0.69231915
123,494,ADA,USP11,0.6917651
123,82,ADA,RB1,0.68961036
123,232,ADA,ICAM1,0.68822336
123,34,ADA,MAML3,0.6874377
123,196,ADA,RARS,0.68500006
123,631,ADA,ZFP36,0.67455244
123,6,ADA,BTG2,0.6689836
123,536,ADA,SPI1,0.66701454
123,358,ADA,TRPS1,0.6669866
123,449,ADA,TIE1,0.66557777
123,289,ADA,GT(ROSA)26SOR,0.6635727
244,621,ADGRG3,SNRPB,0.9282103
244,353,ADGRG3,CBFB,0.895775
244,475,ADGRG3,BCL2,0.8942831
244,413,ADGRG3,RASSF4,0.8941586
244,587,ADGRG3,NCAPD2,0.8941586
244,67,ADGRG3,HDAC2,0.8850062
244,589,ADGRG3,YBX1,0.8819421
244,209,ADGRG3,ZBTB16,0.8709828
244,165,ADGRG3,GTF2H1,0.8593966
244,292,ADGRG3,HDAC7,0.8490846
244,508,ADGRG3,NDRG1,0.8247013
244,206,ADGRG3,ZDHHC6,0.8222312
244,161,ADGRG3,JARID2,0.81487155
244,29,ADGRG3,IKZF1,0.8147214
244,261,ADGRG3,EZR,0.79889566
244,631,ADGRG3,ZFP36,0.7947974
244,367,ADGRG3,HCFC1,0.7698142
244,437,ADGRG3,MYB,0.76757336
244,283,ADGRG3,EGR1,0.7656194
244,439,ADGRG3,DDX20,0.7637642
244,48,ADGRG3,ELANE,0.7628878
244,486,ADGRG3,NFKBIA,0.7551303
244,485,ADGRG3,ABL1,0.75403035
244,351,ADGRG3,ERCC8,0.7502097
244,564,ADGRG3,MFNG,0.74007237
244,177,ADGRG3,RELB,0.73413795
244,208,ADGRG3,CISH,0.7320323
244,331,ADGRG3,PIM2,0.7212916
244,196,ADGRG3,RARS,0.71889025
244,363,ADGRG3,MYC,0.7176446
244,410,ADGRG3,SMARCA2,0.7174124
244,482,ADGRG3,NFATC2,0.71484596
244,466,ADGRG3,ABCG2,0.71360517
244,422,ADGRG3,SESN1,0.713549
244,180,ADGRG3,TRIM35,0.7070132
244,436,ADGRG3,RARB,0.7036986
244,263,ADGRG3,JUN,0.7034061
244,315,ADGRG3,CTSL,0.70188516
244,357,ADGRG3,MEIS1,0.6965827
244,81,ADGRG3,HDAC11,0.6961269
244,494,ADGRG3,USP11,0.6917651
244,82,ADGRG3,RB1,0.69159496
244,557,ADGRG3,SATB1,0.6896451
244,232,ADGRG3,ICAM1,0.68824357
244,34,ADGRG3,MAML3,0.68767226
244,6,ADGRG3,BTG2,0.66849935
244,536,ADGRG3,SPI1,0.66704243
244,449,ADGRG3,TIE1,0.66557777
244,253,ADGRG3,GRINA,0.6628925
244,613,ADGRG3,PGLYRP2,0.6624757
215,621,ADO,SNRPB,0.98266256
215,353,ADO,CBFB,0.98244333
215,413,ADO,RASSF4,0.9801
215,587,ADO,NCAPD2,0.9801
215,67,ADO,HDAC2,0.9779834
215,589,ADO,YBX1,0.9774944
215,439,ADO,DDX20,0.9657467
215,261,ADO,EZR,0.96437865
215,367,ADO,HCFC1,0.9636314
215,363,ADO,MYC,0.9630025
215,165,ADO,GTF2H1,0.9618207
215,482,ADO,NFATC2,0.96107084
215,226,ADO,POLR2B,0.9499578
215,209,ADO,ZBTB16,0.9483338
215,351,ADO,ERCC8,0.9455761
215,82,ADO,RB1,0.93740684
215,199,ADO,E2F4,0.9316074
215,475,ADO,BCL2,0.9291139
215,508,ADO,NDRG1,0.92669284
215,3,ADO,POLR1B,0.9243593
215,117,ADO,TFG,0.92382467
215,372,ADO,BACE1,0.92355156
215,486,ADO,NFKBIA,0.9227979
215,375,ADO,SRSF1,0.92103314
215,28,ADO,NFE2,0.9193377
215,292,ADO,HDAC7,0.91638047
215,564,ADO,MFNG,0.91425425
215,86,ADO,RANGAP1,0.91303337
215,134,ADO,PA2G4,0.91142124
215,206,ADO,ZDHHC6,0.90982705
215,33,ADO,CSTF2,0.9082675
215,437,ADO,MYB,0.90436816
215,345,ADO,UHRF1,0.90399325
215,161,ADO,JARID2,0.90242976
215,274,ADO,NOP2,0.90055203
215,404,ADO,FTSJ3,0.9003284
215,315,ADO,CTSL,0.8954446
215,426,ADO,PRPF4,0.88071394
215,631,ADO,ZFP36,0.8766734
215,480,ADO,WDR5,0.8697579
215,577,ADO,CAD,0.8684343
215,389,ADO,FOXRED1,0.8684208
215,154,ADO,HDGF,0.86812747
215,197,ADO,WDR4,0.86812747
215,212,ADO,FLT3,0.86812747
215,217,ADO,PRMT7,0.86812747
215,220,ADO,TMEM43,0.86812747
215,376,ADO,ATF7,0.86812747
215,422,ADO,SESN1,0.86727864
215,331,ADO,PIM2,0.8621778
158,621,ADSSL1,SNRPB,0.9281713
158,353,ADSSL1,CBFB,0.895775
158,475,ADSSL1,BCL2,0.8942831
158,413,ADSSL1,RASSF4,0.8941586
158,67,ADSSL1,HDAC2,0.8850062
158,589,ADSSL1,YBX1,0.8819421
158,209,ADSSL1,ZBTB16,0.8709828
158,485,ADSSL1,ABL1,0.8572532
158,587,ADSSL1,NCAPD2,0.85525835
158,292,ADSSL1,HDAC7,0.8490846
158,165,ADSSL1,GTF2H1,0.8444622
158,508,ADSSL1,NDRG1,0.82139933
158,161,ADSSL1,JARID2,0.81536126
158,206,ADSSL1,ZDHHC6,0.80491567
158,261,ADSSL1,EZR,0.79889566
158,367,ADSSL1,HCFC1,0.7698142
158,29,ADSSL1,IKZF1,0.768651
158,437,ADSSL1,MYB,0.76757336
158,283,ADSSL1,EGR1,0.7656194
158,439,ADSSL1,DDX20,0.7637642
158,48,ADSSL1,ELANE,0.7628878
158,631,ADSSL1,ZFP36,0.7616878
158,486,ADSSL1,NFKBIA,0.7551303
158,351,ADSSL1,ERCC8,0.75011533
158,564,ADSSL1,MFNG,0.7393248
158,208,ADSSL1,CISH,0.7360838
158,177,ADSSL1,RELB,0.73413795
158,331,ADSSL1,PIM2,0.7212916
158,196,ADSSL1,RARS,0.71889025
158,363,ADSSL1,MYC,0.7176446
158,410,ADSSL1,SMARCA2,0.7174124
158,482,ADSSL1,NFATC2,0.71484596
158,466,ADSSL1,ABCG2,0.71360517
158,180,ADSSL1,TRIM35,0.7070132
158,436,ADSSL1,RARB,0.7040301
158,263,ADSSL1,JUN,0.70247537
158,315,ADSSL1,CTSL,0.70188516
158,357,ADSSL1,MEIS1,0.6965902
158,81,ADSSL1,HDAC11,0.6961269
158,557,ADSSL1,SATB1,0.69231915
158,494,ADSSL1,USP11,0.6917651
158,82,ADSSL1,RB1,0.69159496
158,232,ADSSL1,ICAM1,0.68864363
158,6,ADSSL1,BTG2,0.66849935
158,422,ADSSL1,SESN1,0.6674402
158,536,ADSSL1,SPI1,0.66701454
158,449,ADSSL1,TIE1,0.66557777
158,162,ADSSL1,FES,0.66460043
158,289,ADSSL1,GT(ROSA)26SOR,0.6628925
158,613,ADSSL1,PGLYRP2,0.6624757
192,621,AFAP1L1,SNRPB,0.9282109
192,353,AFAP1L1,CBFB,0.895597
192,587,AFAP1L1,NCAPD2,0.89432716
192,475,AFAP1L1,BCL2,0.8942831
192,67,AFAP1L1,HDAC2,0.8850062
192,589,AFAP1L1,YBX1,0.8821683
192,209,AFAP1L1,ZBTB16,0.8709828
192,165,AFAP1L1,GTF2H1,0.8593966
192,485,AFAP1L1,ABL1,0.8572532
192,413,AFAP1L1,RASSF4,0.85525835
192,292,AFAP1L1,HDAC7,0.84821266
192,206,AFAP1L1,ZDHHC6,0.8222312
192,508,AFAP1L1,NDRG1,0.82139933
192,161,AFAP1L1,JARID2,0.8158728
192,29,AFAP1L1,IKZF1,0.8147214
192,261,AFAP1L1,EZR,0.79889566
192,367,AFAP1L1,HCFC1,0.7698142
192,437,AFAP1L1,MYB,0.7678526
192,283,AFAP1L1,EGR1,0.765534
192,439,AFAP1L1,DDX20,0.7641273
192,48,AFAP1L1,ELANE,0.7628878
192,631,AFAP1L1,ZFP36,0.7616878
192,486,AFAP1L1,NFKBIA,0.7551303
192,208,AFAP1L1,CISH,0.7360838
192,177,AFAP1L1,RELB,0.73413795
192,564,AFAP1L1,MFNG,0.73381346
192,79,AFAP1L1,STAT2,0.7255966
192,331,AFAP1L1,PIM2,0.7212916
192,196,AFAP1L1,RARS,0.7206681
192,410,AFAP1L1,SMARCA2,0.7174124
192,363,AFAP1L1,MYC,0.7174006
192,482,AFAP1L1,NFATC2,0.71552813
192,422,AFAP1L1,SESN1,0.7136104
192,466,AFAP1L1,ABCG2,0.71360517
192,180,AFAP1L1,TRIM35,0.706945
192,436,AFAP1L1,RARB,0.7036986
192,263,AFAP1L1,JUN,0.7025586
192,315,AFAP1L1,CTSL,0.70188516
192,357,AFAP1L1,MEIS1,0.6963556
192,81,AFAP1L1,HDAC11,0.6961269
192,557,AFAP1L1,SATB1,0.6925329
192,494,AFAP1L1,USP11,0.6917651
192,82,AFAP1L1,RB1,0.69159496
192,232,AFAP1L1,ICAM1,0.68858284
192,34,AFAP1L1,MAML3,0.68767226
192,6,AFAP1L1,BTG2,0.66849935
192,536,AFAP1L1,SPI1,0.66701454
192,449,AFAP1L1,TIE1,0.665706
192,289,AFAP1L1,GT(ROSA)26SOR,0.6624757
192,613,AFAP1L1,PGLYRP2,0.6624757
519,413,AGPS,RASSF4,0.9775823
519,67,AGPS,HDAC2,0.97610176
519,353,AGPS,CBFB,0.9757717
519,621,AGPS,SNRPB,0.9724364
519,209,AGPS,ZBTB16,0.96181095
519,165,AGPS,GTF2H1,0.9598911
519,508,AGPS,NDRG1,0.95881236
519,589,AGPS,YBX1,0.9588028
519,475,AGPS,BCL2,0.9553714
519,292,AGPS,HDAC7,0.95385814
519,485,AGPS,ABL1,0.95193034
519,261,AGPS,EZR,0.94796693
519,206,AGPS,ZDHHC6,0.9471489
519,587,AGPS,NCAPD2,0.9456321
519,161,AGPS,JARID2,0.94350135
519,486,AGPS,NFKBIA,0.9352899
519,564,AGPS,MFNG,0.93512404
519,631,AGPS,ZFP36,0.93304116
519,29,AGPS,IKZF1,0.9315274
519,482,AGPS,NFATC2,0.9272349
519,367,AGPS,HCFC1,0.9236831
519,439,AGPS,DDX20,0.9189865
519,331,AGPS,PIM2,0.915204
519,48,AGPS,ELANE,0.91254073
519,422,AGPS,SESN1,0.911101
519,283,AGPS,EGR1,0.91037583
519,363,AGPS,MYC,0.90749454
519,315,AGPS,CTSL,0.90637016
519,351,AGPS,ERCC8,0.90419817
519,410,AGPS,SMARCA2,0.9019332
519,177,AGPS,RELB,0.9003365
519,208,AGPS,CISH,0.89698803
519,437,AGPS,MYB,0.8831495
519,82,AGPS,RB1,0.87972933
519,494,AGPS,USP11,0.8714507
519,180,AGPS,TRIM35,0.86972374
519,436,AGPS,RARB,0.867669
519,81,AGPS,HDAC11,0.86147475
519,226,AGPS,POLR2B,0.86003584
519,196,AGPS,RARS,0.8564116
519,104,AGPS,BTK,0.8563892
519,557,AGPS,SATB1,0.84525394
519,34,AGPS,MAML3,0.84211457
519,232,AGPS,ICAM1,0.84136826
519,263,AGPS,JUN,0.835114
519,357,AGPS,MEIS1,0.8289886
519,134,AGPS,PA2G4,0.82643646
519,480,AGPS,WDR5,0.82319945
519,466,AGPS,ABCG2,0.7913005
519,345,AGPS,UHRF1,0.78390497
141,621,AHCYL1,SNRPB,0.9282103
141,353,AHCYL1,CBFB,0.895775
141,475,AHCYL1,BCL2,0.8942831
141,413,AHCYL1,RASSF4,0.8941586
141,587,AHCYL1,NCAPD2,0.8941586
141,589,AHCYL1,YBX1,0.89020103
141,67,AHCYL1,HDAC2,0.8850062
141,209,AHCYL1,ZBTB16,0.8709828
141,165,AHCYL1,GTF2H1,0.8593966
141,485,AHCYL1,ABL1,0.8572532
141,292,AHCYL1,HDAC7,0.8490846
141,29,AHCYL1,IKZF1,0.8267248
141,206,AHCYL1,ZDHHC6,0.8222312
141,508,AHCYL1,NDRG1,0.82139933
141,161,AHCYL1,JARID2,0.81536126
141,261,AHCYL1,EZR,0.7989845
141,367,AHCYL1,HCFC1,0.7698142
141,437,AHCYL1,MYB,0.76757336
141,439,AHCYL1,DDX20,0.7637642
141,48,AHCYL1,ELANE,0.7628878
141,631,AHCYL1,ZFP36,0.7616878
141,486,AHCYL1,NFKBIA,0.7551303
141,351,AHCYL1,ERCC8,0.7502097
141,278,AHCYL1,NCF1,0.7418043
141,564,AHCYL1,MFNG,0.74007237
141,208,AHCYL1,CISH,0.7360838
141,331,AHCYL1,PIM2,0.7209529
141,196,AHCYL1,RARS,0.71889025
141,363,AHCYL1,MYC,0.7176446
141,410,AHCYL1,SMARCA2,0.7174124
141,482,AHCYL1,NFATC2,0.71484596
141,466,AHCYL1,ABCG2,0.71360517
141,263,AHCYL1,JUN,0.71321404
141,422,AHCYL1,SESN1,0.7091776
141,180,AHCYL1,TRIM35,0.706949
141,177,AHCYL1,RELB,0.70509493
141,436,AHCYL1,RARB,0.7036986
141,315,AHCYL1,CTSL,0.70188516
141,357,AHCYL1,MEIS1,0.6965902
141,81,AHCYL1,HDAC11,0.6961269
141,557,AHCYL1,SATB1,0.69231915
141,494,AHCYL1,USP11,0.6917651
141,232,AHCYL1,ICAM1,0.68858284
141,34,AHCYL1,MAML3,0.68767226
141,82,AHCYL1,RB1,0.6791091
141,64,AHCYL1,IRF9,0.6745694
141,6,AHCYL1,BTG2,0.66849935
141,536,AHCYL1,SPI1,0.66701454
141,449,AHCYL1,TIE1,0.665734
141,253,AHCYL1,GRINA,0.6635727
616,621,AKAP8L,SNRPB,0.96251655
616,475,AKAP8L,BCL2,0.94235134
616,589,AKAP8L,YBX1,0.9296232
616,485,AKAP8L,ABL1,0.926989
616,587,AKAP8L,NCAPD2,0.9170349
616,353,AKAP8L,CBFB,0.895775
616,413,AKAP8L,RASSF4,0.8941586
616,67,AKAP8L,HDAC2,0.8850062
616,508,AKAP8L,NDRG1,0.87909734
616,209,AKAP8L,ZBTB16,0.8709828
616,631,AKAP8L,ZFP36,0.8689519
616,165,AKAP8L,GTF2H1,0.8587458
616,482,AKAP8L,NFATC2,0.8567723
616,437,AKAP8L,MYB,0.8560094
616,564,AKAP8L,MFNG,0.8527602
616,439,AKAP8L,DDX20,0.84880024
616,486,AKAP8L,NFKBIA,0.8410208
616,206,AKAP8L,ZDHHC6,0.8222312
616,436,AKAP8L,RARB,0.8175633
616,161,AKAP8L,JARID2,0.81536126
616,29,AKAP8L,IKZF1,0.8147214
616,538,AKAP8L,TRP53I11,0.80973834
616,261,AKAP8L,EZR,0.79974145
616,292,AKAP8L,HDAC7,0.7930609
616,557,AKAP8L,SATB1,0.7855774
616,283,AKAP8L,EGR1,0.76559925
616,48,AKAP8L,ELANE,0.7628878
616,367,AKAP8L,HCFC1,0.762447
616,536,AKAP8L,SPI1,0.75764745
616,351,AKAP8L,ERCC8,0.7502097
616,480,AKAP8L,WDR5,0.7382923
616,208,AKAP8L,CISH,0.7360838
616,177,AKAP8L,RELB,0.73413795
616,466,AKAP8L,ABCG2,0.7338033
616,613,AKAP8L,PGLYRP2,0.7240131
616,331,AKAP8L,PIM2,0.7214879
616,196,AKAP8L,RARS,0.71971035
616,363,AKAP8L,MYC,0.7176446
616,410,AKAP8L,SMARCA2,0.7174124
616,515,AKAP8L,IGHM,0.71645194
616,422,AKAP8L,SESN1,0.7136104
616,449,AKAP8L,TIE1,0.71186584
616,441,AKAP8L,EBF1,0.7080279
616,546,AKAP8L,PROCR,0.7080279
616,622,AKAP8L,KRT18,0.7080279
616,180,AKAP8L,TRIM35,0.706723
616,315,AKAP8L,CTSL,0.70188516
616,580,AKAP8L,MLLT3,0.69858295
616,357,AKAP8L,MEIS1,0.6965902
616,82,AKAP8L,RB1,0.69650495
314,621,AKNA,SNRPB,0.9282103
314,353,AKNA,CBFB,0.8961763
314,475,AKNA,BCL2,0.8946258
314,413,AKNA,RASSF4,0.8941586
314,587,AKNA,NCAPD2,0.8940507
314,67,AKNA,HDAC2,0.8850062
314,589,AKNA,YBX1,0.8819421
314,209,AKNA,ZBTB16,0.8709828
314,485,AKNA,ABL1,0.8572532
314,292,AKNA,HDAC7,0.8490846
314,165,AKNA,GTF2H1,0.845314
314,206,AKNA,ZDHHC6,0.8222312
314,508,AKNA,NDRG1,0.82139933
314,161,AKNA,JARID2,0.81536126
314,29,AKNA,IKZF1,0.8147214
314,261,AKNA,EZR,0.79889566
314,196,AKNA,RARS,0.77174366
314,367,AKNA,HCFC1,0.7698142
314,437,AKNA,MYB,0.76757336
314,439,AKNA,DDX20,0.7637642
314,48,AKNA,ELANE,0.7628878
314,283,AKNA,EGR1,0.75800437
314,351,AKNA,ERCC8,0.7502097
314,564,AKNA,MFNG,0.74007237
314,486,AKNA,NFKBIA,0.7391731
314,208,AKNA,CISH,0.7360838
314,177,AKNA,RELB,0.73413795
314,631,AKNA,ZFP36,0.73050404
314,331,AKNA,PIM2,0.72105426
314,363,AKNA,MYC,0.7180378
314,410,AKNA,SMARCA2,0.7174124
314,466,AKNA,ABCG2,0.71360517
314,422,AKNA,SESN1,0.7135335
314,180,AKNA,TRIM35,0.7068486
314,436,AKNA,RARB,0.7036986
314,263,AKNA,JUN,0.70247537
314,315,AKNA,CTSL,0.70188516
314,357,AKNA,MEIS1,0.6965902
314,81,AKNA,HDAC11,0.6961269
314,557,AKNA,SATB1,0.69231915
314,494,AKNA,USP11,0.6917651
314,82,AKNA,RB1,0.69159496
314,232,AKNA,ICAM1,0.68858284
314,34,AKNA,MAML3,0.68767226
314,6,AKNA,BTG2,0.66849935
314,536,AKNA,SPI1,0.66701454
314,449,AKNA,TIE1,0.66557777
314,253,AKNA,GRINA,0.6624757
314,289,AKNA,GT(ROSA)26SOR,0.6624757
314,613,AKNA,PGLYRP2,0.6624757
539,621,ALAS1,SNRPB,0.9282532
539,353,ALAS1,CBFB,0.895775
539,475,ALAS1,BCL2,0.8942831
539,587,ALAS1,NCAPD2,0.8941509
539,67,ALAS1,HDAC2,0.8850062
539,589,ALAS1,YBX1,0.8819421
539,209,ALAS1,ZBTB16,0.8709828
539,165,ALAS1,GTF2H1,0.8593966
539,485,ALAS1,ABL1,0.8572532
539,292,ALAS1,HDAC7,0.84905565
539,206,ALAS1,ZDHHC6,0.8222312
539,508,ALAS1,NDRG1,0.82139933
539,413,ALAS1,RASSF4,0.81509197
539,29,ALAS1,IKZF1,0.8147214
539,261,ALAS1,EZR,0.79889566
539,161,ALAS1,JARID2,0.7921809
539,367,ALAS1,HCFC1,0.7698142
539,437,ALAS1,MYB,0.7657898
539,283,ALAS1,EGR1,0.7656194
539,439,ALAS1,DDX20,0.7637642
539,48,ALAS1,ELANE,0.7628878
539,631,ALAS1,ZFP36,0.7616878
539,486,ALAS1,NFKBIA,0.7551303
539,351,ALAS1,ERCC8,0.7505006
539,564,ALAS1,MFNG,0.74007237
539,208,ALAS1,CISH,0.7360838
539,177,ALAS1,RELB,0.73413795
539,6,ALAS1,BTG2,0.72543675
539,331,ALAS1,PIM2,0.7212916
539,196,ALAS1,RARS,0.71889025
539,363,ALAS1,MYC,0.7176446
539,410,ALAS1,SMARCA2,0.7174124
539,422,ALAS1,SESN1,0.7136104
539,466,ALAS1,ABCG2,0.71360517
539,482,ALAS1,NFATC2,0.7104207
539,180,ALAS1,TRIM35,0.7070132
539,436,ALAS1,RARB,0.7036986
539,263,ALAS1,JUN,0.70247537
539,315,ALAS1,CTSL,0.70188516
539,69,ALAS1,NAP1L3,0.7002005
539,357,ALAS1,MEIS1,0.6965902
539,81,ALAS1,HDAC11,0.6961269
539,557,ALAS1,SATB1,0.69231915
539,494,ALAS1,USP11,0.6916986
539,82,ALAS1,RB1,0.69159496
539,232,ALAS1,ICAM1,0.68858284
539,34,ALAS1,MAML3,0.68767226
539,183,ALAS1,XAF1,0.6833825
539,213,ALAS1,TCP11L2,0.6798094
539,219,ALAS1,TLR4,0.67276156
211,621,ALDH9A1,SNRPB,0.9282103
211,353,ALDH9A1,CBFB,0.89606756
211,413,ALDH9A1,RASSF4,0.8941586
211,587,ALDH9A1,NCAPD2,0.8941586
211,67,ALDH9A1,HDAC2,0.8850062
211,589,ALDH9A1,YBX1,0.8819421
211,209,ALDH9A1,ZBTB16,0.87026846
211,165,ALDH9A1,GTF2H1,0.8594474
211,292,ALDH9A1,HDAC7,0.8490846
211,206,ALDH9A1,ZDHHC6,0.8222312
211,508,ALDH9A1,NDRG1,0.8204469
211,161,ALDH9A1,JARID2,0.81536126
211,29,ALDH9A1,IKZF1,0.8147214
211,475,ALDH9A1,BCL2,0.81130505
211,261,ALDH9A1,EZR,0.79880077
211,367,ALDH9A1,HCFC1,0.7698142
211,437,ALDH9A1,MYB,0.76757336
211,439,ALDH9A1,DDX20,0.7637642
211,48,ALDH9A1,ELANE,0.7628878
211,631,ALDH9A1,ZFP36,0.7616878
211,283,ALDH9A1,EGR1,0.7577682
211,485,ALDH9A1,ABL1,0.75403035
211,351,ALDH9A1,ERCC8,0.7502097
211,564,ALDH9A1,MFNG,0.74007237
211,208,ALDH9A1,CISH,0.7360838
211,177,ALDH9A1,RELB,0.73413795
211,486,ALDH9A1,NFKBIA,0.72747
211,331,ALDH9A1,PIM2,0.72131646
211,196,ALDH9A1,RARS,0.71889025
211,363,ALDH9A1,MYC,0.7176446
211,410,ALDH9A1,SMARCA2,0.7174124
211,482,ALDH9A1,NFATC2,0.71484596
211,422,ALDH9A1,SESN1,0.7136104
211,466,ALDH9A1,ABCG2,0.71360517
211,436,ALDH9A1,RARB,0.7036986
211,263,ALDH9A1,JUN,0.70255226
211,315,ALDH9A1,CTSL,0.70188516
211,357,ALDH9A1,MEIS1,0.6965902
211,81,ALDH9A1,HDAC11,0.69638234
211,538,ALDH9A1,TRP53I11,0.69520575
211,557,ALDH9A1,SATB1,0.69231915
211,82,ALDH9A1,RB1,0.69193834
211,494,ALDH9A1,USP11,0.6917651
211,232,ALDH9A1,ICAM1,0.68858284
211,34,ALDH9A1,MAML3,0.6877877
211,480,ALDH9A1,WDR5,0.67171305
211,6,ALDH9A1,BTG2,0.66849935
211,536,ALDH9A1,SPI1,0.66701454
211,434,ALDH9A1,CKAP5,0.6668487
211,449,ALDH9A1,TIE1,0.66557777
470,621,ANXA1,SNRPB,0.9282103
470,353,ANXA1,CBFB,0.895775
470,475,ANXA1,BCL2,0.8942831
470,413,ANXA1,RASSF4,0.8941586
470,587,ANXA1,NCAPD2,0.89182323
470,67,ANXA1,HDAC2,0.8850062
470,589,ANXA1,YBX1,0.8819421
470,209,ANXA1,ZBTB16,0.8709828
470,165,ANXA1,GTF2H1,0.8593966
470,485,ANXA1,ABL1,0.8572532
470,292,ANXA1,HDAC7,0.8490846
470,206,ANXA1,ZDHHC6,0.8222312
470,508,ANXA1,NDRG1,0.82139933
470,161,ANXA1,JARID2,0.81536126
470,29,ANXA1,IKZF1,0.8147214
470,261,ANXA1,EZR,0.7990411
470,367,ANXA1,HCFC1,0.7698142
470,437,ANXA1,MYB,0.76757336
470,283,ANXA1,EGR1,0.7656194
470,263,ANXA1,JUN,0.7649864
470,439,ANXA1,DDX20,0.7642855
470,48,ANXA1,ELANE,0.763121
470,631,ANXA1,ZFP36,0.7616878
470,486,ANXA1,NFKBIA,0.7551303
470,351,ANXA1,ERCC8,0.7502097
470,564,ANXA1,MFNG,0.74044657
470,177,ANXA1,RELB,0.73413795
470,331,ANXA1,PIM2,0.7212916
470,196,ANXA1,RARS,0.71889025
470,289,ANXA1,GT(ROSA)26SOR,0.71808296
470,363,ANXA1,MYC,0.7176446
470,410,ANXA1,SMARCA2,0.7174124
470,482,ANXA1,NFATC2,0.7153819
470,422,ANXA1,SESN1,0.7136104
470,466,ANXA1,ABCG2,0.71360517
470,208,ANXA1,CISH,0.7101491
470,180,ANXA1,TRIM35,0.7070132
470,436,ANXA1,RARB,0.7036986
470,315,ANXA1,CTSL,0.70221645
470,81,ANXA1,HDAC11,0.6961269
470,557,ANXA1,SATB1,0.69231915
470,82,ANXA1,RB1,0.69159496
470,494,ANXA1,USP11,0.6906254
470,232,ANXA1,ICAM1,0.68859005
470,34,ANXA1,MAML3,0.68767226
470,357,ANXA1,MEIS1,0.6820544
470,613,ANXA1,PGLYRP2,0.6687116
470,6,ANXA1,BTG2,0.66849935
470,536,ANXA1,SPI1,0.66701454
470,449,ANXA1,TIE1,0.66557777
492,621,ANXA2,SNRPB,0.9282103
492,475,ANXA2,BCL2,0.8942831
492,413,ANXA2,RASSF4,0.8941586
492,587,ANXA2,NCAPD2,0.8941586
492,67,ANXA2,HDAC2,0.8850062
492,589,ANXA2,YBX1,0.8819421
492,209,ANXA2,ZBTB16,0.8709828
492,165,ANXA2,GTF2H1,0.8593966
492,485,ANXA2,ABL1,0.8572532
492,292,ANXA2,HDAC7,0.84922355
492,353,ANXA2,CBFB,0.83467215
492,206,ANXA2,ZDHHC6,0.8225083
492,508,ANXA2,NDRG1,0.82139933
492,161,ANXA2,JARID2,0.81536126
492,29,ANXA2,IKZF1,0.8147214
492,261,ANXA2,EZR,0.79889566
492,367,ANXA2,HCFC1,0.7698142
492,283,ANXA2,EGR1,0.7656194
492,439,ANXA2,DDX20,0.7637642
492,48,ANXA2,ELANE,0.76347023
492,631,ANXA2,ZFP36,0.7619789
492,486,ANXA2,NFKBIA,0.75518745
492,351,ANXA2,ERCC8,0.75011533
492,564,ANXA2,MFNG,0.74007237
492,208,ANXA2,CISH,0.7360838
492,177,ANXA2,RELB,0.73413795
492,437,ANXA2,MYB,0.7266642
492,331,ANXA2,PIM2,0.72182894
492,196,ANXA2,RARS,0.71896315
492,363,ANXA2,MYC,0.7176446
492,410,ANXA2,SMARCA2,0.71745586
492,482,ANXA2,NFATC2,0.71484596
492,422,ANXA2,SESN1,0.7136104
492,466,ANXA2,ABCG2,0.7134656
492,436,ANXA2,RARB,0.7036986
492,263,ANXA2,JUN,0.70247537
492,315,ANXA2,CTSL,0.70188516
492,357,ANXA2,MEIS1,0.6965902
492,81,ANXA2,HDAC11,0.6959157
492,180,ANXA2,TRIM35,0.6948153
492,557,ANXA2,SATB1,0.69231915
492,82,ANXA2,RB1,0.69159496
492,494,ANXA2,USP11,0.69036907
492,34,ANXA2,MAML3,0.68767226
492,6,ANXA2,BTG2,0.66849935
492,536,ANXA2,SPI1,0.66701454
492,449,ANXA2,TIE1,0.6655239
492,253,ANXA2,GRINA,0.6624757
492,613,ANXA2,PGLYRP2,0.6624757
492,289,ANXA2,GT(ROSA)26SOR,0.6622417
140,621,ANXA3,SNRPB,0.9282103
140,353,ANXA3,CBFB,0.895775
140,475,ANXA3,BCL2,0.8942831
140,413,ANXA3,RASSF4,0.8941586
140,587,ANXA3,NCAPD2,0.8941586
140,589,ANXA3,YBX1,0.89020103
140,67,ANXA3,HDAC2,0.8850062
140,209,ANXA3,ZBTB16,0.8709828
140,165,ANXA3,GTF2H1,0.8593966
140,485,ANXA3,ABL1,0.8572532
140,292,ANXA3,HDAC7,0.8490846
140,29,ANXA3,IKZF1,0.8267248
140,206,ANXA3,ZDHHC6,0.8222312
140,508,ANXA3,NDRG1,0.82139933
140,161,ANXA3,JARID2,0.81536126
140,261,ANXA3,EZR,0.7989845
140,367,ANXA3,HCFC1,0.7698142
140,437,ANXA3,MYB,0.76757336
140,439,ANXA3,DDX20,0.7637642
140,48,ANXA3,ELANE,0.7628878
140,631,ANXA3,ZFP36,0.7616878
140,486,ANXA3,NFKBIA,0.7551303
140,351,ANXA3,ERCC8,0.7502097
140,278,ANXA3,NCF1,0.7418043
140,564,ANXA3,MFNG,0.74007237
140,208,ANXA3,CISH,0.7360838
140,331,ANXA3,PIM2,0.7209529
140,196,ANXA3,RARS,0.71889025
140,363,ANXA3,MYC,0.7176446
140,410,ANXA3,SMARCA2,0.7174124
140,482,ANXA3,NFATC2,0.71484596
140,466,ANXA3,ABCG2,0.71360517
140,263,ANXA3,JUN,0.71321404
140,422,ANXA3,SESN1,0.7091776
140,180,ANXA3,TRIM35,0.706949
140,177,ANXA3,RELB,0.70509493
140,436,ANXA3,RARB,0.7036986
140,315,ANXA3,CTSL,0.70188516
140,357,ANXA3,MEIS1,0.6965902
140,81,ANXA3,HDAC11,0.6961269
140,557,ANXA3,SATB1,0.69231915
140,494,ANXA3,USP11,0.6917651
140,232,ANXA3,ICAM1,0.68858284
140,34,ANXA3,MAML3,0.68767226
140,82,ANXA3,RB1,0.6791091
140,64,ANXA3,IRF9,0.6745694
140,6,ANXA3,BTG2,0.66849935
140,536,ANXA3,SPI1,0.66701454
140,449,ANXA3,TIE1,0.665734
140,253,ANXA3,GRINA,0.6635727
103,621,ANXA5,SNRPB,0.9282103
103,353,ANXA5,CBFB,0.895775
103,413,ANXA5,RASSF4,0.8941586
103,587,ANXA5,NCAPD2,0.8941586
103,475,ANXA5,BCL2,0.8937368
103,67,ANXA5,HDAC2,0.8848344
103,589,ANXA5,YBX1,0.8819421
103,209,ANXA5,ZBTB16,0.8709828
103,165,ANXA5,GTF2H1,0.8593966
103,485,ANXA5,ABL1,0.8572532
103,292,ANXA5,HDAC7,0.8490846
103,206,ANXA5,ZDHHC6,0.8222312
103,508,ANXA5,NDRG1,0.82139933
103,161,ANXA5,JARID2,0.81536126
103,29,ANXA5,IKZF1,0.8147214
103,261,ANXA5,EZR,0.7986653
103,367,ANXA5,HCFC1,0.7698142
103,437,ANXA5,MYB,0.76757336
103,283,ANXA5,EGR1,0.76526886
103,439,ANXA5,DDX20,0.7637642
103,48,ANXA5,ELANE,0.7628878
103,631,ANXA5,ZFP36,0.7616878
103,486,ANXA5,NFKBIA,0.7563288
103,351,ANXA5,ERCC8,0.7502097
103,564,ANXA5,MFNG,0.74007237
103,208,ANXA5,CISH,0.7360838
103,177,ANXA5,RELB,0.73413795
103,196,ANXA5,RARS,0.71889025
103,363,ANXA5,MYC,0.7176446
103,410,ANXA5,SMARCA2,0.7171831
103,482,ANXA5,NFATC2,0.71493316
103,422,ANXA5,SESN1,0.7136104
103,466,ANXA5,ABCG2,0.71360517
103,436,ANXA5,RARB,0.70390975
103,263,ANXA5,JUN,0.70247537
103,315,ANXA5,CTSL,0.70188516
103,357,ANXA5,MEIS1,0.6965902
103,81,ANXA5,HDAC11,0.69599444
103,180,ANXA5,TRIM35,0.6948153
103,557,ANXA5,SATB1,0.69231915
103,494,ANXA5,USP11,0.6917651
103,82,ANXA5,RB1,0.69159496
103,34,ANXA5,MAML3,0.6875869
103,331,ANXA5,PIM2,0.6785928
103,232,ANXA5,ICAM1,0.6714702
103,6,ANXA5,BTG2,0.66849935
103,536,ANXA5,SPI1,0.66701454
103,175,ANXA5,TLE2,0.66664016
103,449,ANXA5,TIE1,0.6654349
103,278,ANXA5,NCF1,0.66453177
469,621,AP3S1,SNRPB,0.92780995
469,353,AP3S1,CBFB,0.89578545
469,475,AP3S1,BCL2,0.8945672
469,413,AP3S1,RASSF4,0.8935544
469,587,AP3S1,NCAPD2,0.8912052
469,67,AP3S1,HDAC2,0.8843586
469,589,AP3S1,YBX1,0.88110167
469,209,AP3S1,ZBTB16,0.8712718
469,165,AP3S1,GTF2H1,0.8586056
469,485,AP3S1,ABL1,0.85757995
469,292,AP3S1,HDAC7,0.84944755
469,206,AP3S1,ZDHHC6,0.8226939
469,508,AP3S1,NDRG1,0.8207667
469,161,AP3S1,JARID2,0.81580913
469,29,AP3S1,IKZF1,0.81488967
469,261,AP3S1,EZR,0.79808176
469,367,AP3S1,HCFC1,0.7681381
469,437,AP3S1,MYB,0.7668014
469,283,AP3S1,EGR1,0.7658325
469,263,AP3S1,JUN,0.76496106
469,48,AP3S1,ELANE,0.7632543
469,439,AP3S1,DDX20,0.7627946
469,631,AP3S1,ZFP36,0.7616684
469,486,AP3S1,NFKBIA,0.7545874
469,351,AP3S1,ERCC8,0.74842876
469,564,AP3S1,MFNG,0.7403494
469,177,AP3S1,RELB,0.73433334
469,331,AP3S1,PIM2,0.72140574
469,196,AP3S1,RARS,0.71934885
469,289,AP3S1,GT(ROSA)26SOR,0.7182247
469,410,AP3S1,SMARCA2,0.7179538
469,363,AP3S1,MYC,0.7160697
469,482,AP3S1,NFATC2,0.71422905
469,466,AP3S1,ABCG2,0.71376437
469,422,AP3S1,SESN1,0.7137446
469,208,AP3S1,CISH,0.71091825
469,180,AP3S1,TRIM35,0.707951
469,436,AP3S1,RARB,0.7044672
469,315,AP3S1,CTSL,0.70183134
469,81,AP3S1,HDAC11,0.6964786
469,557,AP3S1,SATB1,0.6930986
469,494,AP3S1,USP11,0.69041187
469,82,AP3S1,RB1,0.68961036
469,232,AP3S1,ICAM1,0.6893687
469,34,AP3S1,MAML3,0.6874377
469,357,AP3S1,MEIS1,0.6821345
469,613,AP3S1,PGLYRP2,0.66991043
469,6,AP3S1,BTG2,0.6689836
469,536,AP3S1,SPI1,0.6682865
469,449,AP3S1,TIE1,0.66577774
445,475,APBB1,BCL2,0.97372264
445,29,APBB1,IKZF1,0.9664783
445,292,APBB1,HDAC7,0.9621026
445,283,APBB1,EGR1,0.95157236
445,161,APBB1,JARID2,0.94762105
445,79,APBB1,STAT2,0.9470498
445,196,APBB1,RARS,0.94575685
445,263,APBB1,JUN,0.94364756
445,466,APBB1,ABCG2,0.9432239
445,6,APBB1,BTG2,0.9398003
445,64,APBB1,IRF9,0.9387071
445,253,APBB1,GRINA,0.9369992
445,289,APBB1,GT(ROSA)26SOR,0.9369992
445,613,APBB1,PGLYRP2,0.9369992
445,206,APBB1,ZDHHC6,0.93684703
445,536,APBB1,SPI1,0.9356637
445,485,APBB1,ABL1,0.93494743
445,293,APBB1,IRF7,0.9334943
445,420,APBB1,FDFT1,0.933196
445,162,APBB1,FES,0.9326769
445,219,APBB1,TLR4,0.93256056
445,278,APBB1,NCF1,0.93256056
445,515,APBB1,IGHM,0.93256056
445,270,APBB1,VDR,0.93125314
445,353,APBB1,CBFB,0.93083495
445,69,APBB1,NAP1L3,0.9307492
445,175,APBB1,TLE2,0.9307492
445,194,APBB1,GOLPH3,0.9307492
445,441,APBB1,EBF1,0.9307492
445,546,APBB1,PROCR,0.9307492
445,622,APBB1,KRT18,0.9307492
445,146,APBB1,SCARF1,0.9305718
445,631,APBB1,ZFP36,0.93056047
445,73,APBB1,RORC,0.929382
445,27,APBB1,IRF8,0.92908424
445,52,APBB1,FCGR2B,0.9289037
445,213,APBB1,TCP11L2,0.9289037
445,304,APBB1,HLF,0.9289037
445,209,APBB1,ZBTB16,0.92849267
445,251,APBB1,IRF6,0.9277574
445,590,APBB1,IL12A,0.9264882
445,517,APBB1,H1F0,0.92631185
445,177,APBB1,RELB,0.92380524
445,580,APBB1,MLLT3,0.92364496
445,208,APBB1,CISH,0.9223937
445,224,APBB1,MAPK12,0.92101336
445,436,APBB1,RARB,0.92034227
445,557,APBB1,SATB1,0.9177867
445,183,APBB1,XAF1,0.9170436
445,354,APBB1,IIGP1,0.9170333
128,621,APLP2,SNRPB,0.9813772
128,413,APLP2,RASSF4,0.98092747
128,67,APLP2,HDAC2,0.979159
128,353,APLP2,CBFB,0.9774579
128,589,APLP2,YBX1,0.9763505
128,165,APLP2,GTF2H1,0.9709137
128,261,APLP2,EZR,0.97065014
128,508,APLP2,NDRG1,0.96243596
128,439,APLP2,DDX20,0.9611459
128,367,APLP2,HCFC1,0.96028113
128,482,APLP2,NFATC2,0.95807505
128,209,APLP2,ZBTB16,0.95804584
128,587,APLP2,NCAPD2,0.9562677
128,351,APLP2,ERCC8,0.9497201
128,226,APLP2,POLR2B,0.94859505
128,82,APLP2,RB1,0.940077
128,486,APLP2,NFKBIA,0.93831927
128,475,APLP2,BCL2,0.9369725
128,206,APLP2,ZDHHC6,0.932469
128,199,APLP2,E2F4,0.9321118
128,292,APLP2,HDAC7,0.93168896
128,363,APLP2,MYC,0.9316745
128,134,APLP2,PA2G4,0.92821574
128,485,APLP2,ABL1,0.9263344
128,437,APLP2,MYB,0.9259907
128,564,APLP2,MFNG,0.92298824
128,3,APLP2,POLR1B,0.92280614
128,315,APLP2,CTSL,0.9206258
128,161,APLP2,JARID2,0.91834325
128,345,APLP2,UHRF1,0.9142595
128,86,APLP2,RANGAP1,0.91422004
128,480,APLP2,WDR5,0.9095865
128,410,APLP2,SMARCA2,0.9095399
128,347,APLP2,RNF4,0.90758526
128,212,APLP2,FLT3,0.9075348
128,154,APLP2,HDGF,0.90752506
128,166,APLP2,PSAT1,0.90752506
128,197,APLP2,WDR4,0.90752506
128,217,APLP2,PRMT7,0.90752506
128,376,APLP2,ATF7,0.90752506
128,389,APLP2,FOXRED1,0.90752506
128,562,APLP2,NFIA,0.90752506
128,577,APLP2,CAD,0.90752506
128,220,APLP2,TMEM43,0.90727675
128,81,APLP2,HDAC11,0.90305984
128,180,APLP2,TRIM35,0.90213376
128,33,APLP2,CSTF2,0.9016296
128,104,APLP2,BTK,0.8980506
128,29,APLP2,IKZF1,0.8819998
128,494,APLP2,USP11,0.8790744
374,621,APOE,SNRPB,0.9282103
374,353,APOE,CBFB,0.90220267
374,475,APOE,BCL2,0.8942831
374,587,APOE,NCAPD2,0.8941586
374,67,APOE,HDAC2,0.8850062
374,589,APOE,YBX1,0.8819421
374,209,APOE,ZBTB16,0.8709828
374,165,APOE,GTF2H1,0.8593966
374,485,APOE,ABL1,0.8572532
374,413,APOE,RASSF4,0.851051
374,292,APOE,HDAC7,0.82318217
374,206,APOE,ZDHHC6,0.8222312
374,161,APOE,JARID2,0.81536126
374,29,APOE,IKZF1,0.8145324
374,261,APOE,EZR,0.79889566
374,367,APOE,HCFC1,0.78235865
374,437,APOE,MYB,0.76757336
374,283,APOE,EGR1,0.76526886
374,439,APOE,DDX20,0.7637642
374,48,APOE,ELANE,0.7628878
374,508,APOE,NDRG1,0.7542903
374,486,APOE,NFKBIA,0.7541546
374,631,APOE,ZFP36,0.74159425
374,564,APOE,MFNG,0.74007237
374,208,APOE,CISH,0.7360838
374,177,APOE,RELB,0.73413795
374,331,APOE,PIM2,0.7212916
374,196,APOE,RARS,0.71889025
374,363,APOE,MYC,0.7176446
374,410,APOE,SMARCA2,0.7174124
374,466,APOE,ABCG2,0.71360517
374,422,APOE,SESN1,0.713549
374,180,APOE,TRIM35,0.7070132
374,436,APOE,RARB,0.7036986
374,263,APOE,JUN,0.70247537
374,315,APOE,CTSL,0.70188516
374,357,APOE,MEIS1,0.6965902
374,81,APOE,HDAC11,0.6962735
374,557,APOE,SATB1,0.69231915
374,494,APOE,USP11,0.6917651
374,82,APOE,RB1,0.69159496
374,232,APOE,ICAM1,0.6885645
374,34,APOE,MAML3,0.6878656
374,6,APOE,BTG2,0.67524225
374,536,APOE,SPI1,0.66701454
374,449,APOE,TIE1,0.66557777
374,289,APOE,GT(ROSA)26SOR,0.66255665
374,253,APOE,GRINA,0.66236544
374,482,APOE,NFATC2,0.6614736
374,441,APOE,EBF1,0.65723825
401,621,ARHGEF18,SNRPB,0.9279784
401,353,ARHGEF18,CBFB,0.8958039
401,475,ARHGEF18,BCL2,0.8943191
401,413,ARHGEF18,RASSF4,0.8936321
401,587,ARHGEF18,NCAPD2,0.8936321
401,67,ARHGEF18,HDAC2,0.88443196
401,589,ARHGEF18,YBX1,0.8814635
401,209,ARHGEF18,ZBTB16,0.871005
401,165,ARHGEF18,GTF2H1,0.858897
401,485,ARHGEF18,ABL1,0.8572947
401,292,ARHGEF18,HDAC7,0.8491231
401,206,ARHGEF18,ZDHHC6,0.8223016
401,508,ARHGEF18,NDRG1,0.8207929
401,161,ARHGEF18,JARID2,0.8153778
401,29,ARHGEF18,IKZF1,0.81469655
401,261,ARHGEF18,EZR,0.79818726
401,48,ARHGEF18,ELANE,0.78105855
401,367,ARHGEF18,HCFC1,0.7689227
401,283,ARHGEF18,EGR1,0.76662606
401,631,ARHGEF18,ZFP36,0.7612203
401,437,ARHGEF18,MYB,0.7611226
401,486,ARHGEF18,NFKBIA,0.7544403
401,351,ARHGEF18,ERCC8,0.7492631
401,208,ARHGEF18,CISH,0.73615986
401,177,ARHGEF18,RELB,0.73365444
401,564,ARHGEF18,MFNG,0.7275629
401,52,ARHGEF18,FCGR2B,0.7243939
401,331,ARHGEF18,PIM2,0.7210209
401,196,ARHGEF18,RARS,0.7187348
401,410,ARHGEF18,SMARCA2,0.7171902
401,363,ARHGEF18,MYC,0.7169096
401,466,ARHGEF18,ABCG2,0.71441877
401,482,ARHGEF18,NFATC2,0.7139679
401,422,ARHGEF18,SESN1,0.7130732
401,180,ARHGEF18,TRIM35,0.7072043
401,436,ARHGEF18,RARB,0.7039026
401,263,ARHGEF18,JUN,0.7024415
401,315,ARHGEF18,CTSL,0.70154047
401,357,ARHGEF18,MEIS1,0.696814
401,81,ARHGEF18,HDAC11,0.69591844
401,557,ARHGEF18,SATB1,0.6925286
401,82,ARHGEF18,RB1,0.6915765
401,494,ARHGEF18,USP11,0.69155985
401,232,ARHGEF18,ICAM1,0.6887952
401,34,ARHGEF18,MAML3,0.6874514
401,6,ARHGEF18,BTG2,0.6687816
401,536,ARHGEF18,SPI1,0.6674377
401,449,ARHGEF18,TIE1,0.665685
401,253,ARHGEF18,GRINA,0.6628989
401,289,ARHGEF18,GT(ROSA)26SOR,0.6628989
459,621,ARHGEF39,SNRPB,0.9282103
459,353,ARHGEF39,CBFB,0.895775
459,413,ARHGEF39,RASSF4,0.8941586
459,587,ARHGEF39,NCAPD2,0.89409095
459,67,ARHGEF39,HDAC2,0.8850062
459,589,ARHGEF39,YBX1,0.8819421
459,475,ARHGEF39,BCL2,0.8608384
459,165,ARHGEF39,GTF2H1,0.8593966
459,485,ARHGEF39,ABL1,0.8572532
459,209,ARHGEF39,ZBTB16,0.8526235
459,292,ARHGEF39,HDAC7,0.8490846
459,29,ARHGEF39,IKZF1,0.8234591
459,206,ARHGEF39,ZDHHC6,0.8222312
459,508,ARHGEF39,NDRG1,0.81979585
459,261,ARHGEF39,EZR,0.79889566
459,161,ARHGEF39,JARID2,0.776108
459,367,ARHGEF39,HCFC1,0.7698142
459,437,ARHGEF39,MYB,0.76757336
459,283,ARHGEF39,EGR1,0.7656194
459,48,ARHGEF39,ELANE,0.7625247
459,631,ARHGEF39,ZFP36,0.7616878
459,486,ARHGEF39,NFKBIA,0.7551303
459,351,ARHGEF39,ERCC8,0.7502097
459,564,ARHGEF39,MFNG,0.74644655
459,515,ARHGEF39,IGHM,0.7418043
459,208,ARHGEF39,CISH,0.73586625
459,177,ARHGEF39,RELB,0.73413795
459,180,ARHGEF39,TRIM35,0.7299004
459,439,ARHGEF39,DDX20,0.7281928
459,331,ARHGEF39,PIM2,0.72142166
459,196,ARHGEF39,RARS,0.71889025
459,363,ARHGEF39,MYC,0.7176446
459,410,ARHGEF39,SMARCA2,0.7171445
459,482,ARHGEF39,NFATC2,0.71484596
459,270,ARHGEF39,VDR,0.7139241
459,422,ARHGEF39,SESN1,0.7136104
459,466,ARHGEF39,ABCG2,0.7134282
459,436,ARHGEF39,RARB,0.7037149
459,263,ARHGEF39,JUN,0.70247537
459,315,ARHGEF39,CTSL,0.70188516
459,357,ARHGEF39,MEIS1,0.6965127
459,81,ARHGEF39,HDAC11,0.6961269
459,494,ARHGEF39,USP11,0.6917651
459,82,ARHGEF39,RB1,0.69159496
459,232,ARHGEF39,ICAM1,0.68822336
459,34,ARHGEF39,MAML3,0.6878656
459,557,ARHGEF39,SATB1,0.6811004
459,79,ARHGEF39,STAT2,0.6742183
459,6,ARHGEF39,BTG2,0.66849935
459,536,ARHGEF39,SPI1,0.6667522
532,621,ARID3B,SNRPB,0.9251865
532,353,ARID3B,CBFB,0.895775
532,475,ARID3B,BCL2,0.8942831
532,413,ARID3B,RASSF4,0.8941586
532,67,ARID3B,HDAC2,0.8850062
532,589,ARID3B,YBX1,0.8819421
532,165,ARID3B,GTF2H1,0.8593966
532,485,ARID3B,ABL1,0.8572532
532,292,ARID3B,HDAC7,0.8490846
532,206,ARID3B,ZDHHC6,0.8222312
532,508,ARID3B,NDRG1,0.82139933
532,209,ARID3B,ZBTB16,0.82109094
532,161,ARID3B,JARID2,0.81536126
532,29,ARID3B,IKZF1,0.8147214
532,261,ARID3B,EZR,0.79889566
532,437,ARID3B,MYB,0.76757336
532,48,ARID3B,ELANE,0.7628878
532,631,ARID3B,ZFP36,0.7616878
532,283,ARID3B,EGR1,0.7607387
532,486,ARID3B,NFKBIA,0.7551303
532,351,ARID3B,ERCC8,0.7502097
532,564,ARID3B,MFNG,0.74007237
532,208,ARID3B,CISH,0.7360838
532,177,ARID3B,RELB,0.73413795
532,6,ARID3B,BTG2,0.73371696
532,587,ARID3B,NCAPD2,0.7306325
532,482,ARID3B,NFATC2,0.7237593
532,331,ARID3B,PIM2,0.7212916
532,196,ARID3B,RARS,0.71971035
532,363,ARID3B,MYC,0.7176446
532,410,ARID3B,SMARCA2,0.7174124
532,422,ARID3B,SESN1,0.7136104
532,466,ARID3B,ABCG2,0.71360517
532,180,ARID3B,TRIM35,0.7070132
532,263,ARID3B,JUN,0.70247537
532,315,ARID3B,CTSL,0.70188516
532,69,ARID3B,NAP1L3,0.7002005
532,357,ARID3B,MEIS1,0.6966681
532,81,ARID3B,HDAC11,0.6961269
532,557,ARID3B,SATB1,0.69231915
532,494,ARID3B,USP11,0.6917651
532,82,ARID3B,RB1,0.6912786
532,232,ARID3B,ICAM1,0.68858284
532,34,ARID3B,MAML3,0.68767226
532,436,ARID3B,RARB,0.6772892
532,536,ARID3B,SPI1,0.6669362
532,449,ARID3B,TIE1,0.66557777
532,613,ARID3B,PGLYRP2,0.6624757
532,146,ARID3B,SCARF1,0.65894955
532,441,ARID3B,EBF1,0.65781903
563,621,ARID5A,SNRPB,0.92957926
563,353,ARID5A,CBFB,0.895775
563,475,ARID5A,BCL2,0.8942831
563,413,ARID5A,RASSF4,0.8941586
563,587,ARID5A,NCAPD2,0.8941586
563,67,ARID5A,HDAC2,0.8850062
563,589,ARID5A,YBX1,0.8813356
563,209,ARID5A,ZBTB16,0.8709828
563,165,ARID5A,GTF2H1,0.8593966
563,485,ARID5A,ABL1,0.8572532
563,292,ARID5A,HDAC7,0.8490384
563,206,ARID5A,ZDHHC6,0.8222312
563,508,ARID5A,NDRG1,0.8177704
563,161,ARID5A,JARID2,0.81536126
563,29,ARID5A,IKZF1,0.81496024
563,261,ARID5A,EZR,0.79889566
563,367,ARID5A,HCFC1,0.7698142
563,437,ARID5A,MYB,0.76757336
563,439,ARID5A,DDX20,0.7640048
563,48,ARID5A,ELANE,0.7628878
563,631,ARID5A,ZFP36,0.7616878
563,283,ARID5A,EGR1,0.7607387
563,486,ARID5A,NFKBIA,0.7551303
563,351,ARID5A,ERCC8,0.7502097
563,564,ARID5A,MFNG,0.74007237
563,208,ARID5A,CISH,0.7360838
563,177,ARID5A,RELB,0.73413795
563,315,ARID5A,CTSL,0.72271436
563,331,ARID5A,PIM2,0.7212916
563,196,ARID5A,RARS,0.71877533
563,363,ARID5A,MYC,0.7176446
563,410,ARID5A,SMARCA2,0.7174124
563,482,ARID5A,NFATC2,0.7146369
563,422,ARID5A,SESN1,0.71360755
563,466,ARID5A,ABCG2,0.71360517
563,180,ARID5A,TRIM35,0.7070132
563,436,ARID5A,RARB,0.7036986
563,263,ARID5A,JUN,0.7022778
563,357,ARID5A,MEIS1,0.6965902
563,557,ARID5A,SATB1,0.69231915
563,82,ARID5A,RB1,0.69159496
563,494,ARID5A,USP11,0.69036907
563,232,ARID5A,ICAM1,0.687892
563,34,ARID5A,MAML3,0.68767226
563,6,ARID5A,BTG2,0.66849935
563,536,ARID5A,SPI1,0.66704243
563,449,ARID5A,TIE1,0.66547424
563,253,ARID5A,GRINA,0.6624757
563,289,ARID5A,GT(ROSA)26SOR,0.6624757
563,613,ARID5A,PGLYRP2,0.6623302
106,621,ARL11,SNRPB,0.9282103
106,353,ARL11,CBFB,0.8973488
106,475,ARL11,BCL2,0.8942831
106,413,ARL11,RASSF4,0.8941586
106,587,ARL11,NCAPD2,0.8941586
106,589,ARL11,YBX1,0.8819421
106,209,ARL11,ZBTB16,0.8709828
106,165,ARL11,GTF2H1,0.8597318
106,485,ARL11,ABL1,0.8572532
106,292,ARL11,HDAC7,0.8490846
106,206,ARL11,ZDHHC6,0.8222312
106,508,ARL11,NDRG1,0.82139933
106,29,ARL11,IKZF1,0.8147214
106,261,ARL11,EZR,0.79889566
106,161,ARL11,JARID2,0.776108
106,283,ARL11,EGR1,0.77268136
106,367,ARL11,HCFC1,0.7698142
106,437,ARL11,MYB,0.76757336
106,439,ARL11,DDX20,0.7637642
106,48,ARL11,ELANE,0.7628878
106,631,ARL11,ZFP36,0.7616878
106,486,ARL11,NFKBIA,0.7551303
106,351,ARL11,ERCC8,0.7502097
106,436,ARL11,RARB,0.7498667
106,515,ARL11,IGHM,0.7418043
106,564,ARL11,MFNG,0.74007237
106,208,ARL11,CISH,0.7360838
106,177,ARL11,RELB,0.73413795
106,67,ARL11,HDAC2,0.72453433
106,331,ARL11,PIM2,0.7212916
106,196,ARL11,RARS,0.71889025
106,363,ARL11,MYC,0.717912
106,410,ARL11,SMARCA2,0.7174124
106,482,ARL11,NFATC2,0.71484596
106,466,ARL11,ABCG2,0.71360517
106,422,ARL11,SESN1,0.71352273
106,180,ARL11,TRIM35,0.7074775
106,315,ARL11,CTSL,0.70188516
106,357,ARL11,MEIS1,0.6965902
106,81,ARL11,HDAC11,0.6961269
106,34,ARL11,MAML3,0.69417936
106,82,ARL11,RB1,0.6926209
106,557,ARL11,SATB1,0.69231915
106,494,ARL11,USP11,0.69198936
106,232,ARL11,ICAM1,0.68858284
106,6,ARL11,BTG2,0.66849935
106,536,ARL11,SPI1,0.66701454
106,449,ARL11,TIE1,0.66557777
106,253,ARL11,GRINA,0.6624757
106,613,ARL11,PGLYRP2,0.6624757
173,621,ARL6IP6,SNRPB,0.9282103
173,353,ARL6IP6,CBFB,0.895775
173,413,ARL6IP6,RASSF4,0.8941586
173,587,ARL6IP6,NCAPD2,0.8941586
173,475,ARL6IP6,BCL2,0.8937368
173,209,ARL6IP6,ZBTB16,0.89039236
173,67,ARL6IP6,HDAC2,0.8850062
173,589,ARL6IP6,YBX1,0.8819421
173,165,ARL6IP6,GTF2H1,0.8593966
173,485,ARL6IP6,ABL1,0.8572532
173,206,ARL6IP6,ZDHHC6,0.8222312
173,508,ARL6IP6,NDRG1,0.82139933
173,161,ARL6IP6,JARID2,0.81512475
173,29,ARL6IP6,IKZF1,0.8147214
173,261,ARL6IP6,EZR,0.79889566
173,292,ARL6IP6,HDAC7,0.7929506
173,367,ARL6IP6,HCFC1,0.7681866
173,437,ARL6IP6,MYB,0.7675646
173,283,ARL6IP6,EGR1,0.7656194
173,439,ARL6IP6,DDX20,0.7637642
173,48,ARL6IP6,ELANE,0.7628878
173,486,ARL6IP6,NFKBIA,0.7551303
173,351,ARL6IP6,ERCC8,0.7502097
173,482,ARL6IP6,NFATC2,0.74343026
173,208,ARL6IP6,CISH,0.7412455
173,564,ARL6IP6,MFNG,0.74007237
173,631,ARL6IP6,ZFP36,0.73452246
173,177,ARL6IP6,RELB,0.73413795
173,331,ARL6IP6,PIM2,0.7212916
173,196,ARL6IP6,RARS,0.71889025
173,363,ARL6IP6,MYC,0.7176446
173,466,ARL6IP6,ABCG2,0.71360517
173,422,ARL6IP6,SESN1,0.71315414
173,436,ARL6IP6,RARB,0.7036986
173,263,ARL6IP6,JUN,0.70247537
173,315,ARL6IP6,CTSL,0.70188516
173,357,ARL6IP6,MEIS1,0.6965902
173,81,ARL6IP6,HDAC11,0.69599444
173,557,ARL6IP6,SATB1,0.69376844
173,410,ARL6IP6,SMARCA2,0.69267607
173,494,ARL6IP6,USP11,0.6917651
173,82,ARL6IP6,RB1,0.69126457
173,232,ARL6IP6,ICAM1,0.68858284
173,180,ARL6IP6,TRIM35,0.6882234
173,34,ARL6IP6,MAML3,0.68767226
173,6,ARL6IP6,BTG2,0.66849935
173,536,ARL6IP6,SPI1,0.66701454
173,449,ARL6IP6,TIE1,0.66557777
173,162,ARL6IP6,FES,0.6642443
173,253,ARL6IP6,GRINA,0.6624757
379,621,ARL8B,SNRPB,0.9282103
379,353,ARL8B,CBFB,0.895775
379,475,ARL8B,BCL2,0.8942831
379,587,ARL8B,NCAPD2,0.8941586
379,413,ARL8B,RASSF4,0.89409095
379,67,ARL8B,HDAC2,0.8850062
379,589,ARL8B,YBX1,0.8819967
379,209,ARL8B,ZBTB16,0.8709828
379,165,ARL8B,GTF2H1,0.8596957
379,485,ARL8B,ABL1,0.85761863
379,292,ARL8B,HDAC7,0.8490846
379,206,ARL8B,ZDHHC6,0.8222312
379,508,ARL8B,NDRG1,0.82139933
379,29,ARL8B,IKZF1,0.8147214
379,161,ARL8B,JARID2,0.8143692
379,261,ARL8B,EZR,0.7986047
379,367,ARL8B,HCFC1,0.7698142
379,437,ARL8B,MYB,0.7677564
379,283,ARL8B,EGR1,0.7656194
379,439,ARL8B,DDX20,0.7637642
379,48,ARL8B,ELANE,0.7628878
379,631,ARL8B,ZFP36,0.7616878
379,486,ARL8B,NFKBIA,0.7551303
379,351,ARL8B,ERCC8,0.7502097
379,564,ARL8B,MFNG,0.74057674
379,208,ARL8B,CISH,0.7360838
379,177,ARL8B,RELB,0.7342543
379,331,ARL8B,PIM2,0.7212916
379,196,ARL8B,RARS,0.71889025
379,69,ARL8B,NAP1L3,0.71834666
379,363,ARL8B,MYC,0.7176446
379,410,ARL8B,SMARCA2,0.7174124
379,482,ARL8B,NFATC2,0.71484596
379,422,ARL8B,SESN1,0.7136104
379,466,ARL8B,ABCG2,0.71360517
379,180,ARL8B,TRIM35,0.7070132
379,436,ARL8B,RARB,0.7036986
379,263,ARL8B,JUN,0.70247537
379,315,ARL8B,CTSL,0.70188516
379,357,ARL8B,MEIS1,0.6965902
379,81,ARL8B,HDAC11,0.6952349
379,557,ARL8B,SATB1,0.69231915
379,494,ARL8B,USP11,0.6917651
379,82,ARL8B,RB1,0.6917252
379,232,ARL8B,ICAM1,0.68858284
379,34,ARL8B,MAML3,0.68767226
379,394,ARL8B,MAPK1,0.6863559
379,453,ARL8B,GATA2,0.68217665
379,536,ARL8B,SPI1,0.6701269
379,6,ARL8B,BTG2,0.66849935
8,413,ATAD1,RASSF4,0.97758317
8,587,ATAD1,NCAPD2,0.9775728
8,353,ATAD1,CBFB,0.9757717
8,67,ATAD1,HDAC2,0.97565144
8,621,ATAD1,SNRPB,0.9724364
8,165,ATAD1,GTF2H1,0.9598353
8,508,ATAD1,NDRG1,0.95881236
8,589,ATAD1,YBX1,0.9588028
8,475,ATAD1,BCL2,0.9567738
8,292,ATAD1,HDAC7,0.95385814
8,485,ATAD1,ABL1,0.95193034
8,206,ATAD1,ZDHHC6,0.9473748
8,161,ATAD1,JARID2,0.9433912
8,209,ATAD1,ZBTB16,0.94049925
8,486,ATAD1,NFKBIA,0.9352899
8,564,ATAD1,MFNG,0.93514127
8,261,ATAD1,EZR,0.9351051
8,631,ATAD1,ZFP36,0.93304116
8,29,ATAD1,IKZF1,0.9315274
8,482,ATAD1,NFATC2,0.9272349
8,367,ATAD1,HCFC1,0.9236831
8,439,ATAD1,DDX20,0.9189865
8,331,ATAD1,PIM2,0.915204
8,48,ATAD1,ELANE,0.91254073
8,283,ATAD1,EGR1,0.91037583
8,363,ATAD1,MYC,0.90749454
8,315,ATAD1,CTSL,0.90637016
8,351,ATAD1,ERCC8,0.90415096
8,410,ATAD1,SMARCA2,0.90180403
8,177,ATAD1,RELB,0.9003365
8,208,ATAD1,CISH,0.89698803
8,437,ATAD1,MYB,0.8831495
8,82,ATAD1,RB1,0.87975615
8,422,ATAD1,SESN1,0.8792859
8,494,ATAD1,USP11,0.8714507
8,180,ATAD1,TRIM35,0.86972374
8,436,ATAD1,RARB,0.867669
8,81,ATAD1,HDAC11,0.86147475
8,226,ATAD1,POLR2B,0.86003584
8,196,ATAD1,RARS,0.8564116
8,104,ATAD1,BTK,0.8563892
8,557,ATAD1,SATB1,0.8455212
8,34,ATAD1,MAML3,0.84211457
8,263,ATAD1,JUN,0.835114
8,357,ATAD1,MEIS1,0.8289886
8,134,ATAD1,PA2G4,0.82643646
8,480,ATAD1,WDR5,0.8234408
8,232,ATAD1,ICAM1,0.81254107
8,199,ATAD1,E2F4,0.80738586
8,347,ATAD1,RNF4,0.80387056
376,353,ATF7,CBFB,0.9845547
376,413,ATF7,RASSF4,0.9809748
376,587,ATF7,NCAPD2,0.9809311
376,67,ATF7,HDAC2,0.9793284
376,621,ATF7,SNRPB,0.978508
376,589,ATF7,YBX1,0.9678151
376,508,ATF7,NDRG1,0.95920914
376,165,ATF7,GTF2H1,0.95738935
376,209,ATF7,ZBTB16,0.9571207
376,475,ATF7,BCL2,0.95403993
376,261,ATF7,EZR,0.9468235
376,161,ATF7,JARID2,0.9462694
376,485,ATF7,ABL1,0.94521445
376,482,ATF7,NFATC2,0.9408334
376,367,ATF7,HCFC1,0.9407545
376,206,ATF7,ZDHHC6,0.9406796
376,631,ATF7,ZFP36,0.9383769
376,564,ATF7,MFNG,0.93821967
376,486,ATF7,NFKBIA,0.93813014
376,439,ATF7,DDX20,0.9378732
376,363,ATF7,MYC,0.9369203
376,292,ATF7,HDAC7,0.9322874
376,331,ATF7,PIM2,0.92436546
376,315,ATF7,CTSL,0.92250997
376,410,ATF7,SMARCA2,0.9198145
376,29,ATF7,IKZF1,0.919246
376,422,ATF7,SESN1,0.919066
376,351,ATF7,ERCC8,0.91843
376,177,ATF7,RELB,0.9138617
376,81,ATF7,HDAC11,0.9112827
376,34,ATF7,MAML3,0.9048855
376,48,ATF7,ELANE,0.9028075
376,82,ATF7,RB1,0.9000207
376,208,ATF7,CISH,0.89897126
376,226,ATF7,POLR2B,0.8989274
376,180,ATF7,TRIM35,0.8980473
376,283,ATF7,EGR1,0.89253175
376,437,ATF7,MYB,0.88839996
376,436,ATF7,RARB,0.88529825
376,196,ATF7,RARS,0.87834346
376,104,ATF7,BTK,0.8779807
376,494,ATF7,USP11,0.8742091
376,232,ATF7,ICAM1,0.86796165
376,357,ATF7,MEIS1,0.8553124
376,263,ATF7,JUN,0.85433066
376,557,ATF7,SATB1,0.85274297
376,134,ATF7,PA2G4,0.84679186
376,199,ATF7,E2F4,0.84139663
376,394,ATF7,MAPK1,0.83908045
376,466,ATF7,ABCG2,0.8343335
110,621,ATG12,SNRPB,0.9282103
110,475,ATG12,BCL2,0.8942831
110,413,ATG12,RASSF4,0.8941586
110,587,ATG12,NCAPD2,0.8941586
110,353,ATG12,CBFB,0.8912212
110,589,ATG12,YBX1,0.8819421
110,209,ATG12,ZBTB16,0.86339843
110,485,ATG12,ABL1,0.8572532
110,292,ATG12,HDAC7,0.8490846
110,165,ATG12,GTF2H1,0.83444583
110,508,ATG12,NDRG1,0.82139933
110,206,ATG12,ZDHHC6,0.8100496
110,29,ATG12,IKZF1,0.8073763
110,261,ATG12,EZR,0.79879767
110,486,ATG12,NFKBIA,0.78116095
110,48,ATG12,ELANE,0.7706508
110,367,ATG12,HCFC1,0.76997364
110,437,ATG12,MYB,0.76757336
110,283,ATG12,EGR1,0.7656194
110,439,ATG12,DDX20,0.7637642
110,631,ATG12,ZFP36,0.7615941
110,161,ATG12,JARID2,0.7564522
110,351,ATG12,ERCC8,0.7502097
110,564,ATG12,MFNG,0.74007237
110,331,ATG12,PIM2,0.7212916
110,363,ATG12,MYC,0.7176446
110,410,ATG12,SMARCA2,0.7174124
110,482,ATG12,NFATC2,0.71484596
110,422,ATG12,SESN1,0.7136104
110,466,ATG12,ABCG2,0.71360517
110,315,ATG12,CTSL,0.71267337
110,208,ATG12,CISH,0.71112525
110,436,ATG12,RARB,0.7036986
110,263,ATG12,JUN,0.70247537
110,67,ATG12,HDAC2,0.70079553
110,494,ATG12,USP11,0.69525063
110,557,ATG12,SATB1,0.69231915
110,232,ATG12,ICAM1,0.68881
110,177,ATG12,RELB,0.68717843
110,357,ATG12,MEIS1,0.6862075
110,435,ATG12,NR3C2,0.6775239
110,180,ATG12,TRIM35,0.6734172
110,81,ATG12,HDAC11,0.6733174
110,34,ATG12,MAML3,0.6700778
110,196,ATG12,RARS,0.66725534
110,536,ATG12,SPI1,0.66701454
110,449,ATG12,TIE1,0.66557777
110,253,ATG12,GRINA,0.6624757
110,289,ATG12,GT(ROSA)26SOR,0.6624757
110,613,ATG12,PGLYRP2,0.662239
598,621,ATP11C,SNRPB,0.9282248
598,353,ATP11C,CBFB,0.8950817
598,475,ATP11C,BCL2,0.89430636
598,413,ATP11C,RASSF4,0.8941605
598,587,ATP11C,NCAPD2,0.8941605
598,589,ATP11C,YBX1,0.8819541
598,165,ATP11C,GTF2H1,0.85939705
598,485,ATP11C,ABL1,0.85728437
598,292,ATP11C,HDAC7,0.8491184
598,206,ATP11C,ZDHHC6,0.82225937
598,508,ATP11C,NDRG1,0.8214035
598,161,ATP11C,JARID2,0.8153868
598,29,ATP11C,IKZF1,0.8147405
598,209,ATP11C,ZBTB16,0.8072582
598,261,ATP11C,EZR,0.7988607
598,67,ATP11C,HDAC2,0.7759563
598,367,ATP11C,HCFC1,0.76981956
598,437,ATP11C,MYB,0.76758826
598,283,ATP11C,EGR1,0.76576596
598,439,ATP11C,DDX20,0.7637786
598,48,ATP11C,ELANE,0.76288426
598,631,ATP11C,ZFP36,0.7614216
598,351,ATP11C,ERCC8,0.75021476
598,564,ATP11C,MFNG,0.7400796
598,486,ATP11C,NFKBIA,0.73667383
598,208,ATP11C,CISH,0.7361095
598,177,ATP11C,RELB,0.73366207
598,196,ATP11C,RARS,0.71892977
598,363,ATP11C,MYC,0.71780986
598,410,ATP11C,SMARCA2,0.7174267
598,422,ATP11C,SESN1,0.7136243
598,466,ATP11C,ABCG2,0.7136038
598,180,ATP11C,TRIM35,0.7070565
598,436,ATP11C,RARB,0.7034328
598,263,ATP11C,JUN,0.70251536
598,315,ATP11C,CTSL,0.70180565
598,482,ATP11C,NFATC2,0.6978599
598,357,ATP11C,MEIS1,0.6965935
598,81,ATP11C,HDAC11,0.6961354
598,557,ATP11C,SATB1,0.6923588
598,494,ATP11C,USP11,0.69173807
598,82,ATP11C,RB1,0.6916
598,94,ATP11C,TRIB3,0.6904215
598,232,ATP11C,ICAM1,0.68862385
598,34,ATP11C,MAML3,0.68767107
598,306,ATP11C,MYCT1,0.6843793
598,331,ATP11C,PIM2,0.6712584
598,6,ATP11C,BTG2,0.6686956
598,69,ATP11C,NAP1L3,0.6666548
598,449,ATP11C,TIE1,0.66556656
90,413,ATP13A1,RASSF4,0.9407738
90,67,ATP13A1,HDAC2,0.9361914
90,353,ATP13A1,CBFB,0.92956126
90,165,ATP13A1,GTF2H1,0.91773427
90,475,ATP13A1,BCL2,0.9076719
90,209,ATP13A1,ZBTB16,0.9049138
90,587,ATP13A1,NCAPD2,0.8908845
90,508,ATP13A1,NDRG1,0.8855514
90,261,ATP13A1,EZR,0.8822725
90,589,ATP13A1,YBX1,0.8821683
90,485,ATP13A1,ABL1,0.8801699
90,292,ATP13A1,HDAC7,0.87427723
90,367,ATP13A1,HCFC1,0.8672752
90,439,ATP13A1,DDX20,0.8591114
90,206,ATP13A1,ZDHHC6,0.85229677
90,351,ATP13A1,ERCC8,0.84864944
90,161,ATP13A1,JARID2,0.84694576
90,631,ATP13A1,ZFP36,0.8380449
90,363,ATP13A1,MYC,0.8367577
90,482,ATP13A1,NFATC2,0.82314384
90,29,ATP13A1,IKZF1,0.81983215
90,486,ATP13A1,NFKBIA,0.8189423
90,82,ATP13A1,RB1,0.8034335
90,48,ATP13A1,ELANE,0.8028405
90,315,ATP13A1,CTSL,0.79838955
90,437,ATP13A1,MYB,0.79652554
90,621,ATP13A1,SNRPB,0.7856996
90,494,ATP13A1,USP11,0.78033054
90,480,ATP13A1,WDR5,0.7765481
90,283,ATP13A1,EGR1,0.771825
90,104,ATP13A1,BTK,0.7691069
90,208,ATP13A1,CISH,0.75246423
90,177,ATP13A1,RELB,0.7461571
90,226,ATP13A1,POLR2B,0.7446073
90,422,ATP13A1,SESN1,0.7442081
90,564,ATP13A1,MFNG,0.74007237
90,410,ATP13A1,SMARCA2,0.7232165
90,134,ATP13A1,PA2G4,0.7223564
90,196,ATP13A1,RARS,0.7119779
90,331,ATP13A1,PIM2,0.6985147
90,180,ATP13A1,TRIM35,0.69237834
90,557,ATP13A1,SATB1,0.69231915
90,263,ATP13A1,JUN,0.6894478
90,154,ATP13A1,HDGF,0.68854225
90,166,ATP13A1,PSAT1,0.68854225
90,197,ATP13A1,WDR4,0.68854225
90,212,ATP13A1,FLT3,0.68854225
90,217,ATP13A1,PRMT7,0.68854225
90,220,ATP13A1,TMEM43,0.68854225
90,347,ATP13A1,RNF4,0.68854225
41,621,ATP6AP1,SNRPB,0.9282103
41,353,ATP6AP1,CBFB,0.895775
41,475,ATP6AP1,BCL2,0.8942831
41,413,ATP6AP1,RASSF4,0.89422727
41,587,ATP6AP1,NCAPD2,0.8941586
41,67,ATP6AP1,HDAC2,0.8850062
41,589,ATP6AP1,YBX1,0.8819421
41,209,ATP6AP1,ZBTB16,0.87026846
41,165,ATP6AP1,GTF2H1,0.8591334
41,485,ATP6AP1,ABL1,0.8572532
41,292,ATP6AP1,HDAC7,0.8490846
41,206,ATP6AP1,ZDHHC6,0.8222312
41,508,ATP6AP1,NDRG1,0.82139933
41,161,ATP6AP1,JARID2,0.81536126
41,29,ATP6AP1,IKZF1,0.8147214
41,261,ATP6AP1,EZR,0.79889566
41,367,ATP6AP1,HCFC1,0.7698142
41,437,ATP6AP1,MYB,0.76757336
41,283,ATP6AP1,EGR1,0.7656194
41,439,ATP6AP1,DDX20,0.7637642
41,48,ATP6AP1,ELANE,0.7628878
41,631,ATP6AP1,ZFP36,0.7616878
41,486,ATP6AP1,NFKBIA,0.7551303
41,564,ATP6AP1,MFNG,0.74007237
41,351,ATP6AP1,ERCC8,0.7395168
41,208,ATP6AP1,CISH,0.7360838
41,177,ATP6AP1,RELB,0.73413795
41,331,ATP6AP1,PIM2,0.7212916
41,196,ATP6AP1,RARS,0.71886915
41,363,ATP6AP1,MYC,0.7176446
41,410,ATP6AP1,SMARCA2,0.7174124
41,482,ATP6AP1,NFATC2,0.71491355
41,422,ATP6AP1,SESN1,0.713625
41,466,ATP6AP1,ABCG2,0.71360517
41,180,ATP6AP1,TRIM35,0.7070132
41,436,ATP6AP1,RARB,0.7036986
41,263,ATP6AP1,JUN,0.7024638
41,315,ATP6AP1,CTSL,0.70188516
41,357,ATP6AP1,MEIS1,0.6965902
41,81,ATP6AP1,HDAC11,0.6961269
41,557,ATP6AP1,SATB1,0.69232327
41,494,ATP6AP1,USP11,0.6917651
41,232,ATP6AP1,ICAM1,0.68858284
41,82,ATP6AP1,RB1,0.68821174
41,34,ATP6AP1,MAML3,0.68767226
41,6,ATP6AP1,BTG2,0.66849935
41,536,ATP6AP1,SPI1,0.66701454
41,449,ATP6AP1,TIE1,0.66557777
41,613,ATP6AP1,PGLYRP2,0.66255665
41,253,ATP6AP1,GRINA,0.6624757
523,475,ATP6AP2,BCL2,0.9680445
523,29,ATP6AP2,IKZF1,0.9568802
523,485,ATP6AP2,ABL1,0.95394546
523,292,ATP6AP2,HDAC7,0.9347132
523,536,ATP6AP2,SPI1,0.9238311
523,293,ATP6AP2,IRF7,0.91877544
523,64,ATP6AP2,IRF9,0.91691846
523,420,ATP6AP2,FDFT1,0.91232646
523,73,ATP6AP2,RORC,0.91123265
523,161,ATP6AP2,JARID2,0.910077
523,219,ATP6AP2,TLR4,0.9091227
523,278,ATP6AP2,NCF1,0.908926
523,162,ATP6AP2,FES,0.9089193
523,251,ATP6AP2,IRF6,0.90785897
523,283,ATP6AP2,EGR1,0.9069191
523,515,ATP6AP2,IGHM,0.9049965
523,590,ATP6AP2,IL12A,0.90276843
523,27,ATP6AP2,IRF8,0.90049976
523,253,ATP6AP2,GRINA,0.89894944
523,289,ATP6AP2,GT(ROSA)26SOR,0.89894944
523,613,ATP6AP2,PGLYRP2,0.89887565
523,79,ATP6AP2,STAT2,0.8985487
523,109,ATP6AP2,H2-AA,0.89405733
523,354,ATP6AP2,IIGP1,0.89359426
523,504,ATP6AP2,IFI44,0.89359426
523,57,ATP6AP2,OASL2,0.8924522
523,277,ATP6AP2,RTP4,0.8924522
523,209,ATP6AP2,ZBTB16,0.8854392
523,276,ATP6AP2,REL,0.88432986
523,360,ATP6AP2,FOXO1,0.88289315
523,466,ATP6AP2,ABCG2,0.88174415
523,206,ATP6AP2,ZDHHC6,0.88126767
523,333,ATP6AP2,EPAS1,0.87945396
523,270,ATP6AP2,VDR,0.87262565
523,50,ATP6AP2,NFAT5,0.871549
523,550,ATP6AP2,CREB5,0.871549
523,6,ATP6AP2,BTG2,0.87132496
523,263,ATP6AP2,JUN,0.87014145
523,216,ATP6AP2,CUL3,0.8688489
523,52,ATP6AP2,FCGR2B,0.8653457
523,213,ATP6AP2,TCP11L2,0.8653457
523,304,ATP6AP2,HLF,0.8653457
523,517,ATP6AP2,H1F0,0.86525005
523,146,ATP6AP2,SCARF1,0.86454415
523,175,ATP6AP2,TLE2,0.86454415
523,194,ATP6AP2,GOLPH3,0.86454415
523,441,ATP6AP2,EBF1,0.86454415
523,546,ATP6AP2,PROCR,0.86454415
523,622,ATP6AP2,KRT18,0.86454415
523,196,ATP6AP2,RARS,0.86394644
476,621,ATP8B4,SNRPB,0.9279784
476,353,ATP8B4,CBFB,0.8958039
476,475,ATP8B4,BCL2,0.8943191
476,413,ATP8B4,RASSF4,0.8936321
476,587,ATP8B4,NCAPD2,0.8934487
476,67,ATP8B4,HDAC2,0.8842853
476,589,ATP8B4,YBX1,0.8814635
476,209,ATP8B4,ZBTB16,0.871005
476,485,ATP8B4,ABL1,0.8572947
476,292,ATP8B4,HDAC7,0.8491231
476,206,ATP8B4,ZDHHC6,0.82222223
476,508,ATP8B4,NDRG1,0.8207929
476,161,ATP8B4,JARID2,0.8158891
476,29,ATP8B4,IKZF1,0.81469655
476,177,ATP8B4,RELB,0.8064744
476,165,ATP8B4,GTF2H1,0.80269027
476,261,ATP8B4,EZR,0.79818726
476,367,ATP8B4,HCFC1,0.7689227
476,283,ATP8B4,EGR1,0.76551163
476,48,ATP8B4,ELANE,0.7630014
476,439,ATP8B4,DDX20,0.76288325
476,631,ATP8B4,ZFP36,0.7613227
476,486,ATP8B4,NFKBIA,0.7544403
476,351,ATP8B4,ERCC8,0.7492631
476,564,ATP8B4,MFNG,0.73980886
476,263,ATP8B4,JUN,0.73824567
476,208,ATP8B4,CISH,0.73615986
476,331,ATP8B4,PIM2,0.7210268
476,196,ATP8B4,RARS,0.7188496
476,410,ATP8B4,SMARCA2,0.7171902
476,363,ATP8B4,MYC,0.7169096
476,482,ATP8B4,NFATC2,0.7139679
476,466,ATP8B4,ABCG2,0.7137292
476,422,ATP8B4,SESN1,0.7089048
476,180,ATP8B4,TRIM35,0.70698524
476,436,ATP8B4,RARB,0.7039026
476,315,ATP8B4,CTSL,0.70278025
476,357,ATP8B4,MEIS1,0.696814
476,81,ATP8B4,HDAC11,0.69591844
476,82,ATP8B4,RB1,0.6954485
476,557,ATP8B4,SATB1,0.6925286
476,494,ATP8B4,USP11,0.69155985
476,232,ATP8B4,ICAM1,0.6887952
476,34,ATP8B4,MAML3,0.6874514
476,437,ATP8B4,MYB,0.67687047
476,6,ATP8B4,BTG2,0.6687816
476,536,ATP8B4,SPI1,0.6674377
476,449,ATP8B4,TIE1,0.665685
476,253,ATP8B4,GRINA,0.6633158
476,289,ATP8B4,GT(ROSA)26SOR,0.6628989
279,350,AURKB,MCM6,0.9888359
279,259,AURKB,NUP107,0.9867807
279,204,AURKB,MCM2,0.9865698
279,189,AURKB,MCM5,0.98647296
279,299,AURKB,ORC2,0.98575795
279,500,AURKB,MCM3,0.9855989
279,414,AURKB,CENPK,0.9854591
279,561,AURKB,MCM7,0.98542064
279,118,AURKB,MIS12,0.98509455
279,137,AURKB,MYCN,0.98465616
279,426,AURKB,PRPF4,0.98409134
279,575,AURKB,GTF2F1,0.9837452
279,554,AURKB,CDT1,0.98365706
279,323,AURKB,MCM4,0.9835292
279,620,AURKB,TIPIN,0.98267615
279,375,AURKB,SRSF1,0.98061496
279,497,AURKB,TYMS,0.9805972
279,240,AURKB,RPA2,0.97940433
279,74,AURKB,TOP2A,0.97909
279,42,AURKB,HMGB2,0.97841716
279,30,AURKB,PBK,0.97767943
279,182,AURKB,RPA1,0.9772948
279,392,AURKB,DCAF13,0.97530985
279,53,AURKB,ORC6,0.9749382
279,411,AURKB,CDC45,0.97429276
279,478,AURKB,MKI67,0.9734821
279,361,AURKB,CCNB2,0.971872
279,399,AURKB,RRM2,0.97172743
279,119,AURKB,SLC2A3,0.9708865
279,102,AURKB,PRIM1,0.9708829
279,21,AURKB,RRM1,0.9696246
279,266,AURKB,MSH6,0.9694169
279,297,AURKB,LIG1,0.9688701
279,290,AURKB,POLD1,0.96802306
279,433,AURKB,XPC,0.9676706
279,610,AURKB,PRIM2,0.9666572
279,198,AURKB,NDN,0.9665805
279,273,AURKB,FIGNL1,0.96520597
279,246,AURKB,TK1,0.963104
279,407,AURKB,CDC7,0.963104
279,439,AURKB,DDX20,0.948671
279,621,AURKB,SNRPB,0.9303945
279,371,AURKB,SPO11,0.9227293
279,367,AURKB,HCFC1,0.92163444
279,363,AURKB,MYC,0.91370225
279,589,AURKB,YBX1,0.88476926
279,117,AURKB,TFG,0.8658191
279,372,AURKB,BACE1,0.8658191
279,274,AURKB,NOP2,0.8403568
279,404,AURKB,FTSJ3,0.8403568
509,621,B230219D22RIK,SNRPB,0.9282184
509,475,B230219D22RIK,BCL2,0.92070097
509,353,B230219D22RIK,CBFB,0.895775
509,413,B230219D22RIK,RASSF4,0.8941586
509,587,B230219D22RIK,NCAPD2,0.8941586
509,67,B230219D22RIK,HDAC2,0.8850062
509,589,B230219D22RIK,YBX1,0.8819421
509,209,B230219D22RIK,ZBTB16,0.87723786
509,165,B230219D22RIK,GTF2H1,0.8592494
509,485,B230219D22RIK,ABL1,0.8572532
509,292,B230219D22RIK,HDAC7,0.8490846
509,206,B230219D22RIK,ZDHHC6,0.8222312
509,161,B230219D22RIK,JARID2,0.8158728
509,29,B230219D22RIK,IKZF1,0.8147214
509,261,B230219D22RIK,EZR,0.80178684
509,508,B230219D22RIK,NDRG1,0.7808664
509,367,B230219D22RIK,HCFC1,0.7698142
509,439,B230219D22RIK,DDX20,0.7677841
509,437,B230219D22RIK,MYB,0.76757336
509,283,B230219D22RIK,EGR1,0.7656194
509,48,B230219D22RIK,ELANE,0.7628878
509,613,B230219D22RIK,PGLYRP2,0.76224023
509,631,B230219D22RIK,ZFP36,0.7616878
509,486,B230219D22RIK,NFKBIA,0.7551303
509,351,B230219D22RIK,ERCC8,0.7502097
509,564,B230219D22RIK,MFNG,0.74007237
509,177,B230219D22RIK,RELB,0.73413795
509,208,B230219D22RIK,CISH,0.72490764
509,331,B230219D22RIK,PIM2,0.7209422
509,196,B230219D22RIK,RARS,0.71889025
509,363,B230219D22RIK,MYC,0.7176446
509,410,B230219D22RIK,SMARCA2,0.7174124
509,482,B230219D22RIK,NFATC2,0.71484596
509,422,B230219D22RIK,SESN1,0.7136104
509,466,B230219D22RIK,ABCG2,0.71360517
509,180,B230219D22RIK,TRIM35,0.7070132
509,436,B230219D22RIK,RARB,0.7036986
509,263,B230219D22RIK,JUN,0.70247537
509,315,B230219D22RIK,CTSL,0.70178914
509,357,B230219D22RIK,MEIS1,0.6978952
509,81,B230219D22RIK,HDAC11,0.69629973
509,360,B230219D22RIK,FOXO1,0.6956796
509,557,B230219D22RIK,SATB1,0.69231915
509,494,B230219D22RIK,USP11,0.6917651
509,82,B230219D22RIK,RB1,0.69159496
509,232,B230219D22RIK,ICAM1,0.68858284
509,34,B230219D22RIK,MAML3,0.68767226
509,6,B230219D22RIK,BTG2,0.66849935
509,449,B230219D22RIK,TIE1,0.66557777
509,536,B230219D22RIK,SPI1,0.6627755
372,589,BACE1,YBX1,0.98581684
372,621,BACE1,SNRPB,0.9855757
372,587,BACE1,NCAPD2,0.9844707
372,67,BACE1,HDAC2,0.98338735
372,353,BACE1,CBFB,0.9828195
372,439,BACE1,DDX20,0.98065186
372,261,BACE1,EZR,0.9802248
372,363,BACE1,MYC,0.97635436
372,367,BACE1,HCFC1,0.9755975
372,165,BACE1,GTF2H1,0.97549134
372,226,BACE1,POLR2B,0.97516793
372,413,BACE1,RASSF4,0.9743807
372,134,BACE1,PA2G4,0.9696546
372,199,BACE1,E2F4,0.96934605
372,3,BACE1,POLR1B,0.9687468
372,86,BACE1,RANGAP1,0.9645323
372,82,BACE1,RB1,0.96408117
372,345,BACE1,UHRF1,0.96332324
372,480,BACE1,WDR5,0.961241
372,508,BACE1,NDRG1,0.9598424
372,351,BACE1,ERCC8,0.95887065
372,376,BACE1,ATF7,0.95537585
372,154,BACE1,HDGF,0.9552936
372,166,BACE1,PSAT1,0.95528656
372,197,BACE1,WDR4,0.95528656
372,212,BACE1,FLT3,0.95528656
372,217,BACE1,PRMT7,0.95528656
372,220,BACE1,TMEM43,0.95528656
372,347,BACE1,RNF4,0.95528656
372,562,BACE1,NFIA,0.95528656
372,389,BACE1,FOXRED1,0.95520705
372,577,BACE1,CAD,0.9551877
372,33,BACE1,CSTF2,0.9533901
372,209,BACE1,ZBTB16,0.9467272
372,482,BACE1,NFATC2,0.94207036
372,426,BACE1,PRPF4,0.941761
372,104,BACE1,BTK,0.9401606
372,486,BACE1,NFKBIA,0.9380307
372,315,BACE1,CTSL,0.9362308
372,404,BACE1,FTSJ3,0.93489414
372,117,BACE1,TFG,0.931674
372,139,BACE1,PBX1,0.93029183
372,429,BACE1,GFI1B,0.93029183
372,364,BACE1,TAF12,0.9287703
372,377,BACE1,NUPR1,0.928769
372,121,BACE1,PUS7,0.9287429
372,131,BACE1,PPAT,0.9287429
372,164,BACE1,VPS16,0.9287429
372,300,BACE1,TARS,0.9287429
372,440,BACE1,TMEM97,0.9287429
89,621,BATF2,SNRPB,0.92824626
89,353,BATF2,CBFB,0.895775
89,475,BATF2,BCL2,0.8942831
89,413,BATF2,RASSF4,0.8941586
89,587,BATF2,NCAPD2,0.8941586
89,67,BATF2,HDAC2,0.8850062
89,589,BATF2,YBX1,0.8819421
89,209,BATF2,ZBTB16,0.8709828
89,165,BATF2,GTF2H1,0.85932857
89,485,BATF2,ABL1,0.85836256
89,292,BATF2,HDAC7,0.8490846
89,206,BATF2,ZDHHC6,0.8222312
89,508,BATF2,NDRG1,0.8216291
89,161,BATF2,JARID2,0.81512475
89,29,BATF2,IKZF1,0.8147214
89,261,BATF2,EZR,0.7987184
89,367,BATF2,HCFC1,0.7698142
89,437,BATF2,MYB,0.76757336
89,283,BATF2,EGR1,0.7656194
89,439,BATF2,DDX20,0.7637642
89,48,BATF2,ELANE,0.7628878
89,631,BATF2,ZFP36,0.7616878
89,486,BATF2,NFKBIA,0.7551303
89,351,BATF2,ERCC8,0.7502097
89,564,BATF2,MFNG,0.74007237
89,208,BATF2,CISH,0.7360838
89,177,BATF2,RELB,0.73413795
89,196,BATF2,RARS,0.71889025
89,363,BATF2,MYC,0.7176446
89,410,BATF2,SMARCA2,0.7174124
89,482,BATF2,NFATC2,0.71484596
89,422,BATF2,SESN1,0.7136104
89,466,BATF2,ABCG2,0.71360517
89,180,BATF2,TRIM35,0.7070132
89,436,BATF2,RARB,0.7036986
89,331,BATF2,PIM2,0.7026792
89,263,BATF2,JUN,0.70247537
89,315,BATF2,CTSL,0.70188516
89,357,BATF2,MEIS1,0.6965902
89,81,BATF2,HDAC11,0.6961269
89,557,BATF2,SATB1,0.69407994
89,82,BATF2,RB1,0.6918195
89,494,BATF2,USP11,0.6917651
89,232,BATF2,ICAM1,0.68858284
89,34,BATF2,MAML3,0.68767226
89,6,BATF2,BTG2,0.66849935
89,536,BATF2,SPI1,0.66701454
89,449,BATF2,TIE1,0.6655642
89,289,BATF2,GT(ROSA)26SOR,0.6624757
89,613,BATF2,PGLYRP2,0.6624757
573,621,BC005561,SNRPB,0.9282181
573,353,BC005561,CBFB,0.895775
573,475,BC005561,BCL2,0.8942831
573,587,BC005561,NCAPD2,0.8941586
573,413,BC005561,RASSF4,0.8933038
573,67,BC005561,HDAC2,0.8850062
573,589,BC005561,YBX1,0.8819421
573,209,BC005561,ZBTB16,0.8709828
573,165,BC005561,GTF2H1,0.8593966
573,485,BC005561,ABL1,0.8572532
573,292,BC005561,HDAC7,0.8490846
573,206,BC005561,ZDHHC6,0.8222312
573,508,BC005561,NDRG1,0.8216291
573,161,BC005561,JARID2,0.81536126
573,29,BC005561,IKZF1,0.8147214
573,261,BC005561,EZR,0.79889566
573,367,BC005561,HCFC1,0.7698142
573,437,BC005561,MYB,0.76757336
573,283,BC005561,EGR1,0.7656194
573,439,BC005561,DDX20,0.7637642
573,48,BC005561,ELANE,0.7628878
573,631,BC005561,ZFP36,0.7616878
573,486,BC005561,NFKBIA,0.7551303
573,351,BC005561,ERCC8,0.7502097
573,208,BC005561,CISH,0.7360838
573,177,BC005561,RELB,0.73413795
573,482,BC005561,NFATC2,0.7237593
573,331,BC005561,PIM2,0.7212916
573,196,BC005561,RARS,0.71889025
573,363,BC005561,MYC,0.7176446
573,410,BC005561,SMARCA2,0.7174124
573,466,BC005561,ABCG2,0.71360517
573,564,BC005561,MFNG,0.70718926
573,180,BC005561,TRIM35,0.7070132
573,436,BC005561,RARB,0.7036986
573,263,BC005561,JUN,0.70247537
573,315,BC005561,CTSL,0.70188516
573,81,BC005561,HDAC11,0.6994596
573,357,BC005561,MEIS1,0.6965902
573,557,BC005561,SATB1,0.69231915
573,494,BC005561,USP11,0.6917651
573,82,BC005561,RB1,0.69159496
573,187,BC005561,LMO4,0.6907174
573,232,BC005561,ICAM1,0.68858284
573,157,BC005561,PLAG1,0.6863559
573,34,BC005561,MAML3,0.68180364
573,6,BC005561,BTG2,0.6685164
573,536,BC005561,SPI1,0.66701454
573,253,BC005561,GRINA,0.6624757
573,289,BC005561,GT(ROSA)26SOR,0.6624757
403,621,BC035044,SNRPB,0.9350356
403,589,BC035044,YBX1,0.9245828
403,587,BC035044,NCAPD2,0.9188178
403,413,BC035044,RASSF4,0.91709256
403,261,BC035044,EZR,0.91686493
403,165,BC035044,GTF2H1,0.90935236
403,67,BC035044,HDAC2,0.9072205
403,351,BC035044,ERCC8,0.88892657
403,367,BC035044,HCFC1,0.8878993
403,439,BC035044,DDX20,0.86823976
403,82,BC035044,RB1,0.85244644
403,480,BC035044,WDR5,0.8413946
403,475,BC035044,BCL2,0.84075505
403,209,BC035044,ZBTB16,0.8310911
403,363,BC035044,MYC,0.82982343
403,508,BC035044,NDRG1,0.8263891
403,134,BC035044,PA2G4,0.81716895
403,482,BC035044,NFATC2,0.80406976
403,217,BC035044,PRMT7,0.8019556
403,166,BC035044,PSAT1,0.8012024
403,154,BC035044,HDGF,0.80062294
403,212,BC035044,FLT3,0.80062294
403,347,BC035044,RNF4,0.80062294
403,389,BC035044,FOXRED1,0.80062294
403,562,BC035044,NFIA,0.80062294
403,577,BC035044,CAD,0.80062294
403,220,BC035044,TMEM43,0.8002151
403,226,BC035044,POLR2B,0.7961875
403,437,BC035044,MYB,0.78866875
403,485,BC035044,ABL1,0.7874337
403,353,BC035044,CBFB,0.78692573
403,292,BC035044,HDAC7,0.783542
403,206,BC035044,ZDHHC6,0.7797413
403,199,BC035044,E2F4,0.7776151
403,486,BC035044,NFKBIA,0.7600623
403,376,BC035044,ATF7,0.7492175
403,161,BC035044,JARID2,0.7475472
403,315,BC035044,CTSL,0.7467544
403,29,BC035044,IKZF1,0.7416465
403,48,BC035044,ELANE,0.73690164
403,86,BC035044,RANGAP1,0.73465157
403,104,BC035044,BTK,0.72761285
403,139,BC035044,PBX1,0.72101426
403,429,BC035044,GFI1B,0.72101426
403,564,BC035044,MFNG,0.72082734
403,631,BC035044,ZFP36,0.71359086
403,494,BC035044,USP11,0.71246785
403,3,BC035044,POLR1B,0.70172703
403,283,BC035044,EGR1,0.6932521
403,300,BC035044,TARS,0.6742181
475,485,BCL2,ABL1,0.9676079
475,353,BCL2,CBFB,0.9672693
475,292,BCL2,HDAC7,0.96605045
475,29,BCL2,IKZF1,0.9655595
475,161,BCL2,JARID2,0.9623084
475,209,BCL2,ZBTB16,0.9576277
475,631,BCL2,ZFP36,0.9559152
475,206,BCL2,ZDHHC6,0.9551178
475,283,BCL2,EGR1,0.9524289
475,196,BCL2,RARS,0.9520774
475,208,BCL2,CISH,0.94642
475,436,BCL2,RARB,0.9462413
475,621,BCL2,SNRPB,0.94356245
475,232,BCL2,ICAM1,0.94111955
475,413,BCL2,RASSF4,0.9395509
475,587,BCL2,NCAPD2,0.939545
475,557,BCL2,SATB1,0.9388429
475,67,BCL2,HDAC2,0.9338608
475,466,BCL2,ABCG2,0.9316056
475,357,BCL2,MEIS1,0.92974937
475,508,BCL2,NDRG1,0.9256777
475,180,BCL2,TRIM35,0.92402107
475,6,BCL2,BTG2,0.9235278
475,79,BCL2,STAT2,0.92101717
475,536,BCL2,SPI1,0.91966695
475,564,BCL2,MFNG,0.91909313
475,177,BCL2,RELB,0.91848457
475,331,BCL2,PIM2,0.91509926
475,162,BCL2,FES,0.9147292
475,219,BCL2,TLR4,0.9147292
475,278,BCL2,NCF1,0.9147292
475,515,BCL2,IGHM,0.9147292
475,253,BCL2,GRINA,0.9137982
475,289,BCL2,GT(ROSA)26SOR,0.9135957
475,613,BCL2,PGLYRP2,0.9135957
475,410,BCL2,SMARCA2,0.9135936
475,146,BCL2,SCARF1,0.9082873
475,69,BCL2,NAP1L3,0.90808827
475,175,BCL2,TLE2,0.90808827
475,194,BCL2,GOLPH3,0.90808827
475,441,BCL2,EBF1,0.90808827
475,546,BCL2,PROCR,0.90808827
475,622,BCL2,KRT18,0.90808827
475,486,BCL2,NFKBIA,0.90620524
475,81,BCL2,HDAC11,0.9041879
475,263,BCL2,JUN,0.904119
475,52,BCL2,FCGR2B,0.9016895
475,213,BCL2,TCP11L2,0.9016895
475,304,BCL2,HLF,0.9016895
475,224,BCL2,MAPK12,0.8992499
247,621,BID,SNRPB,0.96251655
247,353,BID,CBFB,0.95508814
247,475,BID,BCL2,0.94235134
247,209,BID,ZBTB16,0.92838866
247,485,BID,ABL1,0.926989
247,292,BID,HDAC7,0.92291754
247,67,BID,HDAC2,0.91773736
247,413,BID,RASSF4,0.9170349
247,587,BID,NCAPD2,0.9170349
247,206,BID,ZDHHC6,0.9078198
247,161,BID,JARID2,0.901712
247,29,BID,IKZF1,0.88911086
247,165,BID,GTF2H1,0.88725954
247,508,BID,NDRG1,0.87909734
247,631,BID,ZFP36,0.8689519
247,208,BID,CISH,0.86510277
247,589,BID,YBX1,0.8644237
247,439,BID,DDX20,0.8625787
247,283,BID,EGR1,0.8613373
247,482,BID,NFATC2,0.8567723
247,437,BID,MYB,0.8560222
247,564,BID,MFNG,0.8527602
247,177,BID,RELB,0.8502101
247,261,BID,EZR,0.8454869
247,367,BID,HCFC1,0.8440891
247,486,BID,NFKBIA,0.8410208
247,331,BID,PIM2,0.8343518
247,363,BID,MYC,0.8333237
247,422,BID,SESN1,0.82630706
247,410,BID,SMARCA2,0.82520443
247,436,BID,RARB,0.8172822
247,180,BID,TRIM35,0.81515986
247,196,BID,RARS,0.81096464
247,48,BID,ELANE,0.7976995
247,263,BID,JUN,0.7867922
247,557,BID,SATB1,0.7855774
247,315,BID,CTSL,0.78252107
247,81,BID,HDAC11,0.7819043
247,351,BID,ERCC8,0.78119427
247,232,BID,ICAM1,0.76990443
247,82,BID,RB1,0.76340795
247,494,BID,USP11,0.75883955
247,536,BID,SPI1,0.75764745
247,357,BID,MEIS1,0.75267124
247,6,BID,BTG2,0.734363
247,466,BID,ABCG2,0.7338033
247,34,BID,MAML3,0.7316556
247,289,BID,GT(ROSA)26SOR,0.7270922
247,79,BID,STAT2,0.72579724
247,253,BID,GRINA,0.7240131
31,621,BTAF1,SNRPB,0.9042823
31,353,BTAF1,CBFB,0.89585173
31,413,BTAF1,RASSF4,0.8940922
31,587,BTAF1,NCAPD2,0.8940922
31,209,BTAF1,ZBTB16,0.8904974
31,67,BTAF1,HDAC2,0.88492954
31,589,BTAF1,YBX1,0.88192445
31,165,BTAF1,GTF2H1,0.85930365
31,485,BTAF1,ABL1,0.85737944
31,292,BTAF1,HDAC7,0.84921557
31,475,BTAF1,BCL2,0.84458905
31,161,BTAF1,JARID2,0.8248049
31,206,BTAF1,ZDHHC6,0.8223163
31,508,BTAF1,NDRG1,0.82132447
31,29,BTAF1,IKZF1,0.814717
31,261,BTAF1,EZR,0.79872304
31,367,BTAF1,HCFC1,0.7698436
31,437,BTAF1,MYB,0.76760834
31,283,BTAF1,EGR1,0.76560813
31,439,BTAF1,DDX20,0.7638384
31,48,BTAF1,ELANE,0.75750166
31,486,BTAF1,NFKBIA,0.7549303
31,351,BTAF1,ERCC8,0.7498933
31,631,BTAF1,ZFP36,0.74148107
31,564,BTAF1,MFNG,0.7400614
31,208,BTAF1,CISH,0.7361186
31,73,BTAF1,RORC,0.73580956
31,177,BTAF1,RELB,0.73409057
31,331,BTAF1,PIM2,0.7206983
31,363,BTAF1,MYC,0.7177345
31,482,BTAF1,NFATC2,0.7148091
31,466,BTAF1,ABCG2,0.71355164
31,422,BTAF1,SESN1,0.71353734
31,180,BTAF1,TRIM35,0.70712304
31,263,BTAF1,JUN,0.7025753
31,315,BTAF1,CTSL,0.7014852
31,357,BTAF1,MEIS1,0.69654703
31,82,BTAF1,RB1,0.6965424
31,81,BTAF1,HDAC11,0.69601506
31,557,BTAF1,SATB1,0.6923972
31,494,BTAF1,USP11,0.69164395
31,183,BTAF1,XAF1,0.69155884
31,232,BTAF1,ICAM1,0.6886667
31,34,BTAF1,MAML3,0.68785554
31,196,BTAF1,RARS,0.68480325
31,436,BTAF1,RARB,0.68295133
31,289,BTAF1,GT(ROSA)26SOR,0.675855
31,6,BTAF1,BTG2,0.66863936
31,536,BTAF1,SPI1,0.66715384
31,410,BTAF1,SMARCA2,0.66579866
6,475,BTG2,BCL2,0.974502
6,485,BTG2,ABL1,0.9680242
6,29,BTG2,IKZF1,0.96764666
6,292,BTG2,HDAC7,0.96653205
6,353,BTG2,CBFB,0.96493816
6,161,BTG2,JARID2,0.9572294
6,283,BTG2,EGR1,0.95718044
6,196,BTG2,RARS,0.9568528
6,466,BTG2,ABCG2,0.9533471
6,263,BTG2,JUN,0.9533027
6,631,BTG2,ZFP36,0.9495076
6,209,BTG2,ZBTB16,0.947054
6,79,BTG2,STAT2,0.9429743
6,436,BTG2,RARB,0.94287884
6,206,BTG2,ZDHHC6,0.9424505
6,177,BTG2,RELB,0.939581
6,557,BTG2,SATB1,0.9393455
6,590,BTG2,IL12A,0.9383204
6,208,BTG2,CISH,0.93776333
6,67,BTG2,HDAC2,0.93536127
6,232,BTG2,ICAM1,0.9330731
6,621,BTG2,SNRPB,0.9329503
6,162,BTG2,FES,0.93293613
6,278,BTG2,NCF1,0.93293613
6,536,BTG2,SPI1,0.9325572
6,515,BTG2,IGHM,0.9321383
6,253,BTG2,GRINA,0.9321127
6,289,BTG2,GT(ROSA)26SOR,0.9321127
6,613,BTG2,PGLYRP2,0.9314044
6,69,BTG2,NAP1L3,0.93019974
6,146,BTG2,SCARF1,0.93019974
6,175,BTG2,TLE2,0.93019974
6,194,BTG2,GOLPH3,0.93019974
6,441,BTG2,EBF1,0.9296327
6,546,BTG2,PROCR,0.9294562
6,64,BTG2,IRF9,0.92900205
6,357,BTG2,MEIS1,0.9288598
6,52,BTG2,FCGR2B,0.925083
6,213,BTG2,TCP11L2,0.925083
6,304,BTG2,HLF,0.925083
6,270,BTG2,VDR,0.9236823
6,224,BTG2,MAPK12,0.9227941
6,587,BTG2,NCAPD2,0.9223576
6,413,BTG2,RASSF4,0.92233074
6,293,BTG2,IRF7,0.9220216
6,622,BTG2,KRT18,0.9217962
6,73,BTG2,RORC,0.92158747
6,580,BTG2,MLLT3,0.92001575
6,219,BTG2,TLR4,0.9195807
6,27,BTG2,IRF8,0.9187874
104,475,BTK,BCL2,0.970325
104,413,BTK,RASSF4,0.9675422
104,587,BTK,NCAPD2,0.9675422
104,292,BTK,HDAC7,0.9653018
104,353,BTK,CBFB,0.96286047
104,485,BTK,ABL1,0.9603659
104,29,BTK,IKZF1,0.9596306
104,631,BTK,ZFP36,0.9594454
104,621,BTK,SNRPB,0.95836204
104,161,BTK,JARID2,0.9529267
104,209,BTK,ZBTB16,0.9528596
104,206,BTK,ZDHHC6,0.9477808
104,177,BTK,RELB,0.9476667
104,196,BTK,RARS,0.94529366
104,208,BTK,CISH,0.9451281
104,564,BTK,MFNG,0.93918157
104,508,BTK,NDRG1,0.9387024
104,283,BTK,EGR1,0.9386376
104,232,BTK,ICAM1,0.93838507
104,466,BTK,ABCG2,0.93651515
104,557,BTK,SATB1,0.93322486
104,331,BTK,PIM2,0.93244517
104,589,BTK,YBX1,0.93175125
104,357,BTK,MEIS1,0.9297341
104,436,BTK,RARB,0.9293565
104,410,BTK,SMARCA2,0.925611
104,486,BTK,NFKBIA,0.92516714
104,180,BTK,TRIM35,0.9211953
104,165,BTK,GTF2H1,0.91625965
104,6,BTK,BTG2,0.91559076
104,34,BTK,MAML3,0.9133072
104,79,BTK,STAT2,0.9111312
104,515,BTK,IGHM,0.91060835
104,422,BTK,SESN1,0.91004944
104,81,BTK,HDAC11,0.9096557
104,162,BTK,FES,0.9009272
104,219,BTK,TLR4,0.9007641
104,278,BTK,NCF1,0.9007641
104,69,BTK,NAP1L3,0.90049094
104,146,BTK,SCARF1,0.90049094
104,194,BTK,GOLPH3,0.90049094
104,441,BTK,EBF1,0.90049094
104,546,BTK,PROCR,0.90049094
104,622,BTK,KRT18,0.90049094
104,253,BTK,GRINA,0.9000486
104,613,BTK,PGLYRP2,0.9000486
104,289,BTK,GT(ROSA)26SOR,0.89983296
104,449,BTK,TIE1,0.8920388
104,94,BTK,TRIB3,0.8892351
104,184,BTK,SELL,0.8892351
577,353,CAD,CBFB,0.9845547
577,413,CAD,RASSF4,0.98084897
577,67,CAD,HDAC2,0.9793284
577,587,CAD,NCAPD2,0.9727308
577,475,CAD,BCL2,0.9704888
577,621,CAD,SNRPB,0.964707
577,485,CAD,ABL1,0.9598134
577,631,CAD,ZFP36,0.9580468
577,165,CAD,GTF2H1,0.95738935
577,209,CAD,ZBTB16,0.9571207
577,292,CAD,HDAC7,0.9546473
577,261,CAD,EZR,0.9468235
577,161,CAD,JARID2,0.9462694
577,589,CAD,YBX1,0.9429861
577,564,CAD,MFNG,0.9410029
577,508,CAD,NDRG1,0.9408195
577,367,CAD,HCFC1,0.9407545
577,206,CAD,ZDHHC6,0.9406796
577,466,CAD,ABCG2,0.9387225
577,439,CAD,DDX20,0.9378732
577,363,CAD,MYC,0.9369203
577,486,CAD,NFKBIA,0.93103254
577,331,CAD,PIM2,0.92436546
577,315,CAD,CTSL,0.92250997
577,557,CAD,SATB1,0.92120147
577,410,CAD,SMARCA2,0.9198145
577,29,CAD,IKZF1,0.91917694
577,351,CAD,ERCC8,0.91843
577,81,CAD,HDAC11,0.9142076
577,177,CAD,RELB,0.9138617
577,48,CAD,ELANE,0.9028075
577,82,CAD,RB1,0.9000207
577,208,CAD,CISH,0.89897126
577,226,CAD,POLR2B,0.8989274
577,180,CAD,TRIM35,0.8980473
577,482,CAD,NFATC2,0.897567
577,546,CAD,PROCR,0.89666396
577,622,CAD,KRT18,0.8966495
577,34,CAD,MAML3,0.8942679
577,613,CAD,PGLYRP2,0.89304256
577,283,CAD,EGR1,0.89290863
577,515,CAD,IGHM,0.88844407
577,437,CAD,MYB,0.8876106
577,436,CAD,RARB,0.88529825
577,196,CAD,RARS,0.87834346
577,104,CAD,BTK,0.8779807
577,538,CAD,TRP53I11,0.87587655
577,536,CAD,SPI1,0.8724885
577,580,CAD,MLLT3,0.8713219
577,232,CAD,ICAM1,0.86805737
288,621,CALCRL,SNRPB,0.9282103
288,353,CALCRL,CBFB,0.895775
288,587,CALCRL,NCAPD2,0.8941586
288,161,CALCRL,JARID2,0.89299333
288,67,CALCRL,HDAC2,0.8850062
288,589,CALCRL,YBX1,0.8819421
288,209,CALCRL,ZBTB16,0.8709828
288,413,CALCRL,RASSF4,0.87041616
288,475,CALCRL,BCL2,0.8608384
288,165,CALCRL,GTF2H1,0.8593966
288,485,CALCRL,ABL1,0.8572532
288,292,CALCRL,HDAC7,0.8490846
288,206,CALCRL,ZDHHC6,0.8222312
288,508,CALCRL,NDRG1,0.8216291
288,29,CALCRL,IKZF1,0.8147214
288,261,CALCRL,EZR,0.780789
288,437,CALCRL,MYB,0.76757336
288,283,CALCRL,EGR1,0.7656194
288,439,CALCRL,DDX20,0.7637642
288,367,CALCRL,HCFC1,0.7632896
288,48,CALCRL,ELANE,0.7628878
288,631,CALCRL,ZFP36,0.7616878
288,486,CALCRL,NFKBIA,0.7551303
288,351,CALCRL,ERCC8,0.7502097
288,564,CALCRL,MFNG,0.73974234
288,208,CALCRL,CISH,0.7361043
288,177,CALCRL,RELB,0.73413795
288,52,CALCRL,FCGR2B,0.72435164
288,331,CALCRL,PIM2,0.7212916
288,196,CALCRL,RARS,0.71889025
288,363,CALCRL,MYC,0.7176446
288,410,CALCRL,SMARCA2,0.7174124
288,482,CALCRL,NFATC2,0.71484596
288,422,CALCRL,SESN1,0.7136104
288,466,CALCRL,ABCG2,0.71360517
288,180,CALCRL,TRIM35,0.7067942
288,436,CALCRL,RARB,0.70339257
288,263,CALCRL,JUN,0.70247537
288,315,CALCRL,CTSL,0.70188516
288,357,CALCRL,MEIS1,0.6965902
288,81,CALCRL,HDAC11,0.6961269
288,557,CALCRL,SATB1,0.69231915
288,494,CALCRL,USP11,0.6917651
288,82,CALCRL,RB1,0.69159496
288,232,CALCRL,ICAM1,0.68859005
288,34,CALCRL,MAML3,0.68767226
288,277,CALCRL,RTP4,0.670451
288,6,CALCRL,BTG2,0.66849935
288,536,CALCRL,SPI1,0.66701454
288,449,CALCRL,TIE1,0.66624975
4,475,CASP1,BCL2,0.95020324
4,621,CASP1,SNRPB,0.9278943
4,413,CASP1,RASSF4,0.8941586
4,587,CASP1,NCAPD2,0.8941586
4,67,CASP1,HDAC2,0.8850062
4,209,CASP1,ZBTB16,0.8709828
4,165,CASP1,GTF2H1,0.8593966
4,485,CASP1,ABL1,0.8572532
4,206,CASP1,ZDHHC6,0.850006
4,292,CASP1,HDAC7,0.8490846
4,353,CASP1,CBFB,0.8270503
4,508,CASP1,NDRG1,0.82139933
4,29,CASP1,IKZF1,0.8147214
4,161,CASP1,JARID2,0.8145594
4,261,CASP1,EZR,0.79889566
4,589,CASP1,YBX1,0.79021484
4,437,CASP1,MYB,0.779819
4,367,CASP1,HCFC1,0.7695757
4,283,CASP1,EGR1,0.7656194
4,439,CASP1,DDX20,0.7637642
4,48,CASP1,ELANE,0.7628878
4,631,CASP1,ZFP36,0.7616878
4,486,CASP1,NFKBIA,0.7551303
4,564,CASP1,MFNG,0.74007237
4,351,CASP1,ERCC8,0.7395168
4,208,CASP1,CISH,0.73642415
4,177,CASP1,RELB,0.73413795
4,331,CASP1,PIM2,0.7212916
4,196,CASP1,RARS,0.71889025
4,363,CASP1,MYC,0.7186856
4,410,CASP1,SMARCA2,0.7174124
4,466,CASP1,ABCG2,0.71544266
4,422,CASP1,SESN1,0.7136104
4,180,CASP1,TRIM35,0.7070132
4,482,CASP1,NFATC2,0.706034
4,263,CASP1,JUN,0.70247537
4,315,CASP1,CTSL,0.70188516
4,357,CASP1,MEIS1,0.6965902
4,81,CASP1,HDAC11,0.69631773
4,557,CASP1,SATB1,0.69231915
4,494,CASP1,USP11,0.6917651
4,82,CASP1,RB1,0.69159496
4,232,CASP1,ICAM1,0.68858284
4,34,CASP1,MAML3,0.68767226
4,219,CASP1,TLR4,0.67256606
4,6,CASP1,BTG2,0.67056155
4,536,CASP1,SPI1,0.66701454
4,449,CASP1,TIE1,0.66557777
4,253,CASP1,GRINA,0.6624757
4,289,CASP1,GT(ROSA)26SOR,0.6624757
223,621,CASP12,SNRPB,0.9281673
223,353,CASP12,CBFB,0.89602506
223,475,CASP12,BCL2,0.894214
223,413,CASP12,RASSF4,0.89408064
223,67,CASP12,HDAC2,0.88492167
223,209,CASP12,ZBTB16,0.8708812
223,165,CASP12,GTF2H1,0.8592344
223,485,CASP12,ABL1,0.8582064
223,292,CASP12,HDAC7,0.84897804
223,587,CASP12,NCAPD2,0.8336177
223,206,CASP12,ZDHHC6,0.822124
223,508,CASP12,NDRG1,0.82129323
223,161,CASP12,JARID2,0.8152538
223,261,CASP12,EZR,0.79883623
223,29,CASP12,IKZF1,0.7729739
223,367,CASP12,HCFC1,0.76967204
223,437,CASP12,MYB,0.76750004
223,283,CASP12,EGR1,0.7655707
223,439,CASP12,DDX20,0.76357436
223,48,CASP12,ELANE,0.7628451
223,631,CASP12,ZFP36,0.7615909
223,486,CASP12,NFKBIA,0.7550629
223,82,CASP12,RB1,0.74094564
223,564,CASP12,MFNG,0.73998845
223,208,CASP12,CISH,0.7360108
223,177,CASP12,RELB,0.73398906
223,351,CASP12,ERCC8,0.7280721
223,6,CASP12,BTG2,0.7245125
223,589,CASP12,YBX1,0.7217342
223,331,CASP12,PIM2,0.72123724
223,196,CASP12,RARS,0.71879834
223,363,CASP12,MYC,0.7175018
223,410,CASP12,SMARCA2,0.7173275
223,466,CASP12,ABCG2,0.7154796
223,482,CASP12,NFATC2,0.7147187
223,422,CASP12,SESN1,0.71352524
223,180,CASP12,TRIM35,0.70693356
223,436,CASP12,RARB,0.7026699
223,263,CASP12,JUN,0.70238316
223,315,CASP12,CTSL,0.7018414
223,357,CASP12,MEIS1,0.6966598
223,81,CASP12,HDAC11,0.69609964
223,557,CASP12,SATB1,0.6922893
223,494,CASP12,USP11,0.6906015
223,232,CASP12,ICAM1,0.68855125
223,34,CASP12,MAML3,0.6876877
223,536,CASP12,SPI1,0.6669487
223,449,CASP12,TIE1,0.6655823
223,194,CASP12,GOLPH3,0.66366744
223,253,CASP12,GRINA,0.6625516
416,621,CASP4,SNRPB,0.92955434
416,353,CASP4,CBFB,0.895775
416,475,CASP4,BCL2,0.8942831
416,587,CASP4,NCAPD2,0.8941586
416,413,CASP4,RASSF4,0.89158714
416,67,CASP4,HDAC2,0.8850062
416,209,CASP4,ZBTB16,0.8709828
416,165,CASP4,GTF2H1,0.8593966
416,485,CASP4,ABL1,0.8572532
416,292,CASP4,HDAC7,0.8490846
416,206,CASP4,ZDHHC6,0.8222312
416,589,CASP4,YBX1,0.82147926
416,508,CASP4,NDRG1,0.82139933
416,161,CASP4,JARID2,0.81536126
416,29,CASP4,IKZF1,0.8147214
416,261,CASP4,EZR,0.79889566
416,146,CASP4,SCARF1,0.78030175
416,367,CASP4,HCFC1,0.7698142
416,437,CASP4,MYB,0.76757336
416,283,CASP4,EGR1,0.7656194
416,439,CASP4,DDX20,0.7637642
416,631,CASP4,ZFP36,0.7616878
416,486,CASP4,NFKBIA,0.75092155
416,351,CASP4,ERCC8,0.7502097
416,363,CASP4,MYC,0.7447088
416,208,CASP4,CISH,0.7359916
416,177,CASP4,RELB,0.73413795
416,331,CASP4,PIM2,0.7212916
416,196,CASP4,RARS,0.71889025
416,410,CASP4,SMARCA2,0.7174124
416,564,CASP4,MFNG,0.7157137
416,48,CASP4,ELANE,0.71485406
416,482,CASP4,NFATC2,0.71484596
416,422,CASP4,SESN1,0.7136104
416,466,CASP4,ABCG2,0.71360517
416,180,CASP4,TRIM35,0.7046289
416,436,CASP4,RARB,0.7036986
416,263,CASP4,JUN,0.70247537
416,557,CASP4,SATB1,0.7022194
416,315,CASP4,CTSL,0.70188516
416,357,CASP4,MEIS1,0.6965902
416,81,CASP4,HDAC11,0.6961269
416,82,CASP4,RB1,0.6919941
416,494,CASP4,USP11,0.6917651
416,354,CASP4,IIGP1,0.691672
416,232,CASP4,ICAM1,0.68858284
416,34,CASP4,MAML3,0.68767226
416,27,CASP4,IRF8,0.686603
416,6,CASP4,BTG2,0.668488
416,536,CASP4,SPI1,0.66701454
353,621,CBFB,SNRPB,0.96812034
353,209,CBFB,ZBTB16,0.9523808
353,475,CBFB,BCL2,0.9520456
353,413,CBFB,RASSF4,0.95152897
353,587,CBFB,NCAPD2,0.95152897
353,67,CBFB,HDAC2,0.9486317
353,485,CBFB,ABL1,0.94593465
353,292,CBFB,HDAC7,0.9379229
353,206,CBFB,ZDHHC6,0.93578744
353,589,CBFB,YBX1,0.9346457
353,161,CBFB,JARID2,0.9331747
353,508,CBFB,NDRG1,0.92474574
353,165,CBFB,GTF2H1,0.9244989
353,631,CBFB,ZFP36,0.9143904
353,564,CBFB,MFNG,0.8988404
353,283,CBFB,EGR1,0.89837307
353,486,CBFB,NFKBIA,0.8930163
353,177,CBFB,RELB,0.8909409
353,331,CBFB,PIM2,0.8874906
353,410,CBFB,SMARCA2,0.88195145
353,79,CBFB,STAT2,0.8744626
353,29,CBFB,IKZF1,0.87431526
353,437,CBFB,MYB,0.874042
353,436,CBFB,RARB,0.86821854
353,439,CBFB,DDX20,0.8676928
353,48,CBFB,ELANE,0.867433
353,180,CBFB,TRIM35,0.8643162
353,367,CBFB,HCFC1,0.86422706
353,261,CBFB,EZR,0.862985
353,482,CBFB,NFATC2,0.8594875
353,208,CBFB,CISH,0.8577658
353,422,CBFB,SESN1,0.85772103
353,196,CBFB,RARS,0.8575624
353,232,CBFB,ICAM1,0.8456969
353,363,CBFB,MYC,0.845379
353,81,CBFB,HDAC11,0.8453097
353,263,CBFB,JUN,0.84407365
353,351,CBFB,ERCC8,0.83854735
353,557,CBFB,SATB1,0.83184785
353,315,CBFB,CTSL,0.83175963
353,622,CBFB,KRT18,0.82225204
353,34,CBFB,MAML3,0.80992883
353,357,CBFB,MEIS1,0.8093069
353,494,CBFB,USP11,0.8023412
353,82,CBFB,RB1,0.8008477
353,536,CBFB,SPI1,0.77847373
353,6,CBFB,BTG2,0.77377003
353,466,CBFB,ABCG2,0.76747197
353,104,CBFB,BTK,0.7573902
353,162,CBFB,FES,0.74621296
525,353,CBX7,CBFB,0.8957861
525,413,CBX7,RASSF4,0.8944266
525,587,CBX7,NCAPD2,0.8941586
525,621,CBX7,SNRPB,0.89412594
525,475,CBX7,BCL2,0.8923083
525,589,CBX7,YBX1,0.8821593
525,209,CBX7,ZBTB16,0.8709443
525,165,CBX7,GTF2H1,0.85858285
525,485,CBX7,ABL1,0.8571924
525,67,CBX7,HDAC2,0.852855
525,292,CBX7,HDAC7,0.8490179
525,206,CBX7,ZDHHC6,0.8214442
525,508,CBX7,NDRG1,0.82139933
525,161,CBX7,JARID2,0.8157791
525,29,CBX7,IKZF1,0.81470644
525,261,CBX7,EZR,0.7992669
525,48,CBX7,ELANE,0.77993584
525,367,CBX7,HCFC1,0.7701345
525,437,CBX7,MYB,0.7676832
525,283,CBX7,EGR1,0.76561403
525,439,CBX7,DDX20,0.7640705
525,631,CBX7,ZFP36,0.7616878
525,486,CBX7,NFKBIA,0.7554321
525,351,CBX7,ERCC8,0.7505452
525,564,CBX7,MFNG,0.74016184
525,208,CBX7,CISH,0.7359795
525,177,CBX7,RELB,0.7357074
525,331,CBX7,PIM2,0.721334
525,196,CBX7,RARS,0.7187283
525,363,CBX7,MYC,0.71794844
525,410,CBX7,SMARCA2,0.7174711
525,482,CBX7,NFATC2,0.7150337
525,466,CBX7,ABCG2,0.71359247
525,422,CBX7,SESN1,0.71358037
525,180,CBX7,TRIM35,0.7067083
525,436,CBX7,RARB,0.70347095
525,263,CBX7,JUN,0.7023105
525,315,CBX7,CTSL,0.70222086
525,357,CBX7,MEIS1,0.69654274
525,81,CBX7,HDAC11,0.6961169
525,494,CBX7,USP11,0.69207066
525,82,CBX7,RB1,0.69195354
525,232,CBX7,ICAM1,0.6883455
525,34,CBX7,MAML3,0.6877672
525,557,CBX7,SATB1,0.6811004
525,6,CBX7,BTG2,0.6682991
525,536,CBX7,SPI1,0.66701454
525,449,CBX7,TIE1,0.66545635
525,613,CBX7,PGLYRP2,0.6624757
525,253,CBX7,GRINA,0.66236556
75,621,CCDC137,SNRPB,0.9282103
75,353,CCDC137,CBFB,0.895775
75,475,CCDC137,BCL2,0.8942831
75,587,CCDC137,NCAPD2,0.8942723
75,413,CCDC137,RASSF4,0.8942356
75,67,CCDC137,HDAC2,0.8852011
75,589,CCDC137,YBX1,0.8819421
75,209,CCDC137,ZBTB16,0.8709828
75,292,CCDC137,HDAC7,0.84842736
75,485,CCDC137,ABL1,0.8363876
75,206,CCDC137,ZDHHC6,0.8222312
75,508,CCDC137,NDRG1,0.8213929
75,161,CCDC137,JARID2,0.81536126
75,29,CCDC137,IKZF1,0.8147214
75,261,CCDC137,EZR,0.79889566
75,165,CCDC137,GTF2H1,0.7905664
75,367,CCDC137,HCFC1,0.7698142
75,437,CCDC137,MYB,0.76757336
75,283,CCDC137,EGR1,0.76559925
75,439,CCDC137,DDX20,0.7637642
75,48,CCDC137,ELANE,0.7628878
75,631,CCDC137,ZFP36,0.7616878
75,486,CCDC137,NFKBIA,0.7551303
75,351,CCDC137,ERCC8,0.7502097
75,564,CCDC137,MFNG,0.74007237
75,208,CCDC137,CISH,0.7360838
75,177,CCDC137,RELB,0.72690064
75,331,CCDC137,PIM2,0.7212916
75,357,CCDC137,MEIS1,0.7208254
75,196,CCDC137,RARS,0.7207562
75,363,CCDC137,MYC,0.7176446
75,410,CCDC137,SMARCA2,0.7174124
75,482,CCDC137,NFATC2,0.7148765
75,466,CCDC137,ABCG2,0.71360517
75,422,CCDC137,SESN1,0.7135247
75,180,CCDC137,TRIM35,0.7070132
75,436,CCDC137,RARB,0.7033897
75,263,CCDC137,JUN,0.70247537
75,315,CCDC137,CTSL,0.70188516
75,81,CCDC137,HDAC11,0.6961269
75,557,CCDC137,SATB1,0.6927147
75,494,CCDC137,USP11,0.6917651
75,82,CCDC137,RB1,0.69159496
75,232,CCDC137,ICAM1,0.68881
75,34,CCDC137,MAML3,0.68767226
75,559,CCDC137,RUNX1T1,0.67847216
75,78,CCDC137,MECOM,0.6708156
75,536,CCDC137,SPI1,0.66701454
75,449,CCDC137,TIE1,0.66557777
75,253,CCDC137,GRINA,0.6624757
501,621,CCDC50,SNRPB,0.9282532
501,353,CCDC50,CBFB,0.895775
501,475,CCDC50,BCL2,0.8942831
501,413,CCDC50,RASSF4,0.8941586
501,587,CCDC50,NCAPD2,0.8941586
501,67,CCDC50,HDAC2,0.8850062
501,589,CCDC50,YBX1,0.8819421
501,209,CCDC50,ZBTB16,0.871304
501,165,CCDC50,GTF2H1,0.8593966
501,485,CCDC50,ABL1,0.8572532
501,292,CCDC50,HDAC7,0.8490846
501,206,CCDC50,ZDHHC6,0.8222312
501,508,CCDC50,NDRG1,0.82139933
501,161,CCDC50,JARID2,0.81536126
501,29,CCDC50,IKZF1,0.8147214
501,261,CCDC50,EZR,0.7987026
501,331,CCDC50,PIM2,0.78441936
501,367,CCDC50,HCFC1,0.7698142
501,437,CCDC50,MYB,0.76763517
501,283,CCDC50,EGR1,0.7656194
501,439,CCDC50,DDX20,0.7637642
501,48,CCDC50,ELANE,0.7628878
501,631,CCDC50,ZFP36,0.76164263
501,351,CCDC50,ERCC8,0.74992025
501,486,CCDC50,NFKBIA,0.7453303
501,557,CCDC50,SATB1,0.7434285
501,564,CCDC50,MFNG,0.74007237
501,208,CCDC50,CISH,0.7360838
501,177,CCDC50,RELB,0.73389816
501,196,CCDC50,RARS,0.7185634
501,363,CCDC50,MYC,0.7176446
501,410,CCDC50,SMARCA2,0.7174124
501,482,CCDC50,NFATC2,0.7146369
501,466,CCDC50,ABCG2,0.71360517
501,422,CCDC50,SESN1,0.71333945
501,180,CCDC50,TRIM35,0.7070132
501,436,CCDC50,RARB,0.7036986
501,263,CCDC50,JUN,0.7036811
501,315,CCDC50,CTSL,0.70188516
501,357,CCDC50,MEIS1,0.6965902
501,81,CCDC50,HDAC11,0.6961269
501,494,CCDC50,USP11,0.69290197
501,82,CCDC50,RB1,0.69159496
501,94,CCDC50,TRIB3,0.6907174
501,232,CCDC50,ICAM1,0.68858284
501,34,CCDC50,MAML3,0.6875869
501,277,CCDC50,RTP4,0.6827772
501,79,CCDC50,STAT2,0.67111
501,6,CCDC50,BTG2,0.66849935
501,536,CCDC50,SPI1,0.66701454
543,621,CCL4,SNRPB,0.9282532
543,353,CCL4,CBFB,0.895775
543,475,CCL4,BCL2,0.8942831
543,587,CCL4,NCAPD2,0.8941509
543,67,CCL4,HDAC2,0.8850062
543,589,CCL4,YBX1,0.8819421
543,209,CCL4,ZBTB16,0.8709828
543,165,CCL4,GTF2H1,0.8593966
543,485,CCL4,ABL1,0.8572532
543,292,CCL4,HDAC7,0.84905565
543,206,CCL4,ZDHHC6,0.8222312
543,508,CCL4,NDRG1,0.82139933
543,413,CCL4,RASSF4,0.81509197
543,29,CCL4,IKZF1,0.8147214
543,261,CCL4,EZR,0.79889566
543,161,CCL4,JARID2,0.7921809
543,367,CCL4,HCFC1,0.7698142
543,437,CCL4,MYB,0.7657898
543,283,CCL4,EGR1,0.7656194
543,439,CCL4,DDX20,0.7637642
543,48,CCL4,ELANE,0.7628878
543,631,CCL4,ZFP36,0.7616878
543,486,CCL4,NFKBIA,0.7551303
543,351,CCL4,ERCC8,0.7505006
543,564,CCL4,MFNG,0.74007237
543,208,CCL4,CISH,0.7360838
543,177,CCL4,RELB,0.73413795
543,6,CCL4,BTG2,0.72543675
543,331,CCL4,PIM2,0.7212916
543,196,CCL4,RARS,0.71889025
543,363,CCL4,MYC,0.7176446
543,410,CCL4,SMARCA2,0.7174124
543,422,CCL4,SESN1,0.7136104
543,466,CCL4,ABCG2,0.71360517
543,482,CCL4,NFATC2,0.7104207
543,180,CCL4,TRIM35,0.7070132
543,436,CCL4,RARB,0.7036986
543,263,CCL4,JUN,0.70247537
543,315,CCL4,CTSL,0.70188516
543,69,CCL4,NAP1L3,0.7002005
543,357,CCL4,MEIS1,0.6965902
543,81,CCL4,HDAC11,0.6961269
543,557,CCL4,SATB1,0.69231915
543,494,CCL4,USP11,0.6916986
543,82,CCL4,RB1,0.69159496
543,232,CCL4,ICAM1,0.68858284
543,34,CCL4,MAML3,0.68767226
543,183,CCL4,XAF1,0.6833825
543,213,CCL4,TCP11L2,0.6798094
543,219,CCL4,TLR4,0.67276156
555,621,CCL9,SNRPB,0.9282103
555,353,CCL9,CBFB,0.895775
555,475,CCL9,BCL2,0.8942831
555,413,CCL9,RASSF4,0.8941586
555,587,CCL9,NCAPD2,0.8939444
555,67,CCL9,HDAC2,0.8850062
555,589,CCL9,YBX1,0.88198805
555,209,CCL9,ZBTB16,0.8709828
555,165,CCL9,GTF2H1,0.8593966
555,485,CCL9,ABL1,0.85706496
555,292,CCL9,HDAC7,0.8490846
555,206,CCL9,ZDHHC6,0.8222312
555,508,CCL9,NDRG1,0.82139933
555,29,CCL9,IKZF1,0.8147214
555,261,CCL9,EZR,0.79889566
555,161,CCL9,JARID2,0.7922321
555,367,CCL9,HCFC1,0.7698142
555,283,CCL9,EGR1,0.7656194
555,439,CCL9,DDX20,0.7637642
555,48,CCL9,ELANE,0.7628878
555,631,CCL9,ZFP36,0.7616878
555,486,CCL9,NFKBIA,0.7565134
555,351,CCL9,ERCC8,0.7502097
555,208,CCL9,CISH,0.7360838
555,177,CCL9,RELB,0.73413795
555,331,CCL9,PIM2,0.7212916
555,196,CCL9,RARS,0.71859664
555,363,CCL9,MYC,0.7176446
555,410,CCL9,SMARCA2,0.7174124
555,482,CCL9,NFATC2,0.71484596
555,422,CCL9,SESN1,0.71370655
555,466,CCL9,ABCG2,0.7096625
555,180,CCL9,TRIM35,0.70863396
555,436,CCL9,RARB,0.7054761
555,263,CCL9,JUN,0.7036811
555,357,CCL9,MEIS1,0.6965902
555,81,CCL9,HDAC11,0.6961269
555,494,CCL9,USP11,0.6917651
555,82,CCL9,RB1,0.69159496
555,232,CCL9,ICAM1,0.68858284
555,34,CCL9,MAML3,0.68767226
555,183,CCL9,XAF1,0.6833825
555,437,CCL9,MYB,0.6773276
555,315,CCL9,CTSL,0.67211604
555,6,CCL9,BTG2,0.66849935
555,564,CCL9,MFNG,0.66813326
555,536,CCL9,SPI1,0.66701454
555,449,CCL9,TIE1,0.6653325
555,613,CCL9,PGLYRP2,0.6630675
555,253,CCL9,GRINA,0.6624757
361,204,CCNB2,MCM2,0.98508066
361,189,CCNB2,MCM5,0.98493654
361,259,CCNB2,NUP107,0.98451024
361,299,CCNB2,ORC2,0.9843109
361,500,CCNB2,MCM3,0.9835601
361,561,CCNB2,MCM7,0.98353356
361,137,CCNB2,MYCN,0.9833124
361,414,CCNB2,CENPK,0.9832982
361,575,CCNB2,GTF2F1,0.9829239
361,426,CCNB2,PRPF4,0.9826093
361,350,CCNB2,MCM6,0.98254275
361,118,CCNB2,MIS12,0.98239917
361,554,CCNB2,CDT1,0.9805729
361,323,CCNB2,MCM4,0.97914267
361,375,CCNB2,SRSF1,0.9789276
361,392,CCNB2,DCAF13,0.9736736
361,74,CCNB2,TOP2A,0.9730556
361,240,CCNB2,RPA2,0.973043
361,42,CCNB2,HMGB2,0.9727719
361,119,CCNB2,SLC2A3,0.9725705
361,30,CCNB2,PBK,0.97094506
361,182,CCNB2,RPA1,0.97091144
361,279,CCNB2,AURKB,0.96846026
361,53,CCNB2,ORC6,0.96842986
361,411,CCNB2,CDC45,0.96777314
361,478,CCNB2,MKI67,0.96675915
361,399,CCNB2,RRM2,0.9641214
361,102,CCNB2,PRIM1,0.96356446
361,497,CCNB2,TYMS,0.9632904
361,21,CCNB2,RRM1,0.9620663
361,266,CCNB2,MSH6,0.96194947
361,433,CCNB2,XPC,0.9618278
361,297,CCNB2,LIG1,0.9612537
361,620,CCNB2,TIPIN,0.960703
361,290,CCNB2,POLD1,0.95869446
361,610,CCNB2,PRIM2,0.9579995
361,273,CCNB2,FIGNL1,0.9561548
361,246,CCNB2,TK1,0.9537034
361,407,CCNB2,CDC7,0.9537034
361,198,CCNB2,NDN,0.938303
361,621,CCNB2,SNRPB,0.93002015
361,363,CCNB2,MYC,0.91163033
361,371,CCNB2,SPO11,0.9062168
361,367,CCNB2,HCFC1,0.90298736
361,589,CCNB2,YBX1,0.8740679
361,117,CCNB2,TFG,0.8376021
361,372,CCNB2,BACE1,0.8376021
361,226,CCNB2,POLR2B,0.8359223
361,82,CCNB2,RB1,0.80533046
361,274,CCNB2,NOP2,0.80403143
22,621,CD300A,SNRPB,0.92829335
22,353,CD300A,CBFB,0.895751
22,413,CD300A,RASSF4,0.8947755
22,587,CD300A,NCAPD2,0.89453536
22,475,CD300A,BCL2,0.8941863
22,67,CD300A,HDAC2,0.88541824
22,589,CD300A,YBX1,0.8822921
22,209,CD300A,ZBTB16,0.8708915
22,485,CD300A,ABL1,0.8571366
22,292,CD300A,HDAC7,0.8489602
22,165,CD300A,GTF2H1,0.84580016
22,206,CD300A,ZDHHC6,0.82212603
22,508,CD300A,NDRG1,0.8184128
22,161,CD300A,JARID2,0.81526434
22,29,CD300A,IKZF1,0.8146881
22,261,CD300A,EZR,0.7995126
22,367,CD300A,HCFC1,0.77050287
22,437,CD300A,MYB,0.7678546
22,283,CD300A,EGR1,0.76560843
22,48,CD300A,ELANE,0.7627436
22,631,CD300A,ZFP36,0.7618915
22,439,CD300A,DDX20,0.7566467
22,486,CD300A,NFKBIA,0.7548565
22,351,CD300A,ERCC8,0.75093883
22,482,CD300A,NFATC2,0.7508518
22,64,CD300A,IRF9,0.74865717
22,564,CD300A,MFNG,0.74092704
22,208,CD300A,CISH,0.7358939
22,177,CD300A,RELB,0.7342989
22,331,CD300A,PIM2,0.7213981
22,196,CD300A,RARS,0.71877736
22,410,CD300A,SMARCA2,0.71740675
22,363,CD300A,MYC,0.7166893
22,422,CD300A,SESN1,0.71360105
22,466,CD300A,ABCG2,0.7135636
22,180,CD300A,TRIM35,0.7066639
22,263,CD300A,JUN,0.7023066
22,315,CD300A,CTSL,0.7022842
22,357,CD300A,MEIS1,0.696444
22,81,CD300A,HDAC11,0.6961577
22,82,CD300A,RB1,0.6923961
22,494,CD300A,USP11,0.6920737
22,557,CD300A,SATB1,0.6919885
22,34,CD300A,MAML3,0.68829924
22,232,CD300A,ICAM1,0.6882469
22,436,CD300A,RARB,0.6702962
22,6,CD300A,BTG2,0.6681986
22,536,CD300A,SPI1,0.6665267
22,449,CD300A,TIE1,0.66540736
22,253,CD300A,GRINA,0.66288906
321,475,CD48,BCL2,0.95039636
321,621,CD48,SNRPB,0.9282103
321,353,CD48,CBFB,0.895775
321,413,CD48,RASSF4,0.8941586
321,587,CD48,NCAPD2,0.8933038
321,67,CD48,HDAC2,0.8850062
321,589,CD48,YBX1,0.8819421
321,209,CD48,ZBTB16,0.8709828
321,165,CD48,GTF2H1,0.8593966
321,485,CD48,ABL1,0.8572532
321,206,CD48,ZDHHC6,0.8222312
321,508,CD48,NDRG1,0.82139933
321,161,CD48,JARID2,0.81536126
321,29,CD48,IKZF1,0.8147214
321,261,CD48,EZR,0.79879767
321,292,CD48,HDAC7,0.7929506
321,437,CD48,MYB,0.76768965
321,283,CD48,EGR1,0.7656194
321,439,CD48,DDX20,0.7637642
321,48,CD48,ELANE,0.7628878
321,367,CD48,HCFC1,0.762447
321,631,CD48,ZFP36,0.7616878
321,486,CD48,NFKBIA,0.7551303
321,351,CD48,ERCC8,0.7502097
321,564,CD48,MFNG,0.74007237
321,208,CD48,CISH,0.7360838
321,177,CD48,RELB,0.7349779
321,175,CD48,TLE2,0.727379
321,331,CD48,PIM2,0.7212916
321,196,CD48,RARS,0.7185634
321,363,CD48,MYC,0.7176446
321,410,CD48,SMARCA2,0.7174124
321,422,CD48,SESN1,0.7136104
321,466,CD48,ABCG2,0.71360517
321,482,CD48,NFATC2,0.7129028
321,180,CD48,TRIM35,0.7070132
321,436,CD48,RARB,0.7036986
321,263,CD48,JUN,0.70247537
321,315,CD48,CTSL,0.70188516
321,357,CD48,MEIS1,0.6969625
321,81,CD48,HDAC11,0.6961269
321,557,CD48,SATB1,0.69231915
321,494,CD48,USP11,0.6917651
321,82,CD48,RB1,0.69166064
321,232,CD48,ICAM1,0.68858284
321,34,CD48,MAML3,0.68767226
321,580,CD48,MLLT3,0.6799653
321,550,CD48,CREB5,0.6749249
321,6,CD48,BTG2,0.66849935
321,536,CD48,SPI1,0.66701454
236,621,CD52,SNRPB,0.92780995
236,353,CD52,CBFB,0.89578545
236,475,CD52,BCL2,0.8945672
236,413,CD52,RASSF4,0.8935544
236,587,CD52,NCAPD2,0.8935544
236,209,CD52,ZBTB16,0.89062274
236,67,CD52,HDAC2,0.8843586
236,589,CD52,YBX1,0.88110167
236,485,CD52,ABL1,0.85757995
236,292,CD52,HDAC7,0.84944755
236,206,CD52,ZDHHC6,0.8226939
236,508,CD52,NDRG1,0.8207667
236,161,CD52,JARID2,0.81580913
236,29,CD52,IKZF1,0.81455845
236,165,CD52,GTF2H1,0.8142681
236,261,CD52,EZR,0.7979358
236,367,CD52,HCFC1,0.7679256
236,437,CD52,MYB,0.7668014
236,283,CD52,EGR1,0.7654659
236,48,CD52,ELANE,0.76302123
236,439,CD52,DDX20,0.76280206
236,631,CD52,ZFP36,0.7616684
236,486,CD52,NFKBIA,0.7545874
236,351,CD52,ERCC8,0.74842876
236,564,CD52,MFNG,0.73997504
236,208,CD52,CISH,0.7368235
236,177,CD52,RELB,0.734402
236,331,CD52,PIM2,0.72140574
236,196,CD52,RARS,0.71934885
236,410,CD52,SMARCA2,0.7176863
236,363,CD52,MYC,0.7160697
236,333,CD52,EPAS1,0.71519333
236,482,CD52,NFATC2,0.7136915
236,466,CD52,ABCG2,0.7135108
236,180,CD52,TRIM35,0.707951
236,436,CD52,RARB,0.7044672
236,263,CD52,JUN,0.70292723
236,315,CD52,CTSL,0.7014037
236,357,CD52,MEIS1,0.6969177
236,81,CD52,HDAC11,0.6964786
236,557,CD52,SATB1,0.6930986
236,494,CD52,USP11,0.69155174
236,82,CD52,RB1,0.68961036
236,232,CD52,ICAM1,0.6893609
236,34,CD52,MAML3,0.6874377
236,422,CD52,SESN1,0.6874323
236,289,CD52,GT(ROSA)26SOR,0.670069
236,6,CD52,BTG2,0.6689836
236,536,CD52,SPI1,0.6682865
236,146,CD52,SCARF1,0.66804945
151,621,CD53,SNRPB,0.9282548
151,353,CD53,CBFB,0.895775
151,475,CD53,BCL2,0.8942831
151,413,CD53,RASSF4,0.8941586
151,587,CD53,NCAPD2,0.8941586
151,67,CD53,HDAC2,0.8847818
151,589,CD53,YBX1,0.8820887
151,209,CD53,ZBTB16,0.8709828
151,165,CD53,GTF2H1,0.85787445
151,485,CD53,ABL1,0.8572532
151,292,CD53,HDAC7,0.8490846
151,508,CD53,NDRG1,0.82139933
151,206,CD53,ZDHHC6,0.82137835
151,161,CD53,JARID2,0.81536126
151,29,CD53,IKZF1,0.81481063
151,261,CD53,EZR,0.79889566
151,437,CD53,MYB,0.76757336
151,283,CD53,EGR1,0.7656194
151,439,CD53,DDX20,0.7637642
151,48,CD53,ELANE,0.7628878
151,631,CD53,ZFP36,0.76168686
151,486,CD53,NFKBIA,0.7551303
151,351,CD53,ERCC8,0.7503152
151,208,CD53,CISH,0.7360838
151,177,CD53,RELB,0.73413795
151,564,CD53,MFNG,0.7278348
151,331,CD53,PIM2,0.7212916
151,196,CD53,RARS,0.71889025
151,410,CD53,SMARCA2,0.7174124
151,482,CD53,NFATC2,0.71484596
151,363,CD53,MYC,0.7143017
151,422,CD53,SESN1,0.7136104
151,466,CD53,ABCG2,0.71360517
151,180,CD53,TRIM35,0.7070132
151,436,CD53,RARB,0.7036986
151,263,CD53,JUN,0.70247537
151,315,CD53,CTSL,0.70188516
151,357,CD53,MEIS1,0.6965902
151,81,CD53,HDAC11,0.6961269
151,557,CD53,SATB1,0.69231915
151,494,CD53,USP11,0.6917651
151,82,CD53,RB1,0.69159496
151,232,CD53,ICAM1,0.68896097
151,6,CD53,BTG2,0.6888521
151,34,CD53,MAML3,0.68767226
151,536,CD53,SPI1,0.66701454
151,449,CD53,TIE1,0.66557777
151,289,CD53,GT(ROSA)26SOR,0.66255695
151,253,CD53,GRINA,0.6624757
151,613,CD53,PGLYRP2,0.6624757
415,621,CD69,SNRPB,0.9296989
415,353,CD69,CBFB,0.89600015
415,475,CD69,BCL2,0.8944633
415,587,CD69,NCAPD2,0.8943242
415,413,CD69,RASSF4,0.89175355
415,67,CD69,HDAC2,0.87954974
415,209,CD69,ZBTB16,0.870894
415,485,CD69,ABL1,0.8574967
415,292,CD69,HDAC7,0.8493497
415,206,CD69,ZDHHC6,0.8221364
415,589,CD69,YBX1,0.8218218
415,508,CD69,NDRG1,0.82166344
415,161,CD69,JARID2,0.81525177
415,29,CD69,IKZF1,0.8146781
415,165,CD69,GTF2H1,0.8037496
415,261,CD69,EZR,0.7991719
415,367,CD69,HCFC1,0.7699838
415,437,CD69,MYB,0.7677186
415,283,CD69,EGR1,0.7657594
415,439,CD69,DDX20,0.764019
415,48,CD69,ELANE,0.76290476
415,631,CD69,ZFP36,0.7618047
415,486,CD69,NFKBIA,0.75108844
415,351,CD69,ERCC8,0.75037587
415,363,CD69,MYC,0.7450872
415,208,CD69,CISH,0.73596287
415,177,CD69,RELB,0.7341426
415,331,CD69,PIM2,0.7214238
415,196,CD69,RARS,0.7187473
415,410,CD69,SMARCA2,0.71752864
415,564,CD69,MFNG,0.7158374
415,482,CD69,NFATC2,0.71506876
415,422,CD69,SESN1,0.713725
415,466,CD69,ABCG2,0.71362126
415,180,CD69,TRIM35,0.70664203
415,436,CD69,RARB,0.7038918
415,557,CD69,SATB1,0.70248824
415,263,CD69,JUN,0.70232934
415,315,CD69,CTSL,0.70197576
415,357,CD69,MEIS1,0.69667214
415,81,CD69,HDAC11,0.6961164
415,494,CD69,USP11,0.691912
415,82,CD69,RB1,0.6918585
415,354,CD69,IIGP1,0.69184875
415,232,CD69,ICAM1,0.688384
415,34,CD69,MAML3,0.68774074
415,6,CD69,BTG2,0.6683406
415,536,CD69,SPI1,0.66727597
415,449,CD69,TIE1,0.6659115
415,289,CD69,GT(ROSA)26SOR,0.66261417
255,621,CD74,SNRPB,0.928213
255,353,CD74,CBFB,0.895775
255,475,CD74,BCL2,0.8942831
255,413,CD74,RASSF4,0.8941586
255,587,CD74,NCAPD2,0.8941586
255,589,CD74,YBX1,0.8819421
255,209,CD74,ZBTB16,0.8709828
255,165,CD74,GTF2H1,0.8593966
255,485,CD74,ABL1,0.8572532
255,292,CD74,HDAC7,0.84921783
255,67,CD74,HDAC2,0.8400238
255,206,CD74,ZDHHC6,0.8220157
255,508,CD74,NDRG1,0.8203991
255,161,CD74,JARID2,0.81536126
255,29,CD74,IKZF1,0.8147214
255,261,CD74,EZR,0.79889566
255,367,CD74,HCFC1,0.7698142
255,283,CD74,EGR1,0.7656194
255,263,CD74,JUN,0.7649864
255,439,CD74,DDX20,0.7637642
255,48,CD74,ELANE,0.7628878
255,631,CD74,ZFP36,0.7616878
255,486,CD74,NFKBIA,0.7551303
255,196,CD74,RARS,0.7519067
255,351,CD74,ERCC8,0.7502097
255,564,CD74,MFNG,0.74007237
255,437,CD74,MYB,0.7362033
255,208,CD74,CISH,0.7360558
255,177,CD74,RELB,0.73413795
255,331,CD74,PIM2,0.7213394
255,363,CD74,MYC,0.7176446
255,410,CD74,SMARCA2,0.7174124
255,482,CD74,NFATC2,0.7146799
255,422,CD74,SESN1,0.71360755
255,466,CD74,ABCG2,0.71360517
255,315,CD74,CTSL,0.7126253
255,180,CD74,TRIM35,0.7070132
255,436,CD74,RARB,0.7036986
255,357,CD74,MEIS1,0.6965902
255,81,CD74,HDAC11,0.6961269
255,557,CD74,SATB1,0.69231915
255,494,CD74,USP11,0.6917651
255,232,CD74,ICAM1,0.68858284
255,34,CD74,MAML3,0.68767226
255,613,CD74,PGLYRP2,0.6733057
255,6,CD74,BTG2,0.66849935
255,546,CD74,PROCR,0.66723084
255,536,CD74,SPI1,0.66704243
255,449,CD74,TIE1,0.6658029
255,253,CD74,GRINA,0.6624757
147,621,CD82,SNRPB,0.9282103
147,353,CD82,CBFB,0.895775
147,475,CD82,BCL2,0.8942831
147,587,CD82,NCAPD2,0.8941586
147,67,CD82,HDAC2,0.8851019
147,589,CD82,YBX1,0.8819421
147,209,CD82,ZBTB16,0.8709828
147,165,CD82,GTF2H1,0.86375195
147,485,CD82,ABL1,0.8572532
147,292,CD82,HDAC7,0.85030335
147,206,CD82,ZDHHC6,0.82202345
147,508,CD82,NDRG1,0.82139933
147,161,CD82,JARID2,0.81536126
147,29,CD82,IKZF1,0.8147214
147,413,CD82,RASSF4,0.8105941
147,261,CD82,EZR,0.79889566
147,208,CD82,CISH,0.77123505
147,367,CD82,HCFC1,0.7698142
147,283,CD82,EGR1,0.7656194
147,439,CD82,DDX20,0.7641273
147,631,CD82,ZFP36,0.7616878
147,486,CD82,NFKBIA,0.7551303
147,351,CD82,ERCC8,0.75034046
147,564,CD82,MFNG,0.74007237
147,48,CD82,ELANE,0.7345329
147,331,CD82,PIM2,0.7212916
147,196,CD82,RARS,0.71889025
147,363,CD82,MYC,0.7176446
147,410,CD82,SMARCA2,0.7174124
147,482,CD82,NFATC2,0.71484596
147,422,CD82,SESN1,0.7136104
147,466,CD82,ABCG2,0.71360517
147,180,CD82,TRIM35,0.7070132
147,436,CD82,RARB,0.7036986
147,263,CD82,JUN,0.70247537
147,315,CD82,CTSL,0.70188516
147,69,CD82,NAP1L3,0.7002005
147,557,CD82,SATB1,0.69945145
147,81,CD82,HDAC11,0.6961269
147,357,CD82,MEIS1,0.6954784
147,82,CD82,RB1,0.69159496
147,494,CD82,USP11,0.6908896
147,232,CD82,ICAM1,0.68858284
147,34,CD82,MAML3,0.68767226
147,437,CD82,MYB,0.6773276
147,6,CD82,BTG2,0.66849935
147,449,CD82,TIE1,0.66557777
147,253,CD82,GRINA,0.6624757
147,289,CD82,GT(ROSA)26SOR,0.6624757
147,613,CD82,PGLYRP2,0.6624757
425,621,CD9,SNRPB,0.90420014
425,353,CD9,CBFB,0.8957592
425,475,CD9,BCL2,0.89425784
425,413,CD9,RASSF4,0.8942015
425,587,CD9,NCAPD2,0.8942015
425,67,CD9,HDAC2,0.88371027
425,589,CD9,YBX1,0.88198215
425,209,CD9,ZBTB16,0.8709599
425,165,CD9,GTF2H1,0.8594475
425,292,CD9,HDAC7,0.8490549
425,485,CD9,ABL1,0.83137906
425,206,CD9,ZDHHC6,0.8214642
425,508,CD9,NDRG1,0.82136345
425,161,CD9,JARID2,0.81533355
425,29,CD9,IKZF1,0.8146859
425,261,CD9,EZR,0.799005
425,367,CD9,HCFC1,0.76850724
425,283,CD9,EGR1,0.76559097
425,439,CD9,DDX20,0.76353127
425,48,CD9,ELANE,0.7628995
425,631,CD9,ZFP36,0.76168257
425,486,CD9,NFKBIA,0.7551598
425,351,CD9,ERCC8,0.7505806
425,564,CD9,MFNG,0.74008465
425,208,CD9,CISH,0.7346682
425,177,CD9,RELB,0.734136
425,6,CD9,BTG2,0.7246514
425,331,CD9,PIM2,0.7212669
425,196,CD9,RARS,0.7188025
425,363,CD9,MYC,0.7176011
425,410,CD9,SMARCA2,0.7171303
425,482,CD9,NFATC2,0.7149107
425,466,CD9,ABCG2,0.71357083
425,422,CD9,SESN1,0.7135626
425,436,CD9,RARB,0.70841885
425,180,CD9,TRIM35,0.7069188
425,263,CD9,JUN,0.7024417
425,315,CD9,CTSL,0.70194745
425,175,CD9,TLE2,0.70021266
425,357,CD9,MEIS1,0.69650424
425,81,CD9,HDAC11,0.69607353
425,557,CD9,SATB1,0.6922181
425,494,CD9,USP11,0.6918013
425,82,CD9,RB1,0.6917739
425,232,CD9,ICAM1,0.68848085
425,34,CD9,MAML3,0.6876574
425,437,CD9,MYB,0.6774128
425,536,CD9,SPI1,0.667097
425,449,CD9,TIE1,0.66548496
425,253,CD9,GRINA,0.6623761
411,204,CDC45,MCM2,0.9862358
411,189,CDC45,MCM5,0.9860909
411,259,CDC45,NUP107,0.98551095
411,500,CDC45,MCM3,0.9851269
411,299,CDC45,ORC2,0.9850519
411,414,CDC45,CENPK,0.9849643
411,561,CDC45,MCM7,0.9848815
411,350,CDC45,MCM6,0.9846987
411,118,CDC45,MIS12,0.9835143
411,426,CDC45,PRPF4,0.9830656
411,575,CDC45,GTF2F1,0.9824751
411,554,CDC45,CDT1,0.98203045
411,323,CDC45,MCM4,0.98177874
411,137,CDC45,MYCN,0.98160285
411,182,CDC45,RPA1,0.9809156
411,497,CDC45,TYMS,0.97757244
411,290,CDC45,POLD1,0.9772486
411,375,CDC45,SRSF1,0.97689223
411,74,CDC45,TOP2A,0.9762758
411,240,CDC45,RPA2,0.9761919
411,42,CDC45,HMGB2,0.97604275
411,30,CDC45,PBK,0.9740553
411,279,CDC45,AURKB,0.9737308
411,53,CDC45,ORC6,0.97210693
411,392,CDC45,DCAF13,0.9713405
411,478,CDC45,MKI67,0.9706031
411,119,CDC45,SLC2A3,0.96919435
411,361,CDC45,CCNB2,0.96854734
411,399,CDC45,RRM2,0.9680687
411,102,CDC45,PRIM1,0.96764594
411,21,CDC45,RRM1,0.9663509
411,297,CDC45,LIG1,0.9654977
411,266,CDC45,MSH6,0.9640949
411,620,CDC45,TIPIN,0.96327037
411,610,CDC45,PRIM2,0.96263707
411,433,CDC45,XPC,0.96136403
411,273,CDC45,FIGNL1,0.96097773
411,246,CDC45,TK1,0.9595316
411,407,CDC45,CDC7,0.9595316
411,198,CDC45,NDN,0.95949143
411,439,CDC45,DDX20,0.9324248
411,621,CDC45,SNRPB,0.91486484
411,371,CDC45,SPO11,0.90708166
411,363,CDC45,MYC,0.8859038
411,367,CDC45,HCFC1,0.88067746
411,589,CDC45,YBX1,0.84521437
411,226,CDC45,POLR2B,0.80676407
411,117,CDC45,TFG,0.7844881
411,372,CDC45,BACE1,0.7844881
411,82,CDC45,RB1,0.7710819
604,621,CDC6,SNRPB,0.92731714
604,475,CDC6,BCL2,0.89439875
604,413,CDC6,RASSF4,0.89206386
604,587,CDC6,NCAPD2,0.89206386
604,353,CDC6,CBFB,0.8917853
604,67,CDC6,HDAC2,0.8827248
604,589,CDC6,YBX1,0.880212
604,209,CDC6,ZBTB16,0.87071776
604,485,CDC6,ABL1,0.85699147
604,165,CDC6,GTF2H1,0.85693413
604,292,CDC6,HDAC7,0.8487281
604,206,CDC6,ZDHHC6,0.82146746
604,508,CDC6,NDRG1,0.819036
604,161,CDC6,JARID2,0.8149046
604,29,CDC6,IKZF1,0.8141731
604,261,CDC6,EZR,0.79570484
604,367,CDC6,HCFC1,0.76726
604,283,CDC6,EGR1,0.7645278
604,48,CDC6,ELANE,0.76382214
604,439,CDC6,DDX20,0.7611357
604,631,CDC6,ZFP36,0.75869465
604,351,CDC6,ERCC8,0.75617284
604,486,CDC6,NFKBIA,0.75209206
604,437,CDC6,MYB,0.7428891
604,564,CDC6,MFNG,0.7389431
604,208,CDC6,CISH,0.7352131
604,177,CDC6,RELB,0.7307798
604,331,CDC6,PIM2,0.7193086
604,196,CDC6,RARS,0.716125
604,363,CDC6,MYC,0.7159942
604,410,CDC6,SMARCA2,0.7149932
604,466,CDC6,ABCG2,0.71354747
604,422,CDC6,SESN1,0.7116637
604,482,CDC6,NFATC2,0.7110005
604,180,CDC6,TRIM35,0.70616454
604,436,CDC6,RARB,0.70274436
604,315,CDC6,CTSL,0.70186836
604,263,CDC6,JUN,0.70118713
604,357,CDC6,MEIS1,0.69646513
604,81,CDC6,HDAC11,0.6939817
604,394,CDC6,MAPK1,0.6935848
604,494,CDC6,USP11,0.69187474
604,557,CDC6,SATB1,0.69167745
604,232,CDC6,ICAM1,0.68794465
604,34,CDC6,MAML3,0.6865517
604,82,CDC6,RB1,0.68583745
604,6,CDC6,BTG2,0.6688045
604,536,CDC6,SPI1,0.6672288
604,449,CDC6,TIE1,0.6651778
604,253,CDC6,GRINA,0.6637059
407,137,CDC7,MYCN,0.9846118
407,575,CDC7,GTF2F1,0.98218554
407,375,CDC7,SRSF1,0.98102564
407,299,CDC7,ORC2,0.9802828
407,426,CDC7,PRPF4,0.9794058
407,259,CDC7,NUP107,0.97774065
407,189,CDC7,MCM5,0.97745186
407,204,CDC7,MCM2,0.9774458
407,392,CDC7,DCAF13,0.976854
407,118,CDC7,MIS12,0.97357935
407,350,CDC7,MCM6,0.97324616
407,198,CDC7,NDN,0.9730452
407,561,CDC7,MCM7,0.9729594
407,414,CDC7,CENPK,0.97292995
407,500,CDC7,MCM3,0.97278565
407,119,CDC7,SLC2A3,0.97026044
407,554,CDC7,CDT1,0.9695257
407,323,CDC7,MCM4,0.96547306
407,439,CDC7,DDX20,0.96259797
407,497,CDC7,TYMS,0.9608969
407,621,CDC7,SNRPB,0.9578337
407,240,CDC7,RPA2,0.9577311
407,74,CDC7,TOP2A,0.95652884
407,42,CDC7,HMGB2,0.95581055
407,182,CDC7,RPA1,0.95356375
407,30,CDC7,PBK,0.9533762
407,279,CDC7,AURKB,0.9533256
407,53,CDC7,ORC6,0.9480091
407,363,CDC7,MYC,0.94777685
407,411,CDC7,CDC45,0.9470051
407,478,CDC7,MKI67,0.9445799
407,361,CDC7,CCNB2,0.94124776
407,399,CDC7,RRM2,0.94094783
407,102,CDC7,PRIM1,0.93889433
407,620,CDC7,TIPIN,0.937223
407,433,CDC7,XPC,0.93689245
407,21,CDC7,RRM1,0.93548167
407,297,CDC7,LIG1,0.9347218
407,367,CDC7,HCFC1,0.934424
407,610,CDC7,PRIM2,0.9310926
407,266,CDC7,MSH6,0.9310425
407,290,CDC7,POLD1,0.9293663
407,273,CDC7,FIGNL1,0.9239723
407,246,CDC7,TK1,0.9237017
407,589,CDC7,YBX1,0.9230956
407,372,CDC7,BACE1,0.9166353
407,117,CDC7,TFG,0.9163799
407,376,CDC7,ATF7,0.8937553
407,226,CDC7,POLR2B,0.8845296
407,82,CDC7,RB1,0.8738359
565,621,CDCA4,SNRPB,0.9282532
565,353,CDCA4,CBFB,0.895775
565,475,CDCA4,BCL2,0.8942831
565,413,CDCA4,RASSF4,0.8941586
565,587,CDCA4,NCAPD2,0.8941586
565,67,CDCA4,HDAC2,0.8853139
565,589,CDCA4,YBX1,0.8819421
565,165,CDCA4,GTF2H1,0.85787445
565,485,CDCA4,ABL1,0.8572532
565,292,CDCA4,HDAC7,0.8490846
565,206,CDCA4,ZDHHC6,0.8222312
565,508,CDCA4,NDRG1,0.82139933
565,209,CDCA4,ZBTB16,0.81867754
565,161,CDCA4,JARID2,0.81536126
565,29,CDCA4,IKZF1,0.8147214
565,261,CDCA4,EZR,0.79889566
565,367,CDCA4,HCFC1,0.7698142
565,437,CDCA4,MYB,0.76757336
565,283,CDCA4,EGR1,0.76559925
565,439,CDCA4,DDX20,0.7637642
565,631,CDCA4,ZFP36,0.76341426
565,48,CDCA4,ELANE,0.7628878
565,466,CDCA4,ABCG2,0.75904214
565,486,CDCA4,NFKBIA,0.7551303
565,351,CDCA4,ERCC8,0.7502097
565,208,CDCA4,CISH,0.7360838
565,177,CDCA4,RELB,0.73416054
565,564,CDCA4,MFNG,0.7318372
565,331,CDCA4,PIM2,0.7212916
565,196,CDCA4,RARS,0.71889025
565,410,CDCA4,SMARCA2,0.7174124
565,482,CDCA4,NFATC2,0.71484596
565,422,CDCA4,SESN1,0.71394145
565,180,CDCA4,TRIM35,0.7070132
565,436,CDCA4,RARB,0.7037149
565,263,CDCA4,JUN,0.70247537
565,315,CDCA4,CTSL,0.70188516
565,357,CDCA4,MEIS1,0.6965902
565,81,CDCA4,HDAC11,0.6961269
565,557,CDCA4,SATB1,0.69231915
565,494,CDCA4,USP11,0.6917651
565,82,CDCA4,RB1,0.69159496
565,232,CDCA4,ICAM1,0.68858284
565,34,CDCA4,MAML3,0.68767226
565,6,CDCA4,BTG2,0.66849935
565,536,CDCA4,SPI1,0.6667522
565,449,CDCA4,TIE1,0.6658861
565,253,CDCA4,GRINA,0.6624757
565,289,CDCA4,GT(ROSA)26SOR,0.6624757
565,613,CDCA4,PGLYRP2,0.6624757
23,621,CDCA8,SNRPB,0.96251655
23,353,CDCA8,CBFB,0.95508814
23,475,CDCA8,BCL2,0.94235134
23,589,CDCA8,YBX1,0.9296232
23,209,CDCA8,ZBTB16,0.92838866
23,485,CDCA8,ABL1,0.926989
23,292,CDCA8,HDAC7,0.92291754
23,67,CDCA8,HDAC2,0.91773736
23,413,CDCA8,RASSF4,0.91726774
23,587,CDCA8,NCAPD2,0.9170349
23,206,CDCA8,ZDHHC6,0.9078198
23,161,CDCA8,JARID2,0.9022327
23,29,CDCA8,IKZF1,0.88911086
23,165,CDCA8,GTF2H1,0.8772734
23,508,CDCA8,NDRG1,0.8741007
23,631,CDCA8,ZFP36,0.8689519
23,437,CDCA8,MYB,0.8560094
23,564,CDCA8,MFNG,0.8524437
23,177,CDCA8,RELB,0.8500176
23,439,CDCA8,DDX20,0.84848046
23,261,CDCA8,EZR,0.8454869
23,367,CDCA8,HCFC1,0.8440891
23,48,CDCA8,ELANE,0.84325516
23,482,CDCA8,NFATC2,0.8419646
23,486,CDCA8,NFKBIA,0.84062546
23,208,CDCA8,CISH,0.8397987
23,64,CDCA8,IRF9,0.8379315
23,331,CDCA8,PIM2,0.8343518
23,363,CDCA8,MYC,0.8317911
23,422,CDCA8,SESN1,0.82636714
23,410,CDCA8,SMARCA2,0.82520443
23,180,CDCA8,TRIM35,0.81515986
23,196,CDCA8,RARS,0.8104758
23,351,CDCA8,ERCC8,0.8104067
23,283,CDCA8,EGR1,0.79276216
23,232,CDCA8,ICAM1,0.79111594
23,263,CDCA8,JUN,0.7867922
23,557,CDCA8,SATB1,0.7855774
23,315,CDCA8,CTSL,0.78252107
23,81,CDCA8,HDAC11,0.7819043
23,436,CDCA8,RARB,0.77884495
23,82,CDCA8,RB1,0.76340795
23,494,CDCA8,USP11,0.75883955
23,536,CDCA8,SPI1,0.75764745
23,357,CDCA8,MEIS1,0.75267124
23,34,CDCA8,MAML3,0.7486316
23,6,CDCA8,BTG2,0.734363
23,466,CDCA8,ABCG2,0.7338033
23,253,CDCA8,GRINA,0.7270922
23,79,CDCA8,STAT2,0.72579724
554,137,CDT1,MYCN,0.98412377
554,575,CDT1,GTF2F1,0.9811979
554,375,CDT1,SRSF1,0.9802019
554,299,CDT1,ORC2,0.97928774
554,426,CDT1,PRPF4,0.97824997
554,500,CDT1,MCM3,0.97721124
554,259,CDT1,NUP107,0.9769532
554,204,CDT1,MCM2,0.9765538
554,189,CDT1,MCM5,0.9765223
554,392,CDT1,DCAF13,0.97442055
554,198,CDT1,NDN,0.97290546
554,118,CDT1,MIS12,0.9726509
554,561,CDT1,MCM7,0.97191906
554,414,CDT1,CENPK,0.97191286
554,119,CDT1,SLC2A3,0.97043926
554,350,CDT1,MCM6,0.96988535
554,439,CDT1,DDX20,0.9632032
554,497,CDT1,TYMS,0.9603078
554,621,CDT1,SNRPB,0.9591285
554,240,CDT1,RPA2,0.95702356
554,74,CDT1,TOP2A,0.9559362
554,323,CDT1,MCM4,0.9552067
554,42,CDT1,HMGB2,0.954504
554,182,CDT1,RPA1,0.95251334
554,30,CDT1,PBK,0.9521033
554,279,CDT1,AURKB,0.9519471
554,363,CDT1,MYC,0.9488008
554,53,CDT1,ORC6,0.94697315
554,411,CDT1,CDC45,0.9460423
554,478,CDT1,MKI67,0.9434429
554,433,CDT1,XPC,0.940502
554,399,CDT1,RRM2,0.94009006
554,361,CDT1,CCNB2,0.9385872
554,102,CDT1,PRIM1,0.9380367
554,367,CDT1,HCFC1,0.93683845
554,620,CDT1,TIPIN,0.93638587
554,21,CDT1,RRM1,0.9347102
554,297,CDT1,LIG1,0.9338689
554,610,CDT1,PRIM2,0.9302544
554,290,CDT1,POLD1,0.9285263
554,589,CDT1,YBX1,0.926759
554,273,CDT1,FIGNL1,0.9267376
554,117,CDT1,TFG,0.924354
554,372,CDT1,BACE1,0.924354
554,246,CDT1,TK1,0.9228604
554,407,CDT1,CDC7,0.9228604
554,266,CDT1,MSH6,0.910664
554,82,CDT1,RB1,0.88422155
554,274,CDT1,NOP2,0.88179684
554,404,CDT1,FTSJ3,0.88179684
414,259,CENPK,NUP107,0.98847055
414,204,CENPK,MCM2,0.9883739
414,189,CENPK,MCM5,0.9882152
414,500,CENPK,MCM3,0.98797274
414,350,CENPK,MCM6,0.98796624
414,561,CENPK,MCM7,0.98786455
414,323,CENPK,MCM4,0.9873203
414,118,CENPK,MIS12,0.9872887
414,299,CENPK,ORC2,0.98704207
414,554,CENPK,CDT1,0.98650557
414,290,CENPK,POLD1,0.98626584
414,42,CENPK,HMGB2,0.98569006
414,497,CENPK,TYMS,0.9856727
414,240,CENPK,RPA2,0.98561805
414,30,CENPK,PBK,0.98538524
414,74,CENPK,TOP2A,0.98538464
414,279,CENPK,AURKB,0.9853491
414,53,CENPK,ORC6,0.9843709
414,411,CENPK,CDC45,0.9839649
414,426,CENPK,PRPF4,0.98384655
414,182,CENPK,RPA1,0.98375297
414,478,CENPK,MKI67,0.98346114
414,361,CENPK,CCNB2,0.98246
414,399,CENPK,RRM2,0.9824042
414,102,CENPK,PRIM1,0.98183274
414,21,CENPK,RRM1,0.9811045
414,297,CENPK,LIG1,0.98067343
414,620,CENPK,TIPIN,0.98002213
414,575,CENPK,GTF2F1,0.97993726
414,266,CENPK,MSH6,0.9799073
414,610,CENPK,PRIM2,0.9793565
414,273,CENPK,FIGNL1,0.9784637
414,137,CENPK,MYCN,0.9779969
414,246,CENPK,TK1,0.97753763
414,407,CENPK,CDC7,0.97753763
414,375,CENPK,SRSF1,0.9742959
414,392,CENPK,DCAF13,0.9692394
414,433,CENPK,XPC,0.963702
414,119,CENPK,SLC2A3,0.96046144
414,198,CENPK,NDN,0.95235515
414,371,CENPK,SPO11,0.93417275
414,439,CENPK,DDX20,0.9152661
414,621,CENPK,SNRPB,0.8822558
414,367,CENPK,HCFC1,0.87338746
414,363,CENPK,MYC,0.81996334
414,589,CENPK,YBX1,0.809715
414,226,CENPK,POLR2B,0.79531723
414,117,CENPK,TFG,0.7670382
414,372,CENPK,BACE1,0.7670382
414,82,CENPK,RB1,0.7654982
20,621,CERK,SNRPB,0.9282103
20,353,CERK,CBFB,0.895775
20,413,CERK,RASSF4,0.8943995
20,475,CERK,BCL2,0.8942831
20,587,CERK,NCAPD2,0.8941586
20,67,CERK,HDAC2,0.8850062
20,589,CERK,YBX1,0.8819421
20,209,CERK,ZBTB16,0.8709828
20,485,CERK,ABL1,0.8572532
20,292,CERK,HDAC7,0.8490846
20,165,CERK,GTF2H1,0.845314
20,206,CERK,ZDHHC6,0.8222312
20,508,CERK,NDRG1,0.8179256
20,161,CERK,JARID2,0.81536126
20,29,CERK,IKZF1,0.8147214
20,261,CERK,EZR,0.79889566
20,367,CERK,HCFC1,0.7698142
20,437,CERK,MYB,0.76757336
20,283,CERK,EGR1,0.76559925
20,48,CERK,ELANE,0.76273406
20,631,CERK,ZFP36,0.7616878
20,439,CERK,DDX20,0.7562713
20,486,CERK,NFKBIA,0.75434566
20,482,CERK,NFATC2,0.7502473
20,351,CERK,ERCC8,0.7502097
20,64,CERK,IRF9,0.74873894
20,564,CERK,MFNG,0.7407667
20,208,CERK,CISH,0.7360838
20,177,CERK,RELB,0.73413795
20,331,CERK,PIM2,0.7212916
20,196,CERK,RARS,0.7189413
20,410,CERK,SMARCA2,0.7174124
20,363,CERK,MYC,0.7160851
20,466,CERK,ABCG2,0.71360517
20,422,CERK,SESN1,0.7136024
20,180,CERK,TRIM35,0.7070132
20,263,CERK,JUN,0.70247537
20,315,CERK,CTSL,0.70188516
20,357,CERK,MEIS1,0.6965902
20,81,CERK,HDAC11,0.6961269
20,557,CERK,SATB1,0.69231915
20,494,CERK,USP11,0.6917651
20,82,CERK,RB1,0.69159496
20,232,CERK,ICAM1,0.68858284
20,34,CERK,MAML3,0.68813443
20,436,CERK,RARB,0.67064804
20,6,CERK,BTG2,0.66849935
20,536,CERK,SPI1,0.66701454
20,449,CERK,TIE1,0.66557777
20,253,CERK,GRINA,0.6632395
330,621,CERS4,SNRPB,0.9282103
330,353,CERS4,CBFB,0.895775
330,475,CERS4,BCL2,0.8942831
330,413,CERS4,RASSF4,0.8941586
330,587,CERS4,NCAPD2,0.8941586
330,67,CERS4,HDAC2,0.8850062
330,589,CERS4,YBX1,0.881117
330,209,CERS4,ZBTB16,0.87076676
330,165,CERS4,GTF2H1,0.8593966
330,485,CERS4,ABL1,0.8572532
330,292,CERS4,HDAC7,0.8490846
330,161,CERS4,JARID2,0.8247187
330,508,CERS4,NDRG1,0.82139933
330,29,CERS4,IKZF1,0.8147214
330,261,CERS4,EZR,0.79889566
330,367,CERS4,HCFC1,0.7698142
330,437,CERS4,MYB,0.76757336
330,283,CERS4,EGR1,0.7656194
330,439,CERS4,DDX20,0.7637642
330,48,CERS4,ELANE,0.7628878
330,631,CERS4,ZFP36,0.7616878
330,351,CERS4,ERCC8,0.75880235
330,206,CERS4,ZDHHC6,0.75573045
330,486,CERS4,NFKBIA,0.7551303
330,564,CERS4,MFNG,0.74007237
330,208,CERS4,CISH,0.7360838
330,177,CERS4,RELB,0.73413795
330,331,CERS4,PIM2,0.7212916
330,196,CERS4,RARS,0.71889025
330,363,CERS4,MYC,0.7176446
330,410,CERS4,SMARCA2,0.7171445
330,482,CERS4,NFATC2,0.71484596
330,422,CERS4,SESN1,0.7136104
330,466,CERS4,ABCG2,0.71360517
330,180,CERS4,TRIM35,0.7070132
330,436,CERS4,RARB,0.7036986
330,263,CERS4,JUN,0.70247537
330,315,CERS4,CTSL,0.7021753
330,81,CERS4,HDAC11,0.69659007
330,494,CERS4,USP11,0.6917651
330,82,CERS4,RB1,0.6916146
330,232,CERS4,ICAM1,0.68858284
330,34,CERS4,MAML3,0.68767226
330,357,CERS4,MEIS1,0.68119794
330,6,CERS4,BTG2,0.66849935
330,536,CERS4,SPI1,0.66701454
330,449,CERS4,TIE1,0.66598004
330,253,CERS4,GRINA,0.6624757
330,289,CERS4,GT(ROSA)26SOR,0.6624757
330,613,CERS4,PGLYRP2,0.6624757
382,621,CFP,SNRPB,0.9279729
382,353,CFP,CBFB,0.89569485
382,475,CFP,BCL2,0.8941974
382,587,CFP,NCAPD2,0.8938155
382,413,CFP,RASSF4,0.89374775
382,67,CFP,HDAC2,0.88464236
382,589,CFP,YBX1,0.8815612
382,209,CFP,ZBTB16,0.8708676
382,165,CFP,GTF2H1,0.8592827
382,485,CFP,ABL1,0.8575021
382,292,CFP,HDAC7,0.84895384
382,206,CFP,ZDHHC6,0.82211745
382,508,CFP,NDRG1,0.8210214
382,29,CFP,IKZF1,0.81460446
382,161,CFP,JARID2,0.8143043
382,261,CFP,EZR,0.79840773
382,367,CFP,HCFC1,0.76914376
382,437,CFP,MYB,0.76733595
382,283,CFP,EGR1,0.76549107
382,48,CFP,ELANE,0.763094
382,439,CFP,DDX20,0.7630807
382,631,CFP,ZFP36,0.7616878
382,486,CFP,NFKBIA,0.75479823
382,351,CFP,ERCC8,0.7494982
382,564,CFP,MFNG,0.7404065
382,208,CFP,CISH,0.73603773
382,177,CFP,RELB,0.7338819
382,331,CFP,PIM2,0.7210811
382,196,CFP,RARS,0.7186149
382,69,CFP,NAP1L3,0.7183692
382,410,CFP,SMARCA2,0.7172286
382,363,CFP,MYC,0.71703005
382,482,CFP,NFATC2,0.71404344
382,466,CFP,ABCG2,0.7136416
382,422,CFP,SESN1,0.71342623
382,180,CFP,TRIM35,0.70690006
382,436,CFP,RARB,0.70357704
382,263,CFP,JUN,0.7021972
382,315,CFP,CTSL,0.70198226
382,357,CFP,MEIS1,0.69671226
382,81,CFP,HDAC11,0.69506085
382,557,CFP,SATB1,0.69220245
382,494,CFP,USP11,0.6919341
382,82,CFP,RB1,0.6909347
382,232,CFP,ICAM1,0.6884579
382,34,CFP,MAML3,0.68751794
382,394,CFP,MAPK1,0.6861663
382,453,CFP,GATA2,0.6820548
382,536,CFP,SPI1,0.6703029
382,6,CFP,BTG2,0.66844916
594,621,CHORDC1,SNRPB,0.9282103
594,485,CHORDC1,ABL1,0.9212476
594,353,CHORDC1,CBFB,0.895775
594,475,CHORDC1,BCL2,0.8942831
594,587,CHORDC1,NCAPD2,0.89422727
594,67,CHORDC1,HDAC2,0.8850062
594,589,CHORDC1,YBX1,0.8819421
594,413,CHORDC1,RASSF4,0.87735444
594,209,CHORDC1,ZBTB16,0.8709828
594,292,CHORDC1,HDAC7,0.8490846
594,206,CHORDC1,ZDHHC6,0.8222312
594,508,CHORDC1,NDRG1,0.82139933
594,161,CHORDC1,JARID2,0.81536126
594,29,CHORDC1,IKZF1,0.8147214
594,165,CHORDC1,GTF2H1,0.803527
594,261,CHORDC1,EZR,0.79889566
594,367,CHORDC1,HCFC1,0.7698142
594,437,CHORDC1,MYB,0.76757336
594,283,CHORDC1,EGR1,0.7656194
594,48,CHORDC1,ELANE,0.7630163
594,439,CHORDC1,DDX20,0.76217204
594,631,CHORDC1,ZFP36,0.7616878
594,486,CHORDC1,NFKBIA,0.7551303
594,351,CHORDC1,ERCC8,0.7492171
594,564,CHORDC1,MFNG,0.73947424
594,208,CHORDC1,CISH,0.7360838
594,177,CHORDC1,RELB,0.73413795
594,331,CHORDC1,PIM2,0.7212916
594,196,CHORDC1,RARS,0.71889025
594,363,CHORDC1,MYC,0.7176446
594,410,CHORDC1,SMARCA2,0.7174124
594,482,CHORDC1,NFATC2,0.71484596
594,422,CHORDC1,SESN1,0.713625
594,466,CHORDC1,ABCG2,0.71360517
594,180,CHORDC1,TRIM35,0.7070132
594,436,CHORDC1,RARB,0.7036986
594,263,CHORDC1,JUN,0.70247537
594,357,CHORDC1,MEIS1,0.6965902
594,81,CHORDC1,HDAC11,0.6961269
594,494,CHORDC1,USP11,0.6917651
594,82,CHORDC1,RB1,0.69159496
594,232,CHORDC1,ICAM1,0.68881
594,34,CHORDC1,MAML3,0.68785745
594,315,CHORDC1,CTSL,0.6839668
594,536,CHORDC1,SPI1,0.6730908
594,6,CHORDC1,BTG2,0.66886616
594,449,CHORDC1,TIE1,0.66557777
594,253,CHORDC1,GRINA,0.6624757
594,289,CHORDC1,GT(ROSA)26SOR,0.6624757
594,613,CHORDC1,PGLYRP2,0.6624757
227,621,CHRNB1,SNRPB,0.96252805
227,353,CHRNB1,CBFB,0.95508814
227,475,CHRNB1,BCL2,0.94235134
227,589,CHRNB1,YBX1,0.9296232
227,209,CHRNB1,ZBTB16,0.92838866
227,485,CHRNB1,ABL1,0.926989
227,292,CHRNB1,HDAC7,0.92286843
227,413,CHRNB1,RASSF4,0.9170349
227,587,CHRNB1,NCAPD2,0.9170349
227,206,CHRNB1,ZDHHC6,0.90772885
227,161,CHRNB1,JARID2,0.9022327
227,165,CHRNB1,GTF2H1,0.88711244
227,67,CHRNB1,HDAC2,0.8850062
227,508,CHRNB1,NDRG1,0.87909734
227,631,CHRNB1,ZFP36,0.8689519
227,439,CHRNB1,DDX20,0.86566734
227,283,CHRNB1,EGR1,0.8613373
227,437,CHRNB1,MYB,0.8533112
227,564,CHRNB1,MFNG,0.8527602
227,177,CHRNB1,RELB,0.8500176
227,261,CHRNB1,EZR,0.8454869
227,367,CHRNB1,HCFC1,0.8440891
227,486,CHRNB1,NFKBIA,0.8410208
227,482,CHRNB1,NFATC2,0.8400704
227,208,CHRNB1,CISH,0.8397987
227,363,CHRNB1,MYC,0.83815074
227,331,CHRNB1,PIM2,0.83432525
227,422,CHRNB1,SESN1,0.82630706
227,410,CHRNB1,SMARCA2,0.82520443
227,436,CHRNB1,RARB,0.81732094
227,180,CHRNB1,TRIM35,0.81515986
227,196,CHRNB1,RARS,0.81096464
227,351,CHRNB1,ERCC8,0.8104067
227,232,CHRNB1,ICAM1,0.79111594
227,263,CHRNB1,JUN,0.7880454
227,557,CHRNB1,SATB1,0.7844344
227,315,CHRNB1,CTSL,0.78252107
227,29,CHRNB1,IKZF1,0.77298605
227,48,CHRNB1,ELANE,0.7628878
227,494,CHRNB1,USP11,0.75883955
227,536,CHRNB1,SPI1,0.75764745
227,357,CHRNB1,MEIS1,0.75267124
227,82,CHRNB1,RB1,0.7411011
227,466,CHRNB1,ABCG2,0.7338033
227,6,CHRNB1,BTG2,0.72464854
227,253,CHRNB1,GRINA,0.7240131
227,289,CHRNB1,GT(ROSA)26SOR,0.7240131
227,613,CHRNB1,PGLYRP2,0.7240131
227,162,CHRNB1,FES,0.7164856
227,219,CHRNB1,TLR4,0.71645194
208,353,CISH,CBFB,0.9691821
208,29,CISH,IKZF1,0.9669368
208,292,CISH,HDAC7,0.9667303
208,413,CISH,RASSF4,0.9624218
208,587,CISH,NCAPD2,0.9624218
208,161,CISH,JARID2,0.9604973
208,67,CISH,HDAC2,0.957352
208,631,CISH,ZFP36,0.9572484
208,196,CISH,RARS,0.9557197
208,475,CISH,BCL2,0.9544657
208,209,CISH,ZBTB16,0.9529778
208,283,CISH,EGR1,0.95120335
208,263,CISH,JUN,0.95108986
208,621,CISH,SNRPB,0.95012844
208,466,CISH,ABCG2,0.9498673
208,206,CISH,ZDHHC6,0.94843674
208,177,CISH,RELB,0.9453978
208,436,CISH,RARB,0.94218016
208,232,CISH,ICAM1,0.9386201
208,485,CISH,ABL1,0.93837607
208,557,CISH,SATB1,0.9378302
208,6,CISH,BTG2,0.93407476
208,79,CISH,STAT2,0.9339454
208,508,CISH,NDRG1,0.9308904
208,357,CISH,MEIS1,0.92974526
208,564,CISH,MFNG,0.92821985
208,162,CISH,FES,0.9265681
208,219,CISH,TLR4,0.9265681
208,278,CISH,NCF1,0.9265681
208,515,CISH,IGHM,0.9265681
208,538,CISH,TRP53I11,0.9259217
208,253,CISH,GRINA,0.9243306
208,289,CISH,GT(ROSA)26SOR,0.9243306
208,613,CISH,PGLYRP2,0.9243306
208,304,CISH,HLF,0.92260337
208,69,CISH,NAP1L3,0.92225677
208,146,CISH,SCARF1,0.92225677
208,175,CISH,TLE2,0.92225677
208,194,CISH,GOLPH3,0.92225677
208,441,CISH,EBF1,0.92225677
208,622,CISH,KRT18,0.92225677
208,331,CISH,PIM2,0.9188946
208,536,CISH,SPI1,0.91838396
208,224,CISH,MAPK12,0.91673523
208,52,CISH,FCGR2B,0.9167324
208,213,CISH,TCP11L2,0.9167324
208,546,CISH,PROCR,0.9153622
208,270,CISH,VDR,0.91378826
208,394,CISH,MAPK1,0.91362613
208,64,CISH,IRF9,0.9120941
434,475,CKAP5,BCL2,0.97317624
434,292,CKAP5,HDAC7,0.96487516
434,29,CKAP5,IKZF1,0.9613453
434,485,CKAP5,ABL1,0.9591824
434,161,CKAP5,JARID2,0.95565414
434,283,CKAP5,EGR1,0.9550102
434,353,CKAP5,CBFB,0.9541416
434,466,CKAP5,ABCG2,0.9541366
434,196,CKAP5,RARS,0.95358217
434,206,CKAP5,ZDHHC6,0.94797385
434,631,CKAP5,ZFP36,0.9440692
434,209,CKAP5,ZBTB16,0.94276196
434,79,CKAP5,STAT2,0.9426241
434,6,CKAP5,BTG2,0.941236
434,177,CKAP5,RELB,0.937493
434,208,CKAP5,CISH,0.9357195
434,52,CKAP5,FCGR2B,0.93457794
434,436,CKAP5,RARB,0.93453765
434,278,CKAP5,NCF1,0.93448067
434,162,CKAP5,FES,0.93446404
434,219,CKAP5,TLR4,0.93446404
434,515,CKAP5,IGHM,0.93446404
434,253,CKAP5,GRINA,0.9331687
434,289,CKAP5,GT(ROSA)26SOR,0.9331687
434,413,CKAP5,RASSF4,0.9329497
434,622,CKAP5,KRT18,0.93253756
434,536,CKAP5,SPI1,0.9311905
434,69,CKAP5,NAP1L3,0.9306915
434,546,CKAP5,PROCR,0.9306915
434,194,CKAP5,GOLPH3,0.93066734
434,232,CKAP5,ICAM1,0.9305946
434,557,CKAP5,SATB1,0.93038213
434,64,CKAP5,IRF9,0.92922205
434,263,CKAP5,JUN,0.9269555
434,587,CKAP5,NCAPD2,0.9267342
434,213,CKAP5,TCP11L2,0.925568
434,304,CKAP5,HLF,0.925568
434,270,CKAP5,VDR,0.9245726
434,224,CKAP5,MAPK12,0.92403626
434,73,CKAP5,RORC,0.9231725
434,590,CKAP5,IL12A,0.9231169
434,67,CKAP5,HDAC2,0.9222813
434,293,CKAP5,IRF7,0.9216757
434,517,CKAP5,H1F0,0.9203357
434,276,CKAP5,REL,0.91860974
434,251,CKAP5,IRF6,0.9176992
434,175,CKAP5,TLE2,0.91652936
434,613,CKAP5,PGLYRP2,0.91609985
434,357,CKAP5,MEIS1,0.9160869
434,133,CKAP5,LTB,0.9140738
491,621,CLEC12A,SNRPB,0.9282514
491,413,CLEC12A,RASSF4,0.894565
491,587,CLEC12A,NCAPD2,0.894565
491,475,CLEC12A,BCL2,0.894108
491,67,CLEC12A,HDAC2,0.8854542
491,589,CLEC12A,YBX1,0.8822892
491,209,CLEC12A,ZBTB16,0.8707864
491,165,CLEC12A,GTF2H1,0.85990876
491,485,CLEC12A,ABL1,0.8570287
491,292,CLEC12A,HDAC7,0.8489848
491,353,CLEC12A,CBFB,0.83463216
491,206,CLEC12A,ZDHHC6,0.82231516
491,508,CLEC12A,NDRG1,0.82186425
491,161,CLEC12A,JARID2,0.8151754
491,29,CLEC12A,IKZF1,0.8146298
491,261,CLEC12A,EZR,0.79965556
491,367,CLEC12A,HCFC1,0.77053463
491,283,CLEC12A,EGR1,0.7655965
491,439,CLEC12A,DDX20,0.7644112
491,48,CLEC12A,ELANE,0.7634415
491,631,CLEC12A,ZFP36,0.7622056
491,486,CLEC12A,NFKBIA,0.7557817
491,351,CLEC12A,ERCC8,0.75088114
491,564,CLEC12A,MFNG,0.74022365
491,208,CLEC12A,CISH,0.73581606
491,177,CLEC12A,RELB,0.73431027
491,437,CLEC12A,MYB,0.72732353
491,331,CLEC12A,PIM2,0.72194064
491,196,CLEC12A,RARS,0.7186979
491,363,CLEC12A,MYC,0.7182219
491,410,CLEC12A,SMARCA2,0.7174458
491,482,CLEC12A,NFATC2,0.7153998
491,422,CLEC12A,SESN1,0.7136068
491,466,CLEC12A,ABCG2,0.71342975
491,436,CLEC12A,RARB,0.70325226
491,315,CLEC12A,CTSL,0.70236844
491,263,CLEC12A,JUN,0.70220363
491,357,CLEC12A,MEIS1,0.69641596
491,81,CLEC12A,HDAC11,0.69595885
491,180,CLEC12A,TRIM35,0.69453686
491,82,CLEC12A,RB1,0.69244075
491,557,CLEC12A,SATB1,0.69186896
491,494,CLEC12A,USP11,0.6907334
491,34,CLEC12A,MAML3,0.6878612
491,6,CLEC12A,BTG2,0.6680894
491,536,CLEC12A,SPI1,0.66636
491,449,CLEC12A,TIE1,0.6652165
491,253,CLEC12A,GRINA,0.66210866
491,613,CLEC12A,PGLYRP2,0.66210866
491,289,CLEC12A,GT(ROSA)26SOR,0.66187483
285,621,CLN5,SNRPB,0.9282103
285,353,CLN5,CBFB,0.895775
285,587,CLN5,NCAPD2,0.8941586
285,67,CLN5,HDAC2,0.8850062
285,589,CLN5,YBX1,0.8819421
285,209,CLN5,ZBTB16,0.8709828
285,413,CLN5,RASSF4,0.87041616
285,475,CLN5,BCL2,0.8608384
285,165,CLN5,GTF2H1,0.8593966
285,485,CLN5,ABL1,0.8572532
285,292,CLN5,HDAC7,0.8490846
285,206,CLN5,ZDHHC6,0.8222312
285,508,CLN5,NDRG1,0.8216291
285,161,CLN5,JARID2,0.81536126
285,29,CLN5,IKZF1,0.8147214
285,261,CLN5,EZR,0.79880077
285,367,CLN5,HCFC1,0.7698142
285,437,CLN5,MYB,0.76757336
285,283,CLN5,EGR1,0.76574767
285,439,CLN5,DDX20,0.7637642
285,48,CLN5,ELANE,0.76270694
285,631,CLN5,ZFP36,0.7616878
285,486,CLN5,NFKBIA,0.7551303
285,351,CLN5,ERCC8,0.7502097
285,564,CLN5,MFNG,0.73974234
285,208,CLN5,CISH,0.7360838
285,177,CLN5,RELB,0.73413795
285,331,CLN5,PIM2,0.7212916
285,196,CLN5,RARS,0.71889025
285,363,CLN5,MYC,0.7176446
285,410,CLN5,SMARCA2,0.7174124
285,482,CLN5,NFATC2,0.71484596
285,422,CLN5,SESN1,0.7136104
285,466,CLN5,ABCG2,0.71360517
285,180,CLN5,TRIM35,0.7070132
285,436,CLN5,RARB,0.70339257
285,263,CLN5,JUN,0.70247537
285,315,CLN5,CTSL,0.701837
285,357,CLN5,MEIS1,0.6965902
285,81,CLN5,HDAC11,0.6961269
285,557,CLN5,SATB1,0.69231915
285,494,CLN5,USP11,0.6917651
285,82,CLN5,RB1,0.69159496
285,232,CLN5,ICAM1,0.68858284
285,34,CLN5,MAML3,0.68747294
285,6,CLN5,BTG2,0.66849935
285,536,CLN5,SPI1,0.66701454
285,449,CLN5,TIE1,0.66624975
285,175,CLN5,TLE2,0.6639168
285,253,CLN5,GRINA,0.6624757
317,621,CLPTM1L,SNRPB,0.9283486
317,353,CLPTM1L,CBFB,0.89637566
317,475,CLPTM1L,BCL2,0.8947631
317,413,CLPTM1L,RASSF4,0.8942389
317,587,CLPTM1L,NCAPD2,0.89413106
317,67,CLPTM1L,HDAC2,0.88508415
317,589,CLPTM1L,YBX1,0.8821086
317,209,CLPTM1L,ZBTB16,0.8711801
317,485,CLPTM1L,ABL1,0.8574421
317,292,CLPTM1L,HDAC7,0.8492897
317,165,CLPTM1L,GTF2H1,0.8454109
317,206,CLPTM1L,ZDHHC6,0.8223766
317,508,CLPTM1L,NDRG1,0.8215394
317,161,CLPTM1L,JARID2,0.815513
317,29,CLPTM1L,IKZF1,0.81486714
317,261,CLPTM1L,EZR,0.7987827
317,196,CLPTM1L,RARS,0.7718948
317,367,CLPTM1L,HCFC1,0.7699628
317,437,CLPTM1L,MYB,0.7677087
317,439,CLPTM1L,DDX20,0.7639631
317,48,CLPTM1L,ELANE,0.7629979
317,283,CLPTM1L,EGR1,0.757995
317,351,CLPTM1L,ERCC8,0.7503567
317,564,CLPTM1L,MFNG,0.7401478
317,486,CLPTM1L,NFKBIA,0.7391732
317,208,CLPTM1L,CISH,0.73618156
317,177,CLPTM1L,RELB,0.7341044
317,631,CLPTM1L,ZFP36,0.7304793
317,331,CLPTM1L,PIM2,0.7210832
317,363,CLPTM1L,MYC,0.7183175
317,410,CLPTM1L,SMARCA2,0.71739125
317,466,CLPTM1L,ABCG2,0.71360904
317,422,CLPTM1L,SESN1,0.71351355
317,180,CLPTM1L,TRIM35,0.7069857
317,436,CLPTM1L,RARB,0.70384884
317,263,CLPTM1L,JUN,0.70260364
317,315,CLPTM1L,CTSL,0.7018673
317,357,CLPTM1L,MEIS1,0.6966678
317,81,CLPTM1L,HDAC11,0.6961161
317,557,CLPTM1L,SATB1,0.6924616
317,494,CLPTM1L,USP11,0.6918052
317,82,CLPTM1L,RB1,0.6917368
317,232,CLPTM1L,ICAM1,0.6887335
317,34,CLPTM1L,MAML3,0.68772805
317,6,CLPTM1L,BTG2,0.6686719
317,536,CLPTM1L,SPI1,0.66719866
317,449,CLPTM1L,TIE1,0.6658912
317,253,CLPTM1L,GRINA,0.6625963
317,289,CLPTM1L,GT(ROSA)26SOR,0.6625963
317,613,CLPTM1L,PGLYRP2,0.6625963
179,353,CNIH1,CBFB,0.92862463
179,475,CNIH1,BCL2,0.9277136
179,621,CNIH1,SNRPB,0.9208811
179,209,CNIH1,ZBTB16,0.9072526
179,485,CNIH1,ABL1,0.8992882
179,292,CNIH1,HDAC7,0.8948319
179,587,CNIH1,NCAPD2,0.884536
179,413,CNIH1,RASSF4,0.87604815
179,67,CNIH1,HDAC2,0.8751135
179,161,CNIH1,JARID2,0.865137
179,29,CNIH1,IKZF1,0.86011684
179,589,CNIH1,YBX1,0.8584649
179,206,CNIH1,ZDHHC6,0.84228444
179,508,CNIH1,NDRG1,0.8364474
179,283,CNIH1,EGR1,0.7972397
179,261,CNIH1,EZR,0.793235
179,564,CNIH1,MFNG,0.79202396
179,486,CNIH1,NFKBIA,0.78949493
179,165,CNIH1,GTF2H1,0.7889498
179,631,CNIH1,ZFP36,0.78620887
179,48,CNIH1,ELANE,0.7841063
179,331,CNIH1,PIM2,0.77485526
179,208,CNIH1,CISH,0.7707695
179,410,CNIH1,SMARCA2,0.7651077
179,482,CNIH1,NFATC2,0.7645978
179,177,CNIH1,RELB,0.7558556
179,315,CNIH1,CTSL,0.74605316
179,180,CNIH1,TRIM35,0.7400572
179,437,CNIH1,MYB,0.7386764
179,494,CNIH1,USP11,0.72989815
179,367,CNIH1,HCFC1,0.7236404
179,439,CNIH1,DDX20,0.72183543
179,81,CNIH1,HDAC11,0.7186663
179,436,CNIH1,RARB,0.7063028
179,363,CNIH1,MYC,0.6971926
179,536,CNIH1,SPI1,0.697074
179,196,CNIH1,RARS,0.69449663
179,351,CNIH1,ERCC8,0.6933081
179,34,CNIH1,MAML3,0.6917417
179,557,CNIH1,SATB1,0.6910271
179,232,CNIH1,ICAM1,0.6827138
179,104,CNIH1,BTK,0.68188477
179,263,CNIH1,JUN,0.66910344
179,162,CNIH1,FES,0.65114254
179,515,CNIH1,IGHM,0.65114254
179,278,CNIH1,NCF1,0.6509599
179,357,CNIH1,MEIS1,0.650156
179,466,CNIH1,ABCG2,0.64542127
179,613,CNIH1,PGLYRP2,0.6452298
179,253,CNIH1,GRINA,0.6441357
233,621,CNRIP1,SNRPB,0.9282103
233,413,CNRIP1,RASSF4,0.91865337
233,261,CNRIP1,EZR,0.9169417
233,165,CNRIP1,GTF2H1,0.90942806
233,67,CNRIP1,HDAC2,0.9071073
233,475,CNRIP1,BCL2,0.8942831
233,587,CNRIP1,NCAPD2,0.8941586
233,351,CNRIP1,ERCC8,0.8894346
233,367,CNRIP1,HCFC1,0.88821405
233,589,CNRIP1,YBX1,0.8819421
233,353,CNRIP1,CBFB,0.8796244
233,363,CNRIP1,MYC,0.86687213
233,485,CNRIP1,ABL1,0.8572532
233,82,CNRIP1,RB1,0.8532277
233,209,CNRIP1,ZBTB16,0.83104986
233,508,CNRIP1,NDRG1,0.82139933
233,134,CNRIP1,PA2G4,0.8181983
233,197,CNRIP1,WDR4,0.8021573
233,154,CNRIP1,HDGF,0.8021082
233,212,CNRIP1,FLT3,0.8021082
233,220,CNRIP1,TMEM43,0.8021082
233,347,CNRIP1,RNF4,0.8021082
233,376,CNRIP1,ATF7,0.8021082
233,389,CNRIP1,FOXRED1,0.8021082
233,217,CNRIP1,PRMT7,0.7999098
233,226,CNRIP1,POLR2B,0.7965205
233,292,CNRIP1,HDAC7,0.78258854
233,206,CNRIP1,ZDHHC6,0.77947927
233,345,CNRIP1,UHRF1,0.7792031
233,199,CNRIP1,E2F4,0.77878225
233,437,CNRIP1,MYB,0.76757336
233,439,CNRIP1,DDX20,0.7642922
233,631,CNRIP1,ZFP36,0.7616878
233,486,CNRIP1,NFKBIA,0.7551303
233,161,CNRIP1,JARID2,0.7471227
233,315,CNRIP1,CTSL,0.7464164
233,29,CNRIP1,IKZF1,0.74147797
233,564,CNRIP1,MFNG,0.74007237
233,48,CNRIP1,ELANE,0.7361147
233,86,CNRIP1,RANGAP1,0.7359913
233,104,CNRIP1,BTK,0.726489
233,139,CNRIP1,PBX1,0.7228965
233,429,CNRIP1,GFI1B,0.7228965
233,482,CNRIP1,NFATC2,0.71484596
233,466,CNRIP1,ABCG2,0.7133517
233,436,CNRIP1,RARB,0.7036986
233,3,CNRIP1,POLR1B,0.7028644
233,283,CNRIP1,EGR1,0.6930372
233,166,CNRIP1,PSAT1,0.69285697
233,164,CNRIP1,VPS16,0.6923516
408,621,COLGALT1,SNRPB,0.9282103
408,475,COLGALT1,BCL2,0.8942831
408,587,COLGALT1,NCAPD2,0.8941586
408,413,COLGALT1,RASSF4,0.89182323
408,67,COLGALT1,HDAC2,0.8850062
408,589,COLGALT1,YBX1,0.8819421
408,209,COLGALT1,ZBTB16,0.8709828
408,165,COLGALT1,GTF2H1,0.8593966
408,485,COLGALT1,ABL1,0.8572532
408,292,COLGALT1,HDAC7,0.84922355
408,206,COLGALT1,ZDHHC6,0.8222312
408,508,COLGALT1,NDRG1,0.82139933
408,161,COLGALT1,JARID2,0.81536126
408,29,COLGALT1,IKZF1,0.8147214
408,261,COLGALT1,EZR,0.79850286
408,353,COLGALT1,CBFB,0.7840852
408,367,COLGALT1,HCFC1,0.7696027
408,283,COLGALT1,EGR1,0.7656194
408,439,COLGALT1,DDX20,0.7637642
408,48,COLGALT1,ELANE,0.7628878
408,631,COLGALT1,ZFP36,0.7614109
408,486,COLGALT1,NFKBIA,0.7551303
408,351,COLGALT1,ERCC8,0.7502097
408,437,COLGALT1,MYB,0.7453518
408,208,COLGALT1,CISH,0.7405434
408,564,COLGALT1,MFNG,0.74007237
408,73,COLGALT1,RORC,0.7357363
408,177,COLGALT1,RELB,0.73413795
408,331,COLGALT1,PIM2,0.7212916
408,196,COLGALT1,RARS,0.71889025
408,363,COLGALT1,MYC,0.7176446
408,410,COLGALT1,SMARCA2,0.7174124
408,482,COLGALT1,NFATC2,0.71484596
408,422,COLGALT1,SESN1,0.7136104
408,466,COLGALT1,ABCG2,0.71360517
408,517,COLGALT1,H1F0,0.71238095
408,180,COLGALT1,TRIM35,0.7070132
408,436,COLGALT1,RARB,0.7036986
408,263,COLGALT1,JUN,0.70247537
408,315,COLGALT1,CTSL,0.70188516
408,357,COLGALT1,MEIS1,0.6965902
408,81,COLGALT1,HDAC11,0.6961269
408,557,COLGALT1,SATB1,0.69231915
408,494,COLGALT1,USP11,0.6917651
408,82,COLGALT1,RB1,0.69159496
408,232,COLGALT1,ICAM1,0.68858284
408,34,COLGALT1,MAML3,0.6878656
408,52,COLGALT1,FCGR2B,0.68709797
408,50,COLGALT1,NFAT5,0.6749249
408,6,COLGALT1,BTG2,0.66849935
163,621,COPB1,SNRPB,0.9282103
163,353,COPB1,CBFB,0.895775
163,475,COPB1,BCL2,0.8942831
163,413,COPB1,RASSF4,0.89416087
163,587,COPB1,NCAPD2,0.8941586
163,67,COPB1,HDAC2,0.8850062
163,589,COPB1,YBX1,0.8819421
163,209,COPB1,ZBTB16,0.87138283
163,165,COPB1,GTF2H1,0.8593966
163,485,COPB1,ABL1,0.8572532
163,292,COPB1,HDAC7,0.8490846
163,206,COPB1,ZDHHC6,0.8222312
163,508,COPB1,NDRG1,0.82139933
163,161,COPB1,JARID2,0.81487155
163,29,COPB1,IKZF1,0.8147214
163,261,COPB1,EZR,0.79876155
163,367,COPB1,HCFC1,0.7698142
163,437,COPB1,MYB,0.76757336
163,283,COPB1,EGR1,0.7656194
163,439,COPB1,DDX20,0.7640048
163,48,COPB1,ELANE,0.7628878
163,631,COPB1,ZFP36,0.7616878
163,351,COPB1,ERCC8,0.75880235
163,486,COPB1,NFKBIA,0.7551303
163,564,COPB1,MFNG,0.74007237
163,208,COPB1,CISH,0.7360838
163,177,COPB1,RELB,0.73413795
163,331,COPB1,PIM2,0.7212916
163,196,COPB1,RARS,0.71889025
163,194,COPB1,GOLPH3,0.71834666
163,363,COPB1,MYC,0.7176446
163,410,COPB1,SMARCA2,0.7175771
163,482,COPB1,NFATC2,0.7148828
163,466,COPB1,ABCG2,0.71360517
163,180,COPB1,TRIM35,0.7070132
163,436,COPB1,RARB,0.70390975
163,263,COPB1,JUN,0.70247537
163,315,COPB1,CTSL,0.70188516
163,187,COPB1,LMO4,0.6967846
163,357,COPB1,MEIS1,0.6965902
163,81,COPB1,HDAC11,0.6961269
163,557,COPB1,SATB1,0.69231915
163,494,COPB1,USP11,0.6917651
163,82,COPB1,RB1,0.69138616
163,232,COPB1,ICAM1,0.6885657
163,34,COPB1,MAML3,0.68767226
163,306,COPB1,MYCT1,0.6844584
163,84,COPB1,KLF6,0.6844405
163,167,COPB1,GNG11,0.6843812
163,6,COPB1,BTG2,0.68100077
55,621,COQ8A,SNRPB,0.9282103
55,353,COQ8A,CBFB,0.895775
55,475,COQ8A,BCL2,0.8942831
55,413,COQ8A,RASSF4,0.8941586
55,587,COQ8A,NCAPD2,0.8941509
55,67,COQ8A,HDAC2,0.8850062
55,589,COQ8A,YBX1,0.8819421
55,209,COQ8A,ZBTB16,0.8709828
55,485,COQ8A,ABL1,0.8572532
55,206,COQ8A,ZDHHC6,0.8222312
55,508,COQ8A,NDRG1,0.82139933
55,161,COQ8A,JARID2,0.81536126
55,165,COQ8A,GTF2H1,0.81505626
55,29,COQ8A,IKZF1,0.81439006
55,292,COQ8A,HDAC7,0.8049578
55,261,COQ8A,EZR,0.79889566
55,367,COQ8A,HCFC1,0.7698142
55,437,COQ8A,MYB,0.76757336
55,283,COQ8A,EGR1,0.7656194
55,439,COQ8A,DDX20,0.7637642
55,48,COQ8A,ELANE,0.7628878
55,631,COQ8A,ZFP36,0.7616878
55,486,COQ8A,NFKBIA,0.7551303
55,351,COQ8A,ERCC8,0.7502097
55,564,COQ8A,MFNG,0.74007237
55,208,COQ8A,CISH,0.7360838
55,177,COQ8A,RELB,0.73413795
55,331,COQ8A,PIM2,0.7212916
55,196,COQ8A,RARS,0.71889025
55,363,COQ8A,MYC,0.7174703
55,410,COQ8A,SMARCA2,0.7174124
55,482,COQ8A,NFATC2,0.71484596
55,422,COQ8A,SESN1,0.7136104
55,466,COQ8A,ABCG2,0.71360517
55,180,COQ8A,TRIM35,0.7075578
55,436,COQ8A,RARB,0.7036986
55,315,COQ8A,CTSL,0.70239264
55,64,COQ8A,IRF9,0.6974566
55,357,COQ8A,MEIS1,0.6965902
55,81,COQ8A,HDAC11,0.6961269
55,557,COQ8A,SATB1,0.69231915
55,494,COQ8A,USP11,0.6917651
55,82,COQ8A,RB1,0.69159496
55,232,COQ8A,ICAM1,0.68858284
55,34,COQ8A,MAML3,0.68767226
55,263,COQ8A,JUN,0.6731007
55,6,COQ8A,BTG2,0.66849935
55,536,COQ8A,SPI1,0.66701454
55,449,COQ8A,TIE1,0.66557777
55,184,COQ8A,SELL,0.66406614
265,621,CPA3,SNRPB,0.9042036
265,353,CPA3,CBFB,0.89608485
265,475,CPA3,BCL2,0.8942831
265,413,CPA3,RASSF4,0.8941586
265,587,CPA3,NCAPD2,0.8941586
265,67,CPA3,HDAC2,0.8850062
265,589,CPA3,YBX1,0.8819421
265,209,CPA3,ZBTB16,0.8709828
265,165,CPA3,GTF2H1,0.8593966
265,485,CPA3,ABL1,0.8572532
265,292,CPA3,HDAC7,0.8490846
265,206,CPA3,ZDHHC6,0.8222312
265,508,CPA3,NDRG1,0.8180525
265,161,CPA3,JARID2,0.81536126
265,29,CPA3,IKZF1,0.8147214
265,261,CPA3,EZR,0.79889566
265,367,CPA3,HCFC1,0.7698142
265,437,CPA3,MYB,0.76757336
265,283,CPA3,EGR1,0.7656194
265,439,CPA3,DDX20,0.7637642
265,48,CPA3,ELANE,0.7628878
265,631,CPA3,ZFP36,0.7616878
265,486,CPA3,NFKBIA,0.7551303
265,351,CPA3,ERCC8,0.7502097
265,564,CPA3,MFNG,0.74007237
265,208,CPA3,CISH,0.7360838
265,177,CPA3,RELB,0.73413795
265,304,CPA3,HLF,0.7246261
265,196,CPA3,RARS,0.71889025
265,363,CPA3,MYC,0.7176446
265,331,CPA3,PIM2,0.7176302
265,410,CPA3,SMARCA2,0.7174124
265,482,CPA3,NFATC2,0.71484596
265,422,CPA3,SESN1,0.7136104
265,466,CPA3,ABCG2,0.71360517
265,436,CPA3,RARB,0.7036986
265,263,CPA3,JUN,0.70247537
265,315,CPA3,CTSL,0.70188516
265,6,CPA3,BTG2,0.70120233
265,357,CPA3,MEIS1,0.6965902
265,81,CPA3,HDAC11,0.6961269
265,180,CPA3,TRIM35,0.6950651
265,557,CPA3,SATB1,0.69231915
265,82,CPA3,RB1,0.69159496
265,232,CPA3,ICAM1,0.6885158
265,34,CPA3,MAML3,0.68767226
265,536,CPA3,SPI1,0.6672239
265,449,CPA3,TIE1,0.66557777
265,613,CPA3,PGLYRP2,0.6625808
265,289,CPA3,GT(ROSA)26SOR,0.6624757
550,475,CREB5,BCL2,0.9733556
550,29,CREB5,IKZF1,0.9661917
550,292,CREB5,HDAC7,0.96573234
550,485,CREB5,ABL1,0.9608191
550,161,CREB5,JARID2,0.95695925
550,196,CREB5,RARS,0.95565873
550,283,CREB5,EGR1,0.9552577
550,263,CREB5,JUN,0.95152193
550,631,CREB5,ZFP36,0.95133114
550,413,CREB5,RASSF4,0.9513094
550,587,CREB5,NCAPD2,0.9513013
550,466,CREB5,ABCG2,0.9498612
550,209,CREB5,ZBTB16,0.9473594
550,206,CREB5,ZDHHC6,0.94502926
550,177,CREB5,RELB,0.93952584
550,621,CREB5,SNRPB,0.93876964
550,69,CREB5,NAP1L3,0.9384617
550,79,CREB5,STAT2,0.93818116
550,208,CREB5,CISH,0.9375225
550,436,CREB5,RARB,0.936605
550,232,CREB5,ICAM1,0.9339196
550,557,CREB5,SATB1,0.9331745
550,219,CREB5,TLR4,0.9285279
550,162,CREB5,FES,0.9285128
550,278,CREB5,NCF1,0.9285128
550,515,CREB5,IGHM,0.9285128
550,353,CREB5,CBFB,0.9278199
550,536,CREB5,SPI1,0.92735934
550,253,CREB5,GRINA,0.92717534
550,289,CREB5,GT(ROSA)26SOR,0.92717534
550,613,CREB5,PGLYRP2,0.92717534
550,622,CREB5,KRT18,0.9259597
550,175,CREB5,TLE2,0.925936
550,194,CREB5,GOLPH3,0.925936
550,441,CREB5,EBF1,0.925936
550,546,CREB5,PROCR,0.925936
550,64,CREB5,IRF9,0.92331475
550,6,CREB5,BTG2,0.9214427
550,357,CREB5,MEIS1,0.92116696
550,304,CREB5,HLF,0.9206867
550,52,CREB5,FCGR2B,0.92060417
550,213,CREB5,TCP11L2,0.9204782
550,270,CREB5,VDR,0.9186867
550,224,CREB5,MAPK12,0.9183005
550,146,CREB5,SCARF1,0.9173789
550,517,CREB5,H1F0,0.9158587
550,508,CREB5,NDRG1,0.91541535
550,580,CREB5,MLLT3,0.9144671
550,73,CREB5,RORC,0.91361517
550,420,CREB5,FDFT1,0.9132356
542,621,CSAD,SNRPB,0.928244
542,353,CSAD,CBFB,0.8957671
542,475,CSAD,BCL2,0.8942663
542,587,CSAD,NCAPD2,0.8941362
542,67,CSAD,HDAC2,0.8849905
542,589,CSAD,YBX1,0.88193005
542,209,CSAD,ZBTB16,0.870962
542,165,CSAD,GTF2H1,0.8593814
542,485,CSAD,ABL1,0.8572317
542,292,CSAD,HDAC7,0.84903175
542,206,CSAD,ZDHHC6,0.82220536
542,508,CSAD,NDRG1,0.82138073
542,413,CSAD,RASSF4,0.815071
542,29,CSAD,IKZF1,0.8147068
542,261,CSAD,EZR,0.79889935
542,161,CSAD,JARID2,0.7921533
542,367,CSAD,HCFC1,0.76980174
542,437,CSAD,MYB,0.7657724
542,283,CSAD,EGR1,0.7656015
542,439,CSAD,DDX20,0.76374286
542,48,CSAD,ELANE,0.7628952
542,631,CSAD,ZFP36,0.7616565
542,486,CSAD,NFKBIA,0.75511354
542,351,CSAD,ERCC8,0.7504875
542,564,CSAD,MFNG,0.74005765
542,208,CSAD,CISH,0.73605716
542,177,CSAD,RELB,0.7340972
542,6,CSAD,BTG2,0.7254178
542,331,CSAD,PIM2,0.7212697
542,196,CSAD,RARS,0.71885574
542,363,CSAD,MYC,0.71763355
542,410,CSAD,SMARCA2,0.71737945
542,466,CSAD,ABCG2,0.7136059
542,422,CSAD,SESN1,0.71357733
542,482,CSAD,NFATC2,0.71038705
542,180,CSAD,TRIM35,0.7069787
542,436,CSAD,RARB,0.7036709
542,263,CSAD,JUN,0.7024416
542,315,CSAD,CTSL,0.70189536
542,69,CSAD,NAP1L3,0.7001791
542,357,CSAD,MEIS1,0.6965945
542,81,CSAD,HDAC11,0.69610274
542,557,CSAD,SATB1,0.69229156
542,494,CSAD,USP11,0.6917104
542,82,CSAD,RB1,0.69158083
542,232,CSAD,ICAM1,0.6885547
542,34,CSAD,MAML3,0.6876676
542,183,CSAD,XAF1,0.6833686
542,213,CSAD,TCP11L2,0.6797776
542,219,CSAD,TLR4,0.6727207
127,621,CSF2RB,SNRPB,0.9282103
127,353,CSF2RB,CBFB,0.895775
127,475,CSF2RB,BCL2,0.8942831
127,413,CSF2RB,RASSF4,0.8941586
127,67,CSF2RB,HDAC2,0.8850062
127,589,CSF2RB,YBX1,0.8821703
127,209,CSF2RB,ZBTB16,0.8709828
127,165,CSF2RB,GTF2H1,0.8593966
127,485,CSF2RB,ABL1,0.8572532
127,292,CSF2RB,HDAC7,0.8490846
127,587,CSF2RB,NCAPD2,0.8410011
127,206,CSF2RB,ZDHHC6,0.8222312
127,508,CSF2RB,NDRG1,0.82139933
127,161,CSF2RB,JARID2,0.81536126
127,29,CSF2RB,IKZF1,0.8147214
127,261,CSF2RB,EZR,0.79889566
127,180,CSF2RB,TRIM35,0.78315103
127,410,CSF2RB,SMARCA2,0.7813421
127,367,CSF2RB,HCFC1,0.7700447
127,437,CSF2RB,MYB,0.76757336
127,283,CSF2RB,EGR1,0.7656194
127,439,CSF2RB,DDX20,0.7637821
127,486,CSF2RB,NFKBIA,0.7551303
127,351,CSF2RB,ERCC8,0.7502097
127,81,CSF2RB,HDAC11,0.7442053
127,363,CSF2RB,MYC,0.7404404
127,564,CSF2RB,MFNG,0.74000317
127,177,CSF2RB,RELB,0.7366495
127,208,CSF2RB,CISH,0.7360838
127,48,CSF2RB,ELANE,0.7345329
127,331,CSF2RB,PIM2,0.7212916
127,196,CSF2RB,RARS,0.7185634
127,482,CSF2RB,NFATC2,0.71484596
127,466,CSF2RB,ABCG2,0.71360517
127,422,CSF2RB,SESN1,0.70703137
127,436,CSF2RB,RARB,0.7036986
127,263,CSF2RB,JUN,0.70247537
127,315,CSF2RB,CTSL,0.70188516
127,357,CSF2RB,MEIS1,0.6965902
127,557,CSF2RB,SATB1,0.69231915
127,494,CSF2RB,USP11,0.6917651
127,82,CSF2RB,RB1,0.69159496
127,232,CSF2RB,ICAM1,0.68822336
127,34,CSF2RB,MAML3,0.68767226
127,631,CSF2RB,ZFP36,0.67455244
127,6,CSF2RB,BTG2,0.66849935
127,52,CSF2RB,FCGR2B,0.6673724
127,536,CSF2RB,SPI1,0.66701454
127,358,CSF2RB,TRPS1,0.6669866
127,449,CSF2RB,TIE1,0.66557777
595,587,CSF3R,NCAPD2,0.9775823
595,353,CSF3R,CBFB,0.9757717
595,67,CSF3R,HDAC2,0.9756377
595,621,CSF3R,SNRPB,0.9724364
595,485,CSF3R,ABL1,0.96984833
595,413,CSF3R,RASSF4,0.96701336
595,209,CSF3R,ZBTB16,0.96181095
595,165,CSF3R,GTF2H1,0.95941275
595,508,CSF3R,NDRG1,0.95881236
595,589,CSF3R,YBX1,0.9588028
595,475,CSF3R,BCL2,0.9567738
595,292,CSF3R,HDAC7,0.95385814
595,261,CSF3R,EZR,0.94796693
595,206,CSF3R,ZDHHC6,0.9473748
595,161,CSF3R,JARID2,0.94350135
595,486,CSF3R,NFKBIA,0.9352899
595,564,CSF3R,MFNG,0.93503034
595,631,CSF3R,ZFP36,0.93304116
595,29,CSF3R,IKZF1,0.9315274
595,482,CSF3R,NFATC2,0.9272349
595,367,CSF3R,HCFC1,0.9236831
595,439,CSF3R,DDX20,0.9183952
595,331,CSF3R,PIM2,0.915204
595,48,CSF3R,ELANE,0.9124638
595,422,CSF3R,SESN1,0.9111155
595,283,CSF3R,EGR1,0.91037583
595,363,CSF3R,MYC,0.90749454
595,315,CSF3R,CTSL,0.9053319
595,351,CSF3R,ERCC8,0.9037679
595,410,CSF3R,SMARCA2,0.90180403
595,177,CSF3R,RELB,0.9003365
595,208,CSF3R,CISH,0.89698803
595,437,CSF3R,MYB,0.8831495
595,82,CSF3R,RB1,0.87972933
595,494,CSF3R,USP11,0.8714507
595,180,CSF3R,TRIM35,0.86972374
595,436,CSF3R,RARB,0.867669
595,81,CSF3R,HDAC11,0.86147475
595,226,CSF3R,POLR2B,0.86003584
595,196,CSF3R,RARS,0.8564116
595,104,CSF3R,BTK,0.8563892
595,34,CSF3R,MAML3,0.8416597
595,232,CSF3R,ICAM1,0.8410618
595,263,CSF3R,JUN,0.835114
595,577,CSF3R,CAD,0.8319546
595,357,CSF3R,MEIS1,0.8289886
595,134,CSF3R,PA2G4,0.82647693
595,480,CSF3R,WDR5,0.82319945
595,199,CSF3R,E2F4,0.80737215
595,466,CSF3R,ABCG2,0.7913005
205,621,CSGALNACT1,SNRPB,0.9282103
205,353,CSGALNACT1,CBFB,0.89543414
205,475,CSGALNACT1,BCL2,0.8942831
205,413,CSGALNACT1,RASSF4,0.8942356
205,587,CSGALNACT1,NCAPD2,0.8941586
205,67,CSGALNACT1,HDAC2,0.8850062
205,589,CSGALNACT1,YBX1,0.8819421
205,209,CSGALNACT1,ZBTB16,0.8709828
205,165,CSGALNACT1,GTF2H1,0.8593966
205,485,CSGALNACT1,ABL1,0.8572532
205,292,CSGALNACT1,HDAC7,0.8490846
205,206,CSGALNACT1,ZDHHC6,0.8222312
205,508,CSGALNACT1,NDRG1,0.82139933
205,161,CSGALNACT1,JARID2,0.81536126
205,29,CSGALNACT1,IKZF1,0.8147214
205,261,CSGALNACT1,EZR,0.79889566
205,422,CSGALNACT1,SESN1,0.773355
205,367,CSGALNACT1,HCFC1,0.7698142
205,437,CSGALNACT1,MYB,0.76757336
205,283,CSGALNACT1,EGR1,0.7651953
205,439,CSGALNACT1,DDX20,0.7637642
205,48,CSGALNACT1,ELANE,0.7628878
205,631,CSGALNACT1,ZFP36,0.7616878
205,486,CSGALNACT1,NFKBIA,0.7551303
205,482,CSGALNACT1,NFATC2,0.7502473
205,351,CSGALNACT1,ERCC8,0.7502097
205,219,CSGALNACT1,TLR4,0.7418094
205,564,CSGALNACT1,MFNG,0.74007237
205,208,CSGALNACT1,CISH,0.7360838
205,177,CSGALNACT1,RELB,0.73416054
205,331,CSGALNACT1,PIM2,0.7212916
205,196,CSGALNACT1,RARS,0.71889025
205,363,CSGALNACT1,MYC,0.7176446
205,410,CSGALNACT1,SMARCA2,0.7174124
205,466,CSGALNACT1,ABCG2,0.71360517
205,180,CSGALNACT1,TRIM35,0.7070132
205,436,CSGALNACT1,RARB,0.7036986
205,263,CSGALNACT1,JUN,0.70247537
205,315,CSGALNACT1,CTSL,0.70188516
205,357,CSGALNACT1,MEIS1,0.6965902
205,81,CSGALNACT1,HDAC11,0.6961269
205,557,CSGALNACT1,SATB1,0.69231915
205,494,CSGALNACT1,USP11,0.6917651
205,82,CSGALNACT1,RB1,0.69159496
205,232,CSGALNACT1,ICAM1,0.6885645
205,34,CSGALNACT1,MAML3,0.68767226
205,253,CSGALNACT1,GRINA,0.6845242
205,613,CSGALNACT1,PGLYRP2,0.6733057
205,6,CSGALNACT1,BTG2,0.66855806
205,449,CSGALNACT1,TIE1,0.6656387
135,353,CSGALNACT2,CBFB,0.92862463
135,621,CSGALNACT2,SNRPB,0.9208811
135,209,CSGALNACT2,ZBTB16,0.90729123
135,485,CSGALNACT2,ABL1,0.8992882
135,475,CSGALNACT2,BCL2,0.89480567
135,292,CSGALNACT2,HDAC7,0.89468503
135,413,CSGALNACT2,RASSF4,0.884536
135,67,CSGALNACT2,HDAC2,0.8787542
135,587,CSGALNACT2,NCAPD2,0.8757992
135,161,CSGALNACT2,JARID2,0.865137
135,29,CSGALNACT2,IKZF1,0.86011684
135,206,CSGALNACT2,ZDHHC6,0.8597822
135,165,CSGALNACT2,GTF2H1,0.85002106
135,589,CSGALNACT2,YBX1,0.841992
135,508,CSGALNACT2,NDRG1,0.82660383
135,283,CSGALNACT2,EGR1,0.7972397
135,564,CSGALNACT2,MFNG,0.79202396
135,486,CSGALNACT2,NFKBIA,0.7899796
135,631,CSGALNACT2,ZFP36,0.78620887
135,48,CSGALNACT2,ELANE,0.7841063
135,422,CSGALNACT2,SESN1,0.77758193
135,331,CSGALNACT2,PIM2,0.7750304
135,208,CSGALNACT2,CISH,0.7702872
135,410,CSGALNACT2,SMARCA2,0.7650582
135,482,CSGALNACT2,NFATC2,0.76444423
135,177,CSGALNACT2,RELB,0.7558556
135,315,CSGALNACT2,CTSL,0.74605316
135,180,CSGALNACT2,TRIM35,0.7400572
135,437,CSGALNACT2,MYB,0.7386764
135,494,CSGALNACT2,USP11,0.72989815
135,367,CSGALNACT2,HCFC1,0.7236404
135,439,CSGALNACT2,DDX20,0.72183543
135,81,CSGALNACT2,HDAC11,0.71863306
135,436,CSGALNACT2,RARB,0.7063028
135,261,CSGALNACT2,EZR,0.70420444
135,363,CSGALNACT2,MYC,0.6971926
135,536,CSGALNACT2,SPI1,0.697074
135,196,CSGALNACT2,RARS,0.69449663
135,351,CSGALNACT2,ERCC8,0.6933081
135,34,CSGALNACT2,MAML3,0.6917417
135,557,CSGALNACT2,SATB1,0.6910271
135,263,CSGALNACT2,JUN,0.6860769
135,232,CSGALNACT2,ICAM1,0.6827138
135,104,CSGALNACT2,BTK,0.6818858
135,622,CSGALNACT2,KRT18,0.677236
135,515,CSGALNACT2,IGHM,0.6512012
135,162,CSGALNACT2,FES,0.65114254
135,219,CSGALNACT2,TLR4,0.6510817
135,357,CSGALNACT2,MEIS1,0.650156
135,466,CSGALNACT2,ABCG2,0.64442956
602,621,CSRP3,SNRPB,0.90954167
602,475,CSRP3,BCL2,0.8936018
602,353,CSRP3,CBFB,0.89064777
602,413,CSRP3,RASSF4,0.88573366
602,587,CSRP3,NCAPD2,0.88573366
602,589,CSRP3,YBX1,0.857381
602,165,CSRP3,GTF2H1,0.8506358
602,485,CSRP3,ABL1,0.8484391
602,292,CSRP3,HDAC7,0.84245634
602,206,CSRP3,ZDHHC6,0.81847465
602,508,CSRP3,NDRG1,0.814617
602,29,CSRP3,IKZF1,0.80776936
602,209,CSRP3,ZBTB16,0.80033123
602,161,CSRP3,JARID2,0.8002652
602,261,CSRP3,EZR,0.78614503
602,48,CSRP3,ELANE,0.76955384
602,67,CSRP3,HDAC2,0.7647956
602,283,CSRP3,EGR1,0.7483562
602,367,CSRP3,HCFC1,0.7373348
602,486,CSRP3,NFKBIA,0.7341289
602,439,CSRP3,DDX20,0.7313933
602,564,CSRP3,MFNG,0.73018897
602,208,CSRP3,CISH,0.7283332
602,631,CSRP3,ZFP36,0.72534513
602,437,CSRP3,MYB,0.72445613
602,351,CSRP3,ERCC8,0.7156242
602,315,CSRP3,CTSL,0.71559715
602,177,CSRP3,RELB,0.7067895
602,494,CSRP3,USP11,0.701517
602,422,CSRP3,SESN1,0.70062906
602,482,CSRP3,NFATC2,0.69994545
602,363,CSRP3,MYC,0.6981228
602,410,CSRP3,SMARCA2,0.6883959
602,94,CSRP3,TRIB3,0.6876133
602,466,CSRP3,ABCG2,0.67590696
602,196,CSRP3,RARS,0.6751378
602,263,CSRP3,JUN,0.67377007
602,357,CSRP3,MEIS1,0.673112
602,34,CSRP3,MAML3,0.6724554
602,180,CSRP3,TRIM35,0.67063624
602,81,CSRP3,HDAC11,0.6690474
602,436,CSRP3,RARB,0.66628814
602,557,CSRP3,SATB1,0.66200423
602,306,CSRP3,MYCT1,0.6590575
602,331,CSRP3,PIM2,0.65776277
602,232,CSRP3,ICAM1,0.65471756
602,82,CSRP3,RB1,0.65115625
602,289,CSRP3,GT(ROSA)26SOR,0.6499277
602,253,CSRP3,GRINA,0.6496026
602,613,CSRP3,PGLYRP2,0.6496026
126,621,CST7,SNRPB,0.9281673
126,353,CST7,CBFB,0.89573085
126,475,CST7,BCL2,0.894214
126,413,CST7,RASSF4,0.89408064
126,67,CST7,HDAC2,0.88492167
126,589,CST7,YBX1,0.8821163
126,209,CST7,ZBTB16,0.8708812
126,165,CST7,GTF2H1,0.8593173
126,485,CST7,ABL1,0.8571527
126,292,CST7,HDAC7,0.84897804
126,587,CST7,NCAPD2,0.8408964
126,206,CST7,ZDHHC6,0.822124
126,508,CST7,NDRG1,0.82129323
126,161,CST7,JARID2,0.8152538
126,29,CST7,IKZF1,0.81468433
126,261,CST7,EZR,0.79883623
126,180,CST7,TRIM35,0.783059
126,410,CST7,SMARCA2,0.7813006
126,367,CST7,HCFC1,0.76990265
126,437,CST7,MYB,0.76750004
126,283,CST7,EGR1,0.7655707
126,439,CST7,DDX20,0.7635923
126,486,CST7,NFKBIA,0.7550629
126,351,CST7,ERCC8,0.75006014
126,81,CST7,HDAC11,0.74416465
126,363,CST7,MYC,0.74047226
126,564,CST7,MFNG,0.73991936
126,177,CST7,RELB,0.73650086
126,208,CST7,CISH,0.7360108
126,48,CST7,ELANE,0.7344828
126,331,CST7,PIM2,0.72123724
126,196,CST7,RARS,0.71847147
126,482,CST7,NFATC2,0.7147187
126,466,CST7,ABCG2,0.71364254
126,422,CST7,SESN1,0.70690614
126,436,CST7,RARB,0.703667
126,263,CST7,JUN,0.70238316
126,315,CST7,CTSL,0.7018414
126,357,CST7,MEIS1,0.6966598
126,557,CST7,SATB1,0.6922893
126,494,CST7,USP11,0.69174117
126,82,CST7,RB1,0.6914304
126,232,CST7,ICAM1,0.688192
126,34,CST7,MAML3,0.6876877
126,631,CST7,ZFP36,0.67454153
126,6,CST7,BTG2,0.668526
126,52,CST7,FCGR2B,0.6674395
126,358,CST7,TRPS1,0.66701055
126,536,CST7,SPI1,0.6669487
126,449,CST7,TIE1,0.6655823
33,353,CSTF2,CBFB,0.97935486
33,621,CSTF2,SNRPB,0.9780757
33,589,CSTF2,YBX1,0.96306473
33,439,CSTF2,DDX20,0.95983243
33,413,CSTF2,RASSF4,0.9585495
33,587,CSTF2,NCAPD2,0.9585495
33,363,CSTF2,MYC,0.9565485
33,67,CSTF2,HDAC2,0.95114523
33,367,CSTF2,HCFC1,0.9482659
33,226,CSTF2,POLR2B,0.9295054
33,375,CSTF2,SRSF1,0.9144503
33,575,CSTF2,GTF2F1,0.9137566
33,82,CSTF2,RB1,0.9053658
33,117,CSTF2,TFG,0.90486664
33,372,CSTF2,BACE1,0.90486664
33,261,CSTF2,EZR,0.8913396
33,475,CSTF2,BCL2,0.8899464
33,426,CSTF2,PRPF4,0.8828294
33,299,CSTF2,ORC2,0.8785918
33,351,CSTF2,ERCC8,0.8773853
33,209,CSTF2,ZBTB16,0.86169285
33,508,CSTF2,NDRG1,0.8612676
33,292,CSTF2,HDAC7,0.85976416
33,165,CSTF2,GTF2H1,0.8580104
33,3,CSTF2,POLR1B,0.8575425
33,199,CSTF2,E2F4,0.8527258
33,485,CSTF2,ABL1,0.845739
33,274,CSTF2,NOP2,0.84477484
33,404,CSTF2,FTSJ3,0.84477484
33,198,CSTF2,NDN,0.843207
33,554,CSTF2,CDT1,0.8415737
33,208,CSTF2,CISH,0.83635324
33,189,CSTF2,MCM5,0.8206832
33,161,CSTF2,JARID2,0.81619054
33,392,CSTF2,DCAF13,0.81514716
33,482,CSTF2,NFATC2,0.8070818
33,86,CSTF2,RANGAP1,0.80668765
33,118,CSTF2,MIS12,0.79856044
33,259,CSTF2,NUP107,0.7945619
33,137,CSTF2,MYCN,0.79348546
33,414,CSTF2,CENPK,0.7899613
33,564,CSTF2,MFNG,0.785659
33,204,CSTF2,MCM2,0.78296345
33,500,CSTF2,MCM3,0.78290975
33,497,CSTF2,TYMS,0.7770256
33,486,CSTF2,NFKBIA,0.7723816
33,134,CSTF2,PA2G4,0.7684722
33,345,CSTF2,UHRF1,0.7680728
33,631,CSTF2,ZFP36,0.7636764
33,206,CSTF2,ZDHHC6,0.76197785
171,621,CTC1,SNRPB,0.9282103
171,353,CTC1,CBFB,0.895775
171,413,CTC1,RASSF4,0.8941586
171,587,CTC1,NCAPD2,0.8941586
171,475,CTC1,BCL2,0.8937368
171,209,CTC1,ZBTB16,0.89039236
171,67,CTC1,HDAC2,0.8850062
171,589,CTC1,YBX1,0.8819421
171,165,CTC1,GTF2H1,0.8593966
171,485,CTC1,ABL1,0.8572532
171,206,CTC1,ZDHHC6,0.8222312
171,508,CTC1,NDRG1,0.82139933
171,161,CTC1,JARID2,0.81512475
171,29,CTC1,IKZF1,0.8147214
171,261,CTC1,EZR,0.79889566
171,292,CTC1,HDAC7,0.7929506
171,367,CTC1,HCFC1,0.7681866
171,437,CTC1,MYB,0.7675646
171,283,CTC1,EGR1,0.7656194
171,439,CTC1,DDX20,0.7637642
171,48,CTC1,ELANE,0.7628878
171,486,CTC1,NFKBIA,0.7551303
171,351,CTC1,ERCC8,0.7502097
171,482,CTC1,NFATC2,0.74343026
171,208,CTC1,CISH,0.7412455
171,564,CTC1,MFNG,0.74007237
171,631,CTC1,ZFP36,0.73452246
171,177,CTC1,RELB,0.73413795
171,331,CTC1,PIM2,0.7212916
171,196,CTC1,RARS,0.71889025
171,363,CTC1,MYC,0.7176446
171,466,CTC1,ABCG2,0.71360517
171,422,CTC1,SESN1,0.71315414
171,436,CTC1,RARB,0.7036986
171,263,CTC1,JUN,0.70247537
171,315,CTC1,CTSL,0.70188516
171,357,CTC1,MEIS1,0.6965902
171,81,CTC1,HDAC11,0.69599444
171,557,CTC1,SATB1,0.69376844
171,410,CTC1,SMARCA2,0.69267607
171,494,CTC1,USP11,0.6917651
171,82,CTC1,RB1,0.69126457
171,232,CTC1,ICAM1,0.68858284
171,180,CTC1,TRIM35,0.6882234
171,34,CTC1,MAML3,0.68767226
171,6,CTC1,BTG2,0.66849935
171,536,CTC1,SPI1,0.66701454
171,449,CTC1,TIE1,0.66557777
171,162,CTC1,FES,0.6642443
171,253,CTC1,GRINA,0.6624757
346,621,CTLA2A,SNRPB,0.9282103
346,353,CTLA2A,CBFB,0.895775
346,475,CTLA2A,BCL2,0.8942831
346,413,CTLA2A,RASSF4,0.8941586
346,587,CTLA2A,NCAPD2,0.8941586
346,67,CTLA2A,HDAC2,0.8850062
346,209,CTLA2A,ZBTB16,0.8709828
346,589,CTLA2A,YBX1,0.86453784
346,165,CTLA2A,GTF2H1,0.8593966
346,485,CTLA2A,ABL1,0.8566053
346,292,CTLA2A,HDAC7,0.8490846
346,206,CTLA2A,ZDHHC6,0.8222312
346,508,CTLA2A,NDRG1,0.82139933
346,161,CTLA2A,JARID2,0.81536126
346,29,CTLA2A,IKZF1,0.81257033
346,261,CTLA2A,EZR,0.79889566
346,422,CTLA2A,SESN1,0.773355
346,367,CTLA2A,HCFC1,0.7698142
346,437,CTLA2A,MYB,0.76757336
346,283,CTLA2A,EGR1,0.7656194
346,439,CTLA2A,DDX20,0.7637642
346,48,CTLA2A,ELANE,0.7628878
346,631,CTLA2A,ZFP36,0.7616878
346,613,CTLA2A,PGLYRP2,0.76167244
346,486,CTLA2A,NFKBIA,0.7551303
346,482,CTLA2A,NFATC2,0.7502473
346,351,CTLA2A,ERCC8,0.7502097
346,219,CTLA2A,TLR4,0.7418043
346,564,CTLA2A,MFNG,0.74007237
346,208,CTLA2A,CISH,0.7360558
346,177,CTLA2A,RELB,0.73413795
346,331,CTLA2A,PIM2,0.7212916
346,196,CTLA2A,RARS,0.71889025
346,363,CTLA2A,MYC,0.7182519
346,410,CTLA2A,SMARCA2,0.7174124
346,466,CTLA2A,ABCG2,0.71360517
346,180,CTLA2A,TRIM35,0.7070132
346,436,CTLA2A,RARB,0.7037943
346,263,CTLA2A,JUN,0.70247537
346,315,CTLA2A,CTSL,0.70173466
346,357,CTLA2A,MEIS1,0.6965902
346,81,CTLA2A,HDAC11,0.6961269
346,557,CTLA2A,SATB1,0.69231915
346,494,CTLA2A,USP11,0.6917651
346,82,CTLA2A,RB1,0.69159496
346,232,CTLA2A,ICAM1,0.68858284
346,34,CTLA2A,MAML3,0.68767226
346,6,CTLA2A,BTG2,0.6689494
346,536,CTLA2A,SPI1,0.66701454
346,449,CTLA2A,TIE1,0.66557777
505,621,CTLA2B,SNRPB,0.9282532
505,353,CTLA2B,CBFB,0.895775
505,475,CTLA2B,BCL2,0.8942831
505,413,CTLA2B,RASSF4,0.8941586
505,587,CTLA2B,NCAPD2,0.8941586
505,67,CTLA2B,HDAC2,0.8850062
505,589,CTLA2B,YBX1,0.8819421
505,209,CTLA2B,ZBTB16,0.871304
505,165,CTLA2B,GTF2H1,0.8593966
505,485,CTLA2B,ABL1,0.8572532
505,292,CTLA2B,HDAC7,0.8490846
505,206,CTLA2B,ZDHHC6,0.8222312
505,508,CTLA2B,NDRG1,0.82139933
505,161,CTLA2B,JARID2,0.81536126
505,29,CTLA2B,IKZF1,0.8147214
505,261,CTLA2B,EZR,0.7987026
505,331,CTLA2B,PIM2,0.78441936
505,367,CTLA2B,HCFC1,0.7698142
505,437,CTLA2B,MYB,0.76763517
505,283,CTLA2B,EGR1,0.7656194
505,439,CTLA2B,DDX20,0.7637642
505,48,CTLA2B,ELANE,0.7628878
505,631,CTLA2B,ZFP36,0.76164263
505,351,CTLA2B,ERCC8,0.74992025
505,486,CTLA2B,NFKBIA,0.7453303
505,557,CTLA2B,SATB1,0.7434285
505,564,CTLA2B,MFNG,0.74007237
505,208,CTLA2B,CISH,0.7360838
505,177,CTLA2B,RELB,0.73389816
505,196,CTLA2B,RARS,0.7185634
505,363,CTLA2B,MYC,0.7176446
505,410,CTLA2B,SMARCA2,0.7174124
505,482,CTLA2B,NFATC2,0.7146369
505,466,CTLA2B,ABCG2,0.71360517
505,422,CTLA2B,SESN1,0.71333945
505,180,CTLA2B,TRIM35,0.7070132
505,436,CTLA2B,RARB,0.7036986
505,263,CTLA2B,JUN,0.7036811
505,315,CTLA2B,CTSL,0.70188516
505,357,CTLA2B,MEIS1,0.6965902
505,81,CTLA2B,HDAC11,0.6961269
505,494,CTLA2B,USP11,0.69290197
505,82,CTLA2B,RB1,0.69159496
505,94,CTLA2B,TRIB3,0.6907174
505,232,CTLA2B,ICAM1,0.68858284
505,34,CTLA2B,MAML3,0.6875869
505,277,CTLA2B,RTP4,0.6827772
505,79,CTLA2B,STAT2,0.67111
505,6,CTLA2B,BTG2,0.66849935
505,536,CTLA2B,SPI1,0.66701454
99,351,CTR9,ERCC8,0.95706505
99,621,CTR9,SNRPB,0.9569757
99,589,CTR9,YBX1,0.9554864
99,367,CTR9,HCFC1,0.9511254
99,261,CTR9,EZR,0.94914114
99,413,CTR9,RASSF4,0.93853647
99,587,CTR9,NCAPD2,0.93853647
99,212,CTR9,FLT3,0.93779165
99,217,CTR9,PRMT7,0.9377864
99,166,CTR9,PSAT1,0.9377226
99,82,CTR9,RB1,0.93763596
99,197,CTR9,WDR4,0.9375688
99,220,CTR9,TMEM43,0.9375688
99,347,CTR9,RNF4,0.9375688
99,389,CTR9,FOXRED1,0.9375688
99,562,CTR9,NFIA,0.9375688
99,577,CTR9,CAD,0.9375688
99,134,CTR9,PA2G4,0.93754196
99,154,CTR9,HDGF,0.9374618
99,376,CTR9,ATF7,0.93739307
99,439,CTR9,DDX20,0.9357748
99,199,CTR9,E2F4,0.93563294
99,165,CTR9,GTF2H1,0.93517715
99,480,CTR9,WDR5,0.93130326
99,226,CTR9,POLR2B,0.9286085
99,86,CTR9,RANGAP1,0.9278639
99,67,CTR9,HDAC2,0.9246077
99,3,CTR9,POLR1B,0.91332364
99,363,CTR9,MYC,0.9121935
99,353,CTR9,CBFB,0.9088729
99,377,CTR9,NUPR1,0.9078921
99,484,CTR9,TNFRSF21,0.9075108
99,464,CTR9,ZNRF2,0.9075078
99,121,CTR9,PUS7,0.90747756
99,131,CTR9,PPAT,0.90747756
99,164,CTR9,VPS16,0.90747756
99,300,CTR9,TARS,0.90747756
99,364,CTR9,TAF12,0.90747756
99,440,CTR9,TMEM97,0.90747756
99,472,CTR9,HNRNPAB,0.90747756
99,139,CTR9,PBX1,0.90652335
99,429,CTR9,GFI1B,0.90652335
99,402,CTR9,EIF1AD,0.8827606
99,150,CTR9,SORT1,0.8721245
99,201,CTR9,ERLIN1,0.8715291
99,366,CTR9,SNX30,0.8715291
99,423,CTR9,SETD2,0.8715291
99,432,CTR9,HDC,0.8715291
99,450,CTR9,MAGED1,0.8715291
99,514,CTR9,PAK1,0.8715291
417,621,CTSF,SNRPB,0.9508801
417,353,CTSF,CBFB,0.9500564
417,475,CTSF,BCL2,0.9447685
417,485,CTSF,ABL1,0.92842424
417,209,CTSF,ZBTB16,0.92655355
417,292,CTSF,HDAC7,0.9249002
417,161,CTSF,JARID2,0.9114849
417,206,CTSF,ZDHHC6,0.9060941
417,29,CTSF,IKZF1,0.89840925
417,587,CTSF,NCAPD2,0.87859935
417,283,CTSF,EGR1,0.8732777
417,413,CTSF,RASSF4,0.8700408
417,631,CTSF,ZFP36,0.867381
417,67,CTSF,HDAC2,0.86689246
417,146,CTSF,SCARF1,0.8555919
417,208,CTSF,CISH,0.8486944
417,177,CTSF,RELB,0.84582883
417,165,CTSF,GTF2H1,0.8330451
417,508,CTSF,NDRG1,0.83296865
417,589,CTSF,YBX1,0.819234
417,436,CTSF,RARB,0.8166078
417,331,CTSF,PIM2,0.8153381
417,196,CTSF,RARS,0.812324
417,180,CTSF,TRIM35,0.8109426
417,410,CTSF,SMARCA2,0.806083
417,263,CTSF,JUN,0.8024299
417,422,CTSF,SESN1,0.79953223
417,536,CTSF,SPI1,0.79694176
417,354,CTSF,IIGP1,0.7961581
417,232,CTSF,ICAM1,0.79580796
417,486,CTSF,NFKBIA,0.786446
417,564,CTSF,MFNG,0.7810712
417,482,CTSF,NFATC2,0.7773023
417,437,CTSF,MYB,0.7769119
417,363,CTSF,MYC,0.7763549
417,48,CTSF,ELANE,0.7746716
417,253,CTSF,GRINA,0.771812
417,289,CTSF,GT(ROSA)26SOR,0.771812
417,613,CTSF,PGLYRP2,0.771812
417,466,CTSF,ABCG2,0.7687666
417,278,CTSF,NCF1,0.7679314
417,515,CTSF,IGHM,0.7679314
417,6,CTSF,BTG2,0.76756066
417,219,CTSF,TLR4,0.7669615
417,27,CTSF,IRF8,0.7577829
417,81,CTSF,HDAC11,0.757289
417,261,CTSF,EZR,0.75639856
417,439,CTSF,DDX20,0.7552513
417,357,CTSF,MEIS1,0.7547744
417,557,CTSF,SATB1,0.7547433
63,621,CTSG,SNRPB,0.9282103
63,353,CTSG,CBFB,0.895775
63,413,CTSG,RASSF4,0.8941586
63,587,CTSG,NCAPD2,0.8941586
63,67,CTSG,HDAC2,0.8850062
63,589,CTSG,YBX1,0.8819421
63,209,CTSG,ZBTB16,0.8709828
63,475,CTSG,BCL2,0.8594729
63,165,CTSG,GTF2H1,0.8593966
63,485,CTSG,ABL1,0.8572532
63,292,CTSG,HDAC7,0.8490846
63,206,CTSG,ZDHHC6,0.8222312
63,508,CTSG,NDRG1,0.82139933
63,161,CTSG,JARID2,0.81536126
63,29,CTSG,IKZF1,0.8153196
63,261,CTSG,EZR,0.7986653
63,48,CTSG,ELANE,0.7815771
63,367,CTSG,HCFC1,0.7698142
63,437,CTSG,MYB,0.76757336
63,283,CTSG,EGR1,0.76550126
63,439,CTSG,DDX20,0.7637642
63,631,CTSG,ZFP36,0.7616878
63,486,CTSG,NFKBIA,0.7551303
63,351,CTSG,ERCC8,0.7502097
63,564,CTSG,MFNG,0.74007237
63,208,CTSG,CISH,0.7360838
63,177,CTSG,RELB,0.73413795
63,331,CTSG,PIM2,0.7212916
63,196,CTSG,RARS,0.71889025
63,363,CTSG,MYC,0.7176446
63,410,CTSG,SMARCA2,0.7174124
63,436,CTSG,RARB,0.71619284
63,482,CTSG,NFATC2,0.71484596
63,422,CTSG,SESN1,0.7136104
63,466,CTSG,ABCG2,0.71360517
63,263,CTSG,JUN,0.7113406
63,180,CTSG,TRIM35,0.7070132
63,315,CTSG,CTSL,0.70217323
63,357,CTSG,MEIS1,0.6968432
63,81,CTSG,HDAC11,0.6961269
63,557,CTSG,SATB1,0.69231915
63,494,CTSG,USP11,0.6917651
63,82,CTSG,RB1,0.68948203
63,232,CTSG,ICAM1,0.68858284
63,34,CTSG,MAML3,0.68767226
63,6,CTSG,BTG2,0.66849935
63,213,CTSG,TCP11L2,0.6676187
63,536,CTSG,SPI1,0.66701454
63,306,CTSG,MYCT1,0.66664433
63,449,CTSG,TIE1,0.66557777
315,475,CTSL,BCL2,0.9727088
315,353,CTSL,CBFB,0.96643096
315,292,CTSL,HDAC7,0.9662217
315,29,CTSL,IKZF1,0.9653207
315,485,CTSL,ABL1,0.96290493
315,196,CTSL,RARS,0.9598479
315,161,CTSL,JARID2,0.95957255
315,413,CTSL,RASSF4,0.9591249
315,587,CTSL,NCAPD2,0.95909023
315,283,CTSL,EGR1,0.9576246
315,67,CTSL,HDAC2,0.9530166
315,209,CTSL,ZBTB16,0.9499565
315,206,CTSL,ZDHHC6,0.9496557
315,263,CTSL,JUN,0.9488049
315,621,CTSL,SNRPB,0.9471458
315,177,CTSL,RELB,0.94664353
315,466,CTSL,ABCG2,0.9459659
315,208,CTSL,CISH,0.94428766
315,436,CTSL,RARB,0.9435826
315,631,CTSL,ZFP36,0.94162804
315,232,CTSL,ICAM1,0.93991333
315,557,CTSL,SATB1,0.9378065
315,6,CTSL,BTG2,0.93126607
315,79,CTSL,STAT2,0.9299831
315,508,CTSL,NDRG1,0.9281478
315,357,CTSL,MEIS1,0.9280492
315,564,CTSL,MFNG,0.9235823
315,253,CTSL,GRINA,0.9226256
315,289,CTSL,GT(ROSA)26SOR,0.9226256
315,613,CTSL,PGLYRP2,0.9226256
315,486,CTSL,NFKBIA,0.9213152
315,219,CTSL,TLR4,0.92038155
315,278,CTSL,NCF1,0.92038155
315,515,CTSL,IGHM,0.92038155
315,162,CTSL,FES,0.9203569
315,536,CTSL,SPI1,0.91884375
315,175,CTSL,TLE2,0.91849357
315,194,CTSL,GOLPH3,0.91840255
315,441,CTSL,EBF1,0.91840255
315,546,CTSL,PROCR,0.91840255
315,146,CTSL,SCARF1,0.91818714
315,69,CTSL,NAP1L3,0.91817856
315,622,CTSL,KRT18,0.91815627
315,331,CTSL,PIM2,0.9164739
315,52,CTSL,FCGR2B,0.9113319
315,213,CTSL,TCP11L2,0.9113319
315,304,CTSL,HLF,0.9113319
315,180,CTSL,TRIM35,0.9104533
315,589,CTSL,YBX1,0.90964985
315,410,CTSL,SMARCA2,0.9094977
419,621,CTSO,SNRPB,0.92955434
419,353,CTSO,CBFB,0.895775
419,475,CTSO,BCL2,0.8942831
419,587,CTSO,NCAPD2,0.8941586
419,413,CTSO,RASSF4,0.89158714
419,67,CTSO,HDAC2,0.8850062
419,209,CTSO,ZBTB16,0.8709828
419,165,CTSO,GTF2H1,0.8593966
419,485,CTSO,ABL1,0.8572532
419,292,CTSO,HDAC7,0.8490846
419,206,CTSO,ZDHHC6,0.8222312
419,589,CTSO,YBX1,0.82147926
419,508,CTSO,NDRG1,0.82139933
419,161,CTSO,JARID2,0.81536126
419,29,CTSO,IKZF1,0.8147214
419,261,CTSO,EZR,0.79889566
419,146,CTSO,SCARF1,0.78030175
419,367,CTSO,HCFC1,0.7698142
419,437,CTSO,MYB,0.76757336
419,283,CTSO,EGR1,0.7656194
419,439,CTSO,DDX20,0.7637642
419,631,CTSO,ZFP36,0.7616878
419,486,CTSO,NFKBIA,0.75092155
419,351,CTSO,ERCC8,0.7502097
419,363,CTSO,MYC,0.7447088
419,208,CTSO,CISH,0.7359916
419,177,CTSO,RELB,0.73413795
419,331,CTSO,PIM2,0.7212916
419,196,CTSO,RARS,0.71889025
419,410,CTSO,SMARCA2,0.7174124
419,564,CTSO,MFNG,0.7157137
419,48,CTSO,ELANE,0.71485406
419,482,CTSO,NFATC2,0.71484596
419,422,CTSO,SESN1,0.7136104
419,466,CTSO,ABCG2,0.71360517
419,180,CTSO,TRIM35,0.7046289
419,436,CTSO,RARB,0.7036986
419,263,CTSO,JUN,0.70247537
419,557,CTSO,SATB1,0.7022194
419,315,CTSO,CTSL,0.70188516
419,357,CTSO,MEIS1,0.6965902
419,81,CTSO,HDAC11,0.6961269
419,82,CTSO,RB1,0.6919941
419,494,CTSO,USP11,0.6917651
419,354,CTSO,IIGP1,0.691672
419,232,CTSO,ICAM1,0.68858284
419,34,CTSO,MAML3,0.68767226
419,27,CTSO,IRF8,0.686603
419,6,CTSO,BTG2,0.668488
419,536,CTSO,SPI1,0.66701454
178,621,CTSZ,SNRPB,0.90567344
178,353,CTSZ,CBFB,0.8811267
178,475,CTSZ,BCL2,0.877815
178,587,CTSZ,NCAPD2,0.8627435
178,413,CTSZ,RASSF4,0.8600605
178,589,CTSZ,YBX1,0.8587111
178,209,CTSZ,ZBTB16,0.85132813
178,67,CTSZ,HDAC2,0.8484307
178,485,CTSZ,ABL1,0.83317703
178,292,CTSZ,HDAC7,0.8245181
178,508,CTSZ,NDRG1,0.80148333
178,29,CTSZ,IKZF1,0.7935219
178,161,CTSZ,JARID2,0.7878422
178,261,CTSZ,EZR,0.7875263
178,206,CTSZ,ZDHHC6,0.7791765
178,48,CTSZ,ELANE,0.7634163
178,165,CTSZ,GTF2H1,0.75712055
178,486,CTSZ,NFKBIA,0.74984187
178,367,CTSZ,HCFC1,0.7394426
178,564,CTSZ,MFNG,0.7377005
178,283,CTSZ,EGR1,0.73490334
178,439,CTSZ,DDX20,0.73354375
178,437,CTSZ,MYB,0.72761244
178,351,CTSZ,ERCC8,0.71831036
178,631,CTSZ,ZFP36,0.71557707
178,482,CTSZ,NFATC2,0.7131826
178,315,CTSZ,CTSL,0.71309274
178,494,CTSZ,USP11,0.70533425
178,331,CTSZ,PIM2,0.697484
178,208,CTSZ,CISH,0.69593203
178,363,CTSZ,MYC,0.6939932
178,466,CTSZ,ABCG2,0.68491375
178,410,CTSZ,SMARCA2,0.6826139
178,177,CTSZ,RELB,0.6776541
178,180,CTSZ,TRIM35,0.6704123
178,81,CTSZ,HDAC11,0.66991746
178,34,CTSZ,MAML3,0.6668496
178,196,CTSZ,RARS,0.6643015
178,357,CTSZ,MEIS1,0.66427755
178,199,CTSZ,E2F4,0.6634431
178,82,CTSZ,RB1,0.6582217
178,104,CTSZ,BTK,0.6578391
178,436,CTSZ,RARB,0.65199226
178,263,CTSZ,JUN,0.64748544
178,557,CTSZ,SATB1,0.6444111
178,613,CTSZ,PGLYRP2,0.644145
178,253,CTSZ,GRINA,0.6438217
178,289,CTSZ,GT(ROSA)26SOR,0.6438217
178,536,CTSZ,SPI1,0.6416906
178,232,CTSZ,ICAM1,0.6415223
216,475,CUL3,BCL2,0.9709057
216,29,CUL3,IKZF1,0.9652914
216,292,CUL3,HDAC7,0.9576479
216,485,CUL3,ABL1,0.95735544
216,64,CUL3,IRF9,0.9432839
216,293,CUL3,IRF7,0.93919456
216,420,CUL3,FDFT1,0.9380659
216,79,CUL3,STAT2,0.93779457
216,536,CUL3,SPI1,0.9369977
216,161,CUL3,JARID2,0.9365979
216,283,CUL3,EGR1,0.93629116
216,73,CUL3,RORC,0.9343427
216,251,CUL3,IRF6,0.93409795
216,27,CUL3,IRF8,0.93384105
216,253,CUL3,GRINA,0.93277156
216,613,CUL3,PGLYRP2,0.93277156
216,590,CUL3,IL12A,0.93128246
216,162,CUL3,FES,0.9310022
216,219,CUL3,TLR4,0.9309407
216,278,CUL3,NCF1,0.9309407
216,515,CUL3,IGHM,0.9309407
216,183,CUL3,XAF1,0.92462486
216,504,CUL3,IFI44,0.92462486
216,354,CUL3,IIGP1,0.9245688
216,109,CUL3,H2-AA,0.92366487
216,57,CUL3,OASL2,0.9221119
216,277,CUL3,RTP4,0.9220355
216,466,CUL3,ABCG2,0.9218429
216,270,CUL3,VDR,0.92050266
216,289,CUL3,GT(ROSA)26SOR,0.91725
216,550,CUL3,CREB5,0.91643614
216,50,CUL3,NFAT5,0.9161818
216,276,CUL3,REL,0.91575533
216,6,CUL3,BTG2,0.9135313
216,206,CUL3,ZDHHC6,0.913444
216,360,CUL3,FOXO1,0.9132695
216,517,CUL3,H1F0,0.91182405
216,263,CUL3,JUN,0.9114696
216,52,CUL3,FCGR2B,0.9109074
216,304,CUL3,HLF,0.9109074
216,213,CUL3,TCP11L2,0.9108855
216,209,CUL3,ZBTB16,0.91083753
216,69,CUL3,NAP1L3,0.9085937
216,146,CUL3,SCARF1,0.9085937
216,175,CUL3,TLE2,0.9085937
216,194,CUL3,GOLPH3,0.9085937
216,622,CUL3,KRT18,0.9085937
216,441,CUL3,EBF1,0.9084547
216,196,CUL3,RARS,0.90828186
216,333,CUL3,EPAS1,0.90557957
105,621,CYB5R1,SNRPB,0.9282103
105,353,CYB5R1,CBFB,0.8973488
105,475,CYB5R1,BCL2,0.8942831
105,413,CYB5R1,RASSF4,0.8941586
105,587,CYB5R1,NCAPD2,0.8941586
105,589,CYB5R1,YBX1,0.8819421
105,209,CYB5R1,ZBTB16,0.8709828
105,165,CYB5R1,GTF2H1,0.8597318
105,485,CYB5R1,ABL1,0.8572532
105,292,CYB5R1,HDAC7,0.8490846
105,206,CYB5R1,ZDHHC6,0.8222312
105,508,CYB5R1,NDRG1,0.82139933
105,29,CYB5R1,IKZF1,0.8147214
105,261,CYB5R1,EZR,0.79889566
105,161,CYB5R1,JARID2,0.776108
105,283,CYB5R1,EGR1,0.77268136
105,367,CYB5R1,HCFC1,0.7698142
105,437,CYB5R1,MYB,0.76757336
105,439,CYB5R1,DDX20,0.7637642
105,48,CYB5R1,ELANE,0.7628878
105,631,CYB5R1,ZFP36,0.7616878
105,486,CYB5R1,NFKBIA,0.7551303
105,351,CYB5R1,ERCC8,0.7502097
105,436,CYB5R1,RARB,0.7498667
105,515,CYB5R1,IGHM,0.7418043
105,564,CYB5R1,MFNG,0.74007237
105,208,CYB5R1,CISH,0.7360838
105,177,CYB5R1,RELB,0.73413795
105,67,CYB5R1,HDAC2,0.72453433
105,331,CYB5R1,PIM2,0.7212916
105,196,CYB5R1,RARS,0.71889025
105,363,CYB5R1,MYC,0.717912
105,410,CYB5R1,SMARCA2,0.7174124
105,482,CYB5R1,NFATC2,0.71484596
105,466,CYB5R1,ABCG2,0.71360517
105,422,CYB5R1,SESN1,0.71352273
105,180,CYB5R1,TRIM35,0.7074775
105,315,CYB5R1,CTSL,0.70188516
105,357,CYB5R1,MEIS1,0.6965902
105,81,CYB5R1,HDAC11,0.6961269
105,34,CYB5R1,MAML3,0.69417936
105,82,CYB5R1,RB1,0.6926209
105,557,CYB5R1,SATB1,0.69231915
105,494,CYB5R1,USP11,0.69198936
105,232,CYB5R1,ICAM1,0.68858284
105,6,CYB5R1,BTG2,0.66849935
105,536,CYB5R1,SPI1,0.66701454
105,449,CYB5R1,TIE1,0.66557777
105,253,CYB5R1,GRINA,0.6624757
105,613,CYB5R1,PGLYRP2,0.6624757
584,353,CYBC1,CBFB,0.9479541
584,475,CYBC1,BCL2,0.94743997
584,621,CYBC1,SNRPB,0.94517726
584,485,CYBC1,ABL1,0.9343109
584,209,CYBC1,ZBTB16,0.93270534
584,292,CYBC1,HDAC7,0.9291744
584,161,CYBC1,JARID2,0.9135267
584,206,CYBC1,ZDHHC6,0.91231066
584,587,CYBC1,NCAPD2,0.89094776
584,413,CYBC1,RASSF4,0.88915366
584,67,CYBC1,HDAC2,0.8850062
584,589,CYBC1,YBX1,0.8840788
584,283,CYBC1,EGR1,0.8763016
584,631,CYBC1,ZFP36,0.871065
584,208,CYBC1,CISH,0.8521545
584,177,CYBC1,RELB,0.8479791
584,165,CYBC1,GTF2H1,0.8427708
584,508,CYBC1,NDRG1,0.83693993
584,564,CYBC1,MFNG,0.8285719
584,180,CYBC1,TRIM35,0.82855266
584,331,CYBC1,PIM2,0.82716125
584,436,CYBC1,RARB,0.8250334
584,410,CYBC1,SMARCA2,0.81849587
584,29,CYBC1,IKZF1,0.8147214
584,422,CYBC1,SESN1,0.8072086
584,263,CYBC1,JUN,0.8068758
584,486,CYBC1,NFKBIA,0.8060366
584,232,CYBC1,ICAM1,0.80503315
584,536,CYBC1,SPI1,0.8047986
584,622,CYBC1,KRT18,0.7921172
584,162,CYBC1,FES,0.7748196
584,219,CYBC1,TLR4,0.7748196
584,278,CYBC1,NCF1,0.7748196
584,515,CYBC1,IGHM,0.7748196
584,482,CYBC1,NFATC2,0.7742771
584,289,CYBC1,GT(ROSA)26SOR,0.773493
584,613,CYBC1,PGLYRP2,0.773493
584,253,CYBC1,GRINA,0.7731642
584,437,CYBC1,MYB,0.7723644
584,363,CYBC1,MYC,0.7716519
584,367,CYBC1,HCFC1,0.7676388
584,439,CYBC1,DDX20,0.7657467
584,466,CYBC1,ABCG2,0.7646419
584,48,CYBC1,ELANE,0.7628878
584,261,CYBC1,EZR,0.7556391
584,357,CYBC1,MEIS1,0.75106037
584,146,CYBC1,SCARF1,0.74983615
584,175,CYBC1,TLE2,0.74983615
584,194,CYBC1,GOLPH3,0.74983615
584,441,CYBC1,EBF1,0.74983615
229,621,CYP2J6,SNRPB,0.92823577
229,353,CYP2J6,CBFB,0.8958648
229,475,CYP2J6,BCL2,0.894462
229,413,CYP2J6,RASSF4,0.8944291
229,587,CYP2J6,NCAPD2,0.8944291
229,67,CYP2J6,HDAC2,0.8853102
229,589,CYP2J6,YBX1,0.88195896
229,209,CYP2J6,ZBTB16,0.8712545
229,165,CYP2J6,GTF2H1,0.8597283
229,485,CYP2J6,ABL1,0.85750204
229,292,CYP2J6,HDAC7,0.849253
229,206,CYP2J6,ZDHHC6,0.82247955
229,508,CYP2J6,NDRG1,0.82182115
229,161,CYP2J6,JARID2,0.81573796
229,29,CYP2J6,IKZF1,0.8148417
229,261,CYP2J6,EZR,0.79928875
229,439,CYP2J6,DDX20,0.7859278
229,367,CYP2J6,HCFC1,0.7699499
229,283,CYP2J6,EGR1,0.76581854
229,48,CYP2J6,ELANE,0.7630233
229,631,CYP2J6,ZFP36,0.76205224
229,437,CYP2J6,MYB,0.75783396
229,486,CYP2J6,NFKBIA,0.7555996
229,351,CYP2J6,ERCC8,0.75034326
229,564,CYP2J6,MFNG,0.74040586
229,482,CYP2J6,NFATC2,0.74010646
229,363,CYP2J6,MYC,0.7391724
229,208,CYP2J6,CISH,0.73640144
229,177,CYP2J6,RELB,0.7346741
229,331,CYP2J6,PIM2,0.7215463
229,196,CYP2J6,RARS,0.7190273
229,410,CYP2J6,SMARCA2,0.71783626
229,422,CYP2J6,SESN1,0.7139132
229,466,CYP2J6,ABCG2,0.71356446
229,180,CYP2J6,TRIM35,0.70720214
229,263,CYP2J6,JUN,0.70505947
229,436,CYP2J6,RARB,0.7037096
229,315,CYP2J6,CTSL,0.7024005
229,357,CYP2J6,MEIS1,0.69647104
229,81,CYP2J6,HDAC11,0.69637054
229,557,CYP2J6,SATB1,0.6950029
229,494,CYP2J6,USP11,0.6922443
229,82,CYP2J6,RB1,0.691714
229,232,CYP2J6,ICAM1,0.688581
229,34,CYP2J6,MAML3,0.6877042
229,6,CYP2J6,BTG2,0.6682794
229,536,CYP2J6,SPI1,0.66725564
229,449,CYP2J6,TIE1,0.6654068
229,622,CYP2J6,KRT18,0.6637196
229,253,CYP2J6,GRINA,0.6623988
138,621,CYP2J9,SNRPB,0.9282103
138,353,CYP2J9,CBFB,0.895775
138,475,CYP2J9,BCL2,0.8942831
138,413,CYP2J9,RASSF4,0.8941586
138,587,CYP2J9,NCAPD2,0.8941586
138,589,CYP2J9,YBX1,0.89020103
138,67,CYP2J9,HDAC2,0.8850062
138,209,CYP2J9,ZBTB16,0.8709828
138,165,CYP2J9,GTF2H1,0.8593966
138,485,CYP2J9,ABL1,0.8572532
138,292,CYP2J9,HDAC7,0.8490846
138,29,CYP2J9,IKZF1,0.8267248
138,206,CYP2J9,ZDHHC6,0.8222312
138,508,CYP2J9,NDRG1,0.82139933
138,161,CYP2J9,JARID2,0.81536126
138,261,CYP2J9,EZR,0.7989845
138,367,CYP2J9,HCFC1,0.7698142
138,437,CYP2J9,MYB,0.76757336
138,439,CYP2J9,DDX20,0.7637642
138,48,CYP2J9,ELANE,0.7628878
138,631,CYP2J9,ZFP36,0.7616878
138,486,CYP2J9,NFKBIA,0.7551303
138,351,CYP2J9,ERCC8,0.7502097
138,278,CYP2J9,NCF1,0.7418043
138,564,CYP2J9,MFNG,0.74007237
138,208,CYP2J9,CISH,0.7360838
138,331,CYP2J9,PIM2,0.7209529
138,196,CYP2J9,RARS,0.71889025
138,363,CYP2J9,MYC,0.7176446
138,410,CYP2J9,SMARCA2,0.7174124
138,482,CYP2J9,NFATC2,0.71484596
138,466,CYP2J9,ABCG2,0.71360517
138,263,CYP2J9,JUN,0.71321404
138,422,CYP2J9,SESN1,0.7091776
138,180,CYP2J9,TRIM35,0.706949
138,177,CYP2J9,RELB,0.70509493
138,436,CYP2J9,RARB,0.7036986
138,315,CYP2J9,CTSL,0.70188516
138,357,CYP2J9,MEIS1,0.6965902
138,81,CYP2J9,HDAC11,0.6961269
138,557,CYP2J9,SATB1,0.69231915
138,494,CYP2J9,USP11,0.6917651
138,232,CYP2J9,ICAM1,0.68858284
138,34,CYP2J9,MAML3,0.68767226
138,82,CYP2J9,RB1,0.6791091
138,64,CYP2J9,IRF9,0.6745694
138,6,CYP2J9,BTG2,0.66849935
138,536,CYP2J9,SPI1,0.66701454
138,449,CYP2J9,TIE1,0.665734
138,253,CYP2J9,GRINA,0.6635727
114,621,CYP4V3,SNRPB,0.90954167
114,475,CYP4V3,BCL2,0.8936018
114,353,CYP4V3,CBFB,0.89016426
114,413,CYP4V3,RASSF4,0.88573366
114,587,CYP4V3,NCAPD2,0.88573366
114,67,CYP4V3,HDAC2,0.8758036
114,589,CYP4V3,YBX1,0.857381
114,165,CYP4V3,GTF2H1,0.8506358
114,485,CYP4V3,ABL1,0.8484391
114,292,CYP4V3,HDAC7,0.84245634
114,206,CYP4V3,ZDHHC6,0.8183613
114,209,CYP4V3,ZBTB16,0.8163927
114,508,CYP4V3,NDRG1,0.814617
114,29,CYP4V3,IKZF1,0.80776936
114,161,CYP4V3,JARID2,0.8002652
114,261,CYP4V3,EZR,0.7860031
114,486,CYP4V3,NFKBIA,0.7772522
114,48,CYP4V3,ELANE,0.76955384
114,283,CYP4V3,EGR1,0.7482146
114,367,CYP4V3,HCFC1,0.73751396
114,439,CYP4V3,DDX20,0.7313933
114,564,CYP4V3,MFNG,0.73018897
114,208,CYP4V3,CISH,0.7283332
114,631,CYP4V3,ZFP36,0.7257664
114,437,CYP4V3,MYB,0.72445613
114,351,CYP4V3,ERCC8,0.7156242
114,482,CYP4V3,NFATC2,0.7126186
114,177,CYP4V3,RELB,0.7070057
114,315,CYP4V3,CTSL,0.7064116
114,422,CYP4V3,SESN1,0.70062906
114,331,CYP4V3,PIM2,0.6980993
114,363,CYP4V3,MYC,0.6980514
114,494,CYP4V3,USP11,0.6888013
114,410,CYP4V3,SMARCA2,0.6883959
114,466,CYP4V3,ABCG2,0.67590696
114,196,CYP4V3,RARS,0.6751378
114,263,CYP4V3,JUN,0.67377007
114,34,CYP4V3,MAML3,0.6724554
114,180,CYP4V3,TRIM35,0.67063624
114,81,CYP4V3,HDAC11,0.66904765
114,436,CYP4V3,RARB,0.6663285
114,357,CYP4V3,MEIS1,0.6641996
114,557,CYP4V3,SATB1,0.66200423
114,232,CYP4V3,ICAM1,0.65497357
114,82,CYP4V3,RB1,0.65115625
114,253,CYP4V3,GRINA,0.6496026
114,289,CYP4V3,GT(ROSA)26SOR,0.6496026
114,613,CYP4V3,PGLYRP2,0.6495317
114,536,CYP4V3,SPI1,0.64910287
114,435,CYP4V3,NR3C2,0.64649093
392,621,DCAF13,SNRPB,0.9837108
392,353,DCAF13,CBFB,0.97982204
392,439,DCAF13,DDX20,0.97487146
392,363,DCAF13,MYC,0.9748189
392,589,DCAF13,YBX1,0.9742911
392,587,DCAF13,NCAPD2,0.96717536
392,367,DCAF13,HCFC1,0.965767
392,413,DCAF13,RASSF4,0.9636323
392,117,DCAF13,TFG,0.95665586
392,372,DCAF13,BACE1,0.95665586
392,67,DCAF13,HDAC2,0.9564763
392,226,DCAF13,POLR2B,0.9558123
392,375,DCAF13,SRSF1,0.95150596
392,575,DCAF13,GTF2F1,0.94682884
392,351,DCAF13,ERCC8,0.9419153
392,82,DCAF13,RB1,0.93924224
392,33,DCAF13,CSTF2,0.932166
392,274,DCAF13,NOP2,0.92977846
392,404,DCAF13,FTSJ3,0.92977846
392,28,DCAF13,NFE2,0.92920077
392,426,DCAF13,PRPF4,0.92767817
392,300,DCAF13,TARS,0.92114455
392,3,DCAF13,POLR1B,0.919597
392,299,DCAF13,ORC2,0.90989137
392,261,DCAF13,EZR,0.90947974
392,199,DCAF13,E2F4,0.9073992
392,198,DCAF13,NDN,0.90363693
392,165,DCAF13,GTF2H1,0.88537633
392,554,DCAF13,CDT1,0.8839913
392,137,DCAF13,MYCN,0.8827614
392,508,DCAF13,NDRG1,0.8715694
392,189,DCAF13,MCM5,0.8640464
392,86,DCAF13,RANGAP1,0.86129355
392,118,DCAF13,MIS12,0.86047137
392,204,DCAF13,MCM2,0.8595125
392,259,DCAF13,NUP107,0.8590882
392,414,DCAF13,CENPK,0.8557631
392,209,DCAF13,ZBTB16,0.8464863
392,561,DCAF13,MCM7,0.8459604
392,497,DCAF13,TYMS,0.8349059
392,500,DCAF13,MCM3,0.834508
392,482,DCAF13,NFATC2,0.83355093
392,475,DCAF13,BCL2,0.82815385
392,350,DCAF13,MCM6,0.8130528
392,240,DCAF13,RPA2,0.80907243
392,134,DCAF13,PA2G4,0.8055539
392,323,DCAF13,MCM4,0.7938616
392,486,DCAF13,NFKBIA,0.78671676
392,485,DCAF13,ABL1,0.77765906
392,74,DCAF13,TOP2A,0.77760917
439,413,DDX20,RASSF4,0.9831125
439,587,DDX20,NCAPD2,0.9831125
439,67,DDX20,HDAC2,0.98192734
439,589,DDX20,YBX1,0.98069406
439,621,DDX20,SNRPB,0.9783126
439,261,DDX20,EZR,0.9777338
439,165,DDX20,GTF2H1,0.97588044
439,353,DDX20,CBFB,0.9755391
439,367,DDX20,HCFC1,0.97046363
439,508,DDX20,NDRG1,0.96847075
439,482,DDX20,NFATC2,0.9614828
439,351,DDX20,ERCC8,0.96131957
439,363,DDX20,MYC,0.95510924
439,480,DDX20,WDR5,0.95403606
439,209,DDX20,ZBTB16,0.95302176
439,226,DDX20,POLR2B,0.9523186
439,134,DDX20,PA2G4,0.9519957
439,437,DDX20,MYB,0.9506942
439,486,DDX20,NFKBIA,0.94938177
439,82,DDX20,RB1,0.9468266
439,315,DDX20,CTSL,0.9426237
439,104,DDX20,BTK,0.940539
439,199,DDX20,E2F4,0.93992025
439,197,DDX20,WDR4,0.9392865
439,212,DDX20,FLT3,0.93871987
439,166,DDX20,PSAT1,0.93869853
439,217,DDX20,PRMT7,0.93869853
439,220,DDX20,TMEM43,0.93869853
439,347,DDX20,RNF4,0.93869853
439,376,DDX20,ATF7,0.93869853
439,389,DDX20,FOXRED1,0.93869853
439,577,DDX20,CAD,0.93869853
439,562,DDX20,NFIA,0.93863064
439,154,DDX20,HDGF,0.9381145
439,564,DDX20,MFNG,0.9345021
439,345,DDX20,UHRF1,0.9341842
439,475,DDX20,BCL2,0.9306477
439,292,DDX20,HDAC7,0.92830884
439,48,DDX20,ELANE,0.92608535
439,206,DDX20,ZDHHC6,0.9254903
439,485,DDX20,ABL1,0.92291117
439,86,DDX20,RANGAP1,0.9212556
439,3,DDX20,POLR1B,0.9200856
439,161,DDX20,JARID2,0.919189
439,494,DDX20,USP11,0.9148743
439,631,DDX20,ZFP36,0.9095622
439,139,DDX20,PBX1,0.8998368
439,429,DDX20,GFI1B,0.8998368
439,29,DDX20,IKZF1,0.8833639
439,121,DDX20,PUS7,0.87722933
149,621,DDX58,SNRPB,0.9282548
149,353,DDX58,CBFB,0.895775
149,475,DDX58,BCL2,0.8942831
149,413,DDX58,RASSF4,0.8941586
149,587,DDX58,NCAPD2,0.8941586
149,67,DDX58,HDAC2,0.8851019
149,589,DDX58,YBX1,0.8820887
149,209,DDX58,ZBTB16,0.8709828
149,165,DDX58,GTF2H1,0.86375195
149,485,DDX58,ABL1,0.8572532
149,292,DDX58,HDAC7,0.8490846
149,508,DDX58,NDRG1,0.82139933
149,206,DDX58,ZDHHC6,0.82137835
149,161,DDX58,JARID2,0.81536126
149,29,DDX58,IKZF1,0.8147214
149,261,DDX58,EZR,0.79889566
149,437,DDX58,MYB,0.76757336
149,283,DDX58,EGR1,0.7656194
149,439,DDX58,DDX20,0.7637642
149,631,DDX58,ZFP36,0.76168686
149,486,DDX58,NFKBIA,0.7551303
149,351,DDX58,ERCC8,0.7503152
149,208,DDX58,CISH,0.7360838
149,48,DDX58,ELANE,0.7345329
149,564,DDX58,MFNG,0.7278348
149,331,DDX58,PIM2,0.7212916
149,196,DDX58,RARS,0.71889025
149,410,DDX58,SMARCA2,0.7174124
149,482,DDX58,NFATC2,0.71484596
149,363,DDX58,MYC,0.7143017
149,422,DDX58,SESN1,0.7136104
149,466,DDX58,ABCG2,0.71360517
149,180,DDX58,TRIM35,0.7070132
149,436,DDX58,RARB,0.7036986
149,263,DDX58,JUN,0.70247537
149,315,DDX58,CTSL,0.70188516
149,69,DDX58,NAP1L3,0.7002005
149,357,DDX58,MEIS1,0.6965902
149,81,DDX58,HDAC11,0.6961269
149,557,DDX58,SATB1,0.69231915
149,494,DDX58,USP11,0.6917651
149,82,DDX58,RB1,0.69159496
149,232,DDX58,ICAM1,0.68896097
149,34,DDX58,MAML3,0.68767226
149,6,DDX58,BTG2,0.66849935
149,536,DDX58,SPI1,0.66701454
149,449,DDX58,TIE1,0.66557777
149,289,DDX58,GT(ROSA)26SOR,0.66255695
149,253,DDX58,GRINA,0.6624757
149,613,DDX58,PGLYRP2,0.6624757
458,621,DEF8,SNRPB,0.9282103
458,353,DEF8,CBFB,0.895775
458,413,DEF8,RASSF4,0.8941586
458,587,DEF8,NCAPD2,0.89409095
458,67,DEF8,HDAC2,0.8850062
458,589,DEF8,YBX1,0.8819421
458,475,DEF8,BCL2,0.8608384
458,165,DEF8,GTF2H1,0.8593966
458,485,DEF8,ABL1,0.8572532
458,209,DEF8,ZBTB16,0.8526235
458,292,DEF8,HDAC7,0.8490846
458,29,DEF8,IKZF1,0.8234591
458,206,DEF8,ZDHHC6,0.8222312
458,508,DEF8,NDRG1,0.81979585
458,261,DEF8,EZR,0.79889566
458,161,DEF8,JARID2,0.776108
458,367,DEF8,HCFC1,0.7698142
458,437,DEF8,MYB,0.76757336
458,283,DEF8,EGR1,0.7656194
458,48,DEF8,ELANE,0.7625247
458,631,DEF8,ZFP36,0.7616878
458,486,DEF8,NFKBIA,0.7551303
458,351,DEF8,ERCC8,0.7502097
458,564,DEF8,MFNG,0.74644655
458,515,DEF8,IGHM,0.7418043
458,208,DEF8,CISH,0.73586625
458,177,DEF8,RELB,0.73413795
458,180,DEF8,TRIM35,0.7299004
458,439,DEF8,DDX20,0.7281928
458,331,DEF8,PIM2,0.72142166
458,196,DEF8,RARS,0.71889025
458,363,DEF8,MYC,0.7176446
458,410,DEF8,SMARCA2,0.7171445
458,482,DEF8,NFATC2,0.71484596
458,270,DEF8,VDR,0.7139241
458,422,DEF8,SESN1,0.7136104
458,466,DEF8,ABCG2,0.7134282
458,436,DEF8,RARB,0.7037149
458,263,DEF8,JUN,0.70247537
458,315,DEF8,CTSL,0.70188516
458,357,DEF8,MEIS1,0.6965127
458,81,DEF8,HDAC11,0.6961269
458,494,DEF8,USP11,0.6917651
458,82,DEF8,RB1,0.69159496
458,232,DEF8,ICAM1,0.68822336
458,34,DEF8,MAML3,0.6878656
458,557,DEF8,SATB1,0.6811004
458,79,DEF8,STAT2,0.6742183
458,6,DEF8,BTG2,0.66849935
458,536,DEF8,SPI1,0.6667522
535,621,DEK,SNRPB,0.9251865
535,353,DEK,CBFB,0.895775
535,475,DEK,BCL2,0.8942831
535,413,DEK,RASSF4,0.8941586
535,67,DEK,HDAC2,0.8850062
535,589,DEK,YBX1,0.8819421
535,165,DEK,GTF2H1,0.85845286
535,485,DEK,ABL1,0.8572532
535,292,DEK,HDAC7,0.8490846
535,206,DEK,ZDHHC6,0.8222312
535,508,DEK,NDRG1,0.82139933
535,209,DEK,ZBTB16,0.82109094
535,161,DEK,JARID2,0.81536126
535,29,DEK,IKZF1,0.8147214
535,261,DEK,EZR,0.79889566
535,437,DEK,MYB,0.76757336
535,631,DEK,ZFP36,0.7616878
535,283,DEK,EGR1,0.7607387
535,486,DEK,NFKBIA,0.7551303
535,351,DEK,ERCC8,0.7502097
535,564,DEK,MFNG,0.74007237
535,177,DEK,RELB,0.7366495
535,208,DEK,CISH,0.7360838
535,48,DEK,ELANE,0.7345917
535,587,DEK,NCAPD2,0.7306325
535,482,DEK,NFATC2,0.7237593
535,331,DEK,PIM2,0.7212916
535,196,DEK,RARS,0.71971035
535,363,DEK,MYC,0.7176446
535,410,DEK,SMARCA2,0.7174124
535,422,DEK,SESN1,0.7136104
535,466,DEK,ABCG2,0.71360517
535,180,DEK,TRIM35,0.7070132
535,263,DEK,JUN,0.70247537
535,315,DEK,CTSL,0.70188516
535,357,DEK,MEIS1,0.6966681
535,81,DEK,HDAC11,0.6961269
535,557,DEK,SATB1,0.69231915
535,494,DEK,USP11,0.6917651
535,82,DEK,RB1,0.69159496
535,232,DEK,ICAM1,0.68858284
535,34,DEK,MAML3,0.6877883
535,436,DEK,RARB,0.6772892
535,6,DEK,BTG2,0.66849935
535,536,DEK,SPI1,0.6669362
535,449,DEK,TIE1,0.66557777
535,613,DEK,PGLYRP2,0.6624757
535,441,DEK,EBF1,0.65781903
535,146,DEK,SCARF1,0.65723175
535,546,DEK,PROCR,0.65723175
65,621,DENND1C,SNRPB,0.9286894
65,413,DENND1C,RASSF4,0.8923771
65,587,DENND1C,NCAPD2,0.89236903
65,589,DENND1C,YBX1,0.89060456
65,353,DENND1C,CBFB,0.88530505
65,67,DENND1C,HDAC2,0.8822632
65,475,DENND1C,BCL2,0.87830377
65,209,DENND1C,ZBTB16,0.8520727
65,485,DENND1C,ABL1,0.83868545
65,292,DENND1C,HDAC7,0.828122
65,261,DENND1C,EZR,0.81681067
65,508,DENND1C,NDRG1,0.81622493
65,367,DENND1C,HCFC1,0.80616695
65,206,DENND1C,ZDHHC6,0.8040632
65,161,DENND1C,JARID2,0.79215497
65,351,DENND1C,ERCC8,0.7905671
65,29,DENND1C,IKZF1,0.78902906
65,439,DENND1C,DDX20,0.7887465
65,437,DENND1C,MYB,0.7796894
65,482,DENND1C,NFATC2,0.7771039
65,165,DENND1C,GTF2H1,0.7620538
65,283,DENND1C,EGR1,0.75055534
65,486,DENND1C,NFKBIA,0.74747
65,631,DENND1C,ZFP36,0.7453591
65,363,DENND1C,MYC,0.7446828
65,48,DENND1C,ELANE,0.7441885
65,315,DENND1C,CTSL,0.74243444
65,82,DENND1C,RB1,0.73613
65,564,DENND1C,MFNG,0.72922707
65,177,DENND1C,RELB,0.71671027
65,208,DENND1C,CISH,0.70832443
65,196,DENND1C,RARS,0.7056298
65,622,DENND1C,KRT18,0.6953799
65,331,DENND1C,PIM2,0.6917833
65,422,DENND1C,SESN1,0.68811995
65,466,DENND1C,ABCG2,0.68785286
65,494,DENND1C,USP11,0.6862142
65,410,DENND1C,SMARCA2,0.6842005
65,34,DENND1C,MAML3,0.68265754
65,81,DENND1C,HDAC11,0.681089
65,357,DENND1C,MEIS1,0.6783177
65,453,DENND1C,GATA2,0.67585444
65,27,DENND1C,IRF8,0.6729016
65,436,DENND1C,RARB,0.67235965
65,180,DENND1C,TRIM35,0.6695659
65,263,DENND1C,JUN,0.6681168
65,232,DENND1C,ICAM1,0.664568
65,557,DENND1C,SATB1,0.66286594
65,226,DENND1C,POLR2B,0.6583102
65,104,DENND1C,BTK,0.65634054
301,621,DENND2D,SNRPB,0.9282103
301,353,DENND2D,CBFB,0.895775
301,475,DENND2D,BCL2,0.8942831
301,413,DENND2D,RASSF4,0.8941586
301,67,DENND2D,HDAC2,0.8850062
301,589,DENND2D,YBX1,0.8819421
301,206,DENND2D,ZDHHC6,0.8756871
301,165,DENND2D,GTF2H1,0.8593966
301,485,DENND2D,ABL1,0.8583062
301,292,DENND2D,HDAC7,0.8490846
301,161,DENND2D,JARID2,0.81525224
301,29,DENND2D,IKZF1,0.8147214
301,209,DENND2D,ZBTB16,0.8116784
301,508,DENND2D,NDRG1,0.81017315
301,367,DENND2D,HCFC1,0.7698142
301,437,DENND2D,MYB,0.76757336
301,283,DENND2D,EGR1,0.7656194
301,439,DENND2D,DDX20,0.76410466
301,48,DENND2D,ELANE,0.7628878
301,631,DENND2D,ZFP36,0.76191974
301,486,DENND2D,NFKBIA,0.7551303
301,351,DENND2D,ERCC8,0.7502097
301,219,DENND2D,TLR4,0.7418043
301,564,DENND2D,MFNG,0.74007237
301,208,DENND2D,CISH,0.7360558
301,177,DENND2D,RELB,0.73413795
301,587,DENND2D,NCAPD2,0.72948503
301,363,DENND2D,MYC,0.7263435
301,331,DENND2D,PIM2,0.7212916
301,196,DENND2D,RARS,0.71889025
301,482,DENND2D,NFATC2,0.71484596
301,261,DENND2D,EZR,0.7138914
301,422,DENND2D,SESN1,0.7136104
301,466,DENND2D,ABCG2,0.71360517
301,180,DENND2D,TRIM35,0.7070132
301,436,DENND2D,RARB,0.7036986
301,263,DENND2D,JUN,0.70247537
301,315,DENND2D,CTSL,0.70188516
301,357,DENND2D,MEIS1,0.6965902
301,81,DENND2D,HDAC11,0.6961269
301,557,DENND2D,SATB1,0.69231915
301,494,DENND2D,USP11,0.6917651
301,82,DENND2D,RB1,0.69159496
301,517,DENND2D,H1F0,0.690433
301,270,DENND2D,VDR,0.6886739
301,232,DENND2D,ICAM1,0.68858284
301,34,DENND2D,MAML3,0.68767226
301,6,DENND2D,BTG2,0.6688265
301,536,DENND2D,SPI1,0.66701454
301,410,DENND2D,SMARCA2,0.66560817
553,621,DHFR,SNRPB,0.9282103
553,353,DHFR,CBFB,0.895775
553,475,DHFR,BCL2,0.8942831
553,413,DHFR,RASSF4,0.8941586
553,587,DHFR,NCAPD2,0.8939444
553,67,DHFR,HDAC2,0.8850062
553,589,DHFR,YBX1,0.88198805
553,209,DHFR,ZBTB16,0.8709828
553,165,DHFR,GTF2H1,0.8593966
553,485,DHFR,ABL1,0.85706496
553,292,DHFR,HDAC7,0.8490846
553,206,DHFR,ZDHHC6,0.8222312
553,508,DHFR,NDRG1,0.82139933
553,29,DHFR,IKZF1,0.8147214
553,261,DHFR,EZR,0.79889566
553,161,DHFR,JARID2,0.7922321
553,367,DHFR,HCFC1,0.7698142
553,283,DHFR,EGR1,0.7656194
553,439,DHFR,DDX20,0.7637642
553,48,DHFR,ELANE,0.7628878
553,631,DHFR,ZFP36,0.7616878
553,486,DHFR,NFKBIA,0.7565134
553,351,DHFR,ERCC8,0.7502097
553,208,DHFR,CISH,0.7360838
553,177,DHFR,RELB,0.73413795
553,331,DHFR,PIM2,0.7212916
553,196,DHFR,RARS,0.71859664
553,363,DHFR,MYC,0.7176446
553,410,DHFR,SMARCA2,0.7174124
553,482,DHFR,NFATC2,0.71484596
553,422,DHFR,SESN1,0.71370655
553,466,DHFR,ABCG2,0.7096625
553,180,DHFR,TRIM35,0.70863396
553,436,DHFR,RARB,0.7054761
553,263,DHFR,JUN,0.7036811
553,357,DHFR,MEIS1,0.6965902
553,81,DHFR,HDAC11,0.6961269
553,494,DHFR,USP11,0.6917651
553,82,DHFR,RB1,0.69159496
553,232,DHFR,ICAM1,0.68858284
553,34,DHFR,MAML3,0.68767226
553,183,DHFR,XAF1,0.6833825
553,437,DHFR,MYB,0.6773276
553,315,DHFR,CTSL,0.67211604
553,6,DHFR,BTG2,0.66849935
553,564,DHFR,MFNG,0.66813326
553,536,DHFR,SPI1,0.66701454
553,449,DHFR,TIE1,0.6653325
553,613,DHFR,PGLYRP2,0.6630675
553,253,DHFR,GRINA,0.6624757
221,621,DHRS3,SNRPB,0.9282103
221,353,DHRS3,CBFB,0.8960693
221,475,DHRS3,BCL2,0.8942831
221,413,DHRS3,RASSF4,0.8941586
221,67,DHRS3,HDAC2,0.8850062
221,209,DHRS3,ZBTB16,0.8709828
221,165,DHRS3,GTF2H1,0.85931385
221,485,DHRS3,ABL1,0.8583062
221,292,DHRS3,HDAC7,0.8490846
221,587,DHRS3,NCAPD2,0.83372504
221,206,DHRS3,ZDHHC6,0.8222312
221,508,DHRS3,NDRG1,0.82139933
221,161,DHRS3,JARID2,0.81536126
221,261,DHRS3,EZR,0.79889566
221,29,DHRS3,IKZF1,0.77298605
221,367,DHRS3,HCFC1,0.7698142
221,437,DHRS3,MYB,0.76757336
221,283,DHRS3,EGR1,0.7656194
221,439,DHRS3,DDX20,0.7637642
221,48,DHRS3,ELANE,0.7628878
221,631,DHRS3,ZFP36,0.7616878
221,486,DHRS3,NFKBIA,0.7551303
221,82,DHRS3,RB1,0.7411011
221,564,DHRS3,MFNG,0.74007237
221,208,DHRS3,CISH,0.7360838
221,177,DHRS3,RELB,0.73413795
221,351,DHRS3,ERCC8,0.7282291
221,6,DHRS3,BTG2,0.72464854
221,589,DHRS3,YBX1,0.7219498
221,331,DHRS3,PIM2,0.7212916
221,196,DHRS3,RARS,0.71889025
221,363,DHRS3,MYC,0.7176446
221,410,DHRS3,SMARCA2,0.7174124
221,466,DHRS3,ABCG2,0.71544266
221,482,DHRS3,NFATC2,0.71484596
221,422,DHRS3,SESN1,0.7136104
221,180,DHRS3,TRIM35,0.7070132
221,436,DHRS3,RARB,0.70270145
221,263,DHRS3,JUN,0.70247537
221,315,DHRS3,CTSL,0.70188516
221,357,DHRS3,MEIS1,0.6965902
221,81,DHRS3,HDAC11,0.6961294
221,557,DHRS3,SATB1,0.69231915
221,494,DHRS3,USP11,0.6906254
221,232,DHRS3,ICAM1,0.68858284
221,34,DHRS3,MAML3,0.68767226
221,536,DHRS3,SPI1,0.66701454
221,449,DHRS3,TIE1,0.66557777
221,194,DHRS3,GOLPH3,0.6636404
221,253,DHRS3,GRINA,0.6624757
222,353,DHX33,CBFB,0.9828917
222,621,DHX33,SNRPB,0.98120236
222,413,DHX33,RASSF4,0.97739685
222,67,DHX33,HDAC2,0.9749017
222,587,DHX33,NCAPD2,0.96698207
222,439,DHX33,DDX20,0.9599745
222,367,DHX33,HCFC1,0.9570455
222,363,DHX33,MYC,0.95663285
222,165,DHX33,GTF2H1,0.9525882
222,261,DHX33,EZR,0.9521416
222,508,DHX33,NDRG1,0.9458902
222,589,DHX33,YBX1,0.9444548
222,226,DHX33,POLR2B,0.9403101
222,209,DHX33,ZBTB16,0.9380458
222,351,DHX33,ERCC8,0.93279886
222,475,DHX33,BCL2,0.92819357
222,482,DHX33,NFATC2,0.9281257
222,33,DHX33,CSTF2,0.92264
222,82,DHX33,RB1,0.9206249
222,575,DHX33,GTF2F1,0.919987
222,375,DHX33,SRSF1,0.9167698
222,372,DHX33,BACE1,0.91610515
222,117,DHX33,TFG,0.9158165
222,28,DHX33,NFE2,0.91548514
222,199,DHX33,E2F4,0.9134748
222,292,DHX33,HDAC7,0.9122023
222,3,DHX33,POLR1B,0.9036714
222,485,DHX33,ABL1,0.90336156
222,486,DHX33,NFKBIA,0.90205914
222,206,DHX33,ZDHHC6,0.8993083
222,161,DHX33,JARID2,0.8975698
222,564,DHX33,MFNG,0.89325464
222,86,DHX33,RANGAP1,0.88899565
222,274,DHX33,NOP2,0.8835935
222,404,DHX33,FTSJ3,0.8835935
222,631,DHX33,ZFP36,0.8822383
222,426,DHX33,PRPF4,0.8792715
222,134,DHX33,PA2G4,0.87706554
222,345,DHX33,UHRF1,0.8708139
222,315,DHX33,CTSL,0.8690729
222,437,DHX33,MYB,0.8671519
222,331,DHX33,PIM2,0.8603751
222,422,DHX33,SESN1,0.8569225
222,410,DHX33,SMARCA2,0.8457293
222,299,DHX33,ORC2,0.84485215
222,198,DHX33,NDN,0.8249641
222,220,DHX33,TMEM43,0.8238908
222,154,DHX33,HDGF,0.82299334
222,166,DHX33,PSAT1,0.82299334
222,212,DHX33,FLT3,0.82299334
45,621,DLST,SNRPB,0.92829335
45,353,DLST,CBFB,0.8957402
45,413,DLST,RASSF4,0.89453536
45,587,DLST,NCAPD2,0.89453536
45,475,DLST,BCL2,0.89434546
45,67,DLST,HDAC2,0.8849905
45,589,DLST,YBX1,0.8822921
45,209,DLST,ZBTB16,0.8702476
45,165,DLST,GTF2H1,0.8591182
45,485,DLST,ABL1,0.85697293
45,206,DLST,ZDHHC6,0.82220536
45,508,DLST,NDRG1,0.82184434
45,161,DLST,JARID2,0.81533915
45,29,DLST,IKZF1,0.8147068
45,261,DLST,EZR,0.79889935
45,292,DLST,HDAC7,0.79295045
45,367,DLST,HCFC1,0.77050287
45,437,DLST,MYB,0.7678546
45,283,DLST,EGR1,0.7656242
45,48,DLST,ELANE,0.7628952
45,631,DLST,ZFP36,0.7618915
45,351,DLST,ERCC8,0.75093883
45,564,DLST,MFNG,0.74023265
45,208,DLST,CISH,0.73605716
45,177,DLST,RELB,0.7340972
45,196,DLST,RARS,0.7188348
45,363,DLST,MYC,0.7183035
45,410,DLST,SMARCA2,0.71740675
45,331,DLST,PIM2,0.7171946
45,482,DLST,NFATC2,0.71538454
45,422,DLST,SESN1,0.7136089
45,486,DLST,NFKBIA,0.70915896
45,180,DLST,TRIM35,0.7069787
45,436,DLST,RARB,0.7033735
45,263,DLST,JUN,0.7024299
45,315,DLST,CTSL,0.7022842
45,357,DLST,MEIS1,0.696444
45,81,DLST,HDAC11,0.69610274
45,494,DLST,USP11,0.6920737
45,557,DLST,SATB1,0.6919885
45,232,DLST,ICAM1,0.6885547
45,82,DLST,RB1,0.6881972
45,34,DLST,MAML3,0.6876676
45,6,DLST,BTG2,0.66848737
45,536,DLST,SPI1,0.6665267
45,449,DLST,TIE1,0.6655355
45,253,DLST,GRINA,0.662479
45,289,DLST,GT(ROSA)26SOR,0.6621746
45,613,DLST,PGLYRP2,0.6620429
45,146,DLST,SCARF1,0.65708035
614,413,DNAJC10,RASSF4,0.9775728
614,587,DNAJC10,NCAPD2,0.9775728
614,353,DNAJC10,CBFB,0.9757717
614,67,DNAJC10,HDAC2,0.9756377
614,621,DNAJC10,SNRPB,0.9724364
614,209,DNAJC10,ZBTB16,0.96181095
614,165,DNAJC10,GTF2H1,0.9598671
614,508,DNAJC10,NDRG1,0.95881236
614,475,DNAJC10,BCL2,0.9567738
614,589,DNAJC10,YBX1,0.9548246
614,485,DNAJC10,ABL1,0.95193034
614,261,DNAJC10,EZR,0.94825125
614,206,DNAJC10,ZDHHC6,0.9473748
614,161,DNAJC10,JARID2,0.94350135
614,486,DNAJC10,NFKBIA,0.9352899
614,564,DNAJC10,MFNG,0.93512404
614,631,DNAJC10,ZFP36,0.93304116
614,29,DNAJC10,IKZF1,0.9315274
614,439,DNAJC10,DDX20,0.93073845
614,292,DNAJC10,HDAC7,0.92987555
614,482,DNAJC10,NFATC2,0.9272349
614,367,DNAJC10,HCFC1,0.92177105
614,331,DNAJC10,PIM2,0.91504776
614,48,DNAJC10,ELANE,0.91254073
614,422,DNAJC10,SESN1,0.911101
614,363,DNAJC10,MYC,0.90749454
614,315,DNAJC10,CTSL,0.90637016
614,351,DNAJC10,ERCC8,0.90419817
614,410,DNAJC10,SMARCA2,0.90180403
614,177,DNAJC10,RELB,0.9003365
614,208,DNAJC10,CISH,0.89698803
614,82,DNAJC10,RB1,0.8820779
614,494,DNAJC10,USP11,0.8714507
614,180,DNAJC10,TRIM35,0.8691145
614,436,DNAJC10,RARB,0.867669
614,226,DNAJC10,POLR2B,0.86003584
614,437,DNAJC10,MYB,0.8599024
614,196,DNAJC10,RARS,0.8570477
614,104,DNAJC10,BTK,0.8563892
614,81,DNAJC10,HDAC11,0.8519954
614,557,DNAJC10,SATB1,0.8455212
614,34,DNAJC10,MAML3,0.84211457
614,232,DNAJC10,ICAM1,0.84136826
614,357,DNAJC10,MEIS1,0.8289886
614,134,DNAJC10,PA2G4,0.8264858
614,480,DNAJC10,WDR5,0.82319945
614,199,DNAJC10,E2F4,0.805602
614,394,DNAJC10,MAPK1,0.7971916
614,466,DNAJC10,ABCG2,0.7913005
614,3,DNAJC10,POLR1B,0.7816293
418,621,DNAJC11,SNRPB,0.92955434
418,353,DNAJC11,CBFB,0.895775
418,475,DNAJC11,BCL2,0.8942831
418,587,DNAJC11,NCAPD2,0.8941586
418,413,DNAJC11,RASSF4,0.89158714
418,67,DNAJC11,HDAC2,0.8850062
418,209,DNAJC11,ZBTB16,0.8709828
418,165,DNAJC11,GTF2H1,0.8593966
418,485,DNAJC11,ABL1,0.8572532
418,292,DNAJC11,HDAC7,0.8490846
418,206,DNAJC11,ZDHHC6,0.8222312
418,589,DNAJC11,YBX1,0.82147926
418,508,DNAJC11,NDRG1,0.82139933
418,161,DNAJC11,JARID2,0.81536126
418,29,DNAJC11,IKZF1,0.8147214
418,261,DNAJC11,EZR,0.79889566
418,146,DNAJC11,SCARF1,0.78030175
418,367,DNAJC11,HCFC1,0.7698142
418,437,DNAJC11,MYB,0.76757336
418,283,DNAJC11,EGR1,0.7656194
418,439,DNAJC11,DDX20,0.7637642
418,631,DNAJC11,ZFP36,0.7616878
418,486,DNAJC11,NFKBIA,0.75092155
418,351,DNAJC11,ERCC8,0.7502097
418,363,DNAJC11,MYC,0.7447088
418,208,DNAJC11,CISH,0.7359916
418,177,DNAJC11,RELB,0.73413795
418,331,DNAJC11,PIM2,0.7212916
418,196,DNAJC11,RARS,0.71889025
418,410,DNAJC11,SMARCA2,0.7174124
418,564,DNAJC11,MFNG,0.7157137
418,48,DNAJC11,ELANE,0.71485406
418,482,DNAJC11,NFATC2,0.71484596
418,422,DNAJC11,SESN1,0.7136104
418,466,DNAJC11,ABCG2,0.71360517
418,180,DNAJC11,TRIM35,0.7046289
418,436,DNAJC11,RARB,0.7036986
418,263,DNAJC11,JUN,0.70247537
418,557,DNAJC11,SATB1,0.7022194
418,315,DNAJC11,CTSL,0.70188516
418,357,DNAJC11,MEIS1,0.6965902
418,81,DNAJC11,HDAC11,0.6961269
418,82,DNAJC11,RB1,0.6919941
418,494,DNAJC11,USP11,0.6917651
418,354,DNAJC11,IIGP1,0.691672
418,232,DNAJC11,ICAM1,0.68858284
418,34,DNAJC11,MAML3,0.68767226
418,27,DNAJC11,IRF8,0.686603
418,6,DNAJC11,BTG2,0.668488
418,536,DNAJC11,SPI1,0.66701454
324,621,DNAJC5,SNRPB,0.9282057
324,353,DNAJC5,CBFB,0.895775
324,413,DNAJC5,RASSF4,0.89428014
324,587,DNAJC5,NCAPD2,0.89428014
324,475,DNAJC5,BCL2,0.8941607
324,67,DNAJC5,HDAC2,0.8850062
324,589,DNAJC5,YBX1,0.8812232
324,209,DNAJC5,ZBTB16,0.8709828
324,165,DNAJC5,GTF2H1,0.8593966
324,485,DNAJC5,ABL1,0.857092
324,206,DNAJC5,ZDHHC6,0.8222312
324,508,DNAJC5,NDRG1,0.8215544
324,161,DNAJC5,JARID2,0.81536126
324,29,DNAJC5,IKZF1,0.8147214
324,261,DNAJC5,EZR,0.79879767
324,292,DNAJC5,HDAC7,0.7929506
324,367,DNAJC5,HCFC1,0.7699925
324,437,DNAJC5,MYB,0.7676097
324,283,DNAJC5,EGR1,0.7656194
324,439,DNAJC5,DDX20,0.76388067
324,48,DNAJC5,ELANE,0.7628878
324,631,DNAJC5,ZFP36,0.7616532
324,486,DNAJC5,NFKBIA,0.7553647
324,351,DNAJC5,ERCC8,0.7502097
324,564,DNAJC5,MFNG,0.74009144
324,208,DNAJC5,CISH,0.7360838
324,177,DNAJC5,RELB,0.7349779
324,175,DNAJC5,TLE2,0.727379
324,331,DNAJC5,PIM2,0.7212916
324,196,DNAJC5,RARS,0.7185634
324,363,DNAJC5,MYC,0.71780586
324,410,DNAJC5,SMARCA2,0.7170267
324,482,DNAJC5,NFATC2,0.7149066
324,466,DNAJC5,ABCG2,0.7136299
324,422,DNAJC5,SESN1,0.71349525
324,180,DNAJC5,TRIM35,0.7070132
324,436,DNAJC5,RARB,0.7034392
324,263,DNAJC5,JUN,0.70247537
324,315,DNAJC5,CTSL,0.70188516
324,81,DNAJC5,HDAC11,0.6961269
324,494,DNAJC5,USP11,0.6920467
324,82,DNAJC5,RB1,0.69166064
324,232,DNAJC5,ICAM1,0.68858284
324,34,DNAJC5,MAML3,0.68767226
324,357,DNAJC5,MEIS1,0.68134254
324,6,DNAJC5,BTG2,0.66849935
324,536,DNAJC5,SPI1,0.6666828
324,449,DNAJC5,TIE1,0.6658634
324,289,DNAJC5,GT(ROSA)26SOR,0.6627956
324,613,DNAJC5,PGLYRP2,0.66244143
356,621,DNM1L,SNRPB,0.9282103
356,475,DNM1L,BCL2,0.8942831
356,413,DNM1L,RASSF4,0.8941586
356,587,DNM1L,NCAPD2,0.8941586
356,353,DNM1L,CBFB,0.89088815
356,67,DNM1L,HDAC2,0.8850062
356,589,DNM1L,YBX1,0.8819421
356,209,DNM1L,ZBTB16,0.8709828
356,165,DNM1L,GTF2H1,0.8593966
356,485,DNM1L,ABL1,0.8572532
356,206,DNM1L,ZDHHC6,0.8222312
356,508,DNM1L,NDRG1,0.82139933
356,161,DNM1L,JARID2,0.81536126
356,292,DNM1L,HDAC7,0.8055128
356,261,DNM1L,EZR,0.79889566
356,367,DNM1L,HCFC1,0.7698142
356,29,DNM1L,IKZF1,0.768651
356,437,DNM1L,MYB,0.76757336
356,283,DNM1L,EGR1,0.7656194
356,439,DNM1L,DDX20,0.7637642
356,631,DNM1L,ZFP36,0.7616878
356,79,DNM1L,STAT2,0.75977534
356,48,DNM1L,ELANE,0.7583471
356,486,DNM1L,NFKBIA,0.7551303
356,351,DNM1L,ERCC8,0.7502097
356,564,DNM1L,MFNG,0.74007237
356,177,DNM1L,RELB,0.73413795
356,331,DNM1L,PIM2,0.7212697
356,196,DNM1L,RARS,0.71889025
356,622,DNM1L,KRT18,0.71834666
356,363,DNM1L,MYC,0.7176446
356,410,DNM1L,SMARCA2,0.7174124
356,482,DNM1L,NFATC2,0.71484596
356,466,DNM1L,ABCG2,0.71345097
356,208,DNM1L,CISH,0.7115892
356,180,DNM1L,TRIM35,0.7070132
356,436,DNM1L,RARB,0.7036986
356,263,DNM1L,JUN,0.70247537
356,315,DNM1L,CTSL,0.70188516
356,357,DNM1L,MEIS1,0.6965902
356,81,DNM1L,HDAC11,0.6961269
356,422,DNM1L,SESN1,0.6925383
356,494,DNM1L,USP11,0.6917651
356,82,DNM1L,RB1,0.69159496
356,232,DNM1L,ICAM1,0.68858284
356,34,DNM1L,MAML3,0.6876758
356,557,DNM1L,SATB1,0.6811004
356,6,DNM1L,BTG2,0.66849935
356,536,DNM1L,SPI1,0.66701454
356,146,DNM1L,SCARF1,0.6639168
566,621,DOK2,SNRPB,0.9282532
566,353,DOK2,CBFB,0.895775
566,475,DOK2,BCL2,0.8942831
566,413,DOK2,RASSF4,0.8941586
566,587,DOK2,NCAPD2,0.8941586
566,67,DOK2,HDAC2,0.8853139
566,589,DOK2,YBX1,0.8819421
566,165,DOK2,GTF2H1,0.85787445
566,485,DOK2,ABL1,0.8572532
566,292,DOK2,HDAC7,0.8490846
566,206,DOK2,ZDHHC6,0.8222312
566,508,DOK2,NDRG1,0.82139933
566,209,DOK2,ZBTB16,0.81867754
566,161,DOK2,JARID2,0.81536126
566,29,DOK2,IKZF1,0.8147214
566,261,DOK2,EZR,0.79889566
566,367,DOK2,HCFC1,0.7698142
566,437,DOK2,MYB,0.76757336
566,283,DOK2,EGR1,0.76559925
566,439,DOK2,DDX20,0.7637642
566,631,DOK2,ZFP36,0.76341426
566,48,DOK2,ELANE,0.7628878
566,466,DOK2,ABCG2,0.75904214
566,486,DOK2,NFKBIA,0.7551303
566,351,DOK2,ERCC8,0.7502097
566,208,DOK2,CISH,0.7360838
566,177,DOK2,RELB,0.73416054
566,564,DOK2,MFNG,0.7318372
566,331,DOK2,PIM2,0.7212916
566,196,DOK2,RARS,0.71889025
566,410,DOK2,SMARCA2,0.7174124
566,482,DOK2,NFATC2,0.71484596
566,422,DOK2,SESN1,0.71394145
566,180,DOK2,TRIM35,0.7070132
566,436,DOK2,RARB,0.7037149
566,263,DOK2,JUN,0.70247537
566,315,DOK2,CTSL,0.70188516
566,357,DOK2,MEIS1,0.6965902
566,81,DOK2,HDAC11,0.6961269
566,557,DOK2,SATB1,0.69231915
566,494,DOK2,USP11,0.6917651
566,82,DOK2,RB1,0.69159496
566,232,DOK2,ICAM1,0.68858284
566,34,DOK2,MAML3,0.68767226
566,6,DOK2,BTG2,0.66849935
566,536,DOK2,SPI1,0.6667522
566,449,DOK2,TIE1,0.6658861
566,253,DOK2,GRINA,0.6624757
566,289,DOK2,GT(ROSA)26SOR,0.6624757
566,613,DOK2,PGLYRP2,0.6624757
258,353,DPP8,CBFB,0.98262215
258,413,DPP8,RASSF4,0.97897744
258,587,DPP8,NCAPD2,0.97897744
258,621,DPP8,SNRPB,0.97237873
258,67,DPP8,HDAC2,0.9691844
258,475,DPP8,BCL2,0.96531427
258,292,DPP8,HDAC7,0.963971
258,209,DPP8,ZBTB16,0.963627
258,485,DPP8,ABL1,0.960169
258,508,DPP8,NDRG1,0.95724326
258,589,DPP8,YBX1,0.9566123
258,161,DPP8,JARID2,0.95382637
258,631,DPP8,ZFP36,0.9507791
258,206,DPP8,ZDHHC6,0.9487182
258,564,DPP8,MFNG,0.94858044
258,263,DPP8,JUN,0.9478301
258,29,DPP8,IKZF1,0.9459505
258,165,DPP8,GTF2H1,0.9444361
258,486,DPP8,NFKBIA,0.9425637
258,331,DPP8,PIM2,0.93823016
258,177,DPP8,RELB,0.93674827
258,410,DPP8,SMARCA2,0.9333294
258,422,DPP8,SESN1,0.932871
258,208,DPP8,CISH,0.9313117
258,315,DPP8,CTSL,0.9278934
258,261,DPP8,EZR,0.9277177
258,283,DPP8,EGR1,0.9271987
258,81,DPP8,HDAC11,0.9250738
258,436,DPP8,RARB,0.92041105
258,180,DPP8,TRIM35,0.92026556
258,482,DPP8,NFATC2,0.91929525
258,34,DPP8,MAML3,0.91815376
258,363,DPP8,MYC,0.9170716
258,439,DPP8,DDX20,0.9170414
258,232,DPP8,ICAM1,0.91096514
258,367,DPP8,HCFC1,0.9104424
258,48,DPP8,ELANE,0.91035885
258,357,DPP8,MEIS1,0.9030558
258,557,DPP8,SATB1,0.90100724
258,351,DPP8,ERCC8,0.8845639
258,466,DPP8,ABCG2,0.88097936
258,196,DPP8,RARS,0.87106967
258,494,DPP8,USP11,0.85967356
258,6,DPP8,BTG2,0.84985965
258,104,DPP8,BTK,0.8491294
258,437,DPP8,MYB,0.84558547
258,546,DPP8,PROCR,0.8393574
258,226,DPP8,POLR2B,0.83679086
258,613,DPP8,PGLYRP2,0.83431464
258,79,DPP8,STAT2,0.82336307
452,621,DUS1L,SNRPB,0.9279729
452,353,DUS1L,CBFB,0.89569485
452,475,DUS1L,BCL2,0.8941974
452,413,DUS1L,RASSF4,0.8938155
452,587,DUS1L,NCAPD2,0.8938155
452,67,DUS1L,HDAC2,0.88464236
452,589,DUS1L,YBX1,0.8815063
452,209,DUS1L,ZBTB16,0.8708676
452,165,DUS1L,GTF2H1,0.858983
452,485,DUS1L,ABL1,0.8571363
452,206,DUS1L,ZDHHC6,0.82211745
452,508,DUS1L,NDRG1,0.8210214
452,161,DUS1L,JARID2,0.81529635
452,29,DUS1L,IKZF1,0.81460446
452,292,DUS1L,HDAC7,0.80383635
452,261,DUS1L,EZR,0.7987059
452,367,DUS1L,HCFC1,0.76914376
452,283,DUS1L,EGR1,0.76549107
452,48,DUS1L,ELANE,0.763094
452,439,DUS1L,DDX20,0.7630807
452,631,DUS1L,ZFP36,0.7616195
452,351,DUS1L,ERCC8,0.7494982
452,486,DUS1L,NFKBIA,0.7446222
452,564,DUS1L,MFNG,0.7399024
452,208,DUS1L,CISH,0.73603773
452,177,DUS1L,RELB,0.73376566
452,437,DUS1L,MYB,0.73356664
452,331,DUS1L,PIM2,0.7210811
452,196,DUS1L,RARS,0.7186149
452,410,DUS1L,SMARCA2,0.7172286
452,482,DUS1L,NFATC2,0.71404344
452,180,DUS1L,TRIM35,0.70690006
452,436,DUS1L,RARB,0.70357704
452,263,DUS1L,JUN,0.7019394
452,315,DUS1L,CTSL,0.70091736
452,357,DUS1L,MEIS1,0.69671226
452,81,DUS1L,HDAC11,0.6959532
452,557,DUS1L,SATB1,0.69220245
452,494,DUS1L,USP11,0.6919341
452,232,DUS1L,ICAM1,0.6884579
452,34,DUS1L,MAML3,0.68751794
452,422,DUS1L,SESN1,0.68743575
452,536,DUS1L,SPI1,0.6865074
452,82,DUS1L,RB1,0.6861765
452,6,DUS1L,BTG2,0.66844916
452,449,DUS1L,TIE1,0.66533774
452,289,DUS1L,GT(ROSA)26SOR,0.66272354
452,613,DUS1L,PGLYRP2,0.66272354
452,69,DUS1L,NAP1L3,0.6572617
452,146,DUS1L,SCARF1,0.6572617
15,621,DUSP1,SNRPB,0.9304709
15,353,DUSP1,CBFB,0.90370107
15,475,DUSP1,BCL2,0.90111274
15,413,DUSP1,RASSF4,0.895995
15,587,DUSP1,NCAPD2,0.8931082
15,67,DUSP1,HDAC2,0.88690037
15,589,DUSP1,YBX1,0.882337
15,209,DUSP1,ZBTB16,0.882017
15,485,DUSP1,ABL1,0.8677921
15,165,DUSP1,GTF2H1,0.862169
15,292,DUSP1,HDAC7,0.86003333
15,508,DUSP1,NDRG1,0.8278051
15,161,DUSP1,JARID2,0.8269243
15,29,DUSP1,IKZF1,0.81874543
15,206,DUSP1,ZDHHC6,0.818625
15,261,DUSP1,EZR,0.796955
15,367,DUSP1,HCFC1,0.77701694
15,439,DUSP1,DDX20,0.7719767
15,437,DUSP1,MYB,0.76960963
15,283,DUSP1,EGR1,0.7678133
15,631,DUSP1,ZFP36,0.7633048
15,351,DUSP1,ERCC8,0.75744724
15,486,DUSP1,NFKBIA,0.7547272
15,564,DUSP1,MFNG,0.74706703
15,208,DUSP1,CISH,0.7397738
15,363,DUSP1,MYC,0.72937137
15,482,DUSP1,NFATC2,0.72015095
15,196,DUSP1,RARS,0.717574
15,410,DUSP1,SMARCA2,0.7143378
15,315,DUSP1,CTSL,0.711705
15,466,DUSP1,ABCG2,0.70909745
15,180,DUSP1,TRIM35,0.70870167
15,422,DUSP1,SESN1,0.70684487
15,177,DUSP1,RELB,0.7049388
15,263,DUSP1,JUN,0.7041916
15,494,DUSP1,USP11,0.7023283
15,436,DUSP1,RARB,0.70204085
15,82,DUSP1,RB1,0.69900745
15,557,DUSP1,SATB1,0.6942761
15,304,DUSP1,HLF,0.6916882
15,81,DUSP1,HDAC11,0.6908388
15,357,DUSP1,MEIS1,0.69043666
15,232,DUSP1,ICAM1,0.6879111
15,331,DUSP1,PIM2,0.67919654
15,536,DUSP1,SPI1,0.6751457
15,6,DUSP1,BTG2,0.6701756
15,48,DUSP1,ELANE,0.66812813
15,449,DUSP1,TIE1,0.665072
15,253,DUSP1,GRINA,0.6638795
15,289,DUSP1,GT(ROSA)26SOR,0.6638795
199,439,E2F4,DDX20,0.9835788
199,621,E2F4,SNRPB,0.9782642
199,375,E2F4,SRSF1,0.9747933
199,575,E2F4,GTF2F1,0.9743489
199,137,E2F4,MYCN,0.97283494
199,426,E2F4,PRPF4,0.9715414
199,363,E2F4,MYC,0.97092515
199,299,E2F4,ORC2,0.96907973
199,198,E2F4,NDN,0.9688505
199,392,E2F4,DCAF13,0.9645384
199,367,E2F4,HCFC1,0.9644781
199,589,E2F4,YBX1,0.96325487
199,259,E2F4,NUP107,0.9628888
199,189,E2F4,MCM5,0.9621713
199,204,E2F4,MCM2,0.9619168
199,118,E2F4,MIS12,0.95892143
199,217,E2F4,PRMT7,0.9585496
199,554,E2F4,CDT1,0.9579229
199,372,E2F4,BACE1,0.9571597
199,561,E2F4,MCM7,0.9565146
199,414,E2F4,CENPK,0.9554329
199,500,E2F4,MCM3,0.95514655
199,119,E2F4,SLC2A3,0.9511614
199,350,E2F4,MCM6,0.95101786
199,226,E2F4,POLR2B,0.94927466
199,497,E2F4,TYMS,0.94583875
199,323,E2F4,MCM4,0.9431467
199,404,E2F4,FTSJ3,0.9411107
199,274,E2F4,NOP2,0.9409668
199,82,E2F4,RB1,0.9408719
199,240,E2F4,RPA2,0.9403196
199,117,E2F4,TFG,0.9337483
199,42,E2F4,HMGB2,0.92989695
199,182,E2F4,RPA1,0.9290438
199,30,E2F4,PBK,0.92859584
199,279,E2F4,AURKB,0.928591
199,74,E2F4,TOP2A,0.9271727
199,353,E2F4,CBFB,0.92611325
199,351,E2F4,ERCC8,0.92545927
199,53,E2F4,ORC6,0.9207579
199,411,E2F4,CDC45,0.91981804
199,478,E2F4,MKI67,0.9162653
199,3,E2F4,POLR1B,0.9136575
199,399,E2F4,RRM2,0.91355634
199,361,E2F4,CCNB2,0.9132554
199,620,E2F4,TIPIN,0.91027665
199,102,E2F4,PRIM1,0.90969443
199,21,E2F4,RRM1,0.9041047
199,297,E2F4,LIG1,0.90410334
199,266,E2F4,MSH6,0.9032956
405,621,E2F8,SNRPB,0.9282103
405,475,E2F8,BCL2,0.8942831
405,587,E2F8,NCAPD2,0.8941586
405,413,E2F8,RASSF4,0.89182323
405,67,E2F8,HDAC2,0.8850062
405,589,E2F8,YBX1,0.8819421
405,209,E2F8,ZBTB16,0.8709828
405,165,E2F8,GTF2H1,0.8593966
405,485,E2F8,ABL1,0.8572532
405,292,E2F8,HDAC7,0.84922355
405,206,E2F8,ZDHHC6,0.8222312
405,508,E2F8,NDRG1,0.82139933
405,161,E2F8,JARID2,0.81536126
405,29,E2F8,IKZF1,0.8147214
405,261,E2F8,EZR,0.79850286
405,353,E2F8,CBFB,0.7840852
405,367,E2F8,HCFC1,0.7696027
405,283,E2F8,EGR1,0.7656194
405,439,E2F8,DDX20,0.7637642
405,48,E2F8,ELANE,0.7628878
405,631,E2F8,ZFP36,0.7626743
405,486,E2F8,NFKBIA,0.7551303
405,351,E2F8,ERCC8,0.7502097
405,437,E2F8,MYB,0.7453518
405,208,E2F8,CISH,0.7405434
405,564,E2F8,MFNG,0.74007237
405,73,E2F8,RORC,0.7357363
405,177,E2F8,RELB,0.73413795
405,331,E2F8,PIM2,0.7212916
405,196,E2F8,RARS,0.71889025
405,363,E2F8,MYC,0.7176446
405,410,E2F8,SMARCA2,0.7174124
405,482,E2F8,NFATC2,0.71484596
405,422,E2F8,SESN1,0.7136104
405,466,E2F8,ABCG2,0.71360517
405,517,E2F8,H1F0,0.71238095
405,180,E2F8,TRIM35,0.7070132
405,436,E2F8,RARB,0.7036986
405,263,E2F8,JUN,0.70247537
405,315,E2F8,CTSL,0.70188516
405,357,E2F8,MEIS1,0.6965902
405,81,E2F8,HDAC11,0.6961269
405,557,E2F8,SATB1,0.69231915
405,494,E2F8,USP11,0.6917651
405,82,E2F8,RB1,0.69159496
405,232,E2F8,ICAM1,0.68858284
405,34,E2F8,MAML3,0.6878656
405,52,E2F8,FCGR2B,0.68709797
405,50,E2F8,NFAT5,0.6749249
405,6,E2F8,BTG2,0.66849935
441,475,EBF1,BCL2,0.9748405
441,29,EBF1,IKZF1,0.9680178
441,292,EBF1,HDAC7,0.96638817
441,283,EBF1,EGR1,0.95718485
441,161,EBF1,JARID2,0.9568734
441,353,EBF1,CBFB,0.95647544
441,196,EBF1,RARS,0.9562273
441,466,EBF1,ABCG2,0.9544822
441,263,EBF1,JUN,0.9530183
441,631,EBF1,ZFP36,0.94984615
441,206,EBF1,ZDHHC6,0.94575036
441,485,EBF1,ABL1,0.94464
441,79,EBF1,STAT2,0.9434413
441,6,EBF1,BTG2,0.9422339
441,209,EBF1,ZBTB16,0.942062
441,177,EBF1,RELB,0.93885434
441,208,EBF1,CISH,0.93715906
441,436,EBF1,RARB,0.9361664
441,536,EBF1,SPI1,0.935929
441,278,EBF1,NCF1,0.93371445
441,515,EBF1,IGHM,0.93371445
441,162,EBF1,FES,0.9337135
441,219,EBF1,TLR4,0.9337135
441,289,EBF1,GT(ROSA)26SOR,0.9331819
441,613,EBF1,PGLYRP2,0.9331819
441,253,EBF1,GRINA,0.93318105
441,587,EBF1,NCAPD2,0.93303436
441,413,EBF1,RASSF4,0.93234354
441,232,EBF1,ICAM1,0.93219393
441,557,EBF1,SATB1,0.9319613
441,546,EBF1,PROCR,0.9312226
441,622,EBF1,KRT18,0.9312226
441,69,EBF1,NAP1L3,0.9312215
441,146,EBF1,SCARF1,0.9312215
441,194,EBF1,GOLPH3,0.9312215
441,175,EBF1,TLE2,0.93117446
441,64,EBF1,IRF9,0.9304685
441,621,EBF1,SNRPB,0.928704
441,67,EBF1,HDAC2,0.9280228
441,304,EBF1,HLF,0.926295
441,52,EBF1,FCGR2B,0.9262937
441,213,EBF1,TCP11L2,0.9262937
441,420,EBF1,FDFT1,0.9254905
441,270,EBF1,VDR,0.9249961
441,293,EBF1,IRF7,0.92398137
441,224,EBF1,MAPK12,0.92362136
441,73,EBF1,RORC,0.92267156
441,157,EBF1,PLAG1,0.92160773
441,517,EBF1,H1F0,0.92082083
441,580,EBF1,MLLT3,0.9205958
280,621,EBI3,SNRPB,0.9282103
280,353,EBI3,CBFB,0.895775
280,475,EBI3,BCL2,0.8942831
280,413,EBI3,RASSF4,0.8941586
280,587,EBI3,NCAPD2,0.8941586
280,67,EBI3,HDAC2,0.8850062
280,589,EBI3,YBX1,0.8819421
280,209,EBI3,ZBTB16,0.8709828
280,165,EBI3,GTF2H1,0.8593966
280,485,EBI3,ABL1,0.8572532
280,292,EBI3,HDAC7,0.8490846
280,206,EBI3,ZDHHC6,0.8222312
280,508,EBI3,NDRG1,0.82139933
280,161,EBI3,JARID2,0.81536126
280,29,EBI3,IKZF1,0.8147214
280,261,EBI3,EZR,0.79880077
280,367,EBI3,HCFC1,0.7698142
280,437,EBI3,MYB,0.76757336
280,283,EBI3,EGR1,0.76574767
280,439,EBI3,DDX20,0.7637642
280,48,EBI3,ELANE,0.76270694
280,631,EBI3,ZFP36,0.76135296
280,486,EBI3,NFKBIA,0.7551303
280,351,EBI3,ERCC8,0.7502097
280,564,EBI3,MFNG,0.74007237
280,208,EBI3,CISH,0.7360838
280,177,EBI3,RELB,0.73413795
280,331,EBI3,PIM2,0.7212916
280,196,EBI3,RARS,0.71889025
280,363,EBI3,MYC,0.7176446
280,410,EBI3,SMARCA2,0.7174124
280,466,EBI3,ABCG2,0.71360517
280,422,EBI3,SESN1,0.71352273
280,180,EBI3,TRIM35,0.7070132
280,436,EBI3,RARB,0.7036986
280,263,EBI3,JUN,0.70247537
280,315,EBI3,CTSL,0.701837
280,357,EBI3,MEIS1,0.6965902
280,81,EBI3,HDAC11,0.6961269
280,557,EBI3,SATB1,0.69231915
280,82,EBI3,RB1,0.69159496
280,232,EBI3,ICAM1,0.68858284
280,34,EBI3,MAML3,0.68747294
280,482,EBI3,NFATC2,0.67349005
280,6,EBI3,BTG2,0.66849935
280,536,EBI3,SPI1,0.66701454
280,449,EBI3,TIE1,0.66557777
280,515,EBI3,IGHM,0.6644106
280,175,EBI3,TLE2,0.6639168
280,253,EBI3,GRINA,0.6624757
283,475,EGR1,BCL2,0.97475106
283,29,EGR1,IKZF1,0.96796393
283,292,EGR1,HDAC7,0.96612364
283,485,EGR1,ABL1,0.9638218
283,161,EGR1,JARID2,0.95641196
283,196,EGR1,RARS,0.95550185
283,353,EGR1,CBFB,0.9550067
283,466,EGR1,ABCG2,0.954103
283,263,EGR1,JUN,0.9523473
283,631,EGR1,ZFP36,0.9484186
283,209,EGR1,ZBTB16,0.94524574
283,206,EGR1,ZDHHC6,0.9450624
283,79,EGR1,STAT2,0.9437231
283,6,EGR1,BTG2,0.94247216
283,177,EGR1,RELB,0.9379507
283,208,EGR1,CISH,0.9362874
283,536,EGR1,SPI1,0.93581724
283,436,EGR1,RARB,0.93511677
283,162,EGR1,FES,0.9340572
283,219,EGR1,TLR4,0.9340572
283,278,EGR1,NCF1,0.9340572
283,253,EGR1,GRINA,0.9336351
283,289,EGR1,GT(ROSA)26SOR,0.9336351
283,69,EGR1,NAP1L3,0.9314883
283,146,EGR1,SCARF1,0.9314883
283,194,EGR1,GOLPH3,0.9314883
283,441,EGR1,EBF1,0.9314883
283,546,EGR1,PROCR,0.9314883
283,622,EGR1,KRT18,0.9314883
283,232,EGR1,ICAM1,0.931213
283,64,EGR1,IRF9,0.93109155
283,557,EGR1,SATB1,0.93094444
283,413,EGR1,RASSF4,0.9302608
283,587,EGR1,NCAPD2,0.9302608
283,52,EGR1,FCGR2B,0.9267205
283,213,EGR1,TCP11L2,0.92663234
283,304,EGR1,HLF,0.9264455
283,420,EGR1,FDFT1,0.9263331
283,621,EGR1,SNRPB,0.9257855
283,270,EGR1,VDR,0.92541116
283,67,EGR1,HDAC2,0.92487675
283,293,EGR1,IRF7,0.92439854
283,224,EGR1,MAPK12,0.9239989
283,73,EGR1,RORC,0.923279
283,517,EGR1,H1F0,0.92125267
283,27,EGR1,IRF8,0.92088664
283,580,EGR1,MLLT3,0.92087686
283,515,EGR1,IGHM,0.9204973
283,590,EGR1,IL12A,0.9202928
283,251,EGR1,IRF6,0.91904527
402,587,EIF1AD,NCAPD2,0.9814464
402,413,EIF1AD,RASSF4,0.9812712
402,621,EIF1AD,SNRPB,0.980312
402,67,EIF1AD,HDAC2,0.9794576
402,589,EIF1AD,YBX1,0.973697
402,353,EIF1AD,CBFB,0.97194856
402,165,EIF1AD,GTF2H1,0.963729
402,261,EIF1AD,EZR,0.9616702
402,508,EIF1AD,NDRG1,0.9607514
402,209,EIF1AD,ZBTB16,0.9564326
402,439,EIF1AD,DDX20,0.9563336
402,367,EIF1AD,HCFC1,0.95453215
402,363,EIF1AD,MYC,0.9535517
402,482,EIF1AD,NFATC2,0.952602
402,437,EIF1AD,MYB,0.94808835
402,475,EIF1AD,BCL2,0.9448536
402,226,EIF1AD,POLR2B,0.93824726
402,351,EIF1AD,ERCC8,0.9375383
402,292,EIF1AD,HDAC7,0.93733644
402,206,EIF1AD,ZDHHC6,0.9358222
402,486,EIF1AD,NFKBIA,0.9326178
402,376,EIF1AD,ATF7,0.9279304
402,82,EIF1AD,RB1,0.9276682
402,161,EIF1AD,JARID2,0.92764056
402,564,EIF1AD,MFNG,0.9255634
402,485,EIF1AD,ABL1,0.92340153
402,631,EIF1AD,ZFP36,0.92050385
402,315,EIF1AD,CTSL,0.91451913
402,199,EIF1AD,E2F4,0.9094626
402,33,EIF1AD,CSTF2,0.9081329
402,331,EIF1AD,PIM2,0.90463734
402,422,EIF1AD,SESN1,0.89970505
402,134,EIF1AD,PA2G4,0.8990951
402,28,EIF1AD,NFE2,0.8912489
402,29,EIF1AD,IKZF1,0.88987947
402,410,EIF1AD,SMARCA2,0.8874868
402,375,EIF1AD,SRSF1,0.88626593
402,372,EIF1AD,BACE1,0.8829827
402,117,EIF1AD,TFG,0.88237274
402,104,EIF1AD,BTK,0.8807304
402,575,EIF1AD,GTF2F1,0.87517387
402,86,EIF1AD,RANGAP1,0.8745175
402,494,EIF1AD,USP11,0.87373126
402,3,EIF1AD,POLR1B,0.8664771
402,177,EIF1AD,RELB,0.85836273
402,480,EIF1AD,WDR5,0.8576345
402,154,EIF1AD,HDGF,0.85389215
402,166,EIF1AD,PSAT1,0.85389215
402,197,EIF1AD,WDR4,0.85389215
402,212,EIF1AD,FLT3,0.85389215
48,475,ELANE,BCL2,0.9702561
48,413,ELANE,RASSF4,0.9678266
48,587,ELANE,NCAPD2,0.9678266
48,485,ELANE,ABL1,0.96752846
48,353,ELANE,CBFB,0.96556985
48,67,ELANE,HDAC2,0.9628663
48,161,ELANE,JARID2,0.96114695
48,631,ELANE,ZFP36,0.9605161
48,29,ELANE,IKZF1,0.9595889
48,209,ELANE,ZBTB16,0.9570659
48,206,ELANE,ZDHHC6,0.9558098
48,292,ELANE,HDAC7,0.95522356
48,621,ELANE,SNRPB,0.9538345
48,177,ELANE,RELB,0.948098
48,283,ELANE,EGR1,0.9466207
48,196,ELANE,RARS,0.94181365
48,208,ELANE,CISH,0.94040644
48,508,ELANE,NDRG1,0.93961316
48,436,ELANE,RARB,0.9390222
48,165,ELANE,GTF2H1,0.9324934
48,263,ELANE,JUN,0.9323834
48,564,ELANE,MFNG,0.9320688
48,232,ELANE,ICAM1,0.9293518
48,557,ELANE,SATB1,0.92728186
48,589,ELANE,YBX1,0.92467755
48,331,ELANE,PIM2,0.92459935
48,486,ELANE,NFKBIA,0.92285436
48,180,ELANE,TRIM35,0.91751814
48,410,ELANE,SMARCA2,0.91709334
48,357,ELANE,MEIS1,0.91066974
48,536,ELANE,SPI1,0.9032211
48,6,ELANE,BTG2,0.9009698
48,422,ELANE,SESN1,0.8992066
48,79,ELANE,STAT2,0.89806205
48,81,ELANE,HDAC11,0.8976518
48,162,ELANE,FES,0.89364463
48,219,ELANE,TLR4,0.89364463
48,278,ELANE,NCF1,0.89360404
48,515,ELANE,IGHM,0.89360225
48,253,ELANE,GRINA,0.8930299
48,289,ELANE,GT(ROSA)26SOR,0.8930299
48,613,ELANE,PGLYRP2,0.89293355
48,482,ELANE,NFATC2,0.88552797
48,580,ELANE,MLLT3,0.88544524
48,69,ELANE,NAP1L3,0.88360405
48,146,ELANE,SCARF1,0.88360405
48,175,ELANE,TLE2,0.88360405
48,194,ELANE,GOLPH3,0.88360405
48,441,ELANE,EBF1,0.88360405
48,546,ELANE,PROCR,0.88360405
471,621,ELF1,SNRPB,0.9282103
471,353,ELF1,CBFB,0.895775
471,475,ELF1,BCL2,0.8942831
471,413,ELF1,RASSF4,0.8941586
471,587,ELF1,NCAPD2,0.89182323
471,67,ELF1,HDAC2,0.8850062
471,589,ELF1,YBX1,0.8819421
471,209,ELF1,ZBTB16,0.8709828
471,165,ELF1,GTF2H1,0.8593966
471,485,ELF1,ABL1,0.8572532
471,292,ELF1,HDAC7,0.8490846
471,206,ELF1,ZDHHC6,0.8222312
471,508,ELF1,NDRG1,0.82139933
471,161,ELF1,JARID2,0.81536126
471,29,ELF1,IKZF1,0.8147214
471,261,ELF1,EZR,0.7990411
471,367,ELF1,HCFC1,0.7698142
471,437,ELF1,MYB,0.76757336
471,283,ELF1,EGR1,0.7656194
471,263,ELF1,JUN,0.7649864
471,439,ELF1,DDX20,0.7642855
471,48,ELF1,ELANE,0.763121
471,631,ELF1,ZFP36,0.7616878
471,486,ELF1,NFKBIA,0.7551303
471,351,ELF1,ERCC8,0.7502097
471,564,ELF1,MFNG,0.74044657
471,177,ELF1,RELB,0.73413795
471,331,ELF1,PIM2,0.7212916
471,196,ELF1,RARS,0.71889025
471,289,ELF1,GT(ROSA)26SOR,0.71808296
471,363,ELF1,MYC,0.7176446
471,410,ELF1,SMARCA2,0.7174124
471,482,ELF1,NFATC2,0.7153819
471,422,ELF1,SESN1,0.7136104
471,466,ELF1,ABCG2,0.71360517
471,208,ELF1,CISH,0.7101491
471,180,ELF1,TRIM35,0.7070132
471,436,ELF1,RARB,0.7036986
471,315,ELF1,CTSL,0.70221645
471,81,ELF1,HDAC11,0.6961269
471,557,ELF1,SATB1,0.69231915
471,82,ELF1,RB1,0.69159496
471,494,ELF1,USP11,0.6906254
471,232,ELF1,ICAM1,0.68859005
471,34,ELF1,MAML3,0.68767226
471,357,ELF1,MEIS1,0.6820544
471,613,ELF1,PGLYRP2,0.6687116
471,6,ELF1,BTG2,0.66849935
471,536,ELF1,SPI1,0.66701454
471,449,ELF1,TIE1,0.66557777
603,621,ELMO2,SNRPB,0.9282103
603,353,ELMO2,CBFB,0.8986518
603,475,ELMO2,BCL2,0.8946749
603,587,ELMO2,NCAPD2,0.8941586
603,589,ELMO2,YBX1,0.8819421
603,413,ELMO2,RASSF4,0.8765757
603,292,ELMO2,HDAC7,0.8608758
603,485,ELMO2,ABL1,0.8572532
603,165,ELMO2,GTF2H1,0.83707434
603,206,ELMO2,ZDHHC6,0.830124
603,161,ELMO2,JARID2,0.82715
603,508,ELMO2,NDRG1,0.82139933
603,209,ELMO2,ZBTB16,0.8199212
603,29,ELMO2,IKZF1,0.8195854
603,283,ELMO2,EGR1,0.7674343
603,48,ELMO2,ELANE,0.7658022
603,439,ELMO2,DDX20,0.7637642
603,261,ELMO2,EZR,0.7634124
603,631,ELMO2,ZFP36,0.7616878
603,486,ELMO2,NFKBIA,0.7551303
603,67,ELMO2,HDAC2,0.74453825
603,367,ELMO2,HCFC1,0.7441242
603,208,ELMO2,CISH,0.74310946
603,437,ELMO2,MYB,0.74199396
603,564,ELMO2,MFNG,0.74016184
603,177,ELMO2,RELB,0.73057014
603,351,ELMO2,ERCC8,0.7228736
603,180,ELMO2,TRIM35,0.7160789
603,482,ELMO2,NFATC2,0.71484596
603,466,ELMO2,ABCG2,0.71360517
603,196,ELMO2,RARS,0.7126187
603,410,ELMO2,SMARCA2,0.7112996
603,263,ELMO2,JUN,0.70990306
603,422,ELMO2,SESN1,0.7075865
603,436,ELMO2,RARB,0.7036986
603,232,ELMO2,ICAM1,0.7017606
603,363,ELMO2,MYC,0.6982416
603,94,ELMO2,TRIB3,0.6967538
603,557,ELMO2,SATB1,0.69231915
603,494,ELMO2,USP11,0.6917651
603,357,ELMO2,MEIS1,0.69174063
603,81,ELMO2,HDAC11,0.6898434
603,6,ELMO2,BTG2,0.68729115
603,315,ELMO2,CTSL,0.68676424
603,306,ELMO2,MYCT1,0.6839534
603,69,ELMO2,NAP1L3,0.6793297
603,253,ELMO2,GRINA,0.67844146
603,289,ELMO2,GT(ROSA)26SOR,0.6784301
603,34,ELMO2,MAML3,0.67827576
603,146,ELMO2,SCARF1,0.6768369
606,621,ELP2,SNRPB,0.95939386
606,413,ELP2,RASSF4,0.95562685
606,587,ELP2,NCAPD2,0.95562685
606,589,ELP2,YBX1,0.95271564
606,67,ELP2,HDAC2,0.94973487
606,165,ELP2,GTF2H1,0.9458073
606,261,ELP2,EZR,0.9373976
606,353,ELP2,CBFB,0.9275469
606,209,ELP2,ZBTB16,0.91512275
606,367,ELP2,HCFC1,0.90928376
606,508,ELP2,NDRG1,0.9070752
606,351,ELP2,ERCC8,0.90621704
606,475,ELP2,BCL2,0.9026842
606,439,ELP2,DDX20,0.89882493
606,363,ELP2,MYC,0.88228333
606,292,ELP2,HDAC7,0.87807107
606,482,ELP2,NFATC2,0.8769486
606,485,ELP2,ABL1,0.8767333
606,206,ELP2,ZDHHC6,0.8653431
606,82,ELP2,RB1,0.8637519
606,480,ELP2,WDR5,0.8612369
606,161,ELP2,JARID2,0.8561657
606,486,ELP2,NFKBIA,0.85557425
606,226,ELP2,POLR2B,0.83577204
606,134,ELP2,PA2G4,0.83546937
606,315,ELP2,CTSL,0.8286829
606,564,ELP2,MFNG,0.8269696
606,29,ELP2,IKZF1,0.82202166
606,48,ELP2,ELANE,0.8187263
606,220,ELP2,TMEM43,0.8148827
606,154,ELP2,HDGF,0.81405526
606,212,ELP2,FLT3,0.81405526
606,217,ELP2,PRMT7,0.81405526
606,347,ELP2,RNF4,0.81405526
606,376,ELP2,ATF7,0.81405526
606,562,ELP2,NFIA,0.81405526
606,577,ELP2,CAD,0.81405526
606,197,ELP2,WDR4,0.81391305
606,631,ELP2,ZFP36,0.8132487
606,104,ELP2,BTK,0.7934385
606,494,ELP2,USP11,0.7911192
606,389,ELP2,FOXRED1,0.788557
606,345,ELP2,UHRF1,0.7816421
606,283,ELP2,EGR1,0.773817
606,177,ELP2,RELB,0.7620825
606,208,ELP2,CISH,0.75593686
606,331,ELP2,PIM2,0.7504104
606,422,ELP2,SESN1,0.74313426
606,86,ELP2,RANGAP1,0.74001354
606,166,ELP2,PSAT1,0.7393928
386,621,EMCN,SNRPB,0.9063259
386,353,EMCN,CBFB,0.895775
386,475,EMCN,BCL2,0.8942831
386,413,EMCN,RASSF4,0.8941586
386,587,EMCN,NCAPD2,0.8941586
386,67,EMCN,HDAC2,0.8850062
386,589,EMCN,YBX1,0.8819421
386,209,EMCN,ZBTB16,0.8709828
386,165,EMCN,GTF2H1,0.85775405
386,292,EMCN,HDAC7,0.8490846
386,29,EMCN,IKZF1,0.8267248
386,206,EMCN,ZDHHC6,0.822438
386,508,EMCN,NDRG1,0.82139933
386,161,EMCN,JARID2,0.81536126
386,261,EMCN,EZR,0.79889566
386,439,EMCN,DDX20,0.7778268
386,351,EMCN,ERCC8,0.77076983
386,367,EMCN,HCFC1,0.7698142
386,437,EMCN,MYB,0.76757336
386,283,EMCN,EGR1,0.7656194
386,48,EMCN,ELANE,0.7628878
386,631,EMCN,ZFP36,0.7616878
386,486,EMCN,NFKBIA,0.7551303
386,564,EMCN,MFNG,0.74007237
386,208,EMCN,CISH,0.7360838
386,177,EMCN,RELB,0.73413795
386,331,EMCN,PIM2,0.7212916
386,196,EMCN,RARS,0.7207562
386,410,EMCN,SMARCA2,0.7174124
386,363,EMCN,MYC,0.7174006
386,482,EMCN,NFATC2,0.71484596
386,180,EMCN,TRIM35,0.7070132
386,436,EMCN,RARB,0.7036986
386,263,EMCN,JUN,0.70247537
386,357,EMCN,MEIS1,0.6965902
386,81,EMCN,HDAC11,0.6961269
386,224,EMCN,MAPK12,0.69281113
386,557,EMCN,SATB1,0.69231915
386,494,EMCN,USP11,0.6917651
386,82,EMCN,RB1,0.69159496
386,232,EMCN,ICAM1,0.68858284
386,34,EMCN,MAML3,0.68767226
386,485,EMCN,ABL1,0.68247557
386,536,EMCN,SPI1,0.67498404
386,6,EMCN,BTG2,0.66849935
386,449,EMCN,TIE1,0.66557777
386,289,EMCN,GT(ROSA)26SOR,0.6624757
386,613,EMCN,PGLYRP2,0.6624757
386,466,EMCN,ABCG2,0.6618482
386,69,EMCN,NAP1L3,0.6570883
447,621,EMID1,SNRPB,0.9282103
447,353,EMID1,CBFB,0.89578545
447,475,EMID1,BCL2,0.894726
447,587,EMID1,NCAPD2,0.8941586
447,413,EMID1,RASSF4,0.892942
447,67,EMID1,HDAC2,0.8843586
447,589,EMID1,YBX1,0.8819421
447,209,EMID1,ZBTB16,0.8712718
447,165,EMID1,GTF2H1,0.8586056
447,292,EMID1,HDAC7,0.8493133
447,206,EMID1,ZDHHC6,0.8224864
447,508,EMID1,NDRG1,0.8197627
447,161,EMID1,JARID2,0.81580913
447,29,EMID1,IKZF1,0.81488967
447,261,EMID1,EZR,0.7979358
447,367,EMID1,HCFC1,0.789054
447,485,EMID1,ABL1,0.77609736
447,437,EMID1,MYB,0.7668014
447,283,EMID1,EGR1,0.7658325
447,48,EMID1,ELANE,0.76302123
447,439,EMID1,DDX20,0.76227117
447,631,EMID1,ZFP36,0.7619789
447,486,EMID1,NFKBIA,0.7545874
447,351,EMID1,ERCC8,0.74842876
447,564,EMID1,MFNG,0.7399893
447,208,EMID1,CISH,0.73774123
447,177,EMID1,RELB,0.73433334
447,331,EMID1,PIM2,0.72140574
447,196,EMID1,RARS,0.71934885
447,410,EMID1,SMARCA2,0.7179538
447,363,EMID1,MYC,0.71667904
447,466,EMID1,ABCG2,0.71376437
447,422,EMID1,SESN1,0.7137446
447,482,EMID1,NFATC2,0.7136915
447,180,EMID1,TRIM35,0.707951
447,263,EMID1,JUN,0.70546615
447,436,EMID1,RARB,0.70419884
447,357,EMID1,MEIS1,0.69715995
447,81,EMID1,HDAC11,0.6964786
447,557,EMID1,SATB1,0.6930986
447,494,EMID1,USP11,0.69155174
447,82,EMID1,RB1,0.68961036
447,232,EMID1,ICAM1,0.68941003
447,34,EMID1,MAML3,0.6879002
447,6,EMID1,BTG2,0.6689836
447,536,EMID1,SPI1,0.66833484
447,449,EMID1,TIE1,0.6657241
447,253,EMID1,GRINA,0.6631971
447,289,EMID1,GT(ROSA)26SOR,0.6631971
447,613,EMID1,PGLYRP2,0.6624757
72,621,EMILIN1,SNRPB,0.9252914
72,475,EMILIN1,BCL2,0.90243715
72,353,EMILIN1,CBFB,0.89945626
72,587,EMILIN1,NCAPD2,0.8825581
72,413,EMILIN1,RASSF4,0.8825399
72,209,EMILIN1,ZBTB16,0.8807067
72,67,EMILIN1,HDAC2,0.8721448
72,589,EMILIN1,YBX1,0.87192106
72,292,EMILIN1,HDAC7,0.8598216
72,485,EMILIN1,ABL1,0.84811664
72,206,EMILIN1,ZDHHC6,0.8319428
72,161,EMILIN1,JARID2,0.82679564
72,29,EMILIN1,IKZF1,0.8204127
72,508,EMILIN1,NDRG1,0.80865604
72,165,EMILIN1,GTF2H1,0.7756205
72,261,EMILIN1,EZR,0.77142245
72,283,EMILIN1,EGR1,0.76712483
72,48,EMILIN1,ELANE,0.76318574
72,631,EMILIN1,ZFP36,0.7573612
72,437,EMILIN1,MYB,0.75718176
72,367,EMILIN1,HCFC1,0.7483949
72,208,EMILIN1,CISH,0.74806917
72,439,EMILIN1,DDX20,0.74310505
72,564,EMILIN1,MFNG,0.7400378
72,486,EMILIN1,NFKBIA,0.7368395
72,177,EMILIN1,RELB,0.72969544
72,351,EMILIN1,ERCC8,0.7275398
72,196,EMILIN1,RARS,0.7224577
72,331,EMILIN1,PIM2,0.719957
72,180,EMILIN1,TRIM35,0.7192065
72,410,EMILIN1,SMARCA2,0.71749777
72,263,EMILIN1,JUN,0.7165637
72,436,EMILIN1,RARB,0.7152725
72,466,EMILIN1,ABCG2,0.71460086
72,422,EMILIN1,SESN1,0.7120422
72,357,EMILIN1,MEIS1,0.7111525
72,232,EMILIN1,ICAM1,0.70788836
72,557,EMILIN1,SATB1,0.7058549
72,482,EMILIN1,NFATC2,0.7052211
72,363,EMILIN1,MYC,0.702821
72,81,EMILIN1,HDAC11,0.6977239
72,536,EMILIN1,SPI1,0.6924761
72,315,EMILIN1,CTSL,0.68869203
72,34,EMILIN1,MAML3,0.6822021
72,253,EMILIN1,GRINA,0.6782332
72,289,EMILIN1,GT(ROSA)26SOR,0.6782332
72,494,EMILIN1,USP11,0.678141
72,613,EMILIN1,PGLYRP2,0.67797875
72,559,EMILIN1,RUNX1T1,0.67735887
72,175,EMILIN1,TLE2,0.6767016
19,621,EML4,SNRPB,0.9282103
19,353,EML4,CBFB,0.895775
19,413,EML4,RASSF4,0.8943995
19,475,EML4,BCL2,0.8942831
19,587,EML4,NCAPD2,0.8941586
19,67,EML4,HDAC2,0.8850062
19,589,EML4,YBX1,0.8819421
19,209,EML4,ZBTB16,0.8709828
19,165,EML4,GTF2H1,0.8593966
19,485,EML4,ABL1,0.8572532
19,292,EML4,HDAC7,0.8490846
19,508,EML4,NDRG1,0.8179256
19,161,EML4,JARID2,0.81536126
19,29,EML4,IKZF1,0.8147214
19,206,EML4,ZDHHC6,0.80926615
19,261,EML4,EZR,0.7957867
19,367,EML4,HCFC1,0.7698142
19,437,EML4,MYB,0.76757336
19,283,EML4,EGR1,0.7656194
19,631,EML4,ZFP36,0.7616878
19,439,EML4,DDX20,0.7562713
19,486,EML4,NFKBIA,0.75434566
19,482,EML4,NFATC2,0.7502473
19,351,EML4,ERCC8,0.7502097
19,564,EML4,MFNG,0.7407667
19,208,EML4,CISH,0.7360558
19,331,EML4,PIM2,0.7212916
19,196,EML4,RARS,0.71889025
19,410,EML4,SMARCA2,0.7174124
19,363,EML4,MYC,0.7160851
19,466,EML4,ABCG2,0.71360517
19,422,EML4,SESN1,0.7136024
19,180,EML4,TRIM35,0.7070132
19,177,EML4,RELB,0.70509493
19,263,EML4,JUN,0.70247537
19,315,EML4,CTSL,0.70188516
19,357,EML4,MEIS1,0.6965902
19,81,EML4,HDAC11,0.6961269
19,557,EML4,SATB1,0.69231915
19,494,EML4,USP11,0.6917651
19,82,EML4,RB1,0.69159496
19,232,EML4,ICAM1,0.68858284
19,48,EML4,ELANE,0.67642653
19,436,EML4,RARB,0.67064804
19,6,EML4,BTG2,0.66849935
19,536,EML4,SPI1,0.66701454
19,449,EML4,TIE1,0.66557777
19,34,EML4,MAML3,0.66279125
19,253,EML4,GRINA,0.6624757
19,289,EML4,GT(ROSA)26SOR,0.6624757
333,475,EPAS1,BCL2,0.9706378
333,29,EPAS1,IKZF1,0.96433616
333,485,EPAS1,ABL1,0.96129465
333,64,EPAS1,IRF9,0.9422799
333,293,EPAS1,IRF7,0.939853
333,536,EPAS1,SPI1,0.93828136
333,73,EPAS1,RORC,0.9348054
333,162,EPAS1,FES,0.9324182
333,219,EPAS1,TLR4,0.9324182
333,278,EPAS1,NCF1,0.9324182
333,515,EPAS1,IGHM,0.9324182
333,251,EPAS1,IRF6,0.930968
333,161,EPAS1,JARID2,0.9306411
333,283,EPAS1,EGR1,0.9300183
333,79,EPAS1,STAT2,0.9299054
333,590,EPAS1,IL12A,0.92926574
333,292,EPAS1,HDAC7,0.9290145
333,27,EPAS1,IRF8,0.928608
333,253,EPAS1,GRINA,0.92683166
333,289,EPAS1,GT(ROSA)26SOR,0.9266028
333,420,EPAS1,FDFT1,0.92342275
333,183,EPAS1,XAF1,0.9181254
333,354,EPAS1,IIGP1,0.9181254
333,504,EPAS1,IFI44,0.9181254
333,57,EPAS1,OASL2,0.91764843
333,277,EPAS1,RTP4,0.91742045
333,466,EPAS1,ABCG2,0.9133036
333,216,EPAS1,CUL3,0.91205525
333,276,EPAS1,REL,0.91166145
333,360,EPAS1,FOXO1,0.9110427
333,270,EPAS1,VDR,0.90993947
333,50,EPAS1,NFAT5,0.9076027
333,550,EPAS1,CREB5,0.9076027
333,209,EPAS1,ZBTB16,0.906879
333,206,EPAS1,ZDHHC6,0.90661174
333,6,EPAS1,BTG2,0.9055735
333,517,EPAS1,H1F0,0.9042124
333,304,EPAS1,HLF,0.9033576
333,263,EPAS1,JUN,0.90322125
333,52,EPAS1,FCGR2B,0.90320164
333,213,EPAS1,TCP11L2,0.90320164
333,146,EPAS1,SCARF1,0.9006315
333,194,EPAS1,GOLPH3,0.9006315
333,546,EPAS1,PROCR,0.9006315
333,622,EPAS1,KRT18,0.9006315
333,441,EPAS1,EBF1,0.900481
333,196,EPAS1,RARS,0.8996221
333,613,EPAS1,PGLYRP2,0.899066
333,109,EPAS1,H2-AA,0.89873374
333,224,EPAS1,MAPK12,0.8938141
626,621,EPB41L4B,SNRPB,0.9282103
626,353,EPB41L4B,CBFB,0.89558196
626,475,EPB41L4B,BCL2,0.8942831
626,413,EPB41L4B,RASSF4,0.8941586
626,587,EPB41L4B,NCAPD2,0.8941586
626,67,EPB41L4B,HDAC2,0.8850062
626,589,EPB41L4B,YBX1,0.8819421
626,209,EPB41L4B,ZBTB16,0.87076676
626,165,EPB41L4B,GTF2H1,0.8593966
626,292,EPB41L4B,HDAC7,0.8490846
626,206,EPB41L4B,ZDHHC6,0.8222312
626,508,EPB41L4B,NDRG1,0.82139933
626,161,EPB41L4B,JARID2,0.81536126
626,29,EPB41L4B,IKZF1,0.8147214
626,261,EPB41L4B,EZR,0.79889566
626,367,EPB41L4B,HCFC1,0.7906443
626,437,EPB41L4B,MYB,0.76768965
626,283,EPB41L4B,EGR1,0.76559925
626,439,EPB41L4B,DDX20,0.7637642
626,48,EPB41L4B,ELANE,0.7628878
626,631,EPB41L4B,ZFP36,0.7613824
626,79,EPB41L4B,STAT2,0.75977534
626,486,EPB41L4B,NFKBIA,0.7551303
626,485,EPB41L4B,ABL1,0.75403035
626,351,EPB41L4B,ERCC8,0.7502097
626,564,EPB41L4B,MFNG,0.74007237
626,208,EPB41L4B,CISH,0.73953485
626,293,EPB41L4B,IRF7,0.7352872
626,177,EPB41L4B,RELB,0.73460364
626,331,EPB41L4B,PIM2,0.7212916
626,196,EPB41L4B,RARS,0.71889025
626,363,EPB41L4B,MYC,0.7176446
626,410,EPB41L4B,SMARCA2,0.7174124
626,482,EPB41L4B,NFATC2,0.7153819
626,466,EPB41L4B,ABCG2,0.71360517
626,315,EPB41L4B,CTSL,0.71267337
626,180,EPB41L4B,TRIM35,0.7070132
626,436,EPB41L4B,RARB,0.7036986
626,263,EPB41L4B,JUN,0.70247537
626,557,EPB41L4B,SATB1,0.69231915
626,494,EPB41L4B,USP11,0.6917651
626,232,EPB41L4B,ICAM1,0.68858284
626,34,EPB41L4B,MAML3,0.68767226
626,422,EPB41L4B,SESN1,0.67973477
626,550,EPB41L4B,CREB5,0.6754009
626,6,EPB41L4B,BTG2,0.66849935
626,536,EPB41L4B,SPI1,0.66701454
626,449,EPB41L4B,TIE1,0.6658671
626,253,EPB41L4B,GRINA,0.66255695
626,289,EPB41L4B,GT(ROSA)26SOR,0.6624757
320,475,EPSTI1,BCL2,0.95039636
320,621,EPSTI1,SNRPB,0.9282103
320,353,EPSTI1,CBFB,0.895775
320,413,EPSTI1,RASSF4,0.8941586
320,587,EPSTI1,NCAPD2,0.8933038
320,67,EPSTI1,HDAC2,0.8850062
320,589,EPSTI1,YBX1,0.8819421
320,209,EPSTI1,ZBTB16,0.8709828
320,165,EPSTI1,GTF2H1,0.8593966
320,485,EPSTI1,ABL1,0.8572532
320,206,EPSTI1,ZDHHC6,0.8222312
320,508,EPSTI1,NDRG1,0.82139933
320,161,EPSTI1,JARID2,0.81536126
320,29,EPSTI1,IKZF1,0.8147214
320,261,EPSTI1,EZR,0.79879767
320,292,EPSTI1,HDAC7,0.7929506
320,437,EPSTI1,MYB,0.76768965
320,283,EPSTI1,EGR1,0.7656194
320,439,EPSTI1,DDX20,0.7637642
320,48,EPSTI1,ELANE,0.7628878
320,367,EPSTI1,HCFC1,0.762447
320,631,EPSTI1,ZFP36,0.7616878
320,486,EPSTI1,NFKBIA,0.7551303
320,351,EPSTI1,ERCC8,0.7502097
320,564,EPSTI1,MFNG,0.74007237
320,208,EPSTI1,CISH,0.7360838
320,177,EPSTI1,RELB,0.7349779
320,175,EPSTI1,TLE2,0.727379
320,331,EPSTI1,PIM2,0.7212916
320,196,EPSTI1,RARS,0.7185634
320,363,EPSTI1,MYC,0.7176446
320,410,EPSTI1,SMARCA2,0.7174124
320,422,EPSTI1,SESN1,0.7136104
320,466,EPSTI1,ABCG2,0.71360517
320,482,EPSTI1,NFATC2,0.7129028
320,180,EPSTI1,TRIM35,0.7070132
320,436,EPSTI1,RARB,0.7036986
320,263,EPSTI1,JUN,0.70247537
320,315,EPSTI1,CTSL,0.70188516
320,357,EPSTI1,MEIS1,0.6969625
320,81,EPSTI1,HDAC11,0.6961269
320,557,EPSTI1,SATB1,0.69231915
320,494,EPSTI1,USP11,0.6917651
320,82,EPSTI1,RB1,0.69166064
320,232,EPSTI1,ICAM1,0.68858284
320,34,EPSTI1,MAML3,0.68767226
320,580,EPSTI1,MLLT3,0.6799653
320,550,EPSTI1,CREB5,0.6749249
320,6,EPSTI1,BTG2,0.66849935
320,536,EPSTI1,SPI1,0.66701454
351,621,ERCC8,SNRPB,0.97138345
351,353,ERCC8,CBFB,0.96493506
351,439,ERCC8,DDX20,0.95947504
351,575,ERCC8,GTF2F1,0.95739293
351,375,ERCC8,SRSF1,0.9543379
351,363,ERCC8,MYC,0.95335937
351,426,ERCC8,PRPF4,0.9515183
351,299,ERCC8,ORC2,0.9478769
351,137,ERCC8,MYCN,0.94589007
351,589,ERCC8,YBX1,0.9439625
351,198,ERCC8,NDN,0.94237304
351,204,ERCC8,MCM2,0.9390211
351,189,ERCC8,MCM5,0.9383722
351,367,ERCC8,HCFC1,0.9362112
351,259,ERCC8,NUP107,0.9350721
351,554,ERCC8,CDT1,0.9313379
351,561,ERCC8,MCM7,0.9297201
351,392,ERCC8,DCAF13,0.92966914
351,118,ERCC8,MIS12,0.9295594
351,414,ERCC8,CENPK,0.9289001
351,500,ERCC8,MCM3,0.92783517
351,350,ERCC8,MCM6,0.92302155
351,497,ERCC8,TYMS,0.9147213
351,323,ERCC8,MCM4,0.9115908
351,240,ERCC8,RPA2,0.90632844
351,117,ERCC8,TFG,0.90508455
351,372,ERCC8,BACE1,0.90508455
351,226,ERCC8,POLR2B,0.90116984
351,119,ERCC8,SLC2A3,0.90101343
351,478,ERCC8,MKI67,0.8992428
351,74,ERCC8,TOP2A,0.8973752
351,42,ERCC8,HMGB2,0.8971418
351,182,ERCC8,RPA1,0.8944407
351,30,ERCC8,PBK,0.8917588
351,279,ERCC8,AURKB,0.8901169
351,82,ERCC8,RB1,0.8877941
351,53,ERCC8,ORC6,0.8863102
351,411,ERCC8,CDC45,0.8859767
351,361,ERCC8,CCNB2,0.87466156
351,399,ERCC8,RRM2,0.87234426
351,102,ERCC8,PRIM1,0.8716192
351,21,ERCC8,RRM1,0.8658774
351,620,ERCC8,TIPIN,0.86563575
351,266,ERCC8,MSH6,0.8652136
351,297,ERCC8,LIG1,0.86366403
351,290,ERCC8,POLD1,0.86297303
351,274,ERCC8,NOP2,0.8602308
351,404,ERCC8,FTSJ3,0.85877967
351,610,ERCC8,PRIM2,0.8552183
351,273,ERCC8,FIGNL1,0.8487725
201,587,ERLIN1,NCAPD2,0.97756714
201,413,ERLIN1,RASSF4,0.977523
201,353,ERLIN1,CBFB,0.97566515
201,67,ERLIN1,HDAC2,0.9755809
201,621,ERLIN1,SNRPB,0.9724534
201,209,ERLIN1,ZBTB16,0.9617849
201,165,ERLIN1,GTF2H1,0.9597914
201,589,ERLIN1,YBX1,0.95882815
201,508,ERLIN1,NDRG1,0.9588189
201,475,ERLIN1,BCL2,0.9567369
201,292,ERLIN1,HDAC7,0.953833
201,485,ERLIN1,ABL1,0.9518881
201,261,ERLIN1,EZR,0.9479717
201,206,ERLIN1,ZDHHC6,0.9473475
201,161,ERLIN1,JARID2,0.94344956
201,486,ERLIN1,NFKBIA,0.9351912
201,564,ERLIN1,MFNG,0.93506265
201,631,ERLIN1,ZFP36,0.9329827
201,367,ERLIN1,HCFC1,0.9239091
201,439,ERLIN1,DDX20,0.9192429
201,331,ERLIN1,PIM2,0.9151677
201,48,ERLIN1,ELANE,0.91254073
201,283,ERLIN1,EGR1,0.90992236
201,363,ERLIN1,MYC,0.90781164
201,315,ERLIN1,CTSL,0.9062841
201,351,ERLIN1,ERCC8,0.9043536
201,410,ERLIN1,SMARCA2,0.90173715
201,482,ERLIN1,NFATC2,0.9010294
201,177,ERLIN1,RELB,0.9005593
201,29,ERLIN1,IKZF1,0.8996078
201,422,ERLIN1,SESN1,0.89756286
201,208,ERLIN1,CISH,0.8969963
201,437,ERLIN1,MYB,0.88326406
201,82,ERLIN1,RB1,0.87972933
201,219,ERLIN1,TLR4,0.87325317
201,494,ERLIN1,USP11,0.87126434
201,180,ERLIN1,TRIM35,0.8696441
201,436,ERLIN1,RARB,0.86754316
201,81,ERLIN1,HDAC11,0.8655393
201,226,ERLIN1,POLR2B,0.8605228
201,104,ERLIN1,BTK,0.8563892
201,196,ERLIN1,RARS,0.85618347
201,557,ERLIN1,SATB1,0.84530765
201,34,ERLIN1,MAML3,0.84211457
201,232,ERLIN1,ICAM1,0.84093547
201,263,ERLIN1,JUN,0.8347321
201,357,ERLIN1,MEIS1,0.82881844
201,134,ERLIN1,PA2G4,0.8264364
201,480,ERLIN1,WDR5,0.8235512
201,199,ERLIN1,E2F4,0.8081297
176,621,ESAM,SNRPB,0.9282103
176,353,ESAM,CBFB,0.895775
176,475,ESAM,BCL2,0.8942831
176,587,ESAM,NCAPD2,0.8941586
176,413,ESAM,RASSF4,0.89158714
176,589,ESAM,YBX1,0.88484645
176,67,ESAM,HDAC2,0.8794029
176,209,ESAM,ZBTB16,0.8708859
176,485,ESAM,ABL1,0.8572532
176,292,ESAM,HDAC7,0.84922355
176,508,ESAM,NDRG1,0.82139933
176,161,ESAM,JARID2,0.81536126
176,29,ESAM,IKZF1,0.8147214
176,206,ESAM,ZDHHC6,0.8085428
176,261,ESAM,EZR,0.79889566
176,165,ESAM,GTF2H1,0.7905664
176,367,ESAM,HCFC1,0.7698142
176,437,ESAM,MYB,0.76757336
176,283,ESAM,EGR1,0.7656194
176,439,ESAM,DDX20,0.7637642
176,48,ESAM,ELANE,0.7628878
176,631,ESAM,ZFP36,0.7616878
176,486,ESAM,NFKBIA,0.75434566
176,351,ESAM,ERCC8,0.7502097
176,564,ESAM,MFNG,0.74007237
176,208,ESAM,CISH,0.7360838
176,177,ESAM,RELB,0.73413795
176,331,ESAM,PIM2,0.7211776
176,196,ESAM,RARS,0.71889025
176,363,ESAM,MYC,0.7176446
176,410,ESAM,SMARCA2,0.7173258
176,466,ESAM,ABCG2,0.71544266
176,482,ESAM,NFATC2,0.71484596
176,180,ESAM,TRIM35,0.7070132
176,436,ESAM,RARB,0.7036986
176,315,ESAM,CTSL,0.70188516
176,357,ESAM,MEIS1,0.6965902
176,81,ESAM,HDAC11,0.6960659
176,557,ESAM,SATB1,0.69231915
176,494,ESAM,USP11,0.6917651
176,82,ESAM,RB1,0.69159496
176,232,ESAM,ICAM1,0.68858284
176,34,ESAM,MAML3,0.68767226
176,263,ESAM,JUN,0.6831191
176,422,ESAM,SESN1,0.6792045
176,219,ESAM,TLR4,0.67276156
176,6,ESAM,BTG2,0.6689494
176,536,ESAM,SPI1,0.66701454
176,449,ESAM,TIE1,0.66557777
176,184,ESAM,SELL,0.66406614
284,621,EYA2,SNRPB,0.9282103
284,353,EYA2,CBFB,0.895775
284,475,EYA2,BCL2,0.8942831
284,413,EYA2,RASSF4,0.8941586
284,587,EYA2,NCAPD2,0.8941586
284,67,EYA2,HDAC2,0.8850062
284,589,EYA2,YBX1,0.8819421
284,209,EYA2,ZBTB16,0.8709828
284,165,EYA2,GTF2H1,0.8593966
284,485,EYA2,ABL1,0.8572532
284,292,EYA2,HDAC7,0.8490846
284,206,EYA2,ZDHHC6,0.8222312
284,508,EYA2,NDRG1,0.82139933
284,161,EYA2,JARID2,0.81536126
284,29,EYA2,IKZF1,0.8147214
284,261,EYA2,EZR,0.79880077
284,367,EYA2,HCFC1,0.7698142
284,437,EYA2,MYB,0.76757336
284,283,EYA2,EGR1,0.76574767
284,439,EYA2,DDX20,0.7637642
284,48,EYA2,ELANE,0.76270694
284,631,EYA2,ZFP36,0.76135296
284,486,EYA2,NFKBIA,0.7551303
284,351,EYA2,ERCC8,0.7502097
284,564,EYA2,MFNG,0.74007237
284,208,EYA2,CISH,0.7360838
284,177,EYA2,RELB,0.73413795
284,331,EYA2,PIM2,0.7212916
284,196,EYA2,RARS,0.71889025
284,363,EYA2,MYC,0.7176446
284,410,EYA2,SMARCA2,0.7174124
284,466,EYA2,ABCG2,0.71360517
284,422,EYA2,SESN1,0.71352273
284,180,EYA2,TRIM35,0.7070132
284,436,EYA2,RARB,0.7036986
284,263,EYA2,JUN,0.70247537
284,315,EYA2,CTSL,0.701837
284,357,EYA2,MEIS1,0.6965902
284,81,EYA2,HDAC11,0.6961269
284,557,EYA2,SATB1,0.69231915
284,82,EYA2,RB1,0.69159496
284,232,EYA2,ICAM1,0.68858284
284,34,EYA2,MAML3,0.68747294
284,482,EYA2,NFATC2,0.67349005
284,6,EYA2,BTG2,0.66849935
284,536,EYA2,SPI1,0.66701454
284,449,EYA2,TIE1,0.66557777
284,515,EYA2,IGHM,0.6644106
284,175,EYA2,TLE2,0.6639168
284,253,EYA2,GRINA,0.6624757
261,353,EZR,CBFB,0.98079
261,621,EZR,SNRPB,0.97461194
261,413,EZR,RASSF4,0.9741261
261,587,EZR,NCAPD2,0.9741261
261,67,EZR,HDAC2,0.9702454
261,475,EZR,BCL2,0.9670671
261,292,EZR,HDAC7,0.9591393
261,485,EZR,ABL1,0.956162
261,209,EZR,ZBTB16,0.95260054
261,631,EZR,ZFP36,0.9516043
261,161,EZR,JARID2,0.95113397
261,589,EZR,YBX1,0.9486753
261,29,EZR,IKZF1,0.9457809
261,564,EZR,MFNG,0.9440368
261,508,EZR,NDRG1,0.9422911
261,206,EZR,ZDHHC6,0.94145596
261,177,EZR,RELB,0.9382866
261,208,EZR,CISH,0.9358919
261,283,EZR,EGR1,0.9357244
261,486,EZR,NFKBIA,0.93530536
261,165,EZR,GTF2H1,0.9305329
261,196,EZR,RARS,0.9299474
261,410,EZR,SMARCA2,0.9297409
261,436,EZR,RARB,0.92907107
261,331,EZR,PIM2,0.9239664
261,232,EZR,ICAM1,0.9228677
261,263,EZR,JUN,0.9211256
261,81,EZR,HDAC11,0.9197914
261,422,EZR,SESN1,0.9195988
261,357,EZR,MEIS1,0.9185496
261,557,EZR,SATB1,0.9144726
261,466,EZR,ABCG2,0.91298324
261,304,EZR,HLF,0.91187894
261,180,EZR,TRIM35,0.90972245
261,34,EZR,MAML3,0.90815836
261,482,EZR,NFATC2,0.898915
261,363,EZR,MYC,0.89507395
261,439,EZR,DDX20,0.8917359
261,48,EZR,ELANE,0.8905771
261,315,EZR,CTSL,0.8874109
261,367,EZR,HCFC1,0.8818126
261,79,EZR,STAT2,0.86340374
261,449,EZR,TIE1,0.86301243
261,278,EZR,NCF1,0.8602897
261,613,EZR,PGLYRP2,0.85700417
261,289,EZR,GT(ROSA)26SOR,0.85693264
261,622,EZR,KRT18,0.8569145
261,253,EZR,GRINA,0.85613537
261,69,EZR,NAP1L3,0.8560896
261,175,EZR,TLE2,0.8560896
387,621,F11R,SNRPB,0.911643
387,353,F11R,CBFB,0.90368104
387,475,F11R,BCL2,0.90111274
387,413,F11R,RASSF4,0.895995
387,587,F11R,NCAPD2,0.895995
387,67,F11R,HDAC2,0.88690037
387,589,F11R,YBX1,0.882337
387,209,F11R,ZBTB16,0.882017
387,165,F11R,GTF2H1,0.8603469
387,292,F11R,HDAC7,0.86003333
387,206,F11R,ZDHHC6,0.83138126
387,29,F11R,IKZF1,0.8289157
387,508,F11R,NDRG1,0.8271181
387,161,F11R,JARID2,0.8269243
387,261,F11R,EZR,0.80011827
387,439,F11R,DDX20,0.78500545
387,351,F11R,ERCC8,0.7778892
387,367,F11R,HCFC1,0.77701694
387,48,F11R,ELANE,0.77389854
387,437,F11R,MYB,0.7695485
387,283,F11R,EGR1,0.7678133
387,631,F11R,ZFP36,0.7633048
387,486,F11R,NFKBIA,0.7549137
387,564,F11R,MFNG,0.74706703
387,208,F11R,CISH,0.7398027
387,177,F11R,RELB,0.7337185
387,363,F11R,MYC,0.7306698
387,482,F11R,NFATC2,0.72015095
387,196,F11R,RARS,0.71892244
387,331,F11R,PIM2,0.7185508
387,410,F11R,SMARCA2,0.7143378
387,180,F11R,TRIM35,0.70870167
387,263,F11R,JUN,0.7041916
387,494,F11R,USP11,0.7021113
387,436,F11R,RARB,0.70204085
387,224,F11R,MAPK12,0.6993341
387,82,F11R,RB1,0.69900745
387,557,F11R,SATB1,0.692967
387,81,F11R,HDAC11,0.6908388
387,357,F11R,MEIS1,0.69043666
387,232,F11R,ICAM1,0.6879111
387,485,F11R,ABL1,0.6835979
387,536,F11R,SPI1,0.683466
387,34,F11R,MAML3,0.6825668
387,6,F11R,BTG2,0.6701756
387,449,F11R,TIE1,0.665072
387,289,F11R,GT(ROSA)26SOR,0.6638795
387,613,F11R,PGLYRP2,0.6638795
387,466,F11R,ABCG2,0.6590346
387,422,F11R,SESN1,0.658715
473,621,F630028O10RIK,SNRPB,0.9282103
473,353,F630028O10RIK,CBFB,0.895775
473,475,F630028O10RIK,BCL2,0.8942831
473,413,F630028O10RIK,RASSF4,0.8941586
473,587,F630028O10RIK,NCAPD2,0.89397603
473,67,F630028O10RIK,HDAC2,0.8850062
473,589,F630028O10RIK,YBX1,0.8819421
473,209,F630028O10RIK,ZBTB16,0.8709828
473,165,F630028O10RIK,GTF2H1,0.8593966
473,485,F630028O10RIK,ABL1,0.8572532
473,292,F630028O10RIK,HDAC7,0.8490846
473,206,F630028O10RIK,ZDHHC6,0.8222312
473,508,F630028O10RIK,NDRG1,0.82139933
473,161,F630028O10RIK,JARID2,0.81536126
473,29,F630028O10RIK,IKZF1,0.8147214
473,261,F630028O10RIK,EZR,0.7990411
473,367,F630028O10RIK,HCFC1,0.7698142
473,437,F630028O10RIK,MYB,0.76757336
473,283,F630028O10RIK,EGR1,0.7656194
473,263,F630028O10RIK,JUN,0.7649864
473,439,F630028O10RIK,DDX20,0.7642855
473,48,F630028O10RIK,ELANE,0.763121
473,631,F630028O10RIK,ZFP36,0.76178974
473,486,F630028O10RIK,NFKBIA,0.7551303
473,351,F630028O10RIK,ERCC8,0.7502097
473,564,F630028O10RIK,MFNG,0.74007237
473,177,F630028O10RIK,RELB,0.73413795
473,331,F630028O10RIK,PIM2,0.7212916
473,196,F630028O10RIK,RARS,0.71889025
473,289,F630028O10RIK,GT(ROSA)26SOR,0.71808296
473,363,F630028O10RIK,MYC,0.7176446
473,410,F630028O10RIK,SMARCA2,0.7174124
473,482,F630028O10RIK,NFATC2,0.7153819
473,422,F630028O10RIK,SESN1,0.7136104
473,466,F630028O10RIK,ABCG2,0.71360517
473,208,F630028O10RIK,CISH,0.7101491
473,180,F630028O10RIK,TRIM35,0.7070132
473,436,F630028O10RIK,RARB,0.7036986
473,315,F630028O10RIK,CTSL,0.70221645
473,81,F630028O10RIK,HDAC11,0.6961269
473,557,F630028O10RIK,SATB1,0.69231915
473,82,F630028O10RIK,RB1,0.69159496
473,494,F630028O10RIK,USP11,0.6906254
473,232,F630028O10RIK,ICAM1,0.68859005
473,34,F630028O10RIK,MAML3,0.68767226
473,357,F630028O10RIK,MEIS1,0.6820544
473,6,F630028O10RIK,BTG2,0.66849935
473,536,F630028O10RIK,SPI1,0.66701454
473,449,F630028O10RIK,TIE1,0.66557777
473,253,F630028O10RIK,GRINA,0.6624757
264,621,FAM111A,SNRPB,0.9042036
264,353,FAM111A,CBFB,0.89608485
264,475,FAM111A,BCL2,0.8942831
264,413,FAM111A,RASSF4,0.8941586
264,587,FAM111A,NCAPD2,0.8941586
264,67,FAM111A,HDAC2,0.8850062
264,589,FAM111A,YBX1,0.8819421
264,209,FAM111A,ZBTB16,0.8709828
264,165,FAM111A,GTF2H1,0.8593966
264,485,FAM111A,ABL1,0.8572532
264,292,FAM111A,HDAC7,0.8490846
264,206,FAM111A,ZDHHC6,0.8222312
264,508,FAM111A,NDRG1,0.8180525
264,161,FAM111A,JARID2,0.81536126
264,29,FAM111A,IKZF1,0.8147214
264,261,FAM111A,EZR,0.79889566
264,367,FAM111A,HCFC1,0.7698142
264,437,FAM111A,MYB,0.76757336
264,283,FAM111A,EGR1,0.7656194
264,439,FAM111A,DDX20,0.7637642
264,48,FAM111A,ELANE,0.7628878
264,631,FAM111A,ZFP36,0.7616878
264,486,FAM111A,NFKBIA,0.7551303
264,351,FAM111A,ERCC8,0.7502097
264,564,FAM111A,MFNG,0.74007237
264,208,FAM111A,CISH,0.7360838
264,177,FAM111A,RELB,0.73413795
264,304,FAM111A,HLF,0.7246261
264,196,FAM111A,RARS,0.71889025
264,363,FAM111A,MYC,0.7176446
264,331,FAM111A,PIM2,0.7176302
264,410,FAM111A,SMARCA2,0.7174124
264,482,FAM111A,NFATC2,0.71484596
264,422,FAM111A,SESN1,0.7136104
264,466,FAM111A,ABCG2,0.71360517
264,436,FAM111A,RARB,0.7036986
264,263,FAM111A,JUN,0.70247537
264,315,FAM111A,CTSL,0.70188516
264,6,FAM111A,BTG2,0.70120233
264,357,FAM111A,MEIS1,0.6965902
264,81,FAM111A,HDAC11,0.6961269
264,180,FAM111A,TRIM35,0.6950651
264,557,FAM111A,SATB1,0.69231915
264,82,FAM111A,RB1,0.69159496
264,232,FAM111A,ICAM1,0.6885158
264,34,FAM111A,MAML3,0.68767226
264,536,FAM111A,SPI1,0.6672239
264,449,FAM111A,TIE1,0.66557777
264,613,FAM111A,PGLYRP2,0.6625808
264,289,FAM111A,GT(ROSA)26SOR,0.6624757
228,621,FAM136A,SNRPB,0.92823577
228,353,FAM136A,CBFB,0.8958648
228,475,FAM136A,BCL2,0.894462
228,413,FAM136A,RASSF4,0.8944291
228,587,FAM136A,NCAPD2,0.8944291
228,67,FAM136A,HDAC2,0.8853102
228,589,FAM136A,YBX1,0.88195896
228,209,FAM136A,ZBTB16,0.8712545
228,165,FAM136A,GTF2H1,0.8597283
228,485,FAM136A,ABL1,0.85750204
228,292,FAM136A,HDAC7,0.849253
228,206,FAM136A,ZDHHC6,0.82247955
228,508,FAM136A,NDRG1,0.82182115
228,161,FAM136A,JARID2,0.81573796
228,29,FAM136A,IKZF1,0.8148417
228,261,FAM136A,EZR,0.79928875
228,439,FAM136A,DDX20,0.7859278
228,367,FAM136A,HCFC1,0.7699499
228,283,FAM136A,EGR1,0.76581854
228,48,FAM136A,ELANE,0.7630233
228,631,FAM136A,ZFP36,0.76205224
228,437,FAM136A,MYB,0.75783396
228,486,FAM136A,NFKBIA,0.7555996
228,351,FAM136A,ERCC8,0.75034326
228,564,FAM136A,MFNG,0.74040586
228,482,FAM136A,NFATC2,0.74010646
228,363,FAM136A,MYC,0.7391724
228,208,FAM136A,CISH,0.73640144
228,177,FAM136A,RELB,0.7346741
228,331,FAM136A,PIM2,0.7215463
228,196,FAM136A,RARS,0.7190273
228,410,FAM136A,SMARCA2,0.71783626
228,422,FAM136A,SESN1,0.7139132
228,466,FAM136A,ABCG2,0.71356446
228,180,FAM136A,TRIM35,0.70720214
228,263,FAM136A,JUN,0.70505947
228,436,FAM136A,RARB,0.7037096
228,315,FAM136A,CTSL,0.7024005
228,357,FAM136A,MEIS1,0.69647104
228,81,FAM136A,HDAC11,0.69637054
228,557,FAM136A,SATB1,0.6950029
228,494,FAM136A,USP11,0.6922443
228,82,FAM136A,RB1,0.691714
228,232,FAM136A,ICAM1,0.688581
228,34,FAM136A,MAML3,0.6877042
228,6,FAM136A,BTG2,0.6682794
228,536,FAM136A,SPI1,0.66725564
228,449,FAM136A,TIE1,0.6654068
228,622,FAM136A,KRT18,0.6637196
228,253,FAM136A,GRINA,0.6623988
62,621,FAM76B,SNRPB,0.982599
62,353,FAM76B,CBFB,0.98245126
62,413,FAM76B,RASSF4,0.9800245
62,587,FAM76B,NCAPD2,0.9800245
62,67,FAM76B,HDAC2,0.97788006
62,589,FAM76B,YBX1,0.97732455
62,439,FAM76B,DDX20,0.96550095
62,261,FAM76B,EZR,0.9641511
62,367,FAM76B,HCFC1,0.9633611
62,363,FAM76B,MYC,0.9628218
62,165,FAM76B,GTF2H1,0.96159625
62,508,FAM76B,NDRG1,0.9545905
62,226,FAM76B,POLR2B,0.94957715
62,482,FAM76B,NFATC2,0.94861263
62,209,FAM76B,ZBTB16,0.9476612
62,351,FAM76B,ERCC8,0.9452972
62,82,FAM76B,RB1,0.93691534
62,117,FAM76B,TFG,0.93488866
62,33,FAM76B,CSTF2,0.9317658
62,199,FAM76B,E2F4,0.9309088
62,3,FAM76B,POLR1B,0.9241063
62,372,FAM76B,BACE1,0.92348385
62,486,FAM76B,NFKBIA,0.9222313
62,375,FAM76B,SRSF1,0.92088616
62,28,FAM76B,NFE2,0.91936076
62,292,FAM76B,HDAC7,0.9163864
62,575,FAM76B,GTF2F1,0.91516036
62,564,FAM76B,MFNG,0.9140226
62,86,FAM76B,RANGAP1,0.9121403
62,134,FAM76B,PA2G4,0.9103114
62,206,FAM76B,ZDHHC6,0.9100977
62,485,FAM76B,ABL1,0.9046303
62,345,FAM76B,UHRF1,0.9037001
62,437,FAM76B,MYB,0.9033708
62,161,FAM76B,JARID2,0.9029251
62,274,FAM76B,NOP2,0.89965355
62,404,FAM76B,FTSJ3,0.89965355
62,315,FAM76B,CTSL,0.8953295
62,475,FAM76B,BCL2,0.8901319
62,631,FAM76B,ZFP36,0.8900405
62,426,FAM76B,PRPF4,0.8809785
62,480,FAM76B,WDR5,0.8673744
62,422,FAM76B,SESN1,0.8673221
62,166,FAM76B,PSAT1,0.8669593
62,212,FAM76B,FLT3,0.8666501
62,154,FAM76B,HDGF,0.86664957
62,197,FAM76B,WDR4,0.86664957
62,217,FAM76B,PRMT7,0.86664957
62,220,FAM76B,TMEM43,0.86664957
62,347,FAM76B,RNF4,0.86664957
624,621,FAM91A1,SNRPB,0.9279729
624,353,FAM91A1,CBFB,0.8955016
624,475,FAM91A1,BCL2,0.8941974
624,413,FAM91A1,RASSF4,0.8938155
624,587,FAM91A1,NCAPD2,0.8938155
624,67,FAM91A1,HDAC2,0.88464236
624,589,FAM91A1,YBX1,0.8815063
624,209,FAM91A1,ZBTB16,0.8706514
624,165,FAM91A1,GTF2H1,0.858983
624,292,FAM91A1,HDAC7,0.84895384
624,206,FAM91A1,ZDHHC6,0.82211745
624,508,FAM91A1,NDRG1,0.8210214
624,161,FAM91A1,JARID2,0.81529635
624,29,FAM91A1,IKZF1,0.81460446
624,261,FAM91A1,EZR,0.79869854
624,367,FAM91A1,HCFC1,0.79000336
624,437,FAM91A1,MYB,0.7672703
624,283,FAM91A1,EGR1,0.7654865
624,48,FAM91A1,ELANE,0.763094
624,439,FAM91A1,DDX20,0.7630807
624,631,FAM91A1,ZFP36,0.7610225
624,79,FAM91A1,STAT2,0.7595416
624,486,FAM91A1,NFKBIA,0.75479823
624,485,FAM91A1,ABL1,0.7538922
624,351,FAM91A1,ERCC8,0.7494982
624,564,FAM91A1,MFNG,0.7399024
624,208,FAM91A1,CISH,0.73948675
624,293,FAM91A1,IRF7,0.73526675
624,177,FAM91A1,RELB,0.7342318
624,331,FAM91A1,PIM2,0.7210811
624,196,FAM91A1,RARS,0.7186149
624,410,FAM91A1,SMARCA2,0.7172286
624,363,FAM91A1,MYC,0.71703005
624,482,FAM91A1,NFATC2,0.7145804
624,466,FAM91A1,ABCG2,0.7136416
624,315,FAM91A1,CTSL,0.7124545
624,180,FAM91A1,TRIM35,0.70690006
624,436,FAM91A1,RARB,0.70357704
624,263,FAM91A1,JUN,0.7021972
624,557,FAM91A1,SATB1,0.69220245
624,494,FAM91A1,USP11,0.6919341
624,232,FAM91A1,ICAM1,0.6884579
624,34,FAM91A1,MAML3,0.68751794
624,422,FAM91A1,SESN1,0.67940277
624,550,FAM91A1,CREB5,0.67532593
624,6,FAM91A1,BTG2,0.66844916
624,536,FAM91A1,SPI1,0.66709197
624,449,FAM91A1,TIE1,0.6656273
624,253,FAM91A1,GRINA,0.6628047
624,289,FAM91A1,GT(ROSA)26SOR,0.66272354
169,621,FAR1,SNRPB,0.9282103
169,353,FAR1,CBFB,0.895775
169,413,FAR1,RASSF4,0.8941586
169,587,FAR1,NCAPD2,0.8941586
169,475,FAR1,BCL2,0.8937368
169,209,FAR1,ZBTB16,0.89039236
169,67,FAR1,HDAC2,0.8850062
169,589,FAR1,YBX1,0.8819421
169,165,FAR1,GTF2H1,0.8593966
169,485,FAR1,ABL1,0.8572532
169,206,FAR1,ZDHHC6,0.8222312
169,508,FAR1,NDRG1,0.82139933
169,161,FAR1,JARID2,0.81512475
169,29,FAR1,IKZF1,0.8147214
169,261,FAR1,EZR,0.79889566
169,292,FAR1,HDAC7,0.7929506
169,367,FAR1,HCFC1,0.7681866
169,437,FAR1,MYB,0.7675646
169,283,FAR1,EGR1,0.7656194
169,439,FAR1,DDX20,0.7637642
169,48,FAR1,ELANE,0.7628878
169,486,FAR1,NFKBIA,0.7551303
169,351,FAR1,ERCC8,0.7502097
169,482,FAR1,NFATC2,0.74343026
169,208,FAR1,CISH,0.7412455
169,564,FAR1,MFNG,0.74007237
169,631,FAR1,ZFP36,0.73452246
169,177,FAR1,RELB,0.73413795
169,331,FAR1,PIM2,0.7212916
169,196,FAR1,RARS,0.71889025
169,363,FAR1,MYC,0.7176446
169,466,FAR1,ABCG2,0.71360517
169,422,FAR1,SESN1,0.71315414
169,436,FAR1,RARB,0.7036986
169,263,FAR1,JUN,0.70247537
169,315,FAR1,CTSL,0.70188516
169,357,FAR1,MEIS1,0.6965902
169,81,FAR1,HDAC11,0.69599444
169,557,FAR1,SATB1,0.69376844
169,410,FAR1,SMARCA2,0.69267607
169,494,FAR1,USP11,0.6917651
169,82,FAR1,RB1,0.69126457
169,232,FAR1,ICAM1,0.68858284
169,180,FAR1,TRIM35,0.6882234
169,34,FAR1,MAML3,0.68767226
169,6,FAR1,BTG2,0.66849935
169,536,FAR1,SPI1,0.66701454
169,449,FAR1,TIE1,0.66557777
169,162,FAR1,FES,0.6642443
169,253,FAR1,GRINA,0.6624757
310,621,FASTKD2,SNRPB,0.9826636
310,353,FASTKD2,CBFB,0.9824457
310,587,FASTKD2,NCAPD2,0.98008484
310,589,FASTKD2,YBX1,0.97753775
310,67,FASTKD2,HDAC2,0.97337556
310,439,FASTKD2,DDX20,0.9657539
310,261,FASTKD2,EZR,0.96433884
310,367,FASTKD2,HCFC1,0.9636345
310,363,FASTKD2,MYC,0.96301985
310,165,FASTKD2,GTF2H1,0.9617776
310,508,FASTKD2,NDRG1,0.95495635
310,226,FASTKD2,POLR2B,0.9499582
310,482,FASTKD2,NFATC2,0.9491606
310,209,FASTKD2,ZBTB16,0.9478502
310,351,FASTKD2,ERCC8,0.9456363
310,413,FASTKD2,RASSF4,0.94527364
310,82,FASTKD2,RB1,0.93751496
310,33,FASTKD2,CSTF2,0.93223435
310,199,FASTKD2,E2F4,0.9316001
310,475,FASTKD2,BCL2,0.92904216
310,117,FASTKD2,TFG,0.92830855
310,3,FASTKD2,POLR1B,0.9244382
310,372,FASTKD2,BACE1,0.92365736
310,486,FASTKD2,NFKBIA,0.9226723
310,375,FASTKD2,SRSF1,0.9211142
310,28,FASTKD2,NFE2,0.91941327
310,292,FASTKD2,HDAC7,0.91628575
310,575,FASTKD2,GTF2F1,0.91512895
310,564,FASTKD2,MFNG,0.91413456
310,86,FASTKD2,RANGAP1,0.913037
310,134,FASTKD2,PA2G4,0.9113357
310,206,FASTKD2,ZDHHC6,0.9096518
310,345,FASTKD2,UHRF1,0.9047199
310,485,FASTKD2,ABL1,0.90446126
310,437,FASTKD2,MYB,0.90402293
310,161,FASTKD2,JARID2,0.9028197
310,274,FASTKD2,NOP2,0.90042186
310,404,FASTKD2,FTSJ3,0.90042186
310,315,FASTKD2,CTSL,0.89527225
310,426,FASTKD2,PRPF4,0.88706255
310,480,FASTKD2,WDR5,0.86892736
310,166,FASTKD2,PSAT1,0.86801237
310,197,FASTKD2,WDR4,0.86801237
310,212,FASTKD2,FLT3,0.86801237
310,347,FASTKD2,RNF4,0.86801237
310,376,FASTKD2,ATF7,0.86801237
310,562,FASTKD2,NFIA,0.86801237
310,577,FASTKD2,CAD,0.86801237
310,389,FASTKD2,FOXRED1,0.86799544
310,154,FASTKD2,HDGF,0.8677969
477,621,FCER1G,SNRPB,0.9282103
477,353,FCER1G,CBFB,0.895775
477,475,FCER1G,BCL2,0.8942831
477,413,FCER1G,RASSF4,0.8941586
477,587,FCER1G,NCAPD2,0.89397603
477,67,FCER1G,HDAC2,0.88486016
477,589,FCER1G,YBX1,0.8819421
477,209,FCER1G,ZBTB16,0.8709828
477,485,FCER1G,ABL1,0.8572532
477,292,FCER1G,HDAC7,0.8490846
477,206,FCER1G,ZDHHC6,0.8222312
477,508,FCER1G,NDRG1,0.82139933
477,161,FCER1G,JARID2,0.8158728
477,29,FCER1G,IKZF1,0.8147214
477,177,FCER1G,RELB,0.8067843
477,165,FCER1G,GTF2H1,0.803527
477,261,FCER1G,EZR,0.79889566
477,367,FCER1G,HCFC1,0.7698142
477,283,FCER1G,EGR1,0.7656194
477,439,FCER1G,DDX20,0.7637642
477,48,FCER1G,ELANE,0.7628878
477,631,FCER1G,ZFP36,0.76178974
477,486,FCER1G,NFKBIA,0.7551303
477,351,FCER1G,ERCC8,0.7502097
477,564,FCER1G,MFNG,0.74007237
477,263,FCER1G,JUN,0.73868376
477,208,FCER1G,CISH,0.7360838
477,331,FCER1G,PIM2,0.72129744
477,196,FCER1G,RARS,0.71889025
477,363,FCER1G,MYC,0.7176446
477,410,FCER1G,SMARCA2,0.7174124
477,482,FCER1G,NFATC2,0.71484596
477,466,FCER1G,ABCG2,0.71367615
477,422,FCER1G,SESN1,0.7091776
477,180,FCER1G,TRIM35,0.7067942
477,436,FCER1G,RARB,0.7036986
477,315,FCER1G,CTSL,0.7030643
477,357,FCER1G,MEIS1,0.6965902
477,82,FCER1G,RB1,0.69650495
477,81,FCER1G,HDAC11,0.6961269
477,557,FCER1G,SATB1,0.69231915
477,494,FCER1G,USP11,0.6917651
477,232,FCER1G,ICAM1,0.68858284
477,34,FCER1G,MAML3,0.68767226
477,437,FCER1G,MYB,0.6773276
477,6,FCER1G,BTG2,0.66849935
477,536,FCER1G,SPI1,0.66701454
477,449,FCER1G,TIE1,0.66557777
477,253,FCER1G,GRINA,0.6628925
477,289,FCER1G,GT(ROSA)26SOR,0.6624757
52,475,FCGR2B,BCL2,0.9742323
52,292,FCGR2B,HDAC7,0.96872914
52,29,FCGR2B,IKZF1,0.9678152
52,485,FCGR2B,ABL1,0.96198374
52,353,FCGR2B,CBFB,0.9617089
52,161,FCGR2B,JARID2,0.9579952
52,196,FCGR2B,RARS,0.9570255
52,283,FCGR2B,EGR1,0.95659214
52,466,FCGR2B,ABCG2,0.9526978
52,631,FCGR2B,ZFP36,0.9523526
52,413,FCGR2B,RASSF4,0.94911546
52,587,FCGR2B,NCAPD2,0.94881046
52,209,FCGR2B,ZBTB16,0.94873405
52,206,FCGR2B,ZDHHC6,0.9464729
52,67,FCGR2B,HDAC2,0.9432659
52,177,FCGR2B,RELB,0.94089884
52,79,FCGR2B,STAT2,0.9401047
52,6,FCGR2B,BTG2,0.9391954
52,208,FCGR2B,CISH,0.9389696
52,436,FCGR2B,RARB,0.9380107
52,263,FCGR2B,JUN,0.9378861
52,621,FCGR2B,SNRPB,0.9377342
52,64,FCGR2B,IRF9,0.9363677
52,232,FCGR2B,ICAM1,0.93474257
52,557,FCGR2B,SATB1,0.9340661
52,536,FCGR2B,SPI1,0.9311587
52,162,FCGR2B,FES,0.93106306
52,219,FCGR2B,TLR4,0.93106306
52,515,FCGR2B,IGHM,0.93106306
52,253,FCGR2B,GRINA,0.92995375
52,613,FCGR2B,PGLYRP2,0.92995375
52,289,FCGR2B,GT(ROSA)26SOR,0.9298411
52,546,FCGR2B,PROCR,0.92800456
52,146,FCGR2B,SCARF1,0.9279216
52,175,FCGR2B,TLE2,0.9279216
52,194,FCGR2B,GOLPH3,0.9279216
52,441,FCGR2B,EBF1,0.9279216
52,622,FCGR2B,KRT18,0.9279216
52,69,FCGR2B,NAP1L3,0.92789227
52,184,FCGR2B,SELL,0.92250794
52,213,FCGR2B,TCP11L2,0.92245364
52,304,FCGR2B,HLF,0.92245364
52,357,FCGR2B,MEIS1,0.9221407
52,224,FCGR2B,MAPK12,0.92114484
52,270,FCGR2B,VDR,0.9208819
52,420,FCGR2B,FDFT1,0.9194305
52,517,FCGR2B,H1F0,0.9172832
52,73,FCGR2B,RORC,0.91684926
52,580,FCGR2B,MLLT3,0.9167014
52,508,FCGR2B,NDRG1,0.9159846
583,621,FCGR3,SNRPB,0.9282166
583,353,FCGR3,CBFB,0.89573723
583,413,FCGR3,RASSF4,0.89428747
583,587,FCGR3,NCAPD2,0.89428747
583,475,FCGR3,BCL2,0.89420396
583,67,FCGR3,HDAC2,0.88514894
583,589,FCGR3,YBX1,0.88204926
583,209,FCGR3,ZBTB16,0.870894
583,165,FCGR3,GTF2H1,0.8595638
583,485,FCGR3,ABL1,0.85715157
583,292,FCGR3,HDAC7,0.84894687
583,206,FCGR3,ZDHHC6,0.8221364
583,161,FCGR3,JARID2,0.81527567
583,29,FCGR3,IKZF1,0.8146781
583,508,FCGR3,NDRG1,0.80125344
583,261,FCGR3,EZR,0.7988815
583,367,FCGR3,HCFC1,0.7700413
583,437,FCGR3,MYB,0.7676457
583,283,FCGR3,EGR1,0.7655935
583,439,FCGR3,DDX20,0.76429707
583,48,FCGR3,ELANE,0.76290476
583,631,FCGR3,ZFP36,0.76172674
583,486,FCGR3,NFKBIA,0.75533307
583,351,FCGR3,ERCC8,0.7504504
583,564,FCGR3,MFNG,0.7401138
583,208,FCGR3,CISH,0.73596287
583,177,FCGR3,RELB,0.7341426
583,331,FCGR3,PIM2,0.72130847
583,196,FCGR3,RARS,0.7187473
583,363,FCGR3,MYC,0.71783024
583,482,FCGR3,NFATC2,0.7149883
583,466,FCGR3,ABCG2,0.714254
583,422,FCGR3,SESN1,0.7135704
583,180,FCGR3,TRIM35,0.70679885
583,436,FCGR3,RARB,0.7035056
583,315,FCGR3,CTSL,0.70208883
583,263,FCGR3,JUN,0.70207137
583,441,FCGR3,EBF1,0.70022166
583,357,FCGR3,MEIS1,0.6965459
583,81,FCGR3,HDAC11,0.6961164
583,494,FCGR3,USP11,0.69193447
583,82,FCGR3,RB1,0.6890831
583,232,FCGR3,ICAM1,0.6878524
583,34,FCGR3,MAML3,0.68774074
583,410,FCGR3,SMARCA2,0.67941236
583,6,FCGR3,BTG2,0.66784745
583,536,FCGR3,SPI1,0.66675365
583,449,FCGR3,TIE1,0.6654527
583,253,FCGR3,GRINA,0.6623669
583,289,FCGR3,GT(ROSA)26SOR,0.6623669
91,475,FCHO2,BCL2,0.95020324
91,353,FCHO2,CBFB,0.9067163
91,413,FCHO2,RASSF4,0.8941586
91,587,FCHO2,NCAPD2,0.8908845
91,67,FCHO2,HDAC2,0.8848344
91,589,FCHO2,YBX1,0.8821683
91,209,FCHO2,ZBTB16,0.8708886
91,165,FCHO2,GTF2H1,0.8593966
91,485,FCHO2,ABL1,0.8572532
91,292,FCHO2,HDAC7,0.8490846
91,631,FCHO2,ZFP36,0.8380449
91,29,FCHO2,IKZF1,0.8234591
91,206,FCHO2,ZDHHC6,0.8222312
91,508,FCHO2,NDRG1,0.8213929
91,161,FCHO2,JARID2,0.81536126
91,261,FCHO2,EZR,0.79862344
91,621,FCHO2,SNRPB,0.7856996
91,367,FCHO2,HCFC1,0.7698142
91,437,FCHO2,MYB,0.76757336
91,283,FCHO2,EGR1,0.7656194
91,48,FCHO2,ELANE,0.7628878
91,486,FCHO2,NFKBIA,0.7551303
91,351,FCHO2,ERCC8,0.7502097
91,564,FCHO2,MFNG,0.74007237
91,208,FCHO2,CISH,0.7360838
91,177,FCHO2,RELB,0.73413795
91,196,FCHO2,RARS,0.71889025
91,363,FCHO2,MYC,0.7176446
91,410,FCHO2,SMARCA2,0.7174124
91,482,FCHO2,NFATC2,0.71484596
91,422,FCHO2,SESN1,0.7136104
91,466,FCHO2,ABCG2,0.71360517
91,180,FCHO2,TRIM35,0.70705074
91,436,FCHO2,RARB,0.7036986
91,263,FCHO2,JUN,0.70247537
91,315,FCHO2,CTSL,0.70217323
91,331,FCHO2,PIM2,0.70207405
91,357,FCHO2,MEIS1,0.6964173
91,81,FCHO2,HDAC11,0.6961269
91,557,FCHO2,SATB1,0.69231915
91,494,FCHO2,USP11,0.6917651
91,82,FCHO2,RB1,0.69159496
91,232,FCHO2,ICAM1,0.68858284
91,34,FCHO2,MAML3,0.68767226
91,6,FCHO2,BTG2,0.66849935
91,536,FCHO2,SPI1,0.66701454
91,449,FCHO2,TIE1,0.66547424
91,613,FCHO2,PGLYRP2,0.6624757
91,289,FCHO2,GT(ROSA)26SOR,0.6624257
91,253,FCHO2,GRINA,0.66199565
420,475,FDFT1,BCL2,0.9712389
420,29,FDFT1,IKZF1,0.96747845
420,485,FDFT1,ABL1,0.962811
420,292,FDFT1,HDAC7,0.9612062
420,27,FDFT1,IRF8,0.9476532
420,283,FDFT1,EGR1,0.9475859
420,161,FDFT1,JARID2,0.9457958
420,64,FDFT1,IRF9,0.9454895
420,293,FDFT1,IRF7,0.9411245
420,536,FDFT1,SPI1,0.9396361
420,253,FDFT1,GRINA,0.937965
420,289,FDFT1,GT(ROSA)26SOR,0.937965
420,613,FDFT1,PGLYRP2,0.937965
420,466,FDFT1,ABCG2,0.9379036
420,73,FDFT1,RORC,0.93626714
420,251,FDFT1,IRF6,0.9362311
420,278,FDFT1,NCF1,0.9354027
420,515,FDFT1,IGHM,0.9354027
420,219,FDFT1,TLR4,0.9351343
420,270,FDFT1,VDR,0.93479663
420,590,FDFT1,IL12A,0.9336342
420,6,FDFT1,BTG2,0.93021446
420,263,FDFT1,JUN,0.9291744
420,517,FDFT1,H1F0,0.9280242
420,52,FDFT1,FCGR2B,0.9277684
420,213,FDFT1,TCP11L2,0.9277684
420,304,FDFT1,HLF,0.9277684
420,206,FDFT1,ZDHHC6,0.92738265
420,183,FDFT1,XAF1,0.92721695
420,196,FDFT1,RARS,0.92706585
420,504,FDFT1,IFI44,0.92677045
420,79,FDFT1,STAT2,0.9263691
420,194,FDFT1,GOLPH3,0.92592835
420,546,FDFT1,PROCR,0.92592835
420,622,FDFT1,KRT18,0.92592835
420,69,FDFT1,NAP1L3,0.9258108
420,175,FDFT1,TLE2,0.9257735
420,209,FDFT1,ZBTB16,0.92555046
420,277,FDFT1,RTP4,0.9241189
420,57,FDFT1,OASL2,0.92411625
420,50,FDFT1,NFAT5,0.9239358
420,550,FDFT1,CREB5,0.92366
420,276,FDFT1,REL,0.9213178
420,224,FDFT1,MAPK12,0.9197898
420,162,FDFT1,FES,0.91969734
420,580,FDFT1,MLLT3,0.91785276
420,109,FDFT1,H2-AA,0.9159317
420,360,FDFT1,FOXO1,0.91540176
420,445,FDFT1,APBB1,0.9135533
420,216,FDFT1,CUL3,0.9129142
527,621,FEM1B,SNRPB,0.9005857
527,353,FEM1B,CBFB,0.8986267
527,413,FEM1B,RASSF4,0.89415973
527,587,FEM1B,NCAPD2,0.89415973
527,475,FEM1B,BCL2,0.8940233
527,589,FEM1B,YBX1,0.8903491
527,67,FEM1B,HDAC2,0.8844824
527,209,FEM1B,ZBTB16,0.8709661
527,165,FEM1B,GTF2H1,0.8599378
527,485,FEM1B,ABL1,0.85883796
527,292,FEM1B,HDAC7,0.8493382
527,206,FEM1B,ZDHHC6,0.820847
527,508,FEM1B,NDRG1,0.819266
527,161,FEM1B,JARID2,0.8141726
527,29,FEM1B,IKZF1,0.80941266
527,261,FEM1B,EZR,0.7928967
527,367,FEM1B,HCFC1,0.7863924
527,439,FEM1B,DDX20,0.77939147
527,437,FEM1B,MYB,0.7767795
527,351,FEM1B,ERCC8,0.7679555
527,283,FEM1B,EGR1,0.7609323
527,48,FEM1B,ELANE,0.75504833
527,631,FEM1B,ZFP36,0.7548824
527,486,FEM1B,NFKBIA,0.74359226
527,363,FEM1B,MYC,0.736822
527,564,FEM1B,MFNG,0.73561203
527,6,FEM1B,BTG2,0.731997
527,482,FEM1B,NFATC2,0.73014164
527,208,FEM1B,CISH,0.7270394
527,177,FEM1B,RELB,0.7246995
527,196,FEM1B,RARS,0.7215741
527,82,FEM1B,RB1,0.71181786
527,331,FEM1B,PIM2,0.7108228
527,466,FEM1B,ABCG2,0.7056729
527,263,FEM1B,JUN,0.70508134
527,410,FEM1B,SMARCA2,0.7037725
527,422,FEM1B,SESN1,0.7012748
527,436,FEM1B,RARB,0.70062834
527,69,FEM1B,NAP1L3,0.6979565
527,180,FEM1B,TRIM35,0.69679534
527,357,FEM1B,MEIS1,0.6920613
527,315,FEM1B,CTSL,0.6897169
527,81,FEM1B,HDAC11,0.6890687
527,232,FEM1B,ICAM1,0.6876063
527,34,FEM1B,MAML3,0.68443143
527,557,FEM1B,SATB1,0.67810786
527,449,FEM1B,TIE1,0.6675108
527,536,FEM1B,SPI1,0.65826017
527,253,FEM1B,GRINA,0.6556339
527,613,FEM1B,PGLYRP2,0.6556339
162,475,FES,BCL2,0.97466034
162,485,FES,ABL1,0.96552193
162,292,FES,HDAC7,0.9653797
162,29,FES,IKZF1,0.9634229
162,283,FES,EGR1,0.95505315
162,161,FES,JARID2,0.95409757
162,466,FES,ABCG2,0.95097
162,196,FES,RARS,0.94962806
162,263,FES,JUN,0.9489033
162,79,FES,STAT2,0.94798195
162,6,FES,BTG2,0.9448865
162,206,FES,ZDHHC6,0.9439034
162,353,FES,CBFB,0.9423327
162,209,FES,ZBTB16,0.9405937
162,536,FES,SPI1,0.9393734
162,64,FES,IRF9,0.93905705
162,289,FES,GT(ROSA)26SOR,0.9388845
162,253,FES,GRINA,0.938833
162,219,FES,TLR4,0.93818223
162,515,FES,IGHM,0.93818223
162,278,FES,NCF1,0.9380895
162,69,FES,NAP1L3,0.93647337
162,146,FES,SCARF1,0.93647337
162,175,FES,TLE2,0.93647337
162,441,FES,EBF1,0.93647337
162,622,FES,KRT18,0.93647337
162,546,FES,PROCR,0.93643844
162,293,FES,IRF7,0.9336744
162,304,FES,HLF,0.93365103
162,420,FES,FDFT1,0.93359077
162,52,FES,FCGR2B,0.9330685
162,213,FES,TCP11L2,0.9330685
162,631,FES,ZFP36,0.9328662
162,270,FES,VDR,0.93235743
162,208,FES,CISH,0.9323033
162,194,FES,GOLPH3,0.93161404
162,73,FES,RORC,0.9299708
162,27,FES,IRF8,0.92948925
162,177,FES,RELB,0.92909825
162,517,FES,H1F0,0.9286323
162,436,FES,RARB,0.9285416
162,224,FES,MAPK12,0.9283175
162,251,FES,IRF6,0.92802006
162,590,FES,IL12A,0.927579
162,557,FES,SATB1,0.9274039
162,580,FES,MLLT3,0.92697406
162,232,FES,ICAM1,0.92669314
162,354,FES,IIGP1,0.92345774
162,276,FES,REL,0.92345244
162,613,FES,PGLYRP2,0.92006755
488,621,FGFR1OP,SNRPB,0.9826636
488,413,FGFR1OP,RASSF4,0.98008484
488,587,FGFR1OP,NCAPD2,0.98008484
488,67,FGFR1OP,HDAC2,0.9779544
488,589,FGFR1OP,YBX1,0.977491
488,353,FGFR1OP,CBFB,0.9677567
488,439,FGFR1OP,DDX20,0.9657539
488,261,FGFR1OP,EZR,0.96433884
488,367,FGFR1OP,HCFC1,0.9636345
488,363,FGFR1OP,MYC,0.96301985
488,165,FGFR1OP,GTF2H1,0.9617776
488,508,FGFR1OP,NDRG1,0.9547875
488,226,FGFR1OP,POLR2B,0.9499582
488,482,FGFR1OP,NFATC2,0.9491606
488,209,FGFR1OP,ZBTB16,0.9478502
488,351,FGFR1OP,ERCC8,0.94564265
488,82,FGFR1OP,RB1,0.9373998
488,33,FGFR1OP,CSTF2,0.93223435
488,475,FGFR1OP,BCL2,0.92904216
488,117,FGFR1OP,TFG,0.92365736
488,372,FGFR1OP,BACE1,0.92365736
488,486,FGFR1OP,NFKBIA,0.9230467
488,375,FGFR1OP,SRSF1,0.9211142
488,28,FGFR1OP,NFE2,0.91941327
488,292,FGFR1OP,HDAC7,0.9164964
488,199,FGFR1OP,E2F4,0.9164101
488,564,FGFR1OP,MFNG,0.91413456
488,86,FGFR1OP,RANGAP1,0.913037
488,206,FGFR1OP,ZDHHC6,0.91007596
488,345,FGFR1OP,UHRF1,0.9047199
488,485,FGFR1OP,ABL1,0.90446126
488,161,FGFR1OP,JARID2,0.9028197
488,274,FGFR1OP,NOP2,0.90042186
488,404,FGFR1OP,FTSJ3,0.90042186
488,315,FGFR1OP,CTSL,0.89527225
488,3,FGFR1OP,POLR1B,0.8946985
488,631,FGFR1OP,ZFP36,0.88974977
488,134,FGFR1OP,PA2G4,0.8883141
488,426,FGFR1OP,PRPF4,0.88090026
488,575,FGFR1OP,GTF2F1,0.8770115
488,104,FGFR1OP,BTK,0.86949986
488,480,FGFR1OP,WDR5,0.86833566
488,154,FGFR1OP,HDGF,0.86801237
488,166,FGFR1OP,PSAT1,0.86801237
488,197,FGFR1OP,WDR4,0.86801237
488,212,FGFR1OP,FLT3,0.86801237
488,220,FGFR1OP,TMEM43,0.86801237
488,347,FGFR1OP,RNF4,0.86801237
488,376,FGFR1OP,ATF7,0.86801237
488,389,FGFR1OP,FOXRED1,0.86801237
47,621,FGL2,SNRPB,0.9282103
47,353,FGL2,CBFB,0.8957641
47,475,FGL2,BCL2,0.8944421
47,413,FGL2,RASSF4,0.8941586
47,587,FGL2,NCAPD2,0.8941586
47,67,FGL2,HDAC2,0.8850062
47,589,FGL2,YBX1,0.8819421
47,209,FGL2,ZBTB16,0.8709828
47,165,FGL2,GTF2H1,0.8593966
47,485,FGL2,ABL1,0.8570896
47,206,FGL2,ZDHHC6,0.8219902
47,508,FGL2,NDRG1,0.82139933
47,161,FGL2,JARID2,0.81536126
47,261,FGL2,EZR,0.7967281
47,292,FGL2,HDAC7,0.7930609
47,29,FGL2,IKZF1,0.78026545
47,367,FGL2,HCFC1,0.7698142
47,437,FGL2,MYB,0.76757336
47,283,FGL2,EGR1,0.7656194
47,48,FGL2,ELANE,0.76273406
47,631,FGL2,ZFP36,0.7616878
47,351,FGL2,ERCC8,0.7502097
47,564,FGL2,MFNG,0.74007237
47,208,FGL2,CISH,0.7360838
47,177,FGL2,RELB,0.73413795
47,196,FGL2,RARS,0.71889025
47,363,FGL2,MYC,0.7177007
47,410,FGL2,SMARCA2,0.7174124
47,331,FGL2,PIM2,0.7170891
47,482,FGL2,NFATC2,0.71484596
47,422,FGL2,SESN1,0.7136104
47,486,FGL2,NFKBIA,0.70926327
47,180,FGL2,TRIM35,0.7070132
47,436,FGL2,RARB,0.7036986
47,263,FGL2,JUN,0.7021251
47,315,FGL2,CTSL,0.70188516
47,357,FGL2,MEIS1,0.6965902
47,81,FGL2,HDAC11,0.6961269
47,557,FGL2,SATB1,0.69231915
47,494,FGL2,USP11,0.6917651
47,82,FGL2,RB1,0.69073874
47,232,FGL2,ICAM1,0.68858284
47,34,FGL2,MAML3,0.68770546
47,6,FGL2,BTG2,0.66849935
47,536,FGL2,SPI1,0.66701454
47,449,FGL2,TIE1,0.665706
47,253,FGL2,GRINA,0.6624757
47,289,FGL2,GT(ROSA)26SOR,0.6624757
47,613,FGL2,PGLYRP2,0.6623441
47,69,FGL2,NAP1L3,0.6570883
273,137,FIGNL1,MYCN,0.98400474
273,575,FIGNL1,GTF2F1,0.98237187
273,299,FIGNL1,ORC2,0.9804109
273,189,FIGNL1,MCM5,0.97959304
273,426,FIGNL1,PRPF4,0.9792061
273,259,FIGNL1,NUP107,0.97801036
273,204,FIGNL1,MCM2,0.9776448
273,392,FIGNL1,DCAF13,0.9773267
273,375,FIGNL1,SRSF1,0.9745388
273,198,FIGNL1,NDN,0.9739614
273,118,FIGNL1,MIS12,0.97388375
273,561,FIGNL1,MCM7,0.97309214
273,414,FIGNL1,CENPK,0.9730482
273,119,FIGNL1,SLC2A3,0.9712068
273,350,FIGNL1,MCM6,0.97099733
273,554,FIGNL1,CDT1,0.96984744
273,102,FIGNL1,PRIM1,0.96852946
273,500,FIGNL1,MCM3,0.96578014
273,323,FIGNL1,MCM4,0.96564496
273,439,FIGNL1,DDX20,0.9639461
273,497,FIGNL1,TYMS,0.9612688
273,621,FIGNL1,SNRPB,0.95911074
273,240,FIGNL1,RPA2,0.9581221
273,74,FIGNL1,TOP2A,0.95702887
273,42,FIGNL1,HMGB2,0.9558619
273,182,FIGNL1,RPA1,0.9538038
273,30,FIGNL1,PBK,0.95345885
273,279,FIGNL1,AURKB,0.9533223
273,363,FIGNL1,MYC,0.9519796
273,53,FIGNL1,ORC6,0.94790345
273,411,FIGNL1,CDC45,0.9468968
273,478,FIGNL1,MKI67,0.94446015
273,433,FIGNL1,XPC,0.9421756
273,399,FIGNL1,RRM2,0.9410192
273,367,FIGNL1,HCFC1,0.938137
273,620,FIGNL1,TIPIN,0.9373266
273,21,FIGNL1,RRM1,0.93539745
273,266,FIGNL1,MSH6,0.9350622
273,297,FIGNL1,LIG1,0.9345736
273,610,FIGNL1,PRIM2,0.93119526
273,290,FIGNL1,POLD1,0.9297611
273,589,FIGNL1,YBX1,0.92802435
273,246,FIGNL1,TK1,0.9238025
273,407,FIGNL1,CDC7,0.92379355
273,372,FIGNL1,BACE1,0.923026
273,117,FIGNL1,TFG,0.92282474
273,361,FIGNL1,CCNB2,0.91259986
273,226,FIGNL1,POLR2B,0.8921833
273,274,FIGNL1,NOP2,0.8821004
273,404,FIGNL1,FTSJ3,0.8821004
49,621,FLNB,SNRPB,0.9282103
49,353,FLNB,CBFB,0.8957641
49,475,FLNB,BCL2,0.8944421
49,413,FLNB,RASSF4,0.8941586
49,587,FLNB,NCAPD2,0.8941586
49,67,FLNB,HDAC2,0.8850062
49,589,FLNB,YBX1,0.8819421
49,209,FLNB,ZBTB16,0.8709828
49,165,FLNB,GTF2H1,0.8593966
49,485,FLNB,ABL1,0.8570896
49,206,FLNB,ZDHHC6,0.8219902
49,508,FLNB,NDRG1,0.82139933
49,161,FLNB,JARID2,0.81536126
49,261,FLNB,EZR,0.7967281
49,292,FLNB,HDAC7,0.7930609
49,29,FLNB,IKZF1,0.78026545
49,367,FLNB,HCFC1,0.7698142
49,437,FLNB,MYB,0.76757336
49,283,FLNB,EGR1,0.7656194
49,48,FLNB,ELANE,0.76273406
49,631,FLNB,ZFP36,0.7616878
49,351,FLNB,ERCC8,0.7502097
49,564,FLNB,MFNG,0.74007237
49,208,FLNB,CISH,0.7360838
49,177,FLNB,RELB,0.73413795
49,196,FLNB,RARS,0.71889025
49,363,FLNB,MYC,0.7177007
49,410,FLNB,SMARCA2,0.7174124
49,331,FLNB,PIM2,0.7170891
49,482,FLNB,NFATC2,0.71484596
49,422,FLNB,SESN1,0.7136104
49,486,FLNB,NFKBIA,0.70926327
49,180,FLNB,TRIM35,0.7070132
49,436,FLNB,RARB,0.7036986
49,263,FLNB,JUN,0.7021251
49,315,FLNB,CTSL,0.70188516
49,357,FLNB,MEIS1,0.6965902
49,81,FLNB,HDAC11,0.6961269
49,557,FLNB,SATB1,0.69231915
49,494,FLNB,USP11,0.6917651
49,82,FLNB,RB1,0.69073874
49,232,FLNB,ICAM1,0.68858284
49,34,FLNB,MAML3,0.68770546
49,6,FLNB,BTG2,0.66849935
49,536,FLNB,SPI1,0.66701454
49,449,FLNB,TIE1,0.665706
49,253,FLNB,GRINA,0.6624757
49,289,FLNB,GT(ROSA)26SOR,0.6624757
49,613,FLNB,PGLYRP2,0.6623441
49,69,FLNB,NAP1L3,0.6570883
237,621,FLOT2,SNRPB,0.9282103
237,353,FLOT2,CBFB,0.895775
237,475,FLOT2,BCL2,0.8942831
237,413,FLOT2,RASSF4,0.8941586
237,587,FLOT2,NCAPD2,0.8941586
237,209,FLOT2,ZBTB16,0.89039236
237,67,FLOT2,HDAC2,0.8850062
237,589,FLOT2,YBX1,0.8819421
237,485,FLOT2,ABL1,0.8572532
237,292,FLOT2,HDAC7,0.8490846
237,206,FLOT2,ZDHHC6,0.8222312
237,508,FLOT2,NDRG1,0.82139933
237,161,FLOT2,JARID2,0.81536126
237,165,FLOT2,GTF2H1,0.81505626
237,29,FLOT2,IKZF1,0.81439006
237,261,FLOT2,EZR,0.79889566
237,367,FLOT2,HCFC1,0.7696027
237,437,FLOT2,MYB,0.76757336
237,283,FLOT2,EGR1,0.76525295
237,439,FLOT2,DDX20,0.7642922
237,48,FLOT2,ELANE,0.7628878
237,631,FLOT2,ZFP36,0.7616878
237,486,FLOT2,NFKBIA,0.7551303
237,351,FLOT2,ERCC8,0.7502097
237,564,FLOT2,MFNG,0.74007237
237,208,FLOT2,CISH,0.7360838
237,177,FLOT2,RELB,0.73415965
237,331,FLOT2,PIM2,0.7212916
237,196,FLOT2,RARS,0.71889025
237,363,FLOT2,MYC,0.7176446
237,410,FLOT2,SMARCA2,0.7171445
237,333,FLOT2,EPAS1,0.7149368
237,482,FLOT2,NFATC2,0.71484596
237,466,FLOT2,ABCG2,0.7133517
237,180,FLOT2,TRIM35,0.7070132
237,436,FLOT2,RARB,0.7036986
237,263,FLOT2,JUN,0.70247537
237,315,FLOT2,CTSL,0.70178914
237,357,FLOT2,MEIS1,0.6965902
237,81,FLOT2,HDAC11,0.6961269
237,557,FLOT2,SATB1,0.69231915
237,494,FLOT2,USP11,0.6917651
237,82,FLOT2,RB1,0.69159496
237,232,FLOT2,ICAM1,0.68858284
237,34,FLOT2,MAML3,0.68767226
237,422,FLOT2,SESN1,0.68743384
237,289,FLOT2,GT(ROSA)26SOR,0.6688707
237,6,FLOT2,BTG2,0.66849935
237,146,FLOT2,SCARF1,0.6670265
237,536,FLOT2,SPI1,0.66701454
212,353,FLT3,CBFB,0.9858197
212,621,FLT3,SNRPB,0.9832703
212,413,FLT3,RASSF4,0.9808837
212,587,FLT3,NCAPD2,0.9808837
212,67,FLT3,HDAC2,0.97933686
212,589,FLT3,YBX1,0.97860616
212,261,FLT3,EZR,0.96501213
212,439,FLT3,DDX20,0.96435225
212,367,FLT3,HCFC1,0.96305406
212,363,FLT3,MYC,0.96268255
212,165,FLT3,GTF2H1,0.9606965
212,508,FLT3,NDRG1,0.9584355
212,480,FLT3,WDR5,0.9552903
212,482,FLT3,NFATC2,0.95283014
212,209,FLT3,ZBTB16,0.9499662
212,226,FLT3,POLR2B,0.94571376
212,351,FLT3,ERCC8,0.944512
212,82,FLT3,RB1,0.93354857
212,486,FLT3,NFKBIA,0.933527
212,292,FLT3,HDAC7,0.92645866
212,564,FLT3,MFNG,0.9219226
212,199,FLT3,E2F4,0.92165846
212,28,FLT3,NFE2,0.92003536
212,161,FLT3,JARID2,0.91646683
212,631,FLT3,ZFP36,0.9140802
212,3,FLT3,POLR1B,0.9127818
212,437,FLT3,MYB,0.9113224
212,33,FLT3,CSTF2,0.9062975
212,315,FLT3,CTSL,0.89980865
212,86,FLT3,RANGAP1,0.8977978
212,375,FLT3,SRSF1,0.8965759
212,331,FLT3,PIM2,0.89482504
212,117,FLT3,TFG,0.89340276
212,372,FLT3,BACE1,0.89340276
212,422,FLT3,SESN1,0.8909517
212,475,FLT3,BCL2,0.889758
212,345,FLT3,UHRF1,0.88946384
212,575,FLT3,GTF2F1,0.8887176
212,206,FLT3,ZDHHC6,0.8864328
212,410,FLT3,SMARCA2,0.87989295
212,131,FLT3,PPAT,0.8712581
212,29,FLT3,IKZF1,0.86884695
212,134,FLT3,PA2G4,0.86534095
212,104,FLT3,BTK,0.85575444
212,154,FLT3,HDGF,0.855386
212,166,FLT3,PSAT1,0.855386
212,197,FLT3,WDR4,0.855386
212,217,FLT3,PRMT7,0.855386
212,347,FLT3,RNF4,0.855386
212,376,FLT3,ATF7,0.855386
360,475,FOXO1,BCL2,0.97216684
360,29,FOXO1,IKZF1,0.96435237
360,485,FOXO1,ABL1,0.96075064
360,292,FOXO1,HDAC7,0.9595171
360,161,FOXO1,JARID2,0.94284725
360,283,FOXO1,EGR1,0.94186306
360,79,FOXO1,STAT2,0.9370809
360,64,FOXO1,IRF9,0.9350249
360,536,FOXO1,SPI1,0.93289024
360,466,FOXO1,ABCG2,0.9313034
360,293,FOXO1,IRF7,0.9309438
360,289,FOXO1,GT(ROSA)26SOR,0.9299048
360,253,FOXO1,GRINA,0.92983484
360,613,FOXO1,PGLYRP2,0.92983484
360,420,FOXO1,FDFT1,0.9296451
360,219,FOXO1,TLR4,0.9287983
360,162,FOXO1,FES,0.92856133
360,515,FOXO1,IGHM,0.92856133
360,278,FOXO1,NCF1,0.92678696
360,73,FOXO1,RORC,0.92578244
360,27,FOXO1,IRF8,0.92536277
360,251,FOXO1,IRF6,0.9243519
360,590,FOXO1,IL12A,0.92280304
360,209,FOXO1,ZBTB16,0.9225989
360,206,FOXO1,ZDHHC6,0.9218113
360,263,FOXO1,JUN,0.9201768
360,6,FOXO1,BTG2,0.92012113
360,270,FOXO1,VDR,0.9192287
360,441,FOXO1,EBF1,0.91861635
360,196,FOXO1,RARS,0.918139
360,276,FOXO1,REL,0.915904
360,213,FOXO1,TCP11L2,0.91432816
360,304,FOXO1,HLF,0.91432816
360,175,FOXO1,TLE2,0.9142568
360,546,FOXO1,PROCR,0.9142568
360,622,FOXO1,KRT18,0.9142568
360,52,FOXO1,FCGR2B,0.914132
360,146,FOXO1,SCARF1,0.91398716
360,194,FOXO1,GOLPH3,0.91398716
360,183,FOXO1,XAF1,0.91359186
360,354,FOXO1,IIGP1,0.91359186
360,504,FOXO1,IFI44,0.91355366
360,517,FOXO1,H1F0,0.91264015
360,550,FOXO1,CREB5,0.91239727
360,109,FOXO1,H2-AA,0.9119928
360,50,FOXO1,NFAT5,0.9116113
360,57,FOXO1,OASL2,0.9105274
360,277,FOXO1,RTP4,0.9105274
360,224,FOXO1,MAPK12,0.90808314
360,353,FOXO1,CBFB,0.90498924
389,353,FOXRED1,CBFB,0.9845547
389,413,FOXRED1,RASSF4,0.980945
389,587,FOXRED1,NCAPD2,0.9802817
389,67,FOXRED1,HDAC2,0.9793284
389,621,FOXRED1,SNRPB,0.97850525
389,589,FOXRED1,YBX1,0.96779263
389,508,FOXRED1,NDRG1,0.95920914
389,209,FOXRED1,ZBTB16,0.9571207
389,165,FOXRED1,GTF2H1,0.9571123
389,292,FOXRED1,HDAC7,0.9546473
389,475,FOXRED1,BCL2,0.95403993
389,29,FOXRED1,IKZF1,0.9490127
389,261,FOXRED1,EZR,0.9468235
389,161,FOXRED1,JARID2,0.9462694
389,485,FOXRED1,ABL1,0.9446755
389,482,FOXRED1,NFATC2,0.9408334
389,367,FOXRED1,HCFC1,0.9407545
389,206,FOXRED1,ZDHHC6,0.9406869
389,631,FOXRED1,ZFP36,0.9383769
389,564,FOXRED1,MFNG,0.9381846
389,486,FOXRED1,NFKBIA,0.9381363
389,439,FOXRED1,DDX20,0.9378732
389,363,FOXRED1,MYC,0.9369203
389,331,FOXRED1,PIM2,0.92436546
389,315,FOXRED1,CTSL,0.92250997
389,410,FOXRED1,SMARCA2,0.9198145
389,351,FOXRED1,ERCC8,0.9185353
389,177,FOXRED1,RELB,0.9138617
389,422,FOXRED1,SESN1,0.9115381
389,81,FOXRED1,HDAC11,0.91107905
389,34,FOXRED1,MAML3,0.9045993
389,48,FOXRED1,ELANE,0.9028075
389,82,FOXRED1,RB1,0.9000207
389,208,FOXRED1,CISH,0.89897126
389,226,FOXRED1,POLR2B,0.8989274
389,180,FOXRED1,TRIM35,0.8980473
389,283,FOXRED1,EGR1,0.89290863
389,437,FOXRED1,MYB,0.8876106
389,436,FOXRED1,RARB,0.88529825
389,196,FOXRED1,RARS,0.88055027
389,104,FOXRED1,BTK,0.87749857
389,494,FOXRED1,USP11,0.87437075
389,232,FOXRED1,ICAM1,0.86805737
389,357,FOXRED1,MEIS1,0.8553124
389,263,FOXRED1,JUN,0.85433066
389,557,FOXRED1,SATB1,0.85274297
389,134,FOXRED1,PA2G4,0.84679186
389,224,FOXRED1,MAPK12,0.8459501
389,199,FOXRED1,E2F4,0.84139663
389,466,FOXRED1,ABCG2,0.83459795
499,413,FRRS1,RASSF4,0.9407361
499,67,FRRS1,HDAC2,0.9361914
499,353,FRRS1,CBFB,0.92956126
499,621,FRRS1,SNRPB,0.9282532
499,165,FRRS1,GTF2H1,0.9177448
499,475,FRRS1,BCL2,0.9076719
499,209,FRRS1,ZBTB16,0.9043513
499,587,FRRS1,NCAPD2,0.8941586
499,508,FRRS1,NDRG1,0.885293
499,261,FRRS1,EZR,0.8823578
499,589,FRRS1,YBX1,0.8819421
499,485,FRRS1,ABL1,0.87889785
499,292,FRRS1,HDAC7,0.8744433
499,367,FRRS1,HCFC1,0.8672752
499,439,FRRS1,DDX20,0.8591114
499,206,FRRS1,ZDHHC6,0.85229677
499,363,FRRS1,MYC,0.8367577
499,48,FRRS1,ELANE,0.8283285
499,482,FRRS1,NFATC2,0.82314384
499,29,FRRS1,IKZF1,0.81983215
499,486,FRRS1,NFKBIA,0.8189423
499,82,FRRS1,RB1,0.8032276
499,315,FRRS1,CTSL,0.7983276
499,437,FRRS1,MYB,0.79652554
499,161,FRRS1,JARID2,0.79164815
499,351,FRRS1,ERCC8,0.7884206
499,494,FRRS1,USP11,0.78033054
499,480,FRRS1,WDR5,0.77630836
499,283,FRRS1,EGR1,0.771825
499,104,FRRS1,BTK,0.7691346
499,631,FRRS1,ZFP36,0.76164263
499,208,FRRS1,CISH,0.75246423
499,177,FRRS1,RELB,0.7461571
499,226,FRRS1,POLR2B,0.7446073
499,422,FRRS1,SESN1,0.7442081
499,557,FRRS1,SATB1,0.7434285
499,564,FRRS1,MFNG,0.74007237
499,331,FRRS1,PIM2,0.73784065
499,410,FRRS1,SMARCA2,0.7232165
499,134,FRRS1,PA2G4,0.7223564
499,196,FRRS1,RARS,0.7119779
499,180,FRRS1,TRIM35,0.69237834
499,154,FRRS1,HDGF,0.68854225
499,166,FRRS1,PSAT1,0.68854225
499,197,FRRS1,WDR4,0.68854225
499,212,FRRS1,FLT3,0.68854225
499,376,FRRS1,ATF7,0.68854225
499,389,FRRS1,FOXRED1,0.68854225
499,347,FRRS1,RNF4,0.6884456
499,34,FRRS1,MAML3,0.6873858
404,621,FTSJ3,SNRPB,0.98552495
404,589,FTSJ3,YBX1,0.9828743
404,439,FTSJ3,DDX20,0.981312
404,363,FTSJ3,MYC,0.97946656
404,367,FTSJ3,HCFC1,0.9781772
404,587,FTSJ3,NCAPD2,0.97528845
404,413,FTSJ3,RASSF4,0.9748009
404,372,FTSJ3,BACE1,0.97373736
404,117,FTSJ3,TFG,0.97367644
404,67,FTSJ3,HDAC2,0.9722863
404,226,FTSJ3,POLR2B,0.9718883
404,197,FTSJ3,WDR4,0.9703781
404,376,FTSJ3,ATF7,0.96923065
404,351,FTSJ3,ERCC8,0.96903396
404,261,FTSJ3,EZR,0.9682561
404,353,FTSJ3,CBFB,0.9674082
404,375,FTSJ3,SRSF1,0.9662593
404,274,FTSJ3,NOP2,0.96310514
404,82,FTSJ3,RB1,0.9613147
404,3,FTSJ3,POLR1B,0.96118706
404,575,FTSJ3,GTF2F1,0.96091145
404,199,FTSJ3,E2F4,0.9597371
404,86,FTSJ3,RANGAP1,0.9523451
404,33,FTSJ3,CSTF2,0.94776183
404,165,FTSJ3,GTF2H1,0.94728804
404,426,FTSJ3,PRPF4,0.9441275
404,134,FTSJ3,PA2G4,0.94269073
404,28,FTSJ3,NFE2,0.94268906
404,198,FTSJ3,NDN,0.93684053
404,508,FTSJ3,NDRG1,0.9307363
404,299,FTSJ3,ORC2,0.912081
404,217,FTSJ3,PRMT7,0.9089056
404,220,FTSJ3,TMEM43,0.9088658
404,154,FTSJ3,HDGF,0.9087481
404,212,FTSJ3,FLT3,0.9087481
404,347,FTSJ3,RNF4,0.9087481
404,389,FTSJ3,FOXRED1,0.9087481
404,562,FTSJ3,NFIA,0.9087481
404,577,FTSJ3,CAD,0.9087481
404,166,FTSJ3,PSAT1,0.9086322
404,482,FTSJ3,NFATC2,0.9068485
404,209,FTSJ3,ZBTB16,0.9036869
404,437,FTSJ3,MYB,0.90056664
404,554,FTSJ3,CDT1,0.88189167
404,345,FTSJ3,UHRF1,0.87176424
404,480,FTSJ3,WDR5,0.8678971
404,486,FTSJ3,NFKBIA,0.8636006
404,137,FTSJ3,MYCN,0.8591648
404,118,FTSJ3,MIS12,0.85811096
404,189,FTSJ3,MCM5,0.8530815
148,621,FUCA2,SNRPB,0.9282103
148,353,FUCA2,CBFB,0.895775
148,475,FUCA2,BCL2,0.8942831
148,587,FUCA2,NCAPD2,0.8941586
148,67,FUCA2,HDAC2,0.8851019
148,589,FUCA2,YBX1,0.8819421
148,209,FUCA2,ZBTB16,0.8709828
148,165,FUCA2,GTF2H1,0.86375195
148,485,FUCA2,ABL1,0.8572532
148,292,FUCA2,HDAC7,0.85030335
148,206,FUCA2,ZDHHC6,0.82202345
148,508,FUCA2,NDRG1,0.82139933
148,161,FUCA2,JARID2,0.81536126
148,29,FUCA2,IKZF1,0.8147214
148,413,FUCA2,RASSF4,0.8105941
148,261,FUCA2,EZR,0.79889566
148,208,FUCA2,CISH,0.77123505
148,367,FUCA2,HCFC1,0.7698142
148,283,FUCA2,EGR1,0.7656194
148,439,FUCA2,DDX20,0.7641273
148,631,FUCA2,ZFP36,0.7616878
148,486,FUCA2,NFKBIA,0.7551303
148,351,FUCA2,ERCC8,0.75034046
148,564,FUCA2,MFNG,0.74007237
148,48,FUCA2,ELANE,0.7345329
148,331,FUCA2,PIM2,0.7212916
148,196,FUCA2,RARS,0.71889025
148,363,FUCA2,MYC,0.7176446
148,410,FUCA2,SMARCA2,0.7174124
148,482,FUCA2,NFATC2,0.71484596
148,422,FUCA2,SESN1,0.7136104
148,466,FUCA2,ABCG2,0.71360517
148,180,FUCA2,TRIM35,0.7070132
148,436,FUCA2,RARB,0.7036986
148,263,FUCA2,JUN,0.70247537
148,315,FUCA2,CTSL,0.70188516
148,69,FUCA2,NAP1L3,0.7002005
148,557,FUCA2,SATB1,0.69945145
148,81,FUCA2,HDAC11,0.6961269
148,357,FUCA2,MEIS1,0.6954784
148,82,FUCA2,RB1,0.69159496
148,494,FUCA2,USP11,0.6908896
148,232,FUCA2,ICAM1,0.68858284
148,34,FUCA2,MAML3,0.68767226
148,437,FUCA2,MYB,0.6773276
148,6,FUCA2,BTG2,0.66849935
148,449,FUCA2,TIE1,0.66557777
148,253,FUCA2,GRINA,0.6624757
148,289,FUCA2,GT(ROSA)26SOR,0.6624757
148,613,FUCA2,PGLYRP2,0.6624757
113,621,FUT7,SNRPB,0.9282166
113,413,FUT7,RASSF4,0.89428747
113,587,FUT7,NCAPD2,0.89428747
113,475,FUT7,BCL2,0.89420396
113,353,FUT7,CBFB,0.89117914
113,67,FUT7,HDAC2,0.88514894
113,589,FUT7,YBX1,0.88204926
113,165,FUT7,GTF2H1,0.8595638
113,485,FUT7,ABL1,0.85715157
113,292,FUT7,HDAC7,0.8489758
113,209,FUT7,ZBTB16,0.82376546
113,206,FUT7,ZDHHC6,0.8220307
113,508,FUT7,NDRG1,0.8215508
113,161,FUT7,JARID2,0.81527567
113,29,FUT7,IKZF1,0.8146781
113,261,FUT7,EZR,0.7990741
113,486,FUT7,NFKBIA,0.78141636
113,367,FUT7,HCFC1,0.77020067
113,437,FUT7,MYB,0.7676457
113,283,FUT7,EGR1,0.7655935
113,439,FUT7,DDX20,0.76395655
113,48,FUT7,ELANE,0.76290476
113,631,FUT7,ZFP36,0.76163304
113,351,FUT7,ERCC8,0.7504504
113,564,FUT7,MFNG,0.7401138
113,208,FUT7,CISH,0.73596287
113,177,FUT7,RELB,0.7341426
113,331,FUT7,PIM2,0.72130847
113,196,FUT7,RARS,0.7187473
113,363,FUT7,MYC,0.71783024
113,410,FUT7,SMARCA2,0.71737015
113,482,FUT7,NFATC2,0.7149883
113,466,FUT7,ABCG2,0.7135983
113,422,FUT7,SESN1,0.7135704
113,315,FUT7,CTSL,0.7127077
113,180,FUT7,TRIM35,0.70679885
113,436,FUT7,RARB,0.7035056
113,263,FUT7,JUN,0.70232934
113,81,FUT7,HDAC11,0.6961164
113,494,FUT7,USP11,0.69520247
113,557,FUT7,SATB1,0.6921246
113,82,FUT7,RB1,0.6918585
113,232,FUT7,ICAM1,0.6886112
113,34,FUT7,MAML3,0.68774074
113,357,FUT7,MEIS1,0.6861612
113,435,FUT7,NR3C2,0.677231
113,6,FUT7,BTG2,0.6683978
113,536,FUT7,SPI1,0.66675365
113,449,FUT7,TIE1,0.6654527
113,253,FUT7,GRINA,0.6623669
507,621,G6PDX,SNRPB,0.92825675
507,475,G6PDX,BCL2,0.92066616
507,353,G6PDX,CBFB,0.8957861
507,413,G6PDX,RASSF4,0.89435804
507,587,G6PDX,NCAPD2,0.89435804
507,67,G6PDX,HDAC2,0.88522583
507,589,G6PDX,YBX1,0.8821019
507,209,G6PDX,ZBTB16,0.8772016
507,165,G6PDX,GTF2H1,0.8595012
507,485,G6PDX,ABL1,0.8571924
507,292,G6PDX,HDAC7,0.8490179
507,206,G6PDX,ZDHHC6,0.82217777
507,161,G6PDX,JARID2,0.81584126
507,29,G6PDX,IKZF1,0.81470644
507,261,G6PDX,EZR,0.8021538
507,508,G6PDX,NDRG1,0.7811665
507,367,G6PDX,HCFC1,0.7701345
507,439,G6PDX,DDX20,0.7681006
507,437,G6PDX,MYB,0.7676832
507,283,G6PDX,EGR1,0.76561403
507,48,G6PDX,ELANE,0.76299864
507,613,G6PDX,PGLYRP2,0.76220727
507,631,G6PDX,ZFP36,0.7617499
507,486,G6PDX,NFKBIA,0.7554321
507,351,G6PDX,ERCC8,0.7505452
507,564,G6PDX,MFNG,0.7401753
507,177,G6PDX,RELB,0.7341678
507,208,G6PDX,CISH,0.72480005
507,331,G6PDX,PIM2,0.72098446
507,196,G6PDX,RARS,0.7187283
507,363,G6PDX,MYC,0.71794844
507,410,G6PDX,SMARCA2,0.71737957
507,482,G6PDX,NFATC2,0.7150337
507,466,G6PDX,ABCG2,0.71359247
507,422,G6PDX,SESN1,0.71358037
507,180,G6PDX,TRIM35,0.70677656
507,436,G6PDX,RARB,0.70347095
507,263,G6PDX,JUN,0.7023105
507,315,G6PDX,CTSL,0.702125
507,357,G6PDX,MEIS1,0.69784826
507,81,G6PDX,HDAC11,0.6962897
507,360,G6PDX,FOXO1,0.6955186
507,557,G6PDX,SATB1,0.6920866
507,494,G6PDX,USP11,0.69207066
507,82,G6PDX,RB1,0.69195354
507,232,G6PDX,ICAM1,0.6883455
507,34,G6PDX,MAML3,0.6877672
507,6,G6PDX,BTG2,0.6682991
507,449,G6PDX,TIE1,0.66545635
507,536,G6PDX,SPI1,0.66250783
359,621,GALNT6,SNRPB,0.9282103
359,353,GALNT6,CBFB,0.895775
359,475,GALNT6,BCL2,0.8942831
359,413,GALNT6,RASSF4,0.8941586
359,587,GALNT6,NCAPD2,0.8941586
359,67,GALNT6,HDAC2,0.8850062
359,589,GALNT6,YBX1,0.8819421
359,165,GALNT6,GTF2H1,0.8593966
359,485,GALNT6,ABL1,0.8572532
359,292,GALNT6,HDAC7,0.8490846
359,206,GALNT6,ZDHHC6,0.8222312
359,508,GALNT6,NDRG1,0.82139933
359,209,GALNT6,ZBTB16,0.8206292
359,29,GALNT6,IKZF1,0.8147286
359,261,GALNT6,EZR,0.79889566
359,161,GALNT6,JARID2,0.776108
359,367,GALNT6,HCFC1,0.7698142
359,437,GALNT6,MYB,0.7657898
359,283,GALNT6,EGR1,0.7656194
359,48,GALNT6,ELANE,0.7628878
359,631,GALNT6,ZFP36,0.7616878
359,486,GALNT6,NFKBIA,0.7551303
359,351,GALNT6,ERCC8,0.75026226
359,564,GALNT6,MFNG,0.74007237
359,177,GALNT6,RELB,0.7341377
359,331,GALNT6,PIM2,0.7212916
359,196,GALNT6,RARS,0.71889025
359,363,GALNT6,MYC,0.7176446
359,410,GALNT6,SMARCA2,0.7174124
359,482,GALNT6,NFATC2,0.71484596
359,422,GALNT6,SESN1,0.7136104
359,466,GALNT6,ABCG2,0.71360517
359,180,GALNT6,TRIM35,0.7070132
359,436,GALNT6,RARB,0.7036986
359,263,GALNT6,JUN,0.70247537
359,315,GALNT6,CTSL,0.70188516
359,357,GALNT6,MEIS1,0.6965902
359,81,GALNT6,HDAC11,0.6961269
359,557,GALNT6,SATB1,0.69231915
359,494,GALNT6,USP11,0.6917651
359,82,GALNT6,RB1,0.69159496
359,232,GALNT6,ICAM1,0.68858284
359,34,GALNT6,MAML3,0.68767226
359,208,GALNT6,CISH,0.67332405
359,6,GALNT6,BTG2,0.66849935
359,536,GALNT6,SPI1,0.66701454
359,449,GALNT6,TIE1,0.66557777
359,253,GALNT6,GRINA,0.6624757
359,613,GALNT6,PGLYRP2,0.6624757
359,289,GALNT6,GT(ROSA)26SOR,0.6624257
318,475,GANAB,BCL2,0.9503718
318,621,GANAB,SNRPB,0.9279729
318,353,GANAB,CBFB,0.89569485
318,413,GANAB,RASSF4,0.8938155
318,587,GANAB,NCAPD2,0.8929585
318,67,GANAB,HDAC2,0.88464236
318,589,GANAB,YBX1,0.8815063
318,209,GANAB,ZBTB16,0.8708676
318,165,GANAB,GTF2H1,0.858983
318,485,GANAB,ABL1,0.8571363
318,206,GANAB,ZDHHC6,0.82211745
318,508,GANAB,NDRG1,0.8210214
318,161,GANAB,JARID2,0.81529635
318,29,GANAB,IKZF1,0.8147214
318,261,GANAB,EZR,0.7986007
318,292,GANAB,HDAC7,0.792878
318,437,GANAB,MYB,0.7672703
318,283,GANAB,EGR1,0.76549107
318,48,GANAB,ELANE,0.763094
318,439,GANAB,DDX20,0.7630807
318,367,GANAB,HCFC1,0.76176155
318,631,GANAB,ZFP36,0.76132804
318,486,GANAB,NFKBIA,0.75479823
318,351,GANAB,ERCC8,0.7494982
318,564,GANAB,MFNG,0.7399024
318,208,GANAB,CISH,0.73603773
318,177,GANAB,RELB,0.7346063
318,175,GANAB,TLE2,0.72739685
318,331,GANAB,PIM2,0.7210811
318,196,GANAB,RARS,0.7182879
318,410,GANAB,SMARCA2,0.7172286
318,363,GANAB,MYC,0.71703005
318,466,GANAB,ABCG2,0.7136416
318,422,GANAB,SESN1,0.71342623
318,482,GANAB,NFATC2,0.71242356
318,180,GANAB,TRIM35,0.70690006
318,436,GANAB,RARB,0.70357704
318,263,GANAB,JUN,0.7021972
318,315,GANAB,CTSL,0.70198226
318,357,GANAB,MEIS1,0.69708455
318,81,GANAB,HDAC11,0.6959532
318,557,GANAB,SATB1,0.69220245
318,494,GANAB,USP11,0.6919341
318,82,GANAB,RB1,0.69087005
318,232,GANAB,ICAM1,0.6884579
318,34,GANAB,MAML3,0.68767226
318,580,GANAB,MLLT3,0.6798477
318,550,GANAB,CREB5,0.6748498
318,6,GANAB,BTG2,0.66849935
318,536,GANAB,SPI1,0.66709197
453,353,GATA2,CBFB,0.97698075
453,475,GATA2,BCL2,0.96797246
453,413,GATA2,RASSF4,0.96041065
453,587,GATA2,NCAPD2,0.96041065
453,621,GATA2,SNRPB,0.9585691
453,29,GATA2,IKZF1,0.95696664
453,485,GATA2,ABL1,0.9561329
453,292,GATA2,HDAC7,0.955529
453,67,GATA2,HDAC2,0.9548804
453,161,GATA2,JARID2,0.95139194
453,631,GATA2,ZFP36,0.9475262
453,209,GATA2,ZBTB16,0.94641274
453,206,GATA2,ZDHHC6,0.9402059
453,283,GATA2,EGR1,0.9391472
453,196,GATA2,RARS,0.93471694
453,177,GATA2,RELB,0.93449235
453,208,GATA2,CISH,0.93422323
453,263,GATA2,JUN,0.9296751
453,589,GATA2,YBX1,0.9290003
453,436,GATA2,RARB,0.9254982
453,508,GATA2,NDRG1,0.9252197
453,232,GATA2,ICAM1,0.92292315
453,357,GATA2,MEIS1,0.92199516
453,557,GATA2,SATB1,0.92099786
453,564,GATA2,MFNG,0.9206252
453,331,GATA2,PIM2,0.9144007
453,410,GATA2,SMARCA2,0.91274923
453,180,GATA2,TRIM35,0.91229975
453,6,GATA2,BTG2,0.9080229
453,165,GATA2,GTF2H1,0.90424395
453,81,GATA2,HDAC11,0.9031678
453,486,GATA2,NFKBIA,0.90019864
453,79,GATA2,STAT2,0.8986694
453,289,GATA2,GT(ROSA)26SOR,0.8979529
453,613,GATA2,PGLYRP2,0.8979529
453,69,GATA2,NAP1L3,0.8928698
453,146,GATA2,SCARF1,0.8928698
453,175,GATA2,TLE2,0.8928698
453,194,GATA2,GOLPH3,0.8928698
453,441,GATA2,EBF1,0.8928698
453,622,GATA2,KRT18,0.8928698
453,546,GATA2,PROCR,0.89262486
453,536,GATA2,SPI1,0.890184
453,466,GATA2,ABCG2,0.88899374
453,162,GATA2,FES,0.8881222
453,219,GATA2,TLR4,0.8881222
453,278,GATA2,NCF1,0.8881222
453,515,GATA2,IGHM,0.8881222
453,449,GATA2,TIE1,0.8866679
453,34,GATA2,MAML3,0.8864555
7,621,GBP2,SNRPB,0.9282103
7,353,GBP2,CBFB,0.895775
7,475,GBP2,BCL2,0.8942831
7,587,GBP2,NCAPD2,0.8941586
7,413,GBP2,RASSF4,0.89397424
7,67,GBP2,HDAC2,0.8851019
7,589,GBP2,YBX1,0.8819421
7,165,GBP2,GTF2H1,0.8593966
7,485,GBP2,ABL1,0.8572532
7,292,GBP2,HDAC7,0.8490846
7,206,GBP2,ZDHHC6,0.8222312
7,508,GBP2,NDRG1,0.82139933
7,161,GBP2,JARID2,0.8150516
7,29,GBP2,IKZF1,0.8147214
7,209,GBP2,ZBTB16,0.8072328
7,367,GBP2,HCFC1,0.7698142
7,437,GBP2,MYB,0.76757336
7,283,GBP2,EGR1,0.7656194
7,439,GBP2,DDX20,0.7637642
7,48,GBP2,ELANE,0.7628878
7,261,GBP2,EZR,0.7627025
7,631,GBP2,ZFP36,0.7616878
7,486,GBP2,NFKBIA,0.7551303
7,351,GBP2,ERCC8,0.7502323
7,564,GBP2,MFNG,0.74057674
7,208,GBP2,CISH,0.7360838
7,177,GBP2,RELB,0.73413795
7,331,GBP2,PIM2,0.7212916
7,196,GBP2,RARS,0.71889025
7,363,GBP2,MYC,0.7176446
7,410,GBP2,SMARCA2,0.7174124
7,482,GBP2,NFATC2,0.71484596
7,466,GBP2,ABCG2,0.71360517
7,422,GBP2,SESN1,0.7076269
7,180,GBP2,TRIM35,0.7070132
7,436,GBP2,RARB,0.7036986
7,263,GBP2,JUN,0.70247537
7,315,GBP2,CTSL,0.70188516
7,79,GBP2,STAT2,0.69939923
7,357,GBP2,MEIS1,0.6965902
7,81,GBP2,HDAC11,0.6961269
7,557,GBP2,SATB1,0.69231915
7,494,GBP2,USP11,0.6917651
7,82,GBP2,RB1,0.69166064
7,590,GBP2,IL12A,0.6914596
7,34,GBP2,MAML3,0.68767226
7,536,GBP2,SPI1,0.6863567
7,232,GBP2,ICAM1,0.67052007
7,6,GBP2,BTG2,0.66849935
7,449,GBP2,TIE1,0.66557777
268,621,GBP3,SNRPB,0.928213
268,353,GBP3,CBFB,0.895775
268,475,GBP3,BCL2,0.8942831
268,413,GBP3,RASSF4,0.8941586
268,587,GBP3,NCAPD2,0.8941586
268,67,GBP3,HDAC2,0.8850062
268,589,GBP3,YBX1,0.8819421
268,209,GBP3,ZBTB16,0.8709828
268,165,GBP3,GTF2H1,0.8593966
268,485,GBP3,ABL1,0.8572532
268,206,GBP3,ZDHHC6,0.8222312
268,508,GBP3,NDRG1,0.82139933
268,29,GBP3,IKZF1,0.8147214
268,292,GBP3,HDAC7,0.8003919
268,261,GBP3,EZR,0.7994753
268,161,GBP3,JARID2,0.79215765
268,367,GBP3,HCFC1,0.7698142
268,437,GBP3,MYB,0.76757336
268,283,GBP3,EGR1,0.76525295
268,48,GBP3,ELANE,0.7628878
268,631,GBP3,ZFP36,0.7616878
268,351,GBP3,ERCC8,0.7502097
268,486,GBP3,NFKBIA,0.74516636
268,564,GBP3,MFNG,0.74007237
268,208,GBP3,CISH,0.7360838
268,177,GBP3,RELB,0.73413795
268,79,GBP3,STAT2,0.7255841
268,331,GBP3,PIM2,0.7212916
268,196,GBP3,RARS,0.71889025
268,363,GBP3,MYC,0.7176446
268,410,GBP3,SMARCA2,0.7174124
268,482,GBP3,NFATC2,0.71484596
268,466,GBP3,ABCG2,0.7139547
268,422,GBP3,SESN1,0.7136104
268,180,GBP3,TRIM35,0.7070132
268,436,GBP3,RARB,0.7036986
268,263,GBP3,JUN,0.70247537
268,315,GBP3,CTSL,0.70188516
268,357,GBP3,MEIS1,0.69639796
268,81,GBP3,HDAC11,0.6961269
268,445,GBP3,APBB1,0.69363475
268,557,GBP3,SATB1,0.69231915
268,494,GBP3,USP11,0.6917651
268,82,GBP3,RB1,0.69159496
268,232,GBP3,ICAM1,0.68858284
268,34,GBP3,MAML3,0.6861636
268,439,GBP3,DDX20,0.67580974
268,480,GBP3,WDR5,0.67171305
268,6,GBP3,BTG2,0.66849935
268,536,GBP3,SPI1,0.66701454
302,621,GBP7,SNRPB,0.9282103
302,353,GBP7,CBFB,0.895775
302,475,GBP7,BCL2,0.8942831
302,413,GBP7,RASSF4,0.8941586
302,67,GBP7,HDAC2,0.8850062
302,589,GBP7,YBX1,0.8819421
302,206,GBP7,ZDHHC6,0.8756871
302,165,GBP7,GTF2H1,0.8593966
302,485,GBP7,ABL1,0.8583062
302,292,GBP7,HDAC7,0.8490846
302,161,GBP7,JARID2,0.81525224
302,29,GBP7,IKZF1,0.8147214
302,209,GBP7,ZBTB16,0.8116784
302,508,GBP7,NDRG1,0.81017315
302,367,GBP7,HCFC1,0.7698142
302,437,GBP7,MYB,0.76757336
302,283,GBP7,EGR1,0.7656194
302,439,GBP7,DDX20,0.76410466
302,48,GBP7,ELANE,0.7628878
302,631,GBP7,ZFP36,0.76191974
302,486,GBP7,NFKBIA,0.7551303
302,351,GBP7,ERCC8,0.7502097
302,219,GBP7,TLR4,0.7418043
302,564,GBP7,MFNG,0.74007237
302,208,GBP7,CISH,0.7360558
302,177,GBP7,RELB,0.73413795
302,587,GBP7,NCAPD2,0.72948503
302,363,GBP7,MYC,0.7263435
302,331,GBP7,PIM2,0.7212916
302,196,GBP7,RARS,0.71889025
302,482,GBP7,NFATC2,0.71484596
302,261,GBP7,EZR,0.7138914
302,422,GBP7,SESN1,0.7136104
302,466,GBP7,ABCG2,0.71360517
302,180,GBP7,TRIM35,0.7070132
302,436,GBP7,RARB,0.7036986
302,263,GBP7,JUN,0.70247537
302,315,GBP7,CTSL,0.70188516
302,357,GBP7,MEIS1,0.6965902
302,81,GBP7,HDAC11,0.6961269
302,557,GBP7,SATB1,0.69231915
302,494,GBP7,USP11,0.6917651
302,82,GBP7,RB1,0.69159496
302,517,GBP7,H1F0,0.690433
302,270,GBP7,VDR,0.6886739
302,232,GBP7,ICAM1,0.68858284
302,34,GBP7,MAML3,0.68767226
302,6,GBP7,BTG2,0.6688265
302,536,GBP7,SPI1,0.66701454
302,410,GBP7,SMARCA2,0.66560817
544,621,GCNT2,SNRPB,0.9282532
544,353,GCNT2,CBFB,0.895775
544,475,GCNT2,BCL2,0.8942831
544,587,GCNT2,NCAPD2,0.8941509
544,67,GCNT2,HDAC2,0.8850062
544,589,GCNT2,YBX1,0.8819421
544,209,GCNT2,ZBTB16,0.8709828
544,165,GCNT2,GTF2H1,0.8593966
544,485,GCNT2,ABL1,0.8572532
544,292,GCNT2,HDAC7,0.84905565
544,206,GCNT2,ZDHHC6,0.8222312
544,508,GCNT2,NDRG1,0.82139933
544,413,GCNT2,RASSF4,0.81509197
544,29,GCNT2,IKZF1,0.8147214
544,261,GCNT2,EZR,0.79889566
544,161,GCNT2,JARID2,0.7921809
544,367,GCNT2,HCFC1,0.7698142
544,437,GCNT2,MYB,0.7657898
544,283,GCNT2,EGR1,0.7656194
544,439,GCNT2,DDX20,0.7637642
544,48,GCNT2,ELANE,0.7628878
544,631,GCNT2,ZFP36,0.7616878
544,486,GCNT2,NFKBIA,0.7551303
544,351,GCNT2,ERCC8,0.7505006
544,564,GCNT2,MFNG,0.74007237
544,208,GCNT2,CISH,0.7360838
544,177,GCNT2,RELB,0.73413795
544,6,GCNT2,BTG2,0.72543675
544,331,GCNT2,PIM2,0.7212916
544,196,GCNT2,RARS,0.71889025
544,363,GCNT2,MYC,0.7176446
544,410,GCNT2,SMARCA2,0.7174124
544,422,GCNT2,SESN1,0.7136104
544,466,GCNT2,ABCG2,0.71360517
544,482,GCNT2,NFATC2,0.7104207
544,180,GCNT2,TRIM35,0.7070132
544,436,GCNT2,RARB,0.7036986
544,263,GCNT2,JUN,0.70247537
544,315,GCNT2,CTSL,0.70188516
544,69,GCNT2,NAP1L3,0.7002005
544,357,GCNT2,MEIS1,0.6965902
544,81,GCNT2,HDAC11,0.6961269
544,557,GCNT2,SATB1,0.69231915
544,494,GCNT2,USP11,0.6916986
544,82,GCNT2,RB1,0.69159496
544,232,GCNT2,ICAM1,0.68858284
544,34,GCNT2,MAML3,0.68767226
544,183,GCNT2,XAF1,0.6833825
544,213,GCNT2,TCP11L2,0.6798094
544,219,GCNT2,TLR4,0.67276156
429,413,GFI1B,RASSF4,0.98118997
429,587,GFI1B,NCAPD2,0.98118997
429,353,GFI1B,CBFB,0.98079556
429,67,GFI1B,HDAC2,0.97901
429,621,GFI1B,SNRPB,0.9739896
429,209,GFI1B,ZBTB16,0.9668555
429,292,GFI1B,HDAC7,0.9645684
429,508,GFI1B,NDRG1,0.96441764
429,589,GFI1B,YBX1,0.962505
429,475,GFI1B,BCL2,0.9610236
429,165,GFI1B,GTF2H1,0.95932937
429,485,GFI1B,ABL1,0.9574977
429,161,GFI1B,JARID2,0.95636886
429,631,GFI1B,ZFP36,0.9531993
429,564,GFI1B,MFNG,0.95121306
429,486,GFI1B,NFKBIA,0.9506614
429,29,GFI1B,IKZF1,0.94965506
429,261,GFI1B,EZR,0.9487724
429,482,GFI1B,NFATC2,0.948384
429,206,GFI1B,ZDHHC6,0.94732934
429,331,GFI1B,PIM2,0.9384114
429,410,GFI1B,SMARCA2,0.93200374
429,177,GFI1B,RELB,0.93191946
429,315,GFI1B,CTSL,0.9301475
429,422,GFI1B,SESN1,0.92992586
429,367,GFI1B,HCFC1,0.928748
429,439,GFI1B,DDX20,0.9271026
429,363,GFI1B,MYC,0.92508274
429,283,GFI1B,EGR1,0.9245748
429,208,GFI1B,CISH,0.9178057
429,81,GFI1B,HDAC11,0.91659963
429,351,GFI1B,ERCC8,0.9115401
429,436,GFI1B,RARB,0.91110307
429,34,GFI1B,MAML3,0.910765
429,180,GFI1B,TRIM35,0.9076197
429,48,GFI1B,ELANE,0.9054473
429,196,GFI1B,RARS,0.90422505
429,232,GFI1B,ICAM1,0.89304817
429,52,GFI1B,FCGR2B,0.8869466
429,82,GFI1B,RB1,0.886946
429,494,GFI1B,USP11,0.88533765
429,187,GFI1B,LMO4,0.88349104
429,357,GFI1B,MEIS1,0.8830749
429,104,GFI1B,BTK,0.8824077
429,557,GFI1B,SATB1,0.88076466
429,226,GFI1B,POLR2B,0.87903506
429,437,GFI1B,MYB,0.8772316
429,466,GFI1B,ABCG2,0.8678909
429,550,GFI1B,CREB5,0.8502087
429,134,GFI1B,PA2G4,0.8466453
355,621,GIMAP1,SNRPB,0.9282103
355,475,GIMAP1,BCL2,0.8942831
355,413,GIMAP1,RASSF4,0.8941586
355,587,GIMAP1,NCAPD2,0.8941586
355,353,GIMAP1,CBFB,0.89088815
355,67,GIMAP1,HDAC2,0.8850062
355,589,GIMAP1,YBX1,0.8819421
355,209,GIMAP1,ZBTB16,0.8709828
355,165,GIMAP1,GTF2H1,0.8593966
355,485,GIMAP1,ABL1,0.8572532
355,206,GIMAP1,ZDHHC6,0.8222312
355,508,GIMAP1,NDRG1,0.82139933
355,161,GIMAP1,JARID2,0.81536126
355,292,GIMAP1,HDAC7,0.8055128
355,261,GIMAP1,EZR,0.79889566
355,367,GIMAP1,HCFC1,0.7698142
355,29,GIMAP1,IKZF1,0.768651
355,437,GIMAP1,MYB,0.76757336
355,283,GIMAP1,EGR1,0.7656194
355,439,GIMAP1,DDX20,0.7637642
355,631,GIMAP1,ZFP36,0.7616878
355,79,GIMAP1,STAT2,0.75977534
355,48,GIMAP1,ELANE,0.7583471
355,486,GIMAP1,NFKBIA,0.7551303
355,351,GIMAP1,ERCC8,0.7502097
355,564,GIMAP1,MFNG,0.74007237
355,177,GIMAP1,RELB,0.73413795
355,331,GIMAP1,PIM2,0.7212697
355,196,GIMAP1,RARS,0.71889025
355,622,GIMAP1,KRT18,0.71834666
355,363,GIMAP1,MYC,0.7176446
355,410,GIMAP1,SMARCA2,0.7174124
355,482,GIMAP1,NFATC2,0.71484596
355,466,GIMAP1,ABCG2,0.71345097
355,208,GIMAP1,CISH,0.7115892
355,180,GIMAP1,TRIM35,0.7070132
355,436,GIMAP1,RARB,0.7036986
355,263,GIMAP1,JUN,0.70247537
355,315,GIMAP1,CTSL,0.70188516
355,357,GIMAP1,MEIS1,0.6965902
355,81,GIMAP1,HDAC11,0.6961269
355,422,GIMAP1,SESN1,0.6925383
355,494,GIMAP1,USP11,0.6917651
355,82,GIMAP1,RB1,0.69159496
355,232,GIMAP1,ICAM1,0.68858284
355,34,GIMAP1,MAML3,0.6876758
355,557,GIMAP1,SATB1,0.6811004
355,6,GIMAP1,BTG2,0.66849935
355,536,GIMAP1,SPI1,0.66701454
355,146,GIMAP1,SCARF1,0.6639168
250,621,GIMAP1OS,SNRPB,0.9279729
250,353,GIMAP1OS,CBFB,0.89569485
250,475,GIMAP1OS,BCL2,0.8941974
250,413,GIMAP1OS,RASSF4,0.8938155
250,587,GIMAP1OS,NCAPD2,0.8938155
250,67,GIMAP1OS,HDAC2,0.88464236
250,209,GIMAP1OS,ZBTB16,0.8708676
250,165,GIMAP1OS,GTF2H1,0.858983
250,485,GIMAP1OS,ABL1,0.8571363
250,292,GIMAP1OS,HDAC7,0.84895384
250,206,GIMAP1OS,ZDHHC6,0.82211745
250,508,GIMAP1OS,NDRG1,0.8210214
250,29,GIMAP1OS,IKZF1,0.81460446
250,161,GIMAP1OS,JARID2,0.8144943
250,261,GIMAP1OS,EZR,0.79869854
250,589,GIMAP1OS,YBX1,0.78965896
250,208,GIMAP1OS,CISH,0.77111053
250,367,GIMAP1OS,HCFC1,0.76914376
250,437,GIMAP1OS,MYB,0.7671523
250,283,GIMAP1OS,EGR1,0.76549107
250,631,GIMAP1OS,ZFP36,0.76132804
250,439,GIMAP1OS,DDX20,0.76026297
250,486,GIMAP1OS,NFKBIA,0.75479823
250,564,GIMAP1OS,MFNG,0.7399024
250,177,GIMAP1OS,RELB,0.7337874
250,331,GIMAP1OS,PIM2,0.7210811
250,196,GIMAP1OS,RARS,0.7186149
250,410,GIMAP1OS,SMARCA2,0.7172286
250,363,GIMAP1OS,MYC,0.71703005
250,482,GIMAP1OS,NFATC2,0.71404344
250,466,GIMAP1OS,ABCG2,0.7136416
250,422,GIMAP1OS,SESN1,0.71342623
250,351,GIMAP1OS,ERCC8,0.7112926
250,180,GIMAP1OS,TRIM35,0.70690006
250,436,GIMAP1OS,RARB,0.7035618
250,263,GIMAP1OS,JUN,0.7021972
250,315,GIMAP1OS,CTSL,0.70198226
250,357,GIMAP1OS,MEIS1,0.69671226
250,81,GIMAP1OS,HDAC11,0.6959532
250,48,GIMAP1OS,ELANE,0.6931657
250,557,GIMAP1OS,SATB1,0.69220245
250,494,GIMAP1OS,USP11,0.6919341
250,82,GIMAP1OS,RB1,0.69080406
250,232,GIMAP1OS,ICAM1,0.6755527
250,34,GIMAP1OS,MAML3,0.6688796
250,6,GIMAP1OS,BTG2,0.66844916
250,536,GIMAP1OS,SPI1,0.66709197
250,449,GIMAP1OS,TIE1,0.66533774
250,289,GIMAP1OS,GT(ROSA)26SOR,0.6634892
250,253,GIMAP1OS,GRINA,0.66272354
612,621,GIMAP5,SNRPB,0.92824864
612,353,GIMAP5,CBFB,0.8957861
612,413,GIMAP5,RASSF4,0.89435804
612,587,GIMAP5,NCAPD2,0.89435804
612,475,GIMAP5,BCL2,0.8942299
612,67,GIMAP5,HDAC2,0.88522583
612,209,GIMAP5,ZBTB16,0.8709443
612,589,GIMAP5,YBX1,0.8647488
612,165,GIMAP5,GTF2H1,0.85899836
612,485,GIMAP5,ABL1,0.8571924
612,206,GIMAP5,ZDHHC6,0.82217777
612,508,GIMAP5,NDRG1,0.8216604
612,161,GIMAP5,JARID2,0.81532955
612,29,GIMAP5,IKZF1,0.81470644
612,261,GIMAP5,EZR,0.8001115
612,292,GIMAP5,HDAC7,0.7930063
612,439,GIMAP5,DDX20,0.78592265
612,283,GIMAP5,EGR1,0.7656019
612,48,GIMAP5,ELANE,0.76299864
612,367,GIMAP5,HCFC1,0.7627725
612,631,GIMAP5,ZFP36,0.7617499
612,486,GIMAP5,NFKBIA,0.7554321
612,351,GIMAP5,ERCC8,0.7505452
612,437,GIMAP5,MYB,0.74886894
612,564,GIMAP5,MFNG,0.7401753
612,208,GIMAP5,CISH,0.7359795
612,177,GIMAP5,RELB,0.7341678
612,331,GIMAP5,PIM2,0.72153014
612,196,GIMAP5,RARS,0.71954876
612,363,GIMAP5,MYC,0.71794844
612,410,GIMAP5,SMARCA2,0.71737957
612,482,GIMAP5,NFATC2,0.7150337
612,466,GIMAP5,ABCG2,0.71359247
612,422,GIMAP5,SESN1,0.71358037
612,180,GIMAP5,TRIM35,0.7064862
612,436,GIMAP5,RARB,0.70347095
612,315,GIMAP5,CTSL,0.70222086
612,82,GIMAP5,RB1,0.6968675
612,357,GIMAP5,MEIS1,0.69654274
612,394,GIMAP5,MAPK1,0.6936182
612,557,GIMAP5,SATB1,0.6920866
612,494,GIMAP5,USP11,0.69207066
612,232,GIMAP5,ICAM1,0.6883455
612,34,GIMAP5,MAML3,0.6877672
612,81,GIMAP5,HDAC11,0.6814158
612,6,GIMAP5,BTG2,0.6682991
612,536,GIMAP5,SPI1,0.66681963
612,449,GIMAP5,TIE1,0.66545635
612,253,GIMAP5,GRINA,0.66236556
612,289,GIMAP5,GT(ROSA)26SOR,0.66236556
627,621,GIMAP6,SNRPB,0.9282103
627,353,GIMAP6,CBFB,0.89558196
627,475,GIMAP6,BCL2,0.8942831
627,413,GIMAP6,RASSF4,0.8941586
627,587,GIMAP6,NCAPD2,0.8941586
627,67,GIMAP6,HDAC2,0.8850062
627,589,GIMAP6,YBX1,0.8819421
627,209,GIMAP6,ZBTB16,0.87076676
627,165,GIMAP6,GTF2H1,0.8593966
627,292,GIMAP6,HDAC7,0.8490846
627,206,GIMAP6,ZDHHC6,0.8222312
627,508,GIMAP6,NDRG1,0.82139933
627,161,GIMAP6,JARID2,0.81536126
627,29,GIMAP6,IKZF1,0.8147214
627,261,GIMAP6,EZR,0.79889566
627,367,GIMAP6,HCFC1,0.7906443
627,437,GIMAP6,MYB,0.76768965
627,283,GIMAP6,EGR1,0.76559925
627,439,GIMAP6,DDX20,0.7637642
627,48,GIMAP6,ELANE,0.7628878
627,631,GIMAP6,ZFP36,0.7613824
627,79,GIMAP6,STAT2,0.75977534
627,486,GIMAP6,NFKBIA,0.7551303
627,485,GIMAP6,ABL1,0.75403035
627,351,GIMAP6,ERCC8,0.7502097
627,564,GIMAP6,MFNG,0.74007237
627,208,GIMAP6,CISH,0.73953485
627,293,GIMAP6,IRF7,0.7352872
627,177,GIMAP6,RELB,0.73460364
627,331,GIMAP6,PIM2,0.7212916
627,196,GIMAP6,RARS,0.71889025
627,363,GIMAP6,MYC,0.7176446
627,410,GIMAP6,SMARCA2,0.7174124
627,482,GIMAP6,NFATC2,0.7153819
627,466,GIMAP6,ABCG2,0.71360517
627,315,GIMAP6,CTSL,0.71267337
627,180,GIMAP6,TRIM35,0.7070132
627,436,GIMAP6,RARB,0.7036986
627,263,GIMAP6,JUN,0.70247537
627,557,GIMAP6,SATB1,0.69231915
627,494,GIMAP6,USP11,0.6917651
627,232,GIMAP6,ICAM1,0.68858284
627,34,GIMAP6,MAML3,0.68767226
627,422,GIMAP6,SESN1,0.67973477
627,550,GIMAP6,CREB5,0.6754009
627,6,GIMAP6,BTG2,0.66849935
627,536,GIMAP6,SPI1,0.66701454
627,449,GIMAP6,TIE1,0.6658671
627,253,GIMAP6,GRINA,0.66255695
627,289,GIMAP6,GT(ROSA)26SOR,0.6624757
512,621,GLB1,SNRPB,0.9282103
512,475,GLB1,BCL2,0.92070097
512,353,GLB1,CBFB,0.895775
512,413,GLB1,RASSF4,0.8941586
512,587,GLB1,NCAPD2,0.8941586
512,67,GLB1,HDAC2,0.8850062
512,589,GLB1,YBX1,0.8819511
512,209,GLB1,ZBTB16,0.87723786
512,165,GLB1,GTF2H1,0.8592494
512,485,GLB1,ABL1,0.8572532
512,292,GLB1,HDAC7,0.8490846
512,206,GLB1,ZDHHC6,0.8222312
512,161,GLB1,JARID2,0.8158728
512,29,GLB1,IKZF1,0.8147214
512,261,GLB1,EZR,0.80178684
512,508,GLB1,NDRG1,0.7808664
512,367,GLB1,HCFC1,0.7698142
512,439,GLB1,DDX20,0.7677841
512,437,GLB1,MYB,0.76757336
512,283,GLB1,EGR1,0.7656194
512,48,GLB1,ELANE,0.7628878
512,631,GLB1,ZFP36,0.7616878
512,486,GLB1,NFKBIA,0.7551303
512,351,GLB1,ERCC8,0.7502097
512,564,GLB1,MFNG,0.74007237
512,177,GLB1,RELB,0.73413795
512,208,GLB1,CISH,0.72490764
512,331,GLB1,PIM2,0.7209422
512,196,GLB1,RARS,0.71889025
512,363,GLB1,MYC,0.7176446
512,410,GLB1,SMARCA2,0.7174124
512,482,GLB1,NFATC2,0.71484596
512,422,GLB1,SESN1,0.7136104
512,466,GLB1,ABCG2,0.71360517
512,180,GLB1,TRIM35,0.7070132
512,436,GLB1,RARB,0.7036986
512,263,GLB1,JUN,0.70247537
512,315,GLB1,CTSL,0.70178914
512,357,GLB1,MEIS1,0.6978952
512,81,GLB1,HDAC11,0.69629973
512,360,GLB1,FOXO1,0.6956796
512,557,GLB1,SATB1,0.69231915
512,494,GLB1,USP11,0.6917651
512,82,GLB1,RB1,0.69159496
512,232,GLB1,ICAM1,0.68858284
512,34,GLB1,MAML3,0.68767226
512,550,GLB1,CREB5,0.68306905
512,6,GLB1,BTG2,0.66849935
512,536,GLB1,SPI1,0.66701454
512,449,GLB1,TIE1,0.66557777
43,621,GLIPR2,SNRPB,0.9282103
43,353,GLIPR2,CBFB,0.895775
43,475,GLIPR2,BCL2,0.8942831
43,413,GLIPR2,RASSF4,0.89422727
43,587,GLIPR2,NCAPD2,0.8941586
43,67,GLIPR2,HDAC2,0.8850062
43,589,GLIPR2,YBX1,0.8819421
43,209,GLIPR2,ZBTB16,0.87026846
43,165,GLIPR2,GTF2H1,0.8591334
43,485,GLIPR2,ABL1,0.8572532
43,292,GLIPR2,HDAC7,0.8490846
43,206,GLIPR2,ZDHHC6,0.8222312
43,508,GLIPR2,NDRG1,0.82139933
43,161,GLIPR2,JARID2,0.81536126
43,29,GLIPR2,IKZF1,0.8147214
43,261,GLIPR2,EZR,0.79889566
43,367,GLIPR2,HCFC1,0.7698142
43,437,GLIPR2,MYB,0.76757336
43,283,GLIPR2,EGR1,0.7656194
43,439,GLIPR2,DDX20,0.7637642
43,48,GLIPR2,ELANE,0.7628878
43,631,GLIPR2,ZFP36,0.7616878
43,486,GLIPR2,NFKBIA,0.7551303
43,564,GLIPR2,MFNG,0.74007237
43,351,GLIPR2,ERCC8,0.7395168
43,208,GLIPR2,CISH,0.7360838
43,177,GLIPR2,RELB,0.73413795
43,331,GLIPR2,PIM2,0.7212916
43,196,GLIPR2,RARS,0.71886915
43,363,GLIPR2,MYC,0.7176446
43,410,GLIPR2,SMARCA2,0.7174124
43,482,GLIPR2,NFATC2,0.71491355
43,422,GLIPR2,SESN1,0.713625
43,466,GLIPR2,ABCG2,0.71360517
43,180,GLIPR2,TRIM35,0.7070132
43,436,GLIPR2,RARB,0.7036986
43,263,GLIPR2,JUN,0.7024638
43,315,GLIPR2,CTSL,0.70188516
43,357,GLIPR2,MEIS1,0.6965902
43,81,GLIPR2,HDAC11,0.6961269
43,557,GLIPR2,SATB1,0.69232327
43,494,GLIPR2,USP11,0.6917651
43,232,GLIPR2,ICAM1,0.68858284
43,82,GLIPR2,RB1,0.68821174
43,34,GLIPR2,MAML3,0.68767226
43,6,GLIPR2,BTG2,0.66849935
43,536,GLIPR2,SPI1,0.66701454
43,449,GLIPR2,TIE1,0.66557777
43,613,GLIPR2,PGLYRP2,0.66255665
43,253,GLIPR2,GRINA,0.6624757
10,621,GM1966,SNRPB,0.9282103
10,353,GM1966,CBFB,0.895775
10,475,GM1966,BCL2,0.8942831
10,587,GM1966,NCAPD2,0.8941586
10,413,GM1966,RASSF4,0.89397424
10,67,GM1966,HDAC2,0.8851019
10,589,GM1966,YBX1,0.8819421
10,165,GM1966,GTF2H1,0.8593966
10,485,GM1966,ABL1,0.8572532
10,292,GM1966,HDAC7,0.8490846
10,206,GM1966,ZDHHC6,0.8222312
10,508,GM1966,NDRG1,0.82139933
10,161,GM1966,JARID2,0.8150516
10,29,GM1966,IKZF1,0.8147214
10,209,GM1966,ZBTB16,0.8072328
10,367,GM1966,HCFC1,0.7698142
10,437,GM1966,MYB,0.76757336
10,283,GM1966,EGR1,0.7656194
10,439,GM1966,DDX20,0.7637642
10,48,GM1966,ELANE,0.7628878
10,261,GM1966,EZR,0.7627025
10,631,GM1966,ZFP36,0.7616878
10,486,GM1966,NFKBIA,0.7551303
10,351,GM1966,ERCC8,0.7502323
10,564,GM1966,MFNG,0.74057674
10,208,GM1966,CISH,0.7360838
10,177,GM1966,RELB,0.73413795
10,331,GM1966,PIM2,0.7212916
10,196,GM1966,RARS,0.71889025
10,363,GM1966,MYC,0.7176446
10,410,GM1966,SMARCA2,0.7174124
10,482,GM1966,NFATC2,0.71484596
10,466,GM1966,ABCG2,0.71360517
10,422,GM1966,SESN1,0.7076269
10,180,GM1966,TRIM35,0.7070132
10,436,GM1966,RARB,0.7036986
10,263,GM1966,JUN,0.70247537
10,315,GM1966,CTSL,0.70188516
10,79,GM1966,STAT2,0.69939923
10,357,GM1966,MEIS1,0.6965902
10,81,GM1966,HDAC11,0.6961269
10,557,GM1966,SATB1,0.69231915
10,494,GM1966,USP11,0.6917651
10,82,GM1966,RB1,0.69166064
10,590,GM1966,IL12A,0.6914596
10,34,GM1966,MAML3,0.68767226
10,536,GM1966,SPI1,0.6863567
10,232,GM1966,ICAM1,0.67052007
10,6,GM1966,BTG2,0.66849935
10,449,GM1966,TIE1,0.66557777
153,621,GM4759,SNRPB,0.9282548
153,353,GM4759,CBFB,0.895775
153,475,GM4759,BCL2,0.8942831
153,413,GM4759,RASSF4,0.8941586
153,587,GM4759,NCAPD2,0.8941586
153,67,GM4759,HDAC2,0.8847818
153,589,GM4759,YBX1,0.8820887
153,209,GM4759,ZBTB16,0.8709828
153,165,GM4759,GTF2H1,0.85787445
153,485,GM4759,ABL1,0.8572532
153,292,GM4759,HDAC7,0.8490846
153,508,GM4759,NDRG1,0.82139933
153,206,GM4759,ZDHHC6,0.82137835
153,161,GM4759,JARID2,0.81536126
153,29,GM4759,IKZF1,0.81481063
153,261,GM4759,EZR,0.79889566
153,437,GM4759,MYB,0.76757336
153,283,GM4759,EGR1,0.7656194
153,439,GM4759,DDX20,0.7637642
153,48,GM4759,ELANE,0.7628878
153,631,GM4759,ZFP36,0.76168686
153,486,GM4759,NFKBIA,0.7551303
153,351,GM4759,ERCC8,0.7503152
153,208,GM4759,CISH,0.7360838
153,177,GM4759,RELB,0.73413795
153,564,GM4759,MFNG,0.7278348
153,331,GM4759,PIM2,0.7212916
153,196,GM4759,RARS,0.71889025
153,410,GM4759,SMARCA2,0.7174124
153,482,GM4759,NFATC2,0.71484596
153,363,GM4759,MYC,0.7143017
153,422,GM4759,SESN1,0.7136104
153,466,GM4759,ABCG2,0.71360517
153,180,GM4759,TRIM35,0.7070132
153,436,GM4759,RARB,0.7036986
153,263,GM4759,JUN,0.70247537
153,315,GM4759,CTSL,0.70188516
153,357,GM4759,MEIS1,0.6965902
153,81,GM4759,HDAC11,0.6961269
153,557,GM4759,SATB1,0.69231915
153,494,GM4759,USP11,0.6917651
153,82,GM4759,RB1,0.69159496
153,232,GM4759,ICAM1,0.68896097
153,6,GM4759,BTG2,0.6888521
153,34,GM4759,MAML3,0.68767226
153,536,GM4759,SPI1,0.66701454
153,449,GM4759,TIE1,0.66557777
153,289,GM4759,GT(ROSA)26SOR,0.66255695
153,253,GM4759,GRINA,0.6624757
153,613,GM4759,PGLYRP2,0.6624757
54,621,GM5111,SNRPB,0.928357
54,353,GM5111,CBFB,0.89600015
54,475,GM5111,BCL2,0.8944633
54,413,GM5111,RASSF4,0.8943242
54,587,GM5111,NCAPD2,0.89431626
54,67,GM5111,HDAC2,0.88517874
54,589,GM5111,YBX1,0.8821368
54,209,GM5111,ZBTB16,0.87124026
54,485,GM5111,ABL1,0.8574967
54,206,GM5111,ZDHHC6,0.8224635
54,508,GM5111,NDRG1,0.82166344
54,161,GM5111,JARID2,0.81559736
54,165,GM5111,GTF2H1,0.8152109
54,29,GM5111,IKZF1,0.8145874
54,292,GM5111,HDAC7,0.80531436
54,261,GM5111,EZR,0.79887336
54,367,GM5111,HCFC1,0.7699838
54,437,GM5111,MYB,0.7677186
54,283,GM5111,EGR1,0.7657594
54,439,GM5111,DDX20,0.764019
54,48,GM5111,ELANE,0.76304495
54,631,GM5111,ZFP36,0.7618047
54,486,GM5111,NFKBIA,0.75531614
54,351,GM5111,ERCC8,0.75037587
54,564,GM5111,MFNG,0.740232
54,208,GM5111,CISH,0.73627794
54,177,GM5111,RELB,0.734255
54,331,GM5111,PIM2,0.7214238
54,196,GM5111,RARS,0.71908045
54,363,GM5111,MYC,0.71776754
54,410,GM5111,SMARCA2,0.71752864
54,482,GM5111,NFATC2,0.71506876
54,422,GM5111,SESN1,0.713725
54,466,GM5111,ABCG2,0.71362126
54,180,GM5111,TRIM35,0.70776415
54,436,GM5111,RARB,0.7038918
54,315,GM5111,CTSL,0.70248383
54,64,GM5111,IRF9,0.6976559
54,357,GM5111,MEIS1,0.69667214
54,81,GM5111,HDAC11,0.69622725
54,557,GM5111,SATB1,0.69250274
54,494,GM5111,USP11,0.691912
54,82,GM5111,RB1,0.6917479
54,232,GM5111,ICAM1,0.68877316
54,34,GM5111,MAML3,0.68777776
54,263,GM5111,JUN,0.6732616
54,6,GM5111,BTG2,0.6686509
54,536,GM5111,SPI1,0.66727597
54,449,GM5111,TIE1,0.6659115
54,184,GM5111,SELL,0.66411775
334,621,GMCL1,SNRPB,0.92819273
334,353,GMCL1,CBFB,0.895775
334,475,GMCL1,BCL2,0.8942831
334,413,GMCL1,RASSF4,0.8941586
334,587,GMCL1,NCAPD2,0.8941586
334,67,GMCL1,HDAC2,0.88499844
334,209,GMCL1,ZBTB16,0.8709828
334,165,GMCL1,GTF2H1,0.8593966
334,292,GMCL1,HDAC7,0.8573271
334,485,GMCL1,ABL1,0.8572532
334,29,GMCL1,IKZF1,0.8285919
334,206,GMCL1,ZDHHC6,0.8222312
334,508,GMCL1,NDRG1,0.8213278
334,161,GMCL1,JARID2,0.81536126
334,261,GMCL1,EZR,0.79889566
334,589,GMCL1,YBX1,0.7888419
334,410,GMCL1,SMARCA2,0.7813421
334,367,GMCL1,HCFC1,0.7698142
334,437,GMCL1,MYB,0.76757336
334,283,GMCL1,EGR1,0.7656194
334,439,GMCL1,DDX20,0.7637642
334,48,GMCL1,ELANE,0.7625597
334,631,GMCL1,ZFP36,0.76168686
334,486,GMCL1,NFKBIA,0.7551303
334,351,GMCL1,ERCC8,0.7515979
334,564,GMCL1,MFNG,0.74007237
334,208,GMCL1,CISH,0.7360838
334,177,GMCL1,RELB,0.73413795
334,331,GMCL1,PIM2,0.7212916
334,196,GMCL1,RARS,0.71889025
334,363,GMCL1,MYC,0.7176446
334,482,GMCL1,NFATC2,0.7148765
334,466,GMCL1,ABCG2,0.71360517
334,422,GMCL1,SESN1,0.71294296
334,180,GMCL1,TRIM35,0.7069965
334,263,GMCL1,JUN,0.70247537
334,315,GMCL1,CTSL,0.70221645
334,357,GMCL1,MEIS1,0.69697034
334,81,GMCL1,HDAC11,0.6961269
334,557,GMCL1,SATB1,0.69231915
334,494,GMCL1,USP11,0.6917651
334,82,GMCL1,RB1,0.69159496
334,232,GMCL1,ICAM1,0.68858284
334,34,GMCL1,MAML3,0.6877883
334,436,GMCL1,RARB,0.6773161
334,175,GMCL1,TLE2,0.6748085
334,613,GMCL1,PGLYRP2,0.6685847
334,6,GMCL1,BTG2,0.66849935
334,536,GMCL1,SPI1,0.66701454
334,449,GMCL1,TIE1,0.66557777
421,353,GMFB,CBFB,0.9824457
421,621,GMFB,SNRPB,0.98110604
421,413,GMFB,RASSF4,0.98066735
421,587,GMFB,NCAPD2,0.98008484
421,67,GMFB,HDAC2,0.9779544
421,589,GMFB,YBX1,0.96845055
421,439,GMFB,DDX20,0.9657539
421,261,GMFB,EZR,0.96433884
421,367,GMFB,HCFC1,0.9636345
421,165,GMFB,GTF2H1,0.9617776
421,508,GMFB,NDRG1,0.9547875
421,226,GMFB,POLR2B,0.9499582
421,482,GMFB,NFATC2,0.9491606
421,209,GMFB,ZBTB16,0.9478502
421,351,GMFB,ERCC8,0.9456363
421,363,GMFB,MYC,0.94039315
421,82,GMFB,RB1,0.93745804
421,33,GMFB,CSTF2,0.93223435
421,199,GMFB,E2F4,0.9316001
421,475,GMFB,BCL2,0.92904216
421,3,GMFB,POLR1B,0.9244382
421,117,GMFB,TFG,0.92365736
421,372,GMFB,BACE1,0.92365736
421,486,GMFB,NFKBIA,0.92173564
421,375,GMFB,SRSF1,0.9211142
421,28,GMFB,NFE2,0.91941327
421,292,GMFB,HDAC7,0.91628575
421,575,GMFB,GTF2F1,0.9152393
421,86,GMFB,RANGAP1,0.9130555
421,364,GMFB,TAF12,0.91160685
421,134,GMFB,PA2G4,0.9113357
421,206,GMFB,ZDHHC6,0.9096518
421,345,GMFB,UHRF1,0.9047199
421,485,GMFB,ABL1,0.90446126
421,437,GMFB,MYB,0.9042161
421,161,GMFB,JARID2,0.9028197
421,274,GMFB,NOP2,0.90042186
421,404,GMFB,FTSJ3,0.90042186
421,315,GMFB,CTSL,0.89527225
421,564,GMFB,MFNG,0.8812667
421,426,GMFB,PRPF4,0.88090026
421,480,GMFB,WDR5,0.86892736
421,347,GMFB,RNF4,0.86855084
421,562,GMFB,NFIA,0.86855084
421,212,GMFB,FLT3,0.86807156
421,166,GMFB,PSAT1,0.8680129
421,154,GMFB,HDGF,0.86801237
421,217,GMFB,PRMT7,0.86801237
421,376,GMFB,ATF7,0.86801237
421,389,GMFB,FOXRED1,0.86801237
170,621,GMIP,SNRPB,0.9282103
170,353,GMIP,CBFB,0.895775
170,413,GMIP,RASSF4,0.8941586
170,587,GMIP,NCAPD2,0.8941586
170,475,GMIP,BCL2,0.8937368
170,209,GMIP,ZBTB16,0.89039236
170,67,GMIP,HDAC2,0.8850062
170,589,GMIP,YBX1,0.8819421
170,165,GMIP,GTF2H1,0.8593966
170,485,GMIP,ABL1,0.8572532
170,206,GMIP,ZDHHC6,0.8222312
170,508,GMIP,NDRG1,0.82139933
170,161,GMIP,JARID2,0.81512475
170,29,GMIP,IKZF1,0.8147214
170,261,GMIP,EZR,0.79889566
170,292,GMIP,HDAC7,0.7929506
170,367,GMIP,HCFC1,0.7681866
170,437,GMIP,MYB,0.7675646
170,283,GMIP,EGR1,0.7656194
170,439,GMIP,DDX20,0.7637642
170,48,GMIP,ELANE,0.7628878
170,486,GMIP,NFKBIA,0.7551303
170,351,GMIP,ERCC8,0.7502097
170,482,GMIP,NFATC2,0.74343026
170,208,GMIP,CISH,0.7412455
170,564,GMIP,MFNG,0.74007237
170,631,GMIP,ZFP36,0.73452246
170,177,GMIP,RELB,0.73413795
170,331,GMIP,PIM2,0.7212916
170,196,GMIP,RARS,0.71889025
170,363,GMIP,MYC,0.7176446
170,466,GMIP,ABCG2,0.71360517
170,422,GMIP,SESN1,0.71315414
170,436,GMIP,RARB,0.7036986
170,263,GMIP,JUN,0.70247537
170,315,GMIP,CTSL,0.70188516
170,357,GMIP,MEIS1,0.6965902
170,81,GMIP,HDAC11,0.69599444
170,557,GMIP,SATB1,0.69376844
170,410,GMIP,SMARCA2,0.69267607
170,494,GMIP,USP11,0.6917651
170,82,GMIP,RB1,0.69126457
170,232,GMIP,ICAM1,0.68858284
170,180,GMIP,TRIM35,0.6882234
170,34,GMIP,MAML3,0.68767226
170,6,GMIP,BTG2,0.66849935
170,536,GMIP,SPI1,0.66701454
170,449,GMIP,TIE1,0.66557777
170,162,GMIP,FES,0.6642443
170,253,GMIP,GRINA,0.6624757
568,621,GMNN,SNRPB,0.9282532
568,353,GMNN,CBFB,0.895775
568,475,GMNN,BCL2,0.8942831
568,413,GMNN,RASSF4,0.8941586
568,587,GMNN,NCAPD2,0.8941586
568,67,GMNN,HDAC2,0.8853139
568,589,GMNN,YBX1,0.8819421
568,165,GMNN,GTF2H1,0.85787445
568,485,GMNN,ABL1,0.8572532
568,292,GMNN,HDAC7,0.8490846
568,206,GMNN,ZDHHC6,0.8222312
568,508,GMNN,NDRG1,0.82139933
568,209,GMNN,ZBTB16,0.81867754
568,161,GMNN,JARID2,0.81536126
568,29,GMNN,IKZF1,0.8147214
568,261,GMNN,EZR,0.79889566
568,367,GMNN,HCFC1,0.7698142
568,437,GMNN,MYB,0.76757336
568,283,GMNN,EGR1,0.76559925
568,439,GMNN,DDX20,0.7637642
568,631,GMNN,ZFP36,0.76341426
568,48,GMNN,ELANE,0.7628878
568,466,GMNN,ABCG2,0.75904214
568,486,GMNN,NFKBIA,0.7551303
568,351,GMNN,ERCC8,0.7502097
568,208,GMNN,CISH,0.7360838
568,177,GMNN,RELB,0.73416054
568,564,GMNN,MFNG,0.7318372
568,331,GMNN,PIM2,0.7212916
568,196,GMNN,RARS,0.71889025
568,410,GMNN,SMARCA2,0.7174124
568,482,GMNN,NFATC2,0.71484596
568,422,GMNN,SESN1,0.71394145
568,180,GMNN,TRIM35,0.7070132
568,436,GMNN,RARB,0.7037149
568,263,GMNN,JUN,0.70247537
568,315,GMNN,CTSL,0.70188516
568,357,GMNN,MEIS1,0.6965902
568,81,GMNN,HDAC11,0.6961269
568,557,GMNN,SATB1,0.69231915
568,494,GMNN,USP11,0.6917651
568,82,GMNN,RB1,0.69159496
568,232,GMNN,ICAM1,0.68858284
568,34,GMNN,MAML3,0.68767226
568,6,GMNN,BTG2,0.66849935
568,536,GMNN,SPI1,0.6667522
568,449,GMNN,TIE1,0.6658861
568,253,GMNN,GRINA,0.6624757
568,289,GMNN,GT(ROSA)26SOR,0.6624757
568,613,GMNN,PGLYRP2,0.6624757
167,475,GNG11,BCL2,0.9740297
167,29,GNG11,IKZF1,0.9665315
167,292,GNG11,HDAC7,0.96487516
167,485,GNG11,ABL1,0.9591824
167,161,GNG11,JARID2,0.9556043
167,283,GNG11,EGR1,0.9550102
167,353,GNG11,CBFB,0.9541416
167,466,GNG11,ABCG2,0.9541366
167,196,GNG11,RARS,0.95358217
167,263,GNG11,JUN,0.9506147
167,631,GNG11,ZFP36,0.94717234
167,6,GNG11,BTG2,0.9438544
167,209,GNG11,ZBTB16,0.9430115
167,79,GNG11,STAT2,0.9426287
167,206,GNG11,ZDHHC6,0.94219667
167,177,GNG11,RELB,0.937493
167,194,GNG11,GOLPH3,0.93681043
167,208,GNG11,CISH,0.9357195
167,162,GNG11,FES,0.93446404
167,219,GNG11,TLR4,0.93446404
167,515,GNG11,IGHM,0.93446404
167,278,GNG11,NCF1,0.93438846
167,436,GNG11,RARB,0.9341237
167,289,GNG11,GT(ROSA)26SOR,0.9332074
167,253,GNG11,GRINA,0.9331687
167,587,GNG11,NCAPD2,0.9329497
167,413,GNG11,RASSF4,0.9329492
167,146,GNG11,SCARF1,0.9313055
167,536,GNG11,SPI1,0.9311905
167,175,GNG11,TLE2,0.9309894
167,69,GNG11,NAP1L3,0.9306915
167,441,GNG11,EBF1,0.9306915
167,622,GNG11,KRT18,0.9306915
167,546,GNG11,PROCR,0.93065566
167,232,GNG11,ICAM1,0.9305366
167,557,GNG11,SATB1,0.93038213
167,64,GNG11,IRF9,0.9292877
167,304,GNG11,HLF,0.9262734
167,52,GNG11,FCGR2B,0.92623484
167,213,GNG11,TCP11L2,0.925568
167,270,GNG11,VDR,0.9246688
167,420,GNG11,FDFT1,0.92439383
167,224,GNG11,MAPK12,0.92403626
167,621,GNG11,SNRPB,0.92351866
167,73,GNG11,RORC,0.9231725
167,67,GNG11,HDAC2,0.9222813
167,293,GNG11,IRF7,0.9218365
167,590,GNG11,IL12A,0.9211112
167,517,GNG11,H1F0,0.92026645
167,27,GNG11,IRF8,0.92006975
145,621,GNG12,SNRPB,0.9282103
145,353,GNG12,CBFB,0.895775
145,475,GNG12,BCL2,0.8942831
145,587,GNG12,NCAPD2,0.8941586
145,67,GNG12,HDAC2,0.8851019
145,589,GNG12,YBX1,0.8819421
145,209,GNG12,ZBTB16,0.8709828
145,165,GNG12,GTF2H1,0.86375195
145,485,GNG12,ABL1,0.8572532
145,292,GNG12,HDAC7,0.85030335
145,206,GNG12,ZDHHC6,0.82202345
145,508,GNG12,NDRG1,0.82139933
145,161,GNG12,JARID2,0.81536126
145,29,GNG12,IKZF1,0.8147214
145,413,GNG12,RASSF4,0.8105941
145,261,GNG12,EZR,0.79889566
145,208,GNG12,CISH,0.77123505
145,367,GNG12,HCFC1,0.7698142
145,283,GNG12,EGR1,0.7656194
145,439,GNG12,DDX20,0.7641273
145,631,GNG12,ZFP36,0.7616878
145,486,GNG12,NFKBIA,0.7551303
145,351,GNG12,ERCC8,0.75034046
145,564,GNG12,MFNG,0.74007237
145,48,GNG12,ELANE,0.7345329
145,331,GNG12,PIM2,0.7212916
145,196,GNG12,RARS,0.71889025
145,363,GNG12,MYC,0.7176446
145,410,GNG12,SMARCA2,0.7174124
145,482,GNG12,NFATC2,0.71484596
145,422,GNG12,SESN1,0.7136104
145,466,GNG12,ABCG2,0.71360517
145,180,GNG12,TRIM35,0.7070132
145,436,GNG12,RARB,0.7036986
145,263,GNG12,JUN,0.70247537
145,315,GNG12,CTSL,0.70188516
145,69,GNG12,NAP1L3,0.7002005
145,557,GNG12,SATB1,0.69945145
145,81,GNG12,HDAC11,0.6961269
145,357,GNG12,MEIS1,0.6954784
145,82,GNG12,RB1,0.69159496
145,494,GNG12,USP11,0.6908896
145,232,GNG12,ICAM1,0.68858284
145,34,GNG12,MAML3,0.68767226
145,437,GNG12,MYB,0.6773276
145,6,GNG12,BTG2,0.66849935
145,449,GNG12,TIE1,0.66557777
145,253,GNG12,GRINA,0.6624757
145,289,GNG12,GT(ROSA)26SOR,0.6624757
145,613,GNG12,PGLYRP2,0.6624757
489,621,GNS,SNRPB,0.9282103
489,475,GNS,BCL2,0.8942831
489,413,GNS,RASSF4,0.8941586
489,587,GNS,NCAPD2,0.8941586
489,67,GNS,HDAC2,0.8850062
489,589,GNS,YBX1,0.8819421
489,209,GNS,ZBTB16,0.8709828
489,165,GNS,GTF2H1,0.8593966
489,485,GNS,ABL1,0.8572532
489,292,GNS,HDAC7,0.84922355
489,353,GNS,CBFB,0.83467215
489,206,GNS,ZDHHC6,0.8225083
489,508,GNS,NDRG1,0.82139933
489,161,GNS,JARID2,0.81536126
489,29,GNS,IKZF1,0.8147214
489,261,GNS,EZR,0.79889566
489,367,GNS,HCFC1,0.7698142
489,283,GNS,EGR1,0.7656194
489,439,GNS,DDX20,0.7637642
489,48,GNS,ELANE,0.76347023
489,631,GNS,ZFP36,0.7619789
489,486,GNS,NFKBIA,0.75518745
489,351,GNS,ERCC8,0.75011533
489,564,GNS,MFNG,0.74007237
489,208,GNS,CISH,0.7360838
489,177,GNS,RELB,0.73413795
489,437,GNS,MYB,0.7266642
489,331,GNS,PIM2,0.72182894
489,196,GNS,RARS,0.71896315
489,363,GNS,MYC,0.7176446
489,410,GNS,SMARCA2,0.71745586
489,482,GNS,NFATC2,0.71484596
489,422,GNS,SESN1,0.7136104
489,466,GNS,ABCG2,0.7134656
489,436,GNS,RARB,0.7036986
489,263,GNS,JUN,0.70247537
489,315,GNS,CTSL,0.70188516
489,357,GNS,MEIS1,0.6965902
489,81,GNS,HDAC11,0.6959157
489,180,GNS,TRIM35,0.6948153
489,557,GNS,SATB1,0.69231915
489,82,GNS,RB1,0.69159496
489,494,GNS,USP11,0.69036907
489,34,GNS,MAML3,0.68767226
489,6,GNS,BTG2,0.66849935
489,536,GNS,SPI1,0.66701454
489,449,GNS,TIE1,0.6655239
489,253,GNS,GRINA,0.6624757
489,613,GNS,PGLYRP2,0.6624757
489,289,GNS,GT(ROSA)26SOR,0.6622417
194,475,GOLPH3,BCL2,0.9747609
194,29,GOLPH3,IKZF1,0.9680178
194,292,GOLPH3,HDAC7,0.9663018
194,485,GOLPH3,ABL1,0.9639821
194,283,GOLPH3,EGR1,0.9572161
194,161,GOLPH3,JARID2,0.9570741
194,196,GOLPH3,RARS,0.9564776
194,353,GOLPH3,CBFB,0.95637894
194,466,GOLPH3,ABCG2,0.95447874
194,263,GOLPH3,JUN,0.95290416
194,79,GOLPH3,STAT2,0.95170504
194,631,GOLPH3,ZFP36,0.9498423
194,209,GOLPH3,ZBTB16,0.9463184
194,206,GOLPH3,ZDHHC6,0.94575036
194,536,GOLPH3,SPI1,0.94458455
194,6,GOLPH3,BTG2,0.9422339
194,177,GOLPH3,RELB,0.93885434
194,208,GOLPH3,CISH,0.93715906
194,413,GOLPH3,RASSF4,0.9368375
194,436,GOLPH3,RARB,0.9360747
194,162,GOLPH3,FES,0.9337135
194,219,GOLPH3,TLR4,0.9337135
194,278,GOLPH3,NCF1,0.9337135
194,515,GOLPH3,IGHM,0.9337135
194,289,GOLPH3,GT(ROSA)26SOR,0.93318105
194,613,GOLPH3,PGLYRP2,0.9330735
194,587,GOLPH3,NCAPD2,0.93304527
194,232,GOLPH3,ICAM1,0.93219393
194,557,GOLPH3,SATB1,0.931958
194,622,GOLPH3,KRT18,0.93184185
194,69,GOLPH3,NAP1L3,0.9312215
194,146,GOLPH3,SCARF1,0.9312215
194,175,GOLPH3,TLE2,0.9312215
194,441,GOLPH3,EBF1,0.9312215
194,546,GOLPH3,PROCR,0.9312215
194,64,GOLPH3,IRF9,0.9304685
194,621,GOLPH3,SNRPB,0.9286326
194,67,GOLPH3,HDAC2,0.9280228
194,52,GOLPH3,FCGR2B,0.9262937
194,213,GOLPH3,TCP11L2,0.9262937
194,304,GOLPH3,HLF,0.9262937
194,420,GOLPH3,FDFT1,0.92555964
194,270,GOLPH3,VDR,0.92499495
194,293,GOLPH3,IRF7,0.9239815
194,224,GOLPH3,MAPK12,0.92362136
194,73,GOLPH3,RORC,0.92267156
194,517,GOLPH3,H1F0,0.9208195
194,580,GOLPH3,MLLT3,0.9205932
194,27,GOLPH3,IRF8,0.92004853
194,590,GOLPH3,IL12A,0.9196634
352,621,GOLT1B,SNRPB,0.96251655
352,353,GOLT1B,CBFB,0.9527187
352,475,GOLT1B,BCL2,0.94235134
352,589,GOLT1B,YBX1,0.9296232
352,209,GOLT1B,ZBTB16,0.92838866
352,485,GOLT1B,ABL1,0.926989
352,67,GOLT1B,HDAC2,0.91773736
352,413,GOLT1B,RASSF4,0.9170349
352,587,GOLT1B,NCAPD2,0.9170349
352,206,GOLT1B,ZDHHC6,0.9078198
352,292,GOLT1B,HDAC7,0.9049875
352,161,GOLT1B,JARID2,0.9022327
352,165,GOLT1B,GTF2H1,0.88725954
352,508,GOLT1B,NDRG1,0.87909734
352,631,GOLT1B,ZFP36,0.8689519
352,283,GOLT1B,EGR1,0.8613373
352,482,GOLT1B,NFATC2,0.8567723
352,437,GOLT1B,MYB,0.8560094
352,79,GOLT1B,STAT2,0.85540783
352,564,GOLT1B,MFNG,0.8527602
352,177,GOLT1B,RELB,0.8500176
352,439,GOLT1B,DDX20,0.84880024
352,261,GOLT1B,EZR,0.8454869
352,367,GOLT1B,HCFC1,0.8440891
352,486,GOLT1B,NFKBIA,0.8410208
352,48,GOLT1B,ELANE,0.8381623
352,331,GOLT1B,PIM2,0.83432525
352,363,GOLT1B,MYC,0.8333237
352,29,GOLT1B,IKZF1,0.8312628
352,410,GOLT1B,SMARCA2,0.82520443
352,436,GOLT1B,RARB,0.81732094
352,180,GOLT1B,TRIM35,0.81515986
352,196,GOLT1B,RARS,0.81096464
352,351,GOLT1B,ERCC8,0.8104067
352,208,GOLT1B,CISH,0.7999031
352,232,GOLT1B,ICAM1,0.79111594
352,422,GOLT1B,SESN1,0.7889983
352,263,GOLT1B,JUN,0.7867922
352,315,GOLT1B,CTSL,0.78252107
352,81,GOLT1B,HDAC11,0.7819043
352,622,GOLT1B,KRT18,0.77461004
352,557,GOLT1B,SATB1,0.7660926
352,82,GOLT1B,RB1,0.76340795
352,494,GOLT1B,USP11,0.75883955
352,536,GOLT1B,SPI1,0.75764745
352,357,GOLT1B,MEIS1,0.75267124
352,34,GOLT1B,MAML3,0.74824935
352,6,GOLT1B,BTG2,0.734363
352,466,GOLT1B,ABCG2,0.7331888
352,253,GOLT1B,GRINA,0.72419107
597,621,GPR160,SNRPB,0.9282103
597,353,GPR160,CBFB,0.8950616
597,475,GPR160,BCL2,0.8942831
597,413,GPR160,RASSF4,0.8941586
597,587,GPR160,NCAPD2,0.8941586
597,67,GPR160,HDAC2,0.8850062
597,589,GPR160,YBX1,0.8819421
597,165,GPR160,GTF2H1,0.8593966
597,485,GPR160,ABL1,0.8572532
597,292,GPR160,HDAC7,0.8490846
597,206,GPR160,ZDHHC6,0.8222312
597,508,GPR160,NDRG1,0.82139933
597,161,GPR160,JARID2,0.81536126
597,29,GPR160,IKZF1,0.8147214
597,209,GPR160,ZBTB16,0.8072328
597,261,GPR160,EZR,0.79889566
597,367,GPR160,HCFC1,0.7698142
597,437,GPR160,MYB,0.76757336
597,283,GPR160,EGR1,0.7657525
597,439,GPR160,DDX20,0.7637642
597,48,GPR160,ELANE,0.7630163
597,631,GPR160,ZFP36,0.7614109
597,351,GPR160,ERCC8,0.7502097
597,564,GPR160,MFNG,0.74007237
597,486,GPR160,NFKBIA,0.736687
597,208,GPR160,CISH,0.7360838
597,177,GPR160,RELB,0.73364615
597,196,GPR160,RARS,0.71889025
597,363,GPR160,MYC,0.71779406
597,410,GPR160,SMARCA2,0.7174124
597,422,GPR160,SESN1,0.7136104
597,466,GPR160,ABCG2,0.71360517
597,180,GPR160,TRIM35,0.7070132
597,436,GPR160,RARB,0.70339257
597,263,GPR160,JUN,0.70247537
597,315,GPR160,CTSL,0.701837
597,482,GPR160,NFATC2,0.6978722
597,357,GPR160,MEIS1,0.6965902
597,81,GPR160,HDAC11,0.6961269
597,557,GPR160,SATB1,0.69231915
597,494,GPR160,USP11,0.6917651
597,82,GPR160,RB1,0.69159496
597,232,GPR160,ICAM1,0.68858284
597,34,GPR160,MAML3,0.68785745
597,306,GPR160,MYCT1,0.6843812
597,331,GPR160,PIM2,0.6712468
597,6,GPR160,BTG2,0.66886616
597,449,GPR160,TIE1,0.6655239
597,289,GPR160,GT(ROSA)26SOR,0.66255665
597,253,GPR160,GRINA,0.6624757
93,475,GPR65,BCL2,0.95020324
93,353,GPR65,CBFB,0.9067163
93,413,GPR65,RASSF4,0.8941586
93,587,GPR65,NCAPD2,0.8908845
93,67,GPR65,HDAC2,0.8848344
93,589,GPR65,YBX1,0.8821683
93,209,GPR65,ZBTB16,0.8708886
93,165,GPR65,GTF2H1,0.8593966
93,485,GPR65,ABL1,0.8572532
93,292,GPR65,HDAC7,0.8490846
93,631,GPR65,ZFP36,0.8380449
93,29,GPR65,IKZF1,0.8234591
93,206,GPR65,ZDHHC6,0.8222312
93,508,GPR65,NDRG1,0.8213929
93,161,GPR65,JARID2,0.81536126
93,261,GPR65,EZR,0.79862344
93,621,GPR65,SNRPB,0.7856996
93,367,GPR65,HCFC1,0.7698142
93,437,GPR65,MYB,0.76757336
93,283,GPR65,EGR1,0.7656194
93,48,GPR65,ELANE,0.7628878
93,486,GPR65,NFKBIA,0.7551303
93,351,GPR65,ERCC8,0.7502097
93,564,GPR65,MFNG,0.74007237
93,208,GPR65,CISH,0.7360838
93,177,GPR65,RELB,0.73413795
93,196,GPR65,RARS,0.71889025
93,363,GPR65,MYC,0.7176446
93,410,GPR65,SMARCA2,0.7174124
93,482,GPR65,NFATC2,0.71484596
93,422,GPR65,SESN1,0.7136104
93,466,GPR65,ABCG2,0.71360517
93,180,GPR65,TRIM35,0.70705074
93,436,GPR65,RARB,0.7036986
93,263,GPR65,JUN,0.70247537
93,315,GPR65,CTSL,0.70217323
93,331,GPR65,PIM2,0.70207405
93,357,GPR65,MEIS1,0.6964173
93,81,GPR65,HDAC11,0.6961269
93,557,GPR65,SATB1,0.69231915
93,494,GPR65,USP11,0.6917651
93,82,GPR65,RB1,0.69159496
93,232,GPR65,ICAM1,0.68858284
93,34,GPR65,MAML3,0.68767226
93,6,GPR65,BTG2,0.66849935
93,536,GPR65,SPI1,0.66701454
93,449,GPR65,TIE1,0.66547424
93,613,GPR65,PGLYRP2,0.6624757
93,289,GPR65,GT(ROSA)26SOR,0.6624257
93,253,GPR65,GRINA,0.66199565
548,621,GRIA3,SNRPB,0.9282103
548,475,GRIA3,BCL2,0.8942831
548,587,GRIA3,NCAPD2,0.8941586
548,413,GRIA3,RASSF4,0.89397603
548,589,GRIA3,YBX1,0.8819421
548,209,GRIA3,ZBTB16,0.8709828
548,165,GRIA3,GTF2H1,0.8593966
548,485,GRIA3,ABL1,0.8572532
548,292,GRIA3,HDAC7,0.8490846
548,353,GRIA3,CBFB,0.8270503
548,206,GRIA3,ZDHHC6,0.8222312
548,508,GRIA3,NDRG1,0.82139933
548,161,GRIA3,JARID2,0.81536126
548,29,GRIA3,IKZF1,0.81257033
548,261,GRIA3,EZR,0.79889566
548,67,GRIA3,HDAC2,0.7759608
548,367,GRIA3,HCFC1,0.7698142
548,437,GRIA3,MYB,0.76757336
548,283,GRIA3,EGR1,0.7656194
548,48,GRIA3,ELANE,0.7628878
548,631,GRIA3,ZFP36,0.7616878
548,486,GRIA3,NFKBIA,0.7551303
548,351,GRIA3,ERCC8,0.7502097
548,564,GRIA3,MFNG,0.74007237
548,208,GRIA3,CISH,0.7360838
548,177,GRIA3,RELB,0.734538
548,331,GRIA3,PIM2,0.7212916
548,196,GRIA3,RARS,0.71889025
548,69,GRIA3,NAP1L3,0.71834666
548,363,GRIA3,MYC,0.7176446
548,410,GRIA3,SMARCA2,0.7174124
548,482,GRIA3,NFATC2,0.71484596
548,466,GRIA3,ABCG2,0.71360517
548,422,GRIA3,SESN1,0.71352273
548,180,GRIA3,TRIM35,0.7070132
548,436,GRIA3,RARB,0.7036986
548,263,GRIA3,JUN,0.70247537
548,315,GRIA3,CTSL,0.70188516
548,6,GRIA3,BTG2,0.70120233
548,357,GRIA3,MEIS1,0.6965902
548,81,GRIA3,HDAC11,0.6961269
548,557,GRIA3,SATB1,0.69231915
548,494,GRIA3,USP11,0.6917651
548,82,GRIA3,RB1,0.69159496
548,232,GRIA3,ICAM1,0.68858284
548,34,GRIA3,MAML3,0.68767226
548,536,GRIA3,SPI1,0.66701454
548,449,GRIA3,TIE1,0.6655642
548,253,GRIA3,GRINA,0.6624757
548,289,GRIA3,GT(ROSA)26SOR,0.6624757
253,475,GRINA,BCL2,0.96926826
253,29,GRINA,IKZF1,0.9594428
253,485,GRINA,ABL1,0.95541936
253,292,GRINA,HDAC7,0.9535145
253,353,GRINA,CBFB,0.9439927
253,161,GRINA,JARID2,0.94147307
253,283,GRINA,EGR1,0.936637
253,466,GRINA,ABCG2,0.9310304
253,209,GRINA,ZBTB16,0.9294157
253,206,GRINA,ZDHHC6,0.9228872
253,613,GRINA,PGLYRP2,0.9163362
253,208,GRINA,CISH,0.91625625
253,263,GRINA,JUN,0.9149951
253,536,GRINA,SPI1,0.9143463
253,289,GRINA,GT(ROSA)26SOR,0.91271406
253,79,GRINA,STAT2,0.9105941
253,546,GRINA,PROCR,0.90725267
253,162,GRINA,FES,0.9058313
253,219,GRINA,TLR4,0.9058313
253,278,GRINA,NCF1,0.9058313
253,515,GRINA,IGHM,0.9058313
253,6,GRINA,BTG2,0.9050095
253,177,GRINA,RELB,0.9022557
253,631,GRINA,ZFP36,0.9011455
253,621,GRINA,SNRPB,0.900969
253,557,GRINA,SATB1,0.8994143
253,413,GRINA,RASSF4,0.899149
253,587,GRINA,NCAPD2,0.899149
253,69,GRINA,NAP1L3,0.8982383
253,146,GRINA,SCARF1,0.89797866
253,175,GRINA,TLE2,0.89797866
253,194,GRINA,GOLPH3,0.89797866
253,622,GRINA,KRT18,0.89797866
253,441,GRINA,EBF1,0.89786065
253,232,GRINA,ICAM1,0.89739126
253,436,GRINA,RARB,0.89570665
253,224,GRINA,MAPK12,0.89166796
253,196,GRINA,RARS,0.89093715
253,73,GRINA,RORC,0.8893116
253,270,GRINA,VDR,0.8887256
253,52,GRINA,FCGR2B,0.8875886
253,213,GRINA,TCP11L2,0.88722044
253,304,GRINA,HLF,0.88722044
253,357,GRINA,MEIS1,0.88479996
253,157,GRINA,PLAG1,0.88336796
253,133,GRINA,LTB,0.88325727
253,394,GRINA,MAPK1,0.88325727
253,445,GRINA,APBB1,0.88325727
253,67,GRINA,HDAC2,0.88162297
253,538,GRINA,TRP53I11,0.8813851
586,621,GRK3,SNRPB,0.9282103
586,353,GRK3,CBFB,0.895775
586,475,GRK3,BCL2,0.8942831
586,587,GRK3,NCAPD2,0.8941586
586,413,GRK3,RASSF4,0.8926423
586,67,GRK3,HDAC2,0.8850062
586,589,GRK3,YBX1,0.8819421
586,209,GRK3,ZBTB16,0.87441605
586,165,GRK3,GTF2H1,0.8593966
586,485,GRK3,ABL1,0.8572532
586,292,GRK3,HDAC7,0.84842736
586,206,GRK3,ZDHHC6,0.8222312
586,508,GRK3,NDRG1,0.82139933
586,161,GRK3,JARID2,0.81536126
586,29,GRK3,IKZF1,0.8147214
586,261,GRK3,EZR,0.79889566
586,367,GRK3,HCFC1,0.7698142
586,437,GRK3,MYB,0.76757336
586,283,GRK3,EGR1,0.7656194
586,439,GRK3,DDX20,0.7637642
586,48,GRK3,ELANE,0.7628878
586,631,GRK3,ZFP36,0.7616878
586,363,GRK3,MYC,0.7556877
586,486,GRK3,NFKBIA,0.7551303
586,351,GRK3,ERCC8,0.7502097
586,564,GRK3,MFNG,0.74007237
586,208,GRK3,CISH,0.7360838
586,177,GRK3,RELB,0.73413795
586,331,GRK3,PIM2,0.7212916
586,622,GRK3,KRT18,0.71834666
586,410,GRK3,SMARCA2,0.7174124
586,482,GRK3,NFATC2,0.71484596
586,422,GRK3,SESN1,0.7136104
586,466,GRK3,ABCG2,0.7135423
586,180,GRK3,TRIM35,0.7070132
586,436,GRK3,RARB,0.7036986
586,263,GRK3,JUN,0.70247537
586,315,GRK3,CTSL,0.7016346
586,357,GRK3,MEIS1,0.6965902
586,81,GRK3,HDAC11,0.6961269
586,82,GRK3,RB1,0.69159496
586,494,GRK3,USP11,0.6898027
586,232,GRK3,ICAM1,0.68858284
586,34,GRK3,MAML3,0.68813443
586,6,GRK3,BTG2,0.66849935
586,536,GRK3,SPI1,0.66701454
586,449,GRK3,TIE1,0.66557777
586,289,GRK3,GT(ROSA)26SOR,0.6624757
586,613,GRK3,PGLYRP2,0.6624757
586,253,GRK3,GRINA,0.66231155
291,621,GSR,SNRPB,0.92780995
291,353,GSR,CBFB,0.89578545
291,587,GSR,NCAPD2,0.8935544
291,161,GSR,JARID2,0.89313567
291,67,GSR,HDAC2,0.8843586
291,589,GSR,YBX1,0.88110167
291,209,GSR,ZBTB16,0.8712718
291,413,GSR,RASSF4,0.86998415
291,475,GSR,BCL2,0.8610232
291,165,GSR,GTF2H1,0.8586056
291,485,GSR,ABL1,0.85757995
291,292,GSR,HDAC7,0.84944755
291,206,GSR,ZDHHC6,0.8226939
291,508,GSR,NDRG1,0.82099646
291,29,GSR,IKZF1,0.81488967
291,261,GSR,EZR,0.7798274
291,437,GSR,MYB,0.7668014
291,283,GSR,EGR1,0.7658325
291,48,GSR,ELANE,0.76302123
291,439,GSR,DDX20,0.76227117
291,631,GSR,ZFP36,0.7616684
291,367,GSR,HCFC1,0.76158035
291,486,GSR,NFKBIA,0.7545874
291,351,GSR,ERCC8,0.74842876
291,564,GSR,MFNG,0.7396451
291,208,GSR,CISH,0.7368448
291,177,GSR,RELB,0.73433334
291,52,GSR,FCGR2B,0.7244904
291,331,GSR,PIM2,0.72140574
291,196,GSR,RARS,0.71934885
291,410,GSR,SMARCA2,0.7179538
291,363,GSR,MYC,0.7160697
291,466,GSR,ABCG2,0.71376437
291,422,GSR,SESN1,0.7137446
291,482,GSR,NFATC2,0.7136915
291,180,GSR,TRIM35,0.707732
291,436,GSR,RARB,0.70416135
291,263,GSR,JUN,0.70292723
291,315,GSR,CTSL,0.70149976
291,357,GSR,MEIS1,0.6969177
291,81,GSR,HDAC11,0.6964786
291,557,GSR,SATB1,0.6930986
291,494,GSR,USP11,0.69155174
291,82,GSR,RB1,0.68961036
291,232,GSR,ICAM1,0.6893687
291,34,GSR,MAML3,0.6874377
291,277,GSR,RTP4,0.6709946
291,6,GSR,BTG2,0.6689836
291,536,GSR,SPI1,0.6682865
291,449,GSR,TIE1,0.66645014
289,475,GT(ROSA)26SOR,BCL2,0.9654903
289,29,GT(ROSA)26SOR,IKZF1,0.9594428
289,485,GT(ROSA)26SOR,ABL1,0.95550287
289,292,GT(ROSA)26SOR,HDAC7,0.9536326
289,353,GT(ROSA)26SOR,CBFB,0.9440596
289,283,GT(ROSA)26SOR,EGR1,0.9367776
289,466,GT(ROSA)26SOR,ABCG2,0.9312164
289,209,GT(ROSA)26SOR,ZBTB16,0.9295
289,206,GT(ROSA)26SOR,ZDHHC6,0.9229587
289,208,GT(ROSA)26SOR,CISH,0.9163358
289,263,GT(ROSA)26SOR,JUN,0.91446584
289,536,GT(ROSA)26SOR,SPI1,0.9144266
289,196,GT(ROSA)26SOR,RARS,0.91340697
289,253,GT(ROSA)26SOR,GRINA,0.9128889
289,79,GT(ROSA)26SOR,STAT2,0.9105941
289,52,GT(ROSA)26SOR,FCGR2B,0.9086927
289,219,GT(ROSA)26SOR,TLR4,0.90610474
289,278,GT(ROSA)26SOR,NCF1,0.90610474
289,515,GT(ROSA)26SOR,IGHM,0.90610474
289,162,GT(ROSA)26SOR,FES,0.9060686
289,6,GT(ROSA)26SOR,BTG2,0.9050095
289,613,GT(ROSA)26SOR,PGLYRP2,0.90414554
289,177,GT(ROSA)26SOR,RELB,0.90245926
289,631,GT(ROSA)26SOR,ZFP36,0.9014221
289,621,GT(ROSA)26SOR,SNRPB,0.90101814
289,557,GT(ROSA)26SOR,SATB1,0.8996389
289,587,GT(ROSA)26SOR,NCAPD2,0.89924914
289,161,GT(ROSA)26SOR,JARID2,0.8990598
289,441,GT(ROSA)26SOR,EBF1,0.89871293
289,146,GT(ROSA)26SOR,SCARF1,0.8982383
289,175,GT(ROSA)26SOR,TLE2,0.8982383
289,194,GT(ROSA)26SOR,GOLPH3,0.8982383
289,546,GT(ROSA)26SOR,PROCR,0.8982383
289,69,GT(ROSA)26SOR,NAP1L3,0.89822197
289,622,GT(ROSA)26SOR,KRT18,0.8980203
289,232,GT(ROSA)26SOR,ICAM1,0.89779496
289,436,GT(ROSA)26SOR,RARB,0.8963639
289,413,GT(ROSA)26SOR,RASSF4,0.8931042
289,224,GT(ROSA)26SOR,MAPK12,0.89201885
289,73,GT(ROSA)26SOR,RORC,0.8893116
289,270,GT(ROSA)26SOR,VDR,0.88926065
289,213,GT(ROSA)26SOR,TCP11L2,0.8875886
289,304,GT(ROSA)26SOR,HLF,0.8875886
289,276,GT(ROSA)26SOR,REL,0.886793
289,357,GT(ROSA)26SOR,MEIS1,0.88506174
289,133,GT(ROSA)26SOR,LTB,0.88347894
289,157,GT(ROSA)26SOR,PLAG1,0.88347894
289,394,GT(ROSA)26SOR,MAPK1,0.88347894
289,445,GT(ROSA)26SOR,APBB1,0.88347894
289,67,GT(ROSA)26SOR,HDAC2,0.88162297
575,426,GTF2F1,PRPF4,0.98371094
575,137,GTF2F1,MYCN,0.98285
575,259,GTF2F1,NUP107,0.9825487
575,299,GTF2F1,ORC2,0.9820254
575,189,GTF2F1,MCM5,0.9811964
575,204,GTF2F1,MCM2,0.9811282
575,118,GTF2F1,MIS12,0.9805406
575,375,GTF2F1,SRSF1,0.9798237
575,500,GTF2F1,MCM3,0.97959477
575,414,GTF2F1,CENPK,0.97927815
575,554,GTF2F1,CDT1,0.9790725
575,561,GTF2F1,MCM7,0.9790566
575,350,GTF2F1,MCM6,0.9787958
575,323,GTF2F1,MCM4,0.9769539
575,119,GTF2F1,SLC2A3,0.9758203
575,497,GTF2F1,TYMS,0.97580045
575,392,GTF2F1,DCAF13,0.97501504
575,240,GTF2F1,RPA2,0.97443706
575,198,GTF2F1,NDN,0.97377586
575,74,GTF2F1,TOP2A,0.97284317
575,42,GTF2F1,HMGB2,0.9721081
575,279,GTF2F1,AURKB,0.9717278
575,30,GTF2F1,PBK,0.97138375
575,182,GTF2F1,RPA1,0.9710933
575,53,GTF2F1,ORC6,0.968276
575,411,GTF2F1,CDC45,0.9676173
575,439,GTF2F1,DDX20,0.96696776
575,478,GTF2F1,MKI67,0.96606714
575,399,GTF2F1,RRM2,0.96459764
575,433,GTF2F1,XPC,0.9644517
575,361,GTF2F1,CCNB2,0.9643782
575,620,GTF2F1,TIPIN,0.9628575
575,102,GTF2F1,PRIM1,0.96282434
575,21,GTF2F1,RRM1,0.96084696
575,266,GTF2F1,MSH6,0.9606471
575,297,GTF2F1,LIG1,0.96034545
575,621,GTF2F1,SNRPB,0.9590646
575,290,GTF2F1,POLD1,0.95893365
575,610,GTF2F1,PRIM2,0.95873827
575,273,GTF2F1,FIGNL1,0.95674586
575,246,GTF2F1,TK1,0.95390105
575,407,GTF2F1,CDC7,0.95390105
575,367,GTF2F1,HCFC1,0.949394
575,363,GTF2F1,MYC,0.9404558
575,372,GTF2F1,BACE1,0.93910193
575,117,GTF2F1,TFG,0.93909353
575,589,GTF2F1,YBX1,0.9363059
575,226,GTF2F1,POLR2B,0.9323381
575,274,GTF2F1,NOP2,0.9322456
575,404,GTF2F1,FTSJ3,0.9322456
165,353,GTF2H1,CBFB,0.9742854
165,475,GTF2H1,BCL2,0.9688825
165,587,GTF2H1,NCAPD2,0.9631687
165,413,GTF2H1,RASSF4,0.9631675
165,292,GTF2H1,HDAC7,0.9583802
165,621,GTF2H1,SNRPB,0.9580129
165,67,GTF2H1,HDAC2,0.9568537
165,485,GTF2H1,ABL1,0.9553949
165,29,GTF2H1,IKZF1,0.95429075
165,161,GTF2H1,JARID2,0.9540222
165,631,GTF2H1,ZFP36,0.9528617
165,209,GTF2H1,ZBTB16,0.94546425
165,177,GTF2H1,RELB,0.9408427
165,206,GTF2H1,ZDHHC6,0.94016564
165,283,GTF2H1,EGR1,0.93982035
165,208,GTF2H1,CISH,0.93858236
165,196,GTF2H1,RARS,0.93601125
165,436,GTF2H1,RARB,0.9327934
165,564,GTF2H1,MFNG,0.93237793
165,466,GTF2H1,ABCG2,0.93237656
165,232,GTF2H1,ICAM1,0.93031764
165,508,GTF2H1,NDRG1,0.93013245
165,589,GTF2H1,YBX1,0.92987597
165,263,GTF2H1,JUN,0.92906016
165,331,GTF2H1,PIM2,0.92895216
165,357,GTF2H1,MEIS1,0.9279455
165,410,GTF2H1,SMARCA2,0.9242189
165,194,GTF2H1,GOLPH3,0.92372954
165,557,GTF2H1,SATB1,0.9231989
165,180,GTF2H1,TRIM35,0.92000586
165,486,GTF2H1,NFKBIA,0.9176117
165,81,GTF2H1,HDAC11,0.9121072
165,6,GTF2H1,BTG2,0.90922016
165,187,GTF2H1,LMO4,0.9063959
165,34,GTF2H1,MAML3,0.8991202
165,79,GTF2H1,STAT2,0.8958604
165,422,GTF2H1,SESN1,0.89524525
165,289,GTF2H1,GT(ROSA)26SOR,0.89089274
165,253,GTF2H1,GRINA,0.890772
165,146,GTF2H1,SCARF1,0.889184
165,175,GTF2H1,TLE2,0.8883982
165,546,GTF2H1,PROCR,0.887595
165,69,GTF2H1,NAP1L3,0.8875808
165,441,GTF2H1,EBF1,0.8875808
165,622,GTF2H1,KRT18,0.8875808
165,162,GTF2H1,FES,0.8831839
165,219,GTF2H1,TLR4,0.8831839
165,515,GTF2H1,IGHM,0.8831839
165,278,GTF2H1,NCF1,0.8828221
165,449,GTF2H1,TIE1,0.8825855
618,621,GUSB,SNRPB,0.9350518
618,589,GUSB,YBX1,0.9247209
618,413,GUSB,RASSF4,0.91865337
618,587,GUSB,NCAPD2,0.91865337
618,261,GUSB,EZR,0.9169417
618,165,GUSB,GTF2H1,0.90930307
618,67,GUSB,HDAC2,0.9071073
618,351,GUSB,ERCC8,0.88868123
618,367,GUSB,HCFC1,0.8883146
618,353,GUSB,CBFB,0.8796244
618,439,GUSB,DDX20,0.86843526
618,475,GUSB,BCL2,0.8403099
618,363,GUSB,MYC,0.83029085
618,209,GUSB,ZBTB16,0.8301721
618,508,GUSB,NDRG1,0.8262888
618,134,GUSB,PA2G4,0.8181983
618,482,GUSB,NFATC2,0.80430984
618,376,GUSB,ATF7,0.8022099
618,154,GUSB,HDGF,0.8021082
618,166,GUSB,PSAT1,0.8021082
618,212,GUSB,FLT3,0.8021082
618,217,GUSB,PRMT7,0.8021082
618,347,GUSB,RNF4,0.8021082
618,389,GUSB,FOXRED1,0.8021082
618,577,GUSB,CAD,0.8021082
618,562,GUSB,NFIA,0.8020502
618,220,GUSB,TMEM43,0.80196375
618,226,GUSB,POLR2B,0.7965205
618,485,GUSB,ABL1,0.7870722
618,292,GUSB,HDAC7,0.782924
618,206,GUSB,ZDHHC6,0.7799916
618,199,GUSB,E2F4,0.77878225
618,437,GUSB,MYB,0.7703459
618,486,GUSB,NFKBIA,0.75972426
618,180,GUSB,TRIM35,0.7516021
618,161,GUSB,JARID2,0.7471227
618,315,GUSB,CTSL,0.7464164
618,29,GUSB,IKZF1,0.74147797
618,82,GUSB,RB1,0.73872346
618,480,GUSB,WDR5,0.7366762
618,86,GUSB,RANGAP1,0.7365358
618,48,GUSB,ELANE,0.73653525
618,104,GUSB,BTK,0.7277097
618,139,GUSB,PBX1,0.7228965
618,429,GUSB,GFI1B,0.7228965
618,564,GUSB,MFNG,0.72067165
618,631,GUSB,ZFP36,0.7113504
618,3,GUSB,POLR1B,0.7028644
618,345,GUSB,UHRF1,0.6991072
618,472,GUSB,HNRNPAB,0.6750847
517,475,H1F0,BCL2,0.97439927
517,29,H1F0,IKZF1,0.9680084
517,292,H1F0,HDAC7,0.96688217
517,485,H1F0,ABL1,0.9636591
517,353,H1F0,CBFB,0.9610634
517,161,H1F0,JARID2,0.9584608
517,196,H1F0,RARS,0.95692974
517,283,H1F0,EGR1,0.9565714
517,263,H1F0,JUN,0.9529494
517,631,H1F0,ZFP36,0.95271814
517,209,H1F0,ZBTB16,0.9495372
517,466,H1F0,ABCG2,0.9477258
517,206,H1F0,ZDHHC6,0.94700444
517,587,H1F0,NCAPD2,0.94373304
517,177,H1F0,RELB,0.9414365
517,79,H1F0,STAT2,0.9410033
517,6,H1F0,BTG2,0.9398885
517,208,H1F0,CISH,0.9396291
517,436,H1F0,RARB,0.9386922
517,67,H1F0,HDAC2,0.9368387
517,621,H1F0,SNRPB,0.9362198
517,550,H1F0,CREB5,0.9354604
517,232,H1F0,ICAM1,0.93488365
517,557,H1F0,SATB1,0.9343176
517,536,H1F0,SPI1,0.9329413
517,219,H1F0,TLR4,0.93179405
517,278,H1F0,NCF1,0.93179405
517,515,H1F0,IGHM,0.93179405
517,289,H1F0,GT(ROSA)26SOR,0.9307491
517,613,H1F0,PGLYRP2,0.9307491
517,546,H1F0,PROCR,0.92880064
517,69,H1F0,NAP1L3,0.928719
517,146,H1F0,SCARF1,0.928719
517,175,H1F0,TLE2,0.928719
517,441,H1F0,EBF1,0.928719
517,622,H1F0,KRT18,0.928719
517,64,H1F0,IRF9,0.92633957
517,52,H1F0,FCGR2B,0.92340827
517,213,H1F0,TCP11L2,0.92340827
517,304,H1F0,HLF,0.92340827
517,357,H1F0,MEIS1,0.9221912
517,270,H1F0,VDR,0.9218843
517,224,H1F0,MAPK12,0.92175347
517,420,H1F0,FDFT1,0.92077214
517,73,H1F0,RORC,0.918378
517,133,H1F0,LTB,0.91797733
517,580,H1F0,MLLT3,0.9179117
517,293,H1F0,IRF7,0.91754365
517,590,H1F0,IL12A,0.9167069
517,27,H1F0,IRF8,0.91569054
109,475,H2-AA,BCL2,0.9719224
109,29,H2-AA,IKZF1,0.96891797
109,485,H2-AA,ABL1,0.9643416
109,292,H2-AA,HDAC7,0.96307933
109,79,H2-AA,STAT2,0.9512495
109,64,H2-AA,IRF9,0.94835234
109,161,H2-AA,JARID2,0.9479453
109,536,H2-AA,SPI1,0.94443387
109,420,H2-AA,FDFT1,0.9437838
109,253,H2-AA,GRINA,0.9425649
109,613,H2-AA,PGLYRP2,0.9425649
109,289,H2-AA,GT(ROSA)26SOR,0.9424755
109,466,H2-AA,ABCG2,0.94195443
109,162,H2-AA,FES,0.94032305
109,219,H2-AA,TLR4,0.94032127
109,278,H2-AA,NCF1,0.94032127
109,27,H2-AA,IRF8,0.9397041
109,251,H2-AA,IRF6,0.9394676
109,73,H2-AA,RORC,0.93935245
109,270,H2-AA,VDR,0.9373788
109,590,H2-AA,IL12A,0.93698883
109,6,H2-AA,BTG2,0.93441665
109,517,H2-AA,H1F0,0.9323956
109,213,H2-AA,TCP11L2,0.9320745
109,304,H2-AA,HLF,0.9320745
109,52,H2-AA,FCGR2B,0.9318271
109,183,H2-AA,XAF1,0.9314067
109,504,H2-AA,IFI44,0.9314067
109,354,H2-AA,IIGP1,0.9312588
109,196,H2-AA,RARS,0.9310946
109,69,H2-AA,NAP1L3,0.93023646
109,146,H2-AA,SCARF1,0.93023646
109,194,H2-AA,GOLPH3,0.93023646
109,441,H2-AA,EBF1,0.93023646
109,546,H2-AA,PROCR,0.93023646
109,622,H2-AA,KRT18,0.93023646
109,206,H2-AA,ZDHHC6,0.92997545
109,57,H2-AA,OASL2,0.9281039
109,277,H2-AA,RTP4,0.9281039
109,276,H2-AA,REL,0.92775995
109,209,H2-AA,ZBTB16,0.92771554
109,550,H2-AA,CREB5,0.92767924
109,50,H2-AA,NFAT5,0.92749715
109,283,H2-AA,EGR1,0.92727107
109,224,H2-AA,MAPK12,0.9244698
109,360,H2-AA,FOXO1,0.92127186
109,580,H2-AA,MLLT3,0.9203008
109,216,H2-AA,CUL3,0.9188858
109,515,H2-AA,IGHM,0.91684425
109,133,H2-AA,LTB,0.9167802
286,621,H2-OB,SNRPB,0.9282103
286,353,H2-OB,CBFB,0.895775
286,587,H2-OB,NCAPD2,0.8941586
286,161,H2-OB,JARID2,0.89299333
286,67,H2-OB,HDAC2,0.8850062
286,589,H2-OB,YBX1,0.8819421
286,209,H2-OB,ZBTB16,0.8709828
286,413,H2-OB,RASSF4,0.87041616
286,475,H2-OB,BCL2,0.8608384
286,165,H2-OB,GTF2H1,0.8593966
286,485,H2-OB,ABL1,0.8572532
286,292,H2-OB,HDAC7,0.8490846
286,206,H2-OB,ZDHHC6,0.8222312
286,508,H2-OB,NDRG1,0.8216291
286,29,H2-OB,IKZF1,0.8147214
286,261,H2-OB,EZR,0.780789
286,437,H2-OB,MYB,0.76757336
286,283,H2-OB,EGR1,0.7656194
286,439,H2-OB,DDX20,0.7637642
286,367,H2-OB,HCFC1,0.7632896
286,48,H2-OB,ELANE,0.7628878
286,631,H2-OB,ZFP36,0.7616878
286,486,H2-OB,NFKBIA,0.7551303
286,351,H2-OB,ERCC8,0.7502097
286,564,H2-OB,MFNG,0.73974234
286,208,H2-OB,CISH,0.7361043
286,177,H2-OB,RELB,0.73413795
286,52,H2-OB,FCGR2B,0.72435164
286,331,H2-OB,PIM2,0.7212916
286,196,H2-OB,RARS,0.71889025
286,363,H2-OB,MYC,0.7176446
286,410,H2-OB,SMARCA2,0.7174124
286,482,H2-OB,NFATC2,0.71484596
286,422,H2-OB,SESN1,0.7136104
286,466,H2-OB,ABCG2,0.71360517
286,180,H2-OB,TRIM35,0.7067942
286,436,H2-OB,RARB,0.70339257
286,263,H2-OB,JUN,0.70247537
286,315,H2-OB,CTSL,0.70188516
286,357,H2-OB,MEIS1,0.6965902
286,81,H2-OB,HDAC11,0.6961269
286,557,H2-OB,SATB1,0.69231915
286,494,H2-OB,USP11,0.6917651
286,82,H2-OB,RB1,0.69159496
286,232,H2-OB,ICAM1,0.68859005
286,34,H2-OB,MAML3,0.68767226
286,277,H2-OB,RTP4,0.670451
286,6,H2-OB,BTG2,0.66849935
286,536,H2-OB,SPI1,0.66701454
286,449,H2-OB,TIE1,0.66624975
242,621,HACD3,SNRPB,0.9282103
242,353,HACD3,CBFB,0.895775
242,475,HACD3,BCL2,0.8942831
242,413,HACD3,RASSF4,0.8941586
242,587,HACD3,NCAPD2,0.8941586
242,67,HACD3,HDAC2,0.8850062
242,589,HACD3,YBX1,0.8819421
242,209,HACD3,ZBTB16,0.8709828
242,165,HACD3,GTF2H1,0.8593966
242,292,HACD3,HDAC7,0.8490846
242,508,HACD3,NDRG1,0.8247013
242,206,HACD3,ZDHHC6,0.8222312
242,161,HACD3,JARID2,0.81487155
242,29,HACD3,IKZF1,0.8147214
242,261,HACD3,EZR,0.79889566
242,631,HACD3,ZFP36,0.7947974
242,367,HACD3,HCFC1,0.7698142
242,437,HACD3,MYB,0.76757336
242,283,HACD3,EGR1,0.7656194
242,439,HACD3,DDX20,0.7637642
242,48,HACD3,ELANE,0.7628878
242,486,HACD3,NFKBIA,0.7551303
242,485,HACD3,ABL1,0.75403035
242,351,HACD3,ERCC8,0.7502097
242,564,HACD3,MFNG,0.74007237
242,177,HACD3,RELB,0.73413795
242,208,HACD3,CISH,0.7320323
242,331,HACD3,PIM2,0.7212916
242,196,HACD3,RARS,0.71889025
242,363,HACD3,MYC,0.7176446
242,410,HACD3,SMARCA2,0.7174124
242,482,HACD3,NFATC2,0.71484596
242,466,HACD3,ABCG2,0.71360517
242,422,HACD3,SESN1,0.713549
242,180,HACD3,TRIM35,0.7070132
242,436,HACD3,RARB,0.7036986
242,263,HACD3,JUN,0.7034061
242,315,HACD3,CTSL,0.70188516
242,357,HACD3,MEIS1,0.6965827
242,81,HACD3,HDAC11,0.6961269
242,494,HACD3,USP11,0.6917651
242,82,HACD3,RB1,0.69159496
242,557,HACD3,SATB1,0.6896451
242,232,HACD3,ICAM1,0.68824357
242,34,HACD3,MAML3,0.68767226
242,6,HACD3,BTG2,0.66849935
242,536,HACD3,SPI1,0.66704243
242,449,HACD3,TIE1,0.66557777
242,253,HACD3,GRINA,0.6628925
242,613,HACD3,PGLYRP2,0.6624757
5,475,HACD4,BCL2,0.95020324
5,621,HACD4,SNRPB,0.9278943
5,413,HACD4,RASSF4,0.8941586
5,587,HACD4,NCAPD2,0.8941586
5,67,HACD4,HDAC2,0.8850062
5,209,HACD4,ZBTB16,0.8709828
5,165,HACD4,GTF2H1,0.8593966
5,485,HACD4,ABL1,0.8572532
5,206,HACD4,ZDHHC6,0.850006
5,292,HACD4,HDAC7,0.8490846
5,353,HACD4,CBFB,0.8270503
5,508,HACD4,NDRG1,0.82139933
5,29,HACD4,IKZF1,0.8147214
5,161,HACD4,JARID2,0.8145594
5,261,HACD4,EZR,0.79889566
5,589,HACD4,YBX1,0.79021484
5,437,HACD4,MYB,0.779819
5,367,HACD4,HCFC1,0.7695757
5,283,HACD4,EGR1,0.7656194
5,439,HACD4,DDX20,0.7637642
5,48,HACD4,ELANE,0.7628878
5,631,HACD4,ZFP36,0.7616878
5,486,HACD4,NFKBIA,0.7551303
5,564,HACD4,MFNG,0.74007237
5,351,HACD4,ERCC8,0.7395168
5,208,HACD4,CISH,0.73642415
5,177,HACD4,RELB,0.73413795
5,331,HACD4,PIM2,0.7212916
5,196,HACD4,RARS,0.71889025
5,363,HACD4,MYC,0.7186856
5,410,HACD4,SMARCA2,0.7174124
5,466,HACD4,ABCG2,0.71544266
5,422,HACD4,SESN1,0.7136104
5,180,HACD4,TRIM35,0.7070132
5,482,HACD4,NFATC2,0.706034
5,263,HACD4,JUN,0.70247537
5,315,HACD4,CTSL,0.70188516
5,357,HACD4,MEIS1,0.6965902
5,81,HACD4,HDAC11,0.69631773
5,557,HACD4,SATB1,0.69231915
5,494,HACD4,USP11,0.6917651
5,82,HACD4,RB1,0.69159496
5,232,HACD4,ICAM1,0.68858284
5,34,HACD4,MAML3,0.68767226
5,219,HACD4,TLR4,0.67256606
5,6,HACD4,BTG2,0.67056155
5,536,HACD4,SPI1,0.66701454
5,449,HACD4,TIE1,0.66557777
5,253,HACD4,GRINA,0.6624757
5,289,HACD4,GT(ROSA)26SOR,0.6624757
367,621,HCFC1,SNRPB,0.9793043
367,353,HCFC1,CBFB,0.9759074
367,439,HCFC1,DDX20,0.9687987
367,363,HCFC1,MYC,0.966052
367,589,HCFC1,YBX1,0.96576816
367,375,HCFC1,SRSF1,0.9487253
367,413,HCFC1,RASSF4,0.94764775
367,587,HCFC1,NCAPD2,0.9476158
367,575,HCFC1,GTF2F1,0.9460079
367,226,HCFC1,POLR2B,0.9432608
367,117,HCFC1,TFG,0.93713844
367,372,HCFC1,BACE1,0.93713844
367,67,HCFC1,HDAC2,0.93486965
367,426,HCFC1,PRPF4,0.92969716
367,82,HCFC1,RB1,0.92453283
367,299,HCFC1,ORC2,0.92115635
367,198,HCFC1,NDN,0.91973466
367,351,HCFC1,ERCC8,0.9192209
367,274,HCFC1,NOP2,0.90702325
367,404,HCFC1,FTSJ3,0.9069228
367,28,HCFC1,NFE2,0.9048254
367,33,HCFC1,CSTF2,0.9040906
367,137,HCFC1,MYCN,0.90287983
367,392,HCFC1,DCAF13,0.90281177
367,554,HCFC1,CDT1,0.8967579
367,204,HCFC1,MCM2,0.88871855
367,3,HCFC1,POLR1B,0.8859855
367,259,HCFC1,NUP107,0.8849554
367,118,HCFC1,MIS12,0.88058484
367,261,HCFC1,EZR,0.87982535
367,561,HCFC1,MCM7,0.8759051
367,199,HCFC1,E2F4,0.8738808
367,414,HCFC1,CENPK,0.86999476
367,500,HCFC1,MCM3,0.867641
367,189,HCFC1,MCM5,0.86491543
367,497,HCFC1,TYMS,0.8594936
367,350,HCFC1,MCM6,0.84989345
367,475,HCFC1,BCL2,0.8408284
367,86,HCFC1,RANGAP1,0.83945525
367,240,HCFC1,RPA2,0.83681744
367,323,HCFC1,MCM4,0.8322459
367,165,HCFC1,GTF2H1,0.83026063
367,508,HCFC1,NDRG1,0.8195285
367,119,HCFC1,SLC2A3,0.8168853
367,74,HCFC1,TOP2A,0.81286854
367,42,HCFC1,HMGB2,0.8037353
367,182,HCFC1,RPA1,0.80258507
367,30,HCFC1,PBK,0.7960657
367,345,HCFC1,UHRF1,0.7949319
367,279,HCFC1,AURKB,0.79394376
81,475,HDAC11,BCL2,0.9739975
81,29,HDAC11,IKZF1,0.9664905
81,292,HDAC11,HDAC7,0.96580684
81,485,HDAC11,ABL1,0.96012783
81,353,HDAC11,CBFB,0.9589805
81,283,HDAC11,EGR1,0.9560493
81,196,HDAC11,RARS,0.9558352
81,466,HDAC11,ABCG2,0.9540128
81,263,HDAC11,JUN,0.95231265
81,631,HDAC11,ZFP36,0.9508069
81,209,HDAC11,ZBTB16,0.94621676
81,206,HDAC11,ZDHHC6,0.9443373
81,413,HDAC11,RASSF4,0.94323003
81,587,HDAC11,NCAPD2,0.94323003
81,161,HDAC11,JARID2,0.94313884
81,79,HDAC11,STAT2,0.9409491
81,177,HDAC11,RELB,0.9399207
81,208,HDAC11,CISH,0.9378968
81,6,HDAC11,BTG2,0.93691015
81,436,HDAC11,RARB,0.9368034
81,67,HDAC11,HDAC2,0.93530744
81,232,HDAC11,ICAM1,0.9333007
81,557,HDAC11,SATB1,0.9328557
81,162,HDAC11,FES,0.9322741
81,278,HDAC11,NCF1,0.9322741
81,515,HDAC11,IGHM,0.9322741
81,69,HDAC11,NAP1L3,0.9322187
81,289,HDAC11,GT(ROSA)26SOR,0.9312008
81,253,HDAC11,GRINA,0.9311629
81,536,HDAC11,SPI1,0.9296683
81,175,HDAC11,TLE2,0.92911524
81,194,HDAC11,GOLPH3,0.92911524
81,441,HDAC11,EBF1,0.92911524
81,546,HDAC11,PROCR,0.92911524
81,146,HDAC11,SCARF1,0.9290797
81,622,HDAC11,KRT18,0.9290797
81,64,HDAC11,IRF9,0.92690533
81,621,HDAC11,SNRPB,0.9266974
81,613,HDAC11,PGLYRP2,0.9260755
81,52,HDAC11,FCGR2B,0.9237615
81,213,HDAC11,TCP11L2,0.9237615
81,304,HDAC11,HLF,0.9237615
81,270,HDAC11,VDR,0.92246026
81,224,HDAC11,MAPK12,0.9221979
81,420,HDAC11,FDFT1,0.9208523
81,73,HDAC11,RORC,0.92051876
81,357,HDAC11,MEIS1,0.9204775
81,293,HDAC11,IRF7,0.9186513
81,590,HDAC11,IL12A,0.918184
81,517,HDAC11,H1F0,0.9180975
67,353,HDAC2,CBFB,0.97255796
67,475,HDAC2,BCL2,0.9715034
67,413,HDAC2,RASSF4,0.9683907
67,587,HDAC2,NCAPD2,0.9683867
67,292,HDAC2,HDAC7,0.9667318
67,485,HDAC2,ABL1,0.9628686
67,29,HDAC2,IKZF1,0.9628078
67,631,HDAC2,ZFP36,0.96152174
67,161,HDAC2,JARID2,0.9605445
67,621,HDAC2,SNRPB,0.95726466
67,209,HDAC2,ZBTB16,0.95477456
67,196,HDAC2,RARS,0.9504823
67,206,HDAC2,ZDHHC6,0.9497104
67,283,HDAC2,EGR1,0.94914114
67,177,HDAC2,RELB,0.94828266
67,208,HDAC2,CISH,0.94686407
67,436,HDAC2,RARB,0.9442484
67,466,HDAC2,ABCG2,0.9405101
67,508,HDAC2,NDRG1,0.94044346
67,232,HDAC2,ICAM1,0.9398337
67,263,HDAC2,JUN,0.9372133
67,564,HDAC2,MFNG,0.93680495
67,557,HDAC2,SATB1,0.9355921
67,589,HDAC2,YBX1,0.9304102
67,357,HDAC2,MEIS1,0.92845887
67,331,HDAC2,PIM2,0.9283967
67,486,HDAC2,NFKBIA,0.9261088
67,6,HDAC2,BTG2,0.92387974
67,410,HDAC2,SMARCA2,0.9211228
67,79,HDAC2,STAT2,0.9209958
67,622,HDAC2,KRT18,0.9187206
67,180,HDAC2,TRIM35,0.91727906
67,162,HDAC2,FES,0.91124904
67,219,HDAC2,TLR4,0.91124904
67,278,HDAC2,NCF1,0.91124904
67,515,HDAC2,IGHM,0.91124904
67,194,HDAC2,GOLPH3,0.91084635
67,69,HDAC2,NAP1L3,0.9107569
67,146,HDAC2,SCARF1,0.91065747
67,175,HDAC2,TLE2,0.91065747
67,441,HDAC2,EBF1,0.91065747
67,546,HDAC2,PROCR,0.91065747
67,253,HDAC2,GRINA,0.9093617
67,289,HDAC2,GT(ROSA)26SOR,0.9093617
67,613,HDAC2,PGLYRP2,0.9093617
67,27,HDAC2,IRF8,0.9085038
67,580,HDAC2,MLLT3,0.90773195
67,422,HDAC2,SESN1,0.90508026
67,81,HDAC2,HDAC11,0.90348834
67,453,HDAC2,GATA2,0.9034107
292,475,HDAC7,BCL2,0.97428995
292,29,HDAC7,IKZF1,0.969383
292,485,HDAC7,ABL1,0.9656501
292,283,HDAC7,EGR1,0.954838
292,161,HDAC7,JARID2,0.954039
292,466,HDAC7,ABCG2,0.9500086
292,79,HDAC7,STAT2,0.94831383
292,263,HDAC7,JUN,0.94561285
292,196,HDAC7,RARS,0.9456091
292,6,HDAC7,BTG2,0.9440304
292,206,HDAC7,ZDHHC6,0.94270056
292,209,HDAC7,ZBTB16,0.94071335
292,64,HDAC7,IRF9,0.939879
292,536,HDAC7,SPI1,0.9395919
292,253,HDAC7,GRINA,0.93926513
292,289,HDAC7,GT(ROSA)26SOR,0.93920666
292,613,HDAC7,PGLYRP2,0.93920666
292,162,HDAC7,FES,0.9391579
292,219,HDAC7,TLR4,0.9387705
292,278,HDAC7,NCF1,0.9387705
292,353,HDAC7,CBFB,0.9385577
292,69,HDAC7,NAP1L3,0.9365619
292,146,HDAC7,SCARF1,0.9365619
292,175,HDAC7,TLE2,0.9365619
292,194,HDAC7,GOLPH3,0.9365619
292,441,HDAC7,EBF1,0.9365619
292,546,HDAC7,PROCR,0.9365619
292,622,HDAC7,KRT18,0.9364813
292,293,HDAC7,IRF7,0.93435556
292,420,HDAC7,FDFT1,0.93415415
292,515,HDAC7,IGHM,0.93396425
292,304,HDAC7,HLF,0.93349224
292,270,HDAC7,VDR,0.9327105
292,208,HDAC7,CISH,0.9313591
292,73,HDAC7,RORC,0.93068045
292,52,HDAC7,FCGR2B,0.93049204
292,27,HDAC7,IRF8,0.9303587
292,517,HDAC7,H1F0,0.9291708
292,251,HDAC7,IRF6,0.9289771
292,224,HDAC7,MAPK12,0.9287216
292,590,HDAC7,IL12A,0.92806184
292,631,HDAC7,ZFP36,0.9279108
292,557,HDAC7,SATB1,0.9259779
292,177,HDAC7,RELB,0.92424554
292,276,HDAC7,REL,0.92407787
292,232,HDAC7,ICAM1,0.92383605
292,436,HDAC7,RARB,0.9237671
292,580,HDAC7,MLLT3,0.9235492
292,213,HDAC7,TCP11L2,0.9197076
292,50,HDAC7,NFAT5,0.91905195
432,413,HDC,RASSF4,0.9775775
432,587,HDC,NCAPD2,0.9775775
432,353,HDC,CBFB,0.9757716
432,67,HDC,HDAC2,0.9756429
432,621,HDC,SNRPB,0.9724524
432,209,HDC,ZBTB16,0.96181256
432,165,HDC,GTF2H1,0.95986503
432,508,HDC,NDRG1,0.95882463
432,589,HDC,YBX1,0.95881456
432,475,HDC,BCL2,0.95535475
432,292,HDC,HDAC7,0.9538481
432,485,HDC,ABL1,0.9519193
432,29,HDC,IKZF1,0.94828427
432,261,HDC,EZR,0.9480151
432,161,HDC,JARID2,0.9434886
432,486,HDC,NFKBIA,0.93530935
432,564,HDC,MFNG,0.9351129
432,631,HDC,ZFP36,0.9330292
432,482,HDC,NFATC2,0.9277377
432,367,HDC,HCFC1,0.92372257
432,206,HDC,ZDHHC6,0.92277604
432,439,HDC,DDX20,0.91902655
432,331,HDC,PIM2,0.91547096
432,422,HDC,SESN1,0.9110957
432,283,HDC,EGR1,0.9103525
432,363,HDC,MYC,0.9075445
432,315,HDC,CTSL,0.9064069
432,351,HDC,ERCC8,0.9042709
432,48,HDC,ELANE,0.90225697
432,410,HDC,SMARCA2,0.90176046
432,177,HDC,RELB,0.90028125
432,208,HDC,CISH,0.89693636
432,437,HDC,MYB,0.8838757
432,82,HDC,RB1,0.8798157
432,494,HDC,USP11,0.8715178
432,180,HDC,TRIM35,0.86967033
432,436,HDC,RARB,0.868065
432,81,HDC,HDAC11,0.8616285
432,187,HDC,LMO4,0.86132133
432,226,HDC,POLR2B,0.8601307
432,104,HDC,BTK,0.8564511
432,196,HDC,RARS,0.85636437
432,557,HDC,SATB1,0.8454196
432,34,HDC,MAML3,0.8420545
432,232,HDC,ICAM1,0.84085566
432,52,HDC,FCGR2B,0.8299789
432,357,HDC,MEIS1,0.8283559
432,134,HDC,PA2G4,0.8265754
432,480,HDC,WDR5,0.8233366
432,199,HDC,E2F4,0.8075125
154,353,HDGF,CBFB,0.9824865
154,621,HDGF,SNRPB,0.9737075
154,413,HDGF,RASSF4,0.97309643
154,587,HDGF,NCAPD2,0.97309643
154,67,HDGF,HDAC2,0.9704443
154,589,HDGF,YBX1,0.9584148
154,475,HDGF,BCL2,0.95073634
154,508,HDGF,NDRG1,0.9432953
154,292,HDGF,HDAC7,0.9428662
154,209,HDGF,ZBTB16,0.9408409
154,485,HDGF,ABL1,0.93805623
154,161,HDGF,JARID2,0.92701757
154,631,HDGF,ZFP36,0.92574215
154,439,HDGF,DDX20,0.92354953
154,206,HDGF,ZDHHC6,0.9217438
154,564,HDGF,MFNG,0.91843766
154,261,HDGF,EZR,0.9173412
154,363,HDGF,MYC,0.9159592
154,486,HDGF,NFKBIA,0.9146135
154,29,HDGF,IKZF1,0.909321
154,177,HDGF,RELB,0.9092659
154,331,HDGF,PIM2,0.9070678
154,410,HDGF,SMARCA2,0.9025943
154,165,HDGF,GTF2H1,0.9024049
154,208,HDGF,CISH,0.9004348
154,422,HDGF,SESN1,0.90008724
154,482,HDGF,NFATC2,0.89567137
154,81,HDGF,HDAC11,0.89518505
154,180,HDGF,TRIM35,0.894434
154,351,HDGF,ERCC8,0.8900977
154,283,HDGF,EGR1,0.8898227
154,436,HDGF,RARB,0.8891415
154,34,HDGF,MAML3,0.8884567
154,196,HDGF,RARS,0.8819815
154,232,HDGF,ICAM1,0.8773891
154,315,HDGF,CTSL,0.8735476
154,82,HDGF,RB1,0.8719628
154,226,HDGF,POLR2B,0.869889
154,557,HDGF,SATB1,0.86193496
154,263,HDGF,JUN,0.8591855
154,357,HDGF,MEIS1,0.8542004
154,48,HDGF,ELANE,0.8448902
154,466,HDGF,ABCG2,0.81728125
154,437,HDGF,MYB,0.79908097
154,199,HDGF,E2F4,0.79616493
154,575,HDGF,GTF2F1,0.79304487
154,6,HDGF,BTG2,0.7917006
154,104,HDGF,BTK,0.7905618
154,375,HDGF,SRSF1,0.78944004
154,28,HDGF,NFE2,0.7879517
395,621,HELLS,SNRPB,0.9282103
395,353,HELLS,CBFB,0.8986267
395,413,HELLS,RASSF4,0.89415395
395,475,HELLS,BCL2,0.8940233
395,587,HELLS,NCAPD2,0.8916668
395,589,HELLS,YBX1,0.8901436
395,67,HELLS,HDAC2,0.8844824
395,209,HELLS,ZBTB16,0.8709661
395,165,HELLS,GTF2H1,0.8599378
395,485,HELLS,ABL1,0.85774124
395,292,HELLS,HDAC7,0.8493382
395,206,HELLS,ZDHHC6,0.820847
395,508,HELLS,NDRG1,0.819266
395,161,HELLS,JARID2,0.8141726
395,29,HELLS,IKZF1,0.79441345
395,261,HELLS,EZR,0.78962666
395,367,HELLS,HCFC1,0.7863924
395,439,HELLS,DDX20,0.77939147
395,437,HELLS,MYB,0.7767795
395,351,HELLS,ERCC8,0.76860696
395,631,HELLS,ZFP36,0.7616878
395,283,HELLS,EGR1,0.7609714
395,48,HELLS,ELANE,0.75504833
395,486,HELLS,NFKBIA,0.74547845
395,363,HELLS,MYC,0.736822
395,564,HELLS,MFNG,0.7355205
395,482,HELLS,NFATC2,0.73014164
395,208,HELLS,CISH,0.7270394
395,177,HELLS,RELB,0.7243179
395,196,HELLS,RARS,0.7215741
395,82,HELLS,RB1,0.71212053
395,331,HELLS,PIM2,0.7107723
395,466,HELLS,ABCG2,0.7053309
395,263,HELLS,JUN,0.7047783
395,410,HELLS,SMARCA2,0.70393443
395,436,HELLS,RARB,0.7006124
395,180,HELLS,TRIM35,0.69679534
395,357,HELLS,MEIS1,0.6920613
395,315,HELLS,CTSL,0.6897169
395,81,HELLS,HDAC11,0.6890687
395,557,HELLS,SATB1,0.68839514
395,232,HELLS,ICAM1,0.68754226
395,422,HELLS,SESN1,0.6861745
395,57,HELLS,OASL2,0.6854952
395,34,HELLS,MAML3,0.68443143
395,306,HELLS,MYCT1,0.68070316
395,494,HELLS,USP11,0.6802491
395,435,HELLS,NR3C2,0.67890847
395,216,HELLS,CUL3,0.6744438
395,6,HELLS,BTG2,0.6697654
442,621,HEXA,SNRPB,0.9282373
442,353,HEXA,CBFB,0.895775
442,475,HEXA,BCL2,0.8944421
442,587,HEXA,NCAPD2,0.8941586
442,413,HEXA,RASSF4,0.8935497
442,67,HEXA,HDAC2,0.8850062
442,209,HEXA,ZBTB16,0.8709828
442,165,HEXA,GTF2H1,0.8593966
442,589,HEXA,YBX1,0.8506883
442,292,HEXA,HDAC7,0.84895015
442,206,HEXA,ZDHHC6,0.82202345
442,508,HEXA,NDRG1,0.8203991
442,161,HEXA,JARID2,0.81536126
442,29,HEXA,IKZF1,0.8147214
442,261,HEXA,EZR,0.79889566
442,367,HEXA,HCFC1,0.7906443
442,485,HEXA,ABL1,0.77565306
442,437,HEXA,MYB,0.76757336
442,283,HEXA,EGR1,0.7656194
442,439,HEXA,DDX20,0.7637642
442,48,HEXA,ELANE,0.7628878
442,631,HEXA,ZFP36,0.7616878
442,486,HEXA,NFKBIA,0.7551303
442,351,HEXA,ERCC8,0.7502097
442,564,HEXA,MFNG,0.7400864
442,208,HEXA,CISH,0.7370026
442,177,HEXA,RELB,0.73413795
442,331,HEXA,PIM2,0.7212916
442,196,HEXA,RARS,0.71889025
442,363,HEXA,MYC,0.7182519
442,410,HEXA,SMARCA2,0.7174124
442,482,HEXA,NFATC2,0.71484596
442,422,HEXA,SESN1,0.7136104
442,466,HEXA,ABCG2,0.71360517
442,180,HEXA,TRIM35,0.7070132
442,263,HEXA,JUN,0.7050149
442,436,HEXA,RARB,0.70343024
442,357,HEXA,MEIS1,0.69683266
442,81,HEXA,HDAC11,0.6961269
442,557,HEXA,SATB1,0.69231915
442,494,HEXA,USP11,0.6917651
442,82,HEXA,RB1,0.69159496
442,232,HEXA,ICAM1,0.6886319
442,34,HEXA,MAML3,0.68813443
442,6,HEXA,BTG2,0.66849935
442,536,HEXA,SPI1,0.66706234
442,449,HEXA,TIE1,0.6655239
442,253,HEXA,GRINA,0.6624757
442,289,HEXA,GT(ROSA)26SOR,0.6624757
442,613,HEXA,PGLYRP2,0.6624757
463,621,HIF3A,SNRPB,0.98266476
463,353,HIF3A,CBFB,0.9824453
463,413,HIF3A,RASSF4,0.98009515
463,587,HIF3A,NCAPD2,0.9800838
463,67,HIF3A,HDAC2,0.9778772
463,589,HIF3A,YBX1,0.9774933
463,439,HIF3A,DDX20,0.96575916
463,261,HIF3A,EZR,0.96433985
463,367,HIF3A,HCFC1,0.9636396
463,363,HIF3A,MYC,0.9630251
463,165,HIF3A,GTF2H1,0.96177506
463,508,HIF3A,NDRG1,0.9547833
463,226,HIF3A,POLR2B,0.9498852
463,482,HIF3A,NFATC2,0.9491578
463,209,HIF3A,ZBTB16,0.9478446
463,351,HIF3A,ERCC8,0.9456476
463,82,HIF3A,RB1,0.93740577
463,33,HIF3A,CSTF2,0.9322473
463,199,HIF3A,E2F4,0.9316113
463,475,HIF3A,BCL2,0.9290298
463,3,HIF3A,POLR1B,0.92445415
463,372,HIF3A,BACE1,0.92396164
463,117,HIF3A,TFG,0.92368025
463,486,HIF3A,NFKBIA,0.92266375
463,375,HIF3A,SRSF1,0.9211321
463,28,HIF3A,NFE2,0.91942614
463,292,HIF3A,HDAC7,0.91627085
463,575,HIF3A,GTF2F1,0.9151484
463,564,HIF3A,MFNG,0.91412
463,86,HIF3A,RANGAP1,0.913054
463,134,HIF3A,PA2G4,0.9113438
463,206,HIF3A,ZDHHC6,0.9096229
463,345,HIF3A,UHRF1,0.9047306
463,485,HIF3A,ABL1,0.90444756
463,437,HIF3A,MYB,0.90421045
463,161,HIF3A,JARID2,0.90280193
463,274,HIF3A,NOP2,0.9004474
463,315,HIF3A,CTSL,0.89526165
463,631,HIF3A,ZFP36,0.8898028
463,404,HIF3A,FTSJ3,0.8845887
463,426,HIF3A,PRPF4,0.88093376
463,480,HIF3A,WDR5,0.8689274
463,154,HIF3A,HDGF,0.86802334
463,166,HIF3A,PSAT1,0.86802334
463,212,HIF3A,FLT3,0.86802334
463,217,HIF3A,PRMT7,0.86802334
463,220,HIF3A,TMEM43,0.86802334
463,347,HIF3A,RNF4,0.86802334
463,376,HIF3A,ATF7,0.86802334
463,562,HIF3A,NFIA,0.86802334
142,621,HK3,SNRPB,0.9282103
142,353,HK3,CBFB,0.895775
142,475,HK3,BCL2,0.8942831
142,413,HK3,RASSF4,0.8941586
142,587,HK3,NCAPD2,0.8941586
142,67,HK3,HDAC2,0.8850062
142,589,HK3,YBX1,0.8819421
142,209,HK3,ZBTB16,0.8709828
142,165,HK3,GTF2H1,0.8593966
142,485,HK3,ABL1,0.8572532
142,292,HK3,HDAC7,0.8490846
142,29,HK3,IKZF1,0.8267248
142,206,HK3,ZDHHC6,0.8222312
142,508,HK3,NDRG1,0.82139933
142,161,HK3,JARID2,0.81536126
142,261,HK3,EZR,0.7989845
142,367,HK3,HCFC1,0.7698142
142,437,HK3,MYB,0.76757336
142,439,HK3,DDX20,0.7637642
142,48,HK3,ELANE,0.7628878
142,631,HK3,ZFP36,0.7616878
142,486,HK3,NFKBIA,0.7551303
142,351,HK3,ERCC8,0.7502097
142,278,HK3,NCF1,0.7418043
142,564,HK3,MFNG,0.74007237
142,208,HK3,CISH,0.7360838
142,331,HK3,PIM2,0.7209529
142,196,HK3,RARS,0.71889025
142,363,HK3,MYC,0.7176446
142,410,HK3,SMARCA2,0.7174124
142,482,HK3,NFATC2,0.71484596
142,466,HK3,ABCG2,0.71360517
142,263,HK3,JUN,0.71321404
142,422,HK3,SESN1,0.7091776
142,180,HK3,TRIM35,0.706949
142,177,HK3,RELB,0.70509493
142,436,HK3,RARB,0.7036986
142,315,HK3,CTSL,0.70188516
142,557,HK3,SATB1,0.69945145
142,357,HK3,MEIS1,0.6965902
142,81,HK3,HDAC11,0.6961269
142,494,HK3,USP11,0.6917651
142,232,HK3,ICAM1,0.68858284
142,34,HK3,MAML3,0.68767226
142,82,HK3,RB1,0.6791091
142,64,HK3,IRF9,0.6745694
142,6,HK3,BTG2,0.66849935
142,449,HK3,TIE1,0.665734
142,253,HK3,GRINA,0.6635727
142,289,HK3,GT(ROSA)26SOR,0.6624757
304,475,HLF,BCL2,0.97355425
304,353,HLF,CBFB,0.9718402
304,29,HLF,IKZF1,0.96832776
304,485,HLF,ABL1,0.9669823
304,292,HLF,HDAC7,0.96456003
304,161,HLF,JARID2,0.9596898
304,631,HLF,ZFP36,0.9554678
304,196,HLF,RARS,0.95203114
304,283,HLF,EGR1,0.9517128
304,466,HLF,ABCG2,0.9493072
304,413,HLF,RASSF4,0.9492332
304,621,HLF,SNRPB,0.94892186
304,263,HLF,JUN,0.9482268
304,67,HLF,HDAC2,0.94589573
304,177,HLF,RELB,0.9435251
304,208,HLF,CISH,0.942833
304,436,HLF,RARB,0.93975663
304,232,HLF,ICAM1,0.93642
304,557,HLF,SATB1,0.93581635
304,6,HLF,BTG2,0.9342322
304,357,HLF,MEIS1,0.9288167
304,209,HLF,ZBTB16,0.928813
304,219,HLF,TLR4,0.925861
304,79,HLF,STAT2,0.92555475
304,546,HLF,PROCR,0.92483157
304,253,HLF,GRINA,0.9236342
304,289,HLF,GT(ROSA)26SOR,0.9235678
304,613,HLF,PGLYRP2,0.9235678
304,162,HLF,FES,0.9225908
304,278,HLF,NCF1,0.9225908
304,515,HLF,IGHM,0.9225908
304,69,HLF,NAP1L3,0.9217413
304,175,HLF,TLE2,0.9217413
304,194,HLF,GOLPH3,0.9217413
304,441,HLF,EBF1,0.9217413
304,622,HLF,KRT18,0.9217413
304,146,HLF,SCARF1,0.92151195
304,206,HLF,ZDHHC6,0.9205855
304,270,HLF,VDR,0.9204164
304,536,HLF,SPI1,0.91966134
304,564,HLF,MFNG,0.91551954
304,180,HLF,TRIM35,0.91503817
304,52,HLF,FCGR2B,0.9145781
304,213,HLF,TCP11L2,0.9145781
304,224,HLF,MAPK12,0.91432714
304,331,HLF,PIM2,0.9118173
304,517,HLF,H1F0,0.90990335
304,580,HLF,MLLT3,0.9097486
304,449,HLF,TIE1,0.908762
304,276,HLF,REL,0.9077746
42,204,HMGB2,MCM2,0.98808795
42,189,HMGB2,MCM5,0.987904
42,259,HMGB2,NUP107,0.9875951
42,414,HMGB2,CENPK,0.9875452
42,350,HMGB2,MCM6,0.98754185
42,500,HMGB2,MCM3,0.98752594
42,561,HMGB2,MCM7,0.9873767
42,299,HMGB2,ORC2,0.98658377
42,118,HMGB2,MIS12,0.9861269
42,554,HMGB2,CDT1,0.9851473
42,323,HMGB2,MCM4,0.98478806
42,497,HMGB2,TYMS,0.9843843
42,74,HMGB2,TOP2A,0.9843162
42,240,HMGB2,RPA2,0.98392326
42,426,HMGB2,PRPF4,0.98343164
42,182,HMGB2,RPA1,0.9831313
42,30,HMGB2,PBK,0.9829411
42,279,HMGB2,AURKB,0.98275375
42,53,HMGB2,ORC6,0.98139966
42,411,HMGB2,CDC45,0.980917
42,575,HMGB2,GTF2F1,0.98081666
42,478,HMGB2,MKI67,0.9803596
42,361,HMGB2,CCNB2,0.9790262
42,399,HMGB2,RRM2,0.9788493
42,102,HMGB2,PRIM1,0.9783321
42,137,HMGB2,MYCN,0.9781974
42,21,HMGB2,RRM1,0.97740835
42,266,HMGB2,MSH6,0.97739446
42,297,HMGB2,LIG1,0.9768546
42,620,HMGB2,TIPIN,0.9766053
42,290,HMGB2,POLD1,0.9761969
42,610,HMGB2,PRIM2,0.97503114
42,273,HMGB2,FIGNL1,0.97399896
42,246,HMGB2,TK1,0.97296584
42,375,HMGB2,SRSF1,0.97267467
42,392,HMGB2,DCAF13,0.9678037
42,433,HMGB2,XPC,0.96255654
42,119,HMGB2,SLC2A3,0.96235204
42,407,HMGB2,CDC7,0.9603085
42,198,HMGB2,NDN,0.950411
42,371,HMGB2,SPO11,0.9263327
42,439,HMGB2,DDX20,0.9138621
42,117,HMGB2,TFG,0.8873172
42,621,HMGB2,SNRPB,0.88513315
42,367,HMGB2,HCFC1,0.85710245
42,363,HMGB2,MYC,0.8171827
42,589,HMGB2,YBX1,0.7928625
42,226,HMGB2,POLR2B,0.7712971
42,404,HMGB2,FTSJ3,0.7099371
42,82,HMGB2,RB1,0.6548802
472,353,HNRNPAB,CBFB,0.98343027
472,621,HNRNPAB,SNRPB,0.98195523
472,413,HNRNPAB,RASSF4,0.97938716
472,587,HNRNPAB,NCAPD2,0.9792042
472,67,HNRNPAB,HDAC2,0.9772478
472,589,HNRNPAB,YBX1,0.97530603
472,439,HNRNPAB,DDX20,0.9619888
472,367,HNRNPAB,HCFC1,0.959323
472,165,HNRNPAB,GTF2H1,0.95930314
472,363,HNRNPAB,MYC,0.95921165
472,261,HNRNPAB,EZR,0.9591838
472,508,HNRNPAB,NDRG1,0.95242995
472,209,HNRNPAB,ZBTB16,0.94516313
472,226,HNRNPAB,POLR2B,0.9437563
472,482,HNRNPAB,NFATC2,0.94257224
472,351,HNRNPAB,ERCC8,0.9392626
472,475,HNRNPAB,BCL2,0.9321899
472,82,HNRNPAB,RB1,0.9309673
472,33,HNRNPAB,CSTF2,0.924506
472,292,HNRNPAB,HDAC7,0.91963613
472,199,HNRNPAB,E2F4,0.91934425
472,28,HNRNPAB,NFE2,0.9171953
472,486,HNRNPAB,NFKBIA,0.9163232
472,375,HNRNPAB,SRSF1,0.91227543
472,117,HNRNPAB,TFG,0.91072094
472,3,HNRNPAB,POLR1B,0.9098388
472,485,HNRNPAB,ABL1,0.9090128
472,564,HNRNPAB,MFNG,0.9089912
472,206,HNRNPAB,ZDHHC6,0.908765
472,575,HNRNPAB,GTF2F1,0.90696007
472,161,HNRNPAB,JARID2,0.9067706
472,372,HNRNPAB,BACE1,0.903834
472,561,HNRNPAB,MCM7,0.90001357
472,86,HNRNPAB,RANGAP1,0.8969094
472,631,HNRNPAB,ZFP36,0.8964913
472,437,HNRNPAB,MYB,0.8929419
472,134,HNRNPAB,PA2G4,0.89287835
472,198,HNRNPAB,NDN,0.88938236
472,315,HNRNPAB,CTSL,0.8865572
472,404,HNRNPAB,FTSJ3,0.87841743
472,331,HNRNPAB,PIM2,0.8764954
472,422,HNRNPAB,SESN1,0.8752477
472,345,HNRNPAB,UHRF1,0.8719005
472,426,HNRNPAB,PRPF4,0.8684266
472,410,HNRNPAB,SMARCA2,0.8598054
472,263,HNRNPAB,JUN,0.85555995
472,29,HNRNPAB,IKZF1,0.8550479
472,217,HNRNPAB,PRMT7,0.84452564
472,389,HNRNPAB,FOXRED1,0.84447116
472,154,HNRNPAB,HDGF,0.84442496
397,621,HP,SNRPB,0.9282248
397,353,HP,CBFB,0.89579505
397,475,HP,BCL2,0.89430636
397,413,HP,RASSF4,0.8941605
397,587,HP,NCAPD2,0.8941605
397,67,HP,HDAC2,0.885007
397,589,HP,YBX1,0.8819541
397,209,HP,ZBTB16,0.87101275
397,165,HP,GTF2H1,0.85953486
397,485,HP,ABL1,0.85728437
397,292,HP,HDAC7,0.8491184
397,206,HP,ZDHHC6,0.82233876
397,508,HP,NDRG1,0.8214035
397,161,HP,JARID2,0.8153868
397,29,HP,IKZF1,0.8147405
397,261,HP,EZR,0.7988607
397,48,HP,ELANE,0.78155595
397,367,HP,HCFC1,0.76981956
397,283,HP,EGR1,0.7667476
397,631,HP,ZFP36,0.7616986
397,437,HP,MYB,0.7615659
397,486,HP,NFKBIA,0.755119
397,351,HP,ERCC8,0.75021476
397,208,HP,CISH,0.7361095
397,177,HP,RELB,0.734154
397,564,HP,MFNG,0.7278437
397,52,HP,FCGR2B,0.72435147
397,331,HP,PIM2,0.72130054
397,196,HP,RARS,0.718815
397,363,HP,MYC,0.7176602
397,410,HP,SMARCA2,0.7174267
397,482,HP,NFATC2,0.71486855
397,466,HP,ABCG2,0.7143644
397,422,HP,SESN1,0.71333486
397,180,HP,TRIM35,0.7070565
397,436,HP,RARB,0.70373887
397,263,HP,JUN,0.70251536
397,315,HP,CTSL,0.70185363
397,357,HP,MEIS1,0.6965935
397,81,HP,HDAC11,0.69613546
397,82,HP,RB1,0.6926259
397,557,HP,SATB1,0.6923588
397,494,HP,USP11,0.69173807
397,232,HP,ICAM1,0.68862385
397,34,HP,MAML3,0.68767107
397,6,HP,BTG2,0.66853076
397,536,HP,SPI1,0.6670588
397,449,HP,TIE1,0.6656204
397,253,HP,GRINA,0.6624848
397,289,HP,GT(ROSA)26SOR,0.6624848
256,621,IARS,SNRPB,0.928213
256,353,IARS,CBFB,0.895775
256,475,IARS,BCL2,0.8942831
256,413,IARS,RASSF4,0.8941586
256,587,IARS,NCAPD2,0.8941586
256,589,IARS,YBX1,0.8819421
256,209,IARS,ZBTB16,0.8709828
256,165,IARS,GTF2H1,0.8593966
256,485,IARS,ABL1,0.8572532
256,292,IARS,HDAC7,0.84921783
256,67,IARS,HDAC2,0.8400238
256,206,IARS,ZDHHC6,0.8220157
256,508,IARS,NDRG1,0.8203991
256,161,IARS,JARID2,0.81536126
256,29,IARS,IKZF1,0.8147214
256,261,IARS,EZR,0.79889566
256,367,IARS,HCFC1,0.7698142
256,283,IARS,EGR1,0.7656194
256,263,IARS,JUN,0.7649864
256,439,IARS,DDX20,0.7637642
256,48,IARS,ELANE,0.7628878
256,631,IARS,ZFP36,0.7616878
256,486,IARS,NFKBIA,0.7551303
256,196,IARS,RARS,0.7519067
256,351,IARS,ERCC8,0.7502097
256,564,IARS,MFNG,0.74007237
256,437,IARS,MYB,0.7362033
256,208,IARS,CISH,0.7360558
256,177,IARS,RELB,0.73413795
256,331,IARS,PIM2,0.7213394
256,363,IARS,MYC,0.7176446
256,410,IARS,SMARCA2,0.7174124
256,482,IARS,NFATC2,0.7146799
256,422,IARS,SESN1,0.71360755
256,466,IARS,ABCG2,0.71360517
256,315,IARS,CTSL,0.7126253
256,180,IARS,TRIM35,0.7070132
256,436,IARS,RARB,0.7036986
256,357,IARS,MEIS1,0.6965902
256,81,IARS,HDAC11,0.6961269
256,557,IARS,SATB1,0.69231915
256,494,IARS,USP11,0.6917651
256,232,IARS,ICAM1,0.68858284
256,34,IARS,MAML3,0.68767226
256,613,IARS,PGLYRP2,0.6733057
256,6,IARS,BTG2,0.66849935
256,546,IARS,PROCR,0.66723084
256,536,IARS,SPI1,0.66704243
256,449,IARS,TIE1,0.6658029
256,253,IARS,GRINA,0.6624757
101,621,IARS2,SNRPB,0.9282184
101,353,IARS2,CBFB,0.895775
101,413,IARS2,RASSF4,0.8941586
101,587,IARS2,NCAPD2,0.8941586
101,475,IARS2,BCL2,0.8937368
101,67,IARS2,HDAC2,0.8848344
101,589,IARS2,YBX1,0.8819421
101,209,IARS2,ZBTB16,0.8709828
101,165,IARS2,GTF2H1,0.8593966
101,485,IARS2,ABL1,0.8572532
101,292,IARS2,HDAC7,0.8490846
101,206,IARS2,ZDHHC6,0.8222312
101,508,IARS2,NDRG1,0.82139933
101,161,IARS2,JARID2,0.81536126
101,29,IARS2,IKZF1,0.8147214
101,261,IARS2,EZR,0.7986653
101,367,IARS2,HCFC1,0.7698142
101,437,IARS2,MYB,0.76757336
101,283,IARS2,EGR1,0.76526886
101,439,IARS2,DDX20,0.7637642
101,48,IARS2,ELANE,0.7628878
101,631,IARS2,ZFP36,0.7616878
101,486,IARS2,NFKBIA,0.7563288
101,351,IARS2,ERCC8,0.7502097
101,564,IARS2,MFNG,0.7400576
101,208,IARS2,CISH,0.7360838
101,177,IARS2,RELB,0.73413795
101,196,IARS2,RARS,0.71889025
101,363,IARS2,MYC,0.7176446
101,410,IARS2,SMARCA2,0.7171831
101,482,IARS2,NFATC2,0.71493316
101,422,IARS2,SESN1,0.7136104
101,466,IARS2,ABCG2,0.71360517
101,436,IARS2,RARB,0.70390975
101,263,IARS2,JUN,0.70247537
101,315,IARS2,CTSL,0.70188516
101,357,IARS2,MEIS1,0.6965902
101,81,IARS2,HDAC11,0.69599444
101,180,IARS2,TRIM35,0.6948153
101,557,IARS2,SATB1,0.6927809
101,494,IARS2,USP11,0.6917651
101,82,IARS2,RB1,0.69159496
101,34,IARS2,MAML3,0.6875869
101,331,IARS2,PIM2,0.6785928
101,232,IARS2,ICAM1,0.6714702
101,6,IARS2,BTG2,0.66849935
101,536,IARS2,SPI1,0.66701454
101,175,IARS2,TLE2,0.66664016
101,449,IARS2,TIE1,0.6654349
101,278,IARS2,NCF1,0.66453177
232,475,ICAM1,BCL2,0.9743789
232,29,ICAM1,IKZF1,0.967633
232,292,ICAM1,HDAC7,0.964149
232,485,ICAM1,ABL1,0.9634035
232,283,ICAM1,EGR1,0.95377177
232,161,ICAM1,JARID2,0.9511037
232,196,ICAM1,RARS,0.94971323
232,466,ICAM1,ABCG2,0.9479752
232,263,ICAM1,JUN,0.94716346
232,6,ICAM1,BTG2,0.94281775
232,206,ICAM1,ZDHHC6,0.9407264
232,353,ICAM1,CBFB,0.9391498
232,253,ICAM1,GRINA,0.93780303
232,289,ICAM1,GT(ROSA)26SOR,0.93780303
232,613,ICAM1,PGLYRP2,0.93780303
232,536,ICAM1,SPI1,0.9372892
232,631,ICAM1,ZFP36,0.93595237
232,219,ICAM1,TLR4,0.9347582
232,278,ICAM1,NCF1,0.9347582
232,515,ICAM1,IGHM,0.9347582
232,162,ICAM1,FES,0.93474686
232,209,ICAM1,ZBTB16,0.9346927
232,69,ICAM1,NAP1L3,0.9339541
232,146,ICAM1,SCARF1,0.9339541
232,175,ICAM1,TLE2,0.9339541
232,194,ICAM1,GOLPH3,0.9339541
232,441,ICAM1,EBF1,0.9339541
232,546,ICAM1,PROCR,0.9339541
232,293,ICAM1,IRF7,0.9326904
232,420,ICAM1,FDFT1,0.93248135
232,213,ICAM1,TCP11L2,0.93136626
232,304,ICAM1,HLF,0.93136626
232,52,ICAM1,FCGR2B,0.9312409
232,270,ICAM1,VDR,0.9310263
232,177,ICAM1,RELB,0.9291287
232,73,ICAM1,RORC,0.9285395
232,27,ICAM1,IRF8,0.92808145
232,208,ICAM1,CISH,0.92773974
232,517,ICAM1,H1F0,0.9272155
232,251,ICAM1,IRF6,0.9265947
232,436,ICAM1,RARB,0.9259362
232,590,ICAM1,IL12A,0.9259023
232,557,ICAM1,SATB1,0.9224298
232,580,ICAM1,MLLT3,0.92105764
232,224,ICAM1,MAPK12,0.9196805
232,276,ICAM1,REL,0.91951805
232,64,ICAM1,IRF9,0.9181973
232,622,ICAM1,KRT18,0.91804975
232,550,ICAM1,CREB5,0.9161594
232,50,ICAM1,NFAT5,0.91594386
39,621,IDH1,SNRPB,0.9282103
39,353,IDH1,CBFB,0.895775
39,475,IDH1,BCL2,0.8942831
39,413,IDH1,RASSF4,0.89422727
39,587,IDH1,NCAPD2,0.8941586
39,67,IDH1,HDAC2,0.8850062
39,589,IDH1,YBX1,0.8819421
39,209,IDH1,ZBTB16,0.87026846
39,165,IDH1,GTF2H1,0.8591334
39,485,IDH1,ABL1,0.8572532
39,292,IDH1,HDAC7,0.8490846
39,206,IDH1,ZDHHC6,0.8222312
39,508,IDH1,NDRG1,0.82139933
39,161,IDH1,JARID2,0.81536126
39,29,IDH1,IKZF1,0.8147214
39,261,IDH1,EZR,0.79889566
39,367,IDH1,HCFC1,0.7698142
39,437,IDH1,MYB,0.76757336
39,283,IDH1,EGR1,0.7656194
39,439,IDH1,DDX20,0.7637642
39,48,IDH1,ELANE,0.7628878
39,631,IDH1,ZFP36,0.7616878
39,486,IDH1,NFKBIA,0.7551303
39,564,IDH1,MFNG,0.74007237
39,351,IDH1,ERCC8,0.7395168
39,208,IDH1,CISH,0.7360838
39,177,IDH1,RELB,0.73413795
39,331,IDH1,PIM2,0.7212916
39,196,IDH1,RARS,0.71886915
39,363,IDH1,MYC,0.7176446
39,410,IDH1,SMARCA2,0.7174124
39,482,IDH1,NFATC2,0.71491355
39,422,IDH1,SESN1,0.713625
39,466,IDH1,ABCG2,0.71360517
39,180,IDH1,TRIM35,0.7070132
39,436,IDH1,RARB,0.7036986
39,263,IDH1,JUN,0.7024638
39,315,IDH1,CTSL,0.70188516
39,357,IDH1,MEIS1,0.6965902
39,81,IDH1,HDAC11,0.6961269
39,557,IDH1,SATB1,0.69232327
39,494,IDH1,USP11,0.6917651
39,232,IDH1,ICAM1,0.68858284
39,82,IDH1,RB1,0.68821174
39,34,IDH1,MAML3,0.68767226
39,6,IDH1,BTG2,0.66849935
39,536,IDH1,SPI1,0.66701454
39,449,IDH1,TIE1,0.66557777
39,613,IDH1,PGLYRP2,0.66255665
39,253,IDH1,GRINA,0.6624757
504,475,IFI44,BCL2,0.9729998
504,29,IFI44,IKZF1,0.9694108
504,485,IFI44,ABL1,0.96522665
504,292,IFI44,HDAC7,0.96419775
504,283,IFI44,EGR1,0.95342326
504,161,IFI44,JARID2,0.951532
504,466,IFI44,ABCG2,0.94775397
504,64,IFI44,IRF9,0.94625294
504,277,IFI44,RTP4,0.9454861
504,79,IFI44,STAT2,0.9435512
504,536,IFI44,SPI1,0.94355077
504,613,IFI44,PGLYRP2,0.9428173
504,253,IFI44,GRINA,0.9427812
504,289,IFI44,GT(ROSA)26SOR,0.9427439
504,293,IFI44,IRF7,0.94155073
504,420,IFI44,FDFT1,0.9412538
504,219,IFI44,TLR4,0.9410504
504,278,IFI44,NCF1,0.9410504
504,515,IFI44,IGHM,0.9410504
504,6,IFI44,BTG2,0.9395587
504,270,IFI44,VDR,0.9386273
504,196,IFI44,RARS,0.9378454
504,27,IFI44,IRF8,0.93732953
504,73,IFI44,RORC,0.9369956
504,251,IFI44,IRF6,0.9367352
504,52,IFI44,FCGR2B,0.93667287
504,213,IFI44,TCP11L2,0.93667287
504,304,IFI44,HLF,0.93667287
504,206,IFI44,ZDHHC6,0.93567353
504,69,IFI44,NAP1L3,0.9355185
504,622,IFI44,KRT18,0.93537325
504,146,IFI44,SCARF1,0.93531674
504,175,IFI44,TLE2,0.93531674
504,546,IFI44,PROCR,0.93531674
504,194,IFI44,GOLPH3,0.9352107
504,517,IFI44,H1F0,0.9349639
504,590,IFI44,IL12A,0.9345724
504,209,IFI44,ZBTB16,0.93385786
504,224,IFI44,MAPK12,0.9287635
504,276,IFI44,REL,0.9283976
504,354,IFI44,IIGP1,0.9279754
504,183,IFI44,XAF1,0.9279256
504,109,IFI44,H2-AA,0.926074
504,50,IFI44,NFAT5,0.92557764
504,550,IFI44,CREB5,0.92557764
504,57,IFI44,OASL2,0.92450196
504,580,IFI44,MLLT3,0.92264724
504,208,IFI44,CISH,0.9212557
504,263,IFI44,JUN,0.9209662
504,559,IFI44,RUNX1T1,0.9206653
515,475,IGHM,BCL2,0.97466034
515,29,IGHM,IKZF1,0.9691882
515,485,IGHM,ABL1,0.96552193
515,292,IGHM,HDAC7,0.9653797
515,283,IGHM,EGR1,0.95505315
515,161,IGHM,JARID2,0.95409757
515,196,IGHM,RARS,0.94962806
515,263,IGHM,JUN,0.9489033
515,79,IGHM,STAT2,0.94816935
515,6,IGHM,BTG2,0.9448865
515,466,IGHM,ABCG2,0.94441247
515,206,IGHM,ZDHHC6,0.9439034
515,353,IGHM,CBFB,0.94160646
515,209,IGHM,ZBTB16,0.9404037
515,536,IGHM,SPI1,0.9393734
515,64,IGHM,IRF9,0.93905705
515,289,IGHM,GT(ROSA)26SOR,0.938833
515,613,IGHM,PGLYRP2,0.938833
515,219,IGHM,TLR4,0.93818223
515,278,IGHM,NCF1,0.93818223
515,546,IGHM,PROCR,0.9365438
515,69,IGHM,NAP1L3,0.93647337
515,146,IGHM,SCARF1,0.93647337
515,175,IGHM,TLE2,0.93647337
515,441,IGHM,EBF1,0.93647337
515,622,IGHM,KRT18,0.93647337
515,550,IGHM,CREB5,0.93376464
515,293,IGHM,IRF7,0.9336744
515,420,IGHM,FDFT1,0.93359077
515,52,IGHM,FCGR2B,0.9330685
515,213,IGHM,TCP11L2,0.9330685
515,304,IGHM,HLF,0.9330685
515,631,IGHM,ZFP36,0.9328662
515,208,IGHM,CISH,0.9323033
515,270,IGHM,VDR,0.93226796
515,73,IGHM,RORC,0.9299708
515,27,IGHM,IRF8,0.92948925
515,177,IGHM,RELB,0.92909825
515,517,IGHM,H1F0,0.9288064
515,436,IGHM,RARB,0.92875415
515,224,IGHM,MAPK12,0.9283175
515,251,IGHM,IRF6,0.92802006
515,557,IGHM,SATB1,0.9274039
515,590,IGHM,IL12A,0.9273365
515,580,IGHM,MLLT3,0.92697406
515,232,IGHM,ICAM1,0.92676604
515,276,IGHM,REL,0.9237698
515,253,IGHM,GRINA,0.9235531
515,162,IGHM,FES,0.9221225
515,133,IGHM,LTB,0.92212164
61,621,IGKC,SNRPB,0.90954167
61,353,IGKC,CBFB,0.89190745
61,413,IGKC,RASSF4,0.88573366
61,587,IGKC,NCAPD2,0.88573366
61,67,IGKC,HDAC2,0.8758036
61,209,IGKC,ZBTB16,0.8679324
61,589,IGKC,YBX1,0.857381
61,475,IGKC,BCL2,0.85392106
61,165,IGKC,GTF2H1,0.8506358
61,485,IGKC,ABL1,0.8484391
61,292,IGKC,HDAC7,0.84245634
61,206,IGKC,ZDHHC6,0.81847465
61,508,IGKC,NDRG1,0.814617
61,29,IGKC,IKZF1,0.809018
61,161,IGKC,JARID2,0.8002652
61,261,IGKC,EZR,0.78586835
61,48,IGKC,ELANE,0.7764154
61,486,IGKC,NFKBIA,0.7506243
61,283,IGKC,EGR1,0.74824786
61,367,IGKC,HCFC1,0.7373348
61,439,IGKC,DDX20,0.7313933
61,564,IGKC,MFNG,0.73018897
61,208,IGKC,CISH,0.7283332
61,631,IGKC,ZFP36,0.72591
61,437,IGKC,MYB,0.72445613
61,315,IGKC,CTSL,0.715853
61,351,IGKC,ERCC8,0.7156242
61,482,IGKC,NFATC2,0.7126186
61,177,IGKC,RELB,0.7070057
61,494,IGKC,USP11,0.701517
61,422,IGKC,SESN1,0.70062906
61,331,IGKC,PIM2,0.6980993
61,363,IGKC,MYC,0.6980514
61,410,IGKC,SMARCA2,0.6883959
61,263,IGKC,JUN,0.68372786
61,466,IGKC,ABCG2,0.67590696
61,196,IGKC,RARS,0.6751378
61,357,IGKC,MEIS1,0.67320865
61,34,IGKC,MAML3,0.6724554
61,180,IGKC,TRIM35,0.67063624
61,81,IGKC,HDAC11,0.66904765
61,436,IGKC,RARB,0.6634607
61,557,IGKC,SATB1,0.66200423
61,175,IGKC,TLE2,0.6560242
61,232,IGKC,ICAM1,0.65471756
61,253,IGKC,GRINA,0.6496026
61,289,IGKC,GT(ROSA)26SOR,0.6496026
61,613,IGKC,PGLYRP2,0.6496026
61,536,IGKC,SPI1,0.64910287
61,82,IGKC,RB1,0.6488713
14,621,IGSF6,SNRPB,0.9282103
14,353,IGSF6,CBFB,0.89579654
14,475,IGSF6,BCL2,0.8942831
14,413,IGSF6,RASSF4,0.8941586
14,587,IGSF6,NCAPD2,0.89158714
14,67,IGSF6,HDAC2,0.8850062
14,589,IGSF6,YBX1,0.8819421
14,209,IGSF6,ZBTB16,0.8709828
14,165,IGSF6,GTF2H1,0.8593966
14,485,IGSF6,ABL1,0.8572532
14,292,IGSF6,HDAC7,0.8490846
14,508,IGSF6,NDRG1,0.82210386
14,161,IGSF6,JARID2,0.81536126
14,29,IGSF6,IKZF1,0.8147214
14,206,IGSF6,ZDHHC6,0.80926615
14,261,IGSF6,EZR,0.7957867
14,367,IGSF6,HCFC1,0.7698142
14,437,IGSF6,MYB,0.76763517
14,283,IGSF6,EGR1,0.7656194
14,439,IGSF6,DDX20,0.7637642
14,631,IGSF6,ZFP36,0.7616878
14,486,IGSF6,NFKBIA,0.7549916
14,351,IGSF6,ERCC8,0.7502097
14,564,IGSF6,MFNG,0.74007237
14,208,IGSF6,CISH,0.7360558
14,196,IGSF6,RARS,0.71889025
14,410,IGSF6,SMARCA2,0.7174124
14,363,IGSF6,MYC,0.7160851
14,482,IGSF6,NFATC2,0.71484596
14,466,IGSF6,ABCG2,0.71360517
14,422,IGSF6,SESN1,0.70703137
14,180,IGSF6,TRIM35,0.7070132
14,177,IGSF6,RELB,0.70509493
14,436,IGSF6,RARB,0.7036986
14,263,IGSF6,JUN,0.70247537
14,315,IGSF6,CTSL,0.70188516
14,357,IGSF6,MEIS1,0.6965902
14,81,IGSF6,HDAC11,0.6961269
14,557,IGSF6,SATB1,0.69376844
14,494,IGSF6,USP11,0.69198936
14,82,IGSF6,RB1,0.69159496
14,232,IGSF6,ICAM1,0.68858284
14,304,IGSF6,HLF,0.68721735
14,331,IGSF6,PIM2,0.6839813
14,48,IGSF6,ELANE,0.67642653
14,6,IGSF6,BTG2,0.66849935
14,536,IGSF6,SPI1,0.66701454
14,449,IGSF6,TIE1,0.66557777
14,34,IGSF6,MAML3,0.66279125
14,253,IGSF6,GRINA,0.6624757
200,621,IGTP,SNRPB,0.9282166
200,353,IGTP,CBFB,0.89573723
200,413,IGTP,RASSF4,0.89428747
200,587,IGTP,NCAPD2,0.89428747
200,475,IGTP,BCL2,0.89420396
200,67,IGTP,HDAC2,0.88492507
200,589,IGTP,YBX1,0.88204926
200,209,IGTP,ZBTB16,0.870894
200,165,IGTP,GTF2H1,0.8595638
200,485,IGTP,ABL1,0.85715157
200,292,IGTP,HDAC7,0.84941375
200,206,IGTP,ZDHHC6,0.8219209
200,508,IGTP,NDRG1,0.82172745
200,161,IGTP,JARID2,0.81527567
200,261,IGTP,EZR,0.7991719
200,564,IGTP,MFNG,0.7868918
200,29,IGTP,IKZF1,0.772915
200,367,IGTP,HCFC1,0.7700413
200,437,IGTP,MYB,0.7676457
200,283,IGTP,EGR1,0.76584214
200,48,IGTP,ELANE,0.76290476
200,631,IGTP,ZFP36,0.76172674
200,439,IGTP,DDX20,0.7597284
200,486,IGTP,NFKBIA,0.75454885
200,208,IGTP,CISH,0.73596287
200,177,IGTP,RELB,0.73411417
200,331,IGTP,PIM2,0.7215046
200,289,IGTP,GT(ROSA)26SOR,0.7192048
200,196,IGTP,RARS,0.7187473
200,363,IGTP,MYC,0.71783024
200,410,IGTP,SMARCA2,0.71737015
200,482,IGTP,NFATC2,0.7149883
200,466,IGTP,ABCG2,0.71435905
200,422,IGTP,SESN1,0.7135704
200,180,IGTP,TRIM35,0.70679885
200,436,IGTP,RARB,0.7035056
200,263,IGTP,JUN,0.70232934
200,315,IGTP,CTSL,0.70208883
200,357,IGTP,MEIS1,0.6986183
200,81,IGTP,HDAC11,0.69505006
200,557,IGTP,SATB1,0.6921246
200,494,IGTP,USP11,0.69193447
200,82,IGTP,RB1,0.6918585
200,232,IGTP,ICAM1,0.6884448
200,34,IGTP,MAML3,0.68774074
200,536,IGTP,SPI1,0.6700472
200,6,IGTP,BTG2,0.6683406
200,449,IGTP,TIE1,0.6654527
200,253,IGTP,GRINA,0.6623669
200,613,IGTP,PGLYRP2,0.6617323
354,475,IIGP1,BCL2,0.9729998
354,292,IIGP1,HDAC7,0.9668747
354,29,IIGP1,IKZF1,0.96564984
354,485,IIGP1,ABL1,0.96522665
354,283,IIGP1,EGR1,0.95342326
354,161,IIGP1,JARID2,0.951532
354,466,IIGP1,ABCG2,0.9477235
354,64,IIGP1,IRF9,0.94625294
354,536,IIGP1,SPI1,0.94355077
354,613,IIGP1,PGLYRP2,0.9427811
354,253,IIGP1,GRINA,0.9427739
354,289,IIGP1,GT(ROSA)26SOR,0.9427439
354,293,IIGP1,IRF7,0.94167644
354,420,IIGP1,FDFT1,0.9412538
354,162,IIGP1,FES,0.9410504
354,219,IIGP1,TLR4,0.9410504
354,278,IIGP1,NCF1,0.9410504
354,515,IIGP1,IGHM,0.9410504
354,213,IIGP1,TCP11L2,0.9395798
354,6,IIGP1,BTG2,0.9395587
354,263,IIGP1,JUN,0.9391333
354,270,IIGP1,VDR,0.9380738
354,196,IIGP1,RARS,0.93783504
354,73,IIGP1,RORC,0.9368533
354,251,IIGP1,IRF6,0.9367352
354,52,IIGP1,FCGR2B,0.93667287
354,304,IIGP1,HLF,0.93667287
354,206,IIGP1,ZDHHC6,0.93567353
354,69,IIGP1,NAP1L3,0.93531674
354,194,IIGP1,GOLPH3,0.93531674
354,441,IIGP1,EBF1,0.93531674
354,546,IIGP1,PROCR,0.93531674
354,175,IIGP1,TLE2,0.93527085
354,517,IIGP1,H1F0,0.9349639
354,590,IIGP1,IL12A,0.9346117
354,209,IIGP1,ZBTB16,0.93405366
354,224,IIGP1,MAPK12,0.9287635
354,504,IIGP1,IFI44,0.9279256
354,276,IIGP1,REL,0.9279034
354,183,IIGP1,XAF1,0.92779744
354,109,IIGP1,H2-AA,0.926074
354,50,IIGP1,NFAT5,0.92557764
354,550,IIGP1,CREB5,0.92557764
354,57,IIGP1,OASL2,0.92450196
354,277,IIGP1,RTP4,0.92450196
354,622,IIGP1,KRT18,0.92356646
354,580,IIGP1,MLLT3,0.92264724
354,146,IIGP1,SCARF1,0.9210025
354,559,IIGP1,RUNX1T1,0.9206653
354,394,IIGP1,MAPK1,0.9197764
29,353,IKZF1,CBFB,0.9761272
29,413,IKZF1,RASSF4,0.9731795
29,587,IKZF1,NCAPD2,0.9731795
29,621,IKZF1,SNRPB,0.9706199
29,67,IKZF1,HDAC2,0.97059184
29,292,IKZF1,HDAC7,0.97019875
29,485,IKZF1,ABL1,0.97009754
29,209,IKZF1,ZBTB16,0.96925753
29,475,IKZF1,BCL2,0.96638894
29,631,IKZF1,ZFP36,0.96095043
29,161,IKZF1,JARID2,0.9608035
29,206,IKZF1,ZDHHC6,0.96044254
29,564,IKZF1,MFNG,0.9544612
29,508,IKZF1,NDRG1,0.95389336
29,177,IKZF1,RELB,0.95352536
29,283,IKZF1,EGR1,0.9509608
29,331,IKZF1,PIM2,0.9475274
29,208,IKZF1,CISH,0.9464247
29,486,IKZF1,NFKBIA,0.94636065
29,165,IKZF1,GTF2H1,0.94302225
29,232,IKZF1,ICAM1,0.9403491
29,263,IKZF1,JUN,0.93927133
29,196,IKZF1,RARS,0.9382576
29,589,IKZF1,YBX1,0.9361295
29,436,IKZF1,RARB,0.93531823
29,180,IKZF1,TRIM35,0.93508583
29,557,IKZF1,SATB1,0.933614
29,422,IKZF1,SESN1,0.9318079
29,466,IKZF1,ABCG2,0.9296009
29,81,IKZF1,HDAC11,0.9275139
29,73,IKZF1,RORC,0.9269175
29,357,IKZF1,MEIS1,0.9257916
29,34,IKZF1,MAML3,0.9178026
29,6,IKZF1,BTG2,0.9162016
29,79,IKZF1,STAT2,0.91368294
29,482,IKZF1,NFATC2,0.91029465
29,289,IKZF1,GT(ROSA)26SOR,0.9075284
29,536,IKZF1,SPI1,0.9043939
29,315,IKZF1,CTSL,0.90120715
29,162,IKZF1,FES,0.9010508
29,219,IKZF1,TLR4,0.9010508
29,278,IKZF1,NCF1,0.9009945
29,515,IKZF1,IGHM,0.9007113
29,69,IKZF1,NAP1L3,0.90004814
29,175,IKZF1,TLE2,0.90004814
29,194,IKZF1,GOLPH3,0.90004814
29,441,IKZF1,EBF1,0.90004814
29,546,IKZF1,PROCR,0.90004814
29,622,IKZF1,KRT18,0.89998025
29,146,IKZF1,SCARF1,0.89959246
590,475,IL12A,BCL2,0.9729461
590,29,IL12A,IKZF1,0.9683309
590,292,IL12A,HDAC7,0.9633632
590,283,IL12A,EGR1,0.951907
590,161,IL12A,JARID2,0.94974583
590,485,IL12A,ABL1,0.9471562
590,64,IL12A,IRF9,0.94670874
590,466,IL12A,ABCG2,0.9449618
590,196,IL12A,RARS,0.9417087
590,536,IL12A,SPI1,0.9408746
590,253,IL12A,GRINA,0.94030714
590,289,IL12A,GT(ROSA)26SOR,0.9402904
590,613,IL12A,PGLYRP2,0.9402904
590,263,IL12A,JUN,0.9399735
590,6,IL12A,BTG2,0.9398531
590,293,IL12A,IRF7,0.93787384
590,420,IL12A,FDFT1,0.9373406
590,206,IL12A,ZDHHC6,0.9371008
590,162,IL12A,FES,0.9370953
590,219,IL12A,TLR4,0.9370953
590,278,IL12A,NCF1,0.9370953
590,515,IL12A,IGHM,0.9370953
590,270,IL12A,VDR,0.9346798
590,69,IL12A,NAP1L3,0.93363833
590,146,IL12A,SCARF1,0.93363833
590,175,IL12A,TLE2,0.93363833
590,194,IL12A,GOLPH3,0.93363833
590,441,IL12A,EBF1,0.93363833
590,546,IL12A,PROCR,0.93363833
590,622,IL12A,KRT18,0.93363833
590,27,IL12A,IRF8,0.9334633
590,73,IL12A,RORC,0.93338
590,52,IL12A,FCGR2B,0.9333347
590,213,IL12A,TCP11L2,0.9333347
590,304,IL12A,HLF,0.9333347
590,209,IL12A,ZBTB16,0.933231
590,251,IL12A,IRF6,0.93250644
590,517,IL12A,H1F0,0.9309283
590,224,IL12A,MAPK12,0.92474717
590,208,IL12A,CISH,0.92340773
590,79,IL12A,STAT2,0.9230704
590,580,IL12A,MLLT3,0.9230353
590,183,IL12A,XAF1,0.9221951
590,354,IL12A,IIGP1,0.9221951
590,504,IL12A,IFI44,0.9221951
590,353,IL12A,CBFB,0.9213055
590,50,IL12A,NFAT5,0.9212644
590,550,IL12A,CREB5,0.92123514
590,109,IL12A,H2-AA,0.92103136
590,277,IL12A,RTP4,0.91941637
96,475,IL21R,BCL2,0.95020324
96,353,IL21R,CBFB,0.9067163
96,413,IL21R,RASSF4,0.8941586
96,587,IL21R,NCAPD2,0.8908845
96,67,IL21R,HDAC2,0.8848344
96,589,IL21R,YBX1,0.8821683
96,209,IL21R,ZBTB16,0.8708886
96,165,IL21R,GTF2H1,0.8593966
96,485,IL21R,ABL1,0.8572532
96,292,IL21R,HDAC7,0.8490846
96,631,IL21R,ZFP36,0.8380449
96,29,IL21R,IKZF1,0.8234591
96,206,IL21R,ZDHHC6,0.8222312
96,508,IL21R,NDRG1,0.8213929
96,161,IL21R,JARID2,0.81536126
96,261,IL21R,EZR,0.79862344
96,621,IL21R,SNRPB,0.7856996
96,367,IL21R,HCFC1,0.7698142
96,437,IL21R,MYB,0.76757336
96,283,IL21R,EGR1,0.7656194
96,48,IL21R,ELANE,0.7628878
96,486,IL21R,NFKBIA,0.7551303
96,351,IL21R,ERCC8,0.7502097
96,564,IL21R,MFNG,0.74007237
96,208,IL21R,CISH,0.7360838
96,177,IL21R,RELB,0.73413795
96,196,IL21R,RARS,0.71889025
96,363,IL21R,MYC,0.7176446
96,410,IL21R,SMARCA2,0.7174124
96,482,IL21R,NFATC2,0.71484596
96,422,IL21R,SESN1,0.7136104
96,466,IL21R,ABCG2,0.71360517
96,180,IL21R,TRIM35,0.70705074
96,436,IL21R,RARB,0.7036986
96,263,IL21R,JUN,0.70247537
96,315,IL21R,CTSL,0.70217323
96,331,IL21R,PIM2,0.70207405
96,357,IL21R,MEIS1,0.6964173
96,81,IL21R,HDAC11,0.6961269
96,557,IL21R,SATB1,0.69231915
96,494,IL21R,USP11,0.6917651
96,82,IL21R,RB1,0.69159496
96,232,IL21R,ICAM1,0.68858284
96,34,IL21R,MAML3,0.68767226
96,6,IL21R,BTG2,0.66849935
96,536,IL21R,SPI1,0.66701454
96,449,IL21R,TIE1,0.66547424
96,613,IL21R,PGLYRP2,0.6624757
96,289,IL21R,GT(ROSA)26SOR,0.6624257
96,253,IL21R,GRINA,0.66199565
383,621,IL27RA,SNRPB,0.9063259
383,353,IL27RA,CBFB,0.895775
383,475,IL27RA,BCL2,0.8942831
383,413,IL27RA,RASSF4,0.8941586
383,587,IL27RA,NCAPD2,0.8941586
383,67,IL27RA,HDAC2,0.8850062
383,589,IL27RA,YBX1,0.8819421
383,209,IL27RA,ZBTB16,0.8709828
383,165,IL27RA,GTF2H1,0.85775405
383,292,IL27RA,HDAC7,0.8490846
383,29,IL27RA,IKZF1,0.8267248
383,206,IL27RA,ZDHHC6,0.822438
383,508,IL27RA,NDRG1,0.82139933
383,161,IL27RA,JARID2,0.81536126
383,261,IL27RA,EZR,0.79889566
383,439,IL27RA,DDX20,0.7778268
383,351,IL27RA,ERCC8,0.77076983
383,367,IL27RA,HCFC1,0.7698142
383,437,IL27RA,MYB,0.76757336
383,283,IL27RA,EGR1,0.7656194
383,48,IL27RA,ELANE,0.7628878
383,631,IL27RA,ZFP36,0.7616878
383,486,IL27RA,NFKBIA,0.7551303
383,564,IL27RA,MFNG,0.74007237
383,208,IL27RA,CISH,0.7360838
383,177,IL27RA,RELB,0.73413795
383,331,IL27RA,PIM2,0.7212916
383,196,IL27RA,RARS,0.7207562
383,410,IL27RA,SMARCA2,0.7174124
383,363,IL27RA,MYC,0.7174006
383,482,IL27RA,NFATC2,0.71484596
383,180,IL27RA,TRIM35,0.7070132
383,436,IL27RA,RARB,0.7036986
383,263,IL27RA,JUN,0.70247537
383,357,IL27RA,MEIS1,0.6965902
383,81,IL27RA,HDAC11,0.6961269
383,224,IL27RA,MAPK12,0.69281113
383,557,IL27RA,SATB1,0.69231915
383,494,IL27RA,USP11,0.6917651
383,82,IL27RA,RB1,0.69159496
383,232,IL27RA,ICAM1,0.68858284
383,34,IL27RA,MAML3,0.68767226
383,485,IL27RA,ABL1,0.68247557
383,536,IL27RA,SPI1,0.67498404
383,6,IL27RA,BTG2,0.66849935
383,449,IL27RA,TIE1,0.66557777
383,289,IL27RA,GT(ROSA)26SOR,0.6624757
383,613,IL27RA,PGLYRP2,0.6624757
383,466,IL27RA,ABCG2,0.6618482
383,69,IL27RA,NAP1L3,0.6570883
248,621,INO80D,SNRPB,0.9282103
248,353,INO80D,CBFB,0.895775
248,475,INO80D,BCL2,0.8942831
248,413,INO80D,RASSF4,0.8941586
248,587,INO80D,NCAPD2,0.8941586
248,67,INO80D,HDAC2,0.8850062
248,209,INO80D,ZBTB16,0.8709828
248,165,INO80D,GTF2H1,0.8593966
248,485,INO80D,ABL1,0.8572532
248,292,INO80D,HDAC7,0.8490846
248,206,INO80D,ZDHHC6,0.8222312
248,508,INO80D,NDRG1,0.82139933
248,29,INO80D,IKZF1,0.8147214
248,161,INO80D,JARID2,0.8145594
248,261,INO80D,EZR,0.79889566
248,589,INO80D,YBX1,0.79021484
248,208,INO80D,CISH,0.77123505
248,367,INO80D,HCFC1,0.7698142
248,437,INO80D,MYB,0.76757306
248,283,INO80D,EGR1,0.7656194
248,631,INO80D,ZFP36,0.7616878
248,439,INO80D,DDX20,0.76089895
248,486,INO80D,NFKBIA,0.7551303
248,564,INO80D,MFNG,0.74007237
248,177,INO80D,RELB,0.73415965
248,331,INO80D,PIM2,0.7212916
248,196,INO80D,RARS,0.71889025
248,363,INO80D,MYC,0.7176446
248,410,INO80D,SMARCA2,0.7174124
248,482,INO80D,NFATC2,0.71484596
248,422,INO80D,SESN1,0.7136104
248,466,INO80D,ABCG2,0.71360517
248,351,INO80D,ERCC8,0.7120692
248,180,INO80D,TRIM35,0.7070132
248,436,INO80D,RARB,0.7036834
248,263,INO80D,JUN,0.70247537
248,315,INO80D,CTSL,0.70188516
248,357,INO80D,MEIS1,0.6965902
248,81,INO80D,HDAC11,0.6961269
248,48,INO80D,ELANE,0.69298863
248,557,INO80D,SATB1,0.69231915
248,494,INO80D,USP11,0.6917651
248,82,INO80D,RB1,0.69159496
248,232,INO80D,ICAM1,0.6756777
248,34,INO80D,MAML3,0.6689884
248,6,INO80D,BTG2,0.66849935
248,536,INO80D,SPI1,0.66701454
248,449,INO80D,TIE1,0.66557777
248,289,INO80D,GT(ROSA)26SOR,0.6632395
248,253,INO80D,GRINA,0.6624757
461,621,INPP5B,SNRPB,0.9282103
461,353,INPP5B,CBFB,0.895775
461,475,INPP5B,BCL2,0.8942831
461,413,INPP5B,RASSF4,0.894168
461,587,INPP5B,NCAPD2,0.8941586
461,67,INPP5B,HDAC2,0.884196
461,589,INPP5B,YBX1,0.8819421
461,209,INPP5B,ZBTB16,0.8709828
461,165,INPP5B,GTF2H1,0.8593966
461,485,INPP5B,ABL1,0.8572532
461,292,INPP5B,HDAC7,0.8490846
461,206,INPP5B,ZDHHC6,0.8222312
461,508,INPP5B,NDRG1,0.82139933
461,161,INPP5B,JARID2,0.81536126
461,29,INPP5B,IKZF1,0.8147214
461,261,INPP5B,EZR,0.79889566
461,367,INPP5B,HCFC1,0.7698142
461,437,INPP5B,MYB,0.76757336
461,283,INPP5B,EGR1,0.7656194
461,439,INPP5B,DDX20,0.7637642
461,48,INPP5B,ELANE,0.7628878
461,631,INPP5B,ZFP36,0.7616878
461,466,INPP5B,ABCG2,0.75904214
461,486,INPP5B,NFKBIA,0.7551303
461,351,INPP5B,ERCC8,0.75011533
461,564,INPP5B,MFNG,0.74007237
461,208,INPP5B,CISH,0.7360838
461,177,INPP5B,RELB,0.73413795
461,331,INPP5B,PIM2,0.7212916
461,196,INPP5B,RARS,0.71889025
461,363,INPP5B,MYC,0.7176446
461,410,INPP5B,SMARCA2,0.7174124
461,482,INPP5B,NFATC2,0.71484596
461,422,INPP5B,SESN1,0.7136104
461,180,INPP5B,TRIM35,0.7070132
461,436,INPP5B,RARB,0.7036986
461,263,INPP5B,JUN,0.70247537
461,315,INPP5B,CTSL,0.70188516
461,6,INPP5B,BTG2,0.7008883
461,357,INPP5B,MEIS1,0.6965902
461,81,INPP5B,HDAC11,0.6961269
461,557,INPP5B,SATB1,0.69231915
461,494,INPP5B,USP11,0.6917651
461,82,INPP5B,RB1,0.69159496
461,232,INPP5B,ICAM1,0.68858284
461,34,INPP5B,MAML3,0.68767226
461,536,INPP5B,SPI1,0.66701454
461,253,INPP5B,GRINA,0.6624757
461,289,INPP5B,GT(ROSA)26SOR,0.6624757
461,613,INPP5B,PGLYRP2,0.6624757
393,621,INTS13,SNRPB,0.92532265
393,475,INTS13,BCL2,0.90243715
393,353,INTS13,CBFB,0.89945626
393,413,INTS13,RASSF4,0.88243675
393,209,INTS13,ZBTB16,0.8807067
393,587,INTS13,NCAPD2,0.87906486
393,67,INTS13,HDAC2,0.87192273
393,589,INTS13,YBX1,0.87192106
393,485,INTS13,ABL1,0.86780137
393,292,INTS13,HDAC7,0.8604372
393,165,INTS13,GTF2H1,0.8452848
393,206,INTS13,ZDHHC6,0.8319428
393,161,INTS13,JARID2,0.82679564
393,29,INTS13,IKZF1,0.809248
393,508,INTS13,NDRG1,0.8086629
393,283,INTS13,EGR1,0.7700944
393,261,INTS13,EZR,0.76782054
393,48,INTS13,ELANE,0.76318574
393,631,INTS13,ZFP36,0.7573612
393,437,INTS13,MYB,0.75718176
393,367,INTS13,HCFC1,0.7483949
393,208,INTS13,CISH,0.74806917
393,439,INTS13,DDX20,0.74310505
393,564,INTS13,MFNG,0.7400378
393,177,INTS13,RELB,0.73797894
393,486,INTS13,NFKBIA,0.736685
393,351,INTS13,ERCC8,0.7282787
393,196,INTS13,RARS,0.7216205
393,331,INTS13,PIM2,0.719957
393,180,INTS13,TRIM35,0.7192065
393,410,INTS13,SMARCA2,0.71749777
393,263,INTS13,JUN,0.7165637
393,436,INTS13,RARB,0.71545917
393,466,INTS13,ABCG2,0.71429086
393,232,INTS13,ICAM1,0.7076601
393,557,INTS13,SATB1,0.7055413
393,482,INTS13,NFATC2,0.7053696
393,435,INTS13,NR3C2,0.705275
393,363,INTS13,MYC,0.702821
393,81,INTS13,HDAC11,0.6977239
393,357,INTS13,MEIS1,0.6969293
393,422,INTS13,SESN1,0.69590575
393,57,INTS13,OASL2,0.6936963
393,536,INTS13,SPI1,0.6924761
393,315,INTS13,CTSL,0.68869203
393,306,INTS13,MYCT1,0.6853479
393,6,INTS13,BTG2,0.68521386
393,216,INTS13,CUL3,0.6832096
393,34,INTS13,MAML3,0.6822021
393,494,INTS13,USP11,0.67932093
143,621,IPO9,SNRPB,0.9282103
143,353,IPO9,CBFB,0.895775
143,475,IPO9,BCL2,0.8942831
143,587,IPO9,NCAPD2,0.8941586
143,67,IPO9,HDAC2,0.8851019
143,589,IPO9,YBX1,0.8819421
143,209,IPO9,ZBTB16,0.8709828
143,165,IPO9,GTF2H1,0.86375195
143,485,IPO9,ABL1,0.8572532
143,292,IPO9,HDAC7,0.85030335
143,206,IPO9,ZDHHC6,0.82202345
143,508,IPO9,NDRG1,0.82139933
143,161,IPO9,JARID2,0.81536126
143,29,IPO9,IKZF1,0.8147214
143,413,IPO9,RASSF4,0.8105941
143,261,IPO9,EZR,0.79889566
143,208,IPO9,CISH,0.77123505
143,367,IPO9,HCFC1,0.7698142
143,283,IPO9,EGR1,0.7656194
143,439,IPO9,DDX20,0.7641273
143,631,IPO9,ZFP36,0.7616878
143,486,IPO9,NFKBIA,0.7551303
143,351,IPO9,ERCC8,0.75034046
143,564,IPO9,MFNG,0.74007237
143,48,IPO9,ELANE,0.7345329
143,331,IPO9,PIM2,0.7212916
143,196,IPO9,RARS,0.71889025
143,363,IPO9,MYC,0.7176446
143,410,IPO9,SMARCA2,0.7174124
143,482,IPO9,NFATC2,0.71484596
143,422,IPO9,SESN1,0.7136104
143,466,IPO9,ABCG2,0.71360517
143,180,IPO9,TRIM35,0.7070132
143,436,IPO9,RARB,0.7036986
143,263,IPO9,JUN,0.70247537
143,315,IPO9,CTSL,0.70188516
143,69,IPO9,NAP1L3,0.7002005
143,557,IPO9,SATB1,0.69945145
143,81,IPO9,HDAC11,0.6961269
143,357,IPO9,MEIS1,0.6954784
143,82,IPO9,RB1,0.69159496
143,494,IPO9,USP11,0.6908896
143,232,IPO9,ICAM1,0.68858284
143,34,IPO9,MAML3,0.68767226
143,437,IPO9,MYB,0.6773276
143,6,IPO9,BTG2,0.66849935
143,449,IPO9,TIE1,0.66557777
143,253,IPO9,GRINA,0.6624757
143,289,IPO9,GT(ROSA)26SOR,0.6624757
143,613,IPO9,PGLYRP2,0.6624757
251,475,IRF6,BCL2,0.97115695
251,29,IRF6,IKZF1,0.96781254
251,485,IRF6,ABL1,0.9631888
251,292,IRF6,HDAC7,0.96185625
251,79,IRF6,STAT2,0.94842845
251,161,IRF6,JARID2,0.94687456
251,64,IRF6,IRF9,0.94628114
251,283,IRF6,EGR1,0.9457764
251,293,IRF6,IRF7,0.9419583
251,420,IRF6,FDFT1,0.94128126
251,536,IRF6,SPI1,0.9409895
251,289,IRF6,GT(ROSA)26SOR,0.9395433
251,253,IRF6,GRINA,0.9388254
251,613,IRF6,PGLYRP2,0.9388254
251,27,IRF6,IRF8,0.9372562
251,73,IRF6,RORC,0.93714416
251,219,IRF6,TLR4,0.93657047
251,278,IRF6,NCF1,0.93657047
251,515,IRF6,IGHM,0.93657047
251,466,IRF6,ABCG2,0.9354728
251,162,IRF6,FES,0.93480694
251,590,IRF6,IL12A,0.93455327
251,270,IRF6,VDR,0.9330872
251,6,IRF6,BTG2,0.9280998
251,183,IRF6,XAF1,0.9280674
251,354,IRF6,IIGP1,0.9280674
251,504,IRF6,IFI44,0.9280674
251,109,IRF6,H2-AA,0.9270137
251,263,IRF6,JUN,0.92666006
251,517,IRF6,H1F0,0.9257856
251,52,IRF6,FCGR2B,0.92553204
251,213,IRF6,TCP11L2,0.92553204
251,304,IRF6,HLF,0.92553204
251,57,IRF6,OASL2,0.9253958
251,277,IRF6,RTP4,0.9253958
251,206,IRF6,ZDHHC6,0.92523396
251,550,IRF6,CREB5,0.9248162
251,50,IRF6,NFAT5,0.9247592
251,196,IRF6,RARS,0.9243794
251,209,IRF6,ZBTB16,0.9237865
251,69,IRF6,NAP1L3,0.92362493
251,194,IRF6,GOLPH3,0.92362493
251,441,IRF6,EBF1,0.92362493
251,546,IRF6,PROCR,0.92362493
251,622,IRF6,KRT18,0.92362493
251,146,IRF6,SCARF1,0.9235656
251,276,IRF6,REL,0.9233959
251,175,IRF6,TLE2,0.92314315
251,224,IRF6,MAPK12,0.91734135
251,360,IRF6,FOXO1,0.91683877
293,475,IRF7,BCL2,0.9717315
293,29,IRF7,IKZF1,0.9684892
293,485,IRF7,ABL1,0.9631905
293,292,IRF7,HDAC7,0.96200925
293,64,IRF7,IRF9,0.9523469
293,79,IRF7,STAT2,0.95020074
293,420,IRF7,FDFT1,0.9481951
293,536,IRF7,SPI1,0.9478592
293,283,IRF7,EGR1,0.94615483
293,515,IRF7,IGHM,0.9442629
293,27,IRF7,IRF8,0.94414186
293,251,IRF7,IRF6,0.9441084
293,73,IRF7,RORC,0.9437584
293,253,IRF7,GRINA,0.9436566
293,289,IRF7,GT(ROSA)26SOR,0.9435964
293,613,IRF7,PGLYRP2,0.9435964
293,161,IRF7,JARID2,0.9429418
293,162,IRF7,FES,0.9419246
293,219,IRF7,TLR4,0.9417396
293,278,IRF7,NCF1,0.9417396
293,590,IRF7,IL12A,0.9414762
293,504,IRF7,IFI44,0.9377447
293,183,IRF7,XAF1,0.93760985
293,354,IRF7,IIGP1,0.93760985
293,109,IRF7,H2-AA,0.93598384
293,270,IRF7,VDR,0.93496686
293,277,IRF7,RTP4,0.9345283
293,57,IRF7,OASL2,0.93451256
293,466,IRF7,ABCG2,0.93409455
293,50,IRF7,NFAT5,0.9310376
293,550,IRF7,CREB5,0.9310376
293,276,IRF7,REL,0.9291539
293,517,IRF7,H1F0,0.9289349
293,6,IRF7,BTG2,0.9287473
293,304,IRF7,HLF,0.92764866
293,52,IRF7,FCGR2B,0.9276212
293,263,IRF7,JUN,0.9263785
293,216,IRF7,CUL3,0.9262857
293,69,IRF7,NAP1L3,0.92518306
293,146,IRF7,SCARF1,0.92518306
293,175,IRF7,TLE2,0.92518306
293,194,IRF7,GOLPH3,0.92518306
293,441,IRF7,EBF1,0.92518306
293,546,IRF7,PROCR,0.92518306
293,622,IRF7,KRT18,0.92443836
293,360,IRF7,FOXO1,0.9234977
293,196,IRF7,RARS,0.9234887
293,206,IRF7,ZDHHC6,0.92287725
293,333,IRF7,EPAS1,0.92280585
293,224,IRF7,MAPK12,0.91963774
27,475,IRF8,BCL2,0.97361326
27,29,IRF8,IKZF1,0.96735585
27,485,IRF8,ABL1,0.96273273
27,292,IRF8,HDAC7,0.9610518
27,283,IRF8,EGR1,0.9482966
27,79,IRF8,STAT2,0.94772923
27,64,IRF8,IRF9,0.9439825
27,293,IRF8,IRF7,0.9408182
27,420,IRF8,FDFT1,0.94023526
27,536,IRF8,SPI1,0.93938893
27,466,IRF8,ABCG2,0.9388625
27,253,IRF8,GRINA,0.9379023
27,613,IRF8,PGLYRP2,0.93787664
27,251,IRF8,IRF6,0.9360548
27,162,IRF8,FES,0.9352291
27,219,IRF8,TLR4,0.9352291
27,278,IRF8,NCF1,0.9351619
27,270,IRF8,VDR,0.93515515
27,515,IRF8,IGHM,0.93509185
27,590,IRF8,IL12A,0.9334262
27,6,IRF8,BTG2,0.93135124
27,263,IRF8,JUN,0.9301701
27,304,IRF8,HLF,0.92882854
27,517,IRF8,H1F0,0.9287482
27,52,IRF8,FCGR2B,0.9287036
27,206,IRF8,ZDHHC6,0.9282428
27,73,IRF8,RORC,0.9278646
27,622,IRF8,KRT18,0.92710096
27,69,IRF8,NAP1L3,0.9268744
27,175,IRF8,TLE2,0.9268744
27,194,IRF8,GOLPH3,0.9268744
27,441,IRF8,EBF1,0.9268744
27,546,IRF8,PROCR,0.9268744
27,146,IRF8,SCARF1,0.9267688
27,354,IRF8,IIGP1,0.92660624
27,504,IRF8,IFI44,0.92640066
27,213,IRF8,TCP11L2,0.9260922
27,161,IRF8,JARID2,0.9256268
27,109,IRF8,H2-AA,0.92545956
27,57,IRF8,OASL2,0.9238792
27,277,IRF8,RTP4,0.92367035
27,50,IRF8,NFAT5,0.92341036
27,550,IRF8,CREB5,0.9233354
27,276,IRF8,REL,0.9207883
27,224,IRF8,MAPK12,0.9204259
27,580,IRF8,MLLT3,0.9190141
27,289,IRF8,GT(ROSA)26SOR,0.9156077
27,360,IRF8,FOXO1,0.9152165
27,183,IRF8,XAF1,0.91289294
27,216,IRF8,CUL3,0.91268414
64,29,IRF9,IKZF1,0.96888745
64,475,IRF9,BCL2,0.9659507
64,485,IRF9,ABL1,0.9636355
64,292,IRF9,HDAC7,0.96262825
64,79,IRF9,STAT2,0.95195735
64,293,IRF9,IRF7,0.9492742
64,536,IRF9,SPI1,0.9491641
64,420,IRF9,FDFT1,0.948963
64,283,IRF9,EGR1,0.9482801
64,253,IRF9,GRINA,0.94514126
64,289,IRF9,GT(ROSA)26SOR,0.94514126
64,613,IRF9,PGLYRP2,0.94514126
64,27,IRF9,IRF8,0.94496286
64,251,IRF9,IRF6,0.94486946
64,161,IRF9,JARID2,0.9447495
64,73,IRF9,RORC,0.94448876
64,162,IRF9,FES,0.9432886
64,278,IRF9,NCF1,0.9432886
64,515,IRF9,IGHM,0.9432886
64,590,IRF9,IL12A,0.9422915
64,183,IRF9,XAF1,0.9384299
64,354,IRF9,IIGP1,0.9384299
64,504,IRF9,IFI44,0.9384299
64,270,IRF9,VDR,0.9370369
64,109,IRF9,H2-AA,0.93683845
64,466,IRF9,ABCG2,0.93676263
64,57,IRF9,OASL2,0.93537194
64,277,IRF9,RTP4,0.93537194
64,219,IRF9,TLR4,0.93484247
64,50,IRF9,NFAT5,0.93295616
64,550,IRF9,CREB5,0.93295616
64,6,IRF9,BTG2,0.9321826
64,517,IRF9,H1F0,0.9319135
64,52,IRF9,FCGR2B,0.9306348
64,304,IRF9,HLF,0.9306348
64,360,IRF9,FOXO1,0.92956907
64,263,IRF9,JUN,0.9287378
64,146,IRF9,SCARF1,0.9282995
64,194,IRF9,GOLPH3,0.9282995
64,546,IRF9,PROCR,0.9282995
64,441,IRF9,EBF1,0.9281664
64,69,IRF9,NAP1L3,0.9279425
64,216,IRF9,CUL3,0.92722034
64,196,IRF9,RARS,0.92680067
64,206,IRF9,ZDHHC6,0.9256036
64,333,IRF9,EPAS1,0.92448837
64,224,IRF9,MAPK12,0.9230441
64,209,IRF9,ZBTB16,0.9198106
64,394,IRF9,MAPK1,0.9164123
64,133,IRF9,LTB,0.91606593
588,621,IRGM2,SNRPB,0.9252914
588,475,IRGM2,BCL2,0.90243715
588,353,IRGM2,CBFB,0.89945626
588,209,IRGM2,ZBTB16,0.883899
588,587,IRGM2,NCAPD2,0.88244355
588,413,IRGM2,RASSF4,0.8807539
588,67,IRGM2,HDAC2,0.87192273
588,589,IRGM2,YBX1,0.87192106
588,485,IRGM2,ABL1,0.86780137
588,292,IRGM2,HDAC7,0.8598216
588,165,IRGM2,GTF2H1,0.8452848
588,206,IRGM2,ZDHHC6,0.8319428
588,161,IRGM2,JARID2,0.82679564
588,29,IRGM2,IKZF1,0.8204127
588,508,IRGM2,NDRG1,0.8086629
588,261,IRGM2,EZR,0.77142245
588,283,IRGM2,EGR1,0.7700944
588,48,IRGM2,ELANE,0.76318574
588,631,IRGM2,ZFP36,0.7573612
588,437,IRGM2,MYB,0.75718176
588,367,IRGM2,HCFC1,0.7483949
588,208,IRGM2,CISH,0.74806917
588,439,IRGM2,DDX20,0.74310505
588,564,IRGM2,MFNG,0.7400378
588,177,IRGM2,RELB,0.7383652
588,486,IRGM2,NFKBIA,0.7368395
588,363,IRGM2,MYC,0.73630667
588,351,IRGM2,ERCC8,0.7275398
588,331,IRGM2,PIM2,0.719957
588,622,IRGM2,KRT18,0.7193723
588,180,IRGM2,TRIM35,0.7192065
588,410,IRGM2,SMARCA2,0.71749777
588,263,IRGM2,JUN,0.7165637
588,436,IRGM2,RARB,0.71545917
588,466,IRGM2,ABCG2,0.7145378
588,422,IRGM2,SESN1,0.7120703
588,232,IRGM2,ICAM1,0.7076601
588,482,IRGM2,NFATC2,0.7053696
588,81,IRGM2,HDAC11,0.6977239
588,357,IRGM2,MEIS1,0.6969293
588,536,IRGM2,SPI1,0.6924761
588,315,IRGM2,CTSL,0.68831784
588,6,IRGM2,BTG2,0.68521386
588,34,IRGM2,MAML3,0.68268156
588,289,IRGM2,GT(ROSA)26SOR,0.6782332
588,613,IRGM2,PGLYRP2,0.6782332
588,253,IRGM2,GRINA,0.6779656
588,494,IRGM2,USP11,0.6761022
588,546,IRGM2,PROCR,0.6751265
588,69,IRGM2,NAP1L3,0.6750793
129,621,ISYNA1,SNRPB,0.9282103
129,353,ISYNA1,CBFB,0.895775
129,475,ISYNA1,BCL2,0.8942831
129,413,ISYNA1,RASSF4,0.8941586
129,67,ISYNA1,HDAC2,0.8850062
129,589,ISYNA1,YBX1,0.88099474
129,587,ISYNA1,NCAPD2,0.8748904
129,209,ISYNA1,ZBTB16,0.8709828
129,165,ISYNA1,GTF2H1,0.8593966
129,485,ISYNA1,ABL1,0.8572532
129,292,ISYNA1,HDAC7,0.8490846
129,206,ISYNA1,ZDHHC6,0.8222312
129,508,ISYNA1,NDRG1,0.82139933
129,161,ISYNA1,JARID2,0.81536126
129,29,ISYNA1,IKZF1,0.8147214
129,261,ISYNA1,EZR,0.79889566
129,180,ISYNA1,TRIM35,0.78315103
129,410,ISYNA1,SMARCA2,0.7813421
129,367,ISYNA1,HCFC1,0.7700447
129,437,ISYNA1,MYB,0.76757336
129,283,ISYNA1,EGR1,0.7656194
129,439,ISYNA1,DDX20,0.7637821
129,631,ISYNA1,ZFP36,0.7616878
129,486,ISYNA1,NFKBIA,0.7551303
129,351,ISYNA1,ERCC8,0.7502097
129,81,ISYNA1,HDAC11,0.7442053
129,363,ISYNA1,MYC,0.7404404
129,564,ISYNA1,MFNG,0.74007237
129,177,ISYNA1,RELB,0.7366495
129,208,ISYNA1,CISH,0.7360838
129,48,ISYNA1,ELANE,0.7345329
129,331,ISYNA1,PIM2,0.7212916
129,196,ISYNA1,RARS,0.7185634
129,622,ISYNA1,KRT18,0.71834666
129,482,ISYNA1,NFATC2,0.71484596
129,466,ISYNA1,ABCG2,0.71360517
129,422,ISYNA1,SESN1,0.70703137
129,436,ISYNA1,RARB,0.7036986
129,263,ISYNA1,JUN,0.70247537
129,315,ISYNA1,CTSL,0.70188516
129,357,ISYNA1,MEIS1,0.6965902
129,557,ISYNA1,SATB1,0.69231915
129,494,ISYNA1,USP11,0.6917651
129,82,ISYNA1,RB1,0.69159496
129,232,ISYNA1,ICAM1,0.68822336
129,34,ISYNA1,MAML3,0.68767226
129,6,ISYNA1,BTG2,0.66849935
129,52,ISYNA1,FCGR2B,0.6673724
129,536,ISYNA1,SPI1,0.66701454
129,358,ISYNA1,TRPS1,0.6669866
313,621,ITGAL,SNRPB,0.9282103
313,353,ITGAL,CBFB,0.8961763
313,475,ITGAL,BCL2,0.8946258
313,413,ITGAL,RASSF4,0.8941586
313,587,ITGAL,NCAPD2,0.8940507
313,67,ITGAL,HDAC2,0.8850062
313,589,ITGAL,YBX1,0.8819421
313,209,ITGAL,ZBTB16,0.8709828
313,485,ITGAL,ABL1,0.8572532
313,292,ITGAL,HDAC7,0.8490846
313,165,ITGAL,GTF2H1,0.845314
313,206,ITGAL,ZDHHC6,0.8222312
313,508,ITGAL,NDRG1,0.82139933
313,161,ITGAL,JARID2,0.81536126
313,29,ITGAL,IKZF1,0.8147214
313,261,ITGAL,EZR,0.79889566
313,196,ITGAL,RARS,0.77174366
313,367,ITGAL,HCFC1,0.7698142
313,437,ITGAL,MYB,0.76757336
313,439,ITGAL,DDX20,0.7637642
313,48,ITGAL,ELANE,0.7628878
313,283,ITGAL,EGR1,0.75800437
313,351,ITGAL,ERCC8,0.7502097
313,564,ITGAL,MFNG,0.74007237
313,486,ITGAL,NFKBIA,0.7391731
313,208,ITGAL,CISH,0.7360838
313,177,ITGAL,RELB,0.73413795
313,631,ITGAL,ZFP36,0.73050404
313,331,ITGAL,PIM2,0.72105426
313,363,ITGAL,MYC,0.7180378
313,410,ITGAL,SMARCA2,0.7174124
313,466,ITGAL,ABCG2,0.71360517
313,422,ITGAL,SESN1,0.7135335
313,180,ITGAL,TRIM35,0.7068486
313,436,ITGAL,RARB,0.7036986
313,263,ITGAL,JUN,0.70247537
313,315,ITGAL,CTSL,0.70188516
313,357,ITGAL,MEIS1,0.6965902
313,81,ITGAL,HDAC11,0.6961269
313,557,ITGAL,SATB1,0.69231915
313,494,ITGAL,USP11,0.6917651
313,82,ITGAL,RB1,0.69159496
313,232,ITGAL,ICAM1,0.68858284
313,34,ITGAL,MAML3,0.68767226
313,6,ITGAL,BTG2,0.66849935
313,536,ITGAL,SPI1,0.66701454
313,449,ITGAL,TIE1,0.66557777
313,253,ITGAL,GRINA,0.6624757
313,289,ITGAL,GT(ROSA)26SOR,0.6624757
313,613,ITGAL,PGLYRP2,0.6624757
456,621,ITIH5,SNRPB,0.9282103
456,353,ITIH5,CBFB,0.895775
456,413,ITIH5,RASSF4,0.8941586
456,587,ITIH5,NCAPD2,0.89409095
456,67,ITIH5,HDAC2,0.8850062
456,589,ITIH5,YBX1,0.8819421
456,475,ITIH5,BCL2,0.8608384
456,165,ITIH5,GTF2H1,0.8593966
456,485,ITIH5,ABL1,0.8572532
456,209,ITIH5,ZBTB16,0.8526235
456,292,ITIH5,HDAC7,0.8490846
456,29,ITIH5,IKZF1,0.8234591
456,206,ITIH5,ZDHHC6,0.8222312
456,508,ITIH5,NDRG1,0.81979585
456,261,ITIH5,EZR,0.79889566
456,161,ITIH5,JARID2,0.776108
456,367,ITIH5,HCFC1,0.7698142
456,437,ITIH5,MYB,0.76757336
456,283,ITIH5,EGR1,0.7656194
456,48,ITIH5,ELANE,0.7625247
456,631,ITIH5,ZFP36,0.7616878
456,486,ITIH5,NFKBIA,0.7551303
456,351,ITIH5,ERCC8,0.7502097
456,564,ITIH5,MFNG,0.74644655
456,515,ITIH5,IGHM,0.7418043
456,208,ITIH5,CISH,0.73586625
456,177,ITIH5,RELB,0.73413795
456,180,ITIH5,TRIM35,0.7299004
456,439,ITIH5,DDX20,0.7281928
456,331,ITIH5,PIM2,0.72142166
456,196,ITIH5,RARS,0.71889025
456,363,ITIH5,MYC,0.7176446
456,410,ITIH5,SMARCA2,0.7171445
456,482,ITIH5,NFATC2,0.71484596
456,270,ITIH5,VDR,0.7139241
456,422,ITIH5,SESN1,0.7136104
456,466,ITIH5,ABCG2,0.7134282
456,436,ITIH5,RARB,0.7037149
456,263,ITIH5,JUN,0.70247537
456,315,ITIH5,CTSL,0.70188516
456,357,ITIH5,MEIS1,0.6965127
456,81,ITIH5,HDAC11,0.6961269
456,494,ITIH5,USP11,0.6917651
456,82,ITIH5,RB1,0.69159496
456,232,ITIH5,ICAM1,0.68822336
456,34,ITIH5,MAML3,0.6878656
456,557,ITIH5,SATB1,0.6811004
456,79,ITIH5,STAT2,0.6742183
456,6,ITIH5,BTG2,0.66849935
456,536,ITIH5,SPI1,0.6667522
406,621,ITM2A,SNRPB,0.90049773
406,475,ITM2A,BCL2,0.89853424
406,209,ITM2A,ZBTB16,0.8698106
406,485,ITM2A,ABL1,0.86143655
406,292,ITM2A,HDAC7,0.8535807
406,587,ITM2A,NCAPD2,0.84733313
406,413,ITM2A,RASSF4,0.844019
406,67,ITM2A,HDAC2,0.8350831
406,589,ITM2A,YBX1,0.8164076
406,29,ITM2A,IKZF1,0.8158482
406,165,ITM2A,GTF2H1,0.81582487
406,161,ITM2A,JARID2,0.8154518
406,206,ITM2A,ZDHHC6,0.812003
406,508,ITM2A,NDRG1,0.77724284
406,48,ITM2A,ELANE,0.7614825
406,353,ITM2A,CBFB,0.75756246
406,73,ITM2A,RORC,0.7520963
406,283,ITM2A,EGR1,0.75088847
406,261,ITM2A,EZR,0.74690586
406,486,ITM2A,NFKBIA,0.74458206
406,564,ITM2A,MFNG,0.7417569
406,631,ITM2A,ZFP36,0.7398535
406,208,ITM2A,CISH,0.72385025
406,422,ITM2A,SESN1,0.7222599
406,331,ITM2A,PIM2,0.7187774
406,177,ITM2A,RELB,0.7073308
406,410,ITM2A,SMARCA2,0.70583564
406,466,ITM2A,ABCG2,0.69786835
406,315,ITM2A,CTSL,0.69257104
406,482,ITM2A,NFATC2,0.6901064
406,52,ITM2A,FCGR2B,0.6874527
406,180,ITM2A,TRIM35,0.6866216
406,517,ITM2A,H1F0,0.68457115
406,357,ITM2A,MEIS1,0.68434554
406,196,ITM2A,RARS,0.6809021
406,253,ITM2A,GRINA,0.6795162
406,289,ITM2A,GT(ROSA)26SOR,0.6795111
406,81,ITM2A,HDAC11,0.67903984
406,536,ITM2A,SPI1,0.67838436
406,494,ITM2A,USP11,0.67806906
406,263,ITM2A,JUN,0.6760552
406,437,ITM2A,MYB,0.67143136
406,367,ITM2A,HCFC1,0.67137504
406,436,ITM2A,RARB,0.6712459
406,557,ITM2A,SATB1,0.6680489
406,34,ITM2A,MAML3,0.6661291
406,439,ITM2A,DDX20,0.6658857
406,232,ITM2A,ICAM1,0.66422606
406,50,ITM2A,NFAT5,0.66231126
406,79,ITM2A,STAT2,0.66011393
381,621,ITSN1,SNRPB,0.9826636
381,353,ITSN1,CBFB,0.9824457
381,413,ITSN1,RASSF4,0.9801348
381,587,ITSN1,NCAPD2,0.98008484
381,67,ITSN1,HDAC2,0.9779544
381,589,ITSN1,YBX1,0.9775058
381,439,ITSN1,DDX20,0.9657539
381,261,ITSN1,EZR,0.96404105
381,367,ITSN1,HCFC1,0.9636345
381,363,ITSN1,MYC,0.96301985
381,165,ITSN1,GTF2H1,0.9619041
381,508,ITSN1,NDRG1,0.9547875
381,226,ITSN1,POLR2B,0.9499582
381,482,ITSN1,NFATC2,0.9491606
381,209,ITSN1,ZBTB16,0.9478502
381,351,ITSN1,ERCC8,0.9456363
381,217,ITSN1,PRMT7,0.94121057
381,82,ITSN1,RB1,0.9374073
381,33,ITSN1,CSTF2,0.9372486
381,117,ITSN1,TFG,0.93601596
381,199,ITSN1,E2F4,0.9314077
381,475,ITSN1,BCL2,0.92904216
381,3,ITSN1,POLR1B,0.9244382
381,372,ITSN1,BACE1,0.92365736
381,486,ITSN1,NFKBIA,0.9226723
381,375,ITSN1,SRSF1,0.9211142
381,28,ITSN1,NFE2,0.91941327
381,292,ITSN1,HDAC7,0.91628575
381,575,ITSN1,GTF2F1,0.91512895
381,564,ITSN1,MFNG,0.91445696
381,86,ITSN1,RANGAP1,0.91325134
381,206,ITSN1,ZDHHC6,0.9096518
381,554,ITSN1,CDT1,0.90917265
381,134,ITSN1,PA2G4,0.908425
381,485,ITSN1,ABL1,0.90525717
381,437,ITSN1,MYB,0.90494156
381,345,ITSN1,UHRF1,0.9047199
381,161,ITSN1,JARID2,0.90230834
381,274,ITSN1,NOP2,0.90042186
381,404,ITSN1,FTSJ3,0.90042186
381,315,ITSN1,CTSL,0.89527225
381,631,ITSN1,ZFP36,0.8898247
381,426,ITSN1,PRPF4,0.88090026
381,480,ITSN1,WDR5,0.86892736
381,197,ITSN1,WDR4,0.8688161
381,154,ITSN1,HDGF,0.8683061
381,166,ITSN1,PSAT1,0.86801237
381,212,ITSN1,FLT3,0.86801237
381,220,ITSN1,TMEM43,0.86801237
381,347,ITSN1,RNF4,0.86801237
161,475,JARID2,BCL2,0.9751037
161,292,JARID2,HDAC7,0.96570957
161,485,JARID2,ABL1,0.9649435
161,29,JARID2,IKZF1,0.96190643
161,283,JARID2,EGR1,0.95599633
161,196,JARID2,RARS,0.9535856
161,206,JARID2,ZDHHC6,0.95293534
161,466,JARID2,ABCG2,0.9528662
161,263,JARID2,JUN,0.950649
161,353,JARID2,CBFB,0.9494715
161,79,JARID2,STAT2,0.9454909
161,6,JARID2,BTG2,0.9442726
161,631,JARID2,ZFP36,0.94367653
161,209,JARID2,ZBTB16,0.94213563
161,536,JARID2,SPI1,0.93739843
161,278,JARID2,NCF1,0.935929
161,515,JARID2,IGHM,0.9359086
161,219,JARID2,TLR4,0.93589944
161,289,JARID2,GT(ROSA)26SOR,0.9357733
161,613,JARID2,PGLYRP2,0.9356289
161,253,JARID2,GRINA,0.9354708
161,177,JARID2,RELB,0.9352651
161,64,JARID2,IRF9,0.9344686
161,194,JARID2,GOLPH3,0.9338527
161,208,JARID2,CISH,0.9337596
161,69,JARID2,NAP1L3,0.9337436
161,146,JARID2,SCARF1,0.9337436
161,175,JARID2,TLE2,0.9337436
161,546,JARID2,PROCR,0.9337167
161,622,JARID2,KRT18,0.9337156
161,436,JARID2,RARB,0.9328188
161,304,JARID2,HLF,0.92946446
161,420,JARID2,FDFT1,0.9293522
161,52,JARID2,FCGR2B,0.9293081
161,213,JARID2,TCP11L2,0.9293081
161,293,JARID2,IRF7,0.92886233
161,270,JARID2,VDR,0.92826694
161,232,JARID2,ICAM1,0.9282619
161,557,JARID2,SATB1,0.92825717
161,73,JARID2,RORC,0.9258547
161,224,JARID2,MAPK12,0.9257908
161,441,JARID2,EBF1,0.9257006
161,27,JARID2,IRF8,0.9244109
161,517,JARID2,H1F0,0.9243126
161,580,JARID2,MLLT3,0.92322296
161,590,JARID2,IL12A,0.92300206
161,251,JARID2,IRF6,0.9227108
161,587,JARID2,NCAPD2,0.9201542
161,162,JARID2,FES,0.91890275
161,276,JARID2,REL,0.91697615
468,621,JPT2,SNRPB,0.9282103
468,353,JPT2,CBFB,0.895775
468,475,JPT2,BCL2,0.8942831
468,413,JPT2,RASSF4,0.8941586
468,587,JPT2,NCAPD2,0.89182323
468,67,JPT2,HDAC2,0.8850062
468,589,JPT2,YBX1,0.8819421
468,209,JPT2,ZBTB16,0.8709828
468,165,JPT2,GTF2H1,0.8593966
468,485,JPT2,ABL1,0.8572532
468,292,JPT2,HDAC7,0.8490846
468,206,JPT2,ZDHHC6,0.8222312
468,508,JPT2,NDRG1,0.82139933
468,161,JPT2,JARID2,0.81536126
468,29,JPT2,IKZF1,0.8147214
468,261,JPT2,EZR,0.7990411
468,367,JPT2,HCFC1,0.7698142
468,437,JPT2,MYB,0.76757336
468,283,JPT2,EGR1,0.7656194
468,263,JPT2,JUN,0.7649864
468,439,JPT2,DDX20,0.7642855
468,48,JPT2,ELANE,0.763121
468,631,JPT2,ZFP36,0.7616878
468,486,JPT2,NFKBIA,0.7551303
468,351,JPT2,ERCC8,0.7502097
468,564,JPT2,MFNG,0.74044657
468,177,JPT2,RELB,0.73413795
468,331,JPT2,PIM2,0.7212916
468,196,JPT2,RARS,0.71889025
468,289,JPT2,GT(ROSA)26SOR,0.71808296
468,363,JPT2,MYC,0.7176446
468,410,JPT2,SMARCA2,0.7174124
468,482,JPT2,NFATC2,0.7153819
468,422,JPT2,SESN1,0.7136104
468,466,JPT2,ABCG2,0.71360517
468,208,JPT2,CISH,0.7101491
468,180,JPT2,TRIM35,0.7070132
468,436,JPT2,RARB,0.7036986
468,315,JPT2,CTSL,0.70221645
468,81,JPT2,HDAC11,0.6961269
468,557,JPT2,SATB1,0.69231915
468,82,JPT2,RB1,0.69159496
468,494,JPT2,USP11,0.6906254
468,232,JPT2,ICAM1,0.68859005
468,34,JPT2,MAML3,0.68767226
468,357,JPT2,MEIS1,0.6820544
468,613,JPT2,PGLYRP2,0.6687116
468,6,JPT2,BTG2,0.66849935
468,536,JPT2,SPI1,0.66701454
468,449,JPT2,TIE1,0.66557777
263,475,JUN,BCL2,0.9737202
263,292,JUN,HDAC7,0.96728915
263,29,JUN,IKZF1,0.96697646
263,353,JUN,CBFB,0.96631974
263,485,JUN,ABL1,0.9655955
263,161,JUN,JARID2,0.9602661
263,413,JUN,RASSF4,0.95805347
263,587,JUN,NCAPD2,0.95805347
263,621,JUN,SNRPB,0.95650345
263,196,JUN,RARS,0.9563816
263,631,JUN,ZFP36,0.95615
263,283,JUN,EGR1,0.9556203
263,67,JUN,HDAC2,0.95267874
263,209,JUN,ZBTB16,0.9514564
263,206,JUN,ZDHHC6,0.95109475
263,466,JUN,ABCG2,0.9474114
263,177,JUN,RELB,0.9444929
263,208,JUN,CISH,0.942329
263,436,JUN,RARB,0.94164366
263,304,JUN,HLF,0.9386706
263,232,JUN,ICAM1,0.93768305
263,557,JUN,SATB1,0.93601036
263,79,JUN,STAT2,0.9343431
263,536,JUN,SPI1,0.92778164
263,219,JUN,TLR4,0.92614967
263,162,JUN,FES,0.9259428
263,515,JUN,IGHM,0.92573124
263,613,JUN,PGLYRP2,0.925567
263,289,JUN,GT(ROSA)26SOR,0.9255055
263,253,JUN,GRINA,0.9252938
263,357,JUN,MEIS1,0.9248568
263,622,JUN,KRT18,0.9223467
263,69,JUN,NAP1L3,0.92211413
263,175,JUN,TLE2,0.92211413
263,194,JUN,GOLPH3,0.92211413
263,441,JUN,EBF1,0.92211413
263,546,JUN,PROCR,0.92211413
263,564,JUN,MFNG,0.922072
263,146,JUN,SCARF1,0.922042
263,508,JUN,NDRG1,0.91861314
263,64,JUN,IRF9,0.9184396
263,278,JUN,NCF1,0.91697276
263,52,JUN,FCGR2B,0.9168132
263,213,JUN,TCP11L2,0.9168132
263,6,JUN,BTG2,0.9155324
263,270,JUN,VDR,0.91436446
263,224,JUN,MAPK12,0.9142862
263,517,JUN,H1F0,0.9121191
263,251,JUN,IRF6,0.9116628
263,94,JUN,TRIB3,0.90867466
195,621,KAT7,SNRPB,0.9077685
195,353,KAT7,CBFB,0.8903963
195,475,KAT7,BCL2,0.89036995
195,209,KAT7,ZBTB16,0.863336
195,413,KAT7,RASSF4,0.8630216
195,587,KAT7,NCAPD2,0.8630216
195,67,KAT7,HDAC2,0.85180956
195,485,KAT7,ABL1,0.8479692
195,292,KAT7,HDAC7,0.8415776
195,589,KAT7,YBX1,0.8380124
195,165,KAT7,GTF2H1,0.8344624
195,206,KAT7,ZDHHC6,0.809858
195,161,KAT7,JARID2,0.8005217
195,508,KAT7,NDRG1,0.79891884
195,261,KAT7,EZR,0.7738634
195,48,KAT7,ELANE,0.77073246
195,29,KAT7,IKZF1,0.7669893
195,564,KAT7,MFNG,0.76370233
195,486,KAT7,NFKBIA,0.75423294
195,283,KAT7,EGR1,0.7412562
195,631,KAT7,ZFP36,0.7226327
195,437,KAT7,MYB,0.71523577
195,315,KAT7,CTSL,0.7145285
195,422,KAT7,SESN1,0.71370643
195,208,KAT7,CISH,0.7111693
195,482,KAT7,NFATC2,0.7108005
195,331,KAT7,PIM2,0.70938075
195,367,KAT7,HCFC1,0.7069035
195,439,KAT7,DDX20,0.70612
195,494,KAT7,USP11,0.6999662
195,289,KAT7,GT(ROSA)26SOR,0.6980946
195,410,KAT7,SMARCA2,0.6938666
195,466,KAT7,ABCG2,0.6872229
195,177,KAT7,RELB,0.6871865
195,357,KAT7,MEIS1,0.6827269
195,81,KAT7,HDAC11,0.6780548
195,180,KAT7,TRIM35,0.6731469
195,536,KAT7,SPI1,0.6708947
195,34,KAT7,MAML3,0.66842747
195,196,KAT7,RARS,0.6673463
195,263,KAT7,JUN,0.66378194
195,253,KAT7,GRINA,0.6637767
195,613,KAT7,PGLYRP2,0.66320497
195,363,KAT7,MYC,0.6608755
195,436,KAT7,RARB,0.65595174
195,557,KAT7,SATB1,0.6549068
195,232,KAT7,ICAM1,0.6507359
195,79,KAT7,STAT2,0.6444022
195,6,KAT7,BTG2,0.6429639
195,38,KAT7,TSPAN14,0.6419798
327,621,KCTD12,SNRPB,0.9282103
327,353,KCTD12,CBFB,0.895775
327,475,KCTD12,BCL2,0.8942831
327,413,KCTD12,RASSF4,0.8941586
327,587,KCTD12,NCAPD2,0.8941586
327,67,KCTD12,HDAC2,0.8850062
327,589,KCTD12,YBX1,0.881117
327,209,KCTD12,ZBTB16,0.87076676
327,165,KCTD12,GTF2H1,0.8593966
327,485,KCTD12,ABL1,0.8572532
327,292,KCTD12,HDAC7,0.8490846
327,161,KCTD12,JARID2,0.8247187
327,508,KCTD12,NDRG1,0.82139933
327,29,KCTD12,IKZF1,0.8147214
327,261,KCTD12,EZR,0.79889566
327,367,KCTD12,HCFC1,0.7698142
327,437,KCTD12,MYB,0.76757336
327,283,KCTD12,EGR1,0.7656194
327,439,KCTD12,DDX20,0.7637642
327,48,KCTD12,ELANE,0.7628878
327,631,KCTD12,ZFP36,0.7616878
327,351,KCTD12,ERCC8,0.75880235
327,206,KCTD12,ZDHHC6,0.75573045
327,486,KCTD12,NFKBIA,0.7551303
327,564,KCTD12,MFNG,0.74007237
327,208,KCTD12,CISH,0.7360838
327,177,KCTD12,RELB,0.73413795
327,331,KCTD12,PIM2,0.7212916
327,196,KCTD12,RARS,0.71889025
327,363,KCTD12,MYC,0.7176446
327,410,KCTD12,SMARCA2,0.7171445
327,482,KCTD12,NFATC2,0.71484596
327,422,KCTD12,SESN1,0.7136104
327,466,KCTD12,ABCG2,0.71360517
327,180,KCTD12,TRIM35,0.7070132
327,436,KCTD12,RARB,0.7036986
327,263,KCTD12,JUN,0.70247537
327,315,KCTD12,CTSL,0.7021753
327,81,KCTD12,HDAC11,0.69659007
327,494,KCTD12,USP11,0.6917651
327,82,KCTD12,RB1,0.6916146
327,232,KCTD12,ICAM1,0.68858284
327,34,KCTD12,MAML3,0.68767226
327,357,KCTD12,MEIS1,0.68119794
327,6,KCTD12,BTG2,0.66849935
327,536,KCTD12,SPI1,0.66701454
327,449,KCTD12,TIE1,0.66598004
327,253,KCTD12,GRINA,0.6624757
327,289,KCTD12,GT(ROSA)26SOR,0.6624757
327,613,KCTD12,PGLYRP2,0.6624757
84,475,KLF6,BCL2,0.9740297
84,29,KLF6,IKZF1,0.9665315
84,292,KLF6,HDAC7,0.96487516
84,485,KLF6,ABL1,0.9593329
84,283,KLF6,EGR1,0.9550102
84,353,KLF6,CBFB,0.9541416
84,466,KLF6,ABCG2,0.9541366
84,196,KLF6,RARS,0.95358217
84,263,KLF6,JUN,0.9506147
84,631,KLF6,ZFP36,0.94717234
84,209,KLF6,ZBTB16,0.94276196
84,79,KLF6,STAT2,0.9426287
84,206,KLF6,ZDHHC6,0.94219667
84,161,KLF6,JARID2,0.9411071
84,6,KLF6,BTG2,0.93831295
84,177,KLF6,RELB,0.93759656
84,208,KLF6,CISH,0.9357195
84,162,KLF6,FES,0.93446404
84,278,KLF6,NCF1,0.93446404
84,515,KLF6,IGHM,0.93446404
84,436,KLF6,RARB,0.9343247
84,69,KLF6,NAP1L3,0.9342636
84,289,KLF6,GT(ROSA)26SOR,0.9331687
84,613,KLF6,PGLYRP2,0.9331687
84,413,KLF6,RASSF4,0.9329497
84,587,KLF6,NCAPD2,0.9329497
84,536,KLF6,SPI1,0.9311905
84,557,KLF6,SATB1,0.9308068
84,232,KLF6,ICAM1,0.93069685
84,175,KLF6,TLE2,0.9306915
84,194,KLF6,GOLPH3,0.9306915
84,546,KLF6,PROCR,0.9306915
84,146,KLF6,SCARF1,0.93065566
84,622,KLF6,KRT18,0.930495
84,64,KLF6,IRF9,0.9292877
84,52,KLF6,FCGR2B,0.925568
84,213,KLF6,TCP11L2,0.925568
84,304,KLF6,HLF,0.925528
84,270,KLF6,VDR,0.9245726
84,420,KLF6,FDFT1,0.92439383
84,224,KLF6,MAPK12,0.92403626
84,621,KLF6,SNRPB,0.92355007
84,73,KLF6,RORC,0.9231725
84,67,KLF6,HDAC2,0.9222813
84,293,KLF6,IRF7,0.92161655
84,590,KLF6,IL12A,0.9208167
84,517,KLF6,H1F0,0.92026645
84,27,KLF6,IRF8,0.92006975
84,580,KLF6,MLLT3,0.91964823
84,276,KLF6,REL,0.91860974
619,621,KPNA3,SNRPB,0.9282103
619,353,KPNA3,CBFB,0.895775
619,475,KPNA3,BCL2,0.8942831
619,413,KPNA3,RASSF4,0.8941586
619,587,KPNA3,NCAPD2,0.8941586
619,67,KPNA3,HDAC2,0.8850062
619,589,KPNA3,YBX1,0.8819421
619,209,KPNA3,ZBTB16,0.87026846
619,165,KPNA3,GTF2H1,0.8593966
619,485,KPNA3,ABL1,0.8572532
619,292,KPNA3,HDAC7,0.84926444
619,206,KPNA3,ZDHHC6,0.822438
619,508,KPNA3,NDRG1,0.82139933
619,161,KPNA3,JARID2,0.81536126
619,29,KPNA3,IKZF1,0.8147214
619,261,KPNA3,EZR,0.79889566
619,180,KPNA3,TRIM35,0.78315103
619,367,KPNA3,HCFC1,0.7698615
619,437,KPNA3,MYB,0.76757336
619,439,KPNA3,DDX20,0.7637642
619,48,KPNA3,ELANE,0.7628878
619,631,KPNA3,ZFP36,0.7616878
619,486,KPNA3,NFKBIA,0.7551303
619,351,KPNA3,ERCC8,0.7481471
619,564,KPNA3,MFNG,0.74007237
619,208,KPNA3,CISH,0.7360838
619,177,KPNA3,RELB,0.73413795
619,283,KPNA3,EGR1,0.7248149
619,331,KPNA3,PIM2,0.7212916
619,196,KPNA3,RARS,0.71889025
619,363,KPNA3,MYC,0.7176446
619,410,KPNA3,SMARCA2,0.7174124
619,482,KPNA3,NFATC2,0.71484596
619,466,KPNA3,ABCG2,0.71360517
619,422,KPNA3,SESN1,0.713549
619,480,KPNA3,WDR5,0.70458513
619,436,KPNA3,RARB,0.7039569
619,263,KPNA3,JUN,0.70247537
619,315,KPNA3,CTSL,0.70188516
619,357,KPNA3,MEIS1,0.6965902
619,81,KPNA3,HDAC11,0.6961269
619,557,KPNA3,SATB1,0.69231915
619,232,KPNA3,ICAM1,0.6888212
619,538,KPNA3,TRP53I11,0.6886062
619,34,KPNA3,MAML3,0.68767226
619,82,KPNA3,RB1,0.6864362
619,427,KPNA3,ST8SIA4,0.6843812
619,79,KPNA3,STAT2,0.6742183
619,6,KPNA3,BTG2,0.66849935
619,536,KPNA3,SPI1,0.66701454
622,475,KRT18,BCL2,0.9747609
622,29,KRT18,IKZF1,0.9680178
622,292,KRT18,HDAC7,0.9664669
622,485,KRT18,ABL1,0.9639821
622,283,KRT18,EGR1,0.96005267
622,161,KRT18,JARID2,0.95696795
622,353,KRT18,CBFB,0.9564719
622,196,KRT18,RARS,0.9562273
622,466,KRT18,ABCG2,0.95447874
622,263,KRT18,JUN,0.95302284
622,631,KRT18,ZFP36,0.9498423
622,209,KRT18,ZBTB16,0.94631034
622,206,KRT18,ZDHHC6,0.9456326
622,6,KRT18,BTG2,0.9422339
622,177,KRT18,RELB,0.93885434
622,208,KRT18,CISH,0.93715906
622,436,KRT18,RARB,0.93598557
622,536,KRT18,SPI1,0.9356249
622,219,KRT18,TLR4,0.9337135
622,278,KRT18,NCF1,0.9337135
622,515,KRT18,IGHM,0.9337135
622,79,KRT18,STAT2,0.93366516
622,289,KRT18,GT(ROSA)26SOR,0.93318105
622,613,KRT18,PGLYRP2,0.93318105
622,413,KRT18,RASSF4,0.93304527
622,587,KRT18,NCAPD2,0.93304527
622,232,KRT18,ICAM1,0.9322432
622,557,KRT18,SATB1,0.931958
622,69,KRT18,NAP1L3,0.9312215
622,146,KRT18,SCARF1,0.9312215
622,175,KRT18,TLE2,0.9312215
622,194,KRT18,GOLPH3,0.9312215
622,441,KRT18,EBF1,0.9312215
622,546,KRT18,PROCR,0.9312215
622,64,KRT18,IRF9,0.9304685
622,621,KRT18,SNRPB,0.9286326
622,67,KRT18,HDAC2,0.9280228
622,52,KRT18,FCGR2B,0.9262937
622,213,KRT18,TCP11L2,0.9262937
622,304,KRT18,HLF,0.9262937
622,420,KRT18,FDFT1,0.92555964
622,162,KRT18,FES,0.92534
622,270,KRT18,VDR,0.92499495
622,293,KRT18,IRF7,0.9239815
622,224,KRT18,MAPK12,0.92362136
622,73,KRT18,RORC,0.92267156
622,517,KRT18,H1F0,0.9208195
622,580,KRT18,MLLT3,0.920524
622,27,KRT18,IRF8,0.92028564
622,590,KRT18,IL12A,0.9196634
298,621,LAP3,SNRPB,0.9328335
298,353,LAP3,CBFB,0.895775
298,413,LAP3,RASSF4,0.89415973
298,475,LAP3,BCL2,0.8940233
298,589,LAP3,YBX1,0.8901436
298,67,LAP3,HDAC2,0.8850062
298,209,LAP3,ZBTB16,0.8709828
298,165,LAP3,GTF2H1,0.8593966
298,485,LAP3,ABL1,0.8587719
298,292,LAP3,HDAC7,0.8490846
298,206,LAP3,ZDHHC6,0.8225083
298,161,LAP3,JARID2,0.81536126
298,29,LAP3,IKZF1,0.8147286
298,508,LAP3,NDRG1,0.8102568
298,439,LAP3,DDX20,0.77971405
298,437,LAP3,MYB,0.7767795
298,367,LAP3,HCFC1,0.77043897
298,283,LAP3,EGR1,0.7656194
298,48,LAP3,ELANE,0.7628878
298,261,LAP3,EZR,0.7625067
298,631,LAP3,ZFP36,0.75515884
298,351,LAP3,ERCC8,0.7502097
298,486,LAP3,NFKBIA,0.7455964
298,208,LAP3,CISH,0.7360838
298,564,LAP3,MFNG,0.7355205
298,177,LAP3,RELB,0.73413795
298,482,LAP3,NFATC2,0.73014164
298,587,LAP3,NCAPD2,0.72245693
298,331,LAP3,PIM2,0.7212916
298,196,LAP3,RARS,0.71889025
298,363,LAP3,MYC,0.7180378
298,180,LAP3,TRIM35,0.7070132
298,466,LAP3,ABCG2,0.7056729
298,263,LAP3,JUN,0.70247537
298,315,LAP3,CTSL,0.70188516
298,422,LAP3,SESN1,0.7012748
298,436,LAP3,RARB,0.7006124
298,357,LAP3,MEIS1,0.6968432
298,81,LAP3,HDAC11,0.6961269
298,82,LAP3,RB1,0.69159496
298,232,LAP3,ICAM1,0.68858284
298,557,LAP3,SATB1,0.68839514
298,517,LAP3,H1F0,0.6881596
298,34,LAP3,MAML3,0.68767226
298,494,LAP3,USP11,0.67907965
298,6,LAP3,BTG2,0.67056155
298,449,LAP3,TIE1,0.6675108
298,38,LAP3,TSPAN14,0.6667522
298,253,LAP3,GRINA,0.6625808
298,289,LAP3,GT(ROSA)26SOR,0.6624757
319,475,LAPTM4B,BCL2,0.95039636
319,621,LAPTM4B,SNRPB,0.9282103
319,353,LAPTM4B,CBFB,0.895775
319,413,LAPTM4B,RASSF4,0.8941586
319,587,LAPTM4B,NCAPD2,0.8933038
319,67,LAPTM4B,HDAC2,0.8850062
319,589,LAPTM4B,YBX1,0.8819421
319,209,LAPTM4B,ZBTB16,0.8709828
319,165,LAPTM4B,GTF2H1,0.8593966
319,485,LAPTM4B,ABL1,0.8572532
319,206,LAPTM4B,ZDHHC6,0.8222312
319,508,LAPTM4B,NDRG1,0.82139933
319,161,LAPTM4B,JARID2,0.81536126
319,29,LAPTM4B,IKZF1,0.8147214
319,261,LAPTM4B,EZR,0.79879767
319,292,LAPTM4B,HDAC7,0.7929506
319,437,LAPTM4B,MYB,0.76768965
319,283,LAPTM4B,EGR1,0.7656194
319,439,LAPTM4B,DDX20,0.7637642
319,48,LAPTM4B,ELANE,0.7628878
319,367,LAPTM4B,HCFC1,0.762447
319,631,LAPTM4B,ZFP36,0.7616878
319,486,LAPTM4B,NFKBIA,0.7551303
319,351,LAPTM4B,ERCC8,0.7502097
319,564,LAPTM4B,MFNG,0.74007237
319,208,LAPTM4B,CISH,0.7360838
319,177,LAPTM4B,RELB,0.7349779
319,175,LAPTM4B,TLE2,0.727379
319,331,LAPTM4B,PIM2,0.7212916
319,196,LAPTM4B,RARS,0.7185634
319,363,LAPTM4B,MYC,0.7176446
319,410,LAPTM4B,SMARCA2,0.7174124
319,422,LAPTM4B,SESN1,0.7136104
319,466,LAPTM4B,ABCG2,0.71360517
319,482,LAPTM4B,NFATC2,0.7129028
319,180,LAPTM4B,TRIM35,0.7070132
319,436,LAPTM4B,RARB,0.7036986
319,263,LAPTM4B,JUN,0.70247537
319,315,LAPTM4B,CTSL,0.70188516
319,357,LAPTM4B,MEIS1,0.6969625
319,81,LAPTM4B,HDAC11,0.6961269
319,557,LAPTM4B,SATB1,0.69231915
319,494,LAPTM4B,USP11,0.6917651
319,82,LAPTM4B,RB1,0.69166064
319,232,LAPTM4B,ICAM1,0.68858284
319,34,LAPTM4B,MAML3,0.68767226
319,580,LAPTM4B,MLLT3,0.6799653
319,550,LAPTM4B,CREB5,0.6749249
319,6,LAPTM4B,BTG2,0.66849935
319,536,LAPTM4B,SPI1,0.66701454
556,621,LCP2,SNRPB,0.9282103
556,353,LCP2,CBFB,0.895775
556,475,LCP2,BCL2,0.8942831
556,413,LCP2,RASSF4,0.8941586
556,587,LCP2,NCAPD2,0.8939444
556,67,LCP2,HDAC2,0.8850062
556,589,LCP2,YBX1,0.88198805
556,209,LCP2,ZBTB16,0.8709828
556,165,LCP2,GTF2H1,0.8593966
556,485,LCP2,ABL1,0.85706496
556,292,LCP2,HDAC7,0.8490846
556,206,LCP2,ZDHHC6,0.8222312
556,508,LCP2,NDRG1,0.82139933
556,29,LCP2,IKZF1,0.8147214
556,261,LCP2,EZR,0.79889566
556,161,LCP2,JARID2,0.7922321
556,367,LCP2,HCFC1,0.7698142
556,283,LCP2,EGR1,0.7656194
556,439,LCP2,DDX20,0.7637642
556,48,LCP2,ELANE,0.7628878
556,631,LCP2,ZFP36,0.7616878
556,486,LCP2,NFKBIA,0.7565134
556,351,LCP2,ERCC8,0.7502097
556,208,LCP2,CISH,0.7360838
556,177,LCP2,RELB,0.73413795
556,331,LCP2,PIM2,0.7212916
556,196,LCP2,RARS,0.71859664
556,363,LCP2,MYC,0.7176446
556,410,LCP2,SMARCA2,0.7174124
556,482,LCP2,NFATC2,0.71484596
556,422,LCP2,SESN1,0.71370655
556,466,LCP2,ABCG2,0.7096625
556,180,LCP2,TRIM35,0.70863396
556,436,LCP2,RARB,0.7054761
556,263,LCP2,JUN,0.7036811
556,357,LCP2,MEIS1,0.6965902
556,81,LCP2,HDAC11,0.6961269
556,494,LCP2,USP11,0.6917651
556,82,LCP2,RB1,0.69159496
556,232,LCP2,ICAM1,0.68858284
556,34,LCP2,MAML3,0.68767226
556,183,LCP2,XAF1,0.6833825
556,437,LCP2,MYB,0.6773276
556,315,LCP2,CTSL,0.67211604
556,6,LCP2,BTG2,0.66849935
556,564,LCP2,MFNG,0.66813326
556,536,LCP2,SPI1,0.66701454
556,449,LCP2,TIE1,0.6653325
556,613,LCP2,PGLYRP2,0.6630675
556,253,LCP2,GRINA,0.6624757
238,621,LDHB,SNRPB,0.9282103
238,353,LDHB,CBFB,0.895775
238,475,LDHB,BCL2,0.8942831
238,413,LDHB,RASSF4,0.8941586
238,587,LDHB,NCAPD2,0.8941586
238,209,LDHB,ZBTB16,0.89039236
238,67,LDHB,HDAC2,0.8850062
238,589,LDHB,YBX1,0.8819421
238,485,LDHB,ABL1,0.8572532
238,292,LDHB,HDAC7,0.8490846
238,206,LDHB,ZDHHC6,0.8222312
238,508,LDHB,NDRG1,0.82139933
238,161,LDHB,JARID2,0.81536126
238,165,LDHB,GTF2H1,0.81505626
238,29,LDHB,IKZF1,0.81439006
238,261,LDHB,EZR,0.79889566
238,367,LDHB,HCFC1,0.7696027
238,437,LDHB,MYB,0.76757336
238,283,LDHB,EGR1,0.76525295
238,439,LDHB,DDX20,0.7642922
238,48,LDHB,ELANE,0.7628878
238,631,LDHB,ZFP36,0.7616878
238,486,LDHB,NFKBIA,0.7551303
238,351,LDHB,ERCC8,0.7502097
238,564,LDHB,MFNG,0.74007237
238,208,LDHB,CISH,0.7360838
238,177,LDHB,RELB,0.73415965
238,331,LDHB,PIM2,0.7212916
238,196,LDHB,RARS,0.71889025
238,363,LDHB,MYC,0.7176446
238,410,LDHB,SMARCA2,0.7171445
238,333,LDHB,EPAS1,0.7149368
238,482,LDHB,NFATC2,0.71484596
238,466,LDHB,ABCG2,0.7133517
238,180,LDHB,TRIM35,0.7070132
238,436,LDHB,RARB,0.7036986
238,263,LDHB,JUN,0.70247537
238,315,LDHB,CTSL,0.70178914
238,357,LDHB,MEIS1,0.6965902
238,81,LDHB,HDAC11,0.6961269
238,557,LDHB,SATB1,0.69231915
238,494,LDHB,USP11,0.6917651
238,82,LDHB,RB1,0.69159496
238,232,LDHB,ICAM1,0.68858284
238,34,LDHB,MAML3,0.68767226
238,422,LDHB,SESN1,0.68743384
238,289,LDHB,GT(ROSA)26SOR,0.6688707
238,6,LDHB,BTG2,0.66849935
238,146,LDHB,SCARF1,0.6670265
238,536,LDHB,SPI1,0.66701454
365,621,LGALS1,SNRPB,0.9282103
365,353,LGALS1,CBFB,0.895775
365,475,LGALS1,BCL2,0.8942831
365,587,LGALS1,NCAPD2,0.89422727
365,413,LGALS1,RASSF4,0.89416087
365,67,LGALS1,HDAC2,0.88490814
365,589,LGALS1,YBX1,0.8819421
365,165,LGALS1,GTF2H1,0.8593966
365,485,LGALS1,ABL1,0.8572532
365,29,LGALS1,IKZF1,0.8267248
365,206,LGALS1,ZDHHC6,0.8222312
365,508,LGALS1,NDRG1,0.82139933
365,161,LGALS1,JARID2,0.81525224
365,209,LGALS1,ZBTB16,0.8072328
365,292,LGALS1,HDAC7,0.8041737
365,261,LGALS1,EZR,0.79889566
365,367,LGALS1,HCFC1,0.7698142
365,437,LGALS1,MYB,0.76757336
365,283,LGALS1,EGR1,0.7656194
365,48,LGALS1,ELANE,0.7628878
365,439,LGALS1,DDX20,0.7626566
365,631,LGALS1,ZFP36,0.7616878
365,486,LGALS1,NFKBIA,0.7551303
365,351,LGALS1,ERCC8,0.75034046
365,564,LGALS1,MFNG,0.74007237
365,208,LGALS1,CISH,0.7360838
365,177,LGALS1,RELB,0.73413795
365,331,LGALS1,PIM2,0.72126895
365,196,LGALS1,RARS,0.71859664
365,363,LGALS1,MYC,0.7176446
365,410,LGALS1,SMARCA2,0.7174124
365,482,LGALS1,NFATC2,0.71484596
365,422,LGALS1,SESN1,0.7136104
365,466,LGALS1,ABCG2,0.71360517
365,180,LGALS1,TRIM35,0.7070132
365,436,LGALS1,RARB,0.7036986
365,315,LGALS1,CTSL,0.70188516
365,81,LGALS1,HDAC11,0.70042366
365,357,LGALS1,MEIS1,0.69739044
365,557,LGALS1,SATB1,0.69231915
365,232,LGALS1,ICAM1,0.69220525
365,494,LGALS1,USP11,0.6917651
365,82,LGALS1,RB1,0.6917252
365,34,LGALS1,MAML3,0.68767226
365,6,LGALS1,BTG2,0.66849935
365,536,LGALS1,SPI1,0.66701454
365,449,LGALS1,TIE1,0.66557777
365,253,LGALS1,GRINA,0.6627956
365,289,LGALS1,GT(ROSA)26SOR,0.6624757
365,613,LGALS1,PGLYRP2,0.6624757
297,137,LIG1,MYCN,0.9839156
297,189,LIG1,MCM5,0.9838807
297,204,LIG1,MCM2,0.9838479
297,299,LIG1,ORC2,0.9835713
297,259,LIG1,NUP107,0.9833097
297,575,LIG1,GTF2F1,0.9831208
297,350,LIG1,MCM6,0.9830661
297,426,LIG1,PRPF4,0.9819625
297,561,LIG1,MCM7,0.9813151
297,500,LIG1,MCM3,0.98130655
297,118,LIG1,MIS12,0.9811586
297,414,LIG1,CENPK,0.9810883
297,375,LIG1,SRSF1,0.9797703
297,554,LIG1,CDT1,0.9778495
297,323,LIG1,MCM4,0.9761938
297,392,LIG1,DCAF13,0.9747833
297,119,LIG1,SLC2A3,0.9739284
297,497,LIG1,TYMS,0.9714253
297,74,LIG1,TOP2A,0.96938163
297,42,LIG1,HMGB2,0.9691579
297,182,LIG1,RPA1,0.96708983
297,30,LIG1,PBK,0.9670342
297,279,LIG1,AURKB,0.96670914
297,198,LIG1,NDN,0.9663159
297,53,LIG1,ORC6,0.96433985
297,411,LIG1,CDC45,0.96362567
297,478,LIG1,MKI67,0.96254945
297,361,LIG1,CCNB2,0.9600764
297,399,LIG1,RRM2,0.9595568
297,433,LIG1,XPC,0.9589272
297,102,LIG1,PRIM1,0.9588448
297,21,LIG1,RRM1,0.9565906
297,266,LIG1,MSH6,0.9564185
297,620,LIG1,TIPIN,0.9557711
297,240,LIG1,RPA2,0.95517015
297,290,LIG1,POLD1,0.9526102
297,610,LIG1,PRIM2,0.95205575
297,273,LIG1,FIGNL1,0.94952685
297,439,LIG1,DDX20,0.9492304
297,246,LIG1,TK1,0.94674504
297,407,LIG1,CDC7,0.94674504
297,621,LIG1,SNRPB,0.937783
297,363,LIG1,MYC,0.92632985
297,367,LIG1,HCFC1,0.9098739
297,371,LIG1,SPO11,0.8984031
297,589,LIG1,YBX1,0.88658094
297,372,LIG1,BACE1,0.8617409
297,117,LIG1,TFG,0.8616875
297,226,LIG1,POLR2B,0.8450867
297,82,LIG1,RB1,0.82682586
187,475,LMO4,BCL2,0.9724939
187,29,LMO4,IKZF1,0.9682685
187,485,LMO4,ABL1,0.9639605
187,292,LMO4,HDAC7,0.96296823
187,283,LMO4,EGR1,0.95157766
187,161,LMO4,JARID2,0.9492079
187,64,LMO4,IRF9,0.94366723
187,466,LMO4,ABCG2,0.9435115
187,79,LMO4,STAT2,0.941934
187,536,LMO4,SPI1,0.9399294
187,613,LMO4,PGLYRP2,0.93989193
187,253,LMO4,GRINA,0.93973297
187,293,LMO4,IRF7,0.938829
187,263,LMO4,JUN,0.9381195
187,420,LMO4,FDFT1,0.93801206
187,219,LMO4,TLR4,0.93707687
187,278,LMO4,NCF1,0.93707687
187,162,LMO4,FES,0.9370079
187,6,LMO4,BTG2,0.9363333
187,270,LMO4,VDR,0.9350784
187,196,LMO4,RARS,0.93471956
187,27,LMO4,IRF8,0.9343103
187,73,LMO4,RORC,0.93419844
187,206,LMO4,ZDHHC6,0.9336938
187,251,LMO4,IRF6,0.9336348
187,213,LMO4,TCP11L2,0.9333231
187,52,LMO4,FCGR2B,0.933029
187,304,LMO4,HLF,0.933029
187,622,LMO4,KRT18,0.9317994
187,69,LMO4,NAP1L3,0.9317911
187,146,LMO4,SCARF1,0.9317911
187,194,LMO4,GOLPH3,0.9317911
187,546,LMO4,PROCR,0.9317911
187,590,LMO4,IL12A,0.9315808
187,209,LMO4,ZBTB16,0.9313439
187,517,LMO4,H1F0,0.9310235
187,224,LMO4,MAPK12,0.9237666
187,183,LMO4,XAF1,0.9233952
187,354,LMO4,IIGP1,0.9233952
187,504,LMO4,IFI44,0.9233952
187,276,LMO4,REL,0.92236894
187,109,LMO4,H2-AA,0.9222511
187,50,LMO4,NFAT5,0.9219519
187,550,LMO4,CREB5,0.92194927
187,57,LMO4,OASL2,0.9208336
187,277,LMO4,RTP4,0.9208336
187,580,LMO4,MLLT3,0.9206544
187,208,LMO4,CISH,0.9190593
187,289,LMO4,GT(ROSA)26SOR,0.91867065
187,559,LMO4,RUNX1T1,0.91628146
235,621,LONP1,SNRPB,0.9281673
235,353,LONP1,CBFB,0.89573085
235,475,LONP1,BCL2,0.894214
235,413,LONP1,RASSF4,0.89408064
235,587,LONP1,NCAPD2,0.89408064
235,209,LONP1,ZBTB16,0.8903025
235,67,LONP1,HDAC2,0.88492167
235,589,LONP1,YBX1,0.88188785
235,485,LONP1,ABL1,0.8571527
235,292,LONP1,HDAC7,0.84897804
235,206,LONP1,ZDHHC6,0.822124
235,508,LONP1,NDRG1,0.82129323
235,161,LONP1,JARID2,0.8152538
235,165,LONP1,GTF2H1,0.81496954
235,29,LONP1,IKZF1,0.814353
235,261,LONP1,EZR,0.79883623
235,367,LONP1,HCFC1,0.76946056
235,437,LONP1,MYB,0.76750004
235,283,LONP1,EGR1,0.76520425
235,439,LONP1,DDX20,0.7641027
235,48,LONP1,ELANE,0.7628451
235,631,LONP1,ZFP36,0.7615909
235,486,LONP1,NFKBIA,0.7550629
235,351,LONP1,ERCC8,0.75006014
235,564,LONP1,MFNG,0.73998845
235,208,LONP1,CISH,0.7360108
235,177,LONP1,RELB,0.73401064
235,331,LONP1,PIM2,0.72123724
235,196,LONP1,RARS,0.71879834
235,363,LONP1,MYC,0.7175018
235,410,LONP1,SMARCA2,0.71705955
235,333,LONP1,EPAS1,0.714851
235,482,LONP1,NFATC2,0.7147187
235,466,LONP1,ABCG2,0.71338904
235,180,LONP1,TRIM35,0.70693356
235,436,LONP1,RARB,0.703667
235,263,LONP1,JUN,0.70238316
235,315,LONP1,CTSL,0.7017455
235,357,LONP1,MEIS1,0.6966598
235,81,LONP1,HDAC11,0.6960972
235,557,LONP1,SATB1,0.6922893
235,494,LONP1,USP11,0.69174117
235,82,LONP1,RB1,0.6914304
235,232,LONP1,ICAM1,0.68855125
235,34,LONP1,MAML3,0.6876877
235,422,LONP1,SESN1,0.6874138
235,289,LONP1,GT(ROSA)26SOR,0.6688971
235,6,LONP1,BTG2,0.668526
235,146,LONP1,SCARF1,0.66709685
235,536,LONP1,SPI1,0.6669487
241,621,LONP2,SNRPB,0.9282103
241,353,LONP2,CBFB,0.895775
241,475,LONP2,BCL2,0.8942831
241,413,LONP2,RASSF4,0.8941586
241,587,LONP2,NCAPD2,0.8941586
241,67,LONP2,HDAC2,0.8850062
241,589,LONP2,YBX1,0.8819421
241,209,LONP2,ZBTB16,0.8709828
241,165,LONP2,GTF2H1,0.8593966
241,292,LONP2,HDAC7,0.8490846
241,508,LONP2,NDRG1,0.8247013
241,206,LONP2,ZDHHC6,0.8222312
241,161,LONP2,JARID2,0.81487155
241,29,LONP2,IKZF1,0.8147214
241,261,LONP2,EZR,0.79889566
241,631,LONP2,ZFP36,0.7947974
241,367,LONP2,HCFC1,0.7698142
241,437,LONP2,MYB,0.76757336
241,283,LONP2,EGR1,0.7656194
241,439,LONP2,DDX20,0.7637642
241,48,LONP2,ELANE,0.7628878
241,486,LONP2,NFKBIA,0.7551303
241,485,LONP2,ABL1,0.75403035
241,351,LONP2,ERCC8,0.7502097
241,564,LONP2,MFNG,0.74007237
241,177,LONP2,RELB,0.73413795
241,208,LONP2,CISH,0.7320323
241,331,LONP2,PIM2,0.7212916
241,196,LONP2,RARS,0.71889025
241,363,LONP2,MYC,0.7176446
241,410,LONP2,SMARCA2,0.7174124
241,482,LONP2,NFATC2,0.71484596
241,466,LONP2,ABCG2,0.71360517
241,422,LONP2,SESN1,0.713549
241,180,LONP2,TRIM35,0.7070132
241,436,LONP2,RARB,0.7036986
241,263,LONP2,JUN,0.7034061
241,315,LONP2,CTSL,0.70188516
241,357,LONP2,MEIS1,0.6965827
241,81,LONP2,HDAC11,0.6961269
241,494,LONP2,USP11,0.6917651
241,82,LONP2,RB1,0.69159496
241,557,LONP2,SATB1,0.6896451
241,232,LONP2,ICAM1,0.68824357
241,34,LONP2,MAML3,0.68767226
241,6,LONP2,BTG2,0.66849935
241,536,LONP2,SPI1,0.66704243
241,449,LONP2,TIE1,0.66557777
241,253,LONP2,GRINA,0.6628925
241,613,LONP2,PGLYRP2,0.6624757
133,29,LTB,IKZF1,0.9664783
133,475,LTB,BCL2,0.9655734
133,292,LTB,HDAC7,0.96217245
133,485,LTB,ABL1,0.96114814
133,283,LTB,EGR1,0.95157236
133,161,LTB,JARID2,0.94762105
133,79,LTB,STAT2,0.946964
133,196,LTB,RARS,0.94575685
133,263,LTB,JUN,0.9437994
133,466,LTB,ABCG2,0.9432239
133,64,LTB,IRF9,0.9387071
133,6,LTB,BTG2,0.93744653
133,206,LTB,ZDHHC6,0.9370085
133,253,LTB,GRINA,0.9369992
133,289,LTB,GT(ROSA)26SOR,0.9369992
133,613,LTB,PGLYRP2,0.9369992
133,536,LTB,SPI1,0.93555856
133,293,LTB,IRF7,0.9334943
133,420,LTB,FDFT1,0.9332569
133,515,LTB,IGHM,0.93257684
133,162,LTB,FES,0.93256056
133,219,LTB,TLR4,0.93253374
133,270,LTB,VDR,0.93125314
133,353,LTB,CBFB,0.93083495
133,69,LTB,NAP1L3,0.9307492
133,146,LTB,SCARF1,0.9307492
133,175,LTB,TLE2,0.9307492
133,194,LTB,GOLPH3,0.9307492
133,441,LTB,EBF1,0.9307492
133,546,LTB,PROCR,0.9307492
133,631,LTB,ZFP36,0.93056047
133,73,LTB,RORC,0.929382
133,27,LTB,IRF8,0.929061
133,52,LTB,FCGR2B,0.9289037
133,304,LTB,HLF,0.9289037
133,209,LTB,ZBTB16,0.92849267
133,251,LTB,IRF6,0.9276659
133,590,LTB,IL12A,0.9264882
133,517,LTB,H1F0,0.92631185
133,177,LTB,RELB,0.92380524
133,580,LTB,MLLT3,0.9235754
133,622,LTB,KRT18,0.9231295
133,213,LTB,TCP11L2,0.9230128
133,208,LTB,CISH,0.922229
133,224,LTB,MAPK12,0.9205867
133,436,LTB,RARB,0.920188
133,557,LTB,SATB1,0.9177867
133,183,LTB,XAF1,0.9170333
133,354,LTB,IIGP1,0.9170333
133,276,LTB,REL,0.9163702
77,621,LY6A,SNRPB,0.9251859
77,353,LY6A,CBFB,0.895775
77,475,LY6A,BCL2,0.8942831
77,413,LY6A,RASSF4,0.8942356
77,587,LY6A,NCAPD2,0.8941586
77,67,LY6A,HDAC2,0.8852011
77,589,LY6A,YBX1,0.8819421
77,209,LY6A,ZBTB16,0.8709828
77,292,LY6A,HDAC7,0.84842736
77,485,LY6A,ABL1,0.8363876
77,206,LY6A,ZDHHC6,0.8222312
77,508,LY6A,NDRG1,0.8213929
77,161,LY6A,JARID2,0.81536126
77,29,LY6A,IKZF1,0.8147214
77,261,LY6A,EZR,0.79889566
77,165,LY6A,GTF2H1,0.7905664
77,367,LY6A,HCFC1,0.7698142
77,437,LY6A,MYB,0.76757336
77,283,LY6A,EGR1,0.76559925
77,439,LY6A,DDX20,0.7637642
77,48,LY6A,ELANE,0.7628878
77,631,LY6A,ZFP36,0.7616878
77,486,LY6A,NFKBIA,0.7551303
77,351,LY6A,ERCC8,0.7502097
77,564,LY6A,MFNG,0.74007237
77,208,LY6A,CISH,0.7360838
77,177,LY6A,RELB,0.72690064
77,331,LY6A,PIM2,0.7212916
77,357,LY6A,MEIS1,0.7208254
77,196,LY6A,RARS,0.7207562
77,363,LY6A,MYC,0.7176446
77,410,LY6A,SMARCA2,0.7174124
77,482,LY6A,NFATC2,0.7148765
77,466,LY6A,ABCG2,0.71360517
77,422,LY6A,SESN1,0.7135247
77,180,LY6A,TRIM35,0.7070132
77,436,LY6A,RARB,0.7033897
77,263,LY6A,JUN,0.70247537
77,315,LY6A,CTSL,0.70188516
77,81,LY6A,HDAC11,0.6961269
77,557,LY6A,SATB1,0.6927147
77,494,LY6A,USP11,0.6917651
77,82,LY6A,RB1,0.69159496
77,232,LY6A,ICAM1,0.68881
77,34,LY6A,MAML3,0.68767226
77,559,LY6A,RUNX1T1,0.67847216
77,78,LY6A,MECOM,0.6708156
77,613,LY6A,PGLYRP2,0.6698586
77,536,LY6A,SPI1,0.66701454
77,449,LY6A,TIE1,0.66557777
51,621,LY6C2,SNRPB,0.9282103
51,353,LY6C2,CBFB,0.8957641
51,475,LY6C2,BCL2,0.8944421
51,413,LY6C2,RASSF4,0.8941586
51,587,LY6C2,NCAPD2,0.8941586
51,67,LY6C2,HDAC2,0.8850062
51,589,LY6C2,YBX1,0.8819421
51,209,LY6C2,ZBTB16,0.8709828
51,165,LY6C2,GTF2H1,0.8593966
51,485,LY6C2,ABL1,0.8570896
51,206,LY6C2,ZDHHC6,0.8219902
51,508,LY6C2,NDRG1,0.82139933
51,161,LY6C2,JARID2,0.81536126
51,261,LY6C2,EZR,0.7967281
51,292,LY6C2,HDAC7,0.7930609
51,29,LY6C2,IKZF1,0.78026545
51,367,LY6C2,HCFC1,0.7698142
51,437,LY6C2,MYB,0.76757336
51,283,LY6C2,EGR1,0.7656194
51,48,LY6C2,ELANE,0.76273406
51,631,LY6C2,ZFP36,0.7616878
51,351,LY6C2,ERCC8,0.7502097
51,564,LY6C2,MFNG,0.74007237
51,208,LY6C2,CISH,0.7360838
51,177,LY6C2,RELB,0.73413795
51,196,LY6C2,RARS,0.71889025
51,363,LY6C2,MYC,0.7177007
51,410,LY6C2,SMARCA2,0.7174124
51,331,LY6C2,PIM2,0.7170891
51,482,LY6C2,NFATC2,0.71484596
51,422,LY6C2,SESN1,0.7136104
51,486,LY6C2,NFKBIA,0.70926327
51,180,LY6C2,TRIM35,0.7070132
51,436,LY6C2,RARB,0.7036986
51,263,LY6C2,JUN,0.7021251
51,315,LY6C2,CTSL,0.70188516
51,357,LY6C2,MEIS1,0.6965902
51,81,LY6C2,HDAC11,0.6961269
51,557,LY6C2,SATB1,0.69231915
51,494,LY6C2,USP11,0.6917651
51,82,LY6C2,RB1,0.69073874
51,232,LY6C2,ICAM1,0.68858284
51,34,LY6C2,MAML3,0.68770546
51,6,LY6C2,BTG2,0.66849935
51,536,LY6C2,SPI1,0.66701454
51,449,LY6C2,TIE1,0.665706
51,253,LY6C2,GRINA,0.6624757
51,289,LY6C2,GT(ROSA)26SOR,0.6624757
51,613,LY6C2,PGLYRP2,0.6624757
51,69,LY6C2,NAP1L3,0.6570883
17,621,LYN,SNRPB,0.9282103
17,353,LYN,CBFB,0.89579654
17,475,LYN,BCL2,0.8942831
17,413,LYN,RASSF4,0.8941586
17,587,LYN,NCAPD2,0.89158714
17,67,LYN,HDAC2,0.8850062
17,589,LYN,YBX1,0.8819421
17,209,LYN,ZBTB16,0.8709828
17,165,LYN,GTF2H1,0.8593966
17,485,LYN,ABL1,0.8572532
17,292,LYN,HDAC7,0.8490846
17,508,LYN,NDRG1,0.82210386
17,161,LYN,JARID2,0.81536126
17,29,LYN,IKZF1,0.8147214
17,206,LYN,ZDHHC6,0.80926615
17,261,LYN,EZR,0.7957867
17,367,LYN,HCFC1,0.7698142
17,437,LYN,MYB,0.76763517
17,283,LYN,EGR1,0.7656194
17,439,LYN,DDX20,0.7637642
17,631,LYN,ZFP36,0.7616878
17,486,LYN,NFKBIA,0.7549916
17,351,LYN,ERCC8,0.7502097
17,564,LYN,MFNG,0.74007237
17,208,LYN,CISH,0.7360558
17,196,LYN,RARS,0.71889025
17,410,LYN,SMARCA2,0.7174124
17,363,LYN,MYC,0.7160851
17,482,LYN,NFATC2,0.71484596
17,466,LYN,ABCG2,0.71360517
17,422,LYN,SESN1,0.70703137
17,180,LYN,TRIM35,0.7070132
17,177,LYN,RELB,0.70509493
17,436,LYN,RARB,0.7036986
17,263,LYN,JUN,0.70247537
17,315,LYN,CTSL,0.70188516
17,357,LYN,MEIS1,0.6965902
17,81,LYN,HDAC11,0.6961269
17,557,LYN,SATB1,0.69376844
17,494,LYN,USP11,0.69198936
17,82,LYN,RB1,0.69159496
17,232,LYN,ICAM1,0.68858284
17,304,LYN,HLF,0.68721735
17,331,LYN,PIM2,0.6839813
17,48,LYN,ELANE,0.67642653
17,6,LYN,BTG2,0.66849935
17,536,LYN,SPI1,0.66701454
17,449,LYN,TIE1,0.66557777
17,34,LYN,MAML3,0.66279125
17,253,LYN,GRINA,0.6624757
156,621,LZTS1,SNRPB,0.9095455
156,475,LZTS1,BCL2,0.8936018
156,353,LZTS1,CBFB,0.89190745
156,413,LZTS1,RASSF4,0.88573366
156,67,LZTS1,HDAC2,0.8758036
156,209,LZTS1,ZBTB16,0.8679324
156,589,LZTS1,YBX1,0.857381
156,587,LZTS1,NCAPD2,0.8492623
156,485,LZTS1,ABL1,0.8484391
156,292,LZTS1,HDAC7,0.84245634
156,165,LZTS1,GTF2H1,0.83828926
156,508,LZTS1,NDRG1,0.814617
156,161,LZTS1,JARID2,0.8002652
156,206,LZTS1,ZDHHC6,0.7941312
156,261,LZTS1,EZR,0.78614503
156,29,LZTS1,IKZF1,0.7714463
156,48,LZTS1,ELANE,0.76955384
156,486,LZTS1,NFKBIA,0.7506243
156,283,LZTS1,EGR1,0.7482146
156,367,LZTS1,HCFC1,0.7373348
156,439,LZTS1,DDX20,0.7313933
156,564,LZTS1,MFNG,0.72962135
156,208,LZTS1,CISH,0.7283332
156,631,LZTS1,ZFP36,0.72591
156,437,LZTS1,MYB,0.72445613
156,315,LZTS1,CTSL,0.71564835
156,351,LZTS1,ERCC8,0.71552783
156,482,LZTS1,NFATC2,0.7126186
156,177,LZTS1,RELB,0.7070057
156,494,LZTS1,USP11,0.701517
156,331,LZTS1,PIM2,0.6980993
156,363,LZTS1,MYC,0.6980514
156,410,LZTS1,SMARCA2,0.6883959
156,466,LZTS1,ABCG2,0.67590696
156,196,LZTS1,RARS,0.6751378
156,263,LZTS1,JUN,0.67377007
156,357,LZTS1,MEIS1,0.673112
156,180,LZTS1,TRIM35,0.67063624
156,81,LZTS1,HDAC11,0.66904765
156,436,LZTS1,RARB,0.6668071
156,557,LZTS1,SATB1,0.66200423
156,232,LZTS1,ICAM1,0.65478075
156,82,LZTS1,RB1,0.65115625
156,289,LZTS1,GT(ROSA)26SOR,0.6498334
156,613,LZTS1,PGLYRP2,0.6496026
156,422,LZTS1,SESN1,0.64916426
156,536,LZTS1,SPI1,0.64910287
156,253,LZTS1,GRINA,0.64868575
156,6,LZTS1,BTG2,0.63760954
156,34,LZTS1,MAML3,0.6349987
443,621,MAD2L1,SNRPB,0.9282373
443,353,MAD2L1,CBFB,0.895775
443,475,MAD2L1,BCL2,0.8944421
443,587,MAD2L1,NCAPD2,0.8941586
443,413,MAD2L1,RASSF4,0.8935497
443,67,MAD2L1,HDAC2,0.8850062
443,209,MAD2L1,ZBTB16,0.8709828
443,165,MAD2L1,GTF2H1,0.8593966
443,589,MAD2L1,YBX1,0.8506883
443,292,MAD2L1,HDAC7,0.84895015
443,206,MAD2L1,ZDHHC6,0.82202345
443,508,MAD2L1,NDRG1,0.8203991
443,161,MAD2L1,JARID2,0.81536126
443,29,MAD2L1,IKZF1,0.8147214
443,261,MAD2L1,EZR,0.79889566
443,367,MAD2L1,HCFC1,0.7906443
443,485,MAD2L1,ABL1,0.77565306
443,437,MAD2L1,MYB,0.76757336
443,283,MAD2L1,EGR1,0.7656194
443,439,MAD2L1,DDX20,0.7637642
443,48,MAD2L1,ELANE,0.7628878
443,631,MAD2L1,ZFP36,0.7616878
443,486,MAD2L1,NFKBIA,0.7551303
443,351,MAD2L1,ERCC8,0.7502097
443,564,MAD2L1,MFNG,0.7400864
443,208,MAD2L1,CISH,0.7370026
443,177,MAD2L1,RELB,0.73413795
443,331,MAD2L1,PIM2,0.7212916
443,196,MAD2L1,RARS,0.71889025
443,363,MAD2L1,MYC,0.7182519
443,410,MAD2L1,SMARCA2,0.7174124
443,482,MAD2L1,NFATC2,0.71484596
443,422,MAD2L1,SESN1,0.7136104
443,466,MAD2L1,ABCG2,0.71360517
443,180,MAD2L1,TRIM35,0.7070132
443,263,MAD2L1,JUN,0.7050149
443,436,MAD2L1,RARB,0.70343024
443,357,MAD2L1,MEIS1,0.69683266
443,81,MAD2L1,HDAC11,0.6961269
443,557,MAD2L1,SATB1,0.69231915
443,494,MAD2L1,USP11,0.6917651
443,82,MAD2L1,RB1,0.69159496
443,232,MAD2L1,ICAM1,0.6886319
443,34,MAD2L1,MAML3,0.68813443
443,6,MAD2L1,BTG2,0.66849935
443,536,MAD2L1,SPI1,0.66706234
443,449,MAD2L1,TIE1,0.6655239
443,253,MAD2L1,GRINA,0.6624757
443,289,MAD2L1,GT(ROSA)26SOR,0.6624757
443,613,MAD2L1,PGLYRP2,0.6624757
450,413,MAGED1,RASSF4,0.97749805
450,587,MAGED1,NCAPD2,0.97749805
450,353,MAGED1,CBFB,0.97587526
450,67,MAGED1,HDAC2,0.9755558
450,621,MAGED1,SNRPB,0.9727623
450,209,MAGED1,ZBTB16,0.96146995
450,165,MAGED1,GTF2H1,0.9598782
450,589,MAGED1,YBX1,0.95927846
450,508,MAGED1,NDRG1,0.9587431
450,475,MAGED1,BCL2,0.9560688
450,485,MAGED1,ABL1,0.951177
450,261,MAGED1,EZR,0.9486385
450,206,MAGED1,ZDHHC6,0.9466597
450,161,MAGED1,JARID2,0.9425379
450,292,MAGED1,HDAC7,0.94231194
450,564,MAGED1,MFNG,0.933948
450,631,MAGED1,ZFP36,0.9317783
450,486,MAGED1,NFKBIA,0.93164843
450,29,MAGED1,IKZF1,0.92981297
450,482,MAGED1,NFATC2,0.9273197
450,367,MAGED1,HCFC1,0.92536736
450,439,MAGED1,DDX20,0.92103153
450,331,MAGED1,PIM2,0.9133493
450,48,MAGED1,ELANE,0.91118455
450,283,MAGED1,EGR1,0.9087456
450,351,MAGED1,ERCC8,0.9064009
450,315,MAGED1,CTSL,0.9055571
450,422,MAGED1,SESN1,0.8997021
450,410,MAGED1,SMARCA2,0.89928085
450,177,MAGED1,RELB,0.897933
450,208,MAGED1,CISH,0.895112
450,494,MAGED1,USP11,0.8705479
450,180,MAGED1,TRIM35,0.86686605
450,226,MAGED1,POLR2B,0.86460197
450,436,MAGED1,RARB,0.8645477
450,437,MAGED1,MYB,0.86302114
450,82,MAGED1,RB1,0.8617376
450,81,MAGED1,HDAC11,0.85818386
450,104,MAGED1,BTK,0.855984
450,196,MAGED1,RARS,0.85260695
450,347,MAGED1,RNF4,0.851732
450,363,MAGED1,MYC,0.8480648
450,557,MAGED1,SATB1,0.8410117
450,34,MAGED1,MAML3,0.83909154
450,232,MAGED1,ICAM1,0.8378604
450,134,MAGED1,PA2G4,0.83048105
450,263,MAGED1,JUN,0.82857054
450,480,MAGED1,WDR5,0.827091
450,357,MAGED1,MEIS1,0.82529444
450,199,MAGED1,E2F4,0.81369656
76,621,MAGED2,SNRPB,0.9282103
76,353,MAGED2,CBFB,0.895775
76,475,MAGED2,BCL2,0.8942831
76,587,MAGED2,NCAPD2,0.8942723
76,413,MAGED2,RASSF4,0.8942356
76,67,MAGED2,HDAC2,0.8852011
76,589,MAGED2,YBX1,0.8819421
76,209,MAGED2,ZBTB16,0.8709828
76,292,MAGED2,HDAC7,0.84842736
76,485,MAGED2,ABL1,0.8363876
76,206,MAGED2,ZDHHC6,0.8222312
76,508,MAGED2,NDRG1,0.8213929
76,161,MAGED2,JARID2,0.81536126
76,29,MAGED2,IKZF1,0.8147214
76,261,MAGED2,EZR,0.79889566
76,165,MAGED2,GTF2H1,0.7905664
76,367,MAGED2,HCFC1,0.7698142
76,437,MAGED2,MYB,0.76757336
76,283,MAGED2,EGR1,0.76559925
76,439,MAGED2,DDX20,0.7637642
76,48,MAGED2,ELANE,0.7628878
76,631,MAGED2,ZFP36,0.7616878
76,486,MAGED2,NFKBIA,0.7551303
76,351,MAGED2,ERCC8,0.7502097
76,564,MAGED2,MFNG,0.74007237
76,208,MAGED2,CISH,0.7360838
76,177,MAGED2,RELB,0.72690064
76,331,MAGED2,PIM2,0.7212916
76,357,MAGED2,MEIS1,0.7208254
76,196,MAGED2,RARS,0.7207562
76,363,MAGED2,MYC,0.7176446
76,410,MAGED2,SMARCA2,0.7174124
76,482,MAGED2,NFATC2,0.7148765
76,466,MAGED2,ABCG2,0.71360517
76,422,MAGED2,SESN1,0.7135247
76,180,MAGED2,TRIM35,0.7070132
76,436,MAGED2,RARB,0.7033897
76,263,MAGED2,JUN,0.70247537
76,315,MAGED2,CTSL,0.70188516
76,81,MAGED2,HDAC11,0.6961269
76,557,MAGED2,SATB1,0.6927147
76,494,MAGED2,USP11,0.6917651
76,82,MAGED2,RB1,0.69159496
76,232,MAGED2,ICAM1,0.68881
76,34,MAGED2,MAML3,0.68767226
76,559,MAGED2,RUNX1T1,0.67847216
76,78,MAGED2,MECOM,0.6708156
76,536,MAGED2,SPI1,0.66701454
76,449,MAGED2,TIE1,0.66557777
76,253,MAGED2,GRINA,0.6624757
34,475,MAML3,BCL2,0.9680609
34,29,MAML3,IKZF1,0.9537293
34,292,MAML3,HDAC7,0.95061046
34,485,MAML3,ABL1,0.94857585
34,161,MAML3,JARID2,0.9465459
34,621,MAML3,SNRPB,0.94642335
34,631,MAML3,ZFP36,0.94397336
34,413,MAML3,RASSF4,0.9432642
34,587,MAML3,NCAPD2,0.9432642
34,466,MAML3,ABCG2,0.9403612
34,283,MAML3,EGR1,0.9393588
34,208,MAML3,CISH,0.9390525
34,177,MAML3,RELB,0.9348373
34,263,MAML3,JUN,0.9329475
34,67,MAML3,HDAC2,0.9328108
34,206,MAML3,ZDHHC6,0.9324875
34,209,MAML3,ZBTB16,0.9321732
34,353,MAML3,CBFB,0.93135124
34,436,MAML3,RARB,0.928827
34,196,MAML3,RARS,0.92764324
34,232,MAML3,ICAM1,0.92753524
34,557,MAML3,SATB1,0.9241562
34,357,MAML3,MEIS1,0.9236696
34,6,MAML3,BTG2,0.9160425
34,79,MAML3,STAT2,0.9134329
34,180,MAML3,TRIM35,0.91050535
34,445,MAML3,APBB1,0.9099056
34,253,MAML3,GRINA,0.9092726
34,289,MAML3,GT(ROSA)26SOR,0.9092726
34,613,MAML3,PGLYRP2,0.9092726
34,175,MAML3,TLE2,0.90504396
34,69,MAML3,NAP1L3,0.9049496
34,146,MAML3,SCARF1,0.9049496
34,441,MAML3,EBF1,0.9049496
34,546,MAML3,PROCR,0.9049496
34,622,MAML3,KRT18,0.9049496
34,194,MAML3,GOLPH3,0.9047786
34,589,MAML3,YBX1,0.90419036
34,508,MAML3,NDRG1,0.90398055
34,564,MAML3,MFNG,0.9021253
34,410,MAML3,SMARCA2,0.90152645
34,224,MAML3,MAPK12,0.90067834
34,162,MAML3,FES,0.9005077
34,278,MAML3,NCF1,0.9005077
34,515,MAML3,IGHM,0.9003446
34,219,MAML3,TLR4,0.90012974
34,331,MAML3,PIM2,0.8997784
34,94,MAML3,TRIB3,0.89706606
34,184,MAML3,SELL,0.89706606
34,187,MAML3,LMO4,0.89706606
390,621,MAN2A2,SNRPB,0.9282532
390,353,MAN2A2,CBFB,0.895775
390,475,MAN2A2,BCL2,0.8942831
390,413,MAN2A2,RASSF4,0.89416444
390,587,MAN2A2,NCAPD2,0.89158714
390,67,MAN2A2,HDAC2,0.8850062
390,589,MAN2A2,YBX1,0.8819421
390,209,MAN2A2,ZBTB16,0.8709828
390,165,MAN2A2,GTF2H1,0.8593966
390,485,MAN2A2,ABL1,0.8572532
390,292,MAN2A2,HDAC7,0.8490846
390,206,MAN2A2,ZDHHC6,0.8222312
390,508,MAN2A2,NDRG1,0.82139933
390,161,MAN2A2,JARID2,0.81536126
390,29,MAN2A2,IKZF1,0.8017761
390,261,MAN2A2,EZR,0.7954919
390,367,MAN2A2,HCFC1,0.7698142
390,437,MAN2A2,MYB,0.76757336
390,283,MAN2A2,EGR1,0.7656194
390,439,MAN2A2,DDX20,0.7637642
390,48,MAN2A2,ELANE,0.7628878
390,631,MAN2A2,ZFP36,0.7616878
390,486,MAN2A2,NFKBIA,0.7550083
390,351,MAN2A2,ERCC8,0.75089484
390,564,MAN2A2,MFNG,0.74007237
390,208,MAN2A2,CISH,0.7360838
390,177,MAN2A2,RELB,0.7337113
390,331,MAN2A2,PIM2,0.7212916
390,196,MAN2A2,RARS,0.71889025
390,363,MAN2A2,MYC,0.7176446
390,410,MAN2A2,SMARCA2,0.7174124
390,482,MAN2A2,NFATC2,0.71484596
390,466,MAN2A2,ABCG2,0.71329933
390,180,MAN2A2,TRIM35,0.7070132
390,436,MAN2A2,RARB,0.7036986
390,263,MAN2A2,JUN,0.70247537
390,315,MAN2A2,CTSL,0.70188516
390,357,MAN2A2,MEIS1,0.6965902
390,81,MAN2A2,HDAC11,0.6961269
390,494,MAN2A2,USP11,0.69290197
390,422,MAN2A2,SESN1,0.6925383
390,557,MAN2A2,SATB1,0.69231915
390,82,MAN2A2,RB1,0.69159496
390,232,MAN2A2,ICAM1,0.68858284
390,34,MAN2A2,MAML3,0.68767226
390,306,MAN2A2,MYCT1,0.6843812
390,57,MAN2A2,OASL2,0.6827772
390,216,MAN2A2,CUL3,0.6785547
390,435,MAN2A2,NR3C2,0.6775239
390,6,MAN2A2,BTG2,0.66849935
629,621,MAP4K2,SNRPB,0.9282548
629,475,MAP4K2,BCL2,0.8942831
629,413,MAP4K2,RASSF4,0.8941586
629,587,MAP4K2,NCAPD2,0.8941586
629,353,MAP4K2,CBFB,0.8851146
629,67,MAP4K2,HDAC2,0.8822632
629,589,MAP4K2,YBX1,0.8819421
629,165,MAP4K2,GTF2H1,0.86344486
629,485,MAP4K2,ABL1,0.8572532
629,209,MAP4K2,ZBTB16,0.8518429
629,292,MAP4K2,HDAC7,0.82814837
629,367,MAP4K2,HCFC1,0.8240962
629,508,MAP4K2,NDRG1,0.8179256
629,261,MAP4K2,EZR,0.81681067
629,206,MAP4K2,ZDHHC6,0.8040632
629,161,MAP4K2,JARID2,0.79215497
629,351,MAP4K2,ERCC8,0.7905671
629,29,MAP4K2,IKZF1,0.78902906
629,439,MAP4K2,DDX20,0.7637642
629,631,MAP4K2,ZFP36,0.7616878
629,437,MAP4K2,MYB,0.7615513
629,486,MAP4K2,NFKBIA,0.75518745
629,79,MAP4K2,STAT2,0.7458617
629,363,MAP4K2,MYC,0.7446828
629,48,MAP4K2,ELANE,0.7441885
629,564,MAP4K2,MFNG,0.74007237
629,283,MAP4K2,EGR1,0.7385143
629,177,MAP4K2,RELB,0.716613
629,482,MAP4K2,NFATC2,0.71484596
629,422,MAP4K2,SESN1,0.7136104
629,466,MAP4K2,ABCG2,0.71360517
629,208,MAP4K2,CISH,0.7104597
629,196,MAP4K2,RARS,0.7056298
629,436,MAP4K2,RARB,0.7036986
629,293,MAP4K2,IRF7,0.7033409
629,315,MAP4K2,CTSL,0.69724846
629,557,MAP4K2,SATB1,0.69187325
629,331,MAP4K2,PIM2,0.6917833
629,494,MAP4K2,USP11,0.6917651
629,263,MAP4K2,JUN,0.68891096
629,410,MAP4K2,SMARCA2,0.6842005
629,34,MAP4K2,MAML3,0.68265754
629,180,MAP4K2,TRIM35,0.6695659
629,536,MAP4K2,SPI1,0.66701454
629,449,MAP4K2,TIE1,0.66557777
629,232,MAP4K2,ICAM1,0.664568
629,613,MAP4K2,PGLYRP2,0.6624757
629,82,MAP4K2,RB1,0.6586725
629,226,MAP4K2,POLR2B,0.6583102
629,441,MAP4K2,EBF1,0.6570883
394,475,MAPK1,BCL2,0.9736545
394,29,MAPK1,IKZF1,0.96364313
394,292,MAPK1,HDAC7,0.96217245
394,485,MAPK1,ABL1,0.96114814
394,283,MAPK1,EGR1,0.95157236
394,161,MAPK1,JARID2,0.94762105
394,79,MAPK1,STAT2,0.9470498
394,196,MAPK1,RARS,0.94575685
394,263,MAPK1,JUN,0.9437994
394,466,MAPK1,ABCG2,0.9431833
394,6,MAPK1,BTG2,0.9398003
394,64,MAPK1,IRF9,0.9387071
394,206,MAPK1,ZDHHC6,0.9370085
394,253,MAPK1,GRINA,0.9369992
394,289,MAPK1,GT(ROSA)26SOR,0.9369992
394,613,MAPK1,PGLYRP2,0.9369992
394,536,MAPK1,SPI1,0.93555856
394,57,MAPK1,OASL2,0.93509394
394,293,MAPK1,IRF7,0.9334943
394,420,MAPK1,FDFT1,0.9332569
394,219,MAPK1,TLR4,0.93256056
394,278,MAPK1,NCF1,0.93256056
394,515,MAPK1,IGHM,0.93256056
394,162,MAPK1,FES,0.93254656
394,270,MAPK1,VDR,0.93125314
394,353,MAPK1,CBFB,0.93083495
394,69,MAPK1,NAP1L3,0.9307492
394,146,MAPK1,SCARF1,0.9307492
394,175,MAPK1,TLE2,0.9307492
394,194,MAPK1,GOLPH3,0.9307492
394,441,MAPK1,EBF1,0.9307492
394,546,MAPK1,PROCR,0.9307492
394,631,MAPK1,ZFP36,0.93056047
394,27,MAPK1,IRF8,0.92959565
394,73,MAPK1,RORC,0.929382
394,52,MAPK1,FCGR2B,0.9289037
394,213,MAPK1,TCP11L2,0.9289037
394,304,MAPK1,HLF,0.9289037
394,209,MAPK1,ZBTB16,0.92849267
394,251,MAPK1,IRF6,0.9277574
394,590,MAPK1,IL12A,0.9264882
394,517,MAPK1,H1F0,0.92631185
394,580,MAPK1,MLLT3,0.92377806
394,177,MAPK1,RELB,0.92365634
394,208,MAPK1,CISH,0.92244047
394,224,MAPK1,MAPK12,0.9209189
394,436,MAPK1,RARB,0.920188
394,216,MAPK1,CUL3,0.91996765
394,557,MAPK1,SATB1,0.9177867
394,183,MAPK1,XAF1,0.9171271
224,475,MAPK12,BCL2,0.9750156
224,292,MAPK12,HDAC7,0.9661582
224,485,MAPK12,ABL1,0.9648245
224,29,MAPK12,IKZF1,0.9605331
224,283,MAPK12,EGR1,0.95679384
224,161,MAPK12,JARID2,0.95617986
224,196,MAPK12,RARS,0.9551932
224,466,MAPK12,ABCG2,0.95420694
224,353,MAPK12,CBFB,0.9534929
224,263,MAPK12,JUN,0.95213974
224,631,MAPK12,ZFP36,0.9472285
224,79,MAPK12,STAT2,0.94621646
224,206,MAPK12,ZDHHC6,0.9452004
224,209,MAPK12,ZBTB16,0.9446191
224,177,MAPK12,RELB,0.9374948
224,536,MAPK12,SPI1,0.9371605
224,208,MAPK12,CISH,0.9358514
224,219,MAPK12,TLR4,0.9350285
224,278,MAPK12,NCF1,0.9350285
224,162,MAPK12,FES,0.9349986
224,253,MAPK12,GRINA,0.9345717
224,289,MAPK12,GT(ROSA)26SOR,0.9345717
224,613,MAPK12,PGLYRP2,0.9345717
224,436,MAPK12,RARB,0.93377626
224,64,MAPK12,IRF9,0.93291867
224,175,MAPK12,TLE2,0.9328039
224,441,MAPK12,EBF1,0.9328039
224,69,MAPK12,NAP1L3,0.93276757
224,546,MAPK12,PROCR,0.9326398
224,622,MAPK12,KRT18,0.9326398
224,515,MAPK12,IGHM,0.9311598
224,232,MAPK12,ICAM1,0.9308091
224,557,MAPK12,SATB1,0.9305548
224,52,MAPK12,FCGR2B,0.928137
224,213,MAPK12,TCP11L2,0.928137
224,304,MAPK12,HLF,0.928137
224,420,MAPK12,FDFT1,0.9277781
224,270,MAPK12,VDR,0.9268857
224,293,MAPK12,IRF7,0.9266429
224,194,MAPK12,GOLPH3,0.9260141
224,146,MAPK12,SCARF1,0.92514735
224,73,MAPK12,RORC,0.92452407
224,413,MAPK12,RASSF4,0.92405814
224,517,MAPK12,H1F0,0.9229265
224,27,MAPK12,IRF8,0.9226984
224,621,MAPK12,SNRPB,0.92246085
224,580,MAPK12,MLLT3,0.9221497
224,590,MAPK12,IL12A,0.9215823
224,251,MAPK12,IRF6,0.9208962
224,276,MAPK12,REL,0.9184788
585,353,MAPKAPK3,CBFB,0.92862463
585,475,MAPKAPK3,BCL2,0.9277136
585,621,MAPKAPK3,SNRPB,0.9208811
585,209,MAPKAPK3,ZBTB16,0.90909946
585,485,MAPKAPK3,ABL1,0.8992882
585,292,MAPKAPK3,HDAC7,0.8942152
585,587,MAPKAPK3,NCAPD2,0.884536
585,413,MAPKAPK3,RASSF4,0.8830357
585,67,MAPKAPK3,HDAC2,0.8787542
585,161,MAPKAPK3,JARID2,0.865137
585,29,MAPKAPK3,IKZF1,0.86011684
585,206,MAPKAPK3,ZDHHC6,0.8597822
585,165,MAPKAPK3,GTF2H1,0.85002106
585,589,MAPKAPK3,YBX1,0.84294623
585,508,MAPKAPK3,NDRG1,0.8364474
585,283,MAPKAPK3,EGR1,0.7972397
585,261,MAPKAPK3,EZR,0.793235
585,564,MAPKAPK3,MFNG,0.79202396
585,486,MAPKAPK3,NFKBIA,0.7899796
585,631,MAPKAPK3,ZFP36,0.78620887
585,48,MAPKAPK3,ELANE,0.7841063
585,422,MAPKAPK3,SESN1,0.7776096
585,331,MAPKAPK3,PIM2,0.7750304
585,208,MAPKAPK3,CISH,0.7707695
585,410,MAPKAPK3,SMARCA2,0.7650582
585,482,MAPKAPK3,NFATC2,0.7645978
585,177,MAPKAPK3,RELB,0.7558556
585,315,MAPKAPK3,CTSL,0.7461882
585,180,MAPKAPK3,TRIM35,0.7400572
585,437,MAPKAPK3,MYB,0.7386764
585,363,MAPKAPK3,MYC,0.73358864
585,494,MAPKAPK3,USP11,0.72718936
585,367,MAPKAPK3,HCFC1,0.7236404
585,439,MAPKAPK3,DDX20,0.72183543
585,81,MAPKAPK3,HDAC11,0.71863306
585,436,MAPKAPK3,RARB,0.7063028
585,536,MAPKAPK3,SPI1,0.697074
585,351,MAPKAPK3,ERCC8,0.6933081
585,34,MAPKAPK3,MAML3,0.69193983
585,263,MAPKAPK3,JUN,0.6860769
585,232,MAPKAPK3,ICAM1,0.6827138
585,104,MAPKAPK3,BTK,0.68188477
585,622,MAPKAPK3,KRT18,0.677236
585,154,MAPKAPK3,HDGF,0.65161467
585,162,MAPKAPK3,FES,0.65114254
585,219,MAPKAPK3,TLR4,0.65114254
585,278,MAPKAPK3,NCF1,0.65114254
585,515,MAPKAPK3,IGHM,0.65114254
585,357,MAPKAPK3,MEIS1,0.650156
585,466,MAPKAPK3,ABCG2,0.64441335
239,621,MARS,SNRPB,0.9282103
239,353,MARS,CBFB,0.895775
239,475,MARS,BCL2,0.8942831
239,413,MARS,RASSF4,0.8941586
239,587,MARS,NCAPD2,0.8941586
239,209,MARS,ZBTB16,0.89039236
239,67,MARS,HDAC2,0.8850062
239,589,MARS,YBX1,0.8819421
239,485,MARS,ABL1,0.8572532
239,292,MARS,HDAC7,0.8490846
239,206,MARS,ZDHHC6,0.8222312
239,508,MARS,NDRG1,0.82139933
239,161,MARS,JARID2,0.81536126
239,165,MARS,GTF2H1,0.81505626
239,29,MARS,IKZF1,0.81439006
239,261,MARS,EZR,0.79889566
239,367,MARS,HCFC1,0.7696027
239,437,MARS,MYB,0.76757336
239,283,MARS,EGR1,0.76525295
239,439,MARS,DDX20,0.7642922
239,48,MARS,ELANE,0.7628878
239,631,MARS,ZFP36,0.7616878
239,486,MARS,NFKBIA,0.7551303
239,351,MARS,ERCC8,0.7502097
239,564,MARS,MFNG,0.74007237
239,208,MARS,CISH,0.7360838
239,177,MARS,RELB,0.73415965
239,331,MARS,PIM2,0.7212916
239,196,MARS,RARS,0.71889025
239,363,MARS,MYC,0.7176446
239,410,MARS,SMARCA2,0.7171445
239,333,MARS,EPAS1,0.7149368
239,482,MARS,NFATC2,0.71484596
239,466,MARS,ABCG2,0.7133517
239,180,MARS,TRIM35,0.7070132
239,436,MARS,RARB,0.7036986
239,263,MARS,JUN,0.70247537
239,315,MARS,CTSL,0.70178914
239,357,MARS,MEIS1,0.6965902
239,81,MARS,HDAC11,0.6961269
239,557,MARS,SATB1,0.69231915
239,494,MARS,USP11,0.6917651
239,82,MARS,RB1,0.69159496
239,232,MARS,ICAM1,0.68858284
239,34,MARS,MAML3,0.68767226
239,422,MARS,SESN1,0.68743384
239,289,MARS,GT(ROSA)26SOR,0.6688707
239,6,MARS,BTG2,0.66849935
239,146,MARS,SCARF1,0.6670265
239,536,MARS,SPI1,0.66701454
204,189,MCM2,MCM5,0.988395
204,350,MCM2,MCM6,0.9883549
204,414,MCM2,CENPK,0.9883455
204,500,MCM2,MCM3,0.98826075
204,561,MCM2,MCM7,0.9881281
204,259,MCM2,NUP107,0.9878957
204,323,MCM2,MCM4,0.9877192
204,299,MCM2,ORC2,0.98690283
204,30,MCM2,PBK,0.9864137
204,42,MCM2,HMGB2,0.9864005
204,118,MCM2,MIS12,0.98635185
204,554,MCM2,CDT1,0.986022
204,74,MCM2,TOP2A,0.9858292
204,182,MCM2,RPA1,0.9857383
204,240,MCM2,RPA2,0.9853963
204,279,MCM2,AURKB,0.98534876
204,411,MCM2,CDC45,0.985113
204,478,MCM2,MKI67,0.9847563
204,361,MCM2,CCNB2,0.98366714
204,102,MCM2,PRIM1,0.98313105
204,21,MCM2,RRM1,0.9824469
204,266,MCM2,MSH6,0.98244435
204,297,MCM2,LIG1,0.9820576
204,426,MCM2,PRPF4,0.9819838
204,399,MCM2,RRM2,0.9818584
204,620,MCM2,TIPIN,0.98168427
204,290,MCM2,POLD1,0.9815309
204,497,MCM2,TYMS,0.98125696
204,610,MCM2,PRIM2,0.98045737
204,53,MCM2,ORC6,0.9796848
204,273,MCM2,FIGNL1,0.9796622
204,246,MCM2,TK1,0.9789644
204,407,MCM2,CDC7,0.9789644
204,575,MCM2,GTF2F1,0.97736895
204,137,MCM2,MYCN,0.9729451
204,375,MCM2,SRSF1,0.96542114
204,392,MCM2,DCAF13,0.958007
204,119,MCM2,SLC2A3,0.95421857
204,433,MCM2,XPC,0.94129455
204,198,MCM2,NDN,0.9279112
204,371,MCM2,SPO11,0.9265497
204,439,MCM2,DDX20,0.873275
204,621,MCM2,SNRPB,0.84386367
204,367,MCM2,HCFC1,0.8150064
204,363,MCM2,MYC,0.7457093
204,589,MCM2,YBX1,0.7263843
204,226,MCM2,POLR2B,0.7179198
204,82,MCM2,RB1,0.6690132
204,351,MCM2,ERCC8,0.65847707
204,372,MCM2,BACE1,0.6458254
500,204,MCM3,MCM2,0.98865694
500,189,MCM3,MCM5,0.98839694
500,350,MCM3,MCM6,0.98838276
500,414,MCM3,CENPK,0.98837495
500,561,MCM3,MCM7,0.9881517
500,259,MCM3,NUP107,0.9878698
500,323,MCM3,MCM4,0.9877622
500,299,MCM3,ORC2,0.9869178
500,118,MCM3,MIS12,0.9866071
500,42,MCM3,HMGB2,0.9864958
500,554,MCM3,CDT1,0.9860345
500,74,MCM3,TOP2A,0.9858768
500,182,MCM3,RPA1,0.9858218
500,30,MCM3,PBK,0.98575413
500,497,MCM3,TYMS,0.9856824
500,279,MCM3,AURKB,0.985531
500,53,MCM3,ORC6,0.9854903
500,240,MCM3,RPA2,0.98544633
500,411,MCM3,CDC45,0.9852578
500,478,MCM3,MKI67,0.9849215
500,361,MCM3,CCNB2,0.9839623
500,399,MCM3,RRM2,0.9836141
500,102,MCM3,PRIM1,0.9834472
500,21,MCM3,RRM1,0.9827702
500,266,MCM3,MSH6,0.98276824
500,297,MCM3,LIG1,0.98232573
500,620,MCM3,TIPIN,0.981948
500,290,MCM3,POLD1,0.9818897
500,426,MCM3,PRPF4,0.9818102
500,610,MCM3,PRIM2,0.9807906
500,273,MCM3,FIGNL1,0.9800575
500,246,MCM3,TK1,0.97941303
500,407,MCM3,CDC7,0.97940856
500,575,MCM3,GTF2F1,0.9770503
500,137,MCM3,MYCN,0.9724937
500,375,MCM3,SRSF1,0.964668
500,392,MCM3,DCAF13,0.9616362
500,433,MCM3,XPC,0.95678
500,119,MCM3,SLC2A3,0.9536096
500,371,MCM3,SPO11,0.92622185
500,198,MCM3,NDN,0.9253133
500,439,MCM3,DDX20,0.87009656
500,621,MCM3,SNRPB,0.84180325
500,367,MCM3,HCFC1,0.81115603
500,363,MCM3,MYC,0.7397323
500,589,MCM3,YBX1,0.72092485
500,82,MCM3,RB1,0.6629476
500,351,MCM3,ERCC8,0.6515798
500,117,MCM3,TFG,0.63817835
500,372,MCM3,BACE1,0.63817835
323,204,MCM4,MCM2,0.988672
323,189,MCM4,MCM5,0.9884404
323,414,MCM4,CENPK,0.98838377
323,350,MCM4,MCM6,0.98837507
323,500,MCM4,MCM3,0.98830855
323,561,MCM4,MCM7,0.9881769
323,259,MCM4,NUP107,0.987867
323,299,MCM4,ORC2,0.98694986
323,118,MCM4,MIS12,0.98661846
323,42,MCM4,HMGB2,0.9864314
323,554,MCM4,CDT1,0.9860345
323,74,MCM4,TOP2A,0.9858726
323,182,MCM4,RPA1,0.9857891
323,30,MCM4,PBK,0.985672
323,497,MCM4,TYMS,0.98566103
323,240,MCM4,RPA2,0.9854231
323,53,MCM4,ORC6,0.9854041
323,279,MCM4,AURKB,0.98538244
323,411,MCM4,CDC45,0.98515934
323,478,MCM4,MKI67,0.98471504
323,361,MCM4,CCNB2,0.983643
323,399,MCM4,RRM2,0.9834124
323,102,MCM4,PRIM1,0.9831134
323,21,MCM4,RRM1,0.98241776
323,266,MCM4,MSH6,0.98241526
323,297,MCM4,LIG1,0.9819633
323,426,MCM4,PRPF4,0.9818633
323,620,MCM4,TIPIN,0.98157793
323,290,MCM4,POLD1,0.98146236
323,610,MCM4,PRIM2,0.98038816
323,273,MCM4,FIGNL1,0.9795889
323,246,MCM4,TK1,0.97890913
323,407,MCM4,CDC7,0.97890913
323,575,MCM4,GTF2F1,0.97720826
323,137,MCM4,MYCN,0.9725614
323,375,MCM4,SRSF1,0.9649089
323,392,MCM4,DCAF13,0.96183366
323,433,MCM4,XPC,0.9563111
323,119,MCM4,SLC2A3,0.9533118
323,198,MCM4,NDN,0.9260908
323,371,MCM4,SPO11,0.92550164
323,439,MCM4,DDX20,0.8698103
323,621,MCM4,SNRPB,0.8400629
323,367,MCM4,HCFC1,0.8043116
323,363,MCM4,MYC,0.737549
323,589,MCM4,YBX1,0.7194165
323,226,MCM4,POLR2B,0.71093553
323,82,MCM4,RB1,0.66107416
323,351,MCM4,ERCC8,0.6505749
323,117,MCM4,TFG,0.6346778
189,204,MCM5,MCM2,0.98928857
189,478,MCM5,MKI67,0.98773277
189,350,MCM5,MCM6,0.987507
189,414,MCM5,CENPK,0.987496
189,500,MCM5,MCM3,0.9874402
189,561,MCM5,MCM7,0.98727673
189,259,MCM5,NUP107,0.9872234
189,323,MCM5,MCM4,0.9866905
189,299,MCM5,ORC2,0.9862884
189,118,MCM5,MIS12,0.9857041
189,554,MCM5,CDT1,0.98476
189,42,MCM5,HMGB2,0.98454916
189,74,MCM5,TOP2A,0.98415446
189,497,MCM5,TYMS,0.9841145
189,240,MCM5,RPA2,0.9837293
189,182,MCM5,RPA1,0.9836659
189,30,MCM5,PBK,0.98356473
189,279,MCM5,AURKB,0.9833694
189,426,MCM5,PRPF4,0.9823399
189,53,MCM5,ORC6,0.9823293
189,411,MCM5,CDC45,0.9818932
189,361,MCM5,CCNB2,0.98014945
189,399,MCM5,RRM2,0.9797062
189,102,MCM5,PRIM1,0.9794486
189,575,MCM5,GTF2F1,0.9793505
189,21,MCM5,RRM1,0.97863215
189,266,MCM5,MSH6,0.97859794
189,297,MCM5,LIG1,0.97807515
189,620,MCM5,TIPIN,0.977508
189,290,MCM5,POLD1,0.9771483
189,137,MCM5,MYCN,0.9762562
189,610,MCM5,PRIM2,0.9760753
189,407,MCM5,CDC7,0.9743201
189,246,MCM5,TK1,0.9743002
189,273,MCM5,FIGNL1,0.9737815
189,375,MCM5,SRSF1,0.9696807
189,392,MCM5,DCAF13,0.96451724
189,119,MCM5,SLC2A3,0.9611493
189,198,MCM5,NDN,0.9397578
189,371,MCM5,SPO11,0.9301663
189,439,MCM5,DDX20,0.89881384
189,433,MCM5,XPC,0.88445574
189,621,MCM5,SNRPB,0.87304807
189,367,MCM5,HCFC1,0.8332878
189,363,MCM5,MYC,0.79175466
189,589,MCM5,YBX1,0.7658152
189,226,MCM5,POLR2B,0.74755913
189,82,MCM5,RB1,0.6964545
189,372,MCM5,BACE1,0.68974996
189,117,MCM5,TFG,0.6881909
350,204,MCM6,MCM2,0.9890097
350,414,MCM6,CENPK,0.98871094
350,189,MCM6,MCM5,0.98865896
350,500,MCM6,MCM3,0.9886296
350,561,MCM6,MCM7,0.98853546
350,323,MCM6,MCM4,0.98821354
350,259,MCM6,NUP107,0.9880625
350,42,MCM6,HMGB2,0.9872019
350,299,MCM6,ORC2,0.9871531
350,118,MCM6,MIS12,0.9869523
350,182,MCM6,RPA1,0.9866839
350,554,MCM6,CDT1,0.98661464
350,30,MCM6,PBK,0.98660964
350,497,MCM6,TYMS,0.9864296
350,53,MCM6,ORC6,0.98641753
350,279,MCM6,AURKB,0.98633856
350,411,MCM6,CDC45,0.9862468
350,361,MCM6,CCNB2,0.9855885
350,399,MCM6,RRM2,0.9854194
350,102,MCM6,PRIM1,0.9853544
350,266,MCM6,MSH6,0.98476774
350,21,MCM6,RRM1,0.98476565
350,478,MCM6,MKI67,0.9845242
350,240,MCM6,RPA2,0.9841021
350,620,MCM6,TIPIN,0.98397845
350,290,MCM6,POLD1,0.9838976
350,74,MCM6,TOP2A,0.9831371
350,610,MCM6,PRIM2,0.9830608
350,273,MCM6,FIGNL1,0.98238546
350,246,MCM6,TK1,0.9817478
350,407,MCM6,CDC7,0.9817324
350,426,MCM6,PRPF4,0.9809472
350,297,MCM6,LIG1,0.97913194
350,575,MCM6,GTF2F1,0.97491765
350,137,MCM6,MYCN,0.96936595
350,392,MCM6,DCAF13,0.95815796
350,433,MCM6,XPC,0.9526333
350,119,MCM6,SLC2A3,0.9473541
350,375,MCM6,SRSF1,0.94091856
350,371,MCM6,SPO11,0.9218107
350,198,MCM6,NDN,0.911683
350,439,MCM6,DDX20,0.848186
350,621,MCM6,SNRPB,0.81605095
350,367,MCM6,HCFC1,0.79229164
350,363,MCM6,MYC,0.7002188
350,589,MCM6,YBX1,0.6903647
350,226,MCM6,POLR2B,0.67958194
350,82,MCM6,RB1,0.6358652
350,351,MCM6,ERCC8,0.62684685
350,274,MCM6,NOP2,0.5941267
561,204,MCM7,MCM2,0.98824793
561,189,MCM7,MCM5,0.98802966
561,350,MCM7,MCM6,0.98780465
561,414,MCM7,CENPK,0.9878036
561,500,MCM7,MCM3,0.9877671
561,259,MCM7,NUP107,0.9876117
561,323,MCM7,MCM4,0.9870466
561,299,MCM7,ORC2,0.986534
561,118,MCM7,MIS12,0.98619115
561,554,MCM7,CDT1,0.9853271
561,74,MCM7,TOP2A,0.98482406
561,497,MCM7,TYMS,0.9847243
561,182,MCM7,RPA1,0.9845084
561,30,MCM7,PBK,0.98442614
561,240,MCM7,RPA2,0.98440474
561,279,MCM7,AURKB,0.98414063
561,42,MCM7,HMGB2,0.98330575
561,53,MCM7,ORC6,0.9831355
561,411,MCM7,CDC45,0.98271114
561,426,MCM7,PRPF4,0.98266155
561,478,MCM7,MKI67,0.98219913
561,361,MCM7,CCNB2,0.98100936
561,399,MCM7,RRM2,0.9807428
561,102,MCM7,PRIM1,0.9803705
561,21,MCM7,RRM1,0.9795695
561,266,MCM7,MSH6,0.9795562
561,575,MCM7,GTF2F1,0.97929436
561,297,MCM7,LIG1,0.9790566
561,620,MCM7,TIPIN,0.9786567
561,290,MCM7,POLD1,0.97837603
561,610,MCM7,PRIM2,0.97725725
561,137,MCM7,MYCN,0.9760913
561,246,MCM7,TK1,0.97553533
561,407,MCM7,CDC7,0.97553533
561,273,MCM7,FIGNL1,0.97508824
561,375,MCM7,SRSF1,0.9698805
561,392,MCM7,DCAF13,0.96570677
561,433,MCM7,XPC,0.9610182
561,119,MCM7,SLC2A3,0.9599359
561,198,MCM7,NDN,0.941528
561,371,MCM7,SPO11,0.92993706
561,439,MCM7,DDX20,0.89856005
561,621,MCM7,SNRPB,0.8581078
561,367,MCM7,HCFC1,0.8363198
561,363,MCM7,MYC,0.79003054
561,589,MCM7,YBX1,0.76496196
561,226,MCM7,POLR2B,0.74913484
561,82,MCM7,RB1,0.7026055
561,117,MCM7,TFG,0.6940374
561,372,MCM7,BACE1,0.6940374
116,621,ME2,SNRPB,0.9826636
116,353,ME2,CBFB,0.9822349
116,587,ME2,NCAPD2,0.98013544
116,413,ME2,RASSF4,0.98008484
116,67,ME2,HDAC2,0.9779544
116,589,ME2,YBX1,0.977491
116,439,ME2,DDX20,0.9657539
116,261,ME2,EZR,0.9643169
116,367,ME2,HCFC1,0.96364725
116,363,ME2,MYC,0.96301985
116,165,ME2,GTF2H1,0.9617776
116,508,ME2,NDRG1,0.9547875
116,226,ME2,POLR2B,0.9499582
116,482,ME2,NFATC2,0.9491606
116,351,ME2,ERCC8,0.9456363
116,82,ME2,RB1,0.9373998
116,33,ME2,CSTF2,0.93223435
116,199,ME2,E2F4,0.9316001
116,475,ME2,BCL2,0.92904216
116,3,ME2,POLR1B,0.92422724
116,117,ME2,TFG,0.92365736
116,372,ME2,BACE1,0.92365736
116,375,ME2,SRSF1,0.9211142
116,28,ME2,NFE2,0.91941327
116,292,ME2,HDAC7,0.91628575
116,575,ME2,GTF2F1,0.9153036
116,86,ME2,RANGAP1,0.913037
116,131,ME2,PPAT,0.91160685
116,134,ME2,PA2G4,0.9113357
116,206,ME2,ZDHHC6,0.9095191
116,345,ME2,UHRF1,0.9047199
116,485,ME2,ABL1,0.90446126
116,209,ME2,ZBTB16,0.90442586
116,486,ME2,NFKBIA,0.9043974
116,437,ME2,MYB,0.9042161
116,161,ME2,JARID2,0.9028197
116,404,ME2,FTSJ3,0.90042186
116,631,ME2,ZFP36,0.88988286
116,564,ME2,MFNG,0.8812667
116,426,ME2,PRPF4,0.88090026
116,274,ME2,NOP2,0.8789661
116,480,ME2,WDR5,0.86892736
116,154,ME2,HDGF,0.86801237
116,166,ME2,PSAT1,0.86801237
116,197,ME2,WDR4,0.86801237
116,212,ME2,FLT3,0.86801237
116,217,ME2,PRMT7,0.86801237
116,220,ME2,TMEM43,0.86801237
116,347,ME2,RNF4,0.86801237
116,376,ME2,ATF7,0.86801237
78,475,MECOM,BCL2,0.9742507
78,29,MECOM,IKZF1,0.9680743
78,292,MECOM,HDAC7,0.9668436
78,485,MECOM,ABL1,0.9617246
78,353,MECOM,CBFB,0.96135414
78,196,MECOM,RARS,0.9578996
78,283,MECOM,EGR1,0.95736015
78,263,MECOM,JUN,0.9538613
78,466,MECOM,ABCG2,0.95337796
78,631,MECOM,ZFP36,0.9525932
78,413,MECOM,RASSF4,0.94946116
78,587,MECOM,NCAPD2,0.94946116
78,209,MECOM,ZBTB16,0.94849515
78,206,MECOM,ZDHHC6,0.9469414
78,161,MECOM,JARID2,0.9446937
78,67,MECOM,HDAC2,0.94334364
78,177,MECOM,RELB,0.9414479
78,79,MECOM,STAT2,0.94130987
78,208,MECOM,CISH,0.9393204
78,436,MECOM,RARB,0.938545
78,6,MECOM,BTG2,0.93746895
78,232,MECOM,ICAM1,0.93596786
78,557,MECOM,SATB1,0.935249
78,536,MECOM,SPI1,0.93187684
78,621,MECOM,SNRPB,0.9318746
78,162,MECOM,FES,0.93176526
78,278,MECOM,NCF1,0.93176526
78,515,MECOM,IGHM,0.93176526
78,69,MECOM,NAP1L3,0.93117446
78,289,MECOM,GT(ROSA)26SOR,0.93115366
78,253,MECOM,GRINA,0.93113476
78,175,MECOM,TLE2,0.92925173
78,194,MECOM,GOLPH3,0.92925173
78,441,MECOM,EBF1,0.92925173
78,546,MECOM,PROCR,0.92925173
78,146,MECOM,SCARF1,0.9292149
78,622,MECOM,KRT18,0.9292149
78,64,MECOM,IRF9,0.92701745
78,613,MECOM,PGLYRP2,0.92481303
78,52,MECOM,FCGR2B,0.923869
78,213,MECOM,TCP11L2,0.923869
78,304,MECOM,HLF,0.923869
78,357,MECOM,MEIS1,0.9234407
78,270,MECOM,VDR,0.9223361
78,224,MECOM,MAPK12,0.9218973
78,420,MECOM,FDFT1,0.9210174
78,517,MECOM,H1F0,0.91822904
78,580,MECOM,MLLT3,0.91800284
78,73,MECOM,RORC,0.91751045
78,293,MECOM,IRF7,0.91736364
495,621,MED16,SNRPB,0.9282103
495,353,MED16,CBFB,0.895775
495,475,MED16,BCL2,0.8942831
495,587,MED16,NCAPD2,0.8941586
495,413,MED16,RASSF4,0.89409095
495,67,MED16,HDAC2,0.8850062
495,589,MED16,YBX1,0.8819421
495,209,MED16,ZBTB16,0.87026846
495,165,MED16,GTF2H1,0.8593966
495,485,MED16,ABL1,0.8572532
495,292,MED16,HDAC7,0.84929335
495,206,MED16,ZDHHC6,0.8222312
495,508,MED16,NDRG1,0.82139933
495,29,MED16,IKZF1,0.8147214
495,261,MED16,EZR,0.79889566
495,367,MED16,HCFC1,0.7698142
495,437,MED16,MYB,0.76757336
495,283,MED16,EGR1,0.7656194
495,439,MED16,DDX20,0.7637642
495,161,MED16,JARID2,0.7625583
495,631,MED16,ZFP36,0.7616878
495,486,MED16,NFKBIA,0.7551303
495,564,MED16,MFNG,0.74007237
495,208,MED16,CISH,0.7360838
495,48,MED16,ELANE,0.7345917
495,177,MED16,RELB,0.73413795
495,331,MED16,PIM2,0.7212916
495,196,MED16,RARS,0.71889025
495,363,MED16,MYC,0.7176446
495,410,MED16,SMARCA2,0.7174124
495,482,MED16,NFATC2,0.71484596
495,422,MED16,SESN1,0.7136104
495,466,MED16,ABCG2,0.71360517
495,180,MED16,TRIM35,0.7070132
495,436,MED16,RARB,0.7036986
495,315,MED16,CTSL,0.7017663
495,357,MED16,MEIS1,0.6965902
495,81,MED16,HDAC11,0.6961269
495,494,MED16,USP11,0.6917651
495,82,MED16,RB1,0.69159496
495,232,MED16,ICAM1,0.68858284
495,34,MED16,MAML3,0.6878881
495,263,MED16,JUN,0.68641496
495,394,MED16,MAPK1,0.6863559
495,50,MED16,NFAT5,0.68306905
495,622,MED16,KRT18,0.6748085
495,351,MED16,ERCC8,0.67378265
495,6,MED16,BTG2,0.67056155
495,536,MED16,SPI1,0.66701454
495,449,MED16,TIE1,0.66557777
357,209,MEIS1,ZBTB16,0.9800286
357,475,MEIS1,BCL2,0.97265
357,353,MEIS1,CBFB,0.9718875
357,413,MEIS1,RASSF4,0.968815
357,587,MEIS1,NCAPD2,0.968815
357,292,MEIS1,HDAC7,0.9680917
357,29,MEIS1,IKZF1,0.9659404
357,485,MEIS1,ABL1,0.9650149
357,67,MEIS1,HDAC2,0.96415704
357,631,MEIS1,ZFP36,0.9599844
357,621,MEIS1,SNRPB,0.9560888
357,161,MEIS1,JARID2,0.95594364
357,196,MEIS1,RARS,0.95479256
357,283,MEIS1,EGR1,0.95290416
357,206,MEIS1,ZDHHC6,0.9520261
357,263,MEIS1,JUN,0.94790965
357,177,MEIS1,RELB,0.9470205
357,466,MEIS1,ABCG2,0.94440025
357,436,MEIS1,RARB,0.94323504
357,508,MEIS1,NDRG1,0.9393374
357,232,MEIS1,ICAM1,0.9385504
357,557,MEIS1,SATB1,0.9348978
357,564,MEIS1,MFNG,0.93367016
357,6,MEIS1,BTG2,0.93006396
357,79,MEIS1,STAT2,0.9287732
357,486,MEIS1,NFKBIA,0.9255631
357,331,MEIS1,PIM2,0.92427
357,589,MEIS1,YBX1,0.92265606
357,219,MEIS1,TLR4,0.9217965
357,162,MEIS1,FES,0.92135143
357,515,MEIS1,IGHM,0.92135143
357,165,MEIS1,GTF2H1,0.92076576
357,441,MEIS1,EBF1,0.92011786
357,289,MEIS1,GT(ROSA)26SOR,0.91905385
357,253,MEIS1,GRINA,0.9190316
357,613,MEIS1,PGLYRP2,0.9190316
357,146,MEIS1,SCARF1,0.91829306
357,194,MEIS1,GOLPH3,0.91829306
357,175,MEIS1,TLE2,0.9176675
357,546,MEIS1,PROCR,0.9176675
357,622,MEIS1,KRT18,0.9176675
357,410,MEIS1,SMARCA2,0.91662365
357,278,MEIS1,NCF1,0.91593146
357,180,MEIS1,TRIM35,0.9134921
357,213,MEIS1,TCP11L2,0.9113944
357,304,MEIS1,HLF,0.9113944
357,52,MEIS1,FCGR2B,0.9113792
357,224,MEIS1,MAPK12,0.910816
357,536,MEIS1,SPI1,0.9103846
357,580,MEIS1,MLLT3,0.90571624
24,621,METAP1,SNRPB,0.9826685
24,353,METAP1,CBFB,0.9824411
24,587,METAP1,NCAPD2,0.98007387
24,413,METAP1,RASSF4,0.9799983
24,67,METAP1,HDAC2,0.97794116
24,589,METAP1,YBX1,0.97750026
24,261,METAP1,EZR,0.9643303
24,367,METAP1,HCFC1,0.96366227
24,363,METAP1,MYC,0.96288687
24,439,METAP1,DDX20,0.96138763
24,508,METAP1,NDRG1,0.9546897
24,165,METAP1,GTF2H1,0.95147943
24,226,METAP1,POLR2B,0.9499933
24,209,METAP1,ZBTB16,0.9478004
24,351,METAP1,ERCC8,0.9456602
24,212,METAP1,FLT3,0.94558126
24,82,METAP1,RB1,0.93742985
24,33,METAP1,CSTF2,0.9323093
24,199,METAP1,E2F4,0.9316566
24,475,METAP1,BCL2,0.9289533
24,3,METAP1,POLR1B,0.9245268
24,117,METAP1,TFG,0.9238149
24,372,METAP1,BACE1,0.9238149
24,486,METAP1,NFKBIA,0.9226747
24,375,METAP1,SRSF1,0.9212412
24,482,METAP1,NFATC2,0.9209881
24,28,METAP1,NFE2,0.91949236
24,292,METAP1,HDAC7,0.916174
24,575,METAP1,GTF2F1,0.915274
24,564,METAP1,MFNG,0.9147196
24,86,METAP1,RANGAP1,0.91313165
24,134,METAP1,PA2G4,0.91135705
24,206,METAP1,ZDHHC6,0.90945894
24,426,METAP1,PRPF4,0.90652806
24,345,METAP1,UHRF1,0.90476066
24,485,METAP1,ABL1,0.90436006
24,437,METAP1,MYB,0.9041349
24,161,METAP1,JARID2,0.9026852
24,274,METAP1,NOP2,0.9005988
24,404,METAP1,FTSJ3,0.9005988
24,315,METAP1,CTSL,0.8951605
24,631,METAP1,ZFP36,0.8896574
24,197,METAP1,WDR4,0.86845946
24,154,METAP1,HDGF,0.86804366
24,166,METAP1,PSAT1,0.86804366
24,217,METAP1,PRMT7,0.86804366
24,220,METAP1,TMEM43,0.86804366
24,347,METAP1,RNF4,0.86804366
24,376,METAP1,ATF7,0.86804366
24,389,METAP1,FOXRED1,0.86804366
343,621,METTL27,SNRPB,0.9281713
343,353,METTL27,CBFB,0.895775
343,475,METTL27,BCL2,0.8942831
343,413,METTL27,RASSF4,0.8941586
343,67,METTL27,HDAC2,0.8850062
343,589,METTL27,YBX1,0.8819421
343,209,METTL27,ZBTB16,0.8709828
343,485,METTL27,ABL1,0.8596869
343,292,METTL27,HDAC7,0.8490384
343,165,METTL27,GTF2H1,0.845314
343,587,METTL27,NCAPD2,0.84031874
343,206,METTL27,ZDHHC6,0.8222312
343,508,METTL27,NDRG1,0.82139933
343,161,METTL27,JARID2,0.81536126
343,29,METTL27,IKZF1,0.81394273
343,261,METTL27,EZR,0.79889566
343,367,METTL27,HCFC1,0.76984316
343,437,METTL27,MYB,0.76757336
343,283,METTL27,EGR1,0.7656194
343,439,METTL27,DDX20,0.7637642
343,48,METTL27,ELANE,0.7630163
343,631,METTL27,ZFP36,0.7616878
343,486,METTL27,NFKBIA,0.7551303
343,351,METTL27,ERCC8,0.7502097
343,232,METTL27,ICAM1,0.7377043
343,208,METTL27,CISH,0.7360838
343,177,METTL27,RELB,0.73413795
343,196,METTL27,RARS,0.71889025
343,363,METTL27,MYC,0.717912
343,410,METTL27,SMARCA2,0.7174124
343,482,METTL27,NFATC2,0.71484596
343,422,METTL27,SESN1,0.7136104
343,466,METTL27,ABCG2,0.71360517
343,564,METTL27,MFNG,0.70949835
343,180,METTL27,TRIM35,0.70691687
343,331,METTL27,PIM2,0.706233
343,436,METTL27,RARB,0.70390975
343,263,METTL27,JUN,0.70247537
343,357,METTL27,MEIS1,0.6965902
343,81,METTL27,HDAC11,0.6961269
343,557,METTL27,SATB1,0.69231915
343,494,METTL27,USP11,0.6917651
343,82,METTL27,RB1,0.69159496
343,420,METTL27,FDFT1,0.6878487
343,34,METTL27,MAML3,0.68627745
343,580,METTL27,MLLT3,0.6799653
343,315,METTL27,CTSL,0.67211604
343,6,METTL27,BTG2,0.6685164
343,536,METTL27,SPI1,0.66701454
343,449,METTL27,TIE1,0.66557777
605,413,METTL7A1,RASSF4,0.9775728
605,587,METTL7A1,NCAPD2,0.9775728
605,67,METTL7A1,HDAC2,0.9756377
605,353,METTL7A1,CBFB,0.97480464
605,621,METTL7A1,SNRPB,0.9724364
605,209,METTL7A1,ZBTB16,0.96181095
605,165,METTL7A1,GTF2H1,0.9598353
605,508,METTL7A1,NDRG1,0.95881236
605,589,METTL7A1,YBX1,0.9588028
605,475,METTL7A1,BCL2,0.9570068
605,292,METTL7A1,HDAC7,0.95385814
605,485,METTL7A1,ABL1,0.95193034
605,261,METTL7A1,EZR,0.94785666
605,206,METTL7A1,ZDHHC6,0.9473748
605,161,METTL7A1,JARID2,0.94350135
605,486,METTL7A1,NFKBIA,0.9352899
605,564,METTL7A1,MFNG,0.93511397
605,631,METTL7A1,ZFP36,0.93304116
605,29,METTL7A1,IKZF1,0.9315274
605,482,METTL7A1,NFATC2,0.9272349
605,367,METTL7A1,HCFC1,0.92364603
605,439,METTL7A1,DDX20,0.9189865
605,331,METTL7A1,PIM2,0.915204
605,48,METTL7A1,ELANE,0.91254073
605,422,METTL7A1,SESN1,0.9113723
605,283,METTL7A1,EGR1,0.91037583
605,363,METTL7A1,MYC,0.90749454
605,315,METTL7A1,CTSL,0.90624285
605,410,METTL7A1,SMARCA2,0.90180403
605,177,METTL7A1,RELB,0.9003365
605,208,METTL7A1,CISH,0.89698803
605,351,METTL7A1,ERCC8,0.89565253
605,82,METTL7A1,RB1,0.87838674
605,494,METTL7A1,USP11,0.8714507
605,180,METTL7A1,TRIM35,0.86972374
605,436,METTL7A1,RARB,0.867669
605,81,METTL7A1,HDAC11,0.86147475
605,226,METTL7A1,POLR2B,0.86003584
605,196,METTL7A1,RARS,0.8564116
605,104,METTL7A1,BTK,0.8561124
605,557,METTL7A1,SATB1,0.8455212
605,34,METTL7A1,MAML3,0.84211457
605,232,METTL7A1,ICAM1,0.84136826
605,263,METTL7A1,JUN,0.83503705
605,357,METTL7A1,MEIS1,0.8289886
605,134,METTL7A1,PA2G4,0.82643646
605,480,METTL7A1,WDR5,0.82319945
605,394,METTL7A1,MAPK1,0.7971916
605,466,METTL7A1,ABCG2,0.7913005
605,437,METTL7A1,MYB,0.78976864
564,475,MFNG,BCL2,0.97331727
564,29,MFNG,IKZF1,0.96667963
564,353,MFNG,CBFB,0.9664075
564,292,MFNG,HDAC7,0.96588993
564,485,MFNG,ABL1,0.96051466
564,161,MFNG,JARID2,0.95941633
564,196,MFNG,RARS,0.95529926
564,413,MFNG,RASSF4,0.9551274
564,587,MFNG,NCAPD2,0.9551274
564,466,MFNG,ABCG2,0.9523695
564,283,MFNG,EGR1,0.9518383
564,263,MFNG,JUN,0.95105785
564,209,MFNG,ZBTB16,0.94987
564,67,MFNG,HDAC2,0.94799536
564,206,MFNG,ZDHHC6,0.9465843
564,621,MFNG,SNRPB,0.94412965
564,177,MFNG,RELB,0.94405293
564,208,MFNG,CISH,0.9420765
564,436,MFNG,RARB,0.9412096
564,232,MFNG,ICAM1,0.93817455
564,557,MFNG,SATB1,0.93689036
564,6,MFNG,BTG2,0.9358629
564,79,MFNG,STAT2,0.93578637
564,631,MFNG,ZFP36,0.935475
564,162,MFNG,FES,0.92799306
564,219,MFNG,TLR4,0.92799306
564,278,MFNG,NCF1,0.92799306
564,515,MFNG,IGHM,0.92799306
564,357,MFNG,MEIS1,0.92776686
564,253,MFNG,GRINA,0.92648673
564,289,MFNG,GT(ROSA)26SOR,0.92648673
564,613,MFNG,PGLYRP2,0.92648673
564,69,MFNG,NAP1L3,0.92449564
564,146,MFNG,SCARF1,0.92449564
564,175,MFNG,TLE2,0.92449564
564,194,MFNG,GOLPH3,0.92449564
564,441,MFNG,EBF1,0.92449564
564,546,MFNG,PROCR,0.92449564
564,622,MFNG,KRT18,0.92449564
564,536,MFNG,SPI1,0.9209916
564,508,MFNG,NDRG1,0.9205986
564,52,MFNG,FCGR2B,0.9189019
564,213,MFNG,TCP11L2,0.9189019
564,304,MFNG,HLF,0.9189019
564,64,MFNG,IRF9,0.9177903
564,224,MFNG,MAPK12,0.91757625
564,270,MFNG,VDR,0.91723436
564,331,MFNG,PIM2,0.91523814
564,580,MFNG,MLLT3,0.91278696
564,517,MFNG,H1F0,0.9126437
174,621,MFSD1,SNRPB,0.9826636
174,353,MFSD1,CBFB,0.9824457
174,413,MFSD1,RASSF4,0.98008484
174,587,MFSD1,NCAPD2,0.98008484
174,67,MFSD1,HDAC2,0.9779544
174,589,MFSD1,YBX1,0.977491
174,439,MFSD1,DDX20,0.9657539
174,261,MFSD1,EZR,0.96433884
174,367,MFSD1,HCFC1,0.9634605
174,363,MFSD1,MYC,0.96301985
174,165,MFSD1,GTF2H1,0.9617776
174,209,MFSD1,ZBTB16,0.9562751
174,508,MFSD1,NDRG1,0.9547875
174,226,MFSD1,POLR2B,0.9499582
174,351,MFSD1,ERCC8,0.9456363
174,82,MFSD1,RB1,0.93737686
174,482,MFSD1,NFATC2,0.93535084
174,33,MFSD1,CSTF2,0.93223435
174,199,MFSD1,E2F4,0.9316001
174,475,MFSD1,BCL2,0.92888725
174,3,MFSD1,POLR1B,0.9244382
174,117,MFSD1,TFG,0.92365736
174,372,MFSD1,BACE1,0.92365736
174,486,MFSD1,NFKBIA,0.9226723
174,375,MFSD1,SRSF1,0.9211142
174,28,MFSD1,NFE2,0.91941327
174,575,MFSD1,GTF2F1,0.91512895
174,564,MFSD1,MFNG,0.91413456
174,86,MFSD1,RANGAP1,0.913037
174,134,MFSD1,PA2G4,0.9113357
174,206,MFSD1,ZDHHC6,0.9096518
174,485,MFSD1,ABL1,0.90446126
174,345,MFSD1,UHRF1,0.90445966
174,437,MFSD1,MYB,0.90417
174,161,MFSD1,JARID2,0.9028989
174,274,MFSD1,NOP2,0.90075654
174,404,MFSD1,FTSJ3,0.90042186
174,315,MFSD1,CTSL,0.89527225
174,426,MFSD1,PRPF4,0.88090026
174,631,MFSD1,ZFP36,0.8765378
174,480,MFSD1,WDR5,0.86892736
174,376,MFSD1,ATF7,0.8683061
174,154,MFSD1,HDGF,0.86801237
174,166,MFSD1,PSAT1,0.86801237
174,212,MFSD1,FLT3,0.86801237
174,217,MFSD1,PRMT7,0.86801237
174,347,MFSD1,RNF4,0.86801237
174,562,MFSD1,NFIA,0.86801237
174,577,MFSD1,CAD,0.86801237
174,220,MFSD1,TMEM43,0.8677993
231,621,MFSD14B,SNRPB,0.928213
231,353,MFSD14B,CBFB,0.895775
231,475,MFSD14B,BCL2,0.8942831
231,413,MFSD14B,RASSF4,0.8941586
231,587,MFSD14B,NCAPD2,0.8941586
231,67,MFSD14B,HDAC2,0.8850062
231,589,MFSD14B,YBX1,0.8819421
231,209,MFSD14B,ZBTB16,0.8709828
231,165,MFSD14B,GTF2H1,0.8594474
231,485,MFSD14B,ABL1,0.8572532
231,292,MFSD14B,HDAC7,0.84898454
231,206,MFSD14B,ZDHHC6,0.82212543
231,508,MFSD14B,NDRG1,0.82139933
231,161,MFSD14B,JARID2,0.81536126
231,29,MFSD14B,IKZF1,0.8147214
231,261,MFSD14B,EZR,0.79889566
231,439,MFSD14B,DDX20,0.7856251
231,367,MFSD14B,HCFC1,0.7698142
231,283,MFSD14B,EGR1,0.7656194
231,48,MFSD14B,ELANE,0.76270694
231,631,MFSD14B,ZFP36,0.7616878
231,437,MFSD14B,MYB,0.7577636
231,486,MFSD14B,NFKBIA,0.7551303
231,351,MFSD14B,ERCC8,0.7502097
231,564,MFSD14B,MFNG,0.74007237
231,482,MFSD14B,NFATC2,0.73984134
231,363,MFSD14B,MYC,0.73903805
231,208,MFSD14B,CISH,0.7360838
231,177,MFSD14B,RELB,0.73413795
231,331,MFSD14B,PIM2,0.7212697
231,196,MFSD14B,RARS,0.71889025
231,410,MFSD14B,SMARCA2,0.7174124
231,422,MFSD14B,SESN1,0.7136104
231,466,MFSD14B,ABCG2,0.71360517
231,180,MFSD14B,TRIM35,0.7070132
231,263,MFSD14B,JUN,0.7049305
231,436,MFSD14B,RARB,0.7036986
231,315,MFSD14B,CTSL,0.70188516
231,357,MFSD14B,MEIS1,0.6965902
231,81,MFSD14B,HDAC11,0.6961269
231,557,MFSD14B,SATB1,0.69499636
231,494,MFSD14B,USP11,0.6917651
231,82,MFSD14B,RB1,0.69159496
231,232,MFSD14B,ICAM1,0.68858284
231,34,MFSD14B,MAML3,0.68767226
231,6,MFSD14B,BTG2,0.66849935
231,536,MFSD14B,SPI1,0.66701454
231,449,MFSD14B,TIE1,0.66557777
231,622,MFSD14B,KRT18,0.6639168
231,253,MFSD14B,GRINA,0.6624757
378,621,MGAT5,SNRPB,0.9282103
378,353,MGAT5,CBFB,0.895775
378,475,MGAT5,BCL2,0.8942831
378,587,MGAT5,NCAPD2,0.8941586
378,413,MGAT5,RASSF4,0.89409095
378,67,MGAT5,HDAC2,0.8850062
378,589,MGAT5,YBX1,0.8819967
378,209,MGAT5,ZBTB16,0.8709828
378,165,MGAT5,GTF2H1,0.8596957
378,485,MGAT5,ABL1,0.85761863
378,292,MGAT5,HDAC7,0.8490846
378,206,MGAT5,ZDHHC6,0.8222312
378,508,MGAT5,NDRG1,0.82139933
378,29,MGAT5,IKZF1,0.8147214
378,161,MGAT5,JARID2,0.8143692
378,261,MGAT5,EZR,0.7986047
378,367,MGAT5,HCFC1,0.7698142
378,437,MGAT5,MYB,0.7677564
378,283,MGAT5,EGR1,0.7656194
378,439,MGAT5,DDX20,0.7637642
378,48,MGAT5,ELANE,0.7628878
378,631,MGAT5,ZFP36,0.7616878
378,486,MGAT5,NFKBIA,0.7551303
378,351,MGAT5,ERCC8,0.7502097
378,564,MGAT5,MFNG,0.74057674
378,208,MGAT5,CISH,0.7360838
378,177,MGAT5,RELB,0.7342543
378,331,MGAT5,PIM2,0.7212916
378,196,MGAT5,RARS,0.71889025
378,69,MGAT5,NAP1L3,0.71834666
378,363,MGAT5,MYC,0.7176446
378,410,MGAT5,SMARCA2,0.7174124
378,482,MGAT5,NFATC2,0.71484596
378,422,MGAT5,SESN1,0.7136104
378,466,MGAT5,ABCG2,0.71360517
378,180,MGAT5,TRIM35,0.7070132
378,436,MGAT5,RARB,0.7036986
378,263,MGAT5,JUN,0.70247537
378,315,MGAT5,CTSL,0.70188516
378,357,MGAT5,MEIS1,0.6965902
378,81,MGAT5,HDAC11,0.6952349
378,557,MGAT5,SATB1,0.69231915
378,494,MGAT5,USP11,0.6917651
378,82,MGAT5,RB1,0.6917252
378,232,MGAT5,ICAM1,0.68858284
378,34,MGAT5,MAML3,0.68767226
378,394,MGAT5,MAPK1,0.6863559
378,453,MGAT5,GATA2,0.68217665
378,536,MGAT5,SPI1,0.6701269
378,6,MGAT5,BTG2,0.66849935
124,621,MICU1,SNRPB,0.9282103
124,353,MICU1,CBFB,0.895775
124,475,MICU1,BCL2,0.8942831
124,413,MICU1,RASSF4,0.8941586
124,67,MICU1,HDAC2,0.8850062
124,589,MICU1,YBX1,0.8821703
124,209,MICU1,ZBTB16,0.8709828
124,165,MICU1,GTF2H1,0.8593966
124,485,MICU1,ABL1,0.8572532
124,292,MICU1,HDAC7,0.8490846
124,587,MICU1,NCAPD2,0.8410011
124,206,MICU1,ZDHHC6,0.8222312
124,508,MICU1,NDRG1,0.82139933
124,161,MICU1,JARID2,0.81536126
124,29,MICU1,IKZF1,0.8147214
124,261,MICU1,EZR,0.79889566
124,180,MICU1,TRIM35,0.78315103
124,410,MICU1,SMARCA2,0.7813421
124,367,MICU1,HCFC1,0.7700447
124,437,MICU1,MYB,0.76757336
124,283,MICU1,EGR1,0.7656194
124,439,MICU1,DDX20,0.7637821
124,486,MICU1,NFKBIA,0.7551303
124,351,MICU1,ERCC8,0.7502097
124,81,MICU1,HDAC11,0.7442053
124,363,MICU1,MYC,0.7404404
124,564,MICU1,MFNG,0.74000317
124,177,MICU1,RELB,0.7366495
124,208,MICU1,CISH,0.7360838
124,48,MICU1,ELANE,0.7345329
124,331,MICU1,PIM2,0.7212916
124,196,MICU1,RARS,0.7185634
124,482,MICU1,NFATC2,0.71484596
124,466,MICU1,ABCG2,0.71360517
124,422,MICU1,SESN1,0.70703137
124,436,MICU1,RARB,0.7036986
124,263,MICU1,JUN,0.70247537
124,315,MICU1,CTSL,0.70188516
124,357,MICU1,MEIS1,0.6965902
124,557,MICU1,SATB1,0.69231915
124,494,MICU1,USP11,0.6917651
124,82,MICU1,RB1,0.69159496
124,232,MICU1,ICAM1,0.68822336
124,34,MICU1,MAML3,0.68767226
124,631,MICU1,ZFP36,0.67455244
124,6,MICU1,BTG2,0.66849935
124,52,MICU1,FCGR2B,0.6673724
124,536,MICU1,SPI1,0.66701454
124,358,MICU1,TRPS1,0.6669866
124,449,MICU1,TIE1,0.66557777
380,621,MILR1,SNRPB,0.9282103
380,353,MILR1,CBFB,0.895775
380,475,MILR1,BCL2,0.8942831
380,587,MILR1,NCAPD2,0.8941586
380,413,MILR1,RASSF4,0.89409095
380,67,MILR1,HDAC2,0.8850062
380,589,MILR1,YBX1,0.8819967
380,209,MILR1,ZBTB16,0.8709828
380,165,MILR1,GTF2H1,0.8596957
380,485,MILR1,ABL1,0.85761863
380,292,MILR1,HDAC7,0.8490846
380,206,MILR1,ZDHHC6,0.8222312
380,508,MILR1,NDRG1,0.82139933
380,29,MILR1,IKZF1,0.8147214
380,161,MILR1,JARID2,0.8143692
380,261,MILR1,EZR,0.7986047
380,367,MILR1,HCFC1,0.7698142
380,437,MILR1,MYB,0.7677564
380,283,MILR1,EGR1,0.7656194
380,439,MILR1,DDX20,0.7637642
380,48,MILR1,ELANE,0.7628878
380,631,MILR1,ZFP36,0.7616878
380,486,MILR1,NFKBIA,0.7551303
380,351,MILR1,ERCC8,0.7502097
380,564,MILR1,MFNG,0.74057674
380,208,MILR1,CISH,0.7360838
380,177,MILR1,RELB,0.7342543
380,331,MILR1,PIM2,0.7212916
380,196,MILR1,RARS,0.71889025
380,69,MILR1,NAP1L3,0.71834666
380,363,MILR1,MYC,0.7176446
380,410,MILR1,SMARCA2,0.7174124
380,482,MILR1,NFATC2,0.71484596
380,422,MILR1,SESN1,0.7136104
380,466,MILR1,ABCG2,0.71360517
380,180,MILR1,TRIM35,0.7070132
380,436,MILR1,RARB,0.7036986
380,263,MILR1,JUN,0.70247537
380,315,MILR1,CTSL,0.70188516
380,357,MILR1,MEIS1,0.6965902
380,81,MILR1,HDAC11,0.6952349
380,557,MILR1,SATB1,0.69231915
380,494,MILR1,USP11,0.6917651
380,82,MILR1,RB1,0.6917252
380,232,MILR1,ICAM1,0.68858284
380,34,MILR1,MAML3,0.68767226
380,394,MILR1,MAPK1,0.6863559
380,453,MILR1,GATA2,0.68217665
380,536,MILR1,SPI1,0.6701269
380,6,MILR1,BTG2,0.66849935
118,240,MIS12,RPA2,0.98680985
118,137,MIS12,MYCN,0.98611975
118,259,MIS12,NUP107,0.98551846
118,204,MIS12,MCM2,0.98487824
118,189,MIS12,MCM5,0.98479766
118,299,MIS12,ORC2,0.984744
118,575,MIS12,GTF2F1,0.9839962
118,500,MIS12,MCM3,0.98348445
118,561,MIS12,MCM7,0.98345727
118,426,MIS12,PRPF4,0.9832651
118,350,MIS12,MCM6,0.9827099
118,375,MIS12,SRSF1,0.9823773
118,554,MIS12,CDT1,0.9815192
118,411,MIS12,CDC45,0.9806819
118,414,MIS12,CENPK,0.97995603
118,323,MIS12,MCM4,0.9798417
118,392,MIS12,DCAF13,0.9779766
118,497,MIS12,TYMS,0.9765895
118,74,MIS12,TOP2A,0.9744835
118,102,MIS12,PRIM1,0.9743643
118,42,MIS12,HMGB2,0.9737326
118,279,MIS12,AURKB,0.9731751
118,30,MIS12,PBK,0.97291595
118,198,MIS12,NDN,0.97265965
118,182,MIS12,RPA1,0.9724831
118,53,MIS12,ORC6,0.9695851
118,478,MIS12,MKI67,0.9677386
118,266,MIS12,MSH6,0.96646655
118,399,MIS12,RRM2,0.96555114
118,361,MIS12,CCNB2,0.9655416
118,433,MIS12,XPC,0.9650675
118,620,MIS12,TIPIN,0.96289784
118,21,MIS12,RRM1,0.96190524
118,297,MIS12,LIG1,0.9611372
118,290,MIS12,POLD1,0.95977706
118,610,MIS12,PRIM2,0.9587231
118,119,MIS12,SLC2A3,0.95732003
118,273,MIS12,FIGNL1,0.9564585
118,407,MIS12,CDC7,0.9536212
118,621,MIS12,SNRPB,0.94618326
118,439,MIS12,DDX20,0.944619
118,367,MIS12,HCFC1,0.94113034
118,363,MIS12,MYC,0.9376893
118,246,MIS12,TK1,0.93568563
118,589,MIS12,YBX1,0.92246133
118,117,MIS12,TFG,0.91779023
118,372,MIS12,BACE1,0.91779023
118,226,MIS12,POLR2B,0.9057319
118,274,MIS12,NOP2,0.89483964
118,404,MIS12,FTSJ3,0.89483964
68,621,MIS18BP1,SNRPB,0.92819756
68,353,MIS18BP1,CBFB,0.895775
68,475,MIS18BP1,BCL2,0.8942831
68,413,MIS18BP1,RASSF4,0.8941586
68,587,MIS18BP1,NCAPD2,0.8941495
68,67,MIS18BP1,HDAC2,0.8850062
68,589,MIS18BP1,YBX1,0.8819421
68,209,MIS18BP1,ZBTB16,0.8709828
68,485,MIS18BP1,ABL1,0.8572532
68,292,MIS18BP1,HDAC7,0.84905565
68,206,MIS18BP1,ZDHHC6,0.8222312
68,508,MIS18BP1,NDRG1,0.82139933
68,161,MIS18BP1,JARID2,0.81536126
68,29,MIS18BP1,IKZF1,0.8147214
68,261,MIS18BP1,EZR,0.79889566
68,367,MIS18BP1,HCFC1,0.7698142
68,437,MIS18BP1,MYB,0.76757336
68,283,MIS18BP1,EGR1,0.7656194
68,439,MIS18BP1,DDX20,0.7637642
68,48,MIS18BP1,ELANE,0.7628878
68,631,MIS18BP1,ZFP36,0.7616878
68,486,MIS18BP1,NFKBIA,0.7551303
68,482,MIS18BP1,NFATC2,0.7502473
68,351,MIS18BP1,ERCC8,0.7502097
68,165,MIS18BP1,GTF2H1,0.7445996
68,564,MIS18BP1,MFNG,0.74007237
68,208,MIS18BP1,CISH,0.7360838
68,177,MIS18BP1,RELB,0.73413795
68,315,MIS18BP1,CTSL,0.72271436
68,331,MIS18BP1,PIM2,0.7212916
68,196,MIS18BP1,RARS,0.71889025
68,363,MIS18BP1,MYC,0.7176446
68,410,MIS18BP1,SMARCA2,0.7174124
68,422,MIS18BP1,SESN1,0.7136104
68,466,MIS18BP1,ABCG2,0.71360517
68,180,MIS18BP1,TRIM35,0.7070132
68,436,MIS18BP1,RARB,0.7036986
68,622,MIS18BP1,KRT18,0.7002005
68,357,MIS18BP1,MEIS1,0.6966583
68,81,MIS18BP1,HDAC11,0.6961269
68,557,MIS18BP1,SATB1,0.69231915
68,494,MIS18BP1,USP11,0.6917651
68,82,MIS18BP1,RB1,0.69159496
68,27,MIS18BP1,IRF8,0.68899816
68,232,MIS18BP1,ICAM1,0.68858284
68,34,MIS18BP1,MAML3,0.68767226
68,263,MIS18BP1,JUN,0.68641496
68,453,MIS18BP1,GATA2,0.68217665
68,6,MIS18BP1,BTG2,0.66849935
68,536,MIS18BP1,SPI1,0.66701454
478,575,MKI67,GTF2F1,0.9880795
478,204,MKI67,MCM2,0.9859838
478,189,MKI67,MCM5,0.9858009
478,259,MKI67,NUP107,0.985252
478,500,MKI67,MCM3,0.9848616
478,299,MKI67,ORC2,0.98475397
478,414,MKI67,CENPK,0.9846326
478,561,MKI67,MCM7,0.9845387
478,350,MKI67,MCM6,0.984365
478,118,MKI67,MIS12,0.9832078
478,426,MKI67,PRPF4,0.98270756
478,323,MKI67,MCM4,0.98173404
478,554,MKI67,CDT1,0.98156506
478,137,MKI67,MYCN,0.9813182
478,266,MKI67,MSH6,0.9781796
478,433,MKI67,XPC,0.9779323
478,497,MKI67,TYMS,0.9774277
478,74,MKI67,TOP2A,0.9761012
478,42,MKI67,HMGB2,0.9760099
478,240,MKI67,RPA2,0.9759555
478,182,MKI67,RPA1,0.97415924
478,30,MKI67,PBK,0.9741122
478,279,MKI67,AURKB,0.97382903
478,53,MKI67,ORC6,0.9721671
478,411,MKI67,CDC45,0.9714436
478,392,MKI67,DCAF13,0.970802
478,119,MKI67,SLC2A3,0.9704037
478,361,MKI67,CCNB2,0.9685299
478,399,MKI67,RRM2,0.96803355
478,102,MKI67,PRIM1,0.9676021
478,21,MKI67,RRM1,0.9663635
478,297,MKI67,LIG1,0.96548146
478,620,MKI67,TIPIN,0.96487856
478,290,MKI67,POLD1,0.9634207
478,610,MKI67,PRIM2,0.9625331
478,246,MKI67,TK1,0.9597532
478,407,MKI67,CDC7,0.9597532
478,198,MKI67,NDN,0.95932364
478,273,MKI67,FIGNL1,0.9454862
478,439,MKI67,DDX20,0.9312595
478,375,MKI67,SRSF1,0.9291727
478,621,MKI67,SNRPB,0.9167271
478,371,MKI67,SPO11,0.91262054
478,367,MKI67,HCFC1,0.881965
478,363,MKI67,MYC,0.8808756
478,589,MKI67,YBX1,0.8452095
478,226,MKI67,POLR2B,0.8091153
478,372,MKI67,BACE1,0.7882834
478,117,MKI67,TFG,0.77797145
478,274,MKI67,NOP2,0.757464
574,621,MLKL,SNRPB,0.9282181
574,353,MLKL,CBFB,0.895775
574,475,MLKL,BCL2,0.8942831
574,587,MLKL,NCAPD2,0.8941586
574,413,MLKL,RASSF4,0.8933038
574,67,MLKL,HDAC2,0.8850062
574,589,MLKL,YBX1,0.8819421
574,209,MLKL,ZBTB16,0.8709828
574,165,MLKL,GTF2H1,0.8593966
574,485,MLKL,ABL1,0.8572532
574,292,MLKL,HDAC7,0.8490846
574,206,MLKL,ZDHHC6,0.8222312
574,508,MLKL,NDRG1,0.8216291
574,161,MLKL,JARID2,0.81536126
574,29,MLKL,IKZF1,0.8147214
574,261,MLKL,EZR,0.79889566
574,367,MLKL,HCFC1,0.7698142
574,437,MLKL,MYB,0.76757336
574,283,MLKL,EGR1,0.7656194
574,439,MLKL,DDX20,0.7637642
574,48,MLKL,ELANE,0.7628878
574,631,MLKL,ZFP36,0.7616878
574,486,MLKL,NFKBIA,0.7551303
574,351,MLKL,ERCC8,0.7502097
574,208,MLKL,CISH,0.7360838
574,177,MLKL,RELB,0.73413795
574,482,MLKL,NFATC2,0.7237593
574,331,MLKL,PIM2,0.7212916
574,196,MLKL,RARS,0.71889025
574,363,MLKL,MYC,0.7176446
574,410,MLKL,SMARCA2,0.7174124
574,466,MLKL,ABCG2,0.71360517
574,564,MLKL,MFNG,0.70718926
574,180,MLKL,TRIM35,0.7070132
574,436,MLKL,RARB,0.7036986
574,263,MLKL,JUN,0.70247537
574,315,MLKL,CTSL,0.70188516
574,81,MLKL,HDAC11,0.6994596
574,357,MLKL,MEIS1,0.6965902
574,557,MLKL,SATB1,0.69231915
574,494,MLKL,USP11,0.6917651
574,82,MLKL,RB1,0.69159496
574,187,MLKL,LMO4,0.6907174
574,232,MLKL,ICAM1,0.68858284
574,157,MLKL,PLAG1,0.6863559
574,34,MLKL,MAML3,0.68180364
574,6,MLKL,BTG2,0.6685164
574,536,MLKL,SPI1,0.66701454
574,253,MLKL,GRINA,0.6624757
574,289,MLKL,GT(ROSA)26SOR,0.6624757
580,475,MLLT3,BCL2,0.9750879
580,29,MLLT3,IKZF1,0.97000635
580,292,MLLT3,HDAC7,0.9677645
580,485,MLLT3,ABL1,0.96709967
580,161,MLLT3,JARID2,0.95941526
580,283,MLLT3,EGR1,0.95897084
580,196,MLLT3,RARS,0.95888424
580,353,MLLT3,CBFB,0.95754963
580,466,MLLT3,ABCG2,0.95726216
580,263,MLLT3,JUN,0.95519525
580,631,MLLT3,ZFP36,0.950419
580,209,MLLT3,ZBTB16,0.94925135
580,206,MLLT3,ZDHHC6,0.9490012
580,79,MLLT3,STAT2,0.9464637
580,6,MLLT3,BTG2,0.94565976
580,177,MLLT3,RELB,0.9425427
580,208,MLLT3,CISH,0.9407758
580,436,MLLT3,RARB,0.9402752
580,536,MLLT3,SPI1,0.93894714
580,557,MLLT3,SATB1,0.9388123
580,232,MLLT3,ICAM1,0.93704367
580,162,MLLT3,FES,0.9370316
580,219,MLLT3,TLR4,0.9370316
580,278,MLLT3,NCF1,0.9370316
580,515,MLLT3,IGHM,0.9368548
580,253,MLLT3,GRINA,0.93658304
580,289,MLLT3,GT(ROSA)26SOR,0.93658304
580,613,MLLT3,PGLYRP2,0.93658304
580,146,MLLT3,SCARF1,0.93502235
580,175,MLLT3,TLE2,0.93502235
580,194,MLLT3,GOLPH3,0.93502235
580,622,MLLT3,KRT18,0.93502235
580,546,MLLT3,PROCR,0.93498826
580,69,MLLT3,NAP1L3,0.934894
580,64,MLLT3,IRF9,0.9337402
580,213,MLLT3,TCP11L2,0.930651
580,52,MLLT3,FCGR2B,0.9304437
580,304,MLLT3,HLF,0.9304437
580,420,MLLT3,FDFT1,0.9289531
580,621,MLLT3,SNRPB,0.928572
580,224,MLLT3,MAPK12,0.9275709
580,293,MLLT3,IRF7,0.9273815
580,73,MLLT3,RORC,0.9262701
580,517,MLLT3,H1F0,0.9252652
580,413,MLLT3,RASSF4,0.9249422
580,587,MLLT3,NCAPD2,0.9249422
580,27,MLLT3,IRF8,0.92466766
580,357,MLLT3,MEIS1,0.9240174
580,590,MLLT3,IL12A,0.9236235
580,251,MLLT3,IRF6,0.9229626
85,621,MMRN1,SNRPB,0.92824626
85,353,MMRN1,CBFB,0.895775
85,475,MMRN1,BCL2,0.8942831
85,413,MMRN1,RASSF4,0.8941586
85,587,MMRN1,NCAPD2,0.8941586
85,67,MMRN1,HDAC2,0.8850062
85,589,MMRN1,YBX1,0.8819421
85,209,MMRN1,ZBTB16,0.8709828
85,165,MMRN1,GTF2H1,0.85932857
85,485,MMRN1,ABL1,0.85836256
85,292,MMRN1,HDAC7,0.8490846
85,206,MMRN1,ZDHHC6,0.8222312
85,508,MMRN1,NDRG1,0.8216291
85,161,MMRN1,JARID2,0.81512475
85,29,MMRN1,IKZF1,0.8147214
85,261,MMRN1,EZR,0.7987184
85,367,MMRN1,HCFC1,0.7698142
85,437,MMRN1,MYB,0.76757336
85,283,MMRN1,EGR1,0.7656194
85,439,MMRN1,DDX20,0.7637642
85,48,MMRN1,ELANE,0.7628878
85,631,MMRN1,ZFP36,0.7616878
85,486,MMRN1,NFKBIA,0.7551303
85,351,MMRN1,ERCC8,0.7502097
85,564,MMRN1,MFNG,0.74007237
85,208,MMRN1,CISH,0.7360838
85,177,MMRN1,RELB,0.73413795
85,196,MMRN1,RARS,0.71889025
85,363,MMRN1,MYC,0.7176446
85,410,MMRN1,SMARCA2,0.7174124
85,482,MMRN1,NFATC2,0.71484596
85,422,MMRN1,SESN1,0.7136104
85,466,MMRN1,ABCG2,0.71360517
85,180,MMRN1,TRIM35,0.7070132
85,436,MMRN1,RARB,0.7036986
85,331,MMRN1,PIM2,0.7026792
85,263,MMRN1,JUN,0.70247537
85,315,MMRN1,CTSL,0.70188516
85,357,MMRN1,MEIS1,0.6965902
85,81,MMRN1,HDAC11,0.6961269
85,557,MMRN1,SATB1,0.69407994
85,82,MMRN1,RB1,0.6918195
85,494,MMRN1,USP11,0.6917651
85,232,MMRN1,ICAM1,0.68858284
85,34,MMRN1,MAML3,0.68767226
85,6,MMRN1,BTG2,0.66849935
85,536,MMRN1,SPI1,0.66701454
85,449,MMRN1,TIE1,0.6655642
85,289,MMRN1,GT(ROSA)26SOR,0.6624757
85,613,MMRN1,PGLYRP2,0.6624757
267,621,MOB3C,SNRPB,0.928213
267,353,MOB3C,CBFB,0.895775
267,475,MOB3C,BCL2,0.8942831
267,413,MOB3C,RASSF4,0.8941586
267,587,MOB3C,NCAPD2,0.8941586
267,67,MOB3C,HDAC2,0.8850062
267,589,MOB3C,YBX1,0.8819421
267,209,MOB3C,ZBTB16,0.8709828
267,165,MOB3C,GTF2H1,0.8593966
267,485,MOB3C,ABL1,0.8572532
267,206,MOB3C,ZDHHC6,0.8222312
267,508,MOB3C,NDRG1,0.82139933
267,29,MOB3C,IKZF1,0.8147214
267,292,MOB3C,HDAC7,0.8003919
267,261,MOB3C,EZR,0.7994753
267,161,MOB3C,JARID2,0.79215765
267,367,MOB3C,HCFC1,0.7698142
267,437,MOB3C,MYB,0.76757336
267,283,MOB3C,EGR1,0.76525295
267,48,MOB3C,ELANE,0.7628878
267,631,MOB3C,ZFP36,0.7616878
267,351,MOB3C,ERCC8,0.7502097
267,486,MOB3C,NFKBIA,0.74516636
267,564,MOB3C,MFNG,0.74007237
267,208,MOB3C,CISH,0.7360838
267,177,MOB3C,RELB,0.73413795
267,79,MOB3C,STAT2,0.7255841
267,331,MOB3C,PIM2,0.7212916
267,196,MOB3C,RARS,0.71889025
267,363,MOB3C,MYC,0.7176446
267,410,MOB3C,SMARCA2,0.7174124
267,482,MOB3C,NFATC2,0.71484596
267,466,MOB3C,ABCG2,0.7139547
267,422,MOB3C,SESN1,0.7136104
267,180,MOB3C,TRIM35,0.7070132
267,436,MOB3C,RARB,0.7036986
267,263,MOB3C,JUN,0.70247537
267,315,MOB3C,CTSL,0.70188516
267,357,MOB3C,MEIS1,0.69639796
267,81,MOB3C,HDAC11,0.6961269
267,445,MOB3C,APBB1,0.69363475
267,557,MOB3C,SATB1,0.69231915
267,494,MOB3C,USP11,0.6917651
267,82,MOB3C,RB1,0.69159496
267,232,MOB3C,ICAM1,0.68858284
267,34,MOB3C,MAML3,0.6861636
267,439,MOB3C,DDX20,0.67580974
267,480,MOB3C,WDR5,0.67171305
267,6,MOB3C,BTG2,0.66849935
267,536,MOB3C,SPI1,0.66701454
262,621,MOGS,SNRPB,0.9042036
262,353,MOGS,CBFB,0.89608485
262,475,MOGS,BCL2,0.8942831
262,413,MOGS,RASSF4,0.8941586
262,587,MOGS,NCAPD2,0.8941586
262,67,MOGS,HDAC2,0.8850062
262,589,MOGS,YBX1,0.8819421
262,209,MOGS,ZBTB16,0.8709828
262,165,MOGS,GTF2H1,0.8593966
262,485,MOGS,ABL1,0.8572532
262,292,MOGS,HDAC7,0.8490846
262,206,MOGS,ZDHHC6,0.8222312
262,508,MOGS,NDRG1,0.8180525
262,161,MOGS,JARID2,0.81536126
262,29,MOGS,IKZF1,0.8147214
262,261,MOGS,EZR,0.79889566
262,367,MOGS,HCFC1,0.7698142
262,437,MOGS,MYB,0.76757336
262,283,MOGS,EGR1,0.7656194
262,439,MOGS,DDX20,0.7637642
262,48,MOGS,ELANE,0.7628878
262,631,MOGS,ZFP36,0.7616878
262,486,MOGS,NFKBIA,0.7551303
262,351,MOGS,ERCC8,0.7502097
262,564,MOGS,MFNG,0.74007237
262,208,MOGS,CISH,0.7360838
262,177,MOGS,RELB,0.73413795
262,304,MOGS,HLF,0.7246261
262,196,MOGS,RARS,0.71889025
262,363,MOGS,MYC,0.7176446
262,331,MOGS,PIM2,0.7176302
262,410,MOGS,SMARCA2,0.7174124
262,482,MOGS,NFATC2,0.71484596
262,422,MOGS,SESN1,0.7136104
262,466,MOGS,ABCG2,0.71360517
262,436,MOGS,RARB,0.7036986
262,263,MOGS,JUN,0.70247537
262,315,MOGS,CTSL,0.70188516
262,6,MOGS,BTG2,0.70120233
262,357,MOGS,MEIS1,0.6965902
262,81,MOGS,HDAC11,0.6961269
262,180,MOGS,TRIM35,0.6950651
262,557,MOGS,SATB1,0.69231915
262,82,MOGS,RB1,0.69159496
262,232,MOGS,ICAM1,0.6885158
262,34,MOGS,MAML3,0.68767226
262,536,MOGS,SPI1,0.6672239
262,449,MOGS,TIE1,0.66557777
262,613,MOGS,PGLYRP2,0.6625808
262,289,MOGS,GT(ROSA)26SOR,0.6624757
534,621,MORC3,SNRPB,0.9251865
534,353,MORC3,CBFB,0.895775
534,475,MORC3,BCL2,0.8942831
534,413,MORC3,RASSF4,0.8941586
534,67,MORC3,HDAC2,0.8850062
534,589,MORC3,YBX1,0.8819421
534,165,MORC3,GTF2H1,0.85845286
534,485,MORC3,ABL1,0.8572532
534,292,MORC3,HDAC7,0.8490846
534,206,MORC3,ZDHHC6,0.8222312
534,508,MORC3,NDRG1,0.82139933
534,209,MORC3,ZBTB16,0.82109094
534,161,MORC3,JARID2,0.81536126
534,29,MORC3,IKZF1,0.8147214
534,261,MORC3,EZR,0.79889566
534,437,MORC3,MYB,0.76757336
534,631,MORC3,ZFP36,0.7616878
534,283,MORC3,EGR1,0.7607387
534,486,MORC3,NFKBIA,0.7551303
534,351,MORC3,ERCC8,0.7502097
534,564,MORC3,MFNG,0.74007237
534,177,MORC3,RELB,0.7366495
534,208,MORC3,CISH,0.7360838
534,48,MORC3,ELANE,0.7345917
534,587,MORC3,NCAPD2,0.7306325
534,482,MORC3,NFATC2,0.7237593
534,331,MORC3,PIM2,0.7212916
534,196,MORC3,RARS,0.71971035
534,363,MORC3,MYC,0.7176446
534,410,MORC3,SMARCA2,0.7174124
534,422,MORC3,SESN1,0.7136104
534,466,MORC3,ABCG2,0.71360517
534,180,MORC3,TRIM35,0.7070132
534,263,MORC3,JUN,0.70247537
534,315,MORC3,CTSL,0.70188516
534,357,MORC3,MEIS1,0.6966681
534,81,MORC3,HDAC11,0.6961269
534,557,MORC3,SATB1,0.69231915
534,494,MORC3,USP11,0.6917651
534,82,MORC3,RB1,0.69159496
534,232,MORC3,ICAM1,0.68858284
534,34,MORC3,MAML3,0.6877883
534,436,MORC3,RARB,0.6772892
534,6,MORC3,BTG2,0.66849935
534,536,MORC3,SPI1,0.6669362
534,449,MORC3,TIE1,0.66557777
534,613,MORC3,PGLYRP2,0.6624757
534,441,MORC3,EBF1,0.65781903
534,146,MORC3,SCARF1,0.65723175
534,546,MORC3,PROCR,0.65723175
576,621,MPL,SNRPB,0.9282181
576,353,MPL,CBFB,0.895775
576,475,MPL,BCL2,0.8942831
576,587,MPL,NCAPD2,0.8941586
576,413,MPL,RASSF4,0.8933038
576,67,MPL,HDAC2,0.8850062
576,589,MPL,YBX1,0.8819421
576,209,MPL,ZBTB16,0.8709828
576,165,MPL,GTF2H1,0.8593966
576,485,MPL,ABL1,0.8572532
576,292,MPL,HDAC7,0.8490846
576,206,MPL,ZDHHC6,0.8222312
576,508,MPL,NDRG1,0.8216291
576,161,MPL,JARID2,0.81536126
576,29,MPL,IKZF1,0.8147214
576,261,MPL,EZR,0.79889566
576,367,MPL,HCFC1,0.7698142
576,437,MPL,MYB,0.76757336
576,283,MPL,EGR1,0.7656194
576,439,MPL,DDX20,0.7637642
576,48,MPL,ELANE,0.7628878
576,631,MPL,ZFP36,0.7616878
576,486,MPL,NFKBIA,0.7551303
576,351,MPL,ERCC8,0.7502097
576,208,MPL,CISH,0.7360838
576,177,MPL,RELB,0.73413795
576,482,MPL,NFATC2,0.7237593
576,331,MPL,PIM2,0.7212916
576,196,MPL,RARS,0.71889025
576,363,MPL,MYC,0.7176446
576,410,MPL,SMARCA2,0.7174124
576,466,MPL,ABCG2,0.71360517
576,564,MPL,MFNG,0.70718926
576,180,MPL,TRIM35,0.7070132
576,436,MPL,RARB,0.7036986
576,263,MPL,JUN,0.70247537
576,315,MPL,CTSL,0.70188516
576,81,MPL,HDAC11,0.6994596
576,357,MPL,MEIS1,0.6965902
576,557,MPL,SATB1,0.69231915
576,494,MPL,USP11,0.6917651
576,82,MPL,RB1,0.69159496
576,187,MPL,LMO4,0.6907174
576,232,MPL,ICAM1,0.68858284
576,157,MPL,PLAG1,0.6863559
576,34,MPL,MAML3,0.68180364
576,6,MPL,BTG2,0.6685164
576,536,MPL,SPI1,0.66701454
576,253,MPL,GRINA,0.6624757
576,289,MPL,GT(ROSA)26SOR,0.6624757
516,587,MPO,NCAPD2,0.9775997
516,67,MPO,HDAC2,0.97613186
516,353,MPO,CBFB,0.9756414
516,621,MPO,SNRPB,0.9724302
516,209,MPO,ZBTB16,0.96186066
516,165,MPO,GTF2H1,0.95992005
516,508,MPO,NDRG1,0.95885366
516,589,MPO,YBX1,0.95874417
516,475,MPO,BCL2,0.95683545
516,292,MPO,HDAC7,0.95393777
516,485,MPO,ABL1,0.9520093
516,206,MPO,ZDHHC6,0.94747144
516,161,MPO,JARID2,0.9436096
516,486,MPO,NFKBIA,0.9354254
516,564,MPO,MFNG,0.935269
516,261,MPO,EZR,0.93452173
516,631,MPO,ZFP36,0.9331932
516,29,MPO,IKZF1,0.93168104
516,482,MPO,NFATC2,0.9279713
516,367,MPO,HCFC1,0.9236912
516,439,MPO,DDX20,0.91718894
516,331,MPO,PIM2,0.9154358
516,48,MPO,ELANE,0.91268396
516,422,MPO,SESN1,0.9112522
516,283,MPO,EGR1,0.9105517
516,363,MPO,MYC,0.90749127
516,315,MPO,CTSL,0.90652657
516,413,MPO,RASSF4,0.9044393
516,351,MPO,ERCC8,0.904148
516,410,MPO,SMARCA2,0.9021217
516,177,MPO,RELB,0.90062803
516,208,MPO,CISH,0.89727193
516,437,MPO,MYB,0.88306135
516,82,MPO,RB1,0.8796662
516,494,MPO,USP11,0.87160516
516,180,MPO,TRIM35,0.8700658
516,436,MPO,RARB,0.86800253
516,81,MPO,HDAC11,0.86187774
516,226,MPO,POLR2B,0.8600224
516,196,MPO,RARS,0.8567941
516,104,MPO,BTK,0.856549
516,557,MPO,SATB1,0.84590346
516,34,MPO,MAML3,0.8425508
516,232,MPO,ICAM1,0.8412975
516,263,MPO,JUN,0.83560055
516,347,MPO,RNF4,0.8319111
516,357,MPO,MEIS1,0.82976776
516,134,MPO,PA2G4,0.8263267
516,480,MPO,WDR5,0.82158655
516,199,MPO,E2F4,0.80723596
254,621,MRPL37,SNRPB,0.928213
254,353,MRPL37,CBFB,0.895775
254,475,MRPL37,BCL2,0.8942831
254,413,MRPL37,RASSF4,0.8941586
254,587,MRPL37,NCAPD2,0.8941586
254,589,MRPL37,YBX1,0.8819421
254,209,MRPL37,ZBTB16,0.8709828
254,165,MRPL37,GTF2H1,0.8593966
254,485,MRPL37,ABL1,0.8572532
254,292,MRPL37,HDAC7,0.84921783
254,67,MRPL37,HDAC2,0.8400238
254,206,MRPL37,ZDHHC6,0.8220157
254,508,MRPL37,NDRG1,0.8203991
254,161,MRPL37,JARID2,0.81536126
254,29,MRPL37,IKZF1,0.8147214
254,261,MRPL37,EZR,0.79889566
254,367,MRPL37,HCFC1,0.7698142
254,283,MRPL37,EGR1,0.7656194
254,263,MRPL37,JUN,0.7649864
254,439,MRPL37,DDX20,0.7637642
254,48,MRPL37,ELANE,0.7628878
254,631,MRPL37,ZFP36,0.7616878
254,486,MRPL37,NFKBIA,0.7551303
254,196,MRPL37,RARS,0.7519067
254,351,MRPL37,ERCC8,0.7502097
254,564,MRPL37,MFNG,0.74007237
254,437,MRPL37,MYB,0.7362033
254,208,MRPL37,CISH,0.7360558
254,177,MRPL37,RELB,0.73413795
254,331,MRPL37,PIM2,0.7213394
254,363,MRPL37,MYC,0.7176446
254,410,MRPL37,SMARCA2,0.7174124
254,482,MRPL37,NFATC2,0.7146799
254,422,MRPL37,SESN1,0.71360755
254,466,MRPL37,ABCG2,0.71360517
254,315,MRPL37,CTSL,0.7126253
254,180,MRPL37,TRIM35,0.7070132
254,436,MRPL37,RARB,0.7036986
254,357,MRPL37,MEIS1,0.6965902
254,81,MRPL37,HDAC11,0.6961269
254,557,MRPL37,SATB1,0.69231915
254,494,MRPL37,USP11,0.6917651
254,232,MRPL37,ICAM1,0.68858284
254,34,MRPL37,MAML3,0.68767226
254,613,MRPL37,PGLYRP2,0.6733057
254,6,MRPL37,BTG2,0.66849935
254,546,MRPL37,PROCR,0.66723084
254,536,MRPL37,SPI1,0.66704243
254,449,MRPL37,TIE1,0.6658029
254,253,MRPL37,GRINA,0.6624757
455,621,MS4A3,SNRPB,0.9282103
455,353,MS4A3,CBFB,0.895775
455,413,MS4A3,RASSF4,0.8941586
455,587,MS4A3,NCAPD2,0.89409095
455,67,MS4A3,HDAC2,0.8850062
455,589,MS4A3,YBX1,0.8819421
455,475,MS4A3,BCL2,0.8608384
455,165,MS4A3,GTF2H1,0.8593966
455,485,MS4A3,ABL1,0.8572532
455,209,MS4A3,ZBTB16,0.8526235
455,292,MS4A3,HDAC7,0.8490846
455,29,MS4A3,IKZF1,0.8234591
455,206,MS4A3,ZDHHC6,0.8222312
455,508,MS4A3,NDRG1,0.81979585
455,261,MS4A3,EZR,0.79889566
455,161,MS4A3,JARID2,0.776108
455,367,MS4A3,HCFC1,0.7698142
455,437,MS4A3,MYB,0.76757336
455,283,MS4A3,EGR1,0.7656194
455,48,MS4A3,ELANE,0.7625247
455,631,MS4A3,ZFP36,0.7616878
455,486,MS4A3,NFKBIA,0.7551303
455,351,MS4A3,ERCC8,0.7502097
455,564,MS4A3,MFNG,0.74644655
455,515,MS4A3,IGHM,0.7418043
455,208,MS4A3,CISH,0.73586625
455,177,MS4A3,RELB,0.73413795
455,180,MS4A3,TRIM35,0.7299004
455,439,MS4A3,DDX20,0.7281928
455,331,MS4A3,PIM2,0.72142166
455,196,MS4A3,RARS,0.71889025
455,363,MS4A3,MYC,0.7176446
455,410,MS4A3,SMARCA2,0.7171445
455,482,MS4A3,NFATC2,0.71484596
455,270,MS4A3,VDR,0.7139241
455,422,MS4A3,SESN1,0.7136104
455,466,MS4A3,ABCG2,0.7134282
455,436,MS4A3,RARB,0.7037149
455,263,MS4A3,JUN,0.70247537
455,315,MS4A3,CTSL,0.70188516
455,357,MS4A3,MEIS1,0.6965127
455,81,MS4A3,HDAC11,0.6961269
455,494,MS4A3,USP11,0.6917651
455,82,MS4A3,RB1,0.69159496
455,232,MS4A3,ICAM1,0.68822336
455,34,MS4A3,MAML3,0.6878656
455,557,MS4A3,SATB1,0.6811004
455,79,MS4A3,STAT2,0.6742183
455,6,MS4A3,BTG2,0.66849935
455,536,MS4A3,SPI1,0.6667522
332,621,MS4A6C,SNRPB,0.92819273
332,353,MS4A6C,CBFB,0.895775
332,475,MS4A6C,BCL2,0.8942831
332,413,MS4A6C,RASSF4,0.8941586
332,587,MS4A6C,NCAPD2,0.8941586
332,67,MS4A6C,HDAC2,0.88499844
332,209,MS4A6C,ZBTB16,0.8709828
332,165,MS4A6C,GTF2H1,0.8593966
332,292,MS4A6C,HDAC7,0.8573271
332,485,MS4A6C,ABL1,0.8572532
332,29,MS4A6C,IKZF1,0.8285919
332,206,MS4A6C,ZDHHC6,0.8222312
332,508,MS4A6C,NDRG1,0.8213278
332,161,MS4A6C,JARID2,0.81536126
332,261,MS4A6C,EZR,0.79889566
332,589,MS4A6C,YBX1,0.7888419
332,410,MS4A6C,SMARCA2,0.7813421
332,367,MS4A6C,HCFC1,0.7698142
332,437,MS4A6C,MYB,0.76757336
332,283,MS4A6C,EGR1,0.7656194
332,439,MS4A6C,DDX20,0.7637642
332,48,MS4A6C,ELANE,0.7625597
332,631,MS4A6C,ZFP36,0.76168686
332,486,MS4A6C,NFKBIA,0.7551303
332,351,MS4A6C,ERCC8,0.7515979
332,564,MS4A6C,MFNG,0.74007237
332,208,MS4A6C,CISH,0.7360838
332,177,MS4A6C,RELB,0.73413795
332,331,MS4A6C,PIM2,0.7212916
332,196,MS4A6C,RARS,0.71889025
332,363,MS4A6C,MYC,0.7176446
332,482,MS4A6C,NFATC2,0.7148765
332,466,MS4A6C,ABCG2,0.71360517
332,422,MS4A6C,SESN1,0.71294296
332,180,MS4A6C,TRIM35,0.7069965
332,263,MS4A6C,JUN,0.70247537
332,315,MS4A6C,CTSL,0.70221645
332,357,MS4A6C,MEIS1,0.69697034
332,81,MS4A6C,HDAC11,0.6961269
332,557,MS4A6C,SATB1,0.69231915
332,494,MS4A6C,USP11,0.6917651
332,82,MS4A6C,RB1,0.69159496
332,232,MS4A6C,ICAM1,0.68858284
332,34,MS4A6C,MAML3,0.6877883
332,436,MS4A6C,RARB,0.6773161
332,175,MS4A6C,TLE2,0.6748085
332,613,MS4A6C,PGLYRP2,0.6685847
332,6,MS4A6C,BTG2,0.66849935
332,536,MS4A6C,SPI1,0.66701454
332,449,MS4A6C,TIE1,0.66557777
266,414,MSH6,CENPK,0.9880713
266,279,MSH6,AURKB,0.9855208
266,204,MSH6,MCM2,0.98444784
266,189,MSH6,MCM5,0.9843485
266,299,MSH6,ORC2,0.9836908
266,259,MSH6,NUP107,0.98365295
266,137,MSH6,MYCN,0.9825043
266,575,MSH6,GTF2F1,0.9824942
266,500,MSH6,MCM3,0.98232275
266,561,MSH6,MCM7,0.9821348
266,426,MSH6,PRPF4,0.9819488
266,118,MSH6,MIS12,0.9813897
266,350,MSH6,MCM6,0.9811927
266,554,MSH6,CDT1,0.97865283
266,323,MSH6,MCM4,0.97749615
266,392,MSH6,DCAF13,0.9728276
266,119,MSH6,SLC2A3,0.97270805
266,497,MSH6,TYMS,0.97259176
266,240,MSH6,RPA2,0.9706945
266,74,MSH6,TOP2A,0.9706806
266,42,MSH6,HMGB2,0.9706086
266,375,MSH6,SRSF1,0.968995
266,182,MSH6,RPA1,0.96845233
266,30,MSH6,PBK,0.9683945
266,53,MSH6,ORC6,0.9659232
266,411,MSH6,CDC45,0.96533024
266,198,MSH6,NDN,0.9635766
266,478,MSH6,MKI67,0.96352756
266,361,MSH6,CCNB2,0.9617861
266,399,MSH6,RRM2,0.9611551
266,102,MSH6,PRIM1,0.9606225
266,21,MSH6,RRM1,0.9590935
266,297,MSH6,LIG1,0.958021
266,290,MSH6,POLD1,0.9552079
266,610,MSH6,PRIM2,0.9546659
266,620,MSH6,TIPIN,0.9543965
266,433,MSH6,XPC,0.95377624
266,273,MSH6,FIGNL1,0.95267606
266,246,MSH6,TK1,0.95032835
266,407,MSH6,CDC7,0.9500626
266,621,MSH6,SNRPB,0.9290057
266,439,MSH6,DDX20,0.9219548
266,134,MSH6,PA2G4,0.91613525
266,363,MSH6,MYC,0.9069085
266,371,MSH6,SPO11,0.89970523
266,367,MSH6,HCFC1,0.89585817
266,589,MSH6,YBX1,0.86782587
266,117,MSH6,TFG,0.8262641
266,372,MSH6,BACE1,0.8262641
266,226,MSH6,POLR2B,0.8212761
349,621,MSMO1,SNRPB,0.9282103
349,353,MSMO1,CBFB,0.895775
349,475,MSMO1,BCL2,0.8942831
349,413,MSMO1,RASSF4,0.8941586
349,587,MSMO1,NCAPD2,0.8941586
349,67,MSMO1,HDAC2,0.8850062
349,209,MSMO1,ZBTB16,0.8709828
349,589,MSMO1,YBX1,0.86453784
349,165,MSMO1,GTF2H1,0.8593966
349,485,MSMO1,ABL1,0.8566053
349,292,MSMO1,HDAC7,0.8490846
349,206,MSMO1,ZDHHC6,0.8222312
349,508,MSMO1,NDRG1,0.82139933
349,161,MSMO1,JARID2,0.81536126
349,29,MSMO1,IKZF1,0.81257033
349,261,MSMO1,EZR,0.79889566
349,422,MSMO1,SESN1,0.773355
349,367,MSMO1,HCFC1,0.7698142
349,437,MSMO1,MYB,0.76757336
349,283,MSMO1,EGR1,0.7656194
349,439,MSMO1,DDX20,0.7637642
349,48,MSMO1,ELANE,0.7628878
349,631,MSMO1,ZFP36,0.7616878
349,613,MSMO1,PGLYRP2,0.76167244
349,486,MSMO1,NFKBIA,0.7551303
349,482,MSMO1,NFATC2,0.7502473
349,351,MSMO1,ERCC8,0.7502097
349,219,MSMO1,TLR4,0.7418043
349,564,MSMO1,MFNG,0.74007237
349,208,MSMO1,CISH,0.7360558
349,177,MSMO1,RELB,0.73413795
349,331,MSMO1,PIM2,0.7212916
349,196,MSMO1,RARS,0.71889025
349,363,MSMO1,MYC,0.7182519
349,410,MSMO1,SMARCA2,0.7174124
349,466,MSMO1,ABCG2,0.71360517
349,180,MSMO1,TRIM35,0.7070132
349,436,MSMO1,RARB,0.7037943
349,263,MSMO1,JUN,0.70247537
349,315,MSMO1,CTSL,0.70173466
349,357,MSMO1,MEIS1,0.6965902
349,81,MSMO1,HDAC11,0.6961269
349,557,MSMO1,SATB1,0.69231915
349,494,MSMO1,USP11,0.6917651
349,82,MSMO1,RB1,0.69159496
349,232,MSMO1,ICAM1,0.68858284
349,34,MSMO1,MAML3,0.68767226
349,6,MSMO1,BTG2,0.6689494
349,536,MSMO1,SPI1,0.66701454
349,449,MSMO1,TIE1,0.66557777
569,621,MTFR1,SNRPB,0.9282532
569,353,MTFR1,CBFB,0.895775
569,475,MTFR1,BCL2,0.8942831
569,413,MTFR1,RASSF4,0.8941586
569,587,MTFR1,NCAPD2,0.8941586
569,67,MTFR1,HDAC2,0.8853139
569,589,MTFR1,YBX1,0.8819421
569,165,MTFR1,GTF2H1,0.85787445
569,485,MTFR1,ABL1,0.8572532
569,292,MTFR1,HDAC7,0.8490846
569,206,MTFR1,ZDHHC6,0.8222312
569,508,MTFR1,NDRG1,0.82139933
569,209,MTFR1,ZBTB16,0.81867754
569,161,MTFR1,JARID2,0.81536126
569,29,MTFR1,IKZF1,0.8147214
569,261,MTFR1,EZR,0.79889566
569,367,MTFR1,HCFC1,0.7698142
569,437,MTFR1,MYB,0.76757336
569,283,MTFR1,EGR1,0.76559925
569,439,MTFR1,DDX20,0.7637642
569,631,MTFR1,ZFP36,0.76341426
569,48,MTFR1,ELANE,0.7628878
569,466,MTFR1,ABCG2,0.75904214
569,486,MTFR1,NFKBIA,0.7551303
569,351,MTFR1,ERCC8,0.7502097
569,208,MTFR1,CISH,0.7360838
569,177,MTFR1,RELB,0.73416054
569,564,MTFR1,MFNG,0.7318372
569,331,MTFR1,PIM2,0.7212916
569,196,MTFR1,RARS,0.71889025
569,410,MTFR1,SMARCA2,0.7174124
569,482,MTFR1,NFATC2,0.71484596
569,422,MTFR1,SESN1,0.71394145
569,180,MTFR1,TRIM35,0.7070132
569,436,MTFR1,RARB,0.7037149
569,263,MTFR1,JUN,0.70247537
569,315,MTFR1,CTSL,0.70188516
569,357,MTFR1,MEIS1,0.6965902
569,81,MTFR1,HDAC11,0.6961269
569,557,MTFR1,SATB1,0.69231915
569,494,MTFR1,USP11,0.6917651
569,82,MTFR1,RB1,0.69159496
569,232,MTFR1,ICAM1,0.68858284
569,34,MTFR1,MAML3,0.68767226
569,6,MTFR1,BTG2,0.66849935
569,536,MTFR1,SPI1,0.6667522
569,449,MTFR1,TIE1,0.6658861
569,253,MTFR1,GRINA,0.6624757
569,289,MTFR1,GT(ROSA)26SOR,0.6624757
569,613,MTFR1,PGLYRP2,0.6624757
541,621,MTMR6,SNRPB,0.9282532
541,353,MTMR6,CBFB,0.895775
541,475,MTMR6,BCL2,0.8942831
541,587,MTMR6,NCAPD2,0.8941509
541,67,MTMR6,HDAC2,0.8850062
541,589,MTMR6,YBX1,0.8819421
541,209,MTMR6,ZBTB16,0.8709828
541,165,MTMR6,GTF2H1,0.8593966
541,485,MTMR6,ABL1,0.8572532
541,292,MTMR6,HDAC7,0.84905565
541,206,MTMR6,ZDHHC6,0.8222312
541,508,MTMR6,NDRG1,0.82139933
541,413,MTMR6,RASSF4,0.81509197
541,29,MTMR6,IKZF1,0.8147214
541,261,MTMR6,EZR,0.79889566
541,161,MTMR6,JARID2,0.7921809
541,367,MTMR6,HCFC1,0.7698142
541,437,MTMR6,MYB,0.7657898
541,283,MTMR6,EGR1,0.7656194
541,439,MTMR6,DDX20,0.7637642
541,48,MTMR6,ELANE,0.7628878
541,631,MTMR6,ZFP36,0.7616878
541,486,MTMR6,NFKBIA,0.7551303
541,351,MTMR6,ERCC8,0.7505006
541,564,MTMR6,MFNG,0.74007237
541,208,MTMR6,CISH,0.7360838
541,177,MTMR6,RELB,0.73413795
541,6,MTMR6,BTG2,0.72543675
541,331,MTMR6,PIM2,0.7212916
541,196,MTMR6,RARS,0.71889025
541,363,MTMR6,MYC,0.7176446
541,410,MTMR6,SMARCA2,0.7174124
541,422,MTMR6,SESN1,0.7136104
541,466,MTMR6,ABCG2,0.71360517
541,482,MTMR6,NFATC2,0.7104207
541,180,MTMR6,TRIM35,0.7070132
541,436,MTMR6,RARB,0.7036986
541,263,MTMR6,JUN,0.70247537
541,315,MTMR6,CTSL,0.70188516
541,69,MTMR6,NAP1L3,0.7002005
541,357,MTMR6,MEIS1,0.6965902
541,81,MTMR6,HDAC11,0.6961269
541,557,MTMR6,SATB1,0.69231915
541,494,MTMR6,USP11,0.6916986
541,82,MTMR6,RB1,0.69159496
541,232,MTMR6,ICAM1,0.68858284
541,34,MTMR6,MAML3,0.68767226
541,183,MTMR6,XAF1,0.6833825
541,213,MTMR6,TCP11L2,0.6798094
541,219,MTMR6,TLR4,0.67276156
309,621,MTREX,SNRPB,0.9283566
309,353,MTREX,CBFB,0.89579237
309,587,MTREX,NCAPD2,0.89450717
309,475,MTREX,BCL2,0.8942733
309,589,MTREX,YBX1,0.8824534
309,209,MTREX,ZBTB16,0.8709887
309,165,MTREX,GTF2H1,0.85982406
309,485,MTREX,ABL1,0.8572523
309,292,MTREX,HDAC7,0.8490854
309,413,MTREX,RASSF4,0.8409939
309,67,MTREX,HDAC2,0.83921057
309,206,MTREX,ZDHHC6,0.82222104
309,508,MTREX,NDRG1,0.8221405
309,161,MTREX,JARID2,0.81532496
309,29,MTREX,IKZF1,0.81474245
309,261,MTREX,EZR,0.7992802
309,367,MTREX,HCFC1,0.7705657
309,437,MTREX,MYB,0.7683983
309,283,MTREX,EGR1,0.768297
309,439,MTREX,DDX20,0.7644945
309,48,MTREX,ELANE,0.7627419
309,486,MTREX,NFKBIA,0.7554905
309,351,MTREX,ERCC8,0.7510094
309,564,MTREX,MFNG,0.74022245
309,208,MTREX,CISH,0.7359774
309,177,MTREX,RELB,0.73440295
309,631,MTREX,ZFP36,0.7278356
309,331,MTREX,PIM2,0.7214191
309,196,MTREX,RARS,0.71895087
309,363,MTREX,MYC,0.7183099
309,410,MTREX,SMARCA2,0.71746576
309,482,MTREX,NFATC2,0.71556765
309,422,MTREX,SESN1,0.71366525
309,466,MTREX,ABCG2,0.7135455
309,180,MTREX,TRIM35,0.7068922
309,436,MTREX,RARB,0.70359343
309,263,MTREX,JUN,0.70255876
309,315,MTREX,CTSL,0.70196
309,357,MTREX,MEIS1,0.6964133
309,81,MTREX,HDAC11,0.6961874
309,157,MTREX,PLAG1,0.69358385
309,82,MTREX,RB1,0.6928312
309,557,MTREX,SATB1,0.6922097
309,494,MTREX,USP11,0.6917403
309,232,MTREX,ICAM1,0.68840975
309,34,MTREX,MAML3,0.6878007
309,441,MTREX,EBF1,0.6746463
309,6,MTREX,BTG2,0.6683805
309,536,MTREX,SPI1,0.6666996
309,449,MTREX,TIE1,0.66560555
87,621,MUC13,SNRPB,0.93052
87,353,MUC13,CBFB,0.90368104
87,475,MUC13,BCL2,0.90111274
87,413,MUC13,RASSF4,0.895995
87,587,MUC13,NCAPD2,0.895995
87,67,MUC13,HDAC2,0.88690037
87,589,MUC13,YBX1,0.882337
87,209,MUC13,ZBTB16,0.882017
87,485,MUC13,ABL1,0.8688665
87,165,MUC13,GTF2H1,0.86209655
87,292,MUC13,HDAC7,0.86003333
87,206,MUC13,ZDHHC6,0.831168
87,508,MUC13,NDRG1,0.8273151
87,161,MUC13,JARID2,0.82673967
87,29,MUC13,IKZF1,0.81874543
87,261,MUC13,EZR,0.7999415
87,367,MUC13,HCFC1,0.77701694
87,48,MUC13,ELANE,0.77389854
87,439,MUC13,DDX20,0.7719767
87,437,MUC13,MYB,0.7695485
87,283,MUC13,EGR1,0.7678133
87,631,MUC13,ZFP36,0.7633048
87,351,MUC13,ERCC8,0.75744724
87,486,MUC13,NFKBIA,0.7549137
87,564,MUC13,MFNG,0.74706703
87,208,MUC13,CISH,0.7398027
87,177,MUC13,RELB,0.7337185
87,363,MUC13,MYC,0.73090994
87,482,MUC13,NFATC2,0.72015095
87,196,MUC13,RARS,0.717574
87,410,MUC13,SMARCA2,0.7143378
87,422,MUC13,SESN1,0.71325153
87,315,MUC13,CTSL,0.711705
87,466,MUC13,ABCG2,0.70909745
87,180,MUC13,TRIM35,0.70870167
87,263,MUC13,JUN,0.7041916
87,494,MUC13,USP11,0.7021113
87,436,MUC13,RARB,0.70204085
87,331,MUC13,PIM2,0.6993588
87,82,MUC13,RB1,0.6992322
87,557,MUC13,SATB1,0.6949024
87,81,MUC13,HDAC11,0.6908388
87,357,MUC13,MEIS1,0.69043666
87,232,MUC13,ICAM1,0.6879111
87,34,MUC13,MAML3,0.6825668
87,536,MUC13,SPI1,0.6751457
87,6,MUC13,BTG2,0.6701756
87,449,MUC13,TIE1,0.66505855
87,289,MUC13,GT(ROSA)26SOR,0.6638795
87,613,MUC13,PGLYRP2,0.6638795
533,353,MXD3,CBFB,0.9824457
533,413,MXD3,RASSF4,0.98008484
533,621,MXD3,SNRPB,0.97997093
533,67,MXD3,HDAC2,0.9779544
533,589,MXD3,YBX1,0.977491
533,261,MXD3,EZR,0.96433884
533,363,MXD3,MYC,0.96301985
533,165,MXD3,GTF2H1,0.96198696
533,508,MXD3,NDRG1,0.9547875
533,439,MXD3,DDX20,0.9514399
533,226,MXD3,POLR2B,0.9499582
533,351,MXD3,ERCC8,0.9456363
533,587,MXD3,NCAPD2,0.94515353
533,209,MXD3,ZBTB16,0.9443521
533,482,MXD3,NFATC2,0.94165283
533,367,MXD3,HCFC1,0.93848586
533,82,MXD3,RB1,0.9373998
533,33,MXD3,CSTF2,0.93223435
533,199,MXD3,E2F4,0.9316001
533,475,MXD3,BCL2,0.92904216
533,3,MXD3,POLR1B,0.9244382
533,117,MXD3,TFG,0.92365736
533,486,MXD3,NFKBIA,0.9226723
533,375,MXD3,SRSF1,0.9211142
533,28,MXD3,NFE2,0.91948813
533,292,MXD3,HDAC7,0.91628575
533,575,MXD3,GTF2F1,0.91512895
533,564,MXD3,MFNG,0.91413456
533,134,MXD3,PA2G4,0.9113357
533,206,MXD3,ZDHHC6,0.9096518
533,372,MXD3,BACE1,0.9073823
533,345,MXD3,UHRF1,0.9047199
533,485,MXD3,ABL1,0.90446126
533,437,MXD3,MYB,0.9042161
533,48,MXD3,ELANE,0.9031115
533,161,MXD3,JARID2,0.9028197
533,404,MXD3,FTSJ3,0.90042186
533,274,MXD3,NOP2,0.8997013
533,315,MXD3,CTSL,0.89527225
533,631,MXD3,ZFP36,0.8898247
533,118,MXD3,MIS12,0.88505834
533,86,MXD3,RANGAP1,0.88458115
533,426,MXD3,PRPF4,0.88090026
533,480,MXD3,WDR5,0.86892736
533,347,MXD3,RNF4,0.86812127
533,577,MXD3,CAD,0.86812127
533,154,MXD3,HDGF,0.86801237
533,166,MXD3,PSAT1,0.86801237
533,197,MXD3,WDR4,0.86801237
533,212,MXD3,FLT3,0.86801237
437,589,MYB,YBX1,0.9854154
437,413,MYB,RASSF4,0.984752
437,587,MYB,NCAPD2,0.984752
437,67,MYB,HDAC2,0.9837134
437,261,MYB,EZR,0.98205376
437,367,MYB,HCFC1,0.9801413
437,621,MYB,SNRPB,0.9799831
437,439,MYB,DDX20,0.97866267
437,165,MYB,GTF2H1,0.97844154
437,353,MYB,CBFB,0.9754522
437,226,MYB,POLR2B,0.97429764
437,363,MYB,MYC,0.97391224
437,351,MYB,ERCC8,0.9738163
437,199,MYB,E2F4,0.9706917
437,134,MYB,PA2G4,0.9703837
437,480,MYB,WDR5,0.9695458
437,3,MYB,POLR1B,0.9677011
437,86,MYB,RANGAP1,0.9653995
437,345,MYB,UHRF1,0.96529007
437,508,MYB,NDRG1,0.96527493
437,82,MYB,RB1,0.9643083
437,197,MYB,WDR4,0.96195984
437,212,MYB,FLT3,0.96190333
437,562,MYB,NFIA,0.9618856
437,166,MYB,PSAT1,0.961873
437,217,MYB,PRMT7,0.961873
437,220,MYB,TMEM43,0.961873
437,347,MYB,RNF4,0.961873
437,376,MYB,ATF7,0.961873
437,389,MYB,FOXRED1,0.961873
437,577,MYB,CAD,0.961873
437,154,MYB,HDGF,0.96185666
437,482,MYB,NFATC2,0.9568371
437,164,MYB,VPS16,0.9487435
437,131,MYB,PPAT,0.9487376
437,472,MYB,HNRNPAB,0.9487376
437,121,MYB,PUS7,0.9487375
437,300,MYB,TARS,0.9487375
437,364,MYB,TAF12,0.9487375
437,377,MYB,NUPR1,0.9487375
437,440,MYB,TMEM97,0.9487375
437,464,MYB,ZNRF2,0.9487375
437,484,MYB,TNFRSF21,0.9487375
437,139,MYB,PBX1,0.94572467
437,429,MYB,GFI1B,0.94572467
437,104,MYB,BTK,0.94424486
437,209,MYB,ZBTB16,0.9397205
437,402,MYB,EIF1AD,0.9396861
437,486,MYB,NFKBIA,0.9392113
437,315,MYB,CTSL,0.93864435
363,589,MYC,YBX1,0.9860532
363,587,MYC,NCAPD2,0.98586327
363,413,MYC,RASSF4,0.9858576
363,621,MYC,SNRPB,0.98577476
363,67,MYC,HDAC2,0.98455
363,261,MYC,EZR,0.98205733
363,353,MYC,CBFB,0.9809187
363,367,MYC,HCFC1,0.9801396
363,439,MYC,DDX20,0.9788343
363,165,MYC,GTF2H1,0.97807455
363,508,MYC,NDRG1,0.9732404
363,226,MYC,POLR2B,0.97246706
363,351,MYC,ERCC8,0.97217506
363,134,MYC,PA2G4,0.9698538
363,482,MYC,NFATC2,0.9677206
363,480,MYC,WDR5,0.9666512
363,199,MYC,E2F4,0.9654394
363,3,MYC,POLR1B,0.96255976
363,82,MYC,RB1,0.96236646
363,345,MYC,UHRF1,0.9598369
363,104,MYC,BTK,0.9595822
363,86,MYC,RANGAP1,0.9585844
363,154,MYC,HDGF,0.95833117
363,166,MYC,PSAT1,0.95833117
363,197,MYC,WDR4,0.95833117
363,212,MYC,FLT3,0.95833117
363,217,MYC,PRMT7,0.95833117
363,220,MYC,TMEM43,0.95833117
363,376,MYC,ATF7,0.9578379
363,347,MYC,RNF4,0.9577078
363,389,MYC,FOXRED1,0.9577078
363,562,MYC,NFIA,0.9577078
363,577,MYC,CAD,0.9577078
363,375,MYC,SRSF1,0.95700085
363,437,MYC,MYB,0.9525139
363,486,MYC,NFKBIA,0.9524865
363,315,MYC,CTSL,0.9497613
363,139,MYC,PBX1,0.9401099
363,121,MYC,PUS7,0.93751985
363,131,MYC,PPAT,0.93751985
363,164,MYC,VPS16,0.93751985
363,300,MYC,TARS,0.93751985
363,429,MYC,GFI1B,0.9371346
363,33,MYC,CSTF2,0.93386596
363,48,MYC,ELANE,0.93177134
363,364,MYC,TAF12,0.93136346
363,440,MYC,TMEM97,0.93132144
363,464,MYC,ZNRF2,0.93132144
363,472,MYC,HNRNPAB,0.93132144
363,484,MYC,TNFRSF21,0.93132144
137,589,MYCN,YBX1,0.98615974
137,413,MYCN,RASSF4,0.9845196
137,587,MYCN,NCAPD2,0.9845196
137,621,MYCN,SNRPB,0.98315364
137,67,MYCN,HDAC2,0.98249245
137,261,MYCN,EZR,0.9821315
137,367,MYCN,HCFC1,0.9808179
137,439,MYCN,DDX20,0.9787015
137,165,MYCN,GTF2H1,0.97838825
137,226,MYCN,POLR2B,0.9754706
137,351,MYCN,ERCC8,0.97507995
137,353,MYCN,CBFB,0.97411764
137,363,MYCN,MYC,0.97355765
137,199,MYCN,E2F4,0.9723343
137,134,MYCN,PA2G4,0.971565
137,480,MYCN,WDR5,0.9705622
137,3,MYCN,POLR1B,0.968985
137,86,MYCN,RANGAP1,0.9677663
137,345,MYCN,UHRF1,0.96685946
137,82,MYCN,RB1,0.965474
137,347,MYCN,RNF4,0.9635402
137,154,MYCN,HDGF,0.9635109
137,166,MYCN,PSAT1,0.9635109
137,197,MYCN,WDR4,0.9635109
137,212,MYCN,FLT3,0.9635109
137,217,MYCN,PRMT7,0.9635109
137,220,MYCN,TMEM43,0.9635109
137,376,MYCN,ATF7,0.9635109
137,389,MYCN,FOXRED1,0.9635109
137,562,MYCN,NFIA,0.9635109
137,577,MYCN,CAD,0.9635109
137,508,MYCN,NDRG1,0.96163595
137,482,MYCN,NFATC2,0.95230293
137,300,MYCN,TARS,0.95157635
137,464,MYCN,ZNRF2,0.95157635
137,131,MYCN,PPAT,0.9515657
137,472,MYCN,HNRNPAB,0.9515657
137,164,MYCN,VPS16,0.95156556
137,364,MYCN,TAF12,0.95156556
137,377,MYCN,NUPR1,0.95156556
137,484,MYCN,TNFRSF21,0.95156556
137,440,MYCN,TMEM97,0.9513821
137,139,MYCN,PBX1,0.94797593
137,429,MYCN,GFI1B,0.94797593
137,209,MYCN,ZBTB16,0.9441695
137,33,MYCN,CSTF2,0.9439226
137,402,MYCN,EIF1AD,0.9426597
137,121,MYCN,PUS7,0.9413297
137,533,MYCN,MXD3,0.93684024
137,13,MYCN,OSBPL1A,0.9368319
306,475,MYCT1,BCL2,0.9740297
306,29,MYCT1,IKZF1,0.9665315
306,292,MYCT1,HDAC7,0.96487516
306,485,MYCT1,ABL1,0.9591824
306,283,MYCT1,EGR1,0.9559471
306,161,MYCT1,JARID2,0.95565414
306,353,MYCT1,CBFB,0.9541416
306,466,MYCT1,ABCG2,0.9541366
306,196,MYCT1,RARS,0.9535735
306,263,MYCT1,JUN,0.9506147
306,631,MYCT1,ZFP36,0.9448582
306,209,MYCT1,ZBTB16,0.94276196
306,79,MYCT1,STAT2,0.9426287
306,206,MYCT1,ZDHHC6,0.94219667
306,413,MYCT1,RASSF4,0.9418527
306,6,MYCT1,BTG2,0.941236
306,177,MYCT1,RELB,0.937493
306,208,MYCT1,CISH,0.9357195
306,278,MYCT1,NCF1,0.9345972
306,515,MYCT1,IGHM,0.93446404
306,162,MYCT1,FES,0.9343994
306,436,MYCT1,RARB,0.9343247
306,622,MYCT1,KRT18,0.93331844
306,289,MYCT1,GT(ROSA)26SOR,0.9331687
306,587,MYCT1,NCAPD2,0.9329497
306,536,MYCT1,SPI1,0.9311905
306,69,MYCT1,NAP1L3,0.9307769
306,232,MYCT1,ICAM1,0.9307418
306,146,MYCT1,SCARF1,0.9306915
306,175,MYCT1,TLE2,0.9306915
306,194,MYCT1,GOLPH3,0.9306915
306,546,MYCT1,PROCR,0.9306915
306,557,MYCT1,SATB1,0.93038213
306,64,MYCT1,IRF9,0.9292877
306,613,MYCT1,PGLYRP2,0.9285196
306,52,MYCT1,FCGR2B,0.925568
306,213,MYCT1,TCP11L2,0.925568
306,304,MYCT1,HLF,0.925568
306,270,MYCT1,VDR,0.9245726
306,420,MYCT1,FDFT1,0.92439383
306,224,MYCT1,MAPK12,0.92403626
306,621,MYCT1,SNRPB,0.92351866
306,73,MYCT1,RORC,0.9231725
306,590,MYCT1,IL12A,0.9231549
306,293,MYCT1,IRF7,0.9218365
306,157,MYCT1,PLAG1,0.9210645
306,517,MYCT1,H1F0,0.92026645
306,27,MYCT1,IRF8,0.92006975
306,580,MYCT1,MLLT3,0.91964823
306,276,MYCT1,REL,0.91860974
412,621,MYL10,SNRPB,0.9328335
412,413,MYL10,RASSF4,0.89415973
412,475,MYL10,BCL2,0.8940233
412,587,MYL10,NCAPD2,0.8928149
412,589,MYL10,YBX1,0.8898127
412,67,MYL10,HDAC2,0.8792589
412,485,MYL10,ABL1,0.87824386
412,209,MYL10,ZBTB16,0.8709661
412,292,MYL10,HDAC7,0.8493382
412,353,MYL10,CBFB,0.8277046
412,206,MYL10,ZDHHC6,0.820847
412,161,MYL10,JARID2,0.81414324
412,29,MYL10,IKZF1,0.80941266
412,165,MYL10,GTF2H1,0.80479574
412,261,MYL10,EZR,0.7928967
412,367,MYL10,HCFC1,0.7863924
412,439,MYL10,DDX20,0.77962
412,437,MYL10,MYB,0.7767795
412,351,MYL10,ERCC8,0.7679555
412,283,MYL10,EGR1,0.7616429
412,363,MYL10,MYC,0.75558215
412,48,MYL10,ELANE,0.75504833
412,631,MYL10,ZFP36,0.7545912
412,564,MYL10,MFNG,0.7355205
412,486,MYL10,NFKBIA,0.7311438
412,482,MYL10,NFATC2,0.73014164
412,208,MYL10,CISH,0.7270394
412,177,MYL10,RELB,0.7246995
412,196,MYL10,RARS,0.7215741
412,82,MYL10,RB1,0.71212053
412,331,MYL10,PIM2,0.7107723
412,466,MYL10,ABCG2,0.7056729
412,263,MYL10,JUN,0.7047783
412,410,MYL10,SMARCA2,0.70393443
412,422,MYL10,SESN1,0.7012748
412,180,MYL10,TRIM35,0.6966431
412,357,MYL10,MEIS1,0.6920613
412,315,MYL10,CTSL,0.6897169
412,81,MYL10,HDAC11,0.6890687
412,557,MYL10,SATB1,0.68839514
412,232,MYL10,ICAM1,0.68754226
412,34,MYL10,MAML3,0.68443143
412,494,MYL10,USP11,0.67907965
412,508,MYL10,NDRG1,0.67745835
412,6,MYL10,BTG2,0.6697654
412,449,MYL10,TIE1,0.66743255
412,536,MYL10,SPI1,0.65826017
412,79,MYL10,STAT2,0.6566305
412,253,MYL10,GRINA,0.6556339
412,289,MYL10,GT(ROSA)26SOR,0.6556339
444,621,MYO1F,SNRPB,0.9282373
444,353,MYO1F,CBFB,0.895775
444,475,MYO1F,BCL2,0.8944421
444,587,MYO1F,NCAPD2,0.8941586
444,413,MYO1F,RASSF4,0.8935497
444,67,MYO1F,HDAC2,0.8850062
444,209,MYO1F,ZBTB16,0.8709828
444,165,MYO1F,GTF2H1,0.8593966
444,589,MYO1F,YBX1,0.8506883
444,292,MYO1F,HDAC7,0.84895015
444,206,MYO1F,ZDHHC6,0.82202345
444,508,MYO1F,NDRG1,0.8203991
444,161,MYO1F,JARID2,0.81536126
444,29,MYO1F,IKZF1,0.8147214
444,261,MYO1F,EZR,0.79889566
444,367,MYO1F,HCFC1,0.7906443
444,485,MYO1F,ABL1,0.77565306
444,437,MYO1F,MYB,0.76757336
444,283,MYO1F,EGR1,0.7656194
444,439,MYO1F,DDX20,0.7637642
444,48,MYO1F,ELANE,0.7628878
444,631,MYO1F,ZFP36,0.7616878
444,486,MYO1F,NFKBIA,0.7551303
444,351,MYO1F,ERCC8,0.7502097
444,564,MYO1F,MFNG,0.7400864
444,208,MYO1F,CISH,0.7370026
444,177,MYO1F,RELB,0.73413795
444,331,MYO1F,PIM2,0.7212916
444,196,MYO1F,RARS,0.71889025
444,363,MYO1F,MYC,0.7182519
444,410,MYO1F,SMARCA2,0.7174124
444,482,MYO1F,NFATC2,0.71484596
444,422,MYO1F,SESN1,0.7136104
444,466,MYO1F,ABCG2,0.71360517
444,180,MYO1F,TRIM35,0.7070132
444,263,MYO1F,JUN,0.7050149
444,436,MYO1F,RARB,0.70343024
444,357,MYO1F,MEIS1,0.69683266
444,81,MYO1F,HDAC11,0.6961269
444,557,MYO1F,SATB1,0.69231915
444,494,MYO1F,USP11,0.6917651
444,82,MYO1F,RB1,0.69159496
444,232,MYO1F,ICAM1,0.6886319
444,34,MYO1F,MAML3,0.68813443
444,6,MYO1F,BTG2,0.66849935
444,536,MYO1F,SPI1,0.66706234
444,449,MYO1F,TIE1,0.6655239
444,253,MYO1F,GRINA,0.6624757
444,289,MYO1F,GT(ROSA)26SOR,0.6624757
444,613,MYO1F,PGLYRP2,0.6624757
155,621,MYO1G,SNRPB,0.92726535
155,353,MYO1G,CBFB,0.895775
155,475,MYO1G,BCL2,0.8942831
155,413,MYO1G,RASSF4,0.8941586
155,67,MYO1G,HDAC2,0.8847818
155,589,MYO1G,YBX1,0.880212
155,209,MYO1G,ZBTB16,0.8709828
155,165,MYO1G,GTF2H1,0.85787445
155,485,MYO1G,ABL1,0.8572532
155,587,MYO1G,NCAPD2,0.85429186
155,292,MYO1G,HDAC7,0.8490846
155,206,MYO1G,ZDHHC6,0.82137835
155,508,MYO1G,NDRG1,0.819036
155,161,MYO1G,JARID2,0.81536126
155,29,MYO1G,IKZF1,0.81481063
155,261,MYO1G,EZR,0.79889566
155,437,MYO1G,MYB,0.76757336
155,283,MYO1G,EGR1,0.7656194
155,439,MYO1G,DDX20,0.7637642
155,48,MYO1G,ELANE,0.7628878
155,631,MYO1G,ZFP36,0.75869465
155,486,MYO1G,NFKBIA,0.7551303
155,351,MYO1G,ERCC8,0.7503152
155,564,MYO1G,MFNG,0.73810506
155,208,MYO1G,CISH,0.7360838
155,177,MYO1G,RELB,0.73413795
155,331,MYO1G,PIM2,0.7212916
155,196,MYO1G,RARS,0.71889025
155,410,MYO1G,SMARCA2,0.7174124
155,482,MYO1G,NFATC2,0.71484596
155,363,MYO1G,MYC,0.7143017
155,422,MYO1G,SESN1,0.7136104
155,466,MYO1G,ABCG2,0.71360517
155,180,MYO1G,TRIM35,0.7070132
155,436,MYO1G,RARB,0.7036986
155,263,MYO1G,JUN,0.70247537
155,315,MYO1G,CTSL,0.70188516
155,357,MYO1G,MEIS1,0.6965902
155,81,MYO1G,HDAC11,0.6961269
155,494,MYO1G,USP11,0.6917651
155,557,MYO1G,SATB1,0.69167745
155,82,MYO1G,RB1,0.69159496
155,232,MYO1G,ICAM1,0.68896097
155,6,MYO1G,BTG2,0.6888521
155,34,MYO1G,MAML3,0.68767226
155,536,MYO1G,SPI1,0.6672288
155,449,MYO1G,TIE1,0.66557777
155,613,MYO1G,PGLYRP2,0.6637059
155,289,MYO1G,GT(ROSA)26SOR,0.66255695
155,253,MYO1G,GRINA,0.6624757
132,621,MYO5A,SNRPB,0.9826636
132,353,MYO5A,CBFB,0.9824457
132,261,MYO5A,EZR,0.9816622
132,413,MYO5A,RASSF4,0.98008484
132,67,MYO5A,HDAC2,0.9779544
132,589,MYO5A,YBX1,0.9774329
132,587,MYO5A,NCAPD2,0.97191745
132,439,MYO5A,DDX20,0.9657539
132,367,MYO5A,HCFC1,0.9636345
132,508,MYO5A,NDRG1,0.96358526
132,363,MYO5A,MYC,0.96301985
132,165,MYO5A,GTF2H1,0.9617776
132,226,MYO5A,POLR2B,0.9499582
132,482,MYO5A,NFATC2,0.9491581
132,209,MYO5A,ZBTB16,0.9478502
132,351,MYO5A,ERCC8,0.9456363
132,82,MYO5A,RB1,0.9373998
132,199,MYO5A,E2F4,0.9316001
132,3,MYO5A,POLR1B,0.9244382
132,372,MYO5A,BACE1,0.9236958
132,117,MYO5A,TFG,0.92365736
132,486,MYO5A,NFKBIA,0.9226723
132,375,MYO5A,SRSF1,0.9211142
132,28,MYO5A,NFE2,0.91941327
132,292,MYO5A,HDAC7,0.91628575
132,575,MYO5A,GTF2F1,0.91512895
132,564,MYO5A,MFNG,0.91413456
132,134,MYO5A,PA2G4,0.9113357
132,206,MYO5A,ZDHHC6,0.9096518
132,485,MYO5A,ABL1,0.90446126
132,437,MYO5A,MYB,0.9042161
132,161,MYO5A,JARID2,0.9028197
132,274,MYO5A,NOP2,0.90042186
132,404,MYO5A,FTSJ3,0.90042186
132,315,MYO5A,CTSL,0.89527225
132,631,MYO5A,ZFP36,0.8898247
132,86,MYO5A,RANGAP1,0.88264
132,345,MYO5A,UHRF1,0.88225126
132,426,MYO5A,PRPF4,0.88090026
132,480,MYO5A,WDR5,0.86892736
132,475,MYO5A,BCL2,0.8687957
132,347,MYO5A,RNF4,0.86807895
132,154,MYO5A,HDGF,0.86801237
132,197,MYO5A,WDR4,0.86801237
132,212,MYO5A,FLT3,0.86801237
132,217,MYO5A,PRMT7,0.86801237
132,376,MYO5A,ATF7,0.86801237
132,389,MYO5A,FOXRED1,0.86801237
132,562,MYO5A,NFIA,0.86801237
132,577,MYO5A,CAD,0.86801237
338,621,NADK,SNRPB,0.9281713
338,353,NADK,CBFB,0.895775
338,475,NADK,BCL2,0.8942831
338,413,NADK,RASSF4,0.8941586
338,67,NADK,HDAC2,0.8850062
338,589,NADK,YBX1,0.8819421
338,209,NADK,ZBTB16,0.8709828
338,485,NADK,ABL1,0.8596869
338,292,NADK,HDAC7,0.8490384
338,165,NADK,GTF2H1,0.845314
338,587,NADK,NCAPD2,0.84031874
338,206,NADK,ZDHHC6,0.8222312
338,508,NADK,NDRG1,0.82139933
338,161,NADK,JARID2,0.81536126
338,29,NADK,IKZF1,0.81394273
338,261,NADK,EZR,0.79889566
338,367,NADK,HCFC1,0.76984316
338,437,NADK,MYB,0.76757336
338,283,NADK,EGR1,0.7656194
338,439,NADK,DDX20,0.7637642
338,48,NADK,ELANE,0.7630163
338,631,NADK,ZFP36,0.7616878
338,486,NADK,NFKBIA,0.7551303
338,351,NADK,ERCC8,0.7502097
338,232,NADK,ICAM1,0.7377043
338,208,NADK,CISH,0.7360838
338,177,NADK,RELB,0.73413795
338,196,NADK,RARS,0.71889025
338,363,NADK,MYC,0.717912
338,410,NADK,SMARCA2,0.7174124
338,482,NADK,NFATC2,0.71484596
338,422,NADK,SESN1,0.7136104
338,466,NADK,ABCG2,0.71360517
338,564,NADK,MFNG,0.70949835
338,180,NADK,TRIM35,0.70691687
338,331,NADK,PIM2,0.706233
338,436,NADK,RARB,0.70390975
338,263,NADK,JUN,0.70247537
338,357,NADK,MEIS1,0.6965902
338,81,NADK,HDAC11,0.6961269
338,557,NADK,SATB1,0.69231915
338,494,NADK,USP11,0.6917651
338,82,NADK,RB1,0.69159496
338,420,NADK,FDFT1,0.6878487
338,34,NADK,MAML3,0.68627745
338,580,NADK,MLLT3,0.6799653
338,315,NADK,CTSL,0.67211604
338,6,NADK,BTG2,0.6685164
338,536,NADK,SPI1,0.66701454
338,449,NADK,TIE1,0.66557777
522,621,NAMPT,SNRPB,0.9282103
522,353,NAMPT,CBFB,0.895775
522,413,NAMPT,RASSF4,0.89422727
522,475,NAMPT,BCL2,0.8923615
522,589,NAMPT,YBX1,0.8819421
522,209,NAMPT,ZBTB16,0.8709828
522,165,NAMPT,GTF2H1,0.8583298
522,485,NAMPT,ABL1,0.8572532
522,67,NAMPT,HDAC2,0.8526235
522,292,NAMPT,HDAC7,0.8490846
522,206,NAMPT,ZDHHC6,0.8214982
522,508,NAMPT,NDRG1,0.82139933
522,161,NAMPT,JARID2,0.81581056
522,29,NAMPT,IKZF1,0.8147214
522,261,NAMPT,EZR,0.79889566
522,587,NAMPT,NCAPD2,0.7828624
522,48,NAMPT,ELANE,0.7796381
522,367,NAMPT,HCFC1,0.7698142
522,437,NAMPT,MYB,0.76757336
522,283,NAMPT,EGR1,0.7656194
522,439,NAMPT,DDX20,0.7637642
522,631,NAMPT,ZFP36,0.7616878
522,486,NAMPT,NFKBIA,0.7551303
522,351,NAMPT,ERCC8,0.7502097
522,564,NAMPT,MFNG,0.74007237
522,208,NAMPT,CISH,0.7360838
522,177,NAMPT,RELB,0.7356332
522,331,NAMPT,PIM2,0.7212916
522,196,NAMPT,RARS,0.71889025
522,363,NAMPT,MYC,0.7176446
522,410,NAMPT,SMARCA2,0.7175039
522,482,NAMPT,NFATC2,0.71484596
522,422,NAMPT,SESN1,0.7136104
522,466,NAMPT,ABCG2,0.71360517
522,180,NAMPT,TRIM35,0.706945
522,436,NAMPT,RARB,0.7036986
522,263,NAMPT,JUN,0.70247537
522,315,NAMPT,CTSL,0.70188516
522,357,NAMPT,MEIS1,0.6965902
522,81,NAMPT,HDAC11,0.6961269
522,494,NAMPT,USP11,0.6917651
522,557,NAMPT,SATB1,0.69159824
522,82,NAMPT,RB1,0.69159496
522,232,NAMPT,ICAM1,0.68858284
522,34,NAMPT,MAML3,0.68767226
522,6,NAMPT,BTG2,0.66849935
522,536,NAMPT,SPI1,0.66701454
522,449,NAMPT,TIE1,0.66557777
522,253,NAMPT,GRINA,0.6624757
522,289,NAMPT,GT(ROSA)26SOR,0.6624757
69,475,NAP1L3,BCL2,0.9745126
69,29,NAP1L3,IKZF1,0.96765983
69,292,NAP1L3,HDAC7,0.96656704
69,485,NAP1L3,ABL1,0.9630656
69,353,NAP1L3,CBFB,0.9591056
69,161,NAP1L3,JARID2,0.9575074
69,196,NAP1L3,RARS,0.95701754
69,283,NAP1L3,EGR1,0.9569446
69,466,NAP1L3,ABCG2,0.9537798
69,631,NAP1L3,ZFP36,0.9511082
69,209,NAP1L3,ZBTB16,0.9475713
69,206,NAP1L3,ZDHHC6,0.9460854
69,263,NAP1L3,JUN,0.9457284
69,79,NAP1L3,STAT2,0.9418911
69,413,NAP1L3,RASSF4,0.9410396
69,587,NAP1L3,NCAPD2,0.941035
69,6,NAP1L3,BTG2,0.9408253
69,177,NAP1L3,RELB,0.9399029
69,208,NAP1L3,CISH,0.9381069
69,436,NAP1L3,RARB,0.9370774
69,67,NAP1L3,HDAC2,0.9365085
69,27,NAP1L3,IRF8,0.9356516
69,536,NAP1L3,SPI1,0.9341142
69,232,NAP1L3,ICAM1,0.9334553
69,621,NAP1L3,SNRPB,0.9331168
69,557,NAP1L3,SATB1,0.933051
69,162,NAP1L3,FES,0.932584
69,219,NAP1L3,TLR4,0.932584
69,278,NAP1L3,NCF1,0.932584
69,515,NAP1L3,IGHM,0.932584
69,253,NAP1L3,GRINA,0.9317259
69,289,NAP1L3,GT(ROSA)26SOR,0.9317259
69,613,NAP1L3,PGLYRP2,0.9317259
69,194,NAP1L3,GOLPH3,0.929828
69,146,NAP1L3,SCARF1,0.9296826
69,175,NAP1L3,TLE2,0.9296826
69,441,NAP1L3,EBF1,0.9296826
69,546,NAP1L3,PROCR,0.9296826
69,64,NAP1L3,IRF9,0.92818403
69,52,NAP1L3,FCGR2B,0.92450166
69,213,NAP1L3,TCP11L2,0.92450166
69,304,NAP1L3,HLF,0.92450166
69,420,NAP1L3,FDFT1,0.92339045
69,270,NAP1L3,VDR,0.9230846
69,224,NAP1L3,MAPK12,0.92243457
69,580,NAP1L3,MLLT3,0.92241174
69,73,NAP1L3,RORC,0.9208517
69,293,NAP1L3,IRF7,0.9206435
69,357,NAP1L3,MEIS1,0.9201261
69,517,NAP1L3,H1F0,0.91901356
587,353,NCAPD2,CBFB,0.97497296
587,475,NCAPD2,BCL2,0.97111994
587,413,NCAPD2,RASSF4,0.96379083
587,292,NCAPD2,HDAC7,0.9610365
587,29,NCAPD2,IKZF1,0.9609361
587,67,NCAPD2,HDAC2,0.95863
587,485,NCAPD2,ABL1,0.9579178
587,621,NCAPD2,SNRPB,0.95781446
587,161,NCAPD2,JARID2,0.9571644
587,631,NCAPD2,ZFP36,0.9565881
587,209,NCAPD2,ZBTB16,0.9483577
587,283,NCAPD2,EGR1,0.9466926
587,466,NCAPD2,ABCG2,0.9446603
587,206,NCAPD2,ZDHHC6,0.9436669
587,263,NCAPD2,JUN,0.94226843
587,208,NCAPD2,CISH,0.9420798
587,177,NCAPD2,RELB,0.94184285
587,436,NCAPD2,RARB,0.9385242
587,232,NCAPD2,ICAM1,0.9362641
587,508,NCAPD2,NDRG1,0.9332247
587,564,NCAPD2,MFNG,0.9301306
587,357,NCAPD2,MEIS1,0.9301022
587,622,NCAPD2,KRT18,0.92982274
587,589,NCAPD2,YBX1,0.92972845
587,331,NCAPD2,PIM2,0.92537576
587,6,NCAPD2,BTG2,0.9233341
587,410,NCAPD2,SMARCA2,0.9204522
587,180,NCAPD2,TRIM35,0.917221
587,486,NCAPD2,NFKBIA,0.9153243
587,69,NCAPD2,NAP1L3,0.9113723
587,146,NCAPD2,SCARF1,0.9113723
587,175,NCAPD2,TLE2,0.9113723
587,194,NCAPD2,GOLPH3,0.9113723
587,441,NCAPD2,EBF1,0.9113723
587,546,NCAPD2,PROCR,0.91134536
587,165,NCAPD2,GTF2H1,0.908766
587,289,NCAPD2,GT(ROSA)26SOR,0.9073929
587,613,NCAPD2,PGLYRP2,0.9073929
587,253,NCAPD2,GRINA,0.9073398
587,81,NCAPD2,HDAC11,0.904618
587,422,NCAPD2,SESN1,0.90452534
587,162,NCAPD2,FES,0.90397346
587,219,NCAPD2,TLR4,0.90397346
587,278,NCAPD2,NCF1,0.90397346
587,515,NCAPD2,IGHM,0.90397346
587,196,NCAPD2,RARS,0.90342456
587,224,NCAPD2,MAPK12,0.90232074
587,449,NCAPD2,TIE1,0.90177244
587,52,NCAPD2,FCGR2B,0.90108204
587,213,NCAPD2,TCP11L2,0.90108204
567,621,NCEH1,SNRPB,0.9284127
567,353,NCEH1,CBFB,0.89600015
567,475,NCEH1,BCL2,0.8944633
567,413,NCEH1,RASSF4,0.8943242
567,587,NCEH1,NCAPD2,0.8943242
567,67,NCEH1,HDAC2,0.8854864
567,589,NCEH1,YBX1,0.8821368
567,165,NCEH1,GTF2H1,0.858079
567,485,NCEH1,ABL1,0.8574967
567,292,NCEH1,HDAC7,0.8493497
567,206,NCEH1,ZDHHC6,0.8224635
567,508,NCEH1,NDRG1,0.82166344
567,209,NCEH1,ZBTB16,0.81890994
567,161,NCEH1,JARID2,0.81559736
567,29,NCEH1,IKZF1,0.81491864
567,261,NCEH1,EZR,0.79887336
567,367,NCEH1,HCFC1,0.7699838
567,437,NCEH1,MYB,0.7677186
567,283,NCEH1,EGR1,0.76573664
567,439,NCEH1,DDX20,0.764019
567,631,NCEH1,ZFP36,0.76362014
567,48,NCEH1,ELANE,0.76304495
567,466,NCEH1,ABCG2,0.75914395
567,486,NCEH1,NFKBIA,0.75531614
567,351,NCEH1,ERCC8,0.75037587
567,208,NCEH1,CISH,0.73627794
567,177,NCEH1,RELB,0.7342777
567,564,NCEH1,MFNG,0.73196125
567,331,NCEH1,PIM2,0.7214238
567,196,NCEH1,RARS,0.71908045
567,410,NCEH1,SMARCA2,0.71752864
567,482,NCEH1,NFATC2,0.71506876
567,422,NCEH1,SESN1,0.7140562
567,180,NCEH1,TRIM35,0.7072194
567,436,NCEH1,RARB,0.70390785
567,263,NCEH1,JUN,0.7026582
567,315,NCEH1,CTSL,0.70197576
567,357,NCEH1,MEIS1,0.69667214
567,81,NCEH1,HDAC11,0.69622725
567,557,NCEH1,SATB1,0.69250274
567,494,NCEH1,USP11,0.691912
567,82,NCEH1,RB1,0.6917479
567,232,NCEH1,ICAM1,0.68877316
567,34,NCEH1,MAML3,0.68777776
567,6,NCEH1,BTG2,0.6686509
567,536,NCEH1,SPI1,0.6670139
567,449,NCEH1,TIE1,0.6662198
567,253,NCEH1,GRINA,0.66261417
567,289,NCEH1,GT(ROSA)26SOR,0.66261417
567,613,NCEH1,PGLYRP2,0.66261417
278,475,NCF1,BCL2,0.97468114
278,29,NCF1,IKZF1,0.96919686
278,485,NCF1,ABL1,0.9655327
278,292,NCF1,HDAC7,0.96539026
278,283,NCF1,EGR1,0.9550836
278,161,NCF1,JARID2,0.9541239
278,466,NCF1,ABCG2,0.9509964
278,196,NCF1,RARS,0.94963354
278,263,NCF1,JUN,0.94892585
278,79,NCF1,STAT2,0.947979
278,6,NCF1,BTG2,0.94490737
278,206,NCF1,ZDHHC6,0.94364345
278,353,NCF1,CBFB,0.94238913
278,57,NCF1,OASL2,0.9413502
278,536,NCF1,SPI1,0.93938094
278,64,NCF1,IRF9,0.93904865
278,613,NCF1,PGLYRP2,0.93894964
278,253,NCF1,GRINA,0.9388283
278,289,NCF1,GT(ROSA)26SOR,0.9388283
278,162,NCF1,FES,0.93820196
278,219,NCF1,TLR4,0.93820196
278,515,NCF1,IGHM,0.9380727
278,175,NCF1,TLE2,0.93650913
278,69,NCF1,NAP1L3,0.93647313
278,194,NCF1,GOLPH3,0.93647313
278,441,NCF1,EBF1,0.93643844
278,546,NCF1,PROCR,0.93637633
278,146,NCF1,SCARF1,0.936316
278,420,NCF1,FDFT1,0.93544203
278,293,NCF1,IRF7,0.9336585
278,52,NCF1,FCGR2B,0.93306357
278,213,NCF1,TCP11L2,0.93306357
278,304,NCF1,HLF,0.93306357
278,631,NCF1,ZFP36,0.9328839
278,208,NCF1,CISH,0.9323448
278,270,NCF1,VDR,0.93226165
278,27,NCF1,IRF8,0.92947936
278,177,NCF1,RELB,0.92911184
278,436,NCF1,RARB,0.92876804
278,517,NCF1,H1F0,0.92862546
278,224,NCF1,MAPK12,0.9283451
278,590,NCF1,IL12A,0.9281637
278,251,NCF1,IRF6,0.9280094
278,557,NCF1,SATB1,0.9274464
278,580,NCF1,MLLT3,0.9269774
278,232,NCF1,ICAM1,0.9269142
278,276,NCF1,REL,0.92345226
278,50,NCF1,NFAT5,0.9184377
278,550,NCF1,CREB5,0.9183339
278,183,NCF1,XAF1,0.9166915
202,621,NCLN,SNRPB,0.9282103
202,353,NCLN,CBFB,0.89543414
202,475,NCLN,BCL2,0.8942831
202,413,NCLN,RASSF4,0.8942356
202,587,NCLN,NCAPD2,0.8941586
202,67,NCLN,HDAC2,0.8850062
202,589,NCLN,YBX1,0.8819421
202,209,NCLN,ZBTB16,0.8709828
202,165,NCLN,GTF2H1,0.8593966
202,485,NCLN,ABL1,0.8572532
202,292,NCLN,HDAC7,0.8490846
202,206,NCLN,ZDHHC6,0.8222312
202,508,NCLN,NDRG1,0.82139933
202,161,NCLN,JARID2,0.81536126
202,29,NCLN,IKZF1,0.8147214
202,261,NCLN,EZR,0.79889566
202,422,NCLN,SESN1,0.773355
202,367,NCLN,HCFC1,0.7698142
202,437,NCLN,MYB,0.76757336
202,283,NCLN,EGR1,0.7651953
202,439,NCLN,DDX20,0.7637642
202,48,NCLN,ELANE,0.7628878
202,631,NCLN,ZFP36,0.7616878
202,486,NCLN,NFKBIA,0.7551303
202,482,NCLN,NFATC2,0.7502473
202,351,NCLN,ERCC8,0.7502097
202,219,NCLN,TLR4,0.7418094
202,564,NCLN,MFNG,0.74007237
202,208,NCLN,CISH,0.7360838
202,177,NCLN,RELB,0.73416054
202,331,NCLN,PIM2,0.7212916
202,196,NCLN,RARS,0.71889025
202,363,NCLN,MYC,0.7176446
202,410,NCLN,SMARCA2,0.7174124
202,466,NCLN,ABCG2,0.71360517
202,180,NCLN,TRIM35,0.7070132
202,436,NCLN,RARB,0.7036986
202,263,NCLN,JUN,0.70247537
202,315,NCLN,CTSL,0.70188516
202,357,NCLN,MEIS1,0.6965902
202,81,NCLN,HDAC11,0.6961269
202,557,NCLN,SATB1,0.69231915
202,494,NCLN,USP11,0.6917651
202,82,NCLN,RB1,0.69159496
202,232,NCLN,ICAM1,0.6885645
202,34,NCLN,MAML3,0.68767226
202,253,NCLN,GRINA,0.6845242
202,613,NCLN,PGLYRP2,0.6733057
202,6,NCLN,BTG2,0.66855806
202,449,NCLN,TIE1,0.6656387
547,621,NDE1,SNRPB,0.9282103
547,475,NDE1,BCL2,0.8942831
547,587,NDE1,NCAPD2,0.8941586
547,413,NDE1,RASSF4,0.89397603
547,589,NDE1,YBX1,0.8819421
547,209,NDE1,ZBTB16,0.8709828
547,165,NDE1,GTF2H1,0.8593966
547,485,NDE1,ABL1,0.8572532
547,292,NDE1,HDAC7,0.8490846
547,353,NDE1,CBFB,0.8270503
547,206,NDE1,ZDHHC6,0.8222312
547,508,NDE1,NDRG1,0.82139933
547,161,NDE1,JARID2,0.81536126
547,29,NDE1,IKZF1,0.81257033
547,261,NDE1,EZR,0.79889566
547,67,NDE1,HDAC2,0.7759608
547,367,NDE1,HCFC1,0.7698142
547,437,NDE1,MYB,0.76757336
547,283,NDE1,EGR1,0.7656194
547,48,NDE1,ELANE,0.7628878
547,631,NDE1,ZFP36,0.7616878
547,486,NDE1,NFKBIA,0.7551303
547,351,NDE1,ERCC8,0.7502097
547,564,NDE1,MFNG,0.74007237
547,208,NDE1,CISH,0.7360838
547,177,NDE1,RELB,0.734538
547,331,NDE1,PIM2,0.7212916
547,196,NDE1,RARS,0.71889025
547,69,NDE1,NAP1L3,0.71834666
547,363,NDE1,MYC,0.7176446
547,410,NDE1,SMARCA2,0.7174124
547,482,NDE1,NFATC2,0.71484596
547,466,NDE1,ABCG2,0.71360517
547,422,NDE1,SESN1,0.71352273
547,180,NDE1,TRIM35,0.7070132
547,436,NDE1,RARB,0.7036986
547,263,NDE1,JUN,0.70247537
547,315,NDE1,CTSL,0.70188516
547,6,NDE1,BTG2,0.70120233
547,357,NDE1,MEIS1,0.6965902
547,81,NDE1,HDAC11,0.6961269
547,557,NDE1,SATB1,0.69231915
547,494,NDE1,USP11,0.6917651
547,82,NDE1,RB1,0.69159496
547,232,NDE1,ICAM1,0.68858284
547,34,NDE1,MAML3,0.68767226
547,536,NDE1,SPI1,0.66701454
547,449,NDE1,TIE1,0.6655642
547,253,NDE1,GRINA,0.6624757
547,289,NDE1,GT(ROSA)26SOR,0.6624757
198,621,NDN,SNRPB,0.9865139
198,589,NDN,YBX1,0.9835301
198,353,NDN,CBFB,0.9830224
198,413,NDN,RASSF4,0.979418
198,587,NDN,NCAPD2,0.979418
198,67,NDN,HDAC2,0.97758406
198,367,NDN,HCFC1,0.97624546
198,363,NDN,MYC,0.9760869
198,439,NDN,DDX20,0.9742357
198,261,NDN,EZR,0.9713524
198,226,NDN,POLR2B,0.9667127
198,117,NDN,TFG,0.96498567
198,217,NDN,PRMT7,0.96119046
198,165,NDN,GTF2H1,0.95759785
198,372,NDN,BACE1,0.95686024
198,82,NDN,RB1,0.9551297
198,508,NDN,NDRG1,0.95390826
198,199,NDN,E2F4,0.9533036
198,3,NDN,POLR1B,0.95330215
198,351,NDN,ERCC8,0.9522957
198,28,NDN,NFE2,0.9457002
198,375,NDN,SRSF1,0.9453934
198,86,NDN,RANGAP1,0.94459456
198,482,NDN,NFATC2,0.94308454
198,134,NDN,PA2G4,0.93886065
198,575,NDN,GTF2F1,0.9384518
198,404,NDN,FTSJ3,0.93759507
198,274,NDN,NOP2,0.9372802
198,33,NDN,CSTF2,0.93446964
198,209,NDN,ZBTB16,0.9325453
198,345,NDN,UHRF1,0.9120249
198,426,NDN,PRPF4,0.91151464
198,486,NDN,NFKBIA,0.9090907
198,347,NDN,RNF4,0.8975855
198,154,NDN,HDGF,0.89752954
198,166,NDN,PSAT1,0.89752954
198,197,NDN,WDR4,0.89752954
198,212,NDN,FLT3,0.89752954
198,376,NDN,ATF7,0.89752954
198,389,NDN,FOXRED1,0.89752954
198,562,NDN,NFIA,0.89752954
198,577,NDN,CAD,0.89752954
198,564,NDN,MFNG,0.8939947
198,315,NDN,CTSL,0.88173515
198,480,NDN,WDR5,0.8744302
198,220,NDN,TMEM43,0.86868674
198,475,NDN,BCL2,0.8653111
198,299,NDN,ORC2,0.8643824
198,437,NDN,MYB,0.861432
198,292,NDN,HDAC7,0.85894287
508,475,NDRG1,BCL2,0.9788784
508,353,NDRG1,CBFB,0.9679987
508,292,NDRG1,HDAC7,0.9664238
508,29,NDRG1,IKZF1,0.965674
508,485,NDRG1,ABL1,0.9628906
508,413,NDRG1,RASSF4,0.96160275
508,587,NDRG1,NCAPD2,0.96160275
508,161,NDRG1,JARID2,0.9600531
508,631,NDRG1,ZFP36,0.95791847
508,67,NDRG1,HDAC2,0.95599115
508,196,NDRG1,RARS,0.9542684
508,283,NDRG1,EGR1,0.9528951
508,209,NDRG1,ZBTB16,0.9503813
508,621,NDRG1,SNRPB,0.9494099
508,206,NDRG1,ZDHHC6,0.9492163
508,263,NDRG1,JUN,0.9492084
508,466,NDRG1,ABCG2,0.9474251
508,177,NDRG1,RELB,0.94632435
508,436,NDRG1,RARB,0.94332296
508,232,NDRG1,ICAM1,0.9391928
508,557,NDRG1,SATB1,0.9373355
508,208,NDRG1,CISH,0.93541366
508,6,NDRG1,BTG2,0.9321711
508,79,NDRG1,STAT2,0.9311604
508,357,NDRG1,MEIS1,0.9287486
508,613,NDRG1,PGLYRP2,0.92851585
508,564,NDRG1,MFNG,0.9270163
508,253,NDRG1,GRINA,0.92272913
508,289,NDRG1,GT(ROSA)26SOR,0.92272913
508,162,NDRG1,FES,0.92247605
508,219,NDRG1,TLR4,0.92247605
508,278,NDRG1,NCF1,0.92247605
508,515,NDRG1,IGHM,0.92247605
508,331,NDRG1,PIM2,0.9194842
508,194,NDRG1,GOLPH3,0.91933477
508,175,NDRG1,TLE2,0.91927576
508,546,NDRG1,PROCR,0.91927576
508,622,NDRG1,KRT18,0.91927576
508,146,NDRG1,SCARF1,0.9192351
508,441,NDRG1,EBF1,0.9192351
508,536,NDRG1,SPI1,0.91357535
508,52,NDRG1,FCGR2B,0.9135355
508,589,NDRG1,YBX1,0.9129823
508,213,NDRG1,TCP11L2,0.9128867
508,304,NDRG1,HLF,0.9128867
508,486,NDRG1,NFKBIA,0.91261494
508,410,NDRG1,SMARCA2,0.91206944
508,360,NDRG1,FOXO1,0.9119313
508,224,NDRG1,MAPK12,0.91191685
508,270,NDRG1,VDR,0.9108525
308,621,NEAT1,SNRPB,0.9282103
308,353,NEAT1,CBFB,0.895775
308,475,NEAT1,BCL2,0.8942831
308,587,NEAT1,NCAPD2,0.8941586
308,589,NEAT1,YBX1,0.8820429
308,209,NEAT1,ZBTB16,0.8709828
308,165,NEAT1,GTF2H1,0.8593966
308,485,NEAT1,ABL1,0.8572532
308,292,NEAT1,HDAC7,0.8490846
308,413,NEAT1,RASSF4,0.8410011
308,67,NEAT1,HDAC2,0.83883464
308,206,NEAT1,ZDHHC6,0.8222312
308,508,NEAT1,NDRG1,0.8217594
308,161,NEAT1,JARID2,0.81536126
308,29,NEAT1,IKZF1,0.8147214
308,261,NEAT1,EZR,0.79889566
308,367,NEAT1,HCFC1,0.7698142
308,283,NEAT1,EGR1,0.76826894
308,437,NEAT1,MYB,0.7680041
308,439,NEAT1,DDX20,0.7637642
308,48,NEAT1,ELANE,0.7628878
308,486,NEAT1,NFKBIA,0.7551303
308,351,NEAT1,ERCC8,0.7502097
308,564,NEAT1,MFNG,0.74007237
308,208,NEAT1,CISH,0.7360838
308,177,NEAT1,RELB,0.73413795
308,631,NEAT1,ZFP36,0.72787756
308,331,NEAT1,PIM2,0.7212916
308,196,NEAT1,RARS,0.71886915
308,363,NEAT1,MYC,0.7176446
308,410,NEAT1,SMARCA2,0.7174124
308,482,NEAT1,NFATC2,0.71484596
308,422,NEAT1,SESN1,0.7136104
308,466,NEAT1,ABCG2,0.71360517
308,180,NEAT1,TRIM35,0.7070132
308,436,NEAT1,RARB,0.7036986
308,263,NEAT1,JUN,0.70247537
308,315,NEAT1,CTSL,0.70188516
308,357,NEAT1,MEIS1,0.6965902
308,81,NEAT1,HDAC11,0.6961269
308,157,NEAT1,PLAG1,0.69363475
308,557,NEAT1,SATB1,0.69231915
308,82,NEAT1,RB1,0.69193834
308,494,NEAT1,USP11,0.6917651
308,232,NEAT1,ICAM1,0.6885158
308,34,NEAT1,MAML3,0.68767226
308,441,NEAT1,EBF1,0.6748085
308,6,NEAT1,BTG2,0.66849935
308,536,NEAT1,SPI1,0.66701454
308,449,NEAT1,TIE1,0.66557777
40,621,NEURL3,SNRPB,0.9282103
40,353,NEURL3,CBFB,0.895775
40,475,NEURL3,BCL2,0.8942831
40,413,NEURL3,RASSF4,0.89422727
40,587,NEURL3,NCAPD2,0.8941586
40,67,NEURL3,HDAC2,0.8850062
40,589,NEURL3,YBX1,0.8819421
40,209,NEURL3,ZBTB16,0.87026846
40,165,NEURL3,GTF2H1,0.8591334
40,485,NEURL3,ABL1,0.8572532
40,292,NEURL3,HDAC7,0.8490846
40,206,NEURL3,ZDHHC6,0.8222312
40,508,NEURL3,NDRG1,0.82139933
40,161,NEURL3,JARID2,0.81536126
40,29,NEURL3,IKZF1,0.8147214
40,261,NEURL3,EZR,0.79889566
40,367,NEURL3,HCFC1,0.7698142
40,437,NEURL3,MYB,0.76757336
40,283,NEURL3,EGR1,0.7656194
40,439,NEURL3,DDX20,0.7637642
40,48,NEURL3,ELANE,0.7628878
40,631,NEURL3,ZFP36,0.7616878
40,486,NEURL3,NFKBIA,0.7551303
40,564,NEURL3,MFNG,0.74007237
40,351,NEURL3,ERCC8,0.7395168
40,208,NEURL3,CISH,0.7360838
40,177,NEURL3,RELB,0.73413795
40,331,NEURL3,PIM2,0.7212916
40,196,NEURL3,RARS,0.71886915
40,363,NEURL3,MYC,0.7176446
40,410,NEURL3,SMARCA2,0.7174124
40,482,NEURL3,NFATC2,0.71491355
40,422,NEURL3,SESN1,0.713625
40,466,NEURL3,ABCG2,0.71360517
40,180,NEURL3,TRIM35,0.7070132
40,436,NEURL3,RARB,0.7036986
40,263,NEURL3,JUN,0.7024638
40,315,NEURL3,CTSL,0.70188516
40,357,NEURL3,MEIS1,0.6965902
40,81,NEURL3,HDAC11,0.6961269
40,557,NEURL3,SATB1,0.69232327
40,494,NEURL3,USP11,0.6917651
40,232,NEURL3,ICAM1,0.68858284
40,82,NEURL3,RB1,0.68821174
40,34,NEURL3,MAML3,0.68767226
40,6,NEURL3,BTG2,0.66849935
40,536,NEURL3,SPI1,0.66701454
40,449,NEURL3,TIE1,0.66557777
40,613,NEURL3,PGLYRP2,0.66255665
40,253,NEURL3,GRINA,0.6624757
337,621,NFAM1,SNRPB,0.9281713
337,353,NFAM1,CBFB,0.895775
337,475,NFAM1,BCL2,0.8942831
337,413,NFAM1,RASSF4,0.8941586
337,67,NFAM1,HDAC2,0.88499844
337,589,NFAM1,YBX1,0.8819421
337,209,NFAM1,ZBTB16,0.8709828
337,485,NFAM1,ABL1,0.8596869
337,165,NFAM1,GTF2H1,0.8593966
337,292,NFAM1,HDAC7,0.8573271
337,587,NFAM1,NCAPD2,0.84031874
337,29,NFAM1,IKZF1,0.8285919
337,206,NFAM1,ZDHHC6,0.8222312
337,508,NFAM1,NDRG1,0.82139933
337,161,NFAM1,JARID2,0.81536126
337,261,NFAM1,EZR,0.79889566
337,367,NFAM1,HCFC1,0.76984316
337,437,NFAM1,MYB,0.76757336
337,283,NFAM1,EGR1,0.7656194
337,439,NFAM1,DDX20,0.7637642
337,48,NFAM1,ELANE,0.7625597
337,631,NFAM1,ZFP36,0.7616878
337,486,NFAM1,NFKBIA,0.7551303
337,351,NFAM1,ERCC8,0.7502097
337,208,NFAM1,CISH,0.7360838
337,177,NFAM1,RELB,0.73413795
337,331,NFAM1,PIM2,0.7212916
337,196,NFAM1,RARS,0.71889025
337,363,NFAM1,MYC,0.717912
337,410,NFAM1,SMARCA2,0.7174124
337,482,NFAM1,NFATC2,0.71484596
337,422,NFAM1,SESN1,0.7136104
337,466,NFAM1,ABCG2,0.71360517
337,564,NFAM1,MFNG,0.70949835
337,180,NFAM1,TRIM35,0.7069965
337,436,NFAM1,RARB,0.70390975
337,263,NFAM1,JUN,0.70247537
337,315,NFAM1,CTSL,0.70221645
337,357,NFAM1,MEIS1,0.6965902
337,81,NFAM1,HDAC11,0.6961269
337,557,NFAM1,SATB1,0.69231915
337,494,NFAM1,USP11,0.6917651
337,82,NFAM1,RB1,0.69159496
337,232,NFAM1,ICAM1,0.68858284
337,420,NFAM1,FDFT1,0.6878487
337,34,NFAM1,MAML3,0.6877883
337,580,NFAM1,MLLT3,0.6799653
337,175,NFAM1,TLE2,0.6748085
337,6,NFAM1,BTG2,0.66849935
337,536,NFAM1,SPI1,0.66701454
50,475,NFAT5,BCL2,0.9724506
50,29,NFAT5,IKZF1,0.9708548
50,485,NFAT5,ABL1,0.96393734
50,283,NFAT5,EGR1,0.9513881
50,79,NFAT5,STAT2,0.9491228
50,161,NFAT5,JARID2,0.94895583
50,64,NFAT5,IRF9,0.9441573
50,292,NFAT5,HDAC7,0.9428631
50,536,NFAT5,SPI1,0.93996376
50,253,NFAT5,GRINA,0.93976915
50,289,NFAT5,GT(ROSA)26SOR,0.93976915
50,613,NFAT5,PGLYRP2,0.9397421
50,293,NFAT5,IRF7,0.93938357
50,420,NFAT5,FDFT1,0.9387911
50,278,NFAT5,NCF1,0.9372095
50,162,NFAT5,FES,0.9371537
50,219,NFAT5,TLR4,0.9371537
50,515,NFAT5,IGHM,0.937136
50,6,NFAT5,BTG2,0.9357812
50,263,NFAT5,JUN,0.9356977
50,270,NFAT5,VDR,0.93551534
50,27,NFAT5,IRF8,0.9348604
50,73,NFAT5,RORC,0.9347453
50,251,NFAT5,IRF6,0.9343275
50,196,NFAT5,RARS,0.9339352
50,206,NFAT5,ZDHHC6,0.9334077
50,213,NFAT5,TCP11L2,0.9327271
50,304,NFAT5,HLF,0.9327271
50,52,NFAT5,FCGR2B,0.9327016
50,590,NFAT5,IL12A,0.9321357
50,69,NFAT5,NAP1L3,0.93128484
50,146,NFAT5,SCARF1,0.93128484
50,175,NFAT5,TLE2,0.93128484
50,194,NFAT5,GOLPH3,0.93128484
50,441,NFAT5,EBF1,0.93128484
50,546,NFAT5,PROCR,0.93128484
50,517,NFAT5,H1F0,0.93124837
50,622,NFAT5,KRT18,0.9311829
50,209,NFAT5,ZBTB16,0.93080044
50,183,NFAT5,XAF1,0.9242862
50,354,NFAT5,IIGP1,0.9242862
50,504,NFAT5,IFI44,0.9242862
50,224,NFAT5,MAPK12,0.92371917
50,109,NFAT5,H2-AA,0.9231547
50,276,NFAT5,REL,0.9227384
50,550,NFAT5,CREB5,0.92252934
50,57,NFAT5,OASL2,0.9217198
50,277,NFAT5,RTP4,0.92167413
50,580,NFAT5,MLLT3,0.9203364
50,208,NFAT5,CISH,0.9181242
482,413,NFATC2,RASSF4,0.9843568
482,587,NFATC2,NCAPD2,0.9843568
482,67,NFATC2,HDAC2,0.9831632
482,353,NFATC2,CBFB,0.97866184
482,621,NFATC2,SNRPB,0.9780386
482,165,NFATC2,GTF2H1,0.9751569
482,508,NFATC2,NDRG1,0.9727798
482,589,NFATC2,YBX1,0.9727056
482,209,NFATC2,ZBTB16,0.9721644
482,261,NFATC2,EZR,0.9683553
482,206,NFATC2,ZDHHC6,0.95946157
482,292,NFATC2,HDAC7,0.9583728
482,486,NFATC2,NFKBIA,0.9568692
482,475,NFATC2,BCL2,0.9551135
482,485,NFATC2,ABL1,0.95384425
482,161,NFATC2,JARID2,0.9516355
482,564,NFATC2,MFNG,0.9515199
482,631,NFATC2,ZFP36,0.95130515
482,367,NFATC2,HCFC1,0.9503614
482,439,NFATC2,DDX20,0.9450306
482,48,NFATC2,ELANE,0.933155
482,29,NFATC2,IKZF1,0.9317546
482,351,NFATC2,ERCC8,0.9313071
482,331,NFATC2,PIM2,0.9304229
482,363,NFATC2,MYC,0.92832345
482,437,NFATC2,MYB,0.92547643
482,315,NFATC2,CTSL,0.925315
482,422,NFATC2,SESN1,0.92352396
482,410,NFATC2,SMARCA2,0.9194962
482,104,NFATC2,BTK,0.9187874
482,494,NFATC2,USP11,0.91329944
482,34,NFATC2,MAML3,0.91029066
482,283,NFATC2,EGR1,0.90815955
482,226,NFATC2,POLR2B,0.90780526
482,82,NFATC2,RB1,0.9051874
482,480,NFATC2,WDR5,0.9048767
482,177,NFATC2,RELB,0.90347636
482,134,NFATC2,PA2G4,0.8988931
482,196,NFATC2,RARS,0.88584244
482,208,NFATC2,CISH,0.87937844
482,436,NFATC2,RARB,0.8770765
482,180,NFATC2,TRIM35,0.87633836
482,81,NFATC2,HDAC11,0.8717577
482,389,NFATC2,FOXRED1,0.86854225
482,154,NFATC2,HDGF,0.86848617
482,166,NFATC2,PSAT1,0.86848617
482,197,NFATC2,WDR4,0.86848617
482,212,NFATC2,FLT3,0.86848617
482,217,NFATC2,PRMT7,0.86848617
482,220,NFATC2,TMEM43,0.86848617
28,353,NFE2,CBFB,0.98484355
28,621,NFE2,SNRPB,0.98119605
28,413,NFE2,RASSF4,0.9725549
28,587,NFE2,NCAPD2,0.9725549
28,67,NFE2,HDAC2,0.9698673
28,589,NFE2,YBX1,0.96718115
28,439,NFE2,DDX20,0.9433879
28,367,NFE2,HCFC1,0.9433429
28,363,NFE2,MYC,0.94012696
28,209,NFE2,ZBTB16,0.9396356
28,508,NFE2,NDRG1,0.9376177
28,261,NFE2,EZR,0.93442243
28,292,NFE2,HDAC7,0.9315941
28,165,NFE2,GTF2H1,0.92403615
28,485,NFE2,ABL1,0.9176957
28,351,NFE2,ERCC8,0.912536
28,161,NFE2,JARID2,0.9116096
28,564,NFE2,MFNG,0.90223944
28,631,NFE2,ZFP36,0.90144664
28,486,NFE2,NFKBIA,0.8987885
28,482,NFE2,NFATC2,0.89860797
28,475,NFE2,BCL2,0.8933569
28,82,NFE2,RB1,0.89334625
28,226,NFE2,POLR2B,0.8926631
28,29,NFE2,IKZF1,0.8838612
28,206,NFE2,ZDHHC6,0.88360506
28,375,NFE2,SRSF1,0.8813306
28,331,NFE2,PIM2,0.88031656
28,177,NFE2,RELB,0.878473
28,554,NFE2,CDT1,0.8726678
28,81,NFE2,HDAC11,0.8724497
28,422,NFE2,SESN1,0.8707959
28,180,NFE2,TRIM35,0.8675073
28,208,NFE2,CISH,0.8650371
28,34,NFE2,MAML3,0.85668904
28,315,NFE2,CTSL,0.846995
28,575,NFE2,GTF2F1,0.83999074
28,33,NFE2,CSTF2,0.83898664
28,199,NFE2,E2F4,0.83460647
28,283,NFE2,EGR1,0.8283148
28,232,NFE2,ICAM1,0.8262927
28,3,NFE2,POLR1B,0.8214304
28,357,NFE2,MEIS1,0.815521
28,436,NFE2,RARB,0.8051869
28,557,NFE2,SATB1,0.80446285
28,134,NFE2,PA2G4,0.8038529
28,372,NFE2,BACE1,0.8013474
28,426,NFE2,PRPF4,0.7929333
28,437,NFE2,MYB,0.7840354
28,86,NFE2,RANGAP1,0.7836009
562,353,NFIA,CBFB,0.9845547
562,413,NFIA,RASSF4,0.9809311
562,587,NFIA,NCAPD2,0.9809311
562,67,NFIA,HDAC2,0.9793284
562,621,NFIA,SNRPB,0.97916
562,589,NFIA,YBX1,0.9676504
562,508,NFIA,NDRG1,0.9580633
562,165,NFIA,GTF2H1,0.95738935
562,209,NFIA,ZBTB16,0.9571207
562,292,NFIA,HDAC7,0.9546501
562,475,NFIA,BCL2,0.95403993
562,261,NFIA,EZR,0.9468235
562,161,NFIA,JARID2,0.9462694
562,485,NFIA,ABL1,0.9446755
562,482,NFIA,NFATC2,0.9409558
562,367,NFIA,HCFC1,0.9407545
562,206,NFIA,ZDHHC6,0.9406796
562,631,NFIA,ZFP36,0.9383769
562,564,NFIA,MFNG,0.9381846
562,486,NFIA,NFKBIA,0.93813014
562,439,NFIA,DDX20,0.9379889
562,363,NFIA,MYC,0.9369203
562,331,NFIA,PIM2,0.92436546
562,410,NFIA,SMARCA2,0.9198145
562,29,NFIA,IKZF1,0.9192054
562,422,NFIA,SESN1,0.9190632
562,351,NFIA,ERCC8,0.91843
562,177,NFIA,RELB,0.9138617
562,34,NFIA,MAML3,0.9045993
562,48,NFIA,ELANE,0.9028075
562,82,NFIA,RB1,0.9000207
562,226,NFIA,POLR2B,0.8995269
562,208,NFIA,CISH,0.89897126
562,180,NFIA,TRIM35,0.8980473
562,437,NFIA,MYB,0.8876106
562,436,NFIA,RARB,0.88529825
562,283,NFIA,EGR1,0.8826387
562,33,NFIA,CSTF2,0.8812773
562,196,NFIA,RARS,0.8780482
562,104,NFIA,BTK,0.8779807
562,494,NFIA,USP11,0.8744495
562,232,NFIA,ICAM1,0.8677336
562,357,NFIA,MEIS1,0.8553124
562,263,NFIA,JUN,0.8542695
562,557,NFIA,SATB1,0.85274297
562,134,NFIA,PA2G4,0.84679186
562,199,NFIA,E2F4,0.84139663
562,466,NFIA,ABCG2,0.8343335
562,315,NFIA,CTSL,0.8208976
562,28,NFIA,NFE2,0.81955814
486,475,NFKBIA,BCL2,0.97304946
486,29,NFKBIA,IKZF1,0.9655396
486,292,NFKBIA,HDAC7,0.9653638
486,353,NFKBIA,CBFB,0.9650876
486,485,NFKBIA,ABL1,0.95875186
486,161,NFKBIA,JARID2,0.95867014
486,631,NFKBIA,ZFP36,0.9538808
486,196,NFKBIA,RARS,0.95384175
486,466,NFKBIA,ABCG2,0.9534161
486,283,NFKBIA,EGR1,0.95286673
486,587,NFKBIA,NCAPD2,0.9503097
486,413,NFKBIA,RASSF4,0.9502969
486,263,NFKBIA,JUN,0.94985324
486,209,NFKBIA,ZBTB16,0.94672346
486,206,NFKBIA,ZDHHC6,0.9450152
486,177,NFKBIA,RELB,0.94244313
486,208,NFKBIA,CISH,0.9420395
486,621,NFKBIA,SNRPB,0.9414237
486,67,NFKBIA,HDAC2,0.9413802
486,436,NFKBIA,RARB,0.94089717
486,232,NFKBIA,ICAM1,0.9380833
486,6,NFKBIA,BTG2,0.93589246
486,557,NFKBIA,SATB1,0.9357564
486,79,NFKBIA,STAT2,0.93529516
486,219,NFKBIA,TLR4,0.9286222
486,162,NFKBIA,FES,0.92795116
486,278,NFKBIA,NCF1,0.92795116
486,515,NFKBIA,IGHM,0.92795116
486,357,NFKBIA,MEIS1,0.9277492
486,613,NFKBIA,PGLYRP2,0.9269323
486,289,NFKBIA,GT(ROSA)26SOR,0.9269246
486,441,NFKBIA,EBF1,0.9247701
486,546,NFKBIA,PROCR,0.92471176
486,622,NFKBIA,KRT18,0.92471176
486,69,NFKBIA,NAP1L3,0.9247027
486,194,NFKBIA,GOLPH3,0.9247027
486,175,NFKBIA,TLE2,0.9245389
486,146,NFKBIA,SCARF1,0.9245333
486,64,NFKBIA,IRF9,0.91991425
486,536,NFKBIA,SPI1,0.9195872
486,52,NFKBIA,FCGR2B,0.9192959
486,213,NFKBIA,TCP11L2,0.9192959
486,304,NFKBIA,HLF,0.9192959
486,224,NFKBIA,MAPK12,0.9181983
486,270,NFKBIA,VDR,0.9178177
486,508,NFKBIA,NDRG1,0.9137455
486,276,NFKBIA,REL,0.9132829
486,517,NFKBIA,H1F0,0.91317934
486,580,NFKBIA,MLLT3,0.9127029
486,449,NFKBIA,TIE1,0.9124062
325,621,NKG7,SNRPB,0.92829335
325,353,NKG7,CBFB,0.895751
325,413,NKG7,RASSF4,0.89453536
325,587,NKG7,NCAPD2,0.89453536
325,475,NKG7,BCL2,0.8941863
325,67,NKG7,HDAC2,0.88541824
325,589,NKG7,YBX1,0.881469
325,209,NKG7,ZBTB16,0.8706752
325,165,NKG7,GTF2H1,0.8598671
325,485,NKG7,ABL1,0.8571366
325,292,NKG7,HDAC7,0.8489602
325,161,NKG7,JARID2,0.8246294
325,508,NKG7,NDRG1,0.82184434
325,29,NKG7,IKZF1,0.8146881
325,261,NKG7,EZR,0.7995126
325,367,NKG7,HCFC1,0.77050287
325,437,NKG7,MYB,0.7678546
325,283,NKG7,EGR1,0.7656242
325,439,NKG7,DDX20,0.76441336
325,48,NKG7,ELANE,0.7628973
325,631,NKG7,ZFP36,0.7618915
325,351,NKG7,ERCC8,0.7595134
325,206,NKG7,ZDHHC6,0.75565314
325,486,NKG7,NFKBIA,0.75564003
325,564,NKG7,MFNG,0.74023265
325,208,NKG7,CISH,0.7358939
325,177,NKG7,RELB,0.7342989
325,331,NKG7,PIM2,0.7213981
325,196,NKG7,RARS,0.71872634
325,363,NKG7,MYC,0.7182472
325,410,NKG7,SMARCA2,0.7171387
325,482,NKG7,NFATC2,0.71538454
325,422,NKG7,SESN1,0.7136089
325,466,NKG7,ABCG2,0.7135636
325,180,NKG7,TRIM35,0.7066639
325,436,NKG7,RARB,0.7033735
325,315,NKG7,CTSL,0.7025742
325,263,NKG7,JUN,0.7023066
325,81,NKG7,HDAC11,0.6966209
325,82,NKG7,RB1,0.69241583
325,494,NKG7,USP11,0.6920737
325,232,NKG7,ICAM1,0.6882469
325,34,NKG7,MAML3,0.6878373
325,357,NKG7,MEIS1,0.6813959
325,6,NKG7,BTG2,0.6681986
325,536,NKG7,SPI1,0.6665267
325,449,NKG7,TIE1,0.66580975
325,253,NKG7,GRINA,0.6621746
325,289,NKG7,GT(ROSA)26SOR,0.6621746
325,613,NKG7,PGLYRP2,0.6621746
274,621,NOP2,SNRPB,0.98552495
274,589,NOP2,YBX1,0.9828743
274,439,NOP2,DDX20,0.981312
274,367,NOP2,HCFC1,0.9781965
274,353,NOP2,CBFB,0.9759235
274,413,NOP2,RASSF4,0.97528845
274,587,NOP2,NCAPD2,0.97528845
274,372,NOP2,BACE1,0.97369295
274,117,NOP2,TFG,0.97367644
274,363,NOP2,MYC,0.9735594
274,67,NOP2,HDAC2,0.9722863
274,226,NOP2,POLR2B,0.9720248
274,351,NOP2,ERCC8,0.9691362
274,261,NOP2,EZR,0.9680256
274,33,NOP2,CSTF2,0.96325904
274,404,NOP2,FTSJ3,0.9630899
274,82,NOP2,RB1,0.9613147
274,3,NOP2,POLR1B,0.96118706
274,575,NOP2,GTF2F1,0.96091145
274,199,NOP2,E2F4,0.9597371
274,189,NOP2,MCM5,0.9553414
274,86,NOP2,RANGAP1,0.9523451
274,375,NOP2,SRSF1,0.95232487
274,165,NOP2,GTF2H1,0.94728804
274,134,NOP2,PA2G4,0.94269073
274,28,NOP2,NFE2,0.94268906
274,345,NOP2,UHRF1,0.9385143
274,198,NOP2,NDN,0.93684053
274,426,NOP2,PRPF4,0.9316864
274,508,NOP2,NDRG1,0.9307363
274,139,NOP2,PBX1,0.91352224
274,299,NOP2,ORC2,0.912081
274,154,NOP2,HDGF,0.9087481
274,166,NOP2,PSAT1,0.9087481
274,197,NOP2,WDR4,0.9087481
274,212,NOP2,FLT3,0.9087481
274,217,NOP2,PRMT7,0.9087481
274,220,NOP2,TMEM43,0.9087481
274,347,NOP2,RNF4,0.9087481
274,376,NOP2,ATF7,0.9087481
274,389,NOP2,FOXRED1,0.9087481
274,562,NOP2,NFIA,0.9087481
274,577,NOP2,CAD,0.9087481
274,482,NOP2,NFATC2,0.9068485
274,102,NOP2,PRIM1,0.89639944
274,554,NOP2,CDT1,0.88189167
274,137,NOP2,MYCN,0.8767982
274,480,NOP2,WDR5,0.86763173
274,486,NOP2,NFKBIA,0.8636006
274,118,NOP2,MIS12,0.8576955
435,475,NR3C2,BCL2,0.9752356
435,29,NR3C2,IKZF1,0.969235
435,292,NR3C2,HDAC7,0.96663743
435,485,NR3C2,ABL1,0.96550536
435,283,NR3C2,EGR1,0.9583929
435,161,NR3C2,JARID2,0.9567691
435,196,NR3C2,RARS,0.9566611
435,466,NR3C2,ABCG2,0.9558377
435,353,NR3C2,CBFB,0.95196265
435,79,NR3C2,STAT2,0.9468268
435,631,NR3C2,ZFP36,0.9466284
435,206,NR3C2,ZDHHC6,0.94648504
435,6,NR3C2,BTG2,0.945827
435,209,NR3C2,ZBTB16,0.9402538
435,536,NR3C2,SPI1,0.9390396
435,177,NR3C2,RELB,0.93843776
435,162,NR3C2,FES,0.937336
435,219,NR3C2,TLR4,0.937336
435,278,NR3C2,NCF1,0.937336
435,515,NR3C2,IGHM,0.937336
435,253,NR3C2,GRINA,0.93716174
435,289,NR3C2,GT(ROSA)26SOR,0.93716174
435,208,NR3C2,CISH,0.93675035
435,436,NR3C2,RARB,0.9358454
435,64,NR3C2,IRF9,0.9357893
435,69,NR3C2,NAP1L3,0.93557775
435,146,NR3C2,SCARF1,0.93557775
435,194,NR3C2,GOLPH3,0.93557775
435,546,NR3C2,PROCR,0.93557775
435,622,NR3C2,KRT18,0.93557775
435,175,NR3C2,TLE2,0.9355386
435,263,NR3C2,JUN,0.9350661
435,557,NR3C2,SATB1,0.93266034
435,232,NR3C2,ICAM1,0.93248063
435,52,NR3C2,FCGR2B,0.9311547
435,213,NR3C2,TCP11L2,0.9311547
435,304,NR3C2,HLF,0.9311547
435,420,NR3C2,FDFT1,0.9307267
435,270,NR3C2,VDR,0.93000513
435,293,NR3C2,IRF7,0.92976165
435,224,NR3C2,MAPK12,0.9276727
435,73,NR3C2,RORC,0.92715853
435,517,NR3C2,H1F0,0.926934
435,27,NR3C2,IRF8,0.92622524
435,590,NR3C2,IL12A,0.9244796
435,251,NR3C2,IRF6,0.9242144
435,157,NR3C2,PLAG1,0.9230266
435,276,NR3C2,REL,0.92133623
435,413,NR3C2,RASSF4,0.91896594
435,587,NR3C2,NCAPD2,0.91896594
193,621,NSD2,SNRPB,0.9282109
193,353,NSD2,CBFB,0.895597
193,587,NSD2,NCAPD2,0.89432716
193,475,NSD2,BCL2,0.8942831
193,67,NSD2,HDAC2,0.8850062
193,589,NSD2,YBX1,0.8821683
193,209,NSD2,ZBTB16,0.8709828
193,165,NSD2,GTF2H1,0.8593966
193,485,NSD2,ABL1,0.8572532
193,413,NSD2,RASSF4,0.85525835
193,292,NSD2,HDAC7,0.84821266
193,206,NSD2,ZDHHC6,0.8222312
193,508,NSD2,NDRG1,0.82139933
193,161,NSD2,JARID2,0.8158728
193,29,NSD2,IKZF1,0.8147214
193,261,NSD2,EZR,0.79889566
193,367,NSD2,HCFC1,0.7698142
193,437,NSD2,MYB,0.7678526
193,283,NSD2,EGR1,0.765534
193,439,NSD2,DDX20,0.7641273
193,48,NSD2,ELANE,0.7628878
193,631,NSD2,ZFP36,0.7616878
193,486,NSD2,NFKBIA,0.7551303
193,208,NSD2,CISH,0.7360838
193,177,NSD2,RELB,0.73413795
193,564,NSD2,MFNG,0.73381346
193,79,NSD2,STAT2,0.7255966
193,331,NSD2,PIM2,0.7212916
193,196,NSD2,RARS,0.7206681
193,410,NSD2,SMARCA2,0.7174124
193,363,NSD2,MYC,0.7174006
193,482,NSD2,NFATC2,0.71552813
193,422,NSD2,SESN1,0.7136104
193,466,NSD2,ABCG2,0.71360517
193,180,NSD2,TRIM35,0.706945
193,436,NSD2,RARB,0.7036986
193,263,NSD2,JUN,0.7025586
193,315,NSD2,CTSL,0.70188516
193,357,NSD2,MEIS1,0.6963556
193,81,NSD2,HDAC11,0.6961269
193,557,NSD2,SATB1,0.6925329
193,494,NSD2,USP11,0.6917651
193,82,NSD2,RB1,0.69159496
193,232,NSD2,ICAM1,0.68858284
193,34,NSD2,MAML3,0.68767226
193,6,NSD2,BTG2,0.66849935
193,536,NSD2,SPI1,0.66701454
193,449,NSD2,TIE1,0.665706
193,289,NSD2,GT(ROSA)26SOR,0.6624757
193,613,NSD2,PGLYRP2,0.6624757
545,621,NUDT19,SNRPB,0.9826636
545,587,NUDT19,NCAPD2,0.98008484
545,413,NUDT19,RASSF4,0.9800612
545,67,NUDT19,HDAC2,0.9779544
545,589,NUDT19,YBX1,0.977491
545,261,NUDT19,EZR,0.96433884
545,367,NUDT19,HCFC1,0.9636345
545,353,NUDT19,CBFB,0.9634592
545,363,NUDT19,MYC,0.96301985
545,165,NUDT19,GTF2H1,0.9617776
545,439,NUDT19,DDX20,0.9603242
545,508,NUDT19,NDRG1,0.9547875
545,226,NUDT19,POLR2B,0.9499582
545,482,NUDT19,NFATC2,0.9491606
545,209,NUDT19,ZBTB16,0.9478502
545,351,NUDT19,ERCC8,0.9456363
545,82,NUDT19,RB1,0.9373998
545,33,NUDT19,CSTF2,0.93223435
545,199,NUDT19,E2F4,0.9314981
545,475,NUDT19,BCL2,0.92904216
545,3,NUDT19,POLR1B,0.9244382
545,372,NUDT19,BACE1,0.92365736
545,486,NUDT19,NFKBIA,0.9226723
545,375,NUDT19,SRSF1,0.9211069
545,28,NUDT19,NFE2,0.9193918
545,292,NUDT19,HDAC7,0.91628575
545,117,NUDT19,TFG,0.91530746
545,575,NUDT19,GTF2F1,0.91512895
545,564,NUDT19,MFNG,0.91413456
545,86,NUDT19,RANGAP1,0.913037
545,134,NUDT19,PA2G4,0.9113357
545,206,NUDT19,ZDHHC6,0.9096518
545,345,NUDT19,UHRF1,0.9047199
545,485,NUDT19,ABL1,0.90446126
545,437,NUDT19,MYB,0.9042161
545,274,NUDT19,NOP2,0.90042186
545,404,NUDT19,FTSJ3,0.90042186
545,315,NUDT19,CTSL,0.89527225
545,631,NUDT19,ZFP36,0.8898247
545,161,NUDT19,JARID2,0.88803524
545,426,NUDT19,PRPF4,0.88090026
545,480,NUDT19,WDR5,0.8693697
545,577,NUDT19,CAD,0.86855084
545,154,NUDT19,HDGF,0.86801237
545,166,NUDT19,PSAT1,0.86801237
545,197,NUDT19,WDR4,0.86801237
545,217,NUDT19,PRMT7,0.86801237
545,220,NUDT19,TMEM43,0.86801237
545,347,NUDT19,RNF4,0.86801237
545,562,NUDT19,NFIA,0.86801237
259,204,NUP107,MCM2,0.9874708
259,189,NUP107,MCM5,0.9873554
259,118,NUP107,MIS12,0.9868478
259,350,NUP107,MCM6,0.98680824
259,299,NUP107,ORC2,0.9867063
259,500,NUP107,MCM3,0.9863577
259,414,NUP107,CENPK,0.9862046
259,561,NUP107,MCM7,0.98618
259,323,NUP107,MCM4,0.98596394
259,426,NUP107,PRPF4,0.9844786
259,554,NUP107,CDT1,0.9843166
259,240,NUP107,RPA2,0.9842606
259,74,NUP107,TOP2A,0.9837699
259,42,NUP107,HMGB2,0.9837457
259,575,NUP107,GTF2F1,0.98349035
259,30,NUP107,PBK,0.9833144
259,182,NUP107,RPA1,0.98301226
259,279,NUP107,AURKB,0.9825964
259,497,NUP107,TYMS,0.9812858
259,53,NUP107,ORC6,0.98123527
259,137,NUP107,MYCN,0.98091274
259,411,NUP107,CDC45,0.98077744
259,375,NUP107,SRSF1,0.97915035
259,361,NUP107,CCNB2,0.9790147
259,399,NUP107,RRM2,0.9789985
259,102,NUP107,PRIM1,0.9782114
259,21,NUP107,RRM1,0.9772636
259,266,NUP107,MSH6,0.97716933
259,297,NUP107,LIG1,0.9767438
259,290,NUP107,POLD1,0.97646755
259,392,NUP107,DCAF13,0.9751789
259,478,NUP107,MKI67,0.9742777
259,273,NUP107,FIGNL1,0.97413313
259,407,NUP107,CDC7,0.97283506
259,620,NUP107,TIPIN,0.9698807
259,610,NUP107,PRIM2,0.96719635
259,198,NUP107,NDN,0.96666235
259,119,NUP107,SLC2A3,0.96540034
259,433,NUP107,XPC,0.9643703
259,246,NUP107,TK1,0.9622307
259,439,NUP107,DDX20,0.94311744
259,371,NUP107,SPO11,0.93897086
259,367,NUP107,HCFC1,0.9211353
259,363,NUP107,MYC,0.89789575
259,117,NUP107,TFG,0.8736036
259,372,NUP107,BACE1,0.87197345
259,226,NUP107,POLR2B,0.87152857
259,589,NUP107,YBX1,0.8642823
259,274,NUP107,NOP2,0.8612426
259,351,NUP107,ERCC8,0.8463734
377,353,NUPR1,CBFB,0.98343027
377,621,NUPR1,SNRPB,0.98195523
377,413,NUPR1,RASSF4,0.979439
377,587,NUPR1,NCAPD2,0.97938716
377,67,NUPR1,HDAC2,0.9772478
377,589,NUPR1,YBX1,0.97532266
377,439,NUPR1,DDX20,0.96196157
377,165,NUPR1,GTF2H1,0.9594425
377,367,NUPR1,HCFC1,0.95932287
377,363,NUPR1,MYC,0.95921165
377,261,NUPR1,EZR,0.95879483
377,508,NUPR1,NDRG1,0.95242995
377,209,NUPR1,ZBTB16,0.94516313
377,226,NUPR1,POLR2B,0.9437563
377,482,NUPR1,NFATC2,0.94260526
377,351,NUPR1,ERCC8,0.9392626
377,217,NUPR1,PRMT7,0.9370397
377,475,NUPR1,BCL2,0.9321899
377,82,NUPR1,RB1,0.9309752
377,33,NUPR1,CSTF2,0.9297584
377,117,NUPR1,TFG,0.9267014
377,292,NUPR1,HDAC7,0.91963613
377,199,NUPR1,E2F4,0.91905075
377,28,NUPR1,NFE2,0.9171953
377,486,NUPR1,NFKBIA,0.9163232
377,375,NUPR1,SRSF1,0.91227543
377,372,NUPR1,BACE1,0.91072094
377,3,NUPR1,POLR1B,0.9098388
377,485,NUPR1,ABL1,0.90970343
377,206,NUPR1,ZDHHC6,0.908765
377,564,NUPR1,MFNG,0.9085615
377,575,NUPR1,GTF2F1,0.90696
377,161,NUPR1,JARID2,0.9062852
377,554,NUPR1,CDT1,0.9020839
377,86,NUPR1,RANGAP1,0.8971779
377,631,NUPR1,ZFP36,0.8964913
377,437,NUPR1,MYB,0.8937499
377,134,NUPR1,PA2G4,0.88946533
377,315,NUPR1,CTSL,0.88687354
377,345,NUPR1,UHRF1,0.885942
377,274,NUPR1,NOP2,0.87841743
377,404,NUPR1,FTSJ3,0.87841743
377,331,NUPR1,PIM2,0.8764954
377,422,NUPR1,SESN1,0.87524784
377,426,NUPR1,PRPF4,0.8684266
377,410,NUPR1,SMARCA2,0.8598054
377,29,NUPR1,IKZF1,0.85504794
377,197,NUPR1,WDR4,0.8453267
377,154,NUPR1,HDGF,0.8447994
377,166,NUPR1,PSAT1,0.8444249
57,475,OASL2,BCL2,0.97115403
57,29,OASL2,IKZF1,0.96790254
57,485,OASL2,ABL1,0.96288234
57,292,OASL2,HDAC7,0.96180475
57,64,OASL2,IRF9,0.95989853
57,79,OASL2,STAT2,0.948537
57,420,OASL2,FDFT1,0.94534194
57,283,OASL2,EGR1,0.94458157
57,536,OASL2,SPI1,0.9444164
57,161,OASL2,JARID2,0.943358
57,27,OASL2,IRF8,0.94122684
57,251,OASL2,IRF6,0.94121
57,73,OASL2,RORC,0.9409844
57,289,OASL2,GT(ROSA)26SOR,0.9407472
57,253,OASL2,GRINA,0.9407204
57,613,OASL2,PGLYRP2,0.9407204
57,293,OASL2,IRF7,0.94048965
57,162,OASL2,FES,0.93864745
57,219,OASL2,TLR4,0.93864745
57,515,OASL2,IGHM,0.93864745
57,590,OASL2,IL12A,0.93853855
57,183,OASL2,XAF1,0.9339273
57,504,OASL2,IFI44,0.9339273
57,270,OASL2,VDR,0.9336974
57,466,OASL2,ABCG2,0.93347794
57,109,OASL2,H2-AA,0.9322622
57,278,OASL2,NCF1,0.92971724
57,50,OASL2,NFAT5,0.92880243
57,550,OASL2,CREB5,0.92880243
57,6,OASL2,BTG2,0.9270947
57,517,OASL2,H1F0,0.92621696
57,52,OASL2,FCGR2B,0.9252747
57,213,OASL2,TCP11L2,0.9252747
57,304,OASL2,HLF,0.9252747
57,360,OASL2,FOXO1,0.92377007
57,546,OASL2,PROCR,0.92295784
57,69,OASL2,NAP1L3,0.9229143
57,146,OASL2,SCARF1,0.92289275
57,175,OASL2,TLE2,0.92289275
57,194,OASL2,GOLPH3,0.92289275
57,441,OASL2,EBF1,0.92289275
57,622,OASL2,KRT18,0.92289275
57,206,OASL2,ZDHHC6,0.922588
57,196,OASL2,RARS,0.92192644
57,216,OASL2,CUL3,0.92153543
57,209,OASL2,ZBTB16,0.91833687
57,224,OASL2,MAPK12,0.9170605
57,333,OASL2,EPAS1,0.91697586
57,580,OASL2,MLLT3,0.9159381
57,276,OASL2,REL,0.9112048
299,204,ORC2,MCM2,0.9866362
299,189,ORC2,MCM5,0.98643017
299,259,ORC2,NUP107,0.98637205
299,118,ORC2,MIS12,0.98629665
299,500,ORC2,MCM3,0.98572284
299,414,ORC2,CENPK,0.9856355
299,561,ORC2,MCM7,0.98552585
299,350,ORC2,MCM6,0.98546535
299,323,ORC2,MCM4,0.9839511
299,554,ORC2,CDT1,0.9830957
299,426,ORC2,PRPF4,0.9828351
299,575,ORC2,GTF2F1,0.9817988
299,137,ORC2,MYCN,0.98173416
299,497,ORC2,TYMS,0.981236
299,240,ORC2,RPA2,0.9800551
299,42,ORC2,HMGB2,0.97982866
299,30,ORC2,PBK,0.9785907
299,182,ORC2,RPA1,0.9785743
299,279,ORC2,AURKB,0.97752655
299,53,ORC2,ORC6,0.97657806
299,375,ORC2,SRSF1,0.9764613
299,74,ORC2,TOP2A,0.9762546
299,411,ORC2,CDC45,0.976038
299,478,ORC2,MKI67,0.97530025
299,361,ORC2,CCNB2,0.97376186
299,399,ORC2,RRM2,0.97358173
299,102,ORC2,PRIM1,0.9728741
299,21,ORC2,RRM1,0.9717875
299,266,ORC2,MSH6,0.9717177
299,392,ORC2,DCAF13,0.9715755
299,297,ORC2,LIG1,0.9711627
299,620,ORC2,TIPIN,0.97091
299,119,ORC2,SLC2A3,0.9700931
299,290,ORC2,POLD1,0.9700285
299,610,ORC2,PRIM2,0.96898615
299,433,ORC2,XPC,0.96784014
299,273,ORC2,FIGNL1,0.9677271
299,246,ORC2,TK1,0.96656
299,198,ORC2,NDN,0.9586508
299,407,ORC2,CDC7,0.95501477
299,439,ORC2,DDX20,0.9373695
299,371,ORC2,SPO11,0.92958176
299,621,ORC2,SNRPB,0.9205358
299,367,ORC2,HCFC1,0.895291
299,589,ORC2,YBX1,0.8527668
299,226,ORC2,POLR2B,0.82619834
299,117,ORC2,TFG,0.8101208
299,372,ORC2,BACE1,0.8101208
299,274,ORC2,NOP2,0.78490764
299,404,ORC2,FTSJ3,0.78490764
53,204,ORC6,MCM2,0.9873165
53,259,ORC6,NUP107,0.9872387
53,189,ORC6,MCM5,0.9871516
53,500,ORC6,MCM3,0.98659295
53,414,ORC6,CENPK,0.9864696
53,561,ORC6,MCM7,0.9864095
53,299,ORC6,ORC2,0.9861649
53,118,ORC6,MIS12,0.98564583
53,323,ORC6,MCM4,0.98517555
53,350,ORC6,MCM6,0.9851709
53,554,ORC6,CDT1,0.98437595
53,497,ORC6,TYMS,0.98283297
53,575,ORC6,GTF2F1,0.9826486
53,137,ORC6,MYCN,0.98257345
53,240,ORC6,RPA2,0.9817494
53,74,ORC6,TOP2A,0.9816999
53,42,ORC6,HMGB2,0.98114175
53,30,ORC6,PBK,0.98027784
53,182,ORC6,RPA1,0.9801568
53,279,ORC6,AURKB,0.980068
53,375,ORC6,SRSF1,0.97773737
53,411,ORC6,CDC45,0.9775238
53,478,ORC6,MKI67,0.97680753
53,361,ORC6,CCNB2,0.9753671
53,399,ORC6,RRM2,0.975289
53,102,ORC6,PRIM1,0.9745059
53,21,ORC6,RRM1,0.9734219
53,266,ORC6,MSH6,0.9733968
53,620,ORC6,TIPIN,0.9730709
53,297,ORC6,LIG1,0.9728707
53,392,ORC6,DCAF13,0.9724769
53,290,ORC6,POLD1,0.9723922
53,610,ORC6,PRIM2,0.9709556
53,426,ORC6,PRPF4,0.97068137
53,273,ORC6,FIGNL1,0.9697286
53,246,ORC6,TK1,0.9682603
53,407,ORC6,CDC7,0.9682603
53,119,ORC6,SLC2A3,0.968036
53,433,ORC6,XPC,0.96736306
53,198,ORC6,NDN,0.96077
53,439,ORC6,DDX20,0.9380068
53,371,ORC6,SPO11,0.9266256
53,621,ORC6,SNRPB,0.91389406
53,367,ORC6,HCFC1,0.8978776
53,363,ORC6,MYC,0.8809624
53,589,ORC6,YBX1,0.8516739
53,226,ORC6,POLR2B,0.8286907
53,117,ORC6,TFG,0.81420577
53,372,ORC6,BACE1,0.81420577
53,274,ORC6,NOP2,0.79467165
13,621,OSBPL1A,SNRPB,0.9826636
13,353,OSBPL1A,CBFB,0.9824546
13,587,OSBPL1A,NCAPD2,0.98066735
13,413,OSBPL1A,RASSF4,0.98008484
13,67,OSBPL1A,HDAC2,0.9779544
13,589,OSBPL1A,YBX1,0.977491
13,439,OSBPL1A,DDX20,0.9657539
13,367,OSBPL1A,HCFC1,0.9636345
13,363,OSBPL1A,MYC,0.96285605
13,165,OSBPL1A,GTF2H1,0.9617776
13,261,OSBPL1A,EZR,0.9614996
13,508,OSBPL1A,NDRG1,0.9544763
13,226,OSBPL1A,POLR2B,0.94997394
13,482,OSBPL1A,NFATC2,0.9491606
13,209,OSBPL1A,ZBTB16,0.9478502
13,351,OSBPL1A,ERCC8,0.9456363
13,82,OSBPL1A,RB1,0.9373998
13,33,OSBPL1A,CSTF2,0.93230164
13,199,OSBPL1A,E2F4,0.9316001
13,475,OSBPL1A,BCL2,0.92904216
13,3,OSBPL1A,POLR1B,0.9244382
13,372,OSBPL1A,BACE1,0.923854
13,486,OSBPL1A,NFKBIA,0.9229591
13,375,OSBPL1A,SRSF1,0.9211142
13,28,OSBPL1A,NFE2,0.91941327
13,292,OSBPL1A,HDAC7,0.91628575
13,575,OSBPL1A,GTF2F1,0.9145367
13,564,OSBPL1A,MFNG,0.91413456
13,86,OSBPL1A,RANGAP1,0.913037
13,117,OSBPL1A,TFG,0.91263473
13,134,OSBPL1A,PA2G4,0.9113357
13,345,OSBPL1A,UHRF1,0.9047996
13,485,OSBPL1A,ABL1,0.90446126
13,437,OSBPL1A,MYB,0.9041856
13,161,OSBPL1A,JARID2,0.9028197
13,206,OSBPL1A,ZDHHC6,0.9017727
13,274,OSBPL1A,NOP2,0.90042186
13,404,OSBPL1A,FTSJ3,0.90042186
13,315,OSBPL1A,CTSL,0.89527225
13,631,OSBPL1A,ZFP36,0.8898247
13,139,OSBPL1A,PBX1,0.886105
13,426,OSBPL1A,PRPF4,0.88120085
13,480,OSBPL1A,WDR5,0.86892736
13,154,OSBPL1A,HDGF,0.86801237
13,166,OSBPL1A,PSAT1,0.86801237
13,197,OSBPL1A,WDR4,0.86801237
13,212,OSBPL1A,FLT3,0.86801237
13,217,OSBPL1A,PRMT7,0.86801237
13,220,OSBPL1A,TMEM43,0.86801237
13,376,OSBPL1A,ATF7,0.86801237
0,475,OTUD6B,BCL2,0.9503452
0,621,OTUD6B,SNRPB,0.92748034
0,413,OTUD6B,RASSF4,0.8935544
0,587,OTUD6B,NCAPD2,0.8935544
0,67,OTUD6B,HDAC2,0.8843586
0,209,OTUD6B,ZBTB16,0.8712718
0,165,OTUD6B,GTF2H1,0.8586056
0,485,OTUD6B,ABL1,0.85757995
0,206,OTUD6B,ZDHHC6,0.85037637
0,292,OTUD6B,HDAC7,0.84944755
0,353,OTUD6B,CBFB,0.82658005
0,508,OTUD6B,NDRG1,0.8207667
0,161,OTUD6B,JARID2,0.81500965
0,29,OTUD6B,IKZF1,0.81488967
0,261,OTUD6B,EZR,0.7979358
0,589,OTUD6B,YBX1,0.78905404
0,437,OTUD6B,MYB,0.7790742
0,367,OTUD6B,HCFC1,0.76789844
0,283,OTUD6B,EGR1,0.7658325
0,48,OTUD6B,ELANE,0.76302123
0,439,OTUD6B,DDX20,0.76227117
0,631,OTUD6B,ZFP36,0.7616684
0,486,OTUD6B,NFKBIA,0.7545874
0,564,OTUD6B,MFNG,0.73997504
0,351,OTUD6B,ERCC8,0.73862225
0,208,OTUD6B,CISH,0.7371635
0,177,OTUD6B,RELB,0.73433334
0,331,OTUD6B,PIM2,0.72140574
0,196,OTUD6B,RARS,0.71934885
0,410,OTUD6B,SMARCA2,0.7179538
0,363,OTUD6B,MYC,0.71711516
0,466,OTUD6B,ABCG2,0.7156016
0,422,OTUD6B,SESN1,0.7137446
0,180,OTUD6B,TRIM35,0.707951
0,482,OTUD6B,NFATC2,0.70486385
0,263,OTUD6B,JUN,0.70292723
0,315,OTUD6B,CTSL,0.70149976
0,357,OTUD6B,MEIS1,0.6969177
0,81,OTUD6B,HDAC11,0.6966697
0,557,OTUD6B,SATB1,0.6930986
0,494,OTUD6B,USP11,0.69155174
0,82,OTUD6B,RB1,0.68961036
0,232,OTUD6B,ICAM1,0.6893609
0,34,OTUD6B,MAML3,0.6874377
0,219,OTUD6B,TLR4,0.6737711
0,6,OTUD6B,BTG2,0.6710458
0,536,OTUD6B,SPI1,0.6682865
0,449,OTUD6B,TIE1,0.66577774
0,253,OTUD6B,GRINA,0.6631971
0,289,OTUD6B,GT(ROSA)26SOR,0.6631971
307,621,OTULINL,SNRPB,0.92824525
307,353,OTULINL,CBFB,0.8960372
307,475,OTULINL,BCL2,0.8946401
307,587,OTULINL,NCAPD2,0.8940518
307,589,OTULINL,YBX1,0.8819369
307,209,OTULINL,ZBTB16,0.87143767
307,165,OTULINL,GTF2H1,0.8592273
307,485,OTULINL,ABL1,0.8577222
307,292,OTULINL,HDAC7,0.84959185
307,413,OTULINL,RASSF4,0.8414408
307,67,OTULINL,HDAC2,0.83877283
307,206,OTULINL,ZDHHC6,0.82271147
307,508,OTULINL,NDRG1,0.8217096
307,161,OTULINL,JARID2,0.8158258
307,29,OTULINL,IKZF1,0.81499624
307,261,OTULINL,EZR,0.79833704
307,367,OTULINL,HCFC1,0.76942074
307,283,OTULINL,EGR1,0.7686079
307,437,OTULINL,MYB,0.7679335
307,439,OTULINL,DDX20,0.76355255
307,48,OTULINL,ELANE,0.7630187
307,486,OTULINL,NFKBIA,0.7549336
307,351,OTULINL,ERCC8,0.7497804
307,564,OTULINL,MFNG,0.74017566
307,208,OTULINL,CISH,0.73659575
307,177,OTULINL,RELB,0.7343676
307,631,OTULINL,ZFP36,0.7285604
307,331,OTULINL,PIM2,0.72143304
307,196,OTULINL,RARS,0.71938515
307,410,OTULINL,SMARCA2,0.7177263
307,363,OTULINL,MYC,0.71742624
307,482,OTULINL,NFATC2,0.71471566
307,422,OTULINL,SESN1,0.7137719
307,466,OTULINL,ABCG2,0.7136283
307,180,OTULINL,TRIM35,0.7077247
307,436,OTULINL,RARB,0.704305
307,263,OTULINL,JUN,0.70299035
307,315,OTULINL,CTSL,0.7016019
307,357,OTULINL,MEIS1,0.69672567
307,81,OTULINL,HDAC11,0.6963086
307,157,OTULINL,PLAG1,0.6936371
307,557,OTULINL,SATB1,0.69292104
307,494,OTULINL,USP11,0.6915899
307,82,OTULINL,RB1,0.6914407
307,232,OTULINL,ICAM1,0.68913096
307,34,OTULINL,MAML3,0.6876031
307,441,OTULINL,EBF1,0.6749526
307,6,OTULINL,BTG2,0.66892785
307,536,OTULINL,SPI1,0.66787714
307,449,OTULINL,TIE1,0.66606915
134,353,PA2G4,CBFB,0.9820123
134,621,PA2G4,SNRPB,0.9765256
134,413,PA2G4,RASSF4,0.9655525
134,589,PA2G4,YBX1,0.96201694
134,67,PA2G4,HDAC2,0.96201223
134,261,PA2G4,EZR,0.9552101
134,587,PA2G4,NCAPD2,0.9495247
134,439,PA2G4,DDX20,0.9488356
134,363,PA2G4,MYC,0.9435006
134,367,PA2G4,HCFC1,0.9399084
134,226,PA2G4,POLR2B,0.91610426
134,508,PA2G4,NDRG1,0.91606945
134,292,PA2G4,HDAC7,0.9022596
134,351,PA2G4,ERCC8,0.9006984
134,209,PA2G4,ZBTB16,0.899865
134,82,PA2G4,RB1,0.89743555
134,165,PA2G4,GTF2H1,0.89536726
134,485,PA2G4,ABL1,0.89028734
134,575,PA2G4,GTF2F1,0.8853551
134,375,PA2G4,SRSF1,0.88381815
134,161,PA2G4,JARID2,0.87639284
134,28,PA2G4,NFE2,0.8730416
134,323,PA2G4,MCM4,0.8728092
134,117,PA2G4,TFG,0.87070537
134,372,PA2G4,BACE1,0.8706157
134,206,PA2G4,ZDHHC6,0.85715556
134,475,PA2G4,BCL2,0.8550805
134,631,PA2G4,ZFP36,0.85442823
134,564,PA2G4,MFNG,0.8519903
134,426,PA2G4,PRPF4,0.84978426
134,482,PA2G4,NFATC2,0.8486718
134,199,PA2G4,E2F4,0.8443321
134,3,PA2G4,POLR1B,0.8434607
134,486,PA2G4,NFKBIA,0.84276193
134,299,PA2G4,ORC2,0.84156096
134,29,PA2G4,IKZF1,0.8318772
134,177,PA2G4,RELB,0.82377726
134,331,PA2G4,PIM2,0.8229347
134,410,PA2G4,SMARCA2,0.8215592
134,208,PA2G4,CISH,0.815189
134,422,PA2G4,SESN1,0.8090418
134,81,PA2G4,HDAC11,0.8075999
134,180,PA2G4,TRIM35,0.80625606
134,274,PA2G4,NOP2,0.8037303
134,404,PA2G4,FTSJ3,0.8037303
134,554,PA2G4,CDT1,0.79170966
134,34,PA2G4,MAML3,0.7817687
134,198,PA2G4,NDN,0.7765794
134,315,PA2G4,CTSL,0.76857126
134,204,PA2G4,MCM2,0.76025057
460,621,PADI4,SNRPB,0.9282103
460,353,PADI4,CBFB,0.895775
460,413,PADI4,RASSF4,0.8941586
460,587,PADI4,NCAPD2,0.8941586
460,67,PADI4,HDAC2,0.8850062
460,589,PADI4,YBX1,0.8819421
460,475,PADI4,BCL2,0.8608384
460,165,PADI4,GTF2H1,0.8593966
460,485,PADI4,ABL1,0.8572532
460,209,PADI4,ZBTB16,0.8526235
460,292,PADI4,HDAC7,0.8490846
460,29,PADI4,IKZF1,0.8234591
460,206,PADI4,ZDHHC6,0.8222312
460,508,PADI4,NDRG1,0.81979585
460,261,PADI4,EZR,0.79889566
460,161,PADI4,JARID2,0.776108
460,367,PADI4,HCFC1,0.7698142
460,437,PADI4,MYB,0.76757336
460,283,PADI4,EGR1,0.7656194
460,48,PADI4,ELANE,0.7625247
460,631,PADI4,ZFP36,0.7616878
460,486,PADI4,NFKBIA,0.7551303
460,351,PADI4,ERCC8,0.7502097
460,515,PADI4,IGHM,0.7418043
460,564,PADI4,MFNG,0.74007237
460,208,PADI4,CISH,0.73586625
460,177,PADI4,RELB,0.73413795
460,180,PADI4,TRIM35,0.7299004
460,439,PADI4,DDX20,0.7281928
460,331,PADI4,PIM2,0.72142166
460,196,PADI4,RARS,0.71889025
460,363,PADI4,MYC,0.7176446
460,410,PADI4,SMARCA2,0.7171445
460,482,PADI4,NFATC2,0.71484596
460,270,PADI4,VDR,0.7139241
460,422,PADI4,SESN1,0.7136104
460,466,PADI4,ABCG2,0.7134282
460,436,PADI4,RARB,0.7037149
460,263,PADI4,JUN,0.70247537
460,315,PADI4,CTSL,0.70188516
460,357,PADI4,MEIS1,0.6965127
460,81,PADI4,HDAC11,0.6961269
460,557,PADI4,SATB1,0.69231915
460,494,PADI4,USP11,0.6917651
460,82,PADI4,RB1,0.69159496
460,232,PADI4,ICAM1,0.68822336
460,34,PADI4,MAML3,0.6878656
460,79,PADI4,STAT2,0.6742183
460,6,PADI4,BTG2,0.66849935
460,536,PADI4,SPI1,0.6667522
514,587,PAK1,NCAPD2,0.9775728
514,67,PAK1,HDAC2,0.97610176
514,353,PAK1,CBFB,0.9756157
514,621,PAK1,SNRPB,0.9724364
514,209,PAK1,ZBTB16,0.96181095
514,165,PAK1,GTF2H1,0.9598911
514,508,PAK1,NDRG1,0.95881236
514,589,PAK1,YBX1,0.9587465
514,475,PAK1,BCL2,0.9567738
514,292,PAK1,HDAC7,0.95385814
514,485,PAK1,ABL1,0.95193034
514,206,PAK1,ZDHHC6,0.9473748
514,161,PAK1,JARID2,0.94350135
514,486,PAK1,NFKBIA,0.9352899
514,564,PAK1,MFNG,0.93512404
514,261,PAK1,EZR,0.93454295
514,631,PAK1,ZFP36,0.93304116
514,29,PAK1,IKZF1,0.9315274
514,482,PAK1,NFATC2,0.92781353
514,367,PAK1,HCFC1,0.9236831
514,439,PAK1,DDX20,0.9171762
514,331,PAK1,PIM2,0.915204
514,48,PAK1,ELANE,0.91254073
514,422,PAK1,SESN1,0.9110935
514,283,PAK1,EGR1,0.91037583
514,363,PAK1,MYC,0.90749454
514,315,PAK1,CTSL,0.90637016
514,413,PAK1,RASSF4,0.90446156
514,351,PAK1,ERCC8,0.90419817
514,410,PAK1,SMARCA2,0.90180403
514,177,PAK1,RELB,0.9003365
514,208,PAK1,CISH,0.89698803
514,437,PAK1,MYB,0.8831495
514,82,PAK1,RB1,0.87972933
514,494,PAK1,USP11,0.8714507
514,180,PAK1,TRIM35,0.86972374
514,436,PAK1,RARB,0.867669
514,81,PAK1,HDAC11,0.86147475
514,226,PAK1,POLR2B,0.86003584
514,196,PAK1,RARS,0.8564116
514,104,PAK1,BTK,0.8563892
514,557,PAK1,SATB1,0.8455212
514,34,PAK1,MAML3,0.84211457
514,232,PAK1,ICAM1,0.8409233
514,263,PAK1,JUN,0.835114
514,347,PAK1,RNF4,0.83204436
514,357,PAK1,MEIS1,0.829433
514,134,PAK1,PA2G4,0.82643646
514,480,PAK1,WDR5,0.8217012
514,199,PAK1,E2F4,0.80738586
579,621,PANX1,SNRPB,0.9282103
579,353,PANX1,CBFB,0.895775
579,475,PANX1,BCL2,0.8942831
579,413,PANX1,RASSF4,0.8941586
579,587,PANX1,NCAPD2,0.8941586
579,67,PANX1,HDAC2,0.8850062
579,589,PANX1,YBX1,0.8819421
579,209,PANX1,ZBTB16,0.8709828
579,165,PANX1,GTF2H1,0.8593966
579,485,PANX1,ABL1,0.8572532
579,292,PANX1,HDAC7,0.84905565
579,206,PANX1,ZDHHC6,0.8222312
579,161,PANX1,JARID2,0.81536126
579,29,PANX1,IKZF1,0.8147214
579,508,PANX1,NDRG1,0.8010938
579,261,PANX1,EZR,0.7986047
579,367,PANX1,HCFC1,0.7698142
579,437,PANX1,MYB,0.76757336
579,283,PANX1,EGR1,0.7656194
579,439,PANX1,DDX20,0.76410466
579,48,PANX1,ELANE,0.7628878
579,631,PANX1,ZFP36,0.7616878
579,486,PANX1,NFKBIA,0.7551303
579,351,PANX1,ERCC8,0.7502097
579,564,PANX1,MFNG,0.74007237
579,208,PANX1,CISH,0.7360838
579,177,PANX1,RELB,0.73413795
579,331,PANX1,PIM2,0.7212916
579,196,PANX1,RARS,0.71889025
579,363,PANX1,MYC,0.7176446
579,482,PANX1,NFATC2,0.71484596
579,466,PANX1,ABCG2,0.7142608
579,422,PANX1,SESN1,0.7136104
579,180,PANX1,TRIM35,0.7070132
579,436,PANX1,RARB,0.7036986
579,263,PANX1,JUN,0.70221764
579,315,PANX1,CTSL,0.70188516
579,441,PANX1,EBF1,0.7002005
579,357,PANX1,MEIS1,0.6965902
579,81,PANX1,HDAC11,0.6961269
579,494,PANX1,USP11,0.6917651
579,82,PANX1,RB1,0.68881863
579,232,PANX1,ICAM1,0.6880512
579,34,PANX1,MAML3,0.68767226
579,410,PANX1,SMARCA2,0.6794257
579,6,PANX1,BTG2,0.6680062
579,536,PANX1,SPI1,0.66701454
579,449,PANX1,TIE1,0.66557777
579,253,PANX1,GRINA,0.6624757
579,289,PANX1,GT(ROSA)26SOR,0.6624757
600,621,PARP8,SNRPB,0.9282103
600,353,PARP8,CBFB,0.8950616
600,475,PARP8,BCL2,0.8942831
600,413,PARP8,RASSF4,0.8941586
600,587,PARP8,NCAPD2,0.8941586
600,589,PARP8,YBX1,0.8819421
600,165,PARP8,GTF2H1,0.8593966
600,485,PARP8,ABL1,0.8572532
600,292,PARP8,HDAC7,0.8490846
600,206,PARP8,ZDHHC6,0.8222312
600,508,PARP8,NDRG1,0.82139933
600,161,PARP8,JARID2,0.81536126
600,29,PARP8,IKZF1,0.8147214
600,209,PARP8,ZBTB16,0.8072328
600,261,PARP8,EZR,0.79889566
600,67,PARP8,HDAC2,0.7759608
600,367,PARP8,HCFC1,0.7698142
600,437,PARP8,MYB,0.76757336
600,283,PARP8,EGR1,0.7657525
600,439,PARP8,DDX20,0.7637642
600,48,PARP8,ELANE,0.7628878
600,631,PARP8,ZFP36,0.7614109
600,351,PARP8,ERCC8,0.7502097
600,564,PARP8,MFNG,0.74007237
600,486,PARP8,NFKBIA,0.736687
600,208,PARP8,CISH,0.7360838
600,177,PARP8,RELB,0.73364615
600,196,PARP8,RARS,0.71889025
600,363,PARP8,MYC,0.71779406
600,410,PARP8,SMARCA2,0.7174124
600,422,PARP8,SESN1,0.7136104
600,466,PARP8,ABCG2,0.71360517
600,180,PARP8,TRIM35,0.7070132
600,436,PARP8,RARB,0.70339257
600,263,PARP8,JUN,0.70247537
600,315,PARP8,CTSL,0.701837
600,482,PARP8,NFATC2,0.6978722
600,357,PARP8,MEIS1,0.6965902
600,81,PARP8,HDAC11,0.6961269
600,557,PARP8,SATB1,0.69231915
600,494,PARP8,USP11,0.6917651
600,82,PARP8,RB1,0.69159496
600,94,PARP8,TRIB3,0.69040287
600,232,PARP8,ICAM1,0.68858284
600,34,PARP8,MAML3,0.68767226
600,306,PARP8,MYCT1,0.6843812
600,331,PARP8,PIM2,0.6712468
600,6,PARP8,BTG2,0.6686639
600,69,PARP8,NAP1L3,0.66664016
600,449,PARP8,TIE1,0.6655239
30,259,PBK,NUP107,0.98674506
30,204,PBK,MCM2,0.9866941
30,189,PBK,MCM5,0.98655534
30,500,PBK,MCM3,0.9857328
30,299,PBK,ORC2,0.9857194
30,414,PBK,CENPK,0.9856052
30,561,PBK,MCM7,0.98554426
30,554,PBK,CDT1,0.98534936
30,118,PBK,MIS12,0.98498255
30,323,PBK,MCM4,0.9839483
30,426,PBK,PRPF4,0.98385966
30,137,PBK,MYCN,0.98382646
30,575,PBK,GTF2F1,0.9833371
30,350,PBK,MCM6,0.98139346
30,279,PBK,AURKB,0.98060787
30,240,PBK,RPA2,0.9794622
30,74,PBK,TOP2A,0.9793174
30,392,PBK,DCAF13,0.97896534
30,42,PBK,HMGB2,0.97866094
30,182,PBK,RPA1,0.9776199
30,53,PBK,ORC6,0.97524387
30,411,PBK,CDC45,0.9747508
30,478,PBK,MKI67,0.9738584
30,361,PBK,CCNB2,0.97226816
30,399,PBK,RRM2,0.9721834
30,497,PBK,TYMS,0.9717785
30,102,PBK,PRIM1,0.97130716
30,119,PBK,SLC2A3,0.97038573
30,21,PBK,RRM1,0.9701283
30,266,PBK,MSH6,0.97004986
30,620,PBK,TIPIN,0.9697093
30,297,PBK,LIG1,0.96948
30,290,PBK,POLD1,0.9686817
30,433,PBK,XPC,0.967827
30,610,PBK,PRIM2,0.9672685
30,273,PBK,FIGNL1,0.9658324
30,198,PBK,NDN,0.9643659
30,246,PBK,TK1,0.9641849
30,407,PBK,CDC7,0.9641849
30,375,PBK,SRSF1,0.9518113
30,439,PBK,DDX20,0.94502354
30,371,PBK,SPO11,0.9226217
30,367,PBK,HCFC1,0.91260177
30,363,PBK,MYC,0.90466
30,589,PBK,YBX1,0.87222534
30,372,PBK,BACE1,0.8443727
30,274,PBK,NOP2,0.8210515
30,404,PBK,FTSJ3,0.8210515
30,117,PBK,TFG,0.8132092
30,226,PBK,POLR2B,0.81314164
139,413,PBX1,RASSF4,0.98118997
139,587,PBX1,NCAPD2,0.98118997
139,353,PBX1,CBFB,0.98079556
139,67,PBX1,HDAC2,0.97901
139,621,PBX1,SNRPB,0.9739896
139,209,PBX1,ZBTB16,0.9668555
139,292,PBX1,HDAC7,0.9645684
139,508,PBX1,NDRG1,0.96441764
139,589,PBX1,YBX1,0.96259266
139,475,PBX1,BCL2,0.96236944
139,29,PBX1,IKZF1,0.96167
139,165,PBX1,GTF2H1,0.95932937
139,485,PBX1,ABL1,0.9574977
139,206,PBX1,ZDHHC6,0.95639354
139,161,PBX1,JARID2,0.95636886
139,631,PBX1,ZFP36,0.9531993
139,564,PBX1,MFNG,0.95121306
139,486,PBX1,NFKBIA,0.9506614
139,261,PBX1,EZR,0.9491743
139,482,PBX1,NFATC2,0.9480354
139,331,PBX1,PIM2,0.9383704
139,410,PBX1,SMARCA2,0.93200374
139,315,PBX1,CTSL,0.9301475
139,367,PBX1,HCFC1,0.928748
139,439,PBX1,DDX20,0.9271026
139,422,PBX1,SESN1,0.92590064
139,363,PBX1,MYC,0.92508274
139,48,PBX1,ELANE,0.9196225
139,208,PBX1,CISH,0.9178057
139,81,PBX1,HDAC11,0.9164139
139,351,PBX1,ERCC8,0.9115401
139,34,PBX1,MAML3,0.910765
139,436,PBX1,RARB,0.91045004
139,180,PBX1,TRIM35,0.90760165
139,263,PBX1,JUN,0.90571547
139,177,PBX1,RELB,0.9046105
139,196,PBX1,RARS,0.90422505
139,232,PBX1,ICAM1,0.89341426
139,278,PBX1,NCF1,0.89222085
139,283,PBX1,EGR1,0.8864512
139,494,PBX1,USP11,0.88533765
139,357,PBX1,MEIS1,0.8835319
139,104,PBX1,BTK,0.88238806
139,82,PBX1,RB1,0.88202137
139,557,PBX1,SATB1,0.88076466
139,226,PBX1,POLR2B,0.87903506
139,437,PBX1,MYB,0.87704766
139,466,PBX1,ABCG2,0.8678909
139,134,PBX1,PA2G4,0.8466453
139,6,PBX1,BTG2,0.83467156
465,621,PCLAF,SNRPB,0.9282103
465,353,PCLAF,CBFB,0.895775
465,475,PCLAF,BCL2,0.8942831
465,413,PCLAF,RASSF4,0.894168
465,587,PCLAF,NCAPD2,0.8941586
465,67,PCLAF,HDAC2,0.884196
465,589,PCLAF,YBX1,0.8819421
465,209,PCLAF,ZBTB16,0.8709828
465,165,PCLAF,GTF2H1,0.8593966
465,485,PCLAF,ABL1,0.8572532
465,292,PCLAF,HDAC7,0.8490846
465,206,PCLAF,ZDHHC6,0.8222312
465,508,PCLAF,NDRG1,0.82139933
465,161,PCLAF,JARID2,0.81536126
465,29,PCLAF,IKZF1,0.8147214
465,261,PCLAF,EZR,0.79889566
465,367,PCLAF,HCFC1,0.7698142
465,437,PCLAF,MYB,0.76757336
465,283,PCLAF,EGR1,0.7656194
465,439,PCLAF,DDX20,0.7637642
465,48,PCLAF,ELANE,0.7628878
465,631,PCLAF,ZFP36,0.7616878
465,466,PCLAF,ABCG2,0.75904214
465,486,PCLAF,NFKBIA,0.7551303
465,351,PCLAF,ERCC8,0.75011533
465,564,PCLAF,MFNG,0.74007237
465,208,PCLAF,CISH,0.7360838
465,177,PCLAF,RELB,0.73413795
465,331,PCLAF,PIM2,0.7212916
465,196,PCLAF,RARS,0.71889025
465,363,PCLAF,MYC,0.7176446
465,410,PCLAF,SMARCA2,0.7174124
465,482,PCLAF,NFATC2,0.71484596
465,422,PCLAF,SESN1,0.7136104
465,180,PCLAF,TRIM35,0.7070132
465,436,PCLAF,RARB,0.7036986
465,263,PCLAF,JUN,0.70247537
465,315,PCLAF,CTSL,0.70188516
465,6,PCLAF,BTG2,0.7008883
465,357,PCLAF,MEIS1,0.6965902
465,81,PCLAF,HDAC11,0.6961269
465,557,PCLAF,SATB1,0.69231915
465,494,PCLAF,USP11,0.6917651
465,82,PCLAF,RB1,0.69159496
465,232,PCLAF,ICAM1,0.68858284
465,34,PCLAF,MAML3,0.68767226
465,536,PCLAF,SPI1,0.66701454
465,253,PCLAF,GRINA,0.6624757
465,289,PCLAF,GT(ROSA)26SOR,0.6624757
465,613,PCLAF,PGLYRP2,0.6624757
100,621,PCMTD1,SNRPB,0.9282184
100,353,PCMTD1,CBFB,0.895775
100,413,PCMTD1,RASSF4,0.8941586
100,587,PCMTD1,NCAPD2,0.8941586
100,475,PCMTD1,BCL2,0.8937368
100,67,PCMTD1,HDAC2,0.8848344
100,589,PCMTD1,YBX1,0.8819421
100,209,PCMTD1,ZBTB16,0.8709828
100,165,PCMTD1,GTF2H1,0.8593966
100,485,PCMTD1,ABL1,0.8572532
100,292,PCMTD1,HDAC7,0.8490846
100,206,PCMTD1,ZDHHC6,0.8222312
100,508,PCMTD1,NDRG1,0.82139933
100,161,PCMTD1,JARID2,0.81536126
100,29,PCMTD1,IKZF1,0.8147214
100,261,PCMTD1,EZR,0.7986653
100,367,PCMTD1,HCFC1,0.7698142
100,437,PCMTD1,MYB,0.76757336
100,283,PCMTD1,EGR1,0.76526886
100,439,PCMTD1,DDX20,0.7637642
100,48,PCMTD1,ELANE,0.7628878
100,631,PCMTD1,ZFP36,0.7616878
100,486,PCMTD1,NFKBIA,0.7563288
100,351,PCMTD1,ERCC8,0.7502097
100,564,PCMTD1,MFNG,0.7400576
100,208,PCMTD1,CISH,0.7360838
100,177,PCMTD1,RELB,0.73413795
100,196,PCMTD1,RARS,0.71889025
100,363,PCMTD1,MYC,0.7176446
100,410,PCMTD1,SMARCA2,0.7171831
100,482,PCMTD1,NFATC2,0.71493316
100,422,PCMTD1,SESN1,0.7136104
100,466,PCMTD1,ABCG2,0.71360517
100,436,PCMTD1,RARB,0.70390975
100,263,PCMTD1,JUN,0.70247537
100,315,PCMTD1,CTSL,0.70188516
100,357,PCMTD1,MEIS1,0.6965902
100,81,PCMTD1,HDAC11,0.69599444
100,180,PCMTD1,TRIM35,0.6948153
100,557,PCMTD1,SATB1,0.6927809
100,494,PCMTD1,USP11,0.6917651
100,82,PCMTD1,RB1,0.69159496
100,34,PCMTD1,MAML3,0.6875869
100,331,PCMTD1,PIM2,0.6785928
100,232,PCMTD1,ICAM1,0.6714702
100,6,PCMTD1,BTG2,0.66849935
100,536,PCMTD1,SPI1,0.66701454
100,175,PCMTD1,TLE2,0.66664016
100,449,PCMTD1,TIE1,0.6654349
100,278,PCMTD1,NCF1,0.66453177
260,621,PCMTD2,SNRPB,0.9042036
260,353,PCMTD2,CBFB,0.89608485
260,475,PCMTD2,BCL2,0.8942831
260,413,PCMTD2,RASSF4,0.8941586
260,587,PCMTD2,NCAPD2,0.8941586
260,67,PCMTD2,HDAC2,0.8850062
260,589,PCMTD2,YBX1,0.8819421
260,209,PCMTD2,ZBTB16,0.8709828
260,165,PCMTD2,GTF2H1,0.8593966
260,485,PCMTD2,ABL1,0.8572532
260,292,PCMTD2,HDAC7,0.8490846
260,206,PCMTD2,ZDHHC6,0.8222312
260,508,PCMTD2,NDRG1,0.8180525
260,161,PCMTD2,JARID2,0.81536126
260,29,PCMTD2,IKZF1,0.8147214
260,261,PCMTD2,EZR,0.79889566
260,367,PCMTD2,HCFC1,0.7698142
260,437,PCMTD2,MYB,0.76757336
260,283,PCMTD2,EGR1,0.7656194
260,439,PCMTD2,DDX20,0.7637642
260,48,PCMTD2,ELANE,0.7628878
260,631,PCMTD2,ZFP36,0.7616878
260,486,PCMTD2,NFKBIA,0.7551303
260,351,PCMTD2,ERCC8,0.7502097
260,564,PCMTD2,MFNG,0.74007237
260,208,PCMTD2,CISH,0.7360838
260,177,PCMTD2,RELB,0.73413795
260,304,PCMTD2,HLF,0.7246261
260,196,PCMTD2,RARS,0.71889025
260,363,PCMTD2,MYC,0.7176446
260,331,PCMTD2,PIM2,0.7176302
260,410,PCMTD2,SMARCA2,0.7174124
260,482,PCMTD2,NFATC2,0.71484596
260,422,PCMTD2,SESN1,0.7136104
260,466,PCMTD2,ABCG2,0.71360517
260,436,PCMTD2,RARB,0.7036986
260,263,PCMTD2,JUN,0.70247537
260,315,PCMTD2,CTSL,0.70188516
260,6,PCMTD2,BTG2,0.70120233
260,357,PCMTD2,MEIS1,0.6965902
260,81,PCMTD2,HDAC11,0.6961269
260,180,PCMTD2,TRIM35,0.6950651
260,557,PCMTD2,SATB1,0.69231915
260,82,PCMTD2,RB1,0.69159496
260,232,PCMTD2,ICAM1,0.6885158
260,34,PCMTD2,MAML3,0.68767226
260,536,PCMTD2,SPI1,0.6672239
260,449,PCMTD2,TIE1,0.66557777
260,613,PCMTD2,PGLYRP2,0.6625808
260,289,PCMTD2,GT(ROSA)26SOR,0.6624757
591,621,PDZK1IP1,SNRPB,0.9282103
591,485,PDZK1IP1,ABL1,0.9212476
591,353,PDZK1IP1,CBFB,0.895775
591,475,PDZK1IP1,BCL2,0.8942831
591,587,PDZK1IP1,NCAPD2,0.89422727
591,67,PDZK1IP1,HDAC2,0.8850062
591,589,PDZK1IP1,YBX1,0.8819421
591,413,PDZK1IP1,RASSF4,0.87735444
591,209,PDZK1IP1,ZBTB16,0.8709828
591,292,PDZK1IP1,HDAC7,0.8490846
591,206,PDZK1IP1,ZDHHC6,0.8222312
591,508,PDZK1IP1,NDRG1,0.82139933
591,161,PDZK1IP1,JARID2,0.81536126
591,29,PDZK1IP1,IKZF1,0.8147214
591,165,PDZK1IP1,GTF2H1,0.803527
591,261,PDZK1IP1,EZR,0.79889566
591,367,PDZK1IP1,HCFC1,0.7698142
591,437,PDZK1IP1,MYB,0.76757336
591,283,PDZK1IP1,EGR1,0.7656194
591,48,PDZK1IP1,ELANE,0.7630163
591,439,PDZK1IP1,DDX20,0.76217204
591,631,PDZK1IP1,ZFP36,0.7616878
591,486,PDZK1IP1,NFKBIA,0.7551303
591,351,PDZK1IP1,ERCC8,0.7492171
591,564,PDZK1IP1,MFNG,0.73947424
591,208,PDZK1IP1,CISH,0.7360838
591,177,PDZK1IP1,RELB,0.73413795
591,331,PDZK1IP1,PIM2,0.7212916
591,196,PDZK1IP1,RARS,0.71889025
591,363,PDZK1IP1,MYC,0.7176446
591,410,PDZK1IP1,SMARCA2,0.7174124
591,482,PDZK1IP1,NFATC2,0.71484596
591,422,PDZK1IP1,SESN1,0.713625
591,466,PDZK1IP1,ABCG2,0.71360517
591,180,PDZK1IP1,TRIM35,0.7070132
591,436,PDZK1IP1,RARB,0.7036986
591,263,PDZK1IP1,JUN,0.70247537
591,357,PDZK1IP1,MEIS1,0.6965902
591,81,PDZK1IP1,HDAC11,0.6961269
591,494,PDZK1IP1,USP11,0.6917651
591,82,PDZK1IP1,RB1,0.69159496
591,232,PDZK1IP1,ICAM1,0.68881
591,34,PDZK1IP1,MAML3,0.68785745
591,315,PDZK1IP1,CTSL,0.6839668
591,536,PDZK1IP1,SPI1,0.6730908
591,6,PDZK1IP1,BTG2,0.66886616
591,449,PDZK1IP1,TIE1,0.66557777
591,253,PDZK1IP1,GRINA,0.6624757
591,289,PDZK1IP1,GT(ROSA)26SOR,0.6624757
591,613,PDZK1IP1,PGLYRP2,0.6624757
552,621,PEAR1,SNRPB,0.9282103
552,353,PEAR1,CBFB,0.895775
552,475,PEAR1,BCL2,0.8942831
552,413,PEAR1,RASSF4,0.8941586
552,587,PEAR1,NCAPD2,0.8939444
552,67,PEAR1,HDAC2,0.8850062
552,589,PEAR1,YBX1,0.88198805
552,209,PEAR1,ZBTB16,0.8709828
552,165,PEAR1,GTF2H1,0.8593966
552,485,PEAR1,ABL1,0.85706496
552,292,PEAR1,HDAC7,0.8490846
552,206,PEAR1,ZDHHC6,0.8222312
552,508,PEAR1,NDRG1,0.82139933
552,29,PEAR1,IKZF1,0.8147214
552,261,PEAR1,EZR,0.79889566
552,161,PEAR1,JARID2,0.7922321
552,367,PEAR1,HCFC1,0.7698142
552,283,PEAR1,EGR1,0.7656194
552,439,PEAR1,DDX20,0.7637642
552,48,PEAR1,ELANE,0.7628878
552,631,PEAR1,ZFP36,0.7616878
552,486,PEAR1,NFKBIA,0.7565134
552,351,PEAR1,ERCC8,0.7502097
552,208,PEAR1,CISH,0.7360838
552,177,PEAR1,RELB,0.73413795
552,331,PEAR1,PIM2,0.7212916
552,196,PEAR1,RARS,0.71859664
552,363,PEAR1,MYC,0.7176446
552,410,PEAR1,SMARCA2,0.7174124
552,482,PEAR1,NFATC2,0.71484596
552,422,PEAR1,SESN1,0.71370655
552,466,PEAR1,ABCG2,0.7096625
552,180,PEAR1,TRIM35,0.70863396
552,436,PEAR1,RARB,0.7054761
552,263,PEAR1,JUN,0.7036811
552,357,PEAR1,MEIS1,0.6965902
552,81,PEAR1,HDAC11,0.6961269
552,494,PEAR1,USP11,0.6917651
552,82,PEAR1,RB1,0.69159496
552,232,PEAR1,ICAM1,0.68858284
552,34,PEAR1,MAML3,0.68767226
552,183,PEAR1,XAF1,0.6833825
552,437,PEAR1,MYB,0.6773276
552,315,PEAR1,CTSL,0.67211604
552,6,PEAR1,BTG2,0.66849935
552,564,PEAR1,MFNG,0.66813326
552,536,PEAR1,SPI1,0.66701454
552,449,PEAR1,TIE1,0.6653325
552,613,PEAR1,PGLYRP2,0.6630675
552,253,PEAR1,GRINA,0.6624757
46,621,PECAM1,SNRPB,0.92820275
46,353,PECAM1,CBFB,0.8957562
46,475,PECAM1,BCL2,0.8944254
46,413,PECAM1,RASSF4,0.89414394
46,587,PECAM1,NCAPD2,0.89414394
46,67,PECAM1,HDAC2,0.8849905
46,589,PECAM1,YBX1,0.88193005
46,209,PECAM1,ZBTB16,0.870962
46,165,PECAM1,GTF2H1,0.8593814
46,485,PECAM1,ABL1,0.8570681
46,206,PECAM1,ZDHHC6,0.8219643
46,508,PECAM1,NDRG1,0.82138073
46,161,PECAM1,JARID2,0.81533915
46,261,PECAM1,EZR,0.7967318
46,292,PECAM1,HDAC7,0.793035
46,29,PECAM1,IKZF1,0.78023946
46,367,PECAM1,HCFC1,0.76980174
46,437,PECAM1,MYB,0.76756036
46,283,PECAM1,EGR1,0.7656015
46,48,PECAM1,ELANE,0.7627415
46,631,PECAM1,ZFP36,0.7616565
46,351,PECAM1,ERCC8,0.75019646
46,564,PECAM1,MFNG,0.74005765
46,208,PECAM1,CISH,0.73605716
46,177,PECAM1,RELB,0.7340972
46,196,PECAM1,RARS,0.71885574
46,363,PECAM1,MYC,0.7176897
46,410,PECAM1,SMARCA2,0.71737945
46,331,PECAM1,PIM2,0.71706724
46,482,PECAM1,NFATC2,0.71481216
46,422,PECAM1,SESN1,0.71357733
46,486,PECAM1,NFKBIA,0.70924115
46,180,PECAM1,TRIM35,0.7069787
46,436,PECAM1,RARB,0.7036709
46,263,PECAM1,JUN,0.7020913
46,315,PECAM1,CTSL,0.70189536
46,357,PECAM1,MEIS1,0.6965945
46,81,PECAM1,HDAC11,0.69610274
46,557,PECAM1,SATB1,0.69229156
46,494,PECAM1,USP11,0.691777
46,82,PECAM1,RB1,0.69072455
46,232,PECAM1,ICAM1,0.6885547
46,34,PECAM1,MAML3,0.68770075
46,6,PECAM1,BTG2,0.66848737
46,536,PECAM1,SPI1,0.6669853
46,449,PECAM1,TIE1,0.6656871
46,253,PECAM1,GRINA,0.662479
46,289,PECAM1,GT(ROSA)26SOR,0.662479
46,613,PECAM1,PGLYRP2,0.66234726
46,69,PECAM1,NAP1L3,0.65708035
581,621,PFKP,SNRPB,0.9282103
581,353,PFKP,CBFB,0.895775
581,475,PFKP,BCL2,0.8942831
581,413,PFKP,RASSF4,0.8941586
581,587,PFKP,NCAPD2,0.8941586
581,67,PFKP,HDAC2,0.8850062
581,589,PFKP,YBX1,0.8819421
581,209,PFKP,ZBTB16,0.8709828
581,165,PFKP,GTF2H1,0.8593966
581,485,PFKP,ABL1,0.8572532
581,292,PFKP,HDAC7,0.84905565
581,206,PFKP,ZDHHC6,0.8222312
581,161,PFKP,JARID2,0.81536126
581,29,PFKP,IKZF1,0.8147214
581,508,PFKP,NDRG1,0.8010938
581,261,PFKP,EZR,0.7986047
581,367,PFKP,HCFC1,0.7698142
581,437,PFKP,MYB,0.76757336
581,283,PFKP,EGR1,0.7656194
581,439,PFKP,DDX20,0.76410466
581,48,PFKP,ELANE,0.7628878
581,631,PFKP,ZFP36,0.7616878
581,486,PFKP,NFKBIA,0.7551303
581,351,PFKP,ERCC8,0.7502097
581,564,PFKP,MFNG,0.74007237
581,208,PFKP,CISH,0.7360838
581,177,PFKP,RELB,0.73413795
581,331,PFKP,PIM2,0.7212916
581,196,PFKP,RARS,0.71889025
581,363,PFKP,MYC,0.7176446
581,482,PFKP,NFATC2,0.71484596
581,466,PFKP,ABCG2,0.7142608
581,422,PFKP,SESN1,0.7136104
581,180,PFKP,TRIM35,0.7070132
581,436,PFKP,RARB,0.7036986
581,263,PFKP,JUN,0.70221764
581,315,PFKP,CTSL,0.70188516
581,441,PFKP,EBF1,0.7002005
581,357,PFKP,MEIS1,0.6965902
581,81,PFKP,HDAC11,0.6961269
581,494,PFKP,USP11,0.6917651
581,82,PFKP,RB1,0.68881863
581,232,PFKP,ICAM1,0.6880512
581,34,PFKP,MAML3,0.68767226
581,410,PFKP,SMARCA2,0.6794257
581,6,PFKP,BTG2,0.6680062
581,536,PFKP,SPI1,0.66701454
581,449,PFKP,TIE1,0.66557777
581,253,PFKP,GRINA,0.6624757
581,289,PFKP,GT(ROSA)26SOR,0.6624757
613,475,PGLYRP2,BCL2,0.96929383
613,29,PGLYRP2,IKZF1,0.9594428
613,485,PGLYRP2,ABL1,0.95550287
613,353,PGLYRP2,CBFB,0.9440596
613,161,PGLYRP2,JARID2,0.941607
613,292,PGLYRP2,HDAC7,0.9393878
613,466,PGLYRP2,ABCG2,0.9312164
613,209,PGLYRP2,ZBTB16,0.9295
613,206,PGLYRP2,ZDHHC6,0.9229587
613,208,PGLYRP2,CISH,0.91648847
613,536,PGLYRP2,SPI1,0.9144328
613,196,PGLYRP2,RARS,0.9132225
613,253,PGLYRP2,GRINA,0.9128889
613,289,PGLYRP2,GT(ROSA)26SOR,0.9128889
613,283,PGLYRP2,EGR1,0.9110377
613,79,PGLYRP2,STAT2,0.9105941
613,162,PGLYRP2,FES,0.90610474
613,219,PGLYRP2,TLR4,0.90610474
613,278,PGLYRP2,NCF1,0.90610474
613,515,PGLYRP2,IGHM,0.90610474
613,6,PGLYRP2,BTG2,0.9050095
613,177,PGLYRP2,RELB,0.90245926
613,631,PGLYRP2,ZFP36,0.9014221
613,621,PGLYRP2,SNRPB,0.90101814
613,263,PGLYRP2,JUN,0.9010023
613,394,PGLYRP2,MAPK1,0.9004342
613,557,PGLYRP2,SATB1,0.8996389
613,413,PGLYRP2,RASSF4,0.89924914
613,587,PGLYRP2,NCAPD2,0.89924914
613,441,PGLYRP2,EBF1,0.89871293
613,546,PGLYRP2,PROCR,0.89861876
613,69,PGLYRP2,NAP1L3,0.8982383
613,175,PGLYRP2,TLE2,0.8982383
613,194,PGLYRP2,GOLPH3,0.8982383
613,622,PGLYRP2,KRT18,0.8982383
613,146,PGLYRP2,SCARF1,0.8981659
613,232,PGLYRP2,ICAM1,0.8976232
613,436,PGLYRP2,RARB,0.8959367
613,224,PGLYRP2,MAPK12,0.89201885
613,73,PGLYRP2,RORC,0.8893116
613,270,PGLYRP2,VDR,0.88868654
613,52,PGLYRP2,FCGR2B,0.8875886
613,213,PGLYRP2,TCP11L2,0.88700974
613,276,PGLYRP2,REL,0.88640577
613,357,PGLYRP2,MEIS1,0.88506174
613,133,PGLYRP2,LTB,0.88347894
613,157,PGLYRP2,PLAG1,0.88347894
613,445,PGLYRP2,APBB1,0.88347894
613,67,PGLYRP2,HDAC2,0.88162297
613,538,PGLYRP2,TRP53I11,0.88160783
373,621,PHB2,SNRPB,0.928357
373,353,PHB2,CBFB,0.90243316
373,475,PHB2,BCL2,0.8944633
373,587,PHB2,NCAPD2,0.8943242
373,67,PHB2,HDAC2,0.88517874
373,589,PHB2,YBX1,0.8821368
373,209,PHB2,ZBTB16,0.87124026
373,165,PHB2,GTF2H1,0.8595933
373,485,PHB2,ABL1,0.8574967
373,413,PHB2,RASSF4,0.8513076
373,292,PHB2,HDAC7,0.82345575
373,206,PHB2,ZDHHC6,0.8224635
373,161,PHB2,JARID2,0.81559736
373,29,PHB2,IKZF1,0.8147298
373,261,PHB2,EZR,0.79887336
373,367,PHB2,HCFC1,0.78258365
373,437,PHB2,MYB,0.7677186
373,283,PHB2,EGR1,0.76540875
373,439,PHB2,DDX20,0.764019
373,48,PHB2,ELANE,0.76304495
373,508,PHB2,NDRG1,0.7545633
373,486,PHB2,NFKBIA,0.7543401
373,631,PHB2,ZFP36,0.74164337
373,564,PHB2,MFNG,0.740232
373,208,PHB2,CISH,0.73627794
373,177,PHB2,RELB,0.734255
373,331,PHB2,PIM2,0.7214238
373,196,PHB2,RARS,0.71908045
373,363,PHB2,MYC,0.7179417
373,410,PHB2,SMARCA2,0.71752864
373,422,PHB2,SESN1,0.71366334
373,466,PHB2,ABCG2,0.71362126
373,180,PHB2,TRIM35,0.7072194
373,436,PHB2,RARB,0.7038918
373,263,PHB2,JUN,0.7026582
373,315,PHB2,CTSL,0.70197576
373,357,PHB2,MEIS1,0.69667214
373,81,PHB2,HDAC11,0.6963741
373,557,PHB2,SATB1,0.69250274
373,494,PHB2,USP11,0.691912
373,82,PHB2,RB1,0.6917479
373,232,PHB2,ICAM1,0.68875504
373,34,PHB2,MAML3,0.68797123
373,6,PHB2,BTG2,0.6754223
373,536,PHB2,SPI1,0.66727597
373,449,PHB2,TIE1,0.6659115
373,289,PHB2,GT(ROSA)26SOR,0.662695
373,253,PHB2,GRINA,0.66250366
373,482,PHB2,NFATC2,0.66140014
373,441,PHB2,EBF1,0.657356
518,621,PHF10,SNRPB,0.9282103
518,353,PHF10,CBFB,0.89524883
518,475,PHF10,BCL2,0.8942831
518,587,PHF10,NCAPD2,0.8941586
518,67,PHF10,HDAC2,0.88366205
518,589,PHF10,YBX1,0.8819511
518,209,PHF10,ZBTB16,0.8709828
518,165,PHF10,GTF2H1,0.8595817
518,485,PHF10,ABL1,0.8572532
518,292,PHF10,HDAC7,0.8490846
518,206,PHF10,ZDHHC6,0.8222312
518,508,PHF10,NDRG1,0.82139933
518,161,PHF10,JARID2,0.81536126
518,29,PHF10,IKZF1,0.8147214
518,367,PHF10,HCFC1,0.7698142
518,437,PHF10,MYB,0.76757336
518,283,PHF10,EGR1,0.7656194
518,48,PHF10,ELANE,0.7628878
518,631,PHF10,ZFP36,0.7616878
518,439,PHF10,DDX20,0.7608359
518,261,PHF10,EZR,0.759966
518,486,PHF10,NFKBIA,0.7551303
518,351,PHF10,ERCC8,0.7502097
518,482,PHF10,NFATC2,0.74343026
518,564,PHF10,MFNG,0.74007237
518,208,PHF10,CISH,0.7360838
518,177,PHF10,RELB,0.73413795
518,413,PHF10,RASSF4,0.73235965
518,331,PHF10,PIM2,0.7212916
518,196,PHF10,RARS,0.71889025
518,363,PHF10,MYC,0.7176446
518,410,PHF10,SMARCA2,0.7174124
518,422,PHF10,SESN1,0.71360195
518,180,PHF10,TRIM35,0.7070132
518,436,PHF10,RARB,0.7036986
518,263,PHF10,JUN,0.70247537
518,466,PHF10,ABCG2,0.70193
518,315,PHF10,CTSL,0.70188516
518,357,PHF10,MEIS1,0.69683284
518,81,PHF10,HDAC11,0.6961269
518,557,PHF10,SATB1,0.69231915
518,494,PHF10,USP11,0.6917651
518,82,PHF10,RB1,0.69159496
518,232,PHF10,ICAM1,0.6883191
518,34,PHF10,MAML3,0.68767226
518,550,PHF10,CREB5,0.68306905
518,6,PHF10,BTG2,0.66849935
518,449,PHF10,TIE1,0.66818315
518,536,PHF10,SPI1,0.66701454
518,289,PHF10,GT(ROSA)26SOR,0.6624757
342,621,PHF11B,SNRPB,0.9281713
342,353,PHF11B,CBFB,0.895775
342,475,PHF11B,BCL2,0.8942831
342,413,PHF11B,RASSF4,0.8941586
342,67,PHF11B,HDAC2,0.8850062
342,589,PHF11B,YBX1,0.8819421
342,209,PHF11B,ZBTB16,0.8709828
342,485,PHF11B,ABL1,0.8596869
342,292,PHF11B,HDAC7,0.8490384
342,165,PHF11B,GTF2H1,0.845314
342,587,PHF11B,NCAPD2,0.84031874
342,206,PHF11B,ZDHHC6,0.8222312
342,508,PHF11B,NDRG1,0.82139933
342,161,PHF11B,JARID2,0.81536126
342,29,PHF11B,IKZF1,0.81394273
342,261,PHF11B,EZR,0.79889566
342,367,PHF11B,HCFC1,0.76984316
342,437,PHF11B,MYB,0.76757336
342,283,PHF11B,EGR1,0.7656194
342,439,PHF11B,DDX20,0.7637642
342,48,PHF11B,ELANE,0.7630163
342,631,PHF11B,ZFP36,0.7616878
342,486,PHF11B,NFKBIA,0.7551303
342,351,PHF11B,ERCC8,0.7502097
342,232,PHF11B,ICAM1,0.7377043
342,208,PHF11B,CISH,0.7360838
342,177,PHF11B,RELB,0.73413795
342,196,PHF11B,RARS,0.71889025
342,363,PHF11B,MYC,0.717912
342,410,PHF11B,SMARCA2,0.7174124
342,482,PHF11B,NFATC2,0.71484596
342,422,PHF11B,SESN1,0.7136104
342,466,PHF11B,ABCG2,0.71360517
342,564,PHF11B,MFNG,0.70949835
342,180,PHF11B,TRIM35,0.70691687
342,331,PHF11B,PIM2,0.706233
342,436,PHF11B,RARB,0.70390975
342,263,PHF11B,JUN,0.70247537
342,357,PHF11B,MEIS1,0.6965902
342,81,PHF11B,HDAC11,0.6961269
342,557,PHF11B,SATB1,0.69231915
342,494,PHF11B,USP11,0.6917651
342,82,PHF11B,RB1,0.69159496
342,420,PHF11B,FDFT1,0.6878487
342,34,PHF11B,MAML3,0.68627745
342,580,PHF11B,MLLT3,0.6799653
342,315,PHF11B,CTSL,0.67211604
342,6,PHF11B,BTG2,0.6685164
342,536,PHF11B,SPI1,0.66701454
342,449,PHF11B,TIE1,0.66557777
159,621,PHF6,SNRPB,0.95095736
159,413,PHF6,RASSF4,0.9407738
159,67,PHF6,HDAC2,0.9361914
159,353,PHF6,CBFB,0.92956126
159,589,PHF6,YBX1,0.9259062
159,165,PHF6,GTF2H1,0.91309595
159,475,PHF6,BCL2,0.9076719
159,587,PHF6,NCAPD2,0.90608925
159,209,PHF6,ZBTB16,0.9049138
159,508,PHF6,NDRG1,0.885293
159,261,PHF6,EZR,0.8823578
159,485,PHF6,ABL1,0.87889785
159,292,PHF6,HDAC7,0.87427723
159,367,PHF6,HCFC1,0.8672752
159,439,PHF6,DDX20,0.8591114
159,351,PHF6,ERCC8,0.84858024
159,161,PHF6,JARID2,0.8471073
159,363,PHF6,MYC,0.8367577
159,482,PHF6,NFATC2,0.82314384
159,486,PHF6,NFKBIA,0.8189423
159,82,PHF6,RB1,0.8032276
159,48,PHF6,ELANE,0.8028405
159,631,PHF6,ZFP36,0.7990877
159,315,PHF6,CTSL,0.79838955
159,564,PHF6,MFNG,0.79722655
159,437,PHF6,MYB,0.79652554
159,206,PHF6,ZDHHC6,0.78040147
159,494,PHF6,USP11,0.78033054
159,480,PHF6,WDR5,0.77630836
159,29,PHF6,IKZF1,0.77183115
159,283,PHF6,EGR1,0.771825
159,104,PHF6,BTK,0.7691069
159,208,PHF6,CISH,0.75246423
159,177,PHF6,RELB,0.7461571
159,226,PHF6,POLR2B,0.7454481
159,331,PHF6,PIM2,0.73784065
159,410,PHF6,SMARCA2,0.7232165
159,134,PHF6,PA2G4,0.7228894
159,196,PHF6,RARS,0.7119779
159,180,PHF6,TRIM35,0.69237834
159,263,PHF6,JUN,0.6894478
159,154,PHF6,HDGF,0.68900573
159,197,PHF6,WDR4,0.68854225
159,212,PHF6,FLT3,0.68854225
159,217,PHF6,PRMT7,0.68854225
159,220,PHF6,TMEM43,0.68854225
159,347,PHF6,RNF4,0.68854225
159,389,PHF6,FOXRED1,0.68854225
159,562,PHF6,NFIA,0.68854225
159,577,PHF6,CAD,0.68854225
331,475,PIM2,BCL2,0.9745282
331,29,PIM2,IKZF1,0.9671339
331,485,PIM2,ABL1,0.9615469
331,283,PIM2,EGR1,0.9569037
331,353,PIM2,CBFB,0.956423
331,161,PIM2,JARID2,0.95621353
331,196,PIM2,RARS,0.9560283
331,292,PIM2,HDAC7,0.9537226
331,466,PIM2,ABCG2,0.95300776
331,263,PIM2,JUN,0.95277125
331,631,PIM2,ZFP36,0.94914985
331,209,PIM2,ZBTB16,0.944805
331,206,PIM2,ZDHHC6,0.9447733
331,79,PIM2,STAT2,0.9425796
331,413,PIM2,RASSF4,0.941512
331,587,PIM2,NCAPD2,0.941512
331,6,PIM2,BTG2,0.9414074
331,177,PIM2,RELB,0.93799084
331,208,PIM2,CISH,0.9361359
331,67,PIM2,HDAC2,0.934281
331,536,PIM2,SPI1,0.9338715
331,162,PIM2,FES,0.93296796
331,219,PIM2,TLR4,0.93296796
331,278,PIM2,NCF1,0.93296796
331,515,PIM2,IGHM,0.93296796
331,253,PIM2,GRINA,0.932357
331,289,PIM2,GT(ROSA)26SOR,0.9322981
331,232,PIM2,ICAM1,0.93150866
331,557,PIM2,SATB1,0.9314623
331,621,PIM2,SNRPB,0.9305402
331,441,PIM2,EBF1,0.9303296
331,146,PIM2,SCARF1,0.9303065
331,194,PIM2,GOLPH3,0.9303065
331,546,PIM2,PROCR,0.9303065
331,622,PIM2,KRT18,0.9303065
331,64,PIM2,IRF9,0.92952317
331,613,PIM2,PGLYRP2,0.92529166
331,52,PIM2,FCGR2B,0.9251999
331,213,PIM2,TCP11L2,0.9251999
331,304,PIM2,HLF,0.925161
331,270,PIM2,VDR,0.9238822
331,293,PIM2,IRF7,0.922974
331,224,PIM2,MAPK12,0.92282283
331,73,PIM2,RORC,0.921819
331,517,PIM2,H1F0,0.91972053
331,580,PIM2,MLLT3,0.9191282
331,27,PIM2,IRF8,0.9190261
331,590,PIM2,IL12A,0.91847885
331,357,PIM2,MEIS1,0.91742134
331,251,PIM2,IRF6,0.91671515
59,621,PLAA,SNRPB,0.9304709
59,353,PLAA,CBFB,0.90368104
59,413,PLAA,RASSF4,0.895995
59,587,PLAA,NCAPD2,0.895995
59,67,PLAA,HDAC2,0.88690037
59,589,PLAA,YBX1,0.882337
59,209,PLAA,ZBTB16,0.882017
59,485,PLAA,ABL1,0.8677921
59,475,PLAA,BCL2,0.86569726
59,165,PLAA,GTF2H1,0.862169
59,292,PLAA,HDAC7,0.86003333
59,206,PLAA,ZDHHC6,0.831168
59,508,PLAA,NDRG1,0.8271181
59,161,PLAA,JARID2,0.8269243
59,29,PLAA,IKZF1,0.8190469
59,261,PLAA,EZR,0.7998893
59,48,PLAA,ELANE,0.78123176
59,367,PLAA,HCFC1,0.77701694
59,439,PLAA,DDX20,0.7719767
59,437,PLAA,MYB,0.7695485
59,283,PLAA,EGR1,0.7675924
59,631,PLAA,ZFP36,0.7633048
59,351,PLAA,ERCC8,0.75744724
59,486,PLAA,NFKBIA,0.7549137
59,564,PLAA,MFNG,0.74706703
59,208,PLAA,CISH,0.7398027
59,177,PLAA,RELB,0.7337185
59,363,PLAA,MYC,0.73090994
59,482,PLAA,NFATC2,0.72015095
59,331,PLAA,PIM2,0.7185508
59,196,PLAA,RARS,0.717574
59,410,PLAA,SMARCA2,0.7143378
59,436,PLAA,RARB,0.7141853
59,422,PLAA,SESN1,0.71325153
59,315,PLAA,CTSL,0.7118654
59,263,PLAA,JUN,0.7117968
59,466,PLAA,ABCG2,0.70909745
59,180,PLAA,TRIM35,0.70870167
59,494,PLAA,USP11,0.7021113
59,82,PLAA,RB1,0.6968902
59,557,PLAA,SATB1,0.692967
59,81,PLAA,HDAC11,0.6908388
59,357,PLAA,MEIS1,0.6905557
59,232,PLAA,ICAM1,0.6879111
59,34,PLAA,MAML3,0.6825668
59,536,PLAA,SPI1,0.6751457
59,6,PLAA,BTG2,0.6701756
59,449,PLAA,TIE1,0.665072
59,253,PLAA,GRINA,0.6638795
59,289,PLAA,GT(ROSA)26SOR,0.6638795
203,621,PLAC8,SNRPB,0.9279784
203,353,PLAC8,CBFB,0.8954632
203,475,PLAC8,BCL2,0.8943191
203,413,PLAC8,RASSF4,0.89370984
203,587,PLAC8,NCAPD2,0.8936321
203,67,PLAC8,HDAC2,0.88443196
203,589,PLAC8,YBX1,0.8814635
203,209,PLAC8,ZBTB16,0.871005
203,165,PLAC8,GTF2H1,0.85875875
203,485,PLAC8,ABL1,0.8572947
203,292,PLAC8,HDAC7,0.8491231
203,206,PLAC8,ZDHHC6,0.82222223
203,508,PLAC8,NDRG1,0.8207929
203,161,PLAC8,JARID2,0.8153778
203,29,PLAC8,IKZF1,0.81469655
203,261,PLAC8,EZR,0.79818726
203,422,PLAC8,SESN1,0.7728342
203,367,PLAC8,HCFC1,0.7689227
203,437,PLAC8,MYB,0.76715374
203,283,PLAC8,EGR1,0.7650876
203,48,PLAC8,ELANE,0.7630014
203,439,PLAC8,DDX20,0.76288325
203,631,PLAC8,ZFP36,0.7612203
203,486,PLAC8,NFKBIA,0.7544403
203,482,PLAC8,NFATC2,0.7494947
203,351,PLAC8,ERCC8,0.7492631
203,219,PLAC8,TLR4,0.74207246
203,564,PLAC8,MFNG,0.73980886
203,208,PLAC8,CISH,0.73615986
203,177,PLAC8,RELB,0.73367697
203,331,PLAC8,PIM2,0.7210209
203,196,PLAC8,RARS,0.7188496
203,410,PLAC8,SMARCA2,0.7171902
203,363,PLAC8,MYC,0.7169096
203,466,PLAC8,ABCG2,0.71365833
203,180,PLAC8,TRIM35,0.7072043
203,436,PLAC8,RARB,0.7039026
203,263,PLAC8,JUN,0.7024415
203,315,PLAC8,CTSL,0.70154047
203,357,PLAC8,MEIS1,0.696814
203,81,PLAC8,HDAC11,0.69591844
203,557,PLAC8,SATB1,0.6925286
203,494,PLAC8,USP11,0.69155985
203,82,PLAC8,RB1,0.690549
203,232,PLAC8,ICAM1,0.688777
203,34,PLAC8,MAML3,0.6874514
203,253,PLAC8,GRINA,0.68448496
203,613,PLAC8,PGLYRP2,0.67353314
203,6,PLAC8,BTG2,0.66884005
203,449,PLAC8,TIE1,0.66574615
157,475,PLAG1,BCL2,0.9736545
157,292,PLAG1,HDAC7,0.96217245
157,485,PLAG1,ABL1,0.96114814
157,29,PLAG1,IKZF1,0.96096206
157,283,PLAG1,EGR1,0.95157236
157,161,PLAG1,JARID2,0.94762105
157,79,PLAG1,STAT2,0.9470498
157,196,PLAG1,RARS,0.94575685
157,263,PLAG1,JUN,0.9437994
157,466,PLAG1,ABCG2,0.9432239
157,206,PLAG1,ZDHHC6,0.9414925
157,6,PLAG1,BTG2,0.9398003
157,64,PLAG1,IRF9,0.9387071
157,289,PLAG1,GT(ROSA)26SOR,0.93713623
157,613,PLAG1,PGLYRP2,0.9369992
157,253,PLAG1,GRINA,0.9367375
157,536,PLAG1,SPI1,0.93555856
157,293,PLAG1,IRF7,0.9334943
157,420,PLAG1,FDFT1,0.9332569
157,219,PLAG1,TLR4,0.93258667
157,278,PLAG1,NCF1,0.93256056
157,515,PLAG1,IGHM,0.93254656
157,270,PLAG1,VDR,0.93125314
157,194,PLAG1,GOLPH3,0.93103856
157,353,PLAG1,CBFB,0.93083495
157,546,PLAG1,PROCR,0.9307749
157,69,PLAG1,NAP1L3,0.9307492
157,146,PLAG1,SCARF1,0.9307492
157,175,PLAG1,TLE2,0.9307492
157,622,PLAG1,KRT18,0.93067515
157,631,PLAG1,ZFP36,0.93056047
157,73,PLAG1,RORC,0.929382
157,27,PLAG1,IRF8,0.92910504
157,304,PLAG1,HLF,0.9290328
157,52,PLAG1,FCGR2B,0.9289037
157,213,PLAG1,TCP11L2,0.9289037
157,209,PLAG1,ZBTB16,0.92849267
157,251,PLAG1,IRF6,0.9277574
157,590,PLAG1,IL12A,0.9264882
157,517,PLAG1,H1F0,0.92631185
157,177,PLAG1,RELB,0.92380524
157,580,PLAG1,MLLT3,0.92364496
157,208,PLAG1,CISH,0.92244047
157,441,PLAG1,EBF1,0.9224074
157,224,PLAG1,MAPK12,0.9209189
157,436,PLAG1,RARB,0.92064005
157,557,PLAG1,SATB1,0.9177867
157,504,PLAG1,IFI44,0.9170333
157,354,PLAG1,IIGP1,0.9169131
157,50,PLAG1,NFAT5,0.9157597
11,621,PLD3,SNRPB,0.92824525
11,353,PLD3,CBFB,0.8960372
11,475,PLD3,BCL2,0.8946401
11,587,PLD3,NCAPD2,0.8940518
11,413,PLD3,RASSF4,0.89386714
11,67,PLD3,HDAC2,0.88497734
11,589,PLD3,YBX1,0.881836
11,165,PLD3,GTF2H1,0.8592273
11,485,PLD3,ABL1,0.8577222
11,292,PLD3,HDAC7,0.84959185
11,206,PLD3,ZDHHC6,0.82271147
11,508,PLD3,NDRG1,0.8213486
11,161,PLD3,JARID2,0.81551605
11,29,PLD3,IKZF1,0.81499624
11,209,PLD3,ZBTB16,0.8077022
11,367,PLD3,HCFC1,0.76942074
11,437,PLD3,MYB,0.767502
11,283,PLD3,EGR1,0.765839
11,439,PLD3,DDX20,0.76355255
11,48,PLD3,ELANE,0.7630187
11,261,PLD3,EZR,0.7620384
11,631,PLD3,ZFP36,0.7617918
11,486,PLD3,NFKBIA,0.7549336
11,351,PLD3,ERCC8,0.74980307
11,564,PLD3,MFNG,0.7406805
11,208,PLD3,CISH,0.73659575
11,177,PLD3,RELB,0.7343676
11,331,PLD3,PIM2,0.72143304
11,196,PLD3,RARS,0.7194061
11,410,PLD3,SMARCA2,0.7177263
11,363,PLD3,MYC,0.71742624
11,482,PLD3,NFATC2,0.71471566
11,466,PLD3,ABCG2,0.7136283
11,422,PLD3,SESN1,0.70823985
11,180,PLD3,TRIM35,0.7077247
11,436,PLD3,RARB,0.704305
11,263,PLD3,JUN,0.70299035
11,315,PLD3,CTSL,0.7016019
11,79,PLD3,STAT2,0.6998769
11,357,PLD3,MEIS1,0.69672567
11,81,PLD3,HDAC11,0.6963086
11,557,PLD3,SATB1,0.69292104
11,590,PLD3,IL12A,0.6917702
11,494,PLD3,USP11,0.6915899
11,82,PLD3,RB1,0.69116235
11,34,PLD3,MAML3,0.6876031
11,536,PLD3,SPI1,0.6870561
11,232,PLD3,ICAM1,0.6711437
11,6,PLD3,BTG2,0.66892785
11,449,PLD3,TIE1,0.66606915
490,621,PLEK,SNRPB,0.9282103
490,475,PLEK,BCL2,0.8942831
490,413,PLEK,RASSF4,0.8941586
490,587,PLEK,NCAPD2,0.8941586
490,67,PLEK,HDAC2,0.8850062
490,589,PLEK,YBX1,0.8819421
490,209,PLEK,ZBTB16,0.8709828
490,165,PLEK,GTF2H1,0.8593966
490,485,PLEK,ABL1,0.8572532
490,292,PLEK,HDAC7,0.84922355
490,353,PLEK,CBFB,0.83467215
490,206,PLEK,ZDHHC6,0.8225083
490,508,PLEK,NDRG1,0.82139933
490,161,PLEK,JARID2,0.81536126
490,29,PLEK,IKZF1,0.8147214
490,261,PLEK,EZR,0.79889566
490,367,PLEK,HCFC1,0.7698142
490,283,PLEK,EGR1,0.7656194
490,439,PLEK,DDX20,0.7637642
490,48,PLEK,ELANE,0.76347023
490,631,PLEK,ZFP36,0.7619789
490,486,PLEK,NFKBIA,0.75518745
490,351,PLEK,ERCC8,0.75011533
490,564,PLEK,MFNG,0.74007237
490,208,PLEK,CISH,0.7360838
490,177,PLEK,RELB,0.73413795
490,437,PLEK,MYB,0.7266642
490,331,PLEK,PIM2,0.72182894
490,196,PLEK,RARS,0.71896315
490,363,PLEK,MYC,0.7176446
490,410,PLEK,SMARCA2,0.71745586
490,482,PLEK,NFATC2,0.71484596
490,422,PLEK,SESN1,0.7136104
490,466,PLEK,ABCG2,0.7134656
490,436,PLEK,RARB,0.7036986
490,263,PLEK,JUN,0.70247537
490,315,PLEK,CTSL,0.70188516
490,357,PLEK,MEIS1,0.6965902
490,81,PLEK,HDAC11,0.6959157
490,180,PLEK,TRIM35,0.6948153
490,557,PLEK,SATB1,0.69231915
490,82,PLEK,RB1,0.69159496
490,494,PLEK,USP11,0.69036907
490,34,PLEK,MAML3,0.68767226
490,6,PLEK,BTG2,0.66849935
490,536,PLEK,SPI1,0.66701454
490,449,PLEK,TIE1,0.6655239
490,253,PLEK,GRINA,0.6624757
490,613,PLEK,PGLYRP2,0.6624757
490,289,PLEK,GT(ROSA)26SOR,0.6622417
97,621,PLEKHO2,SNRPB,0.9282184
97,353,PLEKHO2,CBFB,0.895775
97,413,PLEKHO2,RASSF4,0.8941586
97,587,PLEKHO2,NCAPD2,0.8941586
97,475,PLEKHO2,BCL2,0.8937368
97,67,PLEKHO2,HDAC2,0.8848344
97,589,PLEKHO2,YBX1,0.8819421
97,209,PLEKHO2,ZBTB16,0.8708886
97,165,PLEKHO2,GTF2H1,0.8593966
97,485,PLEKHO2,ABL1,0.8572532
97,292,PLEKHO2,HDAC7,0.8490846
97,29,PLEKHO2,IKZF1,0.8234591
97,206,PLEKHO2,ZDHHC6,0.8222312
97,508,PLEKHO2,NDRG1,0.82139933
97,161,PLEKHO2,JARID2,0.81536126
97,261,PLEKHO2,EZR,0.7986653
97,367,PLEKHO2,HCFC1,0.7698142
97,437,PLEKHO2,MYB,0.76757336
97,283,PLEKHO2,EGR1,0.76526886
97,439,PLEKHO2,DDX20,0.7637642
97,48,PLEKHO2,ELANE,0.7628878
97,631,PLEKHO2,ZFP36,0.7616878
97,486,PLEKHO2,NFKBIA,0.7563288
97,351,PLEKHO2,ERCC8,0.7502097
97,564,PLEKHO2,MFNG,0.7400576
97,208,PLEKHO2,CISH,0.7360838
97,177,PLEKHO2,RELB,0.73413795
97,196,PLEKHO2,RARS,0.71889025
97,363,PLEKHO2,MYC,0.7176446
97,410,PLEKHO2,SMARCA2,0.7171831
97,482,PLEKHO2,NFATC2,0.71493316
97,422,PLEKHO2,SESN1,0.7136104
97,466,PLEKHO2,ABCG2,0.71360517
97,180,PLEKHO2,TRIM35,0.70705074
97,436,PLEKHO2,RARB,0.70390975
97,263,PLEKHO2,JUN,0.70247537
97,315,PLEKHO2,CTSL,0.70188516
97,357,PLEKHO2,MEIS1,0.6965902
97,81,PLEKHO2,HDAC11,0.6961269
97,557,PLEKHO2,SATB1,0.6927809
97,494,PLEKHO2,USP11,0.6917651
97,82,PLEKHO2,RB1,0.69159496
97,232,PLEKHO2,ICAM1,0.68858284
97,34,PLEKHO2,MAML3,0.68767226
97,331,PLEKHO2,PIM2,0.6785928
97,6,PLEKHO2,BTG2,0.66849935
97,536,PLEKHO2,SPI1,0.66701454
97,449,PLEKHO2,TIE1,0.6654349
97,278,PLEKHO2,NCF1,0.66453177
97,253,PLEKHO2,GRINA,0.6624757
243,353,PLIN3,CBFB,0.9711421
243,475,PLIN3,BCL2,0.9596351
243,621,PLIN3,SNRPB,0.9577609
243,292,PLIN3,HDAC7,0.9502011
243,161,PLIN3,JARID2,0.94661576
243,206,PLIN3,ZDHHC6,0.94491833
243,209,PLIN3,ZBTB16,0.94444054
243,29,PLIN3,IKZF1,0.9441177
243,485,PLIN3,ABL1,0.94234306
243,283,PLIN3,EGR1,0.9335388
243,177,PLIN3,RELB,0.9255102
243,208,PLIN3,CISH,0.9238815
243,196,PLIN3,RARS,0.9203512
243,436,PLIN3,RARB,0.91935986
243,263,PLIN3,JUN,0.9172262
243,557,PLIN3,SATB1,0.911305
243,180,PLIN3,TRIM35,0.91066015
243,232,PLIN3,ICAM1,0.9106285
243,413,PLIN3,RASSF4,0.9063868
243,587,PLIN3,NCAPD2,0.9063868
243,67,PLIN3,HDAC2,0.9054852
243,589,PLIN3,YBX1,0.90058434
243,6,PLIN3,BTG2,0.8979953
243,410,PLIN3,SMARCA2,0.8968943
243,331,PLIN3,PIM2,0.89399385
243,357,PLIN3,MEIS1,0.8929233
243,466,PLIN3,ABCG2,0.8894122
243,536,PLIN3,SPI1,0.8891519
243,79,PLIN3,STAT2,0.8876392
243,81,PLIN3,HDAC11,0.8876097
243,622,PLIN3,KRT18,0.8825191
243,175,PLIN3,TLE2,0.8823495
243,69,PLIN3,NAP1L3,0.88232493
243,146,PLIN3,SCARF1,0.88232493
243,194,PLIN3,GOLPH3,0.88232493
243,441,PLIN3,EBF1,0.88232493
243,546,PLIN3,PROCR,0.88232493
243,631,PLIN3,ZFP36,0.88112575
243,564,PLIN3,MFNG,0.8794354
243,253,PLIN3,GRINA,0.8764139
243,422,PLIN3,SESN1,0.87635285
243,613,PLIN3,PGLYRP2,0.8757964
243,289,PLIN3,GT(ROSA)26SOR,0.8755992
243,162,PLIN3,FES,0.87377167
243,219,PLIN3,TLR4,0.87377167
243,278,PLIN3,NCF1,0.87377167
243,515,PLIN3,IGHM,0.87377167
243,224,PLIN3,MAPK12,0.87338704
243,580,PLIN3,MLLT3,0.87259406
243,165,PLIN3,GTF2H1,0.8724421
479,621,PLPPR3,SNRPB,0.9282103
479,353,PLPPR3,CBFB,0.895775
479,475,PLPPR3,BCL2,0.8942831
479,413,PLPPR3,RASSF4,0.8941586
479,587,PLPPR3,NCAPD2,0.89397603
479,67,PLPPR3,HDAC2,0.88486016
479,589,PLPPR3,YBX1,0.8819421
479,209,PLPPR3,ZBTB16,0.8709828
479,485,PLPPR3,ABL1,0.8572532
479,292,PLPPR3,HDAC7,0.8490846
479,206,PLPPR3,ZDHHC6,0.8222312
479,508,PLPPR3,NDRG1,0.82139933
479,161,PLPPR3,JARID2,0.8158728
479,29,PLPPR3,IKZF1,0.8147214
479,177,PLPPR3,RELB,0.8067843
479,165,PLPPR3,GTF2H1,0.803527
479,261,PLPPR3,EZR,0.79889566
479,367,PLPPR3,HCFC1,0.7698142
479,283,PLPPR3,EGR1,0.7656194
479,439,PLPPR3,DDX20,0.7637642
479,48,PLPPR3,ELANE,0.7628878
479,631,PLPPR3,ZFP36,0.76178974
479,486,PLPPR3,NFKBIA,0.7551303
479,351,PLPPR3,ERCC8,0.7502097
479,564,PLPPR3,MFNG,0.74007237
479,263,PLPPR3,JUN,0.73868376
479,208,PLPPR3,CISH,0.7360838
479,331,PLPPR3,PIM2,0.72129744
479,196,PLPPR3,RARS,0.71889025
479,363,PLPPR3,MYC,0.7176446
479,410,PLPPR3,SMARCA2,0.7174124
479,482,PLPPR3,NFATC2,0.71484596
479,466,PLPPR3,ABCG2,0.71367615
479,422,PLPPR3,SESN1,0.7091776
479,180,PLPPR3,TRIM35,0.7067942
479,436,PLPPR3,RARB,0.7036986
479,315,PLPPR3,CTSL,0.7030643
479,357,PLPPR3,MEIS1,0.6965902
479,82,PLPPR3,RB1,0.69650495
479,81,PLPPR3,HDAC11,0.6961269
479,557,PLPPR3,SATB1,0.69231915
479,494,PLPPR3,USP11,0.6917651
479,232,PLPPR3,ICAM1,0.68858284
479,34,PLPPR3,MAML3,0.68767226
479,437,PLPPR3,MYB,0.6773276
479,6,PLPPR3,BTG2,0.66849935
479,536,PLPPR3,SPI1,0.66701454
479,449,PLPPR3,TIE1,0.66557777
479,253,PLPPR3,GRINA,0.6628925
479,289,PLPPR3,GT(ROSA)26SOR,0.6624757
188,621,PLXNC1,SNRPB,0.92824197
188,353,PLXNC1,CBFB,0.89569384
188,475,PLXNC1,BCL2,0.89439046
188,587,PLXNC1,NCAPD2,0.8942629
188,67,PLXNC1,HDAC2,0.8850062
188,589,PLXNC1,YBX1,0.8821628
188,209,PLXNC1,ZBTB16,0.8711317
188,165,PLXNC1,GTF2H1,0.8593042
188,485,PLXNC1,ABL1,0.8574107
188,413,PLXNC1,RASSF4,0.8553285
188,292,PLXNC1,HDAC7,0.8483779
188,206,PLXNC1,ZDHHC6,0.82234436
188,508,PLXNC1,NDRG1,0.8213286
188,161,PLXNC1,JARID2,0.8159878
188,29,PLXNC1,IKZF1,0.8147214
188,261,PLXNC1,EZR,0.7986882
188,367,PLXNC1,HCFC1,0.76984894
188,437,PLXNC1,MYB,0.76790214
188,283,PLXNC1,EGR1,0.7655363
188,439,PLXNC1,DDX20,0.7642162
188,48,PLXNC1,ELANE,0.7628878
188,631,PLXNC1,ZFP36,0.7616162
188,486,PLXNC1,NFKBIA,0.7549192
188,208,PLXNC1,CISH,0.7361445
188,177,PLXNC1,RELB,0.7341067
188,564,PLXNC1,MFNG,0.7336265
188,331,PLXNC1,PIM2,0.7212233
188,196,PLXNC1,RARS,0.7208061
188,363,PLXNC1,MYC,0.71750623
188,410,PLXNC1,SMARCA2,0.71735716
188,482,PLXNC1,NFATC2,0.7155142
188,422,PLXNC1,SESN1,0.7135512
188,466,PLXNC1,ABCG2,0.71355027
188,180,PLXNC1,TRIM35,0.7070981
188,436,PLXNC1,RARB,0.7038177
188,263,PLXNC1,JUN,0.7026983
188,315,PLXNC1,CTSL,0.70172083
188,79,PLXNC1,STAT2,0.69939923
188,357,PLXNC1,MEIS1,0.6963159
188,81,PLXNC1,HDAC11,0.6961269
188,557,PLXNC1,SATB1,0.69265056
188,494,PLXNC1,USP11,0.69161683
188,82,PLXNC1,RB1,0.69159496
188,232,PLXNC1,ICAM1,0.6887077
188,34,PLXNC1,MAML3,0.68767226
188,6,PLXNC1,BTG2,0.66849935
188,536,PLXNC1,SPI1,0.66719806
188,449,PLXNC1,TIE1,0.66581446
188,289,PLXNC1,GT(ROSA)26SOR,0.66246945
188,613,PLXNC1,PGLYRP2,0.66246945
210,621,PNO1,SNRPB,0.98428106
210,589,PNO1,YBX1,0.9809214
210,353,PNO1,CBFB,0.9791767
210,413,PNO1,RASSF4,0.9779309
210,587,PNO1,NCAPD2,0.9779309
210,67,PNO1,HDAC2,0.9753737
210,439,PNO1,DDX20,0.9739042
210,367,PNO1,HCFC1,0.97187805
210,363,PNO1,MYC,0.97075784
210,261,PNO1,EZR,0.9661483
210,226,PNO1,POLR2B,0.96053886
210,480,PNO1,WDR5,0.9576723
210,165,PNO1,GTF2H1,0.95718306
210,351,PNO1,ERCC8,0.9568442
210,117,PNO1,TFG,0.95214736
210,372,PNO1,BACE1,0.95214736
210,82,PNO1,RB1,0.94875854
210,375,PNO1,SRSF1,0.9476947
210,508,PNO1,NDRG1,0.9473234
210,199,PNO1,E2F4,0.9468985
210,3,PNO1,POLR1B,0.94615656
210,575,PNO1,GTF2F1,0.94203526
210,404,PNO1,FTSJ3,0.93883187
210,274,PNO1,NOP2,0.9388163
210,86,PNO1,RANGAP1,0.93766093
210,482,PNO1,NFATC2,0.93426204
210,28,PNO1,NFE2,0.93422705
210,131,PNO1,PPAT,0.93371713
210,209,PNO1,ZBTB16,0.9318194
210,33,PNO1,CSTF2,0.9273012
210,345,PNO1,UHRF1,0.9222793
210,426,PNO1,PRPF4,0.91934013
210,134,PNO1,PA2G4,0.8987846
210,198,PNO1,NDN,0.8964234
210,212,PNO1,FLT3,0.88902867
210,154,PNO1,HDGF,0.88881
210,166,PNO1,PSAT1,0.88881
210,197,PNO1,WDR4,0.88881
210,217,PNO1,PRMT7,0.88881
210,347,PNO1,RNF4,0.88881
210,376,PNO1,ATF7,0.88881
210,389,PNO1,FOXRED1,0.88881
210,577,PNO1,CAD,0.88881
210,220,PNO1,TMEM43,0.8886635
210,292,PNO1,HDAC7,0.880831
210,564,PNO1,MFNG,0.8782096
210,315,PNO1,CTSL,0.87746066
210,562,PNO1,NFIA,0.8640975
210,161,PNO1,JARID2,0.8609023
210,475,PNO1,BCL2,0.8580238
290,137,POLD1,MYCN,0.98482186
290,375,POLD1,SRSF1,0.9814667
290,575,POLD1,GTF2F1,0.9814472
290,198,POLD1,NDN,0.97878873
290,426,POLD1,PRPF4,0.977997
290,392,POLD1,DCAF13,0.97740936
290,189,POLD1,MCM5,0.9750748
290,299,POLD1,ORC2,0.97397196
290,439,POLD1,DDX20,0.9730694
290,621,POLD1,SNRPB,0.97221696
290,259,POLD1,NUP107,0.97023857
290,204,POLD1,MCM2,0.96901065
290,118,POLD1,MIS12,0.9653437
290,363,POLD1,MYC,0.9644194
290,561,POLD1,MCM7,0.9632474
290,414,POLD1,CENPK,0.96310246
290,500,POLD1,MCM3,0.96272975
290,554,POLD1,CDT1,0.9620528
290,119,POLD1,SLC2A3,0.9619104
290,350,POLD1,MCM6,0.959529
290,589,POLD1,YBX1,0.956854
290,117,POLD1,TFG,0.95676625
290,372,POLD1,BACE1,0.95676625
290,367,POLD1,HCFC1,0.9545958
290,497,POLD1,TYMS,0.95119095
290,323,POLD1,MCM4,0.9509011
290,74,POLD1,TOP2A,0.9487553
290,240,POLD1,RPA2,0.9463901
290,226,POLD1,POLR2B,0.9369749
290,42,POLD1,HMGB2,0.9363834
290,182,POLD1,RPA1,0.9352491
290,30,POLD1,PBK,0.9345036
290,279,POLD1,AURKB,0.9342205
290,404,POLD1,FTSJ3,0.9306022
290,53,POLD1,ORC6,0.9264853
290,411,POLD1,CDC45,0.9254459
290,82,POLD1,RB1,0.9240255
290,478,POLD1,MKI67,0.92064786
290,399,POLD1,RRM2,0.918741
290,361,POLD1,CCNB2,0.9183424
290,620,POLD1,TIPIN,0.91506064
290,351,POLD1,ERCC8,0.9138097
290,102,POLD1,PRIM1,0.91369665
290,297,POLD1,LIG1,0.90765065
290,21,POLD1,RRM1,0.9075392
290,266,POLD1,MSH6,0.90636605
290,610,POLD1,PRIM2,0.9061779
290,274,POLD1,NOP2,0.9045547
290,273,POLD1,FIGNL1,0.9006209
290,433,POLD1,XPC,0.89312875
370,621,POLE3,SNRPB,0.92820275
370,353,POLE3,CBFB,0.9021882
370,475,POLE3,BCL2,0.8942663
370,587,POLE3,NCAPD2,0.89414394
370,67,POLE3,HDAC2,0.8849905
370,589,POLE3,YBX1,0.88193005
370,209,POLE3,ZBTB16,0.870962
370,165,POLE3,GTF2H1,0.8593814
370,485,POLE3,ABL1,0.8572317
370,413,POLE3,RASSF4,0.8510342
370,292,POLE3,HDAC7,0.8231534
370,206,POLE3,ZDHHC6,0.82220536
370,161,POLE3,JARID2,0.81533915
370,29,POLE3,IKZF1,0.8145178
370,261,POLE3,EZR,0.79889935
370,367,POLE3,HCFC1,0.7823527
370,437,POLE3,MYB,0.76756036
370,283,POLE3,EGR1,0.765251
370,439,POLE3,DDX20,0.76374286
370,48,POLE3,ELANE,0.7628952
370,508,POLE3,NDRG1,0.75427043
370,486,POLE3,NFKBIA,0.75413793
370,631,POLE3,ZFP36,0.74156886
370,564,POLE3,MFNG,0.74005765
370,208,POLE3,CISH,0.73605716
370,177,POLE3,RELB,0.7340972
370,331,POLE3,PIM2,0.7212697
370,196,POLE3,RARS,0.71885574
370,363,POLE3,MYC,0.71763355
370,410,POLE3,SMARCA2,0.71737945
370,466,POLE3,ABCG2,0.7136059
370,422,POLE3,SESN1,0.7135159
370,180,POLE3,TRIM35,0.7069787
370,436,POLE3,RARB,0.7036709
370,263,POLE3,JUN,0.7024416
370,315,POLE3,CTSL,0.70189536
370,357,POLE3,MEIS1,0.6965945
370,81,POLE3,HDAC11,0.6962494
370,557,POLE3,SATB1,0.69229156
370,494,POLE3,USP11,0.691777
370,82,POLE3,RB1,0.69158083
370,232,POLE3,ICAM1,0.6885363
370,34,POLE3,MAML3,0.6878608
370,6,POLE3,BTG2,0.6752025
370,536,POLE3,SPI1,0.6669853
370,449,POLE3,TIE1,0.66555893
370,289,POLE3,GT(ROSA)26SOR,0.66255987
370,253,POLE3,GRINA,0.6623686
370,482,POLE3,NFATC2,0.66148734
370,441,POLE3,EBF1,0.6572304
3,375,POLR1B,SRSF1,0.97736645
3,439,POLR1B,DDX20,0.97723216
3,575,POLR1B,GTF2F1,0.9771896
3,621,POLR1B,SNRPB,0.9763441
3,137,POLR1B,MYCN,0.9762453
3,426,POLR1B,PRPF4,0.9753541
3,299,POLR1B,ORC2,0.97305286
3,363,POLR1B,MYC,0.97249335
3,198,POLR1B,NDN,0.97152865
3,259,POLR1B,NUP107,0.96984744
3,189,POLR1B,MCM5,0.96912605
3,367,POLR1B,HCFC1,0.96883005
3,204,POLR1B,MCM2,0.9687585
3,392,POLR1B,DCAF13,0.967945
3,554,POLR1B,CDT1,0.96613264
3,561,POLR1B,MCM7,0.9649281
3,372,POLR1B,BACE1,0.9646092
3,117,POLR1B,TFG,0.9645261
3,500,POLR1B,MCM3,0.96387863
3,350,POLR1B,MCM6,0.96033216
3,119,POLR1B,SLC2A3,0.96019924
3,118,POLR1B,MIS12,0.9581003
3,226,POLR1B,POLR2B,0.9569302
3,497,POLR1B,TYMS,0.95625496
3,323,POLR1B,MCM4,0.95366573
3,414,POLR1B,CENPK,0.9531683
3,404,POLR1B,FTSJ3,0.9526798
3,274,POLR1B,NOP2,0.9526169
3,240,POLR1B,RPA2,0.9514221
3,82,POLR1B,RB1,0.9509024
3,74,POLR1B,TOP2A,0.94548804
3,42,POLR1B,HMGB2,0.9422423
3,279,POLR1B,AURKB,0.9417393
3,182,POLR1B,RPA1,0.94154143
3,30,POLR1B,PBK,0.94124585
3,53,POLR1B,ORC6,0.9344915
3,411,POLR1B,CDC45,0.93360925
3,199,POLR1B,E2F4,0.93159586
3,399,POLR1B,RRM2,0.92839545
3,478,POLR1B,MKI67,0.9264428
3,620,POLR1B,TIPIN,0.9256775
3,102,POLR1B,PRIM1,0.9254167
3,21,POLR1B,RRM1,0.9209236
3,297,POLR1B,LIG1,0.9209008
3,266,POLR1B,MSH6,0.9202606
3,610,POLR1B,PRIM2,0.9191581
3,290,POLR1B,POLD1,0.9160249
3,273,POLR1B,FIGNL1,0.91525376
3,86,POLR1B,RANGAP1,0.91424257
3,33,POLR1B,CSTF2,0.9136755
226,299,POLR2B,ORC2,0.98052514
226,259,POLR2B,NUP107,0.98040456
226,137,POLR2B,MYCN,0.97958827
226,204,POLR2B,MCM2,0.9795013
226,426,POLR2B,PRPF4,0.9791373
226,189,POLR2B,MCM5,0.97909296
226,118,POLR2B,MIS12,0.9788517
226,375,POLR2B,SRSF1,0.9776859
226,554,POLR2B,CDT1,0.9776855
226,561,POLR2B,MCM7,0.9776683
226,575,POLR2B,GTF2F1,0.9776168
226,500,POLR2B,MCM3,0.97753453
226,350,POLR2B,MCM6,0.97672117
226,414,POLR2B,CENPK,0.9763406
226,323,POLR2B,MCM4,0.9749639
226,497,POLR2B,TYMS,0.9747601
226,240,POLR2B,RPA2,0.97382575
226,392,POLR2B,DCAF13,0.9728468
226,119,POLR2B,SLC2A3,0.9727538
226,74,POLR2B,TOP2A,0.97217363
226,279,POLR2B,AURKB,0.97209656
226,30,POLR2B,PBK,0.97197896
226,42,POLR2B,HMGB2,0.97177833
226,182,POLR2B,RPA1,0.97160393
226,198,POLR2B,NDN,0.9707908
226,53,POLR2B,ORC6,0.9692481
226,411,POLR2B,CDC45,0.9686411
226,478,POLR2B,MKI67,0.96720517
226,399,POLR2B,RRM2,0.96592325
226,439,POLR2B,DDX20,0.9656879
226,361,POLR2B,CCNB2,0.9656068
226,620,POLR2B,TIPIN,0.9643089
226,102,POLR2B,PRIM1,0.96425694
226,21,POLR2B,RRM1,0.96244067
226,266,POLR2B,MSH6,0.9622435
226,297,POLR2B,LIG1,0.9620055
226,433,POLR2B,XPC,0.96093756
226,290,POLR2B,POLD1,0.960704
226,610,POLR2B,PRIM2,0.96061975
226,273,POLR2B,FIGNL1,0.9588837
226,621,POLR2B,SNRPB,0.9572044
226,246,POLR2B,TK1,0.9561671
226,407,POLR2B,CDC7,0.9561671
226,367,POLR2B,HCFC1,0.9478321
226,363,POLR2B,MYC,0.9383009
226,372,POLR2B,BACE1,0.93676436
226,117,POLR2B,TFG,0.93671334
226,371,POLR2B,SPO11,0.93466115
226,274,POLR2B,NOP2,0.9317414
226,404,POLR2B,FTSJ3,0.9317414
340,621,POR,SNRPB,0.9281713
340,353,POR,CBFB,0.895775
340,475,POR,BCL2,0.8942831
340,413,POR,RASSF4,0.8941586
340,67,POR,HDAC2,0.8850062
340,589,POR,YBX1,0.8819421
340,209,POR,ZBTB16,0.8709828
340,485,POR,ABL1,0.8596869
340,292,POR,HDAC7,0.8490384
340,165,POR,GTF2H1,0.845314
340,587,POR,NCAPD2,0.84031874
340,206,POR,ZDHHC6,0.8222312
340,508,POR,NDRG1,0.82139933
340,161,POR,JARID2,0.81536126
340,29,POR,IKZF1,0.81394273
340,261,POR,EZR,0.79889566
340,367,POR,HCFC1,0.76984316
340,437,POR,MYB,0.76757336
340,283,POR,EGR1,0.7656194
340,439,POR,DDX20,0.7637642
340,48,POR,ELANE,0.7630163
340,631,POR,ZFP36,0.7616878
340,486,POR,NFKBIA,0.7551303
340,351,POR,ERCC8,0.7502097
340,232,POR,ICAM1,0.7377043
340,208,POR,CISH,0.7360838
340,177,POR,RELB,0.73413795
340,196,POR,RARS,0.71889025
340,363,POR,MYC,0.717912
340,410,POR,SMARCA2,0.7174124
340,482,POR,NFATC2,0.71484596
340,422,POR,SESN1,0.7136104
340,466,POR,ABCG2,0.71360517
340,564,POR,MFNG,0.70949835
340,180,POR,TRIM35,0.70691687
340,331,POR,PIM2,0.706233
340,436,POR,RARB,0.70390975
340,263,POR,JUN,0.70247537
340,357,POR,MEIS1,0.6965902
340,81,POR,HDAC11,0.6961269
340,557,POR,SATB1,0.69231915
340,494,POR,USP11,0.6917651
340,82,POR,RB1,0.69159496
340,420,POR,FDFT1,0.6878487
340,34,POR,MAML3,0.68627745
340,580,POR,MLLT3,0.6799653
340,315,POR,CTSL,0.67211604
340,6,POR,BTG2,0.6685164
340,536,POR,SPI1,0.66701454
340,449,POR,TIE1,0.66557777
131,353,PPAT,CBFB,0.98343027
131,621,PPAT,SNRPB,0.98195523
131,261,PPAT,EZR,0.97999305
131,413,PPAT,RASSF4,0.97938716
131,67,PPAT,HDAC2,0.9772478
131,589,PPAT,YBX1,0.9752391
131,587,PPAT,NCAPD2,0.9701064
131,439,PPAT,DDX20,0.96196157
131,508,PPAT,NDRG1,0.96041936
131,367,PPAT,HCFC1,0.959323
131,165,PPAT,GTF2H1,0.95930314
131,363,PPAT,MYC,0.95921165
131,209,PPAT,ZBTB16,0.94516313
131,226,PPAT,POLR2B,0.9437563
131,482,PPAT,NFATC2,0.942606
131,351,PPAT,ERCC8,0.9392626
131,82,PPAT,RB1,0.9309673
131,292,PPAT,HDAC7,0.91963613
131,199,PPAT,E2F4,0.91934425
131,28,PPAT,NFE2,0.9171953
131,486,PPAT,NFKBIA,0.9163232
131,375,PPAT,SRSF1,0.91227543
131,372,PPAT,BACE1,0.9107538
131,117,PPAT,TFG,0.91072094
131,3,PPAT,POLR1B,0.9098388
131,485,PPAT,ABL1,0.9090128
131,206,PPAT,ZDHHC6,0.908765
131,564,PPAT,MFNG,0.9084984
131,575,PPAT,GTF2F1,0.90696007
131,161,PPAT,JARID2,0.9067706
131,631,PPAT,ZFP36,0.8964913
131,437,PPAT,MYB,0.8929419
131,134,PPAT,PA2G4,0.89287835
131,315,PPAT,CTSL,0.88687354
131,274,PPAT,NOP2,0.87841743
131,404,PPAT,FTSJ3,0.87841743
131,331,PPAT,PIM2,0.8764954
131,422,PPAT,SESN1,0.87543505
131,475,PPAT,BCL2,0.87402755
131,426,PPAT,PRPF4,0.8684266
131,345,PPAT,UHRF1,0.86070377
131,410,PPAT,SMARCA2,0.8598054
131,86,PPAT,RANGAP1,0.8578002
131,323,PPAT,MCM4,0.856134
131,29,PPAT,IKZF1,0.8550479
131,347,PPAT,RNF4,0.84457135
131,154,PPAT,HDGF,0.84442496
131,197,PPAT,WDR4,0.84442496
131,212,PPAT,FLT3,0.84442496
131,217,PPAT,PRMT7,0.84442496
2,475,PPP1R15A,BCL2,0.95020324
2,621,PPP1R15A,SNRPB,0.9278943
2,413,PPP1R15A,RASSF4,0.8941586
2,587,PPP1R15A,NCAPD2,0.8941586
2,67,PPP1R15A,HDAC2,0.8850062
2,209,PPP1R15A,ZBTB16,0.8709828
2,165,PPP1R15A,GTF2H1,0.8593966
2,485,PPP1R15A,ABL1,0.8572532
2,206,PPP1R15A,ZDHHC6,0.850006
2,292,PPP1R15A,HDAC7,0.8490846
2,353,PPP1R15A,CBFB,0.8270503
2,508,PPP1R15A,NDRG1,0.82139933
2,29,PPP1R15A,IKZF1,0.8147214
2,161,PPP1R15A,JARID2,0.8145594
2,261,PPP1R15A,EZR,0.79889566
2,589,PPP1R15A,YBX1,0.79021484
2,437,PPP1R15A,MYB,0.779819
2,367,PPP1R15A,HCFC1,0.7695757
2,283,PPP1R15A,EGR1,0.7656194
2,439,PPP1R15A,DDX20,0.7637642
2,48,PPP1R15A,ELANE,0.7628878
2,631,PPP1R15A,ZFP36,0.7616878
2,486,PPP1R15A,NFKBIA,0.7551303
2,564,PPP1R15A,MFNG,0.74007237
2,351,PPP1R15A,ERCC8,0.7395168
2,208,PPP1R15A,CISH,0.73642415
2,177,PPP1R15A,RELB,0.73413795
2,331,PPP1R15A,PIM2,0.7212916
2,196,PPP1R15A,RARS,0.71889025
2,363,PPP1R15A,MYC,0.7186856
2,410,PPP1R15A,SMARCA2,0.7174124
2,466,PPP1R15A,ABCG2,0.71544266
2,422,PPP1R15A,SESN1,0.7136104
2,180,PPP1R15A,TRIM35,0.7070132
2,482,PPP1R15A,NFATC2,0.706034
2,263,PPP1R15A,JUN,0.70247537
2,315,PPP1R15A,CTSL,0.70188516
2,357,PPP1R15A,MEIS1,0.6965902
2,81,PPP1R15A,HDAC11,0.69631773
2,557,PPP1R15A,SATB1,0.69231915
2,494,PPP1R15A,USP11,0.6917651
2,82,PPP1R15A,RB1,0.69159496
2,232,PPP1R15A,ICAM1,0.68858284
2,34,PPP1R15A,MAML3,0.68767226
2,219,PPP1R15A,TLR4,0.67256606
2,6,PPP1R15A,BTG2,0.67056155
2,536,PPP1R15A,SPI1,0.66701454
2,449,PPP1R15A,TIE1,0.66557777
2,253,PPP1R15A,GRINA,0.6624757
2,289,PPP1R15A,GT(ROSA)26SOR,0.6624757
58,621,PRDM16,SNRPB,0.9282103
58,353,PRDM16,CBFB,0.895775
58,413,PRDM16,RASSF4,0.8941586
58,587,PRDM16,NCAPD2,0.8941586
58,67,PRDM16,HDAC2,0.8850062
58,589,PRDM16,YBX1,0.8819421
58,209,PRDM16,ZBTB16,0.8709828
58,475,PRDM16,BCL2,0.8594729
58,485,PRDM16,ABL1,0.8572532
58,292,PRDM16,HDAC7,0.8490846
58,206,PRDM16,ZDHHC6,0.8222312
58,508,PRDM16,NDRG1,0.82139933
58,161,PRDM16,JARID2,0.81536126
58,165,PRDM16,GTF2H1,0.81505626
58,29,PRDM16,IKZF1,0.81439006
58,261,PRDM16,EZR,0.79889566
58,367,PRDM16,HCFC1,0.7698142
58,437,PRDM16,MYB,0.76757336
58,283,PRDM16,EGR1,0.76550126
58,439,PRDM16,DDX20,0.7637642
58,48,PRDM16,ELANE,0.7628878
58,631,PRDM16,ZFP36,0.7616878
58,486,PRDM16,NFKBIA,0.7551303
58,351,PRDM16,ERCC8,0.7502097
58,564,PRDM16,MFNG,0.74007237
58,208,PRDM16,CISH,0.7360838
58,177,PRDM16,RELB,0.73413795
58,331,PRDM16,PIM2,0.7212916
58,196,PRDM16,RARS,0.71889025
58,363,PRDM16,MYC,0.7176446
58,410,PRDM16,SMARCA2,0.7174124
58,436,PRDM16,RARB,0.71619284
58,482,PRDM16,NFATC2,0.71484596
58,422,PRDM16,SESN1,0.7136104
58,466,PRDM16,ABCG2,0.71360517
58,180,PRDM16,TRIM35,0.7075578
58,315,PRDM16,CTSL,0.70217323
58,64,PRDM16,IRF9,0.6974566
58,357,PRDM16,MEIS1,0.6968432
58,81,PRDM16,HDAC11,0.6961269
58,557,PRDM16,SATB1,0.69231915
58,494,PRDM16,USP11,0.6917651
58,82,PRDM16,RB1,0.69159496
58,232,PRDM16,ICAM1,0.68858284
58,34,PRDM16,MAML3,0.68767226
58,263,PRDM16,JUN,0.6731007
58,6,PRDM16,BTG2,0.66849935
58,536,PRDM16,SPI1,0.66701454
58,306,PRDM16,MYCT1,0.66664433
58,449,PRDM16,TIE1,0.66557777
303,621,PRELID3B,SNRPB,0.9282103
303,353,PRELID3B,CBFB,0.895775
303,475,PRELID3B,BCL2,0.8942831
303,413,PRELID3B,RASSF4,0.8941586
303,67,PRELID3B,HDAC2,0.8850062
303,589,PRELID3B,YBX1,0.8819421
303,206,PRELID3B,ZDHHC6,0.8756871
303,165,PRELID3B,GTF2H1,0.8593966
303,485,PRELID3B,ABL1,0.8583062
303,292,PRELID3B,HDAC7,0.8490846
303,161,PRELID3B,JARID2,0.81525224
303,29,PRELID3B,IKZF1,0.8147214
303,209,PRELID3B,ZBTB16,0.8116784
303,508,PRELID3B,NDRG1,0.81017315
303,367,PRELID3B,HCFC1,0.7698142
303,437,PRELID3B,MYB,0.76757336
303,283,PRELID3B,EGR1,0.7656194
303,439,PRELID3B,DDX20,0.76410466
303,48,PRELID3B,ELANE,0.7628878
303,631,PRELID3B,ZFP36,0.76191974
303,486,PRELID3B,NFKBIA,0.7551303
303,351,PRELID3B,ERCC8,0.7502097
303,219,PRELID3B,TLR4,0.7418043
303,564,PRELID3B,MFNG,0.74007237
303,208,PRELID3B,CISH,0.7360558
303,177,PRELID3B,RELB,0.73413795
303,587,PRELID3B,NCAPD2,0.72948503
303,363,PRELID3B,MYC,0.7263435
303,331,PRELID3B,PIM2,0.7212916
303,196,PRELID3B,RARS,0.71889025
303,482,PRELID3B,NFATC2,0.71484596
303,261,PRELID3B,EZR,0.7138914
303,422,PRELID3B,SESN1,0.7136104
303,466,PRELID3B,ABCG2,0.71360517
303,180,PRELID3B,TRIM35,0.7070132
303,436,PRELID3B,RARB,0.7036986
303,263,PRELID3B,JUN,0.70247537
303,315,PRELID3B,CTSL,0.70188516
303,357,PRELID3B,MEIS1,0.6965902
303,81,PRELID3B,HDAC11,0.6961269
303,557,PRELID3B,SATB1,0.69231915
303,494,PRELID3B,USP11,0.6917651
303,82,PRELID3B,RB1,0.69159496
303,517,PRELID3B,H1F0,0.690433
303,270,PRELID3B,VDR,0.6886739
303,232,PRELID3B,ICAM1,0.68858284
303,34,PRELID3B,MAML3,0.68767226
303,6,PRELID3B,BTG2,0.6688265
303,536,PRELID3B,SPI1,0.66701454
303,410,PRELID3B,SMARCA2,0.66560817
448,621,PREP,SNRPB,0.92870164
448,413,PREP,RASSF4,0.8923771
448,587,PREP,NCAPD2,0.8923771
448,589,PREP,YBX1,0.89060456
448,353,PREP,CBFB,0.88530505
448,67,PREP,HDAC2,0.8822632
448,475,PREP,BCL2,0.87830377
448,165,PREP,GTF2H1,0.86344486
448,209,PREP,ZBTB16,0.8520727
448,485,PREP,ABL1,0.83868545
448,261,PREP,EZR,0.81681454
448,508,PREP,NDRG1,0.81622493
448,367,PREP,HCFC1,0.80616695
448,206,PREP,ZDHHC6,0.8040632
448,161,PREP,JARID2,0.79215497
448,351,PREP,ERCC8,0.7905671
448,29,PREP,IKZF1,0.78902906
448,439,PREP,DDX20,0.7887465
448,292,PREP,HDAC7,0.7787656
448,283,PREP,EGR1,0.75055534
448,631,PREP,ZFP36,0.74553573
448,48,PREP,ELANE,0.7441885
448,486,PREP,NFKBIA,0.7376669
448,437,PREP,MYB,0.7363382
448,564,PREP,MFNG,0.72922707
448,482,PREP,NFATC2,0.727492
448,177,PREP,RELB,0.71671027
448,208,PREP,CISH,0.70832443
448,196,PREP,RARS,0.7056298
448,315,PREP,CTSL,0.70151895
448,82,PREP,RB1,0.7006113
448,331,PREP,PIM2,0.6917833
448,263,PREP,JUN,0.6888005
448,494,PREP,USP11,0.6862142
448,410,PREP,SMARCA2,0.6842005
448,34,PREP,MAML3,0.68265754
448,81,PREP,HDAC11,0.681089
448,357,PREP,MEIS1,0.6784931
448,422,PREP,SESN1,0.6736812
448,436,PREP,RARB,0.67235965
448,180,PREP,TRIM35,0.6695659
448,232,PREP,ICAM1,0.664568
448,557,PREP,SATB1,0.66286594
448,226,PREP,POLR2B,0.6583102
448,104,PREP,BTK,0.65634054
448,347,PREP,RNF4,0.64999884
448,536,PREP,SPI1,0.64820623
448,480,PREP,WDR5,0.64488065
448,289,PREP,GT(ROSA)26SOR,0.6425786
448,613,PREP,PGLYRP2,0.6425786
102,21,PRIM1,RRM1,0.98700225
102,204,PRIM1,MCM2,0.98459214
102,189,PRIM1,MCM5,0.98448056
102,259,PRIM1,NUP107,0.9840015
102,299,PRIM1,ORC2,0.9839446
102,137,PRIM1,MYCN,0.98326874
102,575,PRIM1,GTF2F1,0.98284495
102,500,PRIM1,MCM3,0.98262656
102,414,PRIM1,CENPK,0.9825948
102,561,PRIM1,MCM7,0.98257196
102,426,PRIM1,PRPF4,0.9822458
102,118,PRIM1,MIS12,0.9817691
102,350,PRIM1,MCM6,0.9815216
102,375,PRIM1,SRSF1,0.979736
102,554,PRIM1,CDT1,0.9792011
102,323,PRIM1,MCM4,0.9779002
102,240,PRIM1,RPA2,0.9764371
102,392,PRIM1,DCAF13,0.97373384
102,497,PRIM1,TYMS,0.973216
102,119,PRIM1,SLC2A3,0.973054
102,74,PRIM1,TOP2A,0.97139156
102,42,PRIM1,HMGB2,0.9712334
102,182,PRIM1,RPA1,0.96918947
102,30,PRIM1,PBK,0.96914613
102,279,PRIM1,AURKB,0.96880007
102,53,PRIM1,ORC6,0.9666822
102,411,PRIM1,CDC45,0.96600705
102,198,PRIM1,NDN,0.96509624
102,478,PRIM1,MKI67,0.9649314
102,361,PRIM1,CCNB2,0.9625826
102,399,PRIM1,RRM2,0.9620528
102,433,PRIM1,XPC,0.96025753
102,266,PRIM1,MSH6,0.9598613
102,297,PRIM1,LIG1,0.95917976
102,620,PRIM1,TIPIN,0.95843333
102,290,PRIM1,POLD1,0.9561778
102,610,PRIM1,PRIM2,0.95538324
102,273,PRIM1,FIGNL1,0.9534234
102,246,PRIM1,TK1,0.9508361
102,407,PRIM1,CDC7,0.9508361
102,439,PRIM1,DDX20,0.9441799
102,621,PRIM1,SNRPB,0.9318149
102,363,PRIM1,MYC,0.9143773
102,367,PRIM1,HCFC1,0.90296304
102,371,PRIM1,SPO11,0.9026989
102,589,PRIM1,YBX1,0.8768291
102,372,PRIM1,BACE1,0.84151685
102,117,PRIM1,TFG,0.84107757
102,226,PRIM1,POLR2B,0.83395857
102,82,PRIM1,RB1,0.8093204
610,137,PRIM2,MYCN,0.9853119
610,554,PRIM2,CDT1,0.9835867
610,375,PRIM2,SRSF1,0.98172176
610,299,PRIM2,ORC2,0.98088145
610,426,PRIM2,PRPF4,0.9800223
610,259,PRIM2,NUP107,0.97899216
610,189,PRIM2,MCM5,0.97836816
610,204,PRIM2,MCM2,0.97834134
610,392,PRIM2,DCAF13,0.9777444
610,118,PRIM2,MIS12,0.975046
610,198,PRIM2,NDN,0.9744916
610,497,PRIM2,TYMS,0.9744083
610,561,PRIM2,MCM7,0.9740589
610,414,PRIM2,CENPK,0.9739941
610,500,PRIM2,MCM3,0.9738954
610,575,PRIM2,GTF2F1,0.9730627
610,119,PRIM2,SLC2A3,0.97236776
610,350,PRIM2,MCM6,0.97203696
610,323,PRIM2,MCM4,0.9668697
610,240,PRIM2,RPA2,0.95962894
610,621,PRIM2,SNRPB,0.95901185
610,74,PRIM2,TOP2A,0.9585279
610,42,PRIM2,HMGB2,0.9573579
610,182,PRIM2,RPA1,0.95555204
610,30,PRIM2,PBK,0.9551371
610,279,PRIM2,AURKB,0.9550248
610,363,PRIM2,MYC,0.95146185
610,53,PRIM2,ORC6,0.9495496
610,439,PRIM2,DDX20,0.9492902
610,411,PRIM2,CDC45,0.94857657
610,478,PRIM2,MKI67,0.9462031
610,433,PRIM2,XPC,0.9450007
610,399,PRIM2,RRM2,0.9429553
610,361,PRIM2,CCNB2,0.9429159
610,102,PRIM2,PRIM1,0.94050395
610,620,PRIM2,TIPIN,0.93936557
610,367,PRIM2,HCFC1,0.9374688
610,21,PRIM2,RRM1,0.9372623
610,266,PRIM2,MSH6,0.9369265
610,297,PRIM2,LIG1,0.93644357
610,290,PRIM2,POLD1,0.93190104
610,273,PRIM2,FIGNL1,0.9297844
610,117,PRIM2,TFG,0.92698365
610,372,PRIM2,BACE1,0.92698365
610,246,PRIM2,TK1,0.9259365
610,407,PRIM2,CDC7,0.9259365
610,589,PRIM2,YBX1,0.91645664
610,226,PRIM2,POLR2B,0.897233
610,274,PRIM2,NOP2,0.8882327
610,404,PRIM2,FTSJ3,0.8882327
540,621,PRKCH,SNRPB,0.92880654
540,587,PRKCH,NCAPD2,0.8925011
540,589,PRKCH,YBX1,0.89060456
540,353,PRKCH,CBFB,0.88530505
540,67,PRKCH,HDAC2,0.8822632
540,475,PRKCH,BCL2,0.87830377
540,165,PRKCH,GTF2H1,0.86344486
540,209,PRKCH,ZBTB16,0.8520727
540,485,PRKCH,ABL1,0.83868545
540,292,PRKCH,HDAC7,0.828122
540,413,PRKCH,RASSF4,0.8190909
540,261,PRKCH,EZR,0.81681067
540,508,PRKCH,NDRG1,0.81622493
540,367,PRKCH,HCFC1,0.80616695
540,206,PRKCH,ZDHHC6,0.8040632
540,351,PRKCH,ERCC8,0.79083544
540,29,PRKCH,IKZF1,0.78902906
540,439,PRKCH,DDX20,0.7887465
540,437,PRKCH,MYB,0.7802176
540,161,PRKCH,JARID2,0.77646434
540,283,PRKCH,EGR1,0.75055534
540,486,PRKCH,NFKBIA,0.74747
540,631,PRKCH,ZFP36,0.7453591
540,363,PRKCH,MYC,0.7446828
540,48,PRKCH,ELANE,0.7441885
540,82,PRKCH,RB1,0.73613
540,564,PRKCH,MFNG,0.72922707
540,482,PRKCH,NFATC2,0.72345173
540,6,PRKCH,BTG2,0.71754605
540,177,PRKCH,RELB,0.71671027
540,208,PRKCH,CISH,0.70832443
540,196,PRKCH,RARS,0.7056298
540,315,PRKCH,CTSL,0.7025331
540,69,PRKCH,NAP1L3,0.6953799
540,331,PRKCH,PIM2,0.6917833
540,263,PRKCH,JUN,0.68891096
540,422,PRKCH,SESN1,0.68811995
540,466,PRKCH,ABCG2,0.68785286
540,494,PRKCH,USP11,0.68617696
540,410,PRKCH,SMARCA2,0.6842005
540,34,PRKCH,MAML3,0.68265754
540,81,PRKCH,HDAC11,0.681089
540,357,PRKCH,MEIS1,0.6784931
540,436,PRKCH,RARB,0.67235965
540,180,PRKCH,TRIM35,0.6695659
540,232,PRKCH,ICAM1,0.664568
540,557,PRKCH,SATB1,0.66286594
540,226,PRKCH,POLR2B,0.6583102
540,104,PRKCH,BTK,0.65634054
540,199,PRKCH,E2F4,0.65149933
12,621,PRKCQ,SNRPB,0.9282103
12,353,PRKCQ,CBFB,0.895775
12,475,PRKCQ,BCL2,0.8942831
12,587,PRKCQ,NCAPD2,0.8941586
12,413,PRKCQ,RASSF4,0.89397424
12,67,PRKCQ,HDAC2,0.8851019
12,589,PRKCQ,YBX1,0.8819421
12,165,PRKCQ,GTF2H1,0.8593966
12,485,PRKCQ,ABL1,0.8572532
12,292,PRKCQ,HDAC7,0.8490846
12,206,PRKCQ,ZDHHC6,0.8222312
12,508,PRKCQ,NDRG1,0.82139933
12,161,PRKCQ,JARID2,0.8150516
12,29,PRKCQ,IKZF1,0.8147214
12,209,PRKCQ,ZBTB16,0.8072328
12,367,PRKCQ,HCFC1,0.7698142
12,437,PRKCQ,MYB,0.76757336
12,283,PRKCQ,EGR1,0.7656194
12,439,PRKCQ,DDX20,0.7637642
12,48,PRKCQ,ELANE,0.7628878
12,261,PRKCQ,EZR,0.7627025
12,631,PRKCQ,ZFP36,0.7616878
12,486,PRKCQ,NFKBIA,0.7551303
12,351,PRKCQ,ERCC8,0.7502323
12,564,PRKCQ,MFNG,0.74057674
12,208,PRKCQ,CISH,0.7360838
12,177,PRKCQ,RELB,0.73413795
12,331,PRKCQ,PIM2,0.7212916
12,196,PRKCQ,RARS,0.71889025
12,363,PRKCQ,MYC,0.7176446
12,410,PRKCQ,SMARCA2,0.7174124
12,482,PRKCQ,NFATC2,0.71484596
12,466,PRKCQ,ABCG2,0.71360517
12,422,PRKCQ,SESN1,0.7076269
12,180,PRKCQ,TRIM35,0.7070132
12,436,PRKCQ,RARB,0.7036986
12,263,PRKCQ,JUN,0.70247537
12,315,PRKCQ,CTSL,0.70188516
12,79,PRKCQ,STAT2,0.69939923
12,357,PRKCQ,MEIS1,0.6965902
12,81,PRKCQ,HDAC11,0.6961269
12,557,PRKCQ,SATB1,0.69231915
12,494,PRKCQ,USP11,0.6917651
12,82,PRKCQ,RB1,0.69166064
12,590,PRKCQ,IL12A,0.6914596
12,34,PRKCQ,MAML3,0.68767226
12,536,PRKCQ,SPI1,0.6863567
12,232,PRKCQ,ICAM1,0.67052007
12,6,PRKCQ,BTG2,0.66849935
12,449,PRKCQ,TIE1,0.66557777
217,353,PRMT7,CBFB,0.9845547
217,413,PRMT7,RASSF4,0.9809311
217,587,PRMT7,NCAPD2,0.9809311
217,67,PRMT7,HDAC2,0.9793396
217,621,PRMT7,SNRPB,0.978508
217,589,PRMT7,YBX1,0.96779263
217,165,PRMT7,GTF2H1,0.95738935
217,209,PRMT7,ZBTB16,0.9573402
217,292,PRMT7,HDAC7,0.9546473
217,475,PRMT7,BCL2,0.95403993
217,482,PRMT7,NFATC2,0.95295215
217,508,PRMT7,NDRG1,0.95190203
217,261,PRMT7,EZR,0.9468235
217,161,PRMT7,JARID2,0.9461887
217,631,PRMT7,ZFP36,0.9411101
217,367,PRMT7,HCFC1,0.9407545
217,206,PRMT7,ZDHHC6,0.9406796
217,564,PRMT7,MFNG,0.9381846
217,486,PRMT7,NFKBIA,0.93813014
217,439,PRMT7,DDX20,0.9378732
217,363,PRMT7,MYC,0.9369203
217,331,PRMT7,PIM2,0.92436546
217,315,PRMT7,CTSL,0.92250997
217,410,PRMT7,SMARCA2,0.9198145
217,29,PRMT7,IKZF1,0.91917694
217,422,PRMT7,SESN1,0.919066
217,351,PRMT7,ERCC8,0.9182721
217,177,PRMT7,RELB,0.9138617
217,34,PRMT7,MAML3,0.9045993
217,48,PRMT7,ELANE,0.9028075
217,485,PRMT7,ABL1,0.9027312
217,82,PRMT7,RB1,0.9000207
217,208,PRMT7,CISH,0.89897126
217,226,PRMT7,POLR2B,0.8989274
217,180,PRMT7,TRIM35,0.8980473
217,283,PRMT7,EGR1,0.892411
217,437,PRMT7,MYB,0.8876106
217,436,PRMT7,RARB,0.88488096
217,196,PRMT7,RARS,0.87834346
217,104,PRMT7,BTK,0.8779807
217,494,PRMT7,USP11,0.8742091
217,232,PRMT7,ICAM1,0.86805737
217,357,PRMT7,MEIS1,0.86046785
217,263,PRMT7,JUN,0.85433066
217,557,PRMT7,SATB1,0.85244805
217,134,PRMT7,PA2G4,0.84679186
217,199,PRMT7,E2F4,0.84139663
217,466,PRMT7,ABCG2,0.8340828
217,28,PRMT7,NFE2,0.82304806
217,3,PRMT7,POLR1B,0.8135896
546,475,PROCR,BCL2,0.9745126
546,29,PROCR,IKZF1,0.9674347
546,292,PROCR,HDAC7,0.96655655
546,485,PROCR,ABL1,0.9630656
546,161,PROCR,JARID2,0.9575074
546,196,PROCR,RARS,0.95701754
546,283,PROCR,EGR1,0.9569446
546,466,PROCR,ABCG2,0.9537798
546,263,PROCR,JUN,0.9531936
546,631,PROCR,ZFP36,0.9511082
546,209,PROCR,ZBTB16,0.9475713
546,206,PROCR,ZDHHC6,0.9460854
546,79,PROCR,STAT2,0.9418911
546,587,PROCR,NCAPD2,0.9410396
546,413,PROCR,RASSF4,0.94103765
546,177,PROCR,RELB,0.93984056
546,69,PROCR,NAP1L3,0.9383674
546,208,PROCR,CISH,0.9381069
546,436,PROCR,RARB,0.9370774
546,536,PROCR,SPI1,0.9341142
546,232,PROCR,ICAM1,0.9334553
546,621,PROCR,SNRPB,0.9331202
546,557,PROCR,SATB1,0.933051
546,219,PROCR,TLR4,0.93259853
546,162,PROCR,FES,0.932584
546,278,PROCR,NCF1,0.932584
546,515,PROCR,IGHM,0.932584
546,253,PROCR,GRINA,0.9317259
546,289,PROCR,GT(ROSA)26SOR,0.9317259
546,613,PROCR,PGLYRP2,0.9317259
546,622,PROCR,KRT18,0.9297057
546,175,PROCR,TLE2,0.9296826
546,194,PROCR,GOLPH3,0.9296826
546,441,PROCR,EBF1,0.9296826
546,64,PROCR,IRF9,0.92818403
546,6,PROCR,BTG2,0.9255528
546,304,PROCR,HLF,0.92465127
546,52,PROCR,FCGR2B,0.924595
546,213,PROCR,TCP11L2,0.92450166
546,420,PROCR,FDFT1,0.92339045
546,270,PROCR,VDR,0.9230846
546,224,PROCR,MAPK12,0.92224056
546,146,PROCR,SCARF1,0.92221534
546,353,PROCR,CBFB,0.9212913
546,73,PROCR,RORC,0.9208517
546,293,PROCR,IRF7,0.9206435
546,357,PROCR,MEIS1,0.9202209
546,517,PROCR,H1F0,0.91901356
546,580,PROCR,MLLT3,0.9188453
546,27,PROCR,IRF8,0.9180298
496,621,PRODH,SNRPB,0.9282103
496,353,PRODH,CBFB,0.895775
496,475,PRODH,BCL2,0.8942831
496,587,PRODH,NCAPD2,0.8941586
496,413,PRODH,RASSF4,0.89409095
496,67,PRODH,HDAC2,0.8850062
496,589,PRODH,YBX1,0.8819421
496,209,PRODH,ZBTB16,0.87026846
496,165,PRODH,GTF2H1,0.8593966
496,485,PRODH,ABL1,0.8572532
496,292,PRODH,HDAC7,0.84929335
496,206,PRODH,ZDHHC6,0.8222312
496,508,PRODH,NDRG1,0.82139933
496,29,PRODH,IKZF1,0.8147214
496,261,PRODH,EZR,0.79889566
496,367,PRODH,HCFC1,0.7698142
496,437,PRODH,MYB,0.76757336
496,283,PRODH,EGR1,0.7656194
496,439,PRODH,DDX20,0.7637642
496,161,PRODH,JARID2,0.7625583
496,631,PRODH,ZFP36,0.7616878
496,486,PRODH,NFKBIA,0.7551303
496,564,PRODH,MFNG,0.74007237
496,208,PRODH,CISH,0.7360838
496,48,PRODH,ELANE,0.7345917
496,177,PRODH,RELB,0.73413795
496,331,PRODH,PIM2,0.7212916
496,196,PRODH,RARS,0.71889025
496,363,PRODH,MYC,0.7176446
496,410,PRODH,SMARCA2,0.7174124
496,482,PRODH,NFATC2,0.71484596
496,422,PRODH,SESN1,0.7136104
496,466,PRODH,ABCG2,0.71360517
496,180,PRODH,TRIM35,0.7070132
496,436,PRODH,RARB,0.7036986
496,315,PRODH,CTSL,0.7017663
496,357,PRODH,MEIS1,0.6965902
496,81,PRODH,HDAC11,0.6961269
496,494,PRODH,USP11,0.6917651
496,82,PRODH,RB1,0.69159496
496,232,PRODH,ICAM1,0.68858284
496,34,PRODH,MAML3,0.6878881
496,263,PRODH,JUN,0.68641496
496,394,PRODH,MAPK1,0.6863559
496,50,PRODH,NFAT5,0.68306905
496,622,PRODH,KRT18,0.6748085
496,351,PRODH,ERCC8,0.67378265
496,6,PRODH,BTG2,0.67056155
496,536,PRODH,SPI1,0.66701454
496,449,PRODH,TIE1,0.66557777
426,137,PRPF4,MYCN,0.9830168
426,259,PRPF4,NUP107,0.981598
426,299,PRPF4,ORC2,0.98139465
426,575,PRPF4,GTF2F1,0.98132634
426,375,PRPF4,SRSF1,0.9804197
426,189,PRPF4,MCM5,0.98017496
426,204,PRPF4,MCM2,0.9801025
426,561,PRPF4,MCM7,0.9784871
426,500,PRPF4,MCM3,0.97841793
426,414,PRPF4,CENPK,0.97808254
426,118,PRPF4,MIS12,0.9780815
426,554,PRPF4,CDT1,0.9778911
426,350,PRPF4,MCM6,0.9775274
426,392,PRPF4,DCAF13,0.9762115
426,323,PRPF4,MCM4,0.97548383
426,119,PRPF4,SLC2A3,0.97534853
426,198,PRPF4,NDN,0.97480917
426,497,PRPF4,TYMS,0.9739222
426,240,PRPF4,RPA2,0.972325
426,439,PRPF4,DDX20,0.97069764
426,74,PRPF4,TOP2A,0.9705054
426,279,PRPF4,AURKB,0.9689887
426,30,PRPF4,PBK,0.9686789
426,182,PRPF4,RPA1,0.9686382
426,42,PRPF4,HMGB2,0.9671602
426,407,PRPF4,CDC7,0.9660638
426,53,PRPF4,ORC6,0.96454006
426,411,PRPF4,CDC45,0.96382594
426,478,PRPF4,MKI67,0.96224076
426,433,PRPF4,XPC,0.96152866
426,399,PRPF4,RRM2,0.9605184
426,361,PRPF4,CCNB2,0.9602708
426,620,PRPF4,TIPIN,0.95854187
426,102,PRPF4,PRIM1,0.9585109
426,21,PRPF4,RRM1,0.95637053
426,297,PRPF4,LIG1,0.95584667
426,367,PRPF4,HCFC1,0.9554532
426,610,PRPF4,PRIM2,0.9541195
426,290,PRPF4,POLD1,0.9540701
426,266,PRPF4,MSH6,0.9528847
426,273,PRPF4,FIGNL1,0.95180625
426,246,PRPF4,TK1,0.9489698
426,363,PRPF4,MYC,0.94782877
426,117,PRPF4,TFG,0.9468651
426,372,PRPF4,BACE1,0.94616926
426,589,PRPF4,YBX1,0.9426222
426,274,PRPF4,NOP2,0.9401489
426,404,PRPF4,FTSJ3,0.9401489
426,226,PRPF4,POLR2B,0.9393669
426,371,PRPF4,SPO11,0.92098665
481,621,PRPS2,SNRPB,0.9282207
481,353,PRPS2,CBFB,0.895347
481,475,PRPS2,BCL2,0.89425784
481,413,PRPS2,RASSF4,0.8942015
481,587,PRPS2,NCAPD2,0.8942015
481,67,PRPS2,HDAC2,0.88495564
481,589,PRPS2,YBX1,0.88198215
481,209,PRPS2,ZBTB16,0.870308
481,165,PRPS2,GTF2H1,0.85974646
481,485,PRPS2,ABL1,0.85722756
481,292,PRPS2,HDAC7,0.8490549
481,206,PRPS2,ZDHHC6,0.8221973
481,508,PRPS2,NDRG1,0.8214429
481,161,PRPS2,JARID2,0.81533355
481,29,PRPS2,IKZF1,0.8146859
481,367,PRPS2,HCFC1,0.7699617
481,437,PRPS2,MYB,0.7676227
481,283,PRPS2,EGR1,0.76559097
481,439,PRPS2,DDX20,0.76390713
481,48,PRPS2,ELANE,0.7628995
481,261,PRPS2,EZR,0.76263344
481,631,PRPS2,ZFP36,0.76168257
481,486,PRPS2,NFKBIA,0.7551598
481,351,PRPS2,ERCC8,0.7503674
481,64,PRPS2,IRF9,0.7487144
481,564,PRPS2,MFNG,0.74008465
481,208,PRPS2,CISH,0.7360159
481,177,PRPS2,RELB,0.7334866
481,315,PRPS2,CTSL,0.7228181
481,331,PRPS2,PIM2,0.7214425
481,196,PRPS2,RARS,0.7188364
481,410,PRPS2,SMARCA2,0.7173643
481,482,PRPS2,NFATC2,0.7149107
481,466,PRPS2,ABCG2,0.71357083
481,422,PRPS2,SESN1,0.7135626
481,363,PRPS2,MYC,0.71200085
481,180,PRPS2,TRIM35,0.7069188
481,436,PRPS2,RARB,0.7035979
481,263,PRPS2,JUN,0.70242053
481,557,PRPS2,SATB1,0.6993716
481,357,PRPS2,MEIS1,0.6965245
481,81,PRPS2,HDAC11,0.6962988
481,494,PRPS2,USP11,0.6918013
481,82,PRPS2,RB1,0.6917739
481,232,PRPS2,ICAM1,0.68848085
481,34,PRPS2,MAML3,0.687494
481,559,PRPS2,RUNX1T1,0.67843366
481,6,PRPS2,BTG2,0.66841346
481,449,PRPS2,TIE1,0.66548496
481,289,PRPS2,GT(ROSA)26SOR,0.6623761
428,621,PRSS57,SNRPB,0.9350518
428,589,PRSS57,YBX1,0.92474705
428,413,PRSS57,RASSF4,0.91865337
428,587,PRSS57,NCAPD2,0.91865337
428,351,PRSS57,ERCC8,0.8894346
428,367,PRSS57,HCFC1,0.88821405
428,67,PRSS57,HDAC2,0.88366205
428,353,PRSS57,CBFB,0.8796244
428,209,PRSS57,ZBTB16,0.8709828
428,439,PRSS57,DDX20,0.86843526
428,165,PRSS57,GTF2H1,0.8593966
428,480,PRSS57,WDR5,0.8424153
428,475,PRSS57,BCL2,0.8381065
428,363,PRSS57,MYC,0.83029085
428,508,PRSS57,NDRG1,0.8262888
428,206,PRSS57,ZDHHC6,0.8214982
428,161,PRSS57,JARID2,0.81536126
428,29,PRSS57,IKZF1,0.8147214
428,482,PRSS57,NFATC2,0.8043779
428,376,PRSS57,ATF7,0.8027027
428,347,PRSS57,RNF4,0.8021082
428,389,PRSS57,FOXRED1,0.8021082
428,562,PRSS57,NFIA,0.8021082
428,577,PRSS57,CAD,0.8021082
428,261,PRSS57,EZR,0.79889566
428,485,PRSS57,ABL1,0.7870722
428,292,PRSS57,HDAC7,0.7827605
428,345,PRSS57,UHRF1,0.7792031
428,437,PRSS57,MYB,0.77026856
428,48,PRSS57,ELANE,0.7628878
428,486,PRSS57,NFKBIA,0.75972426
428,315,PRSS57,CTSL,0.7464164
428,208,PRSS57,CISH,0.73473644
428,177,PRSS57,RELB,0.73413795
428,6,PRSS57,BTG2,0.72464854
428,429,PRSS57,GFI1B,0.7228965
428,564,PRSS57,MFNG,0.72067165
428,196,PRSS57,RARS,0.71885645
428,494,PRSS57,USP11,0.71235687
428,631,PRSS57,ZFP36,0.7113504
428,180,PRSS57,TRIM35,0.7070132
428,263,PRSS57,JUN,0.7024965
428,175,PRSS57,TLE2,0.7002005
428,81,PRSS57,HDAC11,0.6961269
428,283,PRSS57,EGR1,0.6930372
428,82,PRSS57,RB1,0.69159496
428,232,PRSS57,ICAM1,0.68858284
428,34,PRSS57,MAML3,0.68767226
428,440,PRSS57,TMEM97,0.67438287
428,300,PRSS57,TARS,0.67438275
166,353,PSAT1,CBFB,0.9845547
166,587,PSAT1,NCAPD2,0.9809311
166,413,PSAT1,RASSF4,0.9809302
166,67,PSAT1,HDAC2,0.9793284
166,621,PSAT1,SNRPB,0.978508
166,589,PSAT1,YBX1,0.96779263
166,508,PSAT1,NDRG1,0.95920914
166,165,PSAT1,GTF2H1,0.95738935
166,209,PSAT1,ZBTB16,0.9572494
166,292,PSAT1,HDAC7,0.9546473
166,475,PSAT1,BCL2,0.95403993
166,261,PSAT1,EZR,0.9467583
166,161,PSAT1,JARID2,0.94615275
166,485,PSAT1,ABL1,0.9446755
166,482,PSAT1,NFATC2,0.9407935
166,367,PSAT1,HCFC1,0.9407545
166,206,PSAT1,ZDHHC6,0.9406796
166,631,PSAT1,ZFP36,0.9383769
166,564,PSAT1,MFNG,0.9381846
166,486,PSAT1,NFKBIA,0.93813014
166,439,PSAT1,DDX20,0.9379889
166,363,PSAT1,MYC,0.9369203
166,331,PSAT1,PIM2,0.92436546
166,315,PSAT1,CTSL,0.92250997
166,410,PSAT1,SMARCA2,0.920456
166,29,PSAT1,IKZF1,0.91917694
166,177,PSAT1,RELB,0.9138617
166,81,PSAT1,HDAC11,0.91107905
166,34,PSAT1,MAML3,0.9045993
166,351,PSAT1,ERCC8,0.90404546
166,48,PSAT1,ELANE,0.9028075
166,82,PSAT1,RB1,0.89996624
166,208,PSAT1,CISH,0.89897126
166,180,PSAT1,TRIM35,0.8980473
166,283,PSAT1,EGR1,0.89290863
166,437,PSAT1,MYB,0.8876106
166,436,PSAT1,RARB,0.8847336
166,196,PSAT1,RARS,0.87834346
166,226,PSAT1,POLR2B,0.87772334
166,494,PSAT1,USP11,0.8742091
166,104,PSAT1,BTK,0.868181
166,232,PSAT1,ICAM1,0.8677104
166,357,PSAT1,MEIS1,0.8553124
166,263,PSAT1,JUN,0.85433066
166,557,PSAT1,SATB1,0.85274297
166,134,PSAT1,PA2G4,0.84679186
166,194,PSAT1,GOLPH3,0.8446592
166,199,PSAT1,E2F4,0.8413718
166,422,PSAT1,SESN1,0.8353874
166,466,PSAT1,ABCG2,0.8343335
326,621,PSEN1,SNRPB,0.9282103
326,353,PSEN1,CBFB,0.895775
326,475,PSEN1,BCL2,0.8942831
326,413,PSEN1,RASSF4,0.8941586
326,587,PSEN1,NCAPD2,0.8941586
326,67,PSEN1,HDAC2,0.8850062
326,589,PSEN1,YBX1,0.881117
326,209,PSEN1,ZBTB16,0.87076676
326,165,PSEN1,GTF2H1,0.8593966
326,485,PSEN1,ABL1,0.8572532
326,292,PSEN1,HDAC7,0.8490846
326,161,PSEN1,JARID2,0.8247187
326,508,PSEN1,NDRG1,0.82139933
326,29,PSEN1,IKZF1,0.8147214
326,261,PSEN1,EZR,0.79889566
326,367,PSEN1,HCFC1,0.7698142
326,437,PSEN1,MYB,0.76757336
326,283,PSEN1,EGR1,0.7656194
326,439,PSEN1,DDX20,0.7637642
326,48,PSEN1,ELANE,0.7628878
326,631,PSEN1,ZFP36,0.7616878
326,351,PSEN1,ERCC8,0.75880235
326,206,PSEN1,ZDHHC6,0.75573045
326,486,PSEN1,NFKBIA,0.7551303
326,564,PSEN1,MFNG,0.74007237
326,208,PSEN1,CISH,0.7360838
326,177,PSEN1,RELB,0.73413795
326,331,PSEN1,PIM2,0.7212916
326,196,PSEN1,RARS,0.71889025
326,363,PSEN1,MYC,0.7176446
326,410,PSEN1,SMARCA2,0.7171445
326,482,PSEN1,NFATC2,0.71484596
326,422,PSEN1,SESN1,0.7136104
326,466,PSEN1,ABCG2,0.71360517
326,180,PSEN1,TRIM35,0.7070132
326,436,PSEN1,RARB,0.7036986
326,263,PSEN1,JUN,0.70247537
326,315,PSEN1,CTSL,0.7021753
326,81,PSEN1,HDAC11,0.69659007
326,494,PSEN1,USP11,0.6917651
326,82,PSEN1,RB1,0.6916146
326,232,PSEN1,ICAM1,0.68858284
326,34,PSEN1,MAML3,0.68767226
326,357,PSEN1,MEIS1,0.68119794
326,6,PSEN1,BTG2,0.66849935
326,536,PSEN1,SPI1,0.66701454
326,449,PSEN1,TIE1,0.66598004
326,253,PSEN1,GRINA,0.6624757
326,289,PSEN1,GT(ROSA)26SOR,0.6624757
326,613,PSEN1,PGLYRP2,0.6624757
234,621,PSTPIP1,SNRPB,0.9282103
234,353,PSTPIP1,CBFB,0.895775
234,475,PSTPIP1,BCL2,0.8942831
234,413,PSTPIP1,RASSF4,0.8941586
234,587,PSTPIP1,NCAPD2,0.8941586
234,209,PSTPIP1,ZBTB16,0.89039236
234,67,PSTPIP1,HDAC2,0.8850062
234,589,PSTPIP1,YBX1,0.8819421
234,485,PSTPIP1,ABL1,0.8572532
234,292,PSTPIP1,HDAC7,0.8490846
234,206,PSTPIP1,ZDHHC6,0.8222312
234,508,PSTPIP1,NDRG1,0.82139933
234,161,PSTPIP1,JARID2,0.81536126
234,165,PSTPIP1,GTF2H1,0.81505626
234,29,PSTPIP1,IKZF1,0.81439006
234,261,PSTPIP1,EZR,0.79889566
234,367,PSTPIP1,HCFC1,0.7696027
234,437,PSTPIP1,MYB,0.76757336
234,283,PSTPIP1,EGR1,0.76525295
234,439,PSTPIP1,DDX20,0.7642922
234,48,PSTPIP1,ELANE,0.7628878
234,631,PSTPIP1,ZFP36,0.7616878
234,486,PSTPIP1,NFKBIA,0.7551303
234,351,PSTPIP1,ERCC8,0.7502097
234,564,PSTPIP1,MFNG,0.74007237
234,208,PSTPIP1,CISH,0.7360838
234,177,PSTPIP1,RELB,0.73415965
234,331,PSTPIP1,PIM2,0.7212916
234,196,PSTPIP1,RARS,0.71889025
234,363,PSTPIP1,MYC,0.7176446
234,410,PSTPIP1,SMARCA2,0.7171445
234,333,PSTPIP1,EPAS1,0.7149368
234,482,PSTPIP1,NFATC2,0.71484596
234,466,PSTPIP1,ABCG2,0.7133517
234,180,PSTPIP1,TRIM35,0.7070132
234,436,PSTPIP1,RARB,0.7036986
234,263,PSTPIP1,JUN,0.70247537
234,315,PSTPIP1,CTSL,0.70178914
234,357,PSTPIP1,MEIS1,0.6965902
234,81,PSTPIP1,HDAC11,0.6961269
234,557,PSTPIP1,SATB1,0.69231915
234,494,PSTPIP1,USP11,0.6917651
234,82,PSTPIP1,RB1,0.69159496
234,232,PSTPIP1,ICAM1,0.68858284
234,34,PSTPIP1,MAML3,0.68767226
234,422,PSTPIP1,SESN1,0.68743384
234,289,PSTPIP1,GT(ROSA)26SOR,0.6688707
234,6,PSTPIP1,BTG2,0.66849935
234,146,PSTPIP1,SCARF1,0.6670265
234,536,PSTPIP1,SPI1,0.66701454
424,621,PTDSS1,SNRPB,0.9042036
424,353,PTDSS1,CBFB,0.895775
424,475,PTDSS1,BCL2,0.8942831
424,413,PTDSS1,RASSF4,0.8941586
424,587,PTDSS1,NCAPD2,0.8941586
424,67,PTDSS1,HDAC2,0.88366205
424,589,PTDSS1,YBX1,0.8819421
424,209,PTDSS1,ZBTB16,0.8709828
424,165,PTDSS1,GTF2H1,0.8593966
424,292,PTDSS1,HDAC7,0.8490846
424,485,PTDSS1,ABL1,0.8314051
424,206,PTDSS1,ZDHHC6,0.8214982
424,508,PTDSS1,NDRG1,0.82132006
424,161,PTDSS1,JARID2,0.81536126
424,29,PTDSS1,IKZF1,0.8147214
424,261,PTDSS1,EZR,0.79889566
424,367,PTDSS1,HCFC1,0.76835895
424,283,PTDSS1,EGR1,0.7656194
424,439,PTDSS1,DDX20,0.7633882
424,48,PTDSS1,ELANE,0.7628878
424,631,PTDSS1,ZFP36,0.7616878
424,486,PTDSS1,NFKBIA,0.7551303
424,351,PTDSS1,ERCC8,0.75042284
424,564,PTDSS1,MFNG,0.74007237
424,208,PTDSS1,CISH,0.73473644
424,177,PTDSS1,RELB,0.73413795
424,6,PTDSS1,BTG2,0.72464854
424,331,PTDSS1,PIM2,0.7212916
424,196,PTDSS1,RARS,0.71885645
424,363,PTDSS1,MYC,0.7174703
424,410,PTDSS1,SMARCA2,0.71717817
424,482,PTDSS1,NFATC2,0.71484596
424,422,PTDSS1,SESN1,0.7136104
424,466,PTDSS1,ABCG2,0.71360517
424,436,PTDSS1,RARB,0.7084721
424,180,PTDSS1,TRIM35,0.7070132
424,263,PTDSS1,JUN,0.7024965
424,315,PTDSS1,CTSL,0.70188516
424,175,PTDSS1,TLE2,0.7002005
424,357,PTDSS1,MEIS1,0.6965699
424,81,PTDSS1,HDAC11,0.6961269
424,557,PTDSS1,SATB1,0.69231915
424,494,PTDSS1,USP11,0.6917651
424,82,PTDSS1,RB1,0.69159496
424,232,PTDSS1,ICAM1,0.68858284
424,34,PTDSS1,MAML3,0.68767226
424,437,PTDSS1,MYB,0.6773276
424,536,PTDSS1,SPI1,0.66721606
424,449,PTDSS1,TIE1,0.66557777
424,253,PTDSS1,GRINA,0.6624757
322,475,PTGR1,BCL2,0.95039636
322,621,PTGR1,SNRPB,0.9282103
322,353,PTGR1,CBFB,0.895775
322,413,PTGR1,RASSF4,0.8941586
322,587,PTGR1,NCAPD2,0.8933038
322,67,PTGR1,HDAC2,0.8850062
322,589,PTGR1,YBX1,0.8819421
322,209,PTGR1,ZBTB16,0.8709828
322,165,PTGR1,GTF2H1,0.8593966
322,485,PTGR1,ABL1,0.8572532
322,206,PTGR1,ZDHHC6,0.8222312
322,508,PTGR1,NDRG1,0.82139933
322,161,PTGR1,JARID2,0.81536126
322,29,PTGR1,IKZF1,0.8147214
322,261,PTGR1,EZR,0.79879767
322,292,PTGR1,HDAC7,0.7929506
322,437,PTGR1,MYB,0.76768965
322,283,PTGR1,EGR1,0.7656194
322,439,PTGR1,DDX20,0.7637642
322,48,PTGR1,ELANE,0.7628878
322,367,PTGR1,HCFC1,0.762447
322,631,PTGR1,ZFP36,0.7616878
322,486,PTGR1,NFKBIA,0.7551303
322,351,PTGR1,ERCC8,0.7502097
322,564,PTGR1,MFNG,0.74007237
322,208,PTGR1,CISH,0.7360838
322,177,PTGR1,RELB,0.7349779
322,175,PTGR1,TLE2,0.727379
322,331,PTGR1,PIM2,0.7212916
322,196,PTGR1,RARS,0.7185634
322,363,PTGR1,MYC,0.7176446
322,410,PTGR1,SMARCA2,0.7174124
322,422,PTGR1,SESN1,0.7136104
322,466,PTGR1,ABCG2,0.71360517
322,482,PTGR1,NFATC2,0.7129028
322,180,PTGR1,TRIM35,0.7070132
322,436,PTGR1,RARB,0.7036986
322,263,PTGR1,JUN,0.70247537
322,315,PTGR1,CTSL,0.70188516
322,357,PTGR1,MEIS1,0.6969625
322,81,PTGR1,HDAC11,0.6961269
322,557,PTGR1,SATB1,0.69231915
322,494,PTGR1,USP11,0.6917651
322,82,PTGR1,RB1,0.69166064
322,232,PTGR1,ICAM1,0.68858284
322,34,PTGR1,MAML3,0.68767226
322,580,PTGR1,MLLT3,0.6799653
322,550,PTGR1,CREB5,0.6749249
322,6,PTGR1,BTG2,0.66849935
322,536,PTGR1,SPI1,0.66701454
362,621,PTGS1,SNRPB,0.9282103
362,353,PTGS1,CBFB,0.895775
362,475,PTGS1,BCL2,0.8942831
362,413,PTGS1,RASSF4,0.8941586
362,587,PTGS1,NCAPD2,0.8941586
362,67,PTGS1,HDAC2,0.8850062
362,589,PTGS1,YBX1,0.8819421
362,165,PTGS1,GTF2H1,0.8593966
362,485,PTGS1,ABL1,0.8572532
362,292,PTGS1,HDAC7,0.8490846
362,206,PTGS1,ZDHHC6,0.8222312
362,508,PTGS1,NDRG1,0.82139933
362,209,PTGS1,ZBTB16,0.8206292
362,29,PTGS1,IKZF1,0.8147286
362,261,PTGS1,EZR,0.79889566
362,161,PTGS1,JARID2,0.776108
362,367,PTGS1,HCFC1,0.7698142
362,437,PTGS1,MYB,0.7657898
362,283,PTGS1,EGR1,0.7656194
362,48,PTGS1,ELANE,0.7628878
362,631,PTGS1,ZFP36,0.7616878
362,486,PTGS1,NFKBIA,0.7551303
362,351,PTGS1,ERCC8,0.75026226
362,564,PTGS1,MFNG,0.74007237
362,177,PTGS1,RELB,0.7341377
362,331,PTGS1,PIM2,0.7212916
362,196,PTGS1,RARS,0.71889025
362,363,PTGS1,MYC,0.7176446
362,410,PTGS1,SMARCA2,0.7174124
362,482,PTGS1,NFATC2,0.71484596
362,422,PTGS1,SESN1,0.7136104
362,466,PTGS1,ABCG2,0.71360517
362,180,PTGS1,TRIM35,0.7070132
362,436,PTGS1,RARB,0.7036986
362,263,PTGS1,JUN,0.70247537
362,315,PTGS1,CTSL,0.70188516
362,357,PTGS1,MEIS1,0.6965902
362,81,PTGS1,HDAC11,0.6961269
362,557,PTGS1,SATB1,0.69231915
362,494,PTGS1,USP11,0.6917651
362,82,PTGS1,RB1,0.69159496
362,232,PTGS1,ICAM1,0.68858284
362,34,PTGS1,MAML3,0.68767226
362,208,PTGS1,CISH,0.67332405
362,6,PTGS1,BTG2,0.66849935
362,536,PTGS1,SPI1,0.66701454
362,449,PTGS1,TIE1,0.66557777
362,253,PTGS1,GRINA,0.6624757
362,613,PTGS1,PGLYRP2,0.6624757
362,289,PTGS1,GT(ROSA)26SOR,0.6624257
571,621,PTTG1IP,SNRPB,0.9349841
571,589,PTTG1IP,YBX1,0.9247209
571,587,PTTG1IP,NCAPD2,0.91865337
571,413,PTTG1IP,RASSF4,0.9183001
571,261,PTTG1IP,EZR,0.9169417
571,165,PTTG1IP,GTF2H1,0.90930307
571,351,PTTG1IP,ERCC8,0.8894346
571,367,PTTG1IP,HCFC1,0.88821405
571,67,PTTG1IP,HDAC2,0.8853139
571,353,PTTG1IP,CBFB,0.8796244
571,439,PTTG1IP,DDX20,0.86843526
571,480,PTTG1IP,WDR5,0.8424153
571,475,PTTG1IP,BCL2,0.8403099
571,209,PTTG1IP,ZBTB16,0.83104986
571,363,PTTG1IP,MYC,0.83029085
571,508,PTTG1IP,NDRG1,0.8264976
571,482,PTTG1IP,NFATC2,0.8166969
571,29,PTTG1IP,IKZF1,0.8147214
571,220,PTTG1IP,TMEM43,0.8025086
571,154,PTTG1IP,HDGF,0.8021082
571,166,PTTG1IP,PSAT1,0.8021082
571,197,PTTG1IP,WDR4,0.8021082
571,212,PTTG1IP,FLT3,0.8021082
571,217,PTTG1IP,PRMT7,0.8021082
571,347,PTTG1IP,RNF4,0.8021082
571,376,PTTG1IP,ATF7,0.8021082
571,389,PTTG1IP,FOXRED1,0.8021082
571,562,PTTG1IP,NFIA,0.8021082
571,577,PTTG1IP,CAD,0.8021082
571,226,PTTG1IP,POLR2B,0.7965205
571,485,PTTG1IP,ABL1,0.7870722
571,292,PTTG1IP,HDAC7,0.7827605
571,206,PTTG1IP,ZDHHC6,0.77961844
571,345,PTTG1IP,UHRF1,0.7792031
571,437,PTTG1IP,MYB,0.7703459
571,48,PTTG1IP,ELANE,0.7628878
571,554,PTTG1IP,CDT1,0.76276433
571,486,PTTG1IP,NFKBIA,0.75972426
571,161,PTTG1IP,JARID2,0.7471227
571,315,PTTG1IP,CTSL,0.7464164
571,199,PTTG1IP,E2F4,0.74356776
571,429,PTTG1IP,GFI1B,0.7228965
571,494,PTTG1IP,USP11,0.71235687
571,631,PTTG1IP,ZFP36,0.7113504
571,81,PTTG1IP,HDAC11,0.6961269
571,283,PTTG1IP,EGR1,0.6930372
571,82,PTTG1IP,RB1,0.69159496
571,34,PTTG1IP,MAML3,0.68767226
571,300,PTTG1IP,TARS,0.6762818
571,440,PTTG1IP,TMEM97,0.67438287
121,413,PUS7,RASSF4,0.9843167
121,621,PUS7,SNRPB,0.9819766
121,353,PUS7,CBFB,0.9817614
121,587,PUS7,NCAPD2,0.9794373
121,67,PUS7,HDAC2,0.9772479
121,589,PUS7,YBX1,0.9753573
121,367,PUS7,HCFC1,0.95942414
121,363,PUS7,MYC,0.9593256
121,165,PUS7,GTF2H1,0.9593095
121,439,PUS7,DDX20,0.9548373
121,508,PUS7,NDRG1,0.9524238
121,209,PUS7,ZBTB16,0.9446286
121,226,PUS7,POLR2B,0.9438947
121,482,PUS7,NFATC2,0.9426594
121,351,PUS7,ERCC8,0.93937516
121,475,PUS7,BCL2,0.93206257
121,82,PUS7,RB1,0.93109506
121,33,PUS7,CSTF2,0.92474127
121,206,PUS7,ZDHHC6,0.9206409
121,199,PUS7,E2F4,0.9196175
121,28,PUS7,NFE2,0.9173735
121,486,PUS7,NFKBIA,0.9163149
121,375,PUS7,SRSF1,0.91251874
121,117,PUS7,TFG,0.91107357
121,372,PUS7,BACE1,0.91107357
121,3,PUS7,POLR1B,0.91058457
121,485,PUS7,ABL1,0.9088597
121,575,PUS7,GTF2F1,0.9073614
121,161,PUS7,JARID2,0.9065885
121,292,PUS7,HDAC7,0.90246046
121,437,PUS7,MYB,0.9023896
121,86,PUS7,RANGAP1,0.89725685
121,631,PUS7,ZFP36,0.89634025
121,564,PUS7,MFNG,0.8911062
121,315,PUS7,CTSL,0.8867514
121,345,PUS7,UHRF1,0.8861371
121,357,PUS7,MEIS1,0.8810731
121,134,PUS7,PA2G4,0.87897015
121,274,PUS7,NOP2,0.8789518
121,404,PUS7,FTSJ3,0.8789518
121,331,PUS7,PIM2,0.87614626
121,422,PUS7,SESN1,0.87489456
121,426,PUS7,PRPF4,0.86880064
121,240,PUS7,RPA2,0.865592
121,410,PUS7,SMARCA2,0.85938644
121,29,PUS7,IKZF1,0.8547521
121,376,PUS7,ATF7,0.8448924
121,347,PUS7,RNF4,0.8448522
121,154,PUS7,HDGF,0.84476876
121,166,PUS7,PSAT1,0.84476876
9,621,RAB31,SNRPB,0.95097345
9,587,RAB31,NCAPD2,0.9407738
9,413,RAB31,RASSF4,0.9406458
9,67,RAB31,HDAC2,0.9362341
9,353,RAB31,CBFB,0.92956126
9,589,RAB31,YBX1,0.9259062
9,165,RAB31,GTF2H1,0.9177448
9,475,RAB31,BCL2,0.9076719
9,508,RAB31,NDRG1,0.885293
9,485,RAB31,ABL1,0.87889785
9,292,RAB31,HDAC7,0.87427723
9,367,RAB31,HCFC1,0.8672752
9,261,RAB31,EZR,0.8629217
9,439,RAB31,DDX20,0.8591114
9,206,RAB31,ZDHHC6,0.85229677
9,351,RAB31,ERCC8,0.8486627
9,161,RAB31,JARID2,0.84687304
9,209,RAB31,ZBTB16,0.8426372
9,363,RAB31,MYC,0.8367577
9,482,RAB31,NFATC2,0.82314384
9,29,RAB31,IKZF1,0.81983215
9,486,RAB31,NFKBIA,0.8189423
9,82,RAB31,RB1,0.8032898
9,48,RAB31,ELANE,0.8028405
9,631,RAB31,ZFP36,0.7990877
9,315,RAB31,CTSL,0.79838955
9,564,RAB31,MFNG,0.7981732
9,437,RAB31,MYB,0.79652554
9,494,RAB31,USP11,0.78033054
9,480,RAB31,WDR5,0.7764473
9,283,RAB31,EGR1,0.771825
9,104,RAB31,BTK,0.7691069
9,208,RAB31,CISH,0.75246423
9,177,RAB31,RELB,0.7461571
9,226,RAB31,POLR2B,0.7446073
9,331,RAB31,PIM2,0.73784065
9,347,RAB31,RNF4,0.7282477
9,410,RAB31,SMARCA2,0.7232165
9,134,RAB31,PA2G4,0.7223564
9,196,RAB31,RARS,0.7119779
9,422,RAB31,SESN1,0.702083
9,180,RAB31,TRIM35,0.69237834
9,154,RAB31,HDGF,0.6903966
9,263,RAB31,JUN,0.6894478
9,166,RAB31,PSAT1,0.68854225
9,197,RAB31,WDR4,0.68854225
9,212,RAB31,FLT3,0.68854225
9,217,RAB31,PRMT7,0.68854225
9,220,RAB31,TMEM43,0.68854225
9,376,RAB31,ATF7,0.68854225
503,621,RAB37,SNRPB,0.9282532
503,353,RAB37,CBFB,0.895775
503,475,RAB37,BCL2,0.8942831
503,413,RAB37,RASSF4,0.8941586
503,587,RAB37,NCAPD2,0.8941586
503,67,RAB37,HDAC2,0.8850062
503,589,RAB37,YBX1,0.8819421
503,209,RAB37,ZBTB16,0.871304
503,165,RAB37,GTF2H1,0.8593966
503,485,RAB37,ABL1,0.8572532
503,292,RAB37,HDAC7,0.8490846
503,206,RAB37,ZDHHC6,0.8222312
503,508,RAB37,NDRG1,0.82139933
503,161,RAB37,JARID2,0.81536126
503,29,RAB37,IKZF1,0.8147214
503,261,RAB37,EZR,0.7987026
503,331,RAB37,PIM2,0.78441936
503,367,RAB37,HCFC1,0.7698142
503,437,RAB37,MYB,0.76763517
503,283,RAB37,EGR1,0.7656194
503,439,RAB37,DDX20,0.7637642
503,48,RAB37,ELANE,0.7628878
503,631,RAB37,ZFP36,0.76164263
503,351,RAB37,ERCC8,0.74992025
503,486,RAB37,NFKBIA,0.7453303
503,557,RAB37,SATB1,0.7434285
503,564,RAB37,MFNG,0.74007237
503,208,RAB37,CISH,0.7360838
503,177,RAB37,RELB,0.73389816
503,196,RAB37,RARS,0.7185634
503,363,RAB37,MYC,0.7176446
503,410,RAB37,SMARCA2,0.7174124
503,482,RAB37,NFATC2,0.7146369
503,466,RAB37,ABCG2,0.71360517
503,422,RAB37,SESN1,0.71333945
503,180,RAB37,TRIM35,0.7070132
503,436,RAB37,RARB,0.7036986
503,263,RAB37,JUN,0.7036811
503,315,RAB37,CTSL,0.70188516
503,357,RAB37,MEIS1,0.6965902
503,81,RAB37,HDAC11,0.6961269
503,494,RAB37,USP11,0.69290197
503,82,RAB37,RB1,0.69159496
503,94,RAB37,TRIB3,0.6907174
503,232,RAB37,ICAM1,0.68858284
503,34,RAB37,MAML3,0.6875869
503,277,RAB37,RTP4,0.6827772
503,79,RAB37,STAT2,0.67111
503,6,RAB37,BTG2,0.66849935
503,536,RAB37,SPI1,0.66701454
451,621,RAB44,SNRPB,0.9282103
451,353,RAB44,CBFB,0.895775
451,475,RAB44,BCL2,0.8942831
451,413,RAB44,RASSF4,0.8941586
451,587,RAB44,NCAPD2,0.8941586
451,67,RAB44,HDAC2,0.8850062
451,589,RAB44,YBX1,0.8819421
451,209,RAB44,ZBTB16,0.8709828
451,165,RAB44,GTF2H1,0.8593966
451,485,RAB44,ABL1,0.8572532
451,206,RAB44,ZDHHC6,0.8222312
451,508,RAB44,NDRG1,0.82139933
451,161,RAB44,JARID2,0.81536126
451,29,RAB44,IKZF1,0.8147214
451,292,RAB44,HDAC7,0.8040674
451,261,RAB44,EZR,0.7989029
451,367,RAB44,HCFC1,0.7698142
451,283,RAB44,EGR1,0.7656194
451,439,RAB44,DDX20,0.7637642
451,48,RAB44,ELANE,0.7628878
451,631,RAB44,ZFP36,0.7619789
451,351,RAB44,ERCC8,0.7502097
451,486,RAB44,NFKBIA,0.74496114
451,564,RAB44,MFNG,0.74007237
451,208,RAB44,CISH,0.7360838
451,177,RAB44,RELB,0.73413795
451,437,RAB44,MYB,0.73369473
451,331,RAB44,PIM2,0.7212916
451,196,RAB44,RARS,0.71889025
451,410,RAB44,SMARCA2,0.7174124
451,482,RAB44,NFATC2,0.71484596
451,180,RAB44,TRIM35,0.7070132
451,436,RAB44,RARB,0.7036986
451,263,RAB44,JUN,0.70221764
451,315,RAB44,CTSL,0.7008195
451,357,RAB44,MEIS1,0.6965902
451,81,RAB44,HDAC11,0.6961269
451,557,RAB44,SATB1,0.69231915
451,494,RAB44,USP11,0.6917651
451,232,RAB44,ICAM1,0.68858284
451,34,RAB44,MAML3,0.68767226
451,422,RAB44,SESN1,0.6876312
451,82,RAB44,RB1,0.6864362
451,536,RAB44,SPI1,0.6863567
451,6,RAB44,BTG2,0.66849935
451,449,RAB44,TIE1,0.66557777
451,289,RAB44,GT(ROSA)26SOR,0.6624757
451,613,RAB44,PGLYRP2,0.6624757
451,69,RAB44,NAP1L3,0.6570883
451,146,RAB44,SCARF1,0.6570883
281,621,RABGGTB,SNRPB,0.9282103
281,353,RABGGTB,CBFB,0.895775
281,475,RABGGTB,BCL2,0.8942831
281,413,RABGGTB,RASSF4,0.8941586
281,587,RABGGTB,NCAPD2,0.8941586
281,67,RABGGTB,HDAC2,0.8850062
281,589,RABGGTB,YBX1,0.8819421
281,209,RABGGTB,ZBTB16,0.8709828
281,165,RABGGTB,GTF2H1,0.8593966
281,485,RABGGTB,ABL1,0.8572532
281,292,RABGGTB,HDAC7,0.8490846
281,206,RABGGTB,ZDHHC6,0.8222312
281,508,RABGGTB,NDRG1,0.82139933
281,161,RABGGTB,JARID2,0.81536126
281,29,RABGGTB,IKZF1,0.8147214
281,261,RABGGTB,EZR,0.79880077
281,367,RABGGTB,HCFC1,0.7698142
281,437,RABGGTB,MYB,0.76757336
281,283,RABGGTB,EGR1,0.76574767
281,439,RABGGTB,DDX20,0.7637642
281,48,RABGGTB,ELANE,0.76270694
281,631,RABGGTB,ZFP36,0.76135296
281,486,RABGGTB,NFKBIA,0.7551303
281,351,RABGGTB,ERCC8,0.7502097
281,564,RABGGTB,MFNG,0.74007237
281,208,RABGGTB,CISH,0.7360838
281,177,RABGGTB,RELB,0.73413795
281,331,RABGGTB,PIM2,0.7212916
281,196,RABGGTB,RARS,0.71889025
281,363,RABGGTB,MYC,0.7176446
281,410,RABGGTB,SMARCA2,0.7174124
281,466,RABGGTB,ABCG2,0.71360517
281,422,RABGGTB,SESN1,0.71352273
281,180,RABGGTB,TRIM35,0.7070132
281,436,RABGGTB,RARB,0.7036986
281,263,RABGGTB,JUN,0.70247537
281,315,RABGGTB,CTSL,0.701837
281,357,RABGGTB,MEIS1,0.6965902
281,81,RABGGTB,HDAC11,0.6961269
281,557,RABGGTB,SATB1,0.69231915
281,82,RABGGTB,RB1,0.69159496
281,232,RABGGTB,ICAM1,0.68858284
281,34,RABGGTB,MAML3,0.68747294
281,482,RABGGTB,NFATC2,0.67349005
281,6,RABGGTB,BTG2,0.66849935
281,536,RABGGTB,SPI1,0.66701454
281,449,RABGGTB,TIE1,0.66557777
281,515,RABGGTB,IGHM,0.6644106
281,175,RABGGTB,TLE2,0.6639168
281,253,RABGGTB,GRINA,0.6624757
190,621,RAD51,SNRPB,0.9282109
190,353,RAD51,CBFB,0.895597
190,587,RAD51,NCAPD2,0.89432716
190,475,RAD51,BCL2,0.8942831
190,67,RAD51,HDAC2,0.8850062
190,589,RAD51,YBX1,0.8821683
190,209,RAD51,ZBTB16,0.8709828
190,165,RAD51,GTF2H1,0.8593966
190,485,RAD51,ABL1,0.8572532
190,413,RAD51,RASSF4,0.85525835
190,292,RAD51,HDAC7,0.84821266
190,206,RAD51,ZDHHC6,0.8222312
190,508,RAD51,NDRG1,0.82139933
190,161,RAD51,JARID2,0.8158728
190,29,RAD51,IKZF1,0.8147214
190,261,RAD51,EZR,0.79889566
190,367,RAD51,HCFC1,0.7698142
190,437,RAD51,MYB,0.7678526
190,283,RAD51,EGR1,0.765534
190,439,RAD51,DDX20,0.7641273
190,48,RAD51,ELANE,0.7628878
190,631,RAD51,ZFP36,0.7616878
190,486,RAD51,NFKBIA,0.7551303
190,208,RAD51,CISH,0.7360838
190,177,RAD51,RELB,0.73413795
190,564,RAD51,MFNG,0.73381346
190,79,RAD51,STAT2,0.7255966
190,331,RAD51,PIM2,0.7212916
190,196,RAD51,RARS,0.7206681
190,410,RAD51,SMARCA2,0.7174124
190,363,RAD51,MYC,0.7174006
190,482,RAD51,NFATC2,0.71552813
190,422,RAD51,SESN1,0.7136104
190,466,RAD51,ABCG2,0.71360517
190,180,RAD51,TRIM35,0.706945
190,436,RAD51,RARB,0.7036986
190,263,RAD51,JUN,0.7025586
190,315,RAD51,CTSL,0.70188516
190,357,RAD51,MEIS1,0.6963556
190,81,RAD51,HDAC11,0.6961269
190,557,RAD51,SATB1,0.6925329
190,494,RAD51,USP11,0.6917651
190,82,RAD51,RB1,0.69159496
190,232,RAD51,ICAM1,0.68858284
190,34,RAD51,MAML3,0.68767226
190,6,RAD51,BTG2,0.66849935
190,536,RAD51,SPI1,0.66701454
190,449,RAD51,TIE1,0.665706
190,289,RAD51,GT(ROSA)26SOR,0.6624757
190,613,RAD51,PGLYRP2,0.6624757
271,621,RANBP3,SNRPB,0.9282437
271,353,RANBP3,CBFB,0.89585173
271,475,RANBP3,BCL2,0.8943672
271,413,RANBP3,RASSF4,0.8940922
271,587,RANBP3,NCAPD2,0.8940922
271,67,RANBP3,HDAC2,0.88492954
271,589,RANBP3,YBX1,0.88192445
271,209,RANBP3,ZBTB16,0.87110186
271,165,RANBP3,GTF2H1,0.85930365
271,485,RANBP3,ABL1,0.85737944
271,206,RANBP3,ZDHHC6,0.8223163
271,508,RANBP3,NDRG1,0.82132447
271,29,RANBP3,IKZF1,0.81474376
271,292,RANBP3,HDAC7,0.80055517
271,261,RANBP3,EZR,0.7993031
271,161,RANBP3,JARID2,0.7921231
271,367,RANBP3,HCFC1,0.7698436
271,437,RANBP3,MYB,0.76760834
271,283,RANBP3,EGR1,0.76524156
271,48,RANBP3,ELANE,0.7629324
271,631,RANBP3,ZFP36,0.7616054
271,351,RANBP3,ERCC8,0.7502405
271,486,RANBP3,NFKBIA,0.74496186
271,564,RANBP3,MFNG,0.7400614
271,208,RANBP3,CISH,0.7361186
271,177,RANBP3,RELB,0.73409057
271,79,RANBP3,STAT2,0.7256902
271,331,RANBP3,PIM2,0.72121423
271,196,RANBP3,RARS,0.7189893
271,363,RANBP3,MYC,0.7177345
271,410,RANBP3,SMARCA2,0.7173429
271,482,RANBP3,NFATC2,0.7148091
271,466,RANBP3,ABCG2,0.71390116
271,422,RANBP3,SESN1,0.71353734
271,180,RANBP3,TRIM35,0.70712304
271,436,RANBP3,RARB,0.7037775
271,263,RANBP3,JUN,0.7025753
271,315,RANBP3,CTSL,0.7017522
271,357,RANBP3,MEIS1,0.69635475
271,81,RANBP3,HDAC11,0.69601506
271,445,RANBP3,APBB1,0.6935834
271,557,RANBP3,SATB1,0.6923972
271,494,RANBP3,USP11,0.69164395
271,82,RANBP3,RB1,0.6916347
271,232,RANBP3,ICAM1,0.6886667
271,34,RANBP3,MAML3,0.6860581
271,439,RANBP3,DDX20,0.6758593
271,480,RANBP3,WDR5,0.671481
271,6,RANBP3,BTG2,0.6685805
271,536,RANBP3,SPI1,0.66715384
86,621,RANGAP1,SNRPB,0.98178184
86,439,RANGAP1,DDX20,0.98008907
86,363,RANGAP1,MYC,0.9780432
86,589,RANGAP1,YBX1,0.9779848
86,367,RANGAP1,HCFC1,0.9754808
86,375,RANGAP1,SRSF1,0.97305626
86,117,RANGAP1,TFG,0.9713371
86,372,RANGAP1,BACE1,0.9712961
86,575,RANGAP1,GTF2F1,0.9706162
86,226,RANGAP1,POLR2B,0.969577
86,198,RANGAP1,NDN,0.9652042
86,426,RANGAP1,PRPF4,0.96510124
86,274,RANGAP1,NOP2,0.96085674
86,404,RANGAP1,FTSJ3,0.96085036
86,351,RANGAP1,ERCC8,0.96054417
86,353,RANGAP1,CBFB,0.95952225
86,3,RANGAP1,POLR1B,0.95904696
86,82,RANGAP1,RB1,0.95863485
86,137,RANGAP1,MYCN,0.95687497
86,413,RANGAP1,RASSF4,0.9541223
86,587,RANGAP1,NCAPD2,0.9541223
86,299,RANGAP1,ORC2,0.9539948
86,392,RANGAP1,DCAF13,0.95321774
86,199,RANGAP1,E2F4,0.94903076
86,189,RANGAP1,MCM5,0.94770116
86,33,RANGAP1,CSTF2,0.94756144
86,261,RANGAP1,EZR,0.94682306
86,67,RANGAP1,HDAC2,0.9426377
86,554,RANGAP1,CDT1,0.9374524
86,259,RANGAP1,NUP107,0.93450505
86,118,RANGAP1,MIS12,0.9335707
86,204,RANGAP1,MCM2,0.9306657
86,561,RANGAP1,MCM7,0.9212324
86,28,RANGAP1,NFE2,0.9203584
86,414,RANGAP1,CENPK,0.9162144
86,500,RANGAP1,MCM3,0.9153682
86,345,RANGAP1,UHRF1,0.91362363
86,134,RANGAP1,PA2G4,0.9089251
86,350,RANGAP1,MCM6,0.90263385
86,240,RANGAP1,RPA2,0.8983837
86,165,RANGAP1,GTF2H1,0.8938423
86,497,RANGAP1,TYMS,0.89346147
86,323,RANGAP1,MCM4,0.88881373
86,279,RANGAP1,AURKB,0.87003964
86,182,RANGAP1,RPA1,0.8698192
86,30,RANGAP1,PBK,0.86874807
86,119,RANGAP1,SLC2A3,0.86852413
86,577,RANGAP1,CAD,0.8670922
86,42,RANGAP1,HMGB2,0.8666669
86,154,RANGAP1,HDGF,0.8663118
436,475,RARB,BCL2,0.97441757
436,29,RARB,IKZF1,0.9694556
436,485,RARB,ABL1,0.96572655
436,292,RARB,HDAC7,0.96536225
436,283,RARB,EGR1,0.95510685
436,161,RARB,JARID2,0.95417464
436,466,RARB,ABCG2,0.9502067
436,79,RARB,STAT2,0.9481735
436,196,RARB,RARS,0.9461941
436,6,RARB,BTG2,0.944221
436,206,RARB,ZDHHC6,0.9436107
436,64,RARB,IRF9,0.9399124
436,536,RARB,SPI1,0.93971455
436,253,RARB,GRINA,0.9393314
436,289,RARB,GT(ROSA)26SOR,0.9393314
436,353,RARB,CBFB,0.93904644
436,162,RARB,FES,0.9387374
436,219,RARB,TLR4,0.9387374
436,278,RARB,NCF1,0.9387374
436,515,RARB,IGHM,0.9387374
436,69,RARB,NAP1L3,0.9365753
436,146,RARB,SCARF1,0.9365753
436,194,RARB,GOLPH3,0.9365753
436,546,RARB,PROCR,0.9365753
436,622,RARB,KRT18,0.9365753
436,175,RARB,TLE2,0.9365405
436,209,RARB,ZBTB16,0.9358987
436,293,RARB,IRF7,0.9343911
436,420,RARB,FDFT1,0.93403554
436,52,RARB,FCGR2B,0.9335673
436,213,RARB,TCP11L2,0.9335673
436,304,RARB,HLF,0.9335673
436,270,RARB,VDR,0.9328123
436,208,RARB,CISH,0.9321558
436,73,RARB,RORC,0.93067783
436,27,RARB,IRF8,0.9306122
436,517,RARB,H1F0,0.9299188
436,251,RARB,IRF6,0.9290424
436,631,RARB,ZFP36,0.9287983
436,224,RARB,MAPK12,0.9286222
436,590,RARB,IL12A,0.92803895
436,557,RARB,SATB1,0.926868
436,177,RARB,RELB,0.9251454
436,232,RARB,ICAM1,0.9247747
436,276,RARB,REL,0.9240269
436,263,RARB,JUN,0.92105186
436,613,RARB,PGLYRP2,0.9208602
436,50,RARB,NFAT5,0.9189165
436,550,RARB,CREB5,0.9189165
436,183,RARB,XAF1,0.9176305
196,475,RARS,BCL2,0.9730453
196,485,RARS,ABL1,0.9687873
196,292,RARS,HDAC7,0.96855474
196,353,RARS,CBFB,0.9673076
196,413,RARS,RASSF4,0.9640589
196,587,RARS,NCAPD2,0.9640589
196,161,RARS,JARID2,0.9612609
196,631,RARS,ZFP36,0.9593722
196,67,RARS,HDAC2,0.95878756
196,209,RARS,ZBTB16,0.95375544
196,29,RARS,IKZF1,0.95350426
196,206,RARS,ZDHHC6,0.9534472
196,621,RARS,SNRPB,0.95076025
196,283,RARS,EGR1,0.9494917
196,177,RARS,RELB,0.9475832
196,263,RARS,JUN,0.9473026
196,208,RARS,CISH,0.9452698
196,436,RARS,RARB,0.944782
196,466,RARS,ABCG2,0.94209903
196,232,RARS,ICAM1,0.93960804
196,557,RARS,SATB1,0.9365764
196,508,RARS,NDRG1,0.9356328
196,289,RARS,GT(ROSA)26SOR,0.93321145
196,6,RARS,BTG2,0.92838806
196,79,RARS,STAT2,0.92691934
196,536,RARS,SPI1,0.92656624
196,331,RARS,PIM2,0.9214187
196,253,RARS,GRINA,0.9203898
196,613,RARS,PGLYRP2,0.92022
196,162,RARS,FES,0.91948473
196,219,RARS,TLR4,0.919467
196,278,RARS,NCF1,0.919467
196,515,RARS,IGHM,0.919467
196,486,RARS,NFKBIA,0.91788864
196,165,RARS,GTF2H1,0.91756785
196,622,RARS,KRT18,0.91658163
196,69,RARS,NAP1L3,0.915798
196,146,RARS,SCARF1,0.915798
196,175,RARS,TLE2,0.915798
196,441,RARS,EBF1,0.915798
196,546,RARS,PROCR,0.915798
196,194,RARS,GOLPH3,0.9157855
196,410,RARS,SMARCA2,0.9139529
196,420,RARS,FDFT1,0.91359156
196,224,RARS,MAPK12,0.9126768
196,180,RARS,TRIM35,0.9121972
196,213,RARS,TCP11L2,0.911194
196,304,RARS,HLF,0.911194
196,589,RARS,YBX1,0.9085648
196,64,RARS,IRF9,0.90800047
245,621,RASA4,SNRPB,0.9282103
245,353,RASA4,CBFB,0.895775
245,475,RASA4,BCL2,0.8942831
245,413,RASA4,RASSF4,0.8941586
245,587,RASA4,NCAPD2,0.8941586
245,67,RASA4,HDAC2,0.8850062
245,589,RASA4,YBX1,0.8819421
245,209,RASA4,ZBTB16,0.8709828
245,165,RASA4,GTF2H1,0.8593966
245,292,RASA4,HDAC7,0.8490846
245,508,RASA4,NDRG1,0.8247013
245,206,RASA4,ZDHHC6,0.8222312
245,161,RASA4,JARID2,0.81487155
245,29,RASA4,IKZF1,0.8147214
245,261,RASA4,EZR,0.79889566
245,631,RASA4,ZFP36,0.7947974
245,367,RASA4,HCFC1,0.7698142
245,437,RASA4,MYB,0.76757336
245,283,RASA4,EGR1,0.7656194
245,439,RASA4,DDX20,0.7637642
245,48,RASA4,ELANE,0.7628878
245,486,RASA4,NFKBIA,0.7551303
245,485,RASA4,ABL1,0.75403035
245,351,RASA4,ERCC8,0.7502097
245,564,RASA4,MFNG,0.74007237
245,177,RASA4,RELB,0.73413795
245,208,RASA4,CISH,0.7320323
245,331,RASA4,PIM2,0.7212916
245,196,RASA4,RARS,0.71889025
245,363,RASA4,MYC,0.7176446
245,410,RASA4,SMARCA2,0.7174124
245,482,RASA4,NFATC2,0.71484596
245,466,RASA4,ABCG2,0.71360517
245,422,RASA4,SESN1,0.713549
245,180,RASA4,TRIM35,0.7070132
245,436,RASA4,RARB,0.7036986
245,263,RASA4,JUN,0.7034061
245,315,RASA4,CTSL,0.70188516
245,357,RASA4,MEIS1,0.6965827
245,81,RASA4,HDAC11,0.6961269
245,494,RASA4,USP11,0.6917651
245,82,RASA4,RB1,0.69159496
245,557,RASA4,SATB1,0.6896451
245,232,RASA4,ICAM1,0.68824357
245,34,RASA4,MAML3,0.68767226
245,6,RASA4,BTG2,0.66849935
245,536,RASA4,SPI1,0.66704243
245,449,RASA4,TIE1,0.66557777
245,253,RASA4,GRINA,0.6628925
245,613,RASA4,PGLYRP2,0.6624757
413,475,RASSF4,BCL2,0.9716442
413,353,RASSF4,CBFB,0.9668695
413,29,RASSF4,IKZF1,0.9623015
413,485,RASSF4,ABL1,0.9609501
413,292,RASSF4,HDAC7,0.96081847
413,587,RASSF4,NCAPD2,0.95816606
413,161,RASSF4,JARID2,0.9578539
413,631,RASSF4,ZFP36,0.95582426
413,621,RASSF4,SNRPB,0.952401
413,196,RASSF4,RARS,0.94888777
413,283,RASSF4,EGR1,0.94835556
413,466,RASSF4,ABCG2,0.9480843
413,209,RASSF4,ZBTB16,0.94662315
413,67,RASSF4,HDAC2,0.94615734
413,263,RASSF4,JUN,0.9443986
413,206,RASSF4,ZDHHC6,0.94337827
413,208,RASSF4,CISH,0.94277626
413,177,RASSF4,RELB,0.9424854
413,232,RASSF4,ICAM1,0.9373271
413,557,RASSF4,SATB1,0.93374485
413,357,RASSF4,MEIS1,0.9309184
413,6,RASSF4,BTG2,0.9274954
413,79,RASSF4,STAT2,0.9253355
413,564,RASSF4,MFNG,0.9231648
413,331,RASSF4,PIM2,0.92094034
413,589,RASSF4,YBX1,0.91859996
413,410,RASSF4,SMARCA2,0.9168141
413,441,RASSF4,EBF1,0.9162008
413,253,RASSF4,GRINA,0.91618377
413,289,RASSF4,GT(ROSA)26SOR,0.91618377
413,69,RASSF4,NAP1L3,0.91612256
413,146,RASSF4,SCARF1,0.91612256
413,194,RASSF4,GOLPH3,0.91612256
413,546,RASSF4,PROCR,0.91612256
413,622,RASSF4,KRT18,0.91612256
413,162,RASSF4,FES,0.9149674
413,219,RASSF4,TLR4,0.9149674
413,278,RASSF4,NCF1,0.9149674
413,515,RASSF4,IGHM,0.9149674
413,180,RASSF4,TRIM35,0.9143661
413,436,RASSF4,RARB,0.9115882
413,613,RASSF4,PGLYRP2,0.9112537
413,224,RASSF4,MAPK12,0.9100263
413,52,RASSF4,FCGR2B,0.90944386
413,213,RASSF4,TCP11L2,0.90944386
413,304,RASSF4,HLF,0.90944386
413,449,RASSF4,TIE1,0.9056796
413,165,RASSF4,GTF2H1,0.90395933
413,270,RASSF4,VDR,0.90324795
413,486,RASSF4,NFKBIA,0.9027344
82,353,RB1,CBFB,0.98410666
82,413,RB1,RASSF4,0.9809281
82,587,RB1,NCAPD2,0.9809281
82,508,RB1,NDRG1,0.9791282
82,67,RB1,HDAC2,0.97871345
82,621,RB1,SNRPB,0.9730713
82,589,RB1,YBX1,0.9641614
82,165,RB1,GTF2H1,0.9624387
82,292,RB1,HDAC7,0.9608254
82,475,RB1,BCL2,0.9600565
82,209,RB1,ZBTB16,0.95972514
82,485,RB1,ABL1,0.9537299
82,631,RB1,ZFP36,0.9471303
82,161,RB1,JARID2,0.946442
82,564,RB1,MFNG,0.94622713
82,206,RB1,ZDHHC6,0.9452089
82,486,RB1,NFKBIA,0.9448234
82,261,RB1,EZR,0.9411332
82,482,RB1,NFATC2,0.9380506
82,331,RB1,PIM2,0.93440044
82,177,RB1,RELB,0.9308477
82,29,RB1,IKZF1,0.9304691
82,367,RB1,HCFC1,0.93002605
82,439,RB1,DDX20,0.92819244
82,422,RB1,SESN1,0.9275467
82,363,RB1,MYC,0.92715895
82,315,RB1,CTSL,0.9222276
82,81,RB1,HDAC11,0.9214678
82,410,RB1,SMARCA2,0.9183203
82,208,RB1,CISH,0.91785395
82,283,RB1,EGR1,0.9152205
82,180,RB1,TRIM35,0.91445845
82,34,RB1,MAML3,0.9140296
82,48,RB1,ELANE,0.91300684
82,436,RB1,RARB,0.9112262
82,196,RB1,RARS,0.9052278
82,351,RB1,ERCC8,0.9045023
82,232,RB1,ICAM1,0.89734346
82,263,RB1,JUN,0.8867267
82,357,RB1,MEIS1,0.8848303
82,557,RB1,SATB1,0.88232076
82,437,RB1,MYB,0.88222915
82,494,RB1,USP11,0.875482
82,466,RB1,ABCG2,0.8718933
82,104,RB1,BTK,0.8678635
82,226,RB1,POLR2B,0.86704445
82,449,RB1,TIE1,0.8285677
82,613,RB1,PGLYRP2,0.82644325
82,134,RB1,PA2G4,0.818499
82,6,RB1,BTG2,0.8162791
596,621,RCC1,SNRPB,0.9826636
596,353,RCC1,CBFB,0.9824457
596,587,RCC1,NCAPD2,0.9800929
596,67,RCC1,HDAC2,0.9779544
596,589,RCC1,YBX1,0.977491
596,413,RCC1,RASSF4,0.9724371
596,439,RCC1,DDX20,0.9655357
596,261,RCC1,EZR,0.96433884
596,367,RCC1,HCFC1,0.9636345
596,363,RCC1,MYC,0.96301985
596,508,RCC1,NDRG1,0.9547875
596,165,RCC1,GTF2H1,0.9541523
596,226,RCC1,POLR2B,0.9499582
596,482,RCC1,NFATC2,0.9491606
596,485,RCC1,ABL1,0.9482969
596,209,RCC1,ZBTB16,0.9478502
596,351,RCC1,ERCC8,0.9455658
596,82,RCC1,RB1,0.9373998
596,372,RCC1,BACE1,0.935454
596,33,RCC1,CSTF2,0.93223435
596,199,RCC1,E2F4,0.9315995
596,475,RCC1,BCL2,0.92904216
596,315,RCC1,CTSL,0.9283416
596,117,RCC1,TFG,0.92365736
596,486,RCC1,NFKBIA,0.9226723
596,3,RCC1,POLR1B,0.9214651
596,28,RCC1,NFE2,0.91941327
596,292,RCC1,HDAC7,0.91628575
596,575,RCC1,GTF2F1,0.91512895
596,564,RCC1,MFNG,0.9139962
596,86,RCC1,RANGAP1,0.913037
596,134,RCC1,PA2G4,0.9113031
596,206,RCC1,ZDHHC6,0.9096518
596,437,RCC1,MYB,0.9042161
596,161,RCC1,JARID2,0.9028197
596,274,RCC1,NOP2,0.90042186
596,404,RCC1,FTSJ3,0.90042186
596,631,RCC1,ZFP36,0.8898247
596,577,RCC1,CAD,0.88674194
596,375,RCC1,SRSF1,0.8814601
596,345,RCC1,UHRF1,0.8793171
596,480,RCC1,WDR5,0.86892736
596,376,RCC1,ATF7,0.86812127
596,166,RCC1,PSAT1,0.86801237
596,197,RCC1,WDR4,0.86801237
596,212,RCC1,FLT3,0.86801237
596,220,RCC1,TMEM43,0.86801237
596,347,RCC1,RNF4,0.86801237
596,562,RCC1,NFIA,0.86801237
596,217,RCC1,PRMT7,0.867892
341,621,RCSD1,SNRPB,0.92826444
341,353,RCSD1,CBFB,0.895751
341,413,RCSD1,RASSF4,0.89453536
341,475,RCSD1,BCL2,0.8941863
341,67,RCSD1,HDAC2,0.88541824
341,589,RCSD1,YBX1,0.8822921
341,209,RCSD1,ZBTB16,0.8708915
341,485,RCSD1,ABL1,0.8596261
341,292,RCSD1,HDAC7,0.84891397
341,165,RCSD1,GTF2H1,0.84580016
341,587,RCSD1,NCAPD2,0.8402446
341,206,RCSD1,ZDHHC6,0.82212603
341,508,RCSD1,NDRG1,0.82184434
341,161,RCSD1,JARID2,0.81526434
341,29,RCSD1,IKZF1,0.81390953
341,261,RCSD1,EZR,0.7995126
341,367,RCSD1,HCFC1,0.77053183
341,437,RCSD1,MYB,0.7678546
341,283,RCSD1,EGR1,0.7656242
341,439,RCSD1,DDX20,0.76441336
341,48,RCSD1,ELANE,0.7630258
341,631,RCSD1,ZFP36,0.7618915
341,486,RCSD1,NFKBIA,0.75564003
341,351,RCSD1,ERCC8,0.75093883
341,232,RCSD1,ICAM1,0.7375215
341,208,RCSD1,CISH,0.7358939
341,177,RCSD1,RELB,0.7342989
341,196,RCSD1,RARS,0.71872634
341,363,RCSD1,MYC,0.7185144
341,410,RCSD1,SMARCA2,0.71740675
341,482,RCSD1,NFATC2,0.71538454
341,422,RCSD1,SESN1,0.7136089
341,466,RCSD1,ABCG2,0.7135636
341,564,RCSD1,MFNG,0.7096419
341,331,RCSD1,PIM2,0.7067566
341,180,RCSD1,TRIM35,0.70656747
341,436,RCSD1,RARB,0.7035846
341,263,RCSD1,JUN,0.7023066
341,357,RCSD1,MEIS1,0.696444
341,81,RCSD1,HDAC11,0.6961577
341,82,RCSD1,RB1,0.6923961
341,494,RCSD1,USP11,0.6920737
341,557,RCSD1,SATB1,0.6919885
341,420,RCSD1,FDFT1,0.68775415
341,34,RCSD1,MAML3,0.6864436
341,580,RCSD1,MLLT3,0.68000853
341,315,RCSD1,CTSL,0.6724708
341,6,RCSD1,BTG2,0.66821545
341,536,RCSD1,SPI1,0.6665267
341,449,RCSD1,TIE1,0.66540736
276,475,REL,BCL2,0.9695497
276,29,REL,IKZF1,0.9640343
276,485,REL,ABL1,0.95821303
276,292,REL,HDAC7,0.956045
276,64,REL,IRF9,0.9436947
276,293,REL,IRF7,0.9398532
276,536,REL,SPI1,0.9366784
276,283,REL,EGR1,0.9346975
276,79,REL,STAT2,0.9343151
276,251,REL,IRF6,0.93371254
276,27,REL,IRF8,0.93324053
276,161,REL,JARID2,0.9318341
276,590,REL,IL12A,0.9309842
276,420,REL,FDFT1,0.93041444
276,613,REL,PGLYRP2,0.92972344
276,253,REL,GRINA,0.92942685
276,289,REL,GT(ROSA)26SOR,0.92942685
276,278,REL,NCF1,0.92848605
276,57,REL,OASL2,0.92730105
276,162,REL,FES,0.9271889
276,219,REL,TLR4,0.9271889
276,515,REL,IGHM,0.92712826
276,183,REL,XAF1,0.9260177
276,354,REL,IIGP1,0.9260177
276,504,REL,IFI44,0.9260177
276,109,REL,H2-AA,0.9253629
276,277,REL,RTP4,0.9238547
276,73,REL,RORC,0.9226883
276,270,REL,VDR,0.9154497
276,466,REL,ABCG2,0.91082984
276,50,REL,NFAT5,0.91078097
276,550,REL,CREB5,0.9103859
276,206,REL,ZDHHC6,0.90985715
276,6,REL,BTG2,0.90924823
276,263,REL,JUN,0.90823317
276,517,REL,H1F0,0.90715
276,52,REL,FCGR2B,0.9057223
276,213,REL,TCP11L2,0.9057223
276,304,REL,HLF,0.9057223
276,196,REL,RARS,0.9048206
276,546,REL,PROCR,0.9033796
276,69,REL,NAP1L3,0.9032729
276,194,REL,GOLPH3,0.9032729
276,441,REL,EBF1,0.9031909
276,175,REL,TLE2,0.90309936
276,146,REL,SCARF1,0.9030865
276,580,REL,MLLT3,0.8959684
276,224,REL,MAPK12,0.8954028
276,333,REL,EPAS1,0.8908822
276,133,REL,LTB,0.8868861
177,475,RELB,BCL2,0.97342855
177,29,RELB,IKZF1,0.9656113
177,292,RELB,HDAC7,0.96556383
177,353,RELB,CBFB,0.96081966
177,485,RELB,ABL1,0.958787
177,161,RELB,JARID2,0.9576698
177,466,RELB,ABCG2,0.9550437
177,196,RELB,RARS,0.95474464
177,283,RELB,EGR1,0.9540603
177,631,RELB,ZFP36,0.95152295
177,263,RELB,JUN,0.9477929
177,209,RELB,ZBTB16,0.9452986
177,587,RELB,NCAPD2,0.9429278
177,206,RELB,ZDHHC6,0.9403079
177,208,RELB,CISH,0.93969095
177,79,RELB,STAT2,0.93861616
177,436,RELB,RARB,0.9385598
177,6,RELB,BTG2,0.93821275
177,413,RELB,RASSF4,0.9353928
177,232,RELB,ICAM1,0.93519914
177,621,RELB,SNRPB,0.9342867
177,557,RELB,SATB1,0.9338397
177,278,RELB,NCF1,0.9312919
177,162,RELB,FES,0.93129003
177,515,RELB,IGHM,0.93129003
177,613,RELB,PGLYRP2,0.9299256
177,253,RELB,GRINA,0.9297591
177,289,RELB,GT(ROSA)26SOR,0.9297591
177,194,RELB,GOLPH3,0.92781186
177,69,RELB,NAP1L3,0.9276
177,146,RELB,SCARF1,0.9276
177,546,RELB,PROCR,0.9276
177,622,RELB,KRT18,0.9276
177,175,RELB,TLE2,0.92757046
177,67,RELB,HDAC2,0.9266039
177,536,RELB,SPI1,0.92556036
177,64,RELB,IRF9,0.9237121
177,357,RELB,MEIS1,0.9234776
177,52,RELB,FCGR2B,0.92215437
177,213,RELB,TCP11L2,0.92215437
177,304,RELB,HLF,0.92215437
177,270,RELB,VDR,0.92091376
177,224,RELB,MAPK12,0.92084944
177,184,RELB,SELL,0.9190971
177,73,RELB,RORC,0.9166513
177,517,RELB,H1F0,0.91637415
177,276,RELB,REL,0.9160393
177,580,RELB,MLLT3,0.9158957
177,590,RELB,IL12A,0.91482574
177,27,RELB,IRF8,0.91438854
70,621,REXO4,SNRPB,0.92819756
70,353,REXO4,CBFB,0.895775
70,475,REXO4,BCL2,0.8942831
70,413,REXO4,RASSF4,0.8941586
70,587,REXO4,NCAPD2,0.8941495
70,67,REXO4,HDAC2,0.8850062
70,589,REXO4,YBX1,0.8819421
70,209,REXO4,ZBTB16,0.8709828
70,485,REXO4,ABL1,0.8572532
70,292,REXO4,HDAC7,0.84905565
70,206,REXO4,ZDHHC6,0.8222312
70,508,REXO4,NDRG1,0.82139933
70,161,REXO4,JARID2,0.81536126
70,29,REXO4,IKZF1,0.8147214
70,261,REXO4,EZR,0.79889566
70,367,REXO4,HCFC1,0.7698142
70,437,REXO4,MYB,0.76757336
70,283,REXO4,EGR1,0.7656194
70,439,REXO4,DDX20,0.7637642
70,48,REXO4,ELANE,0.7628878
70,631,REXO4,ZFP36,0.7616878
70,486,REXO4,NFKBIA,0.7551303
70,482,REXO4,NFATC2,0.7502473
70,351,REXO4,ERCC8,0.7502097
70,165,REXO4,GTF2H1,0.7445996
70,564,REXO4,MFNG,0.74007237
70,208,REXO4,CISH,0.7360838
70,177,REXO4,RELB,0.73413795
70,315,REXO4,CTSL,0.72271436
70,331,REXO4,PIM2,0.7212916
70,196,REXO4,RARS,0.71889025
70,363,REXO4,MYC,0.7176446
70,410,REXO4,SMARCA2,0.7174124
70,422,REXO4,SESN1,0.7136104
70,466,REXO4,ABCG2,0.71360517
70,180,REXO4,TRIM35,0.7070132
70,436,REXO4,RARB,0.7036986
70,622,REXO4,KRT18,0.7002005
70,357,REXO4,MEIS1,0.6966583
70,81,REXO4,HDAC11,0.6961269
70,557,REXO4,SATB1,0.69231915
70,494,REXO4,USP11,0.6917651
70,82,REXO4,RB1,0.69159496
70,27,REXO4,IRF8,0.68899816
70,232,REXO4,ICAM1,0.68858284
70,34,REXO4,MAML3,0.68767226
70,263,REXO4,JUN,0.68641496
70,453,REXO4,GATA2,0.68217665
70,6,REXO4,BTG2,0.66849935
70,536,REXO4,SPI1,0.66701454
35,621,RFC4,SNRPB,0.92834306
35,475,RFC4,BCL2,0.8942831
35,413,RFC4,RASSF4,0.8941586
35,587,RFC4,NCAPD2,0.8941586
35,67,RFC4,HDAC2,0.88476413
35,589,RFC4,YBX1,0.8819421
35,209,RFC4,ZBTB16,0.8709828
35,165,RFC4,GTF2H1,0.8593966
35,485,RFC4,ABL1,0.85715425
35,292,RFC4,HDAC7,0.84871745
35,206,RFC4,ZDHHC6,0.8222312
35,508,RFC4,NDRG1,0.82139933
35,161,RFC4,JARID2,0.81536126
35,29,RFC4,IKZF1,0.8147214
35,261,RFC4,EZR,0.79889566
35,353,RFC4,CBFB,0.7840852
35,208,RFC4,CISH,0.77123505
35,367,RFC4,HCFC1,0.7698142
35,437,RFC4,MYB,0.76757336
35,283,RFC4,EGR1,0.7656194
35,439,RFC4,DDX20,0.7637642
35,48,RFC4,ELANE,0.7628878
35,631,RFC4,ZFP36,0.7616878
35,486,RFC4,NFKBIA,0.7551303
35,81,RFC4,HDAC11,0.7442053
35,564,RFC4,MFNG,0.74007237
35,177,RFC4,RELB,0.73413795
35,331,RFC4,PIM2,0.7212916
35,363,RFC4,MYC,0.7176446
35,410,RFC4,SMARCA2,0.7174124
35,422,RFC4,SESN1,0.7136104
35,466,RFC4,ABCG2,0.71360517
35,482,RFC4,NFATC2,0.7129028
35,180,RFC4,TRIM35,0.7070132
35,436,RFC4,RARB,0.7036986
35,263,RFC4,JUN,0.70247537
35,315,RFC4,CTSL,0.70188516
35,357,RFC4,MEIS1,0.6964173
35,445,RFC4,APBB1,0.69363475
35,557,RFC4,SATB1,0.69231915
35,494,RFC4,USP11,0.6917651
35,82,RFC4,RB1,0.69159496
35,232,RFC4,ICAM1,0.68858284
35,34,RFC4,MAML3,0.6877883
35,196,RFC4,RARS,0.6847795
35,6,RFC4,BTG2,0.66849935
35,536,RFC4,SPI1,0.66701454
35,449,RFC4,TIE1,0.66557777
35,253,RFC4,GRINA,0.6624757
35,289,RFC4,GT(ROSA)26SOR,0.6624757
32,621,RFC5,SNRPB,0.92834306
32,475,RFC5,BCL2,0.8942831
32,413,RFC5,RASSF4,0.8941586
32,587,RFC5,NCAPD2,0.8941586
32,209,RFC5,ZBTB16,0.89039236
32,67,RFC5,HDAC2,0.8850062
32,589,RFC5,YBX1,0.8819421
32,165,RFC5,GTF2H1,0.8593966
32,485,RFC5,ABL1,0.85715425
32,292,RFC5,HDAC7,0.84871745
32,161,RFC5,JARID2,0.8247187
32,206,RFC5,ZDHHC6,0.8222312
32,508,RFC5,NDRG1,0.82139933
32,29,RFC5,IKZF1,0.8146948
32,261,RFC5,EZR,0.79889566
32,353,RFC5,CBFB,0.7840852
32,367,RFC5,HCFC1,0.7698142
32,437,RFC5,MYB,0.76757336
32,283,RFC5,EGR1,0.7656194
32,439,RFC5,DDX20,0.7637642
32,631,RFC5,ZFP36,0.7616878
32,48,RFC5,ELANE,0.7576523
32,486,RFC5,NFKBIA,0.7551303
32,564,RFC5,MFNG,0.74007237
32,208,RFC5,CISH,0.7360838
32,73,RFC5,RORC,0.7357363
32,177,RFC5,RELB,0.73413795
32,331,RFC5,PIM2,0.7212916
32,363,RFC5,MYC,0.7176446
32,410,RFC5,SMARCA2,0.7174124
32,422,RFC5,SESN1,0.7136104
32,466,RFC5,ABCG2,0.71360517
32,482,RFC5,NFATC2,0.7129028
32,180,RFC5,TRIM35,0.7070132
32,436,RFC5,RARB,0.7036986
32,263,RFC5,JUN,0.70247537
32,315,RFC5,CTSL,0.70188516
32,82,RFC5,RB1,0.69650495
32,357,RFC5,MEIS1,0.6964173
32,81,RFC5,HDAC11,0.6961269
32,445,RFC5,APBB1,0.69363475
32,557,RFC5,SATB1,0.69231915
32,494,RFC5,USP11,0.6917651
32,183,RFC5,XAF1,0.691672
32,232,RFC5,ICAM1,0.68858284
32,34,RFC5,MAML3,0.68795973
32,196,RFC5,RARS,0.6847795
32,6,RFC5,BTG2,0.66855806
32,536,RFC5,SPI1,0.66701454
32,449,RFC5,TIE1,0.66557777
601,621,RGCC,SNRPB,0.9282103
601,353,RGCC,CBFB,0.8950616
601,475,RGCC,BCL2,0.8942831
601,413,RGCC,RASSF4,0.8941586
601,587,RGCC,NCAPD2,0.8941586
601,589,RGCC,YBX1,0.8819421
601,165,RGCC,GTF2H1,0.8593966
601,485,RGCC,ABL1,0.8572532
601,292,RGCC,HDAC7,0.8490846
601,206,RGCC,ZDHHC6,0.8222312
601,508,RGCC,NDRG1,0.82139933
601,161,RGCC,JARID2,0.81536126
601,29,RGCC,IKZF1,0.8147214
601,209,RGCC,ZBTB16,0.8072328
601,261,RGCC,EZR,0.79889566
601,67,RGCC,HDAC2,0.7759608
601,367,RGCC,HCFC1,0.7698142
601,437,RGCC,MYB,0.76757336
601,283,RGCC,EGR1,0.7657525
601,439,RGCC,DDX20,0.7637642
601,48,RGCC,ELANE,0.7628878
601,631,RGCC,ZFP36,0.7614109
601,351,RGCC,ERCC8,0.7502097
601,564,RGCC,MFNG,0.74007237
601,486,RGCC,NFKBIA,0.736687
601,208,RGCC,CISH,0.7360838
601,177,RGCC,RELB,0.73364615
601,196,RGCC,RARS,0.71889025
601,363,RGCC,MYC,0.71779406
601,410,RGCC,SMARCA2,0.7174124
601,422,RGCC,SESN1,0.7136104
601,466,RGCC,ABCG2,0.71360517
601,180,RGCC,TRIM35,0.7070132
601,436,RGCC,RARB,0.70339257
601,263,RGCC,JUN,0.70247537
601,315,RGCC,CTSL,0.701837
601,482,RGCC,NFATC2,0.6978722
601,357,RGCC,MEIS1,0.6965902
601,81,RGCC,HDAC11,0.6961269
601,557,RGCC,SATB1,0.69231915
601,494,RGCC,USP11,0.6917651
601,82,RGCC,RB1,0.69159496
601,94,RGCC,TRIB3,0.69040287
601,232,RGCC,ICAM1,0.68858284
601,34,RGCC,MAML3,0.68767226
601,306,RGCC,MYCT1,0.6843812
601,331,RGCC,PIM2,0.6712468
601,6,RGCC,BTG2,0.6686639
601,69,RGCC,NAP1L3,0.66664016
601,449,RGCC,TIE1,0.6655239
107,621,RGS1,SNRPB,0.9282103
107,353,RGS1,CBFB,0.8973488
107,475,RGS1,BCL2,0.8942831
107,413,RGS1,RASSF4,0.8941586
107,587,RGS1,NCAPD2,0.8941586
107,589,RGS1,YBX1,0.8819421
107,209,RGS1,ZBTB16,0.8709828
107,165,RGS1,GTF2H1,0.8597318
107,485,RGS1,ABL1,0.8572532
107,292,RGS1,HDAC7,0.8490846
107,206,RGS1,ZDHHC6,0.8222312
107,508,RGS1,NDRG1,0.82139933
107,29,RGS1,IKZF1,0.8147214
107,261,RGS1,EZR,0.79889566
107,161,RGS1,JARID2,0.776108
107,283,RGS1,EGR1,0.77268136
107,367,RGS1,HCFC1,0.7698142
107,437,RGS1,MYB,0.76757336
107,439,RGS1,DDX20,0.7637642
107,48,RGS1,ELANE,0.7628878
107,631,RGS1,ZFP36,0.7616878
107,486,RGS1,NFKBIA,0.7551303
107,351,RGS1,ERCC8,0.7502097
107,436,RGS1,RARB,0.7498667
107,515,RGS1,IGHM,0.7418043
107,564,RGS1,MFNG,0.74007237
107,208,RGS1,CISH,0.7360838
107,177,RGS1,RELB,0.73413795
107,67,RGS1,HDAC2,0.72453433
107,331,RGS1,PIM2,0.7212916
107,196,RGS1,RARS,0.71889025
107,363,RGS1,MYC,0.717912
107,410,RGS1,SMARCA2,0.7174124
107,482,RGS1,NFATC2,0.71484596
107,466,RGS1,ABCG2,0.71360517
107,422,RGS1,SESN1,0.71352273
107,180,RGS1,TRIM35,0.7074775
107,315,RGS1,CTSL,0.70188516
107,357,RGS1,MEIS1,0.6965902
107,81,RGS1,HDAC11,0.6961269
107,34,RGS1,MAML3,0.69417936
107,82,RGS1,RB1,0.6926209
107,557,RGS1,SATB1,0.69231915
107,494,RGS1,USP11,0.69198936
107,232,RGS1,ICAM1,0.68858284
107,6,RGS1,BTG2,0.66849935
107,536,RGS1,SPI1,0.66701454
107,449,RGS1,TIE1,0.66557777
107,253,RGS1,GRINA,0.6624757
107,613,RGS1,PGLYRP2,0.6624757
483,621,RGS2,SNRPB,0.9282103
483,353,RGS2,CBFB,0.89536273
483,475,RGS2,BCL2,0.8942831
483,413,RGS2,RASSF4,0.8941586
483,587,RGS2,NCAPD2,0.8941586
483,67,RGS2,HDAC2,0.88490814
483,589,RGS2,YBX1,0.8819421
483,209,RGS2,ZBTB16,0.8703309
483,165,RGS2,GTF2H1,0.8596957
483,485,RGS2,ABL1,0.8572532
483,292,RGS2,HDAC7,0.8490846
483,206,RGS2,ZDHHC6,0.8222312
483,508,RGS2,NDRG1,0.82139933
483,161,RGS2,JARID2,0.81536126
483,29,RGS2,IKZF1,0.8147214
483,367,RGS2,HCFC1,0.7698142
483,437,RGS2,MYB,0.76757336
483,283,RGS2,EGR1,0.7656194
483,439,RGS2,DDX20,0.7637642
483,48,RGS2,ELANE,0.7628878
483,261,RGS2,EZR,0.7625067
483,631,RGS2,ZFP36,0.7616878
483,486,RGS2,NFKBIA,0.7551303
483,351,RGS2,ERCC8,0.7502097
483,64,RGS2,IRF9,0.74873894
483,564,RGS2,MFNG,0.74007237
483,208,RGS2,CISH,0.7360838
483,177,RGS2,RELB,0.73348844
483,315,RGS2,CTSL,0.72271436
483,331,RGS2,PIM2,0.7214671
483,196,RGS2,RARS,0.71889025
483,410,RGS2,SMARCA2,0.7174124
483,482,RGS2,NFATC2,0.71484596
483,422,RGS2,SESN1,0.7136104
483,466,RGS2,ABCG2,0.71360517
483,363,RGS2,MYC,0.7119541
483,180,RGS2,TRIM35,0.7070132
483,436,RGS2,RARB,0.7036986
483,263,RGS2,JUN,0.70247537
483,557,RGS2,SATB1,0.69945145
483,357,RGS2,MEIS1,0.6965902
483,81,RGS2,HDAC11,0.69635224
483,494,RGS2,USP11,0.6917651
483,82,RGS2,RB1,0.69159496
483,232,RGS2,ICAM1,0.68858284
483,34,RGS2,MAML3,0.68745893
483,559,RGS2,RUNX1T1,0.67847216
483,6,RGS2,BTG2,0.66849935
483,449,RGS2,TIE1,0.66557777
483,289,RGS2,GT(ROSA)26SOR,0.6624757
122,621,RHOF,SNRPB,0.9282248
122,353,RHOF,CBFB,0.89949685
122,475,RHOF,BCL2,0.89430636
122,587,RHOF,NCAPD2,0.8941527
122,67,RHOF,HDAC2,0.885007
122,589,RHOF,YBX1,0.8819541
122,165,RHOF,GTF2H1,0.85939705
122,485,RHOF,ABL1,0.85728437
122,413,RHOF,RASSF4,0.85527724
122,508,RHOF,NDRG1,0.8214035
122,209,RHOF,ZBTB16,0.82111114
122,161,RHOF,JARID2,0.8153868
122,29,RHOF,IKZF1,0.8147405
122,292,RHOF,HDAC7,0.8004309
122,206,RHOF,ZDHHC6,0.7704988
122,367,RHOF,HCFC1,0.76981956
122,437,RHOF,MYB,0.76770437
122,48,RHOF,ELANE,0.76288426
122,631,RHOF,ZFP36,0.7616487
122,486,RHOF,NFKBIA,0.755119
122,351,RHOF,ERCC8,0.75021476
122,208,RHOF,CISH,0.7361095
122,177,RHOF,RELB,0.734154
122,331,RHOF,PIM2,0.72130054
122,357,RHOF,MEIS1,0.72023505
122,283,RHOF,EGR1,0.7187296
122,363,RHOF,MYC,0.7176602
122,410,RHOF,SMARCA2,0.7174267
122,564,RHOF,MFNG,0.71571904
122,482,RHOF,NFATC2,0.71486855
122,422,RHOF,SESN1,0.7136243
122,466,RHOF,ABCG2,0.7136038
122,180,RHOF,TRIM35,0.7070565
122,436,RHOF,RARB,0.70373887
122,263,RHOF,JUN,0.70251536
122,315,RHOF,CTSL,0.70185363
122,439,RHOF,DDX20,0.69692594
122,81,RHOF,HDAC11,0.69613546
122,557,RHOF,SATB1,0.6923588
122,494,RHOF,USP11,0.69173807
122,82,RHOF,RB1,0.6916
122,232,RHOF,ICAM1,0.68862385
122,34,RHOF,MAML3,0.68767107
122,196,RHOF,RARS,0.6848503
122,277,RHOF,RTP4,0.67998856
122,536,RHOF,SPI1,0.67502767
122,6,RHOF,BTG2,0.66853076
122,449,RHOF,TIE1,0.6656544
122,289,RHOF,GT(ROSA)26SOR,0.6624848
122,613,RHOF,PGLYRP2,0.6624848
26,621,RMND5A,SNRPB,0.9042036
26,353,RMND5A,CBFB,0.895775
26,413,RMND5A,RASSF4,0.8941586
26,587,RMND5A,NCAPD2,0.8941586
26,209,RMND5A,ZBTB16,0.89039236
26,67,RMND5A,HDAC2,0.8850062
26,589,RMND5A,YBX1,0.8819421
26,165,RMND5A,GTF2H1,0.8593966
26,485,RMND5A,ABL1,0.8572532
26,292,RMND5A,HDAC7,0.8490846
26,475,RMND5A,BCL2,0.844413
26,161,RMND5A,JARID2,0.8247187
26,206,RMND5A,ZDHHC6,0.8222312
26,508,RMND5A,NDRG1,0.82139933
26,29,RMND5A,IKZF1,0.8146948
26,261,RMND5A,EZR,0.79889566
26,367,RMND5A,HCFC1,0.7698142
26,437,RMND5A,MYB,0.76757336
26,283,RMND5A,EGR1,0.7656194
26,439,RMND5A,DDX20,0.7637642
26,48,RMND5A,ELANE,0.7576523
26,486,RMND5A,NFKBIA,0.7551303
26,351,RMND5A,ERCC8,0.7498623
26,631,RMND5A,ZFP36,0.74159425
26,564,RMND5A,MFNG,0.74007237
26,208,RMND5A,CISH,0.7360838
26,73,RMND5A,RORC,0.7357363
26,177,RMND5A,RELB,0.73413795
26,331,RMND5A,PIM2,0.7207757
26,363,RMND5A,MYC,0.7176446
26,482,RMND5A,NFATC2,0.71484596
26,422,RMND5A,SESN1,0.7136104
26,466,RMND5A,ABCG2,0.71360517
26,180,RMND5A,TRIM35,0.7070132
26,263,RMND5A,JUN,0.70247537
26,315,RMND5A,CTSL,0.70161825
26,357,RMND5A,MEIS1,0.6965902
26,82,RMND5A,RB1,0.69650495
26,81,RMND5A,HDAC11,0.6961269
26,557,RMND5A,SATB1,0.69231915
26,494,RMND5A,USP11,0.6917651
26,183,RMND5A,XAF1,0.691672
26,232,RMND5A,ICAM1,0.68858284
26,34,RMND5A,MAML3,0.68795973
26,196,RMND5A,RARS,0.6847795
26,436,RMND5A,RARB,0.6828686
26,289,RMND5A,GT(ROSA)26SOR,0.675873
26,6,RMND5A,BTG2,0.66855806
26,536,RMND5A,SPI1,0.66701454
26,410,RMND5A,SMARCA2,0.6658077
347,353,RNF4,CBFB,0.9845547
347,413,RNF4,RASSF4,0.9809311
347,587,RNF4,NCAPD2,0.9809311
347,67,RNF4,HDAC2,0.9793284
347,621,RNF4,SNRPB,0.978508
347,589,RNF4,YBX1,0.9645719
347,508,RNF4,NDRG1,0.95920914
347,165,RNF4,GTF2H1,0.95738935
347,209,RNF4,ZBTB16,0.9571207
347,292,RNF4,HDAC7,0.9546473
347,475,RNF4,BCL2,0.95403993
347,261,RNF4,EZR,0.9468235
347,161,RNF4,JARID2,0.9462694
347,485,RNF4,ABL1,0.9444952
347,367,RNF4,HCFC1,0.9407545
347,206,RNF4,ZDHHC6,0.9406796
347,631,RNF4,ZFP36,0.9383769
347,564,RNF4,MFNG,0.9381846
347,486,RNF4,NFKBIA,0.93813014
347,439,RNF4,DDX20,0.9378732
347,363,RNF4,MYC,0.9369776
347,331,RNF4,PIM2,0.92436546
347,315,RNF4,CTSL,0.92305726
347,410,RNF4,SMARCA2,0.9198145
347,29,RNF4,IKZF1,0.91861355
347,351,RNF4,ERCC8,0.91843
347,177,RNF4,RELB,0.9138617
347,81,RNF4,HDAC11,0.91107905
347,34,RNF4,MAML3,0.9045993
347,48,RNF4,ELANE,0.9028075
347,82,RNF4,RB1,0.9000207
347,208,RNF4,CISH,0.89896244
347,226,RNF4,POLR2B,0.8989274
347,180,RNF4,TRIM35,0.8980473
347,283,RNF4,EGR1,0.89290863
347,482,RNF4,NFATC2,0.89010024
347,437,RNF4,MYB,0.8876106
347,422,RNF4,SESN1,0.8875113
347,436,RNF4,RARB,0.88535917
347,196,RNF4,RARS,0.87834346
347,104,RNF4,BTK,0.87773573
347,494,RNF4,USP11,0.8742091
347,232,RNF4,ICAM1,0.86805737
347,613,RNF4,PGLYRP2,0.85864913
347,357,RNF4,MEIS1,0.8553124
347,263,RNF4,JUN,0.85433066
347,557,RNF4,SATB1,0.85274297
347,134,RNF4,PA2G4,0.84679186
347,219,RNF4,TLR4,0.84503734
347,199,RNF4,E2F4,0.84139663
551,621,RORA,SNRPB,0.9282103
551,475,RORA,BCL2,0.8944633
551,413,RORA,RASSF4,0.89414185
551,587,RORA,NCAPD2,0.8939444
551,589,RORA,YBX1,0.88198805
551,209,RORA,ZBTB16,0.87124026
551,165,RORA,GTF2H1,0.8595933
551,485,RORA,ABL1,0.85706496
551,292,RORA,HDAC7,0.8493497
551,353,RORA,CBFB,0.82732433
551,206,RORA,ZDHHC6,0.8224635
551,508,RORA,NDRG1,0.82139933
551,161,RORA,JARID2,0.81559736
551,29,RORA,IKZF1,0.81276983
551,261,RORA,EZR,0.79887336
551,67,RORA,HDAC2,0.7761959
551,367,RORA,HCFC1,0.7699838
551,437,RORA,MYB,0.7677186
551,283,RORA,EGR1,0.7657594
551,48,RORA,ELANE,0.76304495
551,631,RORA,ZFP36,0.7616878
551,486,RORA,NFKBIA,0.7565134
551,351,RORA,ERCC8,0.75037587
551,208,RORA,CISH,0.73627794
551,177,RORA,RELB,0.7346554
551,331,RORA,PIM2,0.7214238
551,196,RORA,RARS,0.71908045
551,69,RORA,NAP1L3,0.7183682
551,363,RORA,MYC,0.7179417
551,410,RORA,SMARCA2,0.71752864
551,482,RORA,NFATC2,0.71484596
551,422,RORA,SESN1,0.7136372
551,466,RORA,ABCG2,0.71362126
551,180,RORA,TRIM35,0.7072194
551,436,RORA,RARB,0.7038918
551,263,RORA,JUN,0.7026582
551,315,RORA,CTSL,0.70197576
551,6,RORA,BTG2,0.70134157
551,357,RORA,MEIS1,0.69667214
551,81,RORA,HDAC11,0.69622725
551,494,RORA,USP11,0.6917651
551,82,RORA,RB1,0.6917479
551,232,RORA,ICAM1,0.68877316
551,34,RORA,MAML3,0.68777776
551,564,RORA,MFNG,0.66813326
551,536,RORA,SPI1,0.66701454
551,449,RORA,TIE1,0.6658981
551,613,RORA,PGLYRP2,0.6630675
551,253,RORA,GRINA,0.66261417
551,289,RORA,GT(ROSA)26SOR,0.66261417
73,475,RORC,BCL2,0.97089595
73,29,RORC,IKZF1,0.9673089
73,485,RORC,ABL1,0.9620991
73,292,RORC,HDAC7,0.96097803
73,79,RORC,STAT2,0.9469997
73,161,RORC,JARID2,0.9455542
73,64,RORC,IRF9,0.94537574
73,283,RORC,EGR1,0.94264245
73,293,RORC,IRF7,0.94101787
73,420,RORC,FDFT1,0.9401537
73,536,RORC,SPI1,0.93940914
73,253,RORC,GRINA,0.93722093
73,289,RORC,GT(ROSA)26SOR,0.93722093
73,613,RORC,PGLYRP2,0.9371251
73,27,RORC,IRF8,0.9362014
73,251,RORC,IRF6,0.9360655
73,466,RORC,ABCG2,0.9352231
73,162,RORC,FES,0.934702
73,219,RORC,TLR4,0.934702
73,278,RORC,NCF1,0.934702
73,515,RORC,IGHM,0.934702
73,270,RORC,VDR,0.9327692
73,183,RORC,XAF1,0.92656255
73,354,RORC,IIGP1,0.92656255
73,504,RORC,IFI44,0.92656255
73,263,RORC,JUN,0.9261558
73,109,RORC,H2-AA,0.92598516
73,517,RORC,H1F0,0.92533064
73,206,RORC,ZDHHC6,0.9250758
73,52,RORC,FCGR2B,0.92494816
73,213,RORC,TCP11L2,0.92494816
73,304,RORC,HLF,0.92494816
73,57,RORC,OASL2,0.92402446
73,277,RORC,RTP4,0.92402446
73,550,RORC,CREB5,0.923527
73,209,RORC,ZBTB16,0.92342734
73,50,RORC,NFAT5,0.9234174
73,441,RORC,EBF1,0.9232198
73,146,RORC,SCARF1,0.92305547
73,194,RORC,GOLPH3,0.92305547
73,546,RORC,PROCR,0.92305547
73,622,RORC,KRT18,0.92305547
73,175,RORC,TLE2,0.92291087
73,69,RORC,NAP1L3,0.9229025
73,196,RORC,RARS,0.92282605
73,276,RORC,REL,0.9205555
73,6,RORC,BTG2,0.919806
73,224,RORC,MAPK12,0.9167559
73,580,RORC,MLLT3,0.9156064
73,360,RORC,FOXO1,0.9153572
294,475,RP2,BCL2,0.93039834
294,353,RP2,CBFB,0.9224775
294,485,RP2,ABL1,0.9042121
294,621,RP2,SNRPB,0.9033647
294,209,RP2,ZBTB16,0.9026235
294,292,RP2,HDAC7,0.89858824
294,29,RP2,IKZF1,0.8673401
294,161,RP2,JARID2,0.86668223
294,413,RP2,RASSF4,0.8584988
294,206,RP2,ZDHHC6,0.8545067
294,67,RP2,HDAC2,0.8503221
294,165,RP2,GTF2H1,0.8269046
294,587,RP2,NCAPD2,0.8163683
294,508,RP2,NDRG1,0.81389314
294,589,RP2,YBX1,0.80922544
294,283,RP2,EGR1,0.7986157
294,631,RP2,ZFP36,0.7950725
294,564,RP2,MFNG,0.77940446
294,208,RP2,CISH,0.7775656
294,331,RP2,PIM2,0.77513653
294,48,RP2,ELANE,0.7741235
294,486,RP2,NFKBIA,0.7711288
294,422,RP2,SESN1,0.7710459
294,410,RP2,SMARCA2,0.7710265
294,177,RP2,RELB,0.76276106
294,180,RP2,TRIM35,0.75122833
294,81,RP2,HDAC11,0.73023653
294,261,RP2,EZR,0.7237312
294,436,RP2,RARB,0.7192164
294,315,RP2,CTSL,0.7185369
294,536,RP2,SPI1,0.7136838
294,196,RP2,RARS,0.702502
294,34,RP2,MAML3,0.702437
294,494,RP2,USP11,0.7003792
294,557,RP2,SATB1,0.69923854
294,437,RP2,MYB,0.6989808
294,232,RP2,ICAM1,0.6963736
294,263,RP2,JUN,0.6941782
294,38,RP2,TSPAN14,0.69289863
294,162,RP2,FES,0.67166036
294,219,RP2,TLR4,0.67002475
294,278,RP2,NCF1,0.67002475
294,367,RP2,HCFC1,0.6699066
294,253,RP2,GRINA,0.6681373
294,289,RP2,GT(ROSA)26SOR,0.66798896
294,613,RP2,PGLYRP2,0.66798896
294,439,RP2,DDX20,0.66583246
294,357,RP2,MEIS1,0.6646765
294,79,RP2,STAT2,0.65568227
294,466,RP2,ABCG2,0.6448892
182,361,RPA1,CCNB2,0.9870914
182,204,RPA1,MCM2,0.98435193
182,189,RPA1,MCM5,0.9842882
182,299,RPA1,ORC2,0.9837975
182,259,RPA1,NUP107,0.98372585
182,137,RPA1,MYCN,0.983236
182,575,RPA1,GTF2F1,0.98274535
182,500,RPA1,MCM3,0.9822322
182,414,RPA1,CENPK,0.9822067
182,561,RPA1,MCM7,0.98215747
182,426,RPA1,PRPF4,0.98207986
182,118,RPA1,MIS12,0.9815139
182,350,RPA1,MCM6,0.9810817
182,375,RPA1,SRSF1,0.9789519
182,554,RPA1,CDT1,0.97872716
182,323,RPA1,MCM4,0.97738314
182,392,RPA1,DCAF13,0.97379273
182,240,RPA1,RPA2,0.9707511
182,74,RPA1,TOP2A,0.9707308
182,42,RPA1,HMGB2,0.9706125
182,30,RPA1,PBK,0.9684397
182,279,RPA1,AURKB,0.9680944
182,53,RPA1,ORC6,0.96596366
182,411,RPA1,CDC45,0.96528995
182,198,RPA1,NDN,0.96528125
182,478,RPA1,MKI67,0.96418965
182,497,RPA1,TYMS,0.9629144
182,399,RPA1,RRM2,0.9612115
182,102,RPA1,PRIM1,0.96066344
182,433,RPA1,XPC,0.9597741
182,21,RPA1,RRM1,0.95909595
182,266,RPA1,MSH6,0.95891
182,297,RPA1,LIG1,0.95811737
182,620,RPA1,TIPIN,0.9575396
182,290,RPA1,POLD1,0.95511794
182,610,RPA1,PRIM2,0.9546335
182,273,RPA1,FIGNL1,0.95231146
182,246,RPA1,TK1,0.9496744
182,407,RPA1,CDC7,0.9496744
182,439,RPA1,DDX20,0.94466835
182,621,RPA1,SNRPB,0.93355626
182,363,RPA1,MYC,0.9162541
182,119,RPA1,SLC2A3,0.9107017
182,367,RPA1,HCFC1,0.90347856
182,371,RPA1,SPO11,0.90131575
182,589,RPA1,YBX1,0.8776806
182,117,RPA1,TFG,0.8439967
182,372,RPA1,BACE1,0.8439967
182,226,RPA1,POLR2B,0.83413607
182,82,RPA1,RB1,0.8117205
240,137,RPA2,MYCN,0.9835946
240,575,RPA2,GTF2F1,0.9812182
240,299,RPA2,ORC2,0.9805234
240,375,RPA2,SRSF1,0.9794732
240,204,RPA2,MCM2,0.97927296
240,189,RPA2,MCM5,0.9792211
240,259,RPA2,NUP107,0.97911984
240,426,RPA2,PRPF4,0.9787871
240,392,RPA2,DCAF13,0.9753086
240,118,RPA2,MIS12,0.9753032
240,414,RPA2,CENPK,0.9751383
240,500,RPA2,MCM3,0.9750422
240,561,RPA2,MCM7,0.97492427
240,119,RPA2,SLC2A3,0.97265327
240,554,RPA2,CDT1,0.97156614
240,198,RPA2,NDN,0.969963
240,323,RPA2,MCM4,0.9684305
240,497,RPA2,TYMS,0.96373314
240,350,RPA2,MCM6,0.9617045
240,74,RPA2,TOP2A,0.96002674
240,42,RPA2,HMGB2,0.9598356
240,30,RPA2,PBK,0.9569423
240,439,RPA2,DDX20,0.9568884
240,279,RPA2,AURKB,0.95662814
240,53,RPA2,ORC6,0.95347595
240,411,RPA2,CDC45,0.9528792
240,621,RPA2,SNRPB,0.95237225
240,478,RPA2,MKI67,0.95068806
240,433,RPA2,XPC,0.9478587
240,361,RPA2,CCNB2,0.9477186
240,102,RPA2,PRIM1,0.9457086
240,620,RPA2,TIPIN,0.944081
240,21,RPA2,RRM1,0.94283515
240,266,RPA2,MSH6,0.94253844
240,297,RPA2,LIG1,0.9418373
240,182,RPA2,RPA1,0.9412973
240,363,RPA2,MYC,0.9401581
240,610,RPA2,PRIM2,0.93846273
240,290,RPA2,POLD1,0.93742514
240,273,RPA2,FIGNL1,0.93528277
240,246,RPA2,TK1,0.9318031
240,407,RPA2,CDC7,0.9318031
240,399,RPA2,RRM2,0.92736983
240,367,RPA2,HCFC1,0.92536634
240,589,RPA2,YBX1,0.9109116
240,117,RPA2,TFG,0.9008557
240,372,RPA2,BACE1,0.90052825
240,226,RPA2,POLR2B,0.8859188
240,371,RPA2,SPO11,0.88165396
240,82,RPA2,RB1,0.86451113
513,621,RPP40,SNRPB,0.9282103
513,353,RPP40,CBFB,0.89524883
513,475,RPP40,BCL2,0.8942831
513,587,RPP40,NCAPD2,0.8941586
513,67,RPP40,HDAC2,0.88366205
513,589,RPP40,YBX1,0.8819511
513,209,RPP40,ZBTB16,0.8709828
513,165,RPP40,GTF2H1,0.8595817
513,485,RPP40,ABL1,0.8572532
513,292,RPP40,HDAC7,0.8490846
513,206,RPP40,ZDHHC6,0.8222312
513,508,RPP40,NDRG1,0.82139933
513,161,RPP40,JARID2,0.81536126
513,29,RPP40,IKZF1,0.8147214
513,367,RPP40,HCFC1,0.7698142
513,437,RPP40,MYB,0.76757336
513,283,RPP40,EGR1,0.7656194
513,48,RPP40,ELANE,0.7628878
513,631,RPP40,ZFP36,0.7616878
513,439,RPP40,DDX20,0.7608359
513,261,RPP40,EZR,0.759966
513,486,RPP40,NFKBIA,0.7551303
513,351,RPP40,ERCC8,0.7502097
513,482,RPP40,NFATC2,0.74343026
513,564,RPP40,MFNG,0.74007237
513,208,RPP40,CISH,0.7360838
513,177,RPP40,RELB,0.73413795
513,413,RPP40,RASSF4,0.73235965
513,331,RPP40,PIM2,0.7212916
513,196,RPP40,RARS,0.71889025
513,363,RPP40,MYC,0.7176446
513,410,RPP40,SMARCA2,0.7174124
513,422,RPP40,SESN1,0.71360195
513,180,RPP40,TRIM35,0.7070132
513,436,RPP40,RARB,0.7036986
513,263,RPP40,JUN,0.70247537
513,466,RPP40,ABCG2,0.70193
513,315,RPP40,CTSL,0.70188516
513,357,RPP40,MEIS1,0.69683284
513,81,RPP40,HDAC11,0.6961269
513,557,RPP40,SATB1,0.69231915
513,494,RPP40,USP11,0.6917651
513,82,RPP40,RB1,0.69159496
513,232,RPP40,ICAM1,0.6883191
513,34,RPP40,MAML3,0.68767226
513,550,RPP40,CREB5,0.68306905
513,6,RPP40,BTG2,0.66849935
513,449,RPP40,TIE1,0.66818315
513,536,RPP40,SPI1,0.66701454
513,289,RPP40,GT(ROSA)26SOR,0.6624757
385,621,RPRD1B,SNRPB,0.9063259
385,353,RPRD1B,CBFB,0.895775
385,475,RPRD1B,BCL2,0.8942831
385,413,RPRD1B,RASSF4,0.8941586
385,587,RPRD1B,NCAPD2,0.8941586
385,67,RPRD1B,HDAC2,0.8850062
385,589,RPRD1B,YBX1,0.8819421
385,209,RPRD1B,ZBTB16,0.8709828
385,165,RPRD1B,GTF2H1,0.85775405
385,292,RPRD1B,HDAC7,0.8490846
385,29,RPRD1B,IKZF1,0.8267248
385,206,RPRD1B,ZDHHC6,0.822438
385,508,RPRD1B,NDRG1,0.82139933
385,161,RPRD1B,JARID2,0.81536126
385,261,RPRD1B,EZR,0.79889566
385,439,RPRD1B,DDX20,0.7778268
385,351,RPRD1B,ERCC8,0.77076983
385,367,RPRD1B,HCFC1,0.7698142
385,437,RPRD1B,MYB,0.76757336
385,283,RPRD1B,EGR1,0.7656194
385,48,RPRD1B,ELANE,0.7628878
385,631,RPRD1B,ZFP36,0.7616878
385,486,RPRD1B,NFKBIA,0.7551303
385,564,RPRD1B,MFNG,0.74007237
385,208,RPRD1B,CISH,0.7360838
385,177,RPRD1B,RELB,0.73413795
385,331,RPRD1B,PIM2,0.7212916
385,196,RPRD1B,RARS,0.7207562
385,410,RPRD1B,SMARCA2,0.7174124
385,363,RPRD1B,MYC,0.7174006
385,482,RPRD1B,NFATC2,0.71484596
385,180,RPRD1B,TRIM35,0.7070132
385,436,RPRD1B,RARB,0.7036986
385,263,RPRD1B,JUN,0.70247537
385,357,RPRD1B,MEIS1,0.6965902
385,81,RPRD1B,HDAC11,0.6961269
385,224,RPRD1B,MAPK12,0.69281113
385,557,RPRD1B,SATB1,0.69231915
385,494,RPRD1B,USP11,0.6917651
385,82,RPRD1B,RB1,0.69159496
385,232,RPRD1B,ICAM1,0.68858284
385,34,RPRD1B,MAML3,0.68767226
385,485,RPRD1B,ABL1,0.68247557
385,536,RPRD1B,SPI1,0.67498404
385,6,RPRD1B,BTG2,0.66849935
385,449,RPRD1B,TIE1,0.66557777
385,289,RPRD1B,GT(ROSA)26SOR,0.6624757
385,613,RPRD1B,PGLYRP2,0.6624757
385,466,RPRD1B,ABCG2,0.6618482
385,69,RPRD1B,NAP1L3,0.6570883
438,621,RPS6KA3,SNRPB,0.9063259
438,353,RPS6KA3,CBFB,0.89579654
438,475,RPS6KA3,BCL2,0.8942831
438,413,RPS6KA3,RASSF4,0.8941586
438,587,RPS6KA3,NCAPD2,0.8941586
438,67,RPS6KA3,HDAC2,0.8850062
438,589,RPS6KA3,YBX1,0.8819421
438,165,RPS6KA3,GTF2H1,0.8595344
438,485,RPS6KA3,ABL1,0.8572532
438,209,RPS6KA3,ZBTB16,0.8526235
438,292,RPS6KA3,HDAC7,0.8490846
438,206,RPS6KA3,ZDHHC6,0.8222312
438,508,RPS6KA3,NDRG1,0.82139933
438,29,RPS6KA3,IKZF1,0.8147214
438,161,RPS6KA3,JARID2,0.8147064
438,261,RPS6KA3,EZR,0.79889566
438,367,RPS6KA3,HCFC1,0.7698142
438,283,RPS6KA3,EGR1,0.7656194
438,48,RPS6KA3,ELANE,0.7628878
438,439,RPS6KA3,DDX20,0.762292
438,631,RPS6KA3,ZFP36,0.7616878
438,486,RPS6KA3,NFKBIA,0.7551303
438,351,RPS6KA3,ERCC8,0.7502097
438,564,RPS6KA3,MFNG,0.74007237
438,208,RPS6KA3,CISH,0.7360838
438,177,RPS6KA3,RELB,0.73413795
438,437,RPS6KA3,MYB,0.73369473
438,331,RPS6KA3,PIM2,0.7212916
438,196,RPS6KA3,RARS,0.71889025
438,363,RPS6KA3,MYC,0.7176446
438,410,RPS6KA3,SMARCA2,0.7174124
438,482,RPS6KA3,NFATC2,0.71484596
438,422,RPS6KA3,SESN1,0.7136104
438,466,RPS6KA3,ABCG2,0.71360517
438,263,RPS6KA3,JUN,0.71321404
438,180,RPS6KA3,TRIM35,0.7070132
438,436,RPS6KA3,RARB,0.7040213
438,315,RPS6KA3,CTSL,0.7009099
438,357,RPS6KA3,MEIS1,0.6964905
438,81,RPS6KA3,HDAC11,0.6961269
438,157,RPS6KA3,PLAG1,0.6937167
438,557,RPS6KA3,SATB1,0.69231915
438,494,RPS6KA3,USP11,0.6917651
438,82,RPS6KA3,RB1,0.69159496
438,232,RPS6KA3,ICAM1,0.68858284
438,34,RPS6KA3,MAML3,0.68767226
438,6,RPS6KA3,BTG2,0.66849935
438,536,RPS6KA3,SPI1,0.66701454
438,449,RPS6KA3,TIE1,0.66557777
438,253,RPS6KA3,GRINA,0.6624757
608,621,RPS6KA5,SNRPB,0.9282103
608,475,RPS6KA5,BCL2,0.8946749
608,413,RPS6KA5,RASSF4,0.8941586
608,587,RPS6KA5,NCAPD2,0.8941586
608,353,RPS6KA5,CBFB,0.8914226
608,67,RPS6KA5,HDAC2,0.8850062
608,589,RPS6KA5,YBX1,0.8819421
608,209,RPS6KA5,ZBTB16,0.8709828
608,165,RPS6KA5,GTF2H1,0.8593966
608,485,RPS6KA5,ABL1,0.8572532
608,292,RPS6KA5,HDAC7,0.8490846
608,206,RPS6KA5,ZDHHC6,0.8222312
608,508,RPS6KA5,NDRG1,0.82139933
608,161,RPS6KA5,JARID2,0.81536126
608,29,RPS6KA5,IKZF1,0.8147214
608,261,RPS6KA5,EZR,0.7977385
608,367,RPS6KA5,HCFC1,0.7697872
608,283,RPS6KA5,EGR1,0.7656194
608,439,RPS6KA5,DDX20,0.7637642
608,48,RPS6KA5,ELANE,0.7628878
608,631,RPS6KA5,ZFP36,0.7616878
608,351,RPS6KA5,ERCC8,0.75880235
608,486,RPS6KA5,NFKBIA,0.7551303
608,437,RPS6KA5,MYB,0.74199396
608,564,RPS6KA5,MFNG,0.74016184
608,208,RPS6KA5,CISH,0.7360838
608,177,RPS6KA5,RELB,0.73413795
608,331,RPS6KA5,PIM2,0.7212916
608,196,RPS6KA5,RARS,0.71889025
608,363,RPS6KA5,MYC,0.7176446
608,410,RPS6KA5,SMARCA2,0.7174124
608,482,RPS6KA5,NFATC2,0.71484596
608,422,RPS6KA5,SESN1,0.71394795
608,466,RPS6KA5,ABCG2,0.71360517
608,180,RPS6KA5,TRIM35,0.7070132
608,436,RPS6KA5,RARB,0.7036986
608,263,RPS6KA5,JUN,0.7026312
608,315,RPS6KA5,CTSL,0.7020667
608,357,RPS6KA5,MEIS1,0.6965902
608,81,RPS6KA5,HDAC11,0.6961269
608,394,RPS6KA5,MAPK1,0.69363475
608,557,RPS6KA5,SATB1,0.69231915
608,494,RPS6KA5,USP11,0.6917651
608,82,RPS6KA5,RB1,0.68881863
608,232,RPS6KA5,ICAM1,0.68858284
608,34,RPS6KA5,MAML3,0.68767226
608,6,RPS6KA5,BTG2,0.66849935
608,536,RPS6KA5,SPI1,0.66701454
608,449,RPS6KA5,TIE1,0.66557777
608,194,RPS6KA5,GOLPH3,0.6633172
21,204,RRM1,MCM2,0.98493135
21,189,RRM1,MCM5,0.98477626
21,259,RRM1,NUP107,0.98420805
21,299,RRM1,ORC2,0.9840851
21,500,RRM1,MCM3,0.9832312
21,561,RRM1,MCM7,0.983107
21,414,RRM1,CENPK,0.9830809
21,137,RRM1,MYCN,0.98267776
21,575,RRM1,GTF2F1,0.9825966
21,350,RRM1,MCM6,0.98216474
21,554,RRM1,CDT1,0.9797655
21,323,RRM1,MCM4,0.97857773
21,375,RRM1,SRSF1,0.9781341
21,439,RRM1,DDX20,0.9754017
21,118,RRM1,MIS12,0.97498304
21,497,RRM1,TYMS,0.9740093
21,426,RRM1,PRPF4,0.97359043
21,119,RRM1,SLC2A3,0.97233194
21,620,RRM1,TIPIN,0.9723255
21,74,RRM1,TOP2A,0.9722543
21,240,RRM1,RPA2,0.9722412
21,42,RRM1,HMGB2,0.972151
21,182,RRM1,RPA1,0.97012436
21,30,RRM1,PBK,0.9700457
21,279,RRM1,AURKB,0.96968687
21,273,RRM1,FIGNL1,0.9691115
21,392,RRM1,DCAF13,0.9687219
21,53,RRM1,ORC6,0.9676741
21,411,RRM1,CDC45,0.9670811
21,478,RRM1,MKI67,0.96605253
21,361,RRM1,CCNB2,0.96364003
21,198,RRM1,NDN,0.96359587
21,399,RRM1,RRM2,0.9631128
21,102,RRM1,PRIM1,0.96260875
21,266,RRM1,MSH6,0.96101105
21,433,RRM1,XPC,0.9603324
21,297,RRM1,LIG1,0.96019024
21,290,RRM1,POLD1,0.95757085
21,610,RRM1,PRIM2,0.95691144
21,246,RRM1,TK1,0.9527215
21,407,RRM1,CDC7,0.95272094
21,621,RRM1,SNRPB,0.9274391
21,363,RRM1,MYC,0.90550876
21,371,RRM1,SPO11,0.90334976
21,367,RRM1,HCFC1,0.8962358
21,589,RRM1,YBX1,0.8676605
21,117,RRM1,TFG,0.8241388
21,372,RRM1,BACE1,0.8241388
21,226,RRM1,POLR2B,0.8240555
21,82,RRM1,RB1,0.7967422
399,137,RRM2,MYCN,0.9845738
399,204,RRM2,MCM2,0.9844913
399,189,RRM2,MCM5,0.9844208
399,259,RRM2,NUP107,0.9842057
399,299,RRM2,ORC2,0.9840714
399,575,RRM2,GTF2F1,0.98341066
399,426,RRM2,PRPF4,0.98251146
399,500,RRM2,MCM3,0.98249614
399,561,RRM2,MCM7,0.9824923
399,414,RRM2,CENPK,0.9824196
399,118,RRM2,MIS12,0.9820617
399,554,RRM2,CDT1,0.98186374
399,350,RRM2,MCM6,0.9813343
399,375,RRM2,SRSF1,0.9805084
399,323,RRM2,MCM4,0.97771674
399,392,RRM2,DCAF13,0.97544837
399,119,RRM2,SLC2A3,0.97374856
399,497,RRM2,TYMS,0.97342795
399,240,RRM2,RPA2,0.97161984
399,74,RRM2,TOP2A,0.97156763
399,42,RRM2,HMGB2,0.97103363
399,182,RRM2,RPA1,0.96934134
399,30,RRM2,PBK,0.96931183
399,279,RRM2,AURKB,0.9690318
399,198,RRM2,NDN,0.96779376
399,53,RRM2,ORC6,0.9664818
399,411,RRM2,CDC45,0.96580005
399,478,RRM2,MKI67,0.96471137
399,102,RRM2,PRIM1,0.96398026
399,433,RRM2,XPC,0.96112525
399,21,RRM2,RRM1,0.95915496
399,266,RRM2,MSH6,0.95899606
399,620,RRM2,TIPIN,0.9586776
399,297,RRM2,LIG1,0.958447
399,290,RRM2,POLD1,0.95587045
399,610,RRM2,PRIM2,0.9553301
399,273,RRM2,FIGNL1,0.95276564
399,246,RRM2,TK1,0.95009345
399,407,RRM2,CDC7,0.95009345
399,361,RRM2,CCNB2,0.93860775
399,621,RRM2,SNRPB,0.93838876
399,363,RRM2,MYC,0.9290151
399,367,RRM2,HCFC1,0.91593426
399,371,RRM2,SPO11,0.90436035
399,589,RRM2,YBX1,0.892174
399,117,RRM2,TFG,0.869441
399,226,RRM2,POLR2B,0.8562218
399,274,RRM2,NOP2,0.83318037
399,404,RRM2,FTSJ3,0.83318037
399,82,RRM2,RB1,0.8300532
277,475,RTP4,BCL2,0.97116166
277,29,RTP4,IKZF1,0.9679221
277,485,RTP4,ABL1,0.96288234
277,292,RTP4,HDAC7,0.96145505
277,64,RTP4,IRF9,0.9497175
277,79,RTP4,STAT2,0.948537
277,293,RTP4,IRF7,0.9458537
277,57,RTP4,OASL2,0.94576913
277,536,RTP4,SPI1,0.9444164
277,283,RTP4,EGR1,0.9440251
277,161,RTP4,JARID2,0.943358
277,278,RTP4,NCF1,0.9420305
277,420,RTP4,FDFT1,0.9417929
277,27,RTP4,IRF8,0.94122684
277,251,RTP4,IRF6,0.94121
277,613,RTP4,PGLYRP2,0.9409709
277,253,RTP4,GRINA,0.9407204
277,289,RTP4,GT(ROSA)26SOR,0.9407204
277,590,RTP4,IL12A,0.9391521
277,162,RTP4,FES,0.93864745
277,219,RTP4,TLR4,0.93864745
277,515,RTP4,IGHM,0.938602
277,183,RTP4,XAF1,0.9339273
277,354,RTP4,IIGP1,0.9339273
277,504,RTP4,IFI44,0.9339273
277,270,RTP4,VDR,0.9336974
277,466,RTP4,ABCG2,0.93347794
277,109,RTP4,H2-AA,0.9322622
277,73,RTP4,RORC,0.93062913
277,50,RTP4,NFAT5,0.92892224
277,550,RTP4,CREB5,0.92880243
277,6,RTP4,BTG2,0.9270947
277,517,RTP4,H1F0,0.92621696
277,276,RTP4,REL,0.92530644
277,52,RTP4,FCGR2B,0.9252747
277,213,RTP4,TCP11L2,0.9252747
277,304,RTP4,HLF,0.9252747
277,263,RTP4,JUN,0.92471445
277,546,RTP4,PROCR,0.9230959
277,69,RTP4,NAP1L3,0.92289275
277,194,RTP4,GOLPH3,0.92289275
277,441,RTP4,EBF1,0.92282385
277,175,RTP4,TLE2,0.92275876
277,146,RTP4,SCARF1,0.92273057
277,206,RTP4,ZDHHC6,0.9219459
277,196,RTP4,RARS,0.92192644
277,224,RTP4,MAPK12,0.9170605
277,580,RTP4,MLLT3,0.9159381
277,133,RTP4,LTB,0.90967196
277,157,RTP4,PLAG1,0.90967196
559,475,RUNX1T1,BCL2,0.9745657
559,29,RUNX1T1,IKZF1,0.96709836
559,292,RUNX1T1,HDAC7,0.9657882
559,485,RUNX1T1,ABL1,0.9614437
559,161,RUNX1T1,JARID2,0.9556531
559,196,RUNX1T1,RARS,0.9554126
559,353,RUNX1T1,CBFB,0.9553744
559,283,RUNX1T1,EGR1,0.95514643
559,466,RUNX1T1,ABCG2,0.95240843
559,263,RUNX1T1,JUN,0.95219743
559,631,RUNX1T1,ZFP36,0.94821537
559,206,RUNX1T1,ZDHHC6,0.94430673
559,209,RUNX1T1,ZBTB16,0.9440308
559,79,RUNX1T1,STAT2,0.9427422
559,6,RUNX1T1,BTG2,0.9414773
559,413,RUNX1T1,RASSF4,0.939331
559,587,RUNX1T1,NCAPD2,0.939331
559,177,RUNX1T1,RELB,0.9369929
559,208,RUNX1T1,CISH,0.9351585
559,536,RUNX1T1,SPI1,0.93415153
559,436,RUNX1T1,RARB,0.9339425
559,162,RUNX1T1,FES,0.93297285
559,219,RUNX1T1,TLR4,0.93297285
559,278,RUNX1T1,NCF1,0.93297285
559,515,RUNX1T1,IGHM,0.93297285
559,67,RUNX1T1,HDAC2,0.93277043
559,253,RUNX1T1,GRINA,0.9323426
559,289,RUNX1T1,GT(ROSA)26SOR,0.9323426
559,613,RUNX1T1,PGLYRP2,0.93231857
559,621,RUNX1T1,SNRPB,0.9314597
559,557,RUNX1T1,SATB1,0.9305259
559,69,RUNX1T1,NAP1L3,0.9303361
559,146,RUNX1T1,SCARF1,0.9303361
559,175,RUNX1T1,TLE2,0.9303361
559,194,RUNX1T1,GOLPH3,0.9303361
559,441,RUNX1T1,EBF1,0.9303361
559,546,RUNX1T1,PROCR,0.9303361
559,622,RUNX1T1,KRT18,0.9303361
559,232,RUNX1T1,ICAM1,0.9303208
559,64,RUNX1T1,IRF9,0.92986554
559,52,RUNX1T1,FCGR2B,0.925266
559,213,RUNX1T1,TCP11L2,0.925266
559,304,RUNX1T1,HLF,0.925266
559,420,RUNX1T1,FDFT1,0.9250751
559,517,RUNX1T1,H1F0,0.9246723
559,270,RUNX1T1,VDR,0.92395574
559,293,RUNX1T1,IRF7,0.92361027
559,224,RUNX1T1,MAPK12,0.9227283
559,27,RUNX1T1,IRF8,0.91930515
559,580,RUNX1T1,MLLT3,0.91895056
396,621,RUVBL2,SNRPB,0.96801347
396,413,RUVBL2,RASSF4,0.96771383
396,587,RUVBL2,NCAPD2,0.96771383
396,67,RUVBL2,HDAC2,0.9642559
396,353,RUVBL2,CBFB,0.9591409
396,589,RUVBL2,YBX1,0.95654285
396,165,RUVBL2,GTF2H1,0.95474976
396,209,RUVBL2,ZBTB16,0.94401544
396,261,RUVBL2,EZR,0.9436564
396,508,RUVBL2,NDRG1,0.94160455
396,475,RUVBL2,BCL2,0.9385536
396,485,RUVBL2,ABL1,0.92437613
396,292,RUVBL2,HDAC7,0.92289543
396,206,RUVBL2,ZDHHC6,0.91470003
396,482,RUVBL2,NFATC2,0.9097199
396,486,RUVBL2,NFKBIA,0.90653217
396,161,RUVBL2,JARID2,0.906438
396,367,RUVBL2,HCFC1,0.90506506
396,351,RUVBL2,ERCC8,0.8928275
396,48,RUVBL2,ELANE,0.88224566
396,363,RUVBL2,MYC,0.88118047
396,29,RUVBL2,IKZF1,0.8797715
396,315,RUVBL2,CTSL,0.87970495
396,631,RUVBL2,ZFP36,0.8777155
396,437,RUVBL2,MYB,0.8731609
396,564,RUVBL2,MFNG,0.87197304
396,82,RUVBL2,RB1,0.85839933
396,283,RUVBL2,EGR1,0.8552639
396,480,RUVBL2,WDR5,0.83827114
396,494,RUVBL2,USP11,0.83384556
396,177,RUVBL2,RELB,0.8303843
396,439,RUVBL2,DDX20,0.828854
396,331,RUVBL2,PIM2,0.8281003
396,104,RUVBL2,BTK,0.82611066
396,208,RUVBL2,CISH,0.82510966
396,422,RUVBL2,SESN1,0.82324547
396,226,RUVBL2,POLR2B,0.8174773
396,410,RUVBL2,SMARCA2,0.808099
396,134,RUVBL2,PA2G4,0.8051904
396,196,RUVBL2,RARS,0.78495246
396,436,RUVBL2,RARB,0.7798325
396,180,RUVBL2,TRIM35,0.77606773
396,154,RUVBL2,HDGF,0.774748
396,166,RUVBL2,PSAT1,0.774748
396,197,RUVBL2,WDR4,0.774748
396,212,RUVBL2,FLT3,0.774748
396,217,RUVBL2,PRMT7,0.774748
396,220,RUVBL2,TMEM43,0.774748
396,376,RUVBL2,ATF7,0.774748
396,389,RUVBL2,FOXRED1,0.774748
282,353,S100A6,CBFB,0.92862463
282,475,S100A6,BCL2,0.9277136
282,621,S100A6,SNRPB,0.9208811
282,209,S100A6,ZBTB16,0.90729123
282,485,S100A6,ABL1,0.8992882
282,292,S100A6,HDAC7,0.89468503
282,413,S100A6,RASSF4,0.884536
282,587,S100A6,NCAPD2,0.884536
282,67,S100A6,HDAC2,0.8787542
282,161,S100A6,JARID2,0.865137
282,29,S100A6,IKZF1,0.86011684
282,206,S100A6,ZDHHC6,0.8597822
282,165,S100A6,GTF2H1,0.85002106
282,589,S100A6,YBX1,0.84294623
282,508,S100A6,NDRG1,0.8364474
282,283,S100A6,EGR1,0.7973724
282,261,S100A6,EZR,0.7929205
282,564,S100A6,MFNG,0.79202396
282,486,S100A6,NFKBIA,0.7899796
282,631,S100A6,ZFP36,0.7859793
282,48,S100A6,ELANE,0.78418654
282,422,S100A6,SESN1,0.77758193
282,331,S100A6,PIM2,0.7750304
282,208,S100A6,CISH,0.7707695
282,410,S100A6,SMARCA2,0.7650582
282,177,S100A6,RELB,0.7558556
282,315,S100A6,CTSL,0.74601215
282,180,S100A6,TRIM35,0.7400572
282,437,S100A6,MYB,0.7386764
282,367,S100A6,HCFC1,0.7236404
282,439,S100A6,DDX20,0.72183543
282,81,S100A6,HDAC11,0.71863306
282,436,S100A6,RARB,0.7063028
282,363,S100A6,MYC,0.6971926
282,536,S100A6,SPI1,0.697074
282,196,S100A6,RARS,0.69449663
282,351,S100A6,ERCC8,0.6933081
282,557,S100A6,SATB1,0.6910271
282,34,S100A6,MAML3,0.6909593
282,263,S100A6,JUN,0.6860769
282,232,S100A6,ICAM1,0.6827138
282,104,S100A6,BTK,0.68188477
282,515,S100A6,IGHM,0.6744117
282,482,S100A6,NFATC2,0.65713847
282,154,S100A6,HDGF,0.65161467
282,162,S100A6,FES,0.65114254
282,219,S100A6,TLR4,0.65114254
282,278,S100A6,NCF1,0.65114254
282,357,S100A6,MEIS1,0.650156
282,466,S100A6,ABCG2,0.64442956
607,621,SALL2,SNRPB,0.9282103
607,475,SALL2,BCL2,0.8946749
607,413,SALL2,RASSF4,0.8941586
607,587,SALL2,NCAPD2,0.8941586
607,353,SALL2,CBFB,0.8914226
607,67,SALL2,HDAC2,0.8850062
607,589,SALL2,YBX1,0.8819421
607,209,SALL2,ZBTB16,0.8709828
607,165,SALL2,GTF2H1,0.8593966
607,485,SALL2,ABL1,0.8572532
607,292,SALL2,HDAC7,0.8490846
607,206,SALL2,ZDHHC6,0.8222312
607,508,SALL2,NDRG1,0.82139933
607,161,SALL2,JARID2,0.81536126
607,29,SALL2,IKZF1,0.8147214
607,261,SALL2,EZR,0.7977385
607,367,SALL2,HCFC1,0.7697872
607,283,SALL2,EGR1,0.7656194
607,439,SALL2,DDX20,0.7637642
607,48,SALL2,ELANE,0.7628878
607,631,SALL2,ZFP36,0.7616878
607,351,SALL2,ERCC8,0.75880235
607,486,SALL2,NFKBIA,0.7551303
607,437,SALL2,MYB,0.74199396
607,564,SALL2,MFNG,0.74016184
607,208,SALL2,CISH,0.7360838
607,177,SALL2,RELB,0.73413795
607,331,SALL2,PIM2,0.7212916
607,196,SALL2,RARS,0.71889025
607,363,SALL2,MYC,0.7176446
607,410,SALL2,SMARCA2,0.7174124
607,482,SALL2,NFATC2,0.71484596
607,422,SALL2,SESN1,0.71394795
607,466,SALL2,ABCG2,0.71360517
607,180,SALL2,TRIM35,0.7070132
607,436,SALL2,RARB,0.7036986
607,263,SALL2,JUN,0.7026312
607,315,SALL2,CTSL,0.7020667
607,357,SALL2,MEIS1,0.6965902
607,81,SALL2,HDAC11,0.6961269
607,394,SALL2,MAPK1,0.69363475
607,557,SALL2,SATB1,0.69231915
607,494,SALL2,USP11,0.6917651
607,82,SALL2,RB1,0.68881863
607,232,SALL2,ICAM1,0.68858284
607,34,SALL2,MAML3,0.68767226
607,6,SALL2,BTG2,0.66849935
607,536,SALL2,SPI1,0.66701454
607,449,SALL2,TIE1,0.66557777
607,194,SALL2,GOLPH3,0.6633172
531,353,SAMD9L,CBFB,0.895775
531,475,SAMD9L,BCL2,0.8942831
531,413,SAMD9L,RASSF4,0.8941586
531,587,SAMD9L,NCAPD2,0.8941586
531,621,SAMD9L,SNRPB,0.89412594
531,67,SAMD9L,HDAC2,0.8850062
531,589,SAMD9L,YBX1,0.8821593
531,209,SAMD9L,ZBTB16,0.8709828
531,165,SAMD9L,GTF2H1,0.8593966
531,485,SAMD9L,ABL1,0.85836256
531,292,SAMD9L,HDAC7,0.8490846
531,206,SAMD9L,ZDHHC6,0.8222312
531,508,SAMD9L,NDRG1,0.82139933
531,161,SAMD9L,JARID2,0.81536126
531,29,SAMD9L,IKZF1,0.8147214
531,261,SAMD9L,EZR,0.79889566
531,367,SAMD9L,HCFC1,0.7698142
531,437,SAMD9L,MYB,0.76757336
531,283,SAMD9L,EGR1,0.7655724
531,439,SAMD9L,DDX20,0.7637642
531,48,SAMD9L,ELANE,0.7628878
531,631,SAMD9L,ZFP36,0.7616878
531,486,SAMD9L,NFKBIA,0.75307345
531,351,SAMD9L,ERCC8,0.7502097
531,564,SAMD9L,MFNG,0.74016184
531,208,SAMD9L,CISH,0.7360838
531,177,SAMD9L,RELB,0.73413795
531,6,SAMD9L,BTG2,0.73371696
531,331,SAMD9L,PIM2,0.7209529
531,196,SAMD9L,RARS,0.71889025
531,363,SAMD9L,MYC,0.7176446
531,410,SAMD9L,SMARCA2,0.71696234
531,482,SAMD9L,NFATC2,0.71484596
531,422,SAMD9L,SESN1,0.7136104
531,466,SAMD9L,ABCG2,0.71360517
531,180,SAMD9L,TRIM35,0.7070132
531,436,SAMD9L,RARB,0.7037149
531,263,SAMD9L,JUN,0.7024884
531,315,SAMD9L,CTSL,0.70188516
531,69,SAMD9L,NAP1L3,0.7002005
531,357,SAMD9L,MEIS1,0.6965902
531,81,SAMD9L,HDAC11,0.6961269
531,82,SAMD9L,RB1,0.6912786
531,232,SAMD9L,ICAM1,0.6886148
531,34,SAMD9L,MAML3,0.68767226
531,557,SAMD9L,SATB1,0.6811004
531,536,SAMD9L,SPI1,0.66701454
531,449,SAMD9L,TIE1,0.66557777
531,253,SAMD9L,GRINA,0.6624757
531,613,SAMD9L,PGLYRP2,0.6624757
557,475,SATB1,BCL2,0.97492605
557,29,SATB1,IKZF1,0.96802676
557,292,SATB1,HDAC7,0.9662665
557,485,SATB1,ABL1,0.9641614
557,283,SATB1,EGR1,0.95705205
557,196,SATB1,RARS,0.955668
557,353,SATB1,CBFB,0.9543029
557,161,SATB1,JARID2,0.9526924
557,466,SATB1,ABCG2,0.9502675
557,263,SATB1,JUN,0.95019776
557,631,SATB1,ZFP36,0.9487154
557,206,SATB1,ZDHHC6,0.94538486
557,209,SATB1,ZBTB16,0.94486874
557,79,SATB1,STAT2,0.94428
557,6,SATB1,BTG2,0.94322115
557,177,SATB1,RELB,0.9378587
557,536,SATB1,SPI1,0.9367103
557,208,SATB1,CISH,0.9361821
557,436,SATB1,RARB,0.9351844
557,162,SATB1,FES,0.9345817
557,515,SATB1,IGHM,0.934518
557,613,SATB1,PGLYRP2,0.9342973
557,253,SATB1,GRINA,0.9341
557,289,SATB1,GT(ROSA)26SOR,0.9341
557,441,SATB1,EBF1,0.9323893
557,175,SATB1,TLE2,0.9323183
557,146,SATB1,SCARF1,0.93231785
557,69,SATB1,NAP1L3,0.9322978
557,546,SATB1,PROCR,0.9322978
557,622,SATB1,KRT18,0.9322978
557,194,SATB1,GOLPH3,0.93213123
557,64,SATB1,IRF9,0.9319703
557,232,SATB1,ICAM1,0.93111783
557,413,SATB1,RASSF4,0.9291528
557,587,SATB1,NCAPD2,0.9286858
557,213,SATB1,TCP11L2,0.9275313
557,304,SATB1,HLF,0.9275313
557,420,SATB1,FDFT1,0.92709506
557,270,SATB1,VDR,0.9263038
557,293,SATB1,IRF7,0.9257921
557,621,SATB1,SNRPB,0.9253675
557,183,SATB1,XAF1,0.9245775
557,224,SATB1,MAPK12,0.9244949
557,73,SATB1,RORC,0.9238093
557,67,SATB1,HDAC2,0.9236142
557,52,SATB1,FCGR2B,0.9226122
557,517,SATB1,H1F0,0.92242795
557,27,SATB1,IRF8,0.92183185
557,580,SATB1,MLLT3,0.92162484
557,590,SATB1,IL12A,0.9211332
493,621,SCARB1,SNRPB,0.9282103
493,353,SCARB1,CBFB,0.895775
493,475,SCARB1,BCL2,0.8942831
493,587,SCARB1,NCAPD2,0.8941586
493,413,SCARB1,RASSF4,0.89409095
493,67,SCARB1,HDAC2,0.8850062
493,589,SCARB1,YBX1,0.8819421
493,209,SCARB1,ZBTB16,0.8709828
493,165,SCARB1,GTF2H1,0.8593966
493,485,SCARB1,ABL1,0.8572532
493,292,SCARB1,HDAC7,0.84929335
493,206,SCARB1,ZDHHC6,0.8225083
493,508,SCARB1,NDRG1,0.82139933
493,161,SCARB1,JARID2,0.81536126
493,29,SCARB1,IKZF1,0.8147214
493,261,SCARB1,EZR,0.79889566
493,367,SCARB1,HCFC1,0.7698142
493,437,SCARB1,MYB,0.76757336
493,283,SCARB1,EGR1,0.7656194
493,439,SCARB1,DDX20,0.7637642
493,48,SCARB1,ELANE,0.76347023
493,631,SCARB1,ZFP36,0.7616878
493,486,SCARB1,NFKBIA,0.7551303
493,564,SCARB1,MFNG,0.74007237
493,208,SCARB1,CISH,0.7360838
493,177,SCARB1,RELB,0.73413795
493,331,SCARB1,PIM2,0.7212916
493,196,SCARB1,RARS,0.71896315
493,363,SCARB1,MYC,0.7176446
493,410,SCARB1,SMARCA2,0.7174124
493,482,SCARB1,NFATC2,0.71484596
493,422,SCARB1,SESN1,0.7136104
493,466,SCARB1,ABCG2,0.71360517
493,436,SCARB1,RARB,0.7036986
493,315,SCARB1,CTSL,0.7017663
493,357,SCARB1,MEIS1,0.6965902
493,81,SCARB1,HDAC11,0.6959157
493,180,SCARB1,TRIM35,0.6948153
493,494,SCARB1,USP11,0.6917651
493,82,SCARB1,RB1,0.69159496
493,232,SCARB1,ICAM1,0.68858284
493,34,SCARB1,MAML3,0.68767226
493,263,SCARB1,JUN,0.68641496
493,394,SCARB1,MAPK1,0.6863559
493,622,SCARB1,KRT18,0.6748085
493,351,SCARB1,ERCC8,0.67378265
493,6,SCARB1,BTG2,0.66849935
493,536,SCARB1,SPI1,0.66701454
493,449,SCARB1,TIE1,0.66557777
493,253,SCARB1,GRINA,0.6624757
146,475,SCARF1,BCL2,0.9751648
146,29,SCARF1,IKZF1,0.96899736
146,292,SCARF1,HDAC7,0.96630985
146,485,SCARF1,ABL1,0.96582586
146,283,SCARF1,EGR1,0.9566815
146,161,SCARF1,JARID2,0.9562569
146,196,SCARF1,RARS,0.954783
146,466,SCARF1,ABCG2,0.95441353
146,353,SCARF1,CBFB,0.9519527
146,263,SCARF1,JUN,0.95180386
146,79,SCARF1,STAT2,0.9454023
146,206,SCARF1,ZDHHC6,0.94526726
146,209,SCARF1,ZBTB16,0.94478935
146,6,SCARF1,BTG2,0.94424945
146,631,SCARF1,ZFP36,0.94396806
146,162,SCARF1,FES,0.9359526
146,219,SCARF1,TLR4,0.9359526
146,515,SCARF1,IGHM,0.9359526
146,278,SCARF1,NCF1,0.935879
146,253,SCARF1,GRINA,0.93551964
146,289,SCARF1,GT(ROSA)26SOR,0.93551964
146,613,SCARF1,PGLYRP2,0.93551964
146,436,SCARF1,RARB,0.9346723
146,64,SCARF1,IRF9,0.9340563
146,175,SCARF1,TLE2,0.9335828
146,194,SCARF1,GOLPH3,0.9335828
146,441,SCARF1,EBF1,0.9335828
146,546,SCARF1,PROCR,0.9335828
146,622,SCARF1,KRT18,0.9335828
146,232,SCARF1,ICAM1,0.9308244
146,52,SCARF1,FCGR2B,0.92909825
146,213,SCARF1,TCP11L2,0.92909825
146,304,SCARF1,HLF,0.92909825
146,420,SCARF1,FDFT1,0.9289283
146,208,SCARF1,CISH,0.9285086
146,270,SCARF1,VDR,0.92799133
146,293,SCARF1,IRF7,0.9278859
146,177,SCARF1,RELB,0.9275034
146,224,SCARF1,MAPK12,0.9258593
146,73,SCARF1,RORC,0.9255913
146,517,SCARF1,H1F0,0.9240271
146,27,SCARF1,IRF8,0.92398953
146,580,SCARF1,MLLT3,0.923417
146,251,SCARF1,IRF6,0.9222493
146,590,SCARF1,IL12A,0.9218355
146,276,SCARF1,REL,0.9195611
146,621,SCARF1,SNRPB,0.9175808
146,445,SCARF1,APBB1,0.9172153
146,538,SCARF1,TRP53I11,0.9162507
146,133,SCARF1,LTB,0.9147558
625,621,SDF2L1,SNRPB,0.9282103
625,353,SDF2L1,CBFB,0.89558196
625,475,SDF2L1,BCL2,0.8942831
625,413,SDF2L1,RASSF4,0.8941586
625,587,SDF2L1,NCAPD2,0.8941586
625,67,SDF2L1,HDAC2,0.8850062
625,589,SDF2L1,YBX1,0.8819421
625,209,SDF2L1,ZBTB16,0.87076676
625,165,SDF2L1,GTF2H1,0.8593966
625,292,SDF2L1,HDAC7,0.8490846
625,206,SDF2L1,ZDHHC6,0.8222312
625,508,SDF2L1,NDRG1,0.82139933
625,161,SDF2L1,JARID2,0.81536126
625,29,SDF2L1,IKZF1,0.8147214
625,261,SDF2L1,EZR,0.79889566
625,367,SDF2L1,HCFC1,0.7906443
625,437,SDF2L1,MYB,0.76768965
625,283,SDF2L1,EGR1,0.76559925
625,439,SDF2L1,DDX20,0.7637642
625,48,SDF2L1,ELANE,0.7628878
625,631,SDF2L1,ZFP36,0.7613824
625,79,SDF2L1,STAT2,0.75977534
625,486,SDF2L1,NFKBIA,0.7551303
625,485,SDF2L1,ABL1,0.75403035
625,351,SDF2L1,ERCC8,0.7502097
625,564,SDF2L1,MFNG,0.74007237
625,208,SDF2L1,CISH,0.73953485
625,293,SDF2L1,IRF7,0.7352872
625,177,SDF2L1,RELB,0.73460364
625,331,SDF2L1,PIM2,0.7212916
625,196,SDF2L1,RARS,0.71889025
625,363,SDF2L1,MYC,0.7176446
625,410,SDF2L1,SMARCA2,0.7174124
625,482,SDF2L1,NFATC2,0.7153819
625,466,SDF2L1,ABCG2,0.71360517
625,315,SDF2L1,CTSL,0.71267337
625,180,SDF2L1,TRIM35,0.7070132
625,436,SDF2L1,RARB,0.7036986
625,263,SDF2L1,JUN,0.70247537
625,557,SDF2L1,SATB1,0.69231915
625,494,SDF2L1,USP11,0.6917651
625,232,SDF2L1,ICAM1,0.68858284
625,34,SDF2L1,MAML3,0.68767226
625,422,SDF2L1,SESN1,0.67973477
625,550,SDF2L1,CREB5,0.6754009
625,6,SDF2L1,BTG2,0.66849935
625,536,SDF2L1,SPI1,0.66701454
625,449,SDF2L1,TIE1,0.6658671
625,253,SDF2L1,GRINA,0.66255695
625,289,SDF2L1,GT(ROSA)26SOR,0.6624757
430,621,SEH1L,SNRPB,0.9282103
430,353,SEH1L,CBFB,0.895775
430,413,SEH1L,RASSF4,0.8941586
430,587,SEH1L,NCAPD2,0.8941586
430,475,SEH1L,BCL2,0.8923615
430,67,SEH1L,HDAC2,0.8850062
430,589,SEH1L,YBX1,0.88185596
430,209,SEH1L,ZBTB16,0.8709828
430,165,SEH1L,GTF2H1,0.8593966
430,485,SEH1L,ABL1,0.8572532
430,292,SEH1L,HDAC7,0.8490846
430,29,SEH1L,IKZF1,0.84177965
430,508,SEH1L,NDRG1,0.82139933
430,161,SEH1L,JARID2,0.81536126
430,261,SEH1L,EZR,0.79889566
430,367,SEH1L,HCFC1,0.7698142
430,437,SEH1L,MYB,0.7677301
430,283,SEH1L,EGR1,0.7656194
430,439,SEH1L,DDX20,0.7637642
430,631,SEH1L,ZFP36,0.7616878
430,206,SEH1L,ZDHHC6,0.75573045
430,486,SEH1L,NFKBIA,0.7551303
430,351,SEH1L,ERCC8,0.7502097
430,564,SEH1L,MFNG,0.74007237
430,208,SEH1L,CISH,0.7360838
430,177,SEH1L,RELB,0.73413795
430,52,SEH1L,FCGR2B,0.72435164
430,331,SEH1L,PIM2,0.7216572
430,196,SEH1L,RARS,0.71889025
430,363,SEH1L,MYC,0.7176446
430,410,SEH1L,SMARCA2,0.7174124
430,482,SEH1L,NFATC2,0.71552813
430,48,SEH1L,ELANE,0.7139475
430,422,SEH1L,SESN1,0.7136104
430,466,SEH1L,ABCG2,0.71360517
430,180,SEH1L,TRIM35,0.7070132
430,436,SEH1L,RARB,0.70548487
430,315,SEH1L,CTSL,0.70188516
430,357,SEH1L,MEIS1,0.6963556
430,81,SEH1L,HDAC11,0.6962735
430,557,SEH1L,SATB1,0.69231915
430,494,SEH1L,USP11,0.6917651
430,82,SEH1L,RB1,0.69159496
430,187,SEH1L,LMO4,0.6907174
430,232,SEH1L,ICAM1,0.6883191
430,34,SEH1L,MAML3,0.68767226
430,550,SEH1L,CREB5,0.6749249
430,6,SEH1L,BTG2,0.66849935
430,536,SEH1L,SPI1,0.66701454
430,449,SEH1L,TIE1,0.66557777
191,621,SELENBP1,SNRPB,0.9282109
191,353,SELENBP1,CBFB,0.895597
191,587,SELENBP1,NCAPD2,0.89432716
191,475,SELENBP1,BCL2,0.8942831
191,67,SELENBP1,HDAC2,0.8850062
191,589,SELENBP1,YBX1,0.8821683
191,209,SELENBP1,ZBTB16,0.8709828
191,165,SELENBP1,GTF2H1,0.8593966
191,485,SELENBP1,ABL1,0.8572532
191,413,SELENBP1,RASSF4,0.85525835
191,292,SELENBP1,HDAC7,0.84821266
191,206,SELENBP1,ZDHHC6,0.8222312
191,508,SELENBP1,NDRG1,0.82139933
191,161,SELENBP1,JARID2,0.8158728
191,29,SELENBP1,IKZF1,0.8147214
191,261,SELENBP1,EZR,0.79889566
191,367,SELENBP1,HCFC1,0.7698142
191,437,SELENBP1,MYB,0.7678526
191,283,SELENBP1,EGR1,0.765534
191,439,SELENBP1,DDX20,0.7641273
191,48,SELENBP1,ELANE,0.7628878
191,631,SELENBP1,ZFP36,0.7616878
191,486,SELENBP1,NFKBIA,0.7551303
191,208,SELENBP1,CISH,0.7360838
191,177,SELENBP1,RELB,0.73413795
191,564,SELENBP1,MFNG,0.73381346
191,79,SELENBP1,STAT2,0.7255966
191,331,SELENBP1,PIM2,0.7212916
191,196,SELENBP1,RARS,0.7206681
191,410,SELENBP1,SMARCA2,0.7174124
191,363,SELENBP1,MYC,0.7174006
191,482,SELENBP1,NFATC2,0.71552813
191,422,SELENBP1,SESN1,0.7136104
191,466,SELENBP1,ABCG2,0.71360517
191,180,SELENBP1,TRIM35,0.706945
191,436,SELENBP1,RARB,0.7036986
191,263,SELENBP1,JUN,0.7025586
191,315,SELENBP1,CTSL,0.70188516
191,357,SELENBP1,MEIS1,0.6963556
191,81,SELENBP1,HDAC11,0.6961269
191,557,SELENBP1,SATB1,0.6925329
191,494,SELENBP1,USP11,0.6917651
191,82,SELENBP1,RB1,0.69159496
191,232,SELENBP1,ICAM1,0.68858284
191,34,SELENBP1,MAML3,0.68767226
191,6,SELENBP1,BTG2,0.66849935
191,536,SELENBP1,SPI1,0.66701454
191,449,SELENBP1,TIE1,0.665706
191,289,SELENBP1,GT(ROSA)26SOR,0.6624757
191,613,SELENBP1,PGLYRP2,0.6624757
184,475,SELL,BCL2,0.9724939
184,29,SELL,IKZF1,0.9682685
184,485,SELL,ABL1,0.9639605
184,292,SELL,HDAC7,0.96296823
184,283,SELL,EGR1,0.95157766
184,161,SELL,JARID2,0.9492079
184,64,SELL,IRF9,0.94366723
184,466,SELL,ABCG2,0.9435115
184,79,SELL,STAT2,0.941934
184,536,SELL,SPI1,0.9399294
184,613,SELL,PGLYRP2,0.93989193
184,253,SELL,GRINA,0.93973297
184,293,SELL,IRF7,0.938829
184,263,SELL,JUN,0.9381195
184,420,SELL,FDFT1,0.93801206
184,219,SELL,TLR4,0.93707687
184,278,SELL,NCF1,0.93707687
184,162,SELL,FES,0.9370079
184,6,SELL,BTG2,0.9363333
184,270,SELL,VDR,0.9350784
184,196,SELL,RARS,0.93471956
184,27,SELL,IRF8,0.9343103
184,73,SELL,RORC,0.93419844
184,206,SELL,ZDHHC6,0.9336938
184,251,SELL,IRF6,0.9336348
184,213,SELL,TCP11L2,0.9333231
184,52,SELL,FCGR2B,0.933029
184,304,SELL,HLF,0.933029
184,622,SELL,KRT18,0.9317994
184,69,SELL,NAP1L3,0.9317911
184,146,SELL,SCARF1,0.9317911
184,194,SELL,GOLPH3,0.9317911
184,546,SELL,PROCR,0.9317911
184,590,SELL,IL12A,0.9315808
184,209,SELL,ZBTB16,0.9313439
184,517,SELL,H1F0,0.9310235
184,224,SELL,MAPK12,0.9237666
184,183,SELL,XAF1,0.9233952
184,354,SELL,IIGP1,0.9233952
184,504,SELL,IFI44,0.9233952
184,276,SELL,REL,0.92236894
184,109,SELL,H2-AA,0.9222511
184,50,SELL,NFAT5,0.9219519
184,550,SELL,CREB5,0.92194927
184,57,SELL,OASL2,0.9208336
184,277,SELL,RTP4,0.9208336
184,580,SELL,MLLT3,0.9206544
184,208,SELL,CISH,0.9190593
184,289,SELL,GT(ROSA)26SOR,0.91867065
184,559,SELL,RUNX1T1,0.91628146
185,621,SERPINA3G,SNRPB,0.9282532
185,353,SERPINA3G,CBFB,0.895597
185,475,SERPINA3G,BCL2,0.8942831
185,587,SERPINA3G,NCAPD2,0.8941586
185,413,SERPINA3G,RASSF4,0.89397424
185,67,SERPINA3G,HDAC2,0.8850062
185,589,SERPINA3G,YBX1,0.8819421
185,209,SERPINA3G,ZBTB16,0.8709878
185,165,SERPINA3G,GTF2H1,0.8593966
185,485,SERPINA3G,ABL1,0.8572532
185,292,SERPINA3G,HDAC7,0.8490846
185,206,SERPINA3G,ZDHHC6,0.82137835
185,161,SERPINA3G,JARID2,0.81536126
185,29,SERPINA3G,IKZF1,0.8147214
185,261,SERPINA3G,EZR,0.79889566
185,367,SERPINA3G,HCFC1,0.7698142
185,437,SERPINA3G,MYB,0.76757336
185,283,SERPINA3G,EGR1,0.765534
185,508,SERPINA3G,NDRG1,0.7646372
185,439,SERPINA3G,DDX20,0.7637642
185,48,SERPINA3G,ELANE,0.7628878
185,631,SERPINA3G,ZFP36,0.7616878
185,486,SERPINA3G,NFKBIA,0.7551303
185,208,SERPINA3G,CISH,0.7360838
185,177,SERPINA3G,RELB,0.7341377
185,351,SERPINA3G,ERCC8,0.7282291
185,331,SERPINA3G,PIM2,0.7212916
185,196,SERPINA3G,RARS,0.71889025
185,363,SERPINA3G,MYC,0.7176446
185,410,SERPINA3G,SMARCA2,0.7174124
185,482,SERPINA3G,NFATC2,0.71484596
185,422,SERPINA3G,SESN1,0.7136104
185,466,SERPINA3G,ABCG2,0.71360517
185,180,SERPINA3G,TRIM35,0.7070132
185,436,SERPINA3G,RARB,0.7036986
185,315,SERPINA3G,CTSL,0.70188516
185,175,SERPINA3G,TLE2,0.7002005
185,79,SERPINA3G,STAT2,0.69939923
185,357,SERPINA3G,MEIS1,0.6965902
185,81,SERPINA3G,HDAC11,0.6961269
185,557,SERPINA3G,SATB1,0.69231915
185,82,SERPINA3G,RB1,0.69159496
185,494,SERPINA3G,USP11,0.68984526
185,232,SERPINA3G,ICAM1,0.68858284
185,34,SERPINA3G,MAML3,0.68767226
185,263,SERPINA3G,JUN,0.6831191
185,289,SERPINA3G,GT(ROSA)26SOR,0.67576504
185,6,SERPINA3G,BTG2,0.66849935
185,536,SERPINA3G,SPI1,0.6682697
185,564,SERPINA3G,MFNG,0.66813326
115,621,SERPINB1A,SNRPB,0.9282103
115,475,SERPINB1A,BCL2,0.8942831
115,413,SERPINB1A,RASSF4,0.8941586
115,587,SERPINB1A,NCAPD2,0.8941586
115,353,SERPINB1A,CBFB,0.8912212
115,67,SERPINB1A,HDAC2,0.8850062
115,589,SERPINB1A,YBX1,0.8819421
115,165,SERPINB1A,GTF2H1,0.8593966
115,485,SERPINB1A,ABL1,0.8572532
115,292,SERPINB1A,HDAC7,0.8490846
115,209,SERPINB1A,ZBTB16,0.8237477
115,206,SERPINB1A,ZDHHC6,0.82212543
115,508,SERPINB1A,NDRG1,0.82139933
115,161,SERPINB1A,JARID2,0.81536126
115,29,SERPINB1A,IKZF1,0.8147214
115,261,SERPINB1A,EZR,0.79879767
115,486,SERPINB1A,NFKBIA,0.78116095
115,367,SERPINB1A,HCFC1,0.76997364
115,437,SERPINB1A,MYB,0.76757336
115,283,SERPINB1A,EGR1,0.7656194
115,439,SERPINB1A,DDX20,0.7637642
115,48,SERPINB1A,ELANE,0.7628878
115,631,SERPINB1A,ZFP36,0.7615941
115,351,SERPINB1A,ERCC8,0.7502097
115,564,SERPINB1A,MFNG,0.74007237
115,208,SERPINB1A,CISH,0.7360838
115,177,SERPINB1A,RELB,0.73413795
115,331,SERPINB1A,PIM2,0.7212916
115,196,SERPINB1A,RARS,0.71889025
115,363,SERPINB1A,MYC,0.7176446
115,410,SERPINB1A,SMARCA2,0.7174124
115,482,SERPINB1A,NFATC2,0.71484596
115,422,SERPINB1A,SESN1,0.7136104
115,466,SERPINB1A,ABCG2,0.71360517
115,315,SERPINB1A,CTSL,0.71267337
115,180,SERPINB1A,TRIM35,0.7070132
115,436,SERPINB1A,RARB,0.7036986
115,263,SERPINB1A,JUN,0.70247537
115,81,SERPINB1A,HDAC11,0.6961269
115,494,SERPINB1A,USP11,0.69525063
115,557,SERPINB1A,SATB1,0.69231915
115,82,SERPINB1A,RB1,0.69159496
115,232,SERPINB1A,ICAM1,0.68881
115,34,SERPINB1A,MAML3,0.68767226
115,357,SERPINB1A,MEIS1,0.6862075
115,435,SERPINB1A,NR3C2,0.6775239
115,6,SERPINB1A,BTG2,0.6685566
115,536,SERPINB1A,SPI1,0.66701454
115,449,SERPINB1A,TIE1,0.66557777
115,253,SERPINB1A,GRINA,0.6624757
506,621,SERPINB9,SNRPB,0.92830145
506,475,SERPINB9,BCL2,0.920631
506,353,SERPINB9,CBFB,0.895751
506,413,SERPINB9,RASSF4,0.89453536
506,587,SERPINB9,NCAPD2,0.89453536
506,67,SERPINB9,HDAC2,0.88848245
506,589,SERPINB9,YBX1,0.8822921
506,209,SERPINB9,ZBTB16,0.8771522
506,165,SERPINB9,GTF2H1,0.8641143
506,485,SERPINB9,ABL1,0.8571366
506,292,SERPINB9,HDAC7,0.8489602
506,29,SERPINB9,IKZF1,0.82379895
506,206,SERPINB9,ZDHHC6,0.82212603
506,161,SERPINB9,JARID2,0.8187738
506,261,SERPINB9,EZR,0.8023974
506,508,SERPINB9,NDRG1,0.7813791
506,367,SERPINB9,HCFC1,0.77050287
506,439,SERPINB9,DDX20,0.7684648
506,437,SERPINB9,MYB,0.7678546
506,283,SERPINB9,EGR1,0.7656242
506,613,SERPINB9,PGLYRP2,0.76215297
506,631,SERPINB9,ZFP36,0.7618915
506,486,SERPINB9,NFKBIA,0.75564003
506,48,SERPINB9,ELANE,0.7541748
506,351,SERPINB9,ERCC8,0.75093883
506,177,SERPINB9,RELB,0.74980664
506,564,SERPINB9,MFNG,0.74023265
506,196,SERPINB9,RARS,0.73176956
506,208,SERPINB9,CISH,0.72471344
506,180,SERPINB9,TRIM35,0.7228518
506,331,SERPINB9,PIM2,0.7210486
506,363,SERPINB9,MYC,0.7182472
506,410,SERPINB9,SMARCA2,0.71740675
506,81,SERPINB9,HDAC11,0.7166359
506,482,SERPINB9,NFATC2,0.71538454
506,422,SERPINB9,SESN1,0.7136089
506,466,SERPINB9,ABCG2,0.7135636
506,94,SERPINB9,TRIB3,0.7046217
506,436,SERPINB9,RARB,0.7033735
506,263,SERPINB9,JUN,0.7023066
506,315,SERPINB9,CTSL,0.70218825
506,34,SERPINB9,MAML3,0.6995912
506,357,SERPINB9,MEIS1,0.6977497
506,360,SERPINB9,FOXO1,0.6955054
506,494,SERPINB9,USP11,0.6920737
506,557,SERPINB9,SATB1,0.6919885
506,79,SERPINB9,STAT2,0.69137603
506,232,SERPINB9,ICAM1,0.6882469
506,6,SERPINB9,BTG2,0.68423045
506,146,SERPINB9,SCARF1,0.67351764
422,475,SESN1,BCL2,0.97419995
422,292,SESN1,HDAC7,0.96531373
422,29,SESN1,IKZF1,0.96460974
422,485,SESN1,ABL1,0.9573029
422,283,SESN1,EGR1,0.9550401
422,161,SESN1,JARID2,0.9546003
422,196,SESN1,RARS,0.9519771
422,353,SESN1,CBFB,0.948884
422,263,SESN1,JUN,0.9483101
422,631,SESN1,ZFP36,0.94537306
422,206,SESN1,ZDHHC6,0.9450073
422,466,SESN1,ABCG2,0.9448961
422,209,SESN1,ZBTB16,0.9400439
422,621,SESN1,SNRPB,0.9394398
422,79,SESN1,STAT2,0.938569
422,413,SESN1,RASSF4,0.9379379
422,587,SESN1,NCAPD2,0.9379379
422,177,SESN1,RELB,0.93508935
422,536,SESN1,SPI1,0.93214226
422,208,SESN1,CISH,0.9314341
422,67,SESN1,HDAC2,0.929436
422,253,SESN1,GRINA,0.92912346
422,289,SESN1,GT(ROSA)26SOR,0.92912346
422,613,SESN1,PGLYRP2,0.92912346
422,162,SESN1,FES,0.92891884
422,219,SESN1,TLR4,0.92891884
422,278,SESN1,NCF1,0.92891884
422,515,SESN1,IGHM,0.92875344
422,64,SESN1,IRF9,0.92822623
422,557,SESN1,SATB1,0.92721677
422,232,SESN1,ICAM1,0.9271145
422,69,SESN1,NAP1L3,0.9251009
422,146,SESN1,SCARF1,0.9251009
422,194,SESN1,GOLPH3,0.9251009
422,441,SESN1,EBF1,0.9251009
422,546,SESN1,PROCR,0.9251009
422,622,SESN1,KRT18,0.9251009
422,213,SESN1,TCP11L2,0.9213815
422,304,SESN1,HLF,0.9213815
422,270,SESN1,VDR,0.9207784
422,293,SESN1,IRF7,0.92046297
422,420,SESN1,FDFT1,0.9195833
422,6,SESN1,BTG2,0.91892
422,73,SESN1,RORC,0.9188249
422,224,SESN1,MAPK12,0.9169073
422,580,SESN1,MLLT3,0.9163441
422,27,SESN1,IRF8,0.9159214
422,251,SESN1,IRF6,0.91501117
422,590,SESN1,IL12A,0.91357976
422,52,SESN1,FCGR2B,0.9124568
423,413,SETD2,RASSF4,0.9775728
423,587,SETD2,NCAPD2,0.9775728
423,67,SETD2,HDAC2,0.97610176
423,353,SETD2,CBFB,0.9757717
423,621,SETD2,SNRPB,0.9729339
423,209,SETD2,ZBTB16,0.96181095
423,165,SETD2,GTF2H1,0.9598353
423,508,SETD2,NDRG1,0.9588236
423,589,SETD2,YBX1,0.9588028
423,475,SETD2,BCL2,0.9567738
423,292,SETD2,HDAC7,0.95385814
423,261,SETD2,EZR,0.94796693
423,206,SETD2,ZDHHC6,0.9471489
423,485,SETD2,ABL1,0.9459087
423,161,SETD2,JARID2,0.94350135
423,486,SETD2,NFKBIA,0.9352899
423,564,SETD2,MFNG,0.93512404
423,631,SETD2,ZFP36,0.93304116
423,29,SETD2,IKZF1,0.9315274
423,482,SETD2,NFATC2,0.9272349
423,367,SETD2,HCFC1,0.9231593
423,439,SETD2,DDX20,0.91884726
423,331,SETD2,PIM2,0.915204
423,48,SETD2,ELANE,0.91254073
423,422,SETD2,SESN1,0.911101
423,283,SETD2,EGR1,0.91037583
423,363,SETD2,MYC,0.90725964
423,315,SETD2,CTSL,0.90637016
423,351,SETD2,ERCC8,0.904383
423,410,SETD2,SMARCA2,0.9015923
423,177,SETD2,RELB,0.9003365
423,6,SETD2,BTG2,0.8942646
423,436,SETD2,RARB,0.89178634
423,208,SETD2,CISH,0.8905969
423,82,SETD2,RB1,0.87972933
423,175,SETD2,TLE2,0.87481785
423,494,SETD2,USP11,0.8714507
423,180,SETD2,TRIM35,0.86972374
423,81,SETD2,HDAC11,0.86147475
423,226,SETD2,POLR2B,0.86003584
423,104,SETD2,BTK,0.8563892
423,196,SETD2,RARS,0.85615915
423,557,SETD2,SATB1,0.8455212
423,34,SETD2,MAML3,0.84211457
423,232,SETD2,ICAM1,0.84136826
423,263,SETD2,JUN,0.83461785
423,357,SETD2,MEIS1,0.82914776
423,134,SETD2,PA2G4,0.82643646
423,480,SETD2,WDR5,0.82319945
423,199,SETD2,E2F4,0.80738586
168,621,SGMS1,SNRPB,0.9826636
168,353,SGMS1,CBFB,0.9824457
168,587,SGMS1,NCAPD2,0.98008484
168,413,SGMS1,RASSF4,0.98008347
168,67,SGMS1,HDAC2,0.9779544
168,589,SGMS1,YBX1,0.977491
168,439,SGMS1,DDX20,0.9658162
168,261,SGMS1,EZR,0.9643297
168,367,SGMS1,HCFC1,0.9636345
168,363,SGMS1,MYC,0.96301985
168,165,SGMS1,GTF2H1,0.9617776
168,508,SGMS1,NDRG1,0.9547875
168,482,SGMS1,NFATC2,0.94913244
168,209,SGMS1,ZBTB16,0.9480436
168,226,SGMS1,POLR2B,0.9478547
168,82,SGMS1,RB1,0.9374294
168,351,SGMS1,ERCC8,0.93665874
168,33,SGMS1,CSTF2,0.93233263
168,199,SGMS1,E2F4,0.9317907
168,475,SGMS1,BCL2,0.92904216
168,3,SGMS1,POLR1B,0.9244382
168,375,SGMS1,SRSF1,0.9240889
168,117,SGMS1,TFG,0.92365736
168,486,SGMS1,NFKBIA,0.9226723
168,372,SGMS1,BACE1,0.92152834
168,28,SGMS1,NFE2,0.91941327
168,292,SGMS1,HDAC7,0.91628575
168,575,SGMS1,GTF2F1,0.91512895
168,564,SGMS1,MFNG,0.91413456
168,464,SGMS1,ZNRF2,0.91160685
168,134,SGMS1,PA2G4,0.9113357
168,206,SGMS1,ZDHHC6,0.9096518
168,345,SGMS1,UHRF1,0.9047199
168,485,SGMS1,ABL1,0.90446126
168,437,SGMS1,MYB,0.9042161
168,161,SGMS1,JARID2,0.9024597
168,274,SGMS1,NOP2,0.90042186
168,404,SGMS1,FTSJ3,0.90042186
168,86,SGMS1,RANGAP1,0.89762825
168,315,SGMS1,CTSL,0.89527225
168,426,SGMS1,PRPF4,0.88090026
168,631,SGMS1,ZFP36,0.8765378
168,480,SGMS1,WDR5,0.86892736
168,166,SGMS1,PSAT1,0.8683029
168,154,SGMS1,HDGF,0.86801237
168,197,SGMS1,WDR4,0.86801237
168,212,SGMS1,FLT3,0.86801237
168,217,SGMS1,PRMT7,0.86801237
168,220,SGMS1,TMEM43,0.86801237
168,347,SGMS1,RNF4,0.86801237
592,621,SH2D5,SNRPB,0.9282103
592,485,SH2D5,ABL1,0.9212476
592,353,SH2D5,CBFB,0.895775
592,475,SH2D5,BCL2,0.8942831
592,587,SH2D5,NCAPD2,0.89422727
592,67,SH2D5,HDAC2,0.8850062
592,589,SH2D5,YBX1,0.8819421
592,413,SH2D5,RASSF4,0.87735444
592,209,SH2D5,ZBTB16,0.8709828
592,292,SH2D5,HDAC7,0.8490846
592,206,SH2D5,ZDHHC6,0.8222312
592,508,SH2D5,NDRG1,0.82139933
592,161,SH2D5,JARID2,0.81536126
592,29,SH2D5,IKZF1,0.8147214
592,165,SH2D5,GTF2H1,0.803527
592,261,SH2D5,EZR,0.79889566
592,367,SH2D5,HCFC1,0.7698142
592,437,SH2D5,MYB,0.76757336
592,283,SH2D5,EGR1,0.7656194
592,48,SH2D5,ELANE,0.7630163
592,439,SH2D5,DDX20,0.76217204
592,631,SH2D5,ZFP36,0.7616878
592,486,SH2D5,NFKBIA,0.7551303
592,351,SH2D5,ERCC8,0.7492171
592,564,SH2D5,MFNG,0.73947424
592,208,SH2D5,CISH,0.7360838
592,177,SH2D5,RELB,0.73413795
592,331,SH2D5,PIM2,0.7212916
592,196,SH2D5,RARS,0.71889025
592,363,SH2D5,MYC,0.7176446
592,410,SH2D5,SMARCA2,0.7174124
592,482,SH2D5,NFATC2,0.71484596
592,422,SH2D5,SESN1,0.713625
592,466,SH2D5,ABCG2,0.71360517
592,180,SH2D5,TRIM35,0.7070132
592,436,SH2D5,RARB,0.7036986
592,263,SH2D5,JUN,0.70247537
592,357,SH2D5,MEIS1,0.6965902
592,81,SH2D5,HDAC11,0.6961269
592,494,SH2D5,USP11,0.6917651
592,82,SH2D5,RB1,0.69159496
592,232,SH2D5,ICAM1,0.68881
592,34,SH2D5,MAML3,0.68785745
592,315,SH2D5,CTSL,0.6839668
592,536,SH2D5,SPI1,0.6730908
592,6,SH2D5,BTG2,0.66886616
592,449,SH2D5,TIE1,0.66557777
592,253,SH2D5,GRINA,0.6624757
592,289,SH2D5,GT(ROSA)26SOR,0.6624757
592,613,SH2D5,PGLYRP2,0.6624757
108,621,SHISA8,SNRPB,0.9282103
108,353,SHISA8,CBFB,0.8973488
108,475,SHISA8,BCL2,0.8942831
108,413,SHISA8,RASSF4,0.8941586
108,587,SHISA8,NCAPD2,0.8941586
108,589,SHISA8,YBX1,0.8819421
108,209,SHISA8,ZBTB16,0.8709828
108,165,SHISA8,GTF2H1,0.8597318
108,485,SHISA8,ABL1,0.8572532
108,292,SHISA8,HDAC7,0.8490846
108,206,SHISA8,ZDHHC6,0.8222312
108,508,SHISA8,NDRG1,0.82139933
108,29,SHISA8,IKZF1,0.8147214
108,261,SHISA8,EZR,0.79889566
108,161,SHISA8,JARID2,0.776108
108,283,SHISA8,EGR1,0.77268136
108,367,SHISA8,HCFC1,0.7698142
108,437,SHISA8,MYB,0.76757336
108,439,SHISA8,DDX20,0.7637642
108,48,SHISA8,ELANE,0.7628878
108,631,SHISA8,ZFP36,0.7616878
108,486,SHISA8,NFKBIA,0.7551303
108,351,SHISA8,ERCC8,0.7502097
108,436,SHISA8,RARB,0.7498667
108,515,SHISA8,IGHM,0.7418043
108,564,SHISA8,MFNG,0.74007237
108,208,SHISA8,CISH,0.7360838
108,177,SHISA8,RELB,0.73413795
108,67,SHISA8,HDAC2,0.72453433
108,331,SHISA8,PIM2,0.7212916
108,196,SHISA8,RARS,0.71889025
108,363,SHISA8,MYC,0.717912
108,410,SHISA8,SMARCA2,0.7174124
108,482,SHISA8,NFATC2,0.71484596
108,466,SHISA8,ABCG2,0.71360517
108,422,SHISA8,SESN1,0.71352273
108,180,SHISA8,TRIM35,0.7074775
108,315,SHISA8,CTSL,0.70188516
108,357,SHISA8,MEIS1,0.6965902
108,81,SHISA8,HDAC11,0.6961269
108,34,SHISA8,MAML3,0.69417936
108,82,SHISA8,RB1,0.6926209
108,557,SHISA8,SATB1,0.69231915
108,494,SHISA8,USP11,0.69198936
108,232,SHISA8,ICAM1,0.68858284
108,6,SHISA8,BTG2,0.66849935
108,536,SHISA8,SPI1,0.66701454
108,449,SHISA8,TIE1,0.66557777
108,253,SHISA8,GRINA,0.6624757
108,613,SHISA8,PGLYRP2,0.6624757
570,621,SHMT1,SNRPB,0.9826697
570,353,SHMT1,CBFB,0.9824457
570,413,SHMT1,RASSF4,0.98008484
570,587,SHMT1,NCAPD2,0.98008484
570,67,SHMT1,HDAC2,0.97800875
570,589,SHMT1,YBX1,0.977491
570,439,SHMT1,DDX20,0.9657539
570,261,SHMT1,EZR,0.96433884
570,367,SHMT1,HCFC1,0.9636345
570,508,SHMT1,NDRG1,0.9547875
570,226,SHMT1,POLR2B,0.9500481
570,482,SHMT1,NFATC2,0.9491606
570,351,SHMT1,ERCC8,0.9456363
570,363,SHMT1,MYC,0.94328564
570,82,SHMT1,RB1,0.9373998
570,33,SHMT1,CSTF2,0.93223435
570,199,SHMT1,E2F4,0.9316001
570,475,SHMT1,BCL2,0.92904216
570,117,SHMT1,TFG,0.9274633
570,165,SHMT1,GTF2H1,0.9253693
570,3,SHMT1,POLR1B,0.9242015
570,372,SHMT1,BACE1,0.92365736
570,486,SHMT1,NFKBIA,0.9226723
570,375,SHMT1,SRSF1,0.9211142
570,28,SHMT1,NFE2,0.91941327
570,292,SHMT1,HDAC7,0.91628575
570,575,SHMT1,GTF2F1,0.9152393
570,86,SHMT1,RANGAP1,0.913037
570,134,SHMT1,PA2G4,0.9113357
570,206,SHMT1,ZDHHC6,0.9096518
570,631,SHMT1,ZFP36,0.90944904
570,345,SHMT1,UHRF1,0.9047199
570,485,SHMT1,ABL1,0.90446126
570,437,SHMT1,MYB,0.9042161
570,161,SHMT1,JARID2,0.9028197
570,274,SHMT1,NOP2,0.90042186
570,209,SHMT1,ZBTB16,0.8990749
570,315,SHMT1,CTSL,0.89527225
570,389,SHMT1,FOXRED1,0.88671184
570,426,SHMT1,PRPF4,0.88090026
570,480,SHMT1,WDR5,0.86892736
570,154,SHMT1,HDGF,0.86801237
570,166,SHMT1,PSAT1,0.86801237
570,197,SHMT1,WDR4,0.86801237
570,212,SHMT1,FLT3,0.86801237
570,217,SHMT1,PRMT7,0.86801237
570,220,SHMT1,TMEM43,0.86801237
570,347,SHMT1,RNF4,0.86801237
570,562,SHMT1,NFIA,0.86801237
570,577,SHMT1,CAD,0.8679214
214,621,SLA,SNRPB,0.9282103
214,353,SLA,CBFB,0.895775
214,475,SLA,BCL2,0.8942831
214,413,SLA,RASSF4,0.8941586
214,587,SLA,NCAPD2,0.8941586
214,67,SLA,HDAC2,0.8850062
214,589,SLA,YBX1,0.8819421
214,209,SLA,ZBTB16,0.8714202
214,165,SLA,GTF2H1,0.8593966
214,292,SLA,HDAC7,0.8490846
214,206,SLA,ZDHHC6,0.8222312
214,29,SLA,IKZF1,0.8147214
214,161,SLA,JARID2,0.81432194
214,485,SLA,ABL1,0.81364155
214,261,SLA,EZR,0.79889566
214,508,SLA,NDRG1,0.77246994
214,367,SLA,HCFC1,0.7698142
214,437,SLA,MYB,0.76757336
214,283,SLA,EGR1,0.7652568
214,439,SLA,DDX20,0.7637642
214,48,SLA,ELANE,0.7628878
214,486,SLA,NFKBIA,0.7551303
214,351,SLA,ERCC8,0.7486742
214,564,SLA,MFNG,0.74007237
214,208,SLA,CISH,0.7360838
214,631,SLA,ZFP36,0.73452246
214,177,SLA,RELB,0.73413795
214,331,SLA,PIM2,0.7212916
214,196,SLA,RARS,0.71889025
214,363,SLA,MYC,0.7176446
214,410,SLA,SMARCA2,0.7174124
214,422,SLA,SESN1,0.7136104
214,466,SLA,ABCG2,0.7134656
214,180,SLA,TRIM35,0.7070132
214,436,SLA,RARB,0.7036771
214,263,SLA,JUN,0.70247537
214,315,SLA,CTSL,0.70188516
214,81,SLA,HDAC11,0.69638234
214,557,SLA,SATB1,0.69232327
214,82,SLA,RB1,0.69193834
214,494,SLA,USP11,0.6917651
214,232,SLA,ICAM1,0.68858284
214,34,SLA,MAML3,0.6877877
214,357,SLA,MEIS1,0.6820544
214,6,SLA,BTG2,0.66849935
214,536,SLA,SPI1,0.66701454
214,449,SLA,TIE1,0.66557777
214,253,SLA,GRINA,0.6624757
214,613,SLA,PGLYRP2,0.6624757
214,482,SLA,NFATC2,0.65769184
628,621,SLA2,SNRPB,0.9282103
628,353,SLA2,CBFB,0.89558196
628,475,SLA2,BCL2,0.8942831
628,413,SLA2,RASSF4,0.8941586
628,587,SLA2,NCAPD2,0.8941586
628,67,SLA2,HDAC2,0.8850062
628,589,SLA2,YBX1,0.8819421
628,209,SLA2,ZBTB16,0.87076676
628,165,SLA2,GTF2H1,0.8593966
628,292,SLA2,HDAC7,0.8490846
628,206,SLA2,ZDHHC6,0.8222312
628,508,SLA2,NDRG1,0.82139933
628,161,SLA2,JARID2,0.81536126
628,29,SLA2,IKZF1,0.8147214
628,261,SLA2,EZR,0.79889566
628,367,SLA2,HCFC1,0.7906443
628,437,SLA2,MYB,0.76768965
628,283,SLA2,EGR1,0.76559925
628,439,SLA2,DDX20,0.7637642
628,48,SLA2,ELANE,0.7628878
628,631,SLA2,ZFP36,0.7613824
628,79,SLA2,STAT2,0.75977534
628,486,SLA2,NFKBIA,0.7551303
628,485,SLA2,ABL1,0.75403035
628,351,SLA2,ERCC8,0.7502097
628,564,SLA2,MFNG,0.74007237
628,208,SLA2,CISH,0.73953485
628,293,SLA2,IRF7,0.7352872
628,177,SLA2,RELB,0.73460364
628,331,SLA2,PIM2,0.7212916
628,196,SLA2,RARS,0.71889025
628,363,SLA2,MYC,0.7176446
628,410,SLA2,SMARCA2,0.7174124
628,482,SLA2,NFATC2,0.7153819
628,466,SLA2,ABCG2,0.71360517
628,315,SLA2,CTSL,0.71267337
628,180,SLA2,TRIM35,0.7070132
628,436,SLA2,RARB,0.7036986
628,263,SLA2,JUN,0.70247537
628,557,SLA2,SATB1,0.69231915
628,494,SLA2,USP11,0.6917651
628,232,SLA2,ICAM1,0.68858284
628,34,SLA2,MAML3,0.68767226
628,422,SLA2,SESN1,0.67973477
628,550,SLA2,CREB5,0.6754009
628,6,SLA2,BTG2,0.66849935
628,536,SLA2,SPI1,0.66701454
628,449,SLA2,TIE1,0.6658671
628,253,SLA2,GRINA,0.66255695
628,289,SLA2,GT(ROSA)26SOR,0.6624757
599,621,SLC18A2,SNRPB,0.9282103
599,353,SLC18A2,CBFB,0.8950616
599,475,SLC18A2,BCL2,0.8942831
599,413,SLC18A2,RASSF4,0.8941586
599,587,SLC18A2,NCAPD2,0.8941586
599,589,SLC18A2,YBX1,0.8819421
599,165,SLC18A2,GTF2H1,0.8593966
599,485,SLC18A2,ABL1,0.8572532
599,292,SLC18A2,HDAC7,0.8490846
599,206,SLC18A2,ZDHHC6,0.8222312
599,508,SLC18A2,NDRG1,0.82139933
599,161,SLC18A2,JARID2,0.81536126
599,29,SLC18A2,IKZF1,0.8147214
599,209,SLC18A2,ZBTB16,0.8072328
599,261,SLC18A2,EZR,0.79889566
599,67,SLC18A2,HDAC2,0.7759608
599,367,SLC18A2,HCFC1,0.7698142
599,437,SLC18A2,MYB,0.76757336
599,283,SLC18A2,EGR1,0.7657525
599,439,SLC18A2,DDX20,0.7637642
599,48,SLC18A2,ELANE,0.7628878
599,631,SLC18A2,ZFP36,0.7614109
599,351,SLC18A2,ERCC8,0.7502097
599,564,SLC18A2,MFNG,0.74007237
599,486,SLC18A2,NFKBIA,0.736687
599,208,SLC18A2,CISH,0.7360838
599,177,SLC18A2,RELB,0.73364615
599,196,SLC18A2,RARS,0.71889025
599,363,SLC18A2,MYC,0.71779406
599,410,SLC18A2,SMARCA2,0.7174124
599,422,SLC18A2,SESN1,0.7136104
599,466,SLC18A2,ABCG2,0.71360517
599,180,SLC18A2,TRIM35,0.7070132
599,436,SLC18A2,RARB,0.70339257
599,263,SLC18A2,JUN,0.70247537
599,315,SLC18A2,CTSL,0.701837
599,482,SLC18A2,NFATC2,0.6978722
599,357,SLC18A2,MEIS1,0.6965902
599,81,SLC18A2,HDAC11,0.6961269
599,557,SLC18A2,SATB1,0.69231915
599,494,SLC18A2,USP11,0.6917651
599,82,SLC18A2,RB1,0.69159496
599,94,SLC18A2,TRIB3,0.69040287
599,232,SLC18A2,ICAM1,0.68858284
599,34,SLC18A2,MAML3,0.68767226
599,306,SLC18A2,MYCT1,0.6843812
599,331,SLC18A2,PIM2,0.6712468
599,6,SLC18A2,BTG2,0.6686639
599,69,SLC18A2,NAP1L3,0.66664016
599,449,SLC18A2,TIE1,0.6655239
287,621,SLC19A1,SNRPB,0.9826636
287,353,SLC19A1,CBFB,0.9824457
287,587,SLC19A1,NCAPD2,0.98008484
287,413,SLC19A1,RASSF4,0.9782153
287,67,SLC19A1,HDAC2,0.9779544
287,589,SLC19A1,YBX1,0.977491
287,439,SLC19A1,DDX20,0.9657539
287,261,SLC19A1,EZR,0.96475506
287,363,SLC19A1,MYC,0.96301985
287,367,SLC19A1,HCFC1,0.96296215
287,165,SLC19A1,GTF2H1,0.9617776
287,508,SLC19A1,NDRG1,0.95485526
287,226,SLC19A1,POLR2B,0.9499582
287,482,SLC19A1,NFATC2,0.9491606
287,475,SLC19A1,BCL2,0.9488033
287,209,SLC19A1,ZBTB16,0.9478502
287,351,SLC19A1,ERCC8,0.9456363
287,82,SLC19A1,RB1,0.9373998
287,161,SLC19A1,JARID2,0.9373005
287,33,SLC19A1,CSTF2,0.93223435
287,199,SLC19A1,E2F4,0.9315894
287,3,SLC19A1,POLR1B,0.9244382
287,117,SLC19A1,TFG,0.92365736
287,372,SLC19A1,BACE1,0.92365736
287,486,SLC19A1,NFKBIA,0.9226723
287,375,SLC19A1,SRSF1,0.921081
287,28,SLC19A1,NFE2,0.91941327
287,292,SLC19A1,HDAC7,0.91628575
287,575,SLC19A1,GTF2F1,0.91512895
287,564,SLC19A1,MFNG,0.91392106
287,86,SLC19A1,RANGAP1,0.913037
287,134,SLC19A1,PA2G4,0.91101736
287,206,SLC19A1,ZDHHC6,0.9096518
287,345,SLC19A1,UHRF1,0.9047199
287,485,SLC19A1,ABL1,0.90446126
287,437,SLC19A1,MYB,0.9042161
287,404,SLC19A1,FTSJ3,0.90042186
287,315,SLC19A1,CTSL,0.89527225
287,631,SLC19A1,ZFP36,0.8898247
287,274,SLC19A1,NOP2,0.88454926
287,426,SLC19A1,PRPF4,0.88090026
287,480,SLC19A1,WDR5,0.86892736
287,166,SLC19A1,PSAT1,0.86809385
287,154,SLC19A1,HDGF,0.86801237
287,197,SLC19A1,WDR4,0.86801237
287,217,SLC19A1,PRMT7,0.86801237
287,220,SLC19A1,TMEM43,0.86801237
287,347,SLC19A1,RNF4,0.86801237
287,389,SLC19A1,FOXRED1,0.86801237
287,562,SLC19A1,NFIA,0.86801237
80,621,SLC25A46,SNRPB,0.9251859
80,353,SLC25A46,CBFB,0.895775
80,475,SLC25A46,BCL2,0.8942831
80,413,SLC25A46,RASSF4,0.8941586
80,587,SLC25A46,NCAPD2,0.8941586
80,67,SLC25A46,HDAC2,0.8850062
80,589,SLC25A46,YBX1,0.8819421
80,209,SLC25A46,ZBTB16,0.8709828
80,485,SLC25A46,ABL1,0.8572532
80,292,SLC25A46,HDAC7,0.8490846
80,161,SLC25A46,JARID2,0.8247187
80,206,SLC25A46,ZDHHC6,0.8222312
80,29,SLC25A46,IKZF1,0.8147214
80,165,SLC25A46,GTF2H1,0.803527
80,261,SLC25A46,EZR,0.79889566
80,508,SLC25A46,NDRG1,0.7715531
80,367,SLC25A46,HCFC1,0.7700447
80,437,SLC25A46,MYB,0.76757336
80,283,SLC25A46,EGR1,0.7656194
80,439,SLC25A46,DDX20,0.76391715
80,48,SLC25A46,ELANE,0.7628878
80,631,SLC25A46,ZFP36,0.7616878
80,486,SLC25A46,NFKBIA,0.7554825
80,351,SLC25A46,ERCC8,0.7502097
80,564,SLC25A46,MFNG,0.74007237
80,208,SLC25A46,CISH,0.7360838
80,177,SLC25A46,RELB,0.7343861
80,331,SLC25A46,PIM2,0.7212916
80,196,SLC25A46,RARS,0.71889025
80,363,SLC25A46,MYC,0.7176446
80,482,SLC25A46,NFATC2,0.71484596
80,422,SLC25A46,SESN1,0.7136104
80,466,SLC25A46,ABCG2,0.71360517
80,180,SLC25A46,TRIM35,0.706945
80,436,SLC25A46,RARB,0.7036986
80,263,SLC25A46,JUN,0.70247537
80,315,SLC25A46,CTSL,0.70188516
80,357,SLC25A46,MEIS1,0.6965902
80,81,SLC25A46,HDAC11,0.6961269
80,557,SLC25A46,SATB1,0.69231915
80,494,SLC25A46,USP11,0.6917651
80,82,SLC25A46,RB1,0.69159496
80,232,SLC25A46,ICAM1,0.68858284
80,34,SLC25A46,MAML3,0.68767226
80,410,SLC25A46,SMARCA2,0.6799688
80,613,SLC25A46,PGLYRP2,0.6698586
80,536,SLC25A46,SPI1,0.66717046
80,69,SLC25A46,NAP1L3,0.66664016
80,6,SLC25A46,BTG2,0.664153
80,253,SLC25A46,GRINA,0.6624757
316,621,SLC28A2,SNRPB,0.9282103
316,353,SLC28A2,CBFB,0.8961763
316,475,SLC28A2,BCL2,0.8946258
316,413,SLC28A2,RASSF4,0.8941586
316,587,SLC28A2,NCAPD2,0.8940507
316,67,SLC28A2,HDAC2,0.8850062
316,589,SLC28A2,YBX1,0.8819421
316,209,SLC28A2,ZBTB16,0.8709828
316,485,SLC28A2,ABL1,0.8572532
316,292,SLC28A2,HDAC7,0.8490846
316,165,SLC28A2,GTF2H1,0.845314
316,206,SLC28A2,ZDHHC6,0.8222312
316,508,SLC28A2,NDRG1,0.82139933
316,161,SLC28A2,JARID2,0.81536126
316,29,SLC28A2,IKZF1,0.8147214
316,261,SLC28A2,EZR,0.79889566
316,196,SLC28A2,RARS,0.77174366
316,367,SLC28A2,HCFC1,0.7698142
316,437,SLC28A2,MYB,0.76757336
316,439,SLC28A2,DDX20,0.7637642
316,48,SLC28A2,ELANE,0.7628878
316,283,SLC28A2,EGR1,0.75800437
316,351,SLC28A2,ERCC8,0.7502097
316,564,SLC28A2,MFNG,0.74007237
316,486,SLC28A2,NFKBIA,0.7391731
316,208,SLC28A2,CISH,0.7360838
316,177,SLC28A2,RELB,0.73413795
316,631,SLC28A2,ZFP36,0.73050404
316,331,SLC28A2,PIM2,0.72105426
316,363,SLC28A2,MYC,0.7180378
316,410,SLC28A2,SMARCA2,0.7174124
316,466,SLC28A2,ABCG2,0.71360517
316,422,SLC28A2,SESN1,0.7135335
316,180,SLC28A2,TRIM35,0.7068486
316,436,SLC28A2,RARB,0.7036986
316,263,SLC28A2,JUN,0.70247537
316,315,SLC28A2,CTSL,0.70188516
316,357,SLC28A2,MEIS1,0.6965902
316,81,SLC28A2,HDAC11,0.6961269
316,557,SLC28A2,SATB1,0.69231915
316,494,SLC28A2,USP11,0.6917651
316,82,SLC28A2,RB1,0.69159496
316,232,SLC28A2,ICAM1,0.68858284
316,34,SLC28A2,MAML3,0.68767226
316,6,SLC28A2,BTG2,0.66849935
316,536,SLC28A2,SPI1,0.66701454
316,449,SLC28A2,TIE1,0.66557777
316,253,SLC28A2,GRINA,0.6624757
316,289,SLC28A2,GT(ROSA)26SOR,0.6624757
316,613,SLC28A2,PGLYRP2,0.6624757
119,621,SLC2A3,SNRPB,0.98438233
119,589,SLC2A3,YBX1,0.9841211
119,367,SLC2A3,HCFC1,0.98089886
119,439,SLC2A3,DDX20,0.97953826
119,363,SLC2A3,MYC,0.9794646
119,587,SLC2A3,NCAPD2,0.9790734
119,353,SLC2A3,CBFB,0.97687304
119,226,SLC2A3,POLR2B,0.9756589
119,67,SLC2A3,HDAC2,0.9750666
119,351,SLC2A3,ERCC8,0.9746585
119,117,SLC2A3,TFG,0.9730109
119,372,SLC2A3,BACE1,0.9730109
119,3,SLC2A3,POLR1B,0.9694713
119,199,SLC2A3,E2F4,0.9686998
119,375,SLC2A3,SRSF1,0.9674333
119,274,SLC2A3,NOP2,0.96700895
119,404,SLC2A3,FTSJ3,0.96700895
119,82,SLC2A3,RB1,0.9658142
119,86,SLC2A3,RANGAP1,0.9644078
119,165,SLC2A3,GTF2H1,0.96413046
119,33,SLC2A3,CSTF2,0.962788
119,413,SLC2A3,RASSF4,0.96224606
119,575,SLC2A3,GTF2F1,0.9620882
119,345,SLC2A3,UHRF1,0.9597673
119,134,SLC2A3,PA2G4,0.9569004
119,376,SLC2A3,ATF7,0.9432942
119,347,SLC2A3,RNF4,0.9432661
119,154,SLC2A3,HDGF,0.94323844
119,166,SLC2A3,PSAT1,0.94323844
119,197,SLC2A3,WDR4,0.94323844
119,212,SLC2A3,FLT3,0.94323844
119,217,SLC2A3,PRMT7,0.94323844
119,220,SLC2A3,TMEM43,0.94323844
119,389,SLC2A3,FOXRED1,0.94323844
119,562,SLC2A3,NFIA,0.94323844
119,577,SLC2A3,CAD,0.94323844
119,426,SLC2A3,PRPF4,0.942988
119,508,SLC2A3,NDRG1,0.94285303
119,261,SLC2A3,EZR,0.93715346
119,240,SLC2A3,RPA2,0.9369926
119,28,SLC2A3,NFE2,0.9333565
119,480,SLC2A3,WDR5,0.92795825
119,482,SLC2A3,NFATC2,0.9235645
119,198,SLC2A3,NDN,0.92121404
119,411,SLC2A3,CDC45,0.90106547
119,209,SLC2A3,ZBTB16,0.90057164
119,299,SLC2A3,ORC2,0.89969707
119,364,SLC2A3,TAF12,0.89830774
119,139,SLC2A3,PBX1,0.89390934
119,429,SLC2A3,GFI1B,0.89372456
462,621,SLC30A5,SNRPB,0.9283566
462,353,SLC30A5,CBFB,0.89579237
462,413,SLC30A5,RASSF4,0.89451647
462,587,SLC30A5,NCAPD2,0.89450717
462,475,SLC30A5,BCL2,0.8942733
462,67,SLC30A5,HDAC2,0.88457257
462,589,SLC30A5,YBX1,0.88235277
462,209,SLC30A5,ZBTB16,0.8709887
462,165,SLC30A5,GTF2H1,0.85982406
462,485,SLC30A5,ABL1,0.8572523
462,292,SLC30A5,HDAC7,0.8490854
462,206,SLC30A5,ZDHHC6,0.82222104
462,508,SLC30A5,NDRG1,0.8217807
462,161,SLC30A5,JARID2,0.81532496
462,29,SLC30A5,IKZF1,0.81474245
462,261,SLC30A5,EZR,0.7992802
462,367,SLC30A5,HCFC1,0.7705657
462,437,SLC30A5,MYB,0.76796806
462,283,SLC30A5,EGR1,0.7656666
462,439,SLC30A5,DDX20,0.7644945
462,48,SLC30A5,ELANE,0.7627419
462,631,SLC30A5,ZFP36,0.761961
462,466,SLC30A5,ABCG2,0.75931185
462,486,SLC30A5,NFKBIA,0.7554905
462,351,SLC30A5,ERCC8,0.75091517
462,564,SLC30A5,MFNG,0.74022245
462,208,SLC30A5,CISH,0.7359774
462,177,SLC30A5,RELB,0.73440295
462,331,SLC30A5,PIM2,0.7214191
462,196,SLC30A5,RARS,0.71897197
462,363,SLC30A5,MYC,0.7183099
462,410,SLC30A5,SMARCA2,0.71746576
462,482,SLC30A5,NFATC2,0.71556765
462,422,SLC30A5,SESN1,0.71366525
462,180,SLC30A5,TRIM35,0.7068922
462,436,SLC30A5,RARB,0.70359343
462,263,SLC30A5,JUN,0.70255876
462,315,SLC30A5,CTSL,0.70196
462,6,SLC30A5,BTG2,0.7006665
462,357,SLC30A5,MEIS1,0.6964133
462,81,SLC30A5,HDAC11,0.6961874
462,82,SLC30A5,RB1,0.6924882
462,557,SLC30A5,SATB1,0.6922097
462,494,SLC30A5,USP11,0.6917403
462,232,SLC30A5,ICAM1,0.68847644
462,34,SLC30A5,MAML3,0.6878007
462,536,SLC30A5,SPI1,0.6666996
462,253,SLC30A5,GRINA,0.6621359
462,289,SLC30A5,GT(ROSA)26SOR,0.6621359
462,613,SLC30A5,PGLYRP2,0.6621359
181,621,SLC35B4,SNRPB,0.9282532
181,353,SLC35B4,CBFB,0.895775
181,475,SLC35B4,BCL2,0.8942831
181,587,SLC35B4,NCAPD2,0.8941586
181,413,SLC35B4,RASSF4,0.89158714
181,589,SLC35B4,YBX1,0.8819421
181,67,SLC35B4,HDAC2,0.8794029
181,209,SLC35B4,ZBTB16,0.8708859
181,485,SLC35B4,ABL1,0.8572532
181,292,SLC35B4,HDAC7,0.84922355
181,161,SLC35B4,JARID2,0.81536126
181,29,SLC35B4,IKZF1,0.8147214
181,206,SLC35B4,ZDHHC6,0.8085428
181,261,SLC35B4,EZR,0.79889566
181,165,SLC35B4,GTF2H1,0.7905664
181,367,SLC35B4,HCFC1,0.7698142
181,437,SLC35B4,MYB,0.76757336
181,283,SLC35B4,EGR1,0.7656194
181,508,SLC35B4,NDRG1,0.7646372
181,439,SLC35B4,DDX20,0.7637642
181,48,SLC35B4,ELANE,0.7628878
181,631,SLC35B4,ZFP36,0.7616878
181,486,SLC35B4,NFKBIA,0.7551303
181,351,SLC35B4,ERCC8,0.7502097
181,208,SLC35B4,CISH,0.7360838
181,177,SLC35B4,RELB,0.73413795
181,331,SLC35B4,PIM2,0.7211776
181,196,SLC35B4,RARS,0.71889025
181,363,SLC35B4,MYC,0.7176446
181,410,SLC35B4,SMARCA2,0.7173258
181,466,SLC35B4,ABCG2,0.71544266
181,482,SLC35B4,NFATC2,0.71484596
181,180,SLC35B4,TRIM35,0.7070132
181,436,SLC35B4,RARB,0.7036986
181,315,SLC35B4,CTSL,0.70188516
181,357,SLC35B4,MEIS1,0.6965902
181,81,SLC35B4,HDAC11,0.6960659
181,557,SLC35B4,SATB1,0.69231915
181,82,SLC35B4,RB1,0.69159496
181,494,SLC35B4,USP11,0.68984526
181,232,SLC35B4,ICAM1,0.68858284
181,34,SLC35B4,MAML3,0.68767226
181,263,SLC35B4,JUN,0.6831191
181,422,SLC35B4,SESN1,0.6792045
181,219,SLC35B4,TLR4,0.67276156
181,6,SLC35B4,BTG2,0.6689494
181,536,SLC35B4,SPI1,0.6682697
181,564,SLC35B4,MFNG,0.66813326
181,449,SLC35B4,TIE1,0.66557777
181,613,SLC35B4,PGLYRP2,0.66435736
391,621,SLC39A6,SNRPB,0.9282532
391,353,SLC39A6,CBFB,0.895775
391,475,SLC39A6,BCL2,0.8942831
391,413,SLC39A6,RASSF4,0.89416444
391,587,SLC39A6,NCAPD2,0.89158714
391,67,SLC39A6,HDAC2,0.8850062
391,589,SLC39A6,YBX1,0.8819421
391,209,SLC39A6,ZBTB16,0.8709828
391,165,SLC39A6,GTF2H1,0.8593966
391,485,SLC39A6,ABL1,0.8572532
391,292,SLC39A6,HDAC7,0.8490846
391,206,SLC39A6,ZDHHC6,0.8222312
391,508,SLC39A6,NDRG1,0.82139933
391,161,SLC39A6,JARID2,0.81536126
391,29,SLC39A6,IKZF1,0.8017761
391,261,SLC39A6,EZR,0.7954919
391,367,SLC39A6,HCFC1,0.7698142
391,437,SLC39A6,MYB,0.76757336
391,283,SLC39A6,EGR1,0.7656194
391,439,SLC39A6,DDX20,0.7637642
391,48,SLC39A6,ELANE,0.7628878
391,631,SLC39A6,ZFP36,0.7616878
391,486,SLC39A6,NFKBIA,0.7550083
391,351,SLC39A6,ERCC8,0.75089484
391,564,SLC39A6,MFNG,0.74007237
391,208,SLC39A6,CISH,0.7360838
391,177,SLC39A6,RELB,0.7337113
391,331,SLC39A6,PIM2,0.7212916
391,196,SLC39A6,RARS,0.71889025
391,363,SLC39A6,MYC,0.7176446
391,410,SLC39A6,SMARCA2,0.7174124
391,482,SLC39A6,NFATC2,0.71484596
391,466,SLC39A6,ABCG2,0.71329933
391,180,SLC39A6,TRIM35,0.7070132
391,436,SLC39A6,RARB,0.7036986
391,263,SLC39A6,JUN,0.70247537
391,315,SLC39A6,CTSL,0.70188516
391,357,SLC39A6,MEIS1,0.6965902
391,81,SLC39A6,HDAC11,0.6961269
391,494,SLC39A6,USP11,0.69290197
391,422,SLC39A6,SESN1,0.6925383
391,557,SLC39A6,SATB1,0.69231915
391,82,SLC39A6,RB1,0.69159496
391,232,SLC39A6,ICAM1,0.68858284
391,34,SLC39A6,MAML3,0.68767226
391,306,SLC39A6,MYCT1,0.6843812
391,57,SLC39A6,OASL2,0.6827772
391,216,SLC39A6,CUL3,0.6785547
391,435,SLC39A6,NR3C2,0.6775239
391,6,SLC39A6,BTG2,0.66849935
252,621,SLC43A3,SNRPB,0.9282103
252,353,SLC43A3,CBFB,0.895775
252,475,SLC43A3,BCL2,0.8942831
252,413,SLC43A3,RASSF4,0.8941586
252,587,SLC43A3,NCAPD2,0.8941586
252,67,SLC43A3,HDAC2,0.8850062
252,209,SLC43A3,ZBTB16,0.8709828
252,165,SLC43A3,GTF2H1,0.8593966
252,485,SLC43A3,ABL1,0.8572532
252,292,SLC43A3,HDAC7,0.8490846
252,206,SLC43A3,ZDHHC6,0.8222312
252,508,SLC43A3,NDRG1,0.82139933
252,29,SLC43A3,IKZF1,0.8147214
252,161,SLC43A3,JARID2,0.8145594
252,261,SLC43A3,EZR,0.79889566
252,589,SLC43A3,YBX1,0.79021484
252,208,SLC43A3,CISH,0.77123505
252,367,SLC43A3,HCFC1,0.7698142
252,437,SLC43A3,MYB,0.76757306
252,283,SLC43A3,EGR1,0.7656194
252,631,SLC43A3,ZFP36,0.7616878
252,439,SLC43A3,DDX20,0.76089895
252,486,SLC43A3,NFKBIA,0.7551303
252,564,SLC43A3,MFNG,0.74007237
252,177,SLC43A3,RELB,0.73415965
252,331,SLC43A3,PIM2,0.7212916
252,196,SLC43A3,RARS,0.71889025
252,363,SLC43A3,MYC,0.7176446
252,410,SLC43A3,SMARCA2,0.7174124
252,482,SLC43A3,NFATC2,0.71484596
252,422,SLC43A3,SESN1,0.7136104
252,466,SLC43A3,ABCG2,0.71360517
252,351,SLC43A3,ERCC8,0.7120692
252,180,SLC43A3,TRIM35,0.7070132
252,436,SLC43A3,RARB,0.7036834
252,263,SLC43A3,JUN,0.70247537
252,315,SLC43A3,CTSL,0.70188516
252,357,SLC43A3,MEIS1,0.6965902
252,81,SLC43A3,HDAC11,0.6961269
252,48,SLC43A3,ELANE,0.69298863
252,557,SLC43A3,SATB1,0.69231915
252,494,SLC43A3,USP11,0.6917651
252,82,SLC43A3,RB1,0.69159496
252,232,SLC43A3,ICAM1,0.6756777
252,34,SLC43A3,MAML3,0.6689884
252,6,SLC43A3,BTG2,0.66849935
252,536,SLC43A3,SPI1,0.66701454
252,449,SLC43A3,TIE1,0.66557777
252,289,SLC43A3,GT(ROSA)26SOR,0.6632395
252,253,SLC43A3,GRINA,0.6624757
312,621,SLC44A2,SNRPB,0.9282103
312,353,SLC44A2,CBFB,0.8961763
312,475,SLC44A2,BCL2,0.8946258
312,413,SLC44A2,RASSF4,0.8941586
312,587,SLC44A2,NCAPD2,0.8940507
312,67,SLC44A2,HDAC2,0.8850062
312,589,SLC44A2,YBX1,0.8819421
312,209,SLC44A2,ZBTB16,0.8709828
312,485,SLC44A2,ABL1,0.8572532
312,292,SLC44A2,HDAC7,0.8490846
312,165,SLC44A2,GTF2H1,0.845314
312,206,SLC44A2,ZDHHC6,0.8222312
312,508,SLC44A2,NDRG1,0.82139933
312,161,SLC44A2,JARID2,0.81536126
312,29,SLC44A2,IKZF1,0.8147214
312,261,SLC44A2,EZR,0.79889566
312,196,SLC44A2,RARS,0.77174366
312,367,SLC44A2,HCFC1,0.7698142
312,437,SLC44A2,MYB,0.76757336
312,439,SLC44A2,DDX20,0.7637642
312,48,SLC44A2,ELANE,0.7628878
312,283,SLC44A2,EGR1,0.75800437
312,351,SLC44A2,ERCC8,0.7502097
312,564,SLC44A2,MFNG,0.74007237
312,486,SLC44A2,NFKBIA,0.7391731
312,208,SLC44A2,CISH,0.7360838
312,177,SLC44A2,RELB,0.73413795
312,631,SLC44A2,ZFP36,0.73050404
312,331,SLC44A2,PIM2,0.72105426
312,363,SLC44A2,MYC,0.7180378
312,410,SLC44A2,SMARCA2,0.7174124
312,466,SLC44A2,ABCG2,0.71360517
312,422,SLC44A2,SESN1,0.7135335
312,180,SLC44A2,TRIM35,0.7068486
312,436,SLC44A2,RARB,0.7036986
312,263,SLC44A2,JUN,0.70247537
312,315,SLC44A2,CTSL,0.70188516
312,357,SLC44A2,MEIS1,0.6965902
312,81,SLC44A2,HDAC11,0.6961269
312,557,SLC44A2,SATB1,0.69231915
312,494,SLC44A2,USP11,0.6917651
312,82,SLC44A2,RB1,0.69159496
312,232,SLC44A2,ICAM1,0.68858284
312,34,SLC44A2,MAML3,0.68767226
312,6,SLC44A2,BTG2,0.66849935
312,536,SLC44A2,SPI1,0.66701454
312,449,SLC44A2,TIE1,0.66557777
312,253,SLC44A2,GRINA,0.6624757
312,289,SLC44A2,GT(ROSA)26SOR,0.6624757
312,613,SLC44A2,PGLYRP2,0.6624757
36,621,SLCO3A1,SNRPB,0.92834306
36,475,SLCO3A1,BCL2,0.8942831
36,413,SLCO3A1,RASSF4,0.8941586
36,587,SLCO3A1,NCAPD2,0.8941586
36,67,SLCO3A1,HDAC2,0.88476413
36,589,SLCO3A1,YBX1,0.8819421
36,209,SLCO3A1,ZBTB16,0.8709828
36,165,SLCO3A1,GTF2H1,0.8593966
36,485,SLCO3A1,ABL1,0.85715425
36,292,SLCO3A1,HDAC7,0.84871745
36,206,SLCO3A1,ZDHHC6,0.8222312
36,508,SLCO3A1,NDRG1,0.82139933
36,161,SLCO3A1,JARID2,0.81536126
36,29,SLCO3A1,IKZF1,0.8147214
36,261,SLCO3A1,EZR,0.79889566
36,353,SLCO3A1,CBFB,0.7840852
36,208,SLCO3A1,CISH,0.77123505
36,367,SLCO3A1,HCFC1,0.7698142
36,437,SLCO3A1,MYB,0.76757336
36,283,SLCO3A1,EGR1,0.7656194
36,439,SLCO3A1,DDX20,0.7637642
36,48,SLCO3A1,ELANE,0.7628878
36,631,SLCO3A1,ZFP36,0.7616878
36,486,SLCO3A1,NFKBIA,0.7551303
36,81,SLCO3A1,HDAC11,0.7442053
36,564,SLCO3A1,MFNG,0.74007237
36,177,SLCO3A1,RELB,0.73413795
36,331,SLCO3A1,PIM2,0.7212916
36,363,SLCO3A1,MYC,0.7176446
36,410,SLCO3A1,SMARCA2,0.7174124
36,422,SLCO3A1,SESN1,0.7136104
36,466,SLCO3A1,ABCG2,0.71360517
36,482,SLCO3A1,NFATC2,0.7129028
36,180,SLCO3A1,TRIM35,0.7070132
36,436,SLCO3A1,RARB,0.7036986
36,263,SLCO3A1,JUN,0.70247537
36,315,SLCO3A1,CTSL,0.70188516
36,357,SLCO3A1,MEIS1,0.6964173
36,445,SLCO3A1,APBB1,0.69363475
36,557,SLCO3A1,SATB1,0.69231915
36,494,SLCO3A1,USP11,0.6917651
36,82,SLCO3A1,RB1,0.69159496
36,232,SLCO3A1,ICAM1,0.68858284
36,34,SLCO3A1,MAML3,0.6877883
36,196,SLCO3A1,RARS,0.6847795
36,6,SLCO3A1,BTG2,0.66849935
36,536,SLCO3A1,SPI1,0.66701454
36,449,SLCO3A1,TIE1,0.66557777
36,253,SLCO3A1,GRINA,0.6624757
36,289,SLCO3A1,GT(ROSA)26SOR,0.6624757
410,475,SMARCA2,BCL2,0.97480214
410,29,SMARCA2,IKZF1,0.96716565
410,292,SMARCA2,HDAC7,0.96552235
410,485,SMARCA2,ABL1,0.9607423
410,283,SMARCA2,EGR1,0.95626336
410,161,SMARCA2,JARID2,0.9546304
410,196,SMARCA2,RARS,0.9543862
410,466,SMARCA2,ABCG2,0.95139426
410,263,SMARCA2,JUN,0.9513082
410,631,SMARCA2,ZFP36,0.94630086
410,353,SMARCA2,CBFB,0.9456636
410,79,SMARCA2,STAT2,0.9444105
410,206,SMARCA2,ZDHHC6,0.9436217
410,6,SMARCA2,BTG2,0.9428955
410,209,SMARCA2,ZBTB16,0.9417489
410,536,SMARCA2,SPI1,0.935946
410,177,SMARCA2,RELB,0.9353937
410,162,SMARCA2,FES,0.93412906
410,219,SMARCA2,TLR4,0.93412906
410,278,SMARCA2,NCF1,0.93412906
410,515,SMARCA2,IGHM,0.93412906
410,253,SMARCA2,GRINA,0.9338066
410,289,SMARCA2,GT(ROSA)26SOR,0.9338066
410,208,SMARCA2,CISH,0.93358445
410,413,SMARCA2,RASSF4,0.93318045
410,441,SMARCA2,EBF1,0.9319696
410,69,SMARCA2,NAP1L3,0.93190664
410,146,SMARCA2,SCARF1,0.93190664
410,194,SMARCA2,GOLPH3,0.93190664
410,546,SMARCA2,PROCR,0.93190664
410,622,SMARCA2,KRT18,0.93190664
410,64,SMARCA2,IRF9,0.93187827
410,587,SMARCA2,NCAPD2,0.9311305
410,557,SMARCA2,SATB1,0.92907274
410,232,SMARCA2,ICAM1,0.928293
410,613,SMARCA2,PGLYRP2,0.9275488
410,52,SMARCA2,FCGR2B,0.92709726
410,213,SMARCA2,TCP11L2,0.92709726
410,304,SMARCA2,HLF,0.92709726
410,420,SMARCA2,FDFT1,0.9269548
410,293,SMARCA2,IRF7,0.9261518
410,270,SMARCA2,VDR,0.9259029
410,621,SMARCA2,SNRPB,0.92468417
410,224,SMARCA2,MAPK12,0.9239073
410,73,SMARCA2,RORC,0.9235505
410,517,SMARCA2,H1F0,0.92184216
410,27,SMARCA2,IRF8,0.92158777
410,436,SMARCA2,RARB,0.9209329
410,67,SMARCA2,HDAC2,0.9206021
410,580,SMARCA2,MLLT3,0.9205573
339,621,SMPDL3A,SNRPB,0.9281713
339,353,SMPDL3A,CBFB,0.895775
339,475,SMPDL3A,BCL2,0.8942831
339,413,SMPDL3A,RASSF4,0.8941586
339,67,SMPDL3A,HDAC2,0.8850062
339,589,SMPDL3A,YBX1,0.8819421
339,209,SMPDL3A,ZBTB16,0.8709828
339,485,SMPDL3A,ABL1,0.8596869
339,292,SMPDL3A,HDAC7,0.8490384
339,165,SMPDL3A,GTF2H1,0.845314
339,587,SMPDL3A,NCAPD2,0.84031874
339,206,SMPDL3A,ZDHHC6,0.8222312
339,508,SMPDL3A,NDRG1,0.82139933
339,161,SMPDL3A,JARID2,0.81536126
339,29,SMPDL3A,IKZF1,0.81394273
339,261,SMPDL3A,EZR,0.79889566
339,367,SMPDL3A,HCFC1,0.76984316
339,437,SMPDL3A,MYB,0.76757336
339,283,SMPDL3A,EGR1,0.7656194
339,439,SMPDL3A,DDX20,0.7637642
339,48,SMPDL3A,ELANE,0.7630163
339,631,SMPDL3A,ZFP36,0.7616878
339,486,SMPDL3A,NFKBIA,0.7551303
339,351,SMPDL3A,ERCC8,0.7502097
339,232,SMPDL3A,ICAM1,0.7377043
339,208,SMPDL3A,CISH,0.7360838
339,177,SMPDL3A,RELB,0.73413795
339,196,SMPDL3A,RARS,0.71889025
339,363,SMPDL3A,MYC,0.717912
339,410,SMPDL3A,SMARCA2,0.7174124
339,482,SMPDL3A,NFATC2,0.71484596
339,422,SMPDL3A,SESN1,0.7136104
339,466,SMPDL3A,ABCG2,0.71360517
339,564,SMPDL3A,MFNG,0.70949835
339,180,SMPDL3A,TRIM35,0.70691687
339,331,SMPDL3A,PIM2,0.706233
339,436,SMPDL3A,RARB,0.70390975
339,263,SMPDL3A,JUN,0.70247537
339,357,SMPDL3A,MEIS1,0.6965902
339,81,SMPDL3A,HDAC11,0.6961269
339,557,SMPDL3A,SATB1,0.69231915
339,494,SMPDL3A,USP11,0.6917651
339,82,SMPDL3A,RB1,0.69159496
339,420,SMPDL3A,FDFT1,0.6878487
339,34,SMPDL3A,MAML3,0.68627745
339,580,SMPDL3A,MLLT3,0.6799653
339,315,SMPDL3A,CTSL,0.67211604
339,6,SMPDL3A,BTG2,0.6685164
339,536,SMPDL3A,SPI1,0.66701454
339,449,SMPDL3A,TIE1,0.66557777
225,621,SNAP23,SNRPB,0.92824525
225,353,SNAP23,CBFB,0.89633095
225,475,SNAP23,BCL2,0.8946401
225,413,SNAP23,RASSF4,0.8940518
225,67,SNAP23,HDAC2,0.88488126
225,209,SNAP23,ZBTB16,0.87143767
225,165,SNAP23,GTF2H1,0.8591441
225,485,SNAP23,ABL1,0.858773
225,292,SNAP23,HDAC7,0.84959185
225,587,SNAP23,NCAPD2,0.83369756
225,206,SNAP23,ZDHHC6,0.82271147
225,508,SNAP23,NDRG1,0.8213486
225,161,SNAP23,JARID2,0.8158258
225,261,SNAP23,EZR,0.79833704
225,29,SNAP23,IKZF1,0.77331764
225,367,SNAP23,HCFC1,0.76942074
225,437,SNAP23,MYB,0.767502
225,283,SNAP23,EGR1,0.765839
225,439,SNAP23,DDX20,0.76355255
225,48,SNAP23,ELANE,0.7630187
225,631,SNAP23,ZFP36,0.7617918
225,486,SNAP23,NFKBIA,0.7549336
225,82,SNAP23,RB1,0.7406607
225,564,SNAP23,MFNG,0.74017566
225,208,SNAP23,CISH,0.73659575
225,177,SNAP23,RELB,0.7343676
225,351,SNAP23,ERCC8,0.72777015
225,6,SNAP23,BTG2,0.7249088
225,589,SNAP23,YBX1,0.7216417
225,331,SNAP23,PIM2,0.72143304
225,196,SNAP23,RARS,0.7194061
225,410,SNAP23,SMARCA2,0.7177263
225,363,SNAP23,MYC,0.71742624
225,466,SNAP23,ABCG2,0.71546704
225,482,SNAP23,NFATC2,0.71471566
225,422,SNAP23,SESN1,0.7137719
225,180,SNAP23,TRIM35,0.7077247
225,436,SNAP23,RARB,0.70330656
225,263,SNAP23,JUN,0.70299035
225,315,SNAP23,CTSL,0.7016019
225,357,SNAP23,MEIS1,0.69672567
225,81,SNAP23,HDAC11,0.69631106
225,557,SNAP23,SATB1,0.69292104
225,494,SNAP23,USP11,0.69044876
225,232,SNAP23,ICAM1,0.68919766
225,34,SNAP23,MAML3,0.6876031
225,536,SNAP23,SPI1,0.66787714
225,449,SNAP23,TIE1,0.66606915
225,194,SNAP23,GOLPH3,0.6640806
225,253,SNAP23,GRINA,0.6628081
528,353,SNAP47,CBFB,0.895775
528,475,SNAP47,BCL2,0.8942831
528,413,SNAP47,RASSF4,0.8941586
528,587,SNAP47,NCAPD2,0.8941586
528,621,SNAP47,SNRPB,0.89412594
528,67,SNAP47,HDAC2,0.8850062
528,589,SNAP47,YBX1,0.8821593
528,209,SNAP47,ZBTB16,0.8709828
528,165,SNAP47,GTF2H1,0.8593966
528,485,SNAP47,ABL1,0.85836256
528,292,SNAP47,HDAC7,0.8490846
528,206,SNAP47,ZDHHC6,0.8222312
528,508,SNAP47,NDRG1,0.82139933
528,161,SNAP47,JARID2,0.81536126
528,29,SNAP47,IKZF1,0.8147214
528,261,SNAP47,EZR,0.79889566
528,367,SNAP47,HCFC1,0.7698142
528,437,SNAP47,MYB,0.76757336
528,283,SNAP47,EGR1,0.7655724
528,439,SNAP47,DDX20,0.7637642
528,48,SNAP47,ELANE,0.7628878
528,631,SNAP47,ZFP36,0.7616878
528,486,SNAP47,NFKBIA,0.75307345
528,351,SNAP47,ERCC8,0.7502097
528,564,SNAP47,MFNG,0.74016184
528,208,SNAP47,CISH,0.7360838
528,177,SNAP47,RELB,0.73413795
528,6,SNAP47,BTG2,0.73371696
528,331,SNAP47,PIM2,0.7209529
528,196,SNAP47,RARS,0.71889025
528,363,SNAP47,MYC,0.7176446
528,410,SNAP47,SMARCA2,0.71696234
528,482,SNAP47,NFATC2,0.71484596
528,422,SNAP47,SESN1,0.7136104
528,466,SNAP47,ABCG2,0.71360517
528,180,SNAP47,TRIM35,0.7070132
528,436,SNAP47,RARB,0.7037149
528,263,SNAP47,JUN,0.7024884
528,315,SNAP47,CTSL,0.70188516
528,69,SNAP47,NAP1L3,0.7002005
528,357,SNAP47,MEIS1,0.6965902
528,81,SNAP47,HDAC11,0.6961269
528,82,SNAP47,RB1,0.6912786
528,232,SNAP47,ICAM1,0.6886148
528,34,SNAP47,MAML3,0.68767226
528,557,SNAP47,SATB1,0.6811004
528,536,SNAP47,SPI1,0.66701454
528,449,SNAP47,TIE1,0.66557777
528,253,SNAP47,GRINA,0.6624757
528,613,SNAP47,PGLYRP2,0.6624757
621,413,SNRPB,RASSF4,0.97680885
621,587,SNRPB,NCAPD2,0.97680885
621,353,SNRPB,CBFB,0.97600025
621,67,SNRPB,HDAC2,0.97470564
621,589,SNRPB,YBX1,0.971347
621,165,SNRPB,GTF2H1,0.9625246
621,261,SNRPB,EZR,0.95885444
621,439,SNRPB,DDX20,0.95874953
621,367,SNRPB,HCFC1,0.9563149
621,363,SNRPB,MYC,0.9557626
621,508,SNRPB,NDRG1,0.9524537
621,209,SNRPB,ZBTB16,0.9513002
621,351,SNRPB,ERCC8,0.9445102
621,226,SNRPB,POLR2B,0.9419027
621,482,SNRPB,NFATC2,0.9358938
621,475,SNRPB,BCL2,0.9324492
621,292,SNRPB,HDAC7,0.92713726
621,206,SNRPB,ZDHHC6,0.92343426
621,486,SNRPB,NFKBIA,0.9222059
621,485,SNRPB,ABL1,0.9208449
621,197,SNRPB,WDR4,0.918222
621,199,SNRPB,E2F4,0.9169507
621,161,SNRPB,JARID2,0.91385365
621,564,SNRPB,MFNG,0.9104346
621,134,SNRPB,PA2G4,0.9098734
621,3,SNRPB,POLR1B,0.90703046
621,437,SNRPB,MYB,0.90280116
621,33,SNRPB,CSTF2,0.9010912
621,631,SNRPB,ZFP36,0.9008473
621,82,SNRPB,RB1,0.8971125
621,86,SNRPB,RANGAP1,0.8932356
621,180,SNRPB,TRIM35,0.8910582
621,315,SNRPB,CTSL,0.8878792
621,220,SNRPB,TMEM43,0.8835227
621,154,SNRPB,HDGF,0.88350165
621,166,SNRPB,PSAT1,0.88350165
621,212,SNRPB,FLT3,0.88350165
621,217,SNRPB,PRMT7,0.88350165
621,347,SNRPB,RNF4,0.88350165
621,389,SNRPB,FOXRED1,0.88350165
621,577,SNRPB,CAD,0.88350165
621,376,SNRPB,ATF7,0.8834922
621,562,SNRPB,NFIA,0.8833923
621,28,SNRPB,NFE2,0.88329625
621,48,SNRPB,ELANE,0.8829175
621,375,SNRPB,SRSF1,0.87786627
621,331,SNRPB,PIM2,0.8649431
621,29,SNRPB,IKZF1,0.86412805
621,117,SNRPB,TFG,0.86254156
621,372,SNRPB,BACE1,0.86254156
366,587,SNX30,NCAPD2,0.9775823
366,413,SNX30,RASSF4,0.97757214
366,353,SNX30,CBFB,0.9757717
366,67,SNX30,HDAC2,0.9756139
366,621,SNX30,SNRPB,0.9724364
366,165,SNX30,GTF2H1,0.9598353
366,508,SNX30,NDRG1,0.95881236
366,589,SNX30,YBX1,0.9588028
366,475,SNX30,BCL2,0.9567738
366,485,SNX30,ABL1,0.95193034
366,261,SNX30,EZR,0.94796693
366,206,SNX30,ZDHHC6,0.9473748
366,161,SNX30,JARID2,0.943481
366,292,SNX30,HDAC7,0.94340426
366,209,SNX30,ZBTB16,0.94049925
366,29,SNX30,IKZF1,0.93658555
366,486,SNX30,NFKBIA,0.9352899
366,564,SNX30,MFNG,0.93512404
366,631,SNX30,ZFP36,0.93304116
366,482,SNX30,NFATC2,0.9272349
366,367,SNX30,HCFC1,0.9236831
366,439,SNX30,DDX20,0.9188369
366,331,SNX30,PIM2,0.91518414
366,48,SNX30,ELANE,0.91254073
366,422,SNX30,SESN1,0.911101
366,283,SNX30,EGR1,0.91037583
366,363,SNX30,MYC,0.90749454
366,315,SNX30,CTSL,0.90637016
366,351,SNX30,ERCC8,0.9042315
366,410,SNX30,SMARCA2,0.90180403
366,177,SNX30,RELB,0.9003365
366,208,SNX30,CISH,0.89698803
366,437,SNX30,MYB,0.8831495
366,82,SNX30,RB1,0.8797566
366,494,SNX30,USP11,0.8714507
366,180,SNX30,TRIM35,0.86972374
366,436,SNX30,RARB,0.867669
366,81,SNX30,HDAC11,0.8652877
366,226,SNX30,POLR2B,0.86003584
366,104,SNX30,BTK,0.8563892
366,196,SNX30,RARS,0.85549366
366,557,SNX30,SATB1,0.8455212
366,232,SNX30,ICAM1,0.84497786
366,34,SNX30,MAML3,0.84211457
366,357,SNX30,MEIS1,0.8300407
366,134,SNX30,PA2G4,0.82643646
366,480,SNX30,WDR5,0.82319945
366,199,SNX30,E2F4,0.8079824
366,375,SNX30,SRSF1,0.7917301
366,466,SNX30,ABCG2,0.7913005
150,475,SORT1,BCL2,0.96661544
150,353,SORT1,CBFB,0.96229935
150,485,SORT1,ABL1,0.9622732
150,292,SORT1,HDAC7,0.96076906
150,209,SORT1,ZBTB16,0.95524323
150,29,SORT1,IKZF1,0.9552344
150,161,SORT1,JARID2,0.9538522
150,206,SORT1,ZDHHC6,0.94681513
150,631,SORT1,ZFP36,0.9400749
150,283,SORT1,EGR1,0.9396281
150,621,SORT1,SNRPB,0.93928343
150,165,SORT1,GTF2H1,0.93705404
150,413,SORT1,RASSF4,0.935164
150,587,SORT1,NCAPD2,0.935164
150,177,SORT1,RELB,0.93234396
150,208,SORT1,CISH,0.93144244
150,67,SORT1,HDAC2,0.9284592
150,196,SORT1,RARS,0.9277106
150,436,SORT1,RARB,0.9259257
150,263,SORT1,JUN,0.91926545
150,180,SORT1,TRIM35,0.916141
150,508,SORT1,NDRG1,0.9136883
150,557,SORT1,SATB1,0.9133174
150,232,SORT1,ICAM1,0.9125002
150,564,SORT1,MFNG,0.9087241
150,331,SORT1,PIM2,0.9082628
150,410,SORT1,SMARCA2,0.90739834
150,486,SORT1,NFKBIA,0.90105134
150,6,SORT1,BTG2,0.8945068
150,81,SORT1,HDAC11,0.89290875
150,422,SORT1,SESN1,0.8900579
150,536,SORT1,SPI1,0.8886031
150,357,SORT1,MEIS1,0.88611573
150,466,SORT1,ABCG2,0.8798013
150,79,SORT1,STAT2,0.87770337
150,219,SORT1,TLR4,0.874738
150,278,SORT1,NCF1,0.874738
150,515,SORT1,IGHM,0.874738
150,289,SORT1,GT(ROSA)26SOR,0.8708133
150,253,SORT1,GRINA,0.87074614
150,613,SORT1,PGLYRP2,0.87074614
150,146,SORT1,SCARF1,0.8637418
150,175,SORT1,TLE2,0.8637418
150,194,SORT1,GOLPH3,0.8637418
150,441,SORT1,EBF1,0.8637418
150,546,SORT1,PROCR,0.8637418
150,622,SORT1,KRT18,0.8637418
150,34,SORT1,MAML3,0.8636928
150,69,SORT1,NAP1L3,0.86330545
150,48,SORT1,ELANE,0.86264795
16,621,SOX18,SNRPB,0.9282103
16,353,SOX18,CBFB,0.89579654
16,475,SOX18,BCL2,0.8942831
16,413,SOX18,RASSF4,0.8941586
16,587,SOX18,NCAPD2,0.89158714
16,67,SOX18,HDAC2,0.8850062
16,589,SOX18,YBX1,0.8819421
16,209,SOX18,ZBTB16,0.8709828
16,165,SOX18,GTF2H1,0.8593966
16,485,SOX18,ABL1,0.8572532
16,292,SOX18,HDAC7,0.8490846
16,508,SOX18,NDRG1,0.82210386
16,161,SOX18,JARID2,0.81536126
16,29,SOX18,IKZF1,0.8147214
16,206,SOX18,ZDHHC6,0.80926615
16,261,SOX18,EZR,0.7957867
16,367,SOX18,HCFC1,0.7698142
16,437,SOX18,MYB,0.76763517
16,283,SOX18,EGR1,0.7656194
16,439,SOX18,DDX20,0.7637642
16,631,SOX18,ZFP36,0.7616878
16,486,SOX18,NFKBIA,0.7549916
16,351,SOX18,ERCC8,0.7502097
16,564,SOX18,MFNG,0.74007237
16,208,SOX18,CISH,0.7360558
16,196,SOX18,RARS,0.71889025
16,410,SOX18,SMARCA2,0.7174124
16,363,SOX18,MYC,0.7160851
16,482,SOX18,NFATC2,0.71484596
16,466,SOX18,ABCG2,0.71360517
16,422,SOX18,SESN1,0.70703137
16,180,SOX18,TRIM35,0.7070132
16,177,SOX18,RELB,0.70509493
16,436,SOX18,RARB,0.7036986
16,263,SOX18,JUN,0.70247537
16,315,SOX18,CTSL,0.70188516
16,357,SOX18,MEIS1,0.6965902
16,81,SOX18,HDAC11,0.6961269
16,557,SOX18,SATB1,0.69376844
16,494,SOX18,USP11,0.69198936
16,82,SOX18,RB1,0.69159496
16,232,SOX18,ICAM1,0.68858284
16,304,SOX18,HLF,0.68721735
16,331,SOX18,PIM2,0.6839813
16,48,SOX18,ELANE,0.67642653
16,6,SOX18,BTG2,0.66849935
16,536,SOX18,SPI1,0.66701454
16,449,SOX18,TIE1,0.66557777
16,34,SOX18,MAML3,0.66279125
16,253,SOX18,GRINA,0.6624757
536,475,SPI1,BCL2,0.9640971
536,485,SPI1,ABL1,0.9584765
536,292,SPI1,HDAC7,0.9583835
536,353,SPI1,CBFB,0.95705795
536,29,SPI1,IKZF1,0.95033467
536,161,SPI1,JARID2,0.94971967
536,206,SPI1,ZDHHC6,0.94324374
536,413,SPI1,RASSF4,0.9363226
536,631,SPI1,ZFP36,0.93570536
536,209,SPI1,ZBTB16,0.934001
536,621,SPI1,SNRPB,0.93325984
536,67,SPI1,HDAC2,0.929485
536,283,SPI1,EGR1,0.9273209
536,177,SPI1,RELB,0.92722315
536,208,SPI1,CISH,0.9216263
536,196,SPI1,RARS,0.91436493
536,508,SPI1,NDRG1,0.91099
536,564,SPI1,MFNG,0.9071995
536,180,SPI1,TRIM35,0.90397334
536,263,SPI1,JUN,0.90342426
536,331,SPI1,PIM2,0.90250045
536,410,SPI1,SMARCA2,0.90193105
536,557,SPI1,SATB1,0.89777285
536,486,SPI1,NFKBIA,0.8969861
536,232,SPI1,ICAM1,0.8947649
536,165,SPI1,GTF2H1,0.89146644
536,422,SPI1,SESN1,0.8858367
536,81,SPI1,HDAC11,0.8812832
536,436,SPI1,RARB,0.8722165
536,6,SPI1,BTG2,0.8683071
536,357,SPI1,MEIS1,0.86582047
536,79,SPI1,STAT2,0.8620035
536,515,SPI1,IGHM,0.8600702
536,219,SPI1,TLR4,0.8599437
536,278,SPI1,NCF1,0.8599437
536,589,SPI1,YBX1,0.85826534
536,466,SPI1,ABCG2,0.8553846
536,613,SPI1,PGLYRP2,0.85483295
536,34,SPI1,MAML3,0.8492881
536,146,SPI1,SCARF1,0.84561825
536,546,SPI1,PROCR,0.84561825
536,69,SPI1,NAP1L3,0.84551144
536,175,SPI1,TLE2,0.84551144
536,194,SPI1,GOLPH3,0.84551144
536,622,SPI1,KRT18,0.84551144
536,441,SPI1,EBF1,0.8452905
536,580,SPI1,MLLT3,0.83917916
536,52,SPI1,FCGR2B,0.8332249
536,213,SPI1,TCP11L2,0.8325823
536,304,SPI1,HLF,0.8325823
368,621,SPNS2,SNRPB,0.95097345
368,587,SPNS2,NCAPD2,0.9408128
368,413,SPNS2,RASSF4,0.94077504
368,67,SPNS2,HDAC2,0.9361288
368,353,SPNS2,CBFB,0.92956126
368,589,SPNS2,YBX1,0.9259062
368,165,SPNS2,GTF2H1,0.9177448
368,475,SPNS2,BCL2,0.9076719
368,508,SPNS2,NDRG1,0.885293
368,261,SPNS2,EZR,0.8823578
368,485,SPNS2,ABL1,0.87889785
368,367,SPNS2,HCFC1,0.8672752
368,439,SPNS2,DDX20,0.85862935
368,206,SPNS2,ZDHHC6,0.85229677
368,351,SPNS2,ERCC8,0.84873646
368,161,SPNS2,JARID2,0.8470203
368,209,SPNS2,ZBTB16,0.8426372
368,29,SPNS2,IKZF1,0.8404646
368,363,SPNS2,MYC,0.8367577
368,292,SPNS2,HDAC7,0.82429236
368,482,SPNS2,NFATC2,0.82314384
368,486,SPNS2,NFKBIA,0.8189423
368,82,SPNS2,RB1,0.80333674
368,48,SPNS2,ELANE,0.8028405
368,631,SPNS2,ZFP36,0.7990877
368,315,SPNS2,CTSL,0.79838955
368,564,SPNS2,MFNG,0.79789984
368,437,SPNS2,MYB,0.79652554
368,494,SPNS2,USP11,0.78033054
368,480,SPNS2,WDR5,0.77630836
368,283,SPNS2,EGR1,0.771825
368,104,SPNS2,BTK,0.7691069
368,208,SPNS2,CISH,0.75246423
368,177,SPNS2,RELB,0.7461571
368,226,SPNS2,POLR2B,0.7446073
368,422,SPNS2,SESN1,0.7442081
368,331,SPNS2,PIM2,0.73780316
368,410,SPNS2,SMARCA2,0.7232165
368,134,SPNS2,PA2G4,0.7223564
368,196,SPNS2,RARS,0.7116259
368,375,SPNS2,SRSF1,0.7077622
368,180,SPNS2,TRIM35,0.69237834
368,376,SPNS2,ATF7,0.68878394
368,154,SPNS2,HDGF,0.68854225
368,166,SPNS2,PSAT1,0.68854225
368,197,SPNS2,WDR4,0.68854225
368,212,SPNS2,FLT3,0.68854225
368,217,SPNS2,PRMT7,0.68854225
368,347,SPNS2,RNF4,0.68854225
368,389,SPNS2,FOXRED1,0.68854225
457,621,SPNS3,SNRPB,0.9282103
457,353,SPNS3,CBFB,0.895775
457,413,SPNS3,RASSF4,0.8941586
457,587,SPNS3,NCAPD2,0.89409095
457,67,SPNS3,HDAC2,0.8850062
457,589,SPNS3,YBX1,0.8819421
457,475,SPNS3,BCL2,0.8608384
457,165,SPNS3,GTF2H1,0.8593966
457,485,SPNS3,ABL1,0.8572532
457,209,SPNS3,ZBTB16,0.8526235
457,292,SPNS3,HDAC7,0.8490846
457,29,SPNS3,IKZF1,0.8234591
457,206,SPNS3,ZDHHC6,0.8222312
457,508,SPNS3,NDRG1,0.81979585
457,261,SPNS3,EZR,0.79889566
457,161,SPNS3,JARID2,0.776108
457,367,SPNS3,HCFC1,0.7698142
457,437,SPNS3,MYB,0.76757336
457,283,SPNS3,EGR1,0.7656194
457,48,SPNS3,ELANE,0.7625247
457,631,SPNS3,ZFP36,0.7616878
457,486,SPNS3,NFKBIA,0.7551303
457,351,SPNS3,ERCC8,0.7502097
457,564,SPNS3,MFNG,0.74644655
457,515,SPNS3,IGHM,0.7418043
457,208,SPNS3,CISH,0.73586625
457,177,SPNS3,RELB,0.73413795
457,180,SPNS3,TRIM35,0.7299004
457,439,SPNS3,DDX20,0.7281928
457,331,SPNS3,PIM2,0.72142166
457,196,SPNS3,RARS,0.71889025
457,363,SPNS3,MYC,0.7176446
457,410,SPNS3,SMARCA2,0.7171445
457,482,SPNS3,NFATC2,0.71484596
457,270,SPNS3,VDR,0.7139241
457,422,SPNS3,SESN1,0.7136104
457,466,SPNS3,ABCG2,0.7134282
457,436,SPNS3,RARB,0.7037149
457,263,SPNS3,JUN,0.70247537
457,315,SPNS3,CTSL,0.70188516
457,357,SPNS3,MEIS1,0.6965127
457,81,SPNS3,HDAC11,0.6961269
457,494,SPNS3,USP11,0.6917651
457,82,SPNS3,RB1,0.69159496
457,232,SPNS3,ICAM1,0.68822336
457,34,SPNS3,MAML3,0.6878656
457,557,SPNS3,SATB1,0.6811004
457,79,SPNS3,STAT2,0.6742183
457,6,SPNS3,BTG2,0.66849935
457,536,SPNS3,SPI1,0.6667522
371,259,SPO11,NUP107,0.98799044
371,204,SPO11,MCM2,0.9875689
371,189,SPO11,MCM5,0.98742664
371,500,SPO11,MCM3,0.9869732
371,414,SPO11,CENPK,0.986924
371,350,SPO11,MCM6,0.98685664
371,561,SPO11,MCM7,0.98685247
371,118,SPO11,MIS12,0.9866326
371,299,SPO11,ORC2,0.986568
371,323,SPO11,MCM4,0.9858494
371,554,SPO11,CDT1,0.98549634
371,497,SPO11,TYMS,0.9841584
371,240,SPO11,RPA2,0.9838569
371,74,SPO11,TOP2A,0.98344815
371,42,SPO11,HMGB2,0.9832206
371,279,SPO11,AURKB,0.98288524
371,137,SPO11,MYCN,0.9827739
371,30,SPO11,PBK,0.9827108
371,182,SPO11,RPA1,0.9823882
371,53,SPO11,ORC6,0.9805219
371,411,SPO11,CDC45,0.9800377
371,478,SPO11,MKI67,0.9793844
371,375,SPO11,SRSF1,0.97833633
371,361,SPO11,CCNB2,0.97817457
371,399,SPO11,RRM2,0.9781561
371,102,SPO11,PRIM1,0.9773882
371,21,SPO11,RRM1,0.97646415
371,266,SPO11,MSH6,0.9763565
371,620,SPO11,TIPIN,0.97625834
371,426,SPO11,PRPF4,0.9755578
371,610,SPO11,PRIM2,0.97429186
371,290,SPO11,POLD1,0.9740424
371,392,SPO11,DCAF13,0.9735165
371,273,SPO11,FIGNL1,0.97310436
371,575,SPO11,GTF2F1,0.97269803
371,297,SPO11,LIG1,0.97197783
371,246,SPO11,TK1,0.97181165
371,407,SPO11,CDC7,0.97181165
371,367,SPO11,HCFC1,0.96772265
371,119,SPO11,SLC2A3,0.9670109
371,433,SPO11,XPC,0.9665612
371,198,SPO11,NDN,0.96355915
371,439,SPO11,DDX20,0.93800515
371,621,SPO11,SNRPB,0.91275704
371,363,SPO11,MYC,0.8886369
371,589,SPO11,YBX1,0.86094457
371,226,SPO11,POLR2B,0.8492273
371,117,SPO11,TFG,0.8447349
371,372,SPO11,BACE1,0.8447349
371,404,SPO11,FTSJ3,0.82395446
375,259,SRSF1,NUP107,0.9850758
375,204,SRSF1,MCM2,0.9838172
375,118,SRSF1,MIS12,0.98375744
375,189,SRSF1,MCM5,0.98371387
375,299,SRSF1,ORC2,0.98371243
375,500,SRSF1,MCM3,0.9829736
375,561,SRSF1,MCM7,0.9829196
375,414,SRSF1,CENPK,0.98272014
375,350,SRSF1,MCM6,0.9823499
375,554,SRSF1,CDT1,0.98217
375,137,SRSF1,MYCN,0.98211116
375,323,SRSF1,MCM4,0.9810098
375,497,SRSF1,TYMS,0.9796943
375,575,SRSF1,GTF2F1,0.97928816
375,240,SRSF1,RPA2,0.97918516
375,279,SRSF1,AURKB,0.9782281
375,74,SRSF1,TOP2A,0.9781608
375,42,SRSF1,HMGB2,0.978106
375,30,SRSF1,PBK,0.97806704
375,426,SRSF1,PRPF4,0.97781175
375,182,SRSF1,RPA1,0.97766006
375,53,SRSF1,ORC6,0.9762807
375,411,SRSF1,CDC45,0.9758933
375,478,SRSF1,MKI67,0.9751849
375,392,SRSF1,DCAF13,0.97487235
375,399,SRSF1,RRM2,0.9739259
375,361,SRSF1,CCNB2,0.9739082
375,367,SRSF1,HCFC1,0.9737975
375,102,SRSF1,PRIM1,0.97280204
375,620,SRSF1,TIPIN,0.972088
375,21,SRSF1,RRM1,0.97134835
375,266,SRSF1,MSH6,0.9711438
375,119,SRSF1,SLC2A3,0.97083235
375,198,SRSF1,NDN,0.97065306
375,610,SRSF1,PRIM2,0.96952754
375,290,SRSF1,POLD1,0.96857274
375,273,SRSF1,FIGNL1,0.9678283
375,297,SRSF1,LIG1,0.96598136
375,246,SRSF1,TK1,0.96581894
375,407,SRSF1,CDC7,0.96581894
375,433,SRSF1,XPC,0.96411836
375,439,SRSF1,DDX20,0.9560043
375,621,SRSF1,SNRPB,0.9439072
375,371,SRSF1,SPO11,0.93771374
375,117,SRSF1,TFG,0.92852193
375,372,SRSF1,BACE1,0.92852193
375,226,SRSF1,POLR2B,0.9279337
375,404,SRSF1,FTSJ3,0.9264392
375,363,SRSF1,MYC,0.9190125
375,589,SRSF1,YBX1,0.91808254
487,621,SSH3,SNRPB,0.9282103
487,475,SSH3,BCL2,0.8942831
487,413,SSH3,RASSF4,0.8941586
487,587,SSH3,NCAPD2,0.8941586
487,67,SSH3,HDAC2,0.8850062
487,589,SSH3,YBX1,0.8819421
487,209,SSH3,ZBTB16,0.8709828
487,165,SSH3,GTF2H1,0.8593966
487,485,SSH3,ABL1,0.8572532
487,292,SSH3,HDAC7,0.84922355
487,353,SSH3,CBFB,0.83467215
487,206,SSH3,ZDHHC6,0.8225083
487,508,SSH3,NDRG1,0.82139933
487,161,SSH3,JARID2,0.81536126
487,29,SSH3,IKZF1,0.8147214
487,261,SSH3,EZR,0.79889566
487,367,SSH3,HCFC1,0.7698142
487,283,SSH3,EGR1,0.7656194
487,439,SSH3,DDX20,0.7637642
487,48,SSH3,ELANE,0.76347023
487,631,SSH3,ZFP36,0.7619789
487,486,SSH3,NFKBIA,0.75518745
487,351,SSH3,ERCC8,0.75011533
487,564,SSH3,MFNG,0.74007237
487,208,SSH3,CISH,0.7360838
487,177,SSH3,RELB,0.73413795
487,437,SSH3,MYB,0.7266642
487,331,SSH3,PIM2,0.72182894
487,196,SSH3,RARS,0.71896315
487,363,SSH3,MYC,0.7176446
487,410,SSH3,SMARCA2,0.71745586
487,482,SSH3,NFATC2,0.71484596
487,422,SSH3,SESN1,0.7136104
487,466,SSH3,ABCG2,0.7134656
487,436,SSH3,RARB,0.7036986
487,263,SSH3,JUN,0.70247537
487,315,SSH3,CTSL,0.70188516
487,357,SSH3,MEIS1,0.6965902
487,81,SSH3,HDAC11,0.6959157
487,180,SSH3,TRIM35,0.6948153
487,557,SSH3,SATB1,0.69231915
487,82,SSH3,RB1,0.69159496
487,494,SSH3,USP11,0.69036907
487,34,SSH3,MAML3,0.68767226
487,6,SSH3,BTG2,0.66849935
487,536,SSH3,SPI1,0.66701454
487,449,SSH3,TIE1,0.6655239
487,253,SSH3,GRINA,0.6624757
487,613,SSH3,PGLYRP2,0.6624757
487,289,SSH3,GT(ROSA)26SOR,0.6622417
329,621,ST6GALNAC4,SNRPB,0.9282103
329,353,ST6GALNAC4,CBFB,0.895775
329,475,ST6GALNAC4,BCL2,0.8942831
329,413,ST6GALNAC4,RASSF4,0.8941586
329,587,ST6GALNAC4,NCAPD2,0.8941586
329,67,ST6GALNAC4,HDAC2,0.8850062
329,589,ST6GALNAC4,YBX1,0.881117
329,209,ST6GALNAC4,ZBTB16,0.87076676
329,165,ST6GALNAC4,GTF2H1,0.8593966
329,485,ST6GALNAC4,ABL1,0.8572532
329,292,ST6GALNAC4,HDAC7,0.8490846
329,161,ST6GALNAC4,JARID2,0.8247187
329,508,ST6GALNAC4,NDRG1,0.82139933
329,29,ST6GALNAC4,IKZF1,0.8147214
329,261,ST6GALNAC4,EZR,0.79889566
329,367,ST6GALNAC4,HCFC1,0.7698142
329,437,ST6GALNAC4,MYB,0.76757336
329,283,ST6GALNAC4,EGR1,0.7656194
329,439,ST6GALNAC4,DDX20,0.7637642
329,48,ST6GALNAC4,ELANE,0.7628878
329,631,ST6GALNAC4,ZFP36,0.7616878
329,351,ST6GALNAC4,ERCC8,0.75880235
329,206,ST6GALNAC4,ZDHHC6,0.75573045
329,486,ST6GALNAC4,NFKBIA,0.7551303
329,564,ST6GALNAC4,MFNG,0.74007237
329,208,ST6GALNAC4,CISH,0.7360838
329,177,ST6GALNAC4,RELB,0.73413795
329,331,ST6GALNAC4,PIM2,0.7212916
329,196,ST6GALNAC4,RARS,0.71889025
329,363,ST6GALNAC4,MYC,0.7176446
329,410,ST6GALNAC4,SMARCA2,0.7171445
329,482,ST6GALNAC4,NFATC2,0.71484596
329,422,ST6GALNAC4,SESN1,0.7136104
329,466,ST6GALNAC4,ABCG2,0.71360517
329,180,ST6GALNAC4,TRIM35,0.7070132
329,436,ST6GALNAC4,RARB,0.7036986
329,263,ST6GALNAC4,JUN,0.70247537
329,315,ST6GALNAC4,CTSL,0.7021753
329,81,ST6GALNAC4,HDAC11,0.69659007
329,494,ST6GALNAC4,USP11,0.6917651
329,82,ST6GALNAC4,RB1,0.6916146
329,232,ST6GALNAC4,ICAM1,0.68858284
329,34,ST6GALNAC4,MAML3,0.68767226
329,357,ST6GALNAC4,MEIS1,0.68119794
329,6,ST6GALNAC4,BTG2,0.66849935
329,536,ST6GALNAC4,SPI1,0.66701454
329,449,ST6GALNAC4,TIE1,0.66598004
329,253,ST6GALNAC4,GRINA,0.6624757
329,289,ST6GALNAC4,GT(ROSA)26SOR,0.6624757
329,613,ST6GALNAC4,PGLYRP2,0.6624757
427,475,ST8SIA4,BCL2,0.9740297
427,29,ST8SIA4,IKZF1,0.9665315
427,292,ST8SIA4,HDAC7,0.96487516
427,161,ST8SIA4,JARID2,0.95565414
427,283,ST8SIA4,EGR1,0.9550102
427,353,ST8SIA4,CBFB,0.9541416
427,466,ST8SIA4,ABCG2,0.9541366
427,196,ST8SIA4,RARS,0.95367074
427,485,ST8SIA4,ABL1,0.95235395
427,263,ST8SIA4,JUN,0.95066196
427,631,ST8SIA4,ZFP36,0.94717234
427,621,ST8SIA4,SNRPB,0.9440679
427,209,ST8SIA4,ZBTB16,0.94276196
427,79,ST8SIA4,STAT2,0.9426287
427,206,ST8SIA4,ZDHHC6,0.9419266
427,177,ST8SIA4,RELB,0.937493
427,162,ST8SIA4,FES,0.93446404
427,219,ST8SIA4,TLR4,0.93446404
427,278,ST8SIA4,NCF1,0.93446404
427,515,ST8SIA4,IGHM,0.9343018
427,208,ST8SIA4,CISH,0.93396413
427,253,ST8SIA4,GRINA,0.9331687
427,289,ST8SIA4,GT(ROSA)26SOR,0.9331687
427,613,ST8SIA4,PGLYRP2,0.9331687
427,413,ST8SIA4,RASSF4,0.9329497
427,587,ST8SIA4,NCAPD2,0.9329497
427,536,ST8SIA4,SPI1,0.93162346
427,232,ST8SIA4,ICAM1,0.93069685
427,69,ST8SIA4,NAP1L3,0.9306915
427,146,ST8SIA4,SCARF1,0.9306915
427,194,ST8SIA4,GOLPH3,0.9306915
427,441,ST8SIA4,EBF1,0.9306915
427,546,ST8SIA4,PROCR,0.9306915
427,622,ST8SIA4,KRT18,0.9306915
427,557,ST8SIA4,SATB1,0.93038213
427,64,ST8SIA4,IRF9,0.9295023
427,213,ST8SIA4,TCP11L2,0.925568
427,304,ST8SIA4,HLF,0.925568
427,270,ST8SIA4,VDR,0.9252657
427,420,ST8SIA4,FDFT1,0.92439383
427,224,ST8SIA4,MAPK12,0.92403626
427,73,ST8SIA4,RORC,0.9231725
427,67,ST8SIA4,HDAC2,0.9229689
427,52,ST8SIA4,FCGR2B,0.9217108
427,293,ST8SIA4,IRF7,0.9216453
427,445,ST8SIA4,APBB1,0.9214283
427,590,ST8SIA4,IL12A,0.9208167
427,27,ST8SIA4,IRF8,0.92006975
427,580,ST8SIA4,MLLT3,0.91964823
427,276,ST8SIA4,REL,0.91860974
474,621,STARD7,SNRPB,0.9282103
474,353,STARD7,CBFB,0.895775
474,475,STARD7,BCL2,0.8942831
474,413,STARD7,RASSF4,0.8941586
474,587,STARD7,NCAPD2,0.89397603
474,67,STARD7,HDAC2,0.88486016
474,589,STARD7,YBX1,0.8819421
474,209,STARD7,ZBTB16,0.8709828
474,485,STARD7,ABL1,0.8572532
474,292,STARD7,HDAC7,0.8490846
474,206,STARD7,ZDHHC6,0.8222312
474,508,STARD7,NDRG1,0.82139933
474,161,STARD7,JARID2,0.8158728
474,29,STARD7,IKZF1,0.8147214
474,177,STARD7,RELB,0.8067843
474,165,STARD7,GTF2H1,0.803527
474,261,STARD7,EZR,0.79889566
474,367,STARD7,HCFC1,0.7698142
474,283,STARD7,EGR1,0.7656194
474,439,STARD7,DDX20,0.7637642
474,48,STARD7,ELANE,0.7628878
474,631,STARD7,ZFP36,0.76178974
474,486,STARD7,NFKBIA,0.7551303
474,351,STARD7,ERCC8,0.7502097
474,564,STARD7,MFNG,0.74007237
474,263,STARD7,JUN,0.73868376
474,208,STARD7,CISH,0.7360838
474,331,STARD7,PIM2,0.72129744
474,196,STARD7,RARS,0.71889025
474,363,STARD7,MYC,0.7176446
474,410,STARD7,SMARCA2,0.7174124
474,482,STARD7,NFATC2,0.71484596
474,466,STARD7,ABCG2,0.71367615
474,422,STARD7,SESN1,0.7091776
474,180,STARD7,TRIM35,0.7067942
474,436,STARD7,RARB,0.7036986
474,315,STARD7,CTSL,0.7030643
474,357,STARD7,MEIS1,0.6965902
474,82,STARD7,RB1,0.69650495
474,81,STARD7,HDAC11,0.6961269
474,557,STARD7,SATB1,0.69231915
474,494,STARD7,USP11,0.6917651
474,232,STARD7,ICAM1,0.68858284
474,34,STARD7,MAML3,0.68767226
474,437,STARD7,MYB,0.6773276
474,6,STARD7,BTG2,0.66849935
474,536,STARD7,SPI1,0.66701454
474,449,STARD7,TIE1,0.66557777
474,253,STARD7,GRINA,0.6628925
474,289,STARD7,GT(ROSA)26SOR,0.6624757
79,475,STAT2,BCL2,0.9741347
79,29,STAT2,IKZF1,0.9684806
79,485,STAT2,ABL1,0.96461564
79,292,STAT2,HDAC7,0.9644144
79,283,STAT2,EGR1,0.95362675
79,466,STAT2,ABCG2,0.9483937
79,196,STAT2,RARS,0.94816935
79,263,STAT2,JUN,0.9468514
79,206,STAT2,ZDHHC6,0.9413893
79,6,STAT2,BTG2,0.94073457
79,64,STAT2,IRF9,0.9402457
79,289,STAT2,GT(ROSA)26SOR,0.9395582
79,253,STAT2,GRINA,0.9395219
79,536,STAT2,SPI1,0.9389487
79,162,STAT2,FES,0.9368704
79,278,STAT2,NCF1,0.9368704
79,515,STAT2,IGHM,0.9368704
79,353,STAT2,CBFB,0.9364683
79,209,STAT2,ZBTB16,0.9359001
79,175,STAT2,TLE2,0.9356247
79,194,STAT2,GOLPH3,0.9356247
79,441,STAT2,EBF1,0.9356247
79,546,STAT2,PROCR,0.9356247
79,146,STAT2,SCARF1,0.9355779
79,622,STAT2,KRT18,0.9355779
79,161,STAT2,JARID2,0.9352865
79,293,STAT2,IRF7,0.93517137
79,420,STAT2,FDFT1,0.93487823
79,69,STAT2,NAP1L3,0.9338175
79,52,STAT2,FCGR2B,0.9335864
79,213,STAT2,TCP11L2,0.9335864
79,304,STAT2,HLF,0.9335864
79,270,STAT2,VDR,0.9330922
79,73,STAT2,RORC,0.9309367
79,27,STAT2,IRF8,0.9308052
79,613,STAT2,PGLYRP2,0.9305633
79,631,STAT2,ZFP36,0.92956865
79,517,STAT2,H1F0,0.9295586
79,251,STAT2,IRF6,0.92942816
79,208,STAT2,CISH,0.92859757
79,590,STAT2,IL12A,0.9283046
79,177,STAT2,RELB,0.92695314
79,580,STAT2,MLLT3,0.926944
79,224,STAT2,MAPK12,0.92629594
79,436,STAT2,RARB,0.92620766
79,557,STAT2,SATB1,0.92370963
79,232,STAT2,ICAM1,0.9226163
79,276,STAT2,REL,0.9221646
79,219,STAT2,TLR4,0.91954297
79,50,STAT2,NFAT5,0.91895556
186,621,STT3B,SNRPB,0.9282532
186,353,STT3B,CBFB,0.895597
186,475,STT3B,BCL2,0.8942831
186,587,STT3B,NCAPD2,0.8941586
186,413,STT3B,RASSF4,0.89397424
186,67,STT3B,HDAC2,0.8850062
186,589,STT3B,YBX1,0.8819421
186,209,STT3B,ZBTB16,0.8709878
186,165,STT3B,GTF2H1,0.8593966
186,485,STT3B,ABL1,0.8572532
186,292,STT3B,HDAC7,0.8490846
186,206,STT3B,ZDHHC6,0.82137835
186,161,STT3B,JARID2,0.81536126
186,29,STT3B,IKZF1,0.8147214
186,261,STT3B,EZR,0.79889566
186,367,STT3B,HCFC1,0.7698142
186,437,STT3B,MYB,0.76757336
186,283,STT3B,EGR1,0.765534
186,508,STT3B,NDRG1,0.7646372
186,439,STT3B,DDX20,0.7637642
186,48,STT3B,ELANE,0.7628878
186,631,STT3B,ZFP36,0.7616878
186,486,STT3B,NFKBIA,0.7551303
186,208,STT3B,CISH,0.7360838
186,177,STT3B,RELB,0.7341377
186,351,STT3B,ERCC8,0.7282291
186,331,STT3B,PIM2,0.7212916
186,196,STT3B,RARS,0.71889025
186,363,STT3B,MYC,0.7176446
186,410,STT3B,SMARCA2,0.7174124
186,482,STT3B,NFATC2,0.71484596
186,422,STT3B,SESN1,0.7136104
186,466,STT3B,ABCG2,0.71360517
186,180,STT3B,TRIM35,0.7070132
186,436,STT3B,RARB,0.7036986
186,315,STT3B,CTSL,0.70188516
186,175,STT3B,TLE2,0.7002005
186,79,STT3B,STAT2,0.69939923
186,357,STT3B,MEIS1,0.6965902
186,81,STT3B,HDAC11,0.6961269
186,557,STT3B,SATB1,0.69231915
186,82,STT3B,RB1,0.69159496
186,494,STT3B,USP11,0.68984526
186,232,STT3B,ICAM1,0.68858284
186,34,STT3B,MAML3,0.68767226
186,263,STT3B,JUN,0.6831191
186,289,STT3B,GT(ROSA)26SOR,0.67576504
186,6,STT3B,BTG2,0.66849935
186,536,STT3B,SPI1,0.6682697
186,564,STT3B,MFNG,0.66813326
144,621,STXBP4,SNRPB,0.9282103
144,353,STXBP4,CBFB,0.895775
144,475,STXBP4,BCL2,0.8942831
144,587,STXBP4,NCAPD2,0.8941586
144,67,STXBP4,HDAC2,0.8851019
144,589,STXBP4,YBX1,0.8819421
144,209,STXBP4,ZBTB16,0.8709828
144,165,STXBP4,GTF2H1,0.86375195
144,485,STXBP4,ABL1,0.8572532
144,292,STXBP4,HDAC7,0.85030335
144,206,STXBP4,ZDHHC6,0.82202345
144,508,STXBP4,NDRG1,0.82139933
144,161,STXBP4,JARID2,0.81536126
144,29,STXBP4,IKZF1,0.8147214
144,413,STXBP4,RASSF4,0.8105941
144,261,STXBP4,EZR,0.79889566
144,208,STXBP4,CISH,0.77123505
144,367,STXBP4,HCFC1,0.7698142
144,283,STXBP4,EGR1,0.7656194
144,439,STXBP4,DDX20,0.7641273
144,631,STXBP4,ZFP36,0.7616878
144,486,STXBP4,NFKBIA,0.7551303
144,351,STXBP4,ERCC8,0.75034046
144,564,STXBP4,MFNG,0.74007237
144,48,STXBP4,ELANE,0.7345329
144,331,STXBP4,PIM2,0.7212916
144,196,STXBP4,RARS,0.71889025
144,363,STXBP4,MYC,0.7176446
144,410,STXBP4,SMARCA2,0.7174124
144,482,STXBP4,NFATC2,0.71484596
144,422,STXBP4,SESN1,0.7136104
144,466,STXBP4,ABCG2,0.71360517
144,180,STXBP4,TRIM35,0.7070132
144,436,STXBP4,RARB,0.7036986
144,263,STXBP4,JUN,0.70247537
144,315,STXBP4,CTSL,0.70188516
144,69,STXBP4,NAP1L3,0.7002005
144,557,STXBP4,SATB1,0.69945145
144,81,STXBP4,HDAC11,0.6961269
144,357,STXBP4,MEIS1,0.6954784
144,82,STXBP4,RB1,0.69159496
144,494,STXBP4,USP11,0.6908896
144,232,STXBP4,ICAM1,0.68858284
144,34,STXBP4,MAML3,0.68767226
144,437,STXBP4,MYB,0.6773276
144,6,STXBP4,BTG2,0.66849935
144,449,STXBP4,TIE1,0.66557777
144,253,STXBP4,GRINA,0.6624757
144,289,STXBP4,GT(ROSA)26SOR,0.6624757
144,613,STXBP4,PGLYRP2,0.6624757
136,621,TACC3,SNRPB,0.9282103
136,353,TACC3,CBFB,0.895775
136,475,TACC3,BCL2,0.8942831
136,413,TACC3,RASSF4,0.8941586
136,587,TACC3,NCAPD2,0.8941586
136,589,TACC3,YBX1,0.89020103
136,67,TACC3,HDAC2,0.8850062
136,209,TACC3,ZBTB16,0.8709828
136,165,TACC3,GTF2H1,0.8593966
136,485,TACC3,ABL1,0.8572532
136,292,TACC3,HDAC7,0.8490846
136,206,TACC3,ZDHHC6,0.8222312
136,508,TACC3,NDRG1,0.82139933
136,161,TACC3,JARID2,0.81536126
136,29,TACC3,IKZF1,0.8147214
136,261,TACC3,EZR,0.7989845
136,367,TACC3,HCFC1,0.7698142
136,437,TACC3,MYB,0.76757336
136,439,TACC3,DDX20,0.7637642
136,48,TACC3,ELANE,0.7628878
136,631,TACC3,ZFP36,0.7616878
136,486,TACC3,NFKBIA,0.7551303
136,351,TACC3,ERCC8,0.7502097
136,278,TACC3,NCF1,0.7418043
136,564,TACC3,MFNG,0.74007237
136,208,TACC3,CISH,0.7360838
136,177,TACC3,RELB,0.73413795
136,331,TACC3,PIM2,0.7209529
136,196,TACC3,RARS,0.71889025
136,363,TACC3,MYC,0.7176446
136,410,TACC3,SMARCA2,0.7174124
136,482,TACC3,NFATC2,0.71484596
136,466,TACC3,ABCG2,0.71360517
136,263,TACC3,JUN,0.71321404
136,422,TACC3,SESN1,0.7091776
136,180,TACC3,TRIM35,0.7070132
136,436,TACC3,RARB,0.7036986
136,315,TACC3,CTSL,0.70188516
136,357,TACC3,MEIS1,0.6965902
136,81,TACC3,HDAC11,0.6961269
136,557,TACC3,SATB1,0.69231915
136,494,TACC3,USP11,0.6917651
136,82,TACC3,RB1,0.69159496
136,232,TACC3,ICAM1,0.68858284
136,34,TACC3,MAML3,0.68767226
136,6,TACC3,BTG2,0.68100077
136,536,TACC3,SPI1,0.66701454
136,449,TACC3,TIE1,0.665734
136,253,TACC3,GRINA,0.6635727
136,289,TACC3,GT(ROSA)26SOR,0.6624757
364,353,TAF12,CBFB,0.98343027
364,621,TAF12,SNRPB,0.98195523
364,587,TAF12,NCAPD2,0.97939545
364,413,TAF12,RASSF4,0.9793858
364,67,TAF12,HDAC2,0.97721684
364,589,TAF12,YBX1,0.97530603
364,439,TAF12,DDX20,0.9619233
364,367,TAF12,HCFC1,0.95932287
364,165,TAF12,GTF2H1,0.95930314
364,363,TAF12,MYC,0.95921165
364,261,TAF12,EZR,0.9591372
364,508,TAF12,NDRG1,0.95242995
364,226,TAF12,POLR2B,0.9437563
364,482,TAF12,NFATC2,0.94260526
364,351,TAF12,ERCC8,0.9392765
364,375,TAF12,SRSF1,0.9344675
364,475,TAF12,BCL2,0.9321899
364,82,TAF12,RB1,0.9309752
364,33,TAF12,CSTF2,0.924506
364,209,TAF12,ZBTB16,0.92054045
364,199,TAF12,E2F4,0.9193774
364,28,TAF12,NFE2,0.9169169
364,486,TAF12,NFKBIA,0.9163232
364,117,TAF12,TFG,0.91072094
364,372,TAF12,BACE1,0.91072094
364,3,TAF12,POLR1B,0.9098388
364,485,TAF12,ABL1,0.9090128
364,206,TAF12,ZDHHC6,0.908765
364,564,TAF12,MFNG,0.90849847
364,575,TAF12,GTF2F1,0.90752614
364,161,TAF12,JARID2,0.90672636
364,86,TAF12,RANGAP1,0.8969094
364,631,TAF12,ZFP36,0.8964913
364,292,TAF12,HDAC7,0.893199
364,437,TAF12,MYB,0.8929419
364,134,TAF12,PA2G4,0.89287835
364,315,TAF12,CTSL,0.88687354
364,345,TAF12,UHRF1,0.885942
364,29,TAF12,IKZF1,0.88031226
364,274,TAF12,NOP2,0.8784246
364,404,TAF12,FTSJ3,0.87841743
364,331,TAF12,PIM2,0.8764546
364,422,TAF12,SESN1,0.87524784
364,426,TAF12,PRPF4,0.8684266
364,410,TAF12,SMARCA2,0.8598054
364,376,TAF12,ATF7,0.8453267
364,220,TAF12,TMEM43,0.8450429
364,154,TAF12,HDGF,0.8444249
364,166,TAF12,PSAT1,0.8444249
364,197,TAF12,WDR4,0.8444249
300,353,TARS,CBFB,0.98343027
300,621,TARS,SNRPB,0.98195523
300,413,TARS,RASSF4,0.97938716
300,67,TARS,HDAC2,0.9772478
300,589,TARS,YBX1,0.97530603
300,363,TARS,MYC,0.96880406
300,439,TARS,DDX20,0.961992
300,261,TARS,EZR,0.96131647
300,508,TARS,NDRG1,0.96041936
300,367,TARS,HCFC1,0.95932287
300,165,TARS,GTF2H1,0.95930314
300,226,TARS,POLR2B,0.9437563
300,482,TARS,NFATC2,0.94260526
300,351,TARS,ERCC8,0.9392626
300,587,TARS,NCAPD2,0.93611467
300,28,TARS,NFE2,0.93422043
300,475,TARS,BCL2,0.9321899
300,82,TARS,RB1,0.9309673
300,292,TARS,HDAC7,0.91963613
300,199,TARS,E2F4,0.91934425
300,209,TARS,ZBTB16,0.91640556
300,486,TARS,NFKBIA,0.9163232
300,33,TARS,CSTF2,0.9156093
300,206,TARS,ZDHHC6,0.9127916
300,375,TARS,SRSF1,0.9123041
300,117,TARS,TFG,0.91072094
300,372,TARS,BACE1,0.91072094
300,485,TARS,ABL1,0.9106574
300,3,TARS,POLR1B,0.9098388
300,564,TARS,MFNG,0.90849847
300,575,TARS,GTF2F1,0.90696
300,161,TARS,JARID2,0.90672636
300,631,TARS,ZFP36,0.8977127
300,86,TARS,RANGAP1,0.8969094
300,437,TARS,MYB,0.8929419
300,134,TARS,PA2G4,0.89287835
300,315,TARS,CTSL,0.88687354
300,345,TARS,UHRF1,0.885942
300,274,TARS,NOP2,0.87841743
300,404,TARS,FTSJ3,0.87841743
300,331,TARS,PIM2,0.8764954
300,422,TARS,SESN1,0.87524784
300,426,TARS,PRPF4,0.8684266
300,29,TARS,IKZF1,0.85504794
300,562,TARS,NFIA,0.8445486
300,220,TARS,TMEM43,0.84443086
300,154,TARS,HDGF,0.8444249
300,166,TARS,PSAT1,0.8444249
300,197,TARS,WDR4,0.8444249
300,212,TARS,FLT3,0.8444249
524,621,TBC1D10C,SNRPB,0.9282103
524,353,TBC1D10C,CBFB,0.895775
524,413,TBC1D10C,RASSF4,0.89422727
524,475,TBC1D10C,BCL2,0.8923615
524,589,TBC1D10C,YBX1,0.8819421
524,209,TBC1D10C,ZBTB16,0.8709828
524,165,TBC1D10C,GTF2H1,0.8583298
524,485,TBC1D10C,ABL1,0.8572532
524,67,TBC1D10C,HDAC2,0.8526235
524,292,TBC1D10C,HDAC7,0.8490846
524,206,TBC1D10C,ZDHHC6,0.8214982
524,508,TBC1D10C,NDRG1,0.82139933
524,161,TBC1D10C,JARID2,0.81581056
524,29,TBC1D10C,IKZF1,0.8147214
524,261,TBC1D10C,EZR,0.79889566
524,587,TBC1D10C,NCAPD2,0.7828624
524,48,TBC1D10C,ELANE,0.7796381
524,367,TBC1D10C,HCFC1,0.7698142
524,437,TBC1D10C,MYB,0.76757336
524,283,TBC1D10C,EGR1,0.7656194
524,439,TBC1D10C,DDX20,0.7637642
524,631,TBC1D10C,ZFP36,0.7616878
524,486,TBC1D10C,NFKBIA,0.7551303
524,351,TBC1D10C,ERCC8,0.7502097
524,564,TBC1D10C,MFNG,0.74007237
524,208,TBC1D10C,CISH,0.7360838
524,177,TBC1D10C,RELB,0.7356332
524,331,TBC1D10C,PIM2,0.7212916
524,196,TBC1D10C,RARS,0.71889025
524,363,TBC1D10C,MYC,0.7176446
524,410,TBC1D10C,SMARCA2,0.7175039
524,482,TBC1D10C,NFATC2,0.71484596
524,422,TBC1D10C,SESN1,0.7136104
524,466,TBC1D10C,ABCG2,0.71360517
524,180,TBC1D10C,TRIM35,0.706945
524,436,TBC1D10C,RARB,0.7036986
524,263,TBC1D10C,JUN,0.70247537
524,315,TBC1D10C,CTSL,0.70188516
524,357,TBC1D10C,MEIS1,0.6965902
524,81,TBC1D10C,HDAC11,0.6961269
524,494,TBC1D10C,USP11,0.6917651
524,557,TBC1D10C,SATB1,0.69159824
524,82,TBC1D10C,RB1,0.69159496
524,232,TBC1D10C,ICAM1,0.68858284
524,34,TBC1D10C,MAML3,0.68767226
524,6,TBC1D10C,BTG2,0.66849935
524,536,TBC1D10C,SPI1,0.66701454
524,449,TBC1D10C,TIE1,0.66557777
524,253,TBC1D10C,GRINA,0.6624757
524,289,TBC1D10C,GT(ROSA)26SOR,0.6624757
88,621,TBC1D5,SNRPB,0.92825323
88,353,TBC1D5,CBFB,0.89578706
88,475,TBC1D5,BCL2,0.8942896
88,413,TBC1D5,RASSF4,0.89414585
88,587,TBC1D5,NCAPD2,0.89414585
88,67,TBC1D5,HDAC2,0.8849914
88,589,TBC1D5,YBX1,0.88194215
88,209,TBC1D5,ZBTB16,0.87099206
88,165,TBC1D5,GTF2H1,0.85931385
88,485,TBC1D5,ABL1,0.8583722
88,292,TBC1D5,HDAC7,0.84909445
88,206,TBC1D5,ZDHHC6,0.8222335
88,508,TBC1D5,NDRG1,0.8216148
88,161,TBC1D5,JARID2,0.8151281
88,29,TBC1D5,IKZF1,0.81472594
88,261,TBC1D5,EZR,0.7986872
88,367,TBC1D5,HCFC1,0.76980716
88,437,TBC1D5,MYB,0.7675753
88,283,TBC1D5,EGR1,0.7656151
88,439,TBC1D5,DDX20,0.7637575
88,48,TBC1D5,ELANE,0.76289165
88,631,TBC1D5,ZFP36,0.7616673
88,486,TBC1D5,NFKBIA,0.7551027
88,351,TBC1D5,ERCC8,0.75020194
88,564,TBC1D5,MFNG,0.7400648
88,208,TBC1D5,CISH,0.73608285
88,177,TBC1D5,RELB,0.7341133
88,196,TBC1D5,RARS,0.7188953
88,363,TBC1D5,MYC,0.71764934
88,410,TBC1D5,SMARCA2,0.71739393
88,482,TBC1D5,NFATC2,0.71483487
88,466,TBC1D5,ABCG2,0.7136046
88,422,TBC1D5,SESN1,0.7135913
88,180,TBC1D5,TRIM35,0.70702225
88,436,TBC1D5,RARB,0.70371103
88,331,TBC1D5,PIM2,0.7026594
88,263,TBC1D5,JUN,0.7024815
88,315,TBC1D5,CTSL,0.7018638
88,357,TBC1D5,MEIS1,0.69659805
88,81,TBC1D5,HDAC11,0.6961112
88,557,TBC1D5,SATB1,0.6940923
88,82,TBC1D5,RB1,0.6918104
88,494,TBC1D5,USP11,0.69174993
88,232,TBC1D5,ICAM1,0.68859583
88,34,TBC1D5,MAML3,0.6876664
88,6,TBC1D5,BTG2,0.66851896
88,536,TBC1D5,SPI1,0.6670296
88,449,TBC1D5,TIE1,0.66558814
88,289,TBC1D5,GT(ROSA)26SOR,0.66248804
88,613,TBC1D5,PGLYRP2,0.66248804
44,621,TBC1D9B,SNRPB,0.9282103
44,353,TBC1D9B,CBFB,0.895775
44,475,TBC1D9B,BCL2,0.8942831
44,413,TBC1D9B,RASSF4,0.89422727
44,587,TBC1D9B,NCAPD2,0.8941586
44,67,TBC1D9B,HDAC2,0.8850062
44,589,TBC1D9B,YBX1,0.8819421
44,209,TBC1D9B,ZBTB16,0.87026846
44,165,TBC1D9B,GTF2H1,0.8591334
44,485,TBC1D9B,ABL1,0.8572532
44,292,TBC1D9B,HDAC7,0.8490846
44,206,TBC1D9B,ZDHHC6,0.8222312
44,508,TBC1D9B,NDRG1,0.82139933
44,161,TBC1D9B,JARID2,0.81536126
44,29,TBC1D9B,IKZF1,0.8147214
44,261,TBC1D9B,EZR,0.79889566
44,367,TBC1D9B,HCFC1,0.7698142
44,437,TBC1D9B,MYB,0.76757336
44,283,TBC1D9B,EGR1,0.7656194
44,439,TBC1D9B,DDX20,0.7637642
44,48,TBC1D9B,ELANE,0.7628878
44,631,TBC1D9B,ZFP36,0.7616878
44,486,TBC1D9B,NFKBIA,0.7551303
44,564,TBC1D9B,MFNG,0.74007237
44,351,TBC1D9B,ERCC8,0.7395168
44,208,TBC1D9B,CISH,0.7360838
44,177,TBC1D9B,RELB,0.73413795
44,331,TBC1D9B,PIM2,0.7212916
44,196,TBC1D9B,RARS,0.71886915
44,363,TBC1D9B,MYC,0.7176446
44,410,TBC1D9B,SMARCA2,0.7174124
44,482,TBC1D9B,NFATC2,0.71491355
44,422,TBC1D9B,SESN1,0.713625
44,466,TBC1D9B,ABCG2,0.71360517
44,180,TBC1D9B,TRIM35,0.7070132
44,436,TBC1D9B,RARB,0.7036986
44,263,TBC1D9B,JUN,0.7024638
44,315,TBC1D9B,CTSL,0.70188516
44,357,TBC1D9B,MEIS1,0.6965902
44,81,TBC1D9B,HDAC11,0.6961269
44,557,TBC1D9B,SATB1,0.69232327
44,494,TBC1D9B,USP11,0.6917651
44,232,TBC1D9B,ICAM1,0.68858284
44,82,TBC1D9B,RB1,0.68821174
44,34,TBC1D9B,MAML3,0.68767226
44,6,TBC1D9B,BTG2,0.66849935
44,536,TBC1D9B,SPI1,0.66701454
44,449,TBC1D9B,TIE1,0.66557777
44,613,TBC1D9B,PGLYRP2,0.66255665
44,253,TBC1D9B,GRINA,0.6624757
275,621,TBL3,SNRPB,0.9282103
275,353,TBL3,CBFB,0.895775
275,475,TBL3,BCL2,0.8945864
275,413,TBL3,RASSF4,0.8941586
275,587,TBL3,NCAPD2,0.8941586
275,67,TBL3,HDAC2,0.8850062
275,589,TBL3,YBX1,0.8819421
275,165,TBL3,GTF2H1,0.8593966
275,485,TBL3,ABL1,0.8572532
275,292,TBL3,HDAC7,0.8490846
275,206,TBL3,ZDHHC6,0.82271487
275,508,TBL3,NDRG1,0.82139933
275,161,TBL3,JARID2,0.81536126
275,29,TBL3,IKZF1,0.8147214
275,209,TBL3,ZBTB16,0.811452
275,261,TBL3,EZR,0.79889566
275,367,TBL3,HCFC1,0.7698142
275,437,TBL3,MYB,0.76757336
275,283,TBL3,EGR1,0.76709926
275,439,TBL3,DDX20,0.7637642
275,631,TBL3,ZFP36,0.7616878
275,486,TBL3,NFKBIA,0.7551303
275,351,TBL3,ERCC8,0.75042284
275,564,TBL3,MFNG,0.74007237
275,208,TBL3,CISH,0.7360838
275,177,TBL3,RELB,0.73413795
275,363,TBL3,MYC,0.73276114
275,331,TBL3,PIM2,0.7212916
275,196,TBL3,RARS,0.71889025
275,410,TBL3,SMARCA2,0.7174124
275,482,TBL3,NFATC2,0.71484596
275,422,TBL3,SESN1,0.7136104
275,466,TBL3,ABCG2,0.71360517
275,180,TBL3,TRIM35,0.7070132
275,436,TBL3,RARB,0.7036986
275,263,TBL3,JUN,0.70247537
275,315,TBL3,CTSL,0.70188516
275,48,TBL3,ELANE,0.69790465
275,357,TBL3,MEIS1,0.6966681
275,81,TBL3,HDAC11,0.6961269
275,557,TBL3,SATB1,0.69231915
275,494,TBL3,USP11,0.6917651
275,82,TBL3,RB1,0.69159496
275,232,TBL3,ICAM1,0.68858284
275,34,TBL3,MAML3,0.68767226
275,57,TBL3,OASL2,0.6827772
275,622,TBL3,KRT18,0.6748085
275,278,TBL3,NCF1,0.67269295
275,6,TBL3,BTG2,0.66849935
275,536,TBL3,SPI1,0.66701454
615,621,TBXAS1,SNRPB,0.9282103
615,353,TBXAS1,CBFB,0.895775
615,475,TBXAS1,BCL2,0.8942831
615,413,TBXAS1,RASSF4,0.8941586
615,587,TBXAS1,NCAPD2,0.8941586
615,67,TBXAS1,HDAC2,0.8850062
615,209,TBXAS1,ZBTB16,0.8709828
615,589,TBXAS1,YBX1,0.86453784
615,165,TBXAS1,GTF2H1,0.8587458
615,485,TBXAS1,ABL1,0.8572532
615,206,TBXAS1,ZDHHC6,0.8222312
615,508,TBXAS1,NDRG1,0.82139933
615,161,TBXAS1,JARID2,0.81536126
615,29,TBXAS1,IKZF1,0.8147214
615,261,TBXAS1,EZR,0.79974145
615,292,TBXAS1,HDAC7,0.7930609
615,439,TBXAS1,DDX20,0.7856251
615,283,TBXAS1,EGR1,0.76559925
615,48,TBXAS1,ELANE,0.7628878
615,367,TBXAS1,HCFC1,0.762447
615,631,TBXAS1,ZFP36,0.7616878
615,486,TBXAS1,NFKBIA,0.7551303
615,351,TBXAS1,ERCC8,0.7502097
615,437,TBXAS1,MYB,0.7487573
615,564,TBXAS1,MFNG,0.74007237
615,208,TBXAS1,CISH,0.7360838
615,177,TBXAS1,RELB,0.73413795
615,331,TBXAS1,PIM2,0.7214879
615,196,TBXAS1,RARS,0.71971035
615,363,TBXAS1,MYC,0.7176446
615,410,TBXAS1,SMARCA2,0.7174124
615,482,TBXAS1,NFATC2,0.71484596
615,422,TBXAS1,SESN1,0.7136104
615,466,TBXAS1,ABCG2,0.71360517
615,180,TBXAS1,TRIM35,0.706723
615,436,TBXAS1,RARB,0.7036986
615,315,TBXAS1,CTSL,0.70188516
615,357,TBXAS1,MEIS1,0.6965902
615,82,TBXAS1,RB1,0.69650495
615,394,TBXAS1,MAPK1,0.69363475
615,557,TBXAS1,SATB1,0.69231915
615,494,TBXAS1,USP11,0.6917651
615,232,TBXAS1,ICAM1,0.68858284
615,34,TBXAS1,MAML3,0.68767226
615,81,TBXAS1,HDAC11,0.6813529
615,6,TBXAS1,BTG2,0.66849935
615,536,TBXAS1,SPI1,0.6670854
615,449,TBXAS1,TIE1,0.66557777
615,253,TBXAS1,GRINA,0.6624757
615,289,TBXAS1,GT(ROSA)26SOR,0.6624757
305,621,TCF19,SNRPB,0.92524725
305,475,TCF19,BCL2,0.902372
305,353,TCF19,CBFB,0.8993948
305,587,TCF19,NCAPD2,0.8823599
305,209,TCF19,ZBTB16,0.88061035
305,589,TCF19,YBX1,0.8719268
305,485,TCF19,ABL1,0.86770594
305,292,TCF19,HDAC7,0.860336
305,413,TCF19,RASSF4,0.8500412
305,165,TCF19,GTF2H1,0.84522015
305,206,TCF19,ZDHHC6,0.8318389
305,161,TCF19,JARID2,0.826674
305,67,TCF19,HDAC2,0.82129735
305,29,TCF19,IKZF1,0.81474245
305,508,TCF19,NDRG1,0.80895317
305,283,TCF19,EGR1,0.77353704
305,261,TCF19,EZR,0.7713609
305,48,TCF19,ELANE,0.7627419
305,437,TCF19,MYB,0.75803995
305,367,TCF19,HCFC1,0.74824595
305,208,TCF19,CISH,0.747997
305,439,TCF19,DDX20,0.7429551
305,631,TCF19,ZFP36,0.7410334
305,564,TCF19,MFNG,0.73994666
305,177,TCF19,RELB,0.7382418
305,486,TCF19,NFKBIA,0.7367388
305,351,TCF19,ERCC8,0.72738266
305,196,TCF19,RARS,0.7214817
305,331,TCF19,PIM2,0.719903
305,180,TCF19,TRIM35,0.7191661
305,410,TCF19,SMARCA2,0.71744436
305,263,TCF19,JUN,0.71648866
305,436,TCF19,RARB,0.7154244
305,466,TCF19,ABCG2,0.7146389
305,422,TCF19,SESN1,0.7120173
305,232,TCF19,ICAM1,0.707571
305,557,TCF19,SATB1,0.70555025
305,482,TCF19,NFATC2,0.7051802
305,363,TCF19,MYC,0.70259666
305,81,TCF19,HDAC11,0.6976419
305,357,TCF19,MEIS1,0.69689876
305,157,TCF19,PLAG1,0.6944517
305,536,TCF19,SPI1,0.69240993
305,315,TCF19,CTSL,0.68866765
305,34,TCF19,MAML3,0.6878007
305,441,TCF19,EBF1,0.681289
305,622,TCF19,KRT18,0.6785178
305,289,TCF19,GT(ROSA)26SOR,0.67820257
305,494,TCF19,USP11,0.67811865
305,69,TCF19,NAP1L3,0.6751506
623,621,TCIRG1,SNRPB,0.9282103
623,353,TCIRG1,CBFB,0.89558196
623,475,TCIRG1,BCL2,0.8942831
623,413,TCIRG1,RASSF4,0.8941586
623,587,TCIRG1,NCAPD2,0.8941586
623,67,TCIRG1,HDAC2,0.8850062
623,589,TCIRG1,YBX1,0.8819421
623,209,TCIRG1,ZBTB16,0.87076676
623,165,TCIRG1,GTF2H1,0.8593966
623,292,TCIRG1,HDAC7,0.8490846
623,206,TCIRG1,ZDHHC6,0.8222312
623,508,TCIRG1,NDRG1,0.82139933
623,161,TCIRG1,JARID2,0.81536126
623,29,TCIRG1,IKZF1,0.8147214
623,261,TCIRG1,EZR,0.79889566
623,367,TCIRG1,HCFC1,0.7906443
623,437,TCIRG1,MYB,0.76768965
623,283,TCIRG1,EGR1,0.76559925
623,439,TCIRG1,DDX20,0.7637642
623,48,TCIRG1,ELANE,0.7628878
623,631,TCIRG1,ZFP36,0.7613824
623,486,TCIRG1,NFKBIA,0.7551303
623,485,TCIRG1,ABL1,0.75403035
623,351,TCIRG1,ERCC8,0.7502097
623,564,TCIRG1,MFNG,0.74007237
623,208,TCIRG1,CISH,0.73953485
623,293,TCIRG1,IRF7,0.7352872
623,177,TCIRG1,RELB,0.73460364
623,331,TCIRG1,PIM2,0.7212916
623,196,TCIRG1,RARS,0.71889025
623,363,TCIRG1,MYC,0.7176446
623,410,TCIRG1,SMARCA2,0.7174124
623,482,TCIRG1,NFATC2,0.7153819
623,466,TCIRG1,ABCG2,0.71360517
623,315,TCIRG1,CTSL,0.71267337
623,180,TCIRG1,TRIM35,0.7070132
623,436,TCIRG1,RARB,0.7036986
623,263,TCIRG1,JUN,0.70247537
623,81,TCIRG1,HDAC11,0.6961269
623,557,TCIRG1,SATB1,0.69231915
623,494,TCIRG1,USP11,0.6917651
623,232,TCIRG1,ICAM1,0.68858284
623,34,TCIRG1,MAML3,0.68767226
623,82,TCIRG1,RB1,0.6864362
623,422,TCIRG1,SESN1,0.67973477
623,550,TCIRG1,CREB5,0.6754009
623,79,TCIRG1,STAT2,0.6742183
623,6,TCIRG1,BTG2,0.66849935
623,536,TCIRG1,SPI1,0.66701454
623,449,TCIRG1,TIE1,0.6658671
388,621,TCN2,SNRPB,0.9063259
388,353,TCN2,CBFB,0.895775
388,475,TCN2,BCL2,0.8942831
388,413,TCN2,RASSF4,0.8941586
388,587,TCN2,NCAPD2,0.8941586
388,67,TCN2,HDAC2,0.8850062
388,589,TCN2,YBX1,0.8819421
388,209,TCN2,ZBTB16,0.8709828
388,165,TCN2,GTF2H1,0.85775405
388,292,TCN2,HDAC7,0.8490846
388,29,TCN2,IKZF1,0.8267248
388,206,TCN2,ZDHHC6,0.822438
388,508,TCN2,NDRG1,0.82139933
388,161,TCN2,JARID2,0.81536126
388,261,TCN2,EZR,0.79889566
388,439,TCN2,DDX20,0.7778268
388,351,TCN2,ERCC8,0.77076983
388,367,TCN2,HCFC1,0.7698142
388,437,TCN2,MYB,0.76757336
388,283,TCN2,EGR1,0.7656194
388,48,TCN2,ELANE,0.7628878
388,631,TCN2,ZFP36,0.7616878
388,486,TCN2,NFKBIA,0.7551303
388,564,TCN2,MFNG,0.74007237
388,208,TCN2,CISH,0.7360838
388,177,TCN2,RELB,0.73413795
388,331,TCN2,PIM2,0.7212916
388,196,TCN2,RARS,0.7207562
388,410,TCN2,SMARCA2,0.7174124
388,363,TCN2,MYC,0.7174006
388,482,TCN2,NFATC2,0.71484596
388,180,TCN2,TRIM35,0.7070132
388,436,TCN2,RARB,0.7036986
388,263,TCN2,JUN,0.70247537
388,357,TCN2,MEIS1,0.6965902
388,81,TCN2,HDAC11,0.6961269
388,224,TCN2,MAPK12,0.69281113
388,557,TCN2,SATB1,0.69231915
388,494,TCN2,USP11,0.6917651
388,82,TCN2,RB1,0.69159496
388,232,TCN2,ICAM1,0.68858284
388,34,TCN2,MAML3,0.68767226
388,485,TCN2,ABL1,0.68247557
388,536,TCN2,SPI1,0.67498404
388,6,TCN2,BTG2,0.66849935
388,449,TCN2,TIE1,0.66557777
388,289,TCN2,GT(ROSA)26SOR,0.6624757
388,613,TCN2,PGLYRP2,0.6624757
388,466,TCN2,ABCG2,0.6618482
388,69,TCN2,NAP1L3,0.6570883
213,29,TCP11L2,IKZF1,0.9678394
213,292,TCP11L2,HDAC7,0.9666532
213,353,TCP11L2,CBFB,0.9611685
213,161,TCP11L2,JARID2,0.9579952
213,196,TCP11L2,RARS,0.9570255
213,283,TCP11L2,EGR1,0.95682716
213,475,TCP11L2,BCL2,0.9544884
213,263,TCP11L2,JUN,0.952991
213,466,TCP11L2,ABCG2,0.9526978
213,631,TCP11L2,ZFP36,0.9523526
213,413,TCP11L2,RASSF4,0.94911546
213,587,TCP11L2,NCAPD2,0.94911546
213,209,TCP11L2,ZBTB16,0.94873184
213,206,TCP11L2,ZDHHC6,0.9464729
213,67,TCP11L2,HDAC2,0.9432659
213,177,TCP11L2,RELB,0.94089884
213,79,TCP11L2,STAT2,0.9401047
213,6,TCP11L2,BTG2,0.9391954
213,208,TCP11L2,CISH,0.9389696
213,436,TCP11L2,RARB,0.9380107
213,621,TCP11L2,SNRPB,0.9377342
213,485,TCP11L2,ABL1,0.9376804
213,232,TCP11L2,ICAM1,0.93474257
213,557,TCP11L2,SATB1,0.9340661
213,536,TCP11L2,SPI1,0.9311587
213,162,TCP11L2,FES,0.93106306
213,219,TCP11L2,TLR4,0.93106306
213,278,TCP11L2,NCF1,0.93106306
213,515,TCP11L2,IGHM,0.93106306
213,253,TCP11L2,GRINA,0.92995375
213,289,TCP11L2,GT(ROSA)26SOR,0.92995375
213,613,TCP11L2,PGLYRP2,0.92995375
213,69,TCP11L2,NAP1L3,0.9279216
213,146,TCP11L2,SCARF1,0.9279216
213,175,TCP11L2,TLE2,0.9279216
213,194,TCP11L2,GOLPH3,0.9279216
213,441,TCP11L2,EBF1,0.9279216
213,622,TCP11L2,KRT18,0.9279216
213,304,TCP11L2,HLF,0.92786187
213,64,TCP11L2,IRF9,0.92555046
213,52,TCP11L2,FCGR2B,0.92245364
213,357,TCP11L2,MEIS1,0.9221407
213,224,TCP11L2,MAPK12,0.92114484
213,546,TCP11L2,PROCR,0.92101324
213,270,TCP11L2,VDR,0.9208819
213,538,TCP11L2,TRP53I11,0.92086107
213,420,TCP11L2,FDFT1,0.91942316
213,517,TCP11L2,H1F0,0.91728246
213,394,TCP11L2,MAPK1,0.91724485
213,27,TCP11L2,IRF8,0.9171283
1,475,TEAD2,BCL2,0.95020324
1,621,TEAD2,SNRPB,0.9278943
1,413,TEAD2,RASSF4,0.8941586
1,587,TEAD2,NCAPD2,0.8941586
1,67,TEAD2,HDAC2,0.8850062
1,209,TEAD2,ZBTB16,0.8709828
1,165,TEAD2,GTF2H1,0.8593966
1,485,TEAD2,ABL1,0.8572532
1,206,TEAD2,ZDHHC6,0.850006
1,292,TEAD2,HDAC7,0.8490846
1,353,TEAD2,CBFB,0.8270503
1,508,TEAD2,NDRG1,0.82139933
1,29,TEAD2,IKZF1,0.8147214
1,161,TEAD2,JARID2,0.8145594
1,261,TEAD2,EZR,0.79889566
1,589,TEAD2,YBX1,0.79021484
1,437,TEAD2,MYB,0.779819
1,367,TEAD2,HCFC1,0.7695757
1,283,TEAD2,EGR1,0.7656194
1,439,TEAD2,DDX20,0.7637642
1,48,TEAD2,ELANE,0.7628878
1,631,TEAD2,ZFP36,0.7616878
1,486,TEAD2,NFKBIA,0.7551303
1,564,TEAD2,MFNG,0.74007237
1,351,TEAD2,ERCC8,0.7395168
1,208,TEAD2,CISH,0.73642415
1,177,TEAD2,RELB,0.73413795
1,331,TEAD2,PIM2,0.7212916
1,196,TEAD2,RARS,0.71889025
1,363,TEAD2,MYC,0.7186856
1,410,TEAD2,SMARCA2,0.7174124
1,466,TEAD2,ABCG2,0.71544266
1,422,TEAD2,SESN1,0.7136104
1,180,TEAD2,TRIM35,0.7070132
1,482,TEAD2,NFATC2,0.706034
1,263,TEAD2,JUN,0.70247537
1,315,TEAD2,CTSL,0.70188516
1,357,TEAD2,MEIS1,0.6965902
1,81,TEAD2,HDAC11,0.69631773
1,557,TEAD2,SATB1,0.69231915
1,494,TEAD2,USP11,0.6917651
1,82,TEAD2,RB1,0.69159496
1,232,TEAD2,ICAM1,0.68858284
1,34,TEAD2,MAML3,0.68767226
1,219,TEAD2,TLR4,0.67256606
1,6,TEAD2,BTG2,0.67056155
1,536,TEAD2,SPI1,0.66701454
1,449,TEAD2,TIE1,0.66557777
1,253,TEAD2,GRINA,0.6624757
1,289,TEAD2,GT(ROSA)26SOR,0.6624757
520,621,TES,SNRPB,0.9282103
520,353,TES,CBFB,0.895775
520,413,TES,RASSF4,0.89422727
520,475,TES,BCL2,0.8923615
520,589,TES,YBX1,0.8819421
520,209,TES,ZBTB16,0.8709828
520,165,TES,GTF2H1,0.8583298
520,485,TES,ABL1,0.8572532
520,67,TES,HDAC2,0.8526235
520,292,TES,HDAC7,0.8490846
520,206,TES,ZDHHC6,0.8214982
520,508,TES,NDRG1,0.82139933
520,161,TES,JARID2,0.81581056
520,29,TES,IKZF1,0.8147214
520,261,TES,EZR,0.79889566
520,587,TES,NCAPD2,0.7828624
520,48,TES,ELANE,0.7796381
520,367,TES,HCFC1,0.7698142
520,437,TES,MYB,0.76757336
520,283,TES,EGR1,0.7656194
520,439,TES,DDX20,0.7637642
520,631,TES,ZFP36,0.7616878
520,486,TES,NFKBIA,0.7551303
520,351,TES,ERCC8,0.7502097
520,564,TES,MFNG,0.74007237
520,208,TES,CISH,0.7360838
520,177,TES,RELB,0.7356332
520,331,TES,PIM2,0.7212916
520,196,TES,RARS,0.71889025
520,363,TES,MYC,0.7176446
520,410,TES,SMARCA2,0.7175039
520,482,TES,NFATC2,0.71484596
520,422,TES,SESN1,0.7136104
520,466,TES,ABCG2,0.71360517
520,180,TES,TRIM35,0.706945
520,436,TES,RARB,0.7036986
520,263,TES,JUN,0.70247537
520,315,TES,CTSL,0.70188516
520,357,TES,MEIS1,0.6965902
520,81,TES,HDAC11,0.6961269
520,494,TES,USP11,0.6917651
520,557,TES,SATB1,0.69159824
520,82,TES,RB1,0.69159496
520,232,TES,ICAM1,0.68858284
520,34,TES,MAML3,0.68767226
520,6,TES,BTG2,0.66849935
520,536,TES,SPI1,0.66701454
520,449,TES,TIE1,0.66557777
520,253,TES,GRINA,0.6624757
520,289,TES,GT(ROSA)26SOR,0.6624757
526,621,TESPA1,SNRPB,0.89353734
526,413,TESPA1,RASSF4,0.8923771
526,587,TESPA1,NCAPD2,0.8923771
526,589,TESPA1,YBX1,0.8908011
526,353,TESPA1,CBFB,0.88530505
526,67,TESPA1,HDAC2,0.8822632
526,475,TESPA1,BCL2,0.87830377
526,165,TESPA1,GTF2H1,0.86344486
526,209,TESPA1,ZBTB16,0.8520727
526,485,TESPA1,ABL1,0.83983254
526,292,TESPA1,HDAC7,0.82814837
526,261,TESPA1,EZR,0.81681067
526,508,TESPA1,NDRG1,0.81622493
526,367,TESPA1,HCFC1,0.80616695
526,206,TESPA1,ZDHHC6,0.8040632
526,161,TESPA1,JARID2,0.79215497
526,351,TESPA1,ERCC8,0.7905671
526,29,TESPA1,IKZF1,0.78902906
526,439,TESPA1,DDX20,0.7887465
526,437,TESPA1,MYB,0.7796894
526,283,TESPA1,EGR1,0.7504453
526,486,TESPA1,NFKBIA,0.7454917
526,631,TESPA1,ZFP36,0.7453591
526,363,TESPA1,MYC,0.7446828
526,48,TESPA1,ELANE,0.7441885
526,82,TESPA1,RB1,0.73573446
526,564,TESPA1,MFNG,0.729285
526,482,TESPA1,NFATC2,0.727492
526,6,TESPA1,BTG2,0.7198075
526,177,TESPA1,RELB,0.71671027
526,208,TESPA1,CISH,0.70832443
526,196,TESPA1,RARS,0.7056298
526,315,TESPA1,CTSL,0.7025331
526,69,TESPA1,NAP1L3,0.6953799
526,331,TESPA1,PIM2,0.6919186
526,263,TESPA1,JUN,0.6892012
526,422,TESPA1,SESN1,0.68811995
526,466,TESPA1,ABCG2,0.68785286
526,410,TESPA1,SMARCA2,0.6842618
526,34,TESPA1,MAML3,0.68265754
526,81,TESPA1,HDAC11,0.681089
526,357,TESPA1,MEIS1,0.6784931
526,436,TESPA1,RARB,0.6723805
526,180,TESPA1,TRIM35,0.6695659
526,232,TESPA1,ICAM1,0.6646427
526,226,TESPA1,POLR2B,0.6583102
526,104,TESPA1,BTK,0.65634054
526,494,TESPA1,USP11,0.6546111
526,557,TESPA1,SATB1,0.65229356
526,480,TESPA1,WDR5,0.6450613
117,589,TFG,YBX1,0.98581713
117,621,TFG,SNRPB,0.9855745
117,587,TFG,NCAPD2,0.9845211
117,67,TFG,HDAC2,0.9833882
117,367,TFG,HCFC1,0.9811235
117,353,TFG,CBFB,0.9796197
117,439,TFG,DDX20,0.97947377
117,363,TFG,MYC,0.9763531
117,413,TFG,RASSF4,0.9757096
117,165,TFG,GTF2H1,0.97549397
117,226,TFG,POLR2B,0.97516847
117,351,TFG,ERCC8,0.9738922
117,199,TFG,E2F4,0.96934915
117,134,TFG,PA2G4,0.9691626
117,3,TFG,POLR1B,0.9688196
117,508,TFG,NDRG1,0.9649043
117,86,TFG,RANGAP1,0.9645364
117,261,TFG,EZR,0.9645024
117,82,TFG,RB1,0.9640825
117,345,TFG,UHRF1,0.9632289
117,480,TFG,WDR5,0.96130955
117,482,TFG,NFATC2,0.95805216
117,376,TFG,ATF7,0.9553304
117,347,TFG,RNF4,0.95532364
117,154,TFG,HDGF,0.9552936
117,166,TFG,PSAT1,0.9552936
117,197,TFG,WDR4,0.9552936
117,212,TFG,FLT3,0.9552936
117,217,TFG,PRMT7,0.9552936
117,220,TFG,TMEM43,0.9552936
117,389,TFG,FOXRED1,0.9552936
117,562,TFG,NFIA,0.9552936
117,577,TFG,CAD,0.9552936
117,33,TFG,CSTF2,0.9533831
117,437,TFG,MYB,0.947421
117,104,TFG,BTK,0.94017553
117,486,TFG,NFKBIA,0.9365789
117,315,TFG,CTSL,0.9362333
117,209,TFG,ZBTB16,0.93567085
117,274,TFG,NOP2,0.93487716
117,404,TFG,FTSJ3,0.93487716
117,372,TFG,BACE1,0.93163836
117,364,TFG,TAF12,0.93158334
117,139,TFG,PBX1,0.93031514
117,429,TFG,GFI1B,0.9301534
117,164,TFG,VPS16,0.9287704
117,377,TFG,NUPR1,0.9287704
117,464,TFG,ZNRF2,0.9287704
117,472,TFG,HNRNPAB,0.9287704
117,484,TFG,TNFRSF21,0.9287704
112,621,TFR2,SNRPB,0.9282103
112,475,TFR2,BCL2,0.8942831
112,413,TFR2,RASSF4,0.8941586
112,587,TFR2,NCAPD2,0.8941586
112,353,TFR2,CBFB,0.8912212
112,67,TFR2,HDAC2,0.8850062
112,589,TFR2,YBX1,0.8819421
112,165,TFR2,GTF2H1,0.8593966
112,485,TFR2,ABL1,0.8572532
112,292,TFR2,HDAC7,0.8490846
112,209,TFR2,ZBTB16,0.8237477
112,206,TFR2,ZDHHC6,0.82212543
112,508,TFR2,NDRG1,0.82139933
112,161,TFR2,JARID2,0.81536126
112,29,TFR2,IKZF1,0.8147214
112,261,TFR2,EZR,0.79879767
112,486,TFR2,NFKBIA,0.78116095
112,367,TFR2,HCFC1,0.76997364
112,437,TFR2,MYB,0.76757336
112,283,TFR2,EGR1,0.7656194
112,439,TFR2,DDX20,0.7637642
112,48,TFR2,ELANE,0.7628878
112,631,TFR2,ZFP36,0.7615941
112,351,TFR2,ERCC8,0.7502097
112,564,TFR2,MFNG,0.74007237
112,208,TFR2,CISH,0.7360838
112,177,TFR2,RELB,0.73413795
112,331,TFR2,PIM2,0.7212916
112,196,TFR2,RARS,0.71889025
112,363,TFR2,MYC,0.7176446
112,410,TFR2,SMARCA2,0.7174124
112,482,TFR2,NFATC2,0.71484596
112,422,TFR2,SESN1,0.7136104
112,466,TFR2,ABCG2,0.71360517
112,315,TFR2,CTSL,0.71267337
112,180,TFR2,TRIM35,0.7070132
112,436,TFR2,RARB,0.7036986
112,263,TFR2,JUN,0.70247537
112,81,TFR2,HDAC11,0.6961269
112,494,TFR2,USP11,0.69525063
112,557,TFR2,SATB1,0.69231915
112,82,TFR2,RB1,0.69159496
112,232,TFR2,ICAM1,0.68881
112,34,TFR2,MAML3,0.68767226
112,357,TFR2,MEIS1,0.6862075
112,435,TFR2,NR3C2,0.6775239
112,6,TFR2,BTG2,0.6685566
112,536,TFR2,SPI1,0.66701454
112,449,TFR2,TIE1,0.66557777
112,253,TFR2,GRINA,0.6624757
384,621,TGM2,SNRPB,0.9063259
384,353,TGM2,CBFB,0.895775
384,475,TGM2,BCL2,0.8942831
384,413,TGM2,RASSF4,0.8941586
384,587,TGM2,NCAPD2,0.8941586
384,67,TGM2,HDAC2,0.8850062
384,589,TGM2,YBX1,0.8819421
384,209,TGM2,ZBTB16,0.8709828
384,165,TGM2,GTF2H1,0.85775405
384,292,TGM2,HDAC7,0.8490846
384,29,TGM2,IKZF1,0.8267248
384,206,TGM2,ZDHHC6,0.822438
384,508,TGM2,NDRG1,0.82139933
384,161,TGM2,JARID2,0.81536126
384,261,TGM2,EZR,0.79889566
384,439,TGM2,DDX20,0.7778268
384,351,TGM2,ERCC8,0.77076983
384,367,TGM2,HCFC1,0.7698142
384,437,TGM2,MYB,0.76757336
384,283,TGM2,EGR1,0.7656194
384,48,TGM2,ELANE,0.7628878
384,631,TGM2,ZFP36,0.7616878
384,486,TGM2,NFKBIA,0.7551303
384,564,TGM2,MFNG,0.74007237
384,208,TGM2,CISH,0.7360838
384,177,TGM2,RELB,0.73413795
384,331,TGM2,PIM2,0.7212916
384,196,TGM2,RARS,0.7207562
384,410,TGM2,SMARCA2,0.7174124
384,363,TGM2,MYC,0.7174006
384,482,TGM2,NFATC2,0.71484596
384,180,TGM2,TRIM35,0.7070132
384,436,TGM2,RARB,0.7036986
384,263,TGM2,JUN,0.70247537
384,357,TGM2,MEIS1,0.6965902
384,81,TGM2,HDAC11,0.6961269
384,224,TGM2,MAPK12,0.69281113
384,557,TGM2,SATB1,0.69231915
384,494,TGM2,USP11,0.6917651
384,82,TGM2,RB1,0.69159496
384,232,TGM2,ICAM1,0.68858284
384,34,TGM2,MAML3,0.68767226
384,485,TGM2,ABL1,0.68247557
384,536,TGM2,SPI1,0.67498404
384,6,TGM2,BTG2,0.66849935
384,449,TGM2,TIE1,0.66557777
384,289,TGM2,GT(ROSA)26SOR,0.6624757
384,613,TGM2,PGLYRP2,0.6624757
384,466,TGM2,ABCG2,0.6618482
384,69,TGM2,NAP1L3,0.6570883
60,621,TGTP2,SNRPB,0.95097345
60,413,TGTP2,RASSF4,0.9407738
60,587,TGTP2,NCAPD2,0.9407738
60,67,TGTP2,HDAC2,0.9361914
60,353,TGTP2,CBFB,0.92956126
60,589,TGTP2,YBX1,0.9259062
60,165,TGTP2,GTF2H1,0.9177448
60,209,TGTP2,ZBTB16,0.9049138
60,508,TGTP2,NDRG1,0.885293
60,261,TGTP2,EZR,0.8824024
60,485,TGTP2,ABL1,0.87889785
60,292,TGTP2,HDAC7,0.87427723
60,475,TGTP2,BCL2,0.8730973
60,367,TGTP2,HCFC1,0.8672752
60,439,TGTP2,DDX20,0.8591114
60,206,TGTP2,ZDHHC6,0.85229677
60,351,TGTP2,ERCC8,0.84864944
60,161,TGTP2,JARID2,0.8471073
60,363,TGTP2,MYC,0.8367577
60,48,TGTP2,ELANE,0.8313246
60,482,TGTP2,NFATC2,0.82314384
60,29,TGTP2,IKZF1,0.82081115
60,486,TGTP2,NFKBIA,0.8189423
60,82,TGTP2,RB1,0.8013289
60,631,TGTP2,ZFP36,0.7990877
60,315,TGTP2,CTSL,0.79861087
60,564,TGTP2,MFNG,0.79789984
60,437,TGTP2,MYB,0.79652554
60,494,TGTP2,USP11,0.78033054
60,480,TGTP2,WDR5,0.77630836
60,283,TGTP2,EGR1,0.7717481
60,104,TGTP2,BTK,0.7695028
60,208,TGTP2,CISH,0.75246423
60,177,TGTP2,RELB,0.7461571
60,226,TGTP2,POLR2B,0.7446073
60,422,TGTP2,SESN1,0.7442081
60,331,TGTP2,PIM2,0.73784065
60,410,TGTP2,SMARCA2,0.7232165
60,134,TGTP2,PA2G4,0.7223564
60,196,TGTP2,RARS,0.7119779
60,180,TGTP2,TRIM35,0.69237834
60,263,TGTP2,JUN,0.69166756
60,166,TGTP2,PSAT1,0.69048065
60,154,TGTP2,HDGF,0.68854225
60,197,TGTP2,WDR4,0.68854225
60,217,TGTP2,PRMT7,0.68854225
60,220,TGTP2,TMEM43,0.68854225
60,347,TGTP2,RNF4,0.68854225
60,376,TGTP2,ATF7,0.68854225
60,389,TGTP2,FOXRED1,0.68854225
449,475,TIE1,BCL2,0.9725131
449,353,TIE1,CBFB,0.97094023
449,292,TIE1,HDAC7,0.96926033
449,485,TIE1,ABL1,0.9690712
449,29,TIE1,IKZF1,0.9662222
449,631,TIE1,ZFP36,0.96319336
449,161,TIE1,JARID2,0.9629385
449,413,TIE1,RASSF4,0.962502
449,587,TIE1,NCAPD2,0.962502
449,67,TIE1,HDAC2,0.95838654
449,209,TIE1,ZBTB16,0.9579521
449,206,TIE1,ZDHHC6,0.9553011
449,196,TIE1,RARS,0.954296
449,283,TIE1,EGR1,0.9531921
449,621,TIE1,SNRPB,0.9524808
449,177,TIE1,RELB,0.9498067
449,208,TIE1,CISH,0.94877636
449,436,TIE1,RARB,0.9465363
449,263,TIE1,JUN,0.9456871
449,232,TIE1,ICAM1,0.9415924
449,557,TIE1,SATB1,0.9388698
449,508,TIE1,NDRG1,0.9375974
449,564,TIE1,MFNG,0.93372333
449,357,TIE1,MEIS1,0.9304001
449,331,TIE1,PIM2,0.9297721
449,6,TIE1,BTG2,0.9247765
449,410,TIE1,SMARCA2,0.92463595
449,536,TIE1,SPI1,0.9243299
449,79,TIE1,STAT2,0.9232845
449,180,TIE1,TRIM35,0.92158353
449,165,TIE1,GTF2H1,0.9200817
449,289,TIE1,GT(ROSA)26SOR,0.91660863
449,613,TIE1,PGLYRP2,0.91660863
449,486,TIE1,NFKBIA,0.916406
449,162,TIE1,FES,0.91634554
449,219,TIE1,TLR4,0.91634554
449,278,TIE1,NCF1,0.91634554
449,515,TIE1,IGHM,0.91634554
449,69,TIE1,NAP1L3,0.91297877
449,146,TIE1,SCARF1,0.91297877
449,175,TIE1,TLE2,0.91297877
449,194,TIE1,GOLPH3,0.91297877
449,441,TIE1,EBF1,0.91297877
449,622,TIE1,KRT18,0.91297877
449,546,TIE1,PROCR,0.9127925
449,81,TIE1,HDAC11,0.9074353
449,52,TIE1,FCGR2B,0.90694284
449,213,TIE1,TCP11L2,0.90694284
449,304,TIE1,HLF,0.9067505
449,224,TIE1,MAPK12,0.90485185
348,621,TIMM29,SNRPB,0.9282103
348,353,TIMM29,CBFB,0.895775
348,475,TIMM29,BCL2,0.8942831
348,413,TIMM29,RASSF4,0.8941586
348,587,TIMM29,NCAPD2,0.8941586
348,67,TIMM29,HDAC2,0.8850062
348,209,TIMM29,ZBTB16,0.8709828
348,589,TIMM29,YBX1,0.86453784
348,165,TIMM29,GTF2H1,0.8593966
348,485,TIMM29,ABL1,0.8566053
348,292,TIMM29,HDAC7,0.8490846
348,206,TIMM29,ZDHHC6,0.8222312
348,508,TIMM29,NDRG1,0.82139933
348,161,TIMM29,JARID2,0.81536126
348,29,TIMM29,IKZF1,0.81257033
348,261,TIMM29,EZR,0.79889566
348,422,TIMM29,SESN1,0.773355
348,367,TIMM29,HCFC1,0.7698142
348,437,TIMM29,MYB,0.76757336
348,283,TIMM29,EGR1,0.7656194
348,439,TIMM29,DDX20,0.7637642
348,48,TIMM29,ELANE,0.7628878
348,631,TIMM29,ZFP36,0.7616878
348,613,TIMM29,PGLYRP2,0.76167244
348,486,TIMM29,NFKBIA,0.7551303
348,482,TIMM29,NFATC2,0.7502473
348,351,TIMM29,ERCC8,0.7502097
348,219,TIMM29,TLR4,0.7418043
348,564,TIMM29,MFNG,0.74007237
348,208,TIMM29,CISH,0.7360558
348,177,TIMM29,RELB,0.73413795
348,331,TIMM29,PIM2,0.7212916
348,196,TIMM29,RARS,0.71889025
348,363,TIMM29,MYC,0.7182519
348,410,TIMM29,SMARCA2,0.7174124
348,466,TIMM29,ABCG2,0.71360517
348,180,TIMM29,TRIM35,0.7070132
348,436,TIMM29,RARB,0.7037943
348,263,TIMM29,JUN,0.70247537
348,315,TIMM29,CTSL,0.70173466
348,357,TIMM29,MEIS1,0.6965902
348,81,TIMM29,HDAC11,0.6961269
348,557,TIMM29,SATB1,0.69231915
348,494,TIMM29,USP11,0.6917651
348,82,TIMM29,RB1,0.69159496
348,232,TIMM29,ICAM1,0.68858284
348,34,TIMM29,MAML3,0.68767226
348,6,TIMM29,BTG2,0.6689494
348,536,TIMM29,SPI1,0.66701454
348,449,TIMM29,TIE1,0.66557777
620,204,TIPIN,MCM2,0.9862098
620,137,TIPIN,MYCN,0.981125
620,426,TIPIN,PRPF4,0.97981036
620,375,TIPIN,SRSF1,0.9783705
620,299,TIPIN,ORC2,0.9765329
620,198,TIPIN,NDN,0.9742246
620,575,TIPIN,GTF2F1,0.9736569
620,273,TIPIN,FIGNL1,0.97234917
620,392,TIPIN,DCAF13,0.97200364
620,621,TIPIN,SNRPB,0.9716106
620,439,TIPIN,DDX20,0.96945447
620,189,TIPIN,MCM5,0.96495694
620,259,TIPIN,NUP107,0.9647938
620,363,TIPIN,MYC,0.9603915
620,118,TIPIN,MIS12,0.9588462
620,414,TIPIN,CENPK,0.9584825
620,561,TIPIN,MCM7,0.9582515
620,500,TIPIN,MCM3,0.95820767
620,554,TIPIN,CDT1,0.9563549
620,350,TIPIN,MCM6,0.9551882
620,119,TIPIN,SLC2A3,0.95411295
620,297,TIPIN,LIG1,0.95246315
620,589,TIPIN,YBX1,0.94927347
620,367,TIPIN,HCFC1,0.94845563
620,117,TIPIN,TFG,0.9476171
620,372,TIPIN,BACE1,0.9476171
620,323,TIPIN,MCM4,0.94642687
620,497,TIPIN,TYMS,0.9444138
620,240,TIPIN,RPA2,0.9399025
620,53,TIPIN,ORC6,0.93958235
620,399,TIPIN,RRM2,0.93800473
620,74,TIPIN,TOP2A,0.93451756
620,42,TIPIN,HMGB2,0.9311761
620,182,TIPIN,RPA1,0.9291098
620,30,TIPIN,PBK,0.92757964
620,279,TIPIN,AURKB,0.9273327
620,226,TIPIN,POLR2B,0.9216219
620,411,TIPIN,CDC45,0.91984296
620,478,TIPIN,MKI67,0.91472995
620,274,TIPIN,NOP2,0.9144232
620,404,TIPIN,FTSJ3,0.9144232
620,102,TIPIN,PRIM1,0.9066266
620,266,TIPIN,MSH6,0.89961743
620,290,TIPIN,POLD1,0.8987541
620,361,TIPIN,CCNB2,0.8980502
620,610,TIPIN,PRIM2,0.8977206
620,353,TIPIN,CBFB,0.8937236
620,351,TIPIN,ERCC8,0.88822424
620,246,TIPIN,TK1,0.8819321
620,407,TIPIN,CDC7,0.8819321
246,137,TK1,MYCN,0.98461586
246,575,TK1,GTF2F1,0.98218554
246,375,TK1,SRSF1,0.98102564
246,299,TK1,ORC2,0.9802828
246,426,TK1,PRPF4,0.9794958
246,561,TK1,MCM7,0.9788142
246,259,TK1,NUP107,0.977786
246,189,TK1,MCM5,0.97745186
246,204,TK1,MCM2,0.9774458
246,392,TK1,DCAF13,0.976854
246,118,TK1,MIS12,0.97357935
246,198,TK1,NDN,0.9730452
246,414,TK1,CENPK,0.97294647
246,500,TK1,MCM3,0.97278565
246,53,TK1,ORC6,0.972416
246,119,TK1,SLC2A3,0.9703719
246,554,TK1,CDT1,0.9695257
246,323,TK1,MCM4,0.96547306
246,497,TK1,TYMS,0.96097916
246,621,TK1,SNRPB,0.9578337
246,240,TK1,RPA2,0.9577311
246,350,TK1,MCM6,0.95733666
246,74,TK1,TOP2A,0.95655537
246,42,TK1,HMGB2,0.95581055
246,30,TK1,PBK,0.9534557
246,279,TK1,AURKB,0.9532389
246,363,TK1,MYC,0.94777685
246,439,TK1,DDX20,0.9475917
246,411,TK1,CDC45,0.947215
246,478,TK1,MKI67,0.9445799
246,433,TK1,XPC,0.9413814
246,361,TK1,CCNB2,0.94124776
246,102,TK1,PRIM1,0.93888175
246,620,TK1,TIPIN,0.937223
246,21,TK1,RRM1,0.9355548
246,266,TK1,MSH6,0.93522257
246,297,TK1,LIG1,0.9347218
246,367,TK1,HCFC1,0.93467075
246,182,TK1,RPA1,0.9341248
246,610,TK1,PRIM2,0.9310926
246,290,TK1,POLD1,0.9293663
246,273,TK1,FIGNL1,0.9275783
246,407,TK1,CDC7,0.9237017
246,399,TK1,RRM2,0.9168785
246,117,TK1,TFG,0.9163799
246,372,TK1,BACE1,0.91607535
246,226,TK1,POLR2B,0.89548177
246,82,TK1,RB1,0.8738359
246,274,TK1,NOP2,0.8722224
246,404,TK1,FTSJ3,0.8722224
175,475,TLE2,BCL2,0.9747609
175,29,TLE2,IKZF1,0.9680178
175,292,TLE2,HDAC7,0.96639997
175,485,TLE2,ABL1,0.9639821
175,283,TLE2,EGR1,0.9571836
175,161,TLE2,JARID2,0.9569744
175,353,TLE2,CBFB,0.9564719
175,196,TLE2,RARS,0.9562273
175,466,TLE2,ABCG2,0.9548494
175,263,TLE2,JUN,0.9501477
175,631,TLE2,ZFP36,0.9498423
175,209,TLE2,ZBTB16,0.94633794
175,79,TLE2,STAT2,0.9433756
175,6,TLE2,BTG2,0.9422339
175,206,TLE2,ZDHHC6,0.9412215
175,177,TLE2,RELB,0.93885434
175,208,TLE2,CISH,0.93715906
175,436,TLE2,RARB,0.9360747
175,536,TLE2,SPI1,0.9356249
175,515,TLE2,IGHM,0.9337135
175,278,TLE2,NCF1,0.9336745
175,613,TLE2,PGLYRP2,0.9333204
175,253,TLE2,GRINA,0.93318105
175,289,TLE2,GT(ROSA)26SOR,0.93318105
175,587,TLE2,NCAPD2,0.93304527
175,232,TLE2,ICAM1,0.93219393
175,557,TLE2,SATB1,0.931958
175,194,TLE2,GOLPH3,0.9314251
175,69,TLE2,NAP1L3,0.9312215
175,146,TLE2,SCARF1,0.9312215
175,546,TLE2,PROCR,0.9312215
175,622,TLE2,KRT18,0.9312215
175,64,TLE2,IRF9,0.9304685
175,621,TLE2,SNRPB,0.9286326
175,67,TLE2,HDAC2,0.9280228
175,52,TLE2,FCGR2B,0.9262937
175,213,TLE2,TCP11L2,0.9262937
175,304,TLE2,HLF,0.9262937
175,420,TLE2,FDFT1,0.92555964
175,270,TLE2,VDR,0.92499495
175,293,TLE2,IRF7,0.9239815
175,224,TLE2,MAPK12,0.92362136
175,73,TLE2,RORC,0.92267156
175,219,TLE2,TLR4,0.92226857
175,162,TLE2,FES,0.9214938
175,517,TLE2,H1F0,0.9208195
175,580,TLE2,MLLT3,0.920524
175,184,TLE2,SELL,0.9204
175,27,TLE2,IRF8,0.92028564
175,590,TLE2,IL12A,0.9196634
219,475,TLR4,BCL2,0.97466034
219,29,TLR4,IKZF1,0.9691882
219,292,TLR4,HDAC7,0.9653797
219,485,TLR4,ABL1,0.9614361
219,283,TLR4,EGR1,0.95505846
219,161,TLR4,JARID2,0.95399743
219,466,TLR4,ABCG2,0.95094335
219,196,TLR4,RARS,0.94962806
219,263,TLR4,JUN,0.9489033
219,79,TLR4,STAT2,0.94798195
219,6,TLR4,BTG2,0.9448865
219,206,TLR4,ZDHHC6,0.9439034
219,353,TLR4,CBFB,0.9423327
219,209,TLR4,ZBTB16,0.9402255
219,536,TLR4,SPI1,0.9393734
219,64,TLR4,IRF9,0.93905705
219,253,TLR4,GRINA,0.938833
219,613,TLR4,PGLYRP2,0.938833
219,162,TLR4,FES,0.9382119
219,278,TLR4,NCF1,0.93818223
219,515,TLR4,IGHM,0.93818223
219,69,TLR4,NAP1L3,0.93647337
219,146,TLR4,SCARF1,0.93647337
219,175,TLR4,TLE2,0.93647337
219,194,TLR4,GOLPH3,0.93647337
219,622,TLR4,KRT18,0.93647337
219,441,TLR4,EBF1,0.9363086
219,293,TLR4,IRF7,0.9336744
219,420,TLR4,FDFT1,0.93359077
219,213,TLR4,TCP11L2,0.9331543
219,52,TLR4,FCGR2B,0.9330685
219,304,TLR4,HLF,0.9330685
219,270,TLR4,VDR,0.93235743
219,208,TLR4,CISH,0.9323033
219,546,TLR4,PROCR,0.9306183
219,73,TLR4,RORC,0.9299708
219,27,TLR4,IRF8,0.92948925
219,177,TLR4,RELB,0.92909825
219,517,TLR4,H1F0,0.9286323
219,436,TLR4,RARB,0.928438
219,224,TLR4,MAPK12,0.9283175
219,251,TLR4,IRF6,0.92802006
219,557,TLR4,SATB1,0.9274388
219,590,TLR4,IL12A,0.9273365
219,580,TLR4,MLLT3,0.92697406
219,232,TLR4,ICAM1,0.9268663
219,276,TLR4,REL,0.92345244
219,289,TLR4,GT(ROSA)26SOR,0.92006755
219,550,TLR4,CREB5,0.9185748
219,50,TLR4,NFAT5,0.91833586
71,621,TM6SF1,SNRPB,0.9282103
71,353,TM6SF1,CBFB,0.895775
71,475,TM6SF1,BCL2,0.8942831
71,587,TM6SF1,NCAPD2,0.8942723
71,413,TM6SF1,RASSF4,0.8942356
71,67,TM6SF1,HDAC2,0.8850062
71,589,TM6SF1,YBX1,0.8819421
71,209,TM6SF1,ZBTB16,0.8709828
71,292,TM6SF1,HDAC7,0.84842736
71,485,TM6SF1,ABL1,0.8363876
71,206,TM6SF1,ZDHHC6,0.8222312
71,508,TM6SF1,NDRG1,0.8213929
71,161,TM6SF1,JARID2,0.81536126
71,29,TM6SF1,IKZF1,0.8147214
71,261,TM6SF1,EZR,0.79889566
71,367,TM6SF1,HCFC1,0.7698142
71,437,TM6SF1,MYB,0.76757336
71,283,TM6SF1,EGR1,0.76559925
71,439,TM6SF1,DDX20,0.7637642
71,48,TM6SF1,ELANE,0.7628878
71,631,TM6SF1,ZFP36,0.7616878
71,486,TM6SF1,NFKBIA,0.7551303
71,351,TM6SF1,ERCC8,0.7502097
71,165,TM6SF1,GTF2H1,0.7445996
71,564,TM6SF1,MFNG,0.74007237
71,208,TM6SF1,CISH,0.7360838
71,177,TM6SF1,RELB,0.73413795
71,331,TM6SF1,PIM2,0.7212916
71,357,TM6SF1,MEIS1,0.7208254
71,196,TM6SF1,RARS,0.71889025
71,363,TM6SF1,MYC,0.7176446
71,410,TM6SF1,SMARCA2,0.7174124
71,482,TM6SF1,NFATC2,0.7148765
71,466,TM6SF1,ABCG2,0.71360517
71,422,TM6SF1,SESN1,0.7135247
71,180,TM6SF1,TRIM35,0.7070132
71,436,TM6SF1,RARB,0.7033897
71,263,TM6SF1,JUN,0.70247537
71,315,TM6SF1,CTSL,0.70188516
71,81,TM6SF1,HDAC11,0.6961269
71,557,TM6SF1,SATB1,0.6927147
71,494,TM6SF1,USP11,0.6917651
71,82,TM6SF1,RB1,0.69159496
71,27,TM6SF1,IRF8,0.68899816
71,232,TM6SF1,ICAM1,0.68858284
71,34,TM6SF1,MAML3,0.68767226
71,559,TM6SF1,RUNX1T1,0.67847216
71,6,TM6SF1,BTG2,0.66849935
71,536,TM6SF1,SPI1,0.66701454
71,449,TM6SF1,TIE1,0.66557777
529,353,TM7SF3,CBFB,0.895775
529,475,TM7SF3,BCL2,0.8942831
529,413,TM7SF3,RASSF4,0.8941586
529,587,TM7SF3,NCAPD2,0.8941586
529,621,TM7SF3,SNRPB,0.89412594
529,67,TM7SF3,HDAC2,0.8850062
529,589,TM7SF3,YBX1,0.8821593
529,209,TM7SF3,ZBTB16,0.8709828
529,165,TM7SF3,GTF2H1,0.8593966
529,485,TM7SF3,ABL1,0.85836256
529,292,TM7SF3,HDAC7,0.8490846
529,206,TM7SF3,ZDHHC6,0.8222312
529,508,TM7SF3,NDRG1,0.82139933
529,161,TM7SF3,JARID2,0.81536126
529,29,TM7SF3,IKZF1,0.8147214
529,261,TM7SF3,EZR,0.79889566
529,367,TM7SF3,HCFC1,0.7698142
529,437,TM7SF3,MYB,0.76757336
529,283,TM7SF3,EGR1,0.7655724
529,439,TM7SF3,DDX20,0.7637642
529,48,TM7SF3,ELANE,0.7628878
529,631,TM7SF3,ZFP36,0.7616878
529,486,TM7SF3,NFKBIA,0.75307345
529,351,TM7SF3,ERCC8,0.7502097
529,564,TM7SF3,MFNG,0.74016184
529,208,TM7SF3,CISH,0.7360838
529,177,TM7SF3,RELB,0.73413795
529,6,TM7SF3,BTG2,0.73371696
529,331,TM7SF3,PIM2,0.7209529
529,196,TM7SF3,RARS,0.71889025
529,363,TM7SF3,MYC,0.7176446
529,410,TM7SF3,SMARCA2,0.71696234
529,482,TM7SF3,NFATC2,0.71484596
529,422,TM7SF3,SESN1,0.7136104
529,466,TM7SF3,ABCG2,0.71360517
529,180,TM7SF3,TRIM35,0.7070132
529,436,TM7SF3,RARB,0.7037149
529,263,TM7SF3,JUN,0.7024884
529,315,TM7SF3,CTSL,0.70188516
529,69,TM7SF3,NAP1L3,0.7002005
529,357,TM7SF3,MEIS1,0.6965902
529,81,TM7SF3,HDAC11,0.6961269
529,82,TM7SF3,RB1,0.6912786
529,232,TM7SF3,ICAM1,0.6886148
529,34,TM7SF3,MAML3,0.68767226
529,557,TM7SF3,SATB1,0.6811004
529,536,TM7SF3,SPI1,0.66701454
529,449,TM7SF3,TIE1,0.66557777
529,253,TM7SF3,GRINA,0.6624757
529,613,TM7SF3,PGLYRP2,0.6624757
328,621,TMEM173,SNRPB,0.9282103
328,353,TMEM173,CBFB,0.895775
328,475,TMEM173,BCL2,0.8942831
328,413,TMEM173,RASSF4,0.8941586
328,587,TMEM173,NCAPD2,0.8941586
328,67,TMEM173,HDAC2,0.8850062
328,589,TMEM173,YBX1,0.881117
328,209,TMEM173,ZBTB16,0.87076676
328,165,TMEM173,GTF2H1,0.8593966
328,485,TMEM173,ABL1,0.8572532
328,292,TMEM173,HDAC7,0.8490846
328,161,TMEM173,JARID2,0.8247187
328,508,TMEM173,NDRG1,0.82139933
328,29,TMEM173,IKZF1,0.8147214
328,261,TMEM173,EZR,0.79889566
328,367,TMEM173,HCFC1,0.7698142
328,437,TMEM173,MYB,0.76757336
328,283,TMEM173,EGR1,0.7656194
328,439,TMEM173,DDX20,0.7637642
328,48,TMEM173,ELANE,0.7628878
328,631,TMEM173,ZFP36,0.7616878
328,351,TMEM173,ERCC8,0.75880235
328,206,TMEM173,ZDHHC6,0.75573045
328,486,TMEM173,NFKBIA,0.7551303
328,564,TMEM173,MFNG,0.74007237
328,208,TMEM173,CISH,0.7360838
328,177,TMEM173,RELB,0.73413795
328,331,TMEM173,PIM2,0.7212916
328,196,TMEM173,RARS,0.71889025
328,363,TMEM173,MYC,0.7176446
328,410,TMEM173,SMARCA2,0.7171445
328,482,TMEM173,NFATC2,0.71484596
328,422,TMEM173,SESN1,0.7136104
328,466,TMEM173,ABCG2,0.71360517
328,180,TMEM173,TRIM35,0.7070132
328,436,TMEM173,RARB,0.7036986
328,263,TMEM173,JUN,0.70247537
328,315,TMEM173,CTSL,0.7021753
328,81,TMEM173,HDAC11,0.69659007
328,494,TMEM173,USP11,0.6917651
328,82,TMEM173,RB1,0.6916146
328,232,TMEM173,ICAM1,0.68858284
328,34,TMEM173,MAML3,0.68767226
328,357,TMEM173,MEIS1,0.68119794
328,6,TMEM173,BTG2,0.66849935
328,536,TMEM173,SPI1,0.66701454
328,449,TMEM173,TIE1,0.66598004
328,253,TMEM173,GRINA,0.6624757
328,289,TMEM173,GT(ROSA)26SOR,0.6624757
328,613,TMEM173,PGLYRP2,0.6624757
296,621,TMEM206,SNRPB,0.9282103
296,353,TMEM206,CBFB,0.895775
296,475,TMEM206,BCL2,0.8942831
296,413,TMEM206,RASSF4,0.8941586
296,67,TMEM206,HDAC2,0.8850062
296,589,TMEM206,YBX1,0.8819421
296,209,TMEM206,ZBTB16,0.8709828
296,165,TMEM206,GTF2H1,0.8593966
296,485,TMEM206,ABL1,0.85706496
296,292,TMEM206,HDAC7,0.8490846
296,587,TMEM206,NCAPD2,0.83497465
296,206,TMEM206,ZDHHC6,0.8225083
296,508,TMEM206,NDRG1,0.820681
296,161,TMEM206,JARID2,0.81536126
296,29,TMEM206,IKZF1,0.8147286
296,367,TMEM206,HCFC1,0.77043897
296,437,TMEM206,MYB,0.76757336
296,283,TMEM206,EGR1,0.7656194
296,439,TMEM206,DDX20,0.7637642
296,48,TMEM206,ELANE,0.7628878
296,261,TMEM206,EZR,0.7625067
296,631,TMEM206,ZFP36,0.7616878
296,486,TMEM206,NFKBIA,0.7551303
296,351,TMEM206,ERCC8,0.7502097
296,564,TMEM206,MFNG,0.74057674
296,208,TMEM206,CISH,0.7360838
296,177,TMEM206,RELB,0.73413795
296,331,TMEM206,PIM2,0.7212916
296,196,TMEM206,RARS,0.71889025
296,363,TMEM206,MYC,0.7180378
296,410,TMEM206,SMARCA2,0.7174124
296,422,TMEM206,SESN1,0.7136104
296,466,TMEM206,ABCG2,0.71360517
296,180,TMEM206,TRIM35,0.7070132
296,436,TMEM206,RARB,0.7036986
296,263,TMEM206,JUN,0.70247537
296,315,TMEM206,CTSL,0.70188516
296,357,TMEM206,MEIS1,0.6968432
296,81,TMEM206,HDAC11,0.6961269
296,557,TMEM206,SATB1,0.69231915
296,494,TMEM206,USP11,0.6917651
296,82,TMEM206,RB1,0.69159496
296,232,TMEM206,ICAM1,0.68858284
296,34,TMEM206,MAML3,0.68767226
296,515,TMEM206,IGHM,0.67276156
296,6,TMEM206,BTG2,0.67056155
296,536,TMEM206,SPI1,0.66701454
296,38,TMEM206,TSPAN14,0.6667522
296,449,TMEM206,TIE1,0.66557777
296,253,TMEM206,GRINA,0.6625808
617,621,TMEM229B,SNRPB,0.9282103
617,353,TMEM229B,CBFB,0.895775
617,475,TMEM229B,BCL2,0.8942831
617,413,TMEM229B,RASSF4,0.8941586
617,587,TMEM229B,NCAPD2,0.8941586
617,67,TMEM229B,HDAC2,0.8850062
617,589,TMEM229B,YBX1,0.8819421
617,209,TMEM229B,ZBTB16,0.87026846
617,165,TMEM229B,GTF2H1,0.8593966
617,485,TMEM229B,ABL1,0.8572532
617,292,TMEM229B,HDAC7,0.84926444
617,206,TMEM229B,ZDHHC6,0.822438
617,508,TMEM229B,NDRG1,0.82139933
617,161,TMEM229B,JARID2,0.81536126
617,29,TMEM229B,IKZF1,0.8147214
617,261,TMEM229B,EZR,0.79889566
617,180,TMEM229B,TRIM35,0.78315103
617,367,TMEM229B,HCFC1,0.7698615
617,437,TMEM229B,MYB,0.76757336
617,439,TMEM229B,DDX20,0.7637642
617,48,TMEM229B,ELANE,0.7628878
617,631,TMEM229B,ZFP36,0.7616878
617,486,TMEM229B,NFKBIA,0.7551303
617,351,TMEM229B,ERCC8,0.7481471
617,564,TMEM229B,MFNG,0.74007237
617,208,TMEM229B,CISH,0.7360838
617,177,TMEM229B,RELB,0.73413795
617,283,TMEM229B,EGR1,0.7248149
617,331,TMEM229B,PIM2,0.7212916
617,196,TMEM229B,RARS,0.71889025
617,363,TMEM229B,MYC,0.7176446
617,410,TMEM229B,SMARCA2,0.7174124
617,482,TMEM229B,NFATC2,0.71484596
617,466,TMEM229B,ABCG2,0.71360517
617,422,TMEM229B,SESN1,0.713549
617,480,TMEM229B,WDR5,0.70458513
617,436,TMEM229B,RARB,0.7039569
617,263,TMEM229B,JUN,0.70247537
617,315,TMEM229B,CTSL,0.70188516
617,357,TMEM229B,MEIS1,0.6965902
617,81,TMEM229B,HDAC11,0.6961269
617,557,TMEM229B,SATB1,0.69231915
617,232,TMEM229B,ICAM1,0.6888212
617,538,TMEM229B,TRP53I11,0.6886062
617,34,TMEM229B,MAML3,0.68767226
617,82,TMEM229B,RB1,0.6864362
617,427,TMEM229B,ST8SIA4,0.6843812
617,79,TMEM229B,STAT2,0.6742183
617,6,TMEM229B,BTG2,0.66849935
617,536,TMEM229B,SPI1,0.66701454
220,353,TMEM43,CBFB,0.9845738
220,413,TMEM43,RASSF4,0.9809263
220,67,TMEM43,HDAC2,0.97933507
220,587,TMEM43,NCAPD2,0.9792043
220,621,TMEM43,SNRPB,0.978508
220,508,TMEM43,NDRG1,0.95920914
220,165,TMEM43,GTF2H1,0.95748156
220,209,TMEM43,ZBTB16,0.957256
220,292,TMEM43,HDAC7,0.95437163
220,475,TMEM43,BCL2,0.95403993
220,261,TMEM43,EZR,0.94700027
220,161,TMEM43,JARID2,0.9460011
220,485,TMEM43,ABL1,0.9458105
220,367,TMEM43,HCFC1,0.94101906
220,482,TMEM43,NFATC2,0.9408334
220,206,TMEM43,ZDHHC6,0.94053274
220,631,TMEM43,ZFP36,0.9383769
220,564,TMEM43,MFNG,0.9381846
220,439,TMEM43,DDX20,0.9381674
220,486,TMEM43,NFKBIA,0.93813014
220,363,TMEM43,MYC,0.93721765
220,331,TMEM43,PIM2,0.92406493
220,589,TMEM43,YBX1,0.92336506
220,315,TMEM43,CTSL,0.9223238
220,410,TMEM43,SMARCA2,0.9195001
220,422,TMEM43,SESN1,0.918761
220,29,TMEM43,IKZF1,0.91873336
220,351,TMEM43,ERCC8,0.9185527
220,177,TMEM43,RELB,0.9132278
220,34,TMEM43,MAML3,0.90428346
220,48,TMEM43,ELANE,0.9025081
220,82,TMEM43,RB1,0.90055114
220,226,TMEM43,POLR2B,0.89973485
220,208,TMEM43,CISH,0.89829594
220,180,TMEM43,TRIM35,0.8973933
220,283,TMEM43,EGR1,0.89163065
220,437,TMEM43,MYB,0.8877995
220,436,TMEM43,RARB,0.88405734
220,104,TMEM43,BTK,0.8779596
220,196,TMEM43,RARS,0.8772727
220,494,TMEM43,USP11,0.8735229
220,232,TMEM43,ICAM1,0.86716247
220,357,TMEM43,MEIS1,0.85965955
220,263,TMEM43,JUN,0.8530796
220,557,TMEM43,SATB1,0.85274297
220,134,TMEM43,PA2G4,0.8473929
220,199,TMEM43,E2F4,0.8425236
220,466,TMEM43,ABCG2,0.83677423
220,28,TMEM43,NFE2,0.8251498
220,3,TMEM43,POLR1B,0.81497955
92,475,TMEM50B,BCL2,0.9720596
92,353,TMEM50B,CBFB,0.95420325
92,485,TMEM50B,ABL1,0.92842424
92,209,TMEM50B,ZBTB16,0.9264829
92,292,TMEM50B,HDAC7,0.9249002
92,161,TMEM50B,JARID2,0.9114849
92,206,TMEM50B,ZDHHC6,0.9060941
92,29,TMEM50B,IKZF1,0.9022691
92,589,TMEM50B,YBX1,0.88553536
92,413,TMEM50B,RASSF4,0.87859935
92,587,TMEM50B,NCAPD2,0.8770978
92,283,TMEM50B,EGR1,0.8732777
92,67,TMEM50B,HDAC2,0.86675274
92,631,TMEM50B,ZFP36,0.8531336
92,208,TMEM50B,CISH,0.8486698
92,177,TMEM50B,RELB,0.84582883
92,165,TMEM50B,GTF2H1,0.8330451
92,508,TMEM50B,NDRG1,0.832967
92,564,TMEM50B,MFNG,0.82529885
92,180,TMEM50B,TRIM35,0.8220869
92,436,TMEM50B,RARB,0.8166078
92,196,TMEM50B,RARS,0.812324
92,621,TMEM50B,SNRPB,0.8107476
92,48,TMEM50B,ELANE,0.80815256
92,410,TMEM50B,SMARCA2,0.806083
92,486,TMEM50B,NFKBIA,0.80551577
92,263,TMEM50B,JUN,0.8024299
92,557,TMEM50B,SATB1,0.7999914
92,422,TMEM50B,SESN1,0.79953223
92,536,TMEM50B,SPI1,0.79694176
92,232,TMEM50B,ICAM1,0.79580796
92,482,TMEM50B,NFATC2,0.7773023
92,437,TMEM50B,MYB,0.7769119
92,289,TMEM50B,GT(ROSA)26SOR,0.7719332
92,613,TMEM50B,PGLYRP2,0.771812
92,253,TMEM50B,GRINA,0.7709952
92,466,TMEM50B,ABCG2,0.7687666
92,219,TMEM50B,TLR4,0.7680691
92,278,TMEM50B,NCF1,0.7679314
92,515,TMEM50B,IGHM,0.7679314
92,6,TMEM50B,BTG2,0.76781064
92,79,TMEM50B,STAT2,0.7677053
92,81,TMEM50B,HDAC11,0.757289
92,261,TMEM50B,EZR,0.75587523
92,357,TMEM50B,MEIS1,0.75492823
92,367,TMEM50B,HCFC1,0.7537697
92,69,TMEM50B,NAP1L3,0.7529725
92,146,TMEM50B,SCARF1,0.7529725
92,175,TMEM50B,TLE2,0.7529725
92,194,TMEM50B,GOLPH3,0.7529725
440,353,TMEM97,CBFB,0.9835923
440,621,TMEM97,SNRPB,0.98260444
440,413,TMEM97,RASSF4,0.9773941
440,587,TMEM97,NCAPD2,0.9773941
440,67,TMEM97,HDAC2,0.9751683
440,589,TMEM97,YBX1,0.9722755
440,439,TMEM97,DDX20,0.95764565
440,367,TMEM97,HCFC1,0.9546764
440,363,TMEM97,MYC,0.9543341
440,165,TMEM97,GTF2H1,0.95188665
440,261,TMEM97,EZR,0.95064926
440,508,TMEM97,NDRG1,0.94642395
440,209,TMEM97,ZBTB16,0.93801427
440,226,TMEM97,POLR2B,0.9369391
440,475,TMEM97,BCL2,0.9317634
440,351,TMEM97,ERCC8,0.9315334
440,482,TMEM97,NFATC2,0.9282063
440,82,TMEM97,RB1,0.9227924
440,292,TMEM97,HDAC7,0.91697735
440,33,TMEM97,CSTF2,0.91688585
440,28,TMEM97,NFE2,0.9109188
440,485,TMEM97,ABL1,0.9063338
440,199,TMEM97,E2F4,0.9061537
440,117,TMEM97,TFG,0.9050325
440,372,TMEM97,BACE1,0.904723
440,161,TMEM97,JARID2,0.903133
440,486,TMEM97,NFKBIA,0.90237576
440,206,TMEM97,ZDHHC6,0.9015025
440,564,TMEM97,MFNG,0.89638823
440,3,TMEM97,POLR1B,0.8949433
440,631,TMEM97,ZFP36,0.8913819
440,86,TMEM97,RANGAP1,0.87802666
440,331,TMEM97,PIM2,0.8712041
440,315,TMEM97,CTSL,0.86908174
440,134,TMEM97,PA2G4,0.8688425
440,274,TMEM97,NOP2,0.86585164
440,404,TMEM97,FTSJ3,0.86585164
440,426,TMEM97,PRPF4,0.865762
440,422,TMEM97,SESN1,0.8653649
440,345,TMEM97,UHRF1,0.8620379
440,410,TMEM97,SMARCA2,0.8599875
440,375,TMEM97,SRSF1,0.85871047
440,29,TMEM97,IKZF1,0.8519788
440,177,TMEM97,RELB,0.82638615
440,48,TMEM97,ELANE,0.820037
440,208,TMEM97,CISH,0.8174936
440,575,TMEM97,GTF2F1,0.81657517
440,197,TMEM97,WDR4,0.8129987
440,154,TMEM97,HDGF,0.8129345
440,166,TMEM97,PSAT1,0.8126435
207,621,TMX3,SNRPB,0.92824525
207,353,TMX3,CBFB,0.895354
207,587,TMX3,NCAPD2,0.8940518
207,413,TMX3,RASSF4,0.8938929
207,67,TMX3,HDAC2,0.88464236
207,589,TMX3,YBX1,0.881836
207,209,TMX3,ZBTB16,0.8708676
207,165,TMX3,GTF2H1,0.858983
207,292,TMX3,HDAC7,0.84895384
207,206,TMX3,ZDHHC6,0.82211745
207,508,TMX3,NDRG1,0.820395
207,161,TMX3,JARID2,0.81529635
207,29,TMX3,IKZF1,0.81460446
207,475,TMX3,BCL2,0.8118493
207,261,TMX3,EZR,0.79869854
207,422,TMX3,SESN1,0.77317405
207,367,TMX3,HCFC1,0.76914376
207,437,TMX3,MYB,0.7671526
207,283,TMX3,EGR1,0.76506716
207,48,TMX3,ELANE,0.763094
207,439,TMX3,DDX20,0.7630807
207,631,TMX3,ZFP36,0.7617918
207,485,TMX3,ABL1,0.75460154
207,351,TMX3,ERCC8,0.7494982
207,219,TMX3,TLR4,0.74184096
207,564,TMX3,MFNG,0.74017566
207,208,TMX3,CISH,0.73603773
207,177,TMX3,RELB,0.73378843
207,486,TMX3,NFKBIA,0.7270127
207,331,TMX3,PIM2,0.7210811
207,196,TMX3,RARS,0.7186149
207,410,TMX3,SMARCA2,0.7172286
207,363,TMX3,MYC,0.71703005
207,482,TMX3,NFATC2,0.71471566
207,466,TMX3,ABCG2,0.7136283
207,180,TMX3,TRIM35,0.70690006
207,436,TMX3,RARB,0.70357704
207,263,TMX3,JUN,0.7021972
207,315,TMX3,CTSL,0.70198226
207,357,TMX3,MEIS1,0.69671226
207,81,TMX3,HDAC11,0.6959532
207,538,TMX3,TRP53I11,0.6952094
207,557,TMX3,SATB1,0.69292104
207,494,TMX3,USP11,0.6915899
207,82,TMX3,RB1,0.69080406
207,232,TMX3,ICAM1,0.68843955
207,34,TMX3,MAML3,0.68751794
207,253,TMX3,GRINA,0.6844634
207,480,TMX3,WDR5,0.67088723
207,6,TMX3,BTG2,0.66850775
446,621,TMX4,SNRPB,0.9282373
446,353,TMX4,CBFB,0.895775
446,475,TMX4,BCL2,0.8944421
446,587,TMX4,NCAPD2,0.8941586
446,413,TMX4,RASSF4,0.8935497
446,67,TMX4,HDAC2,0.8850062
446,209,TMX4,ZBTB16,0.8709828
446,165,TMX4,GTF2H1,0.8593966
446,589,TMX4,YBX1,0.8506883
446,292,TMX4,HDAC7,0.84895015
446,206,TMX4,ZDHHC6,0.82202345
446,508,TMX4,NDRG1,0.8203991
446,161,TMX4,JARID2,0.81536126
446,29,TMX4,IKZF1,0.8147214
446,261,TMX4,EZR,0.79889566
446,367,TMX4,HCFC1,0.7906443
446,485,TMX4,ABL1,0.77565306
446,437,TMX4,MYB,0.76757336
446,283,TMX4,EGR1,0.7656194
446,439,TMX4,DDX20,0.7637642
446,48,TMX4,ELANE,0.7628878
446,631,TMX4,ZFP36,0.7616878
446,486,TMX4,NFKBIA,0.7551303
446,351,TMX4,ERCC8,0.7502097
446,564,TMX4,MFNG,0.7400864
446,208,TMX4,CISH,0.7370026
446,177,TMX4,RELB,0.73413795
446,331,TMX4,PIM2,0.7212916
446,196,TMX4,RARS,0.71889025
446,363,TMX4,MYC,0.7182519
446,410,TMX4,SMARCA2,0.7174124
446,482,TMX4,NFATC2,0.71484596
446,422,TMX4,SESN1,0.7136104
446,466,TMX4,ABCG2,0.71360517
446,180,TMX4,TRIM35,0.7070132
446,263,TMX4,JUN,0.7050149
446,436,TMX4,RARB,0.70343024
446,357,TMX4,MEIS1,0.69683266
446,81,TMX4,HDAC11,0.6961269
446,557,TMX4,SATB1,0.69231915
446,494,TMX4,USP11,0.6917651
446,82,TMX4,RB1,0.69159496
446,232,TMX4,ICAM1,0.6886319
446,34,TMX4,MAML3,0.68813443
446,6,TMX4,BTG2,0.66849935
446,536,TMX4,SPI1,0.66706234
446,449,TMX4,TIE1,0.6655239
446,253,TMX4,GRINA,0.6624757
446,289,TMX4,GT(ROSA)26SOR,0.6624757
446,613,TMX4,PGLYRP2,0.6624757
484,353,TNFRSF21,CBFB,0.9834072
484,621,TNFRSF21,SNRPB,0.98195523
484,413,TNFRSF21,RASSF4,0.97938716
484,587,TNFRSF21,NCAPD2,0.97938716
484,67,TNFRSF21,HDAC2,0.97721684
484,589,TNFRSF21,YBX1,0.97530603
484,363,TNFRSF21,MYC,0.9631436
484,439,TNFRSF21,DDX20,0.96196157
484,165,TNFRSF21,GTF2H1,0.9594425
484,367,TNFRSF21,HCFC1,0.95932287
484,508,TNFRSF21,NDRG1,0.95242995
484,261,TNFRSF21,EZR,0.9465345
484,209,TNFRSF21,ZBTB16,0.9450087
484,226,TNFRSF21,POLR2B,0.9437563
484,482,TNFRSF21,NFATC2,0.94260526
484,351,TNFRSF21,ERCC8,0.9392626
484,475,TNFRSF21,BCL2,0.9321899
484,82,TNFRSF21,RB1,0.9309673
484,33,TNFRSF21,CSTF2,0.9244563
484,292,TNFRSF21,HDAC7,0.91963613
484,199,TNFRSF21,E2F4,0.91934425
484,28,TNFRSF21,NFE2,0.9171953
484,486,TNFRSF21,NFKBIA,0.9163232
484,375,TNFRSF21,SRSF1,0.91227543
484,117,TNFRSF21,TFG,0.91072094
484,372,TNFRSF21,BACE1,0.91072094
484,3,TNFRSF21,POLR1B,0.9098388
484,485,TNFRSF21,ABL1,0.9090128
484,206,TNFRSF21,ZDHHC6,0.908765
484,564,TNFRSF21,MFNG,0.90849847
484,575,TNFRSF21,GTF2F1,0.90696
484,161,TNFRSF21,JARID2,0.90677065
484,86,TNFRSF21,RANGAP1,0.8969094
484,631,TNFRSF21,ZFP36,0.8964913
484,437,TNFRSF21,MYB,0.8929419
484,134,TNFRSF21,PA2G4,0.89287835
484,34,TNFRSF21,MAML3,0.881351
484,404,TNFRSF21,FTSJ3,0.87841743
484,331,TNFRSF21,PIM2,0.87667394
484,422,TNFRSF21,SESN1,0.87524784
484,426,TNFRSF21,PRPF4,0.8683425
484,410,TNFRSF21,SMARCA2,0.8598054
484,29,TNFRSF21,IKZF1,0.85504794
484,274,TNFRSF21,NOP2,0.85325557
484,345,TNFRSF21,UHRF1,0.8528045
484,347,TNFRSF21,RNF4,0.8444671
484,154,TNFRSF21,HDGF,0.8444249
484,166,TNFRSF21,PSAT1,0.8444249
484,197,TNFRSF21,WDR4,0.8444249
484,212,TNFRSF21,FLT3,0.8444249
56,621,TNIP3,SNRPB,0.9282103
56,353,TNIP3,CBFB,0.895775
56,475,TNIP3,BCL2,0.8942831
56,413,TNIP3,RASSF4,0.8941586
56,587,TNIP3,NCAPD2,0.8941509
56,67,TNIP3,HDAC2,0.8850062
56,589,TNIP3,YBX1,0.8819421
56,209,TNIP3,ZBTB16,0.8709828
56,485,TNIP3,ABL1,0.8572532
56,206,TNIP3,ZDHHC6,0.8222312
56,508,TNIP3,NDRG1,0.82139933
56,161,TNIP3,JARID2,0.81536126
56,165,TNIP3,GTF2H1,0.81505626
56,29,TNIP3,IKZF1,0.81439006
56,292,TNIP3,HDAC7,0.8049578
56,261,TNIP3,EZR,0.79889566
56,367,TNIP3,HCFC1,0.7698142
56,437,TNIP3,MYB,0.76757336
56,283,TNIP3,EGR1,0.7656194
56,439,TNIP3,DDX20,0.7637642
56,48,TNIP3,ELANE,0.7628878
56,631,TNIP3,ZFP36,0.7616878
56,486,TNIP3,NFKBIA,0.7551303
56,351,TNIP3,ERCC8,0.7502097
56,564,TNIP3,MFNG,0.74007237
56,208,TNIP3,CISH,0.7360838
56,177,TNIP3,RELB,0.73413795
56,331,TNIP3,PIM2,0.7212916
56,196,TNIP3,RARS,0.71889025
56,363,TNIP3,MYC,0.7174703
56,410,TNIP3,SMARCA2,0.7174124
56,482,TNIP3,NFATC2,0.71484596
56,422,TNIP3,SESN1,0.7136104
56,466,TNIP3,ABCG2,0.71360517
56,180,TNIP3,TRIM35,0.7075578
56,436,TNIP3,RARB,0.7036986
56,315,TNIP3,CTSL,0.70239264
56,64,TNIP3,IRF9,0.6974566
56,357,TNIP3,MEIS1,0.6965902
56,81,TNIP3,HDAC11,0.6961269
56,557,TNIP3,SATB1,0.69231915
56,494,TNIP3,USP11,0.6917651
56,82,TNIP3,RB1,0.69159496
56,232,TNIP3,ICAM1,0.68858284
56,34,TNIP3,MAML3,0.68767226
56,263,TNIP3,JUN,0.6731007
56,6,TNIP3,BTG2,0.66849935
56,536,TNIP3,SPI1,0.66701454
56,449,TNIP3,TIE1,0.66557777
56,184,TNIP3,SELL,0.66406614
74,137,TOP2A,MYCN,0.98615485
74,259,TOP2A,NUP107,0.9831928
74,575,TOP2A,GTF2F1,0.982788
74,375,TOP2A,SRSF1,0.98246276
74,426,TOP2A,PRPF4,0.9797381
74,299,TOP2A,ORC2,0.9794556
74,392,TOP2A,DCAF13,0.9789245
74,198,TOP2A,NDN,0.97836363
74,189,TOP2A,MCM5,0.97591794
74,204,TOP2A,MCM2,0.975879
74,118,TOP2A,MIS12,0.9733959
74,439,TOP2A,DDX20,0.9721314
74,119,TOP2A,SLC2A3,0.97155476
74,561,TOP2A,MCM7,0.9712452
74,414,TOP2A,CENPK,0.97110087
74,500,TOP2A,MCM3,0.9710269
74,554,TOP2A,CDT1,0.9694167
74,350,TOP2A,MCM6,0.96888506
74,621,TOP2A,SNRPB,0.96675014
74,323,TOP2A,MCM4,0.9630647
74,363,TOP2A,MYC,0.96232134
74,497,TOP2A,TYMS,0.9603022
74,30,TOP2A,PBK,0.9574497
74,240,TOP2A,RPA2,0.957254
74,367,TOP2A,HCFC1,0.95567846
74,372,TOP2A,BACE1,0.9534261
74,117,TOP2A,TFG,0.95333767
74,589,TOP2A,YBX1,0.95075625
74,42,TOP2A,HMGB2,0.950663
74,279,TOP2A,AURKB,0.94907594
74,53,TOP2A,ORC6,0.9420526
74,411,TOP2A,CDC45,0.94096965
74,478,TOP2A,MKI67,0.93825924
74,399,TOP2A,RRM2,0.93532705
74,361,TOP2A,CCNB2,0.93510383
74,102,TOP2A,PRIM1,0.9324367
74,226,TOP2A,POLR2B,0.9321233
74,620,TOP2A,TIPIN,0.9321064
74,433,TOP2A,XPC,0.9317006
74,182,TOP2A,RPA1,0.9294055
74,21,TOP2A,RRM1,0.9290176
74,266,TOP2A,MSH6,0.92842555
74,297,TOP2A,LIG1,0.92824423
74,404,TOP2A,FTSJ3,0.92702514
74,610,TOP2A,PRIM2,0.92505
74,290,TOP2A,POLD1,0.9232855
74,82,TOP2A,RB1,0.92190427
74,273,TOP2A,FIGNL1,0.9213992
74,246,TOP2A,TK1,0.91668236
74,407,TOP2A,CDC7,0.91668236
230,621,TOP3B,SNRPB,0.96252805
230,353,TOP3B,CBFB,0.95508814
230,475,TOP3B,BCL2,0.94235134
230,589,TOP3B,YBX1,0.9296232
230,209,TOP3B,ZBTB16,0.92838866
230,485,TOP3B,ABL1,0.926989
230,292,TOP3B,HDAC7,0.92286843
230,67,TOP3B,HDAC2,0.91773736
230,413,TOP3B,RASSF4,0.9170349
230,587,TOP3B,NCAPD2,0.9170349
230,206,TOP3B,ZDHHC6,0.90772885
230,161,TOP3B,JARID2,0.9022327
230,29,TOP3B,IKZF1,0.88911086
230,165,TOP3B,GTF2H1,0.88711244
230,508,TOP3B,NDRG1,0.87909734
230,631,TOP3B,ZFP36,0.8689519
230,439,TOP3B,DDX20,0.86566734
230,283,TOP3B,EGR1,0.8613373
230,437,TOP3B,MYB,0.8533112
230,564,TOP3B,MFNG,0.8527602
230,177,TOP3B,RELB,0.8500176
230,261,TOP3B,EZR,0.8454869
230,367,TOP3B,HCFC1,0.8440891
230,48,TOP3B,ELANE,0.84335786
230,486,TOP3B,NFKBIA,0.8410208
230,482,TOP3B,NFATC2,0.8400704
230,208,TOP3B,CISH,0.8397987
230,363,TOP3B,MYC,0.83815074
230,331,TOP3B,PIM2,0.83432525
230,422,TOP3B,SESN1,0.82630706
230,410,TOP3B,SMARCA2,0.82520443
230,436,TOP3B,RARB,0.81732094
230,180,TOP3B,TRIM35,0.81515986
230,196,TOP3B,RARS,0.81096464
230,351,TOP3B,ERCC8,0.8104067
230,232,TOP3B,ICAM1,0.79111594
230,263,TOP3B,JUN,0.7880454
230,557,TOP3B,SATB1,0.7844344
230,315,TOP3B,CTSL,0.78252107
230,81,TOP3B,HDAC11,0.7819043
230,82,TOP3B,RB1,0.76340795
230,494,TOP3B,USP11,0.75883955
230,536,TOP3B,SPI1,0.75764745
230,357,TOP3B,MEIS1,0.75267124
230,34,TOP3B,MAML3,0.74824244
230,6,TOP3B,BTG2,0.734363
230,466,TOP3B,ABCG2,0.7338033
230,253,TOP3B,GRINA,0.7240131
230,289,TOP3B,GT(ROSA)26SOR,0.7240131
230,613,TOP3B,PGLYRP2,0.7240131
83,621,TOPORS,SNRPB,0.9251859
83,353,TOPORS,CBFB,0.895775
83,475,TOPORS,BCL2,0.8942831
83,413,TOPORS,RASSF4,0.8941586
83,587,TOPORS,NCAPD2,0.8941586
83,67,TOPORS,HDAC2,0.8850062
83,589,TOPORS,YBX1,0.8819421
83,209,TOPORS,ZBTB16,0.8709828
83,485,TOPORS,ABL1,0.8572532
83,292,TOPORS,HDAC7,0.8490846
83,161,TOPORS,JARID2,0.8247187
83,206,TOPORS,ZDHHC6,0.8222312
83,29,TOPORS,IKZF1,0.8147214
83,165,TOPORS,GTF2H1,0.803527
83,261,TOPORS,EZR,0.79889566
83,508,TOPORS,NDRG1,0.7715531
83,367,TOPORS,HCFC1,0.7700447
83,437,TOPORS,MYB,0.76757336
83,283,TOPORS,EGR1,0.7656194
83,439,TOPORS,DDX20,0.76391715
83,48,TOPORS,ELANE,0.7628878
83,631,TOPORS,ZFP36,0.7616878
83,486,TOPORS,NFKBIA,0.7554825
83,351,TOPORS,ERCC8,0.7502097
83,564,TOPORS,MFNG,0.74007237
83,208,TOPORS,CISH,0.7360838
83,177,TOPORS,RELB,0.7343861
83,331,TOPORS,PIM2,0.7212916
83,196,TOPORS,RARS,0.71889025
83,363,TOPORS,MYC,0.7176446
83,482,TOPORS,NFATC2,0.71484596
83,422,TOPORS,SESN1,0.7136104
83,466,TOPORS,ABCG2,0.71360517
83,180,TOPORS,TRIM35,0.706945
83,436,TOPORS,RARB,0.7036986
83,263,TOPORS,JUN,0.70247537
83,315,TOPORS,CTSL,0.70188516
83,357,TOPORS,MEIS1,0.6965902
83,81,TOPORS,HDAC11,0.6961269
83,557,TOPORS,SATB1,0.69231915
83,494,TOPORS,USP11,0.6917651
83,82,TOPORS,RB1,0.69159496
83,232,TOPORS,ICAM1,0.68858284
83,34,TOPORS,MAML3,0.68767226
83,410,TOPORS,SMARCA2,0.6799688
83,613,TOPORS,PGLYRP2,0.6698586
83,536,TOPORS,SPI1,0.66717046
83,69,TOPORS,NAP1L3,0.66664016
83,6,TOPORS,BTG2,0.664153
83,253,TOPORS,GRINA,0.6624757
152,621,TOR3A,SNRPB,0.9282548
152,353,TOR3A,CBFB,0.895775
152,475,TOR3A,BCL2,0.8942831
152,413,TOR3A,RASSF4,0.8941586
152,587,TOR3A,NCAPD2,0.8941586
152,67,TOR3A,HDAC2,0.8847818
152,589,TOR3A,YBX1,0.8820887
152,209,TOR3A,ZBTB16,0.8709828
152,165,TOR3A,GTF2H1,0.85787445
152,485,TOR3A,ABL1,0.8572532
152,292,TOR3A,HDAC7,0.8490846
152,508,TOR3A,NDRG1,0.82139933
152,206,TOR3A,ZDHHC6,0.82137835
152,161,TOR3A,JARID2,0.81536126
152,29,TOR3A,IKZF1,0.81481063
152,261,TOR3A,EZR,0.79889566
152,437,TOR3A,MYB,0.76757336
152,283,TOR3A,EGR1,0.7656194
152,439,TOR3A,DDX20,0.7637642
152,48,TOR3A,ELANE,0.7628878
152,631,TOR3A,ZFP36,0.76168686
152,486,TOR3A,NFKBIA,0.7551303
152,351,TOR3A,ERCC8,0.7503152
152,208,TOR3A,CISH,0.7360838
152,177,TOR3A,RELB,0.73413795
152,564,TOR3A,MFNG,0.7278348
152,331,TOR3A,PIM2,0.7212916
152,196,TOR3A,RARS,0.71889025
152,410,TOR3A,SMARCA2,0.7174124
152,482,TOR3A,NFATC2,0.71484596
152,363,TOR3A,MYC,0.7143017
152,422,TOR3A,SESN1,0.7136104
152,466,TOR3A,ABCG2,0.71360517
152,180,TOR3A,TRIM35,0.7070132
152,436,TOR3A,RARB,0.7036986
152,263,TOR3A,JUN,0.70247537
152,315,TOR3A,CTSL,0.70188516
152,357,TOR3A,MEIS1,0.6965902
152,81,TOR3A,HDAC11,0.6961269
152,557,TOR3A,SATB1,0.69231915
152,494,TOR3A,USP11,0.6917651
152,82,TOR3A,RB1,0.69159496
152,232,TOR3A,ICAM1,0.68896097
152,6,TOR3A,BTG2,0.6888521
152,34,TOR3A,MAML3,0.68767226
152,536,TOR3A,SPI1,0.66701454
152,449,TOR3A,TIE1,0.66557777
152,289,TOR3A,GT(ROSA)26SOR,0.66255695
152,253,TOR3A,GRINA,0.6624757
152,613,TOR3A,PGLYRP2,0.6624757
172,621,TPM4,SNRPB,0.9283486
172,353,TPM4,CBFB,0.8959748
172,413,TPM4,RASSF4,0.8942389
172,587,TPM4,NCAPD2,0.8942389
172,475,TPM4,BCL2,0.8938749
172,209,TPM4,ZBTB16,0.8905787
172,67,TPM4,HDAC2,0.88508415
172,589,TPM4,YBX1,0.8821086
172,165,TPM4,GTF2H1,0.8594975
172,485,TPM4,ABL1,0.8574421
172,206,TPM4,ZDHHC6,0.8223766
172,508,TPM4,NDRG1,0.8215394
172,161,TPM4,JARID2,0.8152766
172,29,TPM4,IKZF1,0.81486714
172,261,TPM4,EZR,0.7987827
172,292,TPM4,HDAC7,0.79309726
172,367,TPM4,HCFC1,0.76833516
172,437,TPM4,MYB,0.76769996
172,283,TPM4,EGR1,0.76569134
172,439,TPM4,DDX20,0.7639631
172,48,TPM4,ELANE,0.7629979
172,486,TPM4,NFKBIA,0.75516057
172,351,TPM4,ERCC8,0.7503567
172,482,TPM4,NFATC2,0.7434443
172,208,TPM4,CISH,0.7413458
172,564,TPM4,MFNG,0.7401478
172,631,TPM4,ZFP36,0.734492
172,177,TPM4,RELB,0.7341044
172,331,TPM4,PIM2,0.72132087
172,196,TPM4,RARS,0.71902734
172,363,TPM4,MYC,0.7179243
172,466,TPM4,ABCG2,0.71360904
172,422,TPM4,SESN1,0.7131804
172,436,TPM4,RARB,0.70384884
172,263,TPM4,JUN,0.70260364
172,315,TPM4,CTSL,0.7018673
172,357,TPM4,MEIS1,0.6966678
172,81,TPM4,HDAC11,0.69598365
172,557,TPM4,SATB1,0.69391143
172,410,TPM4,SMARCA2,0.6926992
172,494,TPM4,USP11,0.6918052
172,82,TPM4,RB1,0.6914064
172,232,TPM4,ICAM1,0.6887335
172,180,TPM4,TRIM35,0.6883543
172,34,TPM4,MAML3,0.68772805
172,6,TPM4,BTG2,0.6686719
172,536,TPM4,SPI1,0.66719866
172,449,TPM4,TIE1,0.6658912
172,162,TPM4,FES,0.6645344
172,253,TPM4,GRINA,0.6625963
94,475,TRIB3,BCL2,0.97499204
94,29,TRIB3,IKZF1,0.96699435
94,485,TRIB3,ABL1,0.9639605
94,292,TRIB3,HDAC7,0.96296823
94,283,TRIB3,EGR1,0.9515492
94,161,TRIB3,JARID2,0.9492079
94,79,TRIB3,STAT2,0.94893926
94,64,TRIB3,IRF9,0.94366723
94,466,TRIB3,ABCG2,0.9435115
94,289,TRIB3,GT(ROSA)26SOR,0.93978685
94,253,TRIB3,GRINA,0.9397457
94,613,TRIB3,PGLYRP2,0.93973297
94,536,TRIB3,SPI1,0.9396391
94,293,TRIB3,IRF7,0.938829
94,420,TRIB3,FDFT1,0.9385498
94,278,TRIB3,NCF1,0.93707687
94,515,TRIB3,IGHM,0.93707687
94,219,TRIB3,TLR4,0.9370738
94,6,TRIB3,BTG2,0.9363333
94,263,TRIB3,JUN,0.9360737
94,270,TRIB3,VDR,0.9350784
94,196,TRIB3,RARS,0.93471956
94,27,TRIB3,IRF8,0.934205
94,73,TRIB3,RORC,0.93419844
94,206,TRIB3,ZDHHC6,0.9337233
94,251,TRIB3,IRF6,0.9336348
94,52,TRIB3,FCGR2B,0.9331087
94,213,TRIB3,TCP11L2,0.933029
94,304,TRIB3,HLF,0.933029
94,69,TRIB3,NAP1L3,0.9317911
94,146,TRIB3,SCARF1,0.9317911
94,175,TRIB3,TLE2,0.9317911
94,194,TRIB3,GOLPH3,0.9317911
94,441,TRIB3,EBF1,0.9317911
94,546,TRIB3,PROCR,0.9317911
94,622,TRIB3,KRT18,0.9317911
94,590,TRIB3,IL12A,0.9315808
94,209,TRIB3,ZBTB16,0.9314037
94,517,TRIB3,H1F0,0.9310235
94,224,TRIB3,MAPK12,0.9237666
94,183,TRIB3,XAF1,0.9233952
94,504,TRIB3,IFI44,0.9233952
94,354,TRIB3,IIGP1,0.9233724
94,50,TRIB3,NFAT5,0.9219519
94,550,TRIB3,CREB5,0.9219519
94,57,TRIB3,OASL2,0.9213107
94,277,TRIB3,RTP4,0.9208336
94,580,TRIB3,MLLT3,0.92069614
94,208,TRIB3,CISH,0.9190593
94,559,TRIB3,RUNX1T1,0.91628146
180,475,TRIM35,BCL2,0.9726343
180,29,TRIM35,IKZF1,0.96612597
180,485,TRIM35,ABL1,0.9617839
180,292,TRIM35,HDAC7,0.96049666
180,283,TRIM35,EGR1,0.9494173
180,79,TRIM35,STAT2,0.94705
180,161,TRIM35,JARID2,0.9440434
180,64,TRIM35,IRF9,0.9415451
180,196,TRIM35,RARS,0.9414617
180,466,TRIM35,ABCG2,0.9387221
180,263,TRIM35,JUN,0.93841416
180,613,TRIM35,PGLYRP2,0.9371935
180,253,TRIM35,GRINA,0.9369192
180,289,TRIM35,GT(ROSA)26SOR,0.9369192
180,6,TRIM35,BTG2,0.9367021
180,293,TRIM35,IRF7,0.9365129
180,420,TRIM35,FDFT1,0.9361614
180,536,TRIM35,SPI1,0.93562895
180,219,TRIM35,TLR4,0.93498504
180,162,TRIM35,FES,0.9324509
180,515,TRIM35,IGHM,0.9324509
180,278,TRIM35,NCF1,0.93239003
180,73,TRIM35,RORC,0.93229574
180,270,TRIM35,VDR,0.93201524
180,27,TRIM35,IRF8,0.9320105
180,206,TRIM35,ZDHHC6,0.93187
180,251,TRIM35,IRF6,0.93139476
180,194,TRIM35,GOLPH3,0.9294457
180,175,TRIM35,TLE2,0.9293971
180,69,TRIM35,NAP1L3,0.9293749
180,146,TRIM35,SCARF1,0.9293749
180,546,TRIM35,PROCR,0.9293749
180,622,TRIM35,KRT18,0.9293749
180,590,TRIM35,IL12A,0.9293163
180,52,TRIM35,FCGR2B,0.928056
180,213,TRIM35,TCP11L2,0.928056
180,304,TRIM35,HLF,0.928056
180,517,TRIM35,H1F0,0.9259066
180,580,TRIM35,MLLT3,0.92526406
180,209,TRIM35,ZBTB16,0.9233697
180,354,TRIM35,IIGP1,0.92129433
180,183,TRIM35,XAF1,0.9212816
180,504,TRIM35,IFI44,0.9212816
180,224,TRIM35,MAPK12,0.91978204
180,631,TRIM35,ZFP36,0.9195364
180,109,TRIM35,H2-AA,0.919443
180,177,TRIM35,RELB,0.91939634
180,353,TRIM35,CBFB,0.9183831
180,550,TRIM35,CREB5,0.91829324
180,208,TRIM35,CISH,0.91823477
130,621,TRIM47,SNRPB,0.9282103
130,353,TRIM47,CBFB,0.895775
130,413,TRIM47,RASSF4,0.8941586
130,67,TRIM47,HDAC2,0.8850062
130,589,TRIM47,YBX1,0.88099474
130,587,TRIM47,NCAPD2,0.8748904
130,209,TRIM47,ZBTB16,0.8709828
130,165,TRIM47,GTF2H1,0.8593966
130,485,TRIM47,ABL1,0.8572532
130,475,TRIM47,BCL2,0.85317093
130,292,TRIM47,HDAC7,0.8490846
130,206,TRIM47,ZDHHC6,0.8222312
130,161,TRIM47,JARID2,0.81536126
130,29,TRIM47,IKZF1,0.8147214
130,508,TRIM47,NDRG1,0.81017315
130,367,TRIM47,HCFC1,0.7698142
130,437,TRIM47,MYB,0.76757336
130,283,TRIM47,EGR1,0.7656194
130,439,TRIM47,DDX20,0.7637642
130,48,TRIM47,ELANE,0.7628878
130,631,TRIM47,ZFP36,0.7616878
130,486,TRIM47,NFKBIA,0.7551303
130,351,TRIM47,ERCC8,0.7502097
130,564,TRIM47,MFNG,0.74007237
130,208,TRIM47,CISH,0.73583835
130,177,TRIM47,RELB,0.73413795
130,331,TRIM47,PIM2,0.7212916
130,196,TRIM47,RARS,0.71889025
130,622,TRIM47,KRT18,0.71834666
130,363,TRIM47,MYC,0.7176446
130,410,TRIM47,SMARCA2,0.7174124
130,482,TRIM47,NFATC2,0.71477085
130,466,TRIM47,ABCG2,0.71360517
130,422,TRIM47,SESN1,0.7135335
130,180,TRIM47,TRIM35,0.7070132
130,436,TRIM47,RARB,0.7036986
130,263,TRIM47,JUN,0.70247537
130,315,TRIM47,CTSL,0.70188516
130,261,TRIM47,EZR,0.69878966
130,357,TRIM47,MEIS1,0.6965902
130,81,TRIM47,HDAC11,0.6961269
130,557,TRIM47,SATB1,0.69231915
130,494,TRIM47,USP11,0.6917651
130,82,TRIM47,RB1,0.69159496
130,232,TRIM47,ICAM1,0.68858284
130,34,TRIM47,MAML3,0.68767226
130,6,TRIM47,BTG2,0.68100077
130,536,TRIM47,SPI1,0.66701454
130,449,TRIM47,TIE1,0.66557777
130,253,TRIM47,GRINA,0.6624757
272,621,TRIM59,SNRPB,0.9282103
272,353,TRIM59,CBFB,0.895775
272,475,TRIM59,BCL2,0.8945864
272,413,TRIM59,RASSF4,0.8941586
272,587,TRIM59,NCAPD2,0.8941586
272,67,TRIM59,HDAC2,0.8850062
272,589,TRIM59,YBX1,0.8819421
272,209,TRIM59,ZBTB16,0.8709828
272,165,TRIM59,GTF2H1,0.8593966
272,485,TRIM59,ABL1,0.8572532
272,206,TRIM59,ZDHHC6,0.8222312
272,508,TRIM59,NDRG1,0.82139933
272,29,TRIM59,IKZF1,0.8147214
272,292,TRIM59,HDAC7,0.8003919
272,261,TRIM59,EZR,0.7994753
272,161,TRIM59,JARID2,0.79215765
272,367,TRIM59,HCFC1,0.7698142
272,437,TRIM59,MYB,0.76757336
272,283,TRIM59,EGR1,0.76525295
272,439,TRIM59,DDX20,0.7637642
272,48,TRIM59,ELANE,0.7628878
272,631,TRIM59,ZFP36,0.7616878
272,486,TRIM59,NFKBIA,0.7551303
272,351,TRIM59,ERCC8,0.7502097
272,564,TRIM59,MFNG,0.74007237
272,208,TRIM59,CISH,0.7360838
272,177,TRIM59,RELB,0.73413795
272,79,TRIM59,STAT2,0.7255841
272,331,TRIM59,PIM2,0.7212916
272,196,TRIM59,RARS,0.71889025
272,363,TRIM59,MYC,0.7176446
272,410,TRIM59,SMARCA2,0.7174124
272,482,TRIM59,NFATC2,0.71484596
272,422,TRIM59,SESN1,0.7136104
272,466,TRIM59,ABCG2,0.71360517
272,180,TRIM59,TRIM35,0.7070132
272,436,TRIM59,RARB,0.7036986
272,263,TRIM59,JUN,0.70247537
272,315,TRIM59,CTSL,0.70188516
272,357,TRIM59,MEIS1,0.69639796
272,81,TRIM59,HDAC11,0.6961269
272,557,TRIM59,SATB1,0.69231915
272,494,TRIM59,USP11,0.6917651
272,82,TRIM59,RB1,0.69159496
272,232,TRIM59,ICAM1,0.68858284
272,34,TRIM59,MAML3,0.6861636
272,622,TRIM59,KRT18,0.6748085
272,6,TRIM59,BTG2,0.66849935
272,536,TRIM59,SPI1,0.66701454
272,449,TRIM59,TIE1,0.66557777
98,621,TRMT11,SNRPB,0.92825943
98,353,TRMT11,CBFB,0.8956714
98,413,TRMT11,RASSF4,0.894565
98,587,TRMT11,NCAPD2,0.894565
98,475,TRMT11,BCL2,0.8935608
98,67,TRMT11,HDAC2,0.8852832
98,589,TRMT11,YBX1,0.8822892
98,209,TRMT11,ZBTB16,0.8707864
98,165,TRMT11,GTF2H1,0.85990876
98,485,TRMT11,ABL1,0.8570287
98,292,TRMT11,HDAC7,0.84884566
98,206,TRMT11,ZDHHC6,0.82203794
98,508,TRMT11,NDRG1,0.82186425
98,161,TRMT11,JARID2,0.8151754
98,29,TRMT11,IKZF1,0.8146298
98,261,TRMT11,EZR,0.79942566
98,367,TRMT11,HCFC1,0.77053463
98,437,TRMT11,MYB,0.7678395
98,283,TRMT11,EGR1,0.76524603
98,439,TRMT11,DDX20,0.7644112
98,48,TRMT11,ELANE,0.7628591
98,631,TRMT11,ZFP36,0.76191485
98,486,TRMT11,NFKBIA,0.75692105
98,351,TRMT11,ERCC8,0.7509755
98,564,TRMT11,MFNG,0.740209
98,208,TRMT11,CISH,0.73581606
98,177,TRMT11,RELB,0.73431027
98,196,TRMT11,RARS,0.718625
98,363,TRMT11,MYC,0.7182219
98,410,TRMT11,SMARCA2,0.7171732
98,482,TRMT11,NFATC2,0.7154868
98,422,TRMT11,SESN1,0.7136068
98,466,TRMT11,ABCG2,0.7135693
98,436,TRMT11,RARB,0.7034634
98,315,TRMT11,CTSL,0.70236844
98,263,TRMT11,JUN,0.70220363
98,357,TRMT11,MEIS1,0.69641596
98,81,TRMT11,HDAC11,0.6960376
98,180,TRMT11,TRIM35,0.69453686
98,82,TRMT11,RB1,0.69244075
98,557,TRMT11,SATB1,0.6923308
98,494,TRMT11,USP11,0.6921285
98,34,TRMT11,MAML3,0.6877759
98,331,TRMT11,PIM2,0.6791405
98,232,TRMT11,ICAM1,0.670995
98,6,TRMT11,BTG2,0.6680894
98,536,TRMT11,SPI1,0.66636
98,175,TRMT11,TLE2,0.66604304
98,449,TRMT11,TIE1,0.66512734
98,278,TRMT11,NCF1,0.66415936
538,475,TRP53I11,BCL2,0.97309816
538,29,TRP53I11,IKZF1,0.9675099
538,485,TRP53I11,ABL1,0.96331716
538,292,TRP53I11,HDAC7,0.96261597
538,283,TRP53I11,EGR1,0.95015866
538,79,TRP53I11,STAT2,0.9489043
538,161,TRP53I11,JARID2,0.9482906
538,466,TRP53I11,ABCG2,0.9435093
538,263,TRP53I11,JUN,0.94303423
538,196,TRP53I11,RARS,0.9429531
538,64,TRP53I11,IRF9,0.94194025
538,6,TRP53I11,BTG2,0.93931216
538,613,TRP53I11,PGLYRP2,0.9390821
538,536,TRP53I11,SPI1,0.9381583
538,206,TRP53I11,ZDHHC6,0.93755686
538,293,TRP53I11,IRF7,0.9368376
538,420,TRP53I11,FDFT1,0.93649155
538,27,TRP53I11,IRF8,0.93612933
538,219,TRP53I11,TLR4,0.93510175
538,278,TRP53I11,NCF1,0.93510175
538,515,TRP53I11,IGHM,0.93510175
538,253,TRP53I11,GRINA,0.93485236
538,270,TRP53I11,VDR,0.93383104
538,146,TRP53I11,SCARF1,0.9327907
538,69,TRP53I11,NAP1L3,0.93276596
538,175,TRP53I11,TLE2,0.93276596
538,194,TRP53I11,GOLPH3,0.93276596
538,546,TRP53I11,PROCR,0.93276596
538,622,TRP53I11,KRT18,0.93276596
538,441,TRP53I11,EBF1,0.9325346
538,73,TRP53I11,RORC,0.9324256
538,52,TRP53I11,FCGR2B,0.9316445
538,251,TRP53I11,IRF6,0.9314825
538,213,TRP53I11,TCP11L2,0.9313023
538,304,TRP53I11,HLF,0.9313023
538,590,TRP53I11,IL12A,0.9297021
538,517,TRP53I11,H1F0,0.92888355
538,580,TRP53I11,MLLT3,0.92695016
538,353,TRP53I11,CBFB,0.92482644
538,208,TRP53I11,CISH,0.9232189
538,224,TRP53I11,MAPK12,0.9229468
538,354,TRP53I11,IIGP1,0.9211534
538,504,TRP53I11,IFI44,0.9211534
538,177,TRP53I11,RELB,0.92107046
538,183,TRP53I11,XAF1,0.9209189
538,631,TRP53I11,ZFP36,0.92055935
538,50,TRP53I11,NFAT5,0.9198258
538,550,TRP53I11,CREB5,0.9198258
538,109,TRP53I11,H2-AA,0.91967934
538,276,TRP53I11,REL,0.91960186
593,621,TRPC6,SNRPB,0.9282103
593,485,TRPC6,ABL1,0.9212476
593,353,TRPC6,CBFB,0.895775
593,475,TRPC6,BCL2,0.8942831
593,587,TRPC6,NCAPD2,0.89422727
593,67,TRPC6,HDAC2,0.8850062
593,589,TRPC6,YBX1,0.8819421
593,413,TRPC6,RASSF4,0.87735444
593,209,TRPC6,ZBTB16,0.8709828
593,292,TRPC6,HDAC7,0.8490846
593,206,TRPC6,ZDHHC6,0.8222312
593,508,TRPC6,NDRG1,0.82139933
593,161,TRPC6,JARID2,0.81536126
593,29,TRPC6,IKZF1,0.8147214
593,165,TRPC6,GTF2H1,0.803527
593,261,TRPC6,EZR,0.79889566
593,367,TRPC6,HCFC1,0.7698142
593,437,TRPC6,MYB,0.76757336
593,283,TRPC6,EGR1,0.7656194
593,48,TRPC6,ELANE,0.7630163
593,439,TRPC6,DDX20,0.76217204
593,631,TRPC6,ZFP36,0.7616878
593,486,TRPC6,NFKBIA,0.7551303
593,351,TRPC6,ERCC8,0.7492171
593,564,TRPC6,MFNG,0.73947424
593,208,TRPC6,CISH,0.7360838
593,177,TRPC6,RELB,0.73413795
593,331,TRPC6,PIM2,0.7212916
593,196,TRPC6,RARS,0.71889025
593,363,TRPC6,MYC,0.7176446
593,410,TRPC6,SMARCA2,0.7174124
593,482,TRPC6,NFATC2,0.71484596
593,422,TRPC6,SESN1,0.713625
593,466,TRPC6,ABCG2,0.71360517
593,180,TRPC6,TRIM35,0.7070132
593,436,TRPC6,RARB,0.7036986
593,263,TRPC6,JUN,0.70247537
593,357,TRPC6,MEIS1,0.6965902
593,81,TRPC6,HDAC11,0.6961269
593,494,TRPC6,USP11,0.6917651
593,82,TRPC6,RB1,0.69159496
593,232,TRPC6,ICAM1,0.68881
593,34,TRPC6,MAML3,0.68785745
593,315,TRPC6,CTSL,0.6839668
593,536,TRPC6,SPI1,0.6730908
593,6,TRPC6,BTG2,0.66886616
593,449,TRPC6,TIE1,0.66557777
593,253,TRPC6,GRINA,0.6624757
593,289,TRPC6,GT(ROSA)26SOR,0.6624757
593,613,TRPC6,PGLYRP2,0.6624757
358,475,TRPS1,BCL2,0.9740297
358,209,TRPS1,ZBTB16,0.9674675
358,29,TRPS1,IKZF1,0.9665326
358,292,TRPS1,HDAC7,0.96487516
358,485,TRPS1,ABL1,0.9591824
358,283,TRPS1,EGR1,0.9550102
358,353,TRPS1,CBFB,0.9541416
358,466,TRPS1,ABCG2,0.9541366
358,196,TRPS1,RARS,0.95358217
358,161,TRPS1,JARID2,0.951795
358,263,TRPS1,JUN,0.9506147
358,631,TRPS1,ZFP36,0.94717234
358,79,TRPS1,STAT2,0.9426287
358,206,TRPS1,ZDHHC6,0.94219667
358,6,TRPS1,BTG2,0.941236
358,177,TRPS1,RELB,0.937493
358,219,TRPS1,TLR4,0.93494874
358,162,TRPS1,FES,0.93446404
358,515,TRPS1,IGHM,0.93446404
358,436,TRPS1,RARB,0.9343247
358,441,TRPS1,EBF1,0.9332534
358,289,TRPS1,GT(ROSA)26SOR,0.933207
358,253,TRPS1,GRINA,0.9331687
358,613,TRPS1,PGLYRP2,0.9331687
358,413,TRPS1,RASSF4,0.9329497
358,587,TRPS1,NCAPD2,0.9329497
358,146,TRPS1,SCARF1,0.9313055
358,194,TRPS1,GOLPH3,0.9313055
358,536,TRPS1,SPI1,0.9311905
358,232,TRPS1,ICAM1,0.93069685
358,175,TRPS1,TLE2,0.9306915
358,546,TRPS1,PROCR,0.9306915
358,622,TRPS1,KRT18,0.9306915
358,278,TRPS1,NCF1,0.9303892
358,557,TRPS1,SATB1,0.93038213
358,64,TRPS1,IRF9,0.9292877
358,52,TRPS1,FCGR2B,0.92559296
358,213,TRPS1,TCP11L2,0.925568
358,304,TRPS1,HLF,0.925568
358,270,TRPS1,VDR,0.9245726
358,420,TRPS1,FDFT1,0.92439383
358,224,TRPS1,MAPK12,0.92403626
358,621,TRPS1,SNRPB,0.92351866
358,73,TRPS1,RORC,0.9231725
358,67,TRPS1,HDAC2,0.9222813
358,293,TRPS1,IRF7,0.92221534
358,276,TRPS1,REL,0.92142963
358,590,TRPS1,IL12A,0.9208167
358,27,TRPS1,IRF8,0.92060995
358,517,TRPS1,H1F0,0.92026645
409,621,TSC22D3,SNRPB,0.92731714
409,475,TSC22D3,BCL2,0.8940065
409,413,TSC22D3,RASSF4,0.89206386
409,587,TSC22D3,NCAPD2,0.8906872
409,589,TSC22D3,YBX1,0.8798517
409,485,TSC22D3,ABL1,0.87733877
409,67,TSC22D3,HDAC2,0.8770247
409,209,TSC22D3,ZBTB16,0.87071776
409,292,TSC22D3,HDAC7,0.8487281
409,353,TSC22D3,CBFB,0.8247025
409,206,TSC22D3,ZDHHC6,0.82146746
409,161,TSC22D3,JARID2,0.81488127
409,29,TSC22D3,IKZF1,0.8141731
409,165,TSC22D3,GTF2H1,0.80038434
409,261,TSC22D3,EZR,0.7968687
409,367,TSC22D3,HCFC1,0.7672869
409,437,TSC22D3,MYB,0.7661125
409,283,TSC22D3,EGR1,0.7652051
409,48,TSC22D3,ELANE,0.76382214
409,439,TSC22D3,DDX20,0.76137847
409,631,TSC22D3,ZFP36,0.75841606
409,351,TSC22D3,ERCC8,0.7475205
409,486,TSC22D3,NFKBIA,0.7396728
409,564,TSC22D3,MFNG,0.7388536
409,208,TSC22D3,CISH,0.7352131
409,177,TSC22D3,RELB,0.7307798
409,363,TSC22D3,MYC,0.73050976
409,331,TSC22D3,PIM2,0.7193086
409,196,TSC22D3,RARS,0.716125
409,410,TSC22D3,SMARCA2,0.7149932
409,466,TSC22D3,ABCG2,0.71354747
409,422,TSC22D3,SESN1,0.7111599
409,482,TSC22D3,NFATC2,0.7110005
409,180,TSC22D3,TRIM35,0.7060079
409,315,TSC22D3,CTSL,0.70161265
409,263,TSC22D3,JUN,0.701031
409,357,TSC22D3,MEIS1,0.69646513
409,81,TSC22D3,HDAC11,0.6939817
409,494,TSC22D3,USP11,0.69187474
409,557,TSC22D3,SATB1,0.69167745
409,82,TSC22D3,RB1,0.68862736
409,232,TSC22D3,ICAM1,0.68794465
409,34,TSC22D3,MAML3,0.6865517
409,508,TSC22D3,NDRG1,0.6844397
409,6,TSC22D3,BTG2,0.6688045
409,536,TSC22D3,SPI1,0.6672288
409,449,TSC22D3,TIE1,0.66512394
409,253,TSC22D3,GRINA,0.6637059
409,289,TSC22D3,GT(ROSA)26SOR,0.6637059
409,79,TSC22D3,STAT2,0.6588873
38,475,TSPAN14,BCL2,0.9740297
38,29,TSPAN14,IKZF1,0.9665315
38,292,TSPAN14,HDAC7,0.96483284
38,485,TSPAN14,ABL1,0.95916194
38,161,TSPAN14,JARID2,0.95565414
38,283,TSPAN14,EGR1,0.9550102
38,466,TSPAN14,ABCG2,0.9541366
38,263,TSPAN14,JUN,0.9506147
38,631,TSPAN14,ZFP36,0.94717234
38,196,TSPAN14,RARS,0.9444981
38,209,TSPAN14,ZBTB16,0.94276196
38,79,TSPAN14,STAT2,0.9426287
38,206,TSPAN14,ZDHHC6,0.94219667
38,6,TSPAN14,BTG2,0.941236
38,177,TSPAN14,RELB,0.937493
38,162,TSPAN14,FES,0.93446404
38,278,TSPAN14,NCF1,0.93446404
38,515,TSPAN14,IGHM,0.9344451
38,436,TSPAN14,RARB,0.9343247
38,219,TSPAN14,TLR4,0.9342901
38,613,TSPAN14,PGLYRP2,0.9332074
38,253,TSPAN14,GRINA,0.9331687
38,289,TSPAN14,GT(ROSA)26SOR,0.9331687
38,413,TSPAN14,RASSF4,0.9329497
38,587,TSPAN14,NCAPD2,0.9329497
38,536,TSPAN14,SPI1,0.9311905
38,175,TSPAN14,TLE2,0.9307553
38,232,TSPAN14,ICAM1,0.93069685
38,69,TSPAN14,NAP1L3,0.9306915
38,146,TSPAN14,SCARF1,0.9306915
38,441,TSPAN14,EBF1,0.9306915
38,546,TSPAN14,PROCR,0.9306915
38,622,TSPAN14,KRT18,0.9306915
38,194,TSPAN14,GOLPH3,0.93052804
38,557,TSPAN14,SATB1,0.93038213
38,208,TSPAN14,CISH,0.9293902
38,64,TSPAN14,IRF9,0.9292877
38,52,TSPAN14,FCGR2B,0.925568
38,213,TSPAN14,TCP11L2,0.925568
38,304,TSPAN14,HLF,0.925568
38,270,TSPAN14,VDR,0.9245726
38,420,TSPAN14,FDFT1,0.92439383
38,621,TSPAN14,SNRPB,0.92351866
38,73,TSPAN14,RORC,0.9231725
38,67,TSPAN14,HDAC2,0.922472
38,293,TSPAN14,IRF7,0.9219805
38,445,TSPAN14,APBB1,0.9210645
38,590,TSPAN14,IL12A,0.9208167
38,27,TSPAN14,IRF8,0.92007184
38,517,TSPAN14,H1F0,0.9198042
269,621,TTF2,SNRPB,0.928213
269,353,TTF2,CBFB,0.895775
269,475,TTF2,BCL2,0.8942831
269,413,TTF2,RASSF4,0.8941586
269,587,TTF2,NCAPD2,0.8941586
269,67,TTF2,HDAC2,0.8850062
269,589,TTF2,YBX1,0.8819421
269,209,TTF2,ZBTB16,0.8709828
269,165,TTF2,GTF2H1,0.8593966
269,485,TTF2,ABL1,0.8572532
269,206,TTF2,ZDHHC6,0.8222312
269,508,TTF2,NDRG1,0.82139933
269,29,TTF2,IKZF1,0.8147214
269,292,TTF2,HDAC7,0.8003919
269,261,TTF2,EZR,0.7994753
269,161,TTF2,JARID2,0.79215765
269,367,TTF2,HCFC1,0.7698142
269,437,TTF2,MYB,0.76757336
269,283,TTF2,EGR1,0.76525295
269,48,TTF2,ELANE,0.7628878
269,631,TTF2,ZFP36,0.7616878
269,351,TTF2,ERCC8,0.7502097
269,486,TTF2,NFKBIA,0.74516636
269,564,TTF2,MFNG,0.74007237
269,208,TTF2,CISH,0.7360838
269,177,TTF2,RELB,0.73413795
269,79,TTF2,STAT2,0.7255841
269,331,TTF2,PIM2,0.7212916
269,196,TTF2,RARS,0.71889025
269,363,TTF2,MYC,0.7176446
269,410,TTF2,SMARCA2,0.7174124
269,482,TTF2,NFATC2,0.71484596
269,466,TTF2,ABCG2,0.7139547
269,422,TTF2,SESN1,0.7136104
269,180,TTF2,TRIM35,0.7070132
269,436,TTF2,RARB,0.7036986
269,263,TTF2,JUN,0.70247537
269,315,TTF2,CTSL,0.70188516
269,357,TTF2,MEIS1,0.69639796
269,81,TTF2,HDAC11,0.6961269
269,445,TTF2,APBB1,0.69363475
269,557,TTF2,SATB1,0.69231915
269,494,TTF2,USP11,0.6917651
269,82,TTF2,RB1,0.69159496
269,232,TTF2,ICAM1,0.68858284
269,34,TTF2,MAML3,0.6861636
269,439,TTF2,DDX20,0.67580974
269,480,TTF2,WDR5,0.67171305
269,6,TTF2,BTG2,0.66849935
269,536,TTF2,SPI1,0.66701454
578,621,TUBGCP2,SNRPB,0.9253371
578,475,TUBGCP2,BCL2,0.9026088
578,353,TUBGCP2,CBFB,0.8995921
578,413,TUBGCP2,RASSF4,0.88273305
578,587,TUBGCP2,NCAPD2,0.88273305
578,209,TUBGCP2,ZBTB16,0.88096374
578,67,TUBGCP2,HDAC2,0.8722483
578,589,TUBGCP2,YBX1,0.8720267
578,485,TUBGCP2,ABL1,0.86804193
578,292,TUBGCP2,HDAC7,0.8606688
578,165,TUBGCP2,GTF2H1,0.84562206
578,206,TUBGCP2,ZDHHC6,0.83229166
578,161,TUBGCP2,JARID2,0.82710195
578,29,TUBGCP2,IKZF1,0.8206823
578,508,TUBGCP2,NDRG1,0.7896036
578,261,TUBGCP2,EZR,0.7715028
578,283,TUBGCP2,EGR1,0.77045065
578,48,TUBGCP2,ELANE,0.76350284
578,631,TUBGCP2,ZFP36,0.75777394
578,437,TUBGCP2,MYB,0.75725645
578,367,TUBGCP2,HCFC1,0.74852645
578,208,TUBGCP2,CISH,0.74838656
578,439,TUBGCP2,DDX20,0.7435197
578,564,TUBGCP2,MFNG,0.74041456
578,177,TUBGCP2,RELB,0.73882854
578,486,TUBGCP2,NFKBIA,0.73745733
578,351,TUBGCP2,ERCC8,0.7276781
578,196,TUBGCP2,RARS,0.7219912
578,331,TUBGCP2,PIM2,0.72023505
578,180,TUBGCP2,TRIM35,0.7194737
578,263,TUBGCP2,JUN,0.71648866
578,436,TUBGCP2,RARB,0.7156842
578,466,TUBGCP2,ABCG2,0.7152173
578,422,TUBGCP2,SESN1,0.71234643
578,232,TUBGCP2,ICAM1,0.7071453
578,441,TUBGCP2,EBF1,0.7070148
578,482,TUBGCP2,NFATC2,0.705552
578,363,TUBGCP2,MYC,0.7031552
578,81,TUBGCP2,HDAC11,0.6981566
578,357,TUBGCP2,MEIS1,0.6971705
578,536,TUBGCP2,SPI1,0.6927222
578,315,TUBGCP2,CTSL,0.6891588
578,6,TUBGCP2,BTG2,0.68449116
578,34,TUBGCP2,MAML3,0.68223095
578,494,TUBGCP2,USP11,0.67862463
578,410,TUBGCP2,SMARCA2,0.6785918
578,253,TUBGCP2,GRINA,0.67853886
578,289,TUBGCP2,GT(ROSA)26SOR,0.67853886
578,613,TUBGCP2,PGLYRP2,0.67853886
578,546,TUBGCP2,PROCR,0.67498
630,621,TUBGCP3,SNRPB,0.9415466
630,589,TUBGCP3,YBX1,0.92991924
630,413,TUBGCP3,RASSF4,0.92595214
630,587,TUBGCP3,NCAPD2,0.92595214
630,67,TUBGCP3,HDAC2,0.91593367
630,165,TUBGCP3,GTF2H1,0.9152738
630,261,TUBGCP3,EZR,0.9030897
630,367,TUBGCP3,HCFC1,0.8881908
630,353,TUBGCP3,CBFB,0.8847892
630,351,TUBGCP3,ERCC8,0.8691283
630,475,TUBGCP3,BCL2,0.86323386
630,209,TUBGCP3,ZBTB16,0.8563199
630,508,TUBGCP3,NDRG1,0.8555772
630,439,TUBGCP3,DDX20,0.8524253
630,485,TUBGCP3,ABL1,0.8190806
630,292,TUBGCP3,HDAC7,0.8169552
630,363,TUBGCP3,MYC,0.8154562
630,206,TUBGCP3,ZDHHC6,0.8073124
630,482,TUBGCP3,NFATC2,0.8057067
630,437,TUBGCP3,MYB,0.79641473
630,480,TUBGCP3,WDR5,0.78566897
630,161,TUBGCP3,JARID2,0.78521883
630,486,TUBGCP3,NFKBIA,0.78036255
630,29,TUBGCP3,IKZF1,0.7762266
630,226,TUBGCP3,POLR2B,0.76731646
630,134,TUBGCP3,PA2G4,0.7618112
630,564,TUBGCP3,MFNG,0.7498609
630,631,TUBGCP3,ZFP36,0.7498523
630,48,TUBGCP3,ELANE,0.74664694
630,315,TUBGCP3,CTSL,0.7462264
630,220,TUBGCP3,TMEM43,0.7403317
630,154,TUBGCP3,HDGF,0.7402723
630,197,TUBGCP3,WDR4,0.7402723
630,217,TUBGCP3,PRMT7,0.7402723
630,347,TUBGCP3,RNF4,0.7402723
630,389,TUBGCP3,FOXRED1,0.7402723
630,212,TUBGCP3,FLT3,0.73948294
630,562,TUBGCP3,NFIA,0.73763955
630,283,TUBGCP3,EGR1,0.7335495
630,104,TUBGCP3,BTK,0.7199662
630,494,TUBGCP3,USP11,0.7197931
630,345,TUBGCP3,UHRF1,0.7145866
630,577,TUBGCP3,CAD,0.7042354
630,177,TUBGCP3,RELB,0.7036975
630,208,TUBGCP3,CISH,0.6939069
630,331,TUBGCP3,PIM2,0.68544495
630,422,TUBGCP3,SESN1,0.6785594
630,166,TUBGCP3,PSAT1,0.67575365
630,196,TUBGCP3,RARS,0.67043227
630,410,TUBGCP3,SMARCA2,0.6647348
537,621,TXNDC11,SNRPB,0.9251865
537,353,TXNDC11,CBFB,0.895775
537,475,TXNDC11,BCL2,0.8942831
537,413,TXNDC11,RASSF4,0.8941586
537,67,TXNDC11,HDAC2,0.8850062
537,589,TXNDC11,YBX1,0.8819421
537,165,TXNDC11,GTF2H1,0.85845286
537,485,TXNDC11,ABL1,0.8572532
537,292,TXNDC11,HDAC7,0.8490846
537,206,TXNDC11,ZDHHC6,0.8222312
537,508,TXNDC11,NDRG1,0.82139933
537,209,TXNDC11,ZBTB16,0.82109094
537,161,TXNDC11,JARID2,0.81536126
537,29,TXNDC11,IKZF1,0.8147214
537,261,TXNDC11,EZR,0.79889566
537,437,TXNDC11,MYB,0.76757336
537,631,TXNDC11,ZFP36,0.7616878
537,283,TXNDC11,EGR1,0.7607387
537,486,TXNDC11,NFKBIA,0.7551303
537,351,TXNDC11,ERCC8,0.7502097
537,564,TXNDC11,MFNG,0.74007237
537,177,TXNDC11,RELB,0.7366495
537,208,TXNDC11,CISH,0.7360838
537,48,TXNDC11,ELANE,0.7345917
537,587,TXNDC11,NCAPD2,0.7306325
537,482,TXNDC11,NFATC2,0.7237593
537,331,TXNDC11,PIM2,0.7212916
537,196,TXNDC11,RARS,0.71971035
537,363,TXNDC11,MYC,0.7176446
537,410,TXNDC11,SMARCA2,0.7174124
537,422,TXNDC11,SESN1,0.7136104
537,466,TXNDC11,ABCG2,0.71360517
537,180,TXNDC11,TRIM35,0.7070132
537,263,TXNDC11,JUN,0.70247537
537,315,TXNDC11,CTSL,0.70188516
537,357,TXNDC11,MEIS1,0.6966681
537,81,TXNDC11,HDAC11,0.6961269
537,557,TXNDC11,SATB1,0.69231915
537,494,TXNDC11,USP11,0.6917651
537,82,TXNDC11,RB1,0.69159496
537,232,TXNDC11,ICAM1,0.68858284
537,34,TXNDC11,MAML3,0.6877883
537,436,TXNDC11,RARB,0.6772892
537,6,TXNDC11,BTG2,0.66849935
537,536,TXNDC11,SPI1,0.6669362
537,449,TXNDC11,TIE1,0.66557777
537,613,TXNDC11,PGLYRP2,0.6624757
537,441,TXNDC11,EBF1,0.65781903
537,146,TXNDC11,SCARF1,0.65723175
537,546,TXNDC11,PROCR,0.65723175
497,53,TYMS,ORC6,0.98666406
497,299,TYMS,ORC2,0.98545027
497,246,TYMS,TK1,0.98493606
497,137,TYMS,MYCN,0.9830467
497,189,TYMS,MCM5,0.98298556
497,204,TYMS,MCM2,0.9829344
497,259,TYMS,NUP107,0.98238534
497,575,TYMS,GTF2F1,0.9820281
497,375,TYMS,SRSF1,0.9809271
497,414,TYMS,CENPK,0.9806209
497,500,TYMS,MCM3,0.98061
497,426,TYMS,PRPF4,0.98058057
497,561,TYMS,MCM7,0.98056084
497,118,TYMS,MIS12,0.980078
497,350,TYMS,MCM6,0.9793748
497,554,TYMS,CDT1,0.97690445
497,323,TYMS,MCM4,0.975425
497,119,TYMS,SLC2A3,0.974245
497,392,TYMS,DCAF13,0.9739188
497,240,TYMS,RPA2,0.9683927
497,42,TYMS,HMGB2,0.9683175
497,74,TYMS,TOP2A,0.9683023
497,198,TYMS,NDN,0.9663264
497,182,TYMS,RPA1,0.9660405
497,30,TYMS,PBK,0.96596134
497,279,TYMS,AURKB,0.9657286
497,411,TYMS,CDC45,0.9628251
497,433,TYMS,XPC,0.9595735
497,361,TYMS,CCNB2,0.95910996
497,399,TYMS,RRM2,0.9584527
497,102,TYMS,PRIM1,0.9579175
497,21,TYMS,RRM1,0.95588064
497,266,TYMS,MSH6,0.9556633
497,620,TYMS,TIPIN,0.9551111
497,297,TYMS,LIG1,0.95488346
497,610,TYMS,PRIM2,0.9519031
497,290,TYMS,POLD1,0.9518574
497,439,TYMS,DDX20,0.9495131
497,273,TYMS,FIGNL1,0.9492885
497,478,TYMS,MKI67,0.94820076
497,407,TYMS,CDC7,0.94647235
497,621,TYMS,SNRPB,0.9416424
497,363,TYMS,MYC,0.92813987
497,367,TYMS,HCFC1,0.9113155
497,371,TYMS,SPO11,0.90458995
497,589,TYMS,YBX1,0.8917744
497,372,TYMS,BACE1,0.86909586
497,117,TYMS,TFG,0.8688946
497,226,TYMS,POLR2B,0.8482331
497,82,TYMS,RB1,0.8326535
502,621,TYROBP,SNRPB,0.9282532
502,353,TYROBP,CBFB,0.895775
502,475,TYROBP,BCL2,0.8942831
502,413,TYROBP,RASSF4,0.8941586
502,587,TYROBP,NCAPD2,0.8941586
502,67,TYROBP,HDAC2,0.8850062
502,589,TYROBP,YBX1,0.8819421
502,209,TYROBP,ZBTB16,0.871304
502,165,TYROBP,GTF2H1,0.8593966
502,485,TYROBP,ABL1,0.8572532
502,292,TYROBP,HDAC7,0.8490846
502,206,TYROBP,ZDHHC6,0.8222312
502,508,TYROBP,NDRG1,0.82139933
502,161,TYROBP,JARID2,0.81536126
502,29,TYROBP,IKZF1,0.8147214
502,261,TYROBP,EZR,0.7987026
502,331,TYROBP,PIM2,0.78441936
502,367,TYROBP,HCFC1,0.7698142
502,437,TYROBP,MYB,0.76763517
502,283,TYROBP,EGR1,0.7656194
502,439,TYROBP,DDX20,0.7637642
502,48,TYROBP,ELANE,0.7628878
502,631,TYROBP,ZFP36,0.76164263
502,351,TYROBP,ERCC8,0.74992025
502,486,TYROBP,NFKBIA,0.7453303
502,557,TYROBP,SATB1,0.7434285
502,564,TYROBP,MFNG,0.74007237
502,208,TYROBP,CISH,0.7360838
502,177,TYROBP,RELB,0.73389816
502,196,TYROBP,RARS,0.7185634
502,363,TYROBP,MYC,0.7176446
502,410,TYROBP,SMARCA2,0.7174124
502,482,TYROBP,NFATC2,0.7146369
502,466,TYROBP,ABCG2,0.71360517
502,422,TYROBP,SESN1,0.71333945
502,180,TYROBP,TRIM35,0.7070132
502,436,TYROBP,RARB,0.7036986
502,263,TYROBP,JUN,0.7036811
502,315,TYROBP,CTSL,0.70188516
502,357,TYROBP,MEIS1,0.6965902
502,81,TYROBP,HDAC11,0.6961269
502,494,TYROBP,USP11,0.69290197
502,82,TYROBP,RB1,0.69159496
502,94,TYROBP,TRIB3,0.6907174
502,232,TYROBP,ICAM1,0.68858284
502,34,TYROBP,MAML3,0.6875869
502,277,TYROBP,RTP4,0.6827772
502,79,TYROBP,STAT2,0.67111
502,6,TYROBP,BTG2,0.66849935
502,536,TYROBP,SPI1,0.66701454
95,475,UAP1,BCL2,0.9532951
95,353,UAP1,CBFB,0.90853786
95,413,UAP1,RASSF4,0.88244355
95,209,UAP1,ZBTB16,0.88061565
95,587,UAP1,NCAPD2,0.87894416
95,589,UAP1,YBX1,0.8721566
95,67,UAP1,HDAC2,0.8717346
95,485,UAP1,ABL1,0.86780137
95,292,UAP1,HDAC7,0.8604372
95,165,UAP1,GTF2H1,0.8452848
95,206,UAP1,ZDHHC6,0.8319428
95,29,UAP1,IKZF1,0.8318806
95,631,UAP1,ZFP36,0.8313967
95,161,UAP1,JARID2,0.82679564
95,508,UAP1,NDRG1,0.80865604
95,621,UAP1,SNRPB,0.7786721
95,261,UAP1,EZR,0.77112263
95,283,UAP1,EGR1,0.7700944
95,48,UAP1,ELANE,0.76318574
95,437,UAP1,MYB,0.75718176
95,367,UAP1,HCFC1,0.7483949
95,208,UAP1,CISH,0.74806917
95,564,UAP1,MFNG,0.7400378
95,177,UAP1,RELB,0.7383652
95,486,UAP1,NFKBIA,0.7368395
95,351,UAP1,ERCC8,0.7275398
95,196,UAP1,RARS,0.7216205
95,180,UAP1,TRIM35,0.7192361
95,410,UAP1,SMARCA2,0.71749777
95,263,UAP1,JUN,0.7165637
95,436,UAP1,RARB,0.71545917
95,466,UAP1,ABCG2,0.71460086
95,422,UAP1,SESN1,0.7120703
95,232,UAP1,ICAM1,0.7076601
95,557,UAP1,SATB1,0.7055413
95,482,UAP1,NFATC2,0.7053696
95,363,UAP1,MYC,0.702821
95,81,UAP1,HDAC11,0.6977239
95,357,UAP1,MEIS1,0.69697726
95,331,UAP1,PIM2,0.6941531
95,536,UAP1,SPI1,0.6924761
95,315,UAP1,CTSL,0.6888842
95,6,UAP1,BTG2,0.68521386
95,34,UAP1,MAML3,0.6822021
95,289,UAP1,GT(ROSA)26SOR,0.67829174
95,613,UAP1,PGLYRP2,0.6782332
95,494,UAP1,USP11,0.678141
95,253,UAP1,GRINA,0.6776487
95,69,UAP1,NAP1L3,0.6750793
95,146,UAP1,SCARF1,0.6750793
609,621,UBA7,SNRPB,0.9282103
609,475,UBA7,BCL2,0.8946749
609,413,UBA7,RASSF4,0.8941586
609,587,UBA7,NCAPD2,0.8941586
609,353,UBA7,CBFB,0.8914226
609,67,UBA7,HDAC2,0.8850062
609,589,UBA7,YBX1,0.8819421
609,209,UBA7,ZBTB16,0.8709828
609,165,UBA7,GTF2H1,0.8593966
609,485,UBA7,ABL1,0.8572532
609,292,UBA7,HDAC7,0.8490846
609,206,UBA7,ZDHHC6,0.8222312
609,508,UBA7,NDRG1,0.82139933
609,161,UBA7,JARID2,0.81536126
609,29,UBA7,IKZF1,0.8147214
609,261,UBA7,EZR,0.7977385
609,367,UBA7,HCFC1,0.7697872
609,283,UBA7,EGR1,0.7656194
609,439,UBA7,DDX20,0.7637642
609,48,UBA7,ELANE,0.7628878
609,631,UBA7,ZFP36,0.7616878
609,351,UBA7,ERCC8,0.75880235
609,486,UBA7,NFKBIA,0.7551303
609,437,UBA7,MYB,0.74199396
609,564,UBA7,MFNG,0.74016184
609,208,UBA7,CISH,0.7360838
609,177,UBA7,RELB,0.73413795
609,331,UBA7,PIM2,0.7212916
609,196,UBA7,RARS,0.71889025
609,363,UBA7,MYC,0.7176446
609,410,UBA7,SMARCA2,0.7174124
609,482,UBA7,NFATC2,0.71484596
609,422,UBA7,SESN1,0.71394795
609,466,UBA7,ABCG2,0.71360517
609,180,UBA7,TRIM35,0.7070132
609,436,UBA7,RARB,0.7036986
609,263,UBA7,JUN,0.7026312
609,315,UBA7,CTSL,0.7020667
609,357,UBA7,MEIS1,0.6965902
609,81,UBA7,HDAC11,0.6961269
609,394,UBA7,MAPK1,0.69363475
609,557,UBA7,SATB1,0.69231915
609,494,UBA7,USP11,0.6917651
609,82,UBA7,RB1,0.68881863
609,232,UBA7,ICAM1,0.68858284
609,34,UBA7,MAML3,0.68767226
609,6,UBA7,BTG2,0.66849935
609,536,UBA7,SPI1,0.66701454
609,449,UBA7,TIE1,0.66557777
609,194,UBA7,GOLPH3,0.6633172
530,353,UBE2L6,CBFB,0.895775
530,475,UBE2L6,BCL2,0.8942831
530,413,UBE2L6,RASSF4,0.8941586
530,587,UBE2L6,NCAPD2,0.8941586
530,621,UBE2L6,SNRPB,0.89412594
530,67,UBE2L6,HDAC2,0.8850062
530,589,UBE2L6,YBX1,0.8821593
530,209,UBE2L6,ZBTB16,0.8709828
530,165,UBE2L6,GTF2H1,0.8593966
530,485,UBE2L6,ABL1,0.85836256
530,292,UBE2L6,HDAC7,0.8490846
530,206,UBE2L6,ZDHHC6,0.8222312
530,508,UBE2L6,NDRG1,0.82139933
530,161,UBE2L6,JARID2,0.81536126
530,29,UBE2L6,IKZF1,0.8147214
530,261,UBE2L6,EZR,0.79889566
530,367,UBE2L6,HCFC1,0.7698142
530,437,UBE2L6,MYB,0.76757336
530,283,UBE2L6,EGR1,0.7655724
530,439,UBE2L6,DDX20,0.7637642
530,48,UBE2L6,ELANE,0.7628878
530,631,UBE2L6,ZFP36,0.7616878
530,486,UBE2L6,NFKBIA,0.75307345
530,351,UBE2L6,ERCC8,0.7502097
530,564,UBE2L6,MFNG,0.74016184
530,208,UBE2L6,CISH,0.7360838
530,177,UBE2L6,RELB,0.73413795
530,6,UBE2L6,BTG2,0.73371696
530,331,UBE2L6,PIM2,0.7209529
530,196,UBE2L6,RARS,0.71889025
530,363,UBE2L6,MYC,0.7176446
530,410,UBE2L6,SMARCA2,0.71696234
530,482,UBE2L6,NFATC2,0.71484596
530,422,UBE2L6,SESN1,0.7136104
530,466,UBE2L6,ABCG2,0.71360517
530,180,UBE2L6,TRIM35,0.7070132
530,436,UBE2L6,RARB,0.7037149
530,263,UBE2L6,JUN,0.7024884
530,315,UBE2L6,CTSL,0.70188516
530,69,UBE2L6,NAP1L3,0.7002005
530,357,UBE2L6,MEIS1,0.6965902
530,81,UBE2L6,HDAC11,0.6961269
530,82,UBE2L6,RB1,0.6912786
530,232,UBE2L6,ICAM1,0.6886148
530,34,UBE2L6,MAML3,0.68767226
530,557,UBE2L6,SATB1,0.6811004
530,536,UBE2L6,SPI1,0.66701454
530,449,UBE2L6,TIE1,0.66557777
530,253,UBE2L6,GRINA,0.6624757
530,613,UBE2L6,PGLYRP2,0.6624757
295,621,UBL4A,SNRPB,0.9282103
295,353,UBL4A,CBFB,0.895775
295,475,UBL4A,BCL2,0.8942831
295,413,UBL4A,RASSF4,0.8941586
295,67,UBL4A,HDAC2,0.8850062
295,589,UBL4A,YBX1,0.8819421
295,209,UBL4A,ZBTB16,0.8709828
295,165,UBL4A,GTF2H1,0.8593966
295,485,UBL4A,ABL1,0.85706496
295,292,UBL4A,HDAC7,0.8490846
295,587,UBL4A,NCAPD2,0.83497465
295,206,UBL4A,ZDHHC6,0.8225083
295,508,UBL4A,NDRG1,0.820681
295,161,UBL4A,JARID2,0.81536126
295,29,UBL4A,IKZF1,0.8147286
295,367,UBL4A,HCFC1,0.77043897
295,437,UBL4A,MYB,0.76757336
295,283,UBL4A,EGR1,0.7656194
295,439,UBL4A,DDX20,0.7637642
295,48,UBL4A,ELANE,0.7628878
295,261,UBL4A,EZR,0.7625067
295,631,UBL4A,ZFP36,0.7616878
295,486,UBL4A,NFKBIA,0.7551303
295,351,UBL4A,ERCC8,0.7502097
295,564,UBL4A,MFNG,0.74057674
295,208,UBL4A,CISH,0.7360838
295,177,UBL4A,RELB,0.73413795
295,331,UBL4A,PIM2,0.7212916
295,196,UBL4A,RARS,0.71889025
295,363,UBL4A,MYC,0.7180378
295,410,UBL4A,SMARCA2,0.7174124
295,422,UBL4A,SESN1,0.7136104
295,466,UBL4A,ABCG2,0.71360517
295,180,UBL4A,TRIM35,0.7070132
295,436,UBL4A,RARB,0.7036986
295,263,UBL4A,JUN,0.70247537
295,315,UBL4A,CTSL,0.70188516
295,357,UBL4A,MEIS1,0.6968432
295,81,UBL4A,HDAC11,0.6961269
295,557,UBL4A,SATB1,0.69231915
295,494,UBL4A,USP11,0.6917651
295,82,UBL4A,RB1,0.69159496
295,232,UBL4A,ICAM1,0.68858284
295,34,UBL4A,MAML3,0.68767226
295,515,UBL4A,IGHM,0.67276156
295,6,UBL4A,BTG2,0.67056155
295,536,UBL4A,SPI1,0.66701454
295,38,UBL4A,TSPAN14,0.6667522
295,449,UBL4A,TIE1,0.66557777
295,253,UBL4A,GRINA,0.6625808
498,621,UBR7,SNRPB,0.9282103
498,353,UBR7,CBFB,0.895775
498,475,UBR7,BCL2,0.8942831
498,587,UBR7,NCAPD2,0.8941586
498,413,UBR7,RASSF4,0.89409095
498,67,UBR7,HDAC2,0.8850062
498,589,UBR7,YBX1,0.8819421
498,209,UBR7,ZBTB16,0.87026846
498,165,UBR7,GTF2H1,0.8593966
498,485,UBR7,ABL1,0.8572532
498,292,UBR7,HDAC7,0.84929335
498,206,UBR7,ZDHHC6,0.8222312
498,508,UBR7,NDRG1,0.82139933
498,29,UBR7,IKZF1,0.8147214
498,261,UBR7,EZR,0.79889566
498,367,UBR7,HCFC1,0.7698142
498,437,UBR7,MYB,0.76757336
498,283,UBR7,EGR1,0.7656194
498,439,UBR7,DDX20,0.7637642
498,161,UBR7,JARID2,0.7625583
498,631,UBR7,ZFP36,0.7616878
498,486,UBR7,NFKBIA,0.7551303
498,564,UBR7,MFNG,0.74007237
498,208,UBR7,CISH,0.7360838
498,48,UBR7,ELANE,0.7345917
498,177,UBR7,RELB,0.73413795
498,331,UBR7,PIM2,0.7212916
498,196,UBR7,RARS,0.71889025
498,363,UBR7,MYC,0.7176446
498,410,UBR7,SMARCA2,0.7174124
498,482,UBR7,NFATC2,0.71484596
498,422,UBR7,SESN1,0.7136104
498,466,UBR7,ABCG2,0.71360517
498,180,UBR7,TRIM35,0.7070132
498,436,UBR7,RARB,0.7036986
498,315,UBR7,CTSL,0.7017663
498,357,UBR7,MEIS1,0.6965902
498,81,UBR7,HDAC11,0.6961269
498,494,UBR7,USP11,0.6917651
498,82,UBR7,RB1,0.69159496
498,232,UBR7,ICAM1,0.68858284
498,34,UBR7,MAML3,0.6878881
498,263,UBR7,JUN,0.68641496
498,394,UBR7,MAPK1,0.6863559
498,50,UBR7,NFAT5,0.68306905
498,622,UBR7,KRT18,0.6748085
498,351,UBR7,ERCC8,0.67378265
498,6,UBR7,BTG2,0.67056155
498,536,UBR7,SPI1,0.66701454
498,449,UBR7,TIE1,0.66557777
345,353,UHRF1,CBFB,0.98301375
345,621,UHRF1,SNRPB,0.97590774
345,413,UHRF1,RASSF4,0.97101474
345,587,UHRF1,NCAPD2,0.97101474
345,67,UHRF1,HDAC2,0.9678844
345,589,UHRF1,YBX1,0.95845765
345,475,UHRF1,BCL2,0.94235843
345,439,UHRF1,DDX20,0.94088924
345,209,UHRF1,ZBTB16,0.9386204
345,367,UHRF1,HCFC1,0.9380262
345,363,UHRF1,MYC,0.9379664
345,292,UHRF1,HDAC7,0.9338592
345,508,UHRF1,NDRG1,0.92673934
345,165,UHRF1,GTF2H1,0.9243255
345,261,UHRF1,EZR,0.9227052
345,485,UHRF1,ABL1,0.9210532
345,161,UHRF1,JARID2,0.9209168
345,206,UHRF1,ZDHHC6,0.9162421
345,226,UHRF1,POLR2B,0.908516
345,351,UHRF1,ERCC8,0.9046554
345,631,UHRF1,ZFP36,0.90312386
345,82,UHRF1,RB1,0.8964661
345,564,UHRF1,MFNG,0.89438933
345,486,UHRF1,NFKBIA,0.8824617
345,331,UHRF1,PIM2,0.8798395
345,410,UHRF1,SMARCA2,0.87834245
345,177,UHRF1,RELB,0.87469375
345,28,UHRF1,NFE2,0.8707012
345,33,UHRF1,CSTF2,0.8696012
345,575,UHRF1,GTF2F1,0.86781657
345,29,UHRF1,IKZF1,0.8665404
345,81,UHRF1,HDAC11,0.8655638
345,375,UHRF1,SRSF1,0.8636357
345,208,UHRF1,CISH,0.86009693
345,180,UHRF1,TRIM35,0.8600355
345,199,UHRF1,E2F4,0.8519042
345,34,UHRF1,MAML3,0.8498939
345,3,UHRF1,POLR1B,0.8427368
345,283,UHRF1,EGR1,0.8407913
345,117,UHRF1,TFG,0.838988
345,372,UHRF1,BACE1,0.838988
345,436,UHRF1,RARB,0.8331572
345,426,UHRF1,PRPF4,0.83082706
345,315,UHRF1,CTSL,0.8256322
345,86,UHRF1,RANGAP1,0.8119922
345,299,UHRF1,ORC2,0.8111243
345,232,UHRF1,ICAM1,0.80899787
345,134,UHRF1,PA2G4,0.80122614
345,48,UHRF1,ELANE,0.79556954
345,196,UHRF1,RARS,0.79246664
511,621,UMPS,SNRPB,0.9282184
511,475,UMPS,BCL2,0.92070097
511,353,UMPS,CBFB,0.895775
511,413,UMPS,RASSF4,0.8941586
511,587,UMPS,NCAPD2,0.8941586
511,67,UMPS,HDAC2,0.8850062
511,589,UMPS,YBX1,0.8819421
511,209,UMPS,ZBTB16,0.87723786
511,165,UMPS,GTF2H1,0.8592494
511,485,UMPS,ABL1,0.8572532
511,292,UMPS,HDAC7,0.8490846
511,206,UMPS,ZDHHC6,0.8222312
511,161,UMPS,JARID2,0.8158728
511,29,UMPS,IKZF1,0.8147214
511,261,UMPS,EZR,0.80178684
511,508,UMPS,NDRG1,0.7808664
511,367,UMPS,HCFC1,0.7698142
511,439,UMPS,DDX20,0.7677841
511,437,UMPS,MYB,0.76757336
511,283,UMPS,EGR1,0.7656194
511,48,UMPS,ELANE,0.7628878
511,613,UMPS,PGLYRP2,0.76224023
511,631,UMPS,ZFP36,0.7616878
511,486,UMPS,NFKBIA,0.7551303
511,351,UMPS,ERCC8,0.7502097
511,564,UMPS,MFNG,0.74007237
511,177,UMPS,RELB,0.73413795
511,208,UMPS,CISH,0.72490764
511,331,UMPS,PIM2,0.7209422
511,196,UMPS,RARS,0.71889025
511,363,UMPS,MYC,0.7176446
511,410,UMPS,SMARCA2,0.7174124
511,482,UMPS,NFATC2,0.71484596
511,422,UMPS,SESN1,0.7136104
511,466,UMPS,ABCG2,0.71360517
511,180,UMPS,TRIM35,0.7070132
511,436,UMPS,RARB,0.7036986
511,263,UMPS,JUN,0.70247537
511,315,UMPS,CTSL,0.70178914
511,357,UMPS,MEIS1,0.6978952
511,81,UMPS,HDAC11,0.69629973
511,360,UMPS,FOXO1,0.6956796
511,557,UMPS,SATB1,0.69231915
511,494,UMPS,USP11,0.6917651
511,82,UMPS,RB1,0.69159496
511,232,UMPS,ICAM1,0.68858284
511,34,UMPS,MAML3,0.68767226
511,6,UMPS,BTG2,0.66849935
511,449,UMPS,TIE1,0.66557777
511,536,UMPS,SPI1,0.6627755
400,621,UNC93B1,SNRPB,0.9282103
400,353,UNC93B1,CBFB,0.895775
400,475,UNC93B1,BCL2,0.8942831
400,413,UNC93B1,RASSF4,0.8941586
400,587,UNC93B1,NCAPD2,0.8941586
400,67,UNC93B1,HDAC2,0.8850062
400,589,UNC93B1,YBX1,0.8819421
400,209,UNC93B1,ZBTB16,0.8709828
400,165,UNC93B1,GTF2H1,0.8595344
400,485,UNC93B1,ABL1,0.8572532
400,292,UNC93B1,HDAC7,0.8490846
400,206,UNC93B1,ZDHHC6,0.8223106
400,508,UNC93B1,NDRG1,0.82139933
400,161,UNC93B1,JARID2,0.81536126
400,29,UNC93B1,IKZF1,0.8147214
400,261,UNC93B1,EZR,0.79889566
400,48,UNC93B1,ELANE,0.7815771
400,367,UNC93B1,HCFC1,0.7698142
400,283,UNC93B1,EGR1,0.766734
400,631,UNC93B1,ZFP36,0.7616878
400,437,UNC93B1,MYB,0.7615513
400,486,UNC93B1,NFKBIA,0.7551303
400,351,UNC93B1,ERCC8,0.7502097
400,208,UNC93B1,CISH,0.7360838
400,177,UNC93B1,RELB,0.73413795
400,564,UNC93B1,MFNG,0.7278348
400,52,UNC93B1,FCGR2B,0.72435164
400,331,UNC93B1,PIM2,0.7212916
400,196,UNC93B1,RARS,0.71877533
400,363,UNC93B1,MYC,0.7176446
400,410,UNC93B1,SMARCA2,0.7174124
400,482,UNC93B1,NFATC2,0.71484596
400,466,UNC93B1,ABCG2,0.71436584
400,422,UNC93B1,SESN1,0.71332103
400,180,UNC93B1,TRIM35,0.7070132
400,436,UNC93B1,RARB,0.7036986
400,263,UNC93B1,JUN,0.70247537
400,315,UNC93B1,CTSL,0.70188516
400,357,UNC93B1,MEIS1,0.6965902
400,81,UNC93B1,HDAC11,0.6961269
400,82,UNC93B1,RB1,0.6926209
400,557,UNC93B1,SATB1,0.69231915
400,494,UNC93B1,USP11,0.6917651
400,232,UNC93B1,ICAM1,0.68858284
400,34,UNC93B1,MAML3,0.68767226
400,6,UNC93B1,BTG2,0.66849935
400,536,UNC93B1,SPI1,0.66701454
400,449,UNC93B1,TIE1,0.66557777
400,253,UNC93B1,GRINA,0.6624757
400,289,UNC93B1,GT(ROSA)26SOR,0.6624757
18,621,USP10,SNRPB,0.9282103
18,353,USP10,CBFB,0.89579654
18,475,USP10,BCL2,0.8942831
18,413,USP10,RASSF4,0.8941586
18,587,USP10,NCAPD2,0.89158714
18,67,USP10,HDAC2,0.8850062
18,589,USP10,YBX1,0.8819421
18,209,USP10,ZBTB16,0.8709828
18,165,USP10,GTF2H1,0.8593966
18,485,USP10,ABL1,0.8572532
18,292,USP10,HDAC7,0.8490846
18,508,USP10,NDRG1,0.82210386
18,161,USP10,JARID2,0.81536126
18,29,USP10,IKZF1,0.8147214
18,206,USP10,ZDHHC6,0.80926615
18,261,USP10,EZR,0.7957867
18,367,USP10,HCFC1,0.7698142
18,437,USP10,MYB,0.76763517
18,283,USP10,EGR1,0.7656194
18,439,USP10,DDX20,0.7637642
18,631,USP10,ZFP36,0.7616878
18,486,USP10,NFKBIA,0.7549916
18,351,USP10,ERCC8,0.7502097
18,564,USP10,MFNG,0.74007237
18,208,USP10,CISH,0.7360558
18,196,USP10,RARS,0.71889025
18,410,USP10,SMARCA2,0.7174124
18,363,USP10,MYC,0.7160851
18,482,USP10,NFATC2,0.71484596
18,466,USP10,ABCG2,0.71360517
18,422,USP10,SESN1,0.70703137
18,180,USP10,TRIM35,0.7070132
18,177,USP10,RELB,0.70509493
18,436,USP10,RARB,0.7036986
18,263,USP10,JUN,0.70247537
18,315,USP10,CTSL,0.70188516
18,357,USP10,MEIS1,0.6965902
18,81,USP10,HDAC11,0.6961269
18,557,USP10,SATB1,0.69376844
18,494,USP10,USP11,0.69198936
18,82,USP10,RB1,0.69159496
18,232,USP10,ICAM1,0.68858284
18,304,USP10,HLF,0.68721735
18,331,USP10,PIM2,0.6839813
18,48,USP10,ELANE,0.67642653
18,6,USP10,BTG2,0.66849935
18,536,USP10,SPI1,0.66701454
18,449,USP10,TIE1,0.66557777
18,34,USP10,MAML3,0.66279125
18,253,USP10,GRINA,0.6624757
494,475,USP11,BCL2,0.97229236
494,485,USP11,ABL1,0.9676701
494,292,USP11,HDAC7,0.9670856
494,29,USP11,IKZF1,0.9646511
494,161,USP11,JARID2,0.96241087
494,631,USP11,ZFP36,0.95724237
494,353,USP11,CBFB,0.9572162
494,283,USP11,EGR1,0.95493346
494,196,USP11,RARS,0.95222
494,206,USP11,ZDHHC6,0.95209986
494,587,USP11,NCAPD2,0.9506248
494,413,USP11,RASSF4,0.9505729
494,209,USP11,ZBTB16,0.9497144
494,177,USP11,RELB,0.94632137
494,67,USP11,HDAC2,0.94448227
494,208,USP11,CISH,0.94377637
494,436,USP11,RARB,0.9428256
494,621,USP11,SNRPB,0.9384739
494,263,USP11,JUN,0.9364479
494,232,USP11,ICAM1,0.9362559
494,466,USP11,ABCG2,0.9253693
494,6,USP11,BTG2,0.9210006
494,508,USP11,NDRG1,0.92025244
494,536,USP11,SPI1,0.9201264
494,557,USP11,SATB1,0.91917753
494,357,USP11,MEIS1,0.91761893
494,394,USP11,MAPK1,0.9165908
494,79,USP11,STAT2,0.9150332
494,564,USP11,MFNG,0.9129473
494,180,USP11,TRIM35,0.91045713
494,331,USP11,PIM2,0.90978074
494,162,USP11,FES,0.9097109
494,219,USP11,TLR4,0.9097109
494,278,USP11,NCF1,0.9097109
494,515,USP11,IGHM,0.9097109
494,253,USP11,GRINA,0.9091562
494,289,USP11,GT(ROSA)26SOR,0.9091562
494,613,USP11,PGLYRP2,0.9091562
494,622,USP11,KRT18,0.9056085
494,410,USP11,SMARCA2,0.90387946
494,52,USP11,FCGR2B,0.90323985
494,165,USP11,GTF2H1,0.90264815
494,546,USP11,PROCR,0.90137434
494,69,USP11,NAP1L3,0.90115833
494,146,USP11,SCARF1,0.90115833
494,175,USP11,TLE2,0.90115833
494,194,USP11,GOLPH3,0.90115833
494,441,USP11,EBF1,0.90115833
494,50,USP11,NFAT5,0.8996159
494,486,USP11,NFKBIA,0.89824927
572,621,USP37,SNRPB,0.9282566
572,353,USP37,CBFB,0.8957861
572,587,USP37,NCAPD2,0.89435804
572,475,USP37,BCL2,0.8942299
572,413,USP37,RASSF4,0.8935047
572,67,USP37,HDAC2,0.88522583
572,589,USP37,YBX1,0.8821019
572,209,USP37,ZBTB16,0.8709443
572,165,USP37,GTF2H1,0.8596481
572,485,USP37,ABL1,0.8571924
572,292,USP37,HDAC7,0.8490179
572,206,USP37,ZDHHC6,0.82217777
572,508,USP37,NDRG1,0.82188976
572,161,USP37,JARID2,0.81532955
572,29,USP37,IKZF1,0.81470644
572,261,USP37,EZR,0.7992669
572,367,USP37,HCFC1,0.7701345
572,437,USP37,MYB,0.7676832
572,283,USP37,EGR1,0.76561403
572,439,USP37,DDX20,0.7640705
572,48,USP37,ELANE,0.76299864
572,631,USP37,ZFP36,0.7617499
572,486,USP37,NFKBIA,0.7554321
572,351,USP37,ERCC8,0.7505452
572,208,USP37,CISH,0.7359795
572,177,USP37,RELB,0.7341678
572,482,USP37,NFATC2,0.7240625
572,331,USP37,PIM2,0.721334
572,196,USP37,RARS,0.7187283
572,363,USP37,MYC,0.71794844
572,410,USP37,SMARCA2,0.71737957
572,466,USP37,ABCG2,0.71359247
572,564,USP37,MFNG,0.70719165
572,180,USP37,TRIM35,0.70677656
572,436,USP37,RARB,0.70347095
572,263,USP37,JUN,0.7023105
572,315,USP37,CTSL,0.70222086
572,81,USP37,HDAC11,0.6994423
572,357,USP37,MEIS1,0.69654274
572,557,USP37,SATB1,0.6920866
572,494,USP37,USP11,0.69207066
572,82,USP37,RB1,0.69195354
572,187,USP37,LMO4,0.69067705
572,232,USP37,ICAM1,0.6883455
572,157,USP37,PLAG1,0.6863171
572,34,USP37,MAML3,0.68189734
572,6,USP37,BTG2,0.66831607
572,536,USP37,SPI1,0.6667486
572,253,USP37,GRINA,0.66236556
572,289,USP37,GT(ROSA)26SOR,0.66236556
454,621,UTP4,SNRPB,0.92806923
454,413,UTP4,RASSF4,0.8974881
454,587,UTP4,NCAPD2,0.8974194
454,353,UTP4,CBFB,0.89501244
454,67,UTP4,HDAC2,0.8850062
454,589,UTP4,YBX1,0.88407207
454,209,UTP4,ZBTB16,0.8709828
454,475,UTP4,BCL2,0.86449087
454,485,UTP4,ABL1,0.85955596
454,165,UTP4,GTF2H1,0.8593966
454,292,UTP4,HDAC7,0.852526
454,508,UTP4,NDRG1,0.8247993
454,206,UTP4,ZDHHC6,0.8222312
454,161,UTP4,JARID2,0.81536126
454,29,UTP4,IKZF1,0.8147214
454,261,UTP4,EZR,0.7969385
454,631,UTP4,ZFP36,0.7758163
454,283,UTP4,EGR1,0.7755652
454,437,UTP4,MYB,0.76588386
454,48,UTP4,ELANE,0.7628878
454,486,UTP4,NFKBIA,0.757774
454,367,UTP4,HCFC1,0.7549476
454,515,UTP4,IGHM,0.7514857
454,564,UTP4,MFNG,0.74518985
454,208,UTP4,CISH,0.7360838
454,331,UTP4,PIM2,0.7360832
454,351,UTP4,ERCC8,0.7345242
454,177,UTP4,RELB,0.73413795
454,410,UTP4,SMARCA2,0.73258066
454,482,UTP4,NFATC2,0.7270045
454,422,UTP4,SESN1,0.72438246
454,436,UTP4,RARB,0.72261614
454,270,UTP4,VDR,0.7225865
454,466,UTP4,ABCG2,0.72192925
454,196,UTP4,RARS,0.71889025
454,263,UTP4,JUN,0.7188239
454,357,UTP4,MEIS1,0.71173406
454,439,UTP4,DDX20,0.7109058
454,363,UTP4,MYC,0.7074704
454,180,UTP4,TRIM35,0.7070132
454,557,UTP4,SATB1,0.7000216
454,315,UTP4,CTSL,0.6991617
454,81,UTP4,HDAC11,0.6961269
454,232,UTP4,ICAM1,0.68858284
454,494,UTP4,USP11,0.6877919
454,34,UTP4,MAML3,0.68767226
454,82,UTP4,RB1,0.6864362
454,449,UTP4,TIE1,0.68623203
454,536,UTP4,SPI1,0.6822476
454,253,UTP4,GRINA,0.67986023
160,621,VAV3,SNRPB,0.9281713
160,353,VAV3,CBFB,0.895775
160,475,VAV3,BCL2,0.8942831
160,413,VAV3,RASSF4,0.8941586
160,67,VAV3,HDAC2,0.8850062
160,589,VAV3,YBX1,0.8819421
160,209,VAV3,ZBTB16,0.8709828
160,485,VAV3,ABL1,0.8572532
160,587,VAV3,NCAPD2,0.85525835
160,292,VAV3,HDAC7,0.8490846
160,165,VAV3,GTF2H1,0.8444622
160,508,VAV3,NDRG1,0.82139933
160,161,VAV3,JARID2,0.81536126
160,206,VAV3,ZDHHC6,0.80491567
160,261,VAV3,EZR,0.79889566
160,367,VAV3,HCFC1,0.7698142
160,29,VAV3,IKZF1,0.768651
160,437,VAV3,MYB,0.76757336
160,283,VAV3,EGR1,0.7656194
160,439,VAV3,DDX20,0.7637642
160,48,VAV3,ELANE,0.7628878
160,631,VAV3,ZFP36,0.7616878
160,486,VAV3,NFKBIA,0.7551303
160,351,VAV3,ERCC8,0.75011533
160,564,VAV3,MFNG,0.7393248
160,208,VAV3,CISH,0.7360838
160,177,VAV3,RELB,0.73413795
160,331,VAV3,PIM2,0.7212916
160,196,VAV3,RARS,0.71889025
160,363,VAV3,MYC,0.7176446
160,410,VAV3,SMARCA2,0.7174124
160,482,VAV3,NFATC2,0.71484596
160,466,VAV3,ABCG2,0.71360517
160,180,VAV3,TRIM35,0.7070132
160,436,VAV3,RARB,0.7040301
160,263,VAV3,JUN,0.70247537
160,315,VAV3,CTSL,0.70188516
160,357,VAV3,MEIS1,0.6965902
160,81,VAV3,HDAC11,0.6961269
160,557,VAV3,SATB1,0.69231915
160,494,VAV3,USP11,0.6917651
160,82,VAV3,RB1,0.69159496
160,232,VAV3,ICAM1,0.68864363
160,6,VAV3,BTG2,0.66849935
160,422,VAV3,SESN1,0.6674402
160,536,VAV3,SPI1,0.66701454
160,449,VAV3,TIE1,0.66557777
160,162,VAV3,FES,0.66460043
160,289,VAV3,GT(ROSA)26SOR,0.6628925
160,613,VAV3,PGLYRP2,0.6624757
270,475,VDR,BCL2,0.9749244
270,29,VDR,IKZF1,0.9685371
270,485,VDR,ABL1,0.9663491
270,292,VDR,HDAC7,0.9620562
270,283,VDR,EGR1,0.95759034
270,161,VDR,JARID2,0.95678765
270,353,VDR,CBFB,0.95657414
270,196,VDR,RARS,0.9564066
270,466,VDR,ABCG2,0.95390886
270,79,VDR,STAT2,0.9538461
270,263,VDR,JUN,0.9530051
270,631,VDR,ZFP36,0.94977045
270,206,VDR,ZDHHC6,0.94809884
270,209,VDR,ZBTB16,0.947992
270,6,VDR,BTG2,0.9421389
270,177,VDR,RELB,0.9405897
270,208,VDR,CISH,0.9389525
270,436,VDR,RARB,0.9380299
270,536,VDR,SPI1,0.9365175
270,232,VDR,ICAM1,0.934253
270,622,VDR,KRT18,0.9339004
270,557,VDR,SATB1,0.93342775
270,162,VDR,FES,0.9333481
270,219,VDR,TLR4,0.9333481
270,278,VDR,NCF1,0.9333481
270,515,VDR,IGHM,0.9333481
270,253,VDR,GRINA,0.9331166
270,289,VDR,GT(ROSA)26SOR,0.9331166
270,613,VDR,PGLYRP2,0.9331166
270,69,VDR,NAP1L3,0.93119407
270,146,VDR,SCARF1,0.93119407
270,175,VDR,TLE2,0.93119407
270,194,VDR,GOLPH3,0.93119407
270,441,VDR,EBF1,0.93119407
270,546,VDR,PROCR,0.93119407
270,64,VDR,IRF9,0.9304077
270,413,VDR,RASSF4,0.9279376
270,587,VDR,NCAPD2,0.9279376
270,621,VDR,SNRPB,0.9274277
270,52,VDR,FCGR2B,0.9263928
270,213,VDR,TCP11L2,0.9263928
270,304,VDR,HLF,0.9263928
270,420,VDR,FDFT1,0.92410576
270,293,VDR,IRF7,0.92376477
270,224,VDR,MAPK12,0.92282706
270,73,VDR,RORC,0.92238003
270,67,VDR,HDAC2,0.9223399
270,445,VDR,APBB1,0.92179626
270,517,VDR,H1F0,0.9208253
270,27,VDR,IRF8,0.9207133
164,353,VPS16,CBFB,0.98343027
164,621,VPS16,SNRPB,0.98195523
164,587,VPS16,NCAPD2,0.97938716
164,413,VPS16,RASSF4,0.9793858
164,67,VPS16,HDAC2,0.9772478
164,589,VPS16,YBX1,0.97530603
164,439,VPS16,DDX20,0.9620339
164,367,VPS16,HCFC1,0.95932287
164,165,VPS16,GTF2H1,0.95930314
164,363,VPS16,MYC,0.95921165
164,261,VPS16,EZR,0.95912534
164,508,VPS16,NDRG1,0.95242995
164,209,VPS16,ZBTB16,0.9453678
164,226,VPS16,POLR2B,0.9429072
164,482,VPS16,NFATC2,0.9425742
164,475,VPS16,BCL2,0.9321899
164,82,VPS16,RB1,0.930998
164,351,VPS16,ERCC8,0.9288055
164,33,VPS16,CSTF2,0.9246223
164,292,VPS16,HDAC7,0.91963613
164,199,VPS16,E2F4,0.91951996
164,28,VPS16,NFE2,0.9171953
164,486,VPS16,NFKBIA,0.9163232
164,375,VPS16,SRSF1,0.91507643
164,117,VPS16,TFG,0.91072094
164,3,VPS16,POLR1B,0.9098388
164,485,VPS16,ABL1,0.9090128
164,206,VPS16,ZDHHC6,0.908765
164,372,VPS16,BACE1,0.9085116
164,564,VPS16,MFNG,0.90849847
164,575,VPS16,GTF2F1,0.90696
164,161,VPS16,JARID2,0.9064253
164,631,VPS16,ZFP36,0.8964913
164,464,VPS16,ZNRF2,0.89475906
164,437,VPS16,MYB,0.8929419
164,134,VPS16,PA2G4,0.89287835
164,315,VPS16,CTSL,0.88687354
164,345,VPS16,UHRF1,0.885942
164,86,VPS16,RANGAP1,0.8786422
164,274,VPS16,NOP2,0.87841743
164,404,VPS16,FTSJ3,0.87841743
164,331,VPS16,PIM2,0.8764954
164,426,VPS16,PRPF4,0.8684266
164,410,VPS16,SMARCA2,0.8617715
164,29,VPS16,IKZF1,0.85504794
164,166,VPS16,PSAT1,0.8447253
164,154,VPS16,HDGF,0.8444249
164,197,VPS16,WDR4,0.8444249
164,212,VPS16,FLT3,0.8444249
164,217,VPS16,PRMT7,0.8444249
560,475,VPS35,BCL2,0.9742701
560,29,VPS35,IKZF1,0.96694773
560,292,VPS35,HDAC7,0.96529263
560,485,VPS35,ABL1,0.96003264
560,161,VPS35,JARID2,0.95588696
560,353,VPS35,CBFB,0.95478183
560,196,VPS35,RARS,0.9545665
560,283,VPS35,EGR1,0.95439
560,466,VPS35,ABCG2,0.9539272
560,263,VPS35,JUN,0.9515949
560,631,VPS35,ZFP36,0.948426
560,209,VPS35,ZBTB16,0.9435671
560,206,VPS35,ZDHHC6,0.9431253
560,79,VPS35,STAT2,0.94288623
560,6,VPS35,BTG2,0.94156355
560,177,VPS35,RELB,0.9377122
560,208,VPS35,CISH,0.93591446
560,413,VPS35,RASSF4,0.93571717
560,587,VPS35,NCAPD2,0.93571717
560,436,VPS35,RARB,0.93462384
560,162,VPS35,FES,0.9341637
560,219,VPS35,TLR4,0.9341637
560,278,VPS35,NCF1,0.9341637
560,515,VPS35,IGHM,0.9341637
560,253,VPS35,GRINA,0.9332668
560,289,VPS35,GT(ROSA)26SOR,0.9332668
560,613,VPS35,PGLYRP2,0.933252
560,536,VPS35,SPI1,0.93206394
560,557,VPS35,SATB1,0.9308695
560,69,VPS35,NAP1L3,0.9308598
560,146,VPS35,SCARF1,0.9308598
560,175,VPS35,TLE2,0.9308598
560,194,VPS35,GOLPH3,0.9308598
560,441,VPS35,EBF1,0.9308598
560,546,VPS35,PROCR,0.9308598
560,622,VPS35,KRT18,0.9308598
560,232,VPS35,ICAM1,0.9308033
560,64,VPS35,IRF9,0.92968994
560,621,VPS35,SNRPB,0.9277761
560,67,VPS35,HDAC2,0.92673796
560,52,VPS35,FCGR2B,0.9257586
560,213,VPS35,TCP11L2,0.9257586
560,304,VPS35,HLF,0.9257586
560,420,VPS35,FDFT1,0.9254962
560,517,VPS35,H1F0,0.9252024
560,270,VPS35,VDR,0.92467713
560,224,VPS35,MAPK12,0.92413956
560,293,VPS35,IRF7,0.9229083
560,590,VPS35,IL12A,0.9207537
560,27,VPS35,IRF8,0.920066
467,621,VSIR,SNRPB,0.9282103
467,353,VSIR,CBFB,0.895775
467,475,VSIR,BCL2,0.8942831
467,413,VSIR,RASSF4,0.8941586
467,587,VSIR,NCAPD2,0.89182323
467,67,VSIR,HDAC2,0.884196
467,589,VSIR,YBX1,0.8819421
467,209,VSIR,ZBTB16,0.8709828
467,165,VSIR,GTF2H1,0.8593966
467,485,VSIR,ABL1,0.8572532
467,292,VSIR,HDAC7,0.8490846
467,206,VSIR,ZDHHC6,0.8222312
467,508,VSIR,NDRG1,0.82139933
467,161,VSIR,JARID2,0.81536126
467,29,VSIR,IKZF1,0.8147214
467,261,VSIR,EZR,0.7990411
467,367,VSIR,HCFC1,0.7698142
467,437,VSIR,MYB,0.76757336
467,283,VSIR,EGR1,0.7656194
467,263,VSIR,JUN,0.7649864
467,439,VSIR,DDX20,0.7642855
467,48,VSIR,ELANE,0.7628878
467,631,VSIR,ZFP36,0.7616878
467,486,VSIR,NFKBIA,0.7551303
467,351,VSIR,ERCC8,0.7502097
467,564,VSIR,MFNG,0.74044657
467,208,VSIR,CISH,0.7360838
467,177,VSIR,RELB,0.73413795
467,331,VSIR,PIM2,0.7212916
467,196,VSIR,RARS,0.71889025
467,289,VSIR,GT(ROSA)26SOR,0.71808296
467,363,VSIR,MYC,0.7176446
467,410,VSIR,SMARCA2,0.7174124
467,482,VSIR,NFATC2,0.7153819
467,422,VSIR,SESN1,0.7136104
467,466,VSIR,ABCG2,0.71360517
467,180,VSIR,TRIM35,0.7070132
467,436,VSIR,RARB,0.7036986
467,315,VSIR,CTSL,0.70221645
467,6,VSIR,BTG2,0.7008883
467,81,VSIR,HDAC11,0.6961269
467,557,VSIR,SATB1,0.69231915
467,82,VSIR,RB1,0.69159496
467,494,VSIR,USP11,0.6906254
467,232,VSIR,ICAM1,0.68858284
467,34,VSIR,MAML3,0.68767226
467,357,VSIR,MEIS1,0.6820544
467,613,VSIR,PGLYRP2,0.6687116
467,536,VSIR,SPI1,0.66701454
467,449,VSIR,TIE1,0.66557777
197,353,WDR4,CBFB,0.9845547
197,413,WDR4,RASSF4,0.9809311
197,587,WDR4,NCAPD2,0.9809311
197,67,WDR4,HDAC2,0.97924054
197,621,WDR4,SNRPB,0.978508
197,589,WDR4,YBX1,0.96779263
197,508,WDR4,NDRG1,0.9593034
197,165,WDR4,GTF2H1,0.95738935
197,209,WDR4,ZBTB16,0.9571207
197,292,WDR4,HDAC7,0.9550855
197,475,WDR4,BCL2,0.95403993
197,261,WDR4,EZR,0.9468235
197,161,WDR4,JARID2,0.9462694
197,485,WDR4,ABL1,0.9446755
197,482,WDR4,NFATC2,0.9408334
197,206,WDR4,ZDHHC6,0.94079244
197,367,WDR4,HCFC1,0.9407545
197,631,WDR4,ZFP36,0.9383769
197,486,WDR4,NFKBIA,0.93817043
197,363,WDR4,MYC,0.9369203
197,439,WDR4,DDX20,0.9340518
197,331,WDR4,PIM2,0.92453444
197,315,WDR4,CTSL,0.92250997
197,410,WDR4,SMARCA2,0.9198145
197,422,WDR4,SESN1,0.919066
197,177,WDR4,RELB,0.9138764
197,81,WDR4,HDAC11,0.91105974
197,34,WDR4,MAML3,0.9045993
197,48,WDR4,ELANE,0.9028075
197,564,WDR4,MFNG,0.9022598
197,82,WDR4,RB1,0.9000207
197,217,WDR4,PRMT7,0.8995151
197,208,WDR4,CISH,0.89897126
197,226,WDR4,POLR2B,0.8989274
197,180,WDR4,TRIM35,0.8980473
197,437,WDR4,MYB,0.8876106
197,436,WDR4,RARB,0.88529825
197,351,WDR4,ERCC8,0.88475883
197,29,WDR4,IKZF1,0.8796896
197,196,WDR4,RARS,0.87834346
197,104,WDR4,BTK,0.8779807
197,357,WDR4,MEIS1,0.8756886
197,494,WDR4,USP11,0.8742091
197,232,WDR4,ICAM1,0.8680779
197,263,WDR4,JUN,0.85433066
197,557,WDR4,SATB1,0.85274297
197,134,WDR4,PA2G4,0.84727687
197,199,WDR4,E2F4,0.84139663
197,33,WDR4,CSTF2,0.83659923
197,466,WDR4,ABCG2,0.8361253
480,353,WDR5,CBFB,0.979862
480,67,WDR5,HDAC2,0.9770234
480,621,WDR5,SNRPB,0.97590965
480,413,WDR5,RASSF4,0.9723803
480,587,WDR5,NCAPD2,0.9723803
480,589,WDR5,YBX1,0.96345866
480,165,WDR5,GTF2H1,0.9537064
480,439,WDR5,DDX20,0.9475383
480,363,WDR5,MYC,0.94525915
480,82,WDR5,RB1,0.94498116
480,199,WDR5,E2F4,0.9444412
480,209,WDR5,ZBTB16,0.9432228
480,367,WDR5,HCFC1,0.9431728
480,3,WDR5,POLR1B,0.942095
480,33,WDR5,CSTF2,0.9409366
480,117,WDR5,TFG,0.9398952
480,86,WDR5,RANGAP1,0.93243825
480,134,WDR5,PA2G4,0.9307669
480,475,WDR5,BCL2,0.92958546
480,508,WDR5,NDRG1,0.92679656
480,28,WDR5,NFE2,0.9239326
480,226,WDR5,POLR2B,0.9213658
480,351,WDR5,ERCC8,0.9156984
480,292,WDR5,HDAC7,0.9093786
480,375,WDR5,SRSF1,0.90658313
480,575,WDR5,GTF2F1,0.9057695
480,177,WDR5,RELB,0.9046721
480,261,WDR5,EZR,0.9046313
480,372,WDR5,BACE1,0.89772636
480,485,WDR5,ABL1,0.8957113
480,154,WDR5,HDGF,0.89232206
480,220,WDR5,TMEM43,0.89232206
480,212,WDR5,FLT3,0.8923018
480,166,WDR5,PSAT1,0.89213616
480,217,WDR5,PRMT7,0.89213616
480,197,WDR5,WDR4,0.89196765
480,206,WDR5,ZDHHC6,0.88914424
480,161,WDR5,JARID2,0.8848133
480,104,WDR5,BTK,0.88050324
480,482,WDR5,NFATC2,0.8792643
480,426,WDR5,PRPF4,0.8751428
480,564,WDR5,MFNG,0.8742113
480,139,WDR5,PBX1,0.8729888
480,486,WDR5,NFKBIA,0.872098
480,631,WDR5,ZFP36,0.8698159
480,198,WDR5,NDN,0.8625543
480,404,WDR5,FTSJ3,0.8612479
480,131,WDR5,PPAT,0.8610007
480,299,WDR5,ORC2,0.8586608
480,331,WDR5,PIM2,0.8464215
336,621,WDR55,SNRPB,0.92819273
336,353,WDR55,CBFB,0.895775
336,475,WDR55,BCL2,0.8942831
336,413,WDR55,RASSF4,0.8941586
336,587,WDR55,NCAPD2,0.8941586
336,67,WDR55,HDAC2,0.88499844
336,209,WDR55,ZBTB16,0.8709828
336,165,WDR55,GTF2H1,0.8593966
336,292,WDR55,HDAC7,0.8573271
336,485,WDR55,ABL1,0.8572532
336,29,WDR55,IKZF1,0.8285919
336,206,WDR55,ZDHHC6,0.8222312
336,508,WDR55,NDRG1,0.8213278
336,161,WDR55,JARID2,0.81536126
336,261,WDR55,EZR,0.79889566
336,589,WDR55,YBX1,0.7888419
336,410,WDR55,SMARCA2,0.7813421
336,367,WDR55,HCFC1,0.7698142
336,437,WDR55,MYB,0.76757336
336,283,WDR55,EGR1,0.7656194
336,439,WDR55,DDX20,0.7637642
336,48,WDR55,ELANE,0.7625597
336,631,WDR55,ZFP36,0.76168686
336,486,WDR55,NFKBIA,0.7551303
336,351,WDR55,ERCC8,0.7515979
336,564,WDR55,MFNG,0.74007237
336,208,WDR55,CISH,0.7360838
336,177,WDR55,RELB,0.73413795
336,331,WDR55,PIM2,0.7212916
336,196,WDR55,RARS,0.71889025
336,363,WDR55,MYC,0.7176446
336,482,WDR55,NFATC2,0.7148765
336,466,WDR55,ABCG2,0.71360517
336,422,WDR55,SESN1,0.71294296
336,180,WDR55,TRIM35,0.7069965
336,263,WDR55,JUN,0.70247537
336,315,WDR55,CTSL,0.70221645
336,357,WDR55,MEIS1,0.69697034
336,81,WDR55,HDAC11,0.6961269
336,557,WDR55,SATB1,0.69231915
336,494,WDR55,USP11,0.6917651
336,82,WDR55,RB1,0.69159496
336,232,WDR55,ICAM1,0.68858284
336,34,WDR55,MAML3,0.6877883
336,436,WDR55,RARB,0.6773161
336,175,WDR55,TLE2,0.6748085
336,613,WDR55,PGLYRP2,0.6685847
336,6,WDR55,BTG2,0.66849935
336,536,WDR55,SPI1,0.66701454
336,449,WDR55,TIE1,0.66557777
183,475,XAF1,BCL2,0.9729998
183,29,XAF1,IKZF1,0.9694108
183,485,XAF1,ABL1,0.96522665
183,292,XAF1,HDAC7,0.96419775
183,283,XAF1,EGR1,0.953466
183,161,XAF1,JARID2,0.951532
183,466,XAF1,ABCG2,0.94775397
183,64,XAF1,IRF9,0.94625294
183,79,XAF1,STAT2,0.9448463
183,536,XAF1,SPI1,0.9438227
183,613,XAF1,PGLYRP2,0.9429741
183,253,XAF1,GRINA,0.9427439
183,293,XAF1,IRF7,0.94155073
183,420,XAF1,FDFT1,0.9412168
183,263,XAF1,JUN,0.9412104
183,219,XAF1,TLR4,0.9410504
183,278,XAF1,NCF1,0.9410504
183,162,XAF1,FES,0.94098634
183,6,XAF1,BTG2,0.9395587
183,270,XAF1,VDR,0.9380738
183,196,XAF1,RARS,0.93783504
183,27,XAF1,IRF8,0.93732953
183,73,XAF1,RORC,0.9369956
183,213,XAF1,TCP11L2,0.93697125
183,251,XAF1,IRF6,0.9367352
183,52,XAF1,FCGR2B,0.93667287
183,304,XAF1,HLF,0.93667287
183,206,XAF1,ZDHHC6,0.93564653
183,622,XAF1,KRT18,0.93532455
183,69,XAF1,NAP1L3,0.93531674
183,146,XAF1,SCARF1,0.93531674
183,194,XAF1,GOLPH3,0.93531674
183,546,XAF1,PROCR,0.93531674
183,517,XAF1,H1F0,0.9349639
183,590,XAF1,IL12A,0.9346117
183,209,XAF1,ZBTB16,0.9339873
183,224,XAF1,MAPK12,0.9287635
183,354,XAF1,IIGP1,0.9279256
183,504,XAF1,IFI44,0.9279256
183,276,XAF1,REL,0.9278196
183,109,XAF1,H2-AA,0.926074
183,50,XAF1,NFAT5,0.92557764
183,550,XAF1,CREB5,0.92557526
183,57,XAF1,OASL2,0.92450196
183,277,XAF1,RTP4,0.92450196
183,289,XAF1,GT(ROSA)26SOR,0.92354214
183,580,XAF1,MLLT3,0.92292404
183,208,XAF1,CISH,0.9212557
183,559,XAF1,RUNX1T1,0.9206653
183,445,XAF1,APBB1,0.91887444
433,137,XPC,MYCN,0.98586464
433,575,XPC,GTF2F1,0.9822887
433,375,XPC,SRSF1,0.9817353
433,426,XPC,PRPF4,0.9803048
433,299,XPC,ORC2,0.97920483
433,198,XPC,NDN,0.9784627
433,392,XPC,DCAF13,0.9784425
433,259,XPC,NUP107,0.9779726
433,189,XPC,MCM5,0.97600037
433,204,XPC,MCM2,0.97594154
433,439,XPC,DDX20,0.9741582
433,118,XPC,MIS12,0.9738167
433,119,XPC,SLC2A3,0.97319293
433,561,XPC,MCM7,0.97147346
433,500,XPC,MCM3,0.9713175
433,414,XPC,CENPK,0.97131234
433,554,XPC,CDT1,0.9705757
433,350,XPC,MCM6,0.96926266
433,621,XPC,SNRPB,0.96775603
433,363,XPC,MYC,0.9645981
433,323,XPC,MCM4,0.96332365
433,497,XPC,TYMS,0.961465
433,367,XPC,HCFC1,0.9584611
433,117,XPC,TFG,0.95779246
433,372,XPC,BACE1,0.9569728
433,589,XPC,YBX1,0.95214283
433,42,XPC,HMGB2,0.9512725
433,279,XPC,AURKB,0.9504475
433,30,XPC,PBK,0.94993114
433,240,XPC,RPA2,0.9483326
433,182,XPC,RPA1,0.9462474
433,266,XPC,MSH6,0.94450426
433,53,XPC,ORC6,0.9433103
433,411,XPC,CDC45,0.9423475
433,74,XPC,TOP2A,0.9411766
433,478,XPC,MKI67,0.93960315
433,226,XPC,POLR2B,0.9395729
433,399,XPC,RRM2,0.9369744
433,274,XPC,NOP2,0.93678147
433,404,XPC,FTSJ3,0.93678147
433,361,XPC,CCNB2,0.93671143
433,102,XPC,PRIM1,0.93410975
433,620,XPC,TIPIN,0.9338946
433,82,XPC,RB1,0.9305681
433,21,XPC,RRM1,0.9304682
433,297,XPC,LIG1,0.92987037
433,610,XPC,PRIM2,0.92704093
433,290,XPC,POLD1,0.92535675
433,273,XPC,FIGNL1,0.9236778
433,246,XPC,TK1,0.9189244
344,621,XPNPEP1,SNRPB,0.9283486
344,353,XPNPEP1,CBFB,0.8959748
344,475,XPNPEP1,BCL2,0.8944206
344,413,XPNPEP1,RASSF4,0.8942389
344,587,XPNPEP1,NCAPD2,0.8942389
344,67,XPNPEP1,HDAC2,0.88508415
344,209,XPNPEP1,ZBTB16,0.8711801
344,589,XPNPEP1,YBX1,0.8646705
344,165,XPNPEP1,GTF2H1,0.8594975
344,485,XPNPEP1,ABL1,0.8567947
344,292,XPNPEP1,HDAC7,0.8492897
344,206,XPNPEP1,ZDHHC6,0.8223766
344,508,XPNPEP1,NDRG1,0.8215394
344,161,XPNPEP1,JARID2,0.815513
344,29,XPNPEP1,IKZF1,0.81271654
344,261,XPNPEP1,EZR,0.7987827
344,422,XPNPEP1,SESN1,0.77336854
344,367,XPNPEP1,HCFC1,0.7699628
344,437,XPNPEP1,MYB,0.7677087
344,283,XPNPEP1,EGR1,0.76569134
344,439,XPNPEP1,DDX20,0.7639631
344,48,XPNPEP1,ELANE,0.7629979
344,613,XPNPEP1,PGLYRP2,0.76180553
344,631,XPNPEP1,ZFP36,0.76168025
344,486,XPNPEP1,NFKBIA,0.75516057
344,482,XPNPEP1,NFATC2,0.750452
344,351,XPNPEP1,ERCC8,0.7503567
344,219,XPNPEP1,TLR4,0.7420416
344,564,XPNPEP1,MFNG,0.7401478
344,208,XPNPEP1,CISH,0.7361537
344,177,XPNPEP1,RELB,0.7341044
344,331,XPNPEP1,PIM2,0.72132087
344,196,XPNPEP1,RARS,0.71902734
344,363,XPNPEP1,MYC,0.7185318
344,410,XPNPEP1,SMARCA2,0.71739125
344,466,XPNPEP1,ABCG2,0.71360904
344,180,XPNPEP1,TRIM35,0.70715
344,436,XPNPEP1,RARB,0.7039446
344,263,XPNPEP1,JUN,0.70260364
344,315,XPNPEP1,CTSL,0.70171696
344,357,XPNPEP1,MEIS1,0.6966678
344,81,XPNPEP1,HDAC11,0.6961161
344,557,XPNPEP1,SATB1,0.6924616
344,494,XPNPEP1,USP11,0.6918052
344,82,XPNPEP1,RB1,0.6917368
344,232,XPNPEP1,ICAM1,0.6887335
344,34,XPNPEP1,MAML3,0.68772805
344,6,XPNPEP1,BTG2,0.6685164
344,536,XPNPEP1,SPI1,0.66719866
344,449,XPNPEP1,TIE1,0.6658912
218,621,XRCC3,SNRPB,0.9282103
218,353,XRCC3,CBFB,0.895775
218,475,XRCC3,BCL2,0.8942831
218,413,XRCC3,RASSF4,0.8941586
218,587,XRCC3,NCAPD2,0.8941586
218,67,XRCC3,HDAC2,0.8851019
218,589,XRCC3,YBX1,0.8819421
218,209,XRCC3,ZBTB16,0.8714202
218,165,XRCC3,GTF2H1,0.8593966
218,292,XRCC3,HDAC7,0.8490846
218,206,XRCC3,ZDHHC6,0.8222312
218,29,XRCC3,IKZF1,0.8147214
218,161,XRCC3,JARID2,0.81432194
218,485,XRCC3,ABL1,0.81364155
218,261,XRCC3,EZR,0.79889566
218,508,XRCC3,NDRG1,0.77246994
218,367,XRCC3,HCFC1,0.7698142
218,437,XRCC3,MYB,0.76757336
218,283,XRCC3,EGR1,0.7652568
218,439,XRCC3,DDX20,0.7637642
218,48,XRCC3,ELANE,0.7628878
218,486,XRCC3,NFKBIA,0.7551303
218,351,XRCC3,ERCC8,0.7486742
218,564,XRCC3,MFNG,0.74007237
218,208,XRCC3,CISH,0.7360838
218,631,XRCC3,ZFP36,0.73452246
218,177,XRCC3,RELB,0.73413795
218,331,XRCC3,PIM2,0.7212916
218,196,XRCC3,RARS,0.71889025
218,363,XRCC3,MYC,0.7176446
218,410,XRCC3,SMARCA2,0.7174124
218,422,XRCC3,SESN1,0.7136104
218,466,XRCC3,ABCG2,0.7134656
218,180,XRCC3,TRIM35,0.7070132
218,436,XRCC3,RARB,0.7036771
218,263,XRCC3,JUN,0.70247537
218,315,XRCC3,CTSL,0.70188516
218,557,XRCC3,SATB1,0.69232327
218,494,XRCC3,USP11,0.6917651
218,82,XRCC3,RB1,0.69159496
218,232,XRCC3,ICAM1,0.68858284
218,34,XRCC3,MAML3,0.68767226
218,357,XRCC3,MEIS1,0.6820544
218,6,XRCC3,BTG2,0.66849935
218,536,XRCC3,SPI1,0.66701454
218,449,XRCC3,TIE1,0.66557777
218,253,XRCC3,GRINA,0.6624757
218,613,XRCC3,PGLYRP2,0.6624757
218,81,XRCC3,HDAC11,0.6599548
218,482,XRCC3,NFATC2,0.65769184
510,475,XRCC6,BCL2,0.9181397
510,621,XRCC6,SNRPB,0.9075615
510,353,XRCC6,CBFB,0.8902884
510,209,XRCC6,ZBTB16,0.8689489
510,413,XRCC6,RASSF4,0.8625601
510,587,XRCC6,NCAPD2,0.8625601
510,67,XRCC6,HDAC2,0.85160345
510,485,XRCC6,ABL1,0.84813327
510,292,XRCC6,HDAC7,0.8412581
510,589,XRCC6,YBX1,0.83750296
510,165,XRCC6,GTF2H1,0.8338409
510,206,XRCC6,ZDHHC6,0.80996466
510,29,XRCC6,IKZF1,0.8073633
510,161,XRCC6,JARID2,0.80130064
510,261,XRCC6,EZR,0.77677846
510,48,XRCC6,ELANE,0.77062035
510,508,XRCC6,NDRG1,0.7645795
510,486,XRCC6,NFKBIA,0.7548786
510,613,XRCC6,PGLYRP2,0.74934
510,564,XRCC6,MFNG,0.7458717
510,283,XRCC6,EGR1,0.7454169
510,631,XRCC6,ZFP36,0.72280747
510,437,XRCC6,MYB,0.71482944
510,422,XRCC6,SESN1,0.7138737
510,315,XRCC6,CTSL,0.7137103
510,482,XRCC6,NFATC2,0.7104353
510,331,XRCC6,PIM2,0.70907676
510,367,XRCC6,HCFC1,0.7060738
510,439,XRCC6,DDX20,0.7048082
510,494,XRCC6,USP11,0.69942695
510,208,XRCC6,CISH,0.69557697
510,410,XRCC6,SMARCA2,0.69404626
510,177,XRCC6,RELB,0.6872967
510,466,XRCC6,ABCG2,0.68595845
510,351,XRCC6,ERCC8,0.6824278
510,357,XRCC6,MEIS1,0.6754351
510,180,XRCC6,TRIM35,0.67328674
510,81,XRCC6,HDAC11,0.673269
510,34,XRCC6,MAML3,0.6682676
510,196,XRCC6,RARS,0.667454
510,253,XRCC6,GRINA,0.66400814
510,289,XRCC6,GT(ROSA)26SOR,0.66400814
510,360,XRCC6,FOXO1,0.6639808
510,263,XRCC6,JUN,0.66381955
510,363,XRCC6,MYC,0.6600722
510,536,XRCC6,SPI1,0.6566622
510,436,XRCC6,RARB,0.6560245
510,557,XRCC6,SATB1,0.65494025
510,232,XRCC6,ICAM1,0.65071595
510,79,XRCC6,STAT2,0.6446212
589,621,YBX1,SNRPB,0.9842241
589,413,YBX1,RASSF4,0.98073065
589,587,YBX1,NCAPD2,0.9806718
589,67,YBX1,HDAC2,0.9790437
589,353,YBX1,CBFB,0.97721475
589,261,YBX1,EZR,0.9717311
589,439,YBX1,DDX20,0.9699978
589,363,YBX1,MYC,0.9697474
589,165,YBX1,GTF2H1,0.96933305
589,367,YBX1,HCFC1,0.9687321
589,226,YBX1,POLR2B,0.9618555
589,508,YBX1,NDRG1,0.95950615
589,351,YBX1,ERCC8,0.95932055
589,482,YBX1,NFATC2,0.95666313
589,209,YBX1,ZBTB16,0.95449156
589,82,YBX1,RB1,0.9516304
589,199,YBX1,E2F4,0.947422
589,134,YBX1,PA2G4,0.94535667
589,3,YBX1,POLR1B,0.94374746
589,86,YBX1,RANGAP1,0.9369779
589,33,YBX1,CSTF2,0.9349025
589,345,YBX1,UHRF1,0.93468237
589,486,YBX1,NFKBIA,0.9343996
589,166,YBX1,PSAT1,0.9231794
589,212,YBX1,FLT3,0.9231794
589,220,YBX1,TMEM43,0.9231794
589,347,YBX1,RNF4,0.9231794
589,376,YBX1,ATF7,0.9231794
589,389,YBX1,FOXRED1,0.9231794
589,562,YBX1,NFIA,0.9231794
589,577,YBX1,CAD,0.9231794
589,217,YBX1,PRMT7,0.9231735
589,437,YBX1,MYB,0.92186236
589,475,YBX1,BCL2,0.92139494
589,315,YBX1,CTSL,0.9182752
589,292,YBX1,HDAC7,0.9159767
589,480,YBX1,WDR5,0.9159283
589,117,YBX1,TFG,0.91465646
589,375,YBX1,SRSF1,0.9137978
589,564,YBX1,MFNG,0.9135487
589,154,YBX1,HDGF,0.9128688
589,372,YBX1,BACE1,0.9120441
589,28,YBX1,NFE2,0.91173404
589,485,YBX1,ABL1,0.9106819
589,274,YBX1,NOP2,0.90414846
589,404,YBX1,FTSJ3,0.90414846
589,206,YBX1,ZDHHC6,0.90380526
589,104,YBX1,BTK,0.9023687
589,161,YBX1,JARID2,0.90012646
589,575,YBX1,GTF2F1,0.89835477
209,29,ZBTB16,IKZF1,0.9653
209,292,ZBTB16,HDAC7,0.9614193
209,475,ZBTB16,BCL2,0.9560051
209,161,ZBTB16,JARID2,0.94871205
209,79,ZBTB16,STAT2,0.93158096
209,206,ZBTB16,ZDHHC6,0.93042505
209,485,ZBTB16,ABL1,0.92972493
209,263,ZBTB16,JUN,0.9277161
209,536,ZBTB16,SPI1,0.9267735
209,196,ZBTB16,RARS,0.9260958
209,162,ZBTB16,FES,0.925134
209,219,ZBTB16,TLR4,0.925134
209,278,ZBTB16,NCF1,0.925134
209,515,ZBTB16,IGHM,0.925134
209,253,ZBTB16,GRINA,0.9238777
209,289,ZBTB16,GT(ROSA)26SOR,0.9238777
209,613,ZBTB16,PGLYRP2,0.9238777
209,466,ZBTB16,ABCG2,0.9236067
209,283,ZBTB16,EGR1,0.9235391
209,6,ZBTB16,BTG2,0.92265546
209,64,ZBTB16,IRF9,0.91913253
209,208,ZBTB16,CISH,0.91338736
209,293,ZBTB16,IRF7,0.91211385
209,69,ZBTB16,NAP1L3,0.9101532
209,146,ZBTB16,SCARF1,0.9101532
209,175,ZBTB16,TLE2,0.9101532
209,194,ZBTB16,GOLPH3,0.9101532
209,441,ZBTB16,EBF1,0.9101532
209,622,ZBTB16,KRT18,0.9101532
209,73,ZBTB16,RORC,0.9099266
209,420,ZBTB16,FDFT1,0.9097386
209,52,ZBTB16,FCGR2B,0.9067886
209,213,ZBTB16,TCP11L2,0.9067886
209,557,ZBTB16,SATB1,0.9066912
209,251,ZBTB16,IRF6,0.9054695
209,177,ZBTB16,RELB,0.904684
209,631,ZBTB16,ZFP36,0.90406156
209,304,ZBTB16,HLF,0.90274084
209,590,ZBTB16,IL12A,0.90271854
209,436,ZBTB16,RARB,0.9023355
209,270,ZBTB16,VDR,0.90217423
209,224,ZBTB16,MAPK12,0.9009413
209,517,ZBTB16,H1F0,0.89999
209,232,ZBTB16,ICAM1,0.8999631
209,394,ZBTB16,MAPK1,0.89798474
209,353,ZBTB16,CBFB,0.8977407
209,183,ZBTB16,XAF1,0.8968176
209,354,ZBTB16,IIGP1,0.8968176
209,504,ZBTB16,IFI44,0.8968176
209,27,ZBTB16,IRF8,0.8961824
37,621,ZBTB20,SNRPB,0.92848897
37,413,ZBTB20,RASSF4,0.89450717
37,587,ZBTB20,NCAPD2,0.89450717
37,475,ZBTB20,BCL2,0.8942733
37,67,ZBTB20,HDAC2,0.88513917
37,589,ZBTB20,YBX1,0.88235277
37,209,ZBTB20,ZBTB16,0.8709887
37,165,ZBTB20,GTF2H1,0.85982406
37,485,ZBTB20,ABL1,0.8571534
37,292,ZBTB20,HDAC7,0.84871817
37,206,ZBTB20,ZDHHC6,0.82222104
37,508,ZBTB20,NDRG1,0.8217807
37,161,ZBTB20,JARID2,0.81532496
37,29,ZBTB20,IKZF1,0.81474245
37,261,ZBTB20,EZR,0.7992802
37,353,ZBTB20,CBFB,0.7842973
37,208,ZBTB20,CISH,0.7713044
37,367,ZBTB20,HCFC1,0.7705657
37,437,ZBTB20,MYB,0.76796806
37,283,ZBTB20,EGR1,0.7656666
37,439,ZBTB20,DDX20,0.7644945
37,48,ZBTB20,ELANE,0.7627419
37,631,ZBTB20,ZFP36,0.761961
37,486,ZBTB20,NFKBIA,0.7554905
37,81,ZBTB20,HDAC11,0.7440466
37,564,ZBTB20,MFNG,0.74022245
37,177,ZBTB20,RELB,0.73440295
37,331,ZBTB20,PIM2,0.7214191
37,363,ZBTB20,MYC,0.7183099
37,410,ZBTB20,SMARCA2,0.71746576
37,422,ZBTB20,SESN1,0.71366525
37,482,ZBTB20,NFATC2,0.7136278
37,466,ZBTB20,ABCG2,0.7135455
37,180,ZBTB20,TRIM35,0.7068922
37,436,ZBTB20,RARB,0.70359343
37,263,ZBTB20,JUN,0.70255876
37,315,ZBTB20,CTSL,0.70196
37,357,ZBTB20,MEIS1,0.6962402
37,445,ZBTB20,APBB1,0.69358385
37,82,ZBTB20,RB1,0.6924882
37,557,ZBTB20,SATB1,0.6922097
37,494,ZBTB20,USP11,0.6917403
37,232,ZBTB20,ICAM1,0.68847644
37,34,ZBTB20,MAML3,0.6879169
37,196,ZBTB20,RARS,0.68488604
37,6,ZBTB20,BTG2,0.6683805
37,536,ZBTB20,SPI1,0.6666996
37,449,ZBTB20,TIE1,0.66560555
37,253,ZBTB20,GRINA,0.6621359
37,289,ZBTB20,GT(ROSA)26SOR,0.6621359
311,621,ZBTB38,SNRPB,0.9625193
311,475,ZBTB38,BCL2,0.9425243
311,589,ZBTB38,YBX1,0.92961955
311,485,ZBTB38,ABL1,0.9269982
311,413,ZBTB38,RASSF4,0.9170371
311,587,ZBTB38,NCAPD2,0.9169657
311,353,ZBTB38,CBFB,0.895775
311,508,ZBTB38,NDRG1,0.8791039
311,209,ZBTB38,ZBTB16,0.8709828
311,165,ZBTB38,GTF2H1,0.8593966
311,437,ZBTB38,MYB,0.8560234
311,486,ZBTB38,NFKBIA,0.85598344
311,564,ZBTB38,MFNG,0.85277796
311,292,ZBTB38,HDAC7,0.8490846
311,439,ZBTB38,DDX20,0.8487939
311,67,ZBTB38,HDAC2,0.83883464
311,631,ZBTB38,ZFP36,0.8286624
311,422,ZBTB38,SESN1,0.8263705
311,410,ZBTB38,SMARCA2,0.8252459
311,206,ZBTB38,ZDHHC6,0.8222312
311,436,ZBTB38,RARB,0.81736565
311,161,ZBTB38,JARID2,0.81536126
311,29,ZBTB38,IKZF1,0.8147214
311,261,ZBTB38,EZR,0.79889566
311,557,ZBTB38,SATB1,0.7856248
311,482,ZBTB38,NFATC2,0.78279066
311,367,ZBTB38,HCFC1,0.7698142
311,283,ZBTB38,EGR1,0.76826894
311,48,ZBTB38,ELANE,0.7628878
311,494,ZBTB38,USP11,0.7588484
311,536,ZBTB38,SPI1,0.75767314
311,351,ZBTB38,ERCC8,0.7502097
311,208,ZBTB38,CISH,0.7360838
311,177,ZBTB38,RELB,0.73413795
311,466,ZBTB38,ABCG2,0.73382396
311,613,ZBTB38,PGLYRP2,0.7240468
311,331,ZBTB38,PIM2,0.7212916
311,196,ZBTB38,RARS,0.71886915
311,363,ZBTB38,MYC,0.7176446
311,515,ZBTB38,IGHM,0.71648514
311,449,ZBTB38,TIE1,0.71192247
311,441,ZBTB38,EBF1,0.7080625
311,546,ZBTB38,PROCR,0.7080625
311,622,ZBTB38,KRT18,0.70710266
311,180,ZBTB38,TRIM35,0.7070132
311,263,ZBTB38,JUN,0.70247537
311,315,ZBTB38,CTSL,0.70188516
311,580,ZBTB38,MLLT3,0.69827384
311,357,ZBTB38,MEIS1,0.6965902
311,81,ZBTB38,HDAC11,0.6961269
549,621,ZDHHC13,SNRPB,0.9282103
549,475,ZDHHC13,BCL2,0.8942831
549,587,ZDHHC13,NCAPD2,0.8941586
549,413,ZDHHC13,RASSF4,0.89397603
549,589,ZDHHC13,YBX1,0.8819421
549,209,ZDHHC13,ZBTB16,0.8709828
549,165,ZDHHC13,GTF2H1,0.8593966
549,485,ZDHHC13,ABL1,0.8572532
549,292,ZDHHC13,HDAC7,0.8490846
549,353,ZDHHC13,CBFB,0.8270503
549,206,ZDHHC13,ZDHHC6,0.8222312
549,508,ZDHHC13,NDRG1,0.82139933
549,161,ZDHHC13,JARID2,0.81536126
549,29,ZDHHC13,IKZF1,0.81257033
549,261,ZDHHC13,EZR,0.79889566
549,67,ZDHHC13,HDAC2,0.7759608
549,367,ZDHHC13,HCFC1,0.7698142
549,437,ZDHHC13,MYB,0.76757336
549,283,ZDHHC13,EGR1,0.7656194
549,48,ZDHHC13,ELANE,0.7628878
549,631,ZDHHC13,ZFP36,0.7616878
549,486,ZDHHC13,NFKBIA,0.7551303
549,351,ZDHHC13,ERCC8,0.7502097
549,564,ZDHHC13,MFNG,0.74007237
549,208,ZDHHC13,CISH,0.7360838
549,177,ZDHHC13,RELB,0.734538
549,331,ZDHHC13,PIM2,0.7212916
549,196,ZDHHC13,RARS,0.71889025
549,69,ZDHHC13,NAP1L3,0.71834666
549,363,ZDHHC13,MYC,0.7176446
549,410,ZDHHC13,SMARCA2,0.7174124
549,482,ZDHHC13,NFATC2,0.71484596
549,466,ZDHHC13,ABCG2,0.71360517
549,422,ZDHHC13,SESN1,0.71352273
549,180,ZDHHC13,TRIM35,0.7070132
549,436,ZDHHC13,RARB,0.7036986
549,263,ZDHHC13,JUN,0.70247537
549,315,ZDHHC13,CTSL,0.70188516
549,6,ZDHHC13,BTG2,0.70120233
549,357,ZDHHC13,MEIS1,0.6965902
549,81,ZDHHC13,HDAC11,0.6961269
549,557,ZDHHC13,SATB1,0.69231915
549,494,ZDHHC13,USP11,0.6917651
549,82,ZDHHC13,RB1,0.69159496
549,232,ZDHHC13,ICAM1,0.68858284
549,34,ZDHHC13,MAML3,0.68767226
549,536,ZDHHC13,SPI1,0.66701454
549,449,ZDHHC13,TIE1,0.6655642
549,253,ZDHHC13,GRINA,0.6624757
549,289,ZDHHC13,GT(ROSA)26SOR,0.6624757
206,475,ZDHHC6,BCL2,0.9679125
206,353,ZDHHC6,CBFB,0.9672056
206,29,ZDHHC6,IKZF1,0.95522106
206,292,ZDHHC6,HDAC7,0.95347756
206,485,ZDHHC6,ABL1,0.95327866
206,161,ZDHHC6,JARID2,0.94856554
206,209,ZDHHC6,ZBTB16,0.9437304
206,621,ZDHHC6,SNRPB,0.9413032
206,413,ZDHHC6,RASSF4,0.9330777
206,283,ZDHHC6,EGR1,0.9328685
206,587,ZDHHC6,NCAPD2,0.9325869
206,208,ZDHHC6,CISH,0.9288858
206,466,ZDHHC6,ABCG2,0.9288457
206,631,ZDHHC6,ZFP36,0.9247694
206,177,ZDHHC6,RELB,0.9207794
206,67,ZDHHC6,HDAC2,0.9196694
206,196,ZDHHC6,RARS,0.9174434
206,180,ZDHHC6,TRIM35,0.9166959
206,263,ZDHHC6,JUN,0.9165797
206,232,ZDHHC6,ICAM1,0.91368335
206,436,ZDHHC6,RARB,0.9117082
206,557,ZDHHC6,SATB1,0.90921956
206,357,ZDHHC6,MEIS1,0.90899324
206,613,ZDHHC6,PGLYRP2,0.90417105
206,253,ZDHHC6,GRINA,0.90208524
206,6,ZDHHC6,BTG2,0.9019324
206,289,ZDHHC6,GT(ROSA)26SOR,0.8990918
206,79,ZDHHC6,STAT2,0.8938305
206,81,ZDHHC6,HDAC11,0.89127076
206,564,ZDHHC6,MFNG,0.89039624
206,508,ZDHHC6,NDRG1,0.89024276
206,589,ZDHHC6,YBX1,0.8902149
206,410,ZDHHC6,SMARCA2,0.8894819
206,162,ZDHHC6,FES,0.88889945
206,278,ZDHHC6,NCF1,0.88889945
206,515,ZDHHC6,IGHM,0.88889945
206,441,ZDHHC6,EBF1,0.88659424
206,219,ZDHHC6,TLR4,0.88657135
206,146,ZDHHC6,SCARF1,0.8861871
206,69,ZDHHC6,NAP1L3,0.8861237
206,175,ZDHHC6,TLE2,0.8861237
206,546,ZDHHC6,PROCR,0.8861237
206,622,ZDHHC6,KRT18,0.8861237
206,331,ZDHHC6,PIM2,0.8856838
206,224,ZDHHC6,MAPK12,0.877544
206,270,ZDHHC6,VDR,0.875399
206,94,ZDHHC6,TRIB3,0.8744577
206,184,ZDHHC6,SELL,0.8744577
206,187,ZDHHC6,LMO4,0.8744577
206,486,ZDHHC6,NFKBIA,0.8727719
611,621,ZEB2,SNRPB,0.9282103
611,353,ZEB2,CBFB,0.895775
611,475,ZEB2,BCL2,0.8942831
611,413,ZEB2,RASSF4,0.8941586
611,587,ZEB2,NCAPD2,0.8941586
611,67,ZEB2,HDAC2,0.8850062
611,209,ZEB2,ZBTB16,0.8709828
611,589,ZEB2,YBX1,0.86453784
611,165,ZEB2,GTF2H1,0.8587458
611,485,ZEB2,ABL1,0.8572532
611,206,ZEB2,ZDHHC6,0.8222312
611,508,ZEB2,NDRG1,0.82139933
611,161,ZEB2,JARID2,0.81536126
611,29,ZEB2,IKZF1,0.8147214
611,261,ZEB2,EZR,0.79974145
611,292,ZEB2,HDAC7,0.7930609
611,439,ZEB2,DDX20,0.7856251
611,283,ZEB2,EGR1,0.76559925
611,48,ZEB2,ELANE,0.7628878
611,367,ZEB2,HCFC1,0.762447
611,631,ZEB2,ZFP36,0.7616878
611,486,ZEB2,NFKBIA,0.7551303
611,351,ZEB2,ERCC8,0.7502097
611,437,ZEB2,MYB,0.7487573
611,564,ZEB2,MFNG,0.74007237
611,208,ZEB2,CISH,0.7360838
611,177,ZEB2,RELB,0.73413795
611,331,ZEB2,PIM2,0.7214879
611,196,ZEB2,RARS,0.71971035
611,363,ZEB2,MYC,0.7176446
611,410,ZEB2,SMARCA2,0.7174124
611,482,ZEB2,NFATC2,0.71484596
611,422,ZEB2,SESN1,0.7136104
611,466,ZEB2,ABCG2,0.71360517
611,180,ZEB2,TRIM35,0.706723
611,436,ZEB2,RARB,0.7036986
611,315,ZEB2,CTSL,0.70188516
611,357,ZEB2,MEIS1,0.6965902
611,82,ZEB2,RB1,0.69650495
611,394,ZEB2,MAPK1,0.69363475
611,557,ZEB2,SATB1,0.69231915
611,494,ZEB2,USP11,0.6917651
611,232,ZEB2,ICAM1,0.68858284
611,34,ZEB2,MAML3,0.68767226
611,81,ZEB2,HDAC11,0.6813529
611,6,ZEB2,BTG2,0.66849935
611,536,ZEB2,SPI1,0.6670854
611,449,ZEB2,TIE1,0.66557777
611,253,ZEB2,GRINA,0.6624757
611,289,ZEB2,GT(ROSA)26SOR,0.6624757
249,621,ZFP24,SNRPB,0.9282103
249,353,ZFP24,CBFB,0.895775
249,475,ZFP24,BCL2,0.8942831
249,413,ZFP24,RASSF4,0.8941586
249,587,ZFP24,NCAPD2,0.8941586
249,67,ZFP24,HDAC2,0.8850062
249,209,ZFP24,ZBTB16,0.8709828
249,165,ZFP24,GTF2H1,0.8593966
249,485,ZFP24,ABL1,0.8572532
249,292,ZFP24,HDAC7,0.8490846
249,206,ZFP24,ZDHHC6,0.8222312
249,508,ZFP24,NDRG1,0.82139933
249,29,ZFP24,IKZF1,0.8147214
249,161,ZFP24,JARID2,0.8145594
249,261,ZFP24,EZR,0.79889566
249,589,ZFP24,YBX1,0.79021484
249,208,ZFP24,CISH,0.77123505
249,367,ZFP24,HCFC1,0.7698142
249,437,ZFP24,MYB,0.76757306
249,283,ZFP24,EGR1,0.7656194
249,631,ZFP24,ZFP36,0.7616878
249,439,ZFP24,DDX20,0.76089895
249,486,ZFP24,NFKBIA,0.7551303
249,564,ZFP24,MFNG,0.74007237
249,177,ZFP24,RELB,0.73415965
249,331,ZFP24,PIM2,0.7212916
249,196,ZFP24,RARS,0.71889025
249,363,ZFP24,MYC,0.7176446
249,410,ZFP24,SMARCA2,0.7174124
249,482,ZFP24,NFATC2,0.71484596
249,422,ZFP24,SESN1,0.7136104
249,466,ZFP24,ABCG2,0.71360517
249,351,ZFP24,ERCC8,0.7120692
249,180,ZFP24,TRIM35,0.7070132
249,436,ZFP24,RARB,0.7036834
249,263,ZFP24,JUN,0.70247537
249,315,ZFP24,CTSL,0.70188516
249,357,ZFP24,MEIS1,0.6965902
249,81,ZFP24,HDAC11,0.6961269
249,48,ZFP24,ELANE,0.69298863
249,557,ZFP24,SATB1,0.69231915
249,494,ZFP24,USP11,0.6917651
249,82,ZFP24,RB1,0.69159496
249,232,ZFP24,ICAM1,0.6756777
249,34,ZFP24,MAML3,0.6689884
249,6,ZFP24,BTG2,0.66849935
249,536,ZFP24,SPI1,0.66701454
249,449,ZFP24,TIE1,0.66557777
249,289,ZFP24,GT(ROSA)26SOR,0.6632395
249,253,ZFP24,GRINA,0.6624757
582,621,ZFP35,SNRPB,0.9282103
582,353,ZFP35,CBFB,0.895775
582,475,ZFP35,BCL2,0.8942831
582,413,ZFP35,RASSF4,0.8941586
582,587,ZFP35,NCAPD2,0.8941586
582,67,ZFP35,HDAC2,0.8850062
582,589,ZFP35,YBX1,0.8819421
582,209,ZFP35,ZBTB16,0.8709828
582,165,ZFP35,GTF2H1,0.8593966
582,485,ZFP35,ABL1,0.8572532
582,292,ZFP35,HDAC7,0.84905565
582,206,ZFP35,ZDHHC6,0.8222312
582,161,ZFP35,JARID2,0.81536126
582,29,ZFP35,IKZF1,0.8147214
582,508,ZFP35,NDRG1,0.8010938
582,261,ZFP35,EZR,0.7986047
582,367,ZFP35,HCFC1,0.7698142
582,437,ZFP35,MYB,0.76757336
582,283,ZFP35,EGR1,0.7656194
582,439,ZFP35,DDX20,0.76410466
582,48,ZFP35,ELANE,0.7628878
582,631,ZFP35,ZFP36,0.7616878
582,486,ZFP35,NFKBIA,0.7551303
582,351,ZFP35,ERCC8,0.7502097
582,564,ZFP35,MFNG,0.74007237
582,208,ZFP35,CISH,0.7360838
582,177,ZFP35,RELB,0.73413795
582,331,ZFP35,PIM2,0.7212916
582,196,ZFP35,RARS,0.71889025
582,363,ZFP35,MYC,0.7176446
582,482,ZFP35,NFATC2,0.71484596
582,466,ZFP35,ABCG2,0.7142608
582,422,ZFP35,SESN1,0.7136104
582,180,ZFP35,TRIM35,0.7070132
582,436,ZFP35,RARB,0.7036986
582,263,ZFP35,JUN,0.70221764
582,315,ZFP35,CTSL,0.70188516
582,441,ZFP35,EBF1,0.7002005
582,357,ZFP35,MEIS1,0.6965902
582,81,ZFP35,HDAC11,0.6961269
582,494,ZFP35,USP11,0.6917651
582,82,ZFP35,RB1,0.68881863
582,232,ZFP35,ICAM1,0.6880512
582,34,ZFP35,MAML3,0.68767226
582,410,ZFP35,SMARCA2,0.6794257
582,6,ZFP35,BTG2,0.6680062
582,536,ZFP35,SPI1,0.66701454
582,449,ZFP35,TIE1,0.66557777
582,253,ZFP35,GRINA,0.6624757
582,289,ZFP35,GT(ROSA)26SOR,0.6624757
631,475,ZFP36,BCL2,0.97424114
631,29,ZFP36,IKZF1,0.9674
631,292,ZFP36,HDAC7,0.9664425
631,485,ZFP36,ABL1,0.9616858
631,353,ZFP36,CBFB,0.95758265
631,161,ZFP36,JARID2,0.9574025
631,196,ZFP36,RARS,0.9571089
631,283,ZFP36,EGR1,0.9568193
631,263,ZFP36,JUN,0.95299244
631,466,ZFP36,ABCG2,0.95231247
631,413,ZFP36,RASSF4,0.9485257
631,587,ZFP36,NCAPD2,0.9485257
631,209,ZFP36,ZBTB16,0.947386
631,206,ZFP36,ZDHHC6,0.94614995
631,67,ZFP36,HDAC2,0.9422747
631,79,ZFP36,STAT2,0.94043964
631,177,ZFP36,RELB,0.9399935
631,6,ZFP36,BTG2,0.93944377
631,208,ZFP36,CISH,0.9380281
631,436,ZFP36,RARB,0.9370399
631,621,ZFP36,SNRPB,0.9366669
631,557,ZFP36,SATB1,0.93298197
631,536,ZFP36,SPI1,0.9316873
631,162,ZFP36,FES,0.9311746
631,219,ZFP36,TLR4,0.9311746
631,278,ZFP36,NCF1,0.9311746
631,253,ZFP36,GRINA,0.9300423
631,289,ZFP36,GT(ROSA)26SOR,0.9300423
631,613,ZFP36,PGLYRP2,0.9300423
631,69,ZFP36,NAP1L3,0.92808104
631,146,ZFP36,SCARF1,0.9280246
631,175,ZFP36,TLE2,0.9280246
631,441,ZFP36,EBF1,0.9280246
631,546,ZFP36,PROCR,0.9280246
631,622,ZFP36,KRT18,0.9280246
631,64,ZFP36,IRF9,0.92620796
631,194,ZFP36,GOLPH3,0.92363364
631,52,ZFP36,FCGR2B,0.92262715
631,304,ZFP36,HLF,0.92262715
631,270,ZFP36,VDR,0.9211045
631,420,ZFP36,FDFT1,0.9210874
631,224,ZFP36,MAPK12,0.9209634
631,357,ZFP36,MEIS1,0.9203492
631,73,ZFP36,RORC,0.91772836
631,213,ZFP36,TCP11L2,0.9176354
631,293,ZFP36,IRF7,0.917632
631,517,ZFP36,H1F0,0.9175404
631,232,ZFP36,ICAM1,0.9169513
631,580,ZFP36,MLLT3,0.9166325
631,27,ZFP36,IRF8,0.9158181
111,621,ZFP367,SNRPB,0.9282103
111,475,ZFP367,BCL2,0.8942831
111,413,ZFP367,RASSF4,0.8941586
111,587,ZFP367,NCAPD2,0.8941586
111,353,ZFP367,CBFB,0.8912212
111,67,ZFP367,HDAC2,0.8850062
111,589,ZFP367,YBX1,0.8819421
111,165,ZFP367,GTF2H1,0.8593966
111,485,ZFP367,ABL1,0.8572532
111,292,ZFP367,HDAC7,0.8490846
111,209,ZFP367,ZBTB16,0.8237477
111,206,ZFP367,ZDHHC6,0.82212543
111,508,ZFP367,NDRG1,0.82139933
111,161,ZFP367,JARID2,0.81536126
111,29,ZFP367,IKZF1,0.8147214
111,261,ZFP367,EZR,0.79879767
111,486,ZFP367,NFKBIA,0.78116095
111,367,ZFP367,HCFC1,0.76997364
111,437,ZFP367,MYB,0.76757336
111,283,ZFP367,EGR1,0.7656194
111,439,ZFP367,DDX20,0.7637642
111,48,ZFP367,ELANE,0.7628878
111,631,ZFP367,ZFP36,0.7615941
111,351,ZFP367,ERCC8,0.7502097
111,564,ZFP367,MFNG,0.74007237
111,208,ZFP367,CISH,0.7360838
111,177,ZFP367,RELB,0.73413795
111,331,ZFP367,PIM2,0.7212916
111,196,ZFP367,RARS,0.71889025
111,363,ZFP367,MYC,0.7176446
111,410,ZFP367,SMARCA2,0.7174124
111,482,ZFP367,NFATC2,0.71484596
111,422,ZFP367,SESN1,0.7136104
111,466,ZFP367,ABCG2,0.71360517
111,315,ZFP367,CTSL,0.71267337
111,180,ZFP367,TRIM35,0.7070132
111,436,ZFP367,RARB,0.7036986
111,263,ZFP367,JUN,0.70247537
111,81,ZFP367,HDAC11,0.6961269
111,494,ZFP367,USP11,0.69525063
111,557,ZFP367,SATB1,0.69231915
111,82,ZFP367,RB1,0.69159496
111,232,ZFP367,ICAM1,0.68881
111,34,ZFP367,MAML3,0.68767226
111,357,ZFP367,MEIS1,0.6862075
111,435,ZFP367,NR3C2,0.6775239
111,6,ZFP367,BTG2,0.6685566
111,536,ZFP367,SPI1,0.66701454
111,449,ZFP367,TIE1,0.66557777
111,253,ZFP367,GRINA,0.6624757
521,621,ZFP451,SNRPB,0.9282103
521,353,ZFP451,CBFB,0.895775
521,413,ZFP451,RASSF4,0.89422727
521,475,ZFP451,BCL2,0.8923615
521,589,ZFP451,YBX1,0.8819421
521,209,ZFP451,ZBTB16,0.8709828
521,165,ZFP451,GTF2H1,0.8583298
521,485,ZFP451,ABL1,0.8572532
521,67,ZFP451,HDAC2,0.8526235
521,292,ZFP451,HDAC7,0.8490846
521,206,ZFP451,ZDHHC6,0.8214982
521,508,ZFP451,NDRG1,0.82139933
521,161,ZFP451,JARID2,0.81581056
521,29,ZFP451,IKZF1,0.8147214
521,261,ZFP451,EZR,0.79889566
521,587,ZFP451,NCAPD2,0.7828624
521,48,ZFP451,ELANE,0.7796381
521,367,ZFP451,HCFC1,0.7698142
521,437,ZFP451,MYB,0.76757336
521,283,ZFP451,EGR1,0.7656194
521,439,ZFP451,DDX20,0.7637642
521,631,ZFP451,ZFP36,0.7616878
521,486,ZFP451,NFKBIA,0.7551303
521,351,ZFP451,ERCC8,0.7502097
521,564,ZFP451,MFNG,0.74007237
521,208,ZFP451,CISH,0.7360838
521,177,ZFP451,RELB,0.7356332
521,331,ZFP451,PIM2,0.7212916
521,196,ZFP451,RARS,0.71889025
521,363,ZFP451,MYC,0.7176446
521,410,ZFP451,SMARCA2,0.7175039
521,482,ZFP451,NFATC2,0.71484596
521,422,ZFP451,SESN1,0.7136104
521,466,ZFP451,ABCG2,0.71360517
521,180,ZFP451,TRIM35,0.706945
521,436,ZFP451,RARB,0.7036986
521,263,ZFP451,JUN,0.70247537
521,315,ZFP451,CTSL,0.70188516
521,357,ZFP451,MEIS1,0.6965902
521,81,ZFP451,HDAC11,0.6961269
521,494,ZFP451,USP11,0.6917651
521,557,ZFP451,SATB1,0.69159824
521,82,ZFP451,RB1,0.69159496
521,232,ZFP451,ICAM1,0.68858284
521,34,ZFP451,MAML3,0.68767226
521,6,ZFP451,BTG2,0.66849935
521,536,ZFP451,SPI1,0.66701454
521,449,ZFP451,TIE1,0.66557777
521,253,ZFP451,GRINA,0.6624757
521,289,ZFP451,GT(ROSA)26SOR,0.6624757
398,621,ZFP467,SNRPB,0.92731714
398,353,ZFP467,CBFB,0.89597565
398,475,ZFP467,BCL2,0.8940065
398,413,ZFP467,RASSF4,0.89206386
398,587,ZFP467,NCAPD2,0.89206386
398,67,ZFP467,HDAC2,0.8827248
398,589,ZFP467,YBX1,0.880212
398,209,ZFP467,ZBTB16,0.87071776
398,165,ZFP467,GTF2H1,0.8570736
398,485,ZFP467,ABL1,0.85699147
398,292,ZFP467,HDAC7,0.8487281
398,206,ZFP467,ZDHHC6,0.8215475
398,508,ZFP467,NDRG1,0.819036
398,161,ZFP467,JARID2,0.8149046
398,29,ZFP467,IKZF1,0.8141731
398,261,ZFP467,EZR,0.7968687
398,48,ZFP467,ELANE,0.7800538
398,367,ZFP467,HCFC1,0.7672869
398,283,ZFP467,EGR1,0.76564264
398,437,ZFP467,MYB,0.7600547
398,631,ZFP467,ZFP36,0.75869465
398,486,ZFP467,NFKBIA,0.75209206
398,351,ZFP467,ERCC8,0.7475205
398,208,ZFP467,CISH,0.7352131
398,177,ZFP467,RELB,0.7307798
398,564,ZFP467,MFNG,0.7258617
398,52,ZFP467,FCGR2B,0.724243
398,331,ZFP467,PIM2,0.7193086
398,196,ZFP467,RARS,0.715998
398,363,ZFP467,MYC,0.7159942
398,410,ZFP467,SMARCA2,0.7149932
398,466,ZFP467,ABCG2,0.71430767
398,482,ZFP467,NFATC2,0.7110005
398,422,ZFP467,SESN1,0.71086943
398,180,ZFP467,TRIM35,0.70616454
398,436,ZFP467,RARB,0.70274436
398,315,ZFP467,CTSL,0.70161265
398,263,ZFP467,JUN,0.701031
398,357,ZFP467,MEIS1,0.69646513
398,81,ZFP467,HDAC11,0.6939817
398,494,ZFP467,USP11,0.69187474
398,557,ZFP467,SATB1,0.69167745
398,82,ZFP467,RB1,0.6896577
398,232,ZFP467,ICAM1,0.68794465
398,34,ZFP467,MAML3,0.6865517
398,6,ZFP467,BTG2,0.6688045
398,536,ZFP467,SPI1,0.6672288
398,449,ZFP467,TIE1,0.6651778
398,253,ZFP467,GRINA,0.6637059
398,289,ZFP467,GT(ROSA)26SOR,0.6637059
125,621,ZFP945,SNRPB,0.9282103
125,353,ZFP945,CBFB,0.895775
125,475,ZFP945,BCL2,0.8942831
125,413,ZFP945,RASSF4,0.8941586
125,67,ZFP945,HDAC2,0.8850062
125,589,ZFP945,YBX1,0.8821703
125,209,ZFP945,ZBTB16,0.8709828
125,165,ZFP945,GTF2H1,0.8593966
125,485,ZFP945,ABL1,0.8572532
125,292,ZFP945,HDAC7,0.8490846
125,587,ZFP945,NCAPD2,0.8410011
125,206,ZFP945,ZDHHC6,0.8222312
125,508,ZFP945,NDRG1,0.82139933
125,161,ZFP945,JARID2,0.81536126
125,29,ZFP945,IKZF1,0.8147214
125,261,ZFP945,EZR,0.79889566
125,180,ZFP945,TRIM35,0.78315103
125,410,ZFP945,SMARCA2,0.7813421
125,367,ZFP945,HCFC1,0.7700447
125,437,ZFP945,MYB,0.76757336
125,283,ZFP945,EGR1,0.7656194
125,439,ZFP945,DDX20,0.7637821
125,486,ZFP945,NFKBIA,0.7551303
125,351,ZFP945,ERCC8,0.7502097
125,81,ZFP945,HDAC11,0.7442053
125,363,ZFP945,MYC,0.7404404
125,564,ZFP945,MFNG,0.74000317
125,177,ZFP945,RELB,0.7366495
125,208,ZFP945,CISH,0.7360838
125,48,ZFP945,ELANE,0.7345329
125,331,ZFP945,PIM2,0.7212916
125,196,ZFP945,RARS,0.7185634
125,482,ZFP945,NFATC2,0.71484596
125,466,ZFP945,ABCG2,0.71360517
125,422,ZFP945,SESN1,0.70703137
125,436,ZFP945,RARB,0.7036986
125,263,ZFP945,JUN,0.70247537
125,315,ZFP945,CTSL,0.70188516
125,357,ZFP945,MEIS1,0.6965902
125,557,ZFP945,SATB1,0.69231915
125,494,ZFP945,USP11,0.6917651
125,82,ZFP945,RB1,0.69159496
125,232,ZFP945,ICAM1,0.68822336
125,34,ZFP945,MAML3,0.68767226
125,631,ZFP945,ZFP36,0.67455244
125,6,ZFP945,BTG2,0.66849935
125,52,ZFP945,FCGR2B,0.6673724
125,536,ZFP945,SPI1,0.66701454
125,358,ZFP945,TRPS1,0.6669866
125,449,ZFP945,TIE1,0.66557777
464,353,ZNRF2,CBFB,0.98343027
464,621,ZNRF2,SNRPB,0.98195523
464,413,ZNRF2,RASSF4,0.9794039
464,587,ZNRF2,NCAPD2,0.97938716
464,67,ZNRF2,HDAC2,0.9771696
464,589,ZNRF2,YBX1,0.97530603
464,439,ZNRF2,DDX20,0.96196157
464,367,ZNRF2,HCFC1,0.959323
464,165,ZNRF2,GTF2H1,0.95930314
464,363,ZNRF2,MYC,0.95921165
464,261,ZNRF2,EZR,0.9591372
464,508,ZNRF2,NDRG1,0.95242995
464,209,ZNRF2,ZBTB16,0.94516313
464,226,ZNRF2,POLR2B,0.9436591
464,482,ZNRF2,NFATC2,0.94260526
464,351,ZNRF2,ERCC8,0.9392844
464,475,ZNRF2,BCL2,0.9321899
464,82,ZNRF2,RB1,0.9309673
464,33,ZNRF2,CSTF2,0.924506
464,292,ZNRF2,HDAC7,0.91963613
464,199,ZNRF2,E2F4,0.91934425
464,28,ZNRF2,NFE2,0.9171953
464,486,ZNRF2,NFKBIA,0.9163232
464,375,ZNRF2,SRSF1,0.91227543
464,372,ZNRF2,BACE1,0.91102403
464,117,ZNRF2,TFG,0.91072094
464,3,ZNRF2,POLR1B,0.9098388
464,485,ZNRF2,ABL1,0.9090128
464,206,ZNRF2,ZDHHC6,0.908765
464,564,ZNRF2,MFNG,0.9084984
464,575,ZNRF2,GTF2F1,0.90696007
464,161,ZNRF2,JARID2,0.9067706
464,86,ZNRF2,RANGAP1,0.8969094
464,631,ZNRF2,ZFP36,0.8964913
464,437,ZNRF2,MYB,0.8929419
464,134,ZNRF2,PA2G4,0.89287835
464,315,ZNRF2,CTSL,0.88687354
464,345,ZNRF2,UHRF1,0.88594204
464,274,ZNRF2,NOP2,0.87841743
464,331,ZNRF2,PIM2,0.8764954
464,422,ZNRF2,SESN1,0.8752477
464,426,ZNRF2,PRPF4,0.8684266
464,404,ZNRF2,FTSJ3,0.8602256
464,410,ZNRF2,SMARCA2,0.8598054
464,466,ZNRF2,ABCG2,0.8581442
464,29,ZNRF2,IKZF1,0.8550479
464,154,ZNRF2,HDGF,0.84442496
464,166,ZNRF2,PSAT1,0.84442496
464,212,ZNRF2,FLT3,0.84442496
464,217,ZNRF2,PRMT7,0.84442496
