src_idx,dst_idx,src_gene,dst_gene,score
481,97,2610307P16RIK,MYC,0.71429557
481,246,2610307P16RIK,KLF6,0.7129645
481,497,2610307P16RIK,ATP8B4,0.7050335
481,135,2610307P16RIK,SLBP,0.7024939
481,400,2610307P16RIK,ANKRD44,0.6989498
481,174,2610307P16RIK,PPCDC,0.6968352
481,182,2610307P16RIK,STK17B,0.6968352
481,79,2610307P16RIK,MGAT1,0.6968269
481,219,2610307P16RIK,STARD4,0.6968269
481,327,2610307P16RIK,PRIM1,0.69620126
481,262,2610307P16RIK,SSH2,0.6954627
481,123,2610307P16RIK,PAFAH2,0.69452506
481,119,2610307P16RIK,PAG1,0.69140035
481,556,2610307P16RIK,ITGB7,0.69134706
481,405,2610307P16RIK,GIMAP8,0.6907008
481,169,2610307P16RIK,MCM4,0.68909115
481,354,2610307P16RIK,PPP1R15A,0.68898845
481,47,2610307P16RIK,LONP2,0.6889375
481,102,2610307P16RIK,FUT8,0.68876463
481,24,2610307P16RIK,DYNLL1,0.68683684
481,339,2610307P16RIK,KCTD12,0.68360114
481,525,2610307P16RIK,TXNIP,0.68265104
481,284,2610307P16RIK,ANXA5,0.68166316
481,198,2610307P16RIK,CMAH,0.68025756
481,287,2610307P16RIK,CSF3R,0.6799753
481,217,2610307P16RIK,MYCT1,0.6777093
481,260,2610307P16RIK,RHOF,0.67638147
481,197,2610307P16RIK,POLA2,0.67586786
481,147,2610307P16RIK,ERP29,0.67325574
481,293,2610307P16RIK,MAML3,0.6691954
481,224,2610307P16RIK,PLSCR4,0.66735506
481,214,2610307P16RIK,FCHO2,0.6656084
481,145,2610307P16RIK,SPI1,0.652831
481,115,2610307P16RIK,LTB,0.6508146
481,376,2610307P16RIK,SLC39A13,0.64911985
481,323,2610307P16RIK,SELPLG,0.6477805
481,180,2610307P16RIK,RGS2,0.6451739
481,455,2610307P16RIK,SNAP23,0.64132816
481,441,2610307P16RIK,MCM7,0.63946605
481,404,2610307P16RIK,NHP2,0.6386761
481,283,2610307P16RIK,SAT1,0.63860404
481,538,2610307P16RIK,GBP9,0.63801444
481,225,2610307P16RIK,CDT1,0.6376584
481,335,2610307P16RIK,SLC22A3,0.6369119
481,409,2610307P16RIK,TMEM206,0.63661146
481,228,2610307P16RIK,CCL9,0.6349235
481,84,2610307P16RIK,SLC39A6,0.6336137
481,7,2610307P16RIK,AKNA,0.63281107
481,66,2610307P16RIK,CCR7,0.63220865
481,526,2610307P16RIK,SERP1,0.6321951
244,246,2810468N07RIK,KLF6,0.7105279
244,497,2810468N07RIK,ATP8B4,0.7050335
244,441,2810468N07RIK,MCM7,0.7046144
244,409,2810468N07RIK,TMEM206,0.70056367
244,400,2810468N07RIK,ANKRD44,0.6989498
244,174,2810468N07RIK,PPCDC,0.6968352
244,182,2810468N07RIK,STK17B,0.6968352
244,219,2810468N07RIK,STARD4,0.6968269
244,327,2810468N07RIK,PRIM1,0.6961986
244,262,2810468N07RIK,SSH2,0.6954627
244,556,2810468N07RIK,ITGB7,0.69134706
244,119,2810468N07RIK,PAG1,0.6911957
244,405,2810468N07RIK,GIMAP8,0.6907008
244,203,2810468N07RIK,CD33,0.6891677
244,169,2810468N07RIK,MCM4,0.68909115
244,354,2810468N07RIK,PPP1R15A,0.68898845
244,47,2810468N07RIK,LONP2,0.6889375
244,24,2810468N07RIK,DYNLL1,0.68683684
244,102,2810468N07RIK,FUT8,0.6846261
244,339,2810468N07RIK,KCTD12,0.68360114
244,525,2810468N07RIK,TXNIP,0.68265104
244,284,2810468N07RIK,ANXA5,0.68166316
244,198,2810468N07RIK,CMAH,0.68025756
244,197,2810468N07RIK,POLA2,0.67767155
244,147,2810468N07RIK,ERP29,0.67325574
244,293,2810468N07RIK,MAML3,0.66894245
244,224,2810468N07RIK,PLSCR4,0.66735506
244,214,2810468N07RIK,FCHO2,0.6654371
244,135,2810468N07RIK,SLBP,0.66230017
244,210,2810468N07RIK,CDKN1C,0.65204453
244,19,2810468N07RIK,UBASH3A,0.6520293
244,115,2810468N07RIK,LTB,0.6508146
244,323,2810468N07RIK,SELPLG,0.6480545
244,180,2810468N07RIK,RGS2,0.6451739
244,455,2810468N07RIK,SNAP23,0.6414364
244,123,2810468N07RIK,PAFAH2,0.64067304
244,404,2810468N07RIK,NHP2,0.6386761
244,283,2810468N07RIK,SAT1,0.63860404
244,335,2810468N07RIK,SLC22A3,0.63803154
244,84,2810468N07RIK,SLC39A6,0.6379986
244,225,2810468N07RIK,CDT1,0.6376584
244,555,2810468N07RIK,CKS1B,0.6374101
244,217,2810468N07RIK,MYCT1,0.63571835
244,228,2810468N07RIK,CCL9,0.6349235
244,287,2810468N07RIK,CSF3R,0.63472635
244,7,2810468N07RIK,AKNA,0.63281107
244,66,2810468N07RIK,CCR7,0.6320571
244,552,2810468N07RIK,TLR7,0.6320571
244,396,2810468N07RIK,IFI27,0.62943476
244,466,2810468N07RIK,ZFP367,0.62894857
306,97,4833407H14RIK,MYC,0.71429557
306,246,4833407H14RIK,KLF6,0.7105279
306,497,4833407H14RIK,ATP8B4,0.7050335
306,441,4833407H14RIK,MCM7,0.7046144
306,135,4833407H14RIK,SLBP,0.70285743
306,409,4833407H14RIK,TMEM206,0.70056367
306,400,4833407H14RIK,ANKRD44,0.6989498
306,174,4833407H14RIK,PPCDC,0.6968352
306,182,4833407H14RIK,STK17B,0.6968352
306,79,4833407H14RIK,MGAT1,0.6968269
306,219,4833407H14RIK,STARD4,0.6968269
306,327,4833407H14RIK,PRIM1,0.6961986
306,262,4833407H14RIK,SSH2,0.69521
306,123,4833407H14RIK,PAFAH2,0.69452506
306,556,4833407H14RIK,ITGB7,0.69134706
306,119,4833407H14RIK,PAG1,0.6911957
306,405,4833407H14RIK,GIMAP8,0.6907008
306,354,4833407H14RIK,PPP1R15A,0.68898845
306,169,4833407H14RIK,MCM4,0.6887307
306,24,4833407H14RIK,DYNLL1,0.68683684
306,102,4833407H14RIK,FUT8,0.6846261
306,339,4833407H14RIK,KCTD12,0.6821616
306,284,4833407H14RIK,ANXA5,0.68166316
306,525,4833407H14RIK,TXNIP,0.68139833
306,198,4833407H14RIK,CMAH,0.68025756
306,287,4833407H14RIK,CSF3R,0.6799753
306,217,4833407H14RIK,MYCT1,0.6777093
306,260,4833407H14RIK,RHOF,0.67638147
306,197,4833407H14RIK,POLA2,0.67586786
306,147,4833407H14RIK,ERP29,0.67325574
306,293,4833407H14RIK,MAML3,0.6691954
306,224,4833407H14RIK,PLSCR4,0.66735506
306,214,4833407H14RIK,FCHO2,0.6651793
306,145,4833407H14RIK,SPI1,0.652831
306,210,4833407H14RIK,CDKN1C,0.65204453
306,19,4833407H14RIK,UBASH3A,0.6520293
306,115,4833407H14RIK,LTB,0.6508146
306,426,4833407H14RIK,NWD1,0.65024704
306,323,4833407H14RIK,SELPLG,0.6480545
306,180,4833407H14RIK,RGS2,0.6451739
306,304,4833407H14RIK,ARID5A,0.643235
306,455,4833407H14RIK,SNAP23,0.64132816
306,404,4833407H14RIK,NHP2,0.6386761
306,283,4833407H14RIK,SAT1,0.63860404
306,555,4833407H14RIK,CKS1B,0.6374101
306,335,4833407H14RIK,SLC22A3,0.6369119
306,228,4833407H14RIK,CCL9,0.6349235
306,84,4833407H14RIK,SLC39A6,0.63338494
306,7,4833407H14RIK,AKNA,0.63232625
306,526,4833407H14RIK,SERP1,0.6321951
157,115,5430427O19RIK,LTB,0.043418825
157,323,5430427O19RIK,SELPLG,0.041371167
157,224,5430427O19RIK,PLSCR4,0.037463054
157,260,5430427O19RIK,RHOF,0.03735847
157,198,5430427O19RIK,CMAH,0.033707745
157,400,5430427O19RIK,ANKRD44,0.032824494
157,217,5430427O19RIK,MYCT1,0.032423683
157,405,5430427O19RIK,GIMAP8,0.032371204
157,455,5430427O19RIK,SNAP23,0.03148416
157,174,5430427O19RIK,PPCDC,0.03105193
157,182,5430427O19RIK,STK17B,0.030838834
157,327,5430427O19RIK,PRIM1,0.030786019
157,339,5430427O19RIK,KCTD12,0.03065664
157,180,5430427O19RIK,RGS2,0.030534778
157,169,5430427O19RIK,MCM4,0.030163568
157,210,5430427O19RIK,CDKN1C,0.029577
157,262,5430427O19RIK,SSH2,0.029194573
157,47,5430427O19RIK,LONP2,0.028461866
157,354,5430427O19RIK,PPP1R15A,0.028031401
157,525,5430427O19RIK,TXNIP,0.027999338
157,135,5430427O19RIK,SLBP,0.027987238
157,409,5430427O19RIK,TMEM206,0.027745971
157,79,5430427O19RIK,MGAT1,0.026924582
157,219,5430427O19RIK,STARD4,0.026924582
157,497,5430427O19RIK,ATP8B4,0.02689519
157,441,5430427O19RIK,MCM7,0.026566558
157,284,5430427O19RIK,ANXA5,0.025444673
157,24,5430427O19RIK,DYNLL1,0.02534671
157,102,5430427O19RIK,FUT8,0.025008913
157,123,5430427O19RIK,PAFAH2,0.024688596
157,246,5430427O19RIK,KLF6,0.023192517
157,214,5430427O19RIK,FCHO2,0.021625772
157,119,5430427O19RIK,PAG1,0.018033106
157,293,5430427O19RIK,MAML3,0.015196133
157,556,5430427O19RIK,ITGB7,0.015191852
157,147,5430427O19RIK,ERP29,0.013559662
157,197,5430427O19RIK,POLA2,0.006522243
157,203,5430427O19RIK,CD33,0.0032972451
157,139,5430427O19RIK,CCL3,0.0031126936
157,86,5430427O19RIK,METTL7A1,0.002757394
157,207,5430427O19RIK,BLNK,0.002751266
157,186,5430427O19RIK,IL7R,0.002711142
157,294,5430427O19RIK,TINAGL1,0.0026717898
157,319,5430427O19RIK,CD74,0.0026583667
157,63,5430427O19RIK,ENG,0.0026422257
157,419,5430427O19RIK,NCF1,0.0026176486
157,132,5430427O19RIK,OAS2,0.0025690272
157,417,5430427O19RIK,UBA7,0.002531022
157,267,5430427O19RIK,CLEC12A,0.0025141335
157,332,5430427O19RIK,IPCEF1,0.0024833418
48,115,9030619P08RIK,LTB,0.8106015
48,441,9030619P08RIK,MCM7,0.74107283
48,97,9030619P08RIK,MYC,0.71429557
48,214,9030619P08RIK,FCHO2,0.713408
48,497,9030619P08RIK,ATP8B4,0.7047957
48,135,9030619P08RIK,SLBP,0.70285743
48,409,9030619P08RIK,TMEM206,0.70056367
48,400,9030619P08RIK,ANKRD44,0.6989498
48,262,9030619P08RIK,SSH2,0.69709945
48,174,9030619P08RIK,PPCDC,0.6968352
48,182,9030619P08RIK,STK17B,0.6968352
48,79,9030619P08RIK,MGAT1,0.6968269
48,219,9030619P08RIK,STARD4,0.6965752
48,327,9030619P08RIK,PRIM1,0.6961986
48,123,9030619P08RIK,PAFAH2,0.6942875
48,119,9030619P08RIK,PAG1,0.6911957
48,556,9030619P08RIK,ITGB7,0.6910876
48,405,9030619P08RIK,GIMAP8,0.6905361
48,169,9030619P08RIK,MCM4,0.68909115
48,354,9030619P08RIK,PPP1R15A,0.68898845
48,47,9030619P08RIK,LONP2,0.6889165
48,197,9030619P08RIK,POLA2,0.68746734
48,24,9030619P08RIK,DYNLL1,0.68683684
48,102,9030619P08RIK,FUT8,0.6846261
48,339,9030619P08RIK,KCTD12,0.68360114
48,198,9030619P08RIK,CMAH,0.6831264
48,525,9030619P08RIK,TXNIP,0.68265104
48,284,9030619P08RIK,ANXA5,0.68166316
48,287,9030619P08RIK,CSF3R,0.6804455
48,217,9030619P08RIK,MYCT1,0.6777093
48,260,9030619P08RIK,RHOF,0.67650133
48,147,9030619P08RIK,ERP29,0.67325574
48,293,9030619P08RIK,MAML3,0.6694038
48,224,9030619P08RIK,PLSCR4,0.66735506
48,145,9030619P08RIK,SPI1,0.652831
48,210,9030619P08RIK,CDKN1C,0.65204453
48,19,9030619P08RIK,UBASH3A,0.6520293
48,323,9030619P08RIK,SELPLG,0.6480545
48,180,9030619P08RIK,RGS2,0.6451739
48,455,9030619P08RIK,SNAP23,0.64132816
48,335,9030619P08RIK,SLC22A3,0.63913065
48,404,9030619P08RIK,NHP2,0.6386761
48,283,9030619P08RIK,SAT1,0.63860404
48,225,9030619P08RIK,CDT1,0.6376584
48,555,9030619P08RIK,CKS1B,0.6374101
48,228,9030619P08RIK,CCL9,0.6347574
48,84,9030619P08RIK,SLC39A6,0.6336137
48,7,9030619P08RIK,AKNA,0.63281107
48,526,9030619P08RIK,SERP1,0.6321951
48,66,9030619P08RIK,CCR7,0.6320571
527,97,9530082P21RIK,MYC,0.7083923
527,246,9530082P21RIK,KLF6,0.70777166
527,497,9530082P21RIK,ATP8B4,0.7049846
527,441,9530082P21RIK,MCM7,0.7043631
527,119,9530082P21RIK,PAG1,0.7014379
527,409,9530082P21RIK,TMEM206,0.70056367
527,135,9530082P21RIK,SLBP,0.7000968
527,400,9530082P21RIK,ANKRD44,0.69910485
527,327,9530082P21RIK,PRIM1,0.6961986
527,174,9530082P21RIK,PPCDC,0.6940501
527,182,9530082P21RIK,STK17B,0.6940501
527,79,9530082P21RIK,MGAT1,0.69400275
527,219,9530082P21RIK,STARD4,0.69395655
527,262,9530082P21RIK,SSH2,0.6926471
527,123,9530082P21RIK,PAFAH2,0.6916514
527,556,9530082P21RIK,ITGB7,0.69134706
527,169,9530082P21RIK,MCM4,0.6867034
527,47,9530082P21RIK,LONP2,0.68607897
527,24,9530082P21RIK,DYNLL1,0.683926
527,339,9530082P21RIK,KCTD12,0.68360114
527,525,9530082P21RIK,TXNIP,0.68265104
527,102,9530082P21RIK,FUT8,0.68176895
527,284,9530082P21RIK,ANXA5,0.67870986
527,198,9530082P21RIK,CMAH,0.67738616
527,217,9530082P21RIK,MYCT1,0.6748292
527,287,9530082P21RIK,CSF3R,0.67427045
527,260,9530082P21RIK,RHOF,0.6735502
527,197,9530082P21RIK,POLA2,0.67297393
527,147,9530082P21RIK,ERP29,0.67023265
527,293,9530082P21RIK,MAML3,0.6661361
527,224,9530082P21RIK,PLSCR4,0.6644325
527,210,9530082P21RIK,CDKN1C,0.6490261
527,323,9530082P21RIK,SELPLG,0.6480545
527,115,9530082P21RIK,LTB,0.64779043
527,19,9530082P21RIK,UBASH3A,0.645201
527,180,9530082P21RIK,RGS2,0.64262676
527,455,9530082P21RIK,SNAP23,0.64132816
527,404,9530082P21RIK,NHP2,0.6386761
527,555,9530082P21RIK,CKS1B,0.6374101
527,526,9530082P21RIK,SERP1,0.6321951
527,552,9530082P21RIK,TLR7,0.6320571
527,283,9530082P21RIK,SAT1,0.6313356
527,225,9530082P21RIK,CDT1,0.6306981
527,396,9530082P21RIK,IFI27,0.62943476
527,228,9530082P21RIK,CCL9,0.6287705
527,466,9530082P21RIK,ZFP367,0.6279281
527,549,9530082P21RIK,SLC26A11,0.62730145
527,84,9530082P21RIK,SLC39A6,0.62728715
527,354,9530082P21RIK,PPP1R15A,0.62702346
527,7,9530082P21RIK,AKNA,0.6263628
213,115,ABCG2,LTB,0.041117035
213,224,ABCG2,PLSCR4,0.03545784
213,260,ABCG2,RHOF,0.035374396
213,197,ABCG2,POLA2,0.033059858
213,556,ABCG2,ITGB7,0.032842644
213,198,ABCG2,CMAH,0.03191032
213,102,ABCG2,FUT8,0.030908674
213,455,ABCG2,SNAP23,0.030792564
213,217,ABCG2,MYCT1,0.030706575
213,405,ABCG2,GIMAP8,0.03064879
213,147,ABCG2,ERP29,0.029932115
213,174,ABCG2,PPCDC,0.029202899
213,182,ABCG2,STK17B,0.02920288
213,327,ABCG2,PRIM1,0.02915021
213,339,ABCG2,KCTD12,0.0290409
213,180,ABCG2,RGS2,0.02891763
213,169,ABCG2,MCM4,0.028561834
213,210,ABCG2,CDKN1C,0.028013907
213,354,ABCG2,PPP1R15A,0.026551506
213,135,ABCG2,SLBP,0.026546279
213,525,ABCG2,TXNIP,0.026529724
213,409,ABCG2,TMEM206,0.026284305
213,219,ABCG2,STARD4,0.025506241
213,79,ABCG2,MGAT1,0.025506219
213,497,ABCG2,ATP8B4,0.02548686
213,441,ABCG2,MCM7,0.025172358
213,284,ABCG2,ANXA5,0.024114601
213,24,ABCG2,DYNLL1,0.023988726
213,262,ABCG2,SSH2,0.023802422
213,119,ABCG2,PAG1,0.023617916
213,123,ABCG2,PAFAH2,0.023397408
213,246,ABCG2,KLF6,0.021990014
213,214,ABCG2,FCHO2,0.020516712
213,47,ABCG2,LONP2,0.019253941
213,400,ABCG2,ANKRD44,0.017723061
213,293,ABCG2,MAML3,0.017279752
213,323,ABCG2,SELPLG,0.0153434975
213,203,ABCG2,CD33,0.003211582
213,139,ABCG2,CCL3,0.0030396916
213,86,ABCG2,METTL7A1,0.0027024958
213,207,ABCG2,BLNK,0.002697909
213,419,ABCG2,NCF1,0.0026563848
213,186,ABCG2,IL7R,0.0026549932
213,319,ABCG2,CD74,0.002612241
213,63,ABCG2,ENG,0.0025951762
213,132,ABCG2,OAS2,0.002520513
213,332,ABCG2,IPCEF1,0.0025173402
213,417,ABCG2,UBA7,0.0024857598
213,267,ABCG2,CLEC12A,0.0024693604
213,172,ABCG2,EPSTI1,0.0023948196
503,115,ABCG3,LTB,0.07146615
503,323,ABCG3,SELPLG,0.068234645
503,224,ABCG3,PLSCR4,0.06221402
503,260,ABCG3,RHOF,0.06182535
503,197,ABCG3,POLA2,0.05802923
503,556,ABCG3,ITGB7,0.05761945
503,102,ABCG3,FUT8,0.054338876
503,405,ABCG3,GIMAP8,0.053868886
503,217,ABCG3,MYCT1,0.05383605
503,147,ABCG3,ERP29,0.052440614
503,455,ABCG3,SNAP23,0.05234683
503,198,ABCG3,CMAH,0.05174075
503,174,ABCG3,PPCDC,0.051326025
503,182,ABCG3,STK17B,0.051326025
503,327,ABCG3,PRIM1,0.051159665
503,339,ABCG3,KCTD12,0.050956383
503,180,ABCG3,RGS2,0.050873872
503,169,ABCG3,MCM4,0.05023158
503,262,ABCG3,SSH2,0.04862795
503,47,ABCG3,LONP2,0.047276802
503,354,ABCG3,PPP1R15A,0.04669383
503,135,ABCG3,SLBP,0.04660686
503,525,ABCG3,TXNIP,0.046570443
503,409,ABCG3,TMEM206,0.046210352
503,219,ABCG3,STARD4,0.045347173
503,79,ABCG3,MGAT1,0.044830125
503,497,ABCG3,ATP8B4,0.04472294
503,441,ABCG3,MCM7,0.044246655
503,284,ABCG3,ANXA5,0.042386733
503,24,ABCG3,DYNLL1,0.042159848
503,119,ABCG3,PAG1,0.041513186
503,123,ABCG3,PAFAH2,0.041123442
503,293,ABCG3,MAML3,0.03992407
503,246,ABCG3,KLF6,0.03855104
503,214,ABCG3,FCHO2,0.035971977
503,210,ABCG3,CDKN1C,0.032857765
503,400,ABCG3,ANKRD44,0.021481553
503,203,ABCG3,CD33,0.0046228277
503,139,ABCG3,CCL3,0.0043287557
503,86,ABCG3,METTL7A1,0.0037843464
503,207,ABCG3,BLNK,0.0037715991
503,186,ABCG3,IL7R,0.0037209662
503,419,ABCG3,NCF1,0.0036874695
503,319,ABCG3,CD74,0.0036291196
503,63,ABCG3,ENG,0.0035975163
503,132,ABCG3,OAS2,0.0034892042
503,332,ABCG3,IPCEF1,0.0034775434
503,417,ABCG3,UBA7,0.003437697
503,267,ABCG3,CLEC12A,0.003411986
503,172,ABCG3,EPSTI1,0.003302576
52,115,ABHD17B,LTB,0.047017142
52,323,ABHD17B,SELPLG,0.044820134
52,224,ABHD17B,PLSCR4,0.040562753
52,260,ABHD17B,RHOF,0.040490042
52,556,ABHD17B,ITGB7,0.037617885
52,198,ABHD17B,CMAH,0.036560204
52,102,ABHD17B,FUT8,0.0354172
52,400,ABHD17B,ANKRD44,0.03519692
52,217,ABHD17B,MYCT1,0.03516561
52,147,ABHD17B,ERP29,0.034271184
52,455,ABHD17B,SNAP23,0.03416491
52,174,ABHD17B,PPCDC,0.033456024
52,182,ABHD17B,STK17B,0.03341505
52,327,ABHD17B,PRIM1,0.033395544
52,339,ABHD17B,KCTD12,0.03329229
52,180,ABHD17B,RGS2,0.033141833
52,169,ABHD17B,MCM4,0.032975014
52,405,ABHD17B,GIMAP8,0.032348648
52,210,ABHD17B,CDKN1C,0.03210339
52,262,ABHD17B,SSH2,0.03206132
52,47,ABHD17B,LONP2,0.03110944
52,135,ABHD17B,SLBP,0.030401805
52,525,ABHD17B,TXNIP,0.030384291
52,409,ABHD17B,TMEM206,0.030157173
52,497,ABHD17B,ATP8B4,0.029183244
52,441,ABHD17B,MCM7,0.02879196
52,119,ABHD17B,PAG1,0.027690535
52,284,ABHD17B,ANXA5,0.027644835
52,24,ABHD17B,DYNLL1,0.027508007
52,79,ABHD17B,MGAT1,0.02690128
52,123,ABHD17B,PAFAH2,0.026798889
52,293,ABHD17B,MAML3,0.026018437
52,246,ABHD17B,KLF6,0.025483284
52,214,ABHD17B,FCHO2,0.023648767
52,354,ABHD17B,PPP1R15A,0.018566359
52,219,ABHD17B,STARD4,0.017597143
52,197,ABHD17B,POLA2,0.016268447
52,203,ABHD17B,CD33,0.0035137346
52,139,ABHD17B,CCL3,0.0033145833
52,86,ABHD17B,METTL7A1,0.00293521
52,207,ABHD17B,BLNK,0.00292925
52,186,ABHD17B,IL7R,0.002883279
52,419,ABHD17B,NCF1,0.002880981
52,319,ABHD17B,CD74,0.0028325808
52,294,ABHD17B,TINAGL1,0.0027843902
52,132,ABHD17B,OAS2,0.0027347538
52,332,ABHD17B,IPCEF1,0.002726669
52,417,ABHD17B,UBA7,0.00269197
52,267,ABHD17B,CLEC12A,0.0026732907
52,276,ABHD17B,H2-Q6,0.0025563547
403,97,AC174780.1,MYC,0.71429557
403,246,AC174780.1,KLF6,0.7105279
403,497,AC174780.1,ATP8B4,0.70550394
403,441,AC174780.1,MCM7,0.70424414
403,135,AC174780.1,SLBP,0.70285743
403,409,AC174780.1,TMEM206,0.70056367
403,400,AC174780.1,ANKRD44,0.6989498
403,174,AC174780.1,PPCDC,0.6968352
403,182,AC174780.1,STK17B,0.6968352
403,79,AC174780.1,MGAT1,0.6968269
403,219,AC174780.1,STARD4,0.6964559
403,327,AC174780.1,PRIM1,0.6961986
403,262,AC174780.1,SSH2,0.6954627
403,123,AC174780.1,PAFAH2,0.69452506
403,556,AC174780.1,ITGB7,0.69134706
403,119,AC174780.1,PAG1,0.691325
403,405,AC174780.1,GIMAP8,0.6907008
403,47,AC174780.1,LONP2,0.6889375
403,354,AC174780.1,PPP1R15A,0.6888397
403,24,AC174780.1,DYNLL1,0.68683684
403,102,AC174780.1,FUT8,0.684726
403,525,AC174780.1,TXNIP,0.68364555
403,284,AC174780.1,ANXA5,0.6820377
403,198,AC174780.1,CMAH,0.68025756
403,287,AC174780.1,CSF3R,0.6789677
403,217,AC174780.1,MYCT1,0.6778742
403,260,AC174780.1,RHOF,0.6765845
403,197,AC174780.1,POLA2,0.67586786
403,147,AC174780.1,ERP29,0.67325574
403,293,AC174780.1,MAML3,0.6691954
403,224,AC174780.1,PLSCR4,0.66735506
403,214,AC174780.1,FCHO2,0.6651771
403,145,AC174780.1,SPI1,0.652831
403,210,AC174780.1,CDKN1C,0.65204453
403,19,AC174780.1,UBASH3A,0.6520293
403,115,AC174780.1,LTB,0.6508146
403,323,AC174780.1,SELPLG,0.64766634
403,180,AC174780.1,RGS2,0.6451739
403,455,AC174780.1,SNAP23,0.64132816
403,404,AC174780.1,NHP2,0.6384874
403,84,AC174780.1,SLC39A6,0.6379986
403,225,AC174780.1,CDT1,0.6376584
403,555,AC174780.1,CKS1B,0.6374101
403,335,AC174780.1,SLC22A3,0.6369119
403,7,AC174780.1,AKNA,0.63281107
403,526,AC174780.1,SERP1,0.6321951
403,552,AC174780.1,TLR7,0.6320571
403,169,AC174780.1,MCM4,0.63062227
403,396,AC174780.1,IFI27,0.62943476
403,466,AC174780.1,ZFP367,0.62894857
520,115,ACAP1,LTB,0.0350093
520,224,ACAP1,PLSCR4,0.030113682
520,260,ACAP1,RHOF,0.030066505
520,197,ACAP1,POLA2,0.02805987
520,556,ACAP1,ITGB7,0.027850438
520,198,ACAP1,CMAH,0.02707956
520,102,ACAP1,FUT8,0.026742745
520,217,ACAP1,MYCT1,0.02605484
520,405,ACAP1,GIMAP8,0.026005462
520,147,ACAP1,ERP29,0.025389386
520,455,ACAP1,SNAP23,0.02526913
520,169,ACAP1,MCM4,0.024996392
520,174,ACAP1,PPCDC,0.024773333
520,182,ACAP1,STK17B,0.024773333
520,327,ACAP1,PRIM1,0.024729561
520,339,ACAP1,KCTD12,0.02462952
520,180,ACAP1,RGS2,0.024469042
520,210,ACAP1,CDKN1C,0.023727935
520,262,ACAP1,SSH2,0.02344111
520,47,ACAP1,LONP2,0.022839641
520,135,ACAP1,SLBP,0.022509504
520,354,ACAP1,PPP1R15A,0.022500217
520,525,ACAP1,TXNIP,0.022480628
520,409,ACAP1,TMEM206,0.022297762
520,79,ACAP1,MGAT1,0.02161488
520,497,ACAP1,ATP8B4,0.021606749
520,219,ACAP1,STARD4,0.021572072
520,441,ACAP1,MCM7,0.021333521
520,284,ACAP1,ANXA5,0.020414865
520,119,ACAP1,PAG1,0.019998511
520,123,ACAP1,PAFAH2,0.019812815
520,293,ACAP1,MAML3,0.019212825
520,246,ACAP1,KLF6,0.018627467
520,323,ACAP1,SELPLG,0.014922399
520,214,ACAP1,FCHO2,0.013310943
520,24,ACAP1,DYNLL1,0.011857159
520,139,ACAP1,CCL3,0.002866323
520,203,ACAP1,CD33,0.0028000814
520,400,ACAP1,ANKRD44,0.0027674562
520,86,ACAP1,METTL7A1,0.0023644047
520,207,ACAP1,BLNK,0.0023626327
520,186,ACAP1,IL7R,0.0023282175
520,419,ACAP1,NCF1,0.0023223867
520,319,ACAP1,CD74,0.00228998
520,63,ACAP1,ENG,0.0022746183
520,294,ACAP1,TINAGL1,0.0022502602
520,132,ACAP1,OAS2,0.0022114706
520,417,ACAP1,UBA7,0.0021846385
520,267,ACAP1,CLEC12A,0.002170467
520,172,ACAP1,EPSTI1,0.0021084996
168,123,ADAM17,PAFAH2,0.71345025
168,497,ADAM17,ATP8B4,0.7050335
168,441,ADAM17,MCM7,0.7046144
168,409,ADAM17,TMEM206,0.70056367
168,400,ADAM17,ANKRD44,0.6989498
168,327,ADAM17,PRIM1,0.6961986
168,246,ADAM17,KLF6,0.69466746
168,556,ADAM17,ITGB7,0.6911061
168,354,ADAM17,PPP1R15A,0.68898845
168,97,ADAM17,MYC,0.6876203
168,135,ADAM17,SLBP,0.686939
168,339,ADAM17,KCTD12,0.68360114
168,525,ADAM17,TXNIP,0.68265104
168,174,ADAM17,PPCDC,0.68079376
168,182,ADAM17,STK17B,0.6807937
168,219,ADAM17,STARD4,0.6805937
168,79,ADAM17,MGAT1,0.68059367
168,119,ADAM17,PAG1,0.67464334
168,169,ADAM17,MCM4,0.6727197
168,47,ADAM17,LONP2,0.67236125
168,102,ADAM17,FUT8,0.67005795
168,284,ADAM17,ANXA5,0.66466755
168,217,ADAM17,MYCT1,0.6610733
168,260,ADAM17,RHOF,0.6599204
168,293,ADAM17,MAML3,0.652634
168,287,ADAM17,CSF3R,0.6517085
168,417,ADAM17,UBA7,0.6486625
168,214,ADAM17,FCHO2,0.6481094
168,323,ADAM17,SELPLG,0.6480545
168,455,ADAM17,SNAP23,0.6413161
168,404,ADAM17,NHP2,0.6386761
168,555,ADAM17,CKS1B,0.6374101
168,335,ADAM17,SLC22A3,0.6369119
168,115,ADAM17,LTB,0.63484836
168,210,ADAM17,CDKN1C,0.634592
168,405,ADAM17,GIMAP8,0.6342218
168,526,ADAM17,SERP1,0.6321951
168,180,ADAM17,RGS2,0.6297905
168,396,ADAM17,IFI27,0.62943476
168,466,ADAM17,ZFP367,0.62894857
168,549,ADAM17,SLC26A11,0.62730145
168,492,ADAM17,DTL,0.62618077
168,19,ADAM17,UBASH3A,0.6253257
168,318,ADAM17,RANBP1,0.62507004
168,488,ADAM17,RNF38,0.6244628
168,375,ADAM17,LAX1,0.6235786
168,198,ADAM17,CMAH,0.6223185
168,440,ADAM17,AP1S2,0.62210834
168,446,ADAM17,WFDC17,0.6219487
168,552,ADAM17,TLR7,0.6218403
320,115,ADGRG3,LTB,0.030409496
320,323,ADGRG3,SELPLG,0.028965417
320,224,ADGRG3,PLSCR4,0.026155667
320,260,ADGRG3,RHOF,0.026139094
320,197,ADGRG3,POLA2,0.024389949
320,556,ADGRG3,ITGB7,0.024213908
320,198,ADGRG3,CMAH,0.023553416
320,102,ADGRG3,FUT8,0.022813838
320,217,ADGRG3,MYCT1,0.02270822
320,400,ADGRG3,ANKRD44,0.022706812
320,405,ADGRG3,GIMAP8,0.022627443
320,147,ADGRG3,ERP29,0.022132192
320,182,ADGRG3,STK17B,0.021571994
320,174,ADGRG3,PPCDC,0.021571985
320,327,ADGRG3,PRIM1,0.021534225
320,339,ADGRG3,KCTD12,0.02146734
320,180,ADGRG3,RGS2,0.021336768
320,169,ADGRG3,MCM4,0.021096498
320,210,ADGRG3,CDKN1C,0.02069214
320,262,ADGRG3,SSH2,0.020428773
320,47,ADGRG3,LONP2,0.01992748
320,135,ADGRG3,SLBP,0.019637853
320,354,ADGRG3,PPP1R15A,0.019627564
320,525,ADGRG3,TXNIP,0.019625064
320,409,ADGRG3,TMEM206,0.019435544
320,79,ADGRG3,MGAT1,0.01888182
320,219,ADGRG3,STARD4,0.018867344
320,497,ADGRG3,ATP8B4,0.018866645
320,441,ADGRG3,MCM7,0.018623725
320,284,ADGRG3,ANXA5,0.017847352
320,24,ADGRG3,DYNLL1,0.017776985
320,119,ADGRG3,PAG1,0.017484507
320,293,ADGRG3,MAML3,0.016803103
320,246,ADGRG3,KLF6,0.016309492
320,214,ADGRG3,FCHO2,0.015890807
320,455,ADGRG3,SNAP23,0.013644342
320,123,ADGRG3,PAFAH2,0.012687455
320,203,ADGRG3,CD33,0.0026818323
320,139,ADGRG3,CCL3,0.0025448133
320,207,ADGRG3,BLNK,0.0022831357
320,419,ADGRG3,NCF1,0.0022531697
320,186,ADGRG3,IL7R,0.0022468443
320,319,ADGRG3,CD74,0.0022186348
320,63,ADGRG3,ENG,0.002206068
320,294,ADGRG3,TINAGL1,0.002170557
320,132,ADGRG3,OAS2,0.0021461535
320,332,ADGRG3,IPCEF1,0.0021358686
320,417,ADGRG3,UBA7,0.0021174015
320,267,ADGRG3,CLEC12A,0.0021027124
320,172,ADGRG3,EPSTI1,0.0020453462
303,115,ADGRL4,LTB,0.09480558
303,323,ADGRL4,SELPLG,0.09055323
303,224,ADGRL4,PLSCR4,0.083088316
303,260,ADGRL4,RHOF,0.08239062
303,197,ADGRL4,POLA2,0.07773302
303,556,ADGRL4,ITGB7,0.07700197
303,198,ADGRL4,CMAH,0.074990004
303,102,ADGRL4,FUT8,0.07279364
303,405,ADGRL4,GIMAP8,0.072169304
303,400,ADGRL4,ANKRD44,0.07214798
303,217,ADGRL4,MYCT1,0.07204727
303,147,ADGRL4,ERP29,0.07022471
303,455,ADGRL4,SNAP23,0.0702124
303,174,ADGRL4,PPCDC,0.06885669
303,182,ADGRL4,STK17B,0.06885664
303,327,ADGRL4,PRIM1,0.068712965
303,180,ADGRL4,RGS2,0.06837645
303,339,ADGRL4,KCTD12,0.06807732
303,169,ADGRL4,MCM4,0.067378566
303,210,ADGRL4,CDKN1C,0.06628306
303,262,ADGRL4,SSH2,0.06543629
303,354,ADGRL4,PPP1R15A,0.06285476
303,135,ADGRL4,SLBP,0.06266496
303,525,ADGRL4,TXNIP,0.062459435
303,409,ADGRL4,TMEM206,0.062200587
303,79,ADGRL4,MGAT1,0.060388457
303,219,ADGRL4,STARD4,0.060388457
303,497,ADGRL4,ATP8B4,0.06019
303,441,ADGRL4,MCM7,0.059625678
303,284,ADGRL4,ANXA5,0.057226393
303,24,ADGRL4,DYNLL1,0.056937393
303,119,ADGRL4,PAG1,0.056066897
303,123,ADGRL4,PAFAH2,0.055547386
303,293,ADGRL4,MAML3,0.05400933
303,246,ADGRL4,KLF6,0.052083205
303,214,ADGRL4,FCHO2,0.048808984
303,47,ADGRL4,LONP2,0.043201562
303,203,ADGRL4,CD33,0.0060634534
303,139,ADGRL4,CCL3,0.0056586415
303,294,ADGRL4,TINAGL1,0.0052907662
303,86,ADGRL4,METTL7A1,0.004921499
303,417,ADGRL4,UBA7,0.004907408
303,207,ADGRL4,BLNK,0.004905399
303,186,ADGRL4,IL7R,0.004837171
303,419,ADGRL4,NCF1,0.0047847494
303,319,ADGRL4,CD74,0.0047112335
303,132,ADGRL4,OAS2,0.004512919
303,332,ADGRL4,IPCEF1,0.004504369
303,63,ADGRL4,ENG,0.0044476446
303,267,ADGRL4,CLEC12A,0.0044138855
385,115,ADSSL1,LTB,0.02612057
385,323,ADSSL1,SELPLG,0.02485909
385,260,ADSSL1,RHOF,0.022418
385,224,ADSSL1,PLSCR4,0.022417257
385,556,ADSSL1,ITGB7,0.020803709
385,102,ADSSL1,FUT8,0.01953017
385,400,ADSSL1,ANKRD44,0.019457785
385,217,ADSSL1,MYCT1,0.019421041
385,405,ADSSL1,GIMAP8,0.019379636
385,147,ADSSL1,ERP29,0.018941656
385,455,ADSSL1,SNAP23,0.01881969
385,174,ADSSL1,PPCDC,0.018471198
385,182,ADSSL1,STK17B,0.018471189
385,327,ADSSL1,PRIM1,0.018419895
385,180,ADSSL1,RGS2,0.018228931
385,169,ADSSL1,MCM4,0.018047538
385,210,ADSSL1,CDKN1C,0.017650077
385,262,ADSSL1,SSH2,0.017477136
385,47,ADSSL1,LONP2,0.017042434
385,135,ADSSL1,SLBP,0.016802527
385,354,ADSSL1,PPP1R15A,0.016777929
385,525,ADSSL1,TXNIP,0.016771967
385,409,ADSSL1,TMEM206,0.016626647
385,219,ADSSL1,STARD4,0.016105564
385,441,ADSSL1,MCM7,0.01592856
385,284,ADSSL1,ANXA5,0.01523848
385,119,ADSSL1,PAG1,0.015029628
385,197,ADSSL1,POLA2,0.0147936195
385,123,ADSSL1,PAFAH2,0.014793015
385,293,ADSSL1,MAML3,0.014332524
385,246,ADSSL1,KLF6,0.0139324805
385,214,ADSSL1,FCHO2,0.012848081
385,497,ADSSL1,ATP8B4,0.012549894
385,198,ADSSL1,CMAH,0.008087191
385,79,ADSSL1,MGAT1,0.008002192
385,339,ADSSL1,KCTD12,0.007880673
385,24,ADSSL1,DYNLL1,0.006525531
385,203,ADSSL1,CD33,0.0023331393
385,86,ADSSL1,METTL7A1,0.0019920252
385,207,ADSSL1,BLNK,0.0019641174
385,186,ADSSL1,IL7R,0.0019630035
385,419,ADSSL1,NCF1,0.0019613637
385,319,ADSSL1,CD74,0.0019368773
385,294,ADSSL1,TINAGL1,0.0019038699
385,417,ADSSL1,UBA7,0.0018539117
385,526,ADSSL1,SERP1,0.0017817994
385,276,ADSSL1,H2-Q6,0.0017760905
385,132,ADSSL1,OAS2,0.0017533302
385,494,ADSSL1,DUSP5,0.0017103073
385,243,ADSSL1,VAMP1,0.0016791743
301,115,AFDN,LTB,0.040307924
301,323,AFDN,SELPLG,0.038401227
301,224,AFDN,PLSCR4,0.034744777
301,260,AFDN,RHOF,0.03466497
301,197,AFDN,POLA2,0.03239012
301,556,AFDN,ITGB7,0.032179248
301,198,AFDN,CMAH,0.031261373
301,102,AFDN,FUT8,0.030278275
301,400,AFDN,ANKRD44,0.030106885
301,217,AFDN,MYCT1,0.030078642
301,405,AFDN,GIMAP8,0.030022826
301,147,AFDN,ERP29,0.029314158
301,455,AFDN,SNAP23,0.029203959
301,174,AFDN,PPCDC,0.028603692
301,182,AFDN,STK17B,0.028603686
301,327,AFDN,PRIM1,0.02855354
301,339,AFDN,KCTD12,0.028339194
301,180,AFDN,RGS2,0.028315641
301,169,AFDN,MCM4,0.02794195
301,210,AFDN,CDKN1C,0.02742923
301,262,AFDN,SSH2,0.027100548
301,354,AFDN,PPP1R15A,0.02599949
301,135,AFDN,SLBP,0.02599599
301,525,AFDN,TXNIP,0.025907034
301,409,AFDN,TMEM206,0.025737843
301,219,AFDN,STARD4,0.024975326
301,79,AFDN,MGAT1,0.024975315
301,497,AFDN,ATP8B4,0.0249555
301,441,AFDN,MCM7,0.024646744
301,284,AFDN,ANXA5,0.023604976
301,24,AFDN,DYNLL1,0.02351207
301,119,AFDN,PAG1,0.023119645
301,123,AFDN,PAFAH2,0.022904104
301,293,AFDN,MAML3,0.02222976
301,246,AFDN,KLF6,0.021525078
301,214,AFDN,FCHO2,0.020086275
301,47,AFDN,LONP2,0.018884197
301,203,AFDN,CD33,0.003143746
301,139,AFDN,CCL3,0.002970233
301,294,AFDN,TINAGL1,0.0028132536
301,86,AFDN,METTL7A1,0.0026397111
301,417,AFDN,UBA7,0.0026390196
301,207,AFDN,BLNK,0.0026346669
301,186,AFDN,IL7R,0.0025949578
301,419,AFDN,NCF1,0.0025917187
301,319,AFDN,CD74,0.0025500802
301,132,AFDN,OAS2,0.0024626018
301,332,AFDN,IPCEF1,0.0024561163
301,63,AFDN,ENG,0.0024483697
301,267,AFDN,CLEC12A,0.0024119746
249,115,AFF3,LTB,0.01735594
249,323,AFF3,SELPLG,0.016522907
249,260,AFF3,RHOF,0.015464199
249,224,AFF3,PLSCR4,0.014891703
249,556,AFF3,ITGB7,0.013836841
249,198,AFF3,CMAH,0.013426176
249,102,AFF3,FUT8,0.013008412
249,400,AFF3,ANKRD44,0.012975074
249,405,AFF3,GIMAP8,0.01291491
249,147,AFF3,ERP29,0.01264614
249,455,AFF3,SNAP23,0.012554091
249,182,AFF3,STK17B,0.0123262275
249,327,AFF3,PRIM1,0.0122992
249,339,AFF3,KCTD12,0.012269178
249,180,AFF3,RGS2,0.012160263
249,169,AFF3,MCM4,0.012044788
249,210,AFF3,CDKN1C,0.011794527
249,217,AFF3,MYCT1,0.011739726
249,262,AFF3,SSH2,0.011675571
249,47,AFF3,LONP2,0.011400123
249,135,AFF3,SLBP,0.011244349
249,525,AFF3,TXNIP,0.011223125
249,354,AFF3,PPP1R15A,0.011162194
249,409,AFF3,TMEM206,0.011126021
249,497,AFF3,ATP8B4,0.01081554
249,79,AFF3,MGAT1,0.010797262
249,219,AFF3,STARD4,0.010797262
249,441,AFF3,MCM7,0.010672465
249,197,AFF3,POLA2,0.0105433585
249,284,AFF3,ANXA5,0.010169427
249,24,AFF3,DYNLL1,0.010159075
249,119,AFF3,PAG1,0.00996668
249,123,AFF3,PAFAH2,0.009874394
249,293,AFF3,MAML3,0.00956987
249,246,AFF3,KLF6,0.00932219
249,214,AFF3,FCHO2,0.0086362995
249,174,AFF3,PPCDC,0.0027724972
249,203,AFF3,CD33,0.0019014014
249,139,AFF3,CCL3,0.0018130151
249,207,AFF3,BLNK,0.0016625379
249,86,AFF3,METTL7A1,0.0016594161
249,186,AFF3,IL7R,0.0016355569
249,63,AFF3,ENG,0.0016103804
249,294,AFF3,TINAGL1,0.0015919034
249,132,AFF3,OAS2,0.0015732768
249,332,AFF3,IPCEF1,0.0015706142
249,267,AFF3,CLEC12A,0.0015518308
249,417,AFF3,UBA7,0.0015213636
249,172,AFF3,EPSTI1,0.0015121663
249,276,AFF3,H2-Q6,0.0015018006
25,97,AI504432,MYC,0.71429557
25,497,AI504432,ATP8B4,0.70550394
25,441,AI504432,MCM7,0.7046144
25,135,AI504432,SLBP,0.70285743
25,409,AI504432,TMEM206,0.70056367
25,400,AI504432,ANKRD44,0.6989498
25,182,AI504432,STK17B,0.69700354
25,174,AI504432,PPCDC,0.6968352
25,219,AI504432,STARD4,0.6968269
25,327,AI504432,PRIM1,0.69617486
25,262,AI504432,SSH2,0.6954627
25,123,AI504432,PAFAH2,0.69452506
25,556,AI504432,ITGB7,0.69134706
25,119,AI504432,PAG1,0.6911957
25,405,AI504432,GIMAP8,0.6907008
25,169,AI504432,MCM4,0.68919617
25,47,AI504432,LONP2,0.68889266
25,354,AI504432,PPP1R15A,0.688809
25,24,AI504432,DYNLL1,0.6857669
25,102,AI504432,FUT8,0.6846261
25,339,AI504432,KCTD12,0.68360114
25,525,AI504432,TXNIP,0.68265104
25,284,AI504432,ANXA5,0.68166316
25,198,AI504432,CMAH,0.68025756
25,287,AI504432,CSF3R,0.6799753
25,145,AI504432,SPI1,0.6797539
25,260,AI504432,RHOF,0.67638147
25,197,AI504432,POLA2,0.67586786
25,147,AI504432,ERP29,0.67325574
25,293,AI504432,MAML3,0.6691954
25,224,AI504432,PLSCR4,0.66735506
25,214,AI504432,FCHO2,0.6654371
25,246,AI504432,KLF6,0.6601729
25,79,AI504432,MGAT1,0.6544736
25,538,AI504432,GBP9,0.65291566
25,210,AI504432,CDKN1C,0.6524053
25,19,AI504432,UBASH3A,0.6520293
25,323,AI504432,SELPLG,0.6480421
25,455,AI504432,SNAP23,0.64132816
25,283,AI504432,SAT1,0.63860404
25,404,AI504432,NHP2,0.6382229
25,225,AI504432,CDT1,0.6376584
25,555,AI504432,CKS1B,0.63754374
25,335,AI504432,SLC22A3,0.6369119
25,7,AI504432,AKNA,0.6353822
25,228,AI504432,CCL9,0.6349235
25,84,AI504432,SLC39A6,0.6336137
25,526,AI504432,SERP1,0.6321951
25,66,AI504432,CCR7,0.6320571
25,552,AI504432,TLR7,0.6320571
7,115,AKNA,LTB,0.04296052
7,224,AKNA,PLSCR4,0.03707363
7,260,AKNA,RHOF,0.036976695
7,197,AKNA,POLA2,0.034571595
7,556,AKNA,ITGB7,0.034316164
7,198,AKNA,CMAH,0.03336897
7,102,AKNA,FUT8,0.03231429
7,400,AKNA,ANKRD44,0.032132354
7,217,AKNA,MYCT1,0.032106996
7,405,AKNA,GIMAP8,0.03196787
7,147,AKNA,ERP29,0.031287394
7,455,AKNA,SNAP23,0.031186458
7,174,AKNA,PPCDC,0.030537538
7,182,AKNA,STK17B,0.030537523
7,327,AKNA,PRIM1,0.030483551
7,339,AKNA,KCTD12,0.030365346
7,180,AKNA,RGS2,0.030245496
7,169,AKNA,MCM4,0.029916521
7,262,AKNA,SSH2,0.02926397
7,47,AKNA,LONP2,0.028177343
7,354,AKNA,PPP1R15A,0.027768783
7,135,AKNA,SLBP,0.027758367
7,525,AKNA,TXNIP,0.027742788
7,409,AKNA,TMEM206,0.02748674
7,219,AKNA,STARD4,0.026674986
7,79,AKNA,MGAT1,0.026674973
7,497,AKNA,ATP8B4,0.02664939
7,441,AKNA,MCM7,0.026330605
7,284,AKNA,ANXA5,0.025216058
7,24,AKNA,DYNLL1,0.025118403
7,119,AKNA,PAG1,0.024700617
7,293,AKNA,MAML3,0.023758315
7,246,AKNA,KLF6,0.023145309
7,210,AKNA,CDKN1C,0.021961594
7,214,AKNA,FCHO2,0.021456482
7,123,AKNA,PAFAH2,0.010255313
7,323,AKNA,SELPLG,0.007359699
7,203,AKNA,CD33,0.0033203186
7,139,AKNA,CCL3,0.0031360507
7,86,AKNA,METTL7A1,0.0027837444
7,207,AKNA,BLNK,0.0027786158
7,186,AKNA,IL7R,0.0027348006
7,419,AKNA,NCF1,0.002734656
7,319,AKNA,CD74,0.0026845708
7,63,AKNA,ENG,0.002673142
7,294,AKNA,TINAGL1,0.0026431545
7,132,AKNA,OAS2,0.0025979497
7,332,AKNA,IPCEF1,0.0025902216
7,417,AKNA,UBA7,0.002557694
7,267,AKNA,CLEC12A,0.002535994
89,115,ALDH1A1,LTB,0.02158056
89,323,ALDH1A1,SELPLG,0.019583758
89,260,ALDH1A1,RHOF,0.017745823
89,224,ALDH1A1,PLSCR4,0.017664475
89,197,ALDH1A1,POLA2,0.016512102
89,556,ALDH1A1,ITGB7,0.016453492
89,198,ALDH1A1,CMAH,0.01599579
89,405,ALDH1A1,GIMAP8,0.015508575
89,102,ALDH1A1,FUT8,0.015504237
89,217,ALDH1A1,MYCT1,0.015447299
89,147,ALDH1A1,ERP29,0.015011117
89,455,ALDH1A1,SNAP23,0.014951741
89,327,ALDH1A1,PRIM1,0.014695104
89,174,ALDH1A1,PPCDC,0.014663103
89,182,ALDH1A1,STK17B,0.014663103
89,180,ALDH1A1,RGS2,0.014496473
89,169,ALDH1A1,MCM4,0.014377011
89,47,ALDH1A1,LONP2,0.014312611
89,210,ALDH1A1,CDKN1C,0.014078042
89,525,ALDH1A1,TXNIP,0.013416977
89,135,ALDH1A1,SLBP,0.013416567
89,409,ALDH1A1,TMEM206,0.013256312
89,79,ALDH1A1,MGAT1,0.013081628
89,219,ALDH1A1,STARD4,0.012951123
89,441,ALDH1A1,MCM7,0.012734117
89,24,ALDH1A1,DYNLL1,0.012286642
89,284,ALDH1A1,ANXA5,0.012227135
89,354,ALDH1A1,PPP1R15A,0.012020017
89,119,ALDH1A1,PAG1,0.012000514
89,123,ALDH1A1,PAFAH2,0.011907911
89,293,ALDH1A1,MAML3,0.011605405
89,246,ALDH1A1,KLF6,0.011297806
89,339,ALDH1A1,KCTD12,0.011132182
89,214,ALDH1A1,FCHO2,0.01051216
89,497,ALDH1A1,ATP8B4,0.010298138
89,400,ALDH1A1,ANKRD44,0.0096126525
89,262,ALDH1A1,SSH2,0.0068430845
89,203,ALDH1A1,CD33,0.002044161
89,139,ALDH1A1,CCL3,0.0019603055
89,207,ALDH1A1,BLNK,0.0017465549
89,86,ALDH1A1,METTL7A1,0.001746273
89,186,ALDH1A1,IL7R,0.0017436161
89,419,ALDH1A1,NCF1,0.0017128002
89,319,ALDH1A1,CD74,0.0016968295
89,63,ALDH1A1,ENG,0.0016844855
89,294,ALDH1A1,TINAGL1,0.0016839178
89,132,ALDH1A1,OAS2,0.0016397496
89,332,ALDH1A1,IPCEF1,0.0016376326
89,172,ALDH1A1,EPSTI1,0.0016349552
89,417,ALDH1A1,UBA7,0.0016296578
248,115,AMPD2,LTB,0.036874216
248,323,AMPD2,SELPLG,0.03512333
248,224,AMPD2,PLSCR4,0.031738658
248,197,AMPD2,POLA2,0.029950757
248,556,AMPD2,ITGB7,0.029424798
248,198,AMPD2,CMAH,0.02855989
248,102,AMPD2,FUT8,0.027661022
248,400,AMPD2,ANKRD44,0.027539866
248,405,AMPD2,GIMAP8,0.027443169
248,147,AMPD2,ERP29,0.026805444
248,455,AMPD2,SNAP23,0.026673613
248,174,AMPD2,PPCDC,0.026150191
248,182,AMPD2,STK17B,0.02615017
248,327,AMPD2,PRIM1,0.026099589
248,339,AMPD2,KCTD12,0.026002511
248,180,AMPD2,RGS2,0.025821915
248,169,AMPD2,MCM4,0.025557933
248,135,AMPD2,SLBP,0.025385428
248,210,AMPD2,CDKN1C,0.025019169
248,262,AMPD2,SSH2,0.024743479
248,47,AMPD2,LONP2,0.024117317
248,354,AMPD2,PPP1R15A,0.023750529
248,525,AMPD2,TXNIP,0.0237343
248,409,AMPD2,TMEM206,0.023529043
248,497,AMPD2,ATP8B4,0.022827432
248,219,AMPD2,STARD4,0.022821749
248,217,AMPD2,MYCT1,0.022786023
248,441,AMPD2,MCM7,0.022533018
248,284,AMPD2,ANXA5,0.02155288
248,24,AMPD2,DYNLL1,0.021469735
248,119,AMPD2,PAG1,0.021118749
248,293,AMPD2,MAML3,0.020292774
248,246,AMPD2,KLF6,0.019682458
248,214,AMPD2,FCHO2,0.01831381
248,260,AMPD2,RHOF,0.014013598
248,123,AMPD2,PAFAH2,0.0097079445
248,79,AMPD2,MGAT1,0.009680506
248,139,AMPD2,CCL3,0.002786565
248,86,AMPD2,METTL7A1,0.0024784612
248,207,AMPD2,BLNK,0.002472863
248,186,AMPD2,IL7R,0.0024387932
248,419,AMPD2,NCF1,0.0024322881
248,319,AMPD2,CD74,0.002393692
248,63,AMPD2,ENG,0.0023775445
248,294,AMPD2,TINAGL1,0.002358967
248,132,AMPD2,OAS2,0.0023145173
248,332,AMPD2,IPCEF1,0.0023080024
248,267,AMPD2,CLEC12A,0.0022671442
248,172,AMPD2,EPSTI1,0.002201288
248,276,AMPD2,H2-Q6,0.0021702698
59,115,ANGPT1,LTB,0.022203589
59,260,ANGPT1,RHOF,0.019070376
59,224,ANGPT1,PLSCR4,0.019056587
59,556,ANGPT1,ITGB7,0.017688246
59,198,ANGPT1,CMAH,0.01716179
59,102,ANGPT1,FUT8,0.01662628
59,400,ANGPT1,ANKRD44,0.016570605
59,217,ANGPT1,MYCT1,0.016549902
59,405,ANGPT1,GIMAP8,0.016411759
59,455,ANGPT1,SNAP23,0.016216932
59,147,ANGPT1,ERP29,0.016136445
59,327,ANGPT1,PRIM1,0.015943216
59,174,ANGPT1,PPCDC,0.015735285
59,339,ANGPT1,KCTD12,0.015654137
59,169,ANGPT1,MCM4,0.015375011
59,262,ANGPT1,SSH2,0.015155981
59,210,ANGPT1,CDKN1C,0.015048438
59,323,ANGPT1,SELPLG,0.014921811
59,47,ANGPT1,LONP2,0.014532232
59,135,ANGPT1,SLBP,0.014474248
59,354,ANGPT1,PPP1R15A,0.014305959
59,525,ANGPT1,TXNIP,0.0143035315
59,409,ANGPT1,TMEM206,0.0141810225
59,24,ANGPT1,DYNLL1,0.014028998
59,497,ANGPT1,ATP8B4,0.013783536
59,219,ANGPT1,STARD4,0.01375839
59,79,ANGPT1,MGAT1,0.013757892
59,441,ANGPT1,MCM7,0.013686369
59,197,ANGPT1,POLA2,0.01333719
59,123,ANGPT1,PAFAH2,0.013206002
59,284,ANGPT1,ANXA5,0.013005963
59,119,ANGPT1,PAG1,0.012749515
59,293,ANGPT1,MAML3,0.0122218495
59,246,ANGPT1,KLF6,0.011894919
59,214,ANGPT1,FCHO2,0.0109514035
59,180,ANGPT1,RGS2,0.010750133
59,182,ANGPT1,STK17B,0.00935464
59,203,ANGPT1,CD33,0.002143596
59,139,ANGPT1,CCL3,0.0020373217
59,207,ANGPT1,BLNK,0.001851507
59,86,ANGPT1,METTL7A1,0.0018503113
59,186,ANGPT1,IL7R,0.0018248553
59,319,ANGPT1,CD74,0.0018019833
59,419,ANGPT1,NCF1,0.0017934479
59,63,ANGPT1,ENG,0.0017892777
59,294,ANGPT1,TINAGL1,0.0017718298
59,132,ANGPT1,OAS2,0.0017454985
59,332,ANGPT1,IPCEF1,0.0017433671
59,417,ANGPT1,UBA7,0.0017284679
59,267,ANGPT1,CLEC12A,0.0017172971
165,115,ANKRD33B,LTB,0.022351513
165,323,ANKRD33B,SELPLG,0.021276
165,260,ANKRD33B,RHOF,0.019199532
165,102,ANKRD33B,FUT8,0.016946381
165,400,ANKRD33B,ANKRD44,0.016695628
165,217,ANKRD33B,MYCT1,0.016653089
165,405,ANKRD33B,GIMAP8,0.016612267
165,455,ANKRD33B,SNAP23,0.016153427
165,174,ANKRD33B,PPCDC,0.015843814
165,182,ANKRD33B,STK17B,0.015843807
165,327,ANKRD33B,PRIM1,0.015811468
165,339,ANKRD33B,KCTD12,0.015774023
165,180,ANKRD33B,RGS2,0.015634062
165,169,ANKRD33B,MCM4,0.0154824825
165,210,ANKRD33B,CDKN1C,0.01512143
165,198,ANKRD33B,CMAH,0.0149249025
165,47,ANKRD33B,LONP2,0.014634671
165,135,ANKRD33B,SLBP,0.014432137
165,354,ANKRD33B,PPP1R15A,0.014407313
165,525,ANKRD33B,TXNIP,0.014405559
165,497,ANKRD33B,ATP8B4,0.013871291
165,219,ANKRD33B,STARD4,0.013855742
165,79,ANKRD33B,MGAT1,0.013855729
165,441,ANKRD33B,MCM7,0.013689046
165,197,ANKRD33B,POLA2,0.013515774
165,284,ANKRD33B,ANXA5,0.01310022
165,119,ANKRD33B,PAG1,0.012841533
165,293,ANKRD33B,MAML3,0.012308071
165,246,ANKRD33B,KLF6,0.0119762095
165,147,ANKRD33B,ERP29,0.011843914
165,123,ANKRD33B,PAFAH2,0.01173101
165,214,ANKRD33B,FCHO2,0.011030001
165,224,ANKRD33B,PLSCR4,0.008407223
165,556,ANKRD33B,ITGB7,0.007962538
165,262,ANKRD33B,SSH2,0.0064638057
165,24,ANKRD33B,DYNLL1,0.006403624
165,409,ANKRD33B,TMEM206,0.0037979034
165,203,ANKRD33B,CD33,0.0021627746
165,139,ANKRD33B,CCL3,0.00205548
165,207,ANKRD33B,BLNK,0.0018673704
165,86,ANKRD33B,METTL7A1,0.0018661532
165,186,ANKRD33B,IL7R,0.0018400591
165,419,ANKRD33B,NCF1,0.0018386338
165,319,ANKRD33B,CD74,0.001816907
165,63,ANKRD33B,ENG,0.0018026739
165,294,ANKRD33B,TINAGL1,0.0017864624
165,132,ANKRD33B,OAS2,0.0017605057
165,332,ANKRD33B,IPCEF1,0.0017572723
165,417,ANKRD33B,UBA7,0.0017428957
165,172,ANKRD33B,EPSTI1,0.0016881597
400,115,ANKRD44,LTB,0.13865939
400,323,ANKRD44,SELPLG,0.13318823
400,260,ANKRD44,RHOF,0.12243754
400,197,ANKRD44,POLA2,0.11639001
400,556,ANKRD44,ITGB7,0.11533065
400,198,ANKRD44,CMAH,0.11260856
400,102,ANKRD44,FUT8,0.10958879
400,405,ANKRD44,GIMAP8,0.10870744
400,217,ANKRD44,MYCT1,0.1082581
400,147,ANKRD44,ERP29,0.105598636
400,455,ANKRD44,SNAP23,0.10559298
400,174,ANKRD44,PPCDC,0.104041986
400,182,ANKRD44,STK17B,0.10404194
400,327,ANKRD44,PRIM1,0.10366422
400,180,ANKRD44,RGS2,0.10318491
400,339,ANKRD44,KCTD12,0.10310402
400,169,ANKRD44,MCM4,0.102053106
400,210,ANKRD44,CDKN1C,0.1002531
400,262,ANKRD44,SSH2,0.099123195
400,47,ANKRD44,LONP2,0.09649382
400,354,ANKRD44,PPP1R15A,0.09548567
400,135,ANKRD44,SLBP,0.09514746
400,224,ANKRD44,PLSCR4,0.092621
400,497,ANKRD44,ATP8B4,0.0925014
400,79,ANKRD44,MGAT1,0.09193182
400,219,ANKRD44,STARD4,0.09181563
400,441,ANKRD44,MCM7,0.090906925
400,284,ANKRD44,ANXA5,0.08736006
400,24,ANKRD44,DYNLL1,0.08687613
400,525,ANKRD44,TXNIP,0.086865716
400,119,ANKRD44,PAG1,0.08571576
400,123,ANKRD44,PAFAH2,0.08496325
400,246,ANKRD44,KLF6,0.07986858
400,214,ANKRD44,FCHO2,0.07496518
400,409,ANKRD44,TMEM206,0.06357279
400,293,ANKRD44,MAML3,0.05562142
400,203,ANKRD44,CD33,0.0076601384
400,139,ANKRD44,CCL3,0.007239731
400,86,ANKRD44,METTL7A1,0.006672897
400,207,ANKRD44,BLNK,0.006647939
400,186,ANKRD44,IL7R,0.0065579833
400,419,ANKRD44,NCF1,0.0064413245
400,63,ANKRD44,ENG,0.0063004675
400,294,ANKRD44,TINAGL1,0.0062733702
400,132,ANKRD44,OAS2,0.0061526685
400,332,ANKRD44,IPCEF1,0.006078228
400,417,ANKRD44,UBA7,0.006010976
400,267,ANKRD44,CLEC12A,0.0059671267
400,319,ANKRD44,CD74,0.005881231
400,172,ANKRD44,EPSTI1,0.0057582366
108,115,ANXA2,LTB,0.06544424
108,323,ANXA2,SELPLG,0.062390476
108,224,ANXA2,PLSCR4,0.056814708
108,260,ANXA2,RHOF,0.056497507
108,197,ANXA2,POLA2,0.053039175
108,556,ANXA2,ITGB7,0.05261831
108,198,ANXA2,CMAH,0.051181346
108,102,ANXA2,FUT8,0.04961042
108,400,ANXA2,ANKRD44,0.049237456
108,405,ANXA2,GIMAP8,0.04917895
108,217,ANXA2,MYCT1,0.049117178
108,147,ANXA2,ERP29,0.047903508
108,455,ANXA2,SNAP23,0.047813095
108,180,ANXA2,RGS2,0.04776822
108,327,ANXA2,PRIM1,0.04731556
108,174,ANXA2,PPCDC,0.046858426
108,169,ANXA2,MCM4,0.045860246
108,210,ANXA2,CDKN1C,0.044944555
108,47,ANXA2,LONP2,0.0432121
108,182,ANXA2,STK17B,0.043021325
108,354,ANXA2,PPP1R15A,0.042632803
108,135,ANXA2,SLBP,0.042561583
108,525,ANXA2,TXNIP,0.042533923
108,409,ANXA2,TMEM206,0.042188138
108,79,ANXA2,MGAT1,0.041241527
108,219,ANXA2,STARD4,0.040887024
108,497,ANXA2,ATP8B4,0.040844623
108,441,ANXA2,MCM7,0.040397458
108,284,ANXA2,ANXA5,0.038707078
108,24,ANXA2,DYNLL1,0.038541984
108,123,ANXA2,PAFAH2,0.03755463
108,339,ANXA2,KCTD12,0.036923088
108,293,ANXA2,MAML3,0.03674983
108,246,ANXA2,KLF6,0.035220742
108,262,ANXA2,SSH2,0.033950485
108,214,ANXA2,FCHO2,0.032776155
108,119,ANXA2,PAG1,0.028789092
108,203,ANXA2,CD33,0.004383452
108,139,ANXA2,CCL3,0.004116142
108,86,ANXA2,METTL7A1,0.0036061448
108,207,ANXA2,BLNK,0.003594685
108,186,ANXA2,IL7R,0.0035453711
108,419,ANXA2,NCF1,0.0035183944
108,319,ANXA2,CD74,0.0034619954
108,63,ANXA2,ENG,0.0034375207
108,294,ANXA2,TINAGL1,0.0034084937
108,132,ANXA2,OAS2,0.0033310761
108,332,ANXA2,IPCEF1,0.0033250754
108,267,ANXA2,CLEC12A,0.0032566446
108,172,ANXA2,EPSTI1,0.0031531593
284,115,ANXA5,LTB,0.06828754
284,323,ANXA5,SELPLG,0.06519134
284,224,ANXA5,PLSCR4,0.059492797
284,260,ANXA5,RHOF,0.059083678
284,197,ANXA5,POLA2,0.05551965
284,556,ANXA5,ITGB7,0.055069927
284,198,ANXA5,CMAH,0.05358623
284,102,ANXA5,FUT8,0.05195158
284,400,ANXA5,ANKRD44,0.051548913
284,405,ANXA5,GIMAP8,0.05149712
284,217,ANXA5,MYCT1,0.051410057
284,147,ANXA5,ERP29,0.05022701
284,455,ANXA5,SNAP23,0.05005813
284,180,ANXA5,RGS2,0.049224548
284,182,ANXA5,STK17B,0.049078986
284,327,ANXA5,PRIM1,0.04898275
284,174,ANXA5,PPCDC,0.04882173
284,339,ANXA5,KCTD12,0.04873039
284,169,ANXA5,MCM4,0.048035387
284,210,ANXA5,CDKN1C,0.047133487
284,262,ANXA5,SSH2,0.046511862
284,47,ANXA5,LONP2,0.04527305
284,354,ANXA5,PPP1R15A,0.0447076
284,135,ANXA5,SLBP,0.044594243
284,525,ANXA5,TXNIP,0.04456711
284,409,ANXA5,TMEM206,0.044210605
284,79,ANXA5,MGAT1,0.042897336
284,497,ANXA5,ATP8B4,0.04280283
284,441,ANXA5,MCM7,0.042345896
284,24,ANXA5,DYNLL1,0.040389135
284,123,ANXA5,PAFAH2,0.039370283
284,293,ANXA5,MAML3,0.038242817
284,246,ANXA5,KLF6,0.036935408
284,214,ANXA5,FCHO2,0.03448675
284,119,ANXA5,PAG1,0.033178277
284,219,ANXA5,STARD4,0.008350581
284,203,ANXA5,CD33,0.0045984755
284,86,ANXA5,METTL7A1,0.0037793326
284,207,ANXA5,BLNK,0.0037785803
284,186,ANXA5,IL7R,0.003714876
284,419,ANXA5,NCF1,0.0037045365
284,319,ANXA5,CD74,0.0036419965
284,63,ANXA5,ENG,0.0036166338
284,294,ANXA5,TINAGL1,0.0035808708
284,132,ANXA5,OAS2,0.0035064663
284,332,ANXA5,IPCEF1,0.003496678
284,417,ANXA5,UBA7,0.0034514202
284,267,ANXA5,CLEC12A,0.0034240184
284,172,ANXA5,EPSTI1,0.0033166206
284,276,ANXA5,H2-Q6,0.0032607892
440,115,AP1S2,LTB,0.045207836
440,323,AP1S2,SELPLG,0.043084264
440,224,AP1S2,PLSCR4,0.03903736
440,260,AP1S2,RHOF,0.038918983
440,197,AP1S2,POLA2,0.036402825
440,556,AP1S2,ITGB7,0.0361516
440,198,AP1S2,CMAH,0.03513288
440,102,AP1S2,FUT8,0.03403336
440,400,AP1S2,ANKRD44,0.03382353
440,405,AP1S2,GIMAP8,0.033741537
440,147,AP1S2,ERP29,0.03292952
440,455,AP1S2,SNAP23,0.032825865
440,182,AP1S2,STK17B,0.032146636
440,174,AP1S2,PPCDC,0.03214663
440,327,AP1S2,PRIM1,0.032091916
440,339,AP1S2,KCTD12,0.031965394
440,180,AP1S2,RGS2,0.03184146
440,169,AP1S2,MCM4,0.031447046
440,210,AP1S2,CDKN1C,0.030843765
440,262,AP1S2,SSH2,0.030437924
440,47,AP1S2,LONP2,0.029652689
440,354,AP1S2,PPP1R15A,0.02922886
440,135,AP1S2,SLBP,0.029212551
440,525,AP1S2,TXNIP,0.029045446
440,409,AP1S2,TMEM206,0.028929066
440,219,AP1S2,STARD4,0.02807531
440,79,AP1S2,MGAT1,0.028075295
440,497,AP1S2,ATP8B4,0.028040588
440,441,AP1S2,MCM7,0.027693262
440,284,AP1S2,ANXA5,0.026537914
440,24,AP1S2,DYNLL1,0.026435144
440,119,AP1S2,PAG1,0.025991209
440,123,AP1S2,PAFAH2,0.025748793
440,293,AP1S2,MAML3,0.024998879
440,214,AP1S2,FCHO2,0.022562338
440,246,AP1S2,KLF6,0.013937835
440,217,AP1S2,MYCT1,0.013703429
440,203,AP1S2,CD33,0.0034149399
440,139,AP1S2,CCL3,0.0032211551
440,207,AP1S2,BLNK,0.002845678
440,319,AP1S2,CD74,0.0027511022
440,419,AP1S2,NCF1,0.0027373114
440,63,AP1S2,ENG,0.0027343105
440,186,AP1S2,IL7R,0.0027069345
440,294,AP1S2,TINAGL1,0.002704743
440,132,AP1S2,OAS2,0.0026598093
440,332,AP1S2,IPCEF1,0.0026569155
440,417,AP1S2,UBA7,0.0026160008
440,172,AP1S2,EPSTI1,0.0025204
440,494,AP1S2,DUSP5,0.0023763608
251,115,APLP2,LTB,0.038995042
251,323,APLP2,SELPLG,0.037149813
251,260,APLP2,RHOF,0.03460512
251,224,APLP2,PLSCR4,0.033603996
251,556,APLP2,ITGB7,0.03112649
251,198,APLP2,CMAH,0.030238602
251,102,APLP2,FUT8,0.029287847
251,400,APLP2,ANKRD44,0.029125296
251,405,APLP2,GIMAP8,0.029041452
251,147,APLP2,ERP29,0.028362956
251,455,APLP2,SNAP23,0.0282547
251,182,APLP2,STK17B,0.02767107
251,327,APLP2,PRIM1,0.02762282
251,339,APLP2,KCTD12,0.027517196
251,180,APLP2,RGS2,0.027393252
251,169,APLP2,MCM4,0.027062347
251,210,APLP2,CDKN1C,0.026537273
251,217,APLP2,MYCT1,0.0263192
251,262,APLP2,SSH2,0.026195947
251,47,APLP2,LONP2,0.025530117
251,135,APLP2,SLBP,0.025154099
251,525,APLP2,TXNIP,0.025135713
251,354,APLP2,PPP1R15A,0.02502292
251,409,APLP2,TMEM206,0.024903016
251,219,APLP2,STARD4,0.024166947
251,79,APLP2,MGAT1,0.024166936
251,497,APLP2,ATP8B4,0.024149781
251,441,APLP2,MCM7,0.02384939
251,197,APLP2,POLA2,0.023708623
251,284,APLP2,ANXA5,0.022836939
251,119,APLP2,PAG1,0.02237475
251,123,APLP2,PAFAH2,0.022166418
251,293,APLP2,MAML3,0.02151559
251,246,APLP2,KLF6,0.020836595
251,214,APLP2,FCHO2,0.019433863
251,24,APLP2,DYNLL1,0.016683843
251,174,APLP2,PPCDC,0.0046473527
251,203,APLP2,CD33,0.0030893453
251,139,APLP2,CCL3,0.0029205142
251,86,APLP2,METTL7A1,0.0025983253
251,207,APLP2,BLNK,0.0025936472
251,186,APLP2,IL7R,0.0025520555
251,63,APLP2,ENG,0.0024964474
251,294,APLP2,TINAGL1,0.0024702954
251,132,APLP2,OAS2,0.0024277247
251,332,APLP2,IPCEF1,0.0024207456
251,267,APLP2,CLEC12A,0.002376077
251,172,APLP2,EPSTI1,0.0023068103
251,417,APLP2,UBA7,0.0022907483
251,276,APLP2,H2-Q6,0.002277243
379,323,APOE,SELPLG,0.016412875
379,260,APOE,RHOF,0.014963334
379,224,APOE,PLSCR4,0.014930414
379,197,APOE,POLA2,0.013950921
379,556,APOE,ITGB7,0.013896301
379,198,APOE,CMAH,0.013494366
379,405,APOE,GIMAP8,0.013468047
379,102,APOE,FUT8,0.013078587
379,400,APOE,ANKRD44,0.013061463
379,217,APOE,MYCT1,0.013034812
379,147,APOE,ERP29,0.0127386255
379,455,APOE,SNAP23,0.012531183
379,115,APOE,LTB,0.012416468
379,174,APOE,PPCDC,0.012411271
379,182,APOE,STK17B,0.012411271
379,327,APOE,PRIM1,0.012385966
379,339,APOE,KCTD12,0.0123625165
379,180,APOE,RGS2,0.012299014
379,169,APOE,MCM4,0.0121358745
379,47,APOE,LONP2,0.011896466
379,210,APOE,CDKN1C,0.011781345
379,262,APOE,SSH2,0.0117586665
379,135,APOE,SLBP,0.01130476
379,525,APOE,TXNIP,0.011271211
379,354,APOE,PPP1R15A,0.011267981
379,409,APOE,TMEM206,0.011147944
379,497,APOE,ATP8B4,0.010842535
379,79,APOE,MGAT1,0.010830299
379,219,APOE,STARD4,0.0108270915
379,441,APOE,MCM7,0.010679219
379,24,APOE,DYNLL1,0.010187822
379,284,APOE,ANXA5,0.010186164
379,293,APOE,MAML3,0.009998522
379,119,APOE,PAG1,0.009982877
379,123,APOE,PAFAH2,0.009838924
379,246,APOE,KLF6,0.009368853
379,214,APOE,FCHO2,0.008676966
379,203,APOE,CD33,0.0019971519
379,139,APOE,CCL3,0.0019062889
379,207,APOE,BLNK,0.0017437356
379,86,APOE,METTL7A1,0.0017432749
379,419,APOE,NCF1,0.0017245945
379,186,APOE,IL7R,0.0017179144
379,63,APOE,ENG,0.0016939483
379,319,APOE,CD74,0.0016758945
379,294,APOE,TINAGL1,0.0016714153
379,132,APOE,OAS2,0.0016643885
379,332,APOE,IPCEF1,0.0016503548
379,417,APOE,UBA7,0.0016499087
379,267,APOE,CLEC12A,0.0016281318
200,115,APP,LTB,0.04021596
200,323,APP,SELPLG,0.03823731
200,224,APP,PLSCR4,0.034578353
200,260,APP,RHOF,0.034511637
200,197,APP,POLA2,0.03220266
200,198,APP,CMAH,0.030897904
200,102,APP,FUT8,0.030070923
200,400,APP,ANKRD44,0.029905723
200,217,APP,MYCT1,0.029837225
200,405,APP,GIMAP8,0.02973722
200,147,APP,ERP29,0.029051362
200,180,APP,RGS2,0.02895563
200,455,APP,SNAP23,0.028903794
200,327,APP,PRIM1,0.028329967
200,339,APP,KCTD12,0.028189005
200,169,APP,MCM4,0.02808585
200,210,APP,CDKN1C,0.027130516
200,262,APP,SSH2,0.0268361
200,47,APP,LONP2,0.026109565
200,525,APP,TXNIP,0.025887342
200,135,APP,SLBP,0.025743093
200,354,APP,PPP1R15A,0.025730927
200,409,APP,TMEM206,0.025484432
200,219,APP,STARD4,0.024702692
200,79,APP,MGAT1,0.024702687
200,497,APP,ATP8B4,0.024690453
200,441,APP,MCM7,0.02438621
200,284,APP,ANXA5,0.023301765
200,24,APP,DYNLL1,0.023205504
200,119,APP,PAG1,0.02282036
200,123,APP,PAFAH2,0.022606174
200,556,APP,ITGB7,0.021559969
200,246,APP,KLF6,0.021230416
200,214,APP,FCHO2,0.019716129
200,174,APP,PPCDC,0.016724946
200,182,APP,STK17B,0.016724939
200,293,APP,MAML3,0.009269387
200,203,APP,CD33,0.0029182087
200,139,APP,CCL3,0.0027516296
200,86,APP,METTL7A1,0.0024441981
200,207,APP,BLNK,0.0024378886
200,186,APP,IL7R,0.0024079871
200,419,APP,NCF1,0.0023896464
200,319,APP,CD74,0.002356448
200,63,APP,ENG,0.0023386066
200,294,APP,TINAGL1,0.0023163478
200,132,APP,OAS2,0.0022763242
200,332,APP,IPCEF1,0.0022712057
200,417,APP,UBA7,0.0022464595
200,172,APP,EPSTI1,0.0021676929
362,323,ARHGAP15,SELPLG,0.03296793
362,115,ARHGAP15,LTB,0.030446038
362,224,ARHGAP15,PLSCR4,0.029805467
362,260,ARHGAP15,RHOF,0.02975975
362,556,ARHGAP15,ITGB7,0.027606606
362,198,ARHGAP15,CMAH,0.026955312
362,102,ARHGAP15,FUT8,0.025913468
362,400,ARHGAP15,ANKRD44,0.025822658
362,217,ARHGAP15,MYCT1,0.025786528
362,405,ARHGAP15,GIMAP8,0.025738034
362,147,ARHGAP15,ERP29,0.025126578
362,455,ARHGAP15,SNAP23,0.02500579
362,174,ARHGAP15,PPCDC,0.024518332
362,182,ARHGAP15,STK17B,0.024518326
362,327,ARHGAP15,PRIM1,0.024475332
362,339,ARHGAP15,KCTD12,0.02437426
362,180,ARHGAP15,RGS2,0.024235504
362,169,ARHGAP15,MCM4,0.023968542
362,210,ARHGAP15,CDKN1C,0.023456175
362,262,ARHGAP15,SSH2,0.023204159
362,354,ARHGAP15,PPP1R15A,0.02226718
362,525,ARHGAP15,TXNIP,0.022246867
362,135,ARHGAP15,SLBP,0.022217382
362,409,ARHGAP15,TMEM206,0.022049587
362,219,ARHGAP15,STARD4,0.021391215
362,79,ARHGAP15,MGAT1,0.021391213
362,497,ARHGAP15,ATP8B4,0.021383172
362,47,ARHGAP15,LONP2,0.020533005
362,284,ARHGAP15,ANXA5,0.020201754
362,24,ARHGAP15,DYNLL1,0.020126339
362,119,ARHGAP15,PAG1,0.019790294
362,123,ARHGAP15,PAFAH2,0.0196067
362,293,ARHGAP15,MAML3,0.019011436
362,246,ARHGAP15,KLF6,0.018433953
362,197,ARHGAP15,POLA2,0.017004859
362,441,ARHGAP15,MCM7,0.014411492
362,214,ARHGAP15,FCHO2,0.010294582
362,203,ARHGAP15,CD33,0.0027767664
362,139,ARHGAP15,CCL3,0.0026243625
362,86,ARHGAP15,METTL7A1,0.0023465212
362,207,ARHGAP15,BLNK,0.0023446465
362,186,ARHGAP15,IL7R,0.002311246
362,419,ARHGAP15,NCF1,0.0023002764
362,319,ARHGAP15,CD74,0.0022689428
362,63,ARHGAP15,ENG,0.0022569129
362,294,ARHGAP15,TINAGL1,0.0022336927
362,132,ARHGAP15,OAS2,0.002194337
362,332,ARHGAP15,IPCEF1,0.0021893866
362,417,ARHGAP15,UBA7,0.0021683367
362,267,ARHGAP15,CLEC12A,0.0021544308
229,115,ARHGAP18,LTB,0.038164288
229,323,ARHGAP18,SELPLG,0.036344778
229,260,ARHGAP18,RHOF,0.032799102
229,197,ARHGAP18,POLA2,0.030631155
229,556,ARHGAP18,ITGB7,0.030437987
229,198,ARHGAP18,CMAH,0.029567182
229,400,ARHGAP18,ANKRD44,0.028472824
229,217,ARHGAP18,MYCT1,0.02844038
229,147,ARHGAP18,ERP29,0.02771226
229,455,ARHGAP18,SNAP23,0.02759739
229,174,ARHGAP18,PPCDC,0.027043387
229,182,ARHGAP18,STK17B,0.027043369
229,327,ARHGAP18,PRIM1,0.026996586
229,339,ARHGAP18,KCTD12,0.026886132
229,180,ARHGAP18,RGS2,0.026754018
229,169,ARHGAP18,MCM4,0.02644357
229,210,ARHGAP18,CDKN1C,0.025915194
229,262,ARHGAP18,SSH2,0.025594274
229,47,ARHGAP18,LONP2,0.0249364
229,135,ARHGAP18,SLBP,0.024572339
229,354,ARHGAP18,PPP1R15A,0.024570424
229,525,ARHGAP18,TXNIP,0.024546977
229,409,ARHGAP18,TMEM206,0.024325375
229,219,ARHGAP18,STARD4,0.023772348
229,497,ARHGAP18,ATP8B4,0.02360318
229,79,ARHGAP18,MGAT1,0.023602305
229,441,ARHGAP18,MCM7,0.02327143
229,284,ARHGAP18,ANXA5,0.022297623
229,24,ARHGAP18,DYNLL1,0.022213198
229,119,ARHGAP18,PAG1,0.021840889
229,123,ARHGAP18,PAFAH2,0.021637697
229,405,ARHGAP18,GIMAP8,0.021336375
229,293,ARHGAP18,MAML3,0.02099172
229,246,ARHGAP18,KLF6,0.020336447
229,102,ARHGAP18,FUT8,0.020162528
229,214,ARHGAP18,FCHO2,0.018947933
229,224,ARHGAP18,PLSCR4,0.014141254
229,203,ARHGAP18,CD33,0.0029912712
229,139,ARHGAP18,CCL3,0.0028261247
229,207,ARHGAP18,BLNK,0.0026954059
229,86,ARHGAP18,METTL7A1,0.0025136087
229,186,ARHGAP18,IL7R,0.0024731783
229,419,ARHGAP18,NCF1,0.0024677096
229,319,ARHGAP18,CD74,0.0024314171
229,63,ARHGAP18,ENG,0.002415636
229,294,ARHGAP18,TINAGL1,0.002386384
229,132,ARHGAP18,OAS2,0.0023468751
229,332,ARHGAP18,IPCEF1,0.0023410409
229,417,ARHGAP18,UBA7,0.0023168272
229,172,ARHGAP18,EPSTI1,0.0022344475
331,115,ARHGAP27,LTB,0.04844741
331,224,ARHGAP27,PLSCR4,0.041866094
331,197,ARHGAP27,POLA2,0.03904994
331,556,ARHGAP27,ITGB7,0.03876585
331,198,ARHGAP27,CMAH,0.03767394
331,102,ARHGAP27,FUT8,0.036495637
331,400,ARHGAP27,ANKRD44,0.036265027
331,217,ARHGAP27,MYCT1,0.03622783
331,405,ARHGAP27,GIMAP8,0.036175996
331,147,ARHGAP27,ERP29,0.035300534
331,455,ARHGAP27,SNAP23,0.035190564
331,174,ARHGAP27,PPCDC,0.034469955
331,182,ARHGAP27,STK17B,0.03446992
331,339,ARHGAP27,KCTD12,0.03426057
331,180,ARHGAP27,RGS2,0.034139723
331,169,ARHGAP27,MCM4,0.03371729
331,210,ARHGAP27,CDKN1C,0.033470433
331,262,ARHGAP27,SSH2,0.03263445
331,47,ARHGAP27,LONP2,0.031785958
331,525,ARHGAP27,TXNIP,0.03139359
331,354,ARHGAP27,PPP1R15A,0.031333815
331,135,ARHGAP27,SLBP,0.03131322
331,409,ARHGAP27,TMEM206,0.031014018
331,79,ARHGAP27,MGAT1,0.030091735
331,219,ARHGAP27,STARD4,0.030091722
331,497,ARHGAP27,ATP8B4,0.03005365
331,441,ARHGAP27,MCM7,0.02969523
331,327,ARHGAP27,PRIM1,0.029362086
331,284,ARHGAP27,ANXA5,0.028441876
331,24,ARHGAP27,DYNLL1,0.028324597
331,119,ARHGAP27,PAG1,0.02785435
331,260,ARHGAP27,RHOF,0.02760518
331,123,ARHGAP27,PAFAH2,0.027593464
331,293,ARHGAP27,MAML3,0.026784336
331,246,ARHGAP27,KLF6,0.025909392
331,214,ARHGAP27,FCHO2,0.02416481
331,323,ARHGAP27,SELPLG,0.00797606
331,203,ARHGAP27,CD33,0.003553488
331,139,ARHGAP27,CCL3,0.0033470192
331,86,ARHGAP27,METTL7A1,0.0029598877
331,207,ARHGAP27,BLNK,0.0029531447
331,419,ARHGAP27,NCF1,0.0029015557
331,319,ARHGAP27,CD74,0.0028538867
331,63,ARHGAP27,ENG,0.002835788
331,132,ARHGAP27,OAS2,0.0027542217
331,332,ARHGAP27,IPCEF1,0.0027463369
331,417,ARHGAP27,UBA7,0.002713901
331,267,ARHGAP27,CLEC12A,0.002622481
331,172,ARHGAP27,EPSTI1,0.002611953
331,276,ARHGAP27,H2-Q6,0.002573601
317,115,ARHGEF18,LTB,0.03273422
317,323,ARHGEF18,SELPLG,0.031172795
317,224,ARHGEF18,PLSCR4,0.028157033
317,260,ARHGEF18,RHOF,0.028126359
317,197,ARHGEF18,POLA2,0.026246883
317,556,ARHGEF18,ITGB7,0.026054356
317,198,ARHGEF18,CMAH,0.025338717
317,102,ARHGEF18,FUT8,0.024540216
317,400,ARHGEF18,ANKRD44,0.02442083
317,217,ARHGEF18,MYCT1,0.024414422
317,405,ARHGEF18,GIMAP8,0.02433854
317,147,ARHGEF18,ERP29,0.023785131
317,174,ARHGEF18,PPCDC,0.023194721
317,182,ARHGEF18,STK17B,0.023194721
317,327,ARHGEF18,PRIM1,0.023153616
317,339,ARHGEF18,KCTD12,0.02307182
317,180,ARHGEF18,RGS2,0.022944182
317,169,ARHGEF18,MCM4,0.022679266
317,210,ARHGEF18,CDKN1C,0.022230946
317,262,ARHGEF18,SSH2,0.021956725
317,47,ARHGEF18,LONP2,0.0214065
317,135,ARHGEF18,SLBP,0.021095946
317,354,ARHGEF18,PPP1R15A,0.021085944
317,525,ARHGEF18,TXNIP,0.021075945
317,409,ARHGEF18,TMEM206,0.020879863
317,79,ARHGEF18,MGAT1,0.020278554
317,219,ARHGEF18,STARD4,0.020262858
317,497,ARHGEF18,ATP8B4,0.020259168
317,441,ARHGEF18,MCM7,0.020000577
317,284,ARHGEF18,ANXA5,0.019153675
317,24,ARHGEF18,DYNLL1,0.019078936
317,119,ARHGEF18,PAG1,0.018763555
317,293,ARHGEF18,MAML3,0.018021284
317,246,ARHGEF18,KLF6,0.017490242
317,214,ARHGEF18,FCHO2,0.01721677
317,455,ARHGEF18,SNAP23,0.014548228
317,123,ARHGEF18,PAFAH2,0.013562302
317,203,ARHGEF18,CD33,0.0027493264
317,139,ARHGEF18,CCL3,0.0026044818
317,207,ARHGEF18,BLNK,0.00232931
317,186,ARHGEF18,IL7R,0.0022950342
317,419,ARHGEF18,NCF1,0.002294711
317,319,ARHGEF18,CD74,0.0022608065
317,63,ARHGEF18,ENG,0.0022468956
317,294,ARHGEF18,TINAGL1,0.0022148748
317,132,ARHGEF18,OAS2,0.0021852914
317,332,ARHGEF18,IPCEF1,0.0021751171
317,417,ARHGEF18,UBA7,0.00215707
317,267,ARHGEF18,CLEC12A,0.0021425702
317,172,ARHGEF18,EPSTI1,0.0020828042
241,115,ARHGEF39,LTB,0.027540876
241,323,ARHGEF39,SELPLG,0.026221193
241,224,ARHGEF39,PLSCR4,0.023665238
241,260,ARHGEF39,RHOF,0.023659604
241,197,ARHGEF39,POLA2,0.022063734
241,556,ARHGEF39,ITGB7,0.021944806
241,198,ARHGEF39,CMAH,0.021306029
241,102,ARHGEF39,FUT8,0.020636037
241,400,ARHGEF39,ANKRD44,0.02054823
241,217,ARHGEF39,MYCT1,0.020524949
241,147,ARHGEF39,ERP29,0.020015864
241,455,ARHGEF39,SNAP23,0.019916588
241,182,ARHGEF39,STK17B,0.01951551
241,174,ARHGEF39,PPCDC,0.019513564
241,327,ARHGEF39,PRIM1,0.019480875
241,339,ARHGEF39,KCTD12,0.019415703
241,180,ARHGEF39,RGS2,0.019286716
241,169,ARHGEF39,MCM4,0.01907972
241,210,ARHGEF39,CDKN1C,0.01869668
241,262,ARHGEF39,SSH2,0.018476844
241,47,ARHGEF39,LONP2,0.018020133
241,354,ARHGEF39,PPP1R15A,0.017761413
241,525,ARHGEF39,TXNIP,0.017742805
241,135,ARHGEF39,SLBP,0.017655006
241,409,ARHGEF39,TMEM206,0.017578704
241,497,ARHGEF39,ATP8B4,0.017065573
241,79,ARHGEF39,MGAT1,0.017061591
241,219,ARHGEF39,STARD4,0.017061591
241,441,ARHGEF39,MCM7,0.016844299
241,284,ARHGEF39,ANXA5,0.01613036
241,119,ARHGEF39,PAG1,0.015805902
241,123,ARHGEF39,PAFAH2,0.015660804
241,293,ARHGEF39,MAML3,0.015192829
241,246,ARHGEF39,KLF6,0.01474945
241,214,ARHGEF39,FCHO2,0.013703359
241,405,ARHGEF39,GIMAP8,0.0051378533
241,24,ARHGEF39,DYNLL1,0.003869373
241,207,ARHGEF39,BLNK,0.0021207258
241,86,ARHGEF39,METTL7A1,0.0021205533
241,419,ARHGEF39,NCF1,0.0020887484
241,186,ARHGEF39,IL7R,0.0020882485
241,203,ARHGEF39,CD33,0.0020696209
241,139,ARHGEF39,CCL3,0.002063914
241,319,ARHGEF39,CD74,0.0020606655
241,63,ARHGEF39,ENG,0.0020476815
241,294,ARHGEF39,TINAGL1,0.0020230967
241,132,ARHGEF39,OAS2,0.0019906207
241,332,ARHGEF39,IPCEF1,0.001989027
241,417,ARHGEF39,UBA7,0.0019690318
241,267,ARHGEF39,CLEC12A,0.0019582391
304,115,ARID5A,LTB,0.029760335
304,323,ARID5A,SELPLG,0.028338198
304,224,ARID5A,PLSCR4,0.025583977
304,260,ARID5A,RHOF,0.025570761
304,197,ARID5A,POLA2,0.02385183
304,556,ARID5A,ITGB7,0.023718195
304,198,ARID5A,CMAH,0.023031684
304,102,ARID5A,FUT8,0.022306783
304,400,ARID5A,ANKRD44,0.022207145
304,217,ARID5A,MYCT1,0.02218563
304,405,ARID5A,GIMAP8,0.022127239
304,147,ARID5A,ERP29,0.021638175
304,455,ARID5A,SNAP23,0.021531813
304,174,ARID5A,PPCDC,0.021092987
304,182,ARID5A,STK17B,0.021092972
304,327,ARID5A,PRIM1,0.0210539
304,339,ARID5A,KCTD12,0.020915382
304,180,ARID5A,RGS2,0.020862278
304,169,ARID5A,MCM4,0.020599645
304,210,ARID5A,CDKN1C,0.020217536
304,262,ARID5A,SSH2,0.019986494
304,135,ARID5A,SLBP,0.019196577
304,354,ARID5A,PPP1R15A,0.019182187
304,525,ARID5A,TXNIP,0.01913013
304,409,ARID5A,TMEM206,0.018998288
304,497,ARID5A,ATP8B4,0.018441353
304,219,ARID5A,STARD4,0.018437656
304,79,ARID5A,MGAT1,0.018437646
304,441,ARID5A,MCM7,0.01820302
304,284,ARID5A,ANXA5,0.017435614
304,24,ARID5A,DYNLL1,0.017364157
304,119,ARID5A,PAG1,0.017081778
304,123,ARID5A,PAFAH2,0.016923891
304,293,ARID5A,MAML3,0.016409704
304,246,ARID5A,KLF6,0.015922133
304,214,ARID5A,FCHO2,0.014691295
304,47,ARID5A,LONP2,0.014096227
304,203,ARID5A,CD33,0.0026089475
304,139,ARID5A,CCL3,0.0024756782
304,294,ARID5A,TINAGL1,0.002358588
304,417,ARID5A,UBA7,0.0022285434
304,207,ARID5A,BLNK,0.0022223103
304,86,ARID5A,METTL7A1,0.0022219657
304,419,ARID5A,NCF1,0.0021922209
304,186,ARID5A,IL7R,0.0021851894
304,319,ARID5A,CD74,0.002159667
304,63,ARID5A,ENG,0.0020893537
304,132,ARID5A,OAS2,0.0020881055
304,332,ARID5A,IPCEF1,0.0020830084
304,267,ARID5A,CLEC12A,0.002048791
259,115,ARL11,LTB,0.026580453
259,323,ARL11,SELPLG,0.025313836
259,224,ARL11,PLSCR4,0.022850707
259,197,ARL11,POLA2,0.02131451
259,556,ARL11,ITGB7,0.02119904
259,198,ARL11,CMAH,0.020589922
259,102,ARL11,FUT8,0.019945687
259,217,ARL11,MYCT1,0.019848494
259,400,ARL11,ANKRD44,0.019839855
259,405,ARL11,GIMAP8,0.019786505
259,455,ARL11,SNAP23,0.01920572
259,182,ARL11,STK17B,0.018871285
259,174,ARL11,PPCDC,0.01886943
259,327,ARL11,PRIM1,0.018841106
259,339,ARL11,KCTD12,0.018785179
259,180,ARL11,RGS2,0.01861413
259,169,ARL11,MCM4,0.018454706
259,210,ARL11,CDKN1C,0.018096602
259,47,ARL11,LONP2,0.017445395
259,354,ARL11,PPP1R15A,0.01737801
259,147,ARL11,ERP29,0.017207341
259,135,ARL11,SLBP,0.01719475
259,525,ARL11,TXNIP,0.017182393
259,409,ARL11,TMEM206,0.01701583
259,497,ARL11,ATP8B4,0.016526688
259,219,ARL11,STARD4,0.016520891
259,79,ARL11,MGAT1,0.016520886
259,441,ARL11,MCM7,0.016311388
259,284,ARL11,ANXA5,0.015605924
259,24,ARL11,DYNLL1,0.015571839
259,119,ARL11,PAG1,0.015278674
259,123,ARL11,PAFAH2,0.0151354605
259,293,ARL11,MAML3,0.014643117
259,246,ARL11,KLF6,0.014190866
259,262,ARL11,SSH2,0.013511598
259,214,ARL11,FCHO2,0.013123944
259,260,ARL11,RHOF,0.009205885
259,203,ARL11,CD33,0.00248668
259,139,ARL11,CCL3,0.0022465193
259,86,ARL11,METTL7A1,0.0021332125
259,207,ARL11,BLNK,0.0021316744
259,419,ARL11,NCF1,0.0021075327
259,186,ARL11,IL7R,0.0020980262
259,172,ARL11,EPSTI1,0.0020916488
259,63,ARL11,ENG,0.0020650309
259,294,ARL11,TINAGL1,0.002034542
259,332,ARL11,IPCEF1,0.0020052781
259,417,ARL11,UBA7,0.0019847457
259,267,ARL11,CLEC12A,0.001971721
259,276,ARL11,H2-Q6,0.0019026108
392,115,ARPP21,LTB,0.029565211
392,323,ARPP21,SELPLG,0.028165301
392,260,ARPP21,RHOF,0.025388852
392,556,ARPP21,ITGB7,0.023546493
392,400,ARPP21,ANKRD44,0.02203882
392,405,ARPP21,GIMAP8,0.02195309
392,147,ARPP21,ERP29,0.021455035
392,174,ARPP21,PPCDC,0.020927167
392,182,ARPP21,STK17B,0.020927152
392,327,ARPP21,PRIM1,0.020888863
392,339,ARPP21,KCTD12,0.020815605
392,180,ARPP21,RGS2,0.020682657
392,102,ARPP21,FUT8,0.020490104
392,169,ARPP21,MCM4,0.020456854
392,210,ARPP21,CDKN1C,0.020040894
392,262,ARPP21,SSH2,0.019806737
392,47,ARPP21,LONP2,0.019311309
392,135,ARPP21,SLBP,0.019034974
392,354,ARPP21,PPP1R15A,0.019018624
392,525,ARPP21,TXNIP,0.01901056
392,497,ARPP21,ATP8B4,0.018281216
392,79,ARPP21,MGAT1,0.018278126
392,219,ARPP21,STARD4,0.018278126
392,441,ARPP21,MCM7,0.018045152
392,24,ARPP21,DYNLL1,0.017205447
392,119,ARPP21,PAG1,0.016936384
392,123,ARPP21,PAFAH2,0.016767636
392,217,ARPP21,MYCT1,0.016266057
392,293,ARPP21,MAML3,0.01626122
392,409,ARPP21,TMEM206,0.015857792
392,246,ARPP21,KLF6,0.015782775
392,224,ARPP21,PLSCR4,0.015379134
392,214,ARPP21,FCHO2,0.01467784
392,198,ARPP21,CMAH,0.013642134
392,284,ARPP21,ANXA5,0.007828749
392,197,ARPP21,POLA2,0.0048816125
392,455,ARPP21,SNAP23,0.004527166
392,203,ARPP21,CD33,0.0025507777
392,139,ARPP21,CCL3,0.0024171073
392,86,ARPP21,METTL7A1,0.0021739637
392,207,ARPP21,BLNK,0.0021720633
392,419,ARPP21,NCF1,0.002140575
392,319,ARPP21,CD74,0.002110913
392,63,ARPP21,ENG,0.0020955398
392,294,ARPP21,TINAGL1,0.0020728812
392,132,ARPP21,OAS2,0.0020414102
392,332,ARPP21,IPCEF1,0.0020366712
392,417,ARPP21,UBA7,0.0020169972
392,267,ARPP21,CLEC12A,0.0020046455
392,172,ARPP21,EPSTI1,0.001949199
178,115,ARRDC4,LTB,0.025255146
178,323,ARRDC4,SELPLG,0.024056278
178,260,ARRDC4,RHOF,0.021715058
178,197,ARRDC4,POLA2,0.020251634
178,556,ARRDC4,ITGB7,0.020144604
178,198,ARRDC4,CMAH,0.019565355
178,102,ARRDC4,FUT8,0.018954162
178,400,ARRDC4,ANKRD44,0.01887781
178,217,ARRDC4,MYCT1,0.018864647
178,405,ARRDC4,GIMAP8,0.018804114
178,455,ARRDC4,SNAP23,0.018463532
178,147,ARRDC4,ERP29,0.018409017
178,174,ARRDC4,PPCDC,0.017937098
178,182,ARRDC4,STK17B,0.017915951
178,327,ARRDC4,PRIM1,0.017904846
178,339,ARRDC4,KCTD12,0.017856648
178,180,ARRDC4,RGS2,0.017673563
178,210,ARRDC4,CDKN1C,0.01718385
178,47,ARRDC4,LONP2,0.017151162
178,262,ARRDC4,SSH2,0.016992843
178,135,ARRDC4,SLBP,0.016348938
178,525,ARRDC4,TXNIP,0.016336527
178,354,ARRDC4,PPP1R15A,0.01633304
178,409,ARRDC4,TMEM206,0.0161783
178,224,ARRDC4,PLSCR4,0.015838247
178,497,ARRDC4,ATP8B4,0.015716162
178,219,ARRDC4,STARD4,0.01570878
178,79,ARRDC4,MGAT1,0.015708772
178,441,ARRDC4,MCM7,0.015510774
178,284,ARRDC4,ANXA5,0.014820706
178,24,ARRDC4,DYNLL1,0.014808473
178,119,ARRDC4,PAG1,0.014511147
178,123,ARRDC4,PAFAH2,0.01437553
178,293,ARRDC4,MAML3,0.013908029
178,246,ARRDC4,KLF6,0.013504583
178,214,ARRDC4,FCHO2,0.012471305
178,169,ARRDC4,MCM4,0.0041987635
178,203,ARRDC4,CD33,0.002419621
178,139,ARRDC4,CCL3,0.0023327486
178,207,ARRDC4,BLNK,0.0020798906
178,86,ARRDC4,METTL7A1,0.002079179
178,419,ARRDC4,NCF1,0.0020544375
178,319,ARRDC4,CD74,0.0020249228
178,63,ARRDC4,ENG,0.0020134584
178,294,ARRDC4,TINAGL1,0.0019814444
178,132,ARRDC4,OAS2,0.00196111
178,332,ARRDC4,IPCEF1,0.0019560969
178,417,ARRDC4,UBA7,0.0019365601
178,267,ARRDC4,CLEC12A,0.0019241249
178,172,ARRDC4,EPSTI1,0.0018730315
42,115,ART4,LTB,0.069967076
42,224,ART4,PLSCR4,0.060900357
42,260,ART4,RHOF,0.06053386
42,197,ART4,POLA2,0.056887455
42,556,ART4,ITGB7,0.056423523
42,198,ART4,CMAH,0.054905314
42,102,ART4,FUT8,0.053220768
42,327,ART4,PRIM1,0.05318548
42,400,ART4,ANKRD44,0.05286132
42,405,ART4,GIMAP8,0.052772984
42,217,ART4,MYCT1,0.05276151
42,147,ART4,ERP29,0.05140673
42,455,ART4,SNAP23,0.051331412
42,174,ART4,PPCDC,0.050298315
42,182,ART4,STK17B,0.050298255
42,339,ART4,KCTD12,0.049952865
42,180,ART4,RGS2,0.04988963
42,323,ART4,SELPLG,0.04953352
42,169,ART4,MCM4,0.049239
42,262,ART4,SSH2,0.047675088
42,47,ART4,LONP2,0.04644787
42,354,ART4,PPP1R15A,0.045799293
42,135,ART4,SLBP,0.045710344
42,525,ART4,TXNIP,0.04568935
42,409,ART4,TMEM206,0.0453785
42,219,ART4,STARD4,0.04398406
42,79,ART4,MGAT1,0.043984048
42,497,ART4,ATP8B4,0.043877393
42,210,ART4,CDKN1C,0.043461088
42,441,ART4,MCM7,0.0434086
42,24,ART4,DYNLL1,0.04142806
42,119,ART4,PAG1,0.040757846
42,293,ART4,MAML3,0.040560484
42,246,ART4,KLF6,0.037869997
42,214,ART4,FCHO2,0.035380106
42,123,ART4,PAFAH2,0.0342477
42,284,ART4,ANXA5,0.018226296
42,203,ART4,CD33,0.0046968563
42,139,ART4,CCL3,0.004403429
42,207,ART4,BLNK,0.003844238
42,186,ART4,IL7R,0.003788401
42,419,ART4,NCF1,0.0037639902
42,319,ART4,CD74,0.0037022843
42,63,ART4,ENG,0.0036762326
42,294,ART4,TINAGL1,0.003638216
42,132,ART4,OAS2,0.0036070135
42,417,ART4,UBA7,0.0035067247
42,267,ART4,CLEC12A,0.0034788453
42,172,ART4,EPSTI1,0.003367968
42,276,ART4,H2-Q6,0.0033083211
497,115,ATP8B4,LTB,0.10346186
497,224,ATP8B4,PLSCR4,0.09074674
497,260,ATP8B4,RHOF,0.09038636
497,197,ATP8B4,POLA2,0.08557398
497,556,ATP8B4,ITGB7,0.08535452
497,217,ATP8B4,MYCT1,0.0837642
497,198,ATP8B4,CMAH,0.08259987
497,102,ATP8B4,FUT8,0.08022634
497,400,ATP8B4,ANKRD44,0.079968594
497,405,ATP8B4,GIMAP8,0.07953908
497,147,ATP8B4,ERP29,0.077329986
497,182,ATP8B4,STK17B,0.07594056
497,174,ATP8B4,PPCDC,0.075940534
497,327,ATP8B4,PRIM1,0.07577853
497,180,ATP8B4,RGS2,0.07534893
497,169,ATP8B4,MCM4,0.07441693
497,262,ATP8B4,SSH2,0.07342977
497,210,ATP8B4,CDKN1C,0.073092505
497,47,ATP8B4,LONP2,0.07021646
497,354,ATP8B4,PPP1R15A,0.06939044
497,135,ATP8B4,SLBP,0.06924306
497,409,ATP8B4,TMEM206,0.068689704
497,79,ATP8B4,MGAT1,0.06676296
497,219,ATP8B4,STARD4,0.066700645
497,441,ATP8B4,MCM7,0.06588718
497,284,ATP8B4,ANXA5,0.063246526
497,24,ATP8B4,DYNLL1,0.06290971
497,119,ATP8B4,PAG1,0.061975427
497,123,ATP8B4,PAFAH2,0.061410323
497,293,ATP8B4,MAML3,0.059718277
497,246,ATP8B4,KLF6,0.05762186
497,214,ATP8B4,FCHO2,0.053961657
497,525,ATP8B4,TXNIP,0.044192646
497,323,ATP8B4,SELPLG,0.01785429
497,339,ATP8B4,KCTD12,0.014901659
497,455,ATP8B4,SNAP23,0.013336945
497,203,ATP8B4,CD33,0.0064905873
497,139,ATP8B4,CCL3,0.0060584093
497,86,ATP8B4,METTL7A1,0.005270618
497,207,ATP8B4,BLNK,0.005253481
497,186,ATP8B4,IL7R,0.0051820525
497,419,ATP8B4,NCF1,0.0051177456
497,319,ATP8B4,CD74,0.0050441674
497,63,ATP8B4,ENG,0.0050008013
497,294,ATP8B4,TINAGL1,0.004960974
497,332,ATP8B4,IPCEF1,0.004824934
497,417,ATP8B4,UBA7,0.0047679357
497,267,ATP8B4,CLEC12A,0.004727961
497,172,ATP8B4,EPSTI1,0.004568661
497,276,ATP8B4,H2-Q6,0.0044900402
38,97,BC035044,MYC,0.71429557
38,246,BC035044,KLF6,0.7105279
38,497,BC035044,ATP8B4,0.7050335
38,441,BC035044,MCM7,0.7046144
38,135,BC035044,SLBP,0.70286393
38,409,BC035044,TMEM206,0.7009544
38,210,BC035044,CDKN1C,0.7009246
38,400,BC035044,ANKRD44,0.6987006
38,174,BC035044,PPCDC,0.6968352
38,182,BC035044,STK17B,0.6968352
38,79,BC035044,MGAT1,0.6968269
38,219,BC035044,STARD4,0.6968269
38,262,BC035044,SSH2,0.6954627
38,556,BC035044,ITGB7,0.69134706
38,119,BC035044,PAG1,0.6911957
38,405,BC035044,GIMAP8,0.6907008
38,47,BC035044,LONP2,0.68909407
38,169,BC035044,MCM4,0.68909115
38,354,BC035044,PPP1R15A,0.68898845
38,24,BC035044,DYNLL1,0.68683684
38,102,BC035044,FUT8,0.6845812
38,339,BC035044,KCTD12,0.68360114
38,525,BC035044,TXNIP,0.68265104
38,198,BC035044,CMAH,0.68025756
38,287,BC035044,CSF3R,0.6799753
38,217,BC035044,MYCT1,0.6777093
38,260,BC035044,RHOF,0.67638147
38,197,BC035044,POLA2,0.67586786
38,147,BC035044,ERP29,0.67325574
38,224,BC035044,PLSCR4,0.66735506
38,214,BC035044,FCHO2,0.6654371
38,293,BC035044,MAML3,0.6638079
38,327,BC035044,PRIM1,0.66127795
38,123,BC035044,PAFAH2,0.6535921
38,145,BC035044,SPI1,0.652831
38,19,BC035044,UBASH3A,0.6520293
38,115,BC035044,LTB,0.6508146
38,180,BC035044,RGS2,0.6451739
38,455,BC035044,SNAP23,0.64132816
38,404,BC035044,NHP2,0.6386761
38,283,BC035044,SAT1,0.63860404
38,225,BC035044,CDT1,0.6376584
38,555,BC035044,CKS1B,0.6374101
38,335,BC035044,SLC22A3,0.6358022
38,228,BC035044,CCL9,0.6349235
38,84,BC035044,SLC39A6,0.6336137
38,332,BC035044,IPCEF1,0.6330487
38,7,BC035044,AKNA,0.63281107
38,526,BC035044,SERP1,0.6321951
38,66,BC035044,CCR7,0.6320571
129,115,BCL2,LTB,0.020761296
129,323,BCL2,SELPLG,0.019764086
129,260,BCL2,RHOF,0.017840188
129,224,BCL2,PLSCR4,0.017822059
129,102,BCL2,FUT8,0.016250217
129,198,BCL2,CMAH,0.016058693
129,400,BCL2,ANKRD44,0.01551127
129,217,BCL2,MYCT1,0.015480317
129,405,BCL2,GIMAP8,0.015442622
129,197,BCL2,POLA2,0.0152522735
129,147,BCL2,ERP29,0.015109213
129,455,BCL2,SNAP23,0.015001637
129,174,BCL2,PPCDC,0.014732351
129,182,BCL2,STK17B,0.014732338
129,327,BCL2,PRIM1,0.014701084
129,339,BCL2,KCTD12,0.0146587575
129,180,BCL2,RGS2,0.014531865
129,169,BCL2,MCM4,0.014395475
129,210,BCL2,CDKN1C,0.014091131
129,262,BCL2,SSH2,0.0139498655
129,354,BCL2,PPP1R15A,0.013400935
129,525,BCL2,TXNIP,0.013400349
129,135,BCL2,SLBP,0.013392661
129,497,BCL2,ATP8B4,0.012908754
129,79,BCL2,MGAT1,0.012890818
129,219,BCL2,STARD4,0.012890818
129,441,BCL2,MCM7,0.012738872
129,284,BCL2,ANXA5,0.012170739
129,24,BCL2,DYNLL1,0.012137687
129,119,BCL2,PAG1,0.011922266
129,123,BCL2,PAFAH2,0.011811735
129,293,BCL2,MAML3,0.011404987
129,246,BCL2,KLF6,0.011105286
129,47,BCL2,LONP2,0.010267333
129,214,BCL2,FCHO2,0.010229524
129,556,BCL2,ITGB7,0.009563843
129,409,BCL2,TMEM206,0.0064384504
129,203,BCL2,CD33,0.002077913
129,139,BCL2,CCL3,0.0019767194
129,207,BCL2,BLNK,0.0018011103
129,186,BCL2,IL7R,0.0017748728
129,419,BCL2,NCF1,0.0017735696
129,172,BCL2,EPSTI1,0.0017651779
129,319,BCL2,CD74,0.0017576696
129,63,BCL2,ENG,0.0017397236
129,294,BCL2,TINAGL1,0.0017238312
129,132,BCL2,OAS2,0.0016999244
129,332,BCL2,IPCEF1,0.0016970136
129,417,BCL2,UBA7,0.001683739
129,267,BCL2,CLEC12A,0.0016759933
126,115,BDH2,LTB,0.028786434
126,323,BDH2,SELPLG,0.027423207
126,224,BDH2,PLSCR4,0.024760762
126,260,BDH2,RHOF,0.024752783
126,102,BDH2,FUT8,0.022608034
126,198,BDH2,CMAH,0.02230844
126,400,BDH2,ANKRD44,0.021512272
126,217,BDH2,MYCT1,0.021501103
126,405,BDH2,GIMAP8,0.021434842
126,197,BDH2,POLA2,0.021159943
126,147,BDH2,ERP29,0.020975899
126,455,BDH2,SNAP23,0.02081458
126,174,BDH2,PPCDC,0.020440647
126,182,BDH2,STK17B,0.020440647
126,327,BDH2,PRIM1,0.020405062
126,339,BDH2,KCTD12,0.020346193
126,180,BDH2,RGS2,0.020175934
126,169,BDH2,MCM4,0.019992065
126,210,BDH2,CDKN1C,0.01961306
126,262,BDH2,SSH2,0.019362673
126,525,BDH2,TXNIP,0.018609561
126,354,BDH2,PPP1R15A,0.01860852
126,135,BDH2,SLBP,0.01857339
126,497,BDH2,ATP8B4,0.017893557
126,219,BDH2,STARD4,0.017892122
126,79,BDH2,MGAT1,0.017892115
126,441,BDH2,MCM7,0.017662184
126,284,BDH2,ANXA5,0.016931977
126,24,BDH2,DYNLL1,0.016865078
126,119,BDH2,PAG1,0.016580835
126,123,BDH2,PAFAH2,0.01642499
126,293,BDH2,MAML3,0.015894774
126,246,BDH2,KLF6,0.015417645
126,47,BDH2,LONP2,0.014289912
126,214,BDH2,FCHO2,0.01423868
126,556,BDH2,ITGB7,0.0132327685
126,409,BDH2,TMEM206,0.008584589
126,203,BDH2,CD33,0.0026212765
126,139,BDH2,CCL3,0.002489698
126,207,BDH2,BLNK,0.0022406348
126,419,BDH2,NCF1,0.0022126106
126,186,BDH2,IL7R,0.0022017383
126,172,BDH2,EPSTI1,0.0021951015
126,319,BDH2,CD74,0.0021947077
126,63,BDH2,ENG,0.0021637669
126,294,BDH2,TINAGL1,0.0021324889
126,132,BDH2,OAS2,0.0021085055
126,332,BDH2,IPCEF1,0.0021026924
126,417,BDH2,UBA7,0.0020802678
126,267,BDH2,CLEC12A,0.0020658327
547,97,BGN,MYC,0.71433985
547,246,BGN,KLF6,0.7105279
547,497,BGN,ATP8B4,0.7050335
547,441,BGN,MCM7,0.7046144
547,135,BGN,SLBP,0.70285743
547,409,BGN,TMEM206,0.70056367
547,400,BGN,ANKRD44,0.6985782
547,174,BGN,PPCDC,0.6968352
547,182,BGN,STK17B,0.6968352
547,79,BGN,MGAT1,0.6968269
547,219,BGN,STARD4,0.6968269
547,327,BGN,PRIM1,0.6961986
547,262,BGN,SSH2,0.6954627
547,123,BGN,PAFAH2,0.69452506
547,556,BGN,ITGB7,0.69134706
547,119,BGN,PAG1,0.6911957
547,405,BGN,GIMAP8,0.6904643
547,169,BGN,MCM4,0.68909115
547,354,BGN,PPP1R15A,0.68898845
547,47,BGN,LONP2,0.6889375
547,24,BGN,DYNLL1,0.68683684
547,102,BGN,FUT8,0.6846261
547,339,BGN,KCTD12,0.68360114
547,284,BGN,ANXA5,0.6815359
547,198,BGN,CMAH,0.68025756
547,287,BGN,CSF3R,0.67977655
547,217,BGN,MYCT1,0.6777093
547,260,BGN,RHOF,0.67638147
547,293,BGN,MAML3,0.6696835
547,224,BGN,PLSCR4,0.66735506
547,214,BGN,FCHO2,0.6654371
547,19,BGN,UBASH3A,0.65345573
547,145,BGN,SPI1,0.652831
547,210,BGN,CDKN1C,0.65204453
547,115,BGN,LTB,0.6508146
547,353,BGN,RNF13,0.6506647
547,323,BGN,SELPLG,0.6480545
547,147,BGN,ERP29,0.64365184
547,455,BGN,SNAP23,0.64132816
547,525,BGN,TXNIP,0.6402243
547,404,BGN,NHP2,0.6386761
547,283,BGN,SAT1,0.63860404
547,225,BGN,CDT1,0.6376584
547,335,BGN,SLC22A3,0.6369119
547,228,BGN,CCL9,0.6349235
547,84,BGN,SLC39A6,0.6336137
547,7,BGN,AKNA,0.63281107
547,552,BGN,TLR7,0.6325846
547,526,BGN,SERP1,0.6325531
547,66,BGN,CCR7,0.6320571
207,115,BLNK,LTB,0.018271672
207,323,BLNK,SELPLG,0.018065127
207,260,BLNK,RHOF,0.015766053
207,556,BLNK,ITGB7,0.014637511
207,198,BLNK,CMAH,0.014220827
207,400,BLNK,ANKRD44,0.013742425
207,217,BLNK,MYCT1,0.013732172
207,327,BLNK,PRIM1,0.013722912
207,405,BLNK,GIMAP8,0.013681444
207,147,BLNK,ERP29,0.01338541
207,182,BLNK,STK17B,0.013037536
207,174,BLNK,PPCDC,0.013024437
207,339,BLNK,KCTD12,0.012963856
207,169,BLNK,MCM4,0.012728866
207,210,BLNK,CDKN1C,0.012332127
207,262,BLNK,SSH2,0.012308337
207,47,BLNK,LONP2,0.011971708
207,525,BLNK,TXNIP,0.011799941
207,354,BLNK,PPP1R15A,0.011795728
207,24,BLNK,DYNLL1,0.011732431
207,409,BLNK,TMEM206,0.011679296
207,79,BLNK,MGAT1,0.011476655
207,497,BLNK,ATP8B4,0.011342491
207,219,BLNK,STARD4,0.011334372
207,441,BLNK,MCM7,0.01117264
207,224,BLNK,PLSCR4,0.010997932
207,284,BLNK,ANXA5,0.010663453
207,119,BLNK,PAG1,0.0104469005
207,123,BLNK,PAFAH2,0.010342048
207,293,BLNK,MAML3,0.010067299
207,246,BLNK,KLF6,0.009794354
207,102,BLNK,FUT8,0.008479733
207,214,BLNK,FCHO2,0.007662571
207,180,BLNK,RGS2,0.006447308
207,455,BLNK,SNAP23,0.0062198127
207,197,BLNK,POLA2,0.0036272372
207,135,BLNK,SLBP,0.003427618
207,139,BLNK,CCL3,0.001971677
207,86,BLNK,METTL7A1,0.0018011711
207,419,BLNK,NCF1,0.0017837129
207,186,BLNK,IL7R,0.0017733333
207,319,BLNK,CD74,0.0017608828
207,63,BLNK,ENG,0.001751
207,294,BLNK,TINAGL1,0.0017251068
207,132,BLNK,OAS2,0.0017087936
207,332,BLNK,IPCEF1,0.001704931
207,417,BLNK,UBA7,0.001689865
207,267,BLNK,CLEC12A,0.0016815693
207,172,BLNK,EPSTI1,0.0016383936
207,526,BLNK,SERP1,0.0016314571
442,115,BPIFC,LTB,0.06553196
442,323,BPIFC,SELPLG,0.062473502
442,224,BPIFC,PLSCR4,0.056891654
442,260,BPIFC,RHOF,0.056573506
442,197,BPIFC,POLA2,0.053111464
442,556,BPIFC,ITGB7,0.052689772
442,198,BPIFC,CMAH,0.051251203
442,102,BPIFC,FUT8,0.049678322
442,400,BPIFC,ANKRD44,0.049304638
442,405,BPIFC,GIMAP8,0.049246233
442,147,BPIFC,ERP29,0.047968883
442,455,BPIFC,SNAP23,0.04787867
442,174,BPIFC,PPCDC,0.04692271
442,182,BPIFC,STK17B,0.046922687
442,327,BPIFC,PRIM1,0.046836108
442,339,BPIFC,KCTD12,0.046615783
442,180,BPIFC,RGS2,0.046515215
442,169,BPIFC,MCM4,0.045923296
442,210,BPIFC,CDKN1C,0.04505662
442,262,BPIFC,SSH2,0.044455256
442,47,BPIFC,LONP2,0.043271627
442,354,BPIFC,PPP1R15A,0.04269169
442,135,BPIFC,SLBP,0.04262015
442,525,BPIFC,TXNIP,0.04237463
442,409,BPIFC,TMEM206,0.042246357
442,79,BPIFC,MGAT1,0.040993985
442,219,BPIFC,STARD4,0.040993985
442,497,BPIFC,ATP8B4,0.040900897
442,441,BPIFC,MCM7,0.040441897
442,284,BPIFC,ANXA5,0.03876083
442,24,BPIFC,DYNLL1,0.03859541
442,119,BPIFC,PAG1,0.037962075
442,123,BPIFC,PAFAH2,0.037606806
442,293,BPIFC,MAML3,0.03651893
442,214,BPIFC,FCHO2,0.032917235
442,246,BPIFC,KLF6,0.021015223
442,217,BPIFC,MYCT1,0.019689765
442,203,BPIFC,CD33,0.0043939236
442,139,BPIFC,CCL3,0.0041205897
442,207,BPIFC,BLNK,0.0035984495
442,319,BPIFC,CD74,0.0034655835
442,419,BPIFC,NCF1,0.0034424702
442,63,BPIFC,ENG,0.0034410737
442,186,BPIFC,IL7R,0.0034185478
442,294,BPIFC,TINAGL1,0.0034096357
442,132,BPIFC,OAS2,0.0033396182
442,332,BPIFC,IPCEF1,0.003337665
442,417,BPIFC,UBA7,0.003284959
442,172,BPIFC,EPSTI1,0.0031563535
442,494,BPIFC,DUSP5,0.0029526004
475,115,BTG2,LTB,0.06347343
475,323,BTG2,SELPLG,0.06052757
475,224,BTG2,PLSCR4,0.05502254
475,260,BTG2,RHOF,0.054783355
475,197,BTG2,POLA2,0.051408663
475,556,BTG2,ITGB7,0.051004782
475,198,BTG2,CMAH,0.04959418
475,102,BTG2,FUT8,0.04805931
475,405,BTG2,GIMAP8,0.047632642
475,217,BTG2,MYCT1,0.047611207
475,147,BTG2,ERP29,0.04634476
475,455,BTG2,SNAP23,0.046236724
475,180,BTG2,RGS2,0.046153042
475,174,BTG2,PPCDC,0.045365155
475,182,BTG2,STK17B,0.045365147
475,327,BTG2,PRIM1,0.045283232
475,339,BTG2,KCTD12,0.045023914
475,169,BTG2,MCM4,0.04438287
475,47,BTG2,LONP2,0.044201683
475,210,BTG2,CDKN1C,0.043497417
475,262,BTG2,SSH2,0.042954613
475,135,BTG2,SLBP,0.041163314
475,525,BTG2,TXNIP,0.041095164
475,409,BTG2,TMEM206,0.040848527
475,219,BTG2,STARD4,0.039570834
475,497,BTG2,ATP8B4,0.03948262
475,79,BTG2,MGAT1,0.039460346
475,441,BTG2,MCM7,0.03904999
475,284,BTG2,ANXA5,0.037378654
475,24,BTG2,DYNLL1,0.037221268
475,119,BTG2,PAG1,0.036592044
475,123,BTG2,PAFAH2,0.036260594
475,293,BTG2,MAML3,0.03518717
475,246,BTG2,KLF6,0.033998452
475,214,BTG2,FCHO2,0.031665888
475,400,BTG2,ANKRD44,0.018833287
475,354,BTG2,PPP1R15A,0.01833882
475,203,BTG2,CD33,0.0041426932
475,139,BTG2,CCL3,0.0038822868
475,86,BTG2,METTL7A1,0.003399485
475,207,BTG2,BLNK,0.0033884319
475,186,BTG2,IL7R,0.003345537
475,419,BTG2,NCF1,0.0033106678
475,319,BTG2,CD74,0.0032572127
475,63,BTG2,ENG,0.003235516
475,294,BTG2,TINAGL1,0.003216512
475,132,BTG2,OAS2,0.003136869
475,332,BTG2,IPCEF1,0.0031292913
475,267,BTG2,CLEC12A,0.003072018
475,172,BTG2,EPSTI1,0.00297228
257,115,BTLA,LTB,0.034052227
257,323,BTLA,SELPLG,0.03231359
257,224,BTLA,PLSCR4,0.029224943
257,197,BTLA,POLA2,0.027214075
257,556,BTLA,ITGB7,0.027052833
257,198,BTLA,CMAH,0.026257701
257,102,BTLA,FUT8,0.02542784
257,400,BTLA,ANKRD44,0.025264656
257,217,BTLA,MYCT1,0.025237434
257,405,BTLA,GIMAP8,0.025210883
257,455,BTLA,SNAP23,0.024432521
257,182,BTLA,STK17B,0.024012204
257,174,BTLA,PPCDC,0.024009746
257,327,BTLA,PRIM1,0.023983026
257,339,BTLA,KCTD12,0.023841044
257,180,BTLA,RGS2,0.023690855
257,169,BTLA,MCM4,0.023471924
257,210,BTLA,CDKN1C,0.022951394
257,47,BTLA,LONP2,0.022105526
257,354,BTLA,PPP1R15A,0.022051455
257,147,BTLA,ERP29,0.02183157
257,135,BTLA,SLBP,0.021801963
257,525,BTLA,TXNIP,0.02175331
257,409,BTLA,TMEM206,0.021579195
257,219,BTLA,STARD4,0.02093513
257,79,BTLA,MGAT1,0.020935124
257,497,BTLA,ATP8B4,0.020916848
257,441,BTLA,MCM7,0.020659596
257,284,BTLA,ANXA5,0.019745978
257,24,BTLA,DYNLL1,0.0196874
257,119,BTLA,PAG1,0.01934847
257,123,BTLA,PAFAH2,0.01917343
257,293,BTLA,MAML3,0.018577754
257,246,BTLA,KLF6,0.017993998
257,262,BTLA,SSH2,0.017272303
257,214,BTLA,FCHO2,0.016736187
257,260,BTLA,RHOF,0.011518026
257,203,BTLA,CD33,0.0027236275
257,139,BTLA,CCL3,0.0024413443
257,86,BTLA,METTL7A1,0.0022861538
257,207,BTLA,BLNK,0.0022792795
257,186,BTLA,IL7R,0.0022771757
257,172,BTLA,EPSTI1,0.0022269927
257,419,BTLA,NCF1,0.0022269778
257,294,BTLA,TINAGL1,0.002192374
257,63,BTLA,ENG,0.002188516
257,332,BTLA,IPCEF1,0.0021249035
257,417,BTLA,UBA7,0.0021116352
257,267,BTLA,CLEC12A,0.0020999587
257,276,BTLA,H2-Q6,0.0020136426
72,409,C030034L19RIK,TMEM206,0.75207484
72,97,C030034L19RIK,MYC,0.71429557
72,441,C030034L19RIK,MCM7,0.7046144
72,497,C030034L19RIK,ATP8B4,0.70403147
72,400,C030034L19RIK,ANKRD44,0.702372
72,182,C030034L19RIK,STK17B,0.6974014
72,174,C030034L19RIK,PPCDC,0.69700354
72,219,C030034L19RIK,STARD4,0.6968269
72,327,C030034L19RIK,PRIM1,0.6961986
72,262,C030034L19RIK,SSH2,0.6956133
72,123,C030034L19RIK,PAFAH2,0.69452506
72,556,C030034L19RIK,ITGB7,0.69134706
72,119,C030034L19RIK,PAG1,0.6911957
72,169,C030034L19RIK,MCM4,0.68909115
72,47,C030034L19RIK,LONP2,0.6889375
72,354,C030034L19RIK,PPP1R15A,0.68782514
72,24,C030034L19RIK,DYNLL1,0.68579936
72,102,C030034L19RIK,FUT8,0.6846261
72,260,C030034L19RIK,RHOF,0.68407017
72,339,C030034L19RIK,KCTD12,0.68360114
72,525,C030034L19RIK,TXNIP,0.6832614
72,198,C030034L19RIK,CMAH,0.6820603
72,284,C030034L19RIK,ANXA5,0.68063265
72,287,C030034L19RIK,CSF3R,0.6799753
72,217,C030034L19RIK,MYCT1,0.6777093
72,147,C030034L19RIK,ERP29,0.67325574
72,293,C030034L19RIK,MAML3,0.6691954
72,224,C030034L19RIK,PLSCR4,0.66735506
72,214,C030034L19RIK,FCHO2,0.6654371
72,145,C030034L19RIK,SPI1,0.65350395
72,79,C030034L19RIK,MGAT1,0.6532633
72,210,C030034L19RIK,CDKN1C,0.65204453
72,19,C030034L19RIK,UBASH3A,0.6520293
72,323,C030034L19RIK,SELPLG,0.6480545
72,246,C030034L19RIK,KLF6,0.64474005
72,455,C030034L19RIK,SNAP23,0.6413161
72,135,C030034L19RIK,SLBP,0.64022154
72,537,C030034L19RIK,CCNG2,0.63892734
72,404,C030034L19RIK,NHP2,0.6386761
72,283,C030034L19RIK,SAT1,0.63860404
72,555,C030034L19RIK,CKS1B,0.6374101
72,335,C030034L19RIK,SLC22A3,0.6369119
72,225,C030034L19RIK,CDT1,0.6364903
72,228,C030034L19RIK,CCL9,0.63474965
72,552,C030034L19RIK,TLR7,0.63441
72,84,C030034L19RIK,SLC39A6,0.6336137
72,7,C030034L19RIK,AKNA,0.63281107
72,66,C030034L19RIK,CCR7,0.6320571
72,405,C030034L19RIK,GIMAP8,0.6298337
72,396,C030034L19RIK,IFI27,0.62943476
98,97,C130089K02RIK,MYC,0.71429557
98,246,C130089K02RIK,KLF6,0.71076834
98,497,C130089K02RIK,ATP8B4,0.70466125
98,441,C130089K02RIK,MCM7,0.7046144
98,409,C130089K02RIK,TMEM206,0.70056367
98,400,C130089K02RIK,ANKRD44,0.6989498
98,182,C130089K02RIK,STK17B,0.6968352
98,79,C130089K02RIK,MGAT1,0.6968269
98,219,C130089K02RIK,STARD4,0.6968269
98,174,C130089K02RIK,PPCDC,0.6965726
98,123,C130089K02RIK,PAFAH2,0.69452506
98,262,C130089K02RIK,SSH2,0.6944214
98,556,C130089K02RIK,ITGB7,0.69134706
98,119,C130089K02RIK,PAG1,0.6911957
98,405,C130089K02RIK,GIMAP8,0.6907008
98,169,C130089K02RIK,MCM4,0.68909115
98,354,C130089K02RIK,PPP1R15A,0.68898845
98,47,C130089K02RIK,LONP2,0.6889375
98,24,C130089K02RIK,DYNLL1,0.68683684
98,102,C130089K02RIK,FUT8,0.6846261
98,339,C130089K02RIK,KCTD12,0.68360114
98,525,C130089K02RIK,TXNIP,0.68265104
98,284,C130089K02RIK,ANXA5,0.68166316
98,198,C130089K02RIK,CMAH,0.68025756
98,287,C130089K02RIK,CSF3R,0.6799753
98,217,C130089K02RIK,MYCT1,0.6777093
98,260,C130089K02RIK,RHOF,0.6753157
98,147,C130089K02RIK,ERP29,0.6749645
98,293,C130089K02RIK,MAML3,0.6691954
98,224,C130089K02RIK,PLSCR4,0.66721576
98,7,C130089K02RIK,AKNA,0.66705406
98,214,C130089K02RIK,FCHO2,0.6654371
98,375,C130089K02RIK,LAX1,0.659704
98,327,C130089K02RIK,PRIM1,0.653091
98,145,C130089K02RIK,SPI1,0.652831
98,210,C130089K02RIK,CDKN1C,0.65204453
98,19,C130089K02RIK,UBASH3A,0.6520293
98,115,C130089K02RIK,LTB,0.6508146
98,353,C130089K02RIK,RNF13,0.6506647
98,180,C130089K02RIK,RGS2,0.6451739
98,455,C130089K02RIK,SNAP23,0.64132816
98,404,C130089K02RIK,NHP2,0.6390123
98,555,C130089K02RIK,CKS1B,0.6386769
98,283,C130089K02RIK,SAT1,0.63860404
98,225,C130089K02RIK,CDT1,0.6376584
98,335,C130089K02RIK,SLC22A3,0.6367296
98,228,C130089K02RIK,CCL9,0.6349235
98,84,C130089K02RIK,SLC39A6,0.6336137
98,66,C130089K02RIK,CCR7,0.63245136
98,526,C130089K02RIK,SERP1,0.6321951
433,115,C1RL,LTB,0.033044793
433,323,C1RL,SELPLG,0.031445112
433,224,C1RL,PLSCR4,0.028399749
433,260,C1RL,RHOF,0.028360784
433,197,C1RL,POLA2,0.026455868
433,556,C1RL,ITGB7,0.026304498
433,198,C1RL,CMAH,0.025551265
433,102,C1RL,FUT8,0.02471858
433,400,C1RL,ANKRD44,0.024599915
433,217,C1RL,MYCT1,0.024556668
433,405,C1RL,GIMAP8,0.024485948
433,147,C1RL,ERP29,0.023922605
433,455,C1RL,SNAP23,0.02379533
433,174,C1RL,PPCDC,0.023350906
433,182,C1RL,STK17B,0.023350894
433,327,C1RL,PRIM1,0.023309894
433,180,C1RL,RGS2,0.023060622
433,169,C1RL,MCM4,0.022822164
433,210,C1RL,CDKN1C,0.022336788
433,262,C1RL,SSH2,0.02208874
433,47,C1RL,LONP2,0.021494819
433,135,C1RL,SLBP,0.021209693
433,525,C1RL,TXNIP,0.021172721
433,354,C1RL,PPP1R15A,0.021167273
433,409,C1RL,TMEM206,0.020991446
433,219,C1RL,STARD4,0.02036102
433,497,C1RL,ATP8B4,0.02035578
433,441,C1RL,MCM7,0.020097278
433,284,C1RL,ANXA5,0.019218236
433,24,C1RL,DYNLL1,0.019148936
433,119,C1RL,PAG1,0.018829182
433,123,C1RL,PAFAH2,0.018655036
433,293,C1RL,MAML3,0.018093698
433,246,C1RL,KLF6,0.01753977
433,339,C1RL,KCTD12,0.016547456
433,214,C1RL,FCHO2,0.016543647
433,79,C1RL,MGAT1,0.01474417
433,139,C1RL,CCL3,0.0025130576
433,86,C1RL,METTL7A1,0.0022493256
433,207,C1RL,BLNK,0.0022471084
433,186,C1RL,IL7R,0.0022183468
433,419,C1RL,NCF1,0.0022040913
433,319,C1RL,CD74,0.0021771062
433,63,C1RL,ENG,0.0021611843
433,294,C1RL,TINAGL1,0.002143743
433,132,C1RL,OAS2,0.0021021082
433,267,C1RL,CLEC12A,0.0020610862
433,172,C1RL,EPSTI1,0.0020085874
433,276,C1RL,H2-Q6,0.0019861318
433,417,C1RL,UBA7,0.0019851218
313,97,C230085N15RIK,MYC,0.7151922
313,246,C230085N15RIK,KLF6,0.7111208
313,497,C230085N15RIK,ATP8B4,0.7056249
313,135,C230085N15RIK,SLBP,0.70344883
313,409,C230085N15RIK,TMEM206,0.70115954
313,400,C230085N15RIK,ANKRD44,0.6995367
313,174,C230085N15RIK,PPCDC,0.69742846
313,182,C230085N15RIK,STK17B,0.69742846
313,79,C230085N15RIK,MGAT1,0.6974269
313,219,C230085N15RIK,STARD4,0.6974269
313,327,C230085N15RIK,PRIM1,0.6967917
313,262,C230085N15RIK,SSH2,0.6960605
313,123,C230085N15RIK,PAFAH2,0.6951328
313,556,C230085N15RIK,ITGB7,0.6919378
313,405,C230085N15RIK,GIMAP8,0.6912972
313,169,C230085N15RIK,MCM4,0.68969274
313,354,C230085N15RIK,PPP1R15A,0.6895945
313,47,C230085N15RIK,LONP2,0.6895418
313,102,C230085N15RIK,FUT8,0.6852273
313,339,C230085N15RIK,KCTD12,0.6842057
313,525,C230085N15RIK,TXNIP,0.68326116
313,284,C230085N15RIK,ANXA5,0.68228775
313,198,C230085N15RIK,CMAH,0.68142354
313,217,C230085N15RIK,MYCT1,0.6783143
313,260,C230085N15RIK,RHOF,0.67697847
313,404,C230085N15RIK,NHP2,0.67440987
313,147,C230085N15RIK,ERP29,0.6738717
313,293,C230085N15RIK,MAML3,0.6695002
313,224,C230085N15RIK,PLSCR4,0.66796255
313,139,C230085N15RIK,CCL3,0.6666577
313,214,C230085N15RIK,FCHO2,0.6660834
313,441,C230085N15RIK,MCM7,0.6532346
313,19,C230085N15RIK,UBASH3A,0.6529383
313,210,C230085N15RIK,CDKN1C,0.65268326
313,115,C230085N15RIK,LTB,0.65142506
313,323,C230085N15RIK,SELPLG,0.6488537
313,180,C230085N15RIK,RGS2,0.6457746
313,24,C230085N15RIK,DYNLL1,0.64528775
313,455,C230085N15RIK,SNAP23,0.64190626
313,283,C230085N15RIK,SAT1,0.63937396
313,225,C230085N15RIK,CDT1,0.6385235
313,335,C230085N15RIK,SLC22A3,0.63768595
313,119,C230085N15RIK,PAG1,0.6371716
313,228,C230085N15RIK,CCL9,0.63570213
313,84,C230085N15RIK,SLC39A6,0.6344883
313,7,C230085N15RIK,AKNA,0.633685
313,526,C230085N15RIK,SERP1,0.6329617
313,66,C230085N15RIK,CCR7,0.6329197
313,552,C230085N15RIK,TLR7,0.6329197
313,396,C230085N15RIK,IFI27,0.63030833
296,115,CADPS2,LTB,0.0046492326
296,260,CADPS2,RHOF,0.004279194
296,224,CADPS2,PLSCR4,0.0042466554
296,556,CADPS2,ITGB7,0.004097901
296,197,CADPS2,POLA2,0.0040925355
296,198,CADPS2,CMAH,0.0040151128
296,400,CADPS2,ANKRD44,0.0039329985
296,102,CADPS2,FUT8,0.0039319284
296,217,CADPS2,MYCT1,0.003924633
296,405,CADPS2,GIMAP8,0.0039052276
296,147,CADPS2,ERP29,0.0038201676
296,327,CADPS2,PRIM1,0.003807235
296,182,CADPS2,STK17B,0.0037983619
296,174,CADPS2,PPCDC,0.0037975647
296,262,CADPS2,SSH2,0.0037666108
296,455,CADPS2,SNAP23,0.0037619094
296,169,CADPS2,MCM4,0.0037466625
296,180,CADPS2,RGS2,0.0036919198
296,210,CADPS2,CDKN1C,0.0036357536
296,47,CADPS2,LONP2,0.00360621
296,135,CADPS2,SLBP,0.003592131
296,354,CADPS2,PPP1R15A,0.0035829537
296,525,CADPS2,TXNIP,0.0035762256
296,409,CADPS2,TMEM206,0.003558865
296,79,CADPS2,MGAT1,0.0035096484
296,219,CADPS2,STARD4,0.0035096484
296,497,CADPS2,ATP8B4,0.0035037664
296,441,CADPS2,MCM7,0.003473393
296,24,CADPS2,DYNLL1,0.0034056748
296,284,CADPS2,ANXA5,0.0033657646
296,119,CADPS2,PAG1,0.003337481
296,123,CADPS2,PAFAH2,0.0033211554
296,339,CADPS2,KCTD12,0.0032558227
296,323,CADPS2,SELPLG,0.0032541738
296,293,CADPS2,MAML3,0.0032439015
296,246,CADPS2,KLF6,0.003228881
296,214,CADPS2,FCHO2,0.0030415808
296,203,CADPS2,CD33,0.001183566
296,139,CADPS2,CCL3,0.001134209
296,207,CADPS2,BLNK,0.0011000277
296,86,CADPS2,METTL7A1,0.0010927187
296,419,CADPS2,NCF1,0.001085906
296,186,CADPS2,IL7R,0.0010852851
296,319,CADPS2,CD74,0.0010849165
296,63,CADPS2,ENG,0.001076734
296,294,CADPS2,TINAGL1,0.0010616569
296,417,CADPS2,UBA7,0.0010583572
296,332,CADPS2,IPCEF1,0.0010576819
296,132,CADPS2,OAS2,0.0010572785
296,267,CADPS2,CLEC12A,0.0010555544
465,115,CAMK1D,LTB,0.046124615
465,224,CAMK1D,PLSCR4,0.03987948
465,260,CAMK1D,RHOF,0.039754577
465,197,CAMK1D,POLA2,0.037186578
465,556,CAMK1D,ITGB7,0.03692952
465,198,CAMK1D,CMAH,0.035887837
465,102,CAMK1D,FUT8,0.03476426
465,400,CAMK1D,ANKRD44,0.034549925
465,217,CAMK1D,MYCT1,0.034517676
465,405,CAMK1D,GIMAP8,0.03446787
465,455,CAMK1D,SNAP23,0.03352879
465,174,CAMK1D,PPCDC,0.032837175
465,182,CAMK1D,STK17B,0.03283716
465,327,CAMK1D,PRIM1,0.032778673
465,339,CAMK1D,KCTD12,0.03264276
465,180,CAMK1D,RGS2,0.032550335
465,210,CAMK1D,CDKN1C,0.03150293
465,262,CAMK1D,SSH2,0.03108939
465,47,CAMK1D,LONP2,0.030504147
465,354,CAMK1D,PPP1R15A,0.029852647
465,135,CAMK1D,SLBP,0.02981104
465,525,CAMK1D,TXNIP,0.029664524
465,409,CAMK1D,TMEM206,0.029548217
465,79,CAMK1D,MGAT1,0.028672045
465,441,CAMK1D,MCM7,0.028301692
465,284,CAMK1D,ANXA5,0.027102256
465,24,CAMK1D,DYNLL1,0.026992183
465,123,CAMK1D,PAFAH2,0.026294624
465,246,CAMK1D,KLF6,0.024696553
465,214,CAMK1D,FCHO2,0.023036942
465,169,CAMK1D,MCM4,0.022466382
465,219,CAMK1D,STARD4,0.020421848
465,323,CAMK1D,SELPLG,0.019730335
465,497,CAMK1D,ATP8B4,0.018632183
465,147,CAMK1D,ERP29,0.01530703
465,293,CAMK1D,MAML3,0.011861462
465,119,CAMK1D,PAG1,0.005800984
465,203,CAMK1D,CD33,0.0034531164
465,139,CAMK1D,CCL3,0.0032510648
465,186,CAMK1D,IL7R,0.002834161
465,419,CAMK1D,NCF1,0.0028293678
465,319,CAMK1D,CD74,0.0027826617
465,63,CAMK1D,ENG,0.002765471
465,294,CAMK1D,TINAGL1,0.0027367545
465,132,CAMK1D,OAS2,0.0026865297
465,332,CAMK1D,IPCEF1,0.002678745
465,417,CAMK1D,UBA7,0.0026464588
465,267,CAMK1D,CLEC12A,0.0026272035
465,172,CAMK1D,EPSTI1,0.0025488457
465,276,CAMK1D,H2-Q6,0.0025120035
226,115,CAPG,LTB,0.038171824
226,323,CAPG,SELPLG,0.03634894
226,224,CAPG,PLSCR4,0.032868758
226,260,CAPG,RHOF,0.032800615
226,197,CAPG,POLA2,0.030631142
226,556,CAPG,ITGB7,0.030438468
226,198,CAPG,CMAH,0.029565465
226,400,CAPG,ANKRD44,0.028848274
226,102,CAPG,FUT8,0.02862842
226,217,CAPG,MYCT1,0.02843544
226,405,CAPG,GIMAP8,0.028408546
226,339,CAPG,KCTD12,0.028334737
226,147,CAPG,ERP29,0.027704949
226,455,CAPG,SNAP23,0.027632225
226,182,CAPG,STK17B,0.027038923
226,180,CAPG,RGS2,0.026749885
226,169,CAPG,MCM4,0.026438061
226,262,CAPG,SSH2,0.025587859
226,47,CAPG,LONP2,0.024927074
226,354,CAPG,PPP1R15A,0.024561787
226,525,CAPG,TXNIP,0.024536459
226,409,CAPG,TMEM206,0.024317056
226,219,CAPG,STARD4,0.02359311
226,79,CAPG,MGAT1,0.023593094
226,497,CAPG,ATP8B4,0.023576451
226,119,CAPG,PAG1,0.022343528
226,24,CAPG,DYNLL1,0.022201607
226,123,CAPG,PAFAH2,0.021625536
226,293,CAPG,MAML3,0.020976683
226,135,CAPG,SLBP,0.020672066
226,246,CAPG,KLF6,0.020323152
226,174,CAPG,PPCDC,0.019041056
226,284,CAPG,ANXA5,0.019020038
226,214,CAPG,FCHO2,0.018942364
226,210,CAPG,CDKN1C,0.017632408
226,327,CAPG,PRIM1,0.011936121
226,441,CAPG,MCM7,0.010821475
226,203,CAPG,CD33,0.0029726108
226,139,CAPG,CCL3,0.002856996
226,86,CAPG,METTL7A1,0.002499425
226,207,CAPG,BLNK,0.002496969
226,186,CAPG,IL7R,0.0024605456
226,419,CAPG,NCF1,0.0024534597
226,319,CAPG,CD74,0.0024182769
226,294,CAPG,TINAGL1,0.0023770742
226,132,CAPG,OAS2,0.00233382
226,332,CAPG,IPCEF1,0.002328221
226,417,CAPG,UBA7,0.0023047293
226,267,CAPG,CLEC12A,0.0022888537
226,172,CAPG,EPSTI1,0.002222782
498,115,CASP12,LTB,0.03157616
498,323,CASP12,SELPLG,0.02997343
498,224,CASP12,PLSCR4,0.02704264
498,260,CASP12,RHOF,0.0270184
498,197,CASP12,POLA2,0.025150798
498,556,CASP12,ITGB7,0.025045259
498,102,CASP12,FUT8,0.02351463
498,217,CASP12,MYCT1,0.023360325
498,405,CASP12,GIMAP8,0.023324512
498,147,CASP12,ERP29,0.02275237
498,455,CASP12,SNAP23,0.022609245
498,198,CASP12,CMAH,0.022381922
498,174,CASP12,PPCDC,0.022209976
498,182,CASP12,STK17B,0.022209976
498,327,CASP12,PRIM1,0.022144182
498,339,CASP12,KCTD12,0.022068305
498,180,CASP12,RGS2,0.02190252
498,169,CASP12,MCM4,0.021697793
498,262,CASP12,SSH2,0.020996897
498,47,CASP12,LONP2,0.020445403
498,135,CASP12,SLBP,0.020176252
498,354,CASP12,PPP1R15A,0.020136798
498,525,CASP12,TXNIP,0.02011337
498,409,CASP12,TMEM206,0.019947894
498,219,CASP12,STARD4,0.01957244
498,79,CASP12,MGAT1,0.019358596
498,497,CASP12,ATP8B4,0.01934287
498,441,CASP12,MCM7,0.019092148
498,284,CASP12,ANXA5,0.018237336
498,24,CASP12,DYNLL1,0.018176336
498,119,CASP12,PAG1,0.01787057
498,123,CASP12,PAFAH2,0.017705861
498,293,CASP12,MAML3,0.01713959
498,246,CASP12,KLF6,0.016645376
498,214,CASP12,FCHO2,0.015449097
498,210,CASP12,CDKN1C,0.01474593
498,400,CASP12,ANKRD44,0.009746721
498,203,CASP12,CD33,0.0025394522
498,139,CASP12,CCL3,0.0023976453
498,86,CASP12,METTL7A1,0.0021452438
498,207,CASP12,BLNK,0.0021429933
498,186,CASP12,IL7R,0.0021216725
498,419,CASP12,NCF1,0.0021005005
498,319,CASP12,CD74,0.0020757094
498,63,CASP12,ENG,0.0020604783
498,332,CASP12,IPCEF1,0.001998475
498,417,CASP12,UBA7,0.0019840195
498,267,CASP12,CLEC12A,0.0019724802
498,172,CASP12,EPSTI1,0.0019165794
498,276,CASP12,H2-Q6,0.0018940414
439,115,CAV2,LTB,0.03296602
439,323,CAV2,SELPLG,0.031393092
439,224,CAV2,PLSCR4,0.028349884
439,260,CAV2,RHOF,0.02831927
439,197,CAV2,POLA2,0.026422586
439,556,CAV2,ITGB7,0.026401578
439,198,CAV2,CMAH,0.02552946
439,400,CAV2,ANKRD44,0.02470766
439,102,CAV2,FUT8,0.02470133
439,405,CAV2,GIMAP8,0.024624482
439,217,CAV2,MYCT1,0.02455548
439,455,CAV2,SNAP23,0.023948232
439,147,CAV2,ERP29,0.023942498
439,174,CAV2,PPCDC,0.023346962
439,182,CAV2,STK17B,0.023346953
439,327,CAV2,PRIM1,0.023302982
439,180,CAV2,RGS2,0.02308857
439,169,CAV2,MCM4,0.022824343
439,210,CAV2,CDKN1C,0.022369646
439,262,CAV2,SSH2,0.022096822
439,47,CAV2,LONP2,0.021523232
439,135,CAV2,SLBP,0.021230016
439,525,CAV2,TXNIP,0.021206317
439,354,CAV2,PPP1R15A,0.021189688
439,409,CAV2,TMEM206,0.021118883
439,497,CAV2,ATP8B4,0.020489704
439,219,CAV2,STARD4,0.020387111
439,441,CAV2,MCM7,0.020221079
439,284,CAV2,ANXA5,0.019269641
439,24,CAV2,DYNLL1,0.019189836
439,119,CAV2,PAG1,0.018876366
439,123,CAV2,PAFAH2,0.01870093
439,293,CAV2,MAML3,0.018156923
439,246,CAV2,KLF6,0.01759359
439,339,CAV2,KCTD12,0.016573371
439,214,CAV2,FCHO2,0.016528673
439,79,CAV2,MGAT1,0.014672491
439,139,CAV2,CCL3,0.0026002775
439,86,CAV2,METTL7A1,0.0023268058
439,207,CAV2,BLNK,0.0023238345
439,186,CAV2,IL7R,0.002287983
439,319,CAV2,CD74,0.0022538516
439,419,CAV2,NCF1,0.0022520293
439,63,CAV2,ENG,0.0022401367
439,294,CAV2,TINAGL1,0.0022175193
439,132,CAV2,OAS2,0.0021817582
439,417,CAV2,UBA7,0.002156921
439,267,CAV2,CLEC12A,0.0021381003
439,172,CAV2,EPSTI1,0.0020770638
439,276,CAV2,H2-Q6,0.0020544895
253,174,CBFB,PPCDC,0.8846589
253,97,CBFB,MYC,0.8425306
253,217,CBFB,MYCT1,0.8308442
253,145,CBFB,SPI1,0.8255345
253,246,CBFB,KLF6,0.8246943
253,287,CBFB,CSF3R,0.8193004
253,441,CBFB,MCM7,0.8191103
253,497,CBFB,ATP8B4,0.8184711
253,135,CBFB,SLBP,0.8168278
253,409,CBFB,TMEM206,0.8157199
253,79,CBFB,MGAT1,0.8135957
253,219,CBFB,STARD4,0.8135957
253,123,CBFB,PAFAH2,0.813563
253,400,CBFB,ANKRD44,0.81174713
253,262,CBFB,SSH2,0.8116353
253,182,CBFB,STK17B,0.81151044
253,327,CBFB,PRIM1,0.8113421
253,119,CBFB,PAG1,0.81068975
253,343,CBFB,JPT1,0.80878687
253,169,CBFB,MCM4,0.8068338
253,405,CBFB,GIMAP8,0.80679643
253,354,CBFB,PPP1R15A,0.80665034
253,47,CBFB,LONP2,0.8065792
253,556,CBFB,ITGB7,0.80556965
253,19,CBFB,UBASH3A,0.8039034
253,284,CBFB,ANXA5,0.8034347
253,102,CBFB,FUT8,0.8026224
253,525,CBFB,TXNIP,0.8021752
253,339,CBFB,KCTD12,0.80131155
253,404,CBFB,NHP2,0.8007112
253,283,CBFB,SAT1,0.8000969
253,225,CBFB,CDT1,0.7996885
253,555,CBFB,CKS1B,0.7987476
253,84,CBFB,SLC39A6,0.798699
253,198,CBFB,CMAH,0.79866797
253,7,CBFB,AKNA,0.79823595
253,335,CBFB,SLC22A3,0.79743737
253,228,CBFB,CCL9,0.79704237
253,293,CBFB,MAML3,0.7964057
253,66,CBFB,CCR7,0.79605216
253,552,CBFB,TLR7,0.79605216
253,549,CBFB,SLC26A11,0.7956299
253,509,CBFB,NEURL3,0.79525054
253,186,CBFB,IL7R,0.79477465
253,466,CBFB,ZFP367,0.79459345
253,488,CBFB,RNF38,0.7940231
253,214,CBFB,FCHO2,0.7938368
253,133,CBFB,CDK19,0.793628
253,318,CBFB,RANBP1,0.79343027
253,147,CBFB,ERP29,0.7932852
74,174,CBX7,PPCDC,0.47814268
74,556,CBX7,ITGB7,0.47695082
74,224,CBX7,PLSCR4,0.47671077
74,197,CBX7,POLA2,0.4766569
74,102,CBX7,FUT8,0.47651315
74,327,CBX7,PRIM1,0.4765075
74,400,CBX7,ANKRD44,0.47644764
74,198,CBX7,CMAH,0.4763866
74,260,CBX7,RHOF,0.47624737
74,182,CBX7,STK17B,0.476129
74,169,CBX7,MCM4,0.4760564
74,115,CBX7,LTB,0.4759844
74,262,CBX7,SSH2,0.47594616
74,79,CBX7,MGAT1,0.47553498
74,219,CBX7,STARD4,0.47553498
74,217,CBX7,MYCT1,0.475491
74,135,CBX7,SLBP,0.4753796
74,409,CBX7,TMEM206,0.4753501
74,354,CBX7,PPP1R15A,0.47533512
74,441,CBX7,MCM7,0.47519895
74,24,CBX7,DYNLL1,0.475133
74,323,CBX7,SELPLG,0.4751048
74,497,CBX7,ATP8B4,0.47490093
74,339,CBX7,KCTD12,0.47466874
74,123,CBX7,PAFAH2,0.4746512
74,47,CBX7,LONP2,0.47453976
74,119,CBX7,PAG1,0.4744325
74,246,CBX7,KLF6,0.4743678
74,525,CBX7,TXNIP,0.47432584
74,210,CBX7,CDKN1C,0.47408962
74,180,CBX7,RGS2,0.47405544
74,147,CBX7,ERP29,0.47396672
74,284,CBX7,ANXA5,0.4739078
74,293,CBX7,MAML3,0.47364172
74,455,CBX7,SNAP23,0.47342744
74,214,CBX7,FCHO2,0.47173348
74,405,CBX7,GIMAP8,0.4546051
74,408,CBX7,IKZF1,0.4438585
74,203,CBX7,CD33,0.43625847
74,186,CBX7,IL7R,0.43465984
74,97,CBX7,MYC,0.43361947
74,243,CBX7,VAMP1,0.43261057
74,19,CBX7,UBASH3A,0.4326076
74,526,CBX7,SERP1,0.43238795
74,139,CBX7,CCL3,0.4323366
74,294,CBX7,TINAGL1,0.43208215
74,86,CBX7,METTL7A1,0.43204802
74,207,CBX7,BLNK,0.43203685
74,267,CBX7,CLEC12A,0.43182254
74,417,CBX7,UBA7,0.43152842
502,115,CCDC112,LTB,0.02382775
502,323,CCDC112,SELPLG,0.022681562
502,260,CCDC112,RHOF,0.020464687
502,224,CCDC112,PLSCR4,0.020455629
502,197,CCDC112,POLA2,0.01905178
502,556,CCDC112,ITGB7,0.018979928
502,102,CCDC112,FUT8,0.017840473
502,217,CCDC112,MYCT1,0.017748075
502,405,CCDC112,GIMAP8,0.017703664
502,147,CCDC112,ERP29,0.017314669
502,455,CCDC112,SNAP23,0.017204527
502,198,CCDC112,CMAH,0.016988814
502,174,CCDC112,PPCDC,0.016881753
502,182,CCDC112,STK17B,0.016881745
502,327,CCDC112,PRIM1,0.016828813
502,339,CCDC112,KCTD12,0.01679581
502,180,CCDC112,RGS2,0.016666016
502,169,CCDC112,MCM4,0.016498353
502,262,CCDC112,SSH2,0.015981408
502,47,CCDC112,LONP2,0.015575836
502,135,CCDC112,SLBP,0.0153726
502,354,CCDC112,PPP1R15A,0.015349406
502,525,CCDC112,TXNIP,0.015347078
502,409,CCDC112,TMEM206,0.015211184
502,219,CCDC112,STARD4,0.014929768
502,497,CCDC112,ATP8B4,0.014772598
502,79,CCDC112,MGAT1,0.014759411
502,441,CCDC112,MCM7,0.014578913
502,284,CCDC112,ANXA5,0.013953459
502,24,CCDC112,DYNLL1,0.013884629
502,119,CCDC112,PAG1,0.01367608
502,123,CCDC112,PAFAH2,0.013551054
502,293,CCDC112,MAML3,0.013135876
502,246,CCDC112,KLF6,0.012772829
502,214,CCDC112,FCHO2,0.01176545
502,210,CCDC112,CDKN1C,0.010756142
502,400,CCDC112,ANKRD44,0.0075724986
502,203,CCDC112,CD33,0.0022466413
502,139,CCDC112,CCL3,0.0021341424
502,207,CCDC112,BLNK,0.0019342942
502,86,CCDC112,METTL7A1,0.0019333463
502,186,CCDC112,IL7R,0.0019054653
502,419,CCDC112,NCF1,0.0019049313
502,319,CCDC112,CD74,0.0018817497
502,63,CCDC112,ENG,0.0018676274
502,132,CCDC112,OAS2,0.0018221897
502,332,CCDC112,IPCEF1,0.0018174059
502,417,CCDC112,UBA7,0.0018028968
502,267,CCDC112,CLEC12A,0.0017934581
502,172,CCDC112,EPSTI1,0.0017459573
139,115,CCL3,LTB,0.04773079
139,323,CCL3,SELPLG,0.045458112
139,224,CCL3,PLSCR4,0.041217472
139,260,CCL3,RHOF,0.04106494
139,197,CCL3,POLA2,0.0384244
139,556,CCL3,ITGB7,0.038154434
139,198,CCL3,CMAH,0.037068345
139,102,CCL3,FUT8,0.035902303
139,400,CCL3,ANKRD44,0.03567111
139,217,CCL3,MYCT1,0.035614878
139,405,CCL3,GIMAP8,0.03558912
139,147,CCL3,ERP29,0.03466982
139,455,CCL3,SNAP23,0.034551986
139,174,CCL3,PPCDC,0.0338907
139,182,CCL3,STK17B,0.033890672
139,327,CCL3,PRIM1,0.03383475
139,339,CCL3,KCTD12,0.033573
139,180,CCL3,RGS2,0.033520047
139,169,CCL3,MCM4,0.03310447
139,210,CCL3,CDKN1C,0.03246683
139,262,CCL3,SSH2,0.032072954
139,47,CCL3,LONP2,0.031212045
139,354,CCL3,PPP1R15A,0.030773196
139,135,CCL3,SLBP,0.030758046
139,525,CCL3,TXNIP,0.03071992
139,219,CCL3,STARD4,0.02988059
139,79,CCL3,MGAT1,0.029549194
139,441,CCL3,MCM7,0.029156027
139,284,CCL3,ANXA5,0.027898667
139,24,CCL3,DYNLL1,0.027794309
139,119,CCL3,PAG1,0.027320748
139,123,CCL3,PAFAH2,0.027067136
139,293,CCL3,MAML3,0.026257362
139,246,CCL3,KLF6,0.025406733
139,214,CCL3,FCHO2,0.02364576
139,497,CCL3,ATP8B4,0.019214947
139,409,CCL3,TMEM206,0.01278134
139,203,CCL3,CD33,0.0033995158
139,86,CCL3,METTL7A1,0.0029600298
139,207,CCL3,BLNK,0.0028139986
139,186,CCL3,IL7R,0.00277895
139,419,CCL3,NCF1,0.0027561435
139,319,CCL3,CD74,0.002715564
139,63,CCL3,ENG,0.0026964007
139,132,CCL3,OAS2,0.0026164737
139,332,CCL3,IPCEF1,0.0026121244
139,417,CCL3,UBA7,0.002582918
139,267,CCL3,CLEC12A,0.0025663697
139,276,CCL3,H2-Q6,0.0024545302
139,325,CCL3,EBI3,0.0024349797
228,115,CCL9,LTB,0.036582336
228,323,CCL9,SELPLG,0.03485022
228,260,CCL9,RHOF,0.03146889
228,197,CCL9,POLA2,0.02939459
228,556,CCL9,ITGB7,0.029208522
228,198,CCL9,CMAH,0.028385751
228,400,CCL9,ANKRD44,0.02734309
228,217,CCL9,MYCT1,0.027327439
228,147,CCL9,ERP29,0.026642086
228,455,CCL9,SNAP23,0.026545921
228,174,CCL9,PPCDC,0.02598296
228,182,CCL9,STK17B,0.02598294
228,327,CCL9,PRIM1,0.025938135
228,339,CCL9,KCTD12,0.02584909
228,180,CCL9,RGS2,0.025734214
228,169,CCL9,MCM4,0.025415292
228,210,CCL9,CDKN1C,0.024935408
228,262,CCL9,SSH2,0.024606299
228,47,CCL9,LONP2,0.023992613
228,135,CCL9,SLBP,0.023638777
228,354,CCL9,PPP1R15A,0.023638729
228,525,CCL9,TXNIP,0.023627697
228,409,CCL9,TMEM206,0.023401247
228,219,CCL9,STARD4,0.022874722
228,497,CCL9,ATP8B4,0.022719175
228,79,CCL9,MGAT1,0.022716094
228,441,CCL9,MCM7,0.022398513
228,284,CCL9,ANXA5,0.021486111
228,24,CCL9,DYNLL1,0.021401081
228,119,CCL9,PAG1,0.021045558
228,123,CCL9,PAFAH2,0.020850176
228,405,CCL9,GIMAP8,0.02059583
228,293,CCL9,MAML3,0.020248324
228,246,CCL9,KLF6,0.019611683
228,102,CCL9,FUT8,0.019585285
228,214,CCL9,FCHO2,0.01822831
228,224,CCL9,PLSCR4,0.013645548
228,203,CCL9,CD33,0.0030261672
228,139,CCL9,CCL3,0.0028653091
228,207,CCL9,BLNK,0.002740508
228,86,CCL9,METTL7A1,0.00255568
228,419,CCL9,NCF1,0.0025157544
228,186,CCL9,IL7R,0.002510668
228,319,CCL9,CD74,0.0024740372
228,63,CCL9,ENG,0.0024603724
228,294,CCL9,TINAGL1,0.002425429
228,132,CCL9,OAS2,0.0023933083
228,332,CCL9,IPCEF1,0.0023860626
228,417,CCL9,UBA7,0.0023565332
228,172,CCL9,EPSTI1,0.0022740297
537,323,CCNG2,SELPLG,0.03840608
537,115,CCNG2,LTB,0.03544217
537,260,CCNG2,RHOF,0.03467406
537,197,CCNG2,POLA2,0.032429524
537,556,CCNG2,ITGB7,0.0321891
537,198,CCNG2,CMAH,0.031272933
537,102,CCNG2,FUT8,0.030290337
537,400,CCNG2,ANKRD44,0.030118426
537,217,CCNG2,MYCT1,0.030092077
537,405,CCNG2,GIMAP8,0.030034624
537,147,CCNG2,ERP29,0.029328613
537,455,CCNG2,SNAP23,0.02923913
537,174,CCNG2,PPCDC,0.028616488
537,182,CCNG2,STK17B,0.028616475
537,327,CCNG2,PRIM1,0.028566524
537,180,CCNG2,RGS2,0.028332256
537,169,CCNG2,MCM4,0.027987985
537,210,CCNG2,CDKN1C,0.027446205
537,262,CCNG2,SSH2,0.027091345
537,47,CCNG2,LONP2,0.026399892
537,354,CCNG2,PPP1R15A,0.02601514
537,135,CCNG2,SLBP,0.02601094
537,525,CCNG2,TXNIP,0.025992513
537,409,CCNG2,TMEM206,0.025752824
537,219,CCNG2,STARD4,0.024991326
537,497,CCNG2,ATP8B4,0.024971198
537,441,CCNG2,MCM7,0.024855277
537,284,CCNG2,ANXA5,0.023622999
537,24,CCNG2,DYNLL1,0.023529926
537,119,CCNG2,PAG1,0.023137292
537,293,CCNG2,MAML3,0.02224945
537,214,CCNG2,FCHO2,0.020093184
537,123,CCNG2,PAFAH2,0.01935394
537,79,CCNG2,MGAT1,0.01751764
537,339,CCNG2,KCTD12,0.017195748
537,224,CCNG2,PLSCR4,0.0133091705
537,246,CCNG2,KLF6,0.010066101
537,139,CCNG2,CCL3,0.0029836146
537,203,CCNG2,CD33,0.0029809263
537,419,CCNG2,NCF1,0.0028057778
537,86,CCNG2,METTL7A1,0.0026519266
537,207,CCNG2,BLNK,0.0026470076
537,186,CCNG2,IL7R,0.0026065907
537,319,CCNG2,CD74,0.0025623024
537,63,CCNG2,ENG,0.0025469628
537,294,CCNG2,TINAGL1,0.0025202443
537,132,CCNG2,OAS2,0.0024763024
537,332,CCNG2,IPCEF1,0.0024691597
537,267,CCNG2,CLEC12A,0.0024231547
537,172,CCNG2,EPSTI1,0.0023521562
66,323,CCR7,SELPLG,0.034979887
66,260,CCR7,RHOF,0.03233662
66,224,CCR7,PLSCR4,0.031647485
66,556,CCR7,ITGB7,0.029289799
66,198,CCR7,CMAH,0.028793652
66,400,CCR7,ANKRD44,0.027707407
66,102,CCR7,FUT8,0.027533744
66,217,CCR7,MYCT1,0.027319508
66,147,CCR7,ERP29,0.026583364
66,455,CCR7,SNAP23,0.026451467
66,180,CCR7,RGS2,0.026402563
66,182,CCR7,STK17B,0.026033372
66,174,CCR7,PPCDC,0.026013454
66,327,CCR7,PRIM1,0.025953235
66,339,CCR7,KCTD12,0.025804741
66,169,CCR7,MCM4,0.025409754
66,262,CCR7,SSH2,0.025034154
66,210,CCR7,CDKN1C,0.024849309
66,47,CCR7,LONP2,0.023922293
66,525,CCR7,TXNIP,0.023577375
66,354,CCR7,PPP1R15A,0.023520287
66,219,CCR7,STARD4,0.022653084
66,497,CCR7,ATP8B4,0.022567607
66,441,CCR7,MCM7,0.022353003
66,115,CCR7,LTB,0.022290405
66,284,CCR7,ANXA5,0.021253418
66,24,CCR7,DYNLL1,0.021186078
66,119,CCR7,PAG1,0.020932304
66,123,CCR7,PAFAH2,0.020741992
66,293,CCR7,MAML3,0.020098945
66,79,CCR7,MGAT1,0.019172326
66,197,CCR7,POLA2,0.018546816
66,135,CCR7,SLBP,0.01810824
66,214,CCR7,FCHO2,0.018096142
66,405,CCR7,GIMAP8,0.017047945
66,246,CCR7,KLF6,0.011656702
66,203,CCR7,CD33,0.0028381527
66,139,CCR7,CCL3,0.002668464
66,409,CCR7,TMEM206,0.0025997655
66,86,CCR7,METTL7A1,0.0023769927
66,207,CCR7,BLNK,0.002372508
66,419,CCR7,NCF1,0.002315287
66,294,CCR7,TINAGL1,0.0022740448
66,63,CCR7,ENG,0.002273559
66,276,CCR7,H2-Q6,0.002237456
66,132,CCR7,OAS2,0.002209053
66,332,CCR7,IPCEF1,0.0022062305
66,417,CCR7,UBA7,0.0021877654
66,267,CCR7,CLEC12A,0.0021766329
66,172,CCR7,EPSTI1,0.0021142825
344,115,CCT2,LTB,0.03730479
344,224,CCT2,PLSCR4,0.032129794
344,260,CCT2,RHOF,0.032070976
344,197,CCT2,POLA2,0.029951664
344,556,CCT2,ITGB7,0.029763103
344,102,CCT2,FUT8,0.02899095
344,198,CCT2,CMAH,0.028910922
344,400,CCT2,ANKRD44,0.02785
344,217,CCT2,MYCT1,0.027824959
344,405,CCT2,GIMAP8,0.027766401
344,327,CCT2,PRIM1,0.027136236
344,147,CCT2,ERP29,0.027121242
344,455,CCT2,SNAP23,0.027012309
344,182,CCT2,STK17B,0.026456831
344,174,CCT2,PPCDC,0.026456818
344,339,CCT2,KCTD12,0.026311077
344,180,CCT2,RGS2,0.026185106
344,169,CCT2,MCM4,0.025873138
344,210,CCT2,CDKN1C,0.025368052
344,262,CCT2,SSH2,0.02504532
344,47,CCT2,LONP2,0.0244103
344,135,CCT2,SLBP,0.024052221
344,354,CCT2,PPP1R15A,0.02405048
344,525,CCT2,TXNIP,0.02403312
344,219,CCT2,STARD4,0.023106463
344,79,CCT2,MGAT1,0.023106452
344,497,CCT2,ATP8B4,0.023092851
344,441,CCT2,MCM7,0.022803525
344,284,CCT2,ANXA5,0.021840375
344,119,CCT2,PAG1,0.021445276
344,123,CCT2,PAFAH2,0.021193732
344,293,CCT2,MAML3,0.0205694
344,246,CCT2,KLF6,0.019926222
344,214,CCT2,FCHO2,0.018582063
344,24,CCT2,DYNLL1,0.018552156
344,323,CCT2,SELPLG,0.01404197
344,409,CCT2,TMEM206,0.010233087
344,203,CCT2,CD33,0.0029952244
344,139,CCT2,CCL3,0.0028328528
344,86,CCT2,METTL7A1,0.0025235538
344,207,CCT2,BLNK,0.0025189142
344,186,CCT2,IL7R,0.0024799695
344,419,CCT2,NCF1,0.0024790342
344,132,CCT2,OAS2,0.0024685443
344,319,CCT2,CD74,0.002437521
344,63,CCT2,ENG,0.0024261442
344,294,CCT2,TINAGL1,0.0023972404
344,332,CCT2,IPCEF1,0.0023693836
344,417,CCT2,UBA7,0.0023262901
344,267,CCT2,CLEC12A,0.0023097731
163,115,CD244A,LTB,0.027930211
163,323,CD244A,SELPLG,0.026589466
163,260,CD244A,RHOF,0.023996843
163,102,CD244A,FUT8,0.02119135
163,400,CD244A,ANKRD44,0.020857118
163,217,CD244A,MYCT1,0.020820778
163,405,CD244A,GIMAP8,0.020764342
163,455,CD244A,SNAP23,0.020202467
163,174,CD244A,PPCDC,0.019796064
163,182,CD244A,STK17B,0.019796064
163,327,CD244A,PRIM1,0.019760987
163,339,CD244A,KCTD12,0.019709654
163,180,CD244A,RGS2,0.019563787
163,169,CD244A,MCM4,0.019355107
163,210,CD244A,CDKN1C,0.018925635
163,198,CD244A,CMAH,0.018536098
163,47,CD244A,LONP2,0.018281326
163,135,CD244A,SLBP,0.018020246
163,354,CD244A,PPP1R15A,0.018004756
163,525,CD244A,TXNIP,0.018000854
163,497,CD244A,ATP8B4,0.017312389
163,79,CD244A,MGAT1,0.017308949
163,219,CD244A,STARD4,0.017308949
163,441,CD244A,MCM7,0.017088048
163,197,CD244A,POLA2,0.016877687
163,284,CD244A,ANXA5,0.016366314
163,119,CD244A,PAG1,0.016036505
163,293,CD244A,MAML3,0.015416806
163,246,CD244A,KLF6,0.014964149
163,147,CD244A,ERP29,0.014805885
163,123,CD244A,PAFAH2,0.014677357
163,214,CD244A,FCHO2,0.013881117
163,224,CD244A,PLSCR4,0.01054501
163,556,CD244A,ITGB7,0.009906011
163,262,CD244A,SSH2,0.0080879135
163,24,CD244A,DYNLL1,0.00778946
163,409,CD244A,TMEM206,0.0044281427
163,203,CD244A,CD33,0.0025104887
163,139,CD244A,CCL3,0.0023810782
163,207,CD244A,BLNK,0.0021453337
163,86,CD244A,METTL7A1,0.0021450734
163,419,CD244A,NCF1,0.002113899
163,186,CD244A,IL7R,0.0021117094
163,319,CD244A,CD74,0.0020840405
163,63,CD244A,ENG,0.0020690823
163,294,CD244A,TINAGL1,0.002045834
163,132,CD244A,OAS2,0.0020168936
163,332,CD244A,IPCEF1,0.0020120984
163,417,CD244A,UBA7,0.0019927162
163,172,CD244A,EPSTI1,0.00192629
203,115,CD33,LTB,0.026274448
203,323,CD33,SELPLG,0.025005564
203,260,CD33,RHOF,0.022594213
203,224,CD33,PLSCR4,0.022581348
203,197,CD33,POLA2,0.021070752
203,198,CD33,CMAH,0.02025595
203,102,CD33,FUT8,0.019720862
203,400,CD33,ANKRD44,0.01963492
203,217,CD33,MYCT1,0.019621322
203,405,CD33,GIMAP8,0.019514823
203,147,CD33,ERP29,0.019139415
203,455,CD33,SNAP23,0.018952906
203,180,CD33,RGS2,0.018808298
203,327,CD33,PRIM1,0.018627236
203,339,CD33,KCTD12,0.018569285
203,169,CD33,MCM4,0.01846898
203,210,CD33,CDKN1C,0.01786447
203,262,CD33,SSH2,0.017678581
203,47,CD33,LONP2,0.017244684
203,525,CD33,TXNIP,0.017108653
203,135,CD33,SLBP,0.017004946
203,354,CD33,PPP1R15A,0.01699055
203,409,CD33,TMEM206,0.016827533
203,497,CD33,ATP8B4,0.016344588
203,219,CD33,STARD4,0.016341615
203,79,CD33,MGAT1,0.016341608
203,441,CD33,MCM7,0.016133575
203,284,CD33,ANXA5,0.015448235
203,24,CD33,DYNLL1,0.0154068135
203,119,CD33,PAG1,0.015122694
203,123,CD33,PAFAH2,0.014981604
203,556,CD33,ITGB7,0.0143678775
203,246,CD33,KLF6,0.01407382
203,214,CD33,FCHO2,0.0129962275
203,174,CD33,PPCDC,0.010568294
203,182,CD33,STK17B,0.010568294
203,293,CD33,MAML3,0.0068480605
203,139,CD33,CCL3,0.0023647905
203,207,CD33,BLNK,0.0021367213
203,86,CD33,METTL7A1,0.002135458
203,419,CD33,NCF1,0.0021099087
203,186,CD33,IL7R,0.0021002477
203,319,CD33,CD74,0.0020789257
203,63,CD33,ENG,0.002067424
203,294,CD33,TINAGL1,0.002033487
203,132,CD33,OAS2,0.0020128866
203,332,CD33,IPCEF1,0.0020075887
203,417,CD33,UBA7,0.0019871632
203,172,CD33,EPSTI1,0.0019215014
203,276,CD33,H2-Q6,0.0019053066
264,115,CD34,LTB,0.028715229
264,323,CD34,SELPLG,0.027362728
264,224,CD34,PLSCR4,0.024702191
264,260,CD34,RHOF,0.024632921
264,197,CD34,POLA2,0.02304473
264,198,CD34,CMAH,0.022262411
264,102,CD34,FUT8,0.021551136
264,217,CD34,MYCT1,0.021464566
264,400,CD34,ANKRD44,0.021449497
264,405,CD34,GIMAP8,0.02138933
264,147,CD34,ERP29,0.02094642
264,455,CD34,SNAP23,0.020764967
264,182,CD34,STK17B,0.020539133
264,327,CD34,PRIM1,0.020365119
264,339,CD34,KCTD12,0.020314675
264,180,CD34,RGS2,0.020126574
264,169,CD34,MCM4,0.019957311
264,210,CD34,CDKN1C,0.019565785
264,262,CD34,SSH2,0.019329524
264,47,CD34,LONP2,0.01882349
264,525,CD34,TXNIP,0.018590225
264,354,CD34,PPP1R15A,0.018583637
264,409,CD34,TMEM206,0.018398732
264,219,CD34,STARD4,0.017869238
264,79,CD34,MGAT1,0.01786923
264,497,CD34,ATP8B4,0.017869161
264,441,CD34,MCM7,0.017617432
264,24,CD34,DYNLL1,0.016788488
264,284,CD34,ANXA5,0.01678065
264,119,CD34,PAG1,0.016444473
264,123,CD34,PAFAH2,0.016289255
264,556,CD34,ITGB7,0.016151728
264,293,CD34,MAML3,0.015776156
264,246,CD34,KLF6,0.015291994
264,174,CD34,PPCDC,0.014301442
264,214,CD34,FCHO2,0.011122846
264,135,CD34,SLBP,0.0102270525
264,203,CD34,CD33,0.0026788611
264,207,CD34,BLNK,0.0022889301
264,86,CD34,METTL7A1,0.0022794325
264,419,CD34,NCF1,0.0022645956
264,186,CD34,IL7R,0.0022470932
264,319,CD34,CD74,0.0022241983
264,63,CD34,ENG,0.0022153165
264,294,CD34,TINAGL1,0.0021808832
264,132,CD34,OAS2,0.0021601573
264,332,CD34,IPCEF1,0.0021500804
264,267,CD34,CLEC12A,0.0021087073
264,139,CD34,CCL3,0.002072905
264,172,CD34,EPSTI1,0.0020515732
192,115,CD44,LTB,0.028436461
192,323,CD44,SELPLG,0.027075294
192,224,CD44,PLSCR4,0.024432056
192,260,CD44,RHOF,0.024424238
192,197,CD44,POLA2,0.022774715
192,556,CD44,ITGB7,0.022651749
192,198,CD44,CMAH,0.02199066
192,102,CD44,FUT8,0.021297537
192,400,CD44,ANKRD44,0.021207323
192,217,CD44,MYCT1,0.021181509
192,147,CD44,ERP29,0.020659024
192,455,CD44,SNAP23,0.020521367
192,174,CD44,PPCDC,0.020139813
192,182,CD44,STK17B,0.020115921
192,327,CD44,PRIM1,0.020101635
192,339,CD44,KCTD12,0.020037565
192,180,CD44,RGS2,0.01990697
192,169,CD44,MCM4,0.019687308
192,210,CD44,CDKN1C,0.01927007
192,262,CD44,SSH2,0.019064307
192,47,CD44,LONP2,0.01859368
192,135,CD44,SLBP,0.018327055
192,525,CD44,TXNIP,0.018305466
192,409,CD44,TMEM206,0.018136725
192,497,CD44,ATP8B4,0.017605552
192,79,CD44,MGAT1,0.017598825
192,219,CD44,STARD4,0.017598825
192,441,CD44,MCM7,0.017376974
192,284,CD44,ANXA5,0.016612539
192,24,CD44,DYNLL1,0.016569464
192,119,CD44,PAG1,0.016301628
192,293,CD44,MAML3,0.015665766
192,246,CD44,KLF6,0.015208347
192,214,CD44,FCHO2,0.014019258
192,354,CD44,PPP1R15A,0.012571837
192,405,CD44,GIMAP8,0.009365118
192,123,CD44,PAFAH2,0.00763957
192,203,CD44,CD33,0.0025083285
192,139,CD44,CCL3,0.0023805788
192,207,CD44,BLNK,0.0021428578
192,86,CD44,METTL7A1,0.002142395
192,419,CD44,NCF1,0.0021125558
192,186,CD44,IL7R,0.002108341
192,319,CD44,CD74,0.0020822661
192,63,CD44,ENG,0.0020696071
192,294,CD44,TINAGL1,0.0020434493
192,132,CD44,OAS2,0.0020152875
192,332,CD44,IPCEF1,0.0020103853
192,417,CD44,UBA7,0.001990276
192,267,CD44,CLEC12A,0.0019781422
68,323,CD48,SELPLG,0.03898118
68,260,CD48,RHOF,0.03605281
68,224,CD48,PLSCR4,0.03527487
68,556,CD48,ITGB7,0.03266694
68,198,CD48,CMAH,0.032128755
68,400,CD48,ANKRD44,0.03092187
68,102,CD48,FUT8,0.030735295
68,217,CD48,MYCT1,0.030527944
68,147,CD48,ERP29,0.029746797
68,455,CD48,SNAP23,0.029632527
68,180,CD48,RGS2,0.029574275
68,182,CD48,STK17B,0.029076802
68,174,CD48,PPCDC,0.029054938
68,327,CD48,PRIM1,0.028981777
68,339,CD48,KCTD12,0.028862258
68,169,CD48,MCM4,0.028392367
68,262,CD48,SSH2,0.027970005
68,210,CD48,CDKN1C,0.027834132
68,47,CD48,LONP2,0.026773002
68,525,CD48,TXNIP,0.0263969
68,354,CD48,PPP1R15A,0.026316091
68,219,CD48,STARD4,0.025342893
68,497,CD48,ATP8B4,0.025255587
68,441,CD48,MCM7,0.025008168
68,115,CD48,LTB,0.024523435
68,284,CD48,ANXA5,0.023823753
68,24,CD48,DYNLL1,0.023729432
68,119,CD48,PAG1,0.023454849
68,123,CD48,PAFAH2,0.023236297
68,293,CD48,MAML3,0.022549123
68,79,CD48,MGAT1,0.021506576
68,197,CD48,POLA2,0.020759001
68,135,CD48,SLBP,0.02040416
68,214,CD48,FCHO2,0.020352071
68,405,CD48,GIMAP8,0.01910074
68,246,CD48,KLF6,0.012491059
68,203,CD48,CD33,0.0031538308
68,139,CD48,CCL3,0.002977874
68,409,CD48,TMEM206,0.0027821246
68,86,CD48,METTL7A1,0.0026437957
68,207,CD48,BLNK,0.0026381977
68,419,CD48,NCF1,0.0025929406
68,63,CD48,ENG,0.0025363269
68,294,CD48,TINAGL1,0.0025126368
68,276,CD48,H2-Q6,0.0024881244
68,132,CD48,OAS2,0.0024656514
68,332,CD48,IPCEF1,0.002458842
68,417,CD48,UBA7,0.0024257312
68,267,CD48,CLEC12A,0.0024118333
68,172,CD48,EPSTI1,0.0023428893
464,115,CD52,LTB,0.031539015
464,224,CD52,PLSCR4,0.027042635
464,260,CD52,RHOF,0.0270184
464,197,CD52,POLA2,0.025177507
464,556,CD52,ITGB7,0.025045259
464,198,CD52,CMAH,0.024290163
464,102,CD52,FUT8,0.02351463
464,400,CD52,ANKRD44,0.02341314
464,217,CD52,MYCT1,0.023360325
464,405,CD52,GIMAP8,0.023324512
464,455,CD52,SNAP23,0.022609254
464,174,CD52,PPCDC,0.022209976
464,182,CD52,STK17B,0.022209976
464,327,CD52,PRIM1,0.022170797
464,339,CD52,KCTD12,0.022068305
464,180,CD52,RGS2,0.021920934
464,210,CD52,CDKN1C,0.021211892
464,262,CD52,SSH2,0.020996897
464,47,CD52,LONP2,0.02059523
464,135,CD52,SLBP,0.020143399
464,354,CD52,PPP1R15A,0.020136803
464,525,CD52,TXNIP,0.020007042
464,409,CD52,TMEM206,0.019947903
464,79,CD52,MGAT1,0.019341893
464,441,CD52,MCM7,0.019097012
464,284,CD52,ANXA5,0.018237328
464,24,CD52,DYNLL1,0.018176336
464,123,CD52,PAFAH2,0.017705861
464,246,CD52,KLF6,0.016645376
464,169,CD52,MCM4,0.015541853
464,214,CD52,FCHO2,0.015449097
464,219,CD52,STARD4,0.01411153
464,323,CD52,SELPLG,0.013504386
464,497,CD52,ATP8B4,0.013214748
464,147,CD52,ERP29,0.010767301
464,293,CD52,MAML3,0.008282612
464,119,CD52,PAG1,0.0043581077
464,203,CD52,CD33,0.0025394484
464,139,CD52,CCL3,0.0023936967
464,186,CD52,IL7R,0.0021216725
464,419,CD52,NCF1,0.0021005024
464,319,CD52,CD74,0.0020757094
464,63,CD52,ENG,0.0020604783
464,294,CD52,TINAGL1,0.0020462128
464,132,CD52,OAS2,0.0020035296
464,332,CD52,IPCEF1,0.001999906
464,417,CD52,UBA7,0.0019854808
464,267,CD52,CLEC12A,0.0019724811
464,172,CD52,EPSTI1,0.0019162319
464,276,CD52,H2-Q6,0.0018940414
122,323,CD53,SELPLG,0.04697001
122,260,CD53,RHOF,0.042439383
122,197,CD53,POLA2,0.039719306
122,556,CD53,ITGB7,0.03943732
122,217,CD53,MYCT1,0.039058235
122,102,CD53,FUT8,0.037130475
122,400,CD53,ANKRD44,0.036891796
122,405,CD53,GIMAP8,0.03681156
122,147,CD53,ERP29,0.035905957
122,455,CD53,SNAP23,0.03579803
122,182,CD53,STK17B,0.03509552
122,174,CD53,PPCDC,0.035067122
122,327,CD53,PRIM1,0.035005137
122,339,CD53,KCTD12,0.03485051
122,180,CD53,RGS2,0.034732796
122,224,CD53,PLSCR4,0.034557767
122,262,CD53,SSH2,0.033200838
122,497,CD53,ATP8B4,0.03275697
122,47,CD53,LONP2,0.032335415
122,354,CD53,PPP1R15A,0.03187712
122,135,CD53,SLBP,0.03185346
122,525,CD53,TXNIP,0.03183077
122,409,CD53,TMEM206,0.031515792
122,79,CD53,MGAT1,0.030613262
122,219,CD53,STARD4,0.03061325
122,441,CD53,MCM7,0.03020766
122,115,CD53,LTB,0.029893566
122,24,CD53,DYNLL1,0.028816277
122,119,CD53,PAG1,0.028335165
122,123,CD53,PAFAH2,0.02807004
122,293,CD53,MAML3,0.027247695
122,246,CD53,KLF6,0.026353713
122,214,CD53,FCHO2,0.024577191
122,284,CD53,ANXA5,0.020782553
122,198,CD53,CMAH,0.016853578
122,210,CD53,CDKN1C,0.015121514
122,169,CD53,MCM4,0.0065999995
122,203,CD53,CD33,0.0035645694
122,139,CD53,CCL3,0.003193594
122,86,CD53,METTL7A1,0.0029843664
122,207,CD53,BLNK,0.002977036
122,186,CD53,IL7R,0.0029334966
122,419,CD53,NCF1,0.0029215503
122,319,CD53,CD74,0.0028744927
122,63,CD53,ENG,0.0028572811
122,294,CD53,TINAGL1,0.002829938
122,332,CD53,IPCEF1,0.0027757236
122,132,CD53,OAS2,0.002774354
122,417,CD53,UBA7,0.0027324515
122,267,CD53,CLEC12A,0.0027135063
384,115,CD55,LTB,0.03066337
384,323,CD55,SELPLG,0.029191716
384,224,CD55,PLSCR4,0.026351681
384,260,CD55,RHOF,0.026330242
384,556,CD55,ITGB7,0.024438227
384,102,CD55,FUT8,0.022959206
384,400,CD55,ANKRD44,0.022851622
384,217,CD55,MYCT1,0.022827337
384,405,CD55,GIMAP8,0.022770863
384,147,CD55,ERP29,0.022253273
384,455,CD55,SNAP23,0.022145452
384,174,CD55,PPCDC,0.021699525
384,182,CD55,STK17B,0.021699514
384,327,CD55,PRIM1,0.02164592
384,180,CD55,RGS2,0.021458138
384,169,CD55,MCM4,0.0212151
384,210,CD55,CDKN1C,0.020773001
384,262,CD55,SSH2,0.020538453
384,47,CD55,LONP2,0.020022945
384,135,CD55,SLBP,0.019734237
384,354,CD55,PPP1R15A,0.019721912
384,525,CD55,TXNIP,0.019713024
384,409,CD55,TMEM206,0.019529961
384,219,CD55,STARD4,0.01892824
384,441,CD55,MCM7,0.018706707
384,284,CD55,ANXA5,0.017913813
384,197,CD55,POLA2,0.017675716
384,119,CD55,PAG1,0.017662639
384,123,CD55,PAFAH2,0.017384313
384,293,CD55,MAML3,0.016864873
384,246,CD55,KLF6,0.016358119
384,214,CD55,FCHO2,0.0152461585
384,497,CD55,ATP8B4,0.014943682
384,198,CD55,CMAH,0.009681485
384,79,CD55,MGAT1,0.009547172
384,339,CD55,KCTD12,0.009426476
384,24,CD55,DYNLL1,0.0077091646
384,203,CD55,CD33,0.0026340077
384,86,CD55,METTL7A1,0.002230857
384,207,CD55,BLNK,0.0021978794
384,419,CD55,NCF1,0.0021968642
384,186,CD55,IL7R,0.0021957168
384,319,CD55,CD74,0.0021655767
384,294,CD55,TINAGL1,0.0021250907
384,417,CD55,UBA7,0.0020674635
384,526,CD55,SERP1,0.001987046
384,276,CD55,H2-Q6,0.001977363
384,132,CD55,OAS2,0.0019488345
384,494,CD55,DUSP5,0.0018990266
384,243,CD55,VAMP1,0.0018626915
179,115,CD63,LTB,0.045523
179,323,CD63,SELPLG,0.04338618
179,260,CD63,RHOF,0.039208136
179,197,CD63,POLA2,0.036678284
179,556,CD63,ITGB7,0.036424633
179,198,CD63,CMAH,0.03540322
179,102,CD63,FUT8,0.03429755
179,400,CD63,ANKRD44,0.034087062
179,217,CD63,MYCT1,0.034062076
179,405,CD63,GIMAP8,0.034005605
179,455,CD63,SNAP23,0.03348959
179,147,CD63,ERP29,0.033192866
179,174,CD63,PPCDC,0.032403097
179,182,CD63,STK17B,0.032364126
179,327,CD63,PRIM1,0.03234552
179,339,CD63,KCTD12,0.032218862
179,180,CD63,RGS2,0.032104034
179,210,CD63,CDKN1C,0.031102803
179,47,CD63,LONP2,0.03081434
179,262,CD63,SSH2,0.030685771
179,354,CD63,PPP1R15A,0.029472785
179,135,CD63,SLBP,0.029455885
179,525,CD63,TXNIP,0.029442498
179,409,CD63,TMEM206,0.029171513
179,224,CD63,PLSCR4,0.0287994
179,219,CD63,STARD4,0.028311437
179,79,CD63,MGAT1,0.028311424
179,497,CD63,ATP8B4,0.028279698
179,441,CD63,MCM7,0.027938267
179,284,CD63,ANXA5,0.026773047
179,24,CD63,DYNLL1,0.026662918
179,119,CD63,PAG1,0.026220484
179,123,CD63,PAFAH2,0.025975518
179,293,CD63,MAML3,0.02522533
179,246,CD63,KLF6,0.024404094
179,214,CD63,FCHO2,0.022781517
179,169,CD63,MCM4,0.0063927476
179,203,CD63,CD33,0.0034765154
179,139,CD63,CCL3,0.003333404
179,86,CD63,METTL7A1,0.002908373
179,207,CD63,BLNK,0.002901851
179,419,CD63,NCF1,0.0028569633
179,319,CD63,CD74,0.0028084966
179,63,CD63,ENG,0.0027919395
179,294,CD63,TINAGL1,0.0027543828
179,132,CD63,OAS2,0.002712358
179,332,CD63,IPCEF1,0.0027041694
179,417,CD63,UBA7,0.0026695875
179,267,CD63,CLEC12A,0.0026507692
179,172,CD63,EPSTI1,0.0025718291
4,97,CD63-PS,MYC,0.71419567
4,246,CD63-PS,KLF6,0.7104286
4,135,CD63-PS,SLBP,0.7027582
4,400,CD63-PS,ANKRD44,0.69885105
4,174,CD63-PS,PPCDC,0.69673556
4,182,CD63-PS,STK17B,0.69673556
4,79,CD63-PS,MGAT1,0.696726
4,219,CD63-PS,STARD4,0.696726
4,327,CD63-PS,PRIM1,0.69609886
4,262,CD63-PS,SSH2,0.6953623
4,556,CD63-PS,ITGB7,0.69124734
4,119,CD63-PS,PAG1,0.69109344
4,169,CD63-PS,MCM4,0.68956774
4,354,CD63-PS,PPP1R15A,0.68888664
4,47,CD63-PS,LONP2,0.688836
4,24,CD63-PS,DYNLL1,0.68673384
4,123,CD63-PS,PAFAH2,0.6865082
4,525,CD63-PS,TXNIP,0.68537295
4,102,CD63-PS,FUT8,0.68447995
4,339,CD63-PS,KCTD12,0.68349946
4,287,CD63-PS,CSF3R,0.6825707
4,284,CD63-PS,ANXA5,0.68155944
4,198,CD63-PS,CMAH,0.6801558
4,217,CD63-PS,MYCT1,0.67760706
4,260,CD63-PS,RHOF,0.6762802
4,197,CD63-PS,POLA2,0.67576575
4,147,CD63-PS,ERP29,0.67315215
4,293,CD63-PS,MAML3,0.6690892
4,224,CD63-PS,PLSCR4,0.6672523
4,7,CD63-PS,AKNA,0.66698825
4,214,CD63-PS,FCHO2,0.6653292
4,405,CD63-PS,GIMAP8,0.6585875
4,238,CD63-PS,SAMSN1,0.6551702
4,145,CD63-PS,SPI1,0.65269774
4,210,CD63-PS,CDKN1C,0.6519373
4,19,CD63-PS,UBASH3A,0.6518789
4,115,CD63-PS,LTB,0.65071064
4,323,CD63-PS,SELPLG,0.64794993
4,409,CD63-PS,TMEM206,0.6468229
4,291,CD63-PS,PEAR1,0.64560264
4,180,CD63-PS,RGS2,0.6450761
4,455,CD63-PS,SNAP23,0.6412303
4,441,CD63-PS,MCM7,0.6393532
4,404,CD63-PS,NHP2,0.63854045
4,283,CD63-PS,SAT1,0.6384714
4,225,CD63-PS,CDT1,0.6375227
4,555,CD63-PS,CKS1B,0.6372754
4,335,CD63-PS,SLC22A3,0.63677937
4,228,CD63-PS,CCL9,0.6347896
4,84,CD63-PS,SLC39A6,0.6334769
187,115,CD69,LTB,0.035186693
187,323,CD69,SELPLG,0.033498626
187,224,CD69,PLSCR4,0.030231483
187,260,CD69,RHOF,0.030219214
187,197,CD69,POLA2,0.028173177
187,556,CD69,ITGB7,0.028033843
187,400,CD69,ANKRD44,0.02624187
187,217,CD69,MYCT1,0.026187034
187,405,CD69,GIMAP8,0.026137795
187,147,CD69,ERP29,0.025471155
187,182,CD69,STK17B,0.024899138
187,327,CD69,PRIM1,0.024855161
187,339,CD69,KCTD12,0.024754297
187,180,CD69,RGS2,0.02461546
187,102,CD69,FUT8,0.0243887
187,169,CD69,MCM4,0.024341412
187,210,CD69,CDKN1C,0.02386298
187,262,CD69,SSH2,0.023560034
187,174,CD69,PPCDC,0.022844132
187,135,CD69,SLBP,0.022623237
187,354,CD69,PPP1R15A,0.022614198
187,409,CD69,TMEM206,0.022410566
187,79,CD69,MGAT1,0.021724116
187,497,CD69,ATP8B4,0.02171562
187,441,CD69,MCM7,0.021441218
187,284,CD69,ANXA5,0.02051784
187,24,CD69,DYNLL1,0.020440131
187,119,CD69,PAG1,0.020099264
187,123,CD69,PAFAH2,0.019912593
187,293,CD69,MAML3,0.01930958
187,246,CD69,KLF6,0.018736437
187,219,CD69,STARD4,0.018477282
187,455,CD69,SNAP23,0.018078247
187,214,CD69,FCHO2,0.017443383
187,525,CD69,TXNIP,0.012732643
187,198,CD69,CMAH,0.005403634
187,47,CD69,LONP2,0.0052322876
187,203,CD69,CD33,0.0028083913
187,139,CD69,CCL3,0.0026551825
187,86,CD69,METTL7A1,0.0023706509
187,186,CD69,IL7R,0.0023313055
187,419,CD69,NCF1,0.002328395
187,319,CD69,CD74,0.002295875
187,63,CD69,ENG,0.0022784576
187,294,CD69,TINAGL1,0.0022560745
187,207,CD69,BLNK,0.0022192672
187,332,CD69,IPCEF1,0.0022119253
187,417,CD69,UBA7,0.0021901461
187,267,CD69,CLEC12A,0.0021781435
187,132,CD69,OAS2,0.002140347
506,115,CD7,LTB,0.045169573
506,323,CD7,SELPLG,0.04324047
506,224,CD7,PLSCR4,0.03915083
506,260,CD7,RHOF,0.03902652
506,197,CD7,POLA2,0.036477372
506,556,CD7,ITGB7,0.036233876
506,198,CD7,CMAH,0.035186764
506,102,CD7,FUT8,0.034076072
506,400,CD7,ANKRD44,0.033871472
506,217,CD7,MYCT1,0.03381676
506,405,CD7,GIMAP8,0.033785693
506,147,CD7,ERP29,0.03293542
506,455,CD7,SNAP23,0.032802403
506,182,CD7,STK17B,0.03219741
506,174,CD7,PPCDC,0.032168966
506,327,CD7,PRIM1,0.032109946
506,339,CD7,KCTD12,0.031959344
506,180,CD7,RGS2,0.031811092
506,210,CD7,CDKN1C,0.03080287
506,262,CD7,SSH2,0.030431408
506,47,CD7,LONP2,0.029625364
506,135,CD7,SLBP,0.029190026
506,525,CD7,TXNIP,0.029150696
506,409,CD7,TMEM206,0.028904824
506,219,CD7,STARD4,0.02803092
506,79,CD7,MGAT1,0.02803091
506,497,CD7,ATP8B4,0.028002089
506,441,CD7,MCM7,0.027638137
506,169,CD7,MCM4,0.02693546
506,284,CD7,ANXA5,0.026435671
506,24,CD7,DYNLL1,0.026355475
506,119,CD7,PAG1,0.025914965
506,123,CD7,PAFAH2,0.025671916
506,293,CD7,MAML3,0.024888335
506,246,CD7,KLF6,0.02409722
506,214,CD7,FCHO2,0.02243735
506,354,CD7,PPP1R15A,0.020381222
506,203,CD7,CD33,0.0032472569
506,139,CD7,CCL3,0.0030582107
506,86,CD7,METTL7A1,0.002705035
506,207,CD7,BLNK,0.0026975307
506,186,CD7,IL7R,0.0026628787
506,419,CD7,NCF1,0.0026442597
506,319,CD7,CD74,0.0026049886
506,63,CD7,ENG,0.0025823347
506,294,CD7,TINAGL1,0.0025651262
506,132,CD7,OAS2,0.0025139076
506,332,CD7,IPCEF1,0.0025076785
506,417,CD7,UBA7,0.0024790708
506,267,CD7,CLEC12A,0.002464444
319,115,CD74,LTB,0.018365925
319,323,CD74,SELPLG,0.017465062
319,260,CD74,RHOF,0.015847035
319,224,CD74,PLSCR4,0.015815897
319,197,CD74,POLA2,0.014776194
319,556,CD74,ITGB7,0.014694247
319,198,CD74,CMAH,0.014291267
319,102,CD74,FUT8,0.013853742
319,400,CD74,ANKRD44,0.013816497
319,217,CD74,MYCT1,0.013812793
319,405,CD74,GIMAP8,0.013753157
319,147,CD74,ERP29,0.013488355
319,174,CD74,PPCDC,0.01313833
319,182,CD74,STK17B,0.013138323
319,327,CD74,PRIM1,0.013112543
319,339,CD74,KCTD12,0.013087397
319,169,CD74,MCM4,0.012848874
319,180,CD74,RGS2,0.012818004
319,210,CD74,CDKN1C,0.012448569
319,262,CD74,SSH2,0.01242574
319,47,CD74,LONP2,0.012100243
319,135,CD74,SLBP,0.011943298
319,525,CD74,TXNIP,0.011912048
319,354,CD74,PPP1R15A,0.011907675
319,409,CD74,TMEM206,0.01179186
319,497,CD74,ATP8B4,0.011453319
319,79,CD74,MGAT1,0.011451581
319,219,CD74,STARD4,0.011443255
319,441,CD74,MCM7,0.0112807425
319,284,CD74,ANXA5,0.010763903
319,24,CD74,DYNLL1,0.010761025
319,119,CD74,PAG1,0.010546662
319,293,CD74,MAML3,0.010154899
319,246,CD74,KLF6,0.009889352
319,214,CD74,FCHO2,0.009637434
319,455,CD74,SNAP23,0.008428306
319,123,CD74,PAFAH2,0.008030578
319,203,CD74,CD33,0.0020736589
319,139,CD74,CCL3,0.001978919
319,207,CD74,BLNK,0.0018092145
319,419,CD74,NCF1,0.0017885495
319,186,CD74,IL7R,0.001780892
319,63,CD74,ENG,0.0017556846
319,294,CD74,TINAGL1,0.0017273148
319,132,CD74,OAS2,0.0017132049
319,332,CD74,IPCEF1,0.0017061658
319,417,CD74,UBA7,0.0016941926
319,267,CD74,CLEC12A,0.0016844776
319,172,CD74,EPSTI1,0.0016425467
319,86,CD74,METTL7A1,0.0016380589
185,115,CD81,LTB,0.050962266
185,323,CD81,SELPLG,0.04859226
185,224,CD81,PLSCR4,0.044028945
185,260,CD81,RHOF,0.0439168
185,197,CD81,POLA2,0.04107285
185,556,CD81,ITGB7,0.0408211
185,400,CD81,ANKRD44,0.03822069
185,217,CD81,MYCT1,0.038154617
185,405,CD81,GIMAP8,0.03811336
185,147,CD81,ERP29,0.037110347
185,182,CD81,STK17B,0.0363106
185,327,CD81,PRIM1,0.03624449
185,339,CD81,KCTD12,0.03608845
185,180,CD81,RGS2,0.035974145
185,102,CD81,FUT8,0.03558404
185,169,CD81,MCM4,0.03552223
185,210,CD81,CDKN1C,0.034873858
185,262,CD81,SSH2,0.034383062
185,174,CD81,PPCDC,0.033314697
185,354,CD81,PPP1R15A,0.033016328
185,135,CD81,SLBP,0.03298852
185,409,CD81,TMEM206,0.03270484
185,79,CD81,MGAT1,0.03170767
185,497,CD81,ATP8B4,0.03166281
185,441,CD81,MCM7,0.031289868
185,284,CD81,ANXA5,0.029975481
185,24,CD81,DYNLL1,0.029849995
185,119,CD81,PAG1,0.029355895
185,123,CD81,PAFAH2,0.029080873
185,293,CD81,MAML3,0.028233845
185,246,CD81,KLF6,0.027326096
185,219,CD81,STARD4,0.02691562
185,455,CD81,SNAP23,0.025969736
185,214,CD81,FCHO2,0.025492404
185,525,CD81,TXNIP,0.018861007
185,198,CD81,CMAH,0.007209081
185,47,CD81,LONP2,0.0069659255
185,203,CD81,CD33,0.0037007756
185,139,CD81,CCL3,0.0034863139
185,86,CD81,METTL7A1,0.0030795436
185,186,CD81,IL7R,0.0030208935
185,419,CD81,NCF1,0.0030187315
185,319,CD81,CD74,0.0029683274
185,63,CD81,ENG,0.002946419
185,294,CD81,TINAGL1,0.002918864
185,207,CD81,BLNK,0.0028664905
185,332,CD81,IPCEF1,0.0028553824
185,417,CD81,UBA7,0.0028191425
185,267,CD81,CLEC12A,0.0028019713
185,132,CD81,OAS2,0.002748419
476,115,CD9,LTB,0.04512054
476,323,CD9,SELPLG,0.043051805
476,224,CD9,PLSCR4,0.03897434
476,260,CD9,RHOF,0.038859926
476,197,CD9,POLA2,0.03635177
476,556,CD9,ITGB7,0.036100615
476,198,CD9,CMAH,0.035089083
476,102,CD9,FUT8,0.03399357
476,400,CD9,ANKRD44,0.033785164
476,217,CD9,MYCT1,0.03376197
476,405,CD9,GIMAP8,0.033703804
476,147,CD9,ERP29,0.03290753
476,455,CD9,SNAP23,0.032808006
476,174,CD9,PPCDC,0.032116532
476,182,CD9,STK17B,0.032116525
476,327,CD9,PRIM1,0.03206021
476,210,CD9,CDKN1C,0.0320019
476,339,CD9,KCTD12,0.03193488
476,180,CD9,RGS2,0.031823717
476,169,CD9,MCM4,0.031420276
476,47,CD9,LONP2,0.031373356
476,262,CD9,SSH2,0.030415738
476,354,CD9,PPP1R15A,0.029214703
476,135,CD9,SLBP,0.029197909
476,525,CD9,TXNIP,0.029185329
476,219,CD9,STARD4,0.028064705
476,497,CD9,ATP8B4,0.028032793
476,79,CD9,MGAT1,0.027992623
476,284,CD9,ANXA5,0.026540661
476,24,CD9,DYNLL1,0.02643298
476,119,CD9,PAG1,0.025986133
476,123,CD9,PAFAH2,0.025750669
476,293,CD9,MAML3,0.025008703
476,246,CD9,KLF6,0.024353752
476,214,CD9,FCHO2,0.022603592
476,409,CD9,TMEM206,0.017332096
476,441,CD9,MCM7,0.016271414
476,203,CD9,CD33,0.0034671945
476,139,CD9,CCL3,0.0032690603
476,86,CD9,METTL7A1,0.0028983844
476,207,CD9,BLNK,0.002892898
476,419,CD9,NCF1,0.0028471397
476,186,CD9,IL7R,0.0028466769
476,319,CD9,CD74,0.002798922
476,63,CD9,ENG,0.0027825597
476,294,CD9,TINAGL1,0.0027490049
476,332,CD9,IPCEF1,0.0027035652
476,132,CD9,OAS2,0.0027032117
476,417,CD9,UBA7,0.002660724
476,267,CD9,CLEC12A,0.0026418814
23,323,CD93,SELPLG,0.03773989
23,224,CD93,PLSCR4,0.0341937
23,260,CD93,RHOF,0.034117125
23,197,CD93,POLA2,0.031874727
23,556,CD93,ITGB7,0.0316686
23,198,CD93,CMAH,0.030763207
23,102,CD93,FUT8,0.029795175
23,400,CD93,ANKRD44,0.029627504
23,405,CD93,GIMAP8,0.029543294
23,147,CD93,ERP29,0.02884283
23,455,CD93,SNAP23,0.028732112
23,182,CD93,STK17B,0.028168343
23,174,CD93,PPCDC,0.028146088
23,327,CD93,PRIM1,0.028092198
23,339,CD93,KCTD12,0.027984124
23,169,CD93,MCM4,0.027493853
23,210,CD93,CDKN1C,0.026962688
23,262,CD93,SSH2,0.026642798
23,47,CD93,LONP2,0.025951883
23,135,CD93,SLBP,0.025578503
23,525,CD93,TXNIP,0.025556682
23,354,CD93,PPP1R15A,0.025549699
23,409,CD93,TMEM206,0.025323477
23,497,CD93,ATP8B4,0.02459519
23,219,CD93,STARD4,0.02457367
23,441,CD93,MCM7,0.02424932
23,115,CD93,LTB,0.023737382
23,284,CD93,ANXA5,0.023221562
23,24,CD93,DYNLL1,0.02308005
23,119,CD93,PAG1,0.022744996
23,123,CD93,PAFAH2,0.022533333
23,293,CD93,MAML3,0.021867739
23,79,CD93,MGAT1,0.02087954
23,214,CD93,FCHO2,0.019741936
23,180,CD93,RGS2,0.019555867
23,217,CD93,MYCT1,0.011895417
23,246,CD93,KLF6,0.009925565
23,203,CD93,CD33,0.0030984522
23,139,CD93,CCL3,0.0029270547
23,86,CD93,METTL7A1,0.0026009777
23,207,CD93,BLNK,0.0025981339
23,186,CD93,IL7R,0.0025579736
23,419,CD93,NCF1,0.0025518565
23,319,CD93,CD74,0.0025120273
23,63,CD93,ENG,0.0024964213
23,294,CD93,TINAGL1,0.0024727138
23,132,CD93,OAS2,0.0024272709
23,332,CD93,IPCEF1,0.0024205558
23,417,CD93,UBA7,0.0023921474
23,267,CD93,CLEC12A,0.002376821
479,115,CDK17,LTB,0.036771223
479,323,CDK17,SELPLG,0.035057507
479,224,CDK17,PLSCR4,0.031669147
479,260,CDK17,RHOF,0.0316142
479,197,CDK17,POLA2,0.029524066
479,556,CDK17,ITGB7,0.029338958
479,198,CDK17,CMAH,0.028499883
479,102,CDK17,FUT8,0.027982445
479,400,CDK17,ANKRD44,0.027455898
479,217,CDK17,MYCT1,0.027432658
479,405,CDK17,GIMAP8,0.027372463
479,147,CDK17,ERP29,0.026740773
479,455,CDK17,SNAP23,0.026633672
479,174,CDK17,PPCDC,0.02608328
479,182,CDK17,STK17B,0.026083266
479,327,CDK17,PRIM1,0.02603791
479,339,CDK17,KCTD12,0.025941683
479,210,CDK17,CDKN1C,0.025911162
479,180,CDK17,RGS2,0.025818136
479,169,CDK17,MCM4,0.025508612
479,262,CDK17,SSH2,0.024693446
479,47,CDK17,LONP2,0.024069715
479,354,CDK17,PPP1R15A,0.02371452
479,525,CDK17,TXNIP,0.023698974
479,135,CDK17,SLBP,0.02368888
479,79,CDK17,MGAT1,0.022785122
479,219,CDK17,STARD4,0.022785122
479,497,CDK17,ATP8B4,0.022772405
479,119,CDK17,PAG1,0.021590328
479,284,CDK17,ANXA5,0.02153935
479,24,CDK17,DYNLL1,0.021455515
479,123,CDK17,PAFAH2,0.020901993
479,293,CDK17,MAML3,0.020288253
479,246,CDK17,KLF6,0.019783089
479,214,CDK17,FCHO2,0.018345265
479,409,CDK17,TMEM206,0.013954162
479,441,CDK17,MCM7,0.013105597
479,203,CDK17,CD33,0.0029833552
479,139,CDK17,CCL3,0.0028179619
479,86,CDK17,METTL7A1,0.0025121649
479,207,CDK17,BLNK,0.0025080089
479,186,CDK17,IL7R,0.002469674
479,419,CDK17,NCF1,0.002469109
479,319,CDK17,CD74,0.002429766
479,294,CDK17,TINAGL1,0.002389102
479,332,CDK17,IPCEF1,0.002350239
479,417,CDK17,UBA7,0.0023150877
479,267,CDK17,CLEC12A,0.0023004583
479,172,CDK17,EPSTI1,0.0022340585
479,276,CDK17,H2-Q6,0.0022093703
349,115,CDK18,LTB,0.028950311
349,224,CDK18,PLSCR4,0.024899706
349,260,CDK18,RHOF,0.024890775
349,197,CDK18,POLA2,0.023241779
349,556,CDK18,ITGB7,0.023091609
349,198,CDK18,CMAH,0.022450544
349,102,CDK18,FUT8,0.02172816
349,400,CDK18,ANKRD44,0.021629455
349,217,CDK18,MYCT1,0.021617087
349,405,CDK18,GIMAP8,0.02155189
349,147,CDK18,ERP29,0.021087946
349,327,CDK18,PRIM1,0.021067046
349,455,CDK18,SNAP23,0.020936538
349,182,CDK18,STK17B,0.020696698
349,339,CDK18,KCTD12,0.020454787
349,180,CDK18,RGS2,0.02029404
349,169,CDK18,MCM4,0.020099085
349,210,CDK18,CDKN1C,0.019716667
349,262,CDK18,SSH2,0.019465683
349,47,CDK18,LONP2,0.018992309
349,135,CDK18,SLBP,0.018717533
349,525,CDK18,TXNIP,0.018706264
349,354,CDK18,PPP1R15A,0.01870602
349,497,CDK18,ATP8B4,0.01798647
349,79,CDK18,MGAT1,0.01798498
349,219,CDK18,STARD4,0.01798498
349,441,CDK18,MCM7,0.017753936
349,284,CDK18,ANXA5,0.017017761
349,24,CDK18,DYNLL1,0.016950488
349,119,CDK18,PAG1,0.016672965
349,123,CDK18,PAFAH2,0.016645525
349,293,CDK18,MAML3,0.015992623
349,246,CDK18,KLF6,0.01551301
349,214,CDK18,FCHO2,0.0143234655
349,323,CDK18,SELPLG,0.011229303
349,409,CDK18,TMEM206,0.008221785
349,174,CDK18,PPCDC,0.0047876434
349,139,CDK18,CCL3,0.0024883684
349,207,CDK18,BLNK,0.0022388466
349,419,CDK18,NCF1,0.0022103314
349,186,CDK18,IL7R,0.002199187
349,319,CDK18,CD74,0.0021750315
349,63,CDK18,ENG,0.0021645597
349,294,CDK18,TINAGL1,0.0021295566
349,86,CDK18,METTL7A1,0.0021170154
349,332,CDK18,IPCEF1,0.0021146548
349,132,CDK18,OAS2,0.0021063858
349,417,CDK18,UBA7,0.0020799253
349,267,CDK18,CLEC12A,0.0020640593
349,172,CDK18,EPSTI1,0.0020083562
133,115,CDK19,LTB,0.036137413
133,323,CDK19,SELPLG,0.03445263
133,224,CDK19,PLSCR4,0.031131731
133,260,CDK19,RHOF,0.031083183
133,197,CDK19,POLA2,0.029031
133,556,CDK19,ITGB7,0.028848695
133,198,CDK19,CMAH,0.02801039
133,217,CDK19,MYCT1,0.027178591
133,102,CDK19,FUT8,0.02715056
133,147,CDK19,ERP29,0.027119676
133,400,CDK19,ANKRD44,0.027006546
133,405,CDK19,GIMAP8,0.026924234
133,455,CDK19,SNAP23,0.026239932
133,182,CDK19,STK17B,0.025662277
133,174,CDK19,PPCDC,0.025662271
133,327,CDK19,PRIM1,0.025617372
133,339,CDK19,KCTD12,0.025531037
133,180,CDK19,RGS2,0.025414627
133,169,CDK19,MCM4,0.025100533
133,210,CDK19,CDKN1C,0.024625879
133,262,CDK19,SSH2,0.024274193
133,47,CDK19,LONP2,0.023696922
133,135,CDK19,SLBP,0.02334747
133,354,CDK19,PPP1R15A,0.02334606
133,525,CDK19,TXNIP,0.023336144
133,409,CDK19,TMEM206,0.023112487
133,497,CDK19,ATP8B4,0.022439526
133,79,CDK19,MGAT1,0.022434907
133,441,CDK19,MCM7,0.022141797
133,284,CDK19,ANXA5,0.021213891
133,24,CDK19,DYNLL1,0.021135265
133,119,CDK19,PAG1,0.020785304
133,293,CDK19,MAML3,0.020755868
133,123,CDK19,PAFAH2,0.020592246
133,246,CDK19,KLF6,0.0193524
133,214,CDK19,FCHO2,0.017970223
133,219,CDK19,STARD4,0.016279766
133,203,CDK19,CD33,0.0030005076
133,139,CDK19,CCL3,0.0028416568
133,86,CDK19,METTL7A1,0.0026523632
133,207,CDK19,BLNK,0.0025326551
133,186,CDK19,IL7R,0.00248836
133,319,CDK19,CD74,0.002455524
133,63,CDK19,ENG,0.0024419483
133,294,CDK19,TINAGL1,0.0024121213
133,132,CDK19,OAS2,0.0023734425
133,332,CDK19,IPCEF1,0.002368534
133,417,CDK19,UBA7,0.002339143
133,172,CDK19,EPSTI1,0.0022575196
133,276,CDK19,H2-Q6,0.0022294556
493,115,CDK6,LTB,0.034103952
493,260,CDK6,RHOF,0.029285474
493,224,CDK6,PLSCR4,0.029172039
493,556,CDK6,ITGB7,0.027361935
493,197,CDK6,POLA2,0.027346274
493,217,CDK6,MYCT1,0.026889749
493,198,CDK6,CMAH,0.02637064
493,400,CDK6,ANKRD44,0.02555924
493,102,CDK6,FUT8,0.025535677
493,405,CDK6,GIMAP8,0.02532712
493,147,CDK6,ERP29,0.024735713
493,174,CDK6,PPCDC,0.024128433
493,182,CDK6,STK17B,0.024128422
493,327,CDK6,PRIM1,0.024083037
493,180,CDK6,RGS2,0.023850765
493,169,CDK6,MCM4,0.023585103
493,262,CDK6,SSH2,0.023236925
493,210,CDK6,CDKN1C,0.023104293
493,47,CDK6,LONP2,0.022249538
493,135,CDK6,SLBP,0.021943934
493,354,CDK6,PPP1R15A,0.021914296
493,409,CDK6,TMEM206,0.021702845
493,79,CDK6,MGAT1,0.021070084
493,219,CDK6,STARD4,0.0210522
493,497,CDK6,ATP8B4,0.021050112
493,441,CDK6,MCM7,0.020782067
493,284,CDK6,ANXA5,0.019887377
493,24,CDK6,DYNLL1,0.019806571
493,119,CDK6,PAG1,0.019481288
493,123,CDK6,PAFAH2,0.019299952
493,293,CDK6,MAML3,0.01871406
493,246,CDK6,KLF6,0.01814932
493,214,CDK6,FCHO2,0.016902342
493,525,CDK6,TXNIP,0.013117875
493,323,CDK6,SELPLG,0.006027214
493,339,CDK6,KCTD12,0.005333968
493,455,CDK6,SNAP23,0.0049693207
493,203,CDK6,CD33,0.002755179
493,139,CDK6,CCL3,0.0026096522
493,86,CDK6,METTL7A1,0.002331361
493,207,CDK6,BLNK,0.0023276075
493,186,CDK6,IL7R,0.0022938848
493,419,CDK6,NCF1,0.0022891064
493,319,CDK6,CD74,0.0022566605
493,63,CDK6,ENG,0.002241765
493,294,CDK6,TINAGL1,0.002221828
493,332,CDK6,IPCEF1,0.0021767064
493,417,CDK6,UBA7,0.0021528567
493,267,CDK6,CLEC12A,0.0021402105
493,172,CDK6,EPSTI1,0.0020785113
210,115,CDKN1C,LTB,0.0664104
210,323,CDKN1C,SELPLG,0.06552017
210,260,CDKN1C,RHOF,0.05741375
210,556,CDKN1C,ITGB7,0.053493094
210,198,CDKN1C,CMAH,0.052052315
210,327,CDKN1C,PRIM1,0.0503675
210,400,CDKN1C,ANKRD44,0.05005854
210,405,CDKN1C,GIMAP8,0.05000186
210,217,CDKN1C,MYCT1,0.049980268
210,147,CDKN1C,ERP29,0.048683528
210,182,CDKN1C,STK17B,0.04764474
210,174,CDKN1C,PPCDC,0.04758143
210,339,CDKN1C,KCTD12,0.04730405
210,169,CDKN1C,MCM4,0.046623643
210,262,CDKN1C,SSH2,0.04513956
210,47,CDKN1C,LONP2,0.04386664
210,354,CDKN1C,PPP1R15A,0.043340635
210,525,CDKN1C,TXNIP,0.043242816
210,24,CDKN1C,DYNLL1,0.043139227
210,409,CDKN1C,TMEM206,0.04289821
210,79,CDKN1C,MGAT1,0.04206311
210,219,CDKN1C,STARD4,0.041617397
210,497,CDKN1C,ATP8B4,0.041530315
210,441,CDKN1C,MCM7,0.041081883
210,284,CDKN1C,ANXA5,0.039357573
210,119,CDKN1C,PAG1,0.03853936
210,123,CDKN1C,PAFAH2,0.038143814
210,293,CDKN1C,MAML3,0.037073944
210,224,CDKN1C,PLSCR4,0.03675479
210,246,CDKN1C,KLF6,0.035815053
210,102,CDKN1C,FUT8,0.03226623
210,214,CDKN1C,FCHO2,0.027447987
210,180,CDKN1C,RGS2,0.020429842
210,455,CDKN1C,SNAP23,0.019656483
210,197,CDKN1C,POLA2,0.009176115
210,135,CDKN1C,SLBP,0.008542562
210,139,CDKN1C,CCL3,0.004169803
210,86,CDKN1C,METTL7A1,0.0036620277
210,207,CDKN1C,BLNK,0.003652051
210,186,CDKN1C,IL7R,0.0035980085
210,419,CDKN1C,NCF1,0.0035797516
210,319,CDKN1C,CD74,0.0035205
210,63,CDKN1C,ENG,0.003495133
210,294,CDKN1C,TINAGL1,0.0034631386
210,132,CDKN1C,OAS2,0.003389606
210,332,CDKN1C,IPCEF1,0.0033802616
210,417,CDKN1C,UBA7,0.0033369071
210,267,CDKN1C,CLEC12A,0.0033164078
210,172,CDKN1C,EPSTI1,0.003207308
210,526,CDKN1C,SERP1,0.0031820238
225,115,CDT1,LTB,0.04889616
225,323,CDT1,SELPLG,0.046603173
225,224,CDT1,PLSCR4,0.04227875
225,260,CDT1,RHOF,0.04212654
225,197,CDT1,POLA2,0.039431963
225,556,CDT1,ITGB7,0.039151907
225,198,CDT1,CMAH,0.038063724
225,400,CDT1,ANKRD44,0.037099414
225,102,CDT1,FUT8,0.036868997
225,217,CDT1,MYCT1,0.03659823
225,405,CDT1,GIMAP8,0.036582146
225,339,CDT1,KCTD12,0.036484335
225,147,CDT1,ERP29,0.035650138
225,455,CDT1,SNAP23,0.035608783
225,182,CDT1,STK17B,0.034823384
225,180,CDT1,RGS2,0.03450197
225,169,CDT1,MCM4,0.034067426
225,262,CDT1,SSH2,0.032974884
225,47,CDT1,LONP2,0.03212136
225,354,CDT1,PPP1R15A,0.03166537
225,525,CDT1,TXNIP,0.031623017
225,409,CDT1,TMEM206,0.03134009
225,79,CDT1,MGAT1,0.030412542
225,219,CDT1,STARD4,0.030412542
225,497,CDT1,ATP8B4,0.03037105
225,119,CDT1,PAG1,0.028822761
225,24,CDT1,DYNLL1,0.028633948
225,123,CDT1,PAFAH2,0.027893927
225,293,CDT1,MAML3,0.027083056
225,135,CDT1,SLBP,0.026581852
225,246,CDT1,KLF6,0.0261932
225,284,CDT1,ANXA5,0.024649413
225,214,CDT1,FCHO2,0.024456117
225,174,CDT1,PPCDC,0.02415811
225,210,CDT1,CDKN1C,0.022503646
225,327,CDT1,PRIM1,0.015216377
225,441,CDT1,MCM7,0.013755297
225,203,CDT1,CD33,0.0036020777
225,139,CDT1,CCL3,0.0034566529
225,86,CDT1,METTL7A1,0.0030040473
225,207,CDT1,BLNK,0.0029972715
225,186,CDT1,IL7R,0.0029516304
225,419,CDT1,NCF1,0.0029452732
225,319,CDT1,CD74,0.0028964765
225,294,CDT1,TINAGL1,0.002848303
225,132,CDT1,OAS2,0.002795045
225,332,CDT1,IPCEF1,0.0027869334
225,417,CDT1,UBA7,0.0027519173
225,267,CDT1,CLEC12A,0.002732471
225,172,CDT1,EPSTI1,0.0026500355
374,323,CERS4,SELPLG,0.045919444
374,224,CERS4,PLSCR4,0.04183417
374,260,CERS4,RHOF,0.041689914
374,197,CERS4,POLA2,0.03900971
374,556,CERS4,ITGB7,0.038735826
374,198,CERS4,CMAH,0.03764421
374,405,CERS4,GIMAP8,0.037308447
374,102,CERS4,FUT8,0.036456276
374,400,CERS4,ANKRD44,0.036267918
374,217,CERS4,MYCT1,0.036198772
374,147,CERS4,ERP29,0.035271965
374,455,CERS4,SNAP23,0.03516117
374,180,CERS4,RGS2,0.03447762
374,174,CERS4,PPCDC,0.03444218
374,182,CERS4,STK17B,0.03444216
374,327,CERS4,PRIM1,0.034379736
374,339,CERS4,KCTD12,0.034232657
374,169,CERS4,MCM4,0.033689734
374,210,CERS4,CDKN1C,0.033039626
374,47,CERS4,LONP2,0.032766987
374,262,CERS4,SSH2,0.032607563
374,115,CERS4,LTB,0.031816408
374,354,CERS4,PPP1R15A,0.031307526
374,135,CERS4,SLBP,0.03128721
374,525,CERS4,TXNIP,0.031265046
374,409,CERS4,TMEM206,0.030947505
374,79,CERS4,MGAT1,0.03006625
374,219,CERS4,STARD4,0.030058477
374,497,CERS4,ATP8B4,0.030028345
374,441,CERS4,MCM7,0.029670117
374,284,CERS4,ANXA5,0.028416844
374,24,CERS4,DYNLL1,0.028299911
374,293,CERS4,MAML3,0.028148722
374,119,CERS4,PAG1,0.027830066
374,123,CERS4,PAFAH2,0.027422782
374,246,CERS4,KLF6,0.025886513
374,214,CERS4,FCHO2,0.024142198
374,203,CERS4,CD33,0.0035460906
374,139,CERS4,CCL3,0.0033422045
374,86,CERS4,METTL7A1,0.0029556144
374,207,CERS4,BLNK,0.0029437628
374,186,CERS4,IL7R,0.0029045176
374,419,CERS4,NCF1,0.0028973813
374,63,CERS4,ENG,0.002831595
374,294,CERS4,TINAGL1,0.002803424
374,319,CERS4,CD74,0.0027878361
374,132,CERS4,OAS2,0.002772584
374,332,CERS4,IPCEF1,0.0027423252
374,417,CERS4,UBA7,0.0027340879
374,267,CERS4,CLEC12A,0.0026895236
202,115,CFP,LTB,0.027971353
202,323,CFP,SELPLG,0.026613051
202,260,CFP,RHOF,0.024033831
202,224,CFP,PLSCR4,0.024024779
202,197,CFP,POLA2,0.02240164
202,198,CFP,CMAH,0.021525599
202,102,CFP,FUT8,0.020954574
202,400,CFP,ANKRD44,0.020864198
202,217,CFP,MYCT1,0.020844609
202,405,CFP,GIMAP8,0.020735854
202,147,CFP,ERP29,0.020329576
202,455,CFP,SNAP23,0.02021079
202,180,CFP,RGS2,0.02005549
202,327,CFP,PRIM1,0.019782694
202,339,CFP,KCTD12,0.019721055
202,169,CFP,MCM4,0.019613132
202,210,CFP,CDKN1C,0.018996386
202,262,CFP,SSH2,0.018766124
202,47,CFP,LONP2,0.018300638
202,525,CFP,TXNIP,0.018151063
202,135,CFP,SLBP,0.018043634
202,354,CFP,PPP1R15A,0.018028392
202,409,CFP,TMEM206,0.017856138
202,497,CFP,ATP8B4,0.01733645
202,219,CFP,STARD4,0.017332146
202,79,CFP,MGAT1,0.017332137
202,441,CFP,MCM7,0.017111538
202,284,CFP,ANXA5,0.016391989
202,24,CFP,DYNLL1,0.016327173
202,119,CFP,PAG1,0.016061135
202,123,CFP,PAFAH2,0.015912596
202,556,CFP,ITGB7,0.015222709
202,246,CFP,KLF6,0.0149883265
202,214,CFP,FCHO2,0.013841332
202,174,CFP,PPCDC,0.01128983
202,182,CFP,STK17B,0.01128983
202,293,CFP,MAML3,0.0070905443
202,203,CFP,CD33,0.0025208858
202,139,CFP,CCL3,0.0023922077
202,207,CFP,BLNK,0.0021564951
202,86,CFP,METTL7A1,0.0021559321
202,419,CFP,NCF1,0.0021265957
202,186,CFP,IL7R,0.0021214222
202,319,CFP,CD74,0.0020962409
202,63,CFP,ENG,0.0020836608
202,294,CFP,TINAGL1,0.0020507379
202,132,CFP,OAS2,0.0020284788
202,332,CFP,IPCEF1,0.002023425
202,417,CFP,UBA7,0.0020032304
202,172,CFP,EPSTI1,0.0019364505
514,115,CHRNB1,LTB,0.04484531
514,323,CHRNB1,SELPLG,0.042699456
514,224,CHRNB1,PLSCR4,0.038668524
514,197,CHRNB1,POLA2,0.036033083
514,556,CHRNB1,ITGB7,0.035792194
514,198,CHRNB1,CMAH,0.035201564
514,102,CHRNB1,FUT8,0.034342255
514,400,CHRNB1,ANKRD44,0.03341398
514,217,CHRNB1,MYCT1,0.033397082
514,405,CHRNB1,GIMAP8,0.033372816
514,147,CHRNB1,ERP29,0.032521427
514,455,CHRNB1,SNAP23,0.03238839
514,174,CHRNB1,PPCDC,0.032157395
514,327,CHRNB1,PRIM1,0.03171722
514,339,CHRNB1,KCTD12,0.031561468
514,180,CHRNB1,RGS2,0.03140636
514,169,CHRNB1,MCM4,0.031063544
514,210,CHRNB1,CDKN1C,0.030417813
514,262,CHRNB1,SSH2,0.030059632
514,47,CHRNB1,LONP2,0.029259318
514,135,CHRNB1,SLBP,0.028833069
514,354,CHRNB1,PPP1R15A,0.028799519
514,525,CHRNB1,TXNIP,0.028792346
514,409,CHRNB1,TMEM206,0.028550206
514,79,CHRNB1,MGAT1,0.027684718
514,219,CHRNB1,STARD4,0.027684713
514,497,CHRNB1,ATP8B4,0.027658815
514,441,CHRNB1,MCM7,0.027294764
514,284,CHRNB1,ANXA5,0.026134929
514,119,CHRNB1,PAG1,0.025592145
514,123,CHRNB1,PAFAH2,0.025353301
514,246,CHRNB1,KLF6,0.023837727
514,260,CHRNB1,RHOF,0.023687486
514,214,CHRNB1,FCHO2,0.022141911
514,293,CHRNB1,MAML3,0.021571562
514,24,CHRNB1,DYNLL1,0.015346408
514,182,CHRNB1,STK17B,0.006438313
514,203,CHRNB1,CD33,0.003223598
514,139,CHRNB1,CCL3,0.0028825416
514,86,CHRNB1,METTL7A1,0.00269057
514,207,CHRNB1,BLNK,0.0026837182
514,186,CHRNB1,IL7R,0.0026474358
514,419,CHRNB1,NCF1,0.0026332552
514,319,CHRNB1,CD74,0.0025931366
514,63,CHRNB1,ENG,0.0025748229
514,294,CHRNB1,TINAGL1,0.002557178
514,132,CHRNB1,OAS2,0.0025035297
514,332,CHRNB1,IPCEF1,0.002497141
514,417,CHRNB1,UBA7,0.0024677026
514,267,CHRNB1,CLEC12A,0.0024535123
401,115,CIPC,LTB,0.023892794
401,323,CIPC,SELPLG,0.022755383
401,260,CIPC,RHOF,0.020552866
401,197,CIPC,POLA2,0.019151462
401,556,CIPC,ITGB7,0.019054485
401,198,CIPC,CMAH,0.018502805
401,102,CIPC,FUT8,0.017924864
401,400,CIPC,ANKRD44,0.017857274
401,217,CIPC,MYCT1,0.017840507
401,405,CIPC,GIMAP8,0.017785037
401,147,CIPC,ERP29,0.017410487
401,455,CIPC,SNAP23,0.017250124
401,174,CIPC,PPCDC,0.016965972
401,182,CIPC,STK17B,0.016965972
401,327,CIPC,PRIM1,0.01691447
401,339,CIPC,KCTD12,0.016888632
401,180,CIPC,RGS2,0.016717318
401,169,CIPC,MCM4,0.016588822
401,210,CIPC,CDKN1C,0.016254982
401,262,CIPC,SSH2,0.016071582
401,47,CIPC,LONP2,0.01568681
401,135,CIPC,SLBP,0.015464737
401,354,CIPC,PPP1R15A,0.015446313
401,497,CIPC,ATP8B4,0.015027765
401,224,CIPC,PLSCR4,0.014985538
401,79,CIPC,MGAT1,0.0148569755
401,219,CIPC,STARD4,0.014838562
401,441,CIPC,MCM7,0.014672111
401,284,CIPC,ANXA5,0.014018091
401,24,CIPC,DYNLL1,0.014002875
401,525,CIPC,TXNIP,0.013985952
401,119,CIPC,PAG1,0.013729355
401,123,CIPC,PAFAH2,0.013601342
401,246,CIPC,KLF6,0.01278054
401,214,CIPC,FCHO2,0.011797184
401,409,CIPC,TMEM206,0.011191189
401,293,CIPC,MAML3,0.008383893
401,203,CIPC,CD33,0.0022217287
401,139,CIPC,CCL3,0.0021163498
401,207,CIPC,BLNK,0.0020031722
401,86,CIPC,METTL7A1,0.002001695
401,419,CIPC,NCF1,0.001976897
401,186,CIPC,IL7R,0.0019674283
401,63,CIPC,ENG,0.0019384281
401,294,CIPC,TINAGL1,0.0019121644
401,132,CIPC,OAS2,0.0019019663
401,332,CIPC,IPCEF1,0.00188445
401,417,CIPC,UBA7,0.0018653513
401,267,CIPC,CLEC12A,0.0018553275
401,319,CIPC,CD74,0.0018348038
424,323,CISH,SELPLG,0.036650192
424,115,CISH,LTB,0.033988886
424,224,CISH,PLSCR4,0.033144835
424,260,CISH,RHOF,0.033075776
424,197,CISH,POLA2,0.030891154
424,556,CISH,ITGB7,0.030695522
424,198,CISH,CMAH,0.029797664
424,102,CISH,FUT8,0.028871635
424,400,CISH,ANKRD44,0.028713575
424,217,CISH,MYCT1,0.02868113
424,405,CISH,GIMAP8,0.028628804
424,147,CISH,ERP29,0.027946543
424,455,CISH,SNAP23,0.027832182
424,182,CISH,STK17B,0.027272567
424,327,CISH,PRIM1,0.02722527
424,339,CISH,KCTD12,0.027113952
424,180,CISH,RGS2,0.026981823
424,169,CISH,MCM4,0.026667925
424,210,CISH,CDKN1C,0.026105126
424,262,CISH,SSH2,0.025811277
424,47,CISH,LONP2,0.025147734
424,135,CISH,SLBP,0.024780154
424,354,CISH,PPP1R15A,0.024778828
424,525,CISH,TXNIP,0.024755035
424,409,CISH,TMEM206,0.024531461
424,441,CISH,MCM7,0.02431845
424,497,CISH,ATP8B4,0.024135988
424,79,CISH,MGAT1,0.02371176
424,284,CISH,ANXA5,0.022486808
424,24,CISH,DYNLL1,0.022401275
424,119,CISH,PAG1,0.021999976
424,123,CISH,PAFAH2,0.021820921
424,293,CISH,MAML3,0.021169916
424,246,CISH,KLF6,0.020507872
424,174,CISH,PPCDC,0.018647382
424,219,CISH,STARD4,0.013707446
424,214,CISH,FCHO2,0.011507905
424,203,CISH,CD33,0.0030089598
424,139,CISH,CCL3,0.002842665
424,86,CISH,METTL7A1,0.0025460313
424,207,CISH,BLNK,0.0025229705
424,186,CISH,IL7R,0.0024869791
424,419,CISH,NCF1,0.0024807565
424,319,CISH,CD74,0.0024388512
424,63,CISH,ENG,0.0024282155
424,294,CISH,TINAGL1,0.0024046174
424,132,CISH,OAS2,0.0023593453
424,332,CISH,IPCEF1,0.0023530808
424,417,CISH,UBA7,0.0023265025
424,267,CISH,CLEC12A,0.002313019
555,115,CKS1B,LTB,0.044474047
555,323,CKS1B,SELPLG,0.042380173
555,224,CKS1B,PLSCR4,0.038407296
555,260,CKS1B,RHOF,0.03829168
555,556,CKS1B,ITGB7,0.03583531
555,197,CKS1B,POLA2,0.035770826
555,198,CKS1B,CMAH,0.03457539
555,102,CKS1B,FUT8,0.033493467
555,217,CKS1B,MYCT1,0.033258162
555,405,CKS1B,GIMAP8,0.033208415
555,147,CKS1B,ERP29,0.032404665
555,455,CKS1B,SNAP23,0.03230428
555,174,CKS1B,PPCDC,0.031642143
555,182,CKS1B,STK17B,0.031642135
555,327,CKS1B,PRIM1,0.03158581
555,339,CKS1B,KCTD12,0.03145216
555,180,CKS1B,RGS2,0.03133285
555,169,CKS1B,MCM4,0.0309525
555,210,CKS1B,CDKN1C,0.030359758
555,262,CKS1B,SSH2,0.029961726
555,47,CKS1B,LONP2,0.029190721
555,354,CKS1B,PPP1R15A,0.028771767
555,135,CKS1B,SLBP,0.028760381
555,525,CKS1B,TXNIP,0.028714279
555,79,CKS1B,MGAT1,0.028571675
555,409,CKS1B,TMEM206,0.028480364
555,219,CKS1B,STARD4,0.027640285
555,497,CKS1B,ATP8B4,0.027608585
555,441,CKS1B,MCM7,0.027276503
555,284,CKS1B,ANXA5,0.02613407
555,24,CKS1B,DYNLL1,0.026026988
555,119,CKS1B,PAG1,0.025591461
555,293,CKS1B,MAML3,0.024619833
555,246,CKS1B,KLF6,0.023822883
555,400,CKS1B,ANKRD44,0.02320684
555,214,CKS1B,FCHO2,0.022227054
555,123,CKS1B,PAFAH2,0.015309502
555,139,CKS1B,CCL3,0.0032131579
555,203,CKS1B,CD33,0.003209043
555,207,CKS1B,BLNK,0.002844669
555,419,CKS1B,NCF1,0.0027994877
555,186,CKS1B,IL7R,0.002799437
555,86,CKS1B,METTL7A1,0.0027886024
555,319,CKS1B,CD74,0.0027523949
555,63,CKS1B,ENG,0.0027360325
555,294,CKS1B,TINAGL1,0.002704949
555,132,CKS1B,OAS2,0.0026585713
555,417,CKS1B,UBA7,0.0026169764
555,172,CKS1B,EPSTI1,0.0025219447
555,276,CKS1B,H2-Q6,0.0024870466
267,115,CLEC12A,LTB,0.02330356
267,323,CLEC12A,SELPLG,0.022196291
267,224,CLEC12A,PLSCR4,0.020031858
267,260,CLEC12A,RHOF,0.019994382
267,197,CLEC12A,POLA2,0.018693594
267,198,CLEC12A,CMAH,0.018064514
267,102,CLEC12A,FUT8,0.017490529
267,217,CLEC12A,MYCT1,0.017424606
267,400,CLEC12A,ANKRD44,0.017423747
267,405,CLEC12A,GIMAP8,0.01736558
267,147,CLEC12A,ERP29,0.017007457
267,455,CLEC12A,SNAP23,0.016808154
267,182,CLEC12A,STK17B,0.016683327
267,327,CLEC12A,PRIM1,0.016540552
267,339,CLEC12A,KCTD12,0.016499244
267,180,CLEC12A,RGS2,0.016289797
267,169,CLEC12A,MCM4,0.016205722
267,210,CLEC12A,CDKN1C,0.01584154
267,262,CLEC12A,SSH2,0.015702669
267,47,CLEC12A,LONP2,0.0152951395
267,525,CLEC12A,TXNIP,0.015102843
267,354,CLEC12A,PPP1R15A,0.015097311
267,409,CLEC12A,TMEM206,0.014955725
267,497,CLEC12A,ATP8B4,0.014533674
267,219,CLEC12A,STARD4,0.014524559
267,79,CLEC12A,MGAT1,0.014524552
267,441,CLEC12A,MCM7,0.014336309
267,24,CLEC12A,DYNLL1,0.013654087
267,284,CLEC12A,ANXA5,0.013648039
267,119,CLEC12A,PAG1,0.0133810975
267,123,CLEC12A,PAFAH2,0.013256667
267,293,CLEC12A,MAML3,0.012828108
267,556,CLEC12A,ITGB7,0.012769854
267,246,CLEC12A,KLF6,0.012461496
267,174,CLEC12A,PPCDC,0.01135006
267,214,CLEC12A,FCHO2,0.00896629
267,135,CLEC12A,SLBP,0.008378036
267,203,CLEC12A,CD33,0.0023292946
267,207,CLEC12A,BLNK,0.002010849
267,86,CLEC12A,METTL7A1,0.0020010008
267,419,CLEC12A,NCF1,0.0019861658
267,186,CLEC12A,IL7R,0.0019767776
267,319,CLEC12A,CD74,0.0019570189
267,63,CLEC12A,ENG,0.001947416
267,294,CLEC12A,TINAGL1,0.0019188438
267,132,CLEC12A,OAS2,0.0018997535
267,332,CLEC12A,IPCEF1,0.0018928078
267,139,CLEC12A,CCL3,0.0018312382
267,172,CLEC12A,EPSTI1,0.001814165
267,276,CLEC12A,H2-Q6,0.0017998472
540,323,CLIP3,SELPLG,0.027004614
540,115,CLIP3,LTB,0.024893876
540,260,CLIP3,RHOF,0.024356391
540,197,CLIP3,POLA2,0.02273226
540,556,CLIP3,ITGB7,0.022584168
540,198,CLIP3,CMAH,0.021931361
540,102,CLIP3,FUT8,0.02123944
540,400,CLIP3,ANKRD44,0.021142982
540,217,CLIP3,MYCT1,0.021128071
540,405,CLIP3,GIMAP8,0.021065598
540,147,CLIP3,ERP29,0.020603618
540,455,CLIP3,SNAP23,0.020505749
540,174,CLIP3,PPCDC,0.020079931
540,182,CLIP3,STK17B,0.020079913
540,327,CLIP3,PRIM1,0.020045446
540,180,CLIP3,RGS2,0.019861704
540,169,CLIP3,MCM4,0.019634672
540,210,CLIP3,CDKN1C,0.019253306
540,262,CLIP3,SSH2,0.01901116
540,47,CLIP3,LONP2,0.018542264
540,135,CLIP3,SLBP,0.018274272
540,354,CLIP3,PPP1R15A,0.018262362
540,525,CLIP3,TXNIP,0.018260278
540,409,CLIP3,TMEM206,0.018083729
540,497,CLIP3,ATP8B4,0.01755428
540,219,CLIP3,STARD4,0.017553793
540,441,CLIP3,MCM7,0.017457101
540,284,CLIP3,ANXA5,0.01659914
540,24,CLIP3,DYNLL1,0.016535627
540,119,CLIP3,PAG1,0.016261633
540,293,CLIP3,MAML3,0.015638378
540,123,CLIP3,PAFAH2,0.014278383
540,214,CLIP3,FCHO2,0.0140858665
540,79,CLIP3,MGAT1,0.012578569
540,339,CLIP3,KCTD12,0.011961718
540,224,CLIP3,PLSCR4,0.009725825
540,246,CLIP3,KLF6,0.007533453
540,203,CLIP3,CD33,0.0024197672
540,139,CLIP3,CCL3,0.0024134447
540,419,CLIP3,NCF1,0.0023000457
540,207,CLIP3,BLNK,0.002173554
540,86,CLIP3,METTL7A1,0.0021726638
540,186,CLIP3,IL7R,0.0021368687
540,319,CLIP3,CD74,0.002112793
540,63,CLIP3,ENG,0.0021008223
540,294,CLIP3,TINAGL1,0.0020699245
540,132,CLIP3,OAS2,0.0020439064
540,332,CLIP3,IPCEF1,0.0020384756
540,267,CLIP3,CLEC12A,0.0020038013
540,172,CLIP3,EPSTI1,0.0019493818
198,115,CMAH,LTB,0.13999207
198,323,CMAH,SELPLG,0.13438863
198,224,CMAH,PLSCR4,0.124770425
198,260,CMAH,RHOF,0.12357468
198,197,CMAH,POLA2,0.11748656
198,102,CMAH,FUT8,0.11063566
198,400,CMAH,ANKRD44,0.109614156
198,405,CMAH,GIMAP8,0.109442584
198,217,CMAH,MYCT1,0.1092895
198,180,CMAH,RGS2,0.10719993
198,147,CMAH,ERP29,0.10661023
198,455,CMAH,SNAP23,0.10659247
198,327,CMAH,PRIM1,0.10480638
198,169,CMAH,MCM4,0.10417456
198,339,CMAH,KCTD12,0.104101
198,210,CMAH,CDKN1C,0.10121663
198,262,CMAH,SSH2,0.10009316
198,47,CMAH,LONP2,0.097417645
198,525,CMAH,TXNIP,0.09668005
198,354,CMAH,PPP1R15A,0.09642381
198,135,CMAH,SLBP,0.096086666
198,409,CMAH,TMEM206,0.09552153
198,219,CMAH,STARD4,0.09284192
198,79,CMAH,MGAT1,0.092841886
198,497,CMAH,ATP8B4,0.09249238
198,441,CMAH,MCM7,0.09181471
198,284,CMAH,ANXA5,0.08824547
198,24,CMAH,DYNLL1,0.08773751
198,119,CMAH,PAG1,0.08657457
198,123,CMAH,PAFAH2,0.08581
198,556,CMAH,ITGB7,0.08269603
198,246,CMAH,KLF6,0.08068129
198,214,CMAH,FCHO2,0.075725846
198,174,CMAH,PPCDC,0.068922125
198,182,CMAH,STK17B,0.06892211
198,293,CMAH,MAML3,0.032806415
198,203,CMAH,CD33,0.008327285
198,139,CMAH,CCL3,0.0077334563
198,86,CMAH,METTL7A1,0.0067050667
198,207,CMAH,BLNK,0.006680249
198,186,CMAH,IL7R,0.0066038645
198,419,CMAH,NCF1,0.006472284
198,319,CMAH,CD74,0.006397538
198,63,CMAH,ENG,0.0063308924
198,294,CMAH,TINAGL1,0.0062471237
198,132,CMAH,OAS2,0.0061160675
198,332,CMAH,IPCEF1,0.00610893
198,417,CMAH,UBA7,0.00604725
198,172,CMAH,EPSTI1,0.0057879877
198,276,CMAH,H2-Q6,0.005681291
536,323,CNN3,SELPLG,0.03388533
536,115,CNN3,LTB,0.031266093
536,260,CNN3,RHOF,0.030572198
536,197,CNN3,POLA2,0.02856272
536,556,CNN3,ITGB7,0.028364193
536,198,CNN3,CMAH,0.027543364
536,102,CNN3,FUT8,0.026673585
536,400,CNN3,ANKRD44,0.02653667
536,217,CNN3,MYCT1,0.02650577
536,405,CNN3,GIMAP8,0.026452336
536,147,CNN3,ERP29,0.02583364
536,455,CNN3,SNAP23,0.025733838
536,174,CNN3,PPCDC,0.025201896
536,182,CNN3,STK17B,0.025201874
536,327,CNN3,PRIM1,0.025157
536,180,CNN3,RGS2,0.024926128
536,169,CNN3,MCM4,0.02464021
536,210,CNN3,CDKN1C,0.024146546
536,262,CNN3,SSH2,0.0238509
536,47,CNN3,LONP2,0.02324292
536,135,CNN3,SLBP,0.022905363
536,354,CNN3,PPP1R15A,0.022898085
536,525,CNN3,TXNIP,0.022880916
536,409,CNN3,TMEM206,0.02267285
536,219,CNN3,STARD4,0.021998262
536,497,CNN3,ATP8B4,0.02198968
536,441,CNN3,MCM7,0.021882007
536,284,CNN3,ANXA5,0.020784799
536,24,CNN3,DYNLL1,0.020703917
536,119,CNN3,PAG1,0.020359898
536,293,CNN3,MAML3,0.019566575
536,214,CNN3,FCHO2,0.017671527
536,123,CNN3,PAFAH2,0.017059952
536,79,CNN3,MGAT1,0.015435874
536,339,CNN3,KCTD12,0.01508223
536,224,CNN3,PLSCR4,0.011728495
536,246,CNN3,KLF6,0.008953355
536,203,CNN3,CD33,0.0027084346
536,139,CNN3,CCL3,0.0027073321
536,419,CNN3,NCF1,0.0025506588
536,86,CNN3,METTL7A1,0.002414292
536,207,CNN3,BLNK,0.0024108274
536,186,CNN3,IL7R,0.0023751932
536,319,CNN3,CD74,0.0023375377
536,63,CNN3,ENG,0.002322526
536,294,CNN3,TINAGL1,0.0022989123
536,132,CNN3,OAS2,0.0022578246
536,332,CNN3,IPCEF1,0.002252173
536,267,CNN3,CLEC12A,0.0022137836
536,172,CNN3,EPSTI1,0.0021508397
3,115,COL4A1,LTB,0.014835057
3,323,COL4A1,SELPLG,0.01413314
3,260,COL4A1,RHOF,0.012775012
3,224,COL4A1,PLSCR4,0.012748226
3,197,COL4A1,POLA2,0.011908024
3,556,COL4A1,ITGB7,0.011862306
3,405,COL4A1,GIMAP8,0.01164757
3,198,COL4A1,CMAH,0.011515046
3,102,COL4A1,FUT8,0.011159121
3,400,COL4A1,ANKRD44,0.011138299
3,217,COL4A1,MYCT1,0.011118725
3,147,COL4A1,ERP29,0.010866316
3,455,COL4A1,SNAP23,0.01074036
3,174,COL4A1,PPCDC,0.010590466
3,182,COL4A1,STK17B,0.010590466
3,327,COL4A1,PRIM1,0.01056632
3,339,COL4A1,KCTD12,0.01054622
3,180,COL4A1,RGS2,0.01038853
3,169,COL4A1,MCM4,0.010366121
3,210,COL4A1,CDKN1C,0.0100896815
3,262,COL4A1,SSH2,0.010023455
3,47,COL4A1,LONP2,0.009759602
3,525,COL4A1,TXNIP,0.009674035
3,135,COL4A1,SLBP,0.009635272
3,354,COL4A1,PPP1R15A,0.009602707
3,79,COL4A1,MGAT1,0.009228063
3,219,COL4A1,STARD4,0.009228063
3,24,COL4A1,DYNLL1,0.00873416
3,284,COL4A1,ANXA5,0.008702133
3,119,COL4A1,PAG1,0.008531604
3,293,COL4A1,MAML3,0.008245919
3,246,COL4A1,KLF6,0.008039611
3,214,COL4A1,FCHO2,0.007520323
3,441,COL4A1,MCM7,0.0055899965
3,409,COL4A1,TMEM206,0.005032008
3,497,COL4A1,ATP8B4,0.004635754
3,123,COL4A1,PAFAH2,0.004442726
3,203,COL4A1,CD33,0.0017930238
3,139,COL4A1,CCL3,0.0017127376
3,207,COL4A1,BLNK,0.0015797188
3,86,COL4A1,METTL7A1,0.0015757807
3,419,COL4A1,NCF1,0.0015596739
3,186,COL4A1,IL7R,0.0015541879
3,319,COL4A1,CD74,0.0015438551
3,63,COL4A1,ENG,0.0015336645
3,294,COL4A1,TINAGL1,0.0015138187
3,132,COL4A1,OAS2,0.0014986942
3,332,COL4A1,IPCEF1,0.0014962943
3,417,COL4A1,UBA7,0.0014858949
3,267,COL4A1,CLEC12A,0.0014715279
116,115,COL4A2,LTB,0.03799879
116,323,COL4A2,SELPLG,0.03620913
116,224,COL4A2,PLSCR4,0.032748435
116,260,COL4A2,RHOF,0.032688104
116,556,COL4A2,ITGB7,0.030342173
116,198,COL4A2,CMAH,0.029481051
116,102,COL4A2,FUT8,0.028556194
116,400,COL4A2,ANKRD44,0.028539704
116,217,COL4A2,MYCT1,0.028381618
116,405,COL4A2,GIMAP8,0.028317846
116,147,COL4A2,ERP29,0.027672857
116,455,COL4A2,SNAP23,0.02756924
116,174,COL4A2,PPCDC,0.026987705
116,182,COL4A2,STK17B,0.026987694
116,327,COL4A2,PRIM1,0.026939426
116,180,COL4A2,RGS2,0.026726842
116,169,COL4A2,MCM4,0.026396185
116,210,COL4A2,CDKN1C,0.025873488
116,262,COL4A2,SSH2,0.025554888
116,47,COL4A2,LONP2,0.024915166
116,354,COL4A2,PPP1R15A,0.02454715
116,135,COL4A2,SLBP,0.02454645
116,525,COL4A2,TXNIP,0.024533812
116,219,COL4A2,STARD4,0.023604488
116,79,COL4A2,MGAT1,0.023586009
116,497,COL4A2,ATP8B4,0.023572966
116,441,COL4A2,MCM7,0.0232783
116,284,COL4A2,ANXA5,0.022306755
116,24,COL4A2,DYNLL1,0.022215331
116,119,COL4A2,PAG1,0.021848403
116,123,COL4A2,PAFAH2,0.02164499
116,293,COL4A2,MAML3,0.021016827
116,246,COL4A2,KLF6,0.020354476
116,339,COL4A2,KCTD12,0.020271253
116,214,COL4A2,FCHO2,0.018886264
116,409,COL4A2,TMEM206,0.016415216
116,197,COL4A2,POLA2,0.011960653
116,203,COL4A2,CD33,0.0030873753
116,139,COL4A2,CCL3,0.0029221352
116,207,COL4A2,BLNK,0.0026011865
116,419,COL4A2,NCF1,0.0025639564
116,186,COL4A2,IL7R,0.002558458
116,319,COL4A2,CD74,0.00252105
116,294,COL4A2,TINAGL1,0.0024765204
116,132,COL4A2,OAS2,0.0024384197
116,332,COL4A2,IPCEF1,0.0024310192
116,417,COL4A2,UBA7,0.002398168
116,267,COL4A2,CLEC12A,0.0023846691
116,63,COL4A2,ENG,0.0023240414
116,172,COL4A2,EPSTI1,0.0023137915
10,115,COQ8A,LTB,0.026012512
10,260,COQ8A,RHOF,0.022329772
10,224,COQ8A,PLSCR4,0.02232796
10,197,COQ8A,POLA2,0.020809736
10,556,COQ8A,ITGB7,0.02069246
10,198,COQ8A,CMAH,0.02009219
10,102,COQ8A,FUT8,0.019457795
10,400,COQ8A,ANKRD44,0.019384574
10,217,COQ8A,MYCT1,0.01935066
10,405,COQ8A,GIMAP8,0.019258723
10,147,COQ8A,ERP29,0.018873267
10,455,COQ8A,SNAP23,0.01875505
10,174,COQ8A,PPCDC,0.01840356
10,182,COQ8A,STK17B,0.018403547
10,327,COQ8A,PRIM1,0.018366707
10,339,COQ8A,KCTD12,0.018306041
10,180,COQ8A,RGS2,0.018167242
10,169,COQ8A,MCM4,0.017983498
10,262,COQ8A,SSH2,0.017628701
10,47,COQ8A,LONP2,0.016978536
10,354,COQ8A,PPP1R15A,0.016721169
10,525,COQ8A,TXNIP,0.016715946
10,409,COQ8A,TMEM206,0.016569253
10,497,COQ8A,ATP8B4,0.016085077
10,79,COQ8A,MGAT1,0.016072834
10,219,COQ8A,STARD4,0.016072834
10,441,COQ8A,MCM7,0.015878337
10,284,COQ8A,ANXA5,0.015185398
10,24,COQ8A,DYNLL1,0.015137167
10,119,COQ8A,PAG1,0.014883834
10,293,COQ8A,MAML3,0.014291348
10,246,COQ8A,KLF6,0.013980805
10,210,COQ8A,CDKN1C,0.012986928
10,214,COQ8A,FCHO2,0.012818294
10,135,COQ8A,SLBP,0.012114855
10,123,COQ8A,PAFAH2,0.008800646
10,323,COQ8A,SELPLG,0.0050132493
10,203,COQ8A,CD33,0.00233372
10,207,COQ8A,BLNK,0.0020015095
10,86,COQ8A,METTL7A1,0.0020010162
10,186,COQ8A,IL7R,0.0019716788
10,419,COQ8A,NCF1,0.001970572
10,319,COQ8A,CD74,0.001943016
10,63,COQ8A,ENG,0.0019323142
10,294,COQ8A,TINAGL1,0.0019121316
10,132,COQ8A,OAS2,0.0018832684
10,332,COQ8A,IPCEF1,0.0018793894
10,417,COQ8A,UBA7,0.0018624807
10,267,COQ8A,CLEC12A,0.0018502834
10,172,COQ8A,EPSTI1,0.0018020254
322,115,CORO7,LTB,0.014176038
322,323,CORO7,SELPLG,0.013507937
322,260,CORO7,RHOF,0.012215312
322,224,CORO7,PLSCR4,0.012188023
322,197,CORO7,POLA2,0.011388419
322,556,CORO7,ITGB7,0.011346604
322,198,CORO7,CMAH,0.011014531
322,102,CORO7,FUT8,0.010678927
322,400,CORO7,ANKRD44,0.010658106
322,217,CORO7,MYCT1,0.01064487
322,405,CORO7,GIMAP8,0.010606817
322,147,CORO7,ERP29,0.010390746
322,455,CORO7,SNAP23,0.010243258
322,174,CORO7,PPCDC,0.01012848
322,182,CORO7,STK17B,0.010128475
322,327,CORO7,PRIM1,0.010112167
322,180,CORO7,RGS2,0.009903023
322,169,CORO7,MCM4,0.0098823
322,210,CORO7,CDKN1C,0.009619909
322,47,CORO7,LONP2,0.009311319
322,135,CORO7,SLBP,0.009193668
322,525,CORO7,TXNIP,0.009162044
322,354,CORO7,PPP1R15A,0.009161278
322,409,CORO7,TMEM206,0.009079132
322,497,CORO7,ATP8B4,0.008819855
322,79,CORO7,MGAT1,0.008812158
322,219,CORO7,STARD4,0.008805697
322,24,CORO7,DYNLL1,0.008330475
322,284,CORO7,ANXA5,0.0083014695
322,119,CORO7,PAG1,0.008140001
322,293,CORO7,MAML3,0.007872996
322,214,CORO7,FCHO2,0.0075964383
322,246,CORO7,KLF6,0.0071713934
322,123,CORO7,PAFAH2,0.006312677
322,339,CORO7,KCTD12,0.006198933
322,262,CORO7,SSH2,0.005977601
322,441,CORO7,MCM7,0.0026933854
322,203,CORO7,CD33,0.0017532835
322,139,CORO7,CCL3,0.0016763173
322,207,CORO7,BLNK,0.0015490567
322,419,CORO7,NCF1,0.0015286389
322,186,CORO7,IL7R,0.0015261401
322,319,CORO7,CD74,0.0015144539
322,63,CORO7,ENG,0.0015042201
322,294,CORO7,TINAGL1,0.0014879254
322,132,CORO7,OAS2,0.0014705502
322,332,CORO7,IPCEF1,0.0014683651
322,417,CORO7,UBA7,0.0014585741
322,267,CORO7,CLEC12A,0.0014519264
322,172,CORO7,EPSTI1,0.0014167933
421,323,CPNE8,SELPLG,0.012556426
421,115,CPNE8,LTB,0.011685985
421,260,CPNE8,RHOF,0.011375391
421,224,CPNE8,PLSCR4,0.011360885
421,197,CPNE8,POLA2,0.0106259445
421,556,CPNE8,ITGB7,0.01058646
421,198,CPNE8,CMAH,0.010274051
421,102,CPNE8,FUT8,0.009972807
421,400,CPNE8,ANKRD44,0.009950915
421,217,CPNE8,MYCT1,0.009925687
421,405,CPNE8,GIMAP8,0.009906877
421,147,CPNE8,ERP29,0.009699752
421,455,CPNE8,SNAP23,0.009584886
421,182,CPNE8,STK17B,0.009473119
421,327,CPNE8,PRIM1,0.009451747
421,339,CPNE8,KCTD12,0.009425167
421,180,CPNE8,RGS2,0.009300821
421,169,CPNE8,MCM4,0.009262971
421,210,CPNE8,CDKN1C,0.00904836
421,262,CPNE8,SSH2,0.008991553
421,47,CPNE8,LONP2,0.008776964
421,135,CPNE8,SLBP,0.00867112
421,354,CPNE8,PPP1R15A,0.008644096
421,525,CPNE8,TXNIP,0.008635238
421,409,CPNE8,TMEM206,0.008568342
421,441,CPNE8,MCM7,0.008536478
421,497,CPNE8,ATP8B4,0.008445355
421,79,CPNE8,MGAT1,0.008282424
421,24,CPNE8,DYNLL1,0.007840343
421,284,CPNE8,ANXA5,0.007821774
421,119,CPNE8,PAG1,0.0076659257
421,123,CPNE8,PAFAH2,0.007605643
421,293,CPNE8,MAML3,0.0074048857
421,246,CPNE8,KLF6,0.0072261454
421,174,CPNE8,PPCDC,0.006803358
421,219,CPNE8,STARD4,0.005002413
421,214,CPNE8,FCHO2,0.004470137
421,203,CPNE8,CD33,0.0016868431
421,139,CPNE8,CCL3,0.0016117494
421,86,CPNE8,METTL7A1,0.0014980021
421,207,CPNE8,BLNK,0.0014921806
421,186,CPNE8,IL7R,0.0014740917
421,419,CPNE8,NCF1,0.0014677605
421,319,CPNE8,CD74,0.0014555723
421,63,CPNE8,ENG,0.0014464959
421,294,CPNE8,TINAGL1,0.0014351133
421,132,CPNE8,OAS2,0.0014156037
421,332,CPNE8,IPCEF1,0.0014145613
421,417,CPNE8,UBA7,0.0014068318
421,267,CPNE8,CLEC12A,0.0014038753
434,115,CPQ,LTB,0.08599112
434,323,CPQ,SELPLG,0.08214365
434,224,CPQ,PLSCR4,0.075361036
434,260,CPQ,RHOF,0.07478781
434,197,CPQ,POLA2,0.0705648
434,556,CPQ,ITGB7,0.06990741
434,198,CPQ,CMAH,0.06818164
434,102,CPQ,FUT8,0.066117935
434,400,CPQ,ANKRD44,0.065529406
434,217,CPQ,MYCT1,0.06551026
434,405,CPQ,GIMAP8,0.06543819
434,455,CPQ,SNAP23,0.063828245
434,147,CPQ,ERP29,0.0637463
434,174,CPQ,PPCDC,0.062527165
434,182,CPQ,STK17B,0.06252715
434,327,CPQ,PRIM1,0.062444825
434,180,CPQ,RGS2,0.062158242
434,169,CPQ,MCM4,0.06130129
434,210,CPQ,CDKN1C,0.06029632
434,262,CPQ,SSH2,0.05939851
434,47,CPQ,LONP2,0.057775456
434,354,CPQ,PPP1R15A,0.057083715
434,525,CPQ,TXNIP,0.056977447
434,135,CPQ,SLBP,0.056958225
434,409,CPQ,TMEM206,0.056522265
434,219,CPQ,STARD4,0.054939497
434,497,CPQ,ATP8B4,0.05474791
434,441,CPQ,MCM7,0.054225877
434,284,CPQ,ANXA5,0.05212812
434,24,CPQ,DYNLL1,0.051879466
434,119,CPQ,PAG1,0.05106856
434,123,CPQ,PAFAH2,0.05060426
434,293,CPQ,MAML3,0.049330838
434,246,CPQ,KLF6,0.04752148
434,214,CPQ,FCHO2,0.04523872
434,339,CPQ,KCTD12,0.043398716
434,79,CPQ,MGAT1,0.038777266
434,139,CPQ,CCL3,0.0057361345
434,86,CPQ,METTL7A1,0.0050209113
434,207,CPQ,BLNK,0.005010646
434,186,CPQ,IL7R,0.0049264873
434,419,CPQ,NCF1,0.0049080225
434,319,CPQ,CD74,0.0048266975
434,63,CPQ,ENG,0.0047941864
434,294,CPQ,TINAGL1,0.0047258185
434,132,CPQ,OAS2,0.0046352367
434,267,CPQ,CLEC12A,0.004527065
434,172,CPQ,EPSTI1,0.004378101
434,276,CPQ,H2-Q6,0.004318789
434,417,CPQ,UBA7,0.00431518
54,115,CPXM1,LTB,0.016431583
54,323,CPXM1,SELPLG,0.015650185
54,260,CPXM1,RHOF,0.014134774
54,224,CPXM1,PLSCR4,0.014090132
54,556,CPXM1,ITGB7,0.013116999
54,198,CPXM1,CMAH,0.012732055
54,102,CPXM1,FUT8,0.01233861
54,400,CPXM1,ANKRD44,0.012308279
54,217,CPXM1,MYCT1,0.012288909
54,147,CPXM1,ERP29,0.012006039
54,455,CPXM1,SNAP23,0.011889069
54,174,CPXM1,PPCDC,0.011698052
54,182,CPXM1,STK17B,0.011684725
54,327,CPXM1,PRIM1,0.01167211
54,339,CPXM1,KCTD12,0.011658432
54,169,CPXM1,MCM4,0.011513846
54,180,CPXM1,RGS2,0.011508057
54,405,CPXM1,GIMAP8,0.011312666
54,262,CPXM1,SSH2,0.011217766
54,210,CPXM1,CDKN1C,0.011168491
54,47,CPXM1,LONP2,0.010868859
54,135,CPXM1,SLBP,0.010642797
54,525,CPXM1,TXNIP,0.010609198
54,409,CPXM1,TMEM206,0.010524264
54,497,CPXM1,ATP8B4,0.010202316
54,441,CPXM1,MCM7,0.010035528
54,119,CPXM1,PAG1,0.0096071735
54,284,CPXM1,ANXA5,0.009583882
54,24,CPXM1,DYNLL1,0.009578923
54,79,CPXM1,MGAT1,0.009395115
54,123,CPXM1,PAFAH2,0.009297562
54,293,CPXM1,MAML3,0.009038758
54,246,CPXM1,KLF6,0.008907418
54,214,CPXM1,FCHO2,0.008256622
54,354,CPXM1,PPP1R15A,0.0065393085
54,197,CPXM1,POLA2,0.0062732343
54,219,CPXM1,STARD4,0.0062613133
54,203,CPXM1,CD33,0.0018772163
54,139,CPXM1,CCL3,0.0017923898
54,207,CPXM1,BLNK,0.0016473847
54,86,CPXM1,METTL7A1,0.0016437216
54,419,CPXM1,NCF1,0.0016273367
54,186,CPXM1,IL7R,0.0016199658
54,319,CPXM1,CD74,0.0016089581
54,294,CPXM1,TINAGL1,0.0015770392
54,132,CPXM1,OAS2,0.0015613909
54,332,CPXM1,IPCEF1,0.0015584759
54,417,CPXM1,UBA7,0.0015463524
54,267,CPXM1,CLEC12A,0.0015389037
54,276,CPXM1,H2-Q6,0.0014910337
544,115,CRACR2B,LTB,0.020647116
544,323,CRACR2B,SELPLG,0.019583758
544,260,CRACR2B,RHOF,0.017745823
544,224,CRACR2B,PLSCR4,0.017664475
544,556,CRACR2B,ITGB7,0.016453492
544,198,CRACR2B,CMAH,0.01599579
544,147,CRACR2B,ERP29,0.015757633
544,102,CRACR2B,FUT8,0.015504237
544,217,CRACR2B,MYCT1,0.015463748
544,400,CRACR2B,ANKRD44,0.015437585
544,405,CRACR2B,GIMAP8,0.015342857
544,455,CRACR2B,SNAP23,0.014951741
544,327,CRACR2B,PRIM1,0.014695104
544,174,CRACR2B,PPCDC,0.014663103
544,182,CRACR2B,STK17B,0.014663103
544,339,CRACR2B,KCTD12,0.0145759275
544,169,CRACR2B,MCM4,0.014377011
544,210,CRACR2B,CDKN1C,0.014078042
544,262,CRACR2B,SSH2,0.013931624
544,47,CRACR2B,LONP2,0.013575673
544,135,CRACR2B,SLBP,0.013433481
544,354,CRACR2B,PPP1R15A,0.0134083135
544,409,CRACR2B,TMEM206,0.013256312
544,219,CRACR2B,STARD4,0.012951123
544,79,CRACR2B,MGAT1,0.0129511105
544,497,CRACR2B,ATP8B4,0.012920327
544,441,CRACR2B,MCM7,0.012735185
544,180,CRACR2B,RGS2,0.012616036
544,197,CRACR2B,POLA2,0.012491511
544,24,CRACR2B,DYNLL1,0.012286642
544,284,CRACR2B,ANXA5,0.012227146
544,293,CRACR2B,MAML3,0.012119507
544,119,CRACR2B,PAG1,0.012000514
544,525,CRACR2B,TXNIP,0.011936317
544,123,CRACR2B,PAFAH2,0.011907911
544,246,CRACR2B,KLF6,0.011297806
544,214,CRACR2B,FCHO2,0.01051216
544,203,CRACR2B,CD33,0.002045105
544,139,CRACR2B,CCL3,0.0019311853
544,207,CRACR2B,BLNK,0.001747152
544,86,CRACR2B,METTL7A1,0.001746273
544,186,CRACR2B,IL7R,0.0017436161
544,294,CRACR2B,TINAGL1,0.0017231028
544,419,CRACR2B,NCF1,0.0017128002
544,319,CRACR2B,CD74,0.0016968295
544,63,CRACR2B,ENG,0.0016853645
544,132,CRACR2B,OAS2,0.0016397496
544,332,CRACR2B,IPCEF1,0.0016376326
544,417,CRACR2B,UBA7,0.0016296578
544,267,CRACR2B,CLEC12A,0.0016203198
522,115,CREG1,LTB,0.019378562
522,260,CREG1,RHOF,0.016641043
522,224,CREG1,PLSCR4,0.016623098
522,197,CREG1,POLA2,0.015499259
522,556,CREG1,ITGB7,0.0154156685
522,198,CREG1,CMAH,0.014969998
522,102,CREG1,FUT8,0.014501351
522,217,CREG1,MYCT1,0.0144236935
522,405,CREG1,GIMAP8,0.014397709
522,147,CREG1,ERP29,0.014074474
522,455,CREG1,SNAP23,0.013960074
522,169,CREG1,MCM4,0.013837544
522,174,CREG1,PPCDC,0.0137332305
522,182,CREG1,STK17B,0.013733223
522,327,CREG1,PRIM1,0.013702271
522,339,CREG1,KCTD12,0.013656951
522,180,CREG1,RGS2,0.013511146
522,210,CREG1,CDKN1C,0.013113949
522,262,CREG1,SSH2,0.012997855
522,47,CREG1,LONP2,0.012678713
522,135,CREG1,SLBP,0.01250888
522,354,CREG1,PPP1R15A,0.012479781
522,525,CREG1,TXNIP,0.0124744475
522,409,CREG1,TMEM206,0.012387156
522,497,CREG1,ATP8B4,0.012023715
522,79,CREG1,MGAT1,0.012003612
522,219,CREG1,STARD4,0.011980076
522,441,CREG1,MCM7,0.011866046
522,284,CREG1,ANXA5,0.011342458
522,24,CREG1,DYNLL1,0.011291859
522,123,CREG1,PAFAH2,0.011022071
522,293,CREG1,MAML3,0.010667181
522,246,CREG1,KLF6,0.010399153
522,323,CREG1,SELPLG,0.008393668
522,119,CREG1,PAG1,0.00778606
522,214,CREG1,FCHO2,0.0075131906
522,400,CREG1,ANKRD44,0.0019987235
522,139,CREG1,CCL3,0.0019873353
522,203,CREG1,CD33,0.0019534447
522,207,CREG1,BLNK,0.0016963708
522,86,CREG1,METTL7A1,0.0016947774
522,186,CREG1,IL7R,0.0016753991
522,419,CREG1,NCF1,0.0016661921
522,319,CREG1,CD74,0.0016517979
522,63,CREG1,ENG,0.0016384341
522,294,CREG1,TINAGL1,0.0016270819
522,132,CREG1,OAS2,0.0016002466
522,417,CREG1,UBA7,0.0015884633
522,267,CREG1,CLEC12A,0.0015826155
522,172,CREG1,EPSTI1,0.0015405907
36,115,CRIP1,LTB,0.051682882
36,323,CRIP1,SELPLG,0.049209394
36,224,CRIP1,PLSCR4,0.0446916
36,197,CRIP1,POLA2,0.0416726
36,556,CRIP1,ITGB7,0.041532665
36,198,CRIP1,CMAH,0.040512275
36,400,CRIP1,ANKRD44,0.038875185
36,102,CRIP1,FUT8,0.038863108
36,405,CRIP1,GIMAP8,0.038766544
36,455,CRIP1,SNAP23,0.037682675
36,147,CRIP1,ERP29,0.037657492
36,174,CRIP1,PPCDC,0.03678432
36,327,CRIP1,PRIM1,0.036747485
36,182,CRIP1,STK17B,0.036685217
36,339,CRIP1,KCTD12,0.03655168
36,169,CRIP1,MCM4,0.03597801
36,210,CRIP1,CDKN1C,0.03527654
36,262,CRIP1,SSH2,0.03477315
36,260,CRIP1,RHOF,0.03445244
36,47,CRIP1,LONP2,0.033908427
36,525,CRIP1,TXNIP,0.033500124
36,354,CRIP1,PPP1R15A,0.033426125
36,135,CRIP1,SLBP,0.033401076
36,409,CRIP1,TMEM206,0.033257455
36,497,CRIP1,ATP8B4,0.032173738
36,219,CRIP1,STARD4,0.032094974
36,79,CRIP1,MGAT1,0.03209496
36,441,CRIP1,MCM7,0.03179522
36,284,CRIP1,ANXA5,0.030328417
36,123,CRIP1,PAFAH2,0.029421905
36,180,CRIP1,RGS2,0.029058114
36,293,CRIP1,MAML3,0.028550686
36,246,CRIP1,KLF6,0.027614377
36,214,CRIP1,FCHO2,0.02570522
36,217,CRIP1,MYCT1,0.024297696
36,119,CRIP1,PAG1,0.013229704
36,24,CRIP1,DYNLL1,0.012300206
36,203,CRIP1,CD33,0.003664471
36,139,CRIP1,CCL3,0.003452091
36,86,CRIP1,METTL7A1,0.0030477
36,207,CRIP1,BLNK,0.0030401899
36,419,CRIP1,NCF1,0.0029912086
36,319,CRIP1,CD74,0.0029360277
36,63,CRIP1,ENG,0.0029164585
36,294,CRIP1,TINAGL1,0.002889482
36,132,CRIP1,OAS2,0.0028320635
36,332,CRIP1,IPCEF1,0.0028189912
36,417,CRIP1,UBA7,0.0027944616
36,267,CRIP1,CLEC12A,0.0027698695
36,172,CRIP1,EPSTI1,0.0026848514
287,115,CSF3R,LTB,0.05406034
287,323,CSF3R,SELPLG,0.05257378
287,224,CSF3R,PLSCR4,0.046948414
287,260,CSF3R,RHOF,0.04674747
287,197,CSF3R,POLA2,0.04384037
287,556,CSF3R,ITGB7,0.043505225
287,198,CSF3R,CMAH,0.04232772
287,102,CSF3R,FUT8,0.041026026
287,400,CSF3R,ANKRD44,0.04073253
287,217,CSF3R,MYCT1,0.040707633
287,405,CSF3R,GIMAP8,0.04066227
287,147,CSF3R,ERP29,0.039663486
287,455,CSF3R,SNAP23,0.039592683
287,174,CSF3R,PPCDC,0.03876067
287,182,CSF3R,STK17B,0.038760655
287,327,CSF3R,PRIM1,0.038689394
287,210,CSF3R,CDKN1C,0.03863329
287,339,CSF3R,KCTD12,0.038521256
287,180,CSF3R,RGS2,0.03844038
287,169,CSF3R,MCM4,0.037943073
287,262,CSF3R,SSH2,0.036689147
287,47,CSF3R,LONP2,0.035787966
287,354,CSF3R,PPP1R15A,0.035298754
287,135,CSF3R,SLBP,0.035254102
287,525,CSF3R,TXNIP,0.03524944
287,409,CSF3R,TMEM206,0.03492877
287,79,CSF3R,MGAT1,0.03391505
287,219,CSF3R,STARD4,0.03391505
287,497,CSF3R,ATP8B4,0.033874415
287,441,CSF3R,MCM7,0.033464186
287,284,CSF3R,ANXA5,0.03209741
287,24,CSF3R,DYNLL1,0.03196553
287,119,CSF3R,PAG1,0.03143117
287,293,CSF3R,MAML3,0.030274844
287,246,CSF3R,KLF6,0.02925
287,214,CSF3R,FCHO2,0.028245157
287,123,CSF3R,PAFAH2,0.019068677
287,203,CSF3R,CD33,0.0040393705
287,139,CSF3R,CCL3,0.003805494
287,86,CSF3R,METTL7A1,0.003352542
287,207,CSF3R,BLNK,0.0033515908
287,186,CSF3R,IL7R,0.0032966763
287,419,CSF3R,NCF1,0.0032957585
287,319,CSF3R,CD74,0.003238371
287,294,CSF3R,TINAGL1,0.003178192
287,132,CSF3R,OAS2,0.003122921
287,332,CSF3R,IPCEF1,0.0031133445
287,63,CSF3R,ENG,0.003092616
287,417,CSF3R,UBA7,0.0030726984
287,276,CSF3R,H2-Q6,0.0030625216
50,323,CSGALNACT1,SELPLG,0.028064577
50,224,CSGALNACT1,PLSCR4,0.025324866
50,260,CSGALNACT1,RHOF,0.025278628
50,556,CSGALNACT1,ITGB7,0.023491133
50,198,CSGALNACT1,CMAH,0.022953233
50,102,CSGALNACT1,FUT8,0.022065563
50,400,CSGALNACT1,ANKRD44,0.021970911
50,217,CSGALNACT1,MYCT1,0.021940548
50,405,CSGALNACT1,GIMAP8,0.021888947
50,147,CSGALNACT1,ERP29,0.021396607
50,455,CSGALNACT1,SNAP23,0.021279361
50,182,CSGALNACT1,STK17B,0.020861903
50,174,CSGALNACT1,PPCDC,0.0208619
50,327,CSGALNACT1,PRIM1,0.020821443
50,339,CSGALNACT1,KCTD12,0.020752497
50,180,CSGALNACT1,RGS2,0.020615187
50,169,CSGALNACT1,MCM4,0.020390574
50,262,CSGALNACT1,SSH2,0.019978
50,210,CSGALNACT1,CDKN1C,0.019975424
50,47,CSGALNACT1,LONP2,0.019248439
50,135,CSGALNACT1,SLBP,0.018975228
50,354,CSGALNACT1,PPP1R15A,0.018956902
50,525,CSGALNACT1,TXNIP,0.018950513
50,409,CSGALNACT1,TMEM206,0.018778639
50,497,CSGALNACT1,ATP8B4,0.018237121
50,79,CSGALNACT1,MGAT1,0.01821785
50,219,CSGALNACT1,STARD4,0.018195562
50,284,CSGALNACT1,ANXA5,0.01721765
50,24,CSGALNACT1,DYNLL1,0.017145697
50,119,CSGALNACT1,PAG1,0.01686885
50,123,CSGALNACT1,PAFAH2,0.016725346
50,197,CSGALNACT1,POLA2,0.01672014
50,441,CSGALNACT1,MCM7,0.016514603
50,293,CSGALNACT1,MAML3,0.01621967
50,214,CSGALNACT1,FCHO2,0.012958774
50,246,CSGALNACT1,KLF6,0.006767084
50,115,CSGALNACT1,LTB,0.005184605
50,203,CSGALNACT1,CD33,0.0025389607
50,139,CSGALNACT1,CCL3,0.0024081843
50,207,CSGALNACT1,BLNK,0.002162498
50,86,CSGALNACT1,METTL7A1,0.0021622952
50,419,CSGALNACT1,NCF1,0.0021310335
50,186,CSGALNACT1,IL7R,0.0021280868
50,319,CSGALNACT1,CD74,0.0021009853
50,63,CSGALNACT1,ENG,0.0020873882
50,294,CSGALNACT1,TINAGL1,0.0020639503
50,132,CSGALNACT1,OAS2,0.002032507
50,332,CSGALNACT1,IPCEF1,0.0020276285
50,417,CSGALNACT1,UBA7,0.0020072744
50,267,CSGALNACT1,CLEC12A,0.0019952604
478,115,CST7,LTB,0.02409201
478,323,CST7,SELPLG,0.022954462
478,260,CST7,RHOF,0.020700239
478,224,CST7,PLSCR4,0.020691052
478,197,CST7,POLA2,0.019295162
478,556,CST7,ITGB7,0.019201087
478,198,CST7,CMAH,0.018637154
478,102,CST7,FUT8,0.0183112
478,400,CST7,ANKRD44,0.017987508
478,217,CST7,MYCT1,0.01796117
478,405,CST7,GIMAP8,0.017913207
478,147,CST7,ERP29,0.017521555
478,455,CST7,SNAP23,0.01739537
478,174,CST7,PPCDC,0.017083587
478,182,CST7,STK17B,0.017083587
478,327,CST7,PRIM1,0.017051613
478,339,CST7,KCTD12,0.016997503
478,210,CST7,CDKN1C,0.016858937
478,180,CST7,RGS2,0.016858036
478,169,CST7,MCM4,0.016698861
478,262,CST7,SSH2,0.016176078
478,47,CST7,LONP2,0.015780864
478,135,CST7,SLBP,0.015543093
478,354,CST7,PPP1R15A,0.015539097
478,525,CST7,TXNIP,0.015536973
478,497,CST7,ATP8B4,0.014954593
478,219,CST7,STARD4,0.014943828
478,79,CST7,MGAT1,0.014943821
478,119,CST7,PAG1,0.014166225
478,284,CST7,ANXA5,0.014129785
478,24,CST7,DYNLL1,0.014074593
478,123,CST7,PAFAH2,0.013723332
478,293,CST7,MAML3,0.013307292
478,246,CST7,KLF6,0.013018847
478,214,CST7,FCHO2,0.011990132
478,409,CST7,TMEM206,0.00915189
478,441,CST7,MCM7,0.008649819
478,203,CST7,CD33,0.0022927697
478,139,CST7,CCL3,0.0021740661
478,207,CST7,BLNK,0.0019685032
478,86,CST7,METTL7A1,0.0019678646
478,186,CST7,IL7R,0.00193958
478,419,CST7,NCF1,0.0019383213
478,319,CST7,CD74,0.001914521
478,294,CST7,TINAGL1,0.001880557
478,332,CST7,IPCEF1,0.0018551527
478,417,CST7,UBA7,0.0018339385
478,267,CST7,CLEC12A,0.0018237438
478,172,CST7,EPSTI1,0.0017749682
478,276,CST7,H2-Q6,0.0017587686
305,115,CTNNAL1,LTB,0.039514523
305,323,CTNNAL1,SELPLG,0.037646398
305,224,CTNNAL1,PLSCR4,0.03405417
305,260,CTNNAL1,RHOF,0.0339813
305,197,CTNNAL1,POLA2,0.031746726
305,556,CTNNAL1,ITGB7,0.031542324
305,198,CTNNAL1,CMAH,0.030642075
305,102,CTNNAL1,FUT8,0.02967837
305,400,CTNNAL1,ANKRD44,0.029513648
305,217,CTNNAL1,MYCT1,0.029486546
305,405,CTNNAL1,GIMAP8,0.029429533
305,147,CTNNAL1,ERP29,0.028741468
305,455,CTNNAL1,SNAP23,0.028630853
305,174,CTNNAL1,PPCDC,0.028040057
305,182,CTNNAL1,STK17B,0.028040048
305,327,CTNNAL1,PRIM1,0.027989801
305,339,CTNNAL1,KCTD12,0.027784523
305,180,CTNNAL1,RGS2,0.027757559
305,169,CTNNAL1,MCM4,0.027390381
305,210,CTNNAL1,CDKN1C,0.026889706
305,262,CTNNAL1,SSH2,0.02656695
305,354,CTNNAL1,PPP1R15A,0.025489075
305,135,CTNNAL1,SLBP,0.025487611
305,525,CTNNAL1,TXNIP,0.02540156
305,409,CTNNAL1,TMEM206,0.025233937
305,219,CTNNAL1,STARD4,0.024485962
305,79,CTNNAL1,MGAT1,0.02448594
305,497,CTNNAL1,ATP8B4,0.024469737
305,441,CTNNAL1,MCM7,0.024165666
305,284,CTNNAL1,ANXA5,0.023145719
305,24,CTNNAL1,DYNLL1,0.023052197
305,119,CTNNAL1,PAG1,0.022669777
305,123,CTNNAL1,PAFAH2,0.022458345
305,293,CTNNAL1,MAML3,0.021797495
305,246,CTNNAL1,KLF6,0.021109696
305,214,CTNNAL1,FCHO2,0.019702092
305,47,CTNNAL1,LONP2,0.018505804
305,203,CTNNAL1,CD33,0.0031122984
305,139,CTNNAL1,CCL3,0.0029422333
305,294,CTNNAL1,TINAGL1,0.0027889274
305,417,CTNNAL1,UBA7,0.0026179412
305,86,CTNNAL1,METTL7A1,0.002617853
305,207,CTNNAL1,BLNK,0.0026133398
305,186,CTNNAL1,IL7R,0.0025727872
305,419,CTNNAL1,NCF1,0.0025724361
305,319,CTNNAL1,CD74,0.0025306214
305,132,CTNNAL1,OAS2,0.0024446202
305,332,CTNNAL1,IPCEF1,0.0024380533
305,63,CTNNAL1,ENG,0.0024331259
305,267,CTNNAL1,CLEC12A,0.0023939472
336,115,CTR9,LTB,0.03973938
336,224,CTR9,PLSCR4,0.034258384
336,197,CTR9,POLA2,0.031948444
336,556,CTR9,ITGB7,0.03173345
336,198,CTR9,CMAH,0.030831808
336,102,CTR9,FUT8,0.02986378
336,400,CTR9,ANKRD44,0.029695053
336,217,CTR9,MYCT1,0.029671436
336,405,CTR9,GIMAP8,0.029604925
336,147,CTR9,ERP29,0.028920267
336,455,CTR9,SNAP23,0.028814903
336,174,CTR9,PPCDC,0.028215548
336,182,CTR9,STK17B,0.028215542
336,339,CTR9,KCTD12,0.02805909
336,180,CTR9,RGS2,0.02793874
336,169,CTR9,MCM4,0.027597232
336,210,CTR9,CDKN1C,0.027394975
336,262,CTR9,SSH2,0.026714155
336,47,CTR9,LONP2,0.026034193
336,525,CTR9,TXNIP,0.025719544
336,354,CTR9,PPP1R15A,0.025655396
336,135,CTR9,SLBP,0.02565131
336,409,CTR9,TMEM206,0.025396314
336,219,CTR9,STARD4,0.024647523
336,79,CTR9,MGAT1,0.024647517
336,497,CTR9,ATP8B4,0.024627881
336,441,CTR9,MCM7,0.024322715
336,327,CTR9,PRIM1,0.02406402
336,284,CTR9,ANXA5,0.023301093
336,24,CTR9,DYNLL1,0.023209954
336,260,CTR9,RHOF,0.023094475
336,119,CTR9,PAG1,0.022822268
336,123,CTR9,PAFAH2,0.022609824
336,293,CTR9,MAML3,0.021949708
336,246,CTR9,KLF6,0.021252746
336,214,CTR9,FCHO2,0.019827317
336,323,CTR9,SELPLG,0.006853394
336,203,CTR9,CD33,0.0031459406
336,139,CTR9,CCL3,0.0029717204
336,86,CTR9,METTL7A1,0.0026425275
336,207,CTR9,BLNK,0.0026378087
336,419,CTR9,NCF1,0.002595928
336,319,CTR9,CD74,0.002553906
336,63,CTR9,ENG,0.0025388831
336,132,CTR9,OAS2,0.0024685008
336,332,CTR9,IPCEF1,0.0024613088
336,417,CTR9,UBA7,0.002432898
336,267,CTR9,CLEC12A,0.0023544221
336,172,CTR9,EPSTI1,0.0023448083
336,276,CTR9,H2-Q6,0.0023140835
505,115,CTSB,LTB,0.036196526
505,323,CTSB,SELPLG,0.034477413
505,224,CTSB,PLSCR4,0.031164493
505,260,CTSB,RHOF,0.03111342
505,197,CTSB,POLA2,0.029020226
505,556,CTSB,ITGB7,0.02887112
505,102,CTSB,FUT8,0.02715939
505,400,CTSB,ANKRD44,0.027017022
505,217,CTSB,MYCT1,0.026991988
505,405,CTSB,GIMAP8,0.026933383
505,147,CTSB,ERP29,0.026312115
505,455,CTSB,SNAP23,0.026202288
505,198,CTSB,CMAH,0.025838586
505,174,CTSB,PPCDC,0.025664065
505,182,CTSB,STK17B,0.02566406
505,327,CTSB,PRIM1,0.025588505
505,339,CTSB,KCTD12,0.025524808
505,180,CTSB,RGS2,0.025397861
505,169,CTSB,MCM4,0.02509638
505,262,CTSB,SSH2,0.0242943
505,47,CTSB,LONP2,0.023658413
505,135,CTSB,SLBP,0.02333394
505,525,CTSB,TXNIP,0.0233149
505,409,CTSB,TMEM206,0.023098247
505,219,CTSB,STARD4,0.022674093
505,79,CTSB,MGAT1,0.022414822
505,497,CTSB,ATP8B4,0.022404695
505,441,CTSB,MCM7,0.022102939
505,284,CTSB,ANXA5,0.021187674
505,24,CTSB,DYNLL1,0.021086894
505,119,CTSB,PAG1,0.020753644
505,123,CTSB,PAFAH2,0.020560686
505,293,CTSB,MAML3,0.019953787
505,246,CTSB,KLF6,0.01933441
505,214,CTSB,FCHO2,0.018030236
505,354,CTSB,PPP1R15A,0.016789503
505,210,CTSB,CDKN1C,0.016379524
505,203,CTSB,CD33,0.0029369898
505,139,CTSB,CCL3,0.002779225
505,86,CTSB,METTL7A1,0.0024784058
505,207,CTSB,BLNK,0.0024744764
505,186,CTSB,IL7R,0.0024365971
505,419,CTSB,NCF1,0.0024362565
505,319,CTSB,CD74,0.002397634
505,63,CTSB,ENG,0.0023811078
505,132,CTSB,OAS2,0.0023190768
505,332,CTSB,IPCEF1,0.0023124942
505,417,CTSB,UBA7,0.0022849187
505,267,CTSB,CLEC12A,0.0022708273
505,172,CTSB,EPSTI1,0.0022061025
69,323,CTSF,SELPLG,0.027004614
69,260,CTSF,RHOF,0.024974508
69,224,CTSF,PLSCR4,0.024365593
69,556,CTSF,ITGB7,0.022584168
69,198,CTSF,CMAH,0.022203164
69,400,CTSF,ANKRD44,0.02140281
69,102,CTSF,FUT8,0.02123944
69,217,CTSF,MYCT1,0.021128071
69,147,CTSF,ERP29,0.020603618
69,455,CTSF,SNAP23,0.020491943
69,180,CTSF,RGS2,0.020328509
69,182,CTSF,STK17B,0.020109363
69,174,CTSF,PPCDC,0.02009516
69,327,CTSF,PRIM1,0.020045446
69,339,CTSF,KCTD12,0.01998193
69,169,CTSF,MCM4,0.019634672
69,262,CTSF,SSH2,0.019343322
69,210,CTSF,CDKN1C,0.019253306
69,47,CTSF,LONP2,0.018542789
69,525,CTSF,TXNIP,0.018286642
69,354,CTSF,PPP1R15A,0.018218251
69,219,CTSF,STARD4,0.017553793
69,497,CTSF,ATP8B4,0.017510943
69,441,CTSF,MCM7,0.017326087
69,115,CTSF,LTB,0.016718745
69,284,CTSF,ANXA5,0.016515361
69,24,CTSF,DYNLL1,0.016450128
69,119,CTSF,PAG1,0.016261633
69,123,CTSF,PAFAH2,0.01611127
69,293,CTSF,MAML3,0.015638378
69,79,CTSF,MGAT1,0.015627833
69,197,CTSF,POLA2,0.014167245
69,135,CTSF,SLBP,0.014164094
69,214,CTSF,FCHO2,0.0140858665
69,405,CTSF,GIMAP8,0.012955609
69,246,CTSF,KLF6,0.008755903
69,203,CTSF,CD33,0.0025435921
69,139,CTSF,CCL3,0.0024134447
69,409,CTSF,TMEM206,0.002291474
69,207,CTSF,BLNK,0.002173554
69,86,CTSF,METTL7A1,0.0021726638
69,419,CTSF,NCF1,0.0021447795
69,63,CTSF,ENG,0.0021008223
69,294,CTSF,TINAGL1,0.0020699245
69,276,CTSF,H2-Q6,0.0020674122
69,132,CTSF,OAS2,0.0020439064
69,332,CTSF,IPCEF1,0.0020384756
69,417,CTSF,UBA7,0.0020146852
69,267,CTSF,CLEC12A,0.002002218
69,172,CTSF,EPSTI1,0.0019493818
100,115,CTSG,LTB,0.035952967
100,224,CTSG,PLSCR4,0.030966757
100,260,CTSG,RHOF,0.030759558
100,556,CTSG,ITGB7,0.0286955
100,198,CTSG,CMAH,0.027878804
100,102,CTSG,FUT8,0.027003618
100,400,CTSG,ANKRD44,0.026861433
100,217,CTSG,MYCT1,0.02684358
100,405,CTSG,GIMAP8,0.02677888
100,147,CTSG,ERP29,0.026469251
100,455,CTSG,SNAP23,0.026071567
100,174,CTSG,PPCDC,0.025542025
100,182,CTSG,STK17B,0.02552258
100,339,CTSG,KCTD12,0.025390875
100,180,CTSG,RGS2,0.02527209
100,169,CTSG,MCM4,0.024962498
100,210,CTSG,CDKN1C,0.024487171
100,262,CTSG,SSH2,0.024112828
100,47,CTSG,LONP2,0.02356494
100,354,CTSG,PPP1R15A,0.023215538
100,525,CTSG,TXNIP,0.02320511
100,409,CTSG,TMEM206,0.022983965
100,219,CTSG,STARD4,0.02230881
100,79,CTSG,MGAT1,0.022308795
100,497,CTSG,ATP8B4,0.022272058
100,441,CTSG,MCM7,0.022017762
100,197,CTSG,POLA2,0.021851838
100,327,CTSG,PRIM1,0.021835033
100,284,CTSG,ANXA5,0.021098673
100,24,CTSG,DYNLL1,0.021014035
100,119,CTSG,PAG1,0.020666234
100,123,CTSG,PAFAH2,0.020474274
100,293,CTSG,MAML3,0.019879585
100,246,CTSG,KLF6,0.019262474
100,214,CTSG,FCHO2,0.017873332
100,135,CTSG,SLBP,0.012947276
100,323,CTSG,SELPLG,0.007959706
100,203,CTSG,CD33,0.002970883
100,139,CTSG,CCL3,0.0028193896
100,207,CTSG,BLNK,0.0025120382
100,419,CTSG,NCF1,0.0024770752
100,186,CTSG,IL7R,0.002472202
100,319,CTSG,CD74,0.0024363108
100,63,CTSG,ENG,0.0024226487
100,86,CTSG,METTL7A1,0.002376501
100,332,CTSG,IPCEF1,0.0023681656
100,132,CTSG,OAS2,0.0023571611
100,417,CTSG,UBA7,0.002321429
100,267,CTSG,CLEC12A,0.002306154
100,172,CTSG,EPSTI1,0.0022369567
554,115,CTSH,LTB,0.05370491
554,323,CTSH,SELPLG,0.051209595
554,224,CTSH,PLSCR4,0.046513088
554,260,CTSH,RHOF,0.04632034
554,556,CTSH,ITGB7,0.043392066
554,197,CTSH,POLA2,0.043333806
554,198,CTSH,CMAH,0.041880995
554,102,CTSH,FUT8,0.04058109
554,217,CTSH,MYCT1,0.040270697
554,405,CTSH,GIMAP8,0.040232476
554,147,CTSH,ERP29,0.03923119
554,455,CTSH,SNAP23,0.039136574
554,174,CTSH,PPCDC,0.038333554
554,182,CTSH,STK17B,0.03833354
554,327,CTSH,PRIM1,0.038263425
554,339,CTSH,KCTD12,0.038095336
554,180,CTSH,RGS2,0.037987005
554,169,CTSH,MCM4,0.037506856
554,210,CTSH,CDKN1C,0.036801804
554,262,CTSH,SSH2,0.03630647
554,47,CTSH,LONP2,0.03536364
554,354,CTSH,PPP1R15A,0.034866836
554,135,CTSH,SLBP,0.034831848
554,525,CTSH,TXNIP,0.03477902
554,79,CTSH,MGAT1,0.03458113
554,409,CTSH,TMEM206,0.0345085
554,219,CTSH,STARD4,0.033486985
554,497,CTSH,ATP8B4,0.03343416
554,441,CTSH,MCM7,0.03304582
554,284,CTSH,ANXA5,0.031665713
554,24,CTSH,DYNLL1,0.03153112
554,119,CTSH,PAG1,0.031011105
554,293,CTSH,MAML3,0.029832939
554,246,CTSH,KLF6,0.028838819
554,400,CTSH,ANKRD44,0.027698265
554,214,CTSH,FCHO2,0.026919942
554,123,CTSH,PAFAH2,0.018773973
554,139,CTSH,CCL3,0.0036430934
554,203,CTSH,CD33,0.003633992
554,207,CTSH,BLNK,0.0032068351
554,186,CTSH,IL7R,0.0031570257
554,419,CTSH,NCF1,0.0031504566
554,86,CTSH,METTL7A1,0.0031422044
554,319,CTSH,CD74,0.0030972152
554,63,CTSH,ENG,0.003077641
554,294,CTSH,TINAGL1,0.003044267
554,132,CTSH,OAS2,0.0029868418
554,417,CTSH,UBA7,0.0029398606
554,172,CTSH,EPSTI1,0.0028292197
554,276,CTSH,H2-Q6,0.0027874876
40,115,CTSL,LTB,0.024071129
40,260,CTSL,RHOF,0.020653857
40,224,CTSL,PLSCR4,0.020647444
40,197,CTSL,POLA2,0.019240117
40,556,CTSL,ITGB7,0.019149752
40,198,CTSL,CMAH,0.018575776
40,102,CTSL,FUT8,0.017983168
40,327,CTSL,PRIM1,0.017962482
40,400,CTSL,ANKRD44,0.017939493
40,217,CTSL,MYCT1,0.017888831
40,405,CTSL,GIMAP8,0.017851472
40,147,CTSL,ERP29,0.017446628
40,455,CTSL,SNAP23,0.017327039
40,323,CTSL,SELPLG,0.017226286
40,174,CTSL,PPCDC,0.017016046
40,182,CTSL,STK17B,0.017016036
40,339,CTSL,KCTD12,0.01692286
40,180,CTSL,RGS2,0.016782617
40,169,CTSL,MCM4,0.016623707
40,262,CTSL,SSH2,0.016099634
40,47,CTSL,LONP2,0.015709687
40,135,CTSL,SLBP,0.015480346
40,354,CTSL,PPP1R15A,0.01545459
40,525,CTSL,TXNIP,0.015448308
40,409,CTSL,TMEM206,0.0153399315
40,497,CTSL,ATP8B4,0.014870655
40,219,CTSL,STARD4,0.014855977
40,79,CTSL,MGAT1,0.014855971
40,441,CTSL,MCM7,0.014675571
40,210,CTSL,CDKN1C,0.014617442
40,24,CTSL,DYNLL1,0.013974384
40,119,CTSL,PAG1,0.013754231
40,293,CTSL,MAML3,0.013735214
40,246,CTSL,KLF6,0.012839302
40,214,CTSL,FCHO2,0.011889657
40,123,CTSL,PAFAH2,0.011792487
40,284,CTSL,ANXA5,0.006410885
40,203,CTSL,CD33,0.0022064815
40,139,CTSL,CCL3,0.0020941913
40,207,CTSL,BLNK,0.0018972649
40,186,CTSL,IL7R,0.0018706218
40,419,CTSL,NCF1,0.0018660146
40,319,CTSL,CD74,0.0018448182
40,63,CTSL,ENG,0.0018313245
40,294,CTSL,TINAGL1,0.001814057
40,132,CTSL,OAS2,0.0018034462
40,417,CTSL,UBA7,0.0017681792
40,267,CTSL,CLEC12A,0.0017597191
40,172,CTSL,EPSTI1,0.0017118051
40,276,CTSL,H2-Q6,0.001693351
20,115,CTSS,LTB,0.027401011
20,323,CTSS,SELPLG,0.02608942
20,224,CTSS,PLSCR4,0.02354822
20,260,CTSS,RHOF,0.023543619
20,556,CTSS,ITGB7,0.021838149
20,198,CTSS,CMAH,0.021204516
20,400,CTSS,ANKRD44,0.02045077
20,217,CTSS,MYCT1,0.02042986
20,405,CTSS,GIMAP8,0.020389725
20,147,CTSS,ERP29,0.019919874
20,174,CTSS,PPCDC,0.019424694
20,182,CTSS,STK17B,0.019424694
20,327,CTSS,PRIM1,0.019390512
20,339,CTSS,KCTD12,0.019327233
20,180,CTSS,RGS2,0.019183846
20,169,CTSS,MCM4,0.018992407
20,210,CTSS,CDKN1C,0.018614804
20,197,CTSS,POLA2,0.018557148
20,262,CTSS,SSH2,0.018393036
20,409,CTSS,TMEM206,0.01812551
20,47,CTSS,LONP2,0.01794035
20,135,CTSS,SLBP,0.017684743
20,354,CTSS,PPP1R15A,0.017669069
20,525,CTSS,TXNIP,0.017647844
20,497,CTSS,ATP8B4,0.016991083
20,79,CTSS,MGAT1,0.01698738
20,219,CTSS,STARD4,0.01698738
20,441,CTSS,MCM7,0.0167707
20,284,CTSS,ANXA5,0.01606133
20,24,CTSS,DYNLL1,0.016001893
20,119,CTSS,PAG1,0.01574008
20,293,CTSS,MAML3,0.015132583
20,246,CTSS,KLF6,0.014689671
20,214,CTSS,FCHO2,0.013608003
20,455,CTSS,SNAP23,0.009307361
20,102,CTSS,FUT8,0.0045089344
20,123,CTSS,PAFAH2,0.0039488752
20,203,CTSS,CD33,0.002487851
20,139,CTSS,CCL3,0.0023621093
20,207,CTSS,BLNK,0.0021277182
20,86,CTSS,METTL7A1,0.0021273994
20,419,CTSS,NCF1,0.0020964334
20,186,CTSS,IL7R,0.002094569
20,319,CTSS,CD74,0.0020678127
20,63,CTSS,ENG,0.0020550652
20,294,CTSS,TINAGL1,0.0020246406
20,132,CTSS,OAS2,0.0019960003
20,332,CTSS,IPCEF1,0.0019959991
20,172,CTSS,EPSTI1,0.0019882605
20,267,CTSS,CLEC12A,0.0019646306
501,115,CTSW,LTB,0.05736301
501,323,CTSW,SELPLG,0.05469964
501,224,CTSW,PLSCR4,0.04968907
501,260,CTSW,RHOF,0.049456533
501,197,CTSW,POLA2,0.04629308
501,556,CTSW,ITGB7,0.04599702
501,102,CTSW,FUT8,0.04331736
501,217,CTSW,MYCT1,0.042957433
501,405,CTSW,GIMAP8,0.04294389
501,147,CTSW,ERP29,0.041840702
501,455,CTSW,SNAP23,0.04172577
501,198,CTSW,CMAH,0.041224655
501,174,CTSW,PPCDC,0.040900957
501,182,CTSW,STK17B,0.040900957
501,327,CTSW,PRIM1,0.040773638
501,339,CTSW,KCTD12,0.040624898
501,180,CTSW,RGS2,0.040505264
501,169,CTSW,MCM4,0.040009927
501,262,CTSW,SSH2,0.038721126
501,47,CTSW,LONP2,0.037654452
501,354,CTSW,PPP1R15A,0.037167054
501,135,CTSW,SLBP,0.0371262
501,525,CTSW,TXNIP,0.037092052
501,409,CTSW,TMEM206,0.036785394
501,219,CTSW,STARD4,0.03609819
501,79,CTSW,MGAT1,0.03568231
501,497,CTSW,ATP8B4,0.035619684
501,441,CTSW,MCM7,0.035212334
501,284,CTSW,ANXA5,0.03371225
501,24,CTSW,DYNLL1,0.03354314
501,119,CTSW,PAG1,0.033015277
501,123,CTSW,PAFAH2,0.032705083
501,293,CTSW,MAML3,0.03173546
501,246,CTSW,KLF6,0.03067766
501,214,CTSW,FCHO2,0.02859189
501,210,CTSW,CDKN1C,0.026037397
501,400,CTSW,ANKRD44,0.01712135
501,203,CTSW,CD33,0.0039033901
501,139,CTSW,CCL3,0.0036666233
501,86,CTSW,METTL7A1,0.003223575
501,207,CTSW,BLNK,0.0032138224
501,186,CTSW,IL7R,0.00317009
501,419,CTSW,NCF1,0.0031484866
501,319,CTSW,CD74,0.0030985258
501,63,CTSW,ENG,0.0030732553
501,132,CTSW,OAS2,0.0029850376
501,332,CTSW,IPCEF1,0.0029747426
501,417,CTSW,UBA7,0.0029408894
501,267,CTSW,CLEC12A,0.0029206115
501,172,CTSW,EPSTI1,0.0028299342
468,115,CTTN,LTB,0.052909028
468,224,CTTN,PLSCR4,0.045840725
468,260,CTTN,RHOF,0.04567878
468,197,CTTN,POLA2,0.04276164
468,198,CTTN,CMAH,0.041269686
468,102,CTTN,FUT8,0.039985556
468,400,CTTN,ANKRD44,0.039755356
468,405,CTTN,GIMAP8,0.039659683
468,217,CTTN,MYCT1,0.039657097
468,455,CTTN,SNAP23,0.03845302
468,174,CTTN,PPCDC,0.037778813
468,182,CTTN,STK17B,0.037778795
468,327,CTTN,PRIM1,0.037707377
468,339,CTTN,KCTD12,0.03751171
468,180,CTTN,RGS2,0.037337266
468,210,CTTN,CDKN1C,0.036146007
468,262,CTTN,SSH2,0.035752516
468,47,CTTN,LONP2,0.035060216
468,354,CTTN,PPP1R15A,0.03430711
468,135,CTTN,SLBP,0.034278836
468,525,CTTN,TXNIP,0.03406356
468,409,CTTN,TMEM206,0.03397904
468,79,CTTN,MGAT1,0.032951888
468,441,CTTN,MCM7,0.03254125
468,284,CTTN,ANXA5,0.03110801
468,24,CTTN,DYNLL1,0.030982278
468,123,CTTN,PAFAH2,0.03019576
468,246,CTTN,KLF6,0.02835732
468,214,CTTN,FCHO2,0.026371349
468,169,CTTN,MCM4,0.025063507
468,219,CTTN,STARD4,0.022759214
468,556,CTTN,ITGB7,0.02246581
468,323,CTTN,SELPLG,0.022105351
468,497,CTTN,ATP8B4,0.021255238
468,147,CTTN,ERP29,0.01744318
468,293,CTTN,MAML3,0.013237252
468,119,CTTN,PAG1,0.0064077573
468,203,CTTN,CD33,0.0036932793
468,139,CTTN,CCL3,0.0034669768
468,186,CTTN,IL7R,0.0030105754
468,419,CTTN,NCF1,0.0029879964
468,319,CTTN,CD74,0.0029421411
468,63,CTTN,ENG,0.0029213878
468,294,CTTN,TINAGL1,0.002901953
468,132,CTTN,OAS2,0.0028358581
468,332,CTTN,IPCEF1,0.0028294444
468,417,CTTN,UBA7,0.0027969289
468,267,CTTN,CLEC12A,0.0027778812
468,172,CTTN,EPSTI1,0.002692381
468,276,CTTN,H2-Q6,0.0026475855
279,115,CYFIP2,LTB,0.038171824
279,323,CYFIP2,SELPLG,0.03634894
279,224,CYFIP2,PLSCR4,0.032897122
279,260,CYFIP2,RHOF,0.032800585
279,197,CYFIP2,POLA2,0.030631127
279,556,CYFIP2,ITGB7,0.030437818
279,198,CYFIP2,CMAH,0.029559432
279,102,CYFIP2,FUT8,0.028626166
279,400,CYFIP2,ANKRD44,0.028470293
279,217,CYFIP2,MYCT1,0.028400866
279,405,CYFIP2,GIMAP8,0.028385278
279,147,CYFIP2,ERP29,0.027748462
279,455,CYFIP2,SNAP23,0.027587391
279,180,CYFIP2,RGS2,0.027071293
279,182,CYFIP2,STK17B,0.027038777
279,327,CYFIP2,PRIM1,0.026992477
279,174,CYFIP2,PPCDC,0.026894666
279,339,CYFIP2,KCTD12,0.026878858
279,169,CYFIP2,MCM4,0.026438048
279,210,CYFIP2,CDKN1C,0.025904886
279,262,CYFIP2,SSH2,0.025587859
279,47,CYFIP2,LONP2,0.024927085
279,354,CYFIP2,PPP1R15A,0.02458204
279,135,CYFIP2,SLBP,0.02456417
279,525,CYFIP2,TXNIP,0.024536455
279,409,CYFIP2,TMEM206,0.024317041
279,79,CYFIP2,MGAT1,0.023593087
279,497,CYFIP2,ATP8B4,0.023576442
279,441,CYFIP2,MCM7,0.023282466
279,284,CYFIP2,ANXA5,0.022284612
279,24,CYFIP2,DYNLL1,0.02220159
279,123,CYFIP2,PAFAH2,0.02162552
279,293,CYFIP2,MAML3,0.020976676
279,246,CYFIP2,KLF6,0.020323144
279,214,CYFIP2,FCHO2,0.018929169
279,119,CYFIP2,PAG1,0.018263478
279,219,CYFIP2,STARD4,0.0052614463
279,203,CYFIP2,CD33,0.002975041
279,207,CYFIP2,BLNK,0.002496969
279,86,CYFIP2,METTL7A1,0.0024943228
279,186,CYFIP2,IL7R,0.0024570883
279,419,CYFIP2,NCF1,0.00245351
279,319,CYFIP2,CD74,0.0024179504
279,63,CYFIP2,ENG,0.002402237
279,294,CYFIP2,TINAGL1,0.0023770742
279,132,CYFIP2,OAS2,0.002333821
279,332,CYFIP2,IPCEF1,0.002328221
279,417,CYFIP2,UBA7,0.0023047284
279,267,CYFIP2,CLEC12A,0.0022879785
279,172,CYFIP2,EPSTI1,0.002222782
423,323,D630039A03RIK,SELPLG,0.03642423
423,115,D630039A03RIK,LTB,0.03376379
423,224,D630039A03RIK,PLSCR4,0.03290363
423,260,D630039A03RIK,RHOF,0.03282691
423,197,D630039A03RIK,POLA2,0.030631602
423,556,D630039A03RIK,ITGB7,0.030436778
423,198,D630039A03RIK,CMAH,0.029526742
423,102,D630039A03RIK,FUT8,0.028596135
423,400,D630039A03RIK,ANKRD44,0.0284371
423,217,D630039A03RIK,MYCT1,0.028393203
423,405,D630039A03RIK,GIMAP8,0.028351612
423,147,D630039A03RIK,ERP29,0.027643424
423,455,D630039A03RIK,SNAP23,0.02752084
423,182,D630039A03RIK,STK17B,0.026985822
423,327,D630039A03RIK,PRIM1,0.026940027
423,339,D630039A03RIK,KCTD12,0.026813231
423,180,D630039A03RIK,RGS2,0.02667267
423,169,D630039A03RIK,MCM4,0.026375867
423,210,D630039A03RIK,CDKN1C,0.02579132
423,262,D630039A03RIK,SSH2,0.025514696
423,47,D630039A03RIK,LONP2,0.024836889
423,135,D630039A03RIK,SLBP,0.024474557
423,354,D630039A03RIK,PPP1R15A,0.024471706
423,525,D630039A03RIK,TXNIP,0.024438381
423,409,D630039A03RIK,TMEM206,0.024225662
423,441,D630039A03RIK,MCM7,0.024018714
423,497,D630039A03RIK,ATP8B4,0.02382711
423,79,D630039A03RIK,MGAT1,0.023400202
423,284,D630039A03RIK,ANXA5,0.022160497
423,24,D630039A03RIK,DYNLL1,0.02208143
423,119,D630039A03RIK,PAG1,0.02167728
423,123,D630039A03RIK,PAFAH2,0.021499267
423,293,D630039A03RIK,MAML3,0.02083614
423,246,D630039A03RIK,KLF6,0.020183075
423,174,D630039A03RIK,PPCDC,0.018982954
423,219,D630039A03RIK,STARD4,0.013791798
423,214,D630039A03RIK,FCHO2,0.011531329
423,203,D630039A03RIK,CD33,0.0028698086
423,139,D630039A03RIK,CCL3,0.0027068765
423,86,D630039A03RIK,METTL7A1,0.002424665
423,207,D630039A03RIK,BLNK,0.0024038763
423,186,D630039A03RIK,IL7R,0.002370783
423,419,D630039A03RIK,NCF1,0.0023588391
423,319,D630039A03RIK,CD74,0.002321323
423,63,D630039A03RIK,ENG,0.002310105
423,294,D630039A03RIK,TINAGL1,0.0022870253
423,132,D630039A03RIK,OAS2,0.002243152
423,332,D630039A03RIK,IPCEF1,0.0022381118
423,417,D630039A03RIK,UBA7,0.0022148222
423,267,D630039A03RIK,CLEC12A,0.0022026992
212,115,DACH1,LTB,0.021071423
212,260,DACH1,RHOF,0.018106917
212,556,DACH1,ITGB7,0.01679444
212,198,DACH1,CMAH,0.016302586
212,217,DACH1,MYCT1,0.01571291
212,405,DACH1,GIMAP8,0.0156702
212,455,DACH1,SNAP23,0.0156201925
212,147,DACH1,ERP29,0.015334352
212,182,DACH1,STK17B,0.014952099
212,174,DACH1,PPCDC,0.0149346
212,327,DACH1,PRIM1,0.0149184745
212,339,DACH1,KCTD12,0.014874301
212,169,DACH1,MCM4,0.014611667
212,210,DACH1,CDKN1C,0.014304628
212,262,DACH1,SSH2,0.014158648
212,47,DACH1,LONP2,0.013798206
212,354,DACH1,PPP1R15A,0.013599231
212,525,DACH1,TXNIP,0.013598328
212,24,DACH1,DYNLL1,0.013535778
212,409,DACH1,TMEM206,0.0134808
212,79,DACH1,MGAT1,0.013240683
212,497,DACH1,ATP8B4,0.013097699
212,219,DACH1,STARD4,0.013084146
212,441,DACH1,MCM7,0.01292557
212,284,DACH1,ANXA5,0.012371374
212,224,DACH1,PLSCR4,0.01234908
212,119,DACH1,PAG1,0.012131068
212,123,DACH1,PAFAH2,0.012010411
212,246,DACH1,KLF6,0.011306791
212,102,DACH1,FUT8,0.009685764
212,400,DACH1,ANKRD44,0.008927992
212,293,DACH1,MAML3,0.0087433215
212,214,DACH1,FCHO2,0.008634213
212,323,DACH1,SELPLG,0.008157861
212,180,DACH1,RGS2,0.006940643
212,197,DACH1,POLA2,0.0039120056
212,135,DACH1,SLBP,0.003686343
212,139,DACH1,CCL3,0.0020011065
212,207,DACH1,BLNK,0.0018214528
212,86,DACH1,METTL7A1,0.0018200038
212,186,DACH1,IL7R,0.0017951287
212,419,DACH1,NCF1,0.0017930536
212,319,DACH1,CD74,0.0017732801
212,63,DACH1,ENG,0.0017610823
212,132,DACH1,OAS2,0.0017183871
212,332,DACH1,IPCEF1,0.001715182
212,417,DACH1,UBA7,0.0017017792
212,267,DACH1,CLEC12A,0.0016955652
212,172,DACH1,EPSTI1,0.001649227
212,276,DACH1,H2-Q6,0.001634886
387,115,DCK,LTB,0.059857
387,323,DCK,SELPLG,0.056880895
387,224,DCK,PLSCR4,0.05163169
387,260,DCK,RHOF,0.05134941
387,556,DCK,ITGB7,0.047714286
387,102,DCK,FUT8,0.044781864
387,400,DCK,ANKRD44,0.04445778
387,405,DCK,GIMAP8,0.04438397
387,217,DCK,MYCT1,0.04437312
387,147,DCK,ERP29,0.043152314
387,455,DCK,SNAP23,0.043008853
387,174,DCK,PPCDC,0.042224742
387,182,DCK,STK17B,0.0422247
387,327,DCK,PRIM1,0.042117346
387,180,DCK,RGS2,0.041745413
387,169,DCK,MCM4,0.041280415
387,210,DCK,CDKN1C,0.04036324
387,262,DCK,SSH2,0.039922025
387,47,DCK,LONP2,0.03880245
387,354,DCK,PPP1R15A,0.0382679
387,135,DCK,SLBP,0.03822785
387,525,DCK,TXNIP,0.03815936
387,409,DCK,TMEM206,0.037873622
387,219,DCK,STARD4,0.03665877
387,441,DCK,MCM7,0.036214814
387,197,DCK,POLA2,0.034786206
387,284,DCK,ANXA5,0.034612026
387,119,DCK,PAG1,0.034134626
387,123,DCK,PAFAH2,0.033561964
387,293,DCK,MAML3,0.032511167
387,246,DCK,KLF6,0.031427663
387,214,DCK,FCHO2,0.029180316
387,497,DCK,ATP8B4,0.028535882
387,79,DCK,MGAT1,0.018047431
387,198,DCK,CMAH,0.017842254
387,339,DCK,KCTD12,0.017250221
387,24,DCK,DYNLL1,0.01390861
387,203,DCK,CD33,0.003711789
387,86,DCK,METTL7A1,0.0030195494
387,186,DCK,IL7R,0.0029792192
387,207,DCK,BLNK,0.002950574
387,419,DCK,NCF1,0.0029307392
387,319,DCK,CD74,0.0028905936
387,294,DCK,TINAGL1,0.0028605326
387,417,DCK,UBA7,0.002744346
387,526,DCK,SERP1,0.0026151277
387,276,DCK,H2-Q6,0.002591264
387,132,DCK,OAS2,0.002562194
387,494,DCK,DUSP5,0.002459028
387,243,DCK,VAMP1,0.0024285435
471,115,DDX4,LTB,0.011498736
471,323,DDX4,SELPLG,0.0109444335
471,260,DDX4,RHOF,0.009934008
471,224,DDX4,PLSCR4,0.00989441
471,197,DDX4,POLA2,0.009232851
471,556,DDX4,ITGB7,0.009209375
471,198,DDX4,CMAH,0.008942742
471,102,DDX4,FUT8,0.008663704
471,217,DDX4,MYCT1,0.008656805
471,405,DDX4,GIMAP8,0.008577449
471,147,DDX4,ERP29,0.008449988
471,180,DDX4,RGS2,0.008357905
471,455,DDX4,SNAP23,0.008353634
471,327,DDX4,PRIM1,0.008215139
471,182,DDX4,STK17B,0.008202406
471,174,DDX4,PPCDC,0.008202401
471,339,DDX4,KCTD12,0.008195984
471,47,DDX4,LONP2,0.008083745
471,169,DDX4,MCM4,0.00803619
471,210,DDX4,CDKN1C,0.007884506
471,262,DDX4,SSH2,0.0078013586
471,525,DDX4,TXNIP,0.0075662127
471,135,DDX4,SLBP,0.0075487737
471,409,DDX4,TMEM206,0.0074678143
471,497,DDX4,ATP8B4,0.0072861933
471,219,DDX4,STARD4,0.007273364
471,79,DDX4,MGAT1,0.0072617396
471,441,DDX4,MCM7,0.0071808724
471,284,DDX4,ANXA5,0.006935363
471,24,DDX4,DYNLL1,0.00690998
471,119,DDX4,PAG1,0.0067904945
471,123,DDX4,PAFAH2,0.006733818
471,293,DDX4,MAML3,0.00658945
471,246,DDX4,KLF6,0.00641578
471,214,DDX4,FCHO2,0.0060343402
471,400,DDX4,ANKRD44,0.004294744
471,354,DDX4,PPP1R15A,0.0042592357
471,203,DDX4,CD33,0.0016290995
471,139,DDX4,CCL3,0.0015626984
471,207,DDX4,BLNK,0.0014552291
471,86,DDX4,METTL7A1,0.0014493383
471,419,DDX4,NCF1,0.0014403913
471,186,DDX4,IL7R,0.0014287696
471,319,DDX4,CD74,0.001425057
471,63,DDX4,ENG,0.0014172277
471,294,DDX4,TINAGL1,0.0013946181
471,132,DDX4,OAS2,0.001386178
471,332,DDX4,IPCEF1,0.0013838677
471,267,DDX4,CLEC12A,0.0013687146
471,172,DDX4,EPSTI1,0.001336401
194,115,DEF8,LTB,0.04425207
194,323,DEF8,SELPLG,0.042167094
194,224,DEF8,PLSCR4,0.03818935
194,260,DEF8,RHOF,0.038078666
194,197,DEF8,POLA2,0.035604764
194,556,DEF8,ITGB7,0.03536321
194,198,DEF8,CMAH,0.034360144
194,102,DEF8,FUT8,0.03328192
194,400,DEF8,ANKRD44,0.03308148
194,217,DEF8,MYCT1,0.033048853
194,147,DEF8,ERP29,0.032202467
194,455,DEF8,SNAP23,0.032049123
194,174,DEF8,PPCDC,0.031435378
194,182,DEF8,STK17B,0.031397216
194,327,DEF8,PRIM1,0.03138046
194,339,DEF8,KCTD12,0.031248756
194,180,DEF8,RGS2,0.031125477
194,169,DEF8,MCM4,0.030746412
194,210,DEF8,CDKN1C,0.030113343
194,262,DEF8,SSH2,0.029758558
194,47,DEF8,LONP2,0.028989742
194,135,DEF8,SLBP,0.028560288
194,525,DEF8,TXNIP,0.028538551
194,409,DEF8,TMEM206,0.028281538
194,219,DEF8,STARD4,0.027442534
194,79,DEF8,MGAT1,0.027442524
194,497,DEF8,ATP8B4,0.027412621
194,441,DEF8,MCM7,0.02707959
194,284,DEF8,ANXA5,0.025893735
194,24,DEF8,DYNLL1,0.025832225
194,119,DEF8,PAG1,0.025399914
194,293,DEF8,MAML3,0.024422692
194,246,DEF8,KLF6,0.023635702
194,214,DEF8,FCHO2,0.022038711
194,354,DEF8,PPP1R15A,0.019669058
194,405,DEF8,GIMAP8,0.014421031
194,123,DEF8,PAFAH2,0.011451317
194,203,DEF8,CD33,0.0033341867
194,139,DEF8,CCL3,0.0031455636
194,86,DEF8,METTL7A1,0.0027871947
194,207,DEF8,BLNK,0.00278104
194,186,DEF8,IL7R,0.0027400309
194,419,DEF8,NCF1,0.0027330713
194,319,DEF8,CD74,0.0026884482
194,63,DEF8,ENG,0.0026722779
194,294,DEF8,TINAGL1,0.0026462662
194,132,DEF8,OAS2,0.0025965527
194,332,DEF8,IPCEF1,0.0025892153
194,417,DEF8,UBA7,0.0025577412
194,267,DEF8,CLEC12A,0.0025406869
117,115,DENND2D,LTB,0.022715332
117,323,DENND2D,SELPLG,0.021627458
117,260,DENND2D,RHOF,0.01952032
117,197,DENND2D,POLA2,0.018193997
117,556,DENND2D,ITGB7,0.018107168
117,217,DENND2D,MYCT1,0.01790219
117,102,DENND2D,FUT8,0.017026225
117,400,DENND2D,ANKRD44,0.016967366
117,405,DENND2D,GIMAP8,0.016896037
117,147,DENND2D,ERP29,0.01653348
117,455,DENND2D,SNAP23,0.016406903
117,182,DENND2D,STK17B,0.01612886
117,174,DENND2D,PPCDC,0.016116774
117,327,DENND2D,PRIM1,0.016085448
117,339,DENND2D,KCTD12,0.016038874
117,180,DENND2D,RGS2,0.01589931
117,224,DENND2D,PLSCR4,0.015860686
117,262,DENND2D,SSH2,0.015262933
117,497,DENND2D,ATP8B4,0.015081834
117,47,DENND2D,LONP2,0.014894513
117,135,DENND2D,SLBP,0.014686663
117,525,DENND2D,TXNIP,0.014665095
117,354,DENND2D,PPP1R15A,0.014664695
117,409,DENND2D,TMEM206,0.014517019
117,79,DENND2D,MGAT1,0.014104832
117,219,DENND2D,STARD4,0.014104832
117,441,DENND2D,MCM7,0.013932488
117,24,DENND2D,DYNLL1,0.013286734
117,119,DENND2D,PAG1,0.0130774425
117,123,DENND2D,PAFAH2,0.012956176
117,293,DENND2D,MAML3,0.012520365
117,246,DENND2D,KLF6,0.012175411
117,214,DENND2D,FCHO2,0.011225508
117,284,DENND2D,ANXA5,0.0098599205
117,198,DENND2D,CMAH,0.008021713
117,210,DENND2D,CDKN1C,0.007315597
117,169,DENND2D,MCM4,0.0038193131
117,203,DENND2D,CD33,0.0022021092
117,139,DENND2D,CCL3,0.0020102493
117,207,DENND2D,BLNK,0.0019149493
117,419,DENND2D,NCF1,0.0018864035
117,186,DENND2D,IL7R,0.0018856181
117,319,DENND2D,CD74,0.0018634445
117,294,DENND2D,TINAGL1,0.0018304008
117,332,DENND2D,IPCEF1,0.0018066431
117,132,DENND2D,OAS2,0.0018056623
117,417,DENND2D,UBA7,0.0017863663
117,267,DENND2D,CLEC12A,0.001776722
117,63,DENND2D,ENG,0.0017303317
117,172,DENND2D,EPSTI1,0.0017292151
15,115,DHRS3,LTB,0.022959441
15,323,DHRS3,SELPLG,0.021864694
15,260,DHRS3,RHOF,0.019738711
15,224,DHRS3,PLSCR4,0.019725747
15,556,DHRS3,ITGB7,0.018311732
15,198,DHRS3,CMAH,0.017779958
15,400,DHRS3,ANKRD44,0.017162684
15,217,DHRS3,MYCT1,0.017144306
15,405,DHRS3,GIMAP8,0.017105125
15,147,DHRS3,ERP29,0.016726963
15,182,DHRS3,STK17B,0.016305974
15,174,DHRS3,PPCDC,0.016305966
15,327,DHRS3,PRIM1,0.016275765
15,339,DHRS3,KCTD12,0.016230538
15,180,DHRS3,RGS2,0.016054874
15,169,DHRS3,MCM4,0.01594276
15,210,DHRS3,CDKN1C,0.01561179
15,197,DHRS3,POLA2,0.015569754
15,262,DHRS3,SSH2,0.0154467495
15,409,DHRS3,TMEM206,0.015249251
15,47,DHRS3,LONP2,0.015076728
15,135,DHRS3,SLBP,0.01486506
15,354,DHRS3,PPP1R15A,0.014845702
15,525,DHRS3,TXNIP,0.014833147
15,497,DHRS3,ATP8B4,0.014291334
15,79,DHRS3,MGAT1,0.014280671
15,219,DHRS3,STARD4,0.014280671
15,441,DHRS3,MCM7,0.0141039165
15,284,DHRS3,ANXA5,0.013506031
15,24,DHRS3,DYNLL1,0.013459484
15,119,DHRS3,PAG1,0.013228547
15,293,DHRS3,MAML3,0.01267259
15,246,DHRS3,KLF6,0.012317308
15,214,DHRS3,FCHO2,0.011348744
15,455,DHRS3,SNAP23,0.007876166
15,102,DHRS3,FUT8,0.0040214467
15,123,DHRS3,PAFAH2,0.0035406458
15,203,DHRS3,CD33,0.0022675584
15,139,DHRS3,CCL3,0.0021580453
15,207,DHRS3,BLNK,0.0019566147
15,86,DHRS3,METTL7A1,0.0019551765
15,419,DHRS3,NCF1,0.0019297197
15,186,DHRS3,IL7R,0.0019256154
15,319,DHRS3,CD74,0.0019047798
15,63,DHRS3,ENG,0.0018931142
15,294,DHRS3,TINAGL1,0.0018647965
15,132,DHRS3,OAS2,0.0018411593
15,332,DHRS3,IPCEF1,0.0018411279
15,172,DHRS3,EPSTI1,0.0018343856
15,267,DHRS3,CLEC12A,0.0018139768
460,115,DNTT,LTB,0.13006364
460,323,DNTT,SELPLG,0.12453135
460,224,DNTT,PLSCR4,0.11519089
460,260,DNTT,RHOF,0.11392322
460,197,DNTT,POLA2,0.10808024
460,556,DNTT,ITGB7,0.10698171
460,102,DNTT,FUT8,0.10139134
460,405,DNTT,GIMAP8,0.1004901
460,217,DNTT,MYCT1,0.10019094
460,455,DNTT,SNAP23,0.09757276
460,147,DNTT,ERP29,0.09734424
460,210,DNTT,CDKN1C,0.09597661
460,182,DNTT,STK17B,0.09597639
460,327,DNTT,PRIM1,0.09579684
460,180,DNTT,RGS2,0.09534245
460,339,DNTT,KCTD12,0.09507506
460,169,DNTT,MCM4,0.09473007
460,262,DNTT,SSH2,0.09125406
460,198,DNTT,CMAH,0.09122143
460,47,DNTT,LONP2,0.08869936
460,354,DNTT,PPP1R15A,0.087803505
460,135,DNTT,SLBP,0.087374374
460,525,DNTT,TXNIP,0.08731109
460,409,DNTT,TMEM206,0.08683603
460,219,DNTT,STARD4,0.08437674
460,79,DNTT,MGAT1,0.08412518
460,497,DNTT,ATP8B4,0.083977915
460,441,DNTT,MCM7,0.08332349
460,174,DNTT,PPCDC,0.082142875
460,284,DNTT,ANXA5,0.080033205
460,24,DNTT,DYNLL1,0.07960111
460,119,DNTT,PAG1,0.0784536
460,400,DNTT,ANKRD44,0.078393854
460,123,DNTT,PAFAH2,0.07773582
460,293,DNTT,MAML3,0.07560635
460,246,DNTT,KLF6,0.072869755
460,214,DNTT,FCHO2,0.06834607
460,203,DNTT,CD33,0.007755247
460,139,DNTT,CCL3,0.0071954336
460,86,DNTT,METTL7A1,0.006184913
460,207,DNTT,BLNK,0.006175787
460,186,DNTT,IL7R,0.006106241
460,419,DNTT,NCF1,0.0059835254
460,319,DNTT,CD74,0.005907514
460,63,DNTT,ENG,0.005852471
460,294,DNTT,TINAGL1,0.0058189253
460,132,DNTT,OAS2,0.005640625
460,332,DNTT,IPCEF1,0.0056333146
460,417,DNTT,UBA7,0.0055739623
460,267,DNTT,CLEC12A,0.0055248355
288,115,DOCK10,LTB,0.027277034
288,323,DOCK10,SELPLG,0.02652516
288,224,DOCK10,PLSCR4,0.023470312
288,260,DOCK10,RHOF,0.023465984
288,197,DOCK10,POLA2,0.021883115
288,556,DOCK10,ITGB7,0.02176543
288,198,DOCK10,CMAH,0.021132486
288,102,DOCK10,FUT8,0.020468311
288,400,DOCK10,ANKRD44,0.020381732
288,217,DOCK10,MYCT1,0.02035936
288,405,DOCK10,GIMAP8,0.020304315
288,147,DOCK10,ERP29,0.01985561
288,455,DOCK10,SNAP23,0.0197333
288,174,DOCK10,PPCDC,0.019358108
288,182,DOCK10,STK17B,0.019358095
288,327,DOCK10,PRIM1,0.019319855
288,339,DOCK10,KCTD12,0.0192602
288,210,DOCK10,CDKN1C,0.019131793
288,180,DOCK10,RGS2,0.019126108
288,169,DOCK10,MCM4,0.018926185
288,262,DOCK10,SSH2,0.018303856
288,47,DOCK10,LONP2,0.017876988
288,135,DOCK10,SLBP,0.017622583
288,354,DOCK10,PPP1R15A,0.01760617
288,525,DOCK10,TXNIP,0.017602393
288,409,DOCK10,TMEM206,0.01743893
288,497,DOCK10,ATP8B4,0.016942512
288,79,DOCK10,MGAT1,0.016926454
288,219,DOCK10,STARD4,0.016926454
288,441,DOCK10,MCM7,0.016711151
288,284,DOCK10,ANXA5,0.016004205
288,24,DOCK10,DYNLL1,0.015942663
288,119,DOCK10,PAG1,0.015682356
288,293,DOCK10,MAML3,0.015075085
288,246,DOCK10,KLF6,0.014635489
288,214,DOCK10,FCHO2,0.014120773
288,123,DOCK10,PAFAH2,0.009405817
288,203,DOCK10,CD33,0.00247371
288,139,DOCK10,CCL3,0.0023467166
288,207,DOCK10,BLNK,0.0021158746
288,86,DOCK10,METTL7A1,0.0021124785
288,419,DOCK10,NCF1,0.0020844848
288,186,DOCK10,IL7R,0.0020831234
288,319,DOCK10,CD74,0.0020562802
288,294,DOCK10,TINAGL1,0.0020184144
288,132,DOCK10,OAS2,0.001989559
288,63,DOCK10,ENG,0.0019872636
288,332,DOCK10,IPCEF1,0.0019849534
288,417,DOCK10,UBA7,0.0019662217
288,276,DOCK10,H2-Q6,0.0019633174
302,115,DOCK11,LTB,0.05736301
302,323,DOCK11,SELPLG,0.05469964
302,224,DOCK11,PLSCR4,0.04968907
302,260,DOCK11,RHOF,0.049456533
302,197,DOCK11,POLA2,0.046343
302,556,DOCK11,ITGB7,0.04599702
302,198,DOCK11,CMAH,0.044709202
302,102,DOCK11,FUT8,0.04331736
302,400,DOCK11,ANKRD44,0.043017283
302,217,DOCK11,MYCT1,0.042957433
302,405,DOCK11,GIMAP8,0.04294389
302,147,DOCK11,ERP29,0.041840702
302,455,DOCK11,SNAP23,0.04172577
302,174,DOCK11,PPCDC,0.040900957
302,182,DOCK11,STK17B,0.040900957
302,327,DOCK11,PRIM1,0.040824592
302,180,DOCK11,RGS2,0.040505264
302,339,DOCK11,KCTD12,0.040471867
302,169,DOCK11,MCM4,0.039961495
302,210,DOCK11,CDKN1C,0.039226364
302,262,DOCK11,SSH2,0.03875728
302,354,DOCK11,PPP1R15A,0.037167054
302,135,DOCK11,SLBP,0.0371262
302,525,DOCK11,TXNIP,0.036986947
302,409,DOCK11,TMEM206,0.036785394
302,219,DOCK11,STARD4,0.035682324
302,79,DOCK11,MGAT1,0.03568231
302,497,DOCK11,ATP8B4,0.035619684
302,441,DOCK11,MCM7,0.035212334
302,284,DOCK11,ANXA5,0.03371225
302,24,DOCK11,DYNLL1,0.033570338
302,119,DOCK11,PAG1,0.033015277
302,123,DOCK11,PAFAH2,0.032705083
302,293,DOCK11,MAML3,0.03173546
302,246,DOCK11,KLF6,0.03067766
302,214,DOCK11,FCHO2,0.028613742
302,47,DOCK11,LONP2,0.02606473
302,203,DOCK11,CD33,0.0039033901
302,139,DOCK11,CCL3,0.0036666233
302,294,DOCK11,TINAGL1,0.003449584
302,86,DOCK11,METTL7A1,0.003223575
302,417,DOCK11,UBA7,0.0032155963
302,207,DOCK11,BLNK,0.0032138224
302,186,DOCK11,IL7R,0.00317009
302,419,DOCK11,NCF1,0.0031484866
302,319,DOCK11,CD74,0.0030985258
302,132,DOCK11,OAS2,0.0029825594
302,332,DOCK11,IPCEF1,0.002975584
302,63,DOCK11,ENG,0.002953392
302,267,DOCK11,CLEC12A,0.0029206115
215,115,DOK2,LTB,0.02409201
215,260,DOK2,RHOF,0.020700239
215,224,DOK2,PLSCR4,0.020691052
215,197,DOK2,POLA2,0.019295162
215,556,DOK2,ITGB7,0.019201094
215,198,DOK2,CMAH,0.018637165
215,102,DOK2,FUT8,0.018053113
215,217,DOK2,MYCT1,0.01796117
215,405,DOK2,GIMAP8,0.017913207
215,455,DOK2,SNAP23,0.017851153
215,147,DOK2,ERP29,0.017521562
215,174,DOK2,PPCDC,0.017083596
215,182,DOK2,STK17B,0.017083587
215,327,DOK2,PRIM1,0.017051686
215,339,DOK2,KCTD12,0.016997496
215,180,DOK2,RGS2,0.016858036
215,169,DOK2,MCM4,0.016698847
215,210,DOK2,CDKN1C,0.01635545
215,135,DOK2,SLBP,0.015560877
215,354,DOK2,PPP1R15A,0.015539097
215,525,DOK2,TXNIP,0.015536973
215,409,DOK2,TMEM206,0.015397232
215,497,DOK2,ATP8B4,0.014954593
215,219,DOK2,STARD4,0.014943834
215,79,DOK2,MGAT1,0.014943821
215,441,DOK2,MCM7,0.01475869
215,284,DOK2,ANXA5,0.014129785
215,24,DOK2,DYNLL1,0.014059621
215,262,DOK2,SSH2,0.013892271
215,119,DOK2,PAG1,0.013849424
215,123,DOK2,PAFAH2,0.01372334
215,246,DOK2,KLF6,0.012936251
215,214,DOK2,FCHO2,0.011981729
215,47,DOK2,LONP2,0.011676242
215,400,DOK2,ANKRD44,0.010246997
215,293,DOK2,MAML3,0.0100601865
215,323,DOK2,SELPLG,0.0093403375
215,203,DOK2,CD33,0.0022872635
215,139,DOK2,CCL3,0.002174663
215,207,DOK2,BLNK,0.001968536
215,86,DOK2,METTL7A1,0.0019678646
215,186,DOK2,IL7R,0.0019395817
215,419,DOK2,NCF1,0.0019383231
215,319,DOK2,CD74,0.001914521
215,63,DOK2,ENG,0.0019009075
215,132,DOK2,OAS2,0.0018508866
215,332,DOK2,IPCEF1,0.0018497761
215,417,DOK2,UBA7,0.0018339385
215,267,DOK2,CLEC12A,0.0018237438
215,172,DOK2,EPSTI1,0.0017736463
361,323,DPP4,SELPLG,0.017796628
361,115,DPP4,LTB,0.016462376
361,260,DPP4,RHOF,0.016082361
361,224,DPP4,PLSCR4,0.016061157
361,556,DPP4,ITGB7,0.0149253085
361,198,DPP4,CMAH,0.014558514
361,102,DPP4,FUT8,0.014005918
361,400,DPP4,ANKRD44,0.013992806
361,217,DPP4,MYCT1,0.013956452
361,405,DPP4,GIMAP8,0.013927903
361,147,DPP4,ERP29,0.013624237
361,455,DPP4,SNAP23,0.013515062
361,182,DPP4,STK17B,0.013290986
361,174,DPP4,PPCDC,0.01329098
361,327,DPP4,PRIM1,0.013260891
361,339,DPP4,KCTD12,0.01322103
361,180,DPP4,RGS2,0.01309307
361,169,DPP4,MCM4,0.012983653
361,210,DPP4,CDKN1C,0.012688297
361,262,DPP4,SSH2,0.0125877345
361,354,DPP4,PPP1R15A,0.012089497
361,525,DPP4,TXNIP,0.0120869065
361,135,DPP4,SLBP,0.012086565
361,409,DPP4,TMEM206,0.011990923
361,497,DPP4,ATP8B4,0.011652933
361,79,DPP4,MGAT1,0.0116321985
361,219,DPP4,STARD4,0.0116321985
361,47,DPP4,LONP2,0.011204394
361,284,DPP4,ANXA5,0.010997995
361,24,DPP4,DYNLL1,0.010949679
361,119,DPP4,PAG1,0.01077699
361,123,DPP4,PAFAH2,0.010677849
361,293,DPP4,MAML3,0.010302425
361,246,DPP4,KLF6,0.010045704
361,197,DPP4,POLA2,0.009002642
361,441,DPP4,MCM7,0.007846796
361,214,DPP4,FCHO2,0.0057204883
361,203,DPP4,CD33,0.0019458836
361,139,DPP4,CCL3,0.0018519714
361,207,DPP4,BLNK,0.0016939024
361,86,DPP4,METTL7A1,0.0016920964
361,186,DPP4,IL7R,0.0016713166
361,419,DPP4,NCF1,0.0016633215
361,319,DPP4,CD74,0.001648658
361,63,DPP4,ENG,0.001637504
361,294,DPP4,TINAGL1,0.0016247962
361,132,DPP4,OAS2,0.0015997491
361,332,DPP4,IPCEF1,0.0015977701
361,417,DPP4,UBA7,0.0015873098
361,267,DPP4,CLEC12A,0.0015812848
492,115,DTL,LTB,0.04750353
492,260,DTL,RHOF,0.040916298
492,224,DTL,PLSCR4,0.04084857
492,197,DTL,POLA2,0.038326103
492,556,DTL,ITGB7,0.038303755
492,217,DTL,MYCT1,0.03766053
492,198,DTL,CMAH,0.036957845
492,102,DTL,FUT8,0.035803
492,400,DTL,ANKRD44,0.0357862
492,405,DTL,GIMAP8,0.035497952
492,147,DTL,ERP29,0.03462523
492,174,DTL,PPCDC,0.033820413
492,182,DTL,STK17B,0.033820406
492,327,DTL,PRIM1,0.033759154
492,180,DTL,RGS2,0.03349208
492,169,DTL,MCM4,0.033083845
492,262,DTL,SSH2,0.032594685
492,210,DTL,CDKN1C,0.03244997
492,47,DTL,LONP2,0.031194286
492,135,DTL,SLBP,0.03075736
492,354,DTL,PPP1R15A,0.030751538
492,409,DTL,TMEM206,0.030438093
492,79,DTL,MGAT1,0.029561551
492,219,DTL,STARD4,0.029536001
492,497,DTL,ATP8B4,0.02949878
492,441,DTL,MCM7,0.02914728
492,284,DTL,ANXA5,0.027924065
492,24,DTL,DYNLL1,0.027807834
492,119,DTL,PAG1,0.027344504
492,123,DTL,PAFAH2,0.027090395
492,293,DTL,MAML3,0.02630241
492,246,DTL,KLF6,0.025443673
492,214,DTL,FCHO2,0.023736522
492,525,DTL,TXNIP,0.018685605
492,323,DTL,SELPLG,0.0078643
492,339,DTL,KCTD12,0.0069252453
492,455,DTL,SNAP23,0.0064240904
492,203,DTL,CD33,0.0035361955
492,139,DTL,CCL3,0.0033382059
492,86,DTL,METTL7A1,0.0029552209
492,207,DTL,BLNK,0.0029491363
492,186,DTL,IL7R,0.0029029644
492,419,DTL,NCF1,0.0028991713
492,319,DTL,CD74,0.002851494
492,63,DTL,ENG,0.0028339927
492,294,DTL,TINAGL1,0.002803048
492,332,DTL,IPCEF1,0.002744629
492,417,DTL,UBA7,0.0027097124
492,267,DTL,CLEC12A,0.0026908412
492,172,DTL,EPSTI1,0.002610125
315,115,DUSP1,LTB,0.025464797
315,323,DUSP1,SELPLG,0.02423379
315,260,DUSP1,RHOF,0.021850182
315,224,DUSP1,PLSCR4,0.02184731
315,197,DUSP1,POLA2,0.020357724
315,556,DUSP1,ITGB7,0.020227239
315,198,DUSP1,CMAH,0.019654525
315,102,DUSP1,FUT8,0.019032441
315,400,DUSP1,ANKRD44,0.01896169
315,217,DUSP1,MYCT1,0.018942688
315,405,DUSP1,GIMAP8,0.018885018
315,147,DUSP1,ERP29,0.018462015
315,174,DUSP1,PPCDC,0.017999837
315,182,DUSP1,STK17B,0.017999833
315,327,DUSP1,PRIM1,0.01796345
315,339,DUSP1,KCTD12,0.017905358
315,180,DUSP1,RGS2,0.017768702
315,169,DUSP1,MCM4,0.017587855
315,210,DUSP1,CDKN1C,0.017218811
315,262,DUSP1,SSH2,0.017031636
315,47,DUSP1,LONP2,0.016609471
315,135,DUSP1,SLBP,0.016374838
315,354,DUSP1,PPP1R15A,0.016351445
315,525,DUSP1,TXNIP,0.016347134
315,409,DUSP1,TMEM206,0.016202834
315,497,DUSP1,ATP8B4,0.015729157
315,79,DUSP1,MGAT1,0.015728382
315,219,DUSP1,STARD4,0.015716316
315,441,DUSP1,MCM7,0.015522722
315,284,DUSP1,ANXA5,0.0148502365
315,119,DUSP1,PAG1,0.014552117
315,293,DUSP1,MAML3,0.013958861
315,246,DUSP1,KLF6,0.013579607
315,214,DUSP1,FCHO2,0.013283834
315,24,DUSP1,DYNLL1,0.012954713
315,455,DUSP1,SNAP23,0.011494807
315,123,DUSP1,PAFAH2,0.010477522
315,203,DUSP1,CD33,0.0022968834
315,139,DUSP1,CCL3,0.0021802336
315,207,DUSP1,BLNK,0.0019723377
315,186,DUSP1,IL7R,0.0019447281
315,419,DUSP1,NCF1,0.0019429122
315,319,DUSP1,CD74,0.0019180285
315,63,DUSP1,ENG,0.0019049965
315,294,DUSP1,TINAGL1,0.0018803576
315,132,DUSP1,OAS2,0.0018566384
315,332,DUSP1,IPCEF1,0.0018489787
315,417,DUSP1,UBA7,0.0018358863
315,267,DUSP1,CLEC12A,0.0018260952
315,172,DUSP1,EPSTI1,0.001776335
494,115,DUSP5,LTB,0.015505942
494,260,DUSP5,RHOF,0.0133810155
494,224,DUSP5,PLSCR4,0.013315885
494,556,DUSP5,ITGB7,0.012542321
494,197,DUSP5,POLA2,0.012522523
494,217,DUSP5,MYCT1,0.012209536
494,198,DUSP5,CMAH,0.012097263
494,400,DUSP5,ANKRD44,0.011758212
494,102,DUSP5,FUT8,0.011734919
494,405,DUSP5,GIMAP8,0.011647252
494,147,DUSP5,ERP29,0.011377584
494,174,DUSP5,PPCDC,0.011128964
494,182,DUSP5,STK17B,0.011128964
494,327,DUSP5,PRIM1,0.011109496
494,180,DUSP5,RGS2,0.010901135
494,169,DUSP5,MCM4,0.0108863115
494,262,DUSP5,SSH2,0.010739154
494,210,DUSP5,CDKN1C,0.010613023
494,47,DUSP5,LONP2,0.010300004
494,135,DUSP5,SLBP,0.010177638
494,354,DUSP5,PPP1R15A,0.010156686
494,409,DUSP5,TMEM206,0.010070759
494,79,DUSP5,MGAT1,0.009834248
494,219,DUSP5,STARD4,0.009827573
494,497,DUSP5,ATP8B4,0.00981054
494,441,DUSP5,MCM7,0.009687081
494,24,DUSP5,DYNLL1,0.00935426
494,284,DUSP5,ANXA5,0.00933736
494,119,DUSP5,PAG1,0.009168903
494,123,DUSP5,PAFAH2,0.009102069
494,293,DUSP5,MAML3,0.008895525
494,246,DUSP5,KLF6,0.008665182
494,214,DUSP5,FCHO2,0.008125078
494,525,DUSP5,TXNIP,0.006465358
494,323,DUSP5,SELPLG,0.0037787938
494,339,DUSP5,KCTD12,0.003390397
494,455,DUSP5,SNAP23,0.0032201954
494,203,DUSP5,CD33,0.0018472713
494,139,DUSP5,CCL3,0.0017535365
494,207,DUSP5,BLNK,0.0016114878
494,86,DUSP5,METTL7A1,0.0016095373
494,186,DUSP5,IL7R,0.0016081196
494,419,DUSP5,NCF1,0.0015772937
494,319,DUSP5,CD74,0.0015703405
494,294,DUSP5,TINAGL1,0.0015603468
494,63,DUSP5,ENG,0.0015567592
494,332,DUSP5,IPCEF1,0.0015212601
494,417,DUSP5,UBA7,0.001516335
494,267,DUSP5,CLEC12A,0.0015114025
494,172,DUSP5,EPSTI1,0.001473066
372,115,DUSP6,LTB,0.048145622
372,323,DUSP6,SELPLG,0.04587406
372,224,DUSP6,PLSCR4,0.0416318
372,260,DUSP6,RHOF,0.041458227
372,197,DUSP6,POLA2,0.0387967
372,556,DUSP6,ITGB7,0.03852327
372,198,DUSP6,CMAH,0.037723288
372,400,DUSP6,ANKRD44,0.037197925
372,102,DUSP6,FUT8,0.03627328
372,217,DUSP6,MYCT1,0.036011476
372,405,DUSP6,GIMAP8,0.03596312
372,339,DUSP6,KCTD12,0.035123535
372,147,DUSP6,ERP29,0.03508842
372,455,DUSP6,SNAP23,0.034988098
372,182,DUSP6,STK17B,0.03426334
372,327,DUSP6,PRIM1,0.03425224
372,174,DUSP6,PPCDC,0.03422146
372,180,DUSP6,RGS2,0.033944145
372,210,DUSP6,CDKN1C,0.032880258
372,262,DUSP6,SSH2,0.032471713
372,47,DUSP6,LONP2,0.03160633
372,354,DUSP6,PPP1R15A,0.031155644
372,135,DUSP6,SLBP,0.031134006
372,525,DUSP6,TXNIP,0.031116093
372,79,DUSP6,MGAT1,0.029923351
372,497,DUSP6,ATP8B4,0.029885005
372,441,DUSP6,MCM7,0.029528389
372,24,DUSP6,DYNLL1,0.028173182
372,119,DUSP6,PAG1,0.027705168
372,123,DUSP6,PAFAH2,0.02744593
372,293,DUSP6,MAML3,0.026647646
372,246,DUSP6,KLF6,0.025774864
372,214,DUSP6,FCHO2,0.024049977
372,169,DUSP6,MCM4,0.023728266
372,219,DUSP6,STARD4,0.02285159
372,409,DUSP6,TMEM206,0.006580685
372,284,DUSP6,ANXA5,0.0060813343
372,203,DUSP6,CD33,0.0035695778
372,139,DUSP6,CCL3,0.0033656098
372,207,DUSP6,BLNK,0.0029710282
372,186,DUSP6,IL7R,0.0029251752
372,419,DUSP6,NCF1,0.0029215934
372,319,DUSP6,CD74,0.0028687376
372,63,DUSP6,ENG,0.0028542026
372,294,DUSP6,TINAGL1,0.0028180545
372,132,DUSP6,OAS2,0.0027719263
372,332,DUSP6,IPCEF1,0.0027638148
372,417,DUSP6,UBA7,0.0027288792
372,267,DUSP6,CLEC12A,0.0027097294
372,276,DUSP6,H2-Q6,0.0025904372
24,323,DYNLL1,SELPLG,0.16829883
24,224,DYNLL1,PLSCR4,0.15755495
24,260,DYNLL1,RHOF,0.15619689
24,197,DYNLL1,POLA2,0.14879157
24,556,DYNLL1,ITGB7,0.14857222
24,198,DYNLL1,CMAH,0.14430204
24,102,DYNLL1,FUT8,0.14073363
24,405,DYNLL1,GIMAP8,0.14056903
24,400,DYNLL1,ANKRD44,0.14050114
24,147,DYNLL1,ERP29,0.13596934
24,455,DYNLL1,SNAP23,0.1351851
24,182,DYNLL1,STK17B,0.13488613
24,174,DYNLL1,PPCDC,0.13474125
24,327,DYNLL1,PRIM1,0.13373642
24,339,DYNLL1,KCTD12,0.13310143
24,169,DYNLL1,MCM4,0.13112801
24,210,DYNLL1,CDKN1C,0.1287284
24,262,DYNLL1,SSH2,0.1279703
24,47,DYNLL1,LONP2,0.124702476
24,135,DYNLL1,SLBP,0.12333483
24,115,DYNLL1,LTB,0.12289462
24,354,DYNLL1,PPP1R15A,0.122873925
24,409,DYNLL1,TMEM206,0.122765705
24,525,DYNLL1,TXNIP,0.1223401
24,497,DYNLL1,ATP8B4,0.11913793
24,219,DYNLL1,STARD4,0.11862084
24,441,DYNLL1,MCM7,0.1180648
24,284,DYNLL1,ANXA5,0.11299191
24,119,DYNLL1,PAG1,0.11095299
24,123,DYNLL1,PAFAH2,0.11001092
24,293,DYNLL1,MAML3,0.10708672
24,79,DYNLL1,MGAT1,0.1052712
24,214,DYNLL1,FCHO2,0.09743935
24,180,DYNLL1,RGS2,0.096634276
24,217,DYNLL1,MYCT1,0.05266887
24,246,DYNLL1,KLF6,0.0466081
24,203,DYNLL1,CD33,0.010153227
24,139,DYNLL1,CCL3,0.009395252
24,86,DYNLL1,METTL7A1,0.008121482
24,207,DYNLL1,BLNK,0.008095468
24,186,DYNLL1,IL7R,0.0080125015
24,419,DYNLL1,NCF1,0.0077957944
24,319,DYNLL1,CD74,0.007728218
24,63,DYNLL1,ENG,0.007635194
24,294,DYNLL1,TINAGL1,0.0076303217
24,132,DYNLL1,OAS2,0.007370279
24,332,DYNLL1,IPCEF1,0.0073679383
24,417,DYNLL1,UBA7,0.007305568
24,267,DYNLL1,CLEC12A,0.0072480813
24,172,DYNLL1,EPSTI1,0.006985553
316,97,E430014B02RIK,MYC,0.7142581
316,246,E430014B02RIK,KLF6,0.71050805
316,497,E430014B02RIK,ATP8B4,0.7050129
316,441,E430014B02RIK,MCM7,0.70459515
316,135,E430014B02RIK,SLBP,0.7028367
316,409,E430014B02RIK,TMEM206,0.7005435
316,400,E430014B02RIK,ANKRD44,0.6989274
316,174,E430014B02RIK,PPCDC,0.6968139
316,182,E430014B02RIK,STK17B,0.6968139
316,219,E430014B02RIK,STARD4,0.6968065
316,79,E430014B02RIK,MGAT1,0.6965333
316,327,E430014B02RIK,PRIM1,0.69617736
316,262,E430014B02RIK,SSH2,0.695442
316,119,E430014B02RIK,PAG1,0.69117534
316,556,E430014B02RIK,ITGB7,0.6911121
316,405,E430014B02RIK,GIMAP8,0.690679
316,169,E430014B02RIK,MCM4,0.68906975
316,354,E430014B02RIK,PPP1R15A,0.68896705
316,47,E430014B02RIK,LONP2,0.6889151
316,24,E430014B02RIK,DYNLL1,0.6868159
316,102,E430014B02RIK,FUT8,0.6846038
316,339,E430014B02RIK,KCTD12,0.6835771
316,525,E430014B02RIK,TXNIP,0.6826278
316,284,E430014B02RIK,ANXA5,0.6816414
316,198,E430014B02RIK,CMAH,0.68023413
316,287,E430014B02RIK,CSF3R,0.6800999
316,555,E430014B02RIK,CKS1B,0.67934734
316,217,E430014B02RIK,MYCT1,0.677849
316,260,E430014B02RIK,RHOF,0.676354
316,197,E430014B02RIK,POLA2,0.6758439
316,147,E430014B02RIK,ERP29,0.67322695
316,293,E430014B02RIK,MAML3,0.669558
316,224,E430014B02RIK,PLSCR4,0.6673295
316,455,E430014B02RIK,SNAP23,0.6567086
316,145,E430014B02RIK,SPI1,0.6528697
316,19,E430014B02RIK,UBASH3A,0.6520755
316,210,E430014B02RIK,CDKN1C,0.65201676
316,115,E430014B02RIK,LTB,0.65077895
316,323,E430014B02RIK,SELPLG,0.6480201
316,180,E430014B02RIK,RGS2,0.6451365
316,404,E430014B02RIK,NHP2,0.63874996
316,283,E430014B02RIK,SAT1,0.6387102
316,335,E430014B02RIK,SLC22A3,0.6370252
316,7,E430014B02RIK,AKNA,0.6361636
316,84,E430014B02RIK,SLC39A6,0.63368666
316,415,E430014B02RIK,TM6SF1,0.6323098
316,526,E430014B02RIK,SERP1,0.63230443
316,66,E430014B02RIK,CCR7,0.6321253
316,552,E430014B02RIK,TLR7,0.6321253
316,214,E430014B02RIK,FCHO2,0.63124484
325,115,EBI3,LTB,0.019238451
325,323,EBI3,SELPLG,0.018324554
325,260,EBI3,RHOF,0.016563885
325,224,EBI3,PLSCR4,0.01653269
325,197,EBI3,POLA2,0.015435273
325,556,EBI3,ITGB7,0.015376463
325,198,EBI3,CMAH,0.0149223795
325,400,EBI3,ANKRD44,0.014428039
325,217,EBI3,MYCT1,0.014400334
325,102,EBI3,FUT8,0.014389361
325,405,EBI3,GIMAP8,0.014359197
325,147,EBI3,ERP29,0.014062385
325,455,EBI3,SNAP23,0.013890043
325,174,EBI3,PPCDC,0.013710024
325,182,EBI3,STK17B,0.013710024
325,327,EBI3,PRIM1,0.01368259
325,180,EBI3,RGS2,0.013459845
325,169,EBI3,MCM4,0.013400148
325,210,EBI3,CDKN1C,0.013096669
325,47,EBI3,LONP2,0.012686487
325,135,EBI3,SLBP,0.012517513
325,525,EBI3,TXNIP,0.01249174
325,354,EBI3,PPP1R15A,0.012488771
325,409,EBI3,TMEM206,0.012384082
325,497,EBI3,ATP8B4,0.012043109
325,219,EBI3,STARD4,0.01202315
325,79,EBI3,MGAT1,0.012023143
325,284,EBI3,ANXA5,0.011377884
325,119,EBI3,PAG1,0.011159831
325,123,EBI3,PAFAH2,0.011061368
325,293,EBI3,MAML3,0.010722885
325,246,EBI3,KLF6,0.009749054
325,214,EBI3,FCHO2,0.009633521
325,339,EBI3,KCTD12,0.008263075
325,262,EBI3,SSH2,0.007960963
325,24,EBI3,DYNLL1,0.006649709
325,441,EBI3,MCM7,0.0032500126
325,203,EBI3,CD33,0.002057349
325,207,EBI3,BLNK,0.0017854236
325,86,EBI3,METTL7A1,0.0017840848
325,186,EBI3,IL7R,0.0017597659
325,419,EBI3,NCF1,0.0017580814
325,319,EBI3,CD74,0.0017393833
325,63,EBI3,ENG,0.0017280582
325,294,EBI3,TINAGL1,0.0017133785
325,132,EBI3,OAS2,0.0017019121
325,139,EBI3,CCL3,0.0017010034
325,332,EBI3,IPCEF1,0.0016832174
325,417,EBI3,UBA7,0.0016705085
325,267,EBI3,CLEC12A,0.0016613131
539,323,EEPD1,SELPLG,0.024049193
539,115,EEPD1,LTB,0.022195723
539,260,EEPD1,RHOF,0.0216904
539,197,EEPD1,POLA2,0.02022939
539,556,EEPD1,ITGB7,0.02011273
539,198,EEPD1,CMAH,0.019516319
539,102,EEPD1,FUT8,0.018900434
539,400,EEPD1,ANKRD44,0.018831218
539,217,EEPD1,MYCT1,0.018798506
539,405,EEPD1,GIMAP8,0.018754773
539,147,EEPD1,ERP29,0.018336838
539,455,EEPD1,SNAP23,0.018231872
539,174,EEPD1,PPCDC,0.017878646
539,182,EEPD1,STK17B,0.017878646
539,327,EEPD1,PRIM1,0.017842487
539,180,EEPD1,RGS2,0.01764881
539,169,EEPD1,MCM4,0.017470406
539,210,EEPD1,CDKN1C,0.017104587
539,262,EEPD1,SSH2,0.016919829
539,47,EEPD1,LONP2,0.016501628
539,135,EEPD1,SLBP,0.016269965
539,354,EEPD1,PPP1R15A,0.016246246
539,525,EEPD1,TXNIP,0.016242376
539,409,EEPD1,TMEM206,0.01609937
539,497,EEPD1,ATP8B4,0.015630709
539,219,EEPD1,STARD4,0.015617399
539,441,EEPD1,MCM7,0.015544625
539,284,EEPD1,ANXA5,0.0147595275
539,24,EEPD1,DYNLL1,0.01469692
539,119,EEPD1,PAG1,0.014464258
539,293,EEPD1,MAML3,0.013888925
539,214,EEPD1,FCHO2,0.012434139
539,123,EEPD1,PAFAH2,0.012167701
539,79,EEPD1,MGAT1,0.010963977
539,339,EEPD1,KCTD12,0.010514779
539,224,EEPD1,PLSCR4,0.008416184
539,246,EEPD1,KLF6,0.006743083
539,203,EEPD1,CD33,0.0021985006
539,139,EEPD1,CCL3,0.0021821703
539,419,EEPD1,NCF1,0.0020793828
539,207,EEPD1,BLNK,0.0019746264
539,86,EEPD1,METTL7A1,0.0019738541
539,186,EEPD1,IL7R,0.0019447856
539,319,EEPD1,CD74,0.0019202809
539,63,EEPD1,ENG,0.0019071456
539,294,EEPD1,TINAGL1,0.0018866549
539,132,EEPD1,OAS2,0.0018590364
539,332,EEPD1,IPCEF1,0.0018551905
539,267,EEPD1,CLEC12A,0.0018288384
539,172,EEPD1,EPSTI1,0.0017791662
510,115,EFNA1,LTB,0.03566092
510,323,EFNA1,SELPLG,0.03414094
510,224,EFNA1,PLSCR4,0.03086217
510,260,EFNA1,RHOF,0.030813513
510,197,EFNA1,POLA2,0.028772945
510,556,EFNA1,ITGB7,0.028594373
510,198,EFNA1,CMAH,0.027776582
510,102,EFNA1,FUT8,0.02690566
510,400,EFNA1,ANKRD44,0.026761767
510,217,EFNA1,MYCT1,0.026740184
510,405,EFNA1,GIMAP8,0.026678724
510,147,EFNA1,ERP29,0.026068043
510,455,EFNA1,SNAP23,0.0259623
510,182,EFNA1,STK17B,0.025445055
510,174,EFNA1,PPCDC,0.025424078
510,327,EFNA1,PRIM1,0.02537992
510,339,EFNA1,KCTD12,0.025288424
510,180,EFNA1,RGS2,0.025166012
510,210,EFNA1,CDKN1C,0.024382608
510,262,EFNA1,SSH2,0.02407064
510,47,EFNA1,LONP2,0.023465373
510,135,EFNA1,SLBP,0.023121499
510,525,EFNA1,TXNIP,0.023104887
510,409,EFNA1,TMEM206,0.022887824
510,219,EFNA1,STARD4,0.02221369
510,79,EFNA1,MGAT1,0.022213675
510,497,EFNA1,ATP8B4,0.0222029
510,441,EFNA1,MCM7,0.02190379
510,169,EFNA1,MCM4,0.021338755
510,284,EFNA1,ANXA5,0.020982286
510,24,EFNA1,DYNLL1,0.02091957
510,119,EFNA1,PAG1,0.020571612
510,123,EFNA1,PAFAH2,0.020380622
510,293,EFNA1,MAML3,0.019783357
510,246,EFNA1,KLF6,0.019167854
510,214,EFNA1,FCHO2,0.017893774
510,354,EFNA1,PPP1R15A,0.016712554
510,203,EFNA1,CD33,0.0029395306
510,139,EFNA1,CCL3,0.0027823455
510,86,EFNA1,METTL7A1,0.0024817986
510,207,EFNA1,BLNK,0.0024780133
510,419,EFNA1,NCF1,0.0024403646
510,186,EFNA1,IL7R,0.0024396763
510,319,EFNA1,CD74,0.0024017596
510,63,EFNA1,ENG,0.002383907
510,294,EFNA1,TINAGL1,0.0023572475
510,132,EFNA1,OAS2,0.0023229173
510,332,EFNA1,IPCEF1,0.0023162388
510,417,EFNA1,UBA7,0.002288818
510,267,EFNA1,CLEC12A,0.0022741507
71,409,ELF1,TMEM206,0.79708517
71,441,ELF1,MCM7,0.7398635
71,497,ELF1,ATP8B4,0.73822206
71,400,ELF1,ANKRD44,0.7352598
71,219,ELF1,STARD4,0.7310509
71,182,ELF1,STK17B,0.7308045
71,174,ELF1,PPCDC,0.73031735
71,327,ELF1,PRIM1,0.7297782
71,262,ELF1,SSH2,0.72924876
71,123,ELF1,PAFAH2,0.7290738
71,119,ELF1,PAG1,0.7248178
71,556,ELF1,ITGB7,0.7229473
71,169,ELF1,MCM4,0.72210497
71,24,ELF1,DYNLL1,0.72169757
71,47,ELF1,LONP2,0.7210422
71,354,ELF1,PPP1R15A,0.71999246
71,97,ELF1,MYC,0.7175868
71,102,ELF1,FUT8,0.7171219
71,525,ELF1,TXNIP,0.7143176
71,339,ELF1,KCTD12,0.7141586
71,198,ELF1,CMAH,0.71324617
71,260,ELF1,RHOF,0.71301216
71,284,ELF1,ANXA5,0.7123177
71,217,ELF1,MYCT1,0.70716614
71,293,ELF1,MAML3,0.7025521
71,147,ELF1,ERP29,0.7019899
71,224,ELF1,PLSCR4,0.69548494
71,214,ELF1,FCHO2,0.69518244
71,287,ELF1,CSF3R,0.6848799
71,79,ELF1,MGAT1,0.6818744
71,210,ELF1,CDKN1C,0.678429
71,246,ELF1,KLF6,0.675428
71,323,ELF1,SELPLG,0.6712396
71,135,ELF1,SLBP,0.66720486
71,455,ELF1,SNAP23,0.6646228
71,405,ELF1,GIMAP8,0.65809596
71,19,ELF1,UBASH3A,0.6538591
71,180,ELF1,RGS2,0.6495589
71,197,ELF1,POLA2,0.640448
71,335,ELF1,SLC22A3,0.6400337
71,283,ELF1,SAT1,0.6384953
71,466,ELF1,ZFP367,0.6308549
71,549,ELF1,SLC26A11,0.63081366
71,243,ELF1,VAMP1,0.6302901
71,228,ELF1,CCL9,0.62859225
71,555,ELF1,CKS1B,0.626027
71,294,ELF1,TINAGL1,0.622224
71,416,ELF1,PLD4,0.6208132
71,259,ELF1,ARL11,0.6181417
71,176,ELF1,HAAO,0.61814165
406,115,ELL2,LTB,0.039659213
406,323,ELL2,SELPLG,0.0377323
406,224,ELL2,PLSCR4,0.034172088
406,260,ELL2,RHOF,0.034105852
406,197,ELL2,POLA2,0.0318518
406,556,ELL2,ITGB7,0.03164696
406,198,ELL2,CMAH,0.03073991
406,102,ELL2,FUT8,0.029738504
406,400,ELL2,ANKRD44,0.029605493
406,217,ELL2,MYCT1,0.02959662
406,405,ELL2,GIMAP8,0.029520918
406,147,ELL2,ERP29,0.028820546
406,455,ELL2,SNAP23,0.028706798
406,174,ELL2,PPCDC,0.028123388
406,182,ELL2,STK17B,0.028123375
406,327,ELL2,PRIM1,0.028073918
406,180,ELL2,RGS2,0.027831705
406,210,ELL2,CDKN1C,0.026959276
406,262,ELL2,SSH2,0.026618825
406,47,ELL2,LONP2,0.025936263
406,525,ELL2,TXNIP,0.025617367
406,135,ELL2,SLBP,0.025555076
406,354,ELL2,PPP1R15A,0.025541976
406,409,ELL2,TMEM206,0.02530022
406,497,ELL2,ATP8B4,0.024572134
406,79,ELL2,MGAT1,0.024548516
406,219,ELL2,STARD4,0.024519471
406,441,ELL2,MCM7,0.024196494
406,284,ELL2,ANXA5,0.02317516
406,24,ELL2,DYNLL1,0.023105871
406,119,ELL2,PAG1,0.022687346
406,123,ELL2,PAFAH2,0.022508215
406,293,ELL2,MAML3,0.021840503
406,246,ELL2,KLF6,0.021152483
406,339,ELL2,KCTD12,0.021088414
406,214,ELL2,FCHO2,0.019730031
406,169,ELL2,MCM4,0.017234497
406,203,ELL2,CD33,0.003086075
406,139,ELL2,CCL3,0.00291551
406,86,ELL2,METTL7A1,0.0025916165
406,207,ELL2,BLNK,0.0025452382
406,319,ELL2,CD74,0.0025032298
406,63,ELL2,ENG,0.0024887081
406,419,ELL2,NCF1,0.002472836
406,294,ELL2,TINAGL1,0.002464111
406,132,ELL2,OAS2,0.0024191616
406,332,ELL2,IPCEF1,0.002408441
406,417,ELL2,UBA7,0.0023838095
406,267,ELL2,CLEC12A,0.002368865
406,172,ELL2,EPSTI1,0.002299222
161,115,ELOVL5,LTB,0.04615299
161,323,ELOVL5,SELPLG,0.0439787
161,260,ELOVL5,RHOF,0.03973371
161,400,ELOVL5,ANKRD44,0.034556836
161,217,ELOVL5,MYCT1,0.034498904
161,405,ELOVL5,GIMAP8,0.0344491
161,455,ELOVL5,SNAP23,0.033538733
161,174,ELOVL5,PPCDC,0.032818954
161,182,ELOVL5,STK17B,0.032818954
161,327,ELOVL5,PRIM1,0.03276137
161,339,ELOVL5,KCTD12,0.032646522
161,180,ELOVL5,RGS2,0.032504477
161,169,ELOVL5,MCM4,0.032102842
161,210,ELOVL5,CDKN1C,0.031405978
161,198,ELOVL5,CMAH,0.030860033
161,47,ELOVL5,LONP2,0.03029148
161,354,ELOVL5,PPP1R15A,0.02983576
161,135,ELOVL5,SLBP,0.029818954
161,525,ELOVL5,TXNIP,0.029799
161,219,ELOVL5,STARD4,0.028655987
161,79,ELOVL5,MGAT1,0.02865596
161,497,ELOVL5,ATP8B4,0.028621312
161,441,ELOVL5,MCM7,0.028276747
161,197,ELOVL5,POLA2,0.028104326
161,284,ELOVL5,ANXA5,0.027085457
161,24,ELOVL5,DYNLL1,0.026977396
161,102,ELOVL5,FUT8,0.026617201
161,119,ELOVL5,PAG1,0.026526768
161,293,ELOVL5,MAML3,0.02551044
161,246,ELOVL5,KLF6,0.024681116
161,123,ELOVL5,PAFAH2,0.024241101
161,147,ELOVL5,ERP29,0.023755897
161,214,ELOVL5,FCHO2,0.023020877
161,224,ELOVL5,PLSCR4,0.017082138
161,556,ELOVL5,ITGB7,0.016084058
161,262,ELOVL5,SSH2,0.012876348
161,409,ELOVL5,TMEM206,0.006364059
161,203,ELOVL5,CD33,0.0034485154
161,139,ELOVL5,CCL3,0.0032517773
161,86,ELOVL5,METTL7A1,0.0028785341
161,207,ELOVL5,BLNK,0.002872144
161,186,ELOVL5,IL7R,0.0028290756
161,419,ELOVL5,NCF1,0.0028227416
161,319,ELOVL5,CD74,0.0027754016
161,63,ELOVL5,ENG,0.0027575607
161,294,ELOVL5,TINAGL1,0.002731355
161,132,ELOVL5,OAS2,0.0026803445
161,332,ELOVL5,IPCEF1,0.0026726502
161,417,ELOVL5,UBA7,0.002639626
161,172,ELOVL5,EPSTI1,0.002542973
550,115,EMB,LTB,0.043075394
550,323,EMB,SELPLG,0.041044366
550,224,EMB,PLSCR4,0.03715912
550,260,EMB,RHOF,0.03705867
550,556,EMB,ITGB7,0.034662116
550,197,EMB,POLA2,0.034592602
550,198,EMB,CMAH,0.03343249
550,102,EMB,FUT8,0.032382328
550,217,EMB,MYCT1,0.032159925
550,405,EMB,GIMAP8,0.03210793
550,147,EMB,ERP29,0.031339895
550,455,EMB,SNAP23,0.031228326
550,174,EMB,PPCDC,0.030587915
550,182,EMB,STK17B,0.0305879
550,327,EMB,PRIM1,0.030533506
550,339,EMB,KCTD12,0.030409483
550,180,EMB,RGS2,0.030283734
550,169,EMB,MCM4,0.029915713
550,210,EMB,CDKN1C,0.029333906
550,262,EMB,SSH2,0.028955286
550,47,EMB,LONP2,0.02821061
550,354,EMB,PPP1R15A,0.027800102
550,135,EMB,SLBP,0.027792664
550,525,EMB,TXNIP,0.02774308
550,79,EMB,MGAT1,0.027631378
550,409,EMB,TMEM206,0.02752009
550,219,EMB,STARD4,0.02670277
550,497,EMB,ATP8B4,0.026677432
550,441,EMB,MCM7,0.026351266
550,284,EMB,ANXA5,0.025236564
550,24,EMB,DYNLL1,0.025135385
550,119,EMB,PAG1,0.024716526
550,293,EMB,MAML3,0.023764525
550,246,EMB,KLF6,0.023003284
550,400,EMB,ANKRD44,0.022424318
550,214,EMB,FCHO2,0.021449778
550,123,EMB,PAFAH2,0.01481962
550,139,EMB,CCL3,0.0030936822
550,203,EMB,CD33,0.0030894307
550,207,EMB,BLNK,0.0027388665
550,186,EMB,IL7R,0.002697609
550,419,EMB,NCF1,0.0026931367
550,86,EMB,METTL7A1,0.0026849092
550,319,EMB,CD74,0.0026494383
550,63,EMB,ENG,0.002633071
550,294,EMB,TINAGL1,0.0026066268
550,132,EMB,OAS2,0.002559193
550,417,EMB,UBA7,0.0025205812
550,172,EMB,EPSTI1,0.0024296723
550,276,EMB,H2-Q6,0.0023952515
53,115,EMP1,LTB,0.04087186
53,323,EMP1,SELPLG,0.038928248
53,224,EMP1,PLSCR4,0.035170887
53,260,EMP1,RHOF,0.035134647
53,556,EMP1,ITGB7,0.03261261
53,198,EMP1,CMAH,0.03167526
53,102,EMP1,FUT8,0.030676378
53,400,EMP1,ANKRD44,0.030502144
53,217,EMP1,MYCT1,0.030465417
53,147,EMP1,ERP29,0.029682187
53,455,EMP1,SNAP23,0.029564029
53,174,EMP1,PPCDC,0.028972648
53,182,EMP1,STK17B,0.028937468
53,327,EMP1,PRIM1,0.028922003
53,339,EMP1,KCTD12,0.028826853
53,180,EMP1,RGS2,0.028665047
53,169,EMP1,MCM4,0.028546995
53,405,EMP1,GIMAP8,0.028014954
53,210,EMP1,CDKN1C,0.027763741
53,262,EMP1,SSH2,0.027753877
53,47,EMP1,LONP2,0.026922459
53,135,EMP1,SLBP,0.026316397
53,525,EMP1,TXNIP,0.02628896
53,409,EMP1,TMEM206,0.026095867
53,497,EMP1,ATP8B4,0.025256427
53,441,EMP1,MCM7,0.024909416
53,119,EMP1,PAG1,0.023940526
53,284,EMP1,ANXA5,0.023896303
53,24,EMP1,DYNLL1,0.023785906
53,79,EMP1,MGAT1,0.023274455
53,123,EMP1,PAFAH2,0.02316892
53,293,EMP1,MAML3,0.022475982
53,246,EMP1,KLF6,0.02203956
53,214,EMP1,FCHO2,0.02041867
53,354,EMP1,PPP1R15A,0.016089622
53,219,EMP1,STARD4,0.015262002
53,197,EMP1,POLA2,0.014227781
53,203,EMP1,CD33,0.0031132349
53,139,EMP1,CCL3,0.002938413
53,86,EMP1,METTL7A1,0.0026081223
53,207,EMP1,BLNK,0.0026022273
53,186,EMP1,IL7R,0.0025660158
53,419,EMP1,NCF1,0.0025558455
53,319,EMP1,CD74,0.0025166962
53,294,EMP1,TINAGL1,0.0024795318
53,132,EMP1,OAS2,0.0024310886
53,332,EMP1,IPCEF1,0.0024246247
53,417,EMP1,UBA7,0.0023965426
53,267,EMP1,CLEC12A,0.0023817578
53,276,EMP1,H2-Q6,0.002282727
63,115,ENG,LTB,0.019856866
63,260,ENG,RHOF,0.017084572
63,224,ENG,PLSCR4,0.017062383
63,556,ENG,ITGB7,0.015854577
63,198,ENG,CMAH,0.015393812
63,102,ENG,FUT8,0.014919182
63,400,ENG,ANKRD44,0.014871395
63,217,ENG,MYCT1,0.014863901
63,405,ENG,GIMAP8,0.014730081
63,455,ENG,SNAP23,0.014513261
63,147,ENG,ERP29,0.01450234
63,327,ENG,PRIM1,0.014317772
63,174,ENG,PPCDC,0.014133538
63,339,ENG,KCTD12,0.014072291
63,169,ENG,MCM4,0.013817919
63,262,ENG,SSH2,0.013622149
63,210,ENG,CDKN1C,0.013513657
63,323,ENG,SELPLG,0.013361609
63,47,ENG,LONP2,0.013070754
63,135,ENG,SLBP,0.013023689
63,354,ENG,PPP1R15A,0.012863251
63,525,ENG,TXNIP,0.012862603
63,409,ENG,TMEM206,0.012736612
63,24,ENG,DYNLL1,0.012597316
63,497,ENG,ATP8B4,0.0123692015
63,219,ENG,STARD4,0.012353838
63,79,ENG,MGAT1,0.012353337
63,441,ENG,MCM7,0.012265145
63,123,ENG,PAFAH2,0.011795027
63,197,ENG,POLA2,0.0117947385
63,284,ENG,ANXA5,0.011607576
63,119,ENG,PAG1,0.011370545
63,293,ENG,MAML3,0.010894047
63,246,ENG,KLF6,0.0106002735
63,214,ENG,FCHO2,0.009792834
63,180,ENG,RGS2,0.00967988
63,182,ENG,STK17B,0.008395695
63,203,ENG,CD33,0.0021008702
63,139,ENG,CCL3,0.0020018257
63,207,ENG,BLNK,0.0018265027
63,86,ENG,METTL7A1,0.0018242126
63,186,ENG,IL7R,0.0017971437
63,319,ENG,CD74,0.0017806583
63,419,ENG,NCF1,0.0017749167
63,294,ENG,TINAGL1,0.0017468759
63,132,ENG,OAS2,0.0017266907
63,332,ENG,IPCEF1,0.0017240642
63,417,ENG,UBA7,0.001708374
63,267,ENG,CLEC12A,0.0016963991
63,172,ENG,EPSTI1,0.0016535225
9,115,ENPP5,LTB,0.04241202
9,224,ENPP5,PLSCR4,0.03655369
9,260,ENPP5,RHOF,0.036455214
9,197,ENPP5,POLA2,0.034063864
9,556,ENPP5,ITGB7,0.03381832
9,198,ENPP5,CMAH,0.032865338
9,102,ENPP5,FUT8,0.03182771
9,400,ENPP5,ANKRD44,0.031643387
9,217,ENPP5,MYCT1,0.031600084
9,405,ENPP5,GIMAP8,0.031475015
9,147,ENPP5,ERP29,0.030781753
9,455,ENPP5,SNAP23,0.030658295
9,174,ENPP5,PPCDC,0.030054335
9,182,ENPP5,STK17B,0.030054335
9,327,ENPP5,PRIM1,0.030001385
9,339,ENPP5,KCTD12,0.029867316
9,180,ENPP5,RGS2,0.02972827
9,169,ENPP5,MCM4,0.029386088
9,262,ENPP5,SSH2,0.028786706
9,47,ENPP5,LONP2,0.027684873
9,354,ENPP5,PPP1R15A,0.027291145
9,525,ENPP5,TXNIP,0.027255027
9,409,ENPP5,TMEM206,0.027017461
9,219,ENPP5,STARD4,0.026207794
9,79,ENPP5,MGAT1,0.026207786
9,497,ENPP5,ATP8B4,0.026183143
9,441,ENPP5,MCM7,0.025869444
9,284,ENPP5,ANXA5,0.024743397
9,24,ENPP5,DYNLL1,0.024674859
9,119,ENPP5,PAG1,0.024239179
9,293,ENPP5,MAML3,0.023288416
9,246,ENPP5,KLF6,0.022704612
9,210,ENPP5,CDKN1C,0.021438457
9,214,ENPP5,FCHO2,0.020996708
9,135,ENPP5,SLBP,0.019332945
9,123,ENPP5,PAFAH2,0.014649571
9,323,ENPP5,SELPLG,0.007246822
9,203,ENPP5,CD33,0.00315387
9,86,ENPP5,METTL7A1,0.0026357572
9,207,ENPP5,BLNK,0.0026291395
9,186,ENPP5,IL7R,0.0025941692
9,419,ENPP5,NCF1,0.0025797407
9,319,ENPP5,CD74,0.0025367276
9,63,ENPP5,ENG,0.0025239438
9,294,ENPP5,TINAGL1,0.0025053786
9,132,ENPP5,OAS2,0.002453518
9,332,ENPP5,IPCEF1,0.0024472298
9,417,ENPP5,UBA7,0.002419332
9,267,ENPP5,CLEC12A,0.0024006835
9,172,ENPP5,EPSTI1,0.0023324215
172,115,EPSTI1,LTB,0.025715923
172,323,EPSTI1,SELPLG,0.024488857
172,260,EPSTI1,RHOF,0.022110125
172,224,EPSTI1,PLSCR4,0.022105258
172,197,EPSTI1,POLA2,0.021358982
172,556,EPSTI1,ITGB7,0.020526754
172,198,EPSTI1,CMAH,0.019920884
172,102,EPSTI1,FUT8,0.019298125
172,217,EPSTI1,MYCT1,0.01921997
172,400,EPSTI1,ANKRD44,0.019219318
172,174,EPSTI1,PPCDC,0.01891531
172,147,EPSTI1,ERP29,0.018738098
172,455,EPSTI1,SNAP23,0.018571045
172,327,EPSTI1,PRIM1,0.018228233
172,339,EPSTI1,KCTD12,0.018178618
172,180,EPSTI1,RGS2,0.01800074
172,169,EPSTI1,MCM4,0.017871749
172,47,EPSTI1,LONP2,0.017805047
172,210,EPSTI1,CDKN1C,0.017503439
172,262,EPSTI1,SSH2,0.017298872
172,182,EPSTI1,STK17B,0.016768122
172,135,EPSTI1,SLBP,0.01665408
172,525,EPSTI1,TXNIP,0.016629469
172,354,EPSTI1,PPP1R15A,0.016626358
172,409,EPSTI1,TMEM206,0.016468447
172,219,EPSTI1,STARD4,0.016197309
172,497,EPSTI1,ATP8B4,0.01599687
172,79,EPSTI1,MGAT1,0.015989913
172,441,EPSTI1,MCM7,0.01578802
172,284,EPSTI1,ANXA5,0.015094425
172,24,EPSTI1,DYNLL1,0.015072422
172,119,EPSTI1,PAG1,0.014778324
172,123,EPSTI1,PAFAH2,0.014627088
172,293,EPSTI1,MAML3,0.014163961
172,246,EPSTI1,KLF6,0.01375156
172,214,EPSTI1,FCHO2,0.012698324
172,405,EPSTI1,GIMAP8,0.008700146
172,203,EPSTI1,CD33,0.0024412354
172,139,EPSTI1,CCL3,0.0023202356
172,207,EPSTI1,BLNK,0.0020982847
172,86,EPSTI1,METTL7A1,0.0020969412
172,294,EPSTI1,TINAGL1,0.0020869751
172,419,EPSTI1,NCF1,0.0020718272
172,186,EPSTI1,IL7R,0.0020626877
172,319,EPSTI1,CD74,0.0020431313
172,63,EPSTI1,ENG,0.0020302807
172,332,EPSTI1,IPCEF1,0.0019839138
172,132,EPSTI1,OAS2,0.0019772942
172,267,EPSTI1,CLEC12A,0.001939734
172,276,EPSTI1,H2-Q6,0.0018722562
147,115,ERP29,LTB,0.06588039
147,323,ERP29,SELPLG,0.062887095
147,224,ERP29,PLSCR4,0.057314645
147,260,ERP29,RHOF,0.056988787
147,197,ERP29,POLA2,0.053619467
147,556,ERP29,ITGB7,0.053107206
147,198,ERP29,CMAH,0.05160139
147,102,ERP29,FUT8,0.05009989
147,217,ERP29,MYCT1,0.049651917
147,455,ERP29,SNAP23,0.048288845
147,174,ERP29,PPCDC,0.047329996
147,182,ERP29,STK17B,0.047329996
147,327,ERP29,PRIM1,0.04724199
147,339,ERP29,KCTD12,0.04700098
147,180,ERP29,RGS2,0.04691778
147,169,ERP29,MCM4,0.046328116
147,262,ERP29,SSH2,0.044858567
147,47,ERP29,LONP2,0.0436689
147,354,ERP29,PPP1R15A,0.04308612
147,135,ERP29,SLBP,0.04301541
147,525,ERP29,TXNIP,0.042993978
147,409,ERP29,TMEM206,0.042520892
147,79,ERP29,MGAT1,0.041382674
147,219,ERP29,STARD4,0.041364294
147,497,ERP29,ATP8B4,0.041290257
147,441,ERP29,MCM7,0.040844943
147,284,ERP29,ANXA5,0.039146945
147,24,ERP29,DYNLL1,0.038976114
147,400,ERP29,ANKRD44,0.038537674
147,119,ERP29,PAG1,0.038341474
147,123,ERP29,PAFAH2,0.037986603
147,293,ERP29,MAML3,0.03736503
147,246,ERP29,KLF6,0.035643473
147,214,ERP29,FCHO2,0.03329019
147,405,ERP29,GIMAP8,0.031711683
147,210,ERP29,CDKN1C,0.027905088
147,203,ERP29,CD33,0.00452073
147,139,ERP29,CCL3,0.0042426973
147,207,ERP29,BLNK,0.004021273
147,267,ERP29,CLEC12A,0.00373489
147,86,ERP29,METTL7A1,0.0037262498
147,186,ERP29,IL7R,0.0036601073
147,419,ERP29,NCF1,0.003644844
147,319,ERP29,CD74,0.0035796103
147,63,ERP29,ENG,0.0035590439
147,294,ERP29,TINAGL1,0.0035222115
147,132,ERP29,OAS2,0.0034502968
147,332,ERP29,IPCEF1,0.0034404194
147,417,ERP29,UBA7,0.00339612
147,172,ERP29,EPSTI1,0.003257818
559,115,ESAM,LTB,0.0644768
559,323,ESAM,SELPLG,0.061550867
559,224,ESAM,PLSCR4,0.05604429
559,260,ESAM,RHOF,0.055742092
559,556,ESAM,ITGB7,0.05191562
559,198,ESAM,CMAH,0.0505041
559,102,ESAM,FUT8,0.048956767
559,400,ESAM,ANKRD44,0.048592713
559,217,ESAM,MYCT1,0.04854149
559,405,ESAM,GIMAP8,0.048533116
559,147,ESAM,ERP29,0.04729716
559,455,ESAM,SNAP23,0.047211207
559,174,ESAM,PPCDC,0.04625129
559,327,ESAM,PRIM1,0.046164736
559,182,ESAM,STK17B,0.046008594
559,339,ESAM,KCTD12,0.045944653
559,180,ESAM,RGS2,0.04586381
559,210,ESAM,CDKN1C,0.044430908
559,409,ESAM,TMEM206,0.044378806
559,262,ESAM,SSH2,0.04382715
559,47,ESAM,LONP2,0.042673707
559,354,ESAM,PPP1R15A,0.042098243
559,135,ESAM,SLBP,0.04202888
559,525,ESAM,TXNIP,0.041973952
559,79,ESAM,MGAT1,0.040429376
559,219,ESAM,STARD4,0.040429376
559,497,ESAM,ATP8B4,0.04034245
559,441,ESAM,MCM7,0.039898645
559,284,ESAM,ANXA5,0.038254723
559,24,ESAM,DYNLL1,0.03813197
559,119,ESAM,PAG1,0.03745487
559,123,ESAM,PAFAH2,0.037104383
559,293,ESAM,MAML3,0.035999965
559,246,ESAM,KLF6,0.035046935
559,197,ESAM,POLA2,0.033152845
559,214,ESAM,FCHO2,0.032511346
559,169,ESAM,MCM4,0.03099037
559,203,ESAM,CD33,0.004419389
559,139,ESAM,CCL3,0.004150544
559,86,ESAM,METTL7A1,0.0036429204
559,207,ESAM,BLNK,0.0036325452
559,186,ESAM,IL7R,0.0035786564
559,419,ESAM,NCF1,0.0035613447
559,319,ESAM,CD74,0.0035005263
559,63,ESAM,ENG,0.003470034
559,294,ESAM,TINAGL1,0.003440158
559,132,ESAM,OAS2,0.0033712666
559,332,ESAM,IPCEF1,0.0033582218
559,417,ESAM,UBA7,0.0033190916
559,267,ESAM,CLEC12A,0.0032932782
351,174,ESR1,PPCDC,0.89117634
351,97,ESR1,MYC,0.8471707
351,203,ESR1,CD33,0.83552927
351,145,ESR1,SPI1,0.8350298
351,246,ESR1,KLF6,0.8253484
351,497,ESR1,ATP8B4,0.8196781
351,135,ESR1,SLBP,0.8186817
351,123,ESR1,PAFAH2,0.8180366
351,219,ESR1,STARD4,0.81682986
351,79,ESR1,MGAT1,0.81682974
351,182,ESR1,STK17B,0.8153585
351,262,ESR1,SSH2,0.8150298
351,327,ESR1,PRIM1,0.8149408
351,400,ESR1,ANKRD44,0.81484723
351,287,ESR1,CSF3R,0.8142914
351,119,ESR1,PAG1,0.81343716
351,19,ESR1,UBASH3A,0.81318456
351,24,ESR1,DYNLL1,0.8124444
351,169,ESR1,MCM4,0.8111878
351,354,ESR1,PPP1R15A,0.81109387
351,405,ESR1,GIMAP8,0.8106966
351,556,ESR1,ITGB7,0.8101176
351,404,ESR1,NHP2,0.80988973
351,47,ESR1,LONP2,0.80897486
351,555,ESR1,CKS1B,0.80851144
351,283,ESR1,SAT1,0.80839777
351,225,ESR1,CDT1,0.8083008
351,335,ESR1,SLC22A3,0.80826443
351,102,ESR1,FUT8,0.80782574
351,84,ESR1,SLC39A6,0.80747336
351,7,ESR1,AKNA,0.80740494
351,549,ESR1,SLC26A11,0.80691475
351,228,ESR1,CCL9,0.80669075
351,284,ESR1,ANXA5,0.8065983
351,525,ESR1,TXNIP,0.8053955
351,396,ESR1,IFI27,0.8052567
351,526,ESR1,SERP1,0.8051901
351,66,ESR1,CCR7,0.8051152
351,552,ESR1,TLR7,0.8051152
351,466,ESR1,ZFP367,0.80427676
351,339,ESR1,KCTD12,0.8041416
351,198,ESR1,CMAH,0.80397767
351,161,ESR1,ELOVL5,0.80395025
351,492,ESR1,DTL,0.80385464
351,133,ESR1,CDK19,0.80380255
351,488,ESR1,RNF38,0.8034432
351,318,ESR1,RANBP1,0.8029679
351,243,ESR1,VAMP1,0.80291414
351,486,ESR1,SLC9A9,0.8028409
351,449,ESR1,RAMP1,0.80259
153,115,EVI2A,LTB,0.04087187
153,323,EVI2A,SELPLG,0.038928267
153,224,EVI2A,PLSCR4,0.035221197
153,260,EVI2A,RHOF,0.03513467
153,197,EVI2A,POLA2,0.032874808
153,198,EVI2A,CMAH,0.031627636
153,102,EVI2A,FUT8,0.030676384
153,217,EVI2A,MYCT1,0.03046543
153,147,EVI2A,ERP29,0.029682187
153,455,EVI2A,SNAP23,0.029563742
153,174,EVI2A,PPCDC,0.028972633
153,182,EVI2A,STK17B,0.028972626
153,327,EVI2A,PRIM1,0.028922003
153,339,EVI2A,KCTD12,0.028799014
153,180,EVI2A,RGS2,0.028665053
153,169,EVI2A,MCM4,0.028330538
153,262,EVI2A,SSH2,0.02741852
153,47,EVI2A,LONP2,0.026708066
153,354,EVI2A,PPP1R15A,0.026318781
153,135,EVI2A,SLBP,0.026316397
153,525,EVI2A,TXNIP,0.02628895
153,409,EVI2A,TMEM206,0.02598393
153,79,EVI2A,MGAT1,0.025277887
153,219,EVI2A,STARD4,0.025267886
153,497,EVI2A,ATP8B4,0.025256438
153,441,EVI2A,MCM7,0.024944777
153,284,EVI2A,ANXA5,0.023873203
153,24,EVI2A,DYNLL1,0.023785902
153,400,EVI2A,ANKRD44,0.02355142
153,119,EVI2A,PAG1,0.02338706
153,123,EVI2A,PAFAH2,0.02316893
153,293,EVI2A,MAML3,0.022756638
153,246,EVI2A,KLF6,0.021766592
153,214,EVI2A,FCHO2,0.020277102
153,405,EVI2A,GIMAP8,0.019065024
153,210,EVI2A,CDKN1C,0.0164668
153,556,EVI2A,ITGB7,0.014242837
153,203,EVI2A,CD33,0.00311432
153,139,EVI2A,CCL3,0.0029384142
153,207,EVI2A,BLNK,0.0027979347
153,267,EVI2A,CLEC12A,0.002615992
153,86,EVI2A,METTL7A1,0.0026081223
153,186,EVI2A,IL7R,0.0025660158
153,419,EVI2A,NCF1,0.0025558467
153,319,EVI2A,CD74,0.002514337
153,63,EVI2A,ENG,0.0025004453
153,294,EVI2A,TINAGL1,0.0024795332
153,132,EVI2A,OAS2,0.0024310874
153,332,EVI2A,IPCEF1,0.0024246247
153,417,EVI2A,UBA7,0.002396544
2,115,EYA2,LTB,0.04025776
2,323,EYA2,SELPLG,0.038349897
2,224,EYA2,PLSCR4,0.034700587
2,260,EYA2,RHOF,0.034621444
2,197,EYA2,POLA2,0.032348767
2,556,EYA2,ITGB7,0.032138478
2,405,EYA2,GIMAP8,0.03161408
2,198,EYA2,CMAH,0.031221528
2,102,EYA2,FUT8,0.030230856
2,400,EYA2,ANKRD44,0.030068899
2,217,EYA2,MYCT1,0.030040527
2,147,EYA2,ERP29,0.029277647
2,455,EYA2,SNAP23,0.029166982
2,174,EYA2,PPCDC,0.028567487
2,182,EYA2,STK17B,0.02856747
2,327,EYA2,PRIM1,0.028517077
2,339,EYA2,KCTD12,0.028405514
2,180,EYA2,RGS2,0.02827939
2,169,EYA2,MCM4,0.027981253
2,210,EYA2,CDKN1C,0.027394157
2,262,EYA2,SSH2,0.02704263
2,47,EYA2,LONP2,0.026351957
2,525,EYA2,TXNIP,0.02612941
2,354,EYA2,PPP1R15A,0.025966376
2,135,EYA2,SLBP,0.025963206
2,79,EYA2,MGAT1,0.02494341
2,219,EYA2,STARD4,0.02494341
2,284,EYA2,ANXA5,0.023575105
2,24,EYA2,DYNLL1,0.023481682
2,119,EYA2,PAG1,0.023090318
2,293,EYA2,MAML3,0.0222012
2,246,EYA2,KLF6,0.02149799
2,214,EYA2,FCHO2,0.02004693
2,441,EYA2,MCM7,0.014416639
2,409,EYA2,TMEM206,0.01158222
2,497,EYA2,ATP8B4,0.010774302
2,123,EYA2,PAFAH2,0.009625603
2,203,EYA2,CD33,0.003142612
2,139,EYA2,CCL3,0.0029675527
2,86,EYA2,METTL7A1,0.0026377311
2,207,EYA2,BLNK,0.0026327707
2,186,EYA2,IL7R,0.00259288
2,419,EYA2,NCF1,0.0025901108
2,319,EYA2,CD74,0.0025484057
2,63,EYA2,ENG,0.0025329515
2,294,EYA2,TINAGL1,0.002507075
2,132,EYA2,OAS2,0.0024628735
2,332,EYA2,IPCEF1,0.0024558357
2,417,EYA2,UBA7,0.0024260404
2,267,EYA2,CLEC12A,0.0024126952
209,115,F11R,LTB,0.071757816
209,323,F11R,SELPLG,0.07076944
209,260,F11R,RHOF,0.062122677
209,556,F11R,ITGB7,0.057935923
209,198,F11R,CMAH,0.056407165
209,327,F11R,PRIM1,0.054639965
209,400,F11R,ANKRD44,0.05425307
209,405,F11R,GIMAP8,0.054209843
209,217,F11R,MYCT1,0.05419566
209,147,F11R,ERP29,0.052792653
209,182,F11R,STK17B,0.05167857
209,174,F11R,PPCDC,0.05161347
209,339,F11R,KCTD12,0.051319327
209,169,F11R,MCM4,0.050598513
209,210,F11R,CDKN1C,0.049684227
209,262,F11R,SSH2,0.04899817
209,47,F11R,LONP2,0.047636718
209,354,F11R,PPP1R15A,0.047081437
209,525,F11R,TXNIP,0.046968322
209,24,F11R,DYNLL1,0.046858296
209,409,F11R,TMEM206,0.046588495
209,79,F11R,MGAT1,0.045695703
209,219,F11R,STARD4,0.045221213
209,497,F11R,ATP8B4,0.045107972
209,441,F11R,MCM7,0.044631395
209,284,F11R,ANXA5,0.04280197
209,119,F11R,PAG1,0.04192245
209,123,F11R,PAFAH2,0.041493155
209,293,F11R,MAML3,0.040360156
209,224,F11R,PLSCR4,0.039993044
209,246,F11R,KLF6,0.03895809
209,102,F11R,FUT8,0.03520887
209,214,F11R,FCHO2,0.03013102
209,180,F11R,RGS2,0.0229716
209,455,F11R,SNAP23,0.02197228
209,197,F11R,POLA2,0.010068557
209,135,F11R,SLBP,0.009366494
209,139,F11R,CCL3,0.0045519243
209,86,F11R,METTL7A1,0.003985657
209,207,F11R,BLNK,0.0039742854
209,186,F11R,IL7R,0.0039151604
209,419,F11R,NCF1,0.0038921523
209,319,F11R,CD74,0.0038278312
209,63,F11R,ENG,0.003801152
209,294,F11R,TINAGL1,0.0037619954
209,132,F11R,OAS2,0.0036811698
209,332,F11R,IPCEF1,0.0036713418
209,417,F11R,UBA7,0.0036247636
209,267,F11R,CLEC12A,0.0035990926
209,172,F11R,EPSTI1,0.0034808165
67,323,F2R,SELPLG,0.049386613
67,260,F2R,RHOF,0.04569673
67,224,F2R,PLSCR4,0.0448116
67,556,F2R,ITGB7,0.04149474
67,198,F2R,CMAH,0.040832687
67,400,F2R,ANKRD44,0.039265595
67,102,F2R,FUT8,0.03907799
67,217,F2R,MYCT1,0.03878173
67,147,F2R,ERP29,0.03778911
67,180,F2R,RGS2,0.03776713
67,455,F2R,SNAP23,0.037679877
67,182,F2R,STK17B,0.03696831
67,174,F2R,PPCDC,0.0369398
67,327,F2R,PRIM1,0.03684219
67,339,F2R,KCTD12,0.03668188
67,169,F2R,MCM4,0.036108416
67,262,F2R,SSH2,0.035576187
67,210,F2R,CDKN1C,0.035419486
67,47,F2R,LONP2,0.034040716
67,525,F2R,TXNIP,0.03356253
67,354,F2R,PPP1R15A,0.033471864
67,219,F2R,STARD4,0.03222861
67,497,F2R,ATP8B4,0.032099057
67,441,F2R,MCM7,0.031804204
67,115,F2R,LTB,0.03156265
67,284,F2R,ANXA5,0.030310191
67,24,F2R,DYNLL1,0.030178966
67,119,F2R,PAG1,0.029837115
67,123,F2R,PAFAH2,0.02955744
67,293,F2R,MAML3,0.02869546
67,79,F2R,MGAT1,0.027330346
67,197,F2R,POLA2,0.026642494
67,135,F2R,SLBP,0.02595295
67,214,F2R,FCHO2,0.025887404
67,405,F2R,GIMAP8,0.024490349
67,246,F2R,KLF6,0.01571502
67,203,F2R,CD33,0.0037349516
67,139,F2R,CCL3,0.0035175283
67,409,F2R,TMEM206,0.0032305387
67,86,F2R,METTL7A1,0.0031056406
67,207,F2R,BLNK,0.003098346
67,419,F2R,NCF1,0.0030435119
67,63,F2R,ENG,0.0029736354
67,294,F2R,TINAGL1,0.002943196
67,276,F2R,H2-Q6,0.0029092692
67,132,F2R,OAS2,0.0028868373
67,332,F2R,IPCEF1,0.002878538
67,417,F2R,UBA7,0.0028370437
67,267,F2R,CLEC12A,0.0028189605
67,172,F2R,EPSTI1,0.0027358723
314,97,F630028O10RIK,MYC,0.71429557
314,246,F630028O10RIK,KLF6,0.7105279
314,497,F630028O10RIK,ATP8B4,0.7050335
314,135,F630028O10RIK,SLBP,0.70285743
314,409,F630028O10RIK,TMEM206,0.70056367
314,400,F630028O10RIK,ANKRD44,0.6989498
314,174,F630028O10RIK,PPCDC,0.6968352
314,182,F630028O10RIK,STK17B,0.6968352
314,79,F630028O10RIK,MGAT1,0.6968269
314,219,F630028O10RIK,STARD4,0.6968269
314,327,F630028O10RIK,PRIM1,0.6961986
314,262,F630028O10RIK,SSH2,0.6954627
314,123,F630028O10RIK,PAFAH2,0.69452506
314,556,F630028O10RIK,ITGB7,0.69134706
314,405,F630028O10RIK,GIMAP8,0.6907008
314,169,F630028O10RIK,MCM4,0.68909115
314,354,F630028O10RIK,PPP1R15A,0.68898845
314,47,F630028O10RIK,LONP2,0.6889375
314,102,F630028O10RIK,FUT8,0.6846261
314,339,F630028O10RIK,KCTD12,0.68360114
314,525,F630028O10RIK,TXNIP,0.68265104
314,284,F630028O10RIK,ANXA5,0.68166965
314,198,F630028O10RIK,CMAH,0.6808214
314,217,F630028O10RIK,MYCT1,0.6777093
314,260,F630028O10RIK,RHOF,0.67638147
314,404,F630028O10RIK,NHP2,0.6734714
314,147,F630028O10RIK,ERP29,0.67325574
314,293,F630028O10RIK,MAML3,0.6688687
314,224,F630028O10RIK,PLSCR4,0.66735506
314,139,F630028O10RIK,CCL3,0.6655765
314,214,F630028O10RIK,FCHO2,0.6654371
314,441,F630028O10RIK,MCM7,0.65252215
314,210,F630028O10RIK,CDKN1C,0.65204453
314,19,F630028O10RIK,UBASH3A,0.6520293
314,115,F630028O10RIK,LTB,0.6508146
314,323,F630028O10RIK,SELPLG,0.6482376
314,180,F630028O10RIK,RGS2,0.6451739
314,24,F630028O10RIK,DYNLL1,0.64460486
314,455,F630028O10RIK,SNAP23,0.64132816
314,283,F630028O10RIK,SAT1,0.63860404
314,225,F630028O10RIK,CDT1,0.6376584
314,335,F630028O10RIK,SLC22A3,0.6369119
314,119,F630028O10RIK,PAG1,0.6365111
314,228,F630028O10RIK,CCL9,0.6349235
314,84,F630028O10RIK,SLC39A6,0.6336137
314,7,F630028O10RIK,AKNA,0.63281107
314,526,F630028O10RIK,SERP1,0.6321951
314,66,F630028O10RIK,CCR7,0.6320571
314,552,F630028O10RIK,TLR7,0.6320571
314,396,F630028O10RIK,IFI27,0.62943476
490,323,FADS1,SELPLG,0.057787333
490,260,FADS1,RHOF,0.052283097
490,197,FADS1,POLA2,0.04902665
490,556,FADS1,ITGB7,0.047902953
490,198,FADS1,CMAH,0.047305167
490,102,FADS1,FUT8,0.045841176
490,217,FADS1,MYCT1,0.045457013
490,405,FADS1,GIMAP8,0.045448024
490,147,FADS1,ERP29,0.044288006
490,455,FADS1,SNAP23,0.04417983
490,182,FADS1,STK17B,0.04329554
490,327,FADS1,PRIM1,0.04320935
490,339,FADS1,KCTD12,0.043007687
490,180,FADS1,RGS2,0.042897828
490,169,FADS1,MCM4,0.0423589
490,210,FADS1,CDKN1C,0.041548774
490,262,FADS1,SSH2,0.040946487
490,47,FADS1,LONP2,0.03986025
490,135,FADS1,SLBP,0.03931571
490,115,FADS1,LTB,0.039239414
490,409,FADS1,TMEM206,0.038962267
490,219,FADS1,STARD4,0.038211416
490,79,FADS1,MGAT1,0.03779634
490,441,FADS1,MCM7,0.037303455
490,284,FADS1,ANXA5,0.03572991
490,24,FADS1,DYNLL1,0.03556949
490,119,FADS1,PAG1,0.03499061
490,123,FADS1,PAFAH2,0.034661446
490,293,FADS1,MAML3,0.03364557
490,246,FADS1,KLF6,0.032514468
490,214,FADS1,FCHO2,0.030331515
490,174,FADS1,PPCDC,0.029265465
490,400,FADS1,ANKRD44,0.027363097
490,525,FADS1,TXNIP,0.023816619
490,224,FADS1,PLSCR4,0.023146419
490,497,FADS1,ATP8B4,0.022231076
490,354,FADS1,PPP1R15A,0.01725124
490,203,FADS1,CD33,0.0041255
490,139,FADS1,CCL3,0.0038756724
490,86,FADS1,METTL7A1,0.0034077354
490,207,FADS1,BLNK,0.0033926214
490,186,FADS1,IL7R,0.0033483587
490,419,FADS1,NCF1,0.003332514
490,319,FADS1,CD74,0.003274733
490,63,FADS1,ENG,0.0032547384
490,132,FADS1,OAS2,0.003157242
490,332,FADS1,IPCEF1,0.0031486154
490,417,FADS1,UBA7,0.0031084914
490,267,FADS1,CLEC12A,0.0030862365
490,172,FADS1,EPSTI1,0.0029892782
383,115,FAM110C,LTB,0.021043275
383,323,FAM110C,SELPLG,0.020033559
383,260,FAM110C,RHOF,0.018076727
383,224,FAM110C,PLSCR4,0.018058747
383,556,FAM110C,ITGB7,0.016778039
383,102,FAM110C,FUT8,0.015760511
383,400,FAM110C,ANKRD44,0.015710682
383,217,FAM110C,MYCT1,0.015686309
383,405,FAM110C,GIMAP8,0.015642349
383,147,FAM110C,ERP29,0.0153108975
383,455,FAM110C,SNAP23,0.015210304
383,174,FAM110C,PPCDC,0.014921733
383,182,FAM110C,STK17B,0.014921727
383,327,FAM110C,PRIM1,0.014880289
383,180,FAM110C,RGS2,0.01473242
383,169,FAM110C,MCM4,0.014583003
383,210,FAM110C,CDKN1C,0.014272539
383,262,FAM110C,SSH2,0.014129918
383,47,FAM110C,LONP2,0.013791551
383,135,FAM110C,SLBP,0.013599262
383,525,FAM110C,TXNIP,0.013578036
383,354,FAM110C,PPP1R15A,0.013575973
383,409,FAM110C,TMEM206,0.01345592
383,219,FAM110C,STARD4,0.013041771
383,441,FAM110C,MCM7,0.01290127
383,284,FAM110C,ANXA5,0.012303753
383,197,FAM110C,POLA2,0.012153545
383,119,FAM110C,PAG1,0.012134108
383,123,FAM110C,PAFAH2,0.011936644
383,293,FAM110C,MAML3,0.011532274
383,246,FAM110C,KLF6,0.01122057
383,214,FAM110C,FCHO2,0.01034443
383,497,FAM110C,ATP8B4,0.010121416
383,79,FAM110C,MGAT1,0.0068963817
383,198,FAM110C,CMAH,0.0068015084
383,339,FAM110C,KCTD12,0.0066318987
383,24,FAM110C,DYNLL1,0.0056197755
383,203,FAM110C,CD33,0.0021192299
383,86,FAM110C,METTL7A1,0.0018277796
383,207,FAM110C,BLNK,0.0018054681
383,419,FAM110C,NCF1,0.0018051363
383,186,FAM110C,IL7R,0.0018007641
383,319,FAM110C,CD74,0.0017829549
383,294,FAM110C,TINAGL1,0.0017496028
383,417,FAM110C,UBA7,0.0017094249
383,526,FAM110C,SERP1,0.0016468655
383,276,FAM110C,H2-Q6,0.0016428408
383,132,FAM110C,OAS2,0.001620316
383,494,FAM110C,DUSP5,0.0015865926
383,243,FAM110C,VAMP1,0.0015553597
233,115,FAM171A1,LTB,0.035876952
233,323,FAM171A1,SELPLG,0.03409565
233,260,FAM171A1,RHOF,0.030691635
233,197,FAM171A1,POLA2,0.028589923
233,556,FAM171A1,ITGB7,0.02844104
233,198,FAM171A1,CMAH,0.027559778
233,400,FAM171A1,ANKRD44,0.02654511
233,217,FAM171A1,MYCT1,0.026443878
233,147,FAM171A1,ERP29,0.025744785
233,455,FAM171A1,SNAP23,0.025548922
233,174,FAM171A1,PPCDC,0.025158145
233,182,FAM171A1,STK17B,0.02515812
233,327,FAM171A1,PRIM1,0.02509814
233,339,FAM171A1,KCTD12,0.024969522
233,180,FAM171A1,RGS2,0.024745591
233,169,FAM171A1,MCM4,0.024548085
233,210,FAM171A1,CDKN1C,0.023947172
233,262,FAM171A1,SSH2,0.023744246
233,47,FAM171A1,LONP2,0.023093745
233,135,FAM171A1,SLBP,0.022768883
233,354,FAM171A1,PPP1R15A,0.022734564
233,525,FAM171A1,TXNIP,0.022690533
233,409,FAM171A1,TMEM206,0.022535855
233,219,FAM171A1,STARD4,0.021982715
233,497,FAM171A1,ATP8B4,0.021840166
233,79,FAM171A1,MGAT1,0.021810487
233,441,FAM171A1,MCM7,0.021526698
233,284,FAM171A1,ANXA5,0.020527476
233,24,FAM171A1,DYNLL1,0.020433499
233,119,FAM171A1,PAG1,0.020109659
233,123,FAM171A1,PAFAH2,0.019919593
233,405,FAM171A1,GIMAP8,0.019768834
233,293,FAM171A1,MAML3,0.019231858
233,246,FAM171A1,KLF6,0.018695137
233,102,FAM171A1,FUT8,0.017719816
233,214,FAM171A1,FCHO2,0.017284067
233,224,FAM171A1,PLSCR4,0.0125129875
233,203,FAM171A1,CD33,0.0025057993
233,139,FAM171A1,CCL3,0.0023611058
233,207,FAM171A1,BLNK,0.0022486132
233,86,FAM171A1,METTL7A1,0.0021075667
233,186,FAM171A1,IL7R,0.0020826794
233,419,FAM171A1,NCF1,0.0020526308
233,319,FAM171A1,CD74,0.0020315584
233,63,FAM171A1,ENG,0.002012001
233,294,FAM171A1,TINAGL1,0.002011721
233,132,FAM171A1,OAS2,0.0019628783
233,332,FAM171A1,IPCEF1,0.0019603437
233,417,FAM171A1,UBA7,0.001943186
233,172,FAM171A1,EPSTI1,0.0018782986
346,115,FCGRT,LTB,0.030576048
346,224,FCGRT,PLSCR4,0.026295891
346,260,FCGRT,RHOF,0.026277471
346,197,FCGRT,POLA2,0.024537442
346,556,FCGRT,ITGB7,0.0243767
346,198,FCGRT,CMAH,0.023695752
346,102,FCGRT,FUT8,0.022930585
346,400,FCGRT,ANKRD44,0.022823142
346,217,FCGRT,MYCT1,0.022804486
346,405,FCGRT,GIMAP8,0.022743296
346,147,FCGRT,ERP29,0.022238543
346,327,FCGRT,PRIM1,0.022229813
346,455,FCGRT,SNAP23,0.022130022
346,182,FCGRT,STK17B,0.021834416
346,339,FCGRT,KCTD12,0.021571238
346,180,FCGRT,RGS2,0.021450339
346,169,FCGRT,MCM4,0.021200504
346,210,FCGRT,CDKN1C,0.02078726
346,262,FCGRT,SSH2,0.020528426
346,47,FCGRT,LONP2,0.020020574
346,135,FCGRT,SLBP,0.019731233
346,354,FCGRT,PPP1R15A,0.01971998
346,525,FCGRT,TXNIP,0.01971499
346,219,FCGRT,STARD4,0.01895497
346,79,FCGRT,MGAT1,0.018954964
346,497,FCGRT,ATP8B4,0.018954055
346,441,FCGRT,MCM7,0.018710379
346,284,FCGRT,ANXA5,0.017924873
346,24,FCGRT,DYNLL1,0.017855184
346,119,FCGRT,PAG1,0.017561007
346,123,FCGRT,PAFAH2,0.017534051
346,293,FCGRT,MAML3,0.016887555
346,246,FCGRT,KLF6,0.016378878
346,214,FCGRT,FCHO2,0.015183578
346,323,FCGRT,SELPLG,0.011725405
346,409,FCGRT,TMEM206,0.008565041
346,174,FCGRT,PPCDC,0.004955462
346,139,FCGRT,CCL3,0.0025285953
346,207,FCGRT,BLNK,0.0022699814
346,419,FCGRT,NCF1,0.0022381137
346,186,FCGRT,IL7R,0.0022316375
346,319,FCGRT,CD74,0.0022032443
346,63,FCGRT,ENG,0.0021919112
346,294,FCGRT,TINAGL1,0.002157691
346,86,FCGRT,METTL7A1,0.0021461197
346,332,FCGRT,IPCEF1,0.002140243
346,132,FCGRT,OAS2,0.0021324605
346,417,FCGRT,UBA7,0.0021064498
346,267,FCGRT,CLEC12A,0.0020906844
346,172,FCGRT,EPSTI1,0.0020332993
214,115,FCHO2,LTB,0.060489476
214,224,FCHO2,PLSCR4,0.052492946
214,260,FCHO2,RHOF,0.052224897
214,197,FCHO2,POLA2,0.048994593
214,556,FCHO2,ITGB7,0.048617493
214,198,FCHO2,CMAH,0.047280848
214,102,FCHO2,FUT8,0.045820992
214,455,FCHO2,SNAP23,0.04577045
214,217,FCHO2,MYCT1,0.045421068
214,405,FCHO2,GIMAP8,0.045421008
214,147,FCHO2,ERP29,0.044242967
214,182,FCHO2,STK17B,0.04327441
214,174,FCHO2,PPCDC,0.043274403
214,327,FCHO2,PRIM1,0.043191504
214,339,FCHO2,KCTD12,0.04297523
214,180,FCHO2,RGS2,0.042860676
214,169,FCHO2,MCM4,0.04234006
214,210,FCHO2,CDKN1C,0.04152494
214,354,FCHO2,PPP1R15A,0.039350487
214,135,FCHO2,SLBP,0.039302874
214,525,FCHO2,TXNIP,0.039273143
214,409,FCHO2,TMEM206,0.038949564
214,219,FCHO2,STARD4,0.037786268
214,79,FCHO2,MGAT1,0.03778625
214,497,FCHO2,ATP8B4,0.037716962
214,441,FCHO2,MCM7,0.037297238
214,284,FCHO2,ANXA5,0.035726473
214,24,FCHO2,DYNLL1,0.035518367
214,262,FCHO2,SSH2,0.035173673
214,119,FCHO2,PAG1,0.034982633
214,123,FCHO2,PAFAH2,0.03465602
214,246,FCHO2,KLF6,0.03251916
214,47,FCHO2,LONP2,0.02742902
214,400,FCHO2,ANKRD44,0.027304312
214,293,FCHO2,MAML3,0.025942748
214,323,FCHO2,SELPLG,0.021778712
214,203,FCHO2,CD33,0.0041426267
214,139,FCHO2,CCL3,0.0038988912
214,86,FCHO2,METTL7A1,0.00343203
214,207,FCHO2,BLNK,0.0034232473
214,186,FCHO2,IL7R,0.0033718997
214,419,FCHO2,NCF1,0.003358873
214,319,FCHO2,CD74,0.0033028163
214,63,FCHO2,ENG,0.0032776354
214,132,FCHO2,OAS2,0.0031767932
214,332,FCHO2,IPCEF1,0.0031736738
214,417,FCHO2,UBA7,0.0031328888
214,267,FCHO2,CLEC12A,0.003110772
214,172,FCHO2,EPSTI1,0.0030100744
214,276,FCHO2,H2-Q6,0.0029657418
218,115,FCRL1,LTB,0.024397597
218,260,FCRL1,RHOF,0.02096611
218,224,FCRL1,PLSCR4,0.020958481
218,197,FCRL1,POLA2,0.019546485
218,556,FCRL1,ITGB7,0.019448152
218,198,FCRL1,CMAH,0.018880757
218,102,FCRL1,FUT8,0.01828952
218,217,FCRL1,MYCT1,0.018197924
218,405,FCRL1,GIMAP8,0.018146314
218,455,FCRL1,SNAP23,0.01807303
218,147,FCRL1,ERP29,0.01775312
218,174,FCRL1,PPCDC,0.017306687
218,182,FCRL1,STK17B,0.017306678
218,327,FCRL1,PRIM1,0.017275145
218,339,FCRL1,KCTD12,0.017221846
218,180,FCRL1,RGS2,0.01706547
218,169,FCRL1,MCM4,0.016919585
218,210,FCRL1,CDKN1C,0.01657868
218,135,FCRL1,SLBP,0.015766496
218,354,FCRL1,PPP1R15A,0.015746988
218,525,FCRL1,TXNIP,0.015746035
218,409,FCRL1,TMEM206,0.015601088
218,497,FCRL1,ATP8B4,0.01515297
218,79,FCRL1,MGAT1,0.015144036
218,219,FCRL1,STARD4,0.015144036
218,441,FCRL1,MCM7,0.014954845
218,284,FCRL1,ANXA5,0.014322939
218,24,FCRL1,DYNLL1,0.014252187
218,119,FCRL1,PAG1,0.0140377525
218,262,FCRL1,SSH2,0.014021176
218,123,FCRL1,PAFAH2,0.013909788
218,246,FCRL1,KLF6,0.013111711
218,214,FCRL1,FCHO2,0.012123801
218,47,FCRL1,LONP2,0.01183171
218,400,FCRL1,ANKRD44,0.010355884
218,293,FCRL1,MAML3,0.010189949
218,323,FCRL1,SELPLG,0.009497781
218,203,FCRL1,CD33,0.0023228442
218,139,FCRL1,CCL3,0.002208948
218,207,FCRL1,BLNK,0.0019990553
218,86,FCRL1,METTL7A1,0.001998225
218,419,FCRL1,NCF1,0.0019695754
218,186,FCRL1,IL7R,0.001968612
218,319,FCRL1,CD74,0.0019444403
218,63,FCRL1,ENG,0.0019310961
218,132,FCRL1,OAS2,0.0018798582
218,332,FCRL1,IPCEF1,0.0018784996
218,417,FCRL1,UBA7,0.0018618256
218,267,FCRL1,CLEC12A,0.0018509993
218,172,FCRL1,EPSTI1,0.0018002678
221,115,FDFT1,LTB,0.03839681
221,323,FDFT1,SELPLG,0.036580127
221,224,FDFT1,PLSCR4,0.03308711
221,260,FDFT1,RHOF,0.03302107
221,197,FDFT1,POLA2,0.030848026
221,556,FDFT1,ITGB7,0.03065013
221,198,FDFT1,CMAH,0.0297828
221,400,FDFT1,ANKRD44,0.029058577
221,102,FDFT1,FUT8,0.02884378
221,217,FDFT1,MYCT1,0.028658802
221,405,FDFT1,GIMAP8,0.028621538
221,339,FDFT1,KCTD12,0.028572772
221,147,FDFT1,ERP29,0.027933665
221,455,FDFT1,SNAP23,0.02787239
221,182,FDFT1,STK17B,0.027250692
221,180,FDFT1,RGS2,0.026984788
221,169,FDFT1,MCM4,0.02665254
221,262,FDFT1,SSH2,0.025799995
221,47,FDFT1,LONP2,0.025145845
221,354,FDFT1,PPP1R15A,0.02477744
221,525,FDFT1,TXNIP,0.02475886
221,409,FDFT1,TMEM206,0.024528034
221,219,FDFT1,STARD4,0.023805242
221,79,FDFT1,MGAT1,0.023805236
221,497,FDFT1,ATP8B4,0.02378812
221,119,FDFT1,PAG1,0.022557165
221,24,FDFT1,DYNLL1,0.022417013
221,123,FDFT1,PAFAH2,0.021837305
221,293,FDFT1,MAML3,0.021198532
221,135,FDFT1,SLBP,0.020881096
221,246,FDFT1,KLF6,0.0205297
221,174,FDFT1,PPCDC,0.019297024
221,214,FDFT1,FCHO2,0.019164218
221,284,FDFT1,ANXA5,0.019117419
221,210,FDFT1,CDKN1C,0.017867949
221,327,FDFT1,PRIM1,0.012002894
221,441,FDFT1,MCM7,0.010921107
221,203,FDFT1,CD33,0.0030683898
221,139,FDFT1,CCL3,0.002951949
221,86,FDFT1,METTL7A1,0.0025842008
221,207,FDFT1,BLNK,0.0025796648
221,186,FDFT1,IL7R,0.0025402808
221,419,FDFT1,NCF1,0.0025387504
221,319,FDFT1,CD74,0.002498119
221,294,FDFT1,TINAGL1,0.0024570322
221,132,FDFT1,OAS2,0.0024150617
221,332,FDFT1,IPCEF1,0.002408102
221,417,FDFT1,UBA7,0.0023791182
221,267,FDFT1,CLEC12A,0.0023636648
221,172,FDFT1,EPSTI1,0.0022950429
462,115,FGD2,LTB,0.02242552
462,260,FGD2,RHOF,0.019305483
462,224,FGD2,PLSCR4,0.019283885
462,197,FGD2,POLA2,0.017989824
462,556,FGD2,ITGB7,0.01791274
462,198,FGD2,CMAH,0.017382294
462,102,FGD2,FUT8,0.016840832
462,400,FGD2,ANKRD44,0.016790433
462,217,FGD2,MYCT1,0.016759343
462,405,FGD2,GIMAP8,0.016715256
462,455,FGD2,SNAP23,0.016209455
462,174,FGD2,PPCDC,0.015947482
462,182,FGD2,STK17B,0.015947474
462,327,FGD2,PRIM1,0.01591709
462,339,FGD2,KCTD12,0.015867379
462,180,FGD2,RGS2,0.015719002
462,210,FGD2,CDKN1C,0.015255297
462,262,FGD2,SSH2,0.015102799
462,47,FGD2,LONP2,0.014837725
462,135,FGD2,SLBP,0.0145256175
462,354,FGD2,PPP1R15A,0.014509633
462,525,FGD2,TXNIP,0.014435311
462,409,FGD2,TMEM206,0.01438279
462,79,FGD2,MGAT1,0.013959779
462,441,FGD2,MCM7,0.013793366
462,284,FGD2,ANXA5,0.013198946
462,24,FGD2,DYNLL1,0.013149185
462,123,FGD2,PAFAH2,0.012825585
462,246,FGD2,KLF6,0.012100186
462,169,FGD2,MCM4,0.011504955
462,214,FGD2,FCHO2,0.011253911
462,219,FGD2,STARD4,0.010477433
462,323,FGD2,SELPLG,0.0099409465
462,497,FGD2,ATP8B4,0.00937401
462,147,FGD2,ERP29,0.007895625
462,293,FGD2,MAML3,0.0064261784
462,119,FGD2,PAG1,0.0035665636
462,203,FGD2,CD33,0.00220965
462,139,FGD2,CCL3,0.002096189
462,186,FGD2,IL7R,0.0018765723
462,419,FGD2,NCF1,0.0018727713
462,319,FGD2,CD74,0.0018509896
462,63,FGD2,ENG,0.0018387432
462,294,FGD2,TINAGL1,0.00182045
462,132,FGD2,OAS2,0.0017925808
462,332,FGD2,IPCEF1,0.0017891907
462,417,FGD2,UBA7,0.0017759316
462,267,FGD2,CLEC12A,0.00176543
462,172,FGD2,EPSTI1,0.0017191145
462,276,FGD2,H2-Q6,0.0017032867
418,323,FGD5,SELPLG,0.049653675
418,115,FGD5,LTB,0.046099592
418,224,FGD5,PLSCR4,0.045030557
418,260,FGD5,RHOF,0.044847444
418,197,FGD5,POLA2,0.04196939
418,556,FGD5,ITGB7,0.041671902
418,198,FGD5,CMAH,0.04046195
418,102,FGD5,FUT8,0.039209414
418,400,FGD5,ANKRD44,0.038955458
418,217,FGD5,MYCT1,0.038891677
418,405,FGD5,GIMAP8,0.03887435
418,147,FGD5,ERP29,0.037874386
418,455,FGD5,SNAP23,0.03774374
418,182,FGD5,STK17B,0.037013754
418,327,FGD5,PRIM1,0.036943845
418,339,FGD5,KCTD12,0.03676345
418,180,FGD5,RGS2,0.036620397
418,169,FGD5,MCM4,0.03619305
418,210,FGD5,CDKN1C,0.035414062
418,262,FGD5,SSH2,0.035021096
418,47,FGD5,LONP2,0.034085587
418,354,FGD5,PPP1R15A,0.03360151
418,135,FGD5,SLBP,0.033579517
418,525,FGD5,TXNIP,0.033537976
418,409,FGD5,TMEM206,0.03326196
418,441,FGD5,MCM7,0.032902773
418,497,FGD5,ATP8B4,0.032698747
418,79,FGD5,MGAT1,0.032125182
418,284,FGD5,ANXA5,0.030452838
418,24,FGD5,DYNLL1,0.030326711
418,119,FGD5,PAG1,0.029785933
418,123,FGD5,PAFAH2,0.029542599
418,293,FGD5,MAML3,0.028646486
418,246,FGD5,KLF6,0.027713865
418,174,FGD5,PPCDC,0.025178138
418,219,FGD5,STARD4,0.01903883
418,214,FGD5,FCHO2,0.015425218
418,203,FGD5,CD33,0.0035680821
418,139,FGD5,CCL3,0.0033543939
418,86,FGD5,METTL7A1,0.0029791994
418,207,FGD5,BLNK,0.002946982
418,186,FGD5,IL7R,0.0029087341
418,419,FGD5,NCF1,0.0028867961
418,319,FGD5,CD74,0.0028359352
418,63,FGD5,ENG,0.0028220518
418,294,FGD5,TINAGL1,0.0028040025
418,132,FGD5,OAS2,0.0027405014
418,332,FGD5,IPCEF1,0.0027336096
418,417,FGD5,UBA7,0.002698534
418,267,FGD5,CLEC12A,0.0026853534
114,115,FHL1,LTB,0.012241645
114,323,FHL1,SELPLG,0.01166919
114,260,FHL1,RHOF,0.010559288
114,224,FHL1,PLSCR4,0.010528545
114,556,FHL1,ITGB7,0.009810271
114,198,FHL1,CMAH,0.009537564
114,400,FHL1,ANKRD44,0.009271745
114,102,FHL1,FUT8,0.009252522
114,217,FHL1,MYCT1,0.0092440285
114,405,FHL1,GIMAP8,0.00915846
114,147,FHL1,ERP29,0.008986452
114,455,FHL1,SNAP23,0.008917016
114,327,FHL1,PRIM1,0.008767009
114,174,FHL1,PPCDC,0.008752295
114,182,FHL1,STK17B,0.008752295
114,180,FHL1,RGS2,0.008635164
114,169,FHL1,MCM4,0.00857297
114,210,FHL1,CDKN1C,0.008405153
114,262,FHL1,SSH2,0.00830758
114,47,FHL1,LONP2,0.008131759
114,525,FHL1,TXNIP,0.008038023
114,135,FHL1,SLBP,0.008022396
114,354,FHL1,PPP1R15A,0.007998146
114,497,FHL1,ATP8B4,0.007733076
114,219,FHL1,STARD4,0.007725202
114,79,FHL1,MGAT1,0.0077201556
114,441,FHL1,MCM7,0.0076198434
114,284,FHL1,ANXA5,0.0073547605
114,24,FHL1,DYNLL1,0.007329329
114,119,FHL1,PAG1,0.007201465
114,123,FHL1,PAFAH2,0.007138773
114,293,FHL1,MAML3,0.0069831386
114,339,FHL1,KCTD12,0.0069056135
114,246,FHL1,KLF6,0.006796218
114,214,FHL1,FCHO2,0.006398971
114,409,FHL1,TMEM206,0.005812928
114,197,FHL1,POLA2,0.004586036
114,203,FHL1,CD33,0.001657463
114,139,FHL1,CCL3,0.0015885873
114,207,FHL1,BLNK,0.0014755586
114,419,FHL1,NCF1,0.0014611698
114,186,FHL1,IL7R,0.0014489457
114,319,FHL1,CD74,0.0014454852
114,294,FHL1,TINAGL1,0.0014135331
114,132,FHL1,OAS2,0.0014047265
114,332,FHL1,IPCEF1,0.0014022192
114,417,FHL1,UBA7,0.0013916853
114,267,FHL1,CLEC12A,0.0013857253
114,63,FHL1,ENG,0.0013545157
114,172,FHL1,EPSTI1,0.0013523148
245,246,FKBP9,KLF6,0.71078587
245,497,FKBP9,ATP8B4,0.70528775
245,441,FKBP9,MCM7,0.70487183
245,409,FKBP9,TMEM206,0.7008201
245,400,FKBP9,ANKRD44,0.699197
245,174,FKBP9,PPCDC,0.6970872
245,182,FKBP9,STK17B,0.69708717
245,219,FKBP9,STARD4,0.69708246
245,327,FKBP9,PRIM1,0.696449
245,262,FKBP9,SSH2,0.69571716
245,556,FKBP9,ITGB7,0.6915929
245,119,FKBP9,PAG1,0.6914569
245,405,FKBP9,GIMAP8,0.690952
245,203,FKBP9,CD33,0.68989474
245,169,FKBP9,MCM4,0.68934447
245,354,FKBP9,PPP1R15A,0.68924487
245,47,FKBP9,LONP2,0.6891931
245,24,FKBP9,DYNLL1,0.68709373
245,102,FKBP9,FUT8,0.68487674
245,339,FKBP9,KCTD12,0.6838535
245,525,FKBP9,TXNIP,0.68290627
245,284,FKBP9,ANXA5,0.68192476
245,198,FKBP9,CMAH,0.6805064
245,197,FKBP9,POLA2,0.6779198
245,147,FKBP9,ERP29,0.67351514
245,293,FKBP9,MAML3,0.6692062
245,224,FKBP9,PLSCR4,0.667601
245,214,FKBP9,FCHO2,0.66571474
245,135,FKBP9,SLBP,0.66256887
245,19,FKBP9,UBASH3A,0.65252054
245,210,FKBP9,CDKN1C,0.6523107
245,115,FKBP9,LTB,0.65105385
245,323,FKBP9,SELPLG,0.6482989
245,180,FKBP9,RGS2,0.64541274
245,455,FKBP9,SNAP23,0.6416718
245,123,FKBP9,PAFAH2,0.64095384
245,404,FKBP9,NHP2,0.6391551
245,283,FKBP9,SAT1,0.63904107
245,335,FKBP9,SLC22A3,0.638479
245,84,FKBP9,SLC39A6,0.6384774
245,225,FKBP9,CDT1,0.6381288
245,555,FKBP9,CKS1B,0.63786227
245,217,FKBP9,MYCT1,0.63598126
245,228,FKBP9,CCL9,0.63536733
245,287,FKBP9,CSF3R,0.6351448
245,7,FKBP9,AKNA,0.6332885
245,66,FKBP9,CCR7,0.6325205
245,552,FKBP9,TLR7,0.6325205
245,396,FKBP9,IFI27,0.6299093
245,466,FKBP9,ZFP367,0.629243
120,323,FLNA,SELPLG,0.04596504
120,260,FLNA,RHOF,0.041532762
120,197,FLNA,POLA2,0.038868163
120,556,FLNA,ITGB7,0.038593818
120,217,FLNA,MYCT1,0.038239095
120,102,FLNA,FUT8,0.036341496
120,400,FLNA,ANKRD44,0.036111027
120,405,FLNA,GIMAP8,0.03603069
120,147,FLNA,ERP29,0.03516016
120,455,FLNA,SNAP23,0.035056435
120,182,FLNA,STK17B,0.034356166
120,174,FLNA,PPCDC,0.03432863
120,327,FLNA,PRIM1,0.034267332
120,339,FLNA,KCTD12,0.034124874
120,180,FLNA,RGS2,0.034010883
120,224,FLNA,PLSCR4,0.03386828
120,262,FLNA,SSH2,0.03250689
120,497,FLNA,ATP8B4,0.032087147
120,47,FLNA,LONP2,0.031668555
120,354,FLNA,PPP1R15A,0.031217337
120,135,FLNA,SLBP,0.031195108
120,525,FLNA,TXNIP,0.031177985
120,409,FLNA,TMEM206,0.03086397
120,79,FLNA,MGAT1,0.02998319
120,219,FLNA,STARD4,0.029983178
120,441,FLNA,MCM7,0.029587293
120,115,FLNA,LTB,0.029196026
120,24,FLNA,DYNLL1,0.028231123
120,119,FLNA,PAG1,0.027762128
120,123,FLNA,PAFAH2,0.027502468
120,293,FLNA,MAML3,0.026703939
120,246,FLNA,KLF6,0.02582848
120,214,FLNA,FCHO2,0.024102438
120,284,FLNA,ANXA5,0.02046055
120,198,FLNA,CMAH,0.016452357
120,210,FLNA,CDKN1C,0.014861653
120,169,FLNA,MCM4,0.006511108
120,203,FLNA,CD33,0.0035626697
120,139,FLNA,CCL3,0.0031937503
120,86,FLNA,METTL7A1,0.0029881045
120,207,FLNA,BLNK,0.0029816888
120,186,FLNA,IL7R,0.0029355015
120,419,FLNA,NCF1,0.0029297292
120,319,FLNA,CD74,0.0028811232
120,63,FLNA,ENG,0.002864602
120,294,FLNA,TINAGL1,0.0028336195
120,332,FLNA,IPCEF1,0.0027828668
120,132,FLNA,OAS2,0.002781975
120,417,FLNA,UBA7,0.0027386723
120,267,FLNA,CLEC12A,0.0027193592
271,115,FLT3,LTB,0.039525054
271,323,FLT3,SELPLG,0.03760313
271,224,FLT3,PLSCR4,0.033949673
271,260,FLT3,RHOF,0.033880103
271,197,FLT3,POLA2,0.03159196
271,556,FLT3,ITGB7,0.03140877
271,198,FLT3,CMAH,0.03046322
271,217,FLT3,MYCT1,0.02962047
271,102,FLT3,FUT8,0.029484546
271,400,FLT3,ANKRD44,0.029339697
271,405,FLT3,GIMAP8,0.029245025
271,147,FLT3,ERP29,0.02850774
271,455,FLT3,SNAP23,0.028341215
271,174,FLT3,PPCDC,0.0278297
271,182,FLT3,STK17B,0.0278297
271,327,FLT3,PRIM1,0.027772805
271,339,FLT3,KCTD12,0.027646462
271,180,FLT3,RGS2,0.027456274
271,169,FLT3,MCM4,0.02718204
271,210,FLT3,CDKN1C,0.026578095
271,262,FLT3,SSH2,0.026294485
271,135,FLT3,SLBP,0.02522421
271,354,FLT3,PPP1R15A,0.025204627
271,525,FLT3,TXNIP,0.025169618
271,409,FLT3,TMEM206,0.02496609
271,79,FLT3,MGAT1,0.024190221
271,219,FLT3,STARD4,0.024190221
271,497,FLT3,ATP8B4,0.024188139
271,441,FLT3,MCM7,0.023880318
271,284,FLT3,ANXA5,0.022797812
271,119,FLT3,PAG1,0.022333369
271,123,FLT3,PAFAH2,0.022123031
271,293,FLT3,MAML3,0.021408986
271,246,FLT3,KLF6,0.020766664
271,214,FLT3,FCHO2,0.019267092
271,47,FLT3,LONP2,0.015726604
271,24,FLT3,DYNLL1,0.014039687
271,203,FLT3,CD33,0.0028704705
271,139,FLT3,CCL3,0.0026930457
271,86,FLT3,METTL7A1,0.0023865532
271,207,FLT3,BLNK,0.002383365
271,186,FLT3,IL7R,0.0023534568
271,419,FLT3,NCF1,0.0023373321
271,319,FLT3,CD74,0.0023032299
271,63,FLT3,ENG,0.0022865736
271,294,FLT3,TINAGL1,0.0022744667
271,132,FLT3,OAS2,0.0022244428
271,332,FLT3,IPCEF1,0.0022190392
271,417,FLT3,UBA7,0.002194523
271,267,FLT3,CLEC12A,0.002183272
508,400,FOXO1,ANKRD44,0.5463394
508,497,FOXO1,ATP8B4,0.5441417
508,556,FOXO1,ITGB7,0.543929
508,135,FOXO1,SLBP,0.5439098
508,174,FOXO1,PPCDC,0.54369324
508,182,FOXO1,STK17B,0.5436736
508,441,FOXO1,MCM7,0.54319423
508,409,FOXO1,TMEM206,0.5425595
508,405,FOXO1,GIMAP8,0.54226714
508,327,FOXO1,PRIM1,0.5421068
508,262,FOXO1,SSH2,0.5404998
508,260,FOXO1,RHOF,0.5387945
508,246,FOXO1,KLF6,0.5383587
508,102,FOXO1,FUT8,0.538114
508,339,FOXO1,KCTD12,0.53802824
508,47,FOXO1,LONP2,0.53799677
508,79,FOXO1,MGAT1,0.53783315
508,219,FOXO1,STARD4,0.53783315
508,198,FOXO1,CMAH,0.53708273
508,197,FOXO1,POLA2,0.5355353
508,217,FOXO1,MYCT1,0.53482455
508,147,FOXO1,ERP29,0.5347222
508,123,FOXO1,PAFAH2,0.53442574
508,224,FOXO1,PLSCR4,0.5337715
508,525,FOXO1,TXNIP,0.5333832
508,119,FOXO1,PAG1,0.53313404
508,284,FOXO1,ANXA5,0.52935106
508,24,FOXO1,DYNLL1,0.5290753
508,323,FOXO1,SELPLG,0.5283106
508,115,FOXO1,LTB,0.52811605
508,169,FOXO1,MCM4,0.5204299
508,293,FOXO1,MAML3,0.5193719
508,210,FOXO1,CDKN1C,0.51867133
508,180,FOXO1,RGS2,0.5164539
508,455,FOXO1,SNAP23,0.51614326
508,214,FOXO1,FCHO2,0.51483005
508,354,FOXO1,PPP1R15A,0.46976265
508,203,FOXO1,CD33,0.22980683
508,186,FOXO1,IL7R,0.18934217
508,139,FOXO1,CCL3,0.18799374
508,86,FOXO1,METTL7A1,0.17251083
508,207,FOXO1,BLNK,0.17167754
508,294,FOXO1,TINAGL1,0.16794786
508,267,FOXO1,CLEC12A,0.16153777
508,417,FOXO1,UBA7,0.15696067
508,319,FOXO1,CD74,0.15425937
508,172,FOXO1,EPSTI1,0.15080751
508,243,FOXO1,VAMP1,0.14650549
508,276,FOXO1,H2-Q6,0.14489959
508,332,FOXO1,IPCEF1,0.14114036
300,115,FRMD6,LTB,0.029330844
300,323,FRMD6,SELPLG,0.027927611
300,224,FRMD6,PLSCR4,0.025207372
300,260,FRMD6,RHOF,0.0251957
300,197,FRMD6,POLA2,0.023498103
300,556,FRMD6,ITGB7,0.023368448
300,198,FRMD6,CMAH,0.022688901
300,102,FRMD6,FUT8,0.021940835
300,400,FRMD6,ANKRD44,0.021877768
300,217,FRMD6,MYCT1,0.02185349
300,405,FRMD6,GIMAP8,0.021797828
300,147,FRMD6,ERP29,0.021313813
300,455,FRMD6,SNAP23,0.021203894
300,182,FRMD6,STK17B,0.020777745
300,174,FRMD6,PPCDC,0.020772105
300,327,FRMD6,PRIM1,0.02073882
300,339,FRMD6,KCTD12,0.020600697
300,180,FRMD6,RGS2,0.02054357
300,169,FRMD6,MCM4,0.020312522
300,210,FRMD6,CDKN1C,0.019908085
300,262,FRMD6,SSH2,0.019685438
300,47,FRMD6,LONP2,0.019183237
300,135,FRMD6,SLBP,0.01890688
300,354,FRMD6,PPP1R15A,0.01889089
300,525,FRMD6,TXNIP,0.018838495
300,409,FRMD6,TMEM206,0.018711098
300,497,FRMD6,ATP8B4,0.018161999
300,219,FRMD6,STARD4,0.018157093
300,79,FRMD6,MGAT1,0.01815708
300,441,FRMD6,MCM7,0.017926862
300,24,FRMD6,DYNLL1,0.01719998
300,284,FRMD6,ANXA5,0.017166898
300,119,FRMD6,PAG1,0.016819015
300,123,FRMD6,PAFAH2,0.01666358
300,293,FRMD6,MAML3,0.016165653
300,246,FRMD6,KLF6,0.01568865
300,214,FRMD6,FCHO2,0.014471357
300,203,FRMD6,CD33,0.0025668228
300,139,FRMD6,CCL3,0.0024358253
300,294,FRMD6,TINAGL1,0.002320497
300,417,FRMD6,UBA7,0.0021941953
300,207,FRMD6,BLNK,0.0021884004
300,86,FRMD6,METTL7A1,0.0021878777
300,419,FRMD6,NCF1,0.0021578798
300,186,FRMD6,IL7R,0.0021526243
300,319,FRMD6,CD74,0.0021265978
300,63,FRMD6,ENG,0.0021135008
300,132,FRMD6,OAS2,0.0020574587
300,332,FRMD6,IPCEF1,0.0020513164
300,267,FRMD6,CLEC12A,0.002018475
60,115,FSTL1,LTB,0.02149542
60,260,FSTL1,RHOF,0.018462611
60,224,FSTL1,PLSCR4,0.018445807
60,556,FSTL1,ITGB7,0.01712261
60,198,FSTL1,CMAH,0.016615126
60,102,FSTL1,FUT8,0.016096756
60,400,FSTL1,ANKRD44,0.016043661
60,217,FSTL1,MYCT1,0.016027486
60,405,FSTL1,GIMAP8,0.015889918
60,455,FSTL1,SNAP23,0.01571097
60,147,FSTL1,ERP29,0.015631141
60,327,FSTL1,PRIM1,0.015437238
60,174,FSTL1,PPCDC,0.015236361
60,339,FSTL1,KCTD12,0.0151623525
60,169,FSTL1,MCM4,0.0148887215
60,323,FSTL1,SELPLG,0.014779811
60,262,FSTL1,SSH2,0.014676468
60,210,FSTL1,CDKN1C,0.014579269
60,47,FSTL1,LONP2,0.01407785
60,135,FSTL1,SLBP,0.0140191335
60,525,FSTL1,TXNIP,0.013858147
60,354,FSTL1,PPP1R15A,0.013857444
60,409,FSTL1,TMEM206,0.013735885
60,24,FSTL1,DYNLL1,0.013589115
60,497,FSTL1,ATP8B4,0.013353407
60,219,FSTL1,STARD4,0.013327837
60,79,FSTL1,MGAT1,0.013327486
60,441,FSTL1,MCM7,0.013257303
60,197,FSTL1,POLA2,0.013011927
60,123,FSTL1,PAFAH2,0.012777592
60,284,FSTL1,ANXA5,0.012565221
60,119,FSTL1,PAG1,0.012306361
60,293,FSTL1,MAML3,0.011774746
60,246,FSTL1,KLF6,0.011458271
60,180,FSTL1,RGS2,0.010639338
60,214,FSTL1,FCHO2,0.010557555
60,182,FSTL1,STK17B,0.009016095
60,203,FSTL1,CD33,0.0021200133
60,139,FSTL1,CCL3,0.0020169397
60,207,FSTL1,BLNK,0.0018359002
60,86,FSTL1,METTL7A1,0.0018340269
60,186,FSTL1,IL7R,0.0018073956
60,319,FSTL1,CD74,0.0017882125
60,419,FSTL1,NCF1,0.0017832213
60,63,FSTL1,ENG,0.0017763356
60,294,FSTL1,TINAGL1,0.0017558476
60,132,FSTL1,OAS2,0.0017328728
60,332,FSTL1,IPCEF1,0.0017303876
60,417,FSTL1,UBA7,0.0017147607
60,267,FSTL1,CLEC12A,0.0017032615
524,115,FUCA2,LTB,0.039680675
524,224,FUCA2,PLSCR4,0.034193605
524,260,FUCA2,RHOF,0.034118854
524,197,FUCA2,POLA2,0.03187376
524,556,FUCA2,ITGB7,0.03162174
524,198,FUCA2,CMAH,0.03076266
524,102,FUCA2,FUT8,0.029794162
524,217,FUCA2,MYCT1,0.029599035
524,405,FUCA2,GIMAP8,0.02954426
524,147,FUCA2,ERP29,0.028848223
524,455,FUCA2,SNAP23,0.02873533
524,169,FUCA2,MCM4,0.0284074
524,174,FUCA2,PPCDC,0.028147215
524,182,FUCA2,STK17B,0.028147195
524,327,FUCA2,PRIM1,0.028096702
524,339,FUCA2,KCTD12,0.027988024
524,180,FUCA2,RGS2,0.027833905
524,210,FUCA2,CDKN1C,0.026991926
524,262,FUCA2,SSH2,0.026642846
524,47,FUCA2,LONP2,0.025962988
524,354,FUCA2,PPP1R15A,0.025581244
524,135,FUCA2,SLBP,0.025580233
524,525,FUCA2,TXNIP,0.025559228
524,409,FUCA2,TMEM206,0.025345849
524,79,FUCA2,MGAT1,0.024573088
524,497,FUCA2,ATP8B4,0.02455656
524,219,FUCA2,STARD4,0.024524104
524,441,FUCA2,MCM7,0.024251599
524,284,FUCA2,ANXA5,0.023223963
524,24,FUCA2,DYNLL1,0.023130646
524,123,FUCA2,PAFAH2,0.02253421
524,293,FUCA2,MAML3,0.021867778
524,246,FUCA2,KLF6,0.021178756
524,323,FUCA2,SELPLG,0.016866209
524,119,FUCA2,PAG1,0.015344348
524,214,FUCA2,FCHO2,0.015106226
524,139,FUCA2,CCL3,0.0031801988
524,203,FUCA2,CD33,0.0031014069
524,400,FUCA2,ANKRD44,0.003018499
524,86,FUCA2,METTL7A1,0.0026069316
524,207,FUCA2,BLNK,0.0026021851
524,186,FUCA2,IL7R,0.0025626253
524,419,FUCA2,NCF1,0.0025603592
524,319,FUCA2,CD74,0.0025192495
524,63,FUCA2,ENG,0.0025038598
524,294,FUCA2,TINAGL1,0.002478493
524,132,FUCA2,OAS2,0.0024350851
524,417,FUCA2,UBA7,0.0023986925
524,267,FUCA2,CLEC12A,0.0023835509
524,172,FUCA2,EPSTI1,0.0023136572
450,115,FUT7,LTB,0.025755743
450,323,FUT7,SELPLG,0.023833303
450,260,FUT7,RHOF,0.02151073
450,224,FUT7,PLSCR4,0.021504303
450,197,FUT7,POLA2,0.020057388
450,556,FUT7,ITGB7,0.019953413
450,198,FUT7,CMAH,0.01937544
450,217,FUT7,MYCT1,0.019343462
450,102,FUT7,FUT8,0.018796021
450,400,FUT7,ANKRD44,0.018695164
450,405,FUT7,GIMAP8,0.018606631
450,147,FUT7,ERP29,0.018232938
450,327,FUT7,PRIM1,0.018203894
450,455,FUT7,SNAP23,0.018051598
450,174,FUT7,PPCDC,0.01776039
450,182,FUT7,STK17B,0.017760374
450,339,FUT7,KCTD12,0.017677214
450,180,FUT7,RGS2,0.017514652
450,169,FUT7,MCM4,0.017365433
450,210,FUT7,CDKN1C,0.017024415
450,262,FUT7,SSH2,0.01682179
450,47,FUT7,LONP2,0.016415732
450,135,FUT7,SLBP,0.016182598
450,525,FUT7,TXNIP,0.016166337
450,354,FUT7,PPP1R15A,0.016164934
450,409,FUT7,TMEM206,0.016013347
450,497,FUT7,ATP8B4,0.0155541515
450,219,FUT7,STARD4,0.015545846
450,441,FUT7,MCM7,0.015350805
450,284,FUT7,ANXA5,0.014708381
450,119,FUT7,PAG1,0.014411593
450,123,FUT7,PAFAH2,0.014276934
450,293,FUT7,MAML3,0.013806632
450,24,FUT7,DYNLL1,0.013575355
450,214,FUT7,FCHO2,0.01235449
450,246,FUT7,KLF6,0.009395648
450,79,FUT7,MGAT1,0.008748137
450,207,FUT7,BLNK,0.0020454174
450,419,FUT7,NCF1,0.0020178843
450,63,FUT7,ENG,0.0019782786
450,294,FUT7,TINAGL1,0.0019518241
450,139,FUT7,CCL3,0.0019382004
450,132,FUT7,OAS2,0.001927184
450,332,FUT7,IPCEF1,0.0019225705
450,417,FUT7,UBA7,0.0019041635
450,267,FUT7,CLEC12A,0.0018924898
450,186,FUT7,IL7R,0.0017886406
450,494,FUT7,DUSP5,0.0017594083
450,86,FUT7,METTL7A1,0.0017290793
450,243,FUT7,VAMP1,0.0017238845
102,556,FUT8,ITGB7,0.11850775
102,405,FUT8,GIMAP8,0.111757554
102,400,FUT8,ANKRD44,0.111604445
102,455,FUT8,SNAP23,0.10857561
102,327,FUT8,PRIM1,0.107856974
102,354,FUT8,PPP1R15A,0.098250695
102,525,FUT8,TXNIP,0.09777793
102,409,FUT8,TMEM206,0.0973301
102,497,FUT8,ATP8B4,0.094247796
102,441,FUT8,MCM7,0.093568474
102,115,FUT8,LTB,0.09038169
102,339,FUT8,KCTD12,0.08696695
102,224,FUT8,PLSCR4,0.07897766
102,260,FUT8,RHOF,0.077879116
102,198,FUT8,CMAH,0.07112004
102,217,FUT8,MYCT1,0.068183914
102,147,FUT8,ERP29,0.06694769
102,174,FUT8,PPCDC,0.0651391
102,182,FUT8,STK17B,0.06508525
102,180,FUT8,RGS2,0.06443939
102,169,FUT8,MCM4,0.06372696
102,210,FUT8,CDKN1C,0.062430296
102,262,FUT8,SSH2,0.061514113
102,47,FUT8,LONP2,0.059839107
102,219,FUT8,STARD4,0.056811433
102,79,FUT8,MGAT1,0.056811422
102,197,FUT8,POLA2,0.05543306
102,284,FUT8,ANXA5,0.05359796
102,24,FUT8,DYNLL1,0.053436723
102,119,FUT8,PAG1,0.052518222
102,123,FUT8,PAFAH2,0.052021608
102,293,FUT8,MAML3,0.050460156
102,246,FUT8,KLF6,0.048673313
102,214,FUT8,FCHO2,0.04528693
102,135,FUT8,SLBP,0.03616711
102,323,FUT8,SELPLG,0.018999573
102,419,FUT8,NCF1,0.006670362
102,332,FUT8,IPCEF1,0.006299948
102,494,FUT8,DUSP5,0.005513223
102,416,FUT8,PLD4,0.0053750686
102,526,FUT8,SERP1,0.005256143
102,529,FUT8,GM1966,0.005187463
102,203,FUT8,CD33,0.005102475
102,549,FUT8,SLC26A11,0.005075238
102,417,FUT8,UBA7,0.004985493
102,341,FUT8,TUBB4B,0.0049835606
102,376,FUT8,SLC39A13,0.004979743
102,543,FUT8,IFI213,0.004958061
102,466,FUT8,ZFP367,0.004954606
102,335,FUT8,SLC22A3,0.0048684524
373,115,GAA,LTB,0.022216925
373,323,GAA,SELPLG,0.021141509
373,224,GAA,PLSCR4,0.019079147
373,260,GAA,RHOF,0.019078199
373,197,GAA,POLA2,0.017776418
373,556,GAA,ITGB7,0.01769588
373,198,GAA,CMAH,0.017294722
373,405,GAA,GIMAP8,0.017102174
373,102,GAA,FUT8,0.016630966
373,400,GAA,ANKRD44,0.016590765
373,217,GAA,MYCT1,0.016544841
373,339,GAA,KCTD12,0.016221011
373,147,GAA,ERP29,0.016142154
373,455,GAA,SNAP23,0.016030682
373,182,GAA,STK17B,0.015741918
373,327,GAA,PRIM1,0.015731718
373,174,GAA,PPCDC,0.015723282
373,180,GAA,RGS2,0.01552917
373,210,GAA,CDKN1C,0.015055027
373,262,GAA,SSH2,0.014914404
373,47,GAA,LONP2,0.014537861
373,135,GAA,SLBP,0.0143376095
373,354,GAA,PPP1R15A,0.014312281
373,525,GAA,TXNIP,0.014309314
373,409,GAA,TMEM206,0.014169322
373,497,GAA,ATP8B4,0.013779699
373,79,GAA,MGAT1,0.0137641495
373,441,GAA,MCM7,0.013598847
373,24,GAA,DYNLL1,0.012956633
373,119,GAA,PAG1,0.012754918
373,123,GAA,PAFAH2,0.012638824
373,293,GAA,MAML3,0.012246384
373,246,GAA,KLF6,0.011917605
373,214,GAA,FCHO2,0.010984373
373,169,GAA,MCM4,0.010963537
373,219,GAA,STARD4,0.010371554
373,284,GAA,ANXA5,0.0035426363
373,203,GAA,CD33,0.0021468308
373,139,GAA,CCL3,0.0020400526
373,207,GAA,BLNK,0.0018533664
373,186,GAA,IL7R,0.0018271167
373,419,GAA,NCF1,0.0018236726
373,319,GAA,CD74,0.0018022422
373,63,GAA,ENG,0.0017906091
373,294,GAA,TINAGL1,0.0017709258
373,132,GAA,OAS2,0.0017467828
373,417,GAA,UBA7,0.0017449113
373,332,GAA,IPCEF1,0.0017437779
373,267,GAA,CLEC12A,0.0017218342
373,276,GAA,H2-Q6,0.0016605415
13,115,GAS2L3,LTB,0.028123224
13,224,GAS2L3,PLSCR4,0.024178466
13,260,GAS2L3,RHOF,0.024173718
13,197,GAS2L3,POLA2,0.022549225
13,556,GAS2L3,ITGB7,0.022409504
13,198,GAS2L3,CMAH,0.021779012
13,102,GAS2L3,FUT8,0.021096021
13,400,GAS2L3,ANKRD44,0.021003801
13,217,GAS2L3,MYCT1,0.020988243
13,405,GAS2L3,GIMAP8,0.020875983
13,147,GAS2L3,ERP29,0.020474875
13,455,GAS2L3,SNAP23,0.020339293
13,174,GAS2L3,PPCDC,0.019954095
13,182,GAS2L3,STK17B,0.019954095
13,327,GAS2L3,PRIM1,0.019918324
13,339,GAS2L3,KCTD12,0.019859757
13,180,GAS2L3,RGS2,0.019713627
13,169,GAS2L3,MCM4,0.019512752
13,262,GAS2L3,SSH2,0.019124726
13,47,GAS2L3,LONP2,0.01843291
13,525,GAS2L3,TXNIP,0.018158853
13,354,GAS2L3,PPP1R15A,0.018158743
13,409,GAS2L3,TMEM206,0.01798413
13,497,GAS2L3,ATP8B4,0.017462632
13,219,GAS2L3,STARD4,0.017458698
13,79,GAS2L3,MGAT1,0.017458681
13,441,GAS2L3,MCM7,0.017239448
13,284,GAS2L3,ANXA5,0.016514495
13,24,GAS2L3,DYNLL1,0.016465055
13,119,GAS2L3,PAG1,0.016183373
13,293,GAS2L3,MAML3,0.015516659
13,246,GAS2L3,KLF6,0.015163123
13,210,GAS2L3,CDKN1C,0.014060176
13,214,GAS2L3,FCHO2,0.013896772
13,135,GAS2L3,SLBP,0.013285028
13,123,GAS2L3,PAFAH2,0.0096138455
13,323,GAS2L3,SELPLG,0.0053596064
13,203,GAS2L3,CD33,0.0025554637
13,207,GAS2L3,BLNK,0.0021869163
13,86,GAS2L3,METTL7A1,0.00218606
13,419,GAS2L3,NCF1,0.0021585063
13,186,GAS2L3,IL7R,0.0021498953
13,319,GAS2L3,CD74,0.0021234208
13,63,GAS2L3,ENG,0.0021142564
13,294,GAS2L3,TINAGL1,0.0020838047
13,132,GAS2L3,OAS2,0.0020580648
13,332,GAS2L3,IPCEF1,0.0020526394
13,417,GAS2L3,UBA7,0.0020313438
13,267,GAS2L3,CLEC12A,0.0020150987
13,172,GAS2L3,EPSTI1,0.0019634613
14,323,GATA2,SELPLG,0.84038013
14,97,GATA2,MYC,0.7817381
14,145,GATA2,SPI1,0.7707639
14,246,GATA2,KLF6,0.76938546
14,287,GATA2,CSF3R,0.76176363
14,441,GATA2,MCM7,0.7615978
14,497,GATA2,ATP8B4,0.7615552
14,400,GATA2,ANKRD44,0.75460005
14,262,GATA2,SSH2,0.754044
14,219,GATA2,STARD4,0.754001
14,79,GATA2,MGAT1,0.75400096
14,174,GATA2,PPCDC,0.75348777
14,182,GATA2,STK17B,0.75348777
14,409,GATA2,TMEM206,0.7529413
14,327,GATA2,PRIM1,0.7524802
14,119,GATA2,PAG1,0.74998546
14,405,GATA2,GIMAP8,0.747928
14,556,GATA2,ITGB7,0.7472984
14,47,GATA2,LONP2,0.74717706
14,354,GATA2,PPP1R15A,0.7470541
14,169,GATA2,MCM4,0.7465518
14,24,GATA2,DYNLL1,0.74518955
14,283,GATA2,SAT1,0.7428777
14,102,GATA2,FUT8,0.7419879
14,339,GATA2,KCTD12,0.74176645
14,284,GATA2,ANXA5,0.74156296
14,525,GATA2,TXNIP,0.74118364
14,404,GATA2,NHP2,0.74093753
14,555,GATA2,CKS1B,0.7404033
14,225,GATA2,CDT1,0.73801035
14,228,GATA2,CCL9,0.73796546
14,198,GATA2,CMAH,0.73775715
14,84,GATA2,SLC39A6,0.73667043
14,7,GATA2,AKNA,0.736332
14,217,GATA2,MYCT1,0.7352691
14,335,GATA2,SLC22A3,0.73421514
14,396,GATA2,IFI27,0.7340798
14,552,GATA2,TLR7,0.73373055
14,197,GATA2,POLA2,0.73359615
14,260,GATA2,RHOF,0.7326706
14,147,GATA2,ERP29,0.73239595
14,318,GATA2,RANBP1,0.7314441
14,466,GATA2,ZFP367,0.73119813
14,549,GATA2,SLC26A11,0.73091406
14,293,GATA2,MAML3,0.7306325
14,133,GATA2,CDK19,0.7305037
14,526,GATA2,SERP1,0.7301151
14,375,GATA2,LAX1,0.7292769
14,238,GATA2,SAMSN1,0.72859186
14,214,GATA2,FCHO2,0.72858584
420,323,GBP2,SELPLG,0.04419507
420,115,GBP2,LTB,0.041006453
420,224,GBP2,PLSCR4,0.040068634
420,260,GBP2,RHOF,0.039944336
420,197,GBP2,POLA2,0.037373856
420,556,GBP2,ITGB7,0.037113126
420,198,GBP2,CMAH,0.03605758
420,102,GBP2,FUT8,0.034949284
420,400,GBP2,ANKRD44,0.034732193
420,217,GBP2,MYCT1,0.034707207
420,405,GBP2,GIMAP8,0.034651298
420,147,GBP2,ERP29,0.033820048
420,455,GBP2,SNAP23,0.03372541
420,182,GBP2,STK17B,0.033018894
420,327,GBP2,PRIM1,0.032960206
420,339,GBP2,KCTD12,0.03283037
420,180,GBP2,RGS2,0.03271713
420,169,GBP2,MCM4,0.032303292
420,210,GBP2,CDKN1C,0.03165955
420,262,GBP2,SSH2,0.031270508
420,47,GBP2,LONP2,0.030471826
420,354,GBP2,PPP1R15A,0.030035198
420,135,GBP2,SLBP,0.030016037
420,525,GBP2,TXNIP,0.030003238
420,409,GBP2,TMEM206,0.029727535
420,441,GBP2,MCM7,0.029431451
420,497,GBP2,ATP8B4,0.02923965
420,79,GBP2,MGAT1,0.02874216
420,284,GBP2,ANXA5,0.027285244
420,24,GBP2,DYNLL1,0.027172705
420,119,GBP2,PAG1,0.026690226
420,123,GBP2,PAFAH2,0.026472298
420,293,GBP2,MAML3,0.02570934
420,246,GBP2,KLF6,0.024869332
420,174,GBP2,PPCDC,0.022596346
420,219,GBP2,STARD4,0.016619997
420,214,GBP2,FCHO2,0.013925114
420,203,GBP2,CD33,0.0035252187
420,139,GBP2,CCL3,0.0033271178
420,86,GBP2,METTL7A1,0.0029694182
420,207,GBP2,BLNK,0.0029426154
420,419,GBP2,NCF1,0.0028958032
420,186,GBP2,IL7R,0.002895262
420,319,GBP2,CD74,0.0028399928
420,63,GBP2,ENG,0.0028297121
420,294,GBP2,TINAGL1,0.002796437
420,132,GBP2,OAS2,0.0027486845
420,332,GBP2,IPCEF1,0.0027403699
420,417,GBP2,UBA7,0.002702732
420,267,GBP2,CLEC12A,0.0026868363
295,115,GBP4,LTB,0.035840355
295,224,GBP4,PLSCR4,0.03086094
295,260,GBP4,RHOF,0.03077814
295,197,GBP4,POLA2,0.028771086
295,556,GBP4,ITGB7,0.028592426
295,198,GBP4,CMAH,0.027774176
295,102,GBP4,FUT8,0.026860017
295,400,GBP4,ANKRD44,0.026758835
295,217,GBP4,MYCT1,0.026736747
295,405,GBP4,GIMAP8,0.02667579
295,147,GBP4,ERP29,0.026063057
295,455,GBP4,SNAP23,0.025979802
295,262,GBP4,SSH2,0.025477145
295,182,GBP4,STK17B,0.025420621
295,174,GBP4,PPCDC,0.025413794
295,327,GBP4,PRIM1,0.02537693
295,180,GBP4,RGS2,0.025161317
295,169,GBP4,MCM4,0.024860658
295,210,GBP4,CDKN1C,0.02437767
295,47,GBP4,LONP2,0.023460288
295,525,GBP4,TXNIP,0.0231176
295,135,GBP4,SLBP,0.023116987
295,354,GBP4,PPP1R15A,0.023113681
295,409,GBP4,TMEM206,0.022883186
295,219,GBP4,STARD4,0.02220923
295,79,GBP4,MGAT1,0.022209221
295,497,GBP4,ATP8B4,0.022197725
295,441,GBP4,MCM7,0.02191812
295,24,GBP4,DYNLL1,0.02104299
295,284,GBP4,ANXA5,0.020995567
295,119,GBP4,PAG1,0.020566002
295,123,GBP4,PAFAH2,0.020375159
295,323,GBP4,SELPLG,0.020335322
295,293,GBP4,MAML3,0.01977729
295,246,GBP4,KLF6,0.019161955
295,339,GBP4,KCTD12,0.01814621
295,214,GBP4,FCHO2,0.017873699
295,203,GBP4,CD33,0.0029345888
295,139,GBP4,CCL3,0.0027789632
295,86,GBP4,METTL7A1,0.0024763956
295,207,GBP4,BLNK,0.0024725948
295,419,GBP4,NCF1,0.002435327
295,186,GBP4,IL7R,0.0024349403
295,319,GBP4,CD74,0.0023979398
295,63,GBP4,ENG,0.002383526
295,294,GBP4,TINAGL1,0.0023523332
295,132,GBP4,OAS2,0.0023172991
295,332,GBP4,IPCEF1,0.0023100674
295,417,GBP4,UBA7,0.00228535
295,267,GBP4,CLEC12A,0.002269038
538,323,GBP9,SELPLG,0.023895875
538,115,GBP9,LTB,0.022045886
538,260,GBP9,RHOF,0.021569915
538,197,GBP9,POLA2,0.020129498
538,556,GBP9,ITGB7,0.020008346
538,198,GBP9,CMAH,0.019429497
538,102,GBP9,FUT8,0.018821485
538,400,GBP9,ANKRD44,0.018747427
538,217,GBP9,MYCT1,0.018730542
538,405,GBP9,GIMAP8,0.018673416
538,147,GBP9,ERP29,0.018276406
538,455,GBP9,SNAP23,0.018137015
538,174,GBP9,PPCDC,0.017810637
538,182,GBP9,STK17B,0.017810637
538,327,GBP9,PRIM1,0.01777781
538,180,GBP9,RGS2,0.017566923
538,169,GBP9,MCM4,0.01741481
538,210,GBP9,CDKN1C,0.017074695
538,262,GBP9,SSH2,0.016869878
538,47,GBP9,LONP2,0.016463373
538,135,GBP9,SLBP,0.016229458
538,525,GBP9,TXNIP,0.016214103
538,354,GBP9,PPP1R15A,0.016211897
538,409,GBP9,TMEM206,0.016059838
538,497,GBP9,ATP8B4,0.015599808
538,219,GBP9,STARD4,0.015591065
538,441,GBP9,MCM7,0.015510286
538,284,GBP9,ANXA5,0.014726746
538,24,GBP9,DYNLL1,0.014692867
538,119,GBP9,PAG1,0.014419472
538,293,GBP9,MAML3,0.013815055
538,214,GBP9,FCHO2,0.012384006
538,123,GBP9,PAFAH2,0.0119564785
538,79,GBP9,MGAT1,0.010871145
538,339,GBP9,KCTD12,0.010455491
538,224,GBP9,PLSCR4,0.008620934
538,246,GBP9,KLF6,0.0068263076
538,203,GBP9,CD33,0.002279247
538,139,GBP9,CCL3,0.0022679025
538,419,GBP9,NCF1,0.0021665164
538,207,GBP9,BLNK,0.002052499
538,86,GBP9,METTL7A1,0.0020511944
538,186,GBP9,IL7R,0.0020185008
538,319,GBP9,CD74,0.0019973542
538,63,GBP9,ENG,0.0019855828
538,294,GBP9,TINAGL1,0.0019582459
538,132,GBP9,OAS2,0.0019343228
538,332,GBP9,IPCEF1,0.0019295774
538,267,GBP9,CLEC12A,0.0018989262
538,172,GBP9,EPSTI1,0.0018484964
407,115,GDF3,LTB,0.029254975
407,323,GDF3,SELPLG,0.027841158
407,224,GDF3,PLSCR4,0.025169915
407,260,GDF3,RHOF,0.02516565
407,197,GDF3,POLA2,0.023478948
407,556,GDF3,ITGB7,0.023343865
407,198,GDF3,CMAH,0.022679387
407,102,GDF3,FUT8,0.02194637
407,217,GDF3,MYCT1,0.021875028
407,400,GDF3,ANKRD44,0.021868922
407,405,GDF3,GIMAP8,0.02179131
407,147,GDF3,ERP29,0.021326391
407,455,GDF3,SNAP23,0.021158397
407,174,GDF3,PPCDC,0.020781234
407,182,GDF3,STK17B,0.020781226
407,327,GDF3,PRIM1,0.02074523
407,180,GDF3,RGS2,0.020509921
407,210,GDF3,CDKN1C,0.01993796
407,262,GDF3,SSH2,0.019686807
407,47,GDF3,LONP2,0.019210737
407,525,GDF3,TXNIP,0.018986277
407,135,GDF3,SLBP,0.018931445
407,354,GDF3,PPP1R15A,0.018911205
407,409,GDF3,TMEM206,0.018736267
407,497,GDF3,ATP8B4,0.018224724
407,79,GDF3,MGAT1,0.018193176
407,219,GDF3,STARD4,0.018172907
407,441,GDF3,MCM7,0.017938206
407,284,GDF3,ANXA5,0.01718716
407,24,GDF3,DYNLL1,0.017150888
407,119,GDF3,PAG1,0.016815469
407,123,GDF3,PAFAH2,0.016681395
407,293,GDF3,MAML3,0.016145578
407,246,GDF3,KLF6,0.015658055
407,339,GDF3,KCTD12,0.015501822
407,214,GDF3,FCHO2,0.0144745335
407,169,GDF3,MCM4,0.012399903
407,203,GDF3,CD33,0.0026609732
407,139,GDF3,CCL3,0.002527448
407,86,GDF3,METTL7A1,0.002271078
407,207,GDF3,BLNK,0.0022404087
407,319,GDF3,CD74,0.0022093293
407,63,GDF3,ENG,0.002198323
407,419,GDF3,NCF1,0.002195366
407,294,GDF3,TINAGL1,0.0021635704
407,132,GDF3,OAS2,0.0021380973
407,332,GDF3,IPCEF1,0.0021289578
407,417,GDF3,UBA7,0.002108905
407,267,GDF3,CLEC12A,0.002093974
407,172,GDF3,EPSTI1,0.0020376407
160,197,GFI1B,POLA2,0.64663446
160,246,GFI1B,KLF6,0.5894404
160,497,GFI1B,ATP8B4,0.5887092
160,441,GFI1B,MCM7,0.5885104
160,400,GFI1B,ANKRD44,0.58787966
160,135,GFI1B,SLBP,0.5871984
160,174,GFI1B,PPCDC,0.5868159
160,409,GFI1B,TMEM206,0.5865849
160,182,GFI1B,STK17B,0.5851401
160,327,GFI1B,PRIM1,0.583549
160,262,GFI1B,SSH2,0.5833314
160,79,GFI1B,MGAT1,0.5825464
160,219,GFI1B,STARD4,0.5825464
160,405,GFI1B,GIMAP8,0.5811483
160,123,GFI1B,PAFAH2,0.58045405
160,47,GFI1B,LONP2,0.5794153
160,169,GFI1B,MCM4,0.57876724
160,354,GFI1B,PPP1R15A,0.57845956
160,339,GFI1B,KCTD12,0.5765746
160,525,GFI1B,TXNIP,0.57430226
160,24,GFI1B,DYNLL1,0.5742672
160,198,GFI1B,CMAH,0.5731014
160,284,GFI1B,ANXA5,0.57305866
160,260,GFI1B,RHOF,0.57119125
160,217,GFI1B,MYCT1,0.571171
160,224,GFI1B,PLSCR4,0.56522024
160,214,GFI1B,FCHO2,0.5615752
160,115,GFI1B,LTB,0.55878735
160,323,GFI1B,SELPLG,0.5570991
160,210,GFI1B,CDKN1C,0.55564004
160,180,GFI1B,RGS2,0.55415475
160,455,GFI1B,SNAP23,0.5529695
160,102,GFI1B,FUT8,0.54470104
160,556,GFI1B,ITGB7,0.53334224
160,293,GFI1B,MAML3,0.5302916
160,119,GFI1B,PAG1,0.52932036
160,147,GFI1B,ERP29,0.51614314
160,294,GFI1B,TINAGL1,0.50303453
160,203,GFI1B,CD33,0.5021263
160,186,GFI1B,IL7R,0.4975262
160,139,GFI1B,CCL3,0.49247903
160,267,GFI1B,CLEC12A,0.48967302
160,86,GFI1B,METTL7A1,0.48858216
160,287,GFI1B,CSF3R,0.48848554
160,172,GFI1B,EPSTI1,0.48286384
160,19,GFI1B,UBASH3A,0.4824004
160,416,GFI1B,PLD4,0.48234856
160,207,GFI1B,BLNK,0.4820653
160,549,GFI1B,SLC26A11,0.4805911
160,243,GFI1B,VAMP1,0.4802231
144,115,GGT5,LTB,0.079236984
144,323,GGT5,SELPLG,0.075773284
144,224,GGT5,PLSCR4,0.06946503
144,260,GGT5,RHOF,0.06902993
144,197,GGT5,POLA2,0.06510544
144,556,GGT5,ITGB7,0.06451382
144,198,GGT5,CMAH,0.06290866
144,102,GGT5,FUT8,0.0610837
144,217,GGT5,MYCT1,0.060630612
144,400,GGT5,ANKRD44,0.06056449
144,405,GGT5,GIMAP8,0.060522288
144,147,GGT5,ERP29,0.059067562
144,455,GGT5,SNAP23,0.05905067
144,174,GGT5,PPCDC,0.057828482
144,182,GGT5,STK17B,0.05782847
144,327,GGT5,PRIM1,0.05776469
144,180,GGT5,RGS2,0.057405192
144,339,GGT5,KCTD12,0.057345595
144,169,GGT5,MCM4,0.056676768
144,210,GGT5,CDKN1C,0.05583018
144,262,GGT5,SSH2,0.055001978
144,47,GGT5,LONP2,0.053595915
144,354,GGT5,PPP1R15A,0.053002328
144,525,GGT5,TXNIP,0.052867226
144,135,GGT5,SLBP,0.05280144
144,219,GGT5,STARD4,0.05146614
144,79,GGT5,MGAT1,0.05099379
144,441,GGT5,MCM7,0.05027471
144,284,GGT5,ANXA5,0.048416954
144,24,GGT5,DYNLL1,0.048263375
144,119,GGT5,PAG1,0.047454543
144,123,GGT5,PAFAH2,0.04701338
144,293,GGT5,MAML3,0.04586206
144,246,GGT5,KLF6,0.04416365
144,214,GGT5,FCHO2,0.041688368
144,497,GGT5,ATP8B4,0.03618656
144,409,GGT5,TMEM206,0.024852531
144,203,GGT5,CD33,0.0065098
144,139,GGT5,CCL3,0.006127777
144,86,GGT5,METTL7A1,0.005392285
144,207,GGT5,BLNK,0.005391644
144,419,GGT5,NCF1,0.005318805
144,186,GGT5,IL7R,0.0052738865
144,319,GGT5,CD74,0.005213076
144,63,GGT5,ENG,0.005191269
144,132,GGT5,OAS2,0.005008953
144,332,GGT5,IPCEF1,0.004994428
144,417,GGT5,UBA7,0.004924223
144,267,GGT5,CLEC12A,0.0048650876
144,276,GGT5,H2-Q6,0.004678886
553,115,GGTA1,LTB,0.022138968
553,323,GGTA1,SELPLG,0.021076793
553,260,GGTA1,RHOF,0.019021355
553,224,GGTA1,PLSCR4,0.019006217
553,556,GGTA1,ITGB7,0.017768111
553,197,GGTA1,POLA2,0.017699717
553,198,GGTA1,CMAH,0.017122352
553,102,GGTA1,FUT8,0.016586293
553,217,GGTA1,MYCT1,0.016504405
553,405,GGTA1,GIMAP8,0.01646172
553,147,GGTA1,ERP29,0.016106902
553,455,GGTA1,SNAP23,0.015999872
553,174,GGTA1,PPCDC,0.015702095
553,182,GGTA1,STK17B,0.015702087
553,327,GGTA1,PRIM1,0.015669862
553,339,GGTA1,KCTD12,0.015624981
553,180,GGTA1,RGS2,0.015498604
553,169,GGTA1,MCM4,0.015345125
553,210,GGTA1,CDKN1C,0.015026721
553,262,GGTA1,SSH2,0.014867742
553,47,GGTA1,LONP2,0.0145087
553,135,GGTA1,SLBP,0.01430721
553,354,GGTA1,PPP1R15A,0.014282255
553,525,GGTA1,TXNIP,0.014268508
553,79,GGTA1,MGAT1,0.014260188
553,409,GGTA1,TMEM206,0.0141568715
553,497,GGTA1,ATP8B4,0.013753131
553,219,GGTA1,STARD4,0.013737164
553,441,GGTA1,MCM7,0.013572162
553,284,GGTA1,ANXA5,0.012968464
553,24,GGTA1,DYNLL1,0.012935983
553,119,GGTA1,PAG1,0.012701565
553,293,GGTA1,MAML3,0.012154451
553,400,GGTA1,ANKRD44,0.011955357
553,246,GGTA1,KLF6,0.011826098
553,214,GGTA1,FCHO2,0.010897213
553,123,GGTA1,PAFAH2,0.0075763916
553,203,GGTA1,CD33,0.0020739785
553,139,GGTA1,CCL3,0.0020575812
553,207,GGTA1,BLNK,0.001870498
553,419,GGTA1,NCF1,0.001843155
553,186,GGTA1,IL7R,0.0018421393
553,86,GGTA1,METTL7A1,0.0018345655
553,319,GGTA1,CD74,0.001821165
553,63,GGTA1,ENG,0.0018088322
553,294,GGTA1,TINAGL1,0.0017890069
553,132,GGTA1,OAS2,0.0017645118
553,417,GGTA1,UBA7,0.0017461608
553,172,GGTA1,EPSTI1,0.0016913876
553,276,GGTA1,H2-Q6,0.0016765528
311,115,GIMAP1,LTB,0.060647298
311,323,GIMAP1,SELPLG,0.057633903
311,224,GIMAP1,PLSCR4,0.052296944
311,260,GIMAP1,RHOF,0.052044388
311,556,GIMAP1,ITGB7,0.04839533
311,198,GIMAP1,CMAH,0.047014516
311,102,GIMAP1,FUT8,0.04545155
311,400,GIMAP1,ANKRD44,0.04519143
311,405,GIMAP1,GIMAP8,0.045089763
311,217,GIMAP1,MYCT1,0.044997003
311,147,GIMAP1,ERP29,0.04377886
311,455,GIMAP1,SNAP23,0.04349338
311,174,GIMAP1,PPCDC,0.042894088
311,182,GIMAP1,STK17B,0.04289408
311,327,GIMAP1,PRIM1,0.04279858
311,339,GIMAP1,KCTD12,0.042514894
311,180,GIMAP1,RGS2,0.042202428
311,169,GIMAP1,MCM4,0.04188557
311,210,GIMAP1,CDKN1C,0.04084521
311,262,GIMAP1,SSH2,0.040517356
311,47,GIMAP1,LONP2,0.03935806
311,135,GIMAP1,SLBP,0.038811684
311,354,GIMAP1,PPP1R15A,0.038795322
311,525,GIMAP1,TXNIP,0.03866373
311,409,GIMAP1,TMEM206,0.038445897
311,219,GIMAP1,STARD4,0.037217557
311,79,GIMAP1,MGAT1,0.03721755
311,497,GIMAP1,ATP8B4,0.037185792
311,284,GIMAP1,ANXA5,0.03501182
311,123,GIMAP1,PAFAH2,0.033992667
311,293,GIMAP1,MAML3,0.032848634
311,246,GIMAP1,KLF6,0.03184488
311,197,GIMAP1,POLA2,0.03155082
311,24,GIMAP1,DYNLL1,0.029546961
311,214,GIMAP1,FCHO2,0.029414784
311,441,GIMAP1,MCM7,0.015797537
311,119,GIMAP1,PAG1,0.014785949
311,203,GIMAP1,CD33,0.0035241635
311,86,GIMAP1,METTL7A1,0.0028524636
311,186,GIMAP1,IL7R,0.0028505437
311,207,GIMAP1,BLNK,0.0028366742
311,294,GIMAP1,TINAGL1,0.0027312487
311,319,GIMAP1,CD74,0.0027179113
311,63,GIMAP1,ENG,0.0026900072
311,132,GIMAP1,OAS2,0.0026121729
311,332,GIMAP1,IPCEF1,0.0026094026
311,417,GIMAP1,UBA7,0.0025848215
311,267,GIMAP1,CLEC12A,0.0025781891
311,172,GIMAP1,EPSTI1,0.0024910565
311,276,GIMAP1,H2-Q6,0.0024352078
530,214,GIMAP1OS,FCHO2,0.77928424
530,97,GIMAP1OS,MYC,0.7141924
530,246,GIMAP1OS,KLF6,0.7104862
530,497,GIMAP1OS,ATP8B4,0.7049428
530,441,GIMAP1OS,MCM7,0.7043211
530,135,GIMAP1OS,SLBP,0.7028155
530,409,GIMAP1OS,TMEM206,0.7005214
530,400,GIMAP1OS,ANKRD44,0.69906294
530,123,GIMAP1OS,PAFAH2,0.6976332
530,79,GIMAP1OS,MGAT1,0.697108
530,219,GIMAP1OS,STARD4,0.6967837
530,182,GIMAP1OS,STK17B,0.6965442
530,327,GIMAP1OS,PRIM1,0.6961559
530,262,GIMAP1OS,SSH2,0.69589174
530,556,GIMAP1OS,ITGB7,0.69130427
530,119,GIMAP1OS,PAG1,0.6911518
530,169,GIMAP1OS,MCM4,0.68904746
530,47,GIMAP1OS,LONP2,0.688894
530,24,GIMAP1OS,DYNLL1,0.686792
530,102,GIMAP1OS,FUT8,0.6856291
530,339,GIMAP1OS,KCTD12,0.6835574
530,525,GIMAP1OS,TXNIP,0.6826066
530,284,GIMAP1OS,ANXA5,0.6816183
530,287,GIMAP1OS,CSF3R,0.6803641
530,198,GIMAP1OS,CMAH,0.68021315
530,217,GIMAP1OS,MYCT1,0.6776648
530,197,GIMAP1OS,POLA2,0.6776272
530,147,GIMAP1OS,ERP29,0.67321026
530,293,GIMAP1OS,MAML3,0.6693569
530,260,GIMAP1OS,RHOF,0.66806644
530,224,GIMAP1OS,PLSCR4,0.66730976
530,139,GIMAP1OS,CCL3,0.6654767
530,145,GIMAP1OS,SPI1,0.6526718
530,210,GIMAP1OS,CDKN1C,0.6519962
530,19,GIMAP1OS,UBASH3A,0.6519457
530,115,GIMAP1OS,LTB,0.6507679
530,323,GIMAP1OS,SELPLG,0.64800745
530,180,GIMAP1OS,RGS2,0.6451347
530,455,GIMAP1OS,SNAP23,0.6412889
530,404,GIMAP1OS,NHP2,0.638593
530,283,GIMAP1OS,SAT1,0.63852197
530,555,GIMAP1OS,CKS1B,0.63732594
530,225,GIMAP1OS,CDT1,0.63722646
530,84,GIMAP1OS,SLC39A6,0.63352966
530,7,GIMAP1OS,AKNA,0.6327269
530,228,GIMAP1OS,CCL9,0.6326201
530,526,GIMAP1OS,SERP1,0.6321126
530,66,GIMAP1OS,CCR7,0.6319736
530,552,GIMAP1OS,TLR7,0.6319736
530,396,GIMAP1OS,IFI27,0.6293503
458,115,GIMAP3,LTB,0.038681902
458,323,GIMAP3,SELPLG,0.03681329
458,224,GIMAP3,PLSCR4,0.033278037
458,260,GIMAP3,RHOF,0.033202033
458,197,GIMAP3,POLA2,0.03099231
458,556,GIMAP3,ITGB7,0.030802594
458,102,GIMAP3,FUT8,0.028944597
458,217,GIMAP3,MYCT1,0.028735599
458,405,GIMAP3,GIMAP8,0.028702958
458,147,GIMAP3,ERP29,0.027943272
458,455,GIMAP3,SNAP23,0.027820656
458,182,GIMAP3,STK17B,0.027328016
458,327,GIMAP3,PRIM1,0.027278684
458,210,GIMAP3,CDKN1C,0.027216377
458,339,GIMAP3,KCTD12,0.027149655
458,180,GIMAP3,RGS2,0.026991474
458,169,GIMAP3,MCM4,0.026939409
458,262,GIMAP3,SSH2,0.025842909
458,198,GIMAP3,CMAH,0.025747793
458,47,GIMAP3,LONP2,0.025158526
458,135,GIMAP3,SLBP,0.024796482
458,354,GIMAP3,PPP1R15A,0.024788108
458,525,GIMAP3,TXNIP,0.024752317
458,409,GIMAP3,TMEM206,0.024546368
458,219,GIMAP3,STARD4,0.02380153
458,497,GIMAP3,ATP8B4,0.02378714
458,79,GIMAP3,MGAT1,0.023737239
458,441,GIMAP3,MCM7,0.023490965
458,174,GIMAP3,PPCDC,0.023001065
458,284,GIMAP3,ANXA5,0.022454914
458,24,GIMAP3,DYNLL1,0.022371314
458,400,GIMAP3,ANKRD44,0.022125399
458,119,GIMAP3,PAG1,0.021996241
458,123,GIMAP3,PAFAH2,0.021791115
458,293,GIMAP3,MAML3,0.021111313
458,246,GIMAP3,KLF6,0.020466289
458,214,GIMAP3,FCHO2,0.019019842
458,203,GIMAP3,CD33,0.0028782277
458,139,GIMAP3,CCL3,0.0027156065
458,207,GIMAP3,BLNK,0.002411916
458,86,GIMAP3,METTL7A1,0.0024107562
458,186,GIMAP3,IL7R,0.0023819732
458,419,GIMAP3,NCF1,0.0023634646
458,319,GIMAP3,CD74,0.0023333803
458,63,GIMAP3,ENG,0.0023166267
458,294,GIMAP3,TINAGL1,0.0022986815
458,132,GIMAP3,OAS2,0.0022505342
458,332,GIMAP3,IPCEF1,0.0022461228
458,417,GIMAP3,UBA7,0.002225743
458,267,GIMAP3,CLEC12A,0.002212303
220,115,GIMAP4,LTB,0.027717276
220,323,GIMAP4,SELPLG,0.026380057
220,224,GIMAP4,PLSCR4,0.023810055
220,260,GIMAP4,RHOF,0.023809867
220,197,GIMAP4,POLA2,0.022194402
220,556,GIMAP4,ITGB7,0.022086825
220,198,GIMAP4,CMAH,0.021433955
220,400,GIMAP4,ANKRD44,0.020964507
220,102,GIMAP4,FUT8,0.020758573
220,217,GIMAP4,MYCT1,0.020637088
220,405,GIMAP4,GIMAP8,0.020610373
220,339,GIMAP4,KCTD12,0.020539938
220,147,GIMAP4,ERP29,0.020119062
220,455,GIMAP4,SNAP23,0.020020027
220,182,GIMAP4,STK17B,0.01963073
220,180,GIMAP4,RGS2,0.01936896
220,169,GIMAP4,MCM4,0.019184416
220,262,GIMAP4,SSH2,0.01857785
220,47,GIMAP4,LONP2,0.018109452
220,354,GIMAP4,PPP1R15A,0.017834533
220,525,GIMAP4,TXNIP,0.01782336
220,409,GIMAP4,TMEM206,0.017671958
220,497,GIMAP4,ATP8B4,0.017154418
220,219,GIMAP4,STARD4,0.017145906
220,79,GIMAP4,MGAT1,0.017145896
220,119,GIMAP4,PAG1,0.016239055
220,24,GIMAP4,DYNLL1,0.016135067
220,123,GIMAP4,PAFAH2,0.01572718
220,293,GIMAP4,MAML3,0.015236526
220,135,GIMAP4,SLBP,0.015100148
220,246,GIMAP4,KLF6,0.014811827
220,174,GIMAP4,PPCDC,0.014137645
220,214,GIMAP4,FCHO2,0.013785287
220,284,GIMAP4,ANXA5,0.013779355
220,210,GIMAP4,CDKN1C,0.013120654
220,327,GIMAP4,PRIM1,0.0088753225
220,441,GIMAP4,MCM7,0.008083622
220,203,GIMAP4,CD33,0.0024411029
220,139,GIMAP4,CCL3,0.002349555
220,86,GIMAP4,METTL7A1,0.0020805043
220,207,GIMAP4,BLNK,0.0020791048
220,186,GIMAP4,IL7R,0.0020529365
220,419,GIMAP4,NCF1,0.0020414577
220,319,GIMAP4,CD74,0.002017364
220,294,GIMAP4,TINAGL1,0.0019867888
220,132,GIMAP4,OAS2,0.0019503364
220,332,GIMAP4,IPCEF1,0.0019467209
220,417,GIMAP4,UBA7,0.0019309996
220,267,GIMAP4,CLEC12A,0.001920131
220,172,GIMAP4,EPSTI1,0.0018671438
425,115,GIMAP5,LTB,0.019044952
425,323,GIMAP5,SELPLG,0.018139722
425,260,GIMAP5,RHOF,0.016401816
425,224,GIMAP5,PLSCR4,0.016366538
425,197,GIMAP5,POLA2,0.015281155
425,556,GIMAP5,ITGB7,0.015228036
425,102,GIMAP5,FUT8,0.014320079
425,400,GIMAP5,ANKRD44,0.0142907705
425,217,GIMAP5,MYCT1,0.014258351
425,405,GIMAP5,GIMAP8,0.014219331
425,455,GIMAP5,SNAP23,0.0140952
425,147,GIMAP5,ERP29,0.013924156
425,182,GIMAP5,STK17B,0.013671834
425,174,GIMAP5,PPCDC,0.013578311
425,327,GIMAP5,PRIM1,0.013550844
425,339,GIMAP5,KCTD12,0.0135008665
425,180,GIMAP5,RGS2,0.013329362
425,169,GIMAP5,MCM4,0.013269273
425,210,GIMAP5,CDKN1C,0.0129711805
425,262,GIMAP5,SSH2,0.012866013
425,47,GIMAP5,LONP2,0.012562973
425,525,GIMAP5,TXNIP,0.01241223
425,135,GIMAP5,SLBP,0.012407713
425,354,GIMAP5,PPP1R15A,0.012363308
425,219,GIMAP5,STARD4,0.01231457
425,409,GIMAP5,TMEM206,0.012265543
425,497,GIMAP5,ATP8B4,0.011929278
425,79,GIMAP5,MGAT1,0.011906908
425,441,GIMAP5,MCM7,0.01176931
425,284,GIMAP5,ANXA5,0.011264284
425,119,GIMAP5,PAG1,0.011050566
425,123,GIMAP5,PAFAH2,0.010941295
425,198,GIMAP5,CMAH,0.010717645
425,293,GIMAP5,MAML3,0.010616238
425,246,GIMAP5,KLF6,0.010350514
425,214,GIMAP5,FCHO2,0.009638686
425,24,GIMAP5,DYNLL1,0.0066164955
425,203,GIMAP5,CD33,0.0020395836
425,139,GIMAP5,CCL3,0.0019411941
425,419,GIMAP5,NCF1,0.00180184
425,207,GIMAP5,BLNK,0.0017685917
425,86,GIMAP5,METTL7A1,0.0017676533
425,332,GIMAP5,IPCEF1,0.0017309824
425,319,GIMAP5,CD74,0.0017212639
425,63,GIMAP5,ENG,0.0017109701
425,294,GIMAP5,TINAGL1,0.0016930084
425,132,GIMAP5,OAS2,0.0016696753
425,417,GIMAP5,UBA7,0.0016549684
425,267,GIMAP5,CLEC12A,0.0016468641
425,172,GIMAP5,EPSTI1,0.0016046811
405,115,GIMAP8,LTB,0.11942776
405,323,GIMAP8,SELPLG,0.11437759
405,224,GIMAP8,PLSCR4,0.105827615
405,260,GIMAP8,RHOF,0.10488893
405,197,GIMAP8,POLA2,0.09941756
405,556,GIMAP8,ITGB7,0.09853053
405,198,GIMAP8,CMAH,0.09611425
405,102,GIMAP8,FUT8,0.09333867
405,400,GIMAP8,ANKRD44,0.09259787
405,217,GIMAP8,MYCT1,0.09243378
405,147,GIMAP8,ERP29,0.0900462
405,455,GIMAP8,SNAP23,0.09000546
405,174,GIMAP8,PPCDC,0.08857999
405,182,GIMAP8,STK17B,0.08857997
405,327,GIMAP8,PRIM1,0.0883817
405,180,GIMAP8,RGS2,0.08782723
405,210,GIMAP8,CDKN1C,0.08526466
405,262,GIMAP8,SSH2,0.084264055
405,47,GIMAP8,LONP2,0.082011014
405,354,GIMAP8,PPP1R15A,0.08105281
405,525,GIMAP8,TXNIP,0.08097062
405,135,GIMAP8,SLBP,0.08084177
405,409,GIMAP8,TMEM206,0.08031051
405,79,GIMAP8,MGAT1,0.078013696
405,219,GIMAP8,STARD4,0.07791073
405,497,GIMAP8,ATP8B4,0.07785054
405,441,GIMAP8,MCM7,0.07700344
405,284,GIMAP8,ANXA5,0.073978856
405,24,GIMAP8,DYNLL1,0.07363513
405,119,GIMAP8,PAG1,0.07249369
405,123,GIMAP8,PAFAH2,0.07194867
405,293,GIMAP8,MAML3,0.069963306
405,246,GIMAP8,KLF6,0.06757877
405,339,GIMAP8,KCTD12,0.06691163
405,214,GIMAP8,FCHO2,0.063370615
405,169,GIMAP8,MCM4,0.057173472
405,203,GIMAP8,CD33,0.007205352
405,139,GIMAP8,CCL3,0.006706407
405,86,GIMAP8,METTL7A1,0.005826414
405,207,GIMAP8,BLNK,0.005693741
405,319,GIMAP8,CD74,0.0055679153
405,63,GIMAP8,ENG,0.005517146
405,294,GIMAP8,TINAGL1,0.0054835454
405,419,GIMAP8,NCF1,0.005406461
405,132,GIMAP8,OAS2,0.0053314036
405,332,GIMAP8,IPCEF1,0.005311983
405,417,GIMAP8,UBA7,0.0052638976
405,267,GIMAP8,CLEC12A,0.0052215075
405,172,GIMAP8,EPSTI1,0.0050420235
405,494,GIMAP8,DUSP5,0.00467379
258,147,GM10384,ERP29,0.7242654
258,97,GM10384,MYC,0.7134785
258,246,GM10384,KLF6,0.70990956
258,497,GM10384,ATP8B4,0.704273
258,441,GM10384,MCM7,0.7038526
258,135,GM10384,SLBP,0.70209444
258,409,GM10384,TMEM206,0.6997961
258,400,GM10384,ANKRD44,0.69795394
258,182,GM10384,STK17B,0.69606566
258,174,GM10384,PPCDC,0.6960647
258,79,GM10384,MGAT1,0.6960487
258,219,GM10384,STARD4,0.6960486
258,327,GM10384,PRIM1,0.6956319
258,123,GM10384,PAFAH2,0.6937387
258,556,GM10384,ITGB7,0.69057244
258,119,GM10384,PAG1,0.6904035
258,405,GM10384,GIMAP8,0.6899225
258,354,GM10384,PPP1R15A,0.68985796
258,169,GM10384,MCM4,0.6883049
258,47,GM10384,LONP2,0.6881497
258,24,GM10384,DYNLL1,0.6860351
258,102,GM10384,FUT8,0.683836
258,339,GM10384,KCTD12,0.6828079
258,525,GM10384,TXNIP,0.68184996
258,284,GM10384,ANXA5,0.6808549
258,198,GM10384,CMAH,0.67946136
258,287,GM10384,CSF3R,0.67880553
258,217,GM10384,MYCT1,0.6769062
258,197,GM10384,POLA2,0.67506546
258,293,GM10384,MAML3,0.6683602
258,224,GM10384,PLSCR4,0.6665423
258,214,GM10384,FCHO2,0.66456926
258,145,GM10384,SPI1,0.6515016
258,210,GM10384,CDKN1C,0.65117246
258,19,GM10384,UBASH3A,0.65042233
258,115,GM10384,LTB,0.64996225
258,323,GM10384,SELPLG,0.64722127
258,180,GM10384,RGS2,0.64437383
258,455,GM10384,SNAP23,0.6405249
258,13,GM10384,GAS2L3,0.6400241
258,283,GM10384,SAT1,0.6371673
258,225,GM10384,CDT1,0.63625515
258,555,GM10384,CKS1B,0.63595015
258,335,GM10384,SLC22A3,0.63547593
258,228,GM10384,CCL9,0.63346916
258,84,GM10384,SLC39A6,0.6321963
258,7,GM10384,AKNA,0.63139427
258,552,GM10384,TLR7,0.63064796
258,526,GM10384,SERP1,0.6304488
258,262,GM10384,SSH2,0.6286115
37,97,GM11346,MYC,0.71429557
37,246,GM11346,KLF6,0.7105279
37,497,GM11346,ATP8B4,0.7050335
37,441,GM11346,MCM7,0.7046144
37,135,GM11346,SLBP,0.70286393
37,409,GM11346,TMEM206,0.7009544
37,210,GM11346,CDKN1C,0.7009246
37,400,GM11346,ANKRD44,0.6987006
37,174,GM11346,PPCDC,0.6968352
37,182,GM11346,STK17B,0.6968352
37,79,GM11346,MGAT1,0.6968269
37,219,GM11346,STARD4,0.6968269
37,262,GM11346,SSH2,0.6954627
37,556,GM11346,ITGB7,0.69134706
37,119,GM11346,PAG1,0.6911957
37,405,GM11346,GIMAP8,0.6907008
37,47,GM11346,LONP2,0.68909407
37,169,GM11346,MCM4,0.68909115
37,354,GM11346,PPP1R15A,0.68898845
37,24,GM11346,DYNLL1,0.68683684
37,102,GM11346,FUT8,0.6845812
37,339,GM11346,KCTD12,0.68360114
37,525,GM11346,TXNIP,0.68265104
37,198,GM11346,CMAH,0.68025756
37,287,GM11346,CSF3R,0.6799753
37,217,GM11346,MYCT1,0.6777093
37,260,GM11346,RHOF,0.67638147
37,197,GM11346,POLA2,0.67586786
37,147,GM11346,ERP29,0.67325574
37,224,GM11346,PLSCR4,0.66735506
37,214,GM11346,FCHO2,0.6654371
37,293,GM11346,MAML3,0.6638079
37,327,GM11346,PRIM1,0.66127795
37,123,GM11346,PAFAH2,0.6535921
37,145,GM11346,SPI1,0.652831
37,19,GM11346,UBASH3A,0.6520293
37,115,GM11346,LTB,0.6508146
37,180,GM11346,RGS2,0.6451739
37,455,GM11346,SNAP23,0.64132816
37,404,GM11346,NHP2,0.6386761
37,283,GM11346,SAT1,0.63860404
37,225,GM11346,CDT1,0.6376584
37,555,GM11346,CKS1B,0.6374101
37,335,GM11346,SLC22A3,0.6358022
37,228,GM11346,CCL9,0.6349235
37,84,GM11346,SLC39A6,0.6336137
37,332,GM11346,IPCEF1,0.6330487
37,7,GM11346,AKNA,0.63281107
37,526,GM11346,SERP1,0.6321951
37,66,GM11346,CCR7,0.6320571
529,115,GM1966,LTB,0.023084188
529,323,GM1966,SELPLG,0.021985857
529,224,GM1966,PLSCR4,0.01983705
529,197,GM1966,POLA2,0.018732708
529,556,GM1966,ITGB7,0.018415825
529,198,GM1966,CMAH,0.017883494
529,102,GM1966,FUT8,0.017437672
529,400,GM1966,ANKRD44,0.017273825
529,217,GM1966,MYCT1,0.017246278
529,147,GM1966,ERP29,0.016831188
529,455,GM1966,SNAP23,0.01665002
529,182,GM1966,STK17B,0.016382657
529,327,GM1966,PRIM1,0.01637218
529,339,GM1966,KCTD12,0.016327785
529,180,GM1966,RGS2,0.016136453
529,169,GM1966,MCM4,0.016038453
529,262,GM1966,SSH2,0.015794039
529,210,GM1966,CDKN1C,0.015691567
529,47,GM1966,LONP2,0.01516899
529,135,GM1966,SLBP,0.01495538
529,525,GM1966,TXNIP,0.014940312
529,409,GM1966,TMEM206,0.014798555
529,497,GM1966,ATP8B4,0.014374045
529,219,GM1966,STARD4,0.014369431
529,79,GM1966,MGAT1,0.014358178
529,441,GM1966,MCM7,0.014200594
529,123,GM1966,PAFAH2,0.013890512
529,284,GM1966,ANXA5,0.01357927
529,24,GM1966,DYNLL1,0.013546326
529,119,GM1966,PAG1,0.013298305
529,293,GM1966,MAML3,0.012754095
529,246,GM1966,KLF6,0.012383009
529,260,GM1966,RHOF,0.010961536
529,405,GM1966,GIMAP8,0.009937254
529,354,GM1966,PPP1R15A,0.0090116775
529,174,GM1966,PPCDC,0.0071432455
529,214,GM1966,FCHO2,0.0033568337
529,203,GM1966,CD33,0.0022906994
529,207,GM1966,BLNK,0.0019824423
529,86,GM1966,METTL7A1,0.0019750013
529,419,GM1966,NCF1,0.0019501407
529,186,GM1966,IL7R,0.0019446171
529,319,GM1966,CD74,0.0019243228
529,294,GM1966,TINAGL1,0.0018884032
529,132,GM1966,OAS2,0.0018642073
529,332,GM1966,IPCEF1,0.0018599171
529,417,GM1966,UBA7,0.0018428515
529,267,GM1966,CLEC12A,0.0018317953
529,172,GM1966,EPSTI1,0.001783819
529,276,GM1966,H2-Q6,0.0017691937
103,182,GM20342,STK17B,0.77033424
103,97,GM20342,MYC,0.74603164
103,246,GM20342,KLF6,0.74155855
103,441,GM20342,MCM7,0.7344107
103,497,GM20342,ATP8B4,0.73339635
103,135,GM20342,SLBP,0.73243546
103,79,GM20342,MGAT1,0.73231345
103,409,GM20342,TMEM206,0.730314
103,327,GM20342,PRIM1,0.7296592
103,219,GM20342,STARD4,0.7288183
103,400,GM20342,ANKRD44,0.72777516
103,123,GM20342,PAFAH2,0.7266923
103,174,GM20342,PPCDC,0.72655123
103,24,GM20342,DYNLL1,0.7218558
103,169,GM20342,MCM4,0.72111785
103,405,GM20342,GIMAP8,0.7210136
103,556,GM20342,ITGB7,0.72098
103,354,GM20342,PPP1R15A,0.72018963
103,47,GM20342,LONP2,0.717439
103,287,GM20342,CSF3R,0.7172281
103,102,GM20342,FUT8,0.7167825
103,284,GM20342,ANXA5,0.7123887
103,525,GM20342,TXNIP,0.71201396
103,198,GM20342,CMAH,0.71179473
103,293,GM20342,MAML3,0.7076146
103,197,GM20342,POLA2,0.7071268
103,217,GM20342,MYCT1,0.70672756
103,260,GM20342,RHOF,0.70391434
103,145,GM20342,SPI1,0.70260423
103,147,GM20342,ERP29,0.69908047
103,224,GM20342,PLSCR4,0.6979408
103,214,GM20342,FCHO2,0.6945694
103,283,GM20342,SAT1,0.6850039
103,210,GM20342,CDKN1C,0.68281776
103,281,GM20342,NUDT19,0.682317
103,335,GM20342,SLC22A3,0.6780293
103,115,GM20342,LTB,0.6756638
103,19,GM20342,UBASH3A,0.6755964
103,555,GM20342,CKS1B,0.6749536
103,526,GM20342,SERP1,0.6749197
103,549,GM20342,SLC26A11,0.67370707
103,404,GM20342,NHP2,0.6734998
103,323,GM20342,SELPLG,0.67300963
103,466,GM20342,ZFP367,0.67223597
103,396,GM20342,IFI27,0.6722158
103,225,GM20342,CDT1,0.6716239
103,455,GM20342,SNAP23,0.6695765
103,84,GM20342,SLC39A6,0.66903037
103,538,GM20342,GBP9,0.6689478
103,7,GM20342,AKNA,0.66871494
239,115,GM2A,LTB,0.054370917
239,323,GM2A,SELPLG,0.05186603
239,224,GM2A,PLSCR4,0.0471064
239,260,GM2A,RHOF,0.046909053
239,197,GM2A,POLA2,0.043957062
239,556,GM2A,ITGB7,0.04357576
239,198,GM2A,CMAH,0.042425722
239,102,GM2A,FUT8,0.04111203
239,400,GM2A,ANKRD44,0.040831372
239,217,GM2A,MYCT1,0.040797614
239,147,GM2A,ERP29,0.03975684
239,455,GM2A,SNAP23,0.03966327
239,182,GM2A,STK17B,0.038837582
239,174,GM2A,PPCDC,0.03883364
239,327,GM2A,PRIM1,0.038767803
239,339,GM2A,KCTD12,0.038599394
239,180,GM2A,RGS2,0.03850124
239,169,GM2A,MCM4,0.03800457
239,210,GM2A,CDKN1C,0.037297368
239,262,GM2A,SSH2,0.036790017
239,47,GM2A,LONP2,0.0358362
239,354,GM2A,PPP1R15A,0.03536683
239,525,GM2A,TXNIP,0.035282545
239,135,GM2A,SLBP,0.035080016
239,409,GM2A,TMEM206,0.034970764
239,497,GM2A,ATP8B4,0.034383506
239,219,GM2A,STARD4,0.03393984
239,79,GM2A,MGAT1,0.033939824
239,441,GM2A,MCM7,0.03349137
239,284,GM2A,ANXA5,0.032099787
239,119,GM2A,PAG1,0.03143664
239,123,GM2A,PAFAH2,0.031142564
239,293,GM2A,MAML3,0.030249376
239,246,GM2A,KLF6,0.029236296
239,214,GM2A,FCHO2,0.027300728
239,405,GM2A,GIMAP8,0.008891448
239,24,GM2A,DYNLL1,0.00632459
239,86,GM2A,METTL7A1,0.0032653413
239,207,GM2A,BLNK,0.0032578213
239,186,GM2A,IL7R,0.0032069404
239,419,GM2A,NCF1,0.0032005948
239,139,GM2A,CCL3,0.0031733827
239,203,GM2A,CD33,0.0031582564
239,319,GM2A,CD74,0.003146271
239,63,GM2A,ENG,0.0031266466
239,294,GM2A,TINAGL1,0.0030917402
239,132,GM2A,OAS2,0.0030282526
239,332,GM2A,IPCEF1,0.003024884
239,417,GM2A,UBA7,0.0029831082
239,267,GM2A,CLEC12A,0.0029636093
125,197,GM37124,POLA2,0.71519
125,97,GM37124,MYC,0.71339434
125,246,GM37124,KLF6,0.7099178
125,497,GM37124,ATP8B4,0.7044252
125,441,GM37124,MCM7,0.7040032
125,135,GM37124,SLBP,0.7010715
125,400,GM37124,ANKRD44,0.69834554
125,174,GM37124,PPCDC,0.6962242
125,182,GM37124,STK17B,0.6962242
125,219,GM37124,STARD4,0.69620854
125,79,GM37124,MGAT1,0.6962085
125,327,GM37124,PRIM1,0.69558734
125,262,GM37124,SSH2,0.6948467
125,123,GM37124,PAFAH2,0.69389856
125,119,GM37124,PAG1,0.69056606
125,405,GM37124,GIMAP8,0.690086
125,169,GM37124,MCM4,0.68847054
125,354,GM37124,PPP1R15A,0.6883635
125,24,GM37124,DYNLL1,0.68620527
125,339,GM37124,KCTD12,0.6829778
125,525,GM37124,TXNIP,0.68202144
125,284,GM37124,ANXA5,0.6810251
125,198,GM37124,CMAH,0.67963517
125,287,GM37124,CSF3R,0.67906135
125,217,GM37124,MYCT1,0.6770846
125,260,GM37124,RHOF,0.6757653
125,147,GM37124,ERP29,0.67261755
125,293,GM37124,MAML3,0.6685422
125,224,GM37124,PLSCR4,0.66672695
125,214,GM37124,FCHO2,0.6647663
125,102,GM37124,FUT8,0.6565935
125,299,GM37124,TESPA1,0.65522486
125,145,GM37124,SPI1,0.6516363
125,210,GM37124,CDKN1C,0.6513806
125,115,GM37124,LTB,0.6501804
125,19,GM37124,UBASH3A,0.6497812
125,468,GM37124,CTTN,0.64958733
125,281,GM37124,NUDT19,0.64891565
125,323,GM37124,SELPLG,0.6474307
125,409,GM37124,TMEM206,0.646209
125,180,GM37124,RGS2,0.6445809
125,372,GM37124,DUSP6,0.64238125
125,455,GM37124,SNAP23,0.64073634
125,548,GM37124,IFI209,0.6385488
125,404,GM37124,NHP2,0.6377298
125,283,GM37124,SAT1,0.6377036
125,555,GM37124,CKS1B,0.6362964
125,228,GM37124,CCL9,0.63401157
125,84,GM37124,SLC39A6,0.6326608
125,7,GM37124,AKNA,0.6318586
28,97,GM45837,MYC,0.71429557
28,497,GM45837,ATP8B4,0.70550394
28,441,GM45837,MCM7,0.7046144
28,135,GM45837,SLBP,0.70285743
28,409,GM45837,TMEM206,0.70056367
28,400,GM45837,ANKRD44,0.6989498
28,182,GM45837,STK17B,0.69700354
28,174,GM45837,PPCDC,0.6968352
28,219,GM45837,STARD4,0.6968269
28,327,GM45837,PRIM1,0.69617486
28,262,GM45837,SSH2,0.6954627
28,123,GM45837,PAFAH2,0.69452506
28,556,GM45837,ITGB7,0.69134706
28,119,GM45837,PAG1,0.6911957
28,405,GM45837,GIMAP8,0.6907008
28,169,GM45837,MCM4,0.68919617
28,47,GM45837,LONP2,0.68889266
28,354,GM45837,PPP1R15A,0.688809
28,24,GM45837,DYNLL1,0.6857669
28,102,GM45837,FUT8,0.6846261
28,339,GM45837,KCTD12,0.68360114
28,525,GM45837,TXNIP,0.68265104
28,284,GM45837,ANXA5,0.68166316
28,198,GM45837,CMAH,0.68025756
28,287,GM45837,CSF3R,0.6799753
28,145,GM45837,SPI1,0.6797539
28,260,GM45837,RHOF,0.67638147
28,197,GM45837,POLA2,0.67586786
28,147,GM45837,ERP29,0.67325574
28,293,GM45837,MAML3,0.6691954
28,224,GM45837,PLSCR4,0.66735506
28,214,GM45837,FCHO2,0.6654371
28,246,GM45837,KLF6,0.6601729
28,79,GM45837,MGAT1,0.6544736
28,538,GM45837,GBP9,0.65291566
28,210,GM45837,CDKN1C,0.6524053
28,19,GM45837,UBASH3A,0.6520293
28,323,GM45837,SELPLG,0.6480421
28,455,GM45837,SNAP23,0.64132816
28,283,GM45837,SAT1,0.63860404
28,404,GM45837,NHP2,0.6382229
28,225,GM45837,CDT1,0.6376584
28,555,GM45837,CKS1B,0.63754374
28,335,GM45837,SLC22A3,0.6369119
28,7,GM45837,AKNA,0.6353822
28,228,GM45837,CCL9,0.6349235
28,84,GM45837,SLC39A6,0.6336137
28,526,GM45837,SERP1,0.6321951
28,66,GM45837,CCR7,0.6320571
28,552,GM45837,TLR7,0.6320571
359,47,GM4759,LONP2,0.73023385
359,441,GM4759,MCM7,0.7177635
359,97,GM4759,MYC,0.71429557
359,246,GM4759,KLF6,0.7105279
359,115,GM4759,LTB,0.70834553
359,497,GM4759,ATP8B4,0.7050335
359,135,GM4759,SLBP,0.7016813
359,409,GM4759,TMEM206,0.70056367
359,400,GM4759,ANKRD44,0.6989498
359,174,GM4759,PPCDC,0.6968352
359,182,GM4759,STK17B,0.6968352
359,79,GM4759,MGAT1,0.6968269
359,219,GM4759,STARD4,0.6968269
359,327,GM4759,PRIM1,0.6961986
359,262,GM4759,SSH2,0.69564354
359,123,GM4759,PAFAH2,0.69452506
359,556,GM4759,ITGB7,0.69134706
359,119,GM4759,PAG1,0.6911957
359,405,GM4759,GIMAP8,0.6907008
359,169,GM4759,MCM4,0.68909115
359,354,GM4759,PPP1R15A,0.68898845
359,24,GM4759,DYNLL1,0.68683684
359,102,GM4759,FUT8,0.68430525
359,339,GM4759,KCTD12,0.6834992
359,525,GM4759,TXNIP,0.68265724
359,284,GM4759,ANXA5,0.68166316
359,198,GM4759,CMAH,0.680309
359,287,GM4759,CSF3R,0.6799753
359,217,GM4759,MYCT1,0.6777093
359,260,GM4759,RHOF,0.67638147
359,147,GM4759,ERP29,0.67325574
359,293,GM4759,MAML3,0.6691954
359,224,GM4759,PLSCR4,0.66735506
359,145,GM4759,SPI1,0.652831
359,210,GM4759,CDKN1C,0.6524053
359,323,GM4759,SELPLG,0.6483456
359,180,GM4759,RGS2,0.6451739
359,455,GM4759,SNAP23,0.64132816
359,404,GM4759,NHP2,0.6386761
359,283,GM4759,SAT1,0.63860404
359,225,GM4759,CDT1,0.6376584
359,555,GM4759,CKS1B,0.6374101
359,335,GM4759,SLC22A3,0.6369119
359,228,GM4759,CCL9,0.6349235
359,84,GM4759,SLC39A6,0.6336137
359,259,GM4759,ARL11,0.6333798
359,7,GM4759,AKNA,0.63281107
359,526,GM4759,SERP1,0.6326663
359,318,GM4759,RANBP1,0.63215595
359,66,GM4759,CCR7,0.6320571
17,115,GM4951,LTB,0.031080412
17,323,GM4951,SELPLG,0.029605253
17,224,GM4951,PLSCR4,0.026737615
17,260,GM4951,RHOF,0.026717758
17,556,GM4951,ITGB7,0.024787093
17,198,GM4951,CMAH,0.024076454
17,400,GM4951,ANKRD44,0.02320998
17,217,GM4951,MYCT1,0.023193672
17,405,GM4951,GIMAP8,0.023148397
17,147,GM4951,ERP29,0.022615405
17,174,GM4951,PPCDC,0.02205018
17,182,GM4951,STK17B,0.022050174
17,327,GM4951,PRIM1,0.02201133
17,339,GM4951,KCTD12,0.021941781
17,180,GM4951,RGS2,0.021820234
17,169,GM4951,MCM4,0.021563882
17,210,GM4951,CDKN1C,0.021149354
17,197,GM4951,POLA2,0.021094065
17,262,GM4951,SSH2,0.02088098
17,409,GM4951,TMEM206,0.020571832
17,47,GM4951,LONP2,0.020367201
17,135,GM4951,SLBP,0.020071076
17,354,GM4951,PPP1R15A,0.020061076
17,525,GM4951,TXNIP,0.020037247
17,219,GM4951,STARD4,0.019283246
17,79,GM4951,MGAT1,0.01928324
17,497,GM4951,ATP8B4,0.019281965
17,441,GM4951,MCM7,0.019034408
17,284,GM4951,ANXA5,0.018237507
17,24,GM4951,DYNLL1,0.018167425
17,119,GM4951,PAG1,0.01786871
17,293,GM4951,MAML3,0.01718716
17,246,GM4951,KLF6,0.016666133
17,214,GM4951,FCHO2,0.0153703345
17,455,GM4951,SNAP23,0.010522635
17,102,GM4951,FUT8,0.0049209907
17,123,GM4951,PAFAH2,0.004296639
17,203,GM4951,CD33,0.0027139245
17,139,GM4951,CCL3,0.0025763148
17,207,GM4951,BLNK,0.0023071384
17,86,GM4951,METTL7A1,0.0023071044
17,419,GM4951,NCF1,0.0022763188
17,186,GM4951,IL7R,0.0022680028
17,319,GM4951,CD74,0.0022414695
17,63,GM4951,ENG,0.0022286028
17,294,GM4951,TINAGL1,0.002193068
17,132,GM4951,OAS2,0.0021626265
17,332,GM4951,IPCEF1,0.0021620812
17,172,GM4951,EPSTI1,0.002151078
17,267,GM4951,CLEC12A,0.002124107
386,115,GM5111,LTB,0.03157616
386,323,GM5111,SELPLG,0.029973438
386,224,GM5111,PLSCR4,0.02704263
386,260,GM5111,RHOF,0.0270184
386,556,GM5111,ITGB7,0.025066564
386,102,GM5111,FUT8,0.02351463
386,400,GM5111,ANKRD44,0.02341313
386,217,GM5111,MYCT1,0.023360325
386,405,GM5111,GIMAP8,0.023324516
386,147,GM5111,ERP29,0.02275237
386,455,GM5111,SNAP23,0.022609245
386,174,GM5111,PPCDC,0.022209981
386,182,GM5111,STK17B,0.022209976
386,327,GM5111,PRIM1,0.022154614
386,180,GM5111,RGS2,0.02190252
386,169,GM5111,MCM4,0.021697799
386,210,GM5111,CDKN1C,0.02119396
386,262,GM5111,SSH2,0.020996897
386,47,GM5111,LONP2,0.020445403
386,135,GM5111,SLBP,0.020160304
386,354,GM5111,PPP1R15A,0.020136803
386,525,GM5111,TXNIP,0.02011337
386,409,GM5111,TMEM206,0.019947903
386,219,GM5111,STARD4,0.01931705
386,441,GM5111,MCM7,0.019092148
386,284,GM5111,ANXA5,0.018241007
386,197,GM5111,POLA2,0.018195782
386,119,GM5111,PAG1,0.017994426
386,123,GM5111,PAFAH2,0.017705861
386,293,GM5111,MAML3,0.01713959
386,246,GM5111,KLF6,0.016645376
386,214,GM5111,FCHO2,0.015449097
386,497,GM5111,ATP8B4,0.0151500385
386,79,GM5111,MGAT1,0.010298969
386,198,GM5111,CMAH,0.009842507
386,339,GM5111,KCTD12,0.00955577
386,24,GM5111,DYNLL1,0.007792465
386,203,GM5111,CD33,0.0025513612
386,86,GM5111,METTL7A1,0.0021452429
386,186,GM5111,IL7R,0.0021216725
386,207,GM5111,BLNK,0.0021093343
386,419,GM5111,NCF1,0.0021005024
386,319,GM5111,CD74,0.0020757094
386,294,GM5111,TINAGL1,0.0020462128
386,417,GM5111,UBA7,0.0019837702
386,526,GM5111,SERP1,0.0019044019
386,276,GM5111,H2-Q6,0.0018940422
386,132,GM5111,OAS2,0.0018637362
386,494,GM5111,DUSP5,0.0018138083
386,243,GM5111,VAMP1,0.0017886355
211,115,GM973,LTB,0.029701428
211,323,GM973,SELPLG,0.02941802
211,260,GM973,RHOF,0.025512934
211,556,GM973,ITGB7,0.023664251
211,198,GM973,CMAH,0.022980003
211,327,GM973,PRIM1,0.022239167
211,400,GM973,ANKRD44,0.02215138
211,217,GM973,MYCT1,0.022126166
211,405,GM973,GIMAP8,0.022071239
211,147,GM973,ERP29,0.021572215
211,182,GM973,STK17B,0.021036737
211,174,GM973,PPCDC,0.021012172
211,339,GM973,KCTD12,0.020925418
211,169,GM973,MCM4,0.020567212
211,210,GM973,CDKN1C,0.020153591
211,262,GM973,SSH2,0.019913986
211,47,GM973,LONP2,0.019390652
211,354,GM973,PPP1R15A,0.019124363
211,525,GM973,TXNIP,0.019116323
211,24,GM973,DYNLL1,0.01902875
211,409,GM973,TMEM206,0.018940255
211,79,GM973,MGAT1,0.018595846
211,497,GM973,ATP8B4,0.018381692
211,219,GM973,STARD4,0.018381348
211,441,GM973,MCM7,0.018144945
211,284,GM973,ANXA5,0.01737341
211,224,GM973,PLSCR4,0.01721715
211,119,GM973,PAG1,0.017022235
211,123,GM973,PAFAH2,0.016850151
211,293,GM973,MAML3,0.01636082
211,246,GM973,KLF6,0.015875475
211,102,GM973,FUT8,0.013838859
211,214,GM973,FCHO2,0.011967151
211,180,GM973,RGS2,0.009572139
211,455,GM973,SNAP23,0.009363429
211,197,GM973,POLA2,0.0049251597
211,135,GM973,SLBP,0.0046303556
211,139,GM973,CCL3,0.0024464745
211,86,GM973,METTL7A1,0.0021992412
211,207,GM973,BLNK,0.0021988857
211,186,GM973,IL7R,0.0021654652
211,419,GM973,NCF1,0.0021647906
211,319,GM973,CD74,0.0021350647
211,63,GM973,ENG,0.002121511
211,294,GM973,TINAGL1,0.0020963915
211,132,GM973,OAS2,0.0020644944
211,332,GM973,IPCEF1,0.0020596734
211,417,GM973,UBA7,0.0020399129
211,267,GM973,CLEC12A,0.0020289382
211,172,GM973,EPSTI1,0.0019710802
278,115,GMNN,LTB,0.04456375
278,323,GMNN,SELPLG,0.042464864
278,224,GMNN,PLSCR4,0.038470443
278,260,GMNN,RHOF,0.038359087
278,197,GMNN,POLA2,0.03587215
278,556,GMNN,ITGB7,0.03562681
278,198,GMNN,CMAH,0.03462134
278,217,GMNN,MYCT1,0.03368653
278,102,GMNN,FUT8,0.033536803
278,400,GMNN,ANKRD44,0.03333423
278,405,GMNN,GIMAP8,0.03325157
278,147,GMNN,ERP29,0.032455202
278,455,GMNN,SNAP23,0.03235057
278,174,GMNN,PPCDC,0.031680167
278,182,GMNN,STK17B,0.03168016
278,327,GMNN,PRIM1,0.031623993
278,339,GMNN,KCTD12,0.031496413
278,180,GMNN,RGS2,0.031376634
278,169,GMNN,MCM4,0.030988017
278,210,GMNN,CDKN1C,0.030393887
278,262,GMNN,SSH2,0.029994544
278,47,GMNN,LONP2,0.029224617
278,354,GMNN,PPP1R15A,0.028826883
278,135,GMNN,SLBP,0.02878992
278,525,GMNN,TXNIP,0.028771926
278,409,GMNN,TMEM206,0.02850999
278,79,GMNN,MGAT1,0.027665967
278,219,GMNN,STARD4,0.027665967
278,497,GMNN,ATP8B4,0.027636543
278,441,GMNN,MCM7,0.027301183
278,284,GMNN,ANXA5,0.026153298
278,24,GMNN,DYNLL1,0.026047563
278,119,GMNN,PAG1,0.025613915
278,123,GMNN,PAFAH2,0.02537456
278,293,GMNN,MAML3,0.024633804
278,246,GMNN,KLF6,0.023837503
278,214,GMNN,FCHO2,0.022238249
278,203,GMNN,CD33,0.0033975553
278,139,GMNN,CCL3,0.0031921158
278,86,GMNN,METTL7A1,0.0028270895
278,207,GMNN,BLNK,0.0028245058
278,186,GMNN,IL7R,0.0027806156
278,419,GMNN,NCF1,0.0027777317
278,319,GMNN,CD74,0.0027314096
278,63,GMNN,ENG,0.0027151918
278,294,GMNN,TINAGL1,0.0026861706
278,132,GMNN,OAS2,0.002638258
278,332,GMNN,IPCEF1,0.002630544
278,417,GMNN,UBA7,0.002597694
278,267,GMNN,CLEC12A,0.0025789163
237,115,GNG11,LTB,0.045038197
237,323,GNG11,SELPLG,0.042922296
237,224,GNG11,PLSCR4,0.038890198
237,260,GNG11,RHOF,0.038773287
237,197,GNG11,POLA2,0.036266077
237,556,GNG11,ITGB7,0.0359723
237,198,GNG11,CMAH,0.035001416
237,102,GNG11,FUT8,0.03390616
237,400,GNG11,ANKRD44,0.03369744
237,217,GNG11,MYCT1,0.033669405
237,147,GNG11,ERP29,0.03280788
237,455,GNG11,SNAP23,0.03270478
237,182,GNG11,STK17B,0.032027043
237,174,GNG11,PPCDC,0.032023806
237,327,GNG11,PRIM1,0.031972636
237,339,GNG11,KCTD12,0.031838644
237,180,GNG11,RGS2,0.031723786
237,169,GNG11,MCM4,0.03133033
237,210,GNG11,CDKN1C,0.030730132
237,262,GNG11,SSH2,0.030325226
237,47,GNG11,LONP2,0.029543623
237,354,GNG11,PPP1R15A,0.029145353
237,525,GNG11,TXNIP,0.02908718
237,135,GNG11,SLBP,0.02892582
237,409,GNG11,TMEM206,0.02882249
237,497,GNG11,ATP8B4,0.028349105
237,219,GNG11,STARD4,0.027972415
237,79,GNG11,MGAT1,0.027972404
237,441,GNG11,MCM7,0.027600419
237,284,GNG11,ANXA5,0.026441459
237,119,GNG11,PAG1,0.02589677
237,123,GNG11,PAFAH2,0.025655314
237,293,GNG11,MAML3,0.024908839
237,246,GNG11,KLF6,0.024099344
237,214,GNG11,FCHO2,0.022482421
237,405,GNG11,GIMAP8,0.0075749755
237,24,GNG11,DYNLL1,0.005461996
237,86,GNG11,METTL7A1,0.0028489109
237,207,GNG11,BLNK,0.0028426095
237,186,GNG11,IL7R,0.0028002637
237,419,GNG11,NCF1,0.0027938134
237,139,GNG11,CCL3,0.0027720395
237,203,GNG11,CD33,0.0027641063
237,319,GNG11,CD74,0.0027483015
237,63,GNG11,ENG,0.0027315954
237,294,GNG11,TINAGL1,0.0027035805
237,132,GNG11,OAS2,0.0026486623
237,332,GNG11,IPCEF1,0.0026457265
237,417,GNG11,UBA7,0.0026110364
237,267,GNG11,CLEC12A,0.0025952724
357,115,GNG2,LTB,0.03986563
357,323,GNG2,SELPLG,0.03798486
357,224,GNG2,PLSCR4,0.034369495
357,260,GNG2,RHOF,0.03429389
357,197,GNG2,POLA2,0.032045748
357,556,GNG2,ITGB7,0.031836774
357,198,GNG2,CMAH,0.030932756
357,400,GNG2,ANKRD44,0.029792365
357,217,GNG2,MYCT1,0.029748056
357,405,GNG2,GIMAP8,0.029702239
357,455,GNG2,SNAP23,0.02891096
357,182,GNG2,STK17B,0.028308645
357,327,GNG2,PRIM1,0.028224412
357,339,GNG2,KCTD12,0.028104287
357,180,GNG2,RGS2,0.028032001
357,169,GNG2,MCM4,0.02768856
357,210,GNG2,CDKN1C,0.027156882
357,262,GNG2,SSH2,0.026802788
357,47,GNG2,LONP2,0.026122512
357,147,GNG2,ERP29,0.025778702
357,354,GNG2,PPP1R15A,0.025741018
357,135,GNG2,SLBP,0.025736688
357,525,GNG2,TXNIP,0.025720512
357,79,GNG2,MGAT1,0.024729898
357,497,GNG2,ATP8B4,0.024710212
357,284,GNG2,ANXA5,0.023379851
357,24,GNG2,DYNLL1,0.023288041
357,119,GNG2,PAG1,0.022899367
357,123,GNG2,PAFAH2,0.022686193
357,293,GNG2,MAML3,0.022024436
357,246,GNG2,KLF6,0.021324618
357,441,GNG2,MCM7,0.020687237
357,174,GNG2,PPCDC,0.019989345
357,214,GNG2,FCHO2,0.019895706
357,102,GNG2,FUT8,0.011934495
357,409,GNG2,TMEM206,0.011654126
357,219,GNG2,STARD4,0.005471472
357,139,GNG2,CCL3,0.003236563
357,203,GNG2,CD33,0.0031548985
357,332,GNG2,IPCEF1,0.0026898766
357,86,GNG2,METTL7A1,0.0026518838
357,207,GNG2,BLNK,0.0026471864
357,419,GNG2,NCF1,0.002612271
357,186,GNG2,IL7R,0.0026061658
357,319,GNG2,CD74,0.0025630665
357,63,GNG2,ENG,0.00254803
357,294,GNG2,TINAGL1,0.0025202157
357,132,GNG2,OAS2,0.00247757
357,417,GNG2,UBA7,0.0024398922
357,267,GNG2,CLEC12A,0.0024237528
432,115,GOLM1,LTB,0.037489757
432,323,GOLM1,SELPLG,0.03567223
432,224,GOLM1,PLSCR4,0.032229435
432,260,GOLM1,RHOF,0.032160066
432,197,GOLM1,POLA2,0.030010177
432,556,GOLM1,ITGB7,0.029825335
432,198,GOLM1,CMAH,0.02897254
432,102,GOLM1,FUT8,0.028022915
432,400,GOLM1,ANKRD44,0.027873311
432,217,GOLM1,MYCT1,0.027825003
432,405,GOLM1,GIMAP8,0.027753068
432,147,GOLM1,ERP29,0.027095562
432,455,GOLM1,SNAP23,0.02696482
432,174,GOLM1,PPCDC,0.026453422
432,182,GOLM1,STK17B,0.026453417
432,327,GOLM1,PRIM1,0.026407136
432,180,GOLM1,RGS2,0.02613476
432,169,GOLM1,MCM4,0.025853937
432,210,GOLM1,CDKN1C,0.025304966
432,262,GOLM1,SSH2,0.025013989
432,47,GOLM1,LONP2,0.024352234
432,135,GOLM1,SLBP,0.024019513
432,354,GOLM1,PPP1R15A,0.023960857
432,525,GOLM1,TXNIP,0.023960637
432,409,GOLM1,TMEM206,0.023756295
432,79,GOLM1,MGAT1,0.023036916
432,219,GOLM1,STARD4,0.023036916
432,497,GOLM1,ATP8B4,0.023021916
432,441,GOLM1,MCM7,0.022733197
432,284,GOLM1,ANXA5,0.021732848
432,119,GOLM1,PAG1,0.021287354
432,123,GOLM1,PAFAH2,0.021062491
432,293,GOLM1,MAML3,0.02045264
432,246,GOLM1,KLF6,0.019805042
432,214,GOLM1,FCHO2,0.018675763
432,339,GOLM1,KCTD12,0.01856193
432,24,GOLM1,DYNLL1,0.012857936
432,139,GOLM1,CCL3,0.0026690124
432,86,GOLM1,METTL7A1,0.0023778838
432,207,GOLM1,BLNK,0.0023749853
432,186,GOLM1,IL7R,0.0023438581
432,419,GOLM1,NCF1,0.0023289875
432,319,GOLM1,CD74,0.0022984114
432,63,GOLM1,ENG,0.0022817021
432,294,GOLM1,TINAGL1,0.0022620491
432,132,GOLM1,OAS2,0.0022169678
432,267,GOLM1,CLEC12A,0.002172605
432,172,GOLM1,EPSTI1,0.0021142582
432,276,GOLM1,H2-Q6,0.0020895477
432,417,GOLM1,UBA7,0.0020884273
413,323,GP9,SELPLG,0.06074185
413,224,GP9,PLSCR4,0.055445015
413,260,GP9,RHOF,0.05518217
413,197,GP9,POLA2,0.05189362
413,556,GP9,ITGB7,0.051553153
413,102,GP9,FUT8,0.048658967
413,400,GP9,ANKRD44,0.04834161
413,217,GP9,MYCT1,0.04833924
413,405,GP9,GIMAP8,0.04824022
413,455,GP9,SNAP23,0.04718216
413,147,GP9,ERP29,0.047036927
413,182,GP9,STK17B,0.046072625
413,327,GP9,PRIM1,0.045971353
413,180,GP9,RGS2,0.045877334
413,339,GP9,KCTD12,0.045796525
413,169,GP9,MCM4,0.045147896
413,210,GP9,CDKN1C,0.044570033
413,262,GP9,SSH2,0.043757923
413,47,GP9,LONP2,0.042642668
413,115,GP9,LTB,0.042555403
413,354,GP9,PPP1R15A,0.04212169
413,135,GP9,SLBP,0.042040758
413,525,GP9,TXNIP,0.04203459
413,409,GP9,TMEM206,0.041662257
413,79,GP9,MGAT1,0.040529426
413,219,GP9,STARD4,0.040529426
413,497,GP9,ATP8B4,0.040478222
413,441,GP9,MCM7,0.039969258
413,284,GP9,ANXA5,0.038655218
413,24,GP9,DYNLL1,0.0382999
413,119,GP9,PAG1,0.037648093
413,123,GP9,PAFAH2,0.037306283
413,293,GP9,MAML3,0.036642946
413,246,GP9,KLF6,0.03515208
413,214,GP9,FCHO2,0.033388156
413,198,GP9,CMAH,0.032904427
413,174,GP9,PPCDC,0.03050613
413,203,GP9,CD33,0.0052369805
413,139,GP9,CCL3,0.004632901
413,86,GP9,METTL7A1,0.0043301736
413,419,GP9,NCF1,0.0042604716
413,186,GP9,IL7R,0.004245196
413,319,GP9,CD74,0.0041766316
413,63,GP9,ENG,0.00416059
413,294,GP9,TINAGL1,0.0040536756
413,132,GP9,OAS2,0.004021235
413,332,GP9,IPCEF1,0.0040067695
413,417,GP9,UBA7,0.0039531984
413,267,GP9,CLEC12A,0.003909125
413,172,GP9,EPSTI1,0.003796181
93,115,GPR171,LTB,0.043125555
93,323,GPR171,SELPLG,0.039211236
93,224,GPR171,PLSCR4,0.035474386
93,260,GPR171,RHOF,0.03538381
93,197,GPR171,POLA2,0.033014875
93,556,GPR171,ITGB7,0.032840922
93,198,GPR171,CMAH,0.031890977
93,405,GPR171,GIMAP8,0.030987782
93,102,GPR171,FUT8,0.030882817
93,217,GPR171,MYCT1,0.030621763
93,147,GPR171,ERP29,0.0298889
93,455,GPR171,SNAP23,0.029745076
93,174,GPR171,PPCDC,0.029162602
93,182,GPR171,STK17B,0.029162602
93,327,GPR171,PRIM1,0.029111106
93,180,GPR171,RGS2,0.028839927
93,169,GPR171,MCM4,0.028512139
93,47,GPR171,LONP2,0.028359381
93,210,GPR171,CDKN1C,0.027930057
93,525,GPR171,TXNIP,0.026444154
93,135,GPR171,SLBP,0.026437232
93,409,GPR171,TMEM206,0.026214007
93,79,GPR171,MGAT1,0.025720697
93,219,GPR171,STARD4,0.025427558
93,441,GPR171,MCM7,0.025090417
93,284,GPR171,ANXA5,0.024008835
93,24,GPR171,DYNLL1,0.023917446
93,119,GPR171,PAG1,0.023515956
93,123,GPR171,PAFAH2,0.023296416
93,293,GPR171,MAML3,0.022590728
93,354,GPR171,PPP1R15A,0.022229496
93,246,GPR171,KLF6,0.02188111
93,214,GPR171,FCHO2,0.020368284
93,339,GPR171,KCTD12,0.020355333
93,497,GPR171,ATP8B4,0.019971404
93,400,GPR171,ANKRD44,0.018523214
93,262,GPR171,SSH2,0.012347319
93,203,GPR171,CD33,0.0030822824
93,139,GPR171,CCL3,0.002955582
93,86,GPR171,METTL7A1,0.0025796278
93,207,GPR171,BLNK,0.0025732326
93,186,GPR171,IL7R,0.0025394002
93,419,GPR171,NCF1,0.0025255485
93,319,GPR171,CD74,0.0024893922
93,63,GPR171,ENG,0.0024705634
93,294,GPR171,TINAGL1,0.0024531283
93,132,GPR171,OAS2,0.0024022313
93,332,GPR171,IPCEF1,0.002396178
93,172,GPR171,EPSTI1,0.0023829185
93,417,GPR171,UBA7,0.0023710546
307,115,GPR18,LTB,0.026268458
307,323,GPR18,SELPLG,0.025011215
307,260,GPR18,RHOF,0.022576686
307,224,GPR18,PLSCR4,0.022575498
307,197,GPR18,POLA2,0.021054417
307,556,GPR18,ITGB7,0.020942139
307,198,GPR18,CMAH,0.020336425
307,102,GPR18,FUT8,0.019699126
307,400,GPR18,ANKRD44,0.019617634
307,217,GPR18,MYCT1,0.01959994
307,405,GPR18,GIMAP8,0.019542066
307,147,GPR18,ERP29,0.019118743
307,455,GPR18,SNAP23,0.018968789
307,174,GPR18,PPCDC,0.01863601
307,182,GPR18,STK17B,0.01863601
307,327,GPR18,PRIM1,0.018602876
307,339,GPR18,KCTD12,0.018483508
307,180,GPR18,RGS2,0.01838464
307,169,GPR18,MCM4,0.01820257
307,210,GPR18,CDKN1C,0.01786493
307,262,GPR18,SSH2,0.017664162
307,135,GPR18,SLBP,0.016975224
307,354,GPR18,PPP1R15A,0.016959127
307,525,GPR18,TXNIP,0.016958874
307,409,GPR18,TMEM206,0.016798085
307,497,GPR18,ATP8B4,0.016313301
307,219,GPR18,STARD4,0.01630764
307,79,GPR18,MGAT1,0.016307626
307,284,GPR18,ANXA5,0.015426478
307,24,GPR18,DYNLL1,0.015366316
307,119,GPR18,PAG1,0.0151166795
307,123,GPR18,PAFAH2,0.014978233
307,293,GPR18,MAML3,0.014536816
307,246,GPR18,KLF6,0.0141137
307,214,GPR18,FCHO2,0.013033623
307,47,GPR18,LONP2,0.012680027
307,441,GPR18,MCM7,0.0076880916
307,203,GPR18,CD33,0.0024461104
307,139,GPR18,CCL3,0.002322842
307,294,GPR18,TINAGL1,0.0022195724
307,417,GPR18,UBA7,0.0021039476
307,207,GPR18,BLNK,0.0020977757
307,86,GPR18,METTL7A1,0.0020969582
307,419,GPR18,NCF1,0.0020687731
307,186,GPR18,IL7R,0.002063964
307,319,GPR18,CD74,0.0020400486
307,63,GPR18,ENG,0.0019738306
307,132,GPR18,OAS2,0.001973499
307,332,GPR18,IPCEF1,0.0019690234
307,267,GPR18,CLEC12A,0.0019386183
87,323,GPR65,SELPLG,0.031215357
87,260,GPR65,RHOF,0.028157935
87,197,GPR65,POLA2,0.026270159
87,556,GPR65,ITGB7,0.026118066
87,198,GPR65,CMAH,0.025353948
87,102,GPR65,FUT8,0.02455178
87,400,GPR65,ANKRD44,0.024433183
87,217,GPR65,MYCT1,0.024398034
87,455,GPR65,SNAP23,0.023655511
87,182,GPR65,STK17B,0.023197973
87,174,GPR65,PPCDC,0.023166507
87,327,GPR65,PRIM1,0.023157462
87,339,GPR65,KCTD12,0.023063533
87,180,GPR65,RGS2,0.022924991
87,210,GPR65,CDKN1C,0.022208186
87,262,GPR65,SSH2,0.021950528
87,115,GPR65,LTB,0.021943955
87,409,GPR65,TMEM206,0.021599738
87,47,GPR65,LONP2,0.021332027
87,147,GPR65,ERP29,0.021110583
87,135,GPR65,SLBP,0.02108732
87,525,GPR65,TXNIP,0.021052146
87,354,GPR65,PPP1R15A,0.021044955
87,219,GPR65,STARD4,0.020243254
87,441,GPR65,MCM7,0.01998065
87,284,GPR65,ANXA5,0.019118013
87,224,GPR65,PLSCR4,0.01905004
87,24,GPR65,DYNLL1,0.019047532
87,119,GPR65,PAG1,0.018708248
87,123,GPR65,PAFAH2,0.018556861
87,293,GPR65,MAML3,0.017992107
87,246,GPR65,KLF6,0.017452328
87,214,GPR65,FCHO2,0.016246468
87,169,GPR65,MCM4,0.013543223
87,405,GPR65,GIMAP8,0.01067168
87,497,GPR65,ATP8B4,0.005004758
87,79,GPR65,MGAT1,0.004715963
87,203,GPR65,CD33,0.0026881464
87,139,GPR65,CCL3,0.0025416443
87,86,GPR65,METTL7A1,0.0022764846
87,207,GPR65,BLNK,0.0022748867
87,186,GPR65,IL7R,0.0022430238
87,419,GPR65,NCF1,0.002235749
87,319,GPR65,CD74,0.0022064175
87,294,GPR65,TINAGL1,0.0021685946
87,63,GPR65,ENG,0.0021588607
87,132,GPR65,OAS2,0.0021304241
87,332,GPR65,IPCEF1,0.0021258106
87,417,GPR65,UBA7,0.002106098
87,267,GPR65,CLEC12A,0.0020929738
496,115,GRAMD1A,LTB,0.039146483
496,260,GRAMD1A,RHOF,0.03366081
496,224,GRAMD1A,PLSCR4,0.033559058
496,197,GRAMD1A,POLA2,0.031471577
496,556,GRAMD1A,ITGB7,0.031470243
496,217,GRAMD1A,MYCT1,0.030953411
496,198,GRAMD1A,CMAH,0.030350728
496,400,GRAMD1A,ANKRD44,0.029401643
496,102,GRAMD1A,FUT8,0.029395828
496,405,GRAMD1A,GIMAP8,0.029148454
496,147,GRAMD1A,ERP29,0.028463658
496,174,GRAMD1A,PPCDC,0.02777151
496,182,GRAMD1A,STK17B,0.027771505
496,327,GRAMD1A,PRIM1,0.027723046
496,180,GRAMD1A,RGS2,0.02748897
496,169,GRAMD1A,MCM4,0.027159516
496,262,GRAMD1A,SSH2,0.026755938
496,210,GRAMD1A,CDKN1C,0.026629105
496,47,GRAMD1A,LONP2,0.025618793
496,135,GRAMD1A,SLBP,0.02526169
496,354,GRAMD1A,PPP1R15A,0.025243264
496,409,GRAMD1A,TMEM206,0.024989996
496,79,GRAMD1A,MGAT1,0.024270704
496,219,GRAMD1A,STARD4,0.02425012
496,497,GRAMD1A,ATP8B4,0.024232652
496,441,GRAMD1A,MCM7,0.02393138
496,284,GRAMD1A,ANXA5,0.02291945
496,24,GRAMD1A,DYNLL1,0.022829996
496,119,GRAMD1A,PAG1,0.02244887
496,123,GRAMD1A,PAFAH2,0.022239825
496,293,GRAMD1A,MAML3,0.021584306
496,246,GRAMD1A,KLF6,0.020903891
496,214,GRAMD1A,FCHO2,0.019491993
496,525,GRAMD1A,TXNIP,0.015230423
496,323,GRAMD1A,SELPLG,0.0067576612
496,339,GRAMD1A,KCTD12,0.005964692
496,455,GRAMD1A,SNAP23,0.0055466862
496,203,GRAMD1A,CD33,0.0030808921
496,139,GRAMD1A,CCL3,0.0029142865
496,86,GRAMD1A,METTL7A1,0.0025920344
496,207,GRAMD1A,BLNK,0.0025872001
496,186,GRAMD1A,IL7R,0.0025483985
496,419,GRAMD1A,NCF1,0.0025443472
496,319,GRAMD1A,CD74,0.0025046733
496,63,GRAMD1A,ENG,0.002489513
496,294,GRAMD1A,TINAGL1,0.0024644814
496,332,GRAMD1A,IPCEF1,0.002414129
496,417,GRAMD1A,UBA7,0.0023852102
496,267,GRAMD1A,CLEC12A,0.002370017
496,172,GRAMD1A,EPSTI1,0.0023007374
414,323,GSN,SELPLG,0.024402762
414,224,GSN,PLSCR4,0.022010611
414,260,GSN,RHOF,0.021984212
414,197,GSN,POLA2,0.020511692
414,556,GSN,ITGB7,0.020425921
414,102,GSN,FUT8,0.019177185
414,400,GSN,ANKRD44,0.019105379
414,217,GSN,MYCT1,0.019067986
414,405,GSN,GIMAP8,0.019028043
414,147,GSN,ERP29,0.018562542
414,455,GSN,SNAP23,0.01847214
414,182,GSN,STK17B,0.018136244
414,327,GSN,PRIM1,0.018080173
414,339,GSN,KCTD12,0.018035186
414,180,GSN,RGS2,0.017894754
414,169,GSN,MCM4,0.017721428
414,210,GSN,CDKN1C,0.017341414
414,262,GSN,SSH2,0.017161155
414,47,GSN,LONP2,0.01673064
414,135,GSN,SLBP,0.016497651
414,354,GSN,PPP1R15A,0.016473923
414,525,GSN,TXNIP,0.016465288
414,409,GSN,TMEM206,0.016324608
414,497,GSN,ATP8B4,0.015868824
414,219,GSN,STARD4,0.015835214
414,79,GSN,MGAT1,0.015835207
414,441,GSN,MCM7,0.015639318
414,115,GSN,LTB,0.015485936
414,284,GSN,ANXA5,0.015064192
414,24,GSN,DYNLL1,0.01489802
414,119,GSN,PAG1,0.014658633
414,123,GSN,PAFAH2,0.014524839
414,293,GSN,MAML3,0.014071703
414,246,GSN,KLF6,0.013680106
414,214,GSN,FCHO2,0.012728022
414,198,GSN,CMAH,0.011897066
414,174,GSN,PPCDC,0.010911016
414,203,GSN,CD33,0.0023033777
414,139,GSN,CCL3,0.0020786962
414,86,GSN,METTL7A1,0.001972057
414,186,GSN,IL7R,0.0019452615
414,419,GSN,NCF1,0.0019380852
414,319,GSN,CD74,0.0019159293
414,63,GSN,ENG,0.0019019853
414,294,GSN,TINAGL1,0.0018552638
414,132,GSN,OAS2,0.0018536514
414,332,GSN,IPCEF1,0.0018503598
414,417,GSN,UBA7,0.0018353323
414,267,GSN,CLEC12A,0.0018260524
414,172,GSN,EPSTI1,0.001775935
30,115,GSTM1,LTB,0.036771223
30,323,GSTM1,SELPLG,0.034986585
30,224,GSTM1,PLSCR4,0.031669147
30,556,GSTM1,ITGB7,0.029677924
30,197,GSTM1,POLA2,0.029524066
30,198,GSTM1,CMAH,0.028707031
30,102,GSTM1,FUT8,0.027544476
30,400,GSTM1,ANKRD44,0.027494453
30,405,GSTM1,GIMAP8,0.027372463
30,147,GSTM1,ERP29,0.026740773
30,455,GSTM1,SNAP23,0.026633672
30,174,GSTM1,PPCDC,0.02608328
30,327,GSTM1,PRIM1,0.026060112
30,182,GSTM1,STK17B,0.026016824
30,339,GSTM1,KCTD12,0.025941683
30,169,GSTM1,MCM4,0.025508612
30,210,GSTM1,CDKN1C,0.025013156
30,262,GSTM1,SSH2,0.02466065
30,260,GSTM1,RHOF,0.024519507
30,47,GSTM1,LONP2,0.024069715
30,135,GSTM1,SLBP,0.02371665
30,354,GSTM1,PPP1R15A,0.02371452
30,525,GSTM1,TXNIP,0.023698974
30,409,GSTM1,TMEM206,0.023477718
30,79,GSTM1,MGAT1,0.022785122
30,219,GSTM1,STARD4,0.022785122
30,497,GSTM1,ATP8B4,0.022772405
30,441,GSTM1,MCM7,0.022486523
30,284,GSTM1,ANXA5,0.02153935
30,123,GSTM1,PAFAH2,0.020901993
30,180,GSTM1,RGS2,0.020486752
30,293,GSTM1,MAML3,0.020288253
30,246,GSTM1,KLF6,0.019654578
30,214,GSTM1,FCHO2,0.018304974
30,217,GSTM1,MYCT1,0.016963515
30,119,GSTM1,PAG1,0.009736279
30,24,GSTM1,DYNLL1,0.009130209
30,203,GSTM1,CD33,0.0029778117
30,139,GSTM1,CCL3,0.0028188787
30,86,GSTM1,METTL7A1,0.0025121649
30,207,GSTM1,BLNK,0.0025080566
30,419,GSTM1,NCF1,0.002469109
30,319,GSTM1,CD74,0.002429766
30,63,GSTM1,ENG,0.0024154729
30,294,GSTM1,TINAGL1,0.002389933
30,132,GSTM1,OAS2,0.0023497941
30,332,GSTM1,IPCEF1,0.0023391652
30,417,GSTM1,UBA7,0.0023147957
30,267,GSTM1,CLEC12A,0.0023004583
30,172,GSTM1,EPSTI1,0.0022340585
499,115,GSTT1,LTB,0.041400064
499,323,GSTT1,SELPLG,0.039450463
499,224,GSTT1,PLSCR4,0.035715967
499,260,GSTT1,RHOF,0.03562845
499,197,GSTT1,POLA2,0.033270903
499,556,GSTT1,ITGB7,0.03308366
499,102,GSTT1,FUT8,0.03114265
499,217,GSTT1,MYCT1,0.03093851
499,405,GSTT1,GIMAP8,0.030877423
499,147,GSTT1,ERP29,0.030153135
499,455,GSTT1,SNAP23,0.030052425
499,198,GSTT1,CMAH,0.029624877
499,174,GSTT1,PPCDC,0.029422857
499,182,GSTT1,STK17B,0.02942285
499,327,GSTT1,PRIM1,0.029339092
499,339,GSTT1,KCTD12,0.029258234
499,180,GSTT1,RGS2,0.029144017
499,169,GSTT1,MCM4,0.028782375
499,262,GSTT1,SSH2,0.027861428
499,47,GSTT1,LONP2,0.02712632
499,354,GSTT1,PPP1R15A,0.02675963
499,135,GSTT1,SLBP,0.026750391
499,525,GSTT1,TXNIP,0.02673576
499,409,GSTT1,TMEM206,0.026486557
499,219,GSTT1,STARD4,0.026004478
499,79,GSTT1,MGAT1,0.025708685
499,497,GSTT1,ATP8B4,0.025682976
499,441,GSTT1,MCM7,0.025367562
499,284,GSTT1,ANXA5,0.024306996
499,24,GSTT1,DYNLL1,0.024194248
499,119,GSTT1,PAG1,0.023807285
499,123,GSTT1,PAFAH2,0.023585828
499,293,GSTT1,MAML3,0.02290259
499,246,GSTT1,KLF6,0.022167018
499,214,GSTT1,FCHO2,0.020686474
499,210,GSTT1,CDKN1C,0.01884771
499,400,GSTT1,ANKRD44,0.012593774
499,203,GSTT1,CD33,0.0032502832
499,139,GSTT1,CCL3,0.003070561
499,86,GSTT1,METTL7A1,0.002726507
499,207,GSTT1,BLNK,0.0027213139
499,186,GSTT1,IL7R,0.0026795352
499,419,GSTT1,NCF1,0.0026774716
499,319,GSTT1,CD74,0.0026336445
499,63,GSTT1,ENG,0.0026156676
499,132,GSTT1,OAS2,0.0025445917
499,332,GSTT1,IPCEF1,0.002535162
499,417,GSTT1,UBA7,0.0025061104
499,267,GSTT1,CLEC12A,0.0024889414
499,172,GSTT1,EPSTI1,0.0024168992
338,115,GUCY1A1,LTB,0.1301275
338,323,GUCY1A1,SELPLG,0.12459471
338,224,GUCY1A1,PLSCR4,0.115255505
338,197,GUCY1A1,POLA2,0.108143464
338,556,GUCY1A1,ITGB7,0.10704404
338,198,GUCY1A1,CMAH,0.10439281
338,102,GUCY1A1,FUT8,0.1040266
338,405,GUCY1A1,GIMAP8,0.10055126
338,400,GUCY1A1,ANKRD44,0.10042919
338,217,GUCY1A1,MYCT1,0.10025232
338,455,GUCY1A1,SNAP23,0.09771255
338,147,GUCY1A1,ERP29,0.097541824
338,174,GUCY1A1,PPCDC,0.09603634
338,182,GUCY1A1,STK17B,0.09603634
338,327,GUCY1A1,PRIM1,0.09585676
338,180,GUCY1A1,RGS2,0.09539852
338,339,GUCY1A1,KCTD12,0.09513296
338,169,GUCY1A1,MCM4,0.09417357
338,210,GUCY1A1,CDKN1C,0.09256488
338,262,GUCY1A1,SSH2,0.09131296
338,47,GUCY1A1,LONP2,0.08875386
338,354,GUCY1A1,PPP1R15A,0.087940484
338,135,GUCY1A1,SLBP,0.087431885
338,409,GUCY1A1,TMEM206,0.08689132
338,219,GUCY1A1,STARD4,0.084433705
338,79,GUCY1A1,MGAT1,0.08443366
338,497,GUCY1A1,ATP8B4,0.08403078
338,441,GUCY1A1,MCM7,0.0833763
338,284,GUCY1A1,ANXA5,0.080085844
338,119,GUCY1A1,PAG1,0.078759484
338,123,GUCY1A1,PAFAH2,0.07778741
338,260,GUCY1A1,RHOF,0.07625005
338,293,GUCY1A1,MAML3,0.07565812
338,246,GUCY1A1,KLF6,0.07291945
338,24,GUCY1A1,DYNLL1,0.06846189
338,214,GUCY1A1,FCHO2,0.068393946
338,525,GUCY1A1,TXNIP,0.037589226
338,203,GUCY1A1,CD33,0.007767751
338,139,GUCY1A1,CCL3,0.0072017615
338,86,GUCY1A1,METTL7A1,0.0062128105
338,207,GUCY1A1,BLNK,0.006187053
338,186,GUCY1A1,IL7R,0.0061136507
338,419,GUCY1A1,NCF1,0.005993886
338,132,GUCY1A1,OAS2,0.0059477016
338,319,GUCY1A1,CD74,0.005928812
338,63,GUCY1A1,ENG,0.005860636
338,294,GUCY1A1,TINAGL1,0.0058131763
338,332,GUCY1A1,IPCEF1,0.0056430483
338,417,GUCY1A1,UBA7,0.005582471
338,267,GUCY1A1,CLEC12A,0.005534291
485,323,H1F0,SELPLG,0.047006104
485,260,H1F0,RHOF,0.04245236
485,197,H1F0,POLA2,0.03971573
485,556,H1F0,ITGB7,0.039438058
485,198,H1F0,CMAH,0.038313154
485,102,H1F0,FUT8,0.037108883
485,217,H1F0,MYCT1,0.036820013
485,405,H1F0,GIMAP8,0.03679085
485,147,H1F0,ERP29,0.03586018
485,455,H1F0,SNAP23,0.03573582
485,182,H1F0,STK17B,0.035034478
485,327,H1F0,PRIM1,0.034969933
485,339,H1F0,KCTD12,0.034804527
485,180,H1F0,RGS2,0.034668546
485,169,H1F0,MCM4,0.03426077
485,210,H1F0,CDKN1C,0.033571485
485,262,H1F0,SSH2,0.033109117
485,47,H1F0,LONP2,0.03222762
485,115,H1F0,LTB,0.03212679
485,135,H1F0,SLBP,0.031796068
485,525,H1F0,TXNIP,0.031760164
485,409,H1F0,TMEM206,0.031491548
485,219,H1F0,STARD4,0.030890917
485,79,H1F0,MGAT1,0.030544946
485,441,H1F0,MCM7,0.030141111
485,284,H1F0,ANXA5,0.028843446
485,24,H1F0,DYNLL1,0.028729266
485,119,H1F0,PAG1,0.02824832
485,123,H1F0,PAFAH2,0.027983414
485,293,H1F0,MAML3,0.027141733
485,246,H1F0,KLF6,0.026260676
485,214,H1F0,FCHO2,0.024452602
485,174,H1F0,PPCDC,0.024060544
485,400,H1F0,ANKRD44,0.021832759
485,224,H1F0,PLSCR4,0.018540697
485,497,H1F0,ATP8B4,0.01794802
485,354,H1F0,PPP1R15A,0.014127082
485,203,H1F0,CD33,0.0034771366
485,139,H1F0,CCL3,0.003271709
485,86,H1F0,METTL7A1,0.0028867235
485,207,H1F0,BLNK,0.002873622
485,186,H1F0,IL7R,0.0028406463
485,419,H1F0,NCF1,0.002821008
485,319,H1F0,CD74,0.0027754926
485,63,H1F0,ENG,0.0027584957
485,132,H1F0,OAS2,0.0026790025
485,332,H1F0,IPCEF1,0.002672138
485,417,H1F0,UBA7,0.0026408893
485,267,H1F0,CLEC12A,0.0026240405
485,172,H1F0,EPSTI1,0.0025431954
521,115,H2-DMA,LTB,0.03611492
521,224,H2-DMA,PLSCR4,0.03109375
521,260,H2-DMA,RHOF,0.031042062
521,197,H2-DMA,POLA2,0.028984776
521,556,H2-DMA,ITGB7,0.028762773
521,198,H2-DMA,CMAH,0.0279781
521,102,H2-DMA,FUT8,0.027096976
521,217,H2-DMA,MYCT1,0.02692885
521,405,H2-DMA,GIMAP8,0.026870558
521,147,H2-DMA,ERP29,0.026247535
521,455,H2-DMA,SNAP23,0.026138335
521,169,H2-DMA,MCM4,0.02583571
521,174,H2-DMA,PPCDC,0.02560373
521,182,H2-DMA,STK17B,0.025603723
521,327,H2-DMA,PRIM1,0.025559524
521,339,H2-DMA,KCTD12,0.025462888
521,180,H2-DMA,RGS2,0.025314363
521,210,H2-DMA,CDKN1C,0.024550855
521,262,H2-DMA,SSH2,0.024237154
521,47,H2-DMA,LONP2,0.023623023
521,135,H2-DMA,SLBP,0.023277923
521,354,H2-DMA,PPP1R15A,0.023274098
521,525,H2-DMA,TXNIP,0.023257961
521,409,H2-DMA,TMEM206,0.023060596
521,79,H2-DMA,MGAT1,0.022361664
521,497,H2-DMA,ATP8B4,0.022349903
521,219,H2-DMA,STARD4,0.022317758
521,441,H2-DMA,MCM7,0.022068644
521,284,H2-DMA,ANXA5,0.021135025
521,24,H2-DMA,DYNLL1,0.02105406
521,123,H2-DMA,PAFAH2,0.02051042
521,293,H2-DMA,MAML3,0.019904599
521,246,H2-DMA,KLF6,0.01928643
521,323,H2-DMA,SELPLG,0.015515056
521,119,H2-DMA,PAG1,0.014017855
521,214,H2-DMA,FCHO2,0.013727161
521,139,H2-DMA,CCL3,0.0030006745
521,203,H2-DMA,CD33,0.0029272956
521,400,H2-DMA,ANKRD44,0.0028707734
521,86,H2-DMA,METTL7A1,0.0024683692
521,207,H2-DMA,BLNK,0.0024649526
521,186,H2-DMA,IL7R,0.0024275284
521,419,H2-DMA,NCF1,0.0024267663
521,319,H2-DMA,CD74,0.0023901295
521,63,H2-DMA,ENG,0.0023753922
521,294,H2-DMA,TINAGL1,0.0023491012
521,132,H2-DMA,OAS2,0.0023084877
521,417,H2-DMA,UBA7,0.0022780804
521,267,H2-DMA,CLEC12A,0.0022619748
521,172,H2-DMA,EPSTI1,0.0021979045
152,115,H2-OB,LTB,0.023794346
152,323,H2-OB,SELPLG,0.02266177
152,260,H2-OB,RHOF,0.02046107
152,224,H2-OB,PLSCR4,0.020447724
152,197,H2-OB,POLA2,0.019103203
152,556,H2-OB,ITGB7,0.018982839
152,198,H2-OB,CMAH,0.018405316
152,102,H2-OB,FUT8,0.017857509
152,217,H2-OB,MYCT1,0.01777383
152,147,H2-OB,ERP29,0.017344851
152,455,H2-OB,SNAP23,0.017168371
152,174,H2-OB,PPCDC,0.0169041
152,182,H2-OB,STK17B,0.0169041
152,327,H2-OB,PRIM1,0.016873509
152,339,H2-OB,KCTD12,0.016826011
152,180,H2-OB,RGS2,0.01663857
152,169,H2-OB,MCM4,0.01652837
152,262,H2-OB,SSH2,0.01601376
152,47,H2-OB,LONP2,0.015629888
152,135,H2-OB,SLBP,0.0154106915
152,525,H2-OB,TXNIP,0.015393161
152,354,H2-OB,PPP1R15A,0.015390799
152,409,H2-OB,TMEM206,0.015210654
152,497,H2-OB,ATP8B4,0.014815605
152,79,H2-OB,MGAT1,0.0148053
152,219,H2-OB,STARD4,0.014799646
152,441,H2-OB,MCM7,0.014620924
152,284,H2-OB,ANXA5,0.014006991
152,24,H2-OB,DYNLL1,0.013954976
152,400,H2-OB,ANKRD44,0.013833933
152,119,H2-OB,PAG1,0.013731363
152,123,H2-OB,PAFAH2,0.013606762
152,293,H2-OB,MAML3,0.01335917
152,246,H2-OB,KLF6,0.012813672
152,214,H2-OB,FCHO2,0.0118249655
152,405,H2-OB,GIMAP8,0.010836185
152,210,H2-OB,CDKN1C,0.009459352
152,203,H2-OB,CD33,0.0023268745
152,139,H2-OB,CCL3,0.0022112485
152,207,H2-OB,BLNK,0.0021356938
152,267,H2-OB,CLEC12A,0.0020146624
152,86,H2-OB,METTL7A1,0.002001721
152,419,H2-OB,NCF1,0.001975445
152,186,H2-OB,IL7R,0.001971144
152,319,H2-OB,CD74,0.001947745
152,63,H2-OB,ENG,0.0019375134
152,294,H2-OB,TINAGL1,0.0019123172
152,132,H2-OB,OAS2,0.0018877857
152,332,H2-OB,IPCEF1,0.00188341
152,417,H2-OB,UBA7,0.0018660814
276,115,H2-Q6,LTB,0.021841725
276,323,H2-Q6,SELPLG,0.020768745
276,260,H2-Q6,RHOF,0.018806245
276,224,H2-Q6,PLSCR4,0.018786294
276,197,H2-Q6,POLA2,0.017540665
276,556,H2-Q6,ITGB7,0.017452408
276,198,H2-Q6,CMAH,0.016957132
276,217,H2-Q6,MYCT1,0.01655074
276,102,H2-Q6,FUT8,0.01643287
276,400,H2-Q6,ANKRD44,0.016373524
276,405,H2-Q6,GIMAP8,0.01630628
276,147,H2-Q6,ERP29,0.015950983
276,455,H2-Q6,SNAP23,0.01569145
276,174,H2-Q6,PPCDC,0.015531495
276,182,H2-Q6,STK17B,0.015531474
276,327,H2-Q6,PRIM1,0.015521335
276,339,H2-Q6,KCTD12,0.015443921
276,180,H2-Q6,RGS2,0.015166682
276,169,H2-Q6,MCM4,0.015165664
276,210,H2-Q6,CDKN1C,0.014722311
276,262,H2-Q6,SSH2,0.0146574695
276,47,H2-Q6,LONP2,0.014268567
276,135,H2-Q6,SLBP,0.014075698
276,525,H2-Q6,TXNIP,0.0140482625
276,354,H2-Q6,PPP1R15A,0.014043053
276,409,H2-Q6,TMEM206,0.013898176
276,497,H2-Q6,ATP8B4,0.013490189
276,219,H2-Q6,STARD4,0.013486852
276,79,H2-Q6,MGAT1,0.013486845
276,441,H2-Q6,MCM7,0.013288034
276,284,H2-Q6,ANXA5,0.01268193
276,24,H2-Q6,DYNLL1,0.012671236
276,119,H2-Q6,PAG1,0.0124213165
276,123,H2-Q6,PAFAH2,0.012306054
276,293,H2-Q6,MAML3,0.011915926
276,246,H2-Q6,KLF6,0.011577314
276,214,H2-Q6,FCHO2,0.010704812
276,203,H2-Q6,CD33,0.0022966333
276,139,H2-Q6,CCL3,0.0021812338
276,207,H2-Q6,BLNK,0.0019855308
276,86,H2-Q6,METTL7A1,0.0019810381
276,419,H2-Q6,NCF1,0.0019650448
276,186,H2-Q6,IL7R,0.0019489606
276,319,H2-Q6,CD74,0.0019360018
276,63,H2-Q6,ENG,0.0019261012
276,294,H2-Q6,TINAGL1,0.0018940108
276,132,H2-Q6,OAS2,0.0018775155
276,332,H2-Q6,IPCEF1,0.0018724238
276,417,H2-Q6,UBA7,0.0018532587
276,267,H2-Q6,CLEC12A,0.0018412557
176,115,HAAO,LTB,0.021016242
176,323,HAAO,SELPLG,0.019989818
176,260,HAAO,RHOF,0.018036595
176,197,HAAO,POLA2,0.016804608
176,556,HAAO,ITGB7,0.016727794
176,198,HAAO,CMAH,0.016226422
176,102,HAAO,FUT8,0.015716376
176,400,HAAO,ANKRD44,0.01566348
176,217,HAAO,MYCT1,0.015629234
176,405,HAAO,GIMAP8,0.01559532
176,455,HAAO,SNAP23,0.015314134
176,147,HAAO,ERP29,0.015236726
176,174,HAAO,PPCDC,0.014870011
176,182,HAAO,STK17B,0.014851931
176,327,HAAO,PRIM1,0.014842954
176,339,HAAO,KCTD12,0.014784262
176,180,HAAO,RGS2,0.014672696
176,210,HAAO,CDKN1C,0.0142216375
176,47,HAAO,LONP2,0.0142025305
176,262,HAAO,SSH2,0.014074309
176,135,HAAO,SLBP,0.01353542
176,224,HAAO,PLSCR4,0.013523953
176,354,HAAO,PPP1R15A,0.013512837
176,525,HAAO,TXNIP,0.0135037
176,409,HAAO,TMEM206,0.013392458
176,497,HAAO,ATP8B4,0.013004023
176,79,HAAO,MGAT1,0.012994778
176,219,HAAO,STARD4,0.012994778
176,441,HAAO,MCM7,0.012834807
176,284,HAAO,ANXA5,0.012276021
176,24,HAAO,DYNLL1,0.012274946
176,119,HAAO,PAG1,0.012037794
176,123,HAAO,PAFAH2,0.011929133
176,293,HAAO,MAML3,0.01164892
176,246,HAAO,KLF6,0.01132037
176,214,HAAO,FCHO2,0.010590036
176,169,HAAO,MCM4,0.0037783093
176,203,HAAO,CD33,0.002081118
176,139,HAAO,CCL3,0.0020037547
176,207,HAAO,BLNK,0.0017936084
176,86,HAAO,METTL7A1,0.0017931407
176,419,HAAO,NCF1,0.0017602402
176,319,HAAO,CD74,0.0017447892
176,63,HAAO,ENG,0.0017314365
176,294,HAAO,TINAGL1,0.0017216278
176,132,HAAO,OAS2,0.001688023
176,332,HAAO,IPCEF1,0.0016860394
176,417,HAAO,UBA7,0.0016761154
176,267,HAAO,CLEC12A,0.0016682325
176,172,HAAO,EPSTI1,0.001623389
523,115,HACD4,LTB,0.025264164
523,260,HACD4,RHOF,0.021705428
523,224,HACD4,PLSCR4,0.021699788
523,197,HACD4,POLA2,0.02023336
523,556,HACD4,ITGB7,0.02010448
523,198,HACD4,CMAH,0.019541321
523,102,HACD4,FUT8,0.018928071
523,217,HACD4,MYCT1,0.01882857
523,405,HACD4,GIMAP8,0.018780217
523,147,HACD4,ERP29,0.018364193
523,455,HACD4,SNAP23,0.018243313
523,169,HACD4,MCM4,0.018053956
523,174,HACD4,PPCDC,0.017907698
523,182,HACD4,STK17B,0.017907698
523,327,HACD4,PRIM1,0.01787498
523,339,HACD4,KCTD12,0.01781494
523,180,HACD4,RGS2,0.017666595
523,210,HACD4,CDKN1C,0.01714441
523,262,HACD4,SSH2,0.016954344
523,47,HACD4,LONP2,0.016536674
523,135,HACD4,SLBP,0.016306117
523,354,HACD4,PPP1R15A,0.016284358
523,525,HACD4,TXNIP,0.016280271
523,409,HACD4,TMEM206,0.016146887
523,497,HACD4,ATP8B4,0.015668038
523,79,HACD4,MGAT1,0.015658775
523,219,HACD4,STARD4,0.015628662
523,441,HACD4,MCM7,0.015463169
523,284,HACD4,ANXA5,0.014801684
523,24,HACD4,DYNLL1,0.014745612
523,123,HACD4,PAFAH2,0.014375417
523,293,HACD4,MAML3,0.013938228
523,246,HACD4,KLF6,0.0135466885
523,323,HACD4,SELPLG,0.011024099
523,119,HACD4,PAG1,0.009981987
523,214,HACD4,FCHO2,0.0096945
523,139,HACD4,CCL3,0.0023979293
523,400,HACD4,ANKRD44,0.0023604757
523,203,HACD4,CD33,0.0023474903
523,207,HACD4,BLNK,0.0020122803
523,86,HACD4,METTL7A1,0.002012084
523,186,HACD4,IL7R,0.001983368
523,419,HACD4,NCF1,0.001980317
523,319,HACD4,CD74,0.0019558754
523,63,HACD4,ENG,0.0019429604
523,294,HACD4,TINAGL1,0.0019224023
523,132,HACD4,OAS2,0.001892823
523,417,HACD4,UBA7,0.0018727705
523,267,HACD4,CLEC12A,0.0018621375
523,172,HACD4,EPSTI1,0.0018119031
146,115,HDAC7,LTB,0.036464594
146,323,HDAC7,SELPLG,0.03491936
146,224,HDAC7,PLSCR4,0.03139107
146,260,HDAC7,RHOF,0.03133906
146,197,HDAC7,POLA2,0.029258756
146,556,HDAC7,ITGB7,0.029236756
146,198,HDAC7,CMAH,0.02824144
146,102,HDAC7,FUT8,0.02735081
146,217,HDAC7,MYCT1,0.027180564
146,455,HDAC7,SNAP23,0.026526116
146,147,HDAC7,ERP29,0.026497178
146,327,HDAC7,PRIM1,0.025937188
146,174,HDAC7,PPCDC,0.025844378
146,182,HDAC7,STK17B,0.025844365
146,339,HDAC7,KCTD12,0.025842985
146,180,HDAC7,RGS2,0.025570799
146,169,HDAC7,MCM4,0.025240188
146,210,HDAC7,CDKN1C,0.024772026
146,262,HDAC7,SSH2,0.024461636
146,47,HDAC7,LONP2,0.023843478
146,354,HDAC7,PPP1R15A,0.023615764
146,525,HDAC7,TXNIP,0.023600392
146,135,HDAC7,SLBP,0.023493629
146,409,HDAC7,TMEM206,0.023321046
146,219,HDAC7,STARD4,0.022825668
146,497,HDAC7,ATP8B4,0.022679307
146,79,HDAC7,MGAT1,0.022564737
146,441,HDAC7,MCM7,0.022393627
146,284,HDAC7,ANXA5,0.021327296
146,24,HDAC7,DYNLL1,0.021239936
146,400,HDAC7,ANKRD44,0.021168297
146,119,HDAC7,PAG1,0.020889936
146,123,HDAC7,PAFAH2,0.020695262
146,293,HDAC7,MAML3,0.020080157
146,246,HDAC7,KLF6,0.01945936
146,214,HDAC7,FCHO2,0.018101832
146,405,HDAC7,GIMAP8,0.016896939
146,203,HDAC7,CD33,0.0029345525
146,139,HDAC7,CCL3,0.0027764707
146,86,HDAC7,METTL7A1,0.0024770412
146,207,HDAC7,BLNK,0.0024732489
146,419,HDAC7,NCF1,0.0024442063
146,186,HDAC7,IL7R,0.0024349657
146,319,HDAC7,CD74,0.002403069
146,63,HDAC7,ENG,0.0023821488
146,332,HDAC7,IPCEF1,0.0023198626
146,132,HDAC7,OAS2,0.002316663
146,417,HDAC7,UBA7,0.0022918417
146,267,HDAC7,CLEC12A,0.0022700864
146,276,HDAC7,H2-Q6,0.0021749497
143,115,HID1,LTB,0.02531128
143,323,HID1,SELPLG,0.024091102
143,260,HID1,RHOF,0.021730784
143,224,HID1,PLSCR4,0.021727398
143,197,HID1,POLA2,0.020251583
143,556,HID1,ITGB7,0.02015162
143,198,HID1,CMAH,0.019554751
143,102,HID1,FUT8,0.018938173
143,400,HID1,ANKRD44,0.018867921
143,217,HID1,MYCT1,0.018835448
143,405,HID1,GIMAP8,0.018791502
143,147,HID1,ERP29,0.018371169
143,455,HID1,SNAP23,0.018255819
143,174,HID1,PPCDC,0.017914072
143,182,HID1,STK17B,0.017914064
143,327,HID1,PRIM1,0.017878696
143,339,HID1,KCTD12,0.017777326
143,180,HID1,RGS2,0.017684164
143,169,HID1,MCM4,0.017485883
143,210,HID1,CDKN1C,0.017139116
143,262,HID1,SSH2,0.016954295
143,47,HID1,LONP2,0.016534844
143,135,HID1,SLBP,0.016302776
143,354,HID1,PPP1R15A,0.01627966
143,525,HID1,TXNIP,0.01627498
143,219,HID1,STARD4,0.01583702
143,79,HID1,MGAT1,0.015650142
143,441,HID1,MCM7,0.015457274
143,284,HID1,ANXA5,0.014789979
143,24,HID1,DYNLL1,0.01472898
143,119,HID1,PAG1,0.014494518
143,123,HID1,PAFAH2,0.014361485
143,293,HID1,MAML3,0.01391892
143,246,HID1,KLF6,0.013529883
143,214,HID1,FCHO2,0.012502103
143,497,HID1,ATP8B4,0.010222604
143,409,HID1,TMEM206,0.007016518
143,203,HID1,CD33,0.0023063691
143,139,HID1,CCL3,0.0021886013
143,207,HID1,BLNK,0.0019796707
143,86,HID1,METTL7A1,0.001979128
143,186,HID1,IL7R,0.0019505064
143,419,HID1,NCF1,0.0019487928
143,319,HID1,CD74,0.0019247193
143,63,HID1,ENG,0.0019114728
143,132,HID1,OAS2,0.0018618194
143,332,HID1,IPCEF1,0.0018593037
143,417,HID1,UBA7,0.0018429848
143,267,HID1,CLEC12A,0.001833244
143,325,HID1,EBI3,0.001766469
454,115,HLF,LTB,0.026900657
454,323,HLF,SELPLG,0.024901217
454,260,HLF,RHOF,0.022455947
454,224,HLF,PLSCR4,0.022455363
454,197,HLF,POLA2,0.02092512
454,556,HLF,ITGB7,0.020821799
454,102,HLF,FUT8,0.019559693
454,217,HLF,MYCT1,0.019454
454,405,HLF,GIMAP8,0.019412471
454,147,HLF,ERP29,0.018951528
454,455,HLF,SNAP23,0.018835712
454,182,HLF,STK17B,0.018502457
454,327,HLF,PRIM1,0.018464534
454,339,HLF,KCTD12,0.018403098
454,210,HLF,CDKN1C,0.018369509
454,180,HLF,RGS2,0.018260097
454,169,HLF,MCM4,0.018239183
454,262,HLF,SSH2,0.017506735
454,198,HLF,CMAH,0.017483082
454,47,HLF,LONP2,0.017042426
454,354,HLF,PPP1R15A,0.016806357
454,135,HLF,SLBP,0.01680252
454,525,HLF,TXNIP,0.016800424
454,409,HLF,TMEM206,0.016654767
454,497,HLF,ATP8B4,0.016166853
454,219,HLF,STARD4,0.016153403
454,441,HLF,MCM7,0.015955446
454,174,HLF,PPCDC,0.015651964
454,284,HLF,ANXA5,0.015261638
454,400,HLF,ANKRD44,0.015066414
454,119,HLF,PAG1,0.014930554
454,123,HLF,PAFAH2,0.014793009
454,293,HLF,MAML3,0.014356908
454,24,HLF,DYNLL1,0.014074078
454,246,HLF,KLF6,0.0139559265
454,214,HLF,FCHO2,0.012869597
454,79,HLF,MGAT1,0.009096244
454,203,HLF,CD33,0.0023259714
454,207,HLF,BLNK,0.0019944839
454,186,HLF,IL7R,0.0019650897
454,419,HLF,NCF1,0.0019635174
454,319,HLF,CD74,0.0019389533
454,63,HLF,ENG,0.0019232406
454,294,HLF,TINAGL1,0.0019058718
454,139,HLF,CCL3,0.0018849291
454,132,HLF,OAS2,0.0018746789
454,332,HLF,IPCEF1,0.001872879
454,417,HLF,UBA7,0.0018560579
454,267,HLF,CLEC12A,0.0018465004
454,276,HLF,H2-Q6,0.0017796396
507,115,HMGB2,LTB,0.09158035
507,323,HMGB2,SELPLG,0.08796002
507,224,HMGB2,PLSCR4,0.08060826
507,260,HMGB2,RHOF,0.07995337
507,197,HMGB2,POLA2,0.0754077
507,556,HMGB2,ITGB7,0.07473904
507,198,HMGB2,CMAH,0.072787814
507,102,HMGB2,FUT8,0.070621535
507,405,HMGB2,GIMAP8,0.070025064
507,400,HMGB2,ANKRD44,0.07001553
507,217,HMGB2,MYCT1,0.069896564
507,147,HMGB2,ERP29,0.06811245
507,455,HMGB2,SNAP23,0.068064205
507,182,HMGB2,STK17B,0.06683986
507,174,HMGB2,PPCDC,0.06677326
507,327,HMGB2,PRIM1,0.06662708
507,339,HMGB2,KCTD12,0.06625992
507,180,HMGB2,RGS2,0.06625372
507,210,HMGB2,CDKN1C,0.0642024
507,262,HMGB2,SSH2,0.063342035
507,47,HMGB2,LONP2,0.061635643
507,135,HMGB2,SLBP,0.060697515
507,525,HMGB2,TXNIP,0.060658917
507,409,HMGB2,TMEM206,0.060238227
507,79,HMGB2,MGAT1,0.058450878
507,219,HMGB2,STARD4,0.058450878
507,497,HMGB2,ATP8B4,0.05827305
507,441,HMGB2,MCM7,0.057664286
507,169,HMGB2,MCM4,0.056283765
507,284,HMGB2,ANXA5,0.055290036
507,24,HMGB2,DYNLL1,0.05505324
507,119,HMGB2,PAG1,0.054210547
507,123,HMGB2,PAFAH2,0.053703092
507,293,HMGB2,MAML3,0.05217124
507,246,HMGB2,KLF6,0.050326094
507,214,HMGB2,FCHO2,0.047084443
507,354,HMGB2,PPP1R15A,0.04076369
507,203,HMGB2,CD33,0.005710367
507,139,HMGB2,CCL3,0.005327076
507,86,HMGB2,METTL7A1,0.004631149
507,207,HMGB2,BLNK,0.004614616
507,186,HMGB2,IL7R,0.004553498
507,419,HMGB2,NCF1,0.0044992724
507,319,HMGB2,CD74,0.004430567
507,63,HMGB2,ENG,0.0043850606
507,294,HMGB2,TINAGL1,0.0043518757
507,132,HMGB2,OAS2,0.0042489786
507,332,HMGB2,IPCEF1,0.0042397287
507,417,HMGB2,UBA7,0.0041882815
507,267,HMGB2,CLEC12A,0.004154466
355,115,HNF4A,LTB,0.020647116
355,323,HNF4A,SELPLG,0.019583758
355,260,HNF4A,RHOF,0.017745823
355,224,HNF4A,PLSCR4,0.017664475
355,197,HNF4A,POLA2,0.016520668
355,556,HNF4A,ITGB7,0.016453492
355,198,HNF4A,CMAH,0.01599579
355,217,HNF4A,MYCT1,0.015455271
355,400,HNF4A,ANKRD44,0.015446248
355,405,HNF4A,GIMAP8,0.015335891
355,455,HNF4A,SNAP23,0.014951741
355,327,HNF4A,PRIM1,0.014680592
355,182,HNF4A,STK17B,0.014663103
355,339,HNF4A,KCTD12,0.014554902
355,180,HNF4A,RGS2,0.014496473
355,169,HNF4A,MCM4,0.014377011
355,210,HNF4A,CDKN1C,0.014078042
355,262,HNF4A,SSH2,0.013931624
355,47,HNF4A,LONP2,0.013575673
355,147,HNF4A,ERP29,0.013444366
355,135,HNF4A,SLBP,0.013433481
355,525,HNF4A,TXNIP,0.013416977
355,354,HNF4A,PPP1R15A,0.0134083135
355,79,HNF4A,MGAT1,0.0129511105
355,497,HNF4A,ATP8B4,0.012920327
355,24,HNF4A,DYNLL1,0.012286642
355,284,HNF4A,ANXA5,0.012227135
355,119,HNF4A,PAG1,0.012000514
355,123,HNF4A,PAFAH2,0.011907911
355,293,HNF4A,MAML3,0.011605405
355,441,HNF4A,MCM7,0.01145961
355,246,HNF4A,KLF6,0.011297806
355,174,HNF4A,PPCDC,0.011059308
355,214,HNF4A,FCHO2,0.01051216
355,102,HNF4A,FUT8,0.0067537837
355,409,HNF4A,TMEM206,0.006641597
355,219,HNF4A,STARD4,0.0035306602
355,139,HNF4A,CCL3,0.0020754011
355,203,HNF4A,CD33,0.002045105
355,332,HNF4A,IPCEF1,0.0017653947
355,207,HNF4A,BLNK,0.0017465549
355,86,HNF4A,METTL7A1,0.001746273
355,186,HNF4A,IL7R,0.0017436161
355,419,HNF4A,NCF1,0.001717172
355,319,HNF4A,CD74,0.0016968295
355,63,HNF4A,ENG,0.0016853645
355,294,HNF4A,TINAGL1,0.0016839178
355,132,HNF4A,OAS2,0.001639941
355,417,HNF4A,UBA7,0.0016296578
355,267,HNF4A,CLEC12A,0.0016203198
395,115,HNRNPAB,LTB,0.05355131
395,323,HNRNPAB,SELPLG,0.051110227
395,260,HNRNPAB,RHOF,0.046183847
395,556,HNRNPAB,ITGB7,0.04313797
395,400,HNRNPAB,ANKRD44,0.040365107
395,405,HNRNPAB,GIMAP8,0.040290274
395,455,HNRNPAB,SNAP23,0.039198346
395,147,HNRNPAB,ERP29,0.03911256
395,174,HNRNPAB,PPCDC,0.038218454
395,182,HNRNPAB,STK17B,0.038218446
395,327,HNRNPAB,PRIM1,0.038151056
395,339,HNRNPAB,KCTD12,0.037980914
395,180,HNRNPAB,RGS2,0.037878998
395,102,HNRNPAB,FUT8,0.03745807
395,169,HNRNPAB,MCM4,0.037396368
395,210,HNRNPAB,CDKN1C,0.036692336
395,262,HNRNPAB,SSH2,0.036198664
395,47,HNRNPAB,LONP2,0.035255753
395,354,HNRNPAB,PPP1R15A,0.034764662
395,135,HNRNPAB,SLBP,0.034727
395,497,HNRNPAB,ATP8B4,0.03384748
395,219,HNRNPAB,STARD4,0.03338854
395,79,HNRNPAB,MGAT1,0.033388533
395,441,HNRNPAB,MCM7,0.033092707
395,525,HNRNPAB,TXNIP,0.031508394
395,24,HNRNPAB,DYNLL1,0.031440932
395,119,HNRNPAB,PAG1,0.030942705
395,123,HNRNPAB,PAFAH2,0.030629054
395,293,HNRNPAB,MAML3,0.02974555
395,217,HNRNPAB,MYCT1,0.0296429
395,224,HNRNPAB,PLSCR4,0.029045606
395,246,HNRNPAB,KLF6,0.028752139
395,214,HNRNPAB,FCHO2,0.026837062
395,198,HNRNPAB,CMAH,0.025914935
395,409,HNRNPAB,TMEM206,0.024195787
395,284,HNRNPAB,ANXA5,0.013893204
395,197,HNRNPAB,POLA2,0.00773507
395,203,HNRNPAB,CD33,0.003858159
395,139,HNRNPAB,CCL3,0.0036315792
395,86,HNRNPAB,METTL7A1,0.0032018244
395,207,HNRNPAB,BLNK,0.0031906795
395,419,HNRNPAB,NCF1,0.003145275
395,319,HNRNPAB,CD74,0.0030837157
395,63,HNRNPAB,ENG,0.0030609104
395,294,HNRNPAB,TINAGL1,0.0030323379
395,132,HNRNPAB,OAS2,0.002973248
395,332,HNRNPAB,IPCEF1,0.0029647085
395,417,HNRNPAB,UBA7,0.0029331883
395,267,HNRNPAB,CLEC12A,0.0029057553
395,172,HNRNPAB,EPSTI1,0.0028169653
6,115,HOXA9,LTB,0.030409504
6,323,HOXA9,SELPLG,0.028965417
6,224,HOXA9,PLSCR4,0.026155679
6,260,HOXA9,RHOF,0.026139088
6,197,HOXA9,POLA2,0.024389949
6,556,HOXA9,ITGB7,0.024248598
6,405,HOXA9,GIMAP8,0.023849312
6,198,HOXA9,CMAH,0.023553422
6,102,HOXA9,FUT8,0.022807162
6,400,HOXA9,ANKRD44,0.022706812
6,217,HOXA9,MYCT1,0.022691945
6,147,HOXA9,ERP29,0.022132192
6,455,HOXA9,SNAP23,0.022011442
6,174,HOXA9,PPCDC,0.021571985
6,182,HOXA9,STK17B,0.021571979
6,327,HOXA9,PRIM1,0.021534218
6,339,HOXA9,KCTD12,0.02146734
6,180,HOXA9,RGS2,0.021336773
6,169,HOXA9,MCM4,0.021127341
6,210,HOXA9,CDKN1C,0.02069214
6,262,HOXA9,SSH2,0.020428779
6,47,HOXA9,LONP2,0.019927476
6,525,HOXA9,TXNIP,0.019760594
6,135,HOXA9,SLBP,0.019637853
6,354,HOXA9,PPP1R15A,0.01962757
6,79,HOXA9,MGAT1,0.018867334
6,219,HOXA9,STARD4,0.018867334
6,284,HOXA9,ANXA5,0.017847342
6,24,HOXA9,DYNLL1,0.017776985
6,119,HOXA9,PAG1,0.017484514
6,293,HOXA9,MAML3,0.016818661
6,246,HOXA9,KLF6,0.016309554
6,214,HOXA9,FCHO2,0.015061738
6,441,HOXA9,MCM7,0.010794303
6,409,HOXA9,TMEM206,0.008978761
6,497,HOXA9,ATP8B4,0.008432181
6,123,HOXA9,PAFAH2,0.0077228593
6,203,HOXA9,CD33,0.0026833632
6,139,HOXA9,CCL3,0.0025448133
6,207,HOXA9,BLNK,0.0022831357
6,86,HOXA9,METTL7A1,0.002282625
6,419,HOXA9,NCF1,0.0022531685
6,186,HOXA9,IL7R,0.002244136
6,319,HOXA9,CD74,0.0022186337
6,63,HOXA9,ENG,0.0022060648
6,294,HOXA9,TINAGL1,0.0021748804
6,132,HOXA9,OAS2,0.0021461535
6,332,HOXA9,IPCEF1,0.0021402908
6,417,HOXA9,UBA7,0.0021174015
6,267,HOXA9,CLEC12A,0.0021038793
390,115,HSD3B7,LTB,0.031290207
390,323,HSD3B7,SELPLG,0.029808205
390,260,HSD3B7,RHOF,0.026871825
390,556,HSD3B7,ITGB7,0.024924517
390,400,HSD3B7,ANKRD44,0.02332386
390,405,HSD3B7,GIMAP8,0.023236519
390,147,HSD3B7,ERP29,0.022700349
390,174,HSD3B7,PPCDC,0.022147486
390,182,HSD3B7,STK17B,0.022147471
390,327,HSD3B7,PRIM1,0.022108559
390,339,HSD3B7,KCTD12,0.022025216
390,180,HSD3B7,RGS2,0.02189225
390,102,HSD3B7,FUT8,0.021687856
390,169,HSD3B7,MCM4,0.021651514
390,210,HSD3B7,CDKN1C,0.021210788
390,262,HSD3B7,SSH2,0.02096087
390,47,HSD3B7,LONP2,0.020431094
390,135,HSD3B7,SLBP,0.020138266
390,354,HSD3B7,PPP1R15A,0.02012484
390,525,HSD3B7,TXNIP,0.020112654
390,219,HSD3B7,STARD4,0.01933907
390,79,HSD3B7,MGAT1,0.019339062
390,497,HSD3B7,ATP8B4,0.019337095
390,441,HSD3B7,MCM7,0.019089384
390,24,HSD3B7,DYNLL1,0.018203123
390,119,HSD3B7,PAG1,0.017914819
390,123,HSD3B7,PAFAH2,0.017736208
390,217,HSD3B7,MYCT1,0.017209874
390,293,HSD3B7,MAML3,0.017201278
390,409,HSD3B7,TMEM206,0.01687048
390,246,HSD3B7,KLF6,0.016687794
390,224,HSD3B7,PLSCR4,0.016426729
390,214,HSD3B7,FCHO2,0.015545173
390,198,HSD3B7,CMAH,0.014559888
390,284,HSD3B7,ANXA5,0.008273112
390,197,HSD3B7,POLA2,0.0050989036
390,455,HSD3B7,SNAP23,0.0047238586
390,203,HSD3B7,CD33,0.0026383721
390,139,HSD3B7,CCL3,0.0024974393
390,86,HSD3B7,METTL7A1,0.0022410739
390,207,HSD3B7,BLNK,0.0022384238
390,419,HSD3B7,NCF1,0.0022040494
390,319,HSD3B7,CD74,0.0021736668
390,63,HSD3B7,ENG,0.0021576027
390,294,HSD3B7,TINAGL1,0.0021354498
390,132,HSD3B7,OAS2,0.0021008374
390,332,HSD3B7,IPCEF1,0.0020960413
390,417,HSD3B7,UBA7,0.0020760433
390,267,HSD3B7,CLEC12A,0.0020629654
390,172,HSD3B7,EPSTI1,0.0020053068
277,115,ICA1,LTB,0.018453272
277,323,ICA1,SELPLG,0.017574858
277,260,ICA1,RHOF,0.01587634
277,224,ICA1,PLSCR4,0.015852315
277,197,ICA1,POLA2,0.01479665
277,556,ICA1,ITGB7,0.0147357015
277,198,ICA1,CMAH,0.014301792
277,217,ICA1,MYCT1,0.013954686
277,102,ICA1,FUT8,0.013859425
277,400,ICA1,ANKRD44,0.013823132
277,405,ICA1,GIMAP8,0.013760027
277,147,ICA1,ERP29,0.013475297
277,455,ICA1,SNAP23,0.013344986
277,174,ICA1,PPCDC,0.013136025
277,182,ICA1,STK17B,0.013136025
277,327,ICA1,PRIM1,0.013107558
277,339,ICA1,KCTD12,0.013075805
277,180,ICA1,RGS2,0.012932593
277,169,ICA1,MCM4,0.012838275
277,210,ICA1,CDKN1C,0.012573423
277,262,ICA1,SSH2,0.012446611
277,47,ICA1,LONP2,0.012143315
277,135,ICA1,SLBP,0.011987263
277,354,ICA1,PPP1R15A,0.0119485725
277,525,ICA1,TXNIP,0.011946343
277,409,ICA1,TMEM206,0.011836059
277,497,ICA1,ATP8B4,0.011487641
277,219,ICA1,STARD4,0.011475903
277,79,ICA1,MGAT1,0.011475896
277,441,ICA1,MCM7,0.011315995
277,284,ICA1,ANXA5,0.010777845
277,24,ICA1,DYNLL1,0.010765681
277,119,ICA1,PAG1,0.01056195
277,123,ICA1,PAFAH2,0.010464789
277,293,ICA1,MAML3,0.010109766
277,246,ICA1,KLF6,0.009850196
277,214,ICA1,FCHO2,0.009086999
277,203,ICA1,CD33,0.0019926226
277,139,ICA1,CCL3,0.001891791
277,207,ICA1,BLNK,0.0017314992
277,86,ICA1,METTL7A1,0.001727401
277,419,ICA1,NCF1,0.001706698
277,186,ICA1,IL7R,0.0017049707
277,319,ICA1,CD74,0.0016882585
277,63,ICA1,ENG,0.0016767005
277,294,ICA1,TINAGL1,0.001658309
277,132,ICA1,OAS2,0.0016374462
277,332,ICA1,IPCEF1,0.0016346377
277,417,ICA1,UBA7,0.0016221019
277,267,ICA1,CLEC12A,0.0016146932
551,97,IFI206,MYC,0.71429557
551,246,IFI206,KLF6,0.7105279
551,497,IFI206,ATP8B4,0.7050335
551,441,IFI206,MCM7,0.7046144
551,135,IFI206,SLBP,0.70285743
551,409,IFI206,TMEM206,0.70056367
551,174,IFI206,PPCDC,0.6968352
551,182,IFI206,STK17B,0.6968352
551,219,IFI206,STARD4,0.6968269
551,327,IFI206,PRIM1,0.6961986
551,262,IFI206,SSH2,0.6954627
551,556,IFI206,ITGB7,0.69406044
551,79,IFI206,MGAT1,0.69200814
551,119,IFI206,PAG1,0.6911957
551,405,IFI206,GIMAP8,0.6907008
551,169,IFI206,MCM4,0.68909115
551,47,IFI206,LONP2,0.6889375
551,354,IFI206,PPP1R15A,0.6888294
551,24,IFI206,DYNLL1,0.68683684
551,102,IFI206,FUT8,0.6846261
551,339,IFI206,KCTD12,0.68360114
551,525,IFI206,TXNIP,0.682432
551,284,IFI206,ANXA5,0.68166316
551,198,IFI206,CMAH,0.68025756
551,287,IFI206,CSF3R,0.6799753
551,217,IFI206,MYCT1,0.6777093
551,260,IFI206,RHOF,0.67638147
551,197,IFI206,POLA2,0.67555577
551,147,IFI206,ERP29,0.67325574
551,293,IFI206,MAML3,0.6691954
551,224,IFI206,PLSCR4,0.66735506
551,214,IFI206,FCHO2,0.6654371
551,145,IFI206,SPI1,0.652831
551,210,IFI206,CDKN1C,0.65204453
551,19,IFI206,UBASH3A,0.6520293
551,115,IFI206,LTB,0.6508146
551,323,IFI206,SELPLG,0.6480545
551,180,IFI206,RGS2,0.6451739
551,552,IFI206,TLR7,0.6413908
551,455,IFI206,SNAP23,0.64132816
551,404,IFI206,NHP2,0.6386761
551,283,IFI206,SAT1,0.63860404
551,225,IFI206,CDT1,0.6376584
551,555,IFI206,CKS1B,0.6374101
551,335,IFI206,SLC22A3,0.6369119
551,228,IFI206,CCL9,0.6349235
551,123,IFI206,PAFAH2,0.6347284
551,84,IFI206,SLC39A6,0.6336137
551,526,IFI206,SERP1,0.6321951
551,66,IFI206,CCR7,0.6320571
548,115,IFI209,LTB,0.04812637
548,323,IFI209,SELPLG,0.045868352
548,224,IFI209,PLSCR4,0.04159236
548,260,IFI209,RHOF,0.041450355
548,556,IFI209,ITGB7,0.038515083
548,198,IFI209,CMAH,0.037433248
548,147,IFI209,ERP29,0.036864776
548,102,IFI209,FUT8,0.036263674
548,217,IFI209,MYCT1,0.036000114
548,400,IFI209,ANKRD44,0.035988864
548,405,IFI209,GIMAP8,0.03598317
548,455,IFI209,SNAP23,0.034973152
548,174,IFI209,PPCDC,0.034252107
548,182,IFI209,STK17B,0.034252092
548,327,IFI209,PRIM1,0.034191627
548,339,IFI209,KCTD12,0.034045756
548,169,IFI209,MCM4,0.033507038
548,210,IFI209,CDKN1C,0.03286566
548,262,IFI209,SSH2,0.03243176
548,47,IFI209,LONP2,0.031591754
548,354,IFI209,PPP1R15A,0.031142242
548,135,IFI209,SLBP,0.031120522
548,409,IFI209,TMEM206,0.030822832
548,79,IFI209,MGAT1,0.029909892
548,219,IFI209,STARD4,0.029909892
548,497,IFI209,ATP8B4,0.029870315
548,441,IFI209,MCM7,0.02951404
548,284,IFI209,ANXA5,0.02827234
548,24,IFI209,DYNLL1,0.028158905
548,293,IFI209,MAML3,0.028027643
548,119,IFI209,PAG1,0.027689397
548,123,IFI209,PAFAH2,0.02743047
548,180,IFI209,RGS2,0.026987975
548,197,IFI209,POLA2,0.026662435
548,246,IFI209,KLF6,0.02575865
548,525,IFI209,TXNIP,0.025752615
548,214,IFI209,FCHO2,0.024029946
548,203,IFI209,CD33,0.0035553107
548,139,IFI209,CCL3,0.0033512628
548,86,IFI209,METTL7A1,0.00296345
548,207,IFI209,BLNK,0.0029577115
548,186,IFI209,IL7R,0.0029121602
548,419,IFI209,NCF1,0.0029052969
548,294,IFI209,TINAGL1,0.0028685331
548,319,IFI209,CD74,0.0028573708
548,63,IFI209,ENG,0.0028395634
548,132,IFI209,OAS2,0.002757541
548,332,IFI209,IPCEF1,0.002749597
548,417,IFI209,UBA7,0.0027153161
548,267,IFI209,CLEC12A,0.0026963493
543,115,IFI213,LTB,0.033751924
543,323,IFI213,SELPLG,0.03212841
543,224,IFI213,PLSCR4,0.029037727
543,260,IFI213,RHOF,0.02899773
543,556,IFI213,ITGB7,0.026902597
543,198,IFI213,CMAH,0.026123293
543,147,IFI213,ERP29,0.025743613
543,102,IFI213,FUT8,0.025298962
543,217,IFI213,MYCT1,0.02514393
543,400,IFI213,ANKRD44,0.025142258
543,405,IFI213,GIMAP8,0.025109371
543,455,IFI213,SNAP23,0.02438955
543,174,IFI213,PPCDC,0.023905959
543,182,IFI213,STK17B,0.023905953
543,327,IFI213,PRIM1,0.023864735
543,339,IFI213,KCTD12,0.023771433
543,169,IFI213,MCM4,0.023373878
543,210,IFI213,CDKN1C,0.022904461
543,262,IFI213,SSH2,0.022626474
543,47,IFI213,LONP2,0.022052042
543,135,IFI213,SLBP,0.021733295
543,354,IFI213,PPP1R15A,0.021724429
543,409,IFI213,TMEM206,0.021511067
543,79,IFI213,MGAT1,0.020873854
543,219,IFI213,STARD4,0.020873845
543,497,IFI213,ATP8B4,0.020866472
543,441,IFI213,MCM7,0.020601626
543,284,IFI213,ANXA5,0.019722484
543,24,IFI213,DYNLL1,0.019649215
543,293,IFI213,MAML3,0.019532481
543,119,IFI213,PAG1,0.019321436
543,123,IFI213,PAFAH2,0.019142516
543,197,IFI213,POLA2,0.019064583
543,180,IFI213,RGS2,0.01873173
543,246,IFI213,KLF6,0.018004112
543,525,IFI213,TXNIP,0.017972024
543,214,IFI213,FCHO2,0.01677622
543,203,IFI213,CD33,0.002774896
543,139,IFI213,CCL3,0.0026255134
543,86,IFI213,METTL7A1,0.002349632
543,207,IFI213,BLNK,0.0023491438
543,186,IFI213,IL7R,0.0023130367
543,419,IFI213,NCF1,0.0023101126
543,294,IFI213,TINAGL1,0.0022803403
543,319,IFI213,CD74,0.002277361
543,63,IFI213,ENG,0.002262724
543,132,IFI213,OAS2,0.0022000158
543,332,IFI213,IPCEF1,0.0021947287
543,417,IFI213,UBA7,0.002172944
543,267,IFI213,CLEC12A,0.0021584632
396,115,IFI27,LTB,0.039181992
396,323,IFI27,SELPLG,0.037318785
396,260,IFI27,RHOF,0.033717774
396,197,IFI27,POLA2,0.031480234
396,556,IFI27,ITGB7,0.031277496
396,198,IFI27,CMAH,0.030385436
396,102,IFI27,FUT8,0.029430041
396,400,IFI27,ANKRD44,0.029266495
396,217,IFI27,MYCT1,0.029240802
396,405,IFI27,GIMAP8,0.029182587
396,147,IFI27,ERP29,0.02849538
396,455,IFI27,SNAP23,0.028390344
396,174,IFI27,PPCDC,0.027805435
396,182,IFI27,STK17B,0.027805412
396,327,IFI27,PRIM1,0.02772186
396,339,IFI27,KCTD12,0.02765088
396,180,IFI27,RGS2,0.027525777
396,169,IFI27,MCM4,0.027193554
396,210,IFI27,CDKN1C,0.026666341
396,262,IFI27,SSH2,0.02632299
396,47,IFI27,LONP2,0.025654064
396,354,IFI27,PPP1R15A,0.025277607
396,135,IFI27,SLBP,0.025275849
396,224,IFI27,PLSCR4,0.02466673
396,497,IFI27,ATP8B4,0.024533777
396,79,IFI27,MGAT1,0.024283728
396,219,IFI27,STARD4,0.024252389
396,441,IFI27,MCM7,0.023964923
396,284,IFI27,ANXA5,0.022950547
396,24,IFI27,DYNLL1,0.022863789
396,525,IFI27,TXNIP,0.022822652
396,119,IFI27,PAG1,0.022482933
396,123,IFI27,PAFAH2,0.022273492
396,246,IFI27,KLF6,0.020936856
396,214,IFI27,FCHO2,0.019527718
396,409,IFI27,TMEM206,0.017871322
396,293,IFI27,MAML3,0.013567419
396,203,IFI27,CD33,0.0029284577
396,139,IFI27,CCL3,0.0027878177
396,86,IFI27,METTL7A1,0.0026065798
396,207,IFI27,BLNK,0.002601982
396,419,IFI27,NCF1,0.0025608623
396,186,IFI27,IL7R,0.0025575247
396,63,IFI27,ENG,0.002504466
396,294,IFI27,TINAGL1,0.002477998
396,132,IFI27,OAS2,0.0024542417
396,332,IFI27,IPCEF1,0.0024284788
396,417,IFI27,UBA7,0.0023969077
396,267,IFI27,CLEC12A,0.0023834966
396,319,IFI27,CD74,0.0023557015
109,115,IFI27L2A,LTB,0.05155512
109,323,IFI27L2A,SELPLG,0.04913852
109,224,IFI27L2A,PLSCR4,0.044575416
109,260,IFI27L2A,RHOF,0.044398576
109,197,IFI27L2A,POLA2,0.041560635
109,556,IFI27L2A,ITGB7,0.04126264
109,198,IFI27L2A,CMAH,0.04009668
109,102,IFI27L2A,FUT8,0.038841765
109,400,IFI27L2A,ANKRD44,0.038586944
109,405,IFI27L2A,GIMAP8,0.03850727
109,217,IFI27L2A,MYCT1,0.038490202
109,147,IFI27L2A,ERP29,0.037534624
109,455,IFI27L2A,SNAP23,0.037418064
109,180,IFI27L2A,RGS2,0.037401304
109,327,IFI27L2A,PRIM1,0.037041385
109,174,IFI27L2A,PPCDC,0.036674183
109,169,IFI27L2A,MCM4,0.03587113
109,210,IFI27L2A,CDKN1C,0.035123087
109,47,IFI27L2A,LONP2,0.033795346
109,182,IFI27L2A,STK17B,0.033645056
109,354,IFI27L2A,PPP1R15A,0.033319425
109,135,IFI27L2A,SLBP,0.033293013
109,525,IFI27L2A,TXNIP,0.033261105
109,409,IFI27L2A,TMEM206,0.03297817
109,79,IFI27L2A,MGAT1,0.032228533
109,219,IFI27L2A,STARD4,0.031952035
109,497,IFI27L2A,ATP8B4,0.031943068
109,441,IFI27L2A,MCM7,0.031567793
109,284,IFI27L2A,ANXA5,0.030220015
109,24,IFI27L2A,DYNLL1,0.030099627
109,123,IFI27L2A,PAFAH2,0.02931888
109,339,IFI27L2A,KCTD12,0.028907603
109,293,IFI27L2A,MAML3,0.028665438
109,246,IFI27L2A,KLF6,0.027512966
109,262,IFI27L2A,SSH2,0.02646698
109,214,IFI27L2A,FCHO2,0.025562862
109,119,IFI27L2A,PAG1,0.022435037
109,203,IFI27L2A,CD33,0.0036215305
109,139,IFI27L2A,CCL3,0.0034107054
109,86,IFI27L2A,METTL7A1,0.0030062348
109,207,IFI27L2A,BLNK,0.0029975635
109,186,IFI27L2A,IL7R,0.002957177
109,419,IFI27L2A,NCF1,0.0029383556
109,319,IFI27L2A,CD74,0.0028923836
109,63,IFI27L2A,ENG,0.0028726112
109,294,IFI27L2A,TINAGL1,0.0028503826
109,132,IFI27L2A,OAS2,0.0027886396
109,332,IFI27L2A,IPCEF1,0.002783391
109,267,IFI27L2A,CLEC12A,0.0027296958
109,172,IFI27L2A,EPSTI1,0.0026454446
487,323,IGFBP4,SELPLG,0.020623436
487,260,IGFBP4,RHOF,0.01858245
487,197,IGFBP4,POLA2,0.017296335
487,556,IGFBP4,ITGB7,0.01722015
487,198,IGFBP4,CMAH,0.01668886
487,102,IGFBP4,FUT8,0.016156428
487,217,IGFBP4,MYCT1,0.01605565
487,405,IGFBP4,GIMAP8,0.016033646
487,147,IGFBP4,ERP29,0.015644383
487,455,IGFBP4,SNAP23,0.015521884
487,182,IGFBP4,STK17B,0.015274255
487,327,IGFBP4,PRIM1,0.015242321
487,339,IGFBP4,KCTD12,0.01517603
487,180,IGFBP4,RGS2,0.01503361
487,169,IGFBP4,MCM4,0.014913465
487,115,IGFBP4,LTB,0.014818382
487,210,IGFBP4,CDKN1C,0.014564267
487,262,IGFBP4,SSH2,0.014420488
487,47,IGFBP4,LONP2,0.01404508
487,135,IGFBP4,SLBP,0.013874826
487,525,IGFBP4,TXNIP,0.013832014
487,409,IGFBP4,TMEM206,0.013727605
487,219,IGFBP4,STARD4,0.013470082
487,79,IGFBP4,MGAT1,0.013306247
487,441,IGFBP4,MCM7,0.013145164
487,284,IGFBP4,ANXA5,0.012547968
487,24,IGFBP4,DYNLL1,0.0124993315
487,119,IGFBP4,PAG1,0.012301001
487,123,IGFBP4,PAFAH2,0.012188115
487,293,IGFBP4,MAML3,0.01178567
487,246,IGFBP4,KLF6,0.011476113
487,174,IGFBP4,PPCDC,0.011013529
487,214,IGFBP4,FCHO2,0.010662737
487,400,IGFBP4,ANKRD44,0.009496211
487,224,IGFBP4,PLSCR4,0.008222489
487,497,IGFBP4,ATP8B4,0.007991108
487,354,IGFBP4,PPP1R15A,0.0066631436
487,203,IGFBP4,CD33,0.0020189802
487,139,IGFBP4,CCL3,0.0019106679
487,86,IGFBP4,METTL7A1,0.0017347918
487,207,IGFBP4,BLNK,0.0017341196
487,186,IGFBP4,IL7R,0.0017264712
487,419,IGFBP4,NCF1,0.0017004245
487,319,IGFBP4,CD74,0.0016858475
487,63,IGFBP4,ENG,0.0016727025
487,132,IGFBP4,OAS2,0.0016312181
487,332,IGFBP4,IPCEF1,0.001629789
487,417,IGFBP4,UBA7,0.0016210782
487,267,IGFBP4,CLEC12A,0.0016147201
487,172,IGFBP4,EPSTI1,0.0015701969
110,97,IGHM,MYC,0.71429557
110,409,IGHM,TMEM206,0.71389544
110,246,IGHM,KLF6,0.7105279
110,497,IGHM,ATP8B4,0.7050335
110,441,IGHM,MCM7,0.7046144
110,135,IGHM,SLBP,0.70285743
110,400,IGHM,ANKRD44,0.69952744
110,174,IGHM,PPCDC,0.6968352
110,182,IGHM,STK17B,0.6968352
110,79,IGHM,MGAT1,0.6968269
110,219,IGHM,STARD4,0.6965537
110,327,IGHM,PRIM1,0.6961986
110,262,IGHM,SSH2,0.6954627
110,123,IGHM,PAFAH2,0.69452506
110,556,IGHM,ITGB7,0.69134706
110,119,IGHM,PAG1,0.6911957
110,405,IGHM,GIMAP8,0.6907008
110,169,IGHM,MCM4,0.68909115
110,354,IGHM,PPP1R15A,0.68898845
110,47,IGHM,LONP2,0.6889375
110,24,IGHM,DYNLL1,0.68683684
110,102,IGHM,FUT8,0.6846261
110,525,IGHM,TXNIP,0.68265104
110,284,IGHM,ANXA5,0.68166316
110,198,IGHM,CMAH,0.68025756
110,287,IGHM,CSF3R,0.6799753
110,217,IGHM,MYCT1,0.6777093
110,260,IGHM,RHOF,0.67638147
110,147,IGHM,ERP29,0.67325574
110,293,IGHM,MAML3,0.6691954
110,224,IGHM,PLSCR4,0.66735506
110,214,IGHM,FCHO2,0.6654371
110,145,IGHM,SPI1,0.652831
110,210,IGHM,CDKN1C,0.6524053
110,19,IGHM,UBASH3A,0.6520293
110,115,IGHM,LTB,0.6508146
110,323,IGHM,SELPLG,0.6480545
110,180,IGHM,RGS2,0.6451739
110,455,IGHM,SNAP23,0.64132816
110,404,IGHM,NHP2,0.6386761
110,39,IGHM,NUCB2,0.63867444
110,283,IGHM,SAT1,0.63860404
110,555,IGHM,CKS1B,0.6374101
110,225,IGHM,CDT1,0.63730955
110,335,IGHM,SLC22A3,0.6369119
110,228,IGHM,CCL9,0.6349235
110,84,IGHM,SLC39A6,0.6336137
110,7,IGHM,AKNA,0.63281107
110,526,IGHM,SERP1,0.6321951
110,66,IGHM,CCR7,0.6320571
56,79,IGHV1-74,MGAT1,0.7334383
56,405,IGHV1-74,GIMAP8,0.7265014
56,97,IGHV1-74,MYC,0.7148351
56,246,IGHV1-74,KLF6,0.71249676
56,497,IGHV1-74,ATP8B4,0.7050335
56,441,IGHV1-74,MCM7,0.7044136
56,135,IGHV1-74,SLBP,0.70285743
56,409,IGHV1-74,TMEM206,0.70113915
56,400,IGHV1-74,ANKRD44,0.6989498
56,262,IGHV1-74,SSH2,0.6971434
56,174,IGHV1-74,PPCDC,0.6968352
56,182,IGHV1-74,STK17B,0.6964671
56,327,IGHV1-74,PRIM1,0.6961986
56,123,IGHV1-74,PAFAH2,0.69452506
56,169,IGHV1-74,MCM4,0.6919475
56,47,IGHV1-74,LONP2,0.691432
56,119,IGHV1-74,PAG1,0.69140035
56,556,IGHV1-74,ITGB7,0.69134706
56,24,IGHV1-74,DYNLL1,0.68683684
56,102,IGHV1-74,FUT8,0.6846261
56,339,IGHV1-74,KCTD12,0.683567
56,525,IGHV1-74,TXNIP,0.68265104
56,284,IGHV1-74,ANXA5,0.6814155
56,198,IGHV1-74,CMAH,0.68025756
56,287,IGHV1-74,CSF3R,0.6799753
56,217,IGHV1-74,MYCT1,0.6777093
56,260,IGHV1-74,RHOF,0.67638147
56,147,IGHV1-74,ERP29,0.67325574
56,293,IGHV1-74,MAML3,0.6691954
56,214,IGHV1-74,FCHO2,0.66846466
56,224,IGHV1-74,PLSCR4,0.6671476
56,84,IGHV1-74,SLC39A6,0.6668374
56,145,IGHV1-74,SPI1,0.652831
56,210,IGHV1-74,CDKN1C,0.65204453
56,19,IGHV1-74,UBASH3A,0.6520293
56,115,IGHV1-74,LTB,0.6508146
56,323,IGHV1-74,SELPLG,0.6480545
56,180,IGHV1-74,RGS2,0.6451739
56,455,IGHV1-74,SNAP23,0.64132816
56,404,IGHV1-74,NHP2,0.6386761
56,225,IGHV1-74,CDT1,0.6376584
56,283,IGHV1-74,SAT1,0.63764775
56,555,IGHV1-74,CKS1B,0.6374101
56,335,IGHV1-74,SLC22A3,0.6369119
56,219,IGHV1-74,STARD4,0.63559544
56,228,IGHV1-74,CCL9,0.6349235
56,7,IGHV1-74,AKNA,0.63281107
56,526,IGHV1-74,SERP1,0.6326663
56,66,IGHV1-74,CCR7,0.6320571
56,552,IGHV1-74,TLR7,0.6320571
232,97,IGHV1-77,MYC,0.71429557
232,246,IGHV1-77,KLF6,0.7105279
232,497,IGHV1-77,ATP8B4,0.70518696
232,441,IGHV1-77,MCM7,0.70496726
232,135,IGHV1-77,SLBP,0.70285743
232,409,IGHV1-77,TMEM206,0.70056367
232,219,IGHV1-77,STARD4,0.6995128
232,400,IGHV1-77,ANKRD44,0.6989498
232,174,IGHV1-77,PPCDC,0.6968352
232,182,IGHV1-77,STK17B,0.6968352
232,79,IGHV1-77,MGAT1,0.6968269
232,327,IGHV1-77,PRIM1,0.6961986
232,262,IGHV1-77,SSH2,0.6954627
232,123,IGHV1-77,PAFAH2,0.69452506
232,556,IGHV1-77,ITGB7,0.69134706
232,119,IGHV1-77,PAG1,0.6911957
232,526,IGHV1-77,SERP1,0.6898073
232,169,IGHV1-77,MCM4,0.68909115
232,354,IGHV1-77,PPP1R15A,0.68898845
232,47,IGHV1-77,LONP2,0.6889375
232,24,IGHV1-77,DYNLL1,0.68683684
232,339,IGHV1-77,KCTD12,0.68360114
232,525,IGHV1-77,TXNIP,0.68265104
232,284,IGHV1-77,ANXA5,0.68166316
232,198,IGHV1-77,CMAH,0.6804082
232,287,IGHV1-77,CSF3R,0.6799753
232,217,IGHV1-77,MYCT1,0.6777093
232,260,IGHV1-77,RHOF,0.67638147
232,197,IGHV1-77,POLA2,0.67586786
232,147,IGHV1-77,ERP29,0.67325306
232,293,IGHV1-77,MAML3,0.6691954
232,214,IGHV1-77,FCHO2,0.6654371
232,176,IGHV1-77,HAAO,0.66320974
232,267,IGHV1-77,CLEC12A,0.65427256
232,145,IGHV1-77,SPI1,0.652831
232,210,IGHV1-77,CDKN1C,0.65204453
232,19,IGHV1-77,UBASH3A,0.6520293
232,115,IGHV1-77,LTB,0.6508146
232,438,IGHV1-77,ZNRF2,0.6500511
232,323,IGHV1-77,SELPLG,0.64806074
232,180,IGHV1-77,RGS2,0.6451739
232,455,IGHV1-77,SNAP23,0.64132816
232,404,IGHV1-77,NHP2,0.6386761
232,283,IGHV1-77,SAT1,0.63860404
232,225,IGHV1-77,CDT1,0.6376584
232,555,IGHV1-77,CKS1B,0.6374101
232,335,IGHV1-77,SLC22A3,0.6369119
232,228,IGHV1-77,CCL9,0.6349235
232,84,IGHV1-77,SLC39A6,0.6336137
232,66,IGHV1-77,CCR7,0.6320571
104,182,IGHV1-81,STK17B,0.73369884
104,97,IGHV1-81,MYC,0.71452236
104,246,IGHV1-81,KLF6,0.7105279
104,497,IGHV1-81,ATP8B4,0.7050335
104,441,IGHV1-81,MCM7,0.7046144
104,135,IGHV1-81,SLBP,0.70285743
104,409,IGHV1-81,TMEM206,0.70056367
104,79,IGHV1-81,MGAT1,0.6995128
104,400,IGHV1-81,ANKRD44,0.6989498
104,327,IGHV1-81,PRIM1,0.69782615
104,174,IGHV1-81,PPCDC,0.6968352
104,219,IGHV1-81,STARD4,0.6965752
104,123,IGHV1-81,PAFAH2,0.69452506
104,556,IGHV1-81,ITGB7,0.69134706
104,405,IGHV1-81,GIMAP8,0.6907008
104,169,IGHV1-81,MCM4,0.68909115
104,354,IGHV1-81,PPP1R15A,0.68898845
104,47,IGHV1-81,LONP2,0.6889375
104,24,IGHV1-81,DYNLL1,0.68683684
104,102,IGHV1-81,FUT8,0.6846261
104,525,IGHV1-81,TXNIP,0.68265104
104,284,IGHV1-81,ANXA5,0.68166316
104,198,IGHV1-81,CMAH,0.68025756
104,287,IGHV1-81,CSF3R,0.6799753
104,217,IGHV1-81,MYCT1,0.67733604
104,260,IGHV1-81,RHOF,0.67638147
104,197,IGHV1-81,POLA2,0.67586786
104,147,IGHV1-81,ERP29,0.67325574
104,293,IGHV1-81,MAML3,0.6722279
104,224,IGHV1-81,PLSCR4,0.66735506
104,214,IGHV1-81,FCHO2,0.6639933
104,145,IGHV1-81,SPI1,0.652831
104,210,IGHV1-81,CDKN1C,0.6517825
104,115,IGHV1-81,LTB,0.6508146
104,281,IGHV1-81,NUDT19,0.64969575
104,323,IGHV1-81,SELPLG,0.6480545
104,339,IGHV1-81,KCTD12,0.64290905
104,180,IGHV1-81,RGS2,0.64150894
104,455,IGHV1-81,SNAP23,0.64132816
104,404,IGHV1-81,NHP2,0.6386761
104,283,IGHV1-81,SAT1,0.63860404
104,225,IGHV1-81,CDT1,0.6376584
104,555,IGHV1-81,CKS1B,0.6370889
104,335,IGHV1-81,SLC22A3,0.6369119
104,19,IGHV1-81,UBASH3A,0.6367588
104,84,IGHV1-81,SLC39A6,0.6336137
104,7,IGHV1-81,AKNA,0.63281107
104,526,IGHV1-81,SERP1,0.6321951
104,66,IGHV1-81,CCR7,0.6320571
104,396,IGHV1-81,IFI27,0.630001
64,97,IGHV1-82,MYC,0.7143095
64,246,IGHV1-82,KLF6,0.7105279
64,441,IGHV1-82,MCM7,0.707203
64,497,IGHV1-82,ATP8B4,0.7047957
64,135,IGHV1-82,SLBP,0.7040473
64,409,IGHV1-82,TMEM206,0.70056367
64,327,IGHV1-82,PRIM1,0.70052755
64,400,IGHV1-82,ANKRD44,0.6989498
64,219,IGHV1-82,STARD4,0.6973362
64,174,IGHV1-82,PPCDC,0.6968352
64,79,IGHV1-82,MGAT1,0.6968269
64,262,IGHV1-82,SSH2,0.6956133
64,123,IGHV1-82,PAFAH2,0.6949189
64,556,IGHV1-82,ITGB7,0.69134706
64,119,IGHV1-82,PAG1,0.6911957
64,405,IGHV1-82,GIMAP8,0.68967396
64,169,IGHV1-82,MCM4,0.68909115
64,354,IGHV1-82,PPP1R15A,0.68898845
64,47,IGHV1-82,LONP2,0.6889375
64,24,IGHV1-82,DYNLL1,0.68757004
64,102,IGHV1-82,FUT8,0.68478894
64,339,IGHV1-82,KCTD12,0.68360114
64,525,IGHV1-82,TXNIP,0.68265104
64,284,IGHV1-82,ANXA5,0.68166316
64,198,IGHV1-82,CMAH,0.68025756
64,555,IGHV1-82,CKS1B,0.67927104
64,217,IGHV1-82,MYCT1,0.6774441
64,260,IGHV1-82,RHOF,0.67638147
64,147,IGHV1-82,ERP29,0.67325574
64,293,IGHV1-82,MAML3,0.6691954
64,224,IGHV1-82,PLSCR4,0.66735506
64,214,IGHV1-82,FCHO2,0.6654371
64,145,IGHV1-82,SPI1,0.652831
64,210,IGHV1-82,CDKN1C,0.65204453
64,19,IGHV1-82,UBASH3A,0.6520293
64,115,IGHV1-82,LTB,0.6508146
64,83,IGHV1-82,USP11,0.6431299
64,455,IGHV1-82,SNAP23,0.6430433
64,287,IGHV1-82,CSF3R,0.6426413
64,283,IGHV1-82,SAT1,0.6391747
64,404,IGHV1-82,NHP2,0.6386761
64,225,IGHV1-82,CDT1,0.6376584
64,335,IGHV1-82,SLC22A3,0.6369119
64,228,IGHV1-82,CCL9,0.6349235
64,84,IGHV1-82,SLC39A6,0.63483024
64,182,IGHV1-82,STK17B,0.63353646
64,526,IGHV1-82,SERP1,0.6321951
64,66,IGHV1-82,CCR7,0.6320571
64,552,IGHV1-82,TLR7,0.6320571
64,466,IGHV1-82,ZFP367,0.62894857
394,197,IGKC,POLA2,0.7904645
394,455,IGKC,SNAP23,0.77698493
394,102,IGKC,FUT8,0.7200097
394,97,IGKC,MYC,0.71429557
394,246,IGKC,KLF6,0.7105279
394,497,IGKC,ATP8B4,0.7050335
394,441,IGKC,MCM7,0.7046144
394,135,IGKC,SLBP,0.70285743
394,400,IGKC,ANKRD44,0.6989498
394,174,IGKC,PPCDC,0.6968352
394,182,IGKC,STK17B,0.6968352
394,79,IGKC,MGAT1,0.6968269
394,219,IGKC,STARD4,0.6968269
394,327,IGKC,PRIM1,0.6961986
394,262,IGKC,SSH2,0.6954627
394,123,IGKC,PAFAH2,0.69452506
394,556,IGKC,ITGB7,0.69134706
394,119,IGKC,PAG1,0.69096047
394,405,IGKC,GIMAP8,0.6906665
394,169,IGKC,MCM4,0.68909115
394,354,IGKC,PPP1R15A,0.68898845
394,47,IGKC,LONP2,0.6889375
394,24,IGKC,DYNLL1,0.68683684
394,339,IGKC,KCTD12,0.68360114
394,525,IGKC,TXNIP,0.68265104
394,287,IGKC,CSF3R,0.6796172
394,260,IGKC,RHOF,0.67638147
394,147,IGKC,ERP29,0.6732193
394,293,IGKC,MAML3,0.6691954
394,214,IGKC,FCHO2,0.6654371
394,409,IGKC,TMEM206,0.65916604
394,145,IGKC,SPI1,0.6550841
394,210,IGKC,CDKN1C,0.65204453
394,19,IGKC,UBASH3A,0.651162
394,115,IGKC,LTB,0.6508146
394,323,IGKC,SELPLG,0.6477984
394,180,IGKC,RGS2,0.6451739
394,283,IGKC,SAT1,0.63860404
394,404,IGKC,NHP2,0.6382229
394,225,IGKC,CDT1,0.6376584
394,555,IGKC,CKS1B,0.6374101
394,335,IGKC,SLC22A3,0.6369119
394,228,IGKC,CCL9,0.63380986
394,84,IGKC,SLC39A6,0.6336137
394,7,IGKC,AKNA,0.63281107
394,526,IGKC,SERP1,0.6321951
394,552,IGKC,TLR7,0.6320571
394,396,IGKC,IFI27,0.62943476
394,466,IGKC,ZFP367,0.62894857
394,243,IGKC,VAMP1,0.62725025
408,97,IKZF1,MYC,0.8467962
408,246,IKZF1,KLF6,0.8331649
408,145,IKZF1,SPI1,0.82985586
408,287,IKZF1,CSF3R,0.82792336
408,441,IKZF1,MCM7,0.82657737
408,497,IKZF1,ATP8B4,0.82633895
408,135,IKZF1,SLBP,0.82448494
408,409,IKZF1,TMEM206,0.82356715
408,79,IKZF1,MGAT1,0.8216828
408,123,IKZF1,PAFAH2,0.821613
408,219,IKZF1,STARD4,0.8212821
408,262,IKZF1,SSH2,0.8195836
408,400,IKZF1,ANKRD44,0.8195519
408,174,IKZF1,PPCDC,0.81939614
408,182,IKZF1,STK17B,0.81939614
408,327,IKZF1,PRIM1,0.81923854
408,119,IKZF1,PAG1,0.8188045
408,24,IKZF1,DYNLL1,0.8160576
408,354,IKZF1,PPP1R15A,0.815234
408,405,IKZF1,GIMAP8,0.81473035
408,47,IKZF1,LONP2,0.81442004
408,556,IKZF1,ITGB7,0.8134392
408,284,IKZF1,ANXA5,0.8118921
408,102,IKZF1,FUT8,0.8106739
408,525,IKZF1,TXNIP,0.8106514
408,19,IKZF1,UBASH3A,0.80939454
408,198,IKZF1,CMAH,0.80669993
408,404,IKZF1,NHP2,0.80635357
408,84,IKZF1,SLC39A6,0.806306
408,225,IKZF1,CDT1,0.8054045
408,293,IKZF1,MAML3,0.8048026
408,555,IKZF1,CKS1B,0.8043589
408,217,IKZF1,MYCT1,0.8042286
408,7,IKZF1,AKNA,0.80374295
408,488,IKZF1,RNF38,0.8031474
408,335,IKZF1,SLC22A3,0.8030577
408,197,IKZF1,POLA2,0.80281967
408,552,IKZF1,TLR7,0.80193114
408,214,IKZF1,FCHO2,0.80190146
408,396,IKZF1,IFI27,0.80186737
408,73,IKZF1,UHRF1,0.8017953
408,549,IKZF1,SLC26A11,0.8017652
408,147,IKZF1,ERP29,0.8005011
408,161,IKZF1,ELOVL5,0.80039096
408,526,IKZF1,SERP1,0.8003738
408,260,IKZF1,RHOF,0.80024195
408,466,IKZF1,ZFP367,0.8000686
408,133,IKZF1,CDK19,0.79902405
408,486,IKZF1,SLC9A9,0.7988604
408,318,IKZF1,RANBP1,0.7987378
350,174,IL10RA,PPCDC,0.79507214
350,97,IL10RA,MYC,0.71429557
350,246,IL10RA,KLF6,0.7105279
350,497,IL10RA,ATP8B4,0.7050335
350,441,IL10RA,MCM7,0.7046144
350,135,IL10RA,SLBP,0.70285743
350,400,IL10RA,ANKRD44,0.6989563
350,182,IL10RA,STK17B,0.69886136
350,123,IL10RA,PAFAH2,0.69705164
350,79,IL10RA,MGAT1,0.6968269
350,219,IL10RA,STARD4,0.6968269
350,327,IL10RA,PRIM1,0.6964305
350,262,IL10RA,SSH2,0.6954627
350,556,IL10RA,ITGB7,0.69134706
350,119,IL10RA,PAG1,0.6911957
350,405,IL10RA,GIMAP8,0.6907008
350,203,IL10RA,CD33,0.6891677
350,169,IL10RA,MCM4,0.68909115
350,354,IL10RA,PPP1R15A,0.68898845
350,47,IL10RA,LONP2,0.6889459
350,24,IL10RA,DYNLL1,0.68683684
350,102,IL10RA,FUT8,0.6846261
350,339,IL10RA,KCTD12,0.68360114
350,525,IL10RA,TXNIP,0.68265104
350,284,IL10RA,ANXA5,0.68166316
350,198,IL10RA,CMAH,0.6799441
350,217,IL10RA,MYCT1,0.6777093
350,260,IL10RA,RHOF,0.67638147
350,197,IL10RA,POLA2,0.6760474
350,147,IL10RA,ERP29,0.67325574
350,293,IL10RA,MAML3,0.6691954
350,224,IL10RA,PLSCR4,0.66735506
350,214,IL10RA,FCHO2,0.6654371
350,145,IL10RA,SPI1,0.6533285
350,210,IL10RA,CDKN1C,0.65204453
350,19,IL10RA,UBASH3A,0.6520293
350,115,IL10RA,LTB,0.6508146
350,180,IL10RA,RGS2,0.6451739
350,455,IL10RA,SNAP23,0.64132816
350,287,IL10RA,CSF3R,0.64068633
350,404,IL10RA,NHP2,0.6386761
350,283,IL10RA,SAT1,0.63860404
350,225,IL10RA,CDT1,0.6376584
350,555,IL10RA,CKS1B,0.6374101
350,335,IL10RA,SLC22A3,0.6369119
350,228,IL10RA,CCL9,0.6349235
350,84,IL10RA,SLC39A6,0.6336137
350,7,IL10RA,AKNA,0.6333543
350,66,IL10RA,CCR7,0.6320571
350,552,IL10RA,TLR7,0.6320571
356,115,IL12A,LTB,0.06711198
356,323,IL12A,SELPLG,0.06405804
356,224,IL12A,PLSCR4,0.058346298
356,260,IL12A,RHOF,0.058009427
356,197,IL12A,POLA2,0.05446654
356,556,IL12A,ITGB7,0.054032635
356,198,IL12A,CMAH,0.052554585
356,400,IL12A,ANKRD44,0.05055645
356,405,IL12A,GIMAP8,0.050489474
356,217,IL12A,MYCT1,0.050451953
356,455,IL12A,SNAP23,0.049083274
356,182,IL12A,STK17B,0.048113793
356,327,IL12A,PRIM1,0.04795783
356,339,IL12A,KCTD12,0.047694076
356,180,IL12A,RGS2,0.047687322
356,169,IL12A,MCM4,0.04708471
356,210,IL12A,CDKN1C,0.04618958
356,262,IL12A,SSH2,0.045578774
356,47,IL12A,LONP2,0.044360932
356,354,IL12A,PPP1R15A,0.043765437
356,147,IL12A,ERP29,0.043764338
356,135,IL12A,SLBP,0.04369187
356,525,IL12A,TXNIP,0.04365979
356,79,IL12A,MGAT1,0.042020295
356,497,IL12A,ATP8B4,0.041926328
356,284,IL12A,ANXA5,0.039727215
356,24,IL12A,DYNLL1,0.039551206
356,119,IL12A,PAG1,0.03890758
356,123,IL12A,PAFAH2,0.03854241
356,293,IL12A,MAML3,0.037419457
356,246,IL12A,KLF6,0.036140442
356,441,IL12A,MCM7,0.035119172
356,214,IL12A,FCHO2,0.033721123
356,174,IL12A,PPCDC,0.032431215
356,102,IL12A,FUT8,0.019628027
356,409,IL12A,TMEM206,0.01954654
356,219,IL12A,STARD4,0.008236098
356,139,IL12A,CCL3,0.00454387
356,203,IL12A,CD33,0.0044335336
356,332,IL12A,IPCEF1,0.0036819235
356,86,IL12A,METTL7A1,0.003639919
356,207,IL12A,BLNK,0.0036282924
356,186,IL12A,IL7R,0.0035783963
356,419,IL12A,NCF1,0.0035614746
356,319,IL12A,CD74,0.003493765
356,63,IL12A,ENG,0.0034683512
356,294,IL12A,TINAGL1,0.003440207
356,132,IL12A,OAS2,0.0033614214
356,417,IL12A,UBA7,0.0033110187
356,267,IL12A,CLEC12A,0.0032863535
11,115,IL17RA,LTB,0.04252696
11,224,IL17RA,PLSCR4,0.03665446
11,260,IL17RA,RHOF,0.03655514
11,197,IL17RA,POLA2,0.034158178
11,556,IL17RA,ITGB7,0.033911552
11,198,IL17RA,CMAH,0.03295636
11,102,IL17RA,FUT8,0.031915992
11,400,IL17RA,ANKRD44,0.03173079
11,217,IL17RA,MYCT1,0.031687547
11,405,IL17RA,GIMAP8,0.031562213
11,147,IL17RA,ERP29,0.03086698
11,455,IL17RA,SNAP23,0.030743733
11,182,IL17RA,STK17B,0.030137708
11,174,IL17RA,PPCDC,0.030137703
11,327,IL17RA,PRIM1,0.030084625
11,339,IL17RA,KCTD12,0.029950168
11,180,IL17RA,RGS2,0.029811408
11,169,IL17RA,MCM4,0.029467842
11,262,IL17RA,SSH2,0.028866755
11,47,IL17RA,LONP2,0.027761916
11,354,IL17RA,PPP1R15A,0.02736726
11,525,IL17RA,TXNIP,0.027330963
11,409,IL17RA,TMEM206,0.027092671
11,219,IL17RA,STARD4,0.026280906
11,79,IL17RA,MGAT1,0.026280897
11,497,IL17RA,ATP8B4,0.02625592
11,441,IL17RA,MCM7,0.025941532
11,284,IL17RA,ANXA5,0.024812706
11,24,IL17RA,DYNLL1,0.024743939
11,119,IL17RA,PAG1,0.024307007
11,293,IL17RA,MAML3,0.023353936
11,246,IL17RA,KLF6,0.022767955
11,210,IL17RA,CDKN1C,0.02149916
11,214,IL17RA,FCHO2,0.021055827
11,135,IL17RA,SLBP,0.019385463
11,123,IL17RA,PAFAH2,0.014692033
11,323,IL17RA,SELPLG,0.0072635687
11,203,IL17RA,CD33,0.0031607584
11,86,IL17RA,METTL7A1,0.0026412609
11,207,IL17RA,BLNK,0.0026346156
11,186,IL17RA,IL7R,0.002599533
11,419,IL17RA,NCF1,0.0025851289
11,319,IL17RA,CD74,0.0025419716
11,63,IL17RA,ENG,0.0025291797
11,294,IL17RA,TINAGL1,0.0025105008
11,132,IL17RA,OAS2,0.0024585533
11,332,IL17RA,IPCEF1,0.0024522406
11,417,IL17RA,UBA7,0.0024242522
11,267,IL17RA,CLEC12A,0.0024055236
11,172,IL17RA,EPSTI1,0.002337112
273,115,IL17RE,LTB,0.04413324
273,323,IL17RE,SELPLG,0.04189422
273,224,IL17RE,PLSCR4,0.03787934
273,260,IL17RE,RHOF,0.03775145
273,197,IL17RE,POLA2,0.035233222
273,556,IL17RE,ITGB7,0.034996808
273,198,IL17RE,CMAH,0.0339671
273,217,IL17RE,MYCT1,0.033007827
273,102,IL17RE,FUT8,0.032879174
273,400,IL17RE,ANKRD44,0.032679584
273,405,IL17RE,GIMAP8,0.032593533
273,147,IL17RE,ERP29,0.031743992
273,455,IL17RE,SNAP23,0.03161083
273,174,IL17RE,PPCDC,0.031010797
273,182,IL17RE,STK17B,0.031010797
273,327,IL17RE,PRIM1,0.030958418
273,339,IL17RE,KCTD12,0.03079483
273,180,IL17RE,RGS2,0.030646883
273,169,IL17RE,MCM4,0.030309085
273,210,IL17RE,CDKN1C,0.029661039
273,262,IL17RE,SSH2,0.029311864
273,47,IL17RE,LONP2,0.028513392
273,354,IL17RE,PPP1R15A,0.02810159
273,135,IL17RE,SLBP,0.028095763
273,525,IL17RE,TXNIP,0.02804888
273,409,IL17RE,TMEM206,0.027815614
273,219,IL17RE,STARD4,0.02696651
273,79,IL17RE,MGAT1,0.026966495
273,497,IL17RE,ATP8B4,0.026932111
273,441,IL17RE,MCM7,0.026602231
273,284,IL17RE,ANXA5,0.02541599
273,24,IL17RE,DYNLL1,0.025331907
273,119,IL17RE,PAG1,0.024893964
273,123,IL17RE,PAFAH2,0.02465915
273,293,IL17RE,MAML3,0.023889713
273,246,IL17RE,KLF6,0.02312472
273,214,IL17RE,FCHO2,0.02147589
273,203,IL17RE,CD33,0.0030875397
273,139,IL17RE,CCL3,0.0028901086
273,86,IL17RE,METTL7A1,0.0025496485
273,207,IL17RE,BLNK,0.0025484846
273,186,IL17RE,IL7R,0.0025156492
273,419,IL17RE,NCF1,0.0024953554
273,319,IL17RE,CD74,0.0024614036
273,63,IL17RE,ENG,0.0024432437
273,294,IL17RE,TINAGL1,0.0024245013
273,132,IL17RE,OAS2,0.002370086
273,332,IL17RE,IPCEF1,0.00236502
273,417,IL17RE,UBA7,0.0023429084
273,267,IL17RE,CLEC12A,0.0023267805
90,115,IL18BP,LTB,0.12725863
90,323,IL18BP,SELPLG,0.116413556
90,224,IL18BP,PLSCR4,0.10829879
90,260,IL18BP,RHOF,0.10655646
90,197,IL18BP,POLA2,0.101097725
90,556,IL18BP,ITGB7,0.10041007
90,198,IL18BP,CMAH,0.097421676
90,405,IL18BP,GIMAP8,0.09501467
90,102,IL18BP,FUT8,0.09460608
90,217,IL18BP,MYCT1,0.09232944
90,147,IL18BP,ERP29,0.08947262
90,174,IL18BP,PPCDC,0.08923383
90,182,IL18BP,STK17B,0.08923377
90,327,IL18BP,PRIM1,0.08901742
90,455,IL18BP,SNAP23,0.0887721
90,169,IL18BP,MCM4,0.08712012
90,180,IL18BP,RGS2,0.08693674
90,47,IL18BP,LONP2,0.08481171
90,210,IL18BP,CDKN1C,0.08412952
90,135,IL18BP,SLBP,0.08017678
90,409,IL18BP,TMEM206,0.07988146
90,525,IL18BP,TXNIP,0.07949891
90,79,IL18BP,MGAT1,0.07796092
90,219,IL18BP,STARD4,0.077169776
90,441,IL18BP,MCM7,0.07633433
90,284,IL18BP,ANXA5,0.07219278
90,24,IL18BP,DYNLL1,0.07193838
90,119,IL18BP,PAG1,0.070900746
90,123,IL18BP,PAFAH2,0.070284
90,293,IL18BP,MAML3,0.06740687
90,354,IL18BP,PPP1R15A,0.06668941
90,246,IL18BP,KLF6,0.0655313
90,214,IL18BP,FCHO2,0.059690285
90,497,IL18BP,ATP8B4,0.05697859
90,400,IL18BP,ANKRD44,0.055041973
90,339,IL18BP,KCTD12,0.05185223
90,262,IL18BP,SSH2,0.032562867
90,203,IL18BP,CD33,0.005452806
90,139,IL18BP,CCL3,0.0050252276
90,186,IL18BP,IL7R,0.0042198217
90,86,IL18BP,METTL7A1,0.0041660783
90,207,IL18BP,BLNK,0.0040990687
90,294,IL18BP,TINAGL1,0.0039288653
90,319,IL18BP,CD74,0.0038293225
90,63,IL18BP,ENG,0.0037281215
90,267,IL18BP,CLEC12A,0.0037253792
90,172,IL18BP,EPSTI1,0.0037220693
90,419,IL18BP,NCF1,0.003722057
90,417,IL18BP,UBA7,0.0037161487
90,332,IL18BP,IPCEF1,0.003654436
461,115,IL18RAP,LTB,0.041580517
461,323,IL18RAP,SELPLG,0.039613817
461,224,IL18RAP,PLSCR4,0.035869453
461,260,IL18RAP,RHOF,0.035778597
461,197,IL18RAP,POLA2,0.03344409
461,556,IL18RAP,ITGB7,0.033229444
461,102,IL18RAP,FUT8,0.031267833
461,400,IL18RAP,ANKRD44,0.031092362
461,217,IL18RAP,MYCT1,0.031061718
461,405,IL18RAP,GIMAP8,0.03100847
461,147,IL18RAP,ERP29,0.030224385
461,455,IL18RAP,SNAP23,0.030161636
461,182,IL18RAP,STK17B,0.029541936
461,327,IL18RAP,PRIM1,0.029488387
461,210,IL18RAP,CDKN1C,0.029439189
461,339,IL18RAP,KCTD12,0.029373752
461,180,IL18RAP,RGS2,0.029248463
461,169,IL18RAP,MCM4,0.029135855
461,262,IL18RAP,SSH2,0.027969064
461,198,IL18RAP,CMAH,0.027774831
461,47,IL18RAP,LONP2,0.027258364
461,354,IL18RAP,PPP1R15A,0.02685861
461,135,IL18RAP,SLBP,0.02685375
461,525,IL18RAP,TXNIP,0.026698587
461,409,IL18RAP,TMEM206,0.02658865
461,219,IL18RAP,STARD4,0.025801867
461,79,IL18RAP,MGAT1,0.025735734
461,441,IL18RAP,MCM7,0.025469253
461,174,IL18RAP,PPCDC,0.024899725
461,284,IL18RAP,ANXA5,0.02439438
461,24,IL18RAP,DYNLL1,0.02429353
461,119,IL18RAP,PAG1,0.023891667
461,123,IL18RAP,PAFAH2,0.02366845
461,293,IL18RAP,MAML3,0.022976642
461,246,IL18RAP,KLF6,0.022243708
461,214,IL18RAP,FCHO2,0.020752639
461,497,IL18RAP,ATP8B4,0.016755361
461,203,IL18RAP,CD33,0.0032401788
461,139,IL18RAP,CCL3,0.0030639805
461,207,IL18RAP,BLNK,0.0027168994
461,86,IL18RAP,METTL7A1,0.0027158377
461,186,IL18RAP,IL7R,0.0026737154
461,419,IL18RAP,NCF1,0.002665529
461,319,IL18RAP,CD74,0.002630703
461,63,IL18RAP,ENG,0.0026156313
461,294,IL18RAP,TINAGL1,0.0025855803
461,132,IL18RAP,OAS2,0.0025425002
461,332,IL18RAP,IPCEF1,0.002534928
461,417,IL18RAP,UBA7,0.0024951475
461,267,IL18RAP,CLEC12A,0.002486396
88,115,IL1R1,LTB,0.012293019
88,323,IL1R1,SELPLG,0.0113055585
88,260,IL1R1,RHOF,0.01026555
88,224,IL1R1,PLSCR4,0.010236401
88,197,IL1R1,POLA2,0.009567552
88,556,IL1R1,ITGB7,0.0095440615
88,198,IL1R1,CMAH,0.00927326
88,405,IL1R1,GIMAP8,0.00899197
88,102,IL1R1,FUT8,0.008983238
88,217,IL1R1,MYCT1,0.008965926
88,147,IL1R1,ERP29,0.008734903
88,455,IL1R1,SNAP23,0.008627033
88,327,IL1R1,PRIM1,0.008516568
88,174,IL1R1,PPCDC,0.008502632
88,182,IL1R1,STK17B,0.008502628
88,180,IL1R1,RGS2,0.008357098
88,47,IL1R1,LONP2,0.008331861
88,169,IL1R1,MCM4,0.008330506
88,210,IL1R1,CDKN1C,0.008141495
88,525,IL1R1,TXNIP,0.007818633
88,135,IL1R1,SLBP,0.0077903527
88,409,IL1R1,TMEM206,0.007703473
88,79,IL1R1,MGAT1,0.007590283
88,219,IL1R1,STARD4,0.007512451
88,441,IL1R1,MCM7,0.007415046
88,354,IL1R1,PPP1R15A,0.0072418973
88,284,IL1R1,ANXA5,0.0071612634
88,24,IL1R1,DYNLL1,0.0071365125
88,119,IL1R1,PAG1,0.0070133596
88,123,IL1R1,PAFAH2,0.006952801
88,293,IL1R1,MAML3,0.0068036895
88,246,IL1R1,KLF6,0.0066227573
88,339,IL1R1,KCTD12,0.0065557007
88,214,IL1R1,FCHO2,0.006223601
88,497,IL1R1,ATP8B4,0.006089003
88,400,IL1R1,ANKRD44,0.0055761407
88,262,IL1R1,SSH2,0.00448939
88,203,IL1R1,CD33,0.0016543855
88,139,IL1R1,CCL3,0.001607231
88,207,IL1R1,BLNK,0.0014746969
88,86,IL1R1,METTL7A1,0.001469552
88,419,IL1R1,NCF1,0.0014594516
88,186,IL1R1,IL7R,0.0014488802
88,319,IL1R1,CD74,0.0014446498
88,63,IL1R1,ENG,0.0014354084
88,294,IL1R1,TINAGL1,0.0014136618
88,132,IL1R1,OAS2,0.0014042116
88,332,IL1R1,IPCEF1,0.001401878
88,172,IL1R1,EPSTI1,0.0013953382
88,417,IL1R1,UBA7,0.0013924536
186,115,IL7R,LTB,0.03034068
186,323,IL7R,SELPLG,0.02889745
186,260,IL7R,RHOF,0.026091844
186,224,IL7R,PLSCR4,0.026080977
186,197,IL7R,POLA2,0.024333326
186,556,IL7R,ITGB7,0.024214424
186,400,IL7R,ANKRD44,0.022694902
186,217,IL7R,MYCT1,0.02266441
186,405,IL7R,GIMAP8,0.022600863
186,147,IL7R,ERP29,0.022060787
186,182,IL7R,STK17B,0.021550186
186,327,IL7R,PRIM1,0.021514466
186,339,IL7R,KCTD12,0.021442134
186,180,IL7R,RGS2,0.02128241
186,102,IL7R,FUT8,0.021092648
186,169,IL7R,MCM4,0.021078706
186,210,IL7R,CDKN1C,0.020693246
186,262,IL7R,SSH2,0.02041398
186,174,IL7R,PPCDC,0.019778566
186,135,IL7R,SLBP,0.019624347
186,354,IL7R,PPP1R15A,0.019614547
186,409,IL7R,TMEM206,0.019436372
186,79,IL7R,MGAT1,0.018858293
186,497,IL7R,ATP8B4,0.01885494
186,441,IL7R,MCM7,0.018614592
186,284,IL7R,ANXA5,0.017843949
186,24,IL7R,DYNLL1,0.01777383
186,119,IL7R,PAG1,0.017479142
186,123,IL7R,PAFAH2,0.017319083
186,293,IL7R,MAML3,0.01679867
186,246,IL7R,KLF6,0.016301163
186,455,IL7R,SNAP23,0.016131623
186,219,IL7R,STARD4,0.015763914
186,214,IL7R,FCHO2,0.015046613
186,525,IL7R,TXNIP,0.010809472
186,198,IL7R,CMAH,0.0049279463
186,47,IL7R,LONP2,0.004782148
186,203,IL7R,CD33,0.0027070593
186,139,IL7R,CCL3,0.0025694587
186,86,IL7R,METTL7A1,0.0023053554
186,419,IL7R,NCF1,0.0022766406
186,319,IL7R,CD74,0.002241233
186,63,IL7R,ENG,0.0022270605
186,294,IL7R,TINAGL1,0.0021958903
186,207,IL7R,BLNK,0.0021633941
186,332,IL7R,IPCEF1,0.0021621564
186,417,IL7R,UBA7,0.0021387334
186,267,IL7R,CLEC12A,0.0021252462
186,132,IL7R,OAS2,0.0021010414
186,307,IL7R,GPR18,0.0020764868
332,115,IPCEF1,LTB,0.0203477
332,224,IPCEF1,PLSCR4,0.017486693
332,197,IPCEF1,POLA2,0.016325312
332,556,IPCEF1,ITGB7,0.016248586
332,198,IPCEF1,CMAH,0.015777348
332,102,IPCEF1,FUT8,0.015288857
332,400,IPCEF1,ANKRD44,0.015240755
332,217,IPCEF1,MYCT1,0.01522346
332,405,IPCEF1,GIMAP8,0.0151706
332,147,IPCEF1,ERP29,0.014864145
332,455,IPCEF1,SNAP23,0.014677454
332,174,IPCEF1,PPCDC,0.014484618
332,182,IPCEF1,STK17B,0.014484611
332,339,IPCEF1,KCTD12,0.014421572
332,180,IPCEF1,RGS2,0.014224238
332,169,IPCEF1,MCM4,0.014162422
332,210,IPCEF1,CDKN1C,0.014010343
332,262,IPCEF1,SSH2,0.013727452
332,47,IPCEF1,LONP2,0.013404895
332,525,IPCEF1,TXNIP,0.013248986
332,135,IPCEF1,SLBP,0.013220085
332,354,IPCEF1,PPP1R15A,0.013198827
332,409,IPCEF1,TMEM206,0.013081011
332,497,IPCEF1,ATP8B4,0.012716935
332,219,IPCEF1,STARD4,0.0127026355
332,79,IPCEF1,MGAT1,0.012702629
332,441,IPCEF1,MCM7,0.01253428
332,260,IPCEF1,RHOF,0.012453892
332,327,IPCEF1,PRIM1,0.012232606
332,284,IPCEF1,ANXA5,0.011949946
332,24,IPCEF1,DYNLL1,0.011939748
332,119,IPCEF1,PAG1,0.011705977
332,123,IPCEF1,PAFAH2,0.011598772
332,293,IPCEF1,MAML3,0.011217778
332,246,IPCEF1,KLF6,0.010912209
332,214,IPCEF1,FCHO2,0.010109418
332,323,IPCEF1,SELPLG,0.0042842315
332,203,IPCEF1,CD33,0.0021420575
332,139,IPCEF1,CCL3,0.0020393897
332,207,IPCEF1,BLNK,0.0018580332
332,86,IPCEF1,METTL7A1,0.0018560173
332,419,IPCEF1,NCF1,0.0018333923
332,319,IPCEF1,CD74,0.0018107659
332,63,IPCEF1,ENG,0.0017997845
332,132,IPCEF1,OAS2,0.0017554982
332,417,IPCEF1,UBA7,0.0017377482
332,267,IPCEF1,CLEC12A,0.001690709
332,172,IPCEF1,EPSTI1,0.0016827391
332,276,IPCEF1,H2-Q6,0.001669847
332,494,IPCEF1,DUSP5,0.0016125584
326,115,IRAK3,LTB,0.039514523
326,323,IRAK3,SELPLG,0.03764641
326,224,IRAK3,PLSCR4,0.03405417
326,260,IRAK3,RHOF,0.033981293
326,197,IRAK3,POLA2,0.031746726
326,556,IRAK3,ITGB7,0.031542324
326,198,IRAK3,CMAH,0.030642075
326,102,IRAK3,FUT8,0.02952643
326,400,IRAK3,ANKRD44,0.029513648
326,217,IRAK3,MYCT1,0.029486546
326,405,IRAK3,GIMAP8,0.029429538
326,147,IRAK3,ERP29,0.028741473
326,455,IRAK3,SNAP23,0.028630858
326,174,IRAK3,PPCDC,0.02804007
326,182,IRAK3,STK17B,0.028040063
326,327,IRAK3,PRIM1,0.027989792
326,180,IRAK3,RGS2,0.027757559
326,169,IRAK3,MCM4,0.02742198
326,210,IRAK3,CDKN1C,0.026889706
326,47,IRAK3,LONP2,0.025869576
326,354,IRAK3,PPP1R15A,0.025489088
326,135,IRAK3,SLBP,0.025487619
326,525,IRAK3,TXNIP,0.025468828
326,409,IRAK3,TMEM206,0.025233934
326,219,IRAK3,STARD4,0.024485962
326,79,IRAK3,MGAT1,0.02448594
326,497,IRAK3,ATP8B4,0.024469737
326,284,IRAK3,ANXA5,0.023145707
326,119,IRAK3,PAG1,0.022669787
326,123,IRAK3,PAFAH2,0.02245835
326,293,IRAK3,MAML3,0.021797504
326,214,IRAK3,FCHO2,0.01958786
326,246,IRAK3,KLF6,0.019520776
326,339,IRAK3,KCTD12,0.016806027
326,262,IRAK3,SSH2,0.01615651
326,24,IRAK3,DYNLL1,0.013356958
326,441,IRAK3,MCM7,0.0051747714
326,203,IRAK3,CD33,0.0031123
326,86,IRAK3,METTL7A1,0.002617853
326,207,IRAK3,BLNK,0.002613341
326,186,IRAK3,IL7R,0.002571861
326,419,IRAK3,NCF1,0.0025710613
326,319,IRAK3,CD74,0.0025306225
326,63,IRAK3,ENG,0.0025154492
326,294,IRAK3,TINAGL1,0.0024945461
326,132,IRAK3,OAS2,0.0024737655
326,139,IRAK3,CCL3,0.0024553125
326,332,IRAK3,IPCEF1,0.0024392887
326,417,IRAK3,UBA7,0.0024093622
326,267,IRAK3,CLEC12A,0.0023921132
158,115,IRF6,LTB,0.10216947
158,323,IRF6,SELPLG,0.09734863
158,224,IRF6,PLSCR4,0.0893857
158,260,IRF6,RHOF,0.08851032
158,198,IRF6,CMAH,0.08039693
158,400,IRF6,ANKRD44,0.07813454
158,405,IRF6,GIMAP8,0.07723804
158,217,IRF6,MYCT1,0.07696036
158,455,IRF6,SNAP23,0.0745337
158,174,IRF6,PPCDC,0.07399042
158,182,IRF6,STK17B,0.073541865
158,327,IRF6,PRIM1,0.07343028
158,339,IRF6,KCTD12,0.072701186
158,180,IRF6,RGS2,0.07260677
158,169,IRF6,MCM4,0.07195591
158,210,IRF6,CDKN1C,0.070319414
158,262,IRF6,SSH2,0.0696322
158,47,IRF6,LONP2,0.06750206
158,354,IRF6,PPP1R15A,0.06673859
158,135,IRF6,SLBP,0.066444084
158,525,IRF6,TXNIP,0.06630927
158,409,IRF6,TMEM206,0.06601652
158,79,IRF6,MGAT1,0.0640197
158,219,IRF6,STARD4,0.0640197
158,497,IRF6,ATP8B4,0.06370944
158,441,IRF6,MCM7,0.0631426
158,284,IRF6,ANXA5,0.060267836
158,24,IRF6,DYNLL1,0.060088333
158,102,IRF6,FUT8,0.0586929
158,123,IRF6,PAFAH2,0.058509845
158,246,IRF6,KLF6,0.05470151
158,214,IRF6,FCHO2,0.050714027
158,119,IRF6,PAG1,0.038526446
158,293,IRF6,MAML3,0.036159266
158,556,IRF6,ITGB7,0.033402625
158,147,IRF6,ERP29,0.028459894
158,197,IRF6,POLA2,0.014339146
158,203,IRF6,CD33,0.0050412724
158,139,IRF6,CCL3,0.0046247593
158,186,IRF6,IL7R,0.0039842487
158,86,IRF6,METTL7A1,0.00395269
158,207,IRF6,BLNK,0.0039172657
158,294,IRF6,TINAGL1,0.0039126487
158,319,IRF6,CD74,0.0037269173
158,63,IRF6,ENG,0.0036778133
158,132,IRF6,OAS2,0.0035558867
158,419,IRF6,NCF1,0.003546266
158,417,IRF6,UBA7,0.0035450796
158,267,IRF6,CLEC12A,0.003543399
158,172,IRF6,EPSTI1,0.003412589
252,217,IRF8,MYCT1,0.5229884
252,400,IRF8,ANKRD44,0.51679087
252,497,IRF8,ATP8B4,0.51656526
252,135,IRF8,SLBP,0.51595825
252,441,IRF8,MCM7,0.5158722
252,246,IRF8,KLF6,0.5153189
252,409,IRF8,TMEM206,0.51475734
252,182,IRF8,STK17B,0.5147341
252,174,IRF8,PPCDC,0.5141754
252,556,IRF8,ITGB7,0.51389587
252,327,IRF8,PRIM1,0.5136857
252,405,IRF8,GIMAP8,0.5125769
252,262,IRF8,SSH2,0.51253295
252,79,IRF8,MGAT1,0.51128536
252,219,IRF8,STARD4,0.51128536
252,169,IRF8,MCM4,0.5098052
252,47,IRF8,LONP2,0.50950277
252,102,IRF8,FUT8,0.50885546
252,123,IRF8,PAFAH2,0.50872946
252,339,IRF8,KCTD12,0.50861543
252,260,IRF8,RHOF,0.50767946
252,354,IRF8,PPP1R15A,0.50766593
252,119,IRF8,PAG1,0.5073272
252,198,IRF8,CMAH,0.5072777
252,525,IRF8,TXNIP,0.50547194
252,147,IRF8,ERP29,0.50470454
252,224,IRF8,PLSCR4,0.50324553
252,284,IRF8,ANXA5,0.5028187
252,115,IRF8,LTB,0.4987723
252,323,IRF8,SELPLG,0.4976694
252,293,IRF8,MAML3,0.49527106
252,210,IRF8,CDKN1C,0.4943079
252,214,IRF8,FCHO2,0.49428037
252,180,IRF8,RGS2,0.49334607
252,455,IRF8,SNAP23,0.49324524
252,197,IRF8,POLA2,0.48790538
252,24,IRF8,DYNLL1,0.4859879
252,203,IRF8,CD33,0.46231216
252,186,IRF8,IL7R,0.45765582
252,139,IRF8,CCL3,0.454567
252,294,IRF8,TINAGL1,0.454524
252,86,IRF8,METTL7A1,0.45293593
252,267,IRF8,CLEC12A,0.45254317
252,207,IRF8,BLNK,0.4521449
252,417,IRF8,UBA7,0.4515382
252,287,IRF8,CSF3R,0.4498111
252,172,IRF8,EPSTI1,0.4486041
252,243,IRF8,VAMP1,0.44727936
252,19,IRF8,UBASH3A,0.44660458
252,416,IRF8,PLD4,0.44608226
8,115,ITGA6,LTB,0.04053242
8,224,ITGA6,PLSCR4,0.034923844
8,260,ITGA6,RHOF,0.03483903
8,197,ITGA6,POLA2,0.03254828
8,556,ITGA6,ITGB7,0.032316286
8,198,ITGA6,CMAH,0.031406775
8,102,ITGA6,FUT8,0.030416084
8,400,ITGA6,ANKRD44,0.030242963
8,217,ITGA6,MYCT1,0.030205393
8,405,ITGA6,GIMAP8,0.030079547
8,147,ITGA6,ERP29,0.02942458
8,455,ITGA6,SNAP23,0.029306633
8,174,ITGA6,PPCDC,0.02872492
8,182,ITGA6,STK17B,0.028724914
8,327,ITGA6,PRIM1,0.028676188
8,339,ITGA6,KCTD12,0.028549936
8,180,ITGA6,RGS2,0.028416311
8,169,ITGA6,MCM4,0.02808848
8,262,ITGA6,SSH2,0.027516093
8,47,ITGA6,LONP2,0.026467912
8,354,ITGA6,PPP1R15A,0.026091639
8,525,ITGA6,TXNIP,0.026060093
8,409,ITGA6,TMEM206,0.025829377
8,219,ITGA6,STARD4,0.025060011
8,79,ITGA6,MGAT1,0.025059994
8,497,ITGA6,ATP8B4,0.025036948
8,441,ITGA6,MCM7,0.024734795
8,284,ITGA6,ANXA5,0.02366335
8,24,ITGA6,DYNLL1,0.023600975
8,119,ITGA6,PAG1,0.023182381
8,293,ITGA6,MAML3,0.022278072
8,246,ITGA6,KLF6,0.021721056
8,210,ITGA6,CDKN1C,0.020476157
8,214,ITGA6,FCHO2,0.020094024
8,135,ITGA6,SLBP,0.018653024
8,123,ITGA6,PAFAH2,0.014049789
8,323,ITGA6,SELPLG,0.0070362934
8,203,ITGA6,CD33,0.0030867679
8,86,ITGA6,METTL7A1,0.0025842818
8,207,ITGA6,BLNK,0.0025811372
8,186,ITGA6,IL7R,0.0025443123
8,419,ITGA6,NCF1,0.0025343855
8,319,ITGA6,CD74,0.0024939706
8,63,ITGA6,ENG,0.0024811707
8,294,ITGA6,TINAGL1,0.0024569517
8,132,ITGA6,OAS2,0.0024093874
8,332,ITGA6,IPCEF1,0.0024036558
8,417,ITGA6,UBA7,0.0023794172
8,267,ITGA6,CLEC12A,0.0023589323
8,172,ITGA6,EPSTI1,0.0022937243
184,115,ITGAL,LTB,0.029141681
184,323,ITGAL,SELPLG,0.027753768
184,260,ITGAL,RHOF,0.025046937
184,224,ITGAL,PLSCR4,0.025029534
184,197,ITGAL,POLA2,0.023342403
184,556,ITGAL,ITGB7,0.023234824
184,400,ITGAL,ANKRD44,0.021774111
184,217,ITGAL,MYCT1,0.021741843
184,405,ITGAL,GIMAP8,0.021680204
184,147,ITGAL,ERP29,0.021167155
184,182,ITGAL,STK17B,0.020670168
184,327,ITGAL,PRIM1,0.020634105
184,339,ITGAL,KCTD12,0.020568864
184,180,ITGAL,RGS2,0.020424787
184,102,ITGAL,FUT8,0.020231549
184,169,ITGAL,MCM4,0.020213258
184,210,ITGAL,CDKN1C,0.019836318
184,262,ITGAL,SSH2,0.019574517
184,174,ITGAL,PPCDC,0.018971778
184,135,ITGAL,SLBP,0.01881877
184,354,ITGAL,PPP1R15A,0.018806294
184,409,ITGAL,TMEM206,0.018638097
184,497,ITGAL,ATP8B4,0.018080508
184,79,ITGAL,MGAT1,0.018079488
184,441,ITGAL,MCM7,0.017847033
184,284,ITGAL,ANXA5,0.01710033
184,24,ITGAL,DYNLL1,0.017034031
184,119,ITGAL,PAG1,0.016754229
184,123,ITGAL,PAFAH2,0.01660001
184,293,ITGAL,MAML3,0.016113598
184,246,ITGAL,KLF6,0.015645022
184,455,ITGAL,SNAP23,0.015463865
184,219,ITGAL,STARD4,0.015204207
184,214,ITGAL,FCHO2,0.01447505
184,525,ITGAL,TXNIP,0.010387392
184,198,ITGAL,CMAH,0.004771204
184,47,ITGAL,LONP2,0.004630692
184,203,ITGAL,CD33,0.0026017285
184,139,ITGAL,CCL3,0.0024679995
184,86,ITGAL,METTL7A1,0.0022211222
184,419,ITGAL,NCF1,0.002190929
184,186,ITGAL,IL7R,0.0021823125
184,319,ITGAL,CD74,0.0021588102
184,63,ITGAL,ENG,0.0021444447
184,294,ITGAL,TINAGL1,0.0021164797
184,207,ITGAL,BLNK,0.0020858094
184,332,ITGAL,IPCEF1,0.0020830987
184,417,ITGAL,UBA7,0.002061823
184,267,ITGAL,CLEC12A,0.0020497954
184,132,ITGAL,OAS2,0.0020243379
171,115,ITGAM,LTB,0.099305525
171,323,ITGAM,SELPLG,0.09455695
171,224,ITGAM,PLSCR4,0.08668909
171,260,ITGAM,RHOF,0.085825264
171,197,ITGAM,POLA2,0.0830928
171,556,ITGAM,ITGB7,0.08020351
171,198,ITGAM,CMAH,0.07783769
171,102,ITGAM,FUT8,0.075448915
171,400,ITGAM,ANKRD44,0.074744016
171,217,ITGAM,MYCT1,0.07452302
171,174,ITGAM,PPCDC,0.07312616
171,147,ITGAM,ERP29,0.07220379
171,455,ITGAM,SNAP23,0.072083876
171,327,ITGAM,PRIM1,0.07098808
171,339,ITGAM,KCTD12,0.070281394
171,180,ITGAM,RGS2,0.07019018
171,169,ITGAM,MCM4,0.06962158
171,47,ITGAM,LONP2,0.0687506
171,210,ITGAM,CDKN1C,0.06797406
171,262,ITGAM,SSH2,0.067261085
171,182,ITGAM,STK17B,0.06544533
171,354,ITGAM,PPP1R15A,0.06442327
171,135,ITGAM,SLBP,0.0642818
171,525,ITGAM,TXNIP,0.0640069
171,409,ITGAM,TMEM206,0.063718125
171,219,ITGAM,STARD4,0.06251131
171,79,ITGAM,MGAT1,0.06175749
171,497,ITGAM,ATP8B4,0.061458547
171,441,ITGAM,MCM7,0.060904376
171,284,ITGAM,ANXA5,0.05809972
171,24,ITGAM,DYNLL1,0.05790698
171,119,ITGAM,PAG1,0.056913763
171,123,ITGAM,PAFAH2,0.056331716
171,293,ITGAM,MAML3,0.054542214
171,246,ITGAM,KLF6,0.052678432
171,214,ITGAM,FCHO2,0.04878519
171,405,ITGAM,GIMAP8,0.030199474
171,203,ITGAM,CD33,0.004843688
171,139,ITGAM,CCL3,0.0044452385
171,294,ITGAM,TINAGL1,0.0038075408
171,186,ITGAM,IL7R,0.0038050816
171,86,ITGAM,METTL7A1,0.003791753
171,207,ITGAM,BLNK,0.0037544987
171,419,ITGAM,NCF1,0.003592959
171,319,ITGAM,CD74,0.0035769462
171,63,ITGAM,ENG,0.0035257933
171,132,ITGAM,OAS2,0.0034061375
171,332,ITGAM,IPCEF1,0.003397749
171,267,ITGAM,CLEC12A,0.0033953325
171,172,ITGAM,EPSTI1,0.00326918
61,115,ITGB2,LTB,0.047381237
61,224,ITGB2,PLSCR4,0.040922537
61,260,ITGB2,RHOF,0.040784895
61,556,ITGB2,ITGB7,0.037888046
61,198,ITGB2,CMAH,0.036815234
61,102,ITGB2,FUT8,0.035669856
61,400,ITGB2,ANKRD44,0.035437874
61,217,ITGB2,MYCT1,0.03542565
61,405,ITGB2,GIMAP8,0.035168953
61,455,ITGB2,SNAP23,0.03478535
61,147,ITGB2,ERP29,0.034486033
61,327,ITGB2,PRIM1,0.034089882
61,174,ITGB2,PPCDC,0.033677295
61,339,ITGB2,KCTD12,0.033468988
61,169,ITGB2,MCM4,0.032939497
61,262,ITGB2,SSH2,0.032450978
61,210,ITGB2,CDKN1C,0.032295156
61,323,ITGB2,SELPLG,0.03180449
61,47,ITGB2,LONP2,0.031047143
61,135,ITGB2,SLBP,0.030901747
61,354,ITGB2,PPP1R15A,0.030604012
61,525,ITGB2,TXNIP,0.030560732
61,409,ITGB2,TMEM206,0.03029173
61,24,ITGB2,DYNLL1,0.030036915
61,219,ITGB2,STARD4,0.029391719
61,79,ITGB2,MGAT1,0.029389821
61,497,ITGB2,ATP8B4,0.029373107
61,441,ITGB2,MCM7,0.02920832
61,197,ITGB2,POLA2,0.028596878
61,123,ITGB2,PAFAH2,0.028204352
61,284,ITGB2,ANXA5,0.027769439
61,119,ITGB2,PAG1,0.02719657
61,293,ITGB2,MAML3,0.026146414
61,246,ITGB2,KLF6,0.025296345
61,214,ITGB2,FCHO2,0.023580277
61,180,ITGB2,RGS2,0.023443421
61,182,ITGB2,STK17B,0.020742208
61,203,ITGB2,CD33,0.003463672
61,139,ITGB2,CCL3,0.0032636872
61,86,ITGB2,METTL7A1,0.00288538
61,207,ITGB2,BLNK,0.0028782345
61,186,ITGB2,IL7R,0.0028370896
61,319,ITGB2,CD74,0.002780638
61,63,ITGB2,ENG,0.0027629433
61,419,ITGB2,NCF1,0.0027386998
61,294,ITGB2,TINAGL1,0.002737783
61,132,ITGB2,OAS2,0.002683293
61,332,ITGB2,IPCEF1,0.0026778537
61,417,ITGB2,UBA7,0.0026434814
61,267,ITGB2,CLEC12A,0.0026201932
452,115,ITGB5,LTB,0.04121988
452,323,ITGB5,SELPLG,0.03816833
452,224,ITGB5,PLSCR4,0.03450892
452,260,ITGB5,RHOF,0.034429565
452,197,ITGB5,POLA2,0.03214792
452,556,ITGB5,ITGB7,0.03194685
452,198,ITGB5,CMAH,0.031015947
452,217,ITGB5,MYCT1,0.030832015
452,102,ITGB5,FUT8,0.030080067
452,400,ITGB5,ANKRD44,0.029870993
452,405,ITGB5,GIMAP8,0.029760044
452,327,ITGB5,PRIM1,0.029100982
452,147,ITGB5,ERP29,0.029075738
452,455,ITGB5,SNAP23,0.028889883
452,174,ITGB5,PPCDC,0.028363055
452,182,ITGB5,STK17B,0.028363036
452,339,ITGB5,KCTD12,0.028190834
452,180,ITGB5,RGS2,0.028038425
452,169,ITGB5,MCM4,0.027723504
452,210,ITGB5,CDKN1C,0.027153319
452,262,ITGB5,SSH2,0.026829252
452,47,ITGB5,LONP2,0.02613244
452,135,ITGB5,SLBP,0.025749372
452,354,ITGB5,PPP1R15A,0.025743775
452,525,ITGB5,TXNIP,0.02571494
452,409,ITGB5,TMEM206,0.025492247
452,219,ITGB5,STARD4,0.024720252
452,497,ITGB5,ATP8B4,0.024708759
452,441,ITGB5,MCM7,0.024401173
452,284,ITGB5,ANXA5,0.023341479
452,119,ITGB5,PAG1,0.02286131
452,123,ITGB5,PAFAH2,0.022646956
452,293,ITGB5,MAML3,0.021953695
452,24,ITGB5,DYNLL1,0.021531124
452,214,ITGB5,FCHO2,0.019766053
452,246,ITGB5,KLF6,0.014731071
452,79,ITGB5,MGAT1,0.014195609
452,207,ITGB5,BLNK,0.002523925
452,419,ITGB5,NCF1,0.0024797102
452,63,ITGB5,ENG,0.0024253747
452,294,ITGB5,TINAGL1,0.0024066851
452,139,ITGB5,CCL3,0.0023697163
452,132,ITGB5,OAS2,0.002359912
452,332,ITGB5,IPCEF1,0.0023537714
452,417,ITGB5,UBA7,0.0023261872
452,267,ITGB5,CLEC12A,0.0023132039
452,186,ITGB5,IL7R,0.0021736275
452,494,ITGB5,DUSP5,0.002118759
452,86,ITGB5,METTL7A1,0.0020887116
452,243,ITGB5,VAMP1,0.0020791672
556,115,ITGB7,LTB,0.1702425
556,323,ITGB7,SELPLG,0.1639144
556,224,ITGB7,PLSCR4,0.15314381
556,260,ITGB7,RHOF,0.15141428
556,197,ITGB7,POLA2,0.14448191
556,198,ITGB7,CMAH,0.14013463
556,102,ITGB7,FUT8,0.1365922
556,405,ITGB7,GIMAP8,0.13611154
556,217,ITGB7,MYCT1,0.13482672
556,147,ITGB7,ERP29,0.13166155
556,455,ITGB7,SNAP23,0.13161857
556,174,ITGB7,PPCDC,0.13043904
556,182,ITGB7,STK17B,0.13043898
556,327,ITGB7,PRIM1,0.12967563
556,180,ITGB7,RGS2,0.12888268
556,339,ITGB7,KCTD12,0.12885633
556,169,ITGB7,MCM4,0.1276099
556,210,ITGB7,CDKN1C,0.12538134
556,262,ITGB7,SSH2,0.12412706
556,47,ITGB7,LONP2,0.120877035
556,354,ITGB7,PPP1R15A,0.1197276
556,135,ITGB7,SLBP,0.11935425
556,525,ITGB7,TXNIP,0.118982784
556,409,ITGB7,TMEM206,0.118781686
556,79,ITGB7,MGAT1,0.117863484
556,219,ITGB7,STARD4,0.11543173
556,497,ITGB7,ATP8B4,0.115051456
556,441,ITGB7,MCM7,0.11424535
556,284,ITGB7,ANXA5,0.10992364
556,24,ITGB7,DYNLL1,0.10926047
556,119,ITGB7,PAG1,0.1079354
556,293,ITGB7,MAML3,0.10416669
556,246,ITGB7,KLF6,0.1007623
556,214,ITGB7,FCHO2,0.09475248
556,400,ITGB7,ANKRD44,0.09072978
556,123,ITGB7,PAFAH2,0.07045866
556,139,ITGB7,CCL3,0.009155333
556,203,ITGB7,CD33,0.009101253
556,207,ITGB7,BLNK,0.007879189
556,186,ITGB7,IL7R,0.0078063393
556,86,ITGB7,METTL7A1,0.0076935287
556,419,ITGB7,NCF1,0.0075962655
556,319,ITGB7,CD74,0.007528592
556,63,ITGB7,ENG,0.0074397973
556,294,ITGB7,TINAGL1,0.0074347495
556,132,ITGB7,OAS2,0.0071816333
556,417,ITGB7,UBA7,0.0071173264
556,172,ITGB7,EPSTI1,0.006806042
556,276,ITGB7,H2-Q6,0.006673295
556,494,ITGB7,DUSP5,0.0062616486
112,115,ITM2A,LTB,0.039850187
112,323,ITM2A,SELPLG,0.037980616
112,224,ITM2A,PLSCR4,0.034371227
112,260,ITM2A,RHOF,0.034298345
112,556,ITM2A,ITGB7,0.031845674
112,198,ITM2A,CMAH,0.030948404
112,102,ITM2A,FUT8,0.02998007
112,400,ITM2A,ANKRD44,0.029955383
112,217,ITM2A,MYCT1,0.029793471
112,405,ITM2A,GIMAP8,0.029727295
112,147,ITM2A,ERP29,0.029047247
112,455,ITM2A,SNAP23,0.02894861
112,174,ITM2A,PPCDC,0.0283321
112,182,ITM2A,STK17B,0.028332094
112,327,ITM2A,PRIM1,0.028283045
112,180,ITM2A,RGS2,0.028069545
112,169,ITM2A,MCM4,0.027715947
112,210,ITM2A,CDKN1C,0.027173795
112,262,ITM2A,SSH2,0.02683252
112,47,ITM2A,LONP2,0.026159257
112,354,ITM2A,PPP1R15A,0.025777163
112,135,ITM2A,SLBP,0.025771014
112,525,ITM2A,TXNIP,0.025760952
112,219,ITM2A,STARD4,0.024787657
112,79,ITM2A,MGAT1,0.024768254
112,497,ITM2A,ATP8B4,0.024748843
112,441,ITM2A,MCM7,0.024442276
112,284,ITM2A,ANXA5,0.023427885
112,24,ITM2A,DYNLL1,0.02333412
112,119,ITM2A,PAG1,0.02294618
112,123,ITM2A,PAFAH2,0.022732733
112,293,ITM2A,MAML3,0.022079246
112,246,ITM2A,KLF6,0.021373875
112,339,ITM2A,KCTD12,0.021349223
112,214,ITM2A,FCHO2,0.019907445
112,409,ITM2A,TMEM206,0.017311927
112,197,ITM2A,POLA2,0.012613198
112,203,ITM2A,CD33,0.0032089788
112,139,ITM2A,CCL3,0.003035508
112,207,ITM2A,BLNK,0.002697378
112,419,ITM2A,NCF1,0.0026582298
112,186,ITM2A,IL7R,0.002652994
112,319,ITM2A,CD74,0.0026131556
112,294,ITM2A,TINAGL1,0.0025663723
112,132,ITM2A,OAS2,0.0025264889
112,332,ITM2A,IPCEF1,0.002518694
112,417,ITM2A,UBA7,0.0024843356
112,267,ITM2A,CLEC12A,0.002469607
112,63,ITM2A,ENG,0.002406508
112,172,ITM2A,EPSTI1,0.002395867
65,115,ITPR2,LTB,0.040744454
65,224,ITPR2,PLSCR4,0.03502842
65,260,ITPR2,RHOF,0.03496618
65,198,ITPR2,CMAH,0.031438507
65,102,ITPR2,FUT8,0.03044382
65,400,ITPR2,ANKRD44,0.03031388
65,217,ITPR2,MYCT1,0.030213036
65,405,ITPR2,GIMAP8,0.030032277
65,455,ITPR2,SNAP23,0.029524142
65,147,ITPR2,ERP29,0.029393982
65,327,ITPR2,PRIM1,0.029132847
65,174,ITPR2,PPCDC,0.028744556
65,339,ITPR2,KCTD12,0.028522324
65,169,ITPR2,MCM4,0.02805659
65,262,ITPR2,SSH2,0.027649987
65,210,ITPR2,CDKN1C,0.027350003
65,323,ITPR2,SELPLG,0.026833782
65,47,ITPR2,LONP2,0.026402477
65,135,ITPR2,SLBP,0.026329126
65,354,ITPR2,PPP1R15A,0.02600062
65,525,ITPR2,TXNIP,0.025944894
65,409,ITPR2,TMEM206,0.025777677
65,24,ITPR2,DYNLL1,0.025484337
65,497,ITPR2,ATP8B4,0.02499053
65,219,ITPR2,STARD4,0.024963936
65,79,ITPR2,MGAT1,0.024961524
65,441,ITPR2,MCM7,0.024845097
65,197,ITPR2,POLA2,0.024056088
65,123,ITPR2,PAFAH2,0.023917004
65,284,ITPR2,ANXA5,0.02348798
65,119,ITPR2,PAG1,0.02302314
65,556,ITPR2,ITGB7,0.022355763
65,293,ITPR2,MAML3,0.022021104
65,246,ITPR2,KLF6,0.021422153
65,214,ITPR2,FCHO2,0.019790286
65,180,ITPR2,RGS2,0.019582178
65,182,ITPR2,STK17B,0.017229127
65,203,ITPR2,CD33,0.002795227
65,139,ITPR2,CCL3,0.0026248517
65,86,ITPR2,METTL7A1,0.002320103
65,207,ITPR2,BLNK,0.0023094334
65,186,ITPR2,IL7R,0.0023076083
65,319,ITPR2,CD74,0.0022264896
65,294,ITPR2,TINAGL1,0.002222528
65,63,ITPR2,ENG,0.0022061446
65,419,ITPR2,NCF1,0.002181969
65,132,ITPR2,OAS2,0.002146231
65,332,ITPR2,IPCEF1,0.0021447171
65,417,ITPR2,UBA7,0.0021274611
65,267,ITPR2,CLEC12A,0.0021139083
91,115,ITSN1,LTB,0.052718617
91,323,ITSN1,SELPLG,0.048013948
91,224,ITSN1,PLSCR4,0.043570258
91,260,ITSN1,RHOF,0.043410003
91,197,ITSN1,POLA2,0.04059388
91,556,ITSN1,ITGB7,0.04035012
91,198,ITSN1,CMAH,0.039224375
91,405,ITSN1,GIMAP8,0.038118094
91,102,ITSN1,FUT8,0.0380029
91,217,ITSN1,MYCT1,0.037670538
91,147,ITSN1,ERP29,0.03677611
91,455,ITSN1,SNAP23,0.036655977
91,174,ITSN1,PPCDC,0.035898052
91,182,ITSN1,STK17B,0.035898052
91,327,ITSN1,PRIM1,0.035833474
91,180,ITSN1,RGS2,0.035570234
91,169,ITSN1,MCM4,0.035120986
91,47,ITSN1,LONP2,0.034960814
91,210,ITSN1,CDKN1C,0.034457684
91,525,ITSN1,TXNIP,0.032604046
91,135,ITSN1,SLBP,0.032571275
91,409,ITSN1,TMEM206,0.0323128
91,79,ITSN1,MGAT1,0.03170512
91,219,ITSN1,STARD4,0.031356957
91,441,ITSN1,MCM7,0.030940112
91,284,ITSN1,ANXA5,0.029648986
91,24,ITSN1,DYNLL1,0.029525528
91,119,ITSN1,PAG1,0.029036328
91,123,ITSN1,PAFAH2,0.028764557
91,293,ITSN1,MAML3,0.027931754
91,354,ITSN1,PPP1R15A,0.027395044
91,246,ITSN1,KLF6,0.027009489
91,214,ITSN1,FCHO2,0.025208691
91,339,ITSN1,KCTD12,0.024968239
91,497,ITSN1,ATP8B4,0.024706006
91,400,ITSN1,ANKRD44,0.023031035
91,262,ITSN1,SSH2,0.015089776
91,203,ITSN1,CD33,0.0036964936
91,139,ITSN1,CCL3,0.0035417494
91,86,ITSN1,METTL7A1,0.0030794966
91,207,ITSN1,BLNK,0.0030727307
91,186,ITSN1,IL7R,0.0030248999
91,419,ITSN1,NCF1,0.0030202186
91,319,ITSN1,CD74,0.0029693323
91,63,ITSN1,ENG,0.0029490173
91,294,ITSN1,TINAGL1,0.0029187137
91,132,ITSN1,OAS2,0.0028650137
91,332,ITSN1,IPCEF1,0.002856591
91,172,ITSN1,EPSTI1,0.0028340924
91,417,ITSN1,UBA7,0.002820128
269,115,JAM3,LTB,0.053133864
269,323,JAM3,SELPLG,0.05047401
269,224,JAM3,PLSCR4,0.04588607
269,260,JAM3,RHOF,0.04537945
269,197,JAM3,POLA2,0.042688992
269,198,JAM3,CMAH,0.041089397
269,102,JAM3,FUT8,0.039760698
269,400,JAM3,ANKRD44,0.03954827
269,405,JAM3,GIMAP8,0.039481815
269,217,JAM3,MYCT1,0.03921331
269,147,JAM3,ERP29,0.03806906
269,182,JAM3,STK17B,0.03788066
269,455,JAM3,SNAP23,0.037812542
269,327,JAM3,PRIM1,0.03737999
269,339,JAM3,KCTD12,0.036978923
269,180,JAM3,RGS2,0.036692988
269,169,JAM3,MCM4,0.036480933
269,210,JAM3,CDKN1C,0.035493284
269,262,JAM3,SSH2,0.035286773
269,47,JAM3,LONP2,0.034076504
269,354,JAM3,PPP1R15A,0.03370784
269,525,JAM3,TXNIP,0.0335599
269,409,JAM3,TMEM206,0.033399638
269,219,JAM3,STARD4,0.032313872
269,79,JAM3,MGAT1,0.032313865
269,497,JAM3,ATP8B4,0.03226468
269,441,JAM3,MCM7,0.031932402
269,284,JAM3,ANXA5,0.03028349
269,24,JAM3,DYNLL1,0.030225446
269,119,JAM3,PAG1,0.029714871
269,123,JAM3,PAFAH2,0.029438514
269,556,JAM3,ITGB7,0.028491711
269,293,JAM3,MAML3,0.028381893
269,246,JAM3,KLF6,0.027546016
269,174,JAM3,PPCDC,0.025265131
269,135,JAM3,SLBP,0.019781923
269,214,JAM3,FCHO2,0.01914218
269,203,JAM3,CD33,0.0030688916
269,186,JAM3,IL7R,0.0025117847
269,86,JAM3,METTL7A1,0.002475836
269,207,JAM3,BLNK,0.0024586504
269,294,JAM3,TINAGL1,0.0023990213
269,419,JAM3,NCF1,0.0023498477
269,319,JAM3,CD74,0.0023444234
269,63,JAM3,ENG,0.002314427
269,267,JAM3,CLEC12A,0.0022717891
269,332,JAM3,IPCEF1,0.0022516223
269,132,JAM3,OAS2,0.0022503457
269,139,JAM3,CCL3,0.0022092883
269,172,JAM3,EPSTI1,0.0021940197
557,115,JCHAIN,LTB,0.020647116
557,323,JCHAIN,SELPLG,0.019583758
557,260,JCHAIN,RHOF,0.017745823
557,224,JCHAIN,PLSCR4,0.017664475
557,556,JCHAIN,ITGB7,0.016453492
557,198,JCHAIN,CMAH,0.01599579
557,102,JCHAIN,FUT8,0.015504237
557,217,JCHAIN,MYCT1,0.015463748
557,400,JCHAIN,ANKRD44,0.015446248
557,405,JCHAIN,GIMAP8,0.015339616
557,147,JCHAIN,ERP29,0.015004132
557,455,JCHAIN,SNAP23,0.014951741
557,327,JCHAIN,PRIM1,0.014695104
557,174,JCHAIN,PPCDC,0.014663103
557,182,JCHAIN,STK17B,0.01459646
557,339,JCHAIN,KCTD12,0.0145759275
557,180,JCHAIN,RGS2,0.014496473
557,409,JCHAIN,TMEM206,0.01408261
557,210,JCHAIN,CDKN1C,0.014078042
557,262,JCHAIN,SSH2,0.013931624
557,47,JCHAIN,LONP2,0.013575673
557,135,JCHAIN,SLBP,0.013433481
557,354,JCHAIN,PPP1R15A,0.0134083135
557,525,JCHAIN,TXNIP,0.013408257
557,219,JCHAIN,STARD4,0.012951123
557,79,JCHAIN,MGAT1,0.0129511105
557,497,JCHAIN,ATP8B4,0.012920327
557,441,JCHAIN,MCM7,0.012735185
557,24,JCHAIN,DYNLL1,0.012299193
557,284,JCHAIN,ANXA5,0.012226023
557,119,JCHAIN,PAG1,0.012000514
557,123,JCHAIN,PAFAH2,0.011907911
557,293,JCHAIN,MAML3,0.011600172
557,246,JCHAIN,KLF6,0.011366305
557,169,JCHAIN,MCM4,0.010919814
557,214,JCHAIN,FCHO2,0.01051216
557,197,JCHAIN,POLA2,0.010195115
557,203,JCHAIN,CD33,0.002044161
557,139,JCHAIN,CCL3,0.0019311853
557,207,JCHAIN,BLNK,0.0017464061
557,86,JCHAIN,METTL7A1,0.001746273
557,186,JCHAIN,IL7R,0.0017436161
557,419,JCHAIN,NCF1,0.0017128002
557,319,JCHAIN,CD74,0.001696404
557,294,JCHAIN,TINAGL1,0.0016834906
557,63,JCHAIN,ENG,0.0016824483
557,132,JCHAIN,OAS2,0.0016397496
557,332,JCHAIN,IPCEF1,0.0016364697
557,417,JCHAIN,UBA7,0.0016296578
557,267,JCHAIN,CLEC12A,0.0016203198
343,115,JPT1,LTB,0.027948156
343,323,JPT1,SELPLG,0.02660953
343,224,JPT1,PLSCR4,0.024010917
343,197,JPT1,POLA2,0.022382924
343,556,JPT1,ITGB7,0.02226285
343,102,JPT1,FUT8,0.021710318
343,198,JPT1,CMAH,0.021612983
343,400,JPT1,ANKRD44,0.02084419
343,217,JPT1,MYCT1,0.020818856
343,405,JPT1,GIMAP8,0.020765489
343,147,JPT1,ERP29,0.020305054
343,455,JPT1,SNAP23,0.020195192
343,174,JPT1,PPCDC,0.019795047
343,182,JPT1,STK17B,0.01979504
343,327,JPT1,PRIM1,0.0197579
343,339,JPT1,KCTD12,0.019694556
343,180,JPT1,RGS2,0.019564943
343,169,JPT1,MCM4,0.01935052
343,210,JPT1,CDKN1C,0.018961167
343,262,JPT1,SSH2,0.01873862
343,47,JPT1,LONP2,0.018276228
343,135,JPT1,SLBP,0.018014869
343,354,JPT1,PPP1R15A,0.018011333
343,409,JPT1,TMEM206,0.017827427
343,497,JPT1,ATP8B4,0.01730616
343,79,JPT1,MGAT1,0.017299527
343,219,JPT1,STARD4,0.017299527
343,441,JPT1,MCM7,0.017081283
343,284,JPT1,ANXA5,0.016355027
343,119,JPT1,PAG1,0.016062206
343,123,JPT1,PAFAH2,0.015877271
343,293,JPT1,MAML3,0.015400255
343,246,JPT1,KLF6,0.014951867
343,260,JPT1,RHOF,0.01388429
343,214,JPT1,FCHO2,0.013804988
343,24,JPT1,DYNLL1,0.013763723
343,525,JPT1,TXNIP,0.008022074
343,203,JPT1,CD33,0.0024839526
343,139,JPT1,CCL3,0.002356643
343,207,JPT1,BLNK,0.0021246325
343,86,JPT1,METTL7A1,0.002124474
343,419,JPT1,NCF1,0.0020941582
343,186,JPT1,IL7R,0.0020901752
343,132,JPT1,OAS2,0.0020839404
343,319,JPT1,CD74,0.0020763443
343,63,JPT1,ENG,0.00205283
343,294,JPT1,TINAGL1,0.0020226277
343,332,JPT1,IPCEF1,0.0019934163
343,417,JPT1,UBA7,0.001973547
343,267,JPT1,CLEC12A,0.0019618538
216,115,KAZALD1,LTB,0.026753621
216,260,KAZALD1,RHOF,0.022985632
216,224,KAZALD1,PLSCR4,0.022985261
216,197,KAZALD1,POLA2,0.021431431
216,556,KAZALD1,ITGB7,0.021318546
216,198,KAZALD1,CMAH,0.020698063
216,102,KAZALD1,FUT8,0.020047536
216,217,KAZALD1,MYCT1,0.019944442
216,405,KAZALD1,GIMAP8,0.01988954
216,455,KAZALD1,SNAP23,0.019873932
216,147,KAZALD1,ERP29,0.01945572
216,174,KAZALD1,PPCDC,0.018964343
216,182,KAZALD1,STK17B,0.018964335
216,327,KAZALD1,PRIM1,0.01892816
216,339,KAZALD1,KCTD12,0.018872663
216,180,KAZALD1,RGS2,0.018747544
216,169,KAZALD1,MCM4,0.018539475
216,210,KAZALD1,CDKN1C,0.01817129
216,135,KAZALD1,SLBP,0.017267942
216,354,KAZALD1,PPP1R15A,0.01724955
216,525,KAZALD1,TXNIP,0.017249195
216,409,KAZALD1,TMEM206,0.01708804
216,497,KAZALD1,ATP8B4,0.01659289
216,79,KAZALD1,MGAT1,0.016583921
216,219,KAZALD1,STARD4,0.016583921
216,441,KAZALD1,MCM7,0.016376397
216,284,KAZALD1,ANXA5,0.015678698
216,24,KAZALD1,DYNLL1,0.015602736
216,119,KAZALD1,PAG1,0.015349897
216,262,KAZALD1,SSH2,0.015270397
216,123,KAZALD1,PAFAH2,0.015205549
216,246,KAZALD1,KLF6,0.014274867
216,214,KAZALD1,FCHO2,0.013163498
216,47,KAZALD1,LONP2,0.012703269
216,400,KAZALD1,ANKRD44,0.011220601
216,293,KAZALD1,MAML3,0.010994541
216,323,KAZALD1,SELPLG,0.010229109
216,203,KAZALD1,CD33,0.0024376614
216,139,KAZALD1,CCL3,0.002318758
216,207,KAZALD1,BLNK,0.0020937098
216,86,KAZALD1,METTL7A1,0.0020927128
216,419,KAZALD1,NCF1,0.00206565
216,186,KAZALD1,IL7R,0.0020591589
216,319,KAZALD1,CD74,0.0020363997
216,63,KAZALD1,ENG,0.002022882
216,132,KAZALD1,OAS2,0.00196858
216,332,KAZALD1,IPCEF1,0.0019666175
216,417,KAZALD1,UBA7,0.0019469758
216,267,KAZALD1,CLEC12A,0.0019351267
216,172,KAZALD1,EPSTI1,0.0018814129
546,115,KBTBD11,LTB,0.011741209
546,323,KBTBD11,SELPLG,0.011189675
546,260,KBTBD11,RHOF,0.010147545
546,224,KBTBD11,PLSCR4,0.010139415
546,556,KBTBD11,ITGB7,0.009454327
546,198,KBTBD11,CMAH,0.009172252
546,147,KBTBD11,ERP29,0.0090376185
546,102,KBTBD11,FUT8,0.008901286
546,400,KBTBD11,ANKRD44,0.008876505
546,405,KBTBD11,GIMAP8,0.008855881
546,217,KBTBD11,MYCT1,0.008849488
546,455,KBTBD11,SNAP23,0.008569209
546,174,KBTBD11,PPCDC,0.008461795
546,182,KBTBD11,STK17B,0.00846179
546,327,KBTBD11,PRIM1,0.008437932
546,339,KBTBD11,KCTD12,0.008410436
546,169,KBTBD11,MCM4,0.008267339
546,210,KBTBD11,CDKN1C,0.008078455
546,262,KBTBD11,SSH2,0.008028701
546,47,KBTBD11,LONP2,0.007838845
546,135,KBTBD11,SLBP,0.007742213
546,354,KBTBD11,PPP1R15A,0.007722147
546,409,KBTBD11,TMEM206,0.0076638004
546,497,KBTBD11,ATP8B4,0.0074407975
546,79,KBTBD11,MGAT1,0.0074279686
546,219,KBTBD11,STARD4,0.0074279686
546,180,KBTBD11,RGS2,0.0073603927
546,441,KBTBD11,MCM7,0.007339626
546,525,KBTBD11,TXNIP,0.0070824386
546,284,KBTBD11,ANXA5,0.0070110513
546,24,KBTBD11,DYNLL1,0.0069683343
546,293,KBTBD11,MAML3,0.0069274204
546,197,KBTBD11,POLA2,0.006888026
546,119,KBTBD11,PAG1,0.006871378
546,123,KBTBD11,PAFAH2,0.006804215
546,246,KBTBD11,KLF6,0.006425597
546,214,KBTBD11,FCHO2,0.0060065333
546,203,KBTBD11,CD33,0.0015477763
546,139,KBTBD11,CCL3,0.0014769328
546,207,KBTBD11,BLNK,0.0013787413
546,86,KBTBD11,METTL7A1,0.0013743581
546,186,KBTBD11,IL7R,0.0013699757
546,294,KBTBD11,TINAGL1,0.0013617047
546,419,KBTBD11,NCF1,0.0013506564
546,319,KBTBD11,CD74,0.0013474469
546,63,KBTBD11,ENG,0.0013340203
546,332,KBTBD11,IPCEF1,0.0013084237
546,132,KBTBD11,OAS2,0.0013078974
546,417,KBTBD11,UBA7,0.0013056141
546,267,KBTBD11,CLEC12A,0.0013039253
44,323,KCNK5,SELPLG,0.040412363
44,224,KCNK5,PLSCR4,0.036582917
44,260,KCNK5,RHOF,0.036438998
44,556,KCNK5,ITGB7,0.03390441
44,198,KCNK5,CMAH,0.03316121
44,102,KCNK5,FUT8,0.03188113
44,400,KCNK5,ANKRD44,0.031694777
44,217,KCNK5,MYCT1,0.031664155
44,405,KCNK5,GIMAP8,0.03160957
44,147,KCNK5,ERP29,0.0308568
44,455,KCNK5,SNAP23,0.030746141
44,174,KCNK5,PPCDC,0.030115249
44,182,KCNK5,STK17B,0.030115249
44,327,KCNK5,PRIM1,0.030062258
44,339,KCNK5,KCTD12,0.029940395
44,180,KCNK5,RGS2,0.029815396
44,169,KCNK5,MCM4,0.029453684
44,210,KCNK5,CDKN1C,0.028880803
44,262,KCNK5,SSH2,0.028846137
44,47,KCNK5,LONP2,0.027771253
44,354,KCNK5,PPP1R15A,0.027372805
44,135,KCNK5,SLBP,0.027365228
44,525,KCNK5,TXNIP,0.027344454
44,409,KCNK5,TMEM206,0.02709604
44,79,KCNK5,MGAT1,0.02629241
44,497,KCNK5,ATP8B4,0.026286254
44,219,KCNK5,STARD4,0.026260093
44,284,KCNK5,ANXA5,0.024848996
44,24,KCNK5,DYNLL1,0.024750534
44,119,KCNK5,PAG1,0.024337413
44,197,KCNK5,POLA2,0.024222072
44,123,KCNK5,PAFAH2,0.024129068
44,441,KCNK5,MCM7,0.023790335
44,293,KCNK5,MAML3,0.023421826
44,214,KCNK5,FCHO2,0.01895293
44,246,KCNK5,KLF6,0.009502219
44,115,KCNK5,LTB,0.006907874
44,203,KCNK5,CD33,0.0032467027
44,139,KCNK5,CCL3,0.003065334
44,86,KCNK5,METTL7A1,0.0027202996
44,207,KCNK5,BLNK,0.0027147569
44,186,KCNK5,IL7R,0.0026740385
44,419,KCNK5,NCF1,0.0026694492
44,319,KCNK5,CD74,0.0026263588
44,63,KCNK5,ENG,0.002610206
44,294,KCNK5,TINAGL1,0.002584067
44,132,KCNK5,OAS2,0.002537116
44,332,KCNK5,IPCEF1,0.0025298921
44,417,KCNK5,UBA7,0.002499078
44,267,KCNK5,CLEC12A,0.0024826948
339,115,KCTD12,LTB,0.07396669
339,323,KCTD12,SELPLG,0.07066535
339,224,KCTD12,PLSCR4,0.0645474
339,197,KCTD12,POLA2,0.060343564
339,556,KCTD12,ITGB7,0.059837934
339,198,KCTD12,CMAH,0.058258113
339,102,KCTD12,FUT8,0.058126923
339,400,KCTD12,ANKRD44,0.05604389
339,405,KCTD12,GIMAP8,0.056006715
339,217,KCTD12,MYCT1,0.05597214
339,147,KCTD12,ERP29,0.054534666
339,455,KCTD12,SNAP23,0.05447504
339,174,KCTD12,PPCDC,0.053399663
339,182,KCTD12,STK17B,0.053399652
339,327,KCTD12,PRIM1,0.053296547
339,180,KCTD12,RGS2,0.052963693
339,169,KCTD12,MCM4,0.052285977
339,210,KCTD12,CDKN1C,0.051336218
339,262,KCTD12,SSH2,0.050641127
339,47,KCTD12,LONP2,0.04929793
339,354,KCTD12,PPP1R15A,0.048699915
339,135,KCTD12,SLBP,0.04855725
339,409,KCTD12,TMEM206,0.048153706
339,79,KCTD12,MGAT1,0.046740085
339,219,KCTD12,STARD4,0.046740085
339,497,KCTD12,ATP8B4,0.046620972
339,441,KCTD12,MCM7,0.04613965
339,284,KCTD12,ANXA5,0.04425188
339,119,KCTD12,PAG1,0.043461546
339,123,KCTD12,PAFAH2,0.04293507
339,293,KCTD12,MAML3,0.041734673
339,246,KCTD12,KLF6,0.04028384
339,260,KCTD12,RHOF,0.040067866
339,24,KCTD12,DYNLL1,0.03772894
339,214,KCTD12,FCHO2,0.037661277
339,525,KCTD12,TXNIP,0.02049409
339,203,KCTD12,CD33,0.0050025643
339,139,KCTD12,CCL3,0.004690287
339,86,KCTD12,METTL7A1,0.004111452
339,207,KCTD12,BLNK,0.0041003264
339,186,KCTD12,IL7R,0.0040355357
339,419,KCTD12,NCF1,0.0040181633
339,132,KCTD12,OAS2,0.0039870106
339,319,KCTD12,CD74,0.003979602
339,63,KCTD12,ENG,0.003924482
339,294,KCTD12,TINAGL1,0.003871301
339,332,KCTD12,IPCEF1,0.0037896424
339,417,KCTD12,UBA7,0.0037401346
339,267,KCTD12,CLEC12A,0.003710597
339,172,KCTD12,EPSTI1,0.003592114
369,115,KIF17,LTB,0.020888938
369,323,KIF17,SELPLG,0.019878238
369,260,KIF17,RHOF,0.017937686
369,224,KIF17,PLSCR4,0.017933873
369,197,KIF17,POLA2,0.016710533
369,556,KIF17,ITGB7,0.016637517
369,198,KIF17,CMAH,0.016258689
369,400,KIF17,ANKRD44,0.016171852
369,102,KIF17,FUT8,0.015635632
369,217,KIF17,MYCT1,0.015557277
369,405,KIF17,GIMAP8,0.015520089
369,339,KIF17,KCTD12,0.015264841
369,147,KIF17,ERP29,0.01518236
369,455,KIF17,SNAP23,0.015074086
369,182,KIF17,STK17B,0.014803673
369,327,KIF17,PRIM1,0.0147928
369,174,KIF17,PPCDC,0.014786109
369,180,KIF17,RGS2,0.0146010425
369,210,KIF17,CDKN1C,0.014156526
369,262,KIF17,SSH2,0.014026121
369,47,KIF17,LONP2,0.013674967
369,135,KIF17,SLBP,0.013486979
369,354,KIF17,PPP1R15A,0.013461055
369,525,KIF17,TXNIP,0.0134597765
369,497,KIF17,ATP8B4,0.012964429
369,79,KIF17,MGAT1,0.012946796
369,441,KIF17,MCM7,0.0127936015
369,24,KIF17,DYNLL1,0.012187529
369,119,KIF17,PAG1,0.012000588
369,123,KIF17,PAFAH2,0.011891366
369,293,KIF17,MAML3,0.011480859
369,246,KIF17,KLF6,0.011177989
369,169,KIF17,MCM4,0.0104325
369,214,KIF17,FCHO2,0.01029292
369,219,KIF17,STARD4,0.009778062
369,409,KIF17,TMEM206,0.0036305338
369,284,KIF17,ANXA5,0.0033992685
369,203,KIF17,CD33,0.0020722542
369,139,KIF17,CCL3,0.001971009
369,207,KIF17,BLNK,0.0017954055
369,186,KIF17,IL7R,0.0017691768
369,419,KIF17,NCF1,0.0017684106
369,319,KIF17,CD74,0.0017472584
369,63,KIF17,ENG,0.0017359952
369,294,KIF17,TINAGL1,0.0017160443
369,132,KIF17,OAS2,0.0016941709
369,332,KIF17,IPCEF1,0.0016912684
369,417,KIF17,UBA7,0.0016780627
369,267,KIF17,CLEC12A,0.0016703247
369,276,KIF17,H2-Q6,0.001612094
105,115,KLF3,LTB,0.05100057
105,323,KLF3,SELPLG,0.048602965
105,224,KLF3,PLSCR4,0.044075713
105,260,KLF3,RHOF,0.04390391
105,197,KLF3,POLA2,0.041087035
105,556,KLF3,ITGB7,0.04079565
105,198,KLF3,CMAH,0.03963661
105,102,KLF3,FUT8,0.03839303
105,400,KLF3,ANKRD44,0.03814486
105,405,KLF3,GIMAP8,0.038063925
105,217,KLF3,MYCT1,0.038044207
105,147,KLF3,ERP29,0.03709942
105,455,KLF3,SNAP23,0.036976416
105,180,KLF3,RGS2,0.036950532
105,327,KLF3,PRIM1,0.036611177
105,174,KLF3,PPCDC,0.036248114
105,169,KLF3,MCM4,0.035449546
105,210,KLF3,CDKN1C,0.034702346
105,47,KLF3,LONP2,0.03339475
105,182,KLF3,STK17B,0.033253465
105,354,KLF3,PPP1R15A,0.032921366
105,135,KLF3,SLBP,0.032898724
105,525,KLF3,TXNIP,0.032863658
105,409,KLF3,TMEM206,0.032586474
105,79,KLF3,MGAT1,0.031841785
105,219,KLF3,STARD4,0.031567544
105,497,KLF3,ATP8B4,0.031562313
105,441,KLF3,MCM7,0.031189933
105,284,KLF3,ANXA5,0.029850597
105,24,KLF3,DYNLL1,0.029729651
105,123,KLF3,PAFAH2,0.028959597
105,339,KLF3,KCTD12,0.028560089
105,293,KLF3,MAML3,0.028307639
105,246,KLF3,KLF6,0.02717429
105,262,KLF3,SSH2,0.026122106
105,214,KLF3,FCHO2,0.025237596
105,119,KLF3,PAG1,0.02213424
105,203,KLF3,CD33,0.0035631827
105,139,KLF3,CCL3,0.0033559406
105,86,KLF3,METTL7A1,0.0029592812
105,207,KLF3,BLNK,0.0029507647
105,186,KLF3,IL7R,0.0029112396
105,419,KLF3,NCF1,0.0028924125
105,319,KLF3,CD74,0.002847447
105,63,KLF3,ENG,0.0028276327
105,294,KLF3,TINAGL1,0.0028068493
105,132,KLF3,OAS2,0.0027456759
105,332,KLF3,IPCEF1,0.0027405366
105,267,KLF3,CLEC12A,0.0026883408
105,172,KLF3,EPSTI1,0.0026052163
246,115,KLF6,LTB,0.13123265
246,323,KLF6,SELPLG,0.12593989
246,224,KLF6,PLSCR4,0.11664457
246,197,KLF6,POLA2,0.11087759
246,556,KLF6,ITGB7,0.108639754
246,198,KLF6,CMAH,0.106044285
246,102,KLF6,FUT8,0.103137515
246,405,KLF6,GIMAP8,0.102285415
246,400,KLF6,ANKRD44,0.10214726
246,455,KLF6,SNAP23,0.09947874
246,147,KLF6,ERP29,0.09935826
246,174,KLF6,PPCDC,0.097804606
246,182,KLF6,STK17B,0.09780456
246,327,KLF6,PRIM1,0.09757736
246,180,KLF6,RGS2,0.09706053
246,339,KLF6,KCTD12,0.096940815
246,169,KLF6,MCM4,0.095912464
246,135,KLF6,SLBP,0.09502423
246,210,KLF6,CDKN1C,0.094241545
246,262,KLF6,SSH2,0.093096964
246,47,KLF6,LONP2,0.0906052
246,354,KLF6,PPP1R15A,0.08962928
246,525,KLF6,TXNIP,0.08921717
246,409,KLF6,TMEM206,0.08875614
246,219,KLF6,STARD4,0.086229
246,497,KLF6,ATP8B4,0.08589248
246,441,KLF6,MCM7,0.08523807
246,217,KLF6,MYCT1,0.08363955
246,284,KLF6,ANXA5,0.081899434
246,24,KLF6,DYNLL1,0.08142514
246,119,KLF6,PAG1,0.08030531
246,293,KLF6,MAML3,0.07750092
246,214,KLF6,FCHO2,0.070105776
246,260,KLF6,RHOF,0.050530814
246,123,KLF6,PAFAH2,0.035380058
246,79,KLF6,MGAT1,0.03397471
246,139,KLF6,CCL3,0.0073673986
246,86,KLF6,METTL7A1,0.006380066
246,207,KLF6,BLNK,0.006356721
246,186,KLF6,IL7R,0.0062808064
246,419,KLF6,NCF1,0.006165619
246,319,KLF6,CD74,0.0060879006
246,63,KLF6,ENG,0.0060221544
246,294,KLF6,TINAGL1,0.0059948266
246,132,KLF6,OAS2,0.0058199046
246,332,KLF6,IPCEF1,0.0058116606
246,267,KLF6,CLEC12A,0.005701451
246,172,KLF6,EPSTI1,0.005501974
246,276,KLF6,H2-Q6,0.005401395
246,494,KLF6,DUSP5,0.005085578
181,115,KLHL4,LTB,0.03396515
181,323,KLHL4,SELPLG,0.03232889
181,260,KLHL4,RHOF,0.029166657
181,197,KLHL4,POLA2,0.027215695
181,556,KLHL4,ITGB7,0.027055359
181,198,KLHL4,CMAH,0.02626572
181,102,KLHL4,FUT8,0.02543467
181,400,KLHL4,ANKRD44,0.025308864
181,217,KLHL4,MYCT1,0.025273671
181,405,KLHL4,GIMAP8,0.025224617
181,455,KLHL4,SNAP23,0.024804778
181,147,KLHL4,ERP29,0.024628025
181,174,KLHL4,PPCDC,0.024030516
181,182,KLHL4,STK17B,0.024001177
181,327,KLHL4,PRIM1,0.023988161
181,339,KLHL4,KCTD12,0.023891399
181,180,KLHL4,RGS2,0.023752514
181,210,KLHL4,CDKN1C,0.023008965
181,47,KLHL4,LONP2,0.022877276
181,262,KLHL4,SSH2,0.022738226
181,135,KLHL4,SLBP,0.021836657
181,354,KLHL4,PPP1R15A,0.021825695
181,525,KLHL4,TXNIP,0.021807348
181,409,KLHL4,TMEM206,0.021613155
181,224,KLHL4,PLSCR4,0.021281734
181,219,KLHL4,STARD4,0.020968175
181,79,KLHL4,MGAT1,0.020968165
181,497,KLHL4,ATP8B4,0.020961775
181,441,KLHL4,MCM7,0.020695789
181,284,KLHL4,ANXA5,0.019803667
181,24,KLHL4,DYNLL1,0.019729298
181,119,KLHL4,PAG1,0.019400662
181,123,KLHL4,PAFAH2,0.01922079
181,293,KLHL4,MAML3,0.018637449
181,246,KLHL4,KLF6,0.0180737
181,214,KLHL4,FCHO2,0.016827352
181,169,KLHL4,MCM4,0.005091703
181,203,KLHL4,CD33,0.0027465587
181,139,KLHL4,CCL3,0.0026364191
181,86,KLHL4,METTL7A1,0.002322727
181,207,KLHL4,BLNK,0.0023202267
181,419,KLHL4,NCF1,0.0022812418
181,319,KLHL4,CD74,0.002250076
181,63,KLHL4,ENG,0.0022348792
181,294,KLHL4,TINAGL1,0.002208128
181,132,KLHL4,OAS2,0.0021732408
181,332,KLHL4,IPCEF1,0.0021683264
181,417,KLHL4,UBA7,0.0021474743
181,267,KLHL4,CLEC12A,0.0021337993
181,172,KLHL4,EPSTI1,0.0020728458
436,115,KRT18,LTB,0.020647116
436,323,KRT18,SELPLG,0.019583758
436,260,KRT18,RHOF,0.017745823
436,224,KRT18,PLSCR4,0.017664475
436,197,KRT18,POLA2,0.016520668
436,556,KRT18,ITGB7,0.016453492
436,198,KRT18,CMAH,0.016006548
436,102,KRT18,FUT8,0.015504237
436,217,KRT18,MYCT1,0.015463748
436,400,KRT18,ANKRD44,0.015446248
436,405,KRT18,GIMAP8,0.015331249
436,147,KRT18,ERP29,0.015003292
436,455,KRT18,SNAP23,0.014951741
436,327,KRT18,PRIM1,0.014695104
436,174,KRT18,PPCDC,0.014663103
436,182,KRT18,STK17B,0.014663103
436,180,KRT18,RGS2,0.014496473
436,169,KRT18,MCM4,0.014377011
436,210,KRT18,CDKN1C,0.014078042
436,262,KRT18,SSH2,0.013931624
436,47,KRT18,LONP2,0.013563285
436,135,KRT18,SLBP,0.013433481
436,525,KRT18,TXNIP,0.013416977
436,354,KRT18,PPP1R15A,0.013393428
436,409,KRT18,TMEM206,0.013256312
436,219,KRT18,STARD4,0.012951123
436,497,KRT18,ATP8B4,0.012920327
436,441,KRT18,MCM7,0.012735185
436,24,KRT18,DYNLL1,0.012286642
436,284,KRT18,ANXA5,0.012227135
436,119,KRT18,PAG1,0.012000514
436,123,KRT18,PAFAH2,0.011907911
436,293,KRT18,MAML3,0.011613421
436,246,KRT18,KLF6,0.011297806
436,339,KRT18,KCTD12,0.011132182
436,214,KRT18,FCHO2,0.010639885
436,79,KRT18,MGAT1,0.009917953
436,139,KRT18,CCL3,0.0019311853
436,207,KRT18,BLNK,0.0017465549
436,86,KRT18,METTL7A1,0.001746273
436,186,KRT18,IL7R,0.0017436161
436,419,KRT18,NCF1,0.0017128002
436,319,KRT18,CD74,0.0016968295
436,63,KRT18,ENG,0.0016853645
436,294,KRT18,TINAGL1,0.0016839178
436,132,KRT18,OAS2,0.0016397496
436,267,KRT18,CLEC12A,0.0016123826
436,172,KRT18,EPSTI1,0.0015774628
436,276,KRT18,H2-Q6,0.0015660342
436,417,KRT18,UBA7,0.0015619225
340,115,LACTB,LTB,0.030629903
340,323,LACTB,SELPLG,0.029148435
340,224,LACTB,PLSCR4,0.026316509
340,197,LACTB,POLA2,0.02452089
340,556,LACTB,ITGB7,0.024389705
340,102,LACTB,FUT8,0.023765597
340,198,LACTB,CMAH,0.02366738
340,400,LACTB,ANKRD44,0.022818983
340,217,LACTB,MYCT1,0.022776788
340,405,LACTB,GIMAP8,0.022734363
340,147,LACTB,ERP29,0.02219567
340,455,LACTB,SNAP23,0.02206616
340,174,LACTB,PPCDC,0.021661041
340,182,LACTB,STK17B,0.021661036
340,327,LACTB,PRIM1,0.02162261
340,339,LACTB,KCTD12,0.021532364
340,180,LACTB,RGS2,0.02138121
340,169,LACTB,MCM4,0.021169443
340,210,LACTB,CDKN1C,0.020715397
340,262,LACTB,SSH2,0.020493504
340,47,LACTB,LONP2,0.019967915
340,135,LACTB,SLBP,0.019687941
340,354,LACTB,PPP1R15A,0.019684013
340,409,LACTB,TMEM206,0.01948301
340,497,LACTB,ATP8B4,0.018901097
340,79,LACTB,MGAT1,0.018899787
340,219,LACTB,STARD4,0.018899787
340,441,LACTB,MCM7,0.018658053
340,284,LACTB,ANXA5,0.017842285
340,119,LACTB,PAG1,0.01752786
340,123,LACTB,PAFAH2,0.017323935
340,293,LACTB,MAML3,0.01678556
340,246,LACTB,KLF6,0.016299611
340,260,LACTB,RHOF,0.015518146
340,24,LACTB,DYNLL1,0.015261917
340,214,LACTB,FCHO2,0.015157911
340,525,LACTB,TXNIP,0.008678127
340,203,LACTB,CD33,0.0025610705
340,139,LACTB,CCL3,0.0024216867
340,86,LACTB,METTL7A1,0.002172579
340,207,LACTB,BLNK,0.00217043
340,186,LACTB,IL7R,0.0021420808
340,419,LACTB,NCF1,0.0021298574
340,132,LACTB,OAS2,0.002122675
340,319,LACTB,CD74,0.0021127115
340,63,LACTB,ENG,0.0020899472
340,294,LACTB,TINAGL1,0.0020681836
340,332,LACTB,IPCEF1,0.002029029
340,417,LACTB,UBA7,0.002011656
340,267,LACTB,CLEC12A,0.0020004152
177,115,LAG3,LTB,0.031442534
177,323,LAG3,SELPLG,0.02992147
177,260,LAG3,RHOF,0.026988026
177,197,LAG3,POLA2,0.025171487
177,556,LAG3,ITGB7,0.025030361
177,198,LAG3,CMAH,0.024292435
177,102,LAG3,FUT8,0.02352296
177,400,LAG3,ANKRD44,0.02341389
177,217,LAG3,MYCT1,0.023374597
177,405,LAG3,GIMAP8,0.023330752
177,455,LAG3,SNAP23,0.022927197
177,147,LAG3,ERP29,0.022775626
177,174,LAG3,PPCDC,0.02222654
177,182,LAG3,STK17B,0.022199273
177,327,LAG3,PRIM1,0.022187486
177,339,LAG3,KCTD12,0.022094429
177,180,LAG3,RGS2,0.021951405
177,210,LAG3,CDKN1C,0.021264961
177,47,LAG3,LONP2,0.021175915
177,262,LAG3,SSH2,0.021028236
177,135,LAG3,SLBP,0.020196855
177,354,LAG3,PPP1R15A,0.020181142
177,525,LAG3,TXNIP,0.020162787
177,409,LAG3,TMEM206,0.019988075
177,224,LAG3,PLSCR4,0.019673444
177,219,LAG3,STARD4,0.01939
177,79,LAG3,MGAT1,0.01938999
177,497,LAG3,ATP8B4,0.019387512
177,441,LAG3,MCM7,0.019139897
177,284,LAG3,ANXA5,0.01830653
177,24,LAG3,DYNLL1,0.018240191
177,119,LAG3,PAG1,0.017936846
177,123,LAG3,PAFAH2,0.017771332
177,293,LAG3,MAML3,0.017223516
177,246,LAG3,KLF6,0.016715312
177,214,LAG3,FCHO2,0.015549859
177,169,LAG3,MCM4,0.004839281
177,203,LAG3,CD33,0.00259995
177,139,LAG3,CCL3,0.0024955275
177,86,LAG3,METTL7A1,0.0022032033
177,207,LAG3,BLNK,0.002200714
177,419,LAG3,NCF1,0.0021607555
177,319,LAG3,CD74,0.0021342624
177,63,LAG3,ENG,0.0021189514
177,294,LAG3,TINAGL1,0.002097627
177,132,LAG3,OAS2,0.002061619
177,332,LAG3,IPCEF1,0.002057627
177,417,LAG3,UBA7,0.002039909
177,267,LAG3,CLEC12A,0.0020279845
177,172,LAG3,EPSTI1,0.0019702953
375,323,LAX1,SELPLG,0.036258977
375,224,LAX1,PLSCR4,0.032968037
375,260,LAX1,RHOF,0.03289898
375,197,LAX1,POLA2,0.030731017
375,556,LAX1,ITGB7,0.030535674
375,198,LAX1,CMAH,0.029660461
375,405,LAX1,GIMAP8,0.029416597
375,102,LAX1,FUT8,0.0287181
375,400,LAX1,ANKRD44,0.02859269
375,217,LAX1,MYCT1,0.028540673
375,147,LAX1,ERP29,0.027805185
375,455,LAX1,SNAP23,0.027697455
375,180,LAX1,RGS2,0.027145024
375,174,LAX1,PPCDC,0.027138496
375,182,LAX1,STK17B,0.027138496
375,327,LAX1,PRIM1,0.027091792
375,339,LAX1,KCTD12,0.02698204
375,169,LAX1,MCM4,0.026539417
375,210,LAX1,CDKN1C,0.02601708
375,47,LAX1,LONP2,0.025842542
375,262,LAX1,SSH2,0.025688542
375,115,LAX1,LTB,0.025546148
375,135,LAX1,SLBP,0.024665503
375,354,LAX1,PPP1R15A,0.024665194
375,525,LAX1,TXNIP,0.024643913
375,409,LAX1,TMEM206,0.024386887
375,79,LAX1,MGAT1,0.023695141
375,219,LAX1,STARD4,0.023688888
375,497,LAX1,ATP8B4,0.02367855
375,441,LAX1,MCM7,0.023383275
375,284,LAX1,ANXA5,0.022391554
375,24,LAX1,DYNLL1,0.022306304
375,293,LAX1,MAML3,0.022172626
375,119,LAX1,PAG1,0.021932771
375,123,LAX1,PAFAH2,0.021613795
375,246,LAX1,KLF6,0.020424547
375,214,LAX1,FCHO2,0.019039772
375,203,LAX1,CD33,0.0030262305
375,139,LAX1,CCL3,0.0028601668
375,86,LAX1,METTL7A1,0.0025445048
375,207,LAX1,BLNK,0.0025354428
375,186,LAX1,IL7R,0.002502532
375,419,LAX1,NCF1,0.0024978658
375,63,LAX1,ENG,0.0024446342
375,294,LAX1,TINAGL1,0.0024200699
375,319,LAX1,CD74,0.0024105085
375,132,LAX1,OAS2,0.0023948357
375,332,LAX1,IPCEF1,0.002369777
375,417,LAX1,UBA7,0.0023651044
375,267,LAX1,CLEC12A,0.002327356
500,115,LCK,LTB,0.04578041
500,323,LCK,SELPLG,0.043632533
500,224,LCK,PLSCR4,0.0395332
500,260,LCK,RHOF,0.0394119
500,197,LCK,POLA2,0.036824156
500,556,LCK,ITGB7,0.03660963
500,102,LCK,FUT8,0.034462575
500,217,LCK,MYCT1,0.03421988
500,405,LCK,GIMAP8,0.034169156
500,147,LCK,ERP29,0.03334778
500,455,LCK,SNAP23,0.033239882
500,198,LCK,CMAH,0.032787003
500,174,LCK,PPCDC,0.032553114
500,182,LCK,STK17B,0.0325531
500,327,LCK,PRIM1,0.03245585
500,339,LCK,KCTD12,0.03236171
500,180,LCK,RGS2,0.032241553
500,169,LCK,MCM4,0.031841975
500,262,LCK,SSH2,0.030820513
500,47,LCK,LONP2,0.029998237
500,354,LCK,PPP1R15A,0.029594975
500,135,LCK,SLBP,0.02957958
500,525,LCK,TXNIP,0.029560627
500,409,LCK,TMEM206,0.029293528
500,219,LCK,STARD4,0.02875381
500,79,LCK,MGAT1,0.02842497
500,497,LCK,ATP8B4,0.028393066
500,441,LCK,MCM7,0.028050313
500,284,LCK,ANXA5,0.026869629
500,24,LCK,DYNLL1,0.026738359
500,119,LCK,PAG1,0.026315052
500,123,LCK,PAFAH2,0.026068917
500,293,LCK,MAML3,0.025306929
500,246,LCK,KLF6,0.024486009
500,214,LCK,FCHO2,0.022841653
500,210,LCK,CDKN1C,0.020736566
500,400,LCK,ANKRD44,0.013709128
500,203,LCK,CD33,0.0034370255
500,139,LCK,CCL3,0.0032425898
500,86,LCK,METTL7A1,0.002872454
500,207,LCK,BLNK,0.0028664635
500,186,LCK,IL7R,0.0028224222
500,419,LCK,NCF1,0.002818592
500,319,LCK,CD74,0.0027719145
500,63,LCK,ENG,0.002752059
500,132,LCK,OAS2,0.0026764532
500,332,LCK,IPCEF1,0.0026665563
500,417,LCK,UBA7,0.0026352347
500,267,LCK,CLEC12A,0.0026172402
500,172,LCK,EPSTI1,0.0025399257
0,115,LDHB,LTB,0.028350463
0,323,LDHB,SELPLG,0.027004052
0,224,LDHB,PLSCR4,0.024375461
0,260,LDHB,RHOF,0.02436952
0,197,LDHB,POLA2,0.022732224
0,556,LDHB,ITGB7,0.02260592
0,405,LDHB,GIMAP8,0.022230424
0,198,LDHB,CMAH,0.021955686
0,102,LDHB,FUT8,0.021260837
0,400,LDHB,ANKRD44,0.021173988
0,217,LDHB,MYCT1,0.021158403
0,147,LDHB,ERP29,0.020641848
0,455,LDHB,SNAP23,0.0205144
0,174,LDHB,PPCDC,0.020115983
0,182,LDHB,STK17B,0.020115983
0,327,LDHB,PRIM1,0.020079453
0,339,LDHB,KCTD12,0.020021392
0,180,LDHB,RGS2,0.019883161
0,169,LDHB,MCM4,0.019699382
0,210,LDHB,CDKN1C,0.019292202
0,262,LDHB,SSH2,0.019051204
0,47,LDHB,LONP2,0.018588424
0,525,LDHB,TXNIP,0.018431947
0,135,LDHB,SLBP,0.018319765
0,354,LDHB,PPP1R15A,0.018305913
0,79,LDHB,MGAT1,0.01759979
0,219,LDHB,STARD4,0.01759979
0,284,LDHB,ANXA5,0.016644524
0,24,LDHB,DYNLL1,0.01658379
0,119,LDHB,PAG1,0.016293824
0,293,LDHB,MAML3,0.015613133
0,246,LDHB,KLF6,0.01515011
0,214,LDHB,FCHO2,0.013983349
0,441,LDHB,MCM7,0.010018838
0,409,LDHB,TMEM206,0.008386582
0,497,LDHB,ATP8B4,0.007884201
0,123,LDHB,PAFAH2,0.007289885
0,203,LDHB,CD33,0.0025712203
0,139,LDHB,CCL3,0.0024408824
0,207,LDHB,BLNK,0.0021971255
0,86,LDHB,METTL7A1,0.0021961755
0,419,LDHB,NCF1,0.002169124
0,186,LDHB,IL7R,0.0021594565
0,319,LDHB,CD74,0.0021365292
0,63,LDHB,ENG,0.0021243303
0,294,LDHB,TINAGL1,0.0020932506
0,132,LDHB,OAS2,0.0020679012
0,332,LDHB,IPCEF1,0.0020623696
0,417,LDHB,UBA7,0.0020406642
0,267,LDHB,CLEC12A,0.0020273756
16,115,LDHD,LTB,0.03525424
16,323,LDHD,SELPLG,0.0335794
16,224,LDHD,PLSCR4,0.030342307
16,260,LDHD,RHOF,0.030297272
16,556,LDHD,ITGB7,0.028108353
16,198,LDHD,CMAH,0.027303293
16,400,LDHD,ANKRD44,0.026304334
16,217,LDHD,MYCT1,0.02628513
16,405,LDHD,GIMAP8,0.026243223
16,147,LDHD,ERP29,0.025619239
16,174,LDHD,PPCDC,0.024986748
16,182,LDHD,STK17B,0.024986736
16,327,LDHD,PRIM1,0.024943108
16,339,LDHD,KCTD12,0.024855858
16,180,LDHD,RGS2,0.024735961
16,197,LDHD,POLA2,0.024509676
16,169,LDHD,MCM4,0.0244355
16,210,LDHD,CDKN1C,0.023964595
16,262,LDHD,SSH2,0.023654405
16,409,LDHD,TMEM206,0.023280602
16,47,LDHD,LONP2,0.023060812
16,135,LDHD,SLBP,0.022721399
16,354,LDHD,PPP1R15A,0.022717725
16,525,LDHD,TXNIP,0.022683613
16,219,LDHD,STARD4,0.021827508
16,79,LDHD,MGAT1,0.021827497
16,497,LDHD,ATP8B4,0.021817919
16,441,LDHD,MCM7,0.021541508
16,284,LDHD,ANXA5,0.020633796
16,24,LDHD,DYNLL1,0.020554822
16,119,LDHD,PAG1,0.020212555
16,293,LDHD,MAML3,0.019438157
16,246,LDHD,KLF6,0.018831864
16,214,LDHD,FCHO2,0.017513216
16,455,LDHD,SNAP23,0.011884219
16,102,LDHD,FUT8,0.0053635095
16,123,LDHD,PAFAH2,0.004663954
16,203,LDHD,CD33,0.0029089237
16,139,LDHD,CCL3,0.0027565851
16,86,LDHD,METTL7A1,0.0024583123
16,207,LDHD,BLNK,0.0024550743
16,419,LDHD,NCF1,0.0024196417
16,186,LDHD,IL7R,0.0024157003
16,319,LDHD,CD74,0.0023800987
16,63,LDHD,ENG,0.0023666893
16,294,LDHD,TINAGL1,0.0023327733
16,132,LDHD,OAS2,0.0022965295
16,332,LDHD,IPCEF1,0.0022957898
16,172,LDHD,EPSTI1,0.002284172
16,267,LDHD,CLEC12A,0.0022533445
443,115,LGALS1,LTB,0.031080412
443,323,LGALS1,SELPLG,0.029605253
443,224,LGALS1,PLSCR4,0.026737615
443,260,LGALS1,RHOF,0.026717758
443,197,LGALS1,POLA2,0.024932358
443,556,LGALS1,ITGB7,0.024787093
443,198,LGALS1,CMAH,0.024076454
443,102,LGALS1,FUT8,0.023320515
443,400,LGALS1,ANKRD44,0.02320998
443,405,LGALS1,GIMAP8,0.02312989
443,147,LGALS1,ERP29,0.022620711
443,455,LGALS1,SNAP23,0.022509217
443,174,LGALS1,PPCDC,0.02205018
443,182,LGALS1,STK17B,0.022050174
443,327,LGALS1,PRIM1,0.02201133
443,339,LGALS1,KCTD12,0.021946166
443,180,LGALS1,RGS2,0.021820234
443,169,LGALS1,MCM4,0.021563882
443,210,LGALS1,CDKN1C,0.021149354
443,262,LGALS1,SSH2,0.02088098
443,47,LGALS1,LONP2,0.020367201
443,135,LGALS1,SLBP,0.020071076
443,354,LGALS1,PPP1R15A,0.020061076
443,525,LGALS1,TXNIP,0.0199566
443,409,LGALS1,TMEM206,0.019864878
443,219,LGALS1,STARD4,0.019283246
443,79,LGALS1,MGAT1,0.01928324
443,497,LGALS1,ATP8B4,0.019281965
443,441,LGALS1,MCM7,0.01902804
443,284,LGALS1,ANXA5,0.01823967
443,24,LGALS1,DYNLL1,0.018167425
443,119,LGALS1,PAG1,0.01786871
443,123,LGALS1,PAFAH2,0.01770368
443,293,LGALS1,MAML3,0.01718716
443,214,LGALS1,FCHO2,0.015396207
443,217,LGALS1,MYCT1,0.009672482
443,246,LGALS1,KLF6,0.009401846
443,203,LGALS1,CD33,0.0027139245
443,139,LGALS1,CCL3,0.0025744678
443,207,LGALS1,BLNK,0.0023071384
443,319,LGALS1,CD74,0.0022414695
443,419,LGALS1,NCF1,0.002231339
443,63,LGALS1,ENG,0.0022286028
443,294,LGALS1,TINAGL1,0.0021974568
443,186,LGALS1,IL7R,0.0021961483
443,132,LGALS1,OAS2,0.0021707853
443,332,LGALS1,IPCEF1,0.002168149
443,417,LGALS1,UBA7,0.0021389064
443,172,LGALS1,EPSTI1,0.0020659154
443,494,LGALS1,DUSP5,0.0019673242
469,115,LGMN,LTB,0.035425562
469,323,LGMN,SELPLG,0.033725448
469,224,LGMN,PLSCR4,0.030437319
469,260,LGMN,RHOF,0.030423624
469,197,LGMN,POLA2,0.028394435
469,556,LGMN,ITGB7,0.028223742
469,198,LGMN,CMAH,0.027401436
469,102,LGMN,FUT8,0.026534293
469,217,LGMN,MYCT1,0.026362438
469,405,LGMN,GIMAP8,0.02631407
469,147,LGMN,ERP29,0.02568781
469,180,LGMN,RGS2,0.025574666
469,455,LGMN,SNAP23,0.025566295
469,174,LGMN,PPCDC,0.025066292
469,182,LGMN,STK17B,0.025066275
469,327,LGMN,PRIM1,0.025021972
469,339,LGMN,KCTD12,0.024919344
469,169,LGMN,MCM4,0.024504423
469,47,LGMN,LONP2,0.024444168
469,210,LGMN,CDKN1C,0.024002217
469,262,LGMN,SSH2,0.023717405
469,135,LGMN,SLBP,0.022773283
469,525,LGMN,TXNIP,0.022731515
469,409,LGMN,TMEM206,0.02257314
469,219,LGMN,STARD4,0.021867748
469,497,LGMN,ATP8B4,0.021858841
469,79,LGMN,MGAT1,0.02181097
469,441,LGMN,MCM7,0.0215829
469,284,LGMN,ANXA5,0.020652136
469,24,LGMN,DYNLL1,0.02057407
469,119,LGMN,PAG1,0.020225123
469,123,LGMN,PAFAH2,0.020042894
469,293,LGMN,MAML3,0.019434918
469,246,LGMN,KLF6,0.018841997
469,214,LGMN,FCHO2,0.01754212
469,400,LGMN,ANKRD44,0.010674138
469,354,LGMN,PPP1R15A,0.010246599
469,203,LGMN,CD33,0.0028145406
469,139,LGMN,CCL3,0.0026605595
469,86,LGMN,METTL7A1,0.0023748996
469,207,LGMN,BLNK,0.002373798
469,186,LGMN,IL7R,0.002338718
469,419,LGMN,NCF1,0.002332032
469,319,LGMN,CD74,0.0022978955
469,63,LGMN,ENG,0.0022840654
469,294,LGMN,TINAGL1,0.0022600773
469,132,LGMN,OAS2,0.0022205252
469,332,LGMN,IPCEF1,0.0022154103
469,267,LGMN,CLEC12A,0.0021802243
469,172,LGMN,EPSTI1,0.002117075
155,197,LHCGR,POLA2,0.7904645
155,97,LHCGR,MYC,0.71429557
155,246,LHCGR,KLF6,0.7105279
155,497,LHCGR,ATP8B4,0.7050335
155,441,LHCGR,MCM7,0.70448977
155,135,LHCGR,SLBP,0.7024939
155,409,LHCGR,TMEM206,0.70056367
155,400,LHCGR,ANKRD44,0.70051956
155,174,LHCGR,PPCDC,0.6988613
155,182,LHCGR,STK17B,0.6968352
155,79,LHCGR,MGAT1,0.6968269
155,219,LHCGR,STARD4,0.6968269
155,327,LHCGR,PRIM1,0.6961986
155,262,LHCGR,SSH2,0.6954627
155,123,LHCGR,PAFAH2,0.69452506
155,405,LHCGR,GIMAP8,0.6907008
155,169,LHCGR,MCM4,0.68909115
155,354,LHCGR,PPP1R15A,0.68898845
155,47,LHCGR,LONP2,0.68868536
155,24,LHCGR,DYNLL1,0.68683684
155,339,LHCGR,KCTD12,0.68360114
155,525,LHCGR,TXNIP,0.68265104
155,284,LHCGR,ANXA5,0.68166316
155,198,LHCGR,CMAH,0.68025756
155,287,LHCGR,CSF3R,0.67884505
155,217,LHCGR,MYCT1,0.6777093
155,260,LHCGR,RHOF,0.67638147
155,224,LHCGR,PLSCR4,0.66735506
155,214,LHCGR,FCHO2,0.6654371
155,145,LHCGR,SPI1,0.652831
155,210,LHCGR,CDKN1C,0.65204453
155,19,LHCGR,UBASH3A,0.6520293
155,115,LHCGR,LTB,0.6508146
155,323,LHCGR,SELPLG,0.6480545
155,180,LHCGR,RGS2,0.6451739
155,455,LHCGR,SNAP23,0.64132816
155,555,LHCGR,CKS1B,0.63849133
155,283,LHCGR,SAT1,0.63846606
155,404,LHCGR,NHP2,0.6384238
155,225,LHCGR,CDT1,0.6376584
155,335,LHCGR,SLC22A3,0.63737106
155,228,LHCGR,CCL9,0.636139
155,556,LHCGR,ITGB7,0.633889
155,84,LHCGR,SLC39A6,0.6336137
155,7,LHCGR,AKNA,0.63281107
155,526,LHCGR,SERP1,0.6321951
155,66,LHCGR,CCR7,0.6320571
155,396,LHCGR,IFI27,0.62943476
155,294,LHCGR,TINAGL1,0.6289843
155,466,LHCGR,ZFP367,0.62894857
47,323,LONP2,SELPLG,0.07055832
47,224,LONP2,PLSCR4,0.064447686
47,260,LONP2,RHOF,0.06394418
47,556,LONP2,ITGB7,0.05979258
47,198,LONP2,CMAH,0.0586109
47,102,LONP2,FUT8,0.056415625
47,400,LONP2,ANKRD44,0.055957813
47,405,LONP2,GIMAP8,0.055918083
47,217,LONP2,MYCT1,0.055886306
47,147,LONP2,ERP29,0.05445225
47,455,LONP2,SNAP23,0.05439234
47,174,LONP2,PPCDC,0.053317633
47,182,LONP2,STK17B,0.053317614
47,327,LONP2,PRIM1,0.05321424
47,339,LONP2,KCTD12,0.052938268
47,180,LONP2,RGS2,0.05288393
47,169,LONP2,MCM4,0.05220532
47,210,LONP2,CDKN1C,0.051257804
47,262,LONP2,SSH2,0.0511485
47,354,LONP2,PPP1R15A,0.048582938
47,135,LONP2,SLBP,0.04848323
47,525,LONP2,TXNIP,0.048465285
47,409,LONP2,TMEM206,0.048080266
47,79,LONP2,MGAT1,0.046668474
47,219,LONP2,STARD4,0.046612117
47,497,LONP2,ATP8B4,0.046584237
47,284,LONP2,ANXA5,0.044185024
47,24,LONP2,DYNLL1,0.04397122
47,119,LONP2,PAG1,0.043271303
47,197,LONP2,POLA2,0.043101616
47,123,LONP2,PAFAH2,0.042905975
47,441,LONP2,MCM7,0.042327367
47,293,LONP2,MAML3,0.041710004
47,214,LONP2,FCHO2,0.03381173
47,246,LONP2,KLF6,0.016099535
47,115,LONP2,LTB,0.011285999
47,203,LONP2,CD33,0.0050015254
47,139,LONP2,CCL3,0.0046897572
47,86,LONP2,METTL7A1,0.0041114264
47,207,LONP2,BLNK,0.004100897
47,186,LONP2,IL7R,0.0040372782
47,419,LONP2,NCF1,0.0040192185
47,319,LONP2,CD74,0.0039516124
47,63,LONP2,ENG,0.0039237496
47,294,LONP2,TINAGL1,0.0038811883
47,132,LONP2,OAS2,0.0038012497
47,332,LONP2,IPCEF1,0.0037906687
47,417,LONP2,UBA7,0.003741542
47,267,LONP2,CLEC12A,0.0037115053
47,172,LONP2,EPSTI1,0.0035930735
378,323,LPCAT2,SELPLG,0.011335783
378,260,LPCAT2,RHOF,0.01033591
378,224,LPCAT2,PLSCR4,0.010321531
378,197,LPCAT2,POLA2,0.009661335
378,556,LPCAT2,ITGB7,0.009628923
378,198,LPCAT2,CMAH,0.009348936
378,405,LPCAT2,GIMAP8,0.009343564
378,102,LPCAT2,FUT8,0.009071804
378,400,LPCAT2,ANKRD44,0.009066011
378,217,LPCAT2,MYCT1,0.009030673
378,147,LPCAT2,ERP29,0.008829581
378,455,LPCAT2,SNAP23,0.00872044
378,174,LPCAT2,PPCDC,0.008628134
378,182,LPCAT2,STK17B,0.00862813
378,327,LPCAT2,PRIM1,0.0086070355
378,339,LPCAT2,KCTD12,0.008583334
378,180,LPCAT2,RGS2,0.008574773
378,115,LPCAT2,LTB,0.008461943
378,169,LPCAT2,MCM4,0.008436176
378,47,LPCAT2,LONP2,0.0082790805
378,210,LPCAT2,CDKN1C,0.008227121
378,262,LPCAT2,SSH2,0.008191926
378,135,LPCAT2,SLBP,0.007881884
378,354,LPCAT2,PPP1R15A,0.007854874
378,525,LPCAT2,TXNIP,0.007845786
378,409,LPCAT2,TMEM206,0.007780272
378,497,LPCAT2,ATP8B4,0.0075687477
378,79,LPCAT2,MGAT1,0.0075581707
378,219,LPCAT2,STARD4,0.0075560394
378,441,LPCAT2,MCM7,0.007463737
378,24,LPCAT2,DYNLL1,0.0071362895
378,284,LPCAT2,ANXA5,0.0071148807
378,293,LPCAT2,MAML3,0.0070546838
378,119,LPCAT2,PAG1,0.006983023
378,123,LPCAT2,PAFAH2,0.006897218
378,246,LPCAT2,KLF6,0.0065891286
378,214,LPCAT2,FCHO2,0.0061851796
378,203,LPCAT2,CD33,0.0016106977
378,139,LPCAT2,CCL3,0.0015401001
378,207,LPCAT2,BLNK,0.0014302867
378,86,LPCAT2,METTL7A1,0.0014283158
378,186,LPCAT2,IL7R,0.0014175234
378,419,LPCAT2,NCF1,0.0014069645
378,63,LPCAT2,ENG,0.0013880605
378,294,LPCAT2,TINAGL1,0.0013804211
378,319,LPCAT2,CD74,0.0013776479
378,132,LPCAT2,OAS2,0.0013686507
378,417,LPCAT2,UBA7,0.0013646758
378,332,LPCAT2,IPCEF1,0.0013591141
378,267,LPCAT2,CLEC12A,0.0013505978
456,115,LRRC8C,LTB,0.025442515
456,323,LRRC8C,SELPLG,0.02421357
456,260,LRRC8C,RHOF,0.021841913
456,224,LRRC8C,PLSCR4,0.02184004
456,197,LRRC8C,POLA2,0.020355854
456,556,LRRC8C,ITGB7,0.020255098
456,102,LRRC8C,FUT8,0.019034626
456,217,LRRC8C,MYCT1,0.018929506
456,405,LRRC8C,GIMAP8,0.018886548
456,147,LRRC8C,ERP29,0.018433884
456,455,LRRC8C,SNAP23,0.018328432
456,182,LRRC8C,STK17B,0.018003812
456,327,LRRC8C,PRIM1,0.01796897
456,339,LRRC8C,KCTD12,0.017906819
456,210,LRRC8C,CDKN1C,0.017827118
456,180,LRRC8C,RGS2,0.017770575
456,169,LRRC8C,MCM4,0.01774938
456,262,LRRC8C,SSH2,0.017038599
456,198,LRRC8C,CMAH,0.01694561
456,47,LRRC8C,LONP2,0.016614698
456,135,LRRC8C,SLBP,0.016382335
456,354,LRRC8C,PPP1R15A,0.01635943
456,525,LRRC8C,TXNIP,0.016353125
456,409,LRRC8C,TMEM206,0.016210543
456,497,LRRC8C,ATP8B4,0.01573731
456,219,LRRC8C,STARD4,0.015726566
456,79,LRRC8C,MGAT1,0.01568689
456,441,LRRC8C,MCM7,0.015531941
456,174,LRRC8C,PPCDC,0.015281293
456,284,LRRC8C,ANXA5,0.014859614
456,24,LRRC8C,DYNLL1,0.014799974
456,400,LRRC8C,ANKRD44,0.014659618
456,119,LRRC8C,PAG1,0.014563144
456,123,LRRC8C,PAFAH2,0.014429633
456,293,LRRC8C,MAML3,0.013983737
456,246,LRRC8C,KLF6,0.0135928225
456,214,LRRC8C,FCHO2,0.012615187
456,203,LRRC8C,CD33,0.0023096201
456,139,LRRC8C,CCL3,0.0021923387
456,207,LRRC8C,BLNK,0.0019802076
456,86,LRRC8C,METTL7A1,0.0019763617
456,186,LRRC8C,IL7R,0.001952217
456,419,LRRC8C,NCF1,0.0019480323
456,319,LRRC8C,CD74,0.0019247505
456,63,LRRC8C,ENG,0.0019118603
456,294,LRRC8C,TINAGL1,0.0018926933
456,132,LRRC8C,OAS2,0.0018626392
456,332,LRRC8C,IPCEF1,0.0018590754
456,417,LRRC8C,UBA7,0.001843334
456,267,LRRC8C,CLEC12A,0.0018336698
470,115,LSP1,LTB,0.033933695
470,323,LSP1,SELPLG,0.032312166
470,224,LSP1,PLSCR4,0.029160224
470,260,LSP1,RHOF,0.029156351
470,197,LSP1,POLA2,0.027211988
470,556,LSP1,ITGB7,0.027049217
470,198,LSP1,CMAH,0.026267879
470,102,LSP1,FUT8,0.025439512
470,217,LSP1,MYCT1,0.025286097
470,405,LSP1,GIMAP8,0.025229275
470,147,LSP1,ERP29,0.024648944
470,180,LSP1,RGS2,0.024540054
470,455,LSP1,SNAP23,0.024537617
470,174,LSP1,PPCDC,0.024040863
470,182,LSP1,STK17B,0.024040857
470,327,LSP1,PRIM1,0.023998497
470,339,LSP1,KCTD12,0.023910355
470,169,LSP1,MCM4,0.023506502
470,47,LSP1,LONP2,0.023466581
470,210,LSP1,CDKN1C,0.023040038
470,262,LSP1,SSH2,0.022755848
470,135,LSP1,SLBP,0.021859515
470,525,LSP1,TXNIP,0.021826832
470,409,LSP1,TMEM206,0.021666681
470,219,LSP1,STARD4,0.020995842
470,497,LSP1,ATP8B4,0.020989653
470,79,LSP1,MGAT1,0.020942673
470,441,LSP1,MCM7,0.020722982
470,284,LSP1,ANXA5,0.019843152
470,24,LSP1,DYNLL1,0.019766293
470,119,LSP1,PAG1,0.019432854
470,123,LSP1,PAFAH2,0.01925804
470,293,LSP1,MAML3,0.01868518
470,246,LSP1,KLF6,0.018114196
470,214,LSP1,FCHO2,0.01688579
470,400,LSP1,ANKRD44,0.010359099
470,354,LSP1,PPP1R15A,0.009905515
470,203,LSP1,CD33,0.0028009322
470,139,LSP1,CCL3,0.002651667
470,86,LSP1,METTL7A1,0.0023685428
470,207,LSP1,BLNK,0.0023684574
470,419,LSP1,NCF1,0.002331373
470,186,LSP1,IL7R,0.0023303065
470,319,LSP1,CD74,0.0022953355
470,63,LSP1,ENG,0.002282638
470,294,LSP1,TINAGL1,0.0022557997
470,132,LSP1,OAS2,0.0022194975
470,332,LSP1,IPCEF1,0.0022138571
470,267,LSP1,CLEC12A,0.002176786
470,172,LSP1,EPSTI1,0.0021148762
115,323,LTB,SELPLG,0.16914015
115,224,LTB,PLSCR4,0.15816562
115,260,LTB,RHOF,0.15628359
115,556,LTB,ITGB7,0.14804405
115,198,LTB,CMAH,0.14476544
115,102,LTB,FUT8,0.14113404
115,400,LTB,ANKRD44,0.14069805
115,405,LTB,GIMAP8,0.14006068
115,217,LTB,MYCT1,0.13928194
115,455,LTB,SNAP23,0.1360216
115,147,LTB,ERP29,0.13597359
115,182,LTB,STK17B,0.13433781
115,174,LTB,PPCDC,0.13433777
115,327,LTB,PRIM1,0.13400638
115,180,LTB,RGS2,0.13323985
115,169,LTB,MCM4,0.13190125
115,210,LTB,CDKN1C,0.12953776
115,262,LTB,SSH2,0.12831372
115,47,LTB,LONP2,0.12494912
115,354,LTB,PPP1R15A,0.12379394
115,135,LTB,SLBP,0.12328228
115,525,LTB,TXNIP,0.12308383
115,219,LTB,STARD4,0.11945061
115,79,LTB,MGAT1,0.11935474
115,497,LTB,ATP8B4,0.11883943
115,441,LTB,MCM7,0.11812857
115,284,LTB,ANXA5,0.113694064
115,24,LTB,DYNLL1,0.11300877
115,119,LTB,PAG1,0.11164315
115,123,LTB,PAFAH2,0.11070056
115,293,LTB,MAML3,0.10778107
115,246,LTB,KLF6,0.10421281
115,339,LTB,KCTD12,0.10262083
115,214,LTB,FCHO2,0.0980448
115,409,LTB,TMEM206,0.08746196
115,197,LTB,POLA2,0.056358274
115,203,LTB,CD33,0.010219005
115,139,LTB,CCL3,0.009445664
115,207,LTB,BLNK,0.008107167
115,186,LTB,IL7R,0.008039107
115,419,LTB,NCF1,0.00780401
115,319,LTB,CD74,0.0077383756
115,294,LTB,TINAGL1,0.007646051
115,132,LTB,OAS2,0.0073747877
115,332,LTB,IPCEF1,0.0073726657
115,417,LTB,UBA7,0.0073034656
115,267,LTB,CLEC12A,0.0072533465
115,172,LTB,EPSTI1,0.0069798133
115,63,LTB,ENG,0.00697278
115,494,LTB,DUSP5,0.006416194
29,323,LY9,SELPLG,0.03281649
29,224,LY9,PLSCR4,0.029681385
29,556,LY9,ITGB7,0.027812064
29,197,LY9,POLA2,0.027651463
29,198,LY9,CMAH,0.026881853
29,102,LY9,FUT8,0.025839522
29,400,LY9,ANKRD44,0.02574466
29,405,LY9,GIMAP8,0.025622306
29,147,LY9,ERP29,0.02500822
29,455,LY9,SNAP23,0.024878735
29,174,LY9,PPCDC,0.024404958
29,327,LY9,PRIM1,0.024383202
29,182,LY9,STK17B,0.024340691
29,339,LY9,KCTD12,0.024257204
29,169,LY9,MCM4,0.023830032
29,210,LY9,CDKN1C,0.023354609
29,262,LY9,SSH2,0.023056652
29,260,LY9,RHOF,0.023001185
29,47,LY9,LONP2,0.022485364
29,135,LY9,SLBP,0.022169923
29,354,LY9,PPP1R15A,0.02215518
29,525,LY9,TXNIP,0.02213213
29,409,LY9,TMEM206,0.021940053
29,219,LY9,STARD4,0.021281939
29,497,LY9,ATP8B4,0.021274213
29,441,LY9,MCM7,0.02100515
29,115,LY9,LTB,0.020475464
29,284,LY9,ANXA5,0.020090986
29,24,LY9,DYNLL1,0.019973584
29,119,LY9,PAG1,0.019685531
29,123,LY9,PAFAH2,0.019502988
29,180,LY9,RGS2,0.019075805
29,293,LY9,MAML3,0.01890102
29,246,LY9,KLF6,0.018331114
29,79,LY9,MGAT1,0.01810746
29,214,LY9,FCHO2,0.017028045
29,217,LY9,MYCT1,0.015900228
29,203,LY9,CD33,0.002740203
29,139,LY9,CCL3,0.0025903238
29,86,LY9,METTL7A1,0.0023158411
29,207,LY9,BLNK,0.0023129068
29,419,LY9,NCF1,0.0022701598
29,319,LY9,CD74,0.002240708
29,63,LY9,ENG,0.0022254623
29,294,LY9,TINAGL1,0.0022047805
29,132,LY9,OAS2,0.00216398
29,332,LY9,IPCEF1,0.0021555054
29,417,LY9,UBA7,0.0021388168
29,267,LY9,CLEC12A,0.0021259421
29,172,LY9,EPSTI1,0.002065481
412,323,LYN,SELPLG,0.021876043
412,224,LYN,PLSCR4,0.019729255
412,260,LYN,RHOF,0.019716935
412,197,LYN,POLA2,0.018395282
412,556,LYN,ITGB7,0.01832259
412,102,LYN,FUT8,0.017208898
412,400,LYN,ANKRD44,0.017150398
412,217,LYN,MYCT1,0.017119456
412,405,LYN,GIMAP8,0.01707781
412,147,LYN,ERP29,0.016674934
412,455,LYN,SNAP23,0.016590796
412,182,LYN,STK17B,0.016285907
412,327,LYN,PRIM1,0.0162352
412,339,LYN,KCTD12,0.016201671
412,180,LYN,RGS2,0.016071966
412,169,LYN,MCM4,0.015915373
412,210,LYN,CDKN1C,0.01558037
412,262,LYN,SSH2,0.015417675
412,47,LYN,LONP2,0.015039832
412,135,LYN,SLBP,0.014831586
412,354,LYN,PPP1R15A,0.014807596
412,525,LYN,TXNIP,0.014804445
412,409,LYN,TMEM206,0.0146756135
412,497,LYN,ATP8B4,0.014273518
412,219,LYN,STARD4,0.014239691
412,79,LYN,MGAT1,0.014239677
412,441,LYN,MCM7,0.01406645
412,115,LYN,LTB,0.013883107
412,284,LYN,ANXA5,0.013554873
412,24,LYN,DYNLL1,0.013405728
412,119,LYN,PAG1,0.013194083
412,123,LYN,PAFAH2,0.0130743785
412,293,LYN,MAML3,0.012671296
412,246,LYN,KLF6,0.012325729
412,214,LYN,FCHO2,0.01138398
412,198,LYN,CMAH,0.010581985
412,174,LYN,PPCDC,0.0097182
412,203,LYN,CD33,0.0021981124
412,139,LYN,CCL3,0.0019896338
412,86,LYN,METTL7A1,0.0018925907
412,186,LYN,IL7R,0.0018664198
412,419,LYN,NCF1,0.0018633788
412,319,LYN,CD74,0.0018420526
412,63,LYN,ENG,0.0018291702
412,132,LYN,OAS2,0.0017837586
412,294,LYN,TINAGL1,0.001783403
412,332,LYN,IPCEF1,0.0017805123
412,417,LYN,UBA7,0.0017661056
412,267,LYN,CLEC12A,0.0017572506
412,172,LYN,EPSTI1,0.0017102136
310,97,MAGED1,MYC,0.71429557
310,246,MAGED1,KLF6,0.7105279
310,497,MAGED1,ATP8B4,0.7050335
310,135,MAGED1,SLBP,0.70285743
310,409,MAGED1,TMEM206,0.70056367
310,400,MAGED1,ANKRD44,0.6989498
310,174,MAGED1,PPCDC,0.6968352
310,182,MAGED1,STK17B,0.6968352
310,79,MAGED1,MGAT1,0.6968269
310,219,MAGED1,STARD4,0.6968269
310,327,MAGED1,PRIM1,0.6961986
310,262,MAGED1,SSH2,0.6954627
310,123,MAGED1,PAFAH2,0.69452506
310,556,MAGED1,ITGB7,0.69134706
310,405,MAGED1,GIMAP8,0.6907008
310,169,MAGED1,MCM4,0.68909115
310,354,MAGED1,PPP1R15A,0.68898845
310,47,MAGED1,LONP2,0.6889375
310,102,MAGED1,FUT8,0.6846261
310,339,MAGED1,KCTD12,0.68360114
310,525,MAGED1,TXNIP,0.68265104
310,284,MAGED1,ANXA5,0.68166965
310,198,MAGED1,CMAH,0.6808214
310,217,MAGED1,MYCT1,0.6777093
310,260,MAGED1,RHOF,0.67638147
310,404,MAGED1,NHP2,0.6734714
310,147,MAGED1,ERP29,0.67325574
310,293,MAGED1,MAML3,0.6688687
310,224,MAGED1,PLSCR4,0.66735506
310,139,MAGED1,CCL3,0.6655765
310,214,MAGED1,FCHO2,0.6654371
310,441,MAGED1,MCM7,0.65252215
310,210,MAGED1,CDKN1C,0.65204453
310,19,MAGED1,UBASH3A,0.6520293
310,115,MAGED1,LTB,0.6508146
310,323,MAGED1,SELPLG,0.6482376
310,180,MAGED1,RGS2,0.6451739
310,24,MAGED1,DYNLL1,0.64460486
310,455,MAGED1,SNAP23,0.64132816
310,283,MAGED1,SAT1,0.63860404
310,225,MAGED1,CDT1,0.6376584
310,335,MAGED1,SLC22A3,0.6369119
310,119,MAGED1,PAG1,0.6365111
310,228,MAGED1,CCL9,0.6349235
310,84,MAGED1,SLC39A6,0.6336137
310,7,MAGED1,AKNA,0.63281107
310,526,MAGED1,SERP1,0.6321951
310,66,MAGED1,CCR7,0.6320571
310,552,MAGED1,TLR7,0.6320571
310,396,MAGED1,IFI27,0.62943476
33,115,MAGED2,LTB,0.05736301
33,323,MAGED2,SELPLG,0.054631505
33,224,MAGED2,PLSCR4,0.04968907
33,556,MAGED2,ITGB7,0.046527766
33,197,MAGED2,POLA2,0.046343
33,198,MAGED2,CMAH,0.04505226
33,102,MAGED2,FUT8,0.043217726
33,400,MAGED2,ANKRD44,0.043082245
33,405,MAGED2,GIMAP8,0.04294389
33,147,MAGED2,ERP29,0.041840702
33,455,MAGED2,SNAP23,0.04172577
33,174,MAGED2,PPCDC,0.040900957
33,327,MAGED2,PRIM1,0.04086157
33,182,MAGED2,STK17B,0.040788647
33,339,MAGED2,KCTD12,0.040624898
33,169,MAGED2,MCM4,0.040009927
33,210,MAGED2,CDKN1C,0.039226364
33,262,MAGED2,SSH2,0.038668323
33,260,MAGED2,RHOF,0.038230225
33,47,MAGED2,LONP2,0.037690356
33,354,MAGED2,PPP1R15A,0.037167054
33,135,MAGED2,SLBP,0.0371262
33,525,MAGED2,TXNIP,0.037092052
33,409,MAGED2,TMEM206,0.036785394
33,219,MAGED2,STARD4,0.035682324
33,79,MAGED2,MGAT1,0.03568231
33,497,MAGED2,ATP8B4,0.035619684
33,441,MAGED2,MCM7,0.035212334
33,284,MAGED2,ANXA5,0.03371225
33,123,MAGED2,PAFAH2,0.032705083
33,180,MAGED2,RGS2,0.032235563
33,293,MAGED2,MAML3,0.03173546
33,246,MAGED2,KLF6,0.03067766
33,214,MAGED2,FCHO2,0.028550042
33,217,MAGED2,MYCT1,0.027035177
33,119,MAGED2,PAG1,0.014760457
33,24,MAGED2,DYNLL1,0.013591691
33,203,MAGED2,CD33,0.003901036
33,139,MAGED2,CCL3,0.0036666233
33,86,MAGED2,METTL7A1,0.003223575
33,207,MAGED2,BLNK,0.0032138224
33,419,MAGED2,NCF1,0.0031484866
33,319,MAGED2,CD74,0.0030985258
33,63,MAGED2,ENG,0.0030766476
33,294,MAGED2,TINAGL1,0.0030528887
33,132,MAGED2,OAS2,0.0029850376
33,332,MAGED2,IPCEF1,0.0029715807
33,417,MAGED2,UBA7,0.002940474
33,267,MAGED2,CLEC12A,0.0029206115
33,172,MAGED2,EPSTI1,0.0028289305
358,115,MAMDC2,LTB,0.025628217
358,323,MAMDC2,SELPLG,0.024405662
358,260,MAMDC2,RHOF,0.022009451
358,224,MAMDC2,PLSCR4,0.022006292
358,197,MAMDC2,POLA2,0.020519746
358,556,MAMDC2,ITGB7,0.020402757
358,198,MAMDC2,CMAH,0.019819496
358,400,MAMDC2,ANKRD44,0.019109901
358,217,MAMDC2,MYCT1,0.019094912
358,405,MAMDC2,GIMAP8,0.01903333
358,455,MAMDC2,SNAP23,0.018483559
358,182,MAMDC2,STK17B,0.018153273
358,327,MAMDC2,PRIM1,0.018101865
358,339,MAMDC2,KCTD12,0.018046647
358,180,MAMDC2,RGS2,0.017910197
358,169,MAMDC2,MCM4,0.017755724
358,210,MAMDC2,CDKN1C,0.017408937
358,262,MAMDC2,SSH2,0.01719467
358,47,MAMDC2,LONP2,0.016782207
358,147,MAMDC2,ERP29,0.01654925
358,135,MAMDC2,SLBP,0.016536588
358,525,MAMDC2,TXNIP,0.016532984
358,354,MAMDC2,PPP1R15A,0.01652692
358,497,MAMDC2,ATP8B4,0.015891805
358,79,MAMDC2,MGAT1,0.015890157
358,284,MAMDC2,ANXA5,0.015039775
358,24,MAMDC2,DYNLL1,0.01499434
358,119,MAMDC2,PAG1,0.014733064
358,123,MAMDC2,PAFAH2,0.014596721
358,441,MAMDC2,MCM7,0.01451251
358,293,MAMDC2,MAML3,0.014222071
358,246,MAMDC2,KLF6,0.013787192
358,174,MAMDC2,PPCDC,0.013508738
358,214,MAMDC2,FCHO2,0.012801561
358,102,MAMDC2,FUT8,0.008202246
358,409,MAMDC2,TMEM206,0.007953303
358,219,MAMDC2,STARD4,0.0040277923
358,139,MAMDC2,CCL3,0.0025227065
358,203,MAMDC2,CD33,0.002455156
358,332,MAMDC2,IPCEF1,0.00214806
358,207,MAMDC2,BLNK,0.0021110224
358,86,MAMDC2,METTL7A1,0.0021084785
358,419,MAMDC2,NCF1,0.0020938027
358,186,MAMDC2,IL7R,0.0020711806
358,319,MAMDC2,CD74,0.0020555328
358,63,MAMDC2,ENG,0.0020457015
358,294,MAMDC2,TINAGL1,0.0020083839
358,132,MAMDC2,OAS2,0.0019903376
358,417,MAMDC2,UBA7,0.0019626962
358,267,MAMDC2,CLEC12A,0.0019481797
293,47,MAML3,LONP2,0.09270312
293,24,MAML3,DYNLL1,0.083252214
293,115,MAML3,LTB,0.078163534
293,224,MAML3,PLSCR4,0.06826115
293,260,MAML3,RHOF,0.067714185
293,197,MAML3,POLA2,0.06381329
293,556,MAML3,ITGB7,0.063273594
293,198,MAML3,CMAH,0.06159816
293,102,MAML3,FUT8,0.059655204
293,400,MAML3,ANKRD44,0.059251558
293,405,MAML3,GIMAP8,0.059222523
293,217,MAML3,MYCT1,0.059155915
293,147,MAML3,ERP29,0.057631623
293,455,MAML3,SNAP23,0.05761336
293,262,MAML3,SSH2,0.0566299
293,182,MAML3,STK17B,0.05645835
293,174,MAML3,PPCDC,0.05644476
293,327,MAML3,PRIM1,0.05634281
293,180,MAML3,RGS2,0.055975802
293,169,MAML3,MCM4,0.055273127
293,210,MAML3,CDKN1C,0.05424951
293,354,MAML3,PPP1R15A,0.05142354
293,525,MAML3,TXNIP,0.05132953
293,135,MAML3,SLBP,0.051314857
293,409,MAML3,TMEM206,0.050896745
293,79,MAML3,MGAT1,0.0493874
293,219,MAML3,STARD4,0.049387377
293,497,MAML3,ATP8B4,0.049260307
293,441,MAML3,MCM7,0.04876088
293,323,MAML3,SELPLG,0.047438025
293,284,MAML3,ANXA5,0.046745565
293,119,MAML3,PAG1,0.045778878
293,123,MAML3,PAFAH2,0.04535289
293,246,MAML3,KLF6,0.042534765
293,214,MAML3,FCHO2,0.039740134
293,339,MAML3,KCTD12,0.038058974
293,203,MAML3,CD33,0.005106316
293,139,MAML3,CCL3,0.004772051
293,86,MAML3,METTL7A1,0.0041848025
293,207,MAML3,BLNK,0.0041733626
293,19,MAML3,UBASH3A,0.0041443873
293,186,MAML3,IL7R,0.004111368
293,419,MAML3,NCF1,0.0040848893
293,26,MAML3,SGMS1,0.0040410743
293,319,MAML3,CD74,0.0040180637
293,63,MAML3,ENG,0.003987541
293,294,MAML3,TINAGL1,0.003941734
293,20,MAML3,CTSS,0.0039263056
293,132,MAML3,OAS2,0.0038628937
293,332,MAML3,IPCEF1,0.0038515856
477,115,MAN1A,LTB,0.06816537
477,323,MAN1A,SELPLG,0.06517449
477,224,MAN1A,PLSCR4,0.059505936
477,260,MAN1A,RHOF,0.059227254
477,197,MAN1A,POLA2,0.05570689
477,556,MAN1A,ITGB7,0.055261847
477,198,MAN1A,CMAH,0.053818226
477,102,MAN1A,FUT8,0.052843083
477,217,MAN1A,MYCT1,0.051872864
477,400,MAN1A,ANKRD44,0.051850423
477,405,MAN1A,GIMAP8,0.05176591
477,147,MAN1A,ERP29,0.050538957
477,455,MAN1A,SNAP23,0.05036409
477,174,MAN1A,PPCDC,0.04943899
477,182,MAN1A,STK17B,0.04943899
477,327,MAN1A,PRIM1,0.049383797
477,210,MAN1A,CDKN1C,0.04931209
477,339,MAN1A,KCTD12,0.04914081
477,180,MAN1A,RGS2,0.0489957
477,169,MAN1A,MCM4,0.048463985
477,262,MAN1A,SSH2,0.04697016
477,47,MAN1A,LONP2,0.045769766
477,354,MAN1A,PPP1R15A,0.045224886
477,525,MAN1A,TXNIP,0.04512434
477,135,MAN1A,SLBP,0.045065966
477,79,MAN1A,MGAT1,0.043508094
477,219,MAN1A,STARD4,0.043508094
477,497,MAN1A,ATP8B4,0.04336912
477,119,MAN1A,PAG1,0.041338738
477,284,MAN1A,ANXA5,0.0412441
477,24,MAN1A,DYNLL1,0.041129302
477,123,MAN1A,PAFAH2,0.040059727
477,293,MAN1A,MAML3,0.039007965
477,246,MAN1A,KLF6,0.037881494
477,214,MAN1A,FCHO2,0.035422094
477,409,MAN1A,TMEM206,0.029353583
477,441,MAN1A,MCM7,0.027899016
477,203,MAN1A,CD33,0.005563286
477,139,MAN1A,CCL3,0.005231675
477,86,MAN1A,METTL7A1,0.0046023796
477,207,MAN1A,BLNK,0.0045968145
477,419,MAN1A,NCF1,0.0045321714
477,186,MAN1A,IL7R,0.004508031
477,319,MAN1A,CD74,0.004442785
477,294,MAN1A,TINAGL1,0.00433121
477,332,MAN1A,IPCEF1,0.0042751078
477,417,MAN1A,UBA7,0.004202593
477,267,MAN1A,CLEC12A,0.0041556656
477,172,MAN1A,EPSTI1,0.004034405
477,276,MAN1A,H2-Q6,0.003991827
169,115,MCM4,LTB,0.13406152
169,323,MCM4,SELPLG,0.12872966
169,224,MCM4,PLSCR4,0.11936547
169,260,MCM4,RHOF,0.118166454
169,197,MCM4,POLA2,0.11471642
169,556,MCM4,ITGB7,0.11142217
169,198,MCM4,CMAH,0.10866458
169,102,MCM4,FUT8,0.105727375
169,400,MCM4,ANKRD44,0.10475385
169,217,MCM4,MYCT1,0.10454123
169,174,MCM4,PPCDC,0.1025754
169,147,MCM4,ERP29,0.10189116
169,455,MCM4,SNAP23,0.101869404
169,327,MCM4,PRIM1,0.10011622
169,180,MCM4,RGS2,0.09951933
169,339,MCM4,KCTD12,0.09945686
169,47,MCM4,LONP2,0.097863235
169,210,MCM4,CDKN1C,0.09672025
169,262,MCM4,SSH2,0.09557523
169,182,MCM4,STK17B,0.09364834
169,354,MCM4,PPP1R15A,0.09205222
169,135,MCM4,SLBP,0.0918211
169,525,MCM4,TXNIP,0.09162799
169,409,MCM4,TMEM206,0.091181114
169,219,MCM4,STARD4,0.08955288
169,79,MCM4,MGAT1,0.088612154
169,497,MCM4,ATP8B4,0.088284686
169,441,MCM4,MCM7,0.08761852
169,284,MCM4,ANXA5,0.084202096
169,24,MCM4,DYNLL1,0.083719715
169,119,MCM4,PAG1,0.08259099
169,123,MCM4,PAFAH2,0.08179484
169,293,MCM4,MAML3,0.079643175
169,246,MCM4,KLF6,0.07694737
169,214,MCM4,FCHO2,0.072207294
169,405,MCM4,GIMAP8,0.04616518
169,203,MCM4,CD33,0.008076033
169,139,MCM4,CCL3,0.0075063496
169,86,MCM4,METTL7A1,0.006514758
169,207,MCM4,BLNK,0.0064918883
169,294,MCM4,TINAGL1,0.006437087
169,186,MCM4,IL7R,0.006413626
169,419,MCM4,NCF1,0.006297274
169,319,MCM4,CD74,0.0062255273
169,63,MCM4,ENG,0.0061580623
169,332,MCM4,IPCEF1,0.0059505277
169,132,MCM4,OAS2,0.005950096
169,267,MCM4,CLEC12A,0.0058320453
169,172,MCM4,EPSTI1,0.005629312
169,276,MCM4,H2-Q6,0.0055275843
12,115,MCM5,LTB,0.06577773
12,224,MCM5,PLSCR4,0.056852654
12,260,MCM5,RHOF,0.056543455
12,197,MCM5,POLA2,0.052962687
12,556,MCM5,ITGB7,0.052574113
12,198,MCM5,CMAH,0.051045977
12,102,MCM5,FUT8,0.049442567
12,400,MCM5,ANKRD44,0.049128685
12,217,MCM5,MYCT1,0.048933852
12,405,MCM5,GIMAP8,0.048892602
12,147,MCM5,ERP29,0.047607772
12,455,MCM5,SNAP23,0.04734366
12,174,MCM5,PPCDC,0.0466548
12,182,MCM5,STK17B,0.04665477
12,327,MCM5,PRIM1,0.046551213
12,339,MCM5,KCTD12,0.046242077
12,180,MCM5,RGS2,0.04595931
12,169,MCM5,MCM4,0.045573384
12,262,MCM5,SSH2,0.044649296
12,47,MCM5,LONP2,0.042809423
12,354,MCM5,PPP1R15A,0.04222241
12,525,MCM5,TXNIP,0.042072985
12,409,MCM5,TMEM206,0.041830253
12,219,MCM5,STARD4,0.04050066
12,79,MCM5,MGAT1,0.04050065
12,497,MCM5,ATP8B4,0.040447388
12,441,MCM5,MCM7,0.040010054
12,284,MCM5,ANXA5,0.03811482
12,24,MCM5,DYNLL1,0.038001496
12,119,MCM5,PAG1,0.037351936
12,293,MCM5,MAML3,0.035750464
12,246,MCM5,KLF6,0.034912385
12,210,MCM5,CDKN1C,0.03269004
12,214,MCM5,FCHO2,0.032045633
12,135,MCM5,SLBP,0.027862223
12,123,MCM5,PAFAH2,0.02236337
12,323,MCM5,SELPLG,0.010909308
12,203,MCM5,CD33,0.0037457922
12,86,MCM5,METTL7A1,0.0030311372
12,186,MCM5,IL7R,0.0030190933
12,207,MCM5,BLNK,0.0030119137
12,419,MCM5,NCF1,0.0029156085
12,294,MCM5,TINAGL1,0.0028907135
12,319,MCM5,CD74,0.0028789914
12,63,MCM5,ENG,0.002855176
12,132,MCM5,OAS2,0.0027706916
12,332,MCM5,IPCEF1,0.0027674378
12,417,MCM5,UBA7,0.0027435187
12,267,MCM5,CLEC12A,0.0027267416
12,172,MCM5,EPSTI1,0.0026384047
441,115,MCM7,LTB,0.09430317
441,323,MCM7,SELPLG,0.090248965
441,224,MCM7,PLSCR4,0.082866475
441,260,MCM7,RHOF,0.08218748
441,197,MCM7,POLA2,0.077620834
441,556,MCM7,ITGB7,0.076930225
441,198,MCM7,CMAH,0.07497097
441,102,MCM7,FUT8,0.07278305
441,405,MCM7,GIMAP8,0.0721542
441,400,MCM7,ANKRD44,0.07214006
441,147,MCM7,ERP29,0.07018121
441,455,MCM7,SNAP23,0.07015217
441,174,MCM7,PPCDC,0.06885718
441,182,MCM7,STK17B,0.06885714
441,327,MCM7,PRIM1,0.06871289
441,339,MCM7,KCTD12,0.06834728
441,180,MCM7,RGS2,0.06831906
441,169,MCM7,MCM4,0.06745819
441,210,MCM7,CDKN1C,0.06625371
441,262,MCM7,SSH2,0.06538155
441,47,MCM7,LONP2,0.0636332
441,354,MCM7,PPP1R15A,0.06285977
441,135,MCM7,SLBP,0.06268563
441,525,MCM7,TXNIP,0.062340733
441,409,MCM7,TMEM206,0.062219232
441,219,MCM7,STARD4,0.06040684
441,79,MCM7,MGAT1,0.06040681
441,497,MCM7,ATP8B4,0.060217097
441,284,MCM7,ANXA5,0.05725247
441,24,MCM7,DYNLL1,0.056952387
441,119,MCM7,PAG1,0.05608921
441,123,MCM7,PAFAH2,0.055574123
441,293,MCM7,MAML3,0.05403607
441,214,MCM7,FCHO2,0.048804346
441,246,MCM7,KLF6,0.031855468
441,217,MCM7,MYCT1,0.028101891
441,203,MCM7,CD33,0.006050564
441,139,MCM7,CCL3,0.0056514265
441,207,MCM7,BLNK,0.004913797
441,319,MCM7,CD74,0.004723531
441,419,MCM7,NCF1,0.0046860618
441,63,MCM7,ENG,0.004685161
441,186,MCM7,IL7R,0.0046585603
441,294,MCM7,TINAGL1,0.004638996
441,132,MCM7,OAS2,0.0045397286
441,332,MCM7,IPCEF1,0.004539147
441,417,MCM7,UBA7,0.00446648
441,172,MCM7,EPSTI1,0.0042824987
441,276,MCM7,H2-Q6,0.0039935773
441,494,MCM7,DUSP5,0.0039910916
45,323,MCTP2,SELPLG,0.03140164
45,224,MCTP2,PLSCR4,0.02836171
45,260,MCTP2,RHOF,0.028288184
45,556,MCTP2,ITGB7,0.026293254
45,198,MCTP2,CMAH,0.025695847
45,102,MCTP2,FUT8,0.02469739
45,400,MCTP2,ANKRD44,0.024577793
45,217,MCTP2,MYCT1,0.024542002
45,405,MCTP2,GIMAP8,0.024492884
45,147,MCTP2,ERP29,0.023915106
45,455,MCTP2,SNAP23,0.023794716
45,174,MCTP2,PPCDC,0.023334967
45,182,MCTP2,STK17B,0.023334963
45,327,MCTP2,PRIM1,0.023294067
45,339,MCTP2,KCTD12,0.02319929
45,180,MCTP2,RGS2,0.023059886
45,169,MCTP2,MCM4,0.022810495
45,262,MCTP2,SSH2,0.022343569
45,210,MCTP2,CDKN1C,0.022338528
45,47,MCTP2,LONP2,0.021509932
45,135,MCTP2,SLBP,0.021205442
45,354,MCTP2,PPP1R15A,0.02119293
45,525,MCTP2,TXNIP,0.021175055
45,409,MCTP2,TMEM206,0.020987555
45,497,MCTP2,ATP8B4,0.020370213
45,79,MCTP2,MGAT1,0.02036124
45,219,MCTP2,STARD4,0.020336071
45,284,MCTP2,ANXA5,0.01922885
45,24,MCTP2,DYNLL1,0.019157697
45,119,MCTP2,PAG1,0.018838527
45,197,MCTP2,POLA2,0.018734308
45,123,MCTP2,PAFAH2,0.018678442
45,441,MCTP2,MCM7,0.018440278
45,293,MCTP2,MAML3,0.018111728
45,214,MCTP2,FCHO2,0.014674572
45,246,MCTP2,KLF6,0.007496511
45,115,MCTP2,LTB,0.0056800386
45,203,MCTP2,CD33,0.0026936196
45,139,MCTP2,CCL3,0.0025466476
45,86,MCTP2,METTL7A1,0.0022806637
45,207,MCTP2,BLNK,0.0022790344
45,186,MCTP2,IL7R,0.002247089
45,419,MCTP2,NCF1,0.0022391193
45,319,MCTP2,CD74,0.002209465
45,63,MCTP2,ENG,0.0021943194
45,294,MCTP2,TINAGL1,0.0021724922
45,132,MCTP2,OAS2,0.0021341802
45,332,MCTP2,IPCEF1,0.0021295485
45,417,MCTP2,UBA7,0.002109731
45,267,MCTP2,CLEC12A,0.002096606
154,115,ME2,LTB,0.029907934
154,323,ME2,SELPLG,0.028481932
154,224,ME2,PLSCR4,0.025706904
154,260,ME2,RHOF,0.025693495
154,198,ME2,CMAH,0.023138674
154,400,ME2,ANKRD44,0.022565557
154,217,ME2,MYCT1,0.022286836
154,405,ME2,GIMAP8,0.022230243
154,455,ME2,SNAP23,0.021628235
154,174,ME2,PPCDC,0.02134232
154,182,ME2,STK17B,0.021189747
154,327,ME2,PRIM1,0.021149082
154,339,ME2,KCTD12,0.021084143
154,180,ME2,RGS2,0.020954281
154,169,ME2,MCM4,0.02071526
154,210,ME2,CDKN1C,0.020305876
154,262,ME2,SSH2,0.020059085
154,47,ME2,LONP2,0.019579139
154,354,ME2,PPP1R15A,0.01926605
154,525,ME2,TXNIP,0.01926279
154,135,ME2,SLBP,0.01925898
154,409,ME2,TMEM206,0.019082675
154,497,ME2,ATP8B4,0.018522441
154,219,ME2,STARD4,0.0185168
154,79,ME2,MGAT1,0.018516794
154,441,ME2,MCM7,0.018282106
154,284,ME2,ANXA5,0.017509237
154,24,ME2,DYNLL1,0.017435066
154,102,ME2,FUT8,0.017113255
154,123,ME2,PAFAH2,0.016994381
154,246,ME2,KLF6,0.015942484
154,214,ME2,FCHO2,0.014697805
154,119,ME2,PAG1,0.01235431
154,556,ME2,ITGB7,0.010418849
154,293,ME2,MAML3,0.010157158
154,147,ME2,ERP29,0.0094597805
154,197,ME2,POLA2,0.0049144523
154,203,ME2,CD33,0.0026061758
154,139,ME2,CCL3,0.0024744186
154,86,ME2,METTL7A1,0.0022204702
154,207,ME2,BLNK,0.0022185144
154,186,ME2,IL7R,0.0021831547
154,294,ME2,TINAGL1,0.0021569591
154,319,ME2,CD74,0.0021534017
154,419,ME2,NCF1,0.002141221
154,63,ME2,ENG,0.002140578
154,132,ME2,OAS2,0.0020869025
154,417,ME2,UBA7,0.0020573903
154,267,ME2,CLEC12A,0.0020454796
154,332,ME2,IPCEF1,0.0020359794
473,115,MECOM,LTB,0.01788967
473,323,MECOM,SELPLG,0.017030152
473,260,MECOM,RHOF,0.015387007
473,224,MECOM,PLSCR4,0.015345616
473,197,MECOM,POLA2,0.014337232
473,556,MECOM,ITGB7,0.014283659
473,198,MECOM,CMAH,0.013855235
473,102,MECOM,FUT8,0.013426473
473,217,MECOM,MYCT1,0.013360527
473,405,MECOM,GIMAP8,0.013332202
473,147,MECOM,ERP29,0.013042973
473,180,MECOM,RGS2,0.01295353
473,455,MECOM,SNAP23,0.012936599
473,174,MECOM,PPCDC,0.012725877
473,182,MECOM,STK17B,0.012725877
473,327,MECOM,PRIM1,0.0126979295
473,339,MECOM,KCTD12,0.012659198
473,169,MECOM,MCM4,0.012432758
473,47,MECOM,LONP2,0.012397794
473,210,MECOM,CDKN1C,0.012158723
473,262,MECOM,SSH2,0.0120534105
473,135,MECOM,SLBP,0.011608682
473,525,MECOM,TXNIP,0.011572186
473,409,MECOM,TMEM206,0.011503545
473,497,MECOM,ATP8B4,0.011165537
473,219,MECOM,STARD4,0.011145533
473,79,MECOM,MGAT1,0.011117912
473,441,MECOM,MCM7,0.011019093
473,284,MECOM,ANXA5,0.010540668
473,24,MECOM,DYNLL1,0.010495007
473,119,MECOM,PAG1,0.010336428
473,123,MECOM,PAFAH2,0.010247011
473,293,MECOM,MAML3,0.009922468
473,246,MECOM,KLF6,0.0096781105
473,214,MECOM,FCHO2,0.008924917
473,400,MECOM,ANKRD44,0.005793852
473,354,MECOM,PPP1R15A,0.0057690796
473,203,MECOM,CD33,0.0019182466
473,139,MECOM,CCL3,0.0018259222
473,207,MECOM,BLNK,0.0016715935
473,86,MECOM,METTL7A1,0.0016692899
473,186,MECOM,IL7R,0.0016509474
473,419,MECOM,NCF1,0.0016420512
473,319,MECOM,CD74,0.0016270378
473,63,MECOM,ENG,0.001615486
473,294,MECOM,TINAGL1,0.0016034708
473,132,MECOM,OAS2,0.001578123
473,332,MECOM,IPCEF1,0.0015763509
473,267,MECOM,CLEC12A,0.0015613657
473,172,MECOM,EPSTI1,0.0015203753
286,115,MEF2C,LTB,0.032328792
286,323,MEF2C,SELPLG,0.031433348
286,224,MEF2C,PLSCR4,0.027804011
286,260,MEF2C,RHOF,0.027771704
286,197,MEF2C,POLA2,0.025894811
286,556,MEF2C,ITGB7,0.025751527
286,198,MEF2C,CMAH,0.024985658
286,102,MEF2C,FUT8,0.024190586
286,400,MEF2C,ANKRD44,0.024081098
286,217,MEF2C,MYCT1,0.024033869
286,405,MEF2C,GIMAP8,0.023995783
286,147,MEF2C,ERP29,0.023420338
286,455,MEF2C,SNAP23,0.023285005
286,174,MEF2C,PPCDC,0.022854177
286,182,MEF2C,STK17B,0.022854172
286,327,MEF2C,PRIM1,0.022805171
286,210,MEF2C,CDKN1C,0.022749856
286,339,MEF2C,KCTD12,0.022716714
286,180,MEF2C,RGS2,0.0225601
286,169,MEF2C,MCM4,0.022330416
286,262,MEF2C,SSH2,0.021582875
286,47,MEF2C,LONP2,0.021055425
286,135,MEF2C,SLBP,0.02075505
286,354,MEF2C,PPP1R15A,0.020735735
286,525,MEF2C,TXNIP,0.020716626
286,409,MEF2C,TMEM206,0.020540936
286,497,MEF2C,ATP8B4,0.019934265
286,219,MEF2C,STARD4,0.019917186
286,79,MEF2C,MGAT1,0.019917177
286,441,MEF2C,MCM7,0.019664653
286,284,MEF2C,ANXA5,0.018798811
286,24,MEF2C,DYNLL1,0.018723411
286,119,MEF2C,PAG1,0.018417235
286,293,MEF2C,MAML3,0.017674044
286,246,MEF2C,KLF6,0.01715654
286,214,MEF2C,FCHO2,0.016545191
286,123,MEF2C,PAFAH2,0.0109568015
286,203,MEF2C,CD33,0.002590058
286,139,MEF2C,CCL3,0.0024498422
286,207,MEF2C,BLNK,0.0021933706
286,86,MEF2C,METTL7A1,0.0021914262
286,186,MEF2C,IL7R,0.002163208
286,419,MEF2C,NCF1,0.0021543568
286,319,MEF2C,CD74,0.0021267962
286,294,MEF2C,TINAGL1,0.002092893
286,132,MEF2C,OAS2,0.0020548813
286,63,MEF2C,ENG,0.0020513039
286,332,MEF2C,IPCEF1,0.0020507153
286,417,MEF2C,UBA7,0.0020318697
286,276,MEF2C,H2-Q6,0.0020228513
256,174,MEIS1,PPCDC,0.838744
256,441,MEIS1,MCM7,0.7734868
256,497,MEIS1,ATP8B4,0.772677
256,217,MEIS1,MYCT1,0.7708731
256,409,MEIS1,TMEM206,0.76952595
256,97,MEIS1,MYC,0.7669758
256,287,MEIS1,CSF3R,0.76588994
256,400,MEIS1,ANKRD44,0.7652647
256,327,MEIS1,PRIM1,0.7652525
256,246,MEIS1,KLF6,0.76175904
256,354,MEIS1,PPP1R15A,0.7608367
256,405,MEIS1,GIMAP8,0.7595226
256,556,MEIS1,ITGB7,0.7584516
256,284,MEIS1,ANXA5,0.75395745
256,135,MEIS1,SLBP,0.7528962
256,525,MEIS1,TXNIP,0.7527506
256,339,MEIS1,KCTD12,0.75179064
256,79,MEIS1,MGAT1,0.74876827
256,219,MEIS1,STARD4,0.74876827
256,123,MEIS1,PAFAH2,0.7478541
256,182,MEIS1,STK17B,0.74677145
256,293,MEIS1,MAML3,0.7453381
256,283,MEIS1,SAT1,0.7444219
256,119,MEIS1,PAG1,0.74407846
256,335,MEIS1,SLC22A3,0.74241143
256,169,MEIS1,MCM4,0.74096507
256,555,MEIS1,CKS1B,0.7395766
256,526,MEIS1,SERP1,0.7392219
256,47,MEIS1,LONP2,0.7391913
256,549,MEIS1,SLC26A11,0.7383665
256,294,MEIS1,TINAGL1,0.73709947
256,102,MEIS1,FUT8,0.7364755
256,466,MEIS1,ZFP367,0.7361511
256,416,MEIS1,PLD4,0.73285085
256,396,MEIS1,IFI27,0.7327176
256,318,MEIS1,RANBP1,0.73225373
256,552,MEIS1,TLR7,0.73163074
256,198,MEIS1,CMAH,0.73144376
256,19,MEIS1,UBASH3A,0.7310181
256,259,MEIS1,ARL11,0.72864825
256,375,MEIS1,LAX1,0.7285079
256,492,MEIS1,DTL,0.7280467
256,486,MEIS1,SLC9A9,0.7274636
256,267,MEIS1,CLEC12A,0.7263652
256,145,MEIS1,SPI1,0.72507805
256,499,MEIS1,GSTT1,0.7242873
256,488,MEIS1,RNF38,0.72379017
256,147,MEIS1,ERP29,0.72188133
256,299,MEIS1,TESPA1,0.7217809
256,261,MEIS1,TMEM14C,0.7215685
86,323,METTL7A1,SELPLG,0.021457372
86,260,METTL7A1,RHOF,0.019377451
86,197,METTL7A1,POLA2,0.018069051
86,556,METTL7A1,ITGB7,0.017978918
86,198,METTL7A1,CMAH,0.017461848
86,102,METTL7A1,FUT8,0.01691902
86,400,METTL7A1,ANKRD44,0.016857373
86,217,METTL7A1,MYCT1,0.01684486
86,455,METTL7A1,SNAP23,0.016248723
86,182,METTL7A1,STK17B,0.016020434
86,174,METTL7A1,PPCDC,0.016000194
86,327,METTL7A1,PRIM1,0.015991032
86,339,METTL7A1,KCTD12,0.015951755
86,115,METTL7A1,LTB,0.015774623
86,180,METTL7A1,RGS2,0.015747245
86,210,METTL7A1,CDKN1C,0.015314801
86,262,METTL7A1,SSH2,0.015181732
86,409,METTL7A1,TMEM206,0.014985805
86,47,METTL7A1,LONP2,0.014788367
86,147,METTL7A1,ERP29,0.014625302
86,135,METTL7A1,SLBP,0.014616871
86,525,METTL7A1,TXNIP,0.014602216
86,354,METTL7A1,PPP1R15A,0.014580626
86,219,METTL7A1,STARD4,0.014042788
86,441,METTL7A1,MCM7,0.013835059
86,224,METTL7A1,PLSCR4,0.013194667
86,284,METTL7A1,ANXA5,0.013194245
86,24,METTL7A1,DYNLL1,0.013183247
86,119,METTL7A1,PAG1,0.012908304
86,123,METTL7A1,PAFAH2,0.012801283
86,293,METTL7A1,MAML3,0.01238564
86,246,METTL7A1,KLF6,0.012035968
86,214,METTL7A1,FCHO2,0.011120561
86,169,METTL7A1,MCM4,0.009069583
86,405,METTL7A1,GIMAP8,0.0074268295
86,497,METTL7A1,ATP8B4,0.0039248457
86,79,METTL7A1,MGAT1,0.003724206
86,203,METTL7A1,CD33,0.002278369
86,139,METTL7A1,CCL3,0.0021687793
86,207,METTL7A1,BLNK,0.0019699323
86,419,METTL7A1,NCF1,0.0019461615
86,186,METTL7A1,IL7R,0.0019368181
86,319,METTL7A1,CD74,0.0019197362
86,63,METTL7A1,ENG,0.0018840348
86,294,METTL7A1,TINAGL1,0.0018806475
86,132,METTL7A1,OAS2,0.0018597274
86,332,METTL7A1,IPCEF1,0.001855225
86,417,METTL7A1,UBA7,0.001837646
86,267,METTL7A1,CLEC12A,0.0018264054
86,172,METTL7A1,EPSTI1,0.0017790282
79,115,MGAT1,LTB,0.14889108
79,323,MGAT1,SELPLG,0.14311957
79,224,MGAT1,PLSCR4,0.13311195
79,260,MGAT1,RHOF,0.1316855
79,197,MGAT1,POLA2,0.1254388
79,556,MGAT1,ITGB7,0.124291345
79,198,MGAT1,CMAH,0.12139924
79,102,MGAT1,FUT8,0.11819669
79,400,MGAT1,ANKRD44,0.117087364
79,217,MGAT1,MYCT1,0.116721004
79,147,MGAT1,ERP29,0.113879
79,455,MGAT1,SNAP23,0.113877274
79,182,MGAT1,STK17B,0.112288564
79,327,MGAT1,PRIM1,0.11201859
79,339,MGAT1,KCTD12,0.11125043
79,180,MGAT1,RGS2,0.11121827
79,169,MGAT1,MCM4,0.110162415
79,210,MGAT1,CDKN1C,0.1082219
79,262,MGAT1,SSH2,0.10704259
79,47,MGAT1,LONP2,0.10420737
79,354,MGAT1,PPP1R15A,0.103148185
79,135,MGAT1,SLBP,0.10284866
79,525,MGAT1,TXNIP,0.10260661
79,409,MGAT1,TMEM206,0.10219432
79,219,MGAT1,STARD4,0.09933904
79,497,MGAT1,ATP8B4,0.09895169
79,441,MGAT1,MCM7,0.09826121
79,284,MGAT1,ANXA5,0.09446469
79,24,MGAT1,DYNLL1,0.09399223
79,119,MGAT1,PAG1,0.09269247
79,123,MGAT1,PAFAH2,0.09188431
79,293,MGAT1,MAML3,0.08940145
79,246,MGAT1,KLF6,0.08640079
79,214,MGAT1,FCHO2,0.08113272
79,174,MGAT1,PPCDC,0.07981153
79,405,MGAT1,GIMAP8,0.052070003
79,203,MGAT1,CD33,0.008771474
79,139,MGAT1,CCL3,0.008133948
79,86,MGAT1,METTL7A1,0.007042516
79,207,MGAT1,BLNK,0.0070153684
79,186,MGAT1,IL7R,0.006937153
79,419,MGAT1,NCF1,0.006786537
79,319,MGAT1,CD74,0.0067130015
79,63,MGAT1,ENG,0.0066399174
79,294,MGAT1,TINAGL1,0.0066194925
79,132,MGAT1,OAS2,0.006412498
79,332,MGAT1,IPCEF1,0.0064064553
79,417,MGAT1,UBA7,0.006344396
79,267,MGAT1,CLEC12A,0.0062932083
79,172,MGAT1,EPSTI1,0.0060980422
62,97,MILR1,MYC,0.7143095
62,246,MILR1,KLF6,0.7105279
62,441,MILR1,MCM7,0.707203
62,497,MILR1,ATP8B4,0.7047957
62,135,MILR1,SLBP,0.7040473
62,409,MILR1,TMEM206,0.70056367
62,327,MILR1,PRIM1,0.70052755
62,400,MILR1,ANKRD44,0.6989498
62,219,MILR1,STARD4,0.6973362
62,174,MILR1,PPCDC,0.6968352
62,79,MILR1,MGAT1,0.6968269
62,262,MILR1,SSH2,0.6956133
62,123,MILR1,PAFAH2,0.6949189
62,556,MILR1,ITGB7,0.69134706
62,119,MILR1,PAG1,0.6911957
62,405,MILR1,GIMAP8,0.68967396
62,169,MILR1,MCM4,0.68909115
62,354,MILR1,PPP1R15A,0.68898845
62,47,MILR1,LONP2,0.6889375
62,24,MILR1,DYNLL1,0.68757004
62,102,MILR1,FUT8,0.68478894
62,339,MILR1,KCTD12,0.68360114
62,525,MILR1,TXNIP,0.68265104
62,284,MILR1,ANXA5,0.68166316
62,198,MILR1,CMAH,0.68025756
62,555,MILR1,CKS1B,0.67927104
62,217,MILR1,MYCT1,0.6774441
62,260,MILR1,RHOF,0.67638147
62,147,MILR1,ERP29,0.67325574
62,293,MILR1,MAML3,0.6691954
62,224,MILR1,PLSCR4,0.66735506
62,214,MILR1,FCHO2,0.6654371
62,145,MILR1,SPI1,0.652831
62,210,MILR1,CDKN1C,0.65204453
62,19,MILR1,UBASH3A,0.6520293
62,115,MILR1,LTB,0.6508146
62,83,MILR1,USP11,0.6431299
62,455,MILR1,SNAP23,0.6430433
62,287,MILR1,CSF3R,0.6426413
62,283,MILR1,SAT1,0.6391747
62,404,MILR1,NHP2,0.6386761
62,225,MILR1,CDT1,0.6376584
62,335,MILR1,SLC22A3,0.6369119
62,228,MILR1,CCL9,0.6349235
62,84,MILR1,SLC39A6,0.63483024
62,182,MILR1,STK17B,0.63353646
62,526,MILR1,SERP1,0.6321951
62,66,MILR1,CCR7,0.6320571
62,552,MILR1,TLR7,0.6320571
62,466,MILR1,ZFP367,0.62894857
162,115,MKI67,LTB,0.04453362
162,323,MKI67,SELPLG,0.04244366
162,260,MKI67,RHOF,0.038332745
162,102,MKI67,FUT8,0.033926833
162,400,MKI67,ANKRD44,0.033335734
162,217,MKI67,MYCT1,0.03328176
162,405,MKI67,GIMAP8,0.033228386
162,455,MKI67,SNAP23,0.03235673
162,174,MKI67,PPCDC,0.031658042
162,182,MKI67,STK17B,0.031658035
162,327,MKI67,PRIM1,0.03160174
162,339,MKI67,KCTD12,0.031496916
162,180,MKI67,RGS2,0.031354632
162,169,MKI67,MCM4,0.030966215
162,210,MKI67,CDKN1C,0.030297084
162,198,MKI67,CMAH,0.029778086
162,47,MKI67,LONP2,0.029204346
162,354,MKI67,PPP1R15A,0.028782802
162,135,MKI67,SLBP,0.028769841
162,525,MKI67,TXNIP,0.02875187
162,79,MKI67,MGAT1,0.027646424
162,219,MKI67,STARD4,0.027646424
162,497,MKI67,ATP8B4,0.02761734
162,441,MKI67,MCM7,0.027282087
162,197,MKI67,POLA2,0.027128736
162,284,MKI67,ANXA5,0.026134983
162,119,MKI67,PAG1,0.025595903
162,293,MKI67,MAML3,0.024616323
162,246,MKI67,KLF6,0.023820804
162,123,MKI67,PAFAH2,0.023392
162,147,MKI67,ERP29,0.022979654
162,214,MKI67,FCHO2,0.02222277
162,224,MKI67,PLSCR4,0.01641469
162,556,MKI67,ITGB7,0.015452661
162,262,MKI67,SSH2,0.012440142
162,24,MKI67,DYNLL1,0.0116978325
162,409,MKI67,TMEM206,0.0061929286
162,203,MKI67,CD33,0.0033816372
162,139,MKI67,CCL3,0.0031913377
162,86,MKI67,METTL7A1,0.0028294188
162,207,MKI67,BLNK,0.0028237605
162,186,MKI67,IL7R,0.0027800656
162,419,MKI67,NCF1,0.00277746
162,319,MKI67,CD74,0.0027303435
162,63,MKI67,ENG,0.0027104472
162,294,MKI67,TINAGL1,0.0026857506
162,132,MKI67,OAS2,0.0026379982
162,332,MKI67,IPCEF1,0.0026302726
162,417,MKI67,UBA7,0.0025973618
162,172,MKI67,EPSTI1,0.0025030263
131,115,MLLT3,LTB,0.02982046
131,323,MLLT3,SELPLG,0.028392702
131,224,MLLT3,PLSCR4,0.025627138
131,260,MLLT3,RHOF,0.025612248
131,556,MLLT3,ITGB7,0.023754312
131,102,MLLT3,FUT8,0.023363002
131,198,MLLT3,CMAH,0.023062056
131,400,MLLT3,ANKRD44,0.022235446
131,217,MLLT3,MYCT1,0.022208922
131,405,MLLT3,GIMAP8,0.022154799
131,197,MLLT3,POLA2,0.021883823
131,147,MLLT3,ERP29,0.0216571
131,455,MLLT3,SNAP23,0.021544881
131,174,MLLT3,PPCDC,0.02111571
131,182,MLLT3,STK17B,0.021115689
131,327,MLLT3,PRIM1,0.021076467
131,339,MLLT3,KCTD12,0.021005973
131,180,MLLT3,RGS2,0.020874478
131,169,MLLT3,MCM4,0.020642057
131,210,MLLT3,CDKN1C,0.02022732
131,262,MLLT3,SSH2,0.019986711
131,354,MLLT3,PPP1R15A,0.019193472
131,525,MLLT3,TXNIP,0.019187186
131,135,MLLT3,SLBP,0.019159555
131,497,MLLT3,ATP8B4,0.018450119
131,79,MLLT3,MGAT1,0.01844639
131,219,MLLT3,STARD4,0.018446386
131,441,MLLT3,MCM7,0.018211765
131,284,MLLT3,ANXA5,0.017436316
131,24,MLLT3,DYNLL1,0.017365955
131,119,MLLT3,PAG1,0.01708289
131,123,MLLT3,PAFAH2,0.016924955
131,293,MLLT3,MAML3,0.01641674
131,246,MLLT3,KLF6,0.015931662
131,47,MLLT3,LONP2,0.014803534
131,214,MLLT3,FCHO2,0.014748917
131,409,MLLT3,TMEM206,0.008706552
131,203,MLLT3,CD33,0.0025774818
131,139,MLLT3,CCL3,0.0024443006
131,207,MLLT3,BLNK,0.0021956656
131,419,MLLT3,NCF1,0.0021636907
131,186,MLLT3,IL7R,0.002160699
131,172,MLLT3,EPSTI1,0.0021488275
131,319,MLLT3,CD74,0.0021452715
131,63,MLLT3,ENG,0.00211653
131,294,MLLT3,TINAGL1,0.0020919123
131,132,MLLT3,OAS2,0.0020629957
131,332,MLLT3,IPCEF1,0.0020579423
131,417,MLLT3,UBA7,0.0020372267
131,267,MLLT3,CLEC12A,0.0020244932
282,115,MMRN1,LTB,0.038597427
282,323,MMRN1,SELPLG,0.036733013
282,224,MMRN1,PLSCR4,0.033234466
282,260,MMRN1,RHOF,0.03312972
282,197,MMRN1,POLA2,0.030924575
282,556,MMRN1,ITGB7,0.030734679
282,198,MMRN1,CMAH,0.029829992
282,102,MMRN1,FUT8,0.028881652
282,400,MMRN1,ANKRD44,0.028728226
282,405,MMRN1,GIMAP8,0.028640544
282,217,MMRN1,MYCT1,0.028638247
282,147,MMRN1,ERP29,0.02796937
282,455,MMRN1,SNAP23,0.027785188
282,182,MMRN1,STK17B,0.027268741
282,180,MMRN1,RGS2,0.027268153
282,327,MMRN1,PRIM1,0.027219666
282,174,MMRN1,PPCDC,0.027120346
282,339,MMRN1,KCTD12,0.027091218
282,169,MMRN1,MCM4,0.026650392
282,210,MMRN1,CDKN1C,0.026080238
282,262,MMRN1,SSH2,0.025787186
282,47,MMRN1,LONP2,0.025104651
282,354,MMRN1,PPP1R15A,0.024755899
282,135,MMRN1,SLBP,0.024743376
282,525,MMRN1,TXNIP,0.02469947
282,409,MMRN1,TMEM206,0.02449372
282,79,MMRN1,MGAT1,0.023750667
282,497,MMRN1,ATP8B4,0.023736438
282,441,MMRN1,MCM7,0.0234408
282,284,MMRN1,ANXA5,0.022407316
282,24,MMRN1,DYNLL1,0.022323912
282,123,MMRN1,PAFAH2,0.02174499
282,293,MMRN1,MAML3,0.021066897
282,246,MMRN1,KLF6,0.020423364
282,214,MMRN1,FCHO2,0.018980479
282,119,MMRN1,PAG1,0.018346962
282,219,MMRN1,STARD4,0.0052409167
282,203,MMRN1,CD33,0.0028758077
282,207,MMRN1,BLNK,0.0024104926
282,86,MMRN1,METTL7A1,0.0024090826
282,186,MMRN1,IL7R,0.002377021
282,419,MMRN1,NCF1,0.0023619698
282,319,MMRN1,CD74,0.0023315393
282,63,MMRN1,ENG,0.0023141946
282,294,MMRN1,TINAGL1,0.0022971062
282,132,MMRN1,OAS2,0.0022491287
282,332,MMRN1,IPCEF1,0.0022447084
282,417,MMRN1,UBA7,0.0022243264
282,267,MMRN1,CLEC12A,0.002209999
282,172,MMRN1,EPSTI1,0.0021456226
96,115,MN1,LTB,0.022837615
96,224,MN1,PLSCR4,0.019580893
96,260,MN1,RHOF,0.019489292
96,556,MN1,ITGB7,0.018161727
96,198,MN1,CMAH,0.017620824
96,102,MN1,FUT8,0.017063687
96,400,MN1,ANKRD44,0.017005432
96,217,MN1,MYCT1,0.016976641
96,405,MN1,GIMAP8,0.01693336
96,147,MN1,ERP29,0.016752038
96,455,MN1,SNAP23,0.016454117
96,174,MN1,PPCDC,0.016155314
96,182,MN1,STK17B,0.016143236
96,339,MN1,KCTD12,0.016062092
96,180,MN1,RGS2,0.015934676
96,169,MN1,MCM4,0.01577335
96,210,MN1,CDKN1C,0.015443782
96,262,MN1,SSH2,0.015242307
96,47,MN1,LONP2,0.014902799
96,327,MN1,PRIM1,0.0147708915
96,354,MN1,PPP1R15A,0.014669587
96,525,MN1,TXNIP,0.014668452
96,409,MN1,TMEM206,0.014537888
96,219,MN1,STARD4,0.014102669
96,79,MN1,MGAT1,0.014102663
96,497,MN1,ATP8B4,0.014100429
96,441,MN1,MCM7,0.013930661
96,197,MN1,POLA2,0.013910991
96,284,MN1,ANXA5,0.0133293485
96,24,MN1,DYNLL1,0.013271926
96,119,MN1,PAG1,0.013062957
96,123,MN1,PAFAH2,0.012942652
96,293,MN1,MAML3,0.012541696
96,246,MN1,KLF6,0.012197631
96,214,MN1,FCHO2,0.011229563
96,135,MN1,SLBP,0.008212039
96,323,MN1,SELPLG,0.0052190437
96,203,MN1,CD33,0.0021634798
96,139,MN1,CCL3,0.0020603468
96,207,MN1,BLNK,0.0018702504
96,419,MN1,NCF1,0.0018445222
96,186,MN1,IL7R,0.0018413757
96,319,MN1,CD74,0.001821341
96,63,MN1,ENG,0.0018092636
96,86,MN1,METTL7A1,0.0017753255
96,332,MN1,IPCEF1,0.0017665816
96,132,MN1,OAS2,0.0017640019
96,417,MN1,UBA7,0.001745163
96,267,MN1,CLEC12A,0.001735673
96,172,MN1,EPSTI1,0.0016871257
77,115,MOGS,LTB,0.03599885
77,323,MOGS,SELPLG,0.034267914
77,224,MOGS,PLSCR4,0.030980239
77,260,MOGS,RHOF,0.030927317
77,197,MOGS,POLA2,0.028870145
77,556,MOGS,ITGB7,0.028694091
77,198,MOGS,CMAH,0.0278623
77,102,MOGS,FUT8,0.026981797
77,400,MOGS,ANKRD44,0.026841976
77,217,MOGS,MYCT1,0.02680868
77,147,MOGS,ERP29,0.026118526
77,455,MOGS,SNAP23,0.026003808
77,182,MOGS,STK17B,0.025490295
77,327,MOGS,PRIM1,0.025445357
77,339,MOGS,KCTD12,0.025343075
77,180,MOGS,RGS2,0.025173763
77,169,MOGS,MCM4,0.024921505
77,210,MOGS,CDKN1C,0.024418103
77,262,MOGS,SSH2,0.02412188
77,47,MOGS,LONP2,0.023504052
77,135,MOGS,SLBP,0.023180097
77,354,MOGS,PPP1R15A,0.02315577
77,525,MOGS,TXNIP,0.02313004
77,409,MOGS,TMEM206,0.022927646
77,79,MOGS,MGAT1,0.022244498
77,219,MOGS,STARD4,0.022244493
77,497,MOGS,ATP8B4,0.022234304
77,441,MOGS,MCM7,0.021954183
77,284,MOGS,ANXA5,0.021013184
77,24,MOGS,DYNLL1,0.020948524
77,119,MOGS,PAG1,0.020583725
77,123,MOGS,PAFAH2,0.020392397
77,293,MOGS,MAML3,0.019779103
77,246,MOGS,KLF6,0.019171026
77,214,MOGS,FCHO2,0.017857183
77,174,MOGS,PPCDC,0.01741313
77,405,MOGS,GIMAP8,0.011741734
77,203,MOGS,CD33,0.0028676167
77,139,MOGS,CCL3,0.002710741
77,86,MOGS,METTL7A1,0.002416113
77,207,MOGS,BLNK,0.0024143655
77,186,MOGS,IL7R,0.0023776384
77,419,MOGS,NCF1,0.002374233
77,319,MOGS,CD74,0.0023400623
77,63,MOGS,ENG,0.0023247048
77,294,MOGS,TINAGL1,0.0022999768
77,132,MOGS,OAS2,0.0022596624
77,332,MOGS,IPCEF1,0.0022541883
77,417,MOGS,UBA7,0.00223132
77,267,MOGS,CLEC12A,0.00221638
141,115,MPL,LTB,0.07460795
141,323,MPL,SELPLG,0.071181
141,224,MPL,PLSCR4,0.06491778
141,260,MPL,RHOF,0.064482324
141,197,MPL,POLA2,0.060573895
141,556,MPL,ITGB7,0.060084365
141,198,MPL,CMAH,0.058416717
141,102,MPL,FUT8,0.05661722
141,400,MPL,ANKRD44,0.056177672
141,405,MPL,GIMAP8,0.056131642
141,217,MPL,MYCT1,0.056053624
141,147,MPL,ERP29,0.054562222
141,455,MPL,SNAP23,0.054437753
141,174,MPL,PPCDC,0.053450353
141,182,MPL,STK17B,0.05345033
141,327,MPL,PRIM1,0.053336322
141,180,MPL,RGS2,0.05290408
141,339,MPL,KCTD12,0.052892603
141,169,MPL,MCM4,0.052220047
141,210,MPL,CDKN1C,0.051228825
141,262,MPL,SSH2,0.050599683
141,47,MPL,LONP2,0.049204264
141,354,MPL,PPP1R15A,0.048546944
141,135,MPL,SLBP,0.04846389
141,525,MPL,TXNIP,0.048396118
141,219,MPL,STARD4,0.04709296
141,79,MPL,MGAT1,0.04658409
141,441,MPL,MCM7,0.045985714
141,284,MPL,ANXA5,0.04399208
141,24,MPL,DYNLL1,0.04378328
141,119,MPL,PAG1,0.04308333
141,123,MPL,PAFAH2,0.042675614
141,293,MPL,MAML3,0.041376736
141,246,MPL,KLF6,0.039969597
141,214,MPL,FCHO2,0.03720958
141,497,MPL,ATP8B4,0.029936876
141,409,MPL,TMEM206,0.019121902
141,203,MPL,CD33,0.004493554
141,139,MPL,CCL3,0.0041972846
141,86,MPL,METTL7A1,0.0036605627
141,207,MPL,BLNK,0.0036455884
141,186,MPL,IL7R,0.0036042042
141,419,MPL,NCF1,0.0035543141
141,319,MPL,CD74,0.0035022402
141,63,MPL,ENG,0.003472081
141,132,MPL,OAS2,0.0033616817
141,332,MPL,IPCEF1,0.003357711
141,417,MPL,UBA7,0.0033183172
141,267,MPL,CLEC12A,0.0032967972
141,276,MPL,H2-Q6,0.0031261886
254,115,MPO,LTB,0.035016954
254,323,MPO,SELPLG,0.03334059
254,260,MPO,RHOF,0.031060481
254,224,MPO,PLSCR4,0.03012592
254,556,MPO,ITGB7,0.027905483
254,198,MPO,CMAH,0.027095737
254,102,MPO,FUT8,0.026239585
254,400,MPO,ANKRD44,0.026106073
254,405,MPO,GIMAP8,0.026021816
254,147,MPO,ERP29,0.025410097
254,455,MPO,SNAP23,0.025293114
254,182,MPO,STK17B,0.024791023
254,327,MPO,PRIM1,0.024747483
254,339,MPO,KCTD12,0.024649683
254,180,MPO,RGS2,0.024514575
254,169,MPO,MCM4,0.024237623
254,210,MPO,CDKN1C,0.02374756
254,217,MPO,MYCT1,0.023581568
254,262,MPO,SSH2,0.023460777
254,47,MPO,LONP2,0.022861488
254,135,MPO,SLBP,0.022530261
254,525,MPO,TXNIP,0.022503966
254,354,MPO,PPP1R15A,0.02240208
254,409,MPO,TMEM206,0.02230083
254,79,MPO,MGAT1,0.021637145
254,219,MPO,STARD4,0.02163714
254,497,MPO,ATP8B4,0.021628601
254,441,MPO,MCM7,0.021355126
254,197,MPO,POLA2,0.021197245
254,284,MPO,ANXA5,0.020433908
254,119,MPO,PAG1,0.020023152
254,123,MPO,PAFAH2,0.0198373
254,293,MPO,MAML3,0.019240687
254,246,MPO,KLF6,0.018652257
254,214,MPO,FCHO2,0.017374467
254,24,MPO,DYNLL1,0.014964508
254,174,MPO,PPCDC,0.00427945
254,203,MPO,CD33,0.0028202839
254,139,MPO,CCL3,0.0026673425
254,86,MPO,METTL7A1,0.0023812866
254,207,MPO,BLNK,0.0023796652
254,186,MPO,IL7R,0.002342339
254,63,MPO,ENG,0.002291881
254,294,MPO,TINAGL1,0.0022658815
254,132,MPO,OAS2,0.0022281152
254,332,MPO,IPCEF1,0.002222767
254,267,MPO,CLEC12A,0.0021858853
254,172,MPO,EPSTI1,0.0021237058
254,417,MPO,UBA7,0.0021122452
254,276,MPO,H2-Q6,0.0021003375
444,115,MPZL1,LTB,0.056362104
444,323,MPZL1,SELPLG,0.05375682
444,224,MPZL1,PLSCR4,0.04886079
444,260,MPZL1,RHOF,0.048644334
444,197,MPZL1,POLA2,0.045596443
444,556,MPZL1,ITGB7,0.045253713
444,198,MPZL1,CMAH,0.04400608
444,102,MPZL1,FUT8,0.042645082
444,400,MPZL1,ANKRD44,0.04234981
444,405,MPZL1,GIMAP8,0.042277843
444,147,MPZL1,ERP29,0.0412207
444,455,MPZL1,SNAP23,0.041130684
444,174,MPZL1,PPCDC,0.040285222
444,182,MPZL1,STK17B,0.040285204
444,327,MPZL1,PRIM1,0.040211204
444,339,MPZL1,KCTD12,0.04004559
444,180,MPZL1,RGS2,0.03993185
444,169,MPZL1,MCM4,0.03942075
444,210,MPZL1,CDKN1C,0.038685307
444,262,MPZL1,SSH2,0.038160995
444,47,MPZL1,LONP2,0.03716793
444,354,MPZL1,PPP1R15A,0.036652196
444,135,MPZL1,SLBP,0.036607817
444,525,MPZL1,TXNIP,0.036405224
444,409,MPZL1,TMEM206,0.03627275
444,79,MPZL1,MGAT1,0.035200544
444,219,MPZL1,STARD4,0.035200544
444,497,MPZL1,ATP8B4,0.035139706
444,441,MPZL1,MCM7,0.034726784
444,284,MPZL1,ANXA5,0.033291116
444,24,MPZL1,DYNLL1,0.033148114
444,119,MPZL1,PAG1,0.032603107
444,123,MPZL1,PAFAH2,0.03229777
444,293,MPZL1,MAML3,0.031368792
444,214,MPZL1,FCHO2,0.028305726
444,246,MPZL1,KLF6,0.017625166
444,217,MPZL1,MYCT1,0.016846083
444,203,MPZL1,CD33,0.0040173046
444,139,MPZL1,CCL3,0.0037802176
444,207,MPZL1,BLNK,0.0033233596
444,319,MPZL1,CD74,0.0032085155
444,419,MPZL1,NCF1,0.0031921994
444,63,MPZL1,ENG,0.003188037
444,186,MPZL1,IL7R,0.0031549644
444,294,MPZL1,TINAGL1,0.003151005
444,132,MPZL1,OAS2,0.003097654
444,332,MPZL1,IPCEF1,0.0030943719
444,417,MPZL1,UBA7,0.0030441484
444,172,MPZL1,EPSTI1,0.0029285315
444,494,MPZL1,DUSP5,0.0027529672
534,115,MSMO1,LTB,0.025732774
534,323,MSMO1,SELPLG,0.02449854
534,224,MSMO1,PLSCR4,0.022096632
534,197,MSMO1,POLA2,0.020853572
534,556,MSMO1,ITGB7,0.020515487
534,198,MSMO1,CMAH,0.019893121
534,102,MSMO1,FUT8,0.019392842
534,400,MSMO1,ANKRD44,0.019207152
534,217,MSMO1,MYCT1,0.019166155
534,147,MSMO1,ERP29,0.018697841
534,455,MSMO1,SNAP23,0.018586794
534,182,MSMO1,STK17B,0.018204788
534,327,MSMO1,PRIM1,0.01819076
534,339,MSMO1,KCTD12,0.018135617
534,180,MSMO1,RGS2,0.018004756
534,169,MSMO1,MCM4,0.01781439
534,262,MSMO1,SSH2,0.017542128
534,210,MSMO1,CDKN1C,0.017450945
534,47,MSMO1,LONP2,0.016831534
534,135,MSMO1,SLBP,0.016592951
534,525,MSMO1,TXNIP,0.016586915
534,409,MSMO1,TMEM206,0.01641942
534,497,MSMO1,ATP8B4,0.015937645
534,219,MSMO1,STARD4,0.015931625
534,79,MSMO1,MGAT1,0.015918959
534,441,MSMO1,MCM7,0.0157459
534,123,MSMO1,PAFAH2,0.015397739
534,284,MSMO1,ANXA5,0.015062962
534,24,MSMO1,DYNLL1,0.014999417
534,119,MSMO1,PAG1,0.014760853
534,293,MSMO1,MAML3,0.014147758
534,246,MSMO1,KLF6,0.013735214
534,260,MSMO1,RHOF,0.012005156
534,405,MSMO1,GIMAP8,0.011030011
534,354,MSMO1,PPP1R15A,0.00982209
534,174,MSMO1,PPCDC,0.0076502566
534,214,MSMO1,FCHO2,0.0035201886
534,203,MSMO1,CD33,0.0023551413
534,207,MSMO1,BLNK,0.0020291777
534,86,MSMO1,METTL7A1,0.002021957
534,419,MSMO1,NCF1,0.0019941782
534,186,MSMO1,IL7R,0.0019908955
534,319,MSMO1,CD74,0.001967547
534,294,MSMO1,TINAGL1,0.0019324346
534,132,MSMO1,OAS2,0.0019049793
534,332,MSMO1,IPCEF1,0.0019006705
534,417,MSMO1,UBA7,0.0018826687
534,267,MSMO1,CLEC12A,0.0018720538
534,172,MSMO1,EPSTI1,0.001821477
534,276,MSMO1,H2-Q6,0.0018044715
97,145,MYC,SPI1,0.966852
97,7,MYC,AKNA,0.9663939
97,408,MYC,IKZF1,0.96495694
97,353,MYC,RNF13,0.963811
97,375,MYC,LAX1,0.9637117
97,287,MYC,CSF3R,0.9615805
97,19,MYC,UBASH3A,0.95881534
97,404,MYC,NHP2,0.9585012
97,225,MYC,CDT1,0.957909
97,555,MYC,CKS1B,0.9577788
97,84,MYC,SLC39A6,0.9577421
97,335,MYC,SLC22A3,0.9574464
97,283,MYC,SAT1,0.9572213
97,396,MYC,IFI27,0.95693326
97,228,MYC,CCL9,0.9568562
97,161,MYC,ELOVL5,0.9567993
97,66,MYC,CCR7,0.9567918
97,440,MYC,AP1S2,0.9567644
97,552,MYC,TLR7,0.95674455
97,449,MYC,RAMP1,0.95667976
97,246,MYC,KLF6,0.9565609
97,73,MYC,UHRF1,0.9564465
97,237,MYC,GNG11,0.9564451
97,499,MYC,GSTT1,0.9564135
97,486,MYC,SLC9A9,0.9563591
97,261,MYC,TMEM14C,0.9562012
97,91,MYC,ITSN1,0.9561731
97,526,MYC,SERP1,0.95603645
97,426,MYC,NWD1,0.95603615
97,281,MYC,NUDT19,0.9560153
97,438,MYC,ZNRF2,0.95591956
97,274,MYC,SLC44A2,0.95591104
97,133,MYC,CDK19,0.9559039
97,179,MYC,CD63,0.95585716
97,420,MYC,GBP2,0.9557695
97,549,MYC,SLC26A11,0.95576847
97,2,MYC,EYA2,0.955764
97,535,MYC,NLRC3,0.9557137
97,466,MYC,ZFP367,0.95568615
97,318,MYC,RANBP1,0.95565414
97,365,MYC,SPNS3,0.95560884
97,344,MYC,CCT2,0.95560867
97,441,MYC,MCM7,0.9555789
97,372,MYC,DUSP6,0.95557034
97,238,MYC,SAMSN1,0.9555651
97,548,MYC,IFI209,0.9555045
97,253,MYC,CBFB,0.9552717
97,278,MYC,GMNN,0.9551771
97,483,MYC,ZFP62,0.9551646
97,399,MYC,SLAMF1,0.95508707
427,115,MYCN,LTB,0.045012705
427,323,MYCN,SELPLG,0.04290256
427,224,MYCN,PLSCR4,0.038866855
427,260,MYCN,RHOF,0.038751736
427,197,MYCN,POLA2,0.036244124
427,556,MYCN,ITGB7,0.03599535
427,102,MYCN,FUT8,0.033886105
427,455,MYCN,SNAP23,0.033762373
427,400,MYCN,ANKRD44,0.03367939
427,217,MYCN,MYCT1,0.033650964
427,405,MYCN,GIMAP8,0.03359579
427,147,MYCN,ERP29,0.03279417
427,182,MYCN,STK17B,0.03224391
427,174,MYCN,PPCDC,0.032010216
427,327,MYCN,PRIM1,0.031954024
427,339,MYCN,KCTD12,0.03179441
427,180,MYCN,RGS2,0.031706866
427,169,MYCN,MCM4,0.031312488
427,210,MYCN,CDKN1C,0.030714145
427,262,MYCN,SSH2,0.030308846
427,47,MYCN,LONP2,0.02953054
427,525,MYCN,TXNIP,0.029169
427,135,MYCN,SLBP,0.029114308
427,354,MYCN,PPP1R15A,0.029099047
427,219,MYCN,STARD4,0.028965631
427,409,MYCN,TMEM206,0.028808938
427,79,MYCN,MGAT1,0.027957432
427,497,MYCN,ATP8B4,0.027925953
427,441,MYCN,MCM7,0.027587995
427,284,MYCN,ANXA5,0.02643006
427,119,MYCN,PAG1,0.025885046
427,123,MYCN,PAFAH2,0.025612693
427,198,MYCN,CMAH,0.025209084
427,293,MYCN,MAML3,0.02489673
427,246,MYCN,KLF6,0.024089444
427,214,MYCN,FCHO2,0.022475768
427,24,MYCN,DYNLL1,0.015425444
427,203,MYCN,CD33,0.003412938
427,139,MYCN,CCL3,0.0032207724
427,419,MYCN,NCF1,0.0029177093
427,86,MYCN,METTL7A1,0.0028542883
427,207,MYCN,BLNK,0.002848456
427,332,MYCN,IPCEF1,0.0027754782
427,319,MYCN,CD74,0.0027519516
427,63,MYCN,ENG,0.0027382842
427,294,MYCN,TINAGL1,0.0027040073
427,132,MYCN,OAS2,0.00266038
427,417,MYCN,UBA7,0.0026194619
427,267,MYCN,CLEC12A,0.0026014363
427,172,MYCN,EPSTI1,0.002524052
217,115,MYCT1,LTB,0.17459787
217,224,MYCT1,PLSCR4,0.15739484
217,260,MYCT1,RHOF,0.15606393
217,197,MYCT1,POLA2,0.14863807
217,556,MYCT1,ITGB7,0.14844318
217,198,MYCT1,CMAH,0.14415285
217,102,MYCT1,FUT8,0.14058688
217,405,MYCT1,GIMAP8,0.14042567
217,455,MYCT1,SNAP23,0.13914962
217,147,MYCT1,ERP29,0.13580519
217,174,MYCT1,PPCDC,0.13460487
217,182,MYCT1,STK17B,0.13460487
217,327,MYCT1,PRIM1,0.13363518
217,339,MYCT1,KCTD12,0.13294761
217,180,MYCT1,RGS2,0.13235788
217,169,MYCT1,MCM4,0.13116132
217,210,MYCT1,CDKN1C,0.12877789
217,135,MYCT1,SLBP,0.12320437
217,354,MYCT1,PPP1R15A,0.12302852
217,409,MYCT1,TMEM206,0.12262565
217,525,MYCT1,TXNIP,0.122326195
217,497,MYCT1,ATP8B4,0.11877891
217,219,MYCT1,STARD4,0.118621595
217,79,MYCT1,MGAT1,0.11862151
217,441,MYCT1,MCM7,0.117928006
217,262,MYCT1,SSH2,0.11528712
217,284,MYCT1,ANXA5,0.11296267
217,24,MYCT1,DYNLL1,0.1121374
217,119,MYCT1,PAG1,0.1109334
217,123,MYCT1,PAFAH2,0.109994344
217,246,MYCT1,KLF6,0.10357911
217,214,MYCT1,FCHO2,0.0973782
217,400,MYCT1,ANKRD44,0.09321556
217,293,MYCT1,MAML3,0.08415076
217,47,MYCT1,LONP2,0.08390908
217,323,MYCT1,SELPLG,0.06444414
217,203,MYCT1,CD33,0.009919798
217,139,MYCT1,CCL3,0.009189655
217,86,MYCT1,METTL7A1,0.007935366
217,207,MYCT1,BLNK,0.007899941
217,186,MYCT1,IL7R,0.007832713
217,419,MYCT1,NCF1,0.007607925
217,319,MYCT1,CD74,0.007544124
217,63,MYCT1,ENG,0.007444866
217,332,MYCT1,IPCEF1,0.007192528
217,132,MYCT1,OAS2,0.0071790772
217,417,MYCT1,UBA7,0.007132969
217,267,MYCT1,CLEC12A,0.0070783524
217,172,MYCT1,EPSTI1,0.00681246
217,276,MYCT1,H2-Q6,0.0066835373
370,115,MYLK,LTB,0.020651259
370,323,MYLK,SELPLG,0.019583758
370,260,MYLK,RHOF,0.017745823
370,224,MYLK,PLSCR4,0.017675195
370,197,MYLK,POLA2,0.016520668
370,556,MYLK,ITGB7,0.016453492
370,198,MYLK,CMAH,0.016104884
370,400,MYLK,ANKRD44,0.015973395
370,102,MYLK,FUT8,0.015504237
370,217,MYLK,MYCT1,0.015463748
370,405,MYLK,GIMAP8,0.015339616
370,339,MYLK,KCTD12,0.015062785
370,147,MYLK,ERP29,0.015004132
370,455,MYLK,SNAP23,0.014951741
370,327,MYLK,PRIM1,0.014710771
370,182,MYLK,STK17B,0.014663103
370,174,MYLK,PPCDC,0.014655045
370,180,MYLK,RGS2,0.014496473
370,210,MYLK,CDKN1C,0.014078042
370,262,MYLK,SSH2,0.013940279
370,47,MYLK,LONP2,0.013575673
370,135,MYLK,SLBP,0.013433481
370,525,MYLK,TXNIP,0.013416977
370,354,MYLK,PPP1R15A,0.0134083135
370,79,MYLK,MGAT1,0.0129511105
370,497,MYLK,ATP8B4,0.012920327
370,441,MYLK,MCM7,0.012735185
370,24,MYLK,DYNLL1,0.012286642
370,119,MYLK,PAG1,0.012000514
370,123,MYLK,PAFAH2,0.011907911
370,293,MYLK,MAML3,0.011605405
370,246,MYLK,KLF6,0.011297806
370,169,MYLK,MCM4,0.010745625
370,214,MYLK,FCHO2,0.01051216
370,219,MYLK,STARD4,0.010061171
370,409,MYLK,TMEM206,0.0036724322
370,284,MYLK,ANXA5,0.0034217476
370,203,MYLK,CD33,0.002045105
370,139,MYLK,CCL3,0.0019311853
370,207,MYLK,BLNK,0.0017465549
370,186,MYLK,IL7R,0.0017436161
370,419,MYLK,NCF1,0.001713328
370,319,MYLK,CD74,0.0016956482
370,63,MYLK,ENG,0.0016853645
370,294,MYLK,TINAGL1,0.0016811521
370,132,MYLK,OAS2,0.0016397496
370,332,MYLK,IPCEF1,0.0016376326
370,417,MYLK,UBA7,0.0016296578
370,267,MYLK,CLEC12A,0.0016203198
370,276,MYLK,H2-Q6,0.0015653872
429,115,MYO5A,LTB,0.047120184
429,323,MYO5A,SELPLG,0.044921238
429,224,MYO5A,PLSCR4,0.04071971
429,260,MYO5A,RHOF,0.040587626
429,197,MYO5A,POLA2,0.037978623
429,556,MYO5A,ITGB7,0.037712187
429,102,MYO5A,FUT8,0.035511367
429,455,MYO5A,SNAP23,0.035393875
429,400,MYO5A,ANKRD44,0.035288252
429,217,MYO5A,MYCT1,0.035260092
429,405,MYO5A,GIMAP8,0.035206083
429,147,MYO5A,ERP29,0.034362588
429,182,MYO5A,STK17B,0.033790924
429,174,MYO5A,PPCDC,0.033546016
429,327,MYO5A,PRIM1,0.03348697
429,339,MYO5A,KCTD12,0.033318512
429,180,MYO5A,RGS2,0.033237472
429,169,MYO5A,MCM4,0.03281829
429,210,MYO5A,CDKN1C,0.032197364
429,262,MYO5A,SSH2,0.031767223
429,47,MYO5A,LONP2,0.030950626
429,525,MYO5A,TXNIP,0.03057186
429,135,MYO5A,SLBP,0.030512778
429,354,MYO5A,PPP1R15A,0.030501686
429,219,MYO5A,STARD4,0.03036146
429,409,MYO5A,TMEM206,0.030195864
429,79,MYO5A,MGAT1,0.029304687
429,497,MYO5A,ATP8B4,0.029267674
429,441,MYO5A,MCM7,0.028917098
429,284,MYO5A,ANXA5,0.02770806
429,119,MYO5A,PAG1,0.027136156
429,123,MYO5A,PAFAH2,0.026850564
429,198,MYO5A,CMAH,0.026427351
429,293,MYO5A,MAML3,0.026104454
429,246,MYO5A,KLF6,0.025250124
429,214,MYO5A,FCHO2,0.02356602
429,24,MYO5A,DYNLL1,0.01621116
429,203,MYO5A,CD33,0.0035388814
429,139,MYO5A,CCL3,0.0033380713
429,419,MYO5A,NCF1,0.0030207902
429,86,MYO5A,METTL7A1,0.0029549636
429,207,MYO5A,BLNK,0.0029488308
429,332,MYO5A,IPCEF1,0.002872065
429,319,MYO5A,CD74,0.0028480699
429,63,MYO5A,ENG,0.0028340141
429,294,MYO5A,TINAGL1,0.002797526
429,132,MYO5A,OAS2,0.0027524699
429,417,MYO5A,UBA7,0.0027096032
429,267,MYO5A,CLEC12A,0.0026904189
429,172,MYO5A,EPSTI1,0.0026099936
459,115,N4BP3,LTB,0.038297676
459,323,N4BP3,SELPLG,0.03642423
459,224,N4BP3,PLSCR4,0.03290363
459,260,N4BP3,RHOF,0.03282691
459,197,N4BP3,POLA2,0.030631602
459,556,N4BP3,ITGB7,0.030436778
459,102,N4BP3,FUT8,0.028596135
459,217,N4BP3,MYCT1,0.028393203
459,405,N4BP3,GIMAP8,0.028351612
459,147,N4BP3,ERP29,0.027603937
459,198,N4BP3,CMAH,0.027588608
459,455,N4BP3,SNAP23,0.027496735
459,182,N4BP3,STK17B,0.026985822
459,327,N4BP3,PRIM1,0.026940027
459,210,N4BP3,CDKN1C,0.026903851
459,339,N4BP3,KCTD12,0.026813231
459,180,N4BP3,RGS2,0.0266729
459,169,N4BP3,MCM4,0.026603607
459,262,N4BP3,SSH2,0.025514696
459,47,N4BP3,LONP2,0.024836889
459,174,N4BP3,PPCDC,0.024632875
459,135,N4BP3,SLBP,0.024474557
459,354,N4BP3,PPP1R15A,0.024471706
459,525,N4BP3,TXNIP,0.024438381
459,409,N4BP3,TMEM206,0.024225662
459,219,N4BP3,STARD4,0.02349242
459,497,N4BP3,ATP8B4,0.023472587
459,79,N4BP3,MGAT1,0.023429316
459,441,N4BP3,MCM7,0.0231783
459,284,N4BP3,ANXA5,0.022160497
459,24,N4BP3,DYNLL1,0.02208143
459,400,N4BP3,ANKRD44,0.02197218
459,119,N4BP3,PAG1,0.02170321
459,123,N4BP3,PAFAH2,0.021499267
459,293,N4BP3,MAML3,0.02083614
459,246,N4BP3,KLF6,0.020183075
459,214,N4BP3,FCHO2,0.018762229
459,203,N4BP3,CD33,0.0028698086
459,139,N4BP3,CCL3,0.0027086625
459,207,N4BP3,BLNK,0.0024036567
459,86,N4BP3,METTL7A1,0.0024014912
459,186,N4BP3,IL7R,0.002370783
459,419,N4BP3,NCF1,0.0023588391
459,319,N4BP3,CD74,0.0023262945
459,63,N4BP3,ENG,0.0023109468
459,294,N4BP3,TINAGL1,0.0022870253
459,132,N4BP3,OAS2,0.002243152
459,332,N4BP3,IPCEF1,0.0022381118
459,417,N4BP3,UBA7,0.0022168728
459,267,N4BP3,CLEC12A,0.0022019374
206,115,NAPSA,LTB,0.02409201
206,323,NAPSA,SELPLG,0.02386898
206,260,NAPSA,RHOF,0.020700235
206,556,NAPSA,ITGB7,0.019201087
206,198,NAPSA,CMAH,0.018640032
206,327,NAPSA,PRIM1,0.018038275
206,400,NAPSA,ANKRD44,0.017987508
206,217,NAPSA,MYCT1,0.017961163
206,405,NAPSA,GIMAP8,0.0179132
206,147,NAPSA,ERP29,0.017521555
206,182,NAPSA,STK17B,0.01708358
206,174,NAPSA,PPCDC,0.017063798
206,339,NAPSA,KCTD12,0.016997496
206,169,NAPSA,MCM4,0.016698847
206,210,NAPSA,CDKN1C,0.016355433
206,262,NAPSA,SSH2,0.01617607
206,47,NAPSA,LONP2,0.015760127
206,354,NAPSA,PPP1R15A,0.015539097
206,525,NAPSA,TXNIP,0.015536966
206,24,NAPSA,DYNLL1,0.015462326
206,409,NAPSA,TMEM206,0.015397225
206,79,NAPSA,MGAT1,0.01512067
206,497,NAPSA,ATP8B4,0.014954578
206,219,NAPSA,STARD4,0.014943828
206,441,NAPSA,MCM7,0.01475869
206,224,NAPSA,PLSCR4,0.014138304
206,284,NAPSA,ANXA5,0.014129777
206,119,NAPSA,PAG1,0.013849418
206,123,NAPSA,PAFAH2,0.01371107
206,293,NAPSA,MAML3,0.013307292
206,246,NAPSA,KLF6,0.01293619
206,102,NAPSA,FUT8,0.011146284
206,214,NAPSA,FCHO2,0.009784052
206,180,NAPSA,RGS2,0.007885386
206,455,NAPSA,SNAP23,0.0077286894
206,197,NAPSA,POLA2,0.00428592
206,135,NAPSA,SLBP,0.004033926
206,139,NAPSA,CCL3,0.002174663
206,207,NAPSA,BLNK,0.001968536
206,86,NAPSA,METTL7A1,0.0019678646
206,186,NAPSA,IL7R,0.001939579
206,419,NAPSA,NCF1,0.0019383222
206,319,NAPSA,CD74,0.001914519
206,63,NAPSA,ENG,0.0019019482
206,294,NAPSA,TINAGL1,0.0018811077
206,132,NAPSA,OAS2,0.0018535411
206,332,NAPSA,IPCEF1,0.0018497761
206,417,NAPSA,UBA7,0.0018339385
206,267,NAPSA,CLEC12A,0.0018255163
206,172,NAPSA,EPSTI1,0.0017749699
205,115,NAV1,LTB,0.017898316
205,323,NAV1,SELPLG,0.017767237
205,260,NAV1,RHOF,0.015378924
205,556,NAV1,ITGB7,0.014265121
205,198,NAV1,CMAH,0.013845035
205,327,NAV1,PRIM1,0.013402373
205,400,NAV1,ANKRD44,0.013374798
205,217,NAV1,MYCT1,0.013352239
205,405,NAV1,GIMAP8,0.013313643
205,147,NAV1,ERP29,0.013036432
205,182,NAV1,STK17B,0.012705495
205,174,NAV1,PPCDC,0.012690932
205,339,NAV1,KCTD12,0.012647062
205,169,NAV1,MCM4,0.012416702
205,210,NAV1,CDKN1C,0.012161403
205,262,NAV1,SSH2,0.012034714
205,47,NAV1,LONP2,0.011746427
205,525,NAV1,TXNIP,0.011568554
205,354,NAV1,PPP1R15A,0.011565964
205,409,NAV1,TMEM206,0.011466333
205,497,NAV1,ATP8B4,0.011145438
205,79,NAV1,MGAT1,0.011128638
205,219,NAV1,STARD4,0.011128638
205,441,NAV1,MCM7,0.010997913
205,224,NAV1,PLSCR4,0.01072726
205,284,NAV1,ANXA5,0.01050729
205,24,NAV1,DYNLL1,0.0104931155
205,119,NAV1,PAG1,0.010293332
205,123,NAV1,PAFAH2,0.010188847
205,293,NAV1,MAML3,0.009902125
205,246,NAV1,KLF6,0.009641066
205,102,NAV1,FUT8,0.008350493
205,214,NAV1,FCHO2,0.00816922
205,180,NAV1,RGS2,0.006151394
205,455,NAV1,SNAP23,0.0059465524
205,197,NAV1,POLA2,0.00352612
205,135,NAV1,SLBP,0.0033261515
205,139,NAV1,CCL3,0.0018491801
205,207,NAV1,BLNK,0.0016933155
205,86,NAV1,METTL7A1,0.0016902746
205,419,NAV1,NCF1,0.0016704075
205,186,NAV1,IL7R,0.0016665093
205,319,NAV1,CD74,0.0016518586
205,63,NAV1,ENG,0.0016409734
205,294,NAV1,TINAGL1,0.0016205027
205,132,NAV1,OAS2,0.0016017007
205,332,NAV1,IPCEF1,0.001598821
205,417,NAV1,UBA7,0.001586654
205,267,NAV1,CLEC12A,0.0015803906
205,172,NAV1,EPSTI1,0.001538454
167,115,NCAPD2,LTB,0.036087018
167,323,NCAPD2,SELPLG,0.03437426
167,260,NCAPD2,RHOF,0.031023942
167,102,NCAPD2,FUT8,0.027420865
167,400,NCAPD2,ANKRD44,0.026962344
167,217,NCAPD2,MYCT1,0.02692032
167,405,NCAPD2,GIMAP8,0.026859652
167,455,NCAPD2,SNAP23,0.026158007
167,174,NCAPD2,PPCDC,0.025595356
167,182,NCAPD2,STK17B,0.025595343
167,327,NCAPD2,PRIM1,0.025551338
167,339,NCAPD2,KCTD12,0.025474746
167,180,NCAPD2,RGS2,0.02533421
167,169,NCAPD2,MCM4,0.02503149
167,210,NCAPD2,CDKN1C,0.024485683
167,198,NCAPD2,CMAH,0.023999218
167,47,NCAPD2,LONP2,0.02362057
167,135,NCAPD2,SLBP,0.023274768
167,354,NCAPD2,PPP1R15A,0.0232718
167,525,NCAPD2,TXNIP,0.023257188
167,79,NCAPD2,MGAT1,0.02236073
167,219,NCAPD2,STARD4,0.02236073
167,497,NCAPD2,ATP8B4,0.022348758
167,441,NCAPD2,MCM7,0.022067523
167,197,NCAPD2,POLA2,0.021896709
167,284,NCAPD2,ANXA5,0.021138221
167,119,NCAPD2,PAG1,0.02070561
167,293,NCAPD2,MAML3,0.019911217
167,246,NCAPD2,KLF6,0.019291064
167,123,NCAPD2,PAFAH2,0.01893029
167,147,NCAPD2,ERP29,0.018890081
167,214,NCAPD2,FCHO2,0.017993467
167,224,NCAPD2,PLSCR4,0.013422533
167,556,NCAPD2,ITGB7,0.01260218
167,262,NCAPD2,SSH2,0.010256301
167,24,NCAPD2,DYNLL1,0.00966519
167,409,NCAPD2,TMEM206,0.005303454
167,203,NCAPD2,CD33,0.0029456806
167,139,NCAPD2,CCL3,0.002787017
167,86,NCAPD2,METTL7A1,0.002484729
167,207,NCAPD2,BLNK,0.0024806927
167,186,NCAPD2,IL7R,0.0024429953
167,419,NCAPD2,NCF1,0.0024429334
167,319,NCAPD2,CD74,0.0024046004
167,63,NCAPD2,ENG,0.0023873888
167,294,NCAPD2,TINAGL1,0.0023643046
167,132,NCAPD2,OAS2,0.00232456
167,332,NCAPD2,IPCEF1,0.0023179562
167,417,NCAPD2,UBA7,0.0022923432
167,172,NCAPD2,EPSTI1,0.0022116222
195,115,NCEH1,LTB,0.025403852
195,323,NCEH1,SELPLG,0.024191327
195,260,NCEH1,RHOF,0.021830996
195,224,NCEH1,PLSCR4,0.021825848
195,197,NCEH1,POLA2,0.020354534
195,556,NCEH1,ITGB7,0.020249298
195,198,NCEH1,CMAH,0.019660838
195,102,NCEH1,FUT8,0.019044504
195,400,NCEH1,ANKRD44,0.018969769
195,217,NCEH1,MYCT1,0.018949693
195,147,NCEH1,ERP29,0.018488768
195,455,NCEH1,SNAP23,0.018335748
195,174,NCEH1,PPCDC,0.018019542
195,182,NCEH1,STK17B,0.017998708
195,327,NCEH1,PRIM1,0.01798588
195,339,NCEH1,KCTD12,0.017933782
195,180,NCEH1,RGS2,0.017791744
195,169,NCEH1,MCM4,0.01761712
195,210,NCEH1,CDKN1C,0.017249275
195,262,NCEH1,SSH2,0.017064733
195,47,NCEH1,LONP2,0.016651323
195,135,NCEH1,SLBP,0.016414661
195,525,NCEH1,TXNIP,0.016396826
195,409,NCEH1,TMEM206,0.016243108
195,497,NCEH1,ATP8B4,0.01577574
195,79,NCEH1,MGAT1,0.015766652
195,219,NCEH1,STARD4,0.015766652
195,441,NCEH1,MCM7,0.015569527
195,284,NCEH1,ANXA5,0.014890756
195,24,NCEH1,DYNLL1,0.014854093
195,119,NCEH1,PAG1,0.014602765
195,293,NCEH1,MAML3,0.013986499
195,246,NCEH1,KLF6,0.013585907
195,214,NCEH1,FCHO2,0.012532257
195,354,NCEH1,PPP1R15A,0.011251221
195,405,NCEH1,GIMAP8,0.008507328
195,123,NCEH1,PAFAH2,0.0070530907
195,203,NCEH1,CD33,0.002382923
195,139,NCEH1,CCL3,0.0022639947
195,207,NCEH1,BLNK,0.002048124
195,86,NCEH1,METTL7A1,0.0020470005
195,419,NCEH1,NCF1,0.0020203912
195,186,NCEH1,IL7R,0.0020148417
195,319,NCEH1,CD74,0.0019922329
195,63,NCEH1,ENG,0.0019805045
195,294,NCEH1,TINAGL1,0.001954476
195,132,NCEH1,OAS2,0.0019294766
195,332,NCEH1,IPCEF1,0.0019248769
195,417,NCEH1,UBA7,0.0019063335
195,267,NCEH1,CLEC12A,0.001894842
419,323,NCF1,SELPLG,0.014826264
419,115,NCF1,LTB,0.013832893
419,260,NCF1,RHOF,0.013471101
419,224,NCF1,PLSCR4,0.013429266
419,197,NCF1,POLA2,0.012557633
419,556,NCF1,ITGB7,0.012520083
419,198,NCF1,CMAH,0.012148297
419,102,NCF1,FUT8,0.01178752
419,400,NCF1,ANKRD44,0.011770409
419,217,NCF1,MYCT1,0.011745641
419,405,NCF1,GIMAP8,0.011709454
419,147,NCF1,ERP29,0.011483024
419,455,NCF1,SNAP23,0.011273837
419,182,NCF1,STK17B,0.011195458
419,327,NCF1,PRIM1,0.011171903
419,339,NCF1,KCTD12,0.011148902
419,169,NCF1,MCM4,0.010945079
419,180,NCF1,RGS2,0.010926547
419,210,NCF1,CDKN1C,0.010629945
419,262,NCF1,SSH2,0.010621845
419,47,NCF1,LONP2,0.0103834625
419,135,NCF1,SLBP,0.010250638
419,525,NCF1,TXNIP,0.0102271205
419,354,NCF1,PPP1R15A,0.010220779
419,409,NCF1,TMEM206,0.010141396
419,441,NCF1,MCM7,0.010114539
419,497,NCF1,ATP8B4,0.010007163
419,79,NCF1,MGAT1,0.009818678
419,24,NCF1,DYNLL1,0.009371818
419,284,NCF1,ANXA5,0.009330715
419,119,NCF1,PAG1,0.009146267
419,123,NCF1,PAFAH2,0.009083475
419,293,NCF1,MAML3,0.008848037
419,246,NCF1,KLF6,0.008632952
419,174,NCF1,PPCDC,0.007932979
419,219,NCF1,STARD4,0.0057923077
419,214,NCF1,FCHO2,0.005224629
419,203,NCF1,CD33,0.0018920611
419,139,NCF1,CCL3,0.0018062004
419,86,NCF1,METTL7A1,0.0016649408
419,207,NCF1,BLNK,0.0016571356
419,186,NCF1,IL7R,0.001633761
419,319,NCF1,CD74,0.001614564
419,63,NCF1,ENG,0.0016072341
419,294,NCF1,TINAGL1,0.0015896374
419,132,NCF1,OAS2,0.0015699085
419,332,NCF1,IPCEF1,0.0015672686
419,417,NCF1,UBA7,0.0015553664
419,267,NCF1,CLEC12A,0.00154941
419,172,NCF1,EPSTI1,0.0015111039
352,115,NDN,LTB,0.06695735
352,323,NDN,SELPLG,0.063931294
352,224,NDN,PLSCR4,0.058248863
352,260,NDN,RHOF,0.05791866
352,197,NDN,POLA2,0.05439738
352,556,NDN,ITGB7,0.05396175
352,198,NDN,CMAH,0.052500892
352,400,NDN,ANKRD44,0.050511554
352,405,NDN,GIMAP8,0.050446004
352,217,NDN,MYCT1,0.050420977
352,455,NDN,SNAP23,0.0490795
352,182,NDN,STK17B,0.048086807
352,327,NDN,PRIM1,0.047933195
352,180,NDN,RGS2,0.04768835
352,339,NDN,KCTD12,0.047680564
352,169,NDN,MCM4,0.047069114
352,210,NDN,CDKN1C,0.046199486
352,262,NDN,SSH2,0.045571484
352,47,NDN,LONP2,0.044368874
352,354,NDN,PPP1R15A,0.043775484
352,147,NDN,ERP29,0.04375889
352,135,NDN,SLBP,0.043697935
352,525,NDN,TXNIP,0.043677375
352,79,NDN,MGAT1,0.042040013
352,497,NDN,ATP8B4,0.041944873
352,284,NDN,ANXA5,0.039770085
352,24,NDN,DYNLL1,0.039593592
352,119,NDN,PAG1,0.038950797
352,123,NDN,PAFAH2,0.03858639
352,293,NDN,MAML3,0.037483037
352,246,NDN,KLF6,0.03619548
352,441,NDN,MCM7,0.03516822
352,214,NDN,FCHO2,0.033809453
352,174,NDN,PPCDC,0.032657042
352,102,NDN,FUT8,0.019812915
352,409,NDN,TMEM206,0.019641818
352,219,NDN,STARD4,0.008287847
352,139,NDN,CCL3,0.004661066
352,203,NDN,CD33,0.0045441077
352,332,NDN,IPCEF1,0.0037852975
352,86,NDN,METTL7A1,0.0037381647
352,207,NDN,BLNK,0.0037275406
352,186,NDN,IL7R,0.0036724673
352,419,NDN,NCF1,0.0036631708
352,319,NDN,CD74,0.0035917915
352,63,NDN,ENG,0.0035670446
352,294,NDN,TINAGL1,0.0035316262
352,132,NDN,OAS2,0.0034565558
352,417,NDN,UBA7,0.0034031721
352,267,NDN,CLEC12A,0.0033764665
504,115,NDRG2,LTB,0.02391563
504,323,NDRG2,SELPLG,0.022768788
504,260,NDRG2,RHOF,0.020545691
504,224,NDRG2,PLSCR4,0.020536203
504,197,NDRG2,POLA2,0.019129835
504,556,NDRG2,ITGB7,0.019056024
504,102,NDRG2,FUT8,0.017916162
504,217,NDRG2,MYCT1,0.017825907
504,405,NDRG2,GIMAP8,0.017778017
504,147,NDRG2,ERP29,0.017392322
504,455,NDRG2,SNAP23,0.017285144
504,198,NDRG2,CMAH,0.017058808
504,174,NDRG2,PPCDC,0.016954407
504,182,NDRG2,STK17B,0.016954407
504,327,NDRG2,PRIM1,0.016902048
504,339,NDRG2,KCTD12,0.01687093
504,180,NDRG2,RGS2,0.016745653
504,169,NDRG2,MCM4,0.016571779
504,262,NDRG2,SSH2,0.016053157
504,47,NDRG2,LONP2,0.015648298
504,135,NDRG2,SLBP,0.015443073
504,354,NDRG2,PPP1R15A,0.015421295
504,525,NDRG2,TXNIP,0.01542062
504,409,NDRG2,TMEM206,0.01528102
504,219,NDRG2,STARD4,0.0150000295
504,497,NDRG2,ATP8B4,0.014841936
504,79,NDRG2,MGAT1,0.014829671
504,441,NDRG2,MCM7,0.0146473
504,284,NDRG2,ANXA5,0.014024116
504,24,NDRG2,DYNLL1,0.013955199
504,119,NDRG2,PAG1,0.013744874
504,123,NDRG2,PAFAH2,0.013619247
504,293,NDRG2,MAML3,0.01317423
504,246,NDRG2,KLF6,0.012807172
504,214,NDRG2,FCHO2,0.011804145
504,210,NDRG2,CDKN1C,0.0108075505
504,400,NDRG2,ANKRD44,0.007622346
504,203,NDRG2,CD33,0.002272442
504,139,NDRG2,CCL3,0.002159324
504,207,NDRG2,BLNK,0.001957004
504,86,NDRG2,METTL7A1,0.0019558922
504,419,NDRG2,NCF1,0.0019286558
504,186,NDRG2,IL7R,0.0019268391
504,319,NDRG2,CD74,0.0019042143
504,63,NDRG2,ENG,0.0018904319
504,132,NDRG2,OAS2,0.0018441369
504,332,NDRG2,IPCEF1,0.0018390398
504,417,NDRG2,UBA7,0.0018237924
504,267,NDRG2,CLEC12A,0.0018137764
504,172,NDRG2,EPSTI1,0.0017659797
18,102,NEAT1,FUT8,0.793382
18,123,NEAT1,PAFAH2,0.791561
18,97,NEAT1,MYC,0.71429557
18,246,NEAT1,KLF6,0.7105279
18,497,NEAT1,ATP8B4,0.7050335
18,441,NEAT1,MCM7,0.7046144
18,135,NEAT1,SLBP,0.70285743
18,400,NEAT1,ANKRD44,0.6989498
18,174,NEAT1,PPCDC,0.6968352
18,182,NEAT1,STK17B,0.6968352
18,79,NEAT1,MGAT1,0.6968269
18,219,NEAT1,STARD4,0.6968269
18,327,NEAT1,PRIM1,0.6961986
18,409,NEAT1,TMEM206,0.69574565
18,262,NEAT1,SSH2,0.6954627
18,556,NEAT1,ITGB7,0.69134706
18,119,NEAT1,PAG1,0.6911957
18,405,NEAT1,GIMAP8,0.6908785
18,169,NEAT1,MCM4,0.68909115
18,354,NEAT1,PPP1R15A,0.68898845
18,47,NEAT1,LONP2,0.6889375
18,24,NEAT1,DYNLL1,0.68683684
18,243,NEAT1,VAMP1,0.6845835
18,339,NEAT1,KCTD12,0.68360114
18,525,NEAT1,TXNIP,0.682432
18,284,NEAT1,ANXA5,0.68164796
18,198,NEAT1,CMAH,0.68025756
18,287,NEAT1,CSF3R,0.6799753
18,217,NEAT1,MYCT1,0.6777093
18,260,NEAT1,RHOF,0.67638147
18,147,NEAT1,ERP29,0.6732193
18,293,NEAT1,MAML3,0.6691954
18,224,NEAT1,PLSCR4,0.66735506
18,214,NEAT1,FCHO2,0.6655938
18,145,NEAT1,SPI1,0.652831
18,210,NEAT1,CDKN1C,0.65204453
18,19,NEAT1,UBASH3A,0.6520293
18,115,NEAT1,LTB,0.6508146
18,323,NEAT1,SELPLG,0.6480545
18,180,NEAT1,RGS2,0.6451739
18,363,NEAT1,XRCC6,0.6427982
18,283,NEAT1,SAT1,0.6417706
18,404,NEAT1,NHP2,0.6386761
18,225,NEAT1,CDT1,0.6376584
18,555,NEAT1,CKS1B,0.6374101
18,335,NEAT1,SLC22A3,0.6369119
18,228,NEAT1,CCL9,0.6349235
18,84,NEAT1,SLC39A6,0.63483024
18,197,NEAT1,POLA2,0.6333716
18,7,NEAT1,AKNA,0.63281107
509,115,NEURL3,LTB,0.036364883
509,323,NEURL3,SELPLG,0.034802053
509,224,NEURL3,PLSCR4,0.03145831
509,260,NEURL3,RHOF,0.0314013
509,197,NEURL3,POLA2,0.02931626
509,556,NEURL3,ITGB7,0.029135719
509,198,NEURL3,CMAH,0.028292153
509,102,NEURL3,FUT8,0.027400814
509,400,NEURL3,ANKRD44,0.027254025
509,217,NEURL3,MYCT1,0.027220435
509,405,NEURL3,GIMAP8,0.027169274
509,147,NEURL3,ERP29,0.026523605
509,455,NEURL3,SNAP23,0.02640635
509,182,NEURL3,STK17B,0.025903966
509,174,NEURL3,PPCDC,0.025882227
509,327,NEURL3,PRIM1,0.02583754
509,339,NEURL3,KCTD12,0.02573141
509,180,NEURL3,RGS2,0.025596658
509,210,NEURL3,CDKN1C,0.024794348
509,262,NEURL3,SSH2,0.02449322
509,47,NEURL3,LONP2,0.02386362
509,135,NEURL3,SLBP,0.023517244
509,525,NEURL3,TXNIP,0.023490036
509,409,NEURL3,TMEM206,0.023279121
509,219,NEURL3,STARD4,0.02258637
509,79,NEURL3,MGAT1,0.022586359
509,497,NEURL3,ATP8B4,0.022573572
509,441,NEURL3,MCM7,0.022270538
509,169,NEURL3,MCM4,0.021720797
509,284,NEURL3,ANXA5,0.021315197
509,24,NEURL3,DYNLL1,0.021255035
509,119,NEURL3,PAG1,0.020898778
509,123,NEURL3,PAFAH2,0.02070469
509,293,NEURL3,MAML3,0.0200826
509,246,NEURL3,KLF6,0.019462584
509,214,NEURL3,FCHO2,0.018140316
509,354,NEURL3,PPP1R15A,0.016884413
509,203,NEURL3,CD33,0.002894768
509,139,NEURL3,CCL3,0.0027357347
509,86,NEURL3,METTL7A1,0.0024386493
509,207,NEURL3,BLNK,0.0024365762
509,186,NEURL3,IL7R,0.0024008604
509,419,NEURL3,NCF1,0.0023948892
509,319,NEURL3,CD74,0.002360805
509,63,NEURL3,ENG,0.0023417529
509,294,NEURL3,TINAGL1,0.0023150765
509,132,NEURL3,OAS2,0.0022791352
509,332,NEURL3,IPCEF1,0.002273703
509,417,NEURL3,UBA7,0.0022509731
509,267,NEURL3,CLEC12A,0.0022357607
95,115,NFE2,LTB,0.048169944
95,224,NFE2,PLSCR4,0.039749935
95,260,NFE2,RHOF,0.039423987
95,556,NFE2,ITGB7,0.036818676
95,198,NFE2,CMAH,0.035787646
95,102,NFE2,FUT8,0.0346707
95,400,NFE2,ANKRD44,0.034455985
95,217,NFE2,MYCT1,0.03443111
95,405,NFE2,GIMAP8,0.034374908
95,147,NFE2,ERP29,0.033936705
95,455,NFE2,SNAP23,0.033458546
95,174,NFE2,PPCDC,0.032780517
95,182,NFE2,STK17B,0.03275516
95,339,NFE2,KCTD12,0.03256793
95,180,NFE2,RGS2,0.032456584
95,169,NFE2,MCM4,0.032045092
95,47,NFE2,LONP2,0.03191457
95,210,NFE2,CDKN1C,0.03144261
95,262,NFE2,SSH2,0.030947424
95,354,NFE2,PPP1R15A,0.029794363
95,525,NFE2,TXNIP,0.029762626
95,135,NFE2,SLBP,0.029730974
95,409,NFE2,TMEM206,0.029489076
95,79,NFE2,MGAT1,0.028940212
95,219,NFE2,STARD4,0.028620424
95,497,NFE2,ATP8B4,0.028551625
95,441,NFE2,MCM7,0.028242454
95,197,NFE2,POLA2,0.028118972
95,327,NFE2,PRIM1,0.027978776
95,284,NFE2,ANXA5,0.027065324
95,24,NFE2,DYNLL1,0.026954856
95,119,NFE2,PAG1,0.026506852
95,123,NFE2,PAFAH2,0.02625931
95,293,NFE2,MAML3,0.02550194
95,246,NFE2,KLF6,0.024675429
95,214,NFE2,FCHO2,0.02303006
95,323,NFE2,SELPLG,0.010017467
95,203,NFE2,CD33,0.0034951612
95,139,NFE2,CCL3,0.0033593231
95,86,NFE2,METTL7A1,0.0029296232
95,207,NFE2,BLNK,0.0029228786
95,186,NFE2,IL7R,0.0028773723
95,419,NFE2,NCF1,0.0028771192
95,319,NFE2,CD74,0.0028283978
95,63,NFE2,ENG,0.0028099206
95,332,NFE2,IPCEF1,0.0027448768
95,132,NFE2,OAS2,0.0027312473
95,417,NFE2,UBA7,0.002688595
95,267,NFE2,CLEC12A,0.0026692231
95,172,NFE2,EPSTI1,0.0025858323
329,115,NFIA,LTB,0.02177474
329,323,NFIA,SELPLG,0.020719865
329,260,NFIA,RHOF,0.018693397
329,224,NFIA,PLSCR4,0.018679831
329,197,NFIA,POLA2,0.017412927
329,556,NFIA,ITGB7,0.01733139
329,198,NFIA,CMAH,0.016815925
329,400,NFIA,ANKRD44,0.016237827
329,102,NFIA,FUT8,0.016202454
329,217,NFIA,MYCT1,0.01619993
329,405,NFIA,GIMAP8,0.016166503
329,147,NFIA,ERP29,0.015804397
329,455,NFIA,SNAP23,0.01568204
329,174,NFIA,PPCDC,0.015415843
329,182,NFIA,STK17B,0.015415835
329,327,NFIA,PRIM1,0.01538299
329,180,NFIA,RGS2,0.015195748
329,169,NFIA,MCM4,0.015059439
329,210,NFIA,CDKN1C,0.014730607
329,47,NFIA,LONP2,0.014229707
329,525,NFIA,TXNIP,0.0140469745
329,135,NFIA,SLBP,0.014035047
329,354,NFIA,PPP1R15A,0.0140075255
329,409,NFIA,TMEM206,0.013887281
329,497,NFIA,ATP8B4,0.013482145
329,219,NFIA,STARD4,0.013469511
329,79,NFIA,MGAT1,0.013469499
329,441,NFIA,MCM7,0.013305051
329,284,NFIA,ANXA5,0.012727416
329,119,NFIA,PAG1,0.012477284
329,123,NFIA,PAFAH2,0.012363593
329,293,NFIA,MAML3,0.011972419
329,246,NFIA,KLF6,0.010797008
329,214,NFIA,FCHO2,0.0106989145
329,339,NFIA,KCTD12,0.009098767
329,262,NFIA,SSH2,0.008755977
329,24,NFIA,DYNLL1,0.007368587
329,203,NFIA,CD33,0.0020924
329,207,NFIA,BLNK,0.0018077105
329,86,NFIA,METTL7A1,0.0018065993
329,186,NFIA,IL7R,0.0017825442
329,419,NFIA,NCF1,0.0017758438
329,319,NFIA,CD74,0.0017590348
329,63,NFIA,ENG,0.001745738
329,294,NFIA,TINAGL1,0.0017347521
329,132,NFIA,OAS2,0.0017200714
329,139,NFIA,CCL3,0.0017161873
329,332,NFIA,IPCEF1,0.0017010041
329,417,NFIA,UBA7,0.0016882257
329,267,NFIA,CLEC12A,0.001680381
404,115,NHP2,LTB,0.0464743
404,323,NHP2,SELPLG,0.04424455
404,224,NHP2,PLSCR4,0.04016843
404,260,NHP2,RHOF,0.040054556
404,197,NHP2,POLA2,0.03746982
404,556,NHP2,ITGB7,0.03720707
404,198,NHP2,CMAH,0.036168672
404,102,NHP2,FUT8,0.035002492
404,217,NHP2,MYCT1,0.03482558
404,400,NHP2,ANKRD44,0.034822136
404,405,NHP2,GIMAP8,0.03474177
404,147,NHP2,ERP29,0.033909902
404,455,NHP2,SNAP23,0.03381735
404,174,NHP2,PPCDC,0.033106565
404,182,NHP2,STK17B,0.033106547
404,327,NHP2,PRIM1,0.033048622
404,180,NHP2,RGS2,0.032807954
404,210,NHP2,CDKN1C,0.03178694
404,262,NHP2,SSH2,0.031356126
404,47,NHP2,LONP2,0.030556012
404,525,NHP2,TXNIP,0.03018512
404,354,NHP2,PPP1R15A,0.030102858
404,135,NHP2,SLBP,0.030098835
404,409,NHP2,TMEM206,0.029809782
404,497,NHP2,ATP8B4,0.028945776
404,79,NHP2,MGAT1,0.028933702
404,219,NHP2,STARD4,0.028899517
404,441,NHP2,MCM7,0.028516311
404,284,NHP2,ANXA5,0.027340041
404,24,NHP2,DYNLL1,0.02725358
404,119,NHP2,PAG1,0.026761824
404,123,NHP2,PAFAH2,0.026550224
404,293,NHP2,MAML3,0.02578832
404,246,NHP2,KLF6,0.024943281
404,339,NHP2,KCTD12,0.024875492
404,214,NHP2,FCHO2,0.023307929
404,169,NHP2,MCM4,0.020366836
404,203,NHP2,CD33,0.0035456796
404,139,NHP2,CCL3,0.0033463768
404,86,NHP2,METTL7A1,0.002964638
404,207,NHP2,BLNK,0.0029115318
404,319,NHP2,CD74,0.0028622632
404,63,NHP2,ENG,0.0028467337
404,419,NHP2,NCF1,0.0028257442
404,294,NHP2,TINAGL1,0.0028116328
404,132,NHP2,OAS2,0.0027637635
404,332,NHP2,IPCEF1,0.002750651
404,417,NHP2,UBA7,0.0027200098
404,267,NHP2,CLEC12A,0.0027003605
404,172,NHP2,EPSTI1,0.002620218
175,115,NKG7,LTB,0.031576168
175,323,NKG7,SELPLG,0.02997343
175,224,NKG7,PLSCR4,0.027042635
175,260,NKG7,RHOF,0.0270184
175,197,NKG7,POLA2,0.026096128
175,556,NKG7,ITGB7,0.025101531
175,198,NKG7,CMAH,0.024290163
175,102,NKG7,FUT8,0.02351463
175,400,NKG7,ANKRD44,0.02341314
175,217,NKG7,MYCT1,0.02337796
175,174,NKG7,PPCDC,0.023011575
175,147,NKG7,ERP29,0.022752376
175,455,NKG7,SNAP23,0.022607384
175,327,NKG7,PRIM1,0.022170797
175,339,NKG7,KCTD12,0.022068305
175,180,NKG7,RGS2,0.021902515
175,169,NKG7,MCM4,0.021716304
175,47,NKG7,LONP2,0.021608138
175,210,NKG7,CDKN1C,0.021216033
175,262,NKG7,SSH2,0.020996897
175,182,NKG7,STK17B,0.020382231
175,135,NKG7,SLBP,0.020176249
175,525,NKG7,TXNIP,0.020159543
175,354,NKG7,PPP1R15A,0.020136803
175,409,NKG7,TMEM206,0.019947903
175,219,NKG7,STARD4,0.019604424
175,497,NKG7,ATP8B4,0.019387461
175,79,NKG7,MGAT1,0.019341893
175,441,NKG7,MCM7,0.019092148
175,284,NKG7,ANXA5,0.018237328
175,24,NKG7,DYNLL1,0.018176336
175,119,NKG7,PAG1,0.017870126
175,123,NKG7,PAFAH2,0.017689697
175,293,NKG7,MAML3,0.017139582
175,246,NKG7,KLF6,0.016645376
175,214,NKG7,FCHO2,0.015449097
175,405,NKG7,GIMAP8,0.010561446
175,203,NKG7,CD33,0.0025394484
175,139,NKG7,CCL3,0.0023976453
175,86,NKG7,METTL7A1,0.002145245
175,207,NKG7,BLNK,0.0021429944
175,294,NKG7,TINAGL1,0.0021387383
175,186,NKG7,IL7R,0.0021216725
175,419,NKG7,NCF1,0.0021005024
175,319,NKG7,CD74,0.0020772023
175,63,NKG7,ENG,0.0020604783
175,332,NKG7,IPCEF1,0.0020076768
175,132,NKG7,OAS2,0.0020035296
175,267,NKG7,CLEC12A,0.0019724811
175,172,NKG7,EPSTI1,0.0019158954
535,323,NLRC3,SELPLG,0.041596066
535,115,NLRC3,LTB,0.03839953
535,260,NLRC3,RHOF,0.03756515
535,197,NLRC3,POLA2,0.035152737
535,556,NLRC3,ITGB7,0.03488405
535,198,NLRC3,CMAH,0.03389351
535,102,NLRC3,FUT8,0.032829475
535,400,NLRC3,ANKRD44,0.032633256
535,217,NLRC3,MYCT1,0.032601103
535,405,NLRC3,GIMAP8,0.032549787
535,147,NLRC3,ERP29,0.03176558
535,455,NLRC3,SNAP23,0.03167633
535,182,NLRC3,STK17B,0.031008294
535,174,NLRC3,PPCDC,0.031008288
535,327,NLRC3,PRIM1,0.030954434
535,180,NLRC3,RGS2,0.030701052
535,169,NLRC3,MCM4,0.030328346
535,210,NLRC3,CDKN1C,0.029737659
535,262,NLRC3,SSH2,0.029353926
535,47,NLRC3,LONP2,0.028595028
535,354,NLRC3,PPP1R15A,0.028183488
535,135,NLRC3,SLBP,0.02817289
535,525,NLRC3,TXNIP,0.028151052
535,409,NLRC3,TMEM206,0.027897097
535,219,NLRC3,STARD4,0.027069831
535,497,NLRC3,ATP8B4,0.027040971
535,441,NLRC3,MCM7,0.026923107
535,284,NLRC3,ANXA5,0.025581438
535,24,NLRC3,DYNLL1,0.025481602
535,119,NLRC3,PAG1,0.025054665
535,293,NLRC3,MAML3,0.024090428
535,214,NLRC3,FCHO2,0.021739505
535,123,NLRC3,PAFAH2,0.02108432
535,79,NLRC3,MGAT1,0.018961642
535,339,NLRC3,KCTD12,0.01879207
535,224,NLRC3,PLSCR4,0.014331923
535,246,NLRC3,KLF6,0.010850276
535,139,NLRC3,CCL3,0.0031168095
535,203,NLRC3,CD33,0.0031105976
535,419,NLRC3,NCF1,0.0029216253
535,86,NLRC3,METTL7A1,0.0027624613
535,207,NLRC3,BLNK,0.0027563702
535,186,NLRC3,IL7R,0.0027159539
535,319,NLRC3,CD74,0.0026653379
535,63,NLRC3,ENG,0.002648753
535,294,NLRC3,TINAGL1,0.0026231995
535,132,NLRC3,OAS2,0.0025738508
535,332,NLRC3,IPCEF1,0.0025666126
535,267,NLRC3,CLEC12A,0.00251878
535,172,NLRC3,EPSTI1,0.0024437495
265,246,NOTCH1,KLF6,0.62940824
265,174,NOTCH1,PPCDC,0.6273726
265,441,NOTCH1,MCM7,0.62716997
265,497,NOTCH1,ATP8B4,0.62706184
265,182,NOTCH1,STK17B,0.62485385
265,409,NOTCH1,TMEM206,0.62448895
265,400,NOTCH1,ANKRD44,0.62429935
265,556,NOTCH1,ITGB7,0.62268287
265,327,NOTCH1,PRIM1,0.6209307
265,262,NOTCH1,SSH2,0.6203329
265,79,NOTCH1,MGAT1,0.6200043
265,219,NOTCH1,STARD4,0.6200043
265,405,NOTCH1,GIMAP8,0.6173939
265,123,NOTCH1,PAFAH2,0.6171573
265,169,NOTCH1,MCM4,0.6147846
265,119,NOTCH1,PAG1,0.61468136
265,354,NOTCH1,PPP1R15A,0.61404324
265,47,NOTCH1,LONP2,0.6137286
265,102,NOTCH1,FUT8,0.6117859
265,339,NOTCH1,KCTD12,0.6104436
265,24,NOTCH1,DYNLL1,0.6095301
265,525,NOTCH1,TXNIP,0.60803086
265,198,NOTCH1,CMAH,0.60787046
265,284,NOTCH1,ANXA5,0.6064515
265,197,NOTCH1,POLA2,0.60468674
265,217,NOTCH1,MYCT1,0.6046243
265,260,NOTCH1,RHOF,0.60338223
265,147,NOTCH1,ERP29,0.60189915
265,224,NOTCH1,PLSCR4,0.59797996
265,293,NOTCH1,MAML3,0.59549797
265,210,NOTCH1,CDKN1C,0.58601695
265,115,NOTCH1,LTB,0.5850271
265,323,NOTCH1,SELPLG,0.5843499
265,180,NOTCH1,RGS2,0.5816747
265,455,NOTCH1,SNAP23,0.5792192
265,135,NOTCH1,SLBP,0.57381296
265,214,NOTCH1,FCHO2,0.5621969
265,287,NOTCH1,CSF3R,0.53302014
265,97,NOTCH1,MYC,0.5262165
265,19,NOTCH1,UBASH3A,0.5181974
265,186,NOTCH1,IL7R,0.51699245
265,203,NOTCH1,CD33,0.5147204
265,526,NOTCH1,SERP1,0.51128346
265,335,NOTCH1,SLC22A3,0.51116264
265,294,NOTCH1,TINAGL1,0.51043385
265,404,NOTCH1,NHP2,0.51033163
265,243,NOTCH1,VAMP1,0.5098168
265,267,NOTCH1,CLEC12A,0.50695467
265,549,NOTCH1,SLC26A11,0.50619435
265,172,NOTCH1,EPSTI1,0.50460917
268,115,NPDC1,LTB,0.03252398
268,323,NPDC1,SELPLG,0.030974573
268,224,NPDC1,PLSCR4,0.027978549
268,260,NPDC1,RHOF,0.027873764
268,197,NPDC1,POLA2,0.026082758
268,198,NPDC1,CMAH,0.025181744
268,102,NPDC1,FUT8,0.02437192
268,400,NPDC1,ANKRD44,0.02425278
268,217,NPDC1,MYCT1,0.024247482
268,405,NPDC1,GIMAP8,0.024188368
268,147,NPDC1,ERP29,0.023641799
268,455,NPDC1,SNAP23,0.023534758
268,182,NPDC1,STK17B,0.023218067
268,327,NPDC1,PRIM1,0.023012636
268,339,NPDC1,KCTD12,0.022932827
268,180,NPDC1,RGS2,0.022807876
268,169,NPDC1,MCM4,0.022542179
268,210,NPDC1,CDKN1C,0.022099817
268,262,NPDC1,SSH2,0.0218248
268,47,NPDC1,LONP2,0.021226503
268,354,NPDC1,PPP1R15A,0.020961247
268,525,NPDC1,TXNIP,0.020952461
268,409,NPDC1,TMEM206,0.020755947
268,79,NPDC1,MGAT1,0.020144176
268,219,NPDC1,STARD4,0.020144176
268,497,NPDC1,ATP8B4,0.020140411
268,441,NPDC1,MCM7,0.019898904
268,284,NPDC1,ANXA5,0.01902103
268,24,NPDC1,DYNLL1,0.018970083
268,119,NPDC1,PAG1,0.018656438
268,123,NPDC1,PAFAH2,0.018483758
268,293,NPDC1,MAML3,0.017937804
268,556,NPDC1,ITGB7,0.017659256
268,246,NPDC1,KLF6,0.017392313
268,174,NPDC1,PPCDC,0.015815852
268,214,NPDC1,FCHO2,0.012278033
268,135,NPDC1,SLBP,0.011711142
268,203,NPDC1,CD33,0.0027519239
268,207,NPDC1,BLNK,0.0023327898
268,86,NPDC1,METTL7A1,0.002322957
268,419,NPDC1,NCF1,0.0022988226
268,186,NPDC1,IL7R,0.002294999
268,319,NPDC1,CD74,0.0022627348
268,63,NPDC1,ENG,0.0022508416
268,294,NPDC1,TINAGL1,0.0022223643
268,132,NPDC1,OAS2,0.002191909
268,332,NPDC1,IPCEF1,0.0021833968
268,267,NPDC1,CLEC12A,0.0021458492
268,139,NPDC1,CCL3,0.0021063667
268,172,NPDC1,EPSTI1,0.0020861945
34,115,NR3C2,LTB,0.014835057
34,323,NR3C2,SELPLG,0.014117681
34,224,NR3C2,PLSCR4,0.012748226
34,556,NR3C2,ITGB7,0.011996918
34,197,NR3C2,POLA2,0.011908024
34,198,NR3C2,CMAH,0.011593044
34,400,NR3C2,ANKRD44,0.011152751
34,102,NR3C2,FUT8,0.01114052
34,260,NR3C2,RHOF,0.01113813
34,405,NR3C2,GIMAP8,0.011085309
34,147,NR3C2,ERP29,0.010866316
34,455,NR3C2,SNAP23,0.01074036
34,174,NR3C2,PPCDC,0.010590466
34,327,NR3C2,PRIM1,0.0105746295
34,182,NR3C2,STK17B,0.010565592
34,339,NR3C2,KCTD12,0.01054622
34,169,NR3C2,MCM4,0.010351672
34,210,NR3C2,CDKN1C,0.0100896815
34,262,NR3C2,SSH2,0.010010565
34,47,NR3C2,LONP2,0.009759602
34,135,NR3C2,SLBP,0.009635272
34,525,NR3C2,TXNIP,0.009603291
34,354,NR3C2,PPP1R15A,0.009602707
34,409,NR3C2,TMEM206,0.009514681
34,497,NR3C2,ATP8B4,0.009240985
34,180,NR3C2,RGS2,0.009238663
34,79,NR3C2,MGAT1,0.009228063
34,219,NR3C2,STARD4,0.009228063
34,441,NR3C2,MCM7,0.009103304
34,284,NR3C2,ANXA5,0.008702133
34,123,NR3C2,PAFAH2,0.008464851
34,293,NR3C2,MAML3,0.008245919
34,246,NR3C2,KLF6,0.008039611
34,214,NR3C2,FCHO2,0.0075066364
34,217,NR3C2,MYCT1,0.0069352086
34,119,NR3C2,PAG1,0.0046990053
34,24,NR3C2,DYNLL1,0.004370373
34,203,NR3C2,CD33,0.0017915119
34,139,NR3C2,CCL3,0.0017127376
34,207,NR3C2,BLNK,0.0015797188
34,86,NR3C2,METTL7A1,0.0015757807
34,419,NR3C2,NCF1,0.0015596739
34,319,NR3C2,CD74,0.0015438551
34,63,NR3C2,ENG,0.0015336645
34,294,NR3C2,TINAGL1,0.0015138187
34,132,NR3C2,OAS2,0.0014986942
34,332,NR3C2,IPCEF1,0.0014947889
34,417,NR3C2,UBA7,0.0014857521
34,267,NR3C2,CLEC12A,0.0014792299
34,172,NR3C2,EPSTI1,0.0014427182
250,115,NRROS,LTB,0.029336987
250,323,NRROS,SELPLG,0.02792939
250,260,NRROS,RHOF,0.02604597
250,224,NRROS,PLSCR4,0.025206255
250,556,NRROS,ITGB7,0.023364432
250,198,NRROS,CMAH,0.022681257
250,102,NRROS,FUT8,0.021965262
250,400,NRROS,ANKRD44,0.02186952
250,405,NRROS,GIMAP8,0.021789052
250,147,NRROS,ERP29,0.021297328
250,455,NRROS,SNAP23,0.021183552
250,182,NRROS,STK17B,0.020766592
250,327,NRROS,PRIM1,0.020727932
250,339,NRROS,KCTD12,0.020657176
250,180,NRROS,RGS2,0.020523915
250,169,NRROS,MCM4,0.020299446
250,210,NRROS,CDKN1C,0.019887438
250,217,NRROS,MYCT1,0.019761309
250,262,NRROS,SSH2,0.019654885
250,47,NRROS,LONP2,0.01916484
250,135,NRROS,SLBP,0.018890286
250,525,NRROS,TXNIP,0.018866358
250,354,NRROS,PPP1R15A,0.018773355
250,409,NRROS,TMEM206,0.018694354
250,497,NRROS,ATP8B4,0.018143153
250,219,NRROS,STARD4,0.018138701
250,79,NRROS,MGAT1,0.018138694
250,441,NRROS,MCM7,0.017908487
250,197,NRROS,POLA2,0.017748466
250,284,NRROS,ANXA5,0.017137622
250,119,NRROS,PAG1,0.016796118
250,123,NRROS,PAFAH2,0.016640965
250,293,NRROS,MAML3,0.01613836
250,246,NRROS,KLF6,0.01566473
250,214,NRROS,FCHO2,0.014525071
250,24,NRROS,DYNLL1,0.012417188
250,174,NRROS,PPCDC,0.0037979775
250,203,NRROS,CD33,0.0025388084
250,139,NRROS,CCL3,0.0024074833
250,86,NRROS,METTL7A1,0.0021655355
250,207,NRROS,BLNK,0.0021654726
250,186,NRROS,IL7R,0.0021302802
250,63,NRROS,ENG,0.0020898818
250,294,NRROS,TINAGL1,0.0020650318
250,132,NRROS,OAS2,0.002034511
250,332,NRROS,IPCEF1,0.0020297184
250,267,NRROS,CLEC12A,0.001997591
250,172,NRROS,EPSTI1,0.0019424564
250,417,NRROS,UBA7,0.0019393733
250,276,NRROS,H2-Q6,0.0019230045
541,323,NSMF,SELPLG,0.046336193
541,115,NSMF,LTB,0.04278443
541,260,NSMF,RHOF,0.041861515
541,197,NSMF,POLA2,0.039208066
541,556,NSMF,ITGB7,0.03889633
541,198,NSMF,CMAH,0.03780065
541,102,NSMF,FUT8,0.036618352
541,400,NSMF,ANKRD44,0.036386576
541,217,NSMF,MYCT1,0.036348812
541,405,NSMF,GIMAP8,0.036305577
541,147,NSMF,ERP29,0.035417963
541,455,NSMF,SNAP23,0.03533073
541,174,NSMF,PPCDC,0.034585442
541,182,NSMF,STK17B,0.034585413
541,327,NSMF,PRIM1,0.03452276
541,180,NSMF,RGS2,0.03425369
541,169,NSMF,MCM4,0.033830147
541,210,NSMF,CDKN1C,0.033177584
541,262,NSMF,SSH2,0.032743495
541,47,NSMF,LONP2,0.03189219
541,354,NSMF,PPP1R15A,0.0314381
541,135,NSMF,SLBP,0.03141722
541,525,NSMF,TXNIP,0.03139507
541,409,NSMF,TMEM206,0.031117216
541,219,NSMF,STARD4,0.030191569
541,497,NSMF,ATP8B4,0.030153073
541,441,NSMF,MCM7,0.03003157
541,284,NSMF,ANXA5,0.02853565
541,24,NSMF,DYNLL1,0.028417984
541,119,NSMF,PAG1,0.027946165
541,293,NSMF,MAML3,0.02687216
541,214,NSMF,FCHO2,0.02424297
541,123,NSMF,PAFAH2,0.023512332
541,79,NSMF,MGAT1,0.021123668
541,339,NSMF,KCTD12,0.021036845
541,224,NSMF,PLSCR4,0.01580025
541,246,NSMF,KLF6,0.0119412225
541,139,NSMF,CCL3,0.0033517007
541,203,NSMF,CD33,0.0033465514
541,419,NSMF,NCF1,0.0031375056
541,86,NSMF,METTL7A1,0.0029636375
541,207,NSMF,BLNK,0.0029568311
541,186,NSMF,IL7R,0.0029124012
541,319,NSMF,CD74,0.0028572893
541,63,NSMF,ENG,0.0028391138
541,294,NSMF,TINAGL1,0.0028108894
541,132,NSMF,OAS2,0.0027573993
541,332,NSMF,IPCEF1,0.0027495278
541,267,NSMF,CLEC12A,0.002696543
541,172,NSMF,EPSTI1,0.0026149512
201,115,NT5C3,LTB,0.03506865
201,323,NT5C3,SELPLG,0.033355128
201,224,NT5C3,PLSCR4,0.03013527
201,260,NT5C3,RHOF,0.030105224
201,197,NT5C3,POLA2,0.028074468
201,198,NT5C3,CMAH,0.0269503
201,102,NT5C3,FUT8,0.02623112
201,400,NT5C3,ANKRD44,0.026099091
201,217,NT5C3,MYCT1,0.026057828
201,405,NT5C3,GIMAP8,0.02594623
201,147,NT5C3,ERP29,0.02538675
201,455,NT5C3,SNAP23,0.025260758
201,180,NT5C3,RGS2,0.025239127
201,327,NT5C3,PRIM1,0.024733664
201,339,NT5C3,KCTD12,0.02462764
201,169,NT5C3,MCM4,0.024520082
201,210,NT5C3,CDKN1C,0.023713293
201,262,NT5C3,SSH2,0.023439921
201,47,NT5C3,LONP2,0.022825459
201,525,NT5C3,TXNIP,0.022634301
201,135,NT5C3,SLBP,0.022504412
201,354,NT5C3,PPP1R15A,0.02249359
201,409,NT5C3,TMEM206,0.022274666
201,79,NT5C3,MGAT1,0.02160639
201,219,NT5C3,STARD4,0.021606382
201,497,NT5C3,ATP8B4,0.021597944
201,441,NT5C3,MCM7,0.021325177
201,284,NT5C3,ANXA5,0.020398008
201,24,NT5C3,DYNLL1,0.020322459
201,119,NT5C3,PAG1,0.01998278
201,123,NT5C3,PAFAH2,0.019796135
201,556,NT5C3,ITGB7,0.01899277
201,246,NT5C3,KLF6,0.018609244
201,214,NT5C3,FCHO2,0.01731385
201,174,NT5C3,PPCDC,0.014526702
201,182,NT5C3,STK17B,0.014526697
201,293,NT5C3,MAML3,0.008485785
201,203,NT5C3,CD33,0.0027681328
201,139,NT5C3,CCL3,0.0026142597
201,86,NT5C3,METTL7A1,0.0023364516
201,207,NT5C3,BLNK,0.0023341775
201,186,NT5C3,IL7R,0.0023024147
201,419,NT5C3,NCF1,0.0022914622
201,319,NT5C3,CD74,0.0022612293
201,63,NT5C3,ENG,0.0022452702
201,294,NT5C3,TINAGL1,0.0022147947
201,132,NT5C3,OAS2,0.002183055
201,332,NT5C3,IPCEF1,0.0021784087
201,417,NT5C3,UBA7,0.0021581294
201,172,NT5C3,EPSTI1,0.0020830203
39,115,NUCB2,LTB,0.04320855
39,224,NUCB2,PLSCR4,0.037287336
39,260,NUCB2,RHOF,0.037187226
39,197,NUCB2,POLA2,0.03476876
39,556,NUCB2,ITGB7,0.03453454
39,198,NUCB2,CMAH,0.033558268
39,102,NUCB2,FUT8,0.03249728
39,327,NUCB2,PRIM1,0.03249388
39,400,NUCB2,ANKRD44,0.032337736
39,217,NUCB2,MYCT1,0.032287072
39,405,NUCB2,GIMAP8,0.03223094
39,147,NUCB2,ERP29,0.03146513
39,455,NUCB2,SNAP23,0.031362027
39,174,NUCB2,PPCDC,0.03070936
39,182,NUCB2,STK17B,0.03070936
39,339,NUCB2,KCTD12,0.030534685
39,180,NUCB2,RGS2,0.030414948
39,323,NUCB2,SELPLG,0.030304221
39,169,NUCB2,MCM4,0.030038096
39,262,NUCB2,SSH2,0.029075973
39,47,NUCB2,LONP2,0.028353551
39,354,NUCB2,PPP1R15A,0.02792258
39,135,NUCB2,SLBP,0.027911892
39,525,NUCB2,TXNIP,0.027895402
39,409,NUCB2,TMEM206,0.02767682
39,79,NUCB2,MGAT1,0.026821954
39,219,NUCB2,STARD4,0.026821954
39,497,NUCB2,ATP8B4,0.026795942
39,441,NUCB2,MCM7,0.026468735
39,210,NUCB2,CDKN1C,0.026443116
39,24,NUCB2,DYNLL1,0.025255
39,119,NUCB2,PAG1,0.024834843
39,293,NUCB2,MAML3,0.024771439
39,246,NUCB2,KLF6,0.023117093
39,214,NUCB2,FCHO2,0.021568732
39,123,NUCB2,PAFAH2,0.020752657
39,284,NUCB2,ANXA5,0.011356194
39,203,NUCB2,CD33,0.0033231243
39,139,NUCB2,CCL3,0.0031381487
39,207,NUCB2,BLNK,0.0027796584
39,186,NUCB2,IL7R,0.0027362213
39,419,NUCB2,NCF1,0.002735097
39,319,NUCB2,CD74,0.0026897166
39,63,NUCB2,ENG,0.0026736404
39,294,NUCB2,TINAGL1,0.002642589
39,132,NUCB2,OAS2,0.0026281006
39,417,NUCB2,UBA7,0.002558329
39,267,NUCB2,CLEC12A,0.002541005
39,172,NUCB2,EPSTI1,0.002465939
39,276,NUCB2,H2-Q6,0.0024281288
281,115,NUDT19,LTB,0.11646165
281,323,NUDT19,SELPLG,0.11127897
281,224,NUDT19,PLSCR4,0.10257389
281,260,NUDT19,RHOF,0.101390906
281,197,NUDT19,POLA2,0.095870964
281,556,NUDT19,ITGB7,0.09490978
281,198,NUDT19,CMAH,0.092428096
281,102,NUDT19,FUT8,0.08971104
281,405,NUDT19,GIMAP8,0.08888503
281,400,NUDT19,ANKRD44,0.08882608
281,217,NUDT19,MYCT1,0.08855264
281,147,NUDT19,ERP29,0.08636862
281,455,NUDT19,SNAP23,0.086240135
281,180,NUDT19,RGS2,0.0850708
281,182,NUDT19,STK17B,0.084745556
281,327,NUDT19,PRIM1,0.08459893
281,174,NUDT19,PPCDC,0.08429661
281,339,NUDT19,KCTD12,0.08396004
281,169,NUDT19,MCM4,0.08302217
281,210,NUDT19,CDKN1C,0.08147994
281,262,NUDT19,SSH2,0.080403134
281,47,NUDT19,LONP2,0.07815206
281,354,NUDT19,PPP1R15A,0.07732359
281,135,NUDT19,SLBP,0.07697388
281,525,NUDT19,TXNIP,0.07689004
281,409,NUDT19,TMEM206,0.07645262
281,79,NUDT19,MGAT1,0.07416921
281,497,NUDT19,ATP8B4,0.07387815
281,441,NUDT19,MCM7,0.07324774
281,284,NUDT19,ANXA5,0.07020739
281,24,NUDT19,DYNLL1,0.06982837
281,123,NUDT19,PAFAH2,0.06814025
281,293,NUDT19,MAML3,0.066170774
281,246,NUDT19,KLF6,0.063771464
281,119,NUDT19,PAG1,0.060287513
281,214,NUDT19,FCHO2,0.05958169
281,219,NUDT19,STARD4,0.013741442
281,203,NUDT19,CD33,0.006471772
281,86,NUDT19,METTL7A1,0.0051468723
281,207,NUDT19,BLNK,0.005135733
281,186,NUDT19,IL7R,0.0050752815
281,419,NUDT19,NCF1,0.004975471
281,319,NUDT19,CD74,0.0049079154
281,63,NUDT19,ENG,0.004859829
281,294,NUDT19,TINAGL1,0.004848938
281,132,NUDT19,OAS2,0.0046903896
281,332,NUDT19,IPCEF1,0.004683156
281,417,NUDT19,UBA7,0.0046321885
281,267,NUDT19,CLEC12A,0.0045926953
281,172,NUDT19,EPSTI1,0.004430155
75,115,NUPR1,LTB,0.03193431
75,323,NUPR1,SELPLG,0.030421626
75,224,NUPR1,PLSCR4,0.02747989
75,260,NUPR1,RHOF,0.027455935
75,197,NUPR1,POLA2,0.025625443
75,556,NUPR1,ITGB7,0.025473753
75,198,NUPR1,CMAH,0.024745591
75,102,NUPR1,FUT8,0.02396895
75,400,NUPR1,ANKRD44,0.02385283
75,217,NUPR1,MYCT1,0.023837714
75,147,NUPR1,ERP29,0.02324912
75,455,NUPR1,SNAP23,0.023142457
75,182,NUPR1,STK17B,0.022662383
75,327,NUPR1,PRIM1,0.022622403
75,339,NUPR1,KCTD12,0.022551436
75,180,NUPR1,RGS2,0.022406591
75,169,NUPR1,MCM4,0.022163747
75,210,NUPR1,CDKN1C,0.021741087
75,262,NUPR1,SSH2,0.021461526
75,47,NUPR1,LONP2,0.020933606
75,135,NUPR1,SLBP,0.020643193
75,354,NUPR1,PPP1R15A,0.02061954
75,525,NUPR1,TXNIP,0.02061049
75,409,NUPR1,TMEM206,0.02041682
75,219,NUPR1,STARD4,0.019819349
75,79,NUPR1,MGAT1,0.01981934
75,497,NUPR1,ATP8B4,0.019816741
75,441,NUPR1,MCM7,0.01956305
75,284,NUPR1,ANXA5,0.018748378
75,24,NUPR1,DYNLL1,0.018686881
75,119,NUPR1,PAG1,0.018366251
75,123,NUPR1,PAFAH2,0.01819637
75,293,NUPR1,MAML3,0.017667744
75,246,NUPR1,KLF6,0.017128155
75,214,NUPR1,FCHO2,0.015815295
75,174,NUPR1,PPCDC,0.015561885
75,405,NUPR1,GIMAP8,0.010575018
75,203,NUPR1,CD33,0.0027710644
75,139,NUPR1,CCL3,0.002627898
75,86,NUPR1,METTL7A1,0.002353507
75,207,NUPR1,BLNK,0.002351098
75,419,NUPR1,NCF1,0.0023199122
75,186,NUPR1,IL7R,0.0023123524
75,319,NUPR1,CD74,0.0022836276
75,63,NUPR1,ENG,0.0022707183
75,294,NUPR1,TINAGL1,0.0022419707
75,132,NUPR1,OAS2,0.0022094839
75,332,NUPR1,IPCEF1,0.00220296
75,417,NUPR1,UBA7,0.0021782294
75,267,NUPR1,CLEC12A,0.0021630412
426,115,NWD1,LTB,0.04150646
426,323,NWD1,SELPLG,0.039562564
426,224,NWD1,PLSCR4,0.035817508
426,260,NWD1,RHOF,0.03573177
426,197,NWD1,POLA2,0.033406194
426,556,NWD1,ITGB7,0.033182446
426,102,NWD1,FUT8,0.031241657
426,455,NWD1,SNAP23,0.031064494
426,400,NWD1,ANKRD44,0.031059112
426,217,NWD1,MYCT1,0.031041518
426,405,NWD1,GIMAP8,0.030975714
426,147,NWD1,ERP29,0.030261412
426,182,NWD1,STK17B,0.029733408
426,174,NWD1,PPCDC,0.029521676
426,327,NWD1,PRIM1,0.029470515
426,339,NWD1,KCTD12,0.02933533
426,180,NWD1,RGS2,0.029251525
426,169,NWD1,MCM4,0.02888079
426,210,NWD1,CDKN1C,0.02834081
426,262,NWD1,SSH2,0.027959337
426,47,NWD1,LONP2,0.027254472
426,525,NWD1,TXNIP,0.0269267
426,135,NWD1,SLBP,0.026869792
426,354,NWD1,PPP1R15A,0.026852293
426,219,NWD1,STARD4,0.0267271
426,409,NWD1,TMEM206,0.02658506
426,79,NWD1,MGAT1,0.025805606
426,497,NWD1,ATP8B4,0.025782049
426,441,NWD1,MCM7,0.025465278
426,284,NWD1,ANXA5,0.024408348
426,119,NWD1,PAG1,0.023905726
426,123,NWD1,PAFAH2,0.02365511
426,198,NWD1,CMAH,0.023234045
426,293,NWD1,MAML3,0.023002915
426,246,NWD1,KLF6,0.022262467
426,214,NWD1,FCHO2,0.02078907
426,24,NWD1,DYNLL1,0.014096167
426,203,NWD1,CD33,0.0032950835
426,139,NWD1,CCL3,0.0031150517
426,419,NWD1,NCF1,0.0028342863
426,86,NWD1,METTL7A1,0.0027687738
426,207,NWD1,BLNK,0.0027643233
426,332,NWD1,IPCEF1,0.002696711
426,319,NWD1,CD74,0.002674
426,63,NWD1,ENG,0.0026618822
426,294,NWD1,TINAGL1,0.0026245108
426,132,NWD1,OAS2,0.00258722
426,417,NWD1,UBA7,0.0025464625
426,267,NWD1,CLEC12A,0.0025286637
426,172,NWD1,EPSTI1,0.0024550566
132,115,OAS2,LTB,0.020143673
132,323,OAS2,SELPLG,0.019200906
132,260,OAS2,RHOF,0.017342804
132,224,OAS2,PLSCR4,0.017314117
132,197,OAS2,POLA2,0.016164903
132,556,OAS2,ITGB7,0.016097888
132,198,OAS2,CMAH,0.015616908
132,147,OAS2,ERP29,0.015215298
132,217,OAS2,MYCT1,0.0151819885
132,102,OAS2,FUT8,0.01514523
132,400,OAS2,ANKRD44,0.01510365
132,405,OAS2,GIMAP8,0.015034133
132,455,OAS2,SNAP23,0.014537806
132,174,OAS2,PPCDC,0.014353502
132,182,OAS2,STK17B,0.014353502
132,327,OAS2,PRIM1,0.014326213
132,339,OAS2,KCTD12,0.014289374
132,180,OAS2,RGS2,0.014079763
132,169,OAS2,MCM4,0.014032928
132,210,OAS2,CDKN1C,0.013698636
132,262,OAS2,SSH2,0.013588981
132,47,OAS2,LONP2,0.013284472
132,135,OAS2,SLBP,0.01310469
132,525,OAS2,TXNIP,0.01308329
132,354,OAS2,PPP1R15A,0.013079043
132,409,OAS2,TMEM206,0.012965387
132,497,OAS2,ATP8B4,0.0126155205
132,79,OAS2,MGAT1,0.0125905555
132,441,OAS2,MCM7,0.012439896
132,284,OAS2,ANXA5,0.011915033
132,24,OAS2,DYNLL1,0.011873025
132,293,OAS2,MAML3,0.011688889
132,119,OAS2,PAG1,0.0116881225
132,123,OAS2,PAFAH2,0.011584595
132,246,OAS2,KLF6,0.010929165
132,214,OAS2,FCHO2,0.010138917
132,219,OAS2,STARD4,0.0095512355
132,203,OAS2,CD33,0.0021334602
132,139,OAS2,CCL3,0.0020312238
132,86,OAS2,METTL7A1,0.0019213422
132,207,OAS2,BLNK,0.0018486399
132,186,OAS2,IL7R,0.0018192771
132,319,OAS2,CD74,0.0018008472
132,63,OAS2,ENG,0.0017898575
132,294,OAS2,TINAGL1,0.0017686445
132,332,OAS2,IPCEF1,0.0017420952
132,417,OAS2,UBA7,0.0017278665
132,172,OAS2,EPSTI1,0.0016742893
132,276,OAS2,H2-Q6,0.0016610632
132,494,OAS2,DUSP5,0.0016029915
545,115,OBSCN,LTB,0.020647116
545,323,OBSCN,SELPLG,0.019583758
545,260,OBSCN,RHOF,0.017745823
545,224,OBSCN,PLSCR4,0.017664475
545,556,OBSCN,ITGB7,0.016453492
545,198,OBSCN,CMAH,0.01599579
545,147,OBSCN,ERP29,0.015757633
545,102,OBSCN,FUT8,0.015504237
545,217,OBSCN,MYCT1,0.015463748
545,400,OBSCN,ANKRD44,0.015437585
545,405,OBSCN,GIMAP8,0.015342857
545,455,OBSCN,SNAP23,0.014951741
545,327,OBSCN,PRIM1,0.014695104
545,174,OBSCN,PPCDC,0.014663103
545,182,OBSCN,STK17B,0.014663103
545,339,OBSCN,KCTD12,0.0145759275
545,169,OBSCN,MCM4,0.014377011
545,210,OBSCN,CDKN1C,0.014078042
545,262,OBSCN,SSH2,0.013931624
545,47,OBSCN,LONP2,0.013575673
545,135,OBSCN,SLBP,0.013433481
545,354,OBSCN,PPP1R15A,0.0134083135
545,409,OBSCN,TMEM206,0.013256312
545,219,OBSCN,STARD4,0.012951123
545,79,OBSCN,MGAT1,0.0129511105
545,497,OBSCN,ATP8B4,0.012920327
545,441,OBSCN,MCM7,0.012735185
545,180,OBSCN,RGS2,0.012616036
545,197,OBSCN,POLA2,0.012491511
545,24,OBSCN,DYNLL1,0.012286642
545,284,OBSCN,ANXA5,0.012227146
545,293,OBSCN,MAML3,0.012119507
545,119,OBSCN,PAG1,0.012000514
545,525,OBSCN,TXNIP,0.011936317
545,123,OBSCN,PAFAH2,0.011907911
545,246,OBSCN,KLF6,0.011297806
545,214,OBSCN,FCHO2,0.01051216
545,203,OBSCN,CD33,0.002045105
545,139,OBSCN,CCL3,0.0019311853
545,207,OBSCN,BLNK,0.001747152
545,86,OBSCN,METTL7A1,0.001746273
545,186,OBSCN,IL7R,0.0017436161
545,294,OBSCN,TINAGL1,0.0017231028
545,419,OBSCN,NCF1,0.0017128002
545,319,OBSCN,CD74,0.0016968295
545,63,OBSCN,ENG,0.0016853645
545,132,OBSCN,OAS2,0.0016397496
545,332,OBSCN,IPCEF1,0.0016376326
545,417,OBSCN,UBA7,0.0016296578
545,267,OBSCN,CLEC12A,0.0016203198
431,115,OBSL1,LTB,0.01624367
431,323,OBSL1,SELPLG,0.015477665
431,260,OBSL1,RHOF,0.013994557
431,224,OBSL1,PLSCR4,0.013966975
431,197,OBSL1,POLA2,0.013047302
431,556,OBSL1,ITGB7,0.012997378
431,102,OBSL1,FUT8,0.01223119
431,400,OBSL1,ANKRD44,0.012204131
431,217,OBSL1,MYCT1,0.012181439
431,405,OBSL1,GIMAP8,0.0121460715
431,455,OBSL1,SNAP23,0.012026582
431,147,OBSL1,ERP29,0.011885939
431,182,OBSL1,STK17B,0.011673766
431,174,OBSL1,PPCDC,0.011586336
431,327,OBSL1,PRIM1,0.01157386
431,339,OBSL1,KCTD12,0.011503225
431,180,OBSL1,RGS2,0.011321934
431,169,OBSL1,MCM4,0.011304855
431,210,OBSL1,CDKN1C,0.010996252
431,262,OBSL1,SSH2,0.010934486
431,47,OBSL1,LONP2,0.010645634
431,135,OBSL1,SLBP,0.01051708
431,525,OBSL1,TXNIP,0.010514025
431,354,OBSL1,PPP1R15A,0.010471581
431,219,OBSL1,STARD4,0.010430759
431,409,OBSL1,TMEM206,0.01037874
431,497,OBSL1,ATP8B4,0.010079686
431,79,OBSL1,MGAT1,0.010065654
431,441,OBSL1,MCM7,0.009929385
431,284,OBSL1,ANXA5,0.009464429
431,119,OBSL1,PAG1,0.009275767
431,123,OBSL1,PAFAH2,0.009179588
431,198,OBSL1,CMAH,0.009059964
431,293,OBSL1,MAML3,0.008881856
431,246,OBSL1,KLF6,0.008661733
431,214,OBSL1,FCHO2,0.0080575505
431,24,OBSL1,DYNLL1,0.0056214356
431,203,OBSL1,CD33,0.001878877
431,139,OBSL1,CCL3,0.0017937945
431,419,OBSL1,NCF1,0.0016811162
431,207,OBSL1,BLNK,0.0016493927
431,86,OBSL1,METTL7A1,0.001646356
431,332,OBSL1,IPCEF1,0.0016176414
431,319,OBSL1,CD74,0.0016094745
431,63,OBSL1,ENG,0.0015994885
431,294,OBSL1,TINAGL1,0.0015796707
431,132,OBSL1,OAS2,0.0015632266
431,417,OBSL1,UBA7,0.0015493924
431,267,OBSL1,CLEC12A,0.0015426882
431,172,OBSL1,EPSTI1,0.0015041478
345,115,OSGIN1,LTB,0.031627383
345,224,OSGIN1,PLSCR4,0.027194077
345,260,OSGIN1,RHOF,0.027167926
345,197,OSGIN1,POLA2,0.025367701
345,556,OSGIN1,ITGB7,0.02520089
345,198,OSGIN1,CMAH,0.024491116
345,102,OSGIN1,FUT8,0.023697563
345,400,OSGIN1,ANKRD44,0.02358485
345,217,OSGIN1,MYCT1,0.023558417
345,405,OSGIN1,GIMAP8,0.02350322
345,327,OSGIN1,PRIM1,0.02297108
345,147,OSGIN1,ERP29,0.022965362
345,455,OSGIN1,SNAP23,0.02285437
345,182,OSGIN1,STK17B,0.02255808
345,339,OSGIN1,KCTD12,0.022276998
345,180,OSGIN1,RGS2,0.02214757
345,169,OSGIN1,MCM4,0.021898665
345,210,OSGIN1,CDKN1C,0.021458978
345,262,OSGIN1,SSH2,0.021200797
345,47,OSGIN1,LONP2,0.020667033
345,135,OSGIN1,SLBP,0.020369872
345,354,OSGIN1,PPP1R15A,0.02035792
345,525,OSGIN1,TXNIP,0.020347023
345,79,OSGIN1,MGAT1,0.019563818
345,219,OSGIN1,STARD4,0.019563818
345,497,OSGIN1,ATP8B4,0.019561011
345,441,OSGIN1,MCM7,0.019310648
345,284,OSGIN1,ANXA5,0.018488478
345,24,OSGIN1,DYNLL1,0.018418498
345,119,OSGIN1,PAG1,0.018113216
345,123,OSGIN1,PAFAH2,0.018087717
345,293,OSGIN1,MAML3,0.017409075
345,246,OSGIN1,KLF6,0.016885774
345,214,OSGIN1,FCHO2,0.015736815
345,323,OSGIN1,SELPLG,0.012011356
345,409,OSGIN1,TMEM206,0.008756743
345,174,OSGIN1,PPCDC,0.0050579607
345,139,OSGIN1,CCL3,0.0025317434
345,207,OSGIN1,BLNK,0.0022707495
345,186,OSGIN1,IL7R,0.0022350834
345,419,OSGIN1,NCF1,0.0022350536
345,319,OSGIN1,CD74,0.002201926
345,63,OSGIN1,ENG,0.0021896418
345,294,OSGIN1,TINAGL1,0.0021572106
345,86,OSGIN1,METTL7A1,0.0021471288
345,332,OSGIN1,IPCEF1,0.0021367152
345,132,OSGIN1,OAS2,0.0021299517
345,417,OSGIN1,UBA7,0.0021054547
345,267,OSGIN1,CLEC12A,0.0020902876
345,172,OSGIN1,EPSTI1,0.0020320138
411,323,OTUB2,SELPLG,0.043606725
411,224,OTUB2,PLSCR4,0.03951794
411,260,OTUB2,RHOF,0.039350633
411,197,OTUB2,POLA2,0.036858458
411,556,OTUB2,ITGB7,0.03663086
411,102,OTUB2,FUT8,0.0344665
411,400,OTUB2,ANKRD44,0.034254204
411,217,OTUB2,MYCT1,0.0342294
411,405,OTUB2,GIMAP8,0.034172975
411,147,OTUB2,ERP29,0.03330899
411,455,OTUB2,SNAP23,0.03326249
411,182,OTUB2,STK17B,0.03256266
411,327,OTUB2,PRIM1,0.032466408
411,339,OTUB2,KCTD12,0.03237757
411,180,OTUB2,RGS2,0.032265298
411,169,OTUB2,MCM4,0.03185621
411,210,OTUB2,CDKN1C,0.031257343
411,262,OTUB2,SSH2,0.030837554
411,47,OTUB2,LONP2,0.0300505
411,354,OTUB2,PPP1R15A,0.029618893
411,135,OTUB2,SLBP,0.02960137
411,525,OTUB2,TXNIP,0.029588271
411,409,OTUB2,TMEM206,0.02931591
411,497,OTUB2,ATP8B4,0.028461337
411,219,OTUB2,STARD4,0.028451819
411,79,OTUB2,MGAT1,0.028451813
411,115,OTUB2,LTB,0.028301079
411,441,OTUB2,MCM7,0.028076727
411,284,OTUB2,ANXA5,0.027099673
411,24,OTUB2,DYNLL1,0.026795618
411,119,OTUB2,PAG1,0.026350167
411,123,OTUB2,PAFAH2,0.026104836
411,293,OTUB2,MAML3,0.025351532
411,246,OTUB2,KLF6,0.024525277
411,214,OTUB2,FCHO2,0.022895616
411,198,OTUB2,CMAH,0.021695709
411,174,OTUB2,PPCDC,0.019895256
411,203,OTUB2,CD33,0.0034920454
411,139,OTUB2,CCL3,0.003116383
411,86,OTUB2,METTL7A1,0.0029199533
411,419,OTUB2,NCF1,0.0028683448
411,186,OTUB2,IL7R,0.0028676426
411,319,OTUB2,CD74,0.0028196012
411,63,OTUB2,ENG,0.0028029962
411,294,OTUB2,TINAGL1,0.0027383794
411,132,OTUB2,OAS2,0.0027230033
411,332,OTUB2,IPCEF1,0.0027147713
411,417,OTUB2,UBA7,0.0026799939
411,267,OTUB2,CLEC12A,0.0026610442
411,172,OTUB2,EPSTI1,0.0025821086
474,115,OTULINL,LTB,0.04899557
474,323,OTULINL,SELPLG,0.04669704
474,224,OTULINL,PLSCR4,0.042291526
474,260,OTULINL,RHOF,0.04218987
474,197,OTULINL,POLA2,0.039482404
474,556,OTULINL,ITGB7,0.039202917
474,198,OTULINL,CMAH,0.038097076
474,102,OTULINL,FUT8,0.036905136
474,217,OTULINL,MYCT1,0.036627125
474,405,OTULINL,GIMAP8,0.036586985
474,147,OTULINL,ERP29,0.035678577
474,455,OTULINL,SNAP23,0.035568573
474,180,OTULINL,RGS2,0.035562873
474,174,OTULINL,PPCDC,0.03485037
474,182,OTULINL,STK17B,0.03485035
474,327,OTULINL,PRIM1,0.034790233
474,339,OTULINL,KCTD12,0.034630388
474,169,OTULINL,MCM4,0.03409017
474,47,OTULINL,LONP2,0.03400275
474,210,OTULINL,CDKN1C,0.033424284
474,262,OTULINL,SSH2,0.03299252
474,135,OTULINL,SLBP,0.03165045
474,525,OTULINL,TXNIP,0.03160749
474,409,OTULINL,TMEM206,0.03139025
474,219,OTULINL,STARD4,0.030416641
474,497,OTULINL,ATP8B4,0.030372163
474,79,OTULINL,MGAT1,0.030335693
474,441,OTULINL,MCM7,0.030011775
474,284,OTULINL,ANXA5,0.028738912
474,24,OTULINL,DYNLL1,0.028627723
474,119,OTULINL,PAG1,0.02813883
474,123,OTULINL,PAFAH2,0.027883548
474,293,OTULINL,MAML3,0.02706224
474,246,OTULINL,KLF6,0.02617597
474,214,OTULINL,FCHO2,0.024400787
474,400,OTULINL,ANKRD44,0.014759161
474,354,OTULINL,PPP1R15A,0.014168183
474,203,OTULINL,CD33,0.003545216
474,139,OTULINL,CCL3,0.003338033
474,86,OTULINL,METTL7A1,0.0029467412
474,207,OTULINL,BLNK,0.0029398482
474,186,OTULINL,IL7R,0.0028981806
474,419,OTULINL,NCF1,0.0028830294
474,319,OTULINL,CD74,0.0028352083
474,63,OTULINL,ENG,0.0028189593
474,294,OTULINL,TINAGL1,0.0027948353
474,132,OTULINL,OAS2,0.0027369654
474,332,OTULINL,IPCEF1,0.002729567
474,267,OTULINL,CLEC12A,0.0026794982
474,172,OTULINL,EPSTI1,0.0025970244
334,115,P2RX1,LTB,0.07258327
334,224,P2RX1,PLSCR4,0.063230015
334,197,P2RX1,POLA2,0.05907566
334,556,P2RX1,ITGB7,0.058572236
334,198,P2RX1,CMAH,0.056989696
334,102,P2RX1,FUT8,0.055254545
334,400,P2RX1,ANKRD44,0.054820843
334,405,P2RX1,GIMAP8,0.05476509
334,217,P2RX1,MYCT1,0.054744408
334,147,P2RX1,ERP29,0.053325754
334,455,P2RX1,SNAP23,0.053246155
334,174,P2RX1,PPCDC,0.052199427
334,182,P2RX1,STK17B,0.052199416
334,339,P2RX1,KCTD12,0.051826812
334,180,P2RX1,RGS2,0.051755544
334,169,P2RX1,MCM4,0.051093437
334,210,P2RX1,CDKN1C,0.050739393
334,262,P2RX1,SSH2,0.049467236
334,47,P2RX1,LONP2,0.048141427
334,525,P2RX1,TXNIP,0.047530636
334,354,P2RX1,PPP1R15A,0.047509115
334,135,P2RX1,SLBP,0.047415793
334,409,P2RX1,TMEM206,0.04701573
334,79,P2RX1,MGAT1,0.045617945
334,219,P2RX1,STARD4,0.045617945
334,497,P2RX1,ATP8B4,0.045505684
334,441,P2RX1,MCM7,0.045024563
334,327,P2RX1,PRIM1,0.044451583
334,284,P2RX1,ANXA5,0.043145258
334,24,P2RX1,DYNLL1,0.042947948
334,119,P2RX1,PAG1,0.042257123
334,123,P2RX1,PAFAH2,0.041861005
334,293,P2RX1,MAML3,0.040651336
334,260,P2RX1,RHOF,0.040437683
334,246,P2RX1,KLF6,0.03924734
334,214,P2RX1,FCHO2,0.036641784
334,323,P2RX1,SELPLG,0.011820042
334,203,P2RX1,CD33,0.004734544
334,139,P2RX1,CCL3,0.0044307983
334,86,P2RX1,METTL7A1,0.0038736206
334,207,P2RX1,BLNK,0.003861019
334,419,P2RX1,NCF1,0.00377621
334,319,P2RX1,CD74,0.0037155538
334,63,P2RX1,ENG,0.0036878914
334,132,P2RX1,OAS2,0.003572009
334,332,P2RX1,IPCEF1,0.0035629966
334,417,P2RX1,UBA7,0.0035219004
334,267,P2RX1,CLEC12A,0.003391024
334,172,P2RX1,EPSTI1,0.0033788292
334,276,P2RX1,H2-Q6,0.0033222763
138,115,P2RY14,LTB,0.02259226
138,323,P2RY14,SELPLG,0.021529894
138,260,P2RY14,RHOF,0.01941972
138,224,P2RY14,PLSCR4,0.019405978
138,197,P2RY14,POLA2,0.018102653
138,556,P2RY14,ITGB7,0.018015312
138,198,P2RY14,CMAH,0.017477594
138,147,P2RY14,ERP29,0.016997583
138,217,P2RY14,MYCT1,0.01697751
138,102,P2RY14,FUT8,0.016943347
138,400,P2RY14,ANKRD44,0.016883843
138,405,P2RY14,GIMAP8,0.016813142
138,455,P2RY14,SNAP23,0.01631677
138,174,P2RY14,PPCDC,0.016039522
138,182,P2RY14,STK17B,0.016039515
138,327,P2RY14,PRIM1,0.016009124
138,339,P2RY14,KCTD12,0.015963675
138,180,P2RY14,RGS2,0.01580272
138,169,P2RY14,MCM4,0.01568026
138,210,P2RY14,CDKN1C,0.015364995
138,262,P2RY14,SSH2,0.015175724
138,47,P2RY14,LONP2,0.014827435
138,135,P2RY14,SLBP,0.014620266
138,525,P2RY14,TXNIP,0.014600802
138,354,P2RY14,PPP1R15A,0.014599519
138,409,P2RY14,TMEM206,0.014466726
138,497,P2RY14,ATP8B4,0.01406479
138,79,P2RY14,MGAT1,0.014043521
138,441,P2RY14,MCM7,0.013870996
138,284,P2RY14,ANXA5,0.013282685
138,24,P2RY14,DYNLL1,0.013232898
138,119,P2RY14,PAG1,0.013020613
138,293,P2RY14,MAML3,0.013008992
138,123,P2RY14,PAFAH2,0.012899631
138,246,P2RY14,KLF6,0.012113001
138,214,P2RY14,FCHO2,0.011183661
138,219,P2RY14,STARD4,0.010407175
138,203,P2RY14,CD33,0.0022306852
138,139,P2RY14,CCL3,0.0021212818
138,86,P2RY14,METTL7A1,0.0020033533
138,207,P2RY14,BLNK,0.0019257235
138,186,P2RY14,IL7R,0.0018939486
138,319,P2RY14,CD74,0.0018746735
138,63,P2RY14,ENG,0.0018627839
138,294,P2RY14,TINAGL1,0.0018403104
138,132,P2RY14,OAS2,0.0018147299
138,332,P2RY14,IPCEF1,0.0018122421
138,417,P2RY14,UBA7,0.0017964519
138,172,P2RY14,EPSTI1,0.0017394198
138,276,P2RY14,H2-Q6,0.0017246766
123,323,PAFAH2,SELPLG,0.10672552
123,260,PAFAH2,RHOF,0.097522974
123,197,PAFAH2,POLA2,0.09236959
123,556,PAFAH2,ITGB7,0.091537304
123,217,PAFAH2,MYCT1,0.090454385
123,102,PAFAH2,FUT8,0.086746536
123,405,PAFAH2,GIMAP8,0.08601776
123,400,PAFAH2,ANKRD44,0.085961185
123,147,PAFAH2,ERP29,0.08361311
123,455,PAFAH2,SNAP23,0.08358961
123,182,PAFAH2,STK17B,0.08224648
123,174,PAFAH2,PPCDC,0.08217576
123,327,PAFAH2,PRIM1,0.081993856
123,180,PAFAH2,RGS2,0.08151535
123,339,PAFAH2,KCTD12,0.08148954
123,224,PAFAH2,PLSCR4,0.081412554
123,262,PAFAH2,SSH2,0.07812546
123,497,PAFAH2,ATP8B4,0.076858364
123,47,PAFAH2,LONP2,0.07603818
123,354,PAFAH2,PPP1R15A,0.07516432
123,135,PAFAH2,SLBP,0.07493178
123,525,PAFAH2,TXNIP,0.074869394
123,409,PAFAH2,TMEM206,0.07434468
123,115,PAFAH2,LTB,0.073686846
123,79,PAFAH2,MGAT1,0.07227895
123,219,PAFAH2,STARD4,0.07227893
123,441,PAFAH2,MCM7,0.07142089
123,24,PAFAH2,DYNLL1,0.0681983
123,119,PAFAH2,PAG1,0.06721616
123,293,PAFAH2,MAML3,0.06477571
123,246,PAFAH2,KLF6,0.06253135
123,214,PAFAH2,FCHO2,0.05858879
123,284,PAFAH2,ANXA5,0.047006223
123,198,PAFAH2,CMAH,0.03904674
123,210,PAFAH2,CDKN1C,0.034634825
123,169,PAFAH2,MCM4,0.014287399
123,203,PAFAH2,CD33,0.0068034967
123,139,PAFAH2,CCL3,0.006044058
123,86,PAFAH2,METTL7A1,0.005589901
123,207,PAFAH2,BLNK,0.0055719274
123,186,PAFAH2,IL7R,0.005497071
123,419,PAFAH2,NCF1,0.00542068
123,319,PAFAH2,CD74,0.0053458367
123,63,PAFAH2,ENG,0.005299891
123,294,PAFAH2,TINAGL1,0.0052610617
123,332,PAFAH2,IPCEF1,0.0051345667
123,132,PAFAH2,OAS2,0.0051242905
123,417,PAFAH2,UBA7,0.005055559
123,267,PAFAH2,CLEC12A,0.005013899
123,172,PAFAH2,EPSTI1,0.0048414473
119,323,PAG1,SELPLG,0.101618454
119,260,PAG1,RHOF,0.092747904
119,197,PAG1,POLA2,0.08775459
119,556,PAG1,ITGB7,0.08697266
119,217,PAG1,MYCT1,0.08593434
119,102,PAG1,FUT8,0.08235942
119,405,PAG1,GIMAP8,0.08166248
119,400,PAG1,ANKRD44,0.081624314
119,147,PAG1,ERP29,0.079374775
119,455,PAG1,SNAP23,0.07933225
119,182,PAG1,STK17B,0.07804718
119,174,PAG1,PPCDC,0.077979915
119,327,PAG1,PRIM1,0.0778091
119,339,PAG1,KCTD12,0.07732988
119,180,PAG1,RGS2,0.07732772
119,224,PAG1,PLSCR4,0.07717603
119,262,PAG1,SSH2,0.07409373
119,497,PAG1,ATP8B4,0.07288659
119,47,PAG1,LONP2,0.0721016
119,354,PAG1,PPP1R15A,0.0712564
119,135,PAG1,SLBP,0.0710489
119,525,PAG1,TXNIP,0.07098431
119,409,PAG1,TMEM206,0.070475526
119,115,PAG1,LTB,0.06968827
119,79,PAG1,MGAT1,0.06850106
119,219,PAG1,STARD4,0.06850106
119,441,PAG1,MCM7,0.067678206
119,24,PAG1,DYNLL1,0.06459876
119,123,PAG1,PAFAH2,0.06307352
119,293,PAG1,MAML3,0.061315272
119,246,PAG1,KLF6,0.05919372
119,214,PAG1,FCHO2,0.05541039
119,284,PAG1,ANXA5,0.04442736
119,198,PAG1,CMAH,0.03690323
119,210,PAG1,CDKN1C,0.032740235
119,169,PAG1,MCM4,0.013491807
119,203,PAG1,CD33,0.006427993
119,139,PAG1,CCL3,0.005711301
119,86,PAG1,METTL7A1,0.0052814567
119,207,PAG1,BLNK,0.0052636927
119,186,PAG1,IL7R,0.005194225
119,419,PAG1,NCF1,0.005122409
119,319,PAG1,CD74,0.005050513
119,63,PAG1,ENG,0.005007606
119,294,PAG1,TINAGL1,0.0049733375
119,332,PAG1,IPCEF1,0.004852455
119,132,PAG1,OAS2,0.0048431843
119,417,PAG1,UBA7,0.004777231
119,267,PAG1,CLEC12A,0.0047389255
119,172,PAG1,EPSTI1,0.0045760577
330,115,PANX1,LTB,0.03479525
330,224,PANX1,PLSCR4,0.029934386
330,197,PANX1,POLA2,0.02790232
330,556,PANX1,ITGB7,0.027728748
330,198,PANX1,CMAH,0.026924308
330,102,PANX1,FUT8,0.026073698
330,400,PANX1,ANKRD44,0.025941297
330,217,PANX1,MYCT1,0.025909651
330,405,PANX1,GIMAP8,0.025851293
330,147,PANX1,ERP29,0.025249172
330,455,PANX1,SNAP23,0.025133962
330,174,PANX1,PPCDC,0.024634704
330,182,PANX1,STK17B,0.024634685
330,339,PANX1,KCTD12,0.024494575
330,180,PANX1,RGS2,0.024360323
330,169,PANX1,MCM4,0.024085073
330,210,PANX1,CDKN1C,0.023887767
330,262,PANX1,SSH2,0.023313304
330,47,PANX1,LONP2,0.022716906
330,525,PANX1,TXNIP,0.022438826
330,135,PANX1,SLBP,0.022389222
330,354,PANX1,PPP1R15A,0.02238092
330,409,PANX1,TMEM206,0.022161024
330,219,PANX1,STARD4,0.021502076
330,79,PANX1,MGAT1,0.021502057
330,497,PANX1,ATP8B4,0.021493545
330,441,PANX1,MCM7,0.02122163
330,327,PANX1,PRIM1,0.021010447
330,284,PANX1,ANXA5,0.020312976
330,260,PANX1,RHOF,0.020266976
330,24,PANX1,DYNLL1,0.020236261
330,119,PANX1,PAG1,0.019898664
330,123,PANX1,PAFAH2,0.019714035
330,293,PANX1,MAML3,0.01912162
330,246,PANX1,KLF6,0.018537125
330,214,PANX1,FCHO2,0.017267805
330,323,PANX1,SELPLG,0.006173516
330,203,PANX1,CD33,0.002813125
330,139,PANX1,CCL3,0.0026592112
330,86,PANX1,METTL7A1,0.0023753785
330,207,PANX1,BLNK,0.0023738153
330,419,PANX1,NCF1,0.0023343917
330,319,PANX1,CD74,0.0023013242
330,63,PANX1,ENG,0.0022862856
330,132,PANX1,OAS2,0.0022226823
330,332,PANX1,IPCEF1,0.0022173654
330,417,PANX1,UBA7,0.002196793
330,267,PANX1,CLEC12A,0.0021276535
330,172,PANX1,EPSTI1,0.0021187137
330,276,PANX1,H2-Q6,0.002095495
204,115,PAQR5,LTB,0.035574976
204,323,PAQR5,SELPLG,0.03386729
204,224,PAQR5,PLSCR4,0.030615812
204,260,PAQR5,RHOF,0.030588629
204,197,PAQR5,POLA2,0.028546613
204,198,PAQR5,CMAH,0.027422005
204,102,PAQR5,FUT8,0.026694793
204,400,PAQR5,ANKRD44,0.026554456
204,217,PAQR5,MYCT1,0.02653593
204,405,PAQR5,GIMAP8,0.02640629
204,147,PAQR5,ERP29,0.025870975
204,455,PAQR5,SNAP23,0.025768578
204,180,PAQR5,RGS2,0.025622096
204,327,PAQR5,PRIM1,0.025186071
204,339,PAQR5,KCTD12,0.025097372
204,169,PAQR5,MCM4,0.024975652
204,210,PAQR5,CDKN1C,0.024202442
204,262,PAQR5,SSH2,0.023889374
204,47,PAQR5,LONP2,0.023284435
204,525,PAQR5,TXNIP,0.02309668
204,135,PAQR5,SLBP,0.02294979
204,354,PAQR5,PPP1R15A,0.022947
204,409,PAQR5,TMEM206,0.022717789
204,219,PAQR5,STARD4,0.022051044
204,79,PAQR5,MGAT1,0.022051033
204,497,PAQR5,ATP8B4,0.022040134
204,441,PAQR5,MCM7,0.021762196
204,284,PAQR5,ANXA5,0.020851748
204,24,PAQR5,DYNLL1,0.020770721
204,119,PAQR5,PAG1,0.020425066
204,123,PAQR5,PAFAH2,0.020234665
204,556,PAQR5,ITGB7,0.019379001
204,246,PAQR5,KLF6,0.019034056
204,214,PAQR5,FCHO2,0.017735137
204,174,PAQR5,PPCDC,0.014537799
204,182,PAQR5,STK17B,0.014537785
204,293,PAQR5,MAML3,0.008876522
204,203,PAQR5,CD33,0.0029451165
204,139,PAQR5,CCL3,0.002788462
204,86,PAQR5,METTL7A1,0.0024880676
204,207,PAQR5,BLNK,0.0024844608
204,419,PAQR5,NCF1,0.002447612
204,186,PAQR5,IL7R,0.0024454216
204,319,PAQR5,CD74,0.0024085257
204,63,PAQR5,ENG,0.0023944927
204,294,PAQR5,TINAGL1,0.0023657503
204,132,PAQR5,OAS2,0.0023296913
204,332,PAQR5,IPCEF1,0.0023228785
204,417,PAQR5,UBA7,0.0022952044
204,172,PAQR5,EPSTI1,0.0022150658
140,115,PARP8,LTB,0.028895102
140,323,PARP8,SELPLG,0.027509362
140,224,PARP8,PLSCR4,0.02482514
140,260,PARP8,RHOF,0.024814349
140,197,PARP8,POLA2,0.023138575
140,556,PARP8,ITGB7,0.023013022
140,198,PARP8,CMAH,0.022339912
140,102,PARP8,FUT8,0.021634934
140,400,PARP8,ANKRD44,0.021542035
140,217,PARP8,MYCT1,0.021514028
140,405,PARP8,GIMAP8,0.021462012
140,147,PARP8,ERP29,0.020979866
140,455,PARP8,SNAP23,0.02086652
140,174,PARP8,PPCDC,0.0204559
140,182,PARP8,STK17B,0.020455886
140,327,PARP8,PRIM1,0.020417504
140,339,PARP8,KCTD12,0.020300861
140,180,PARP8,RGS2,0.020216214
140,169,PARP8,MCM4,0.019972418
140,210,PARP8,CDKN1C,0.019589934
140,262,PARP8,SSH2,0.019361336
140,47,PARP8,LONP2,0.018879984
140,135,PARP8,SLBP,0.018609706
140,354,PARP8,PPP1R15A,0.018592145
140,525,PARP8,TXNIP,0.018586125
140,219,PARP8,STARD4,0.01807966
140,79,PARP8,MGAT1,0.017869197
140,441,PARP8,MCM7,0.017643124
140,284,PARP8,ANXA5,0.0168894
140,24,PARP8,DYNLL1,0.01682116
140,119,PARP8,PAG1,0.016547978
140,123,PARP8,PAFAH2,0.01639518
140,293,PARP8,MAML3,0.015900047
140,246,PARP8,KLF6,0.015435151
140,214,PARP8,FCHO2,0.014287748
140,497,PARP8,ATP8B4,0.01161161
140,409,PARP8,TMEM206,0.007981242
140,203,PARP8,CD33,0.0025175344
140,139,PARP8,CCL3,0.002387666
140,207,PARP8,BLNK,0.0021493807
140,86,PARP8,METTL7A1,0.002149246
140,419,PARP8,NCF1,0.0021175486
140,186,PARP8,IL7R,0.0021157286
140,319,PARP8,CD74,0.0020881828
140,63,PARP8,ENG,0.0020747771
140,132,PARP8,OAS2,0.0020187276
140,332,PARP8,IPCEF1,0.0020152885
140,417,PARP8,UBA7,0.0019955377
140,267,PARP8,CLEC12A,0.001983455
140,325,PARP8,EBI3,0.00191136
236,115,PARVG,LTB,0.040882524
236,323,PARVG,SELPLG,0.038938332
236,224,PARVG,PLSCR4,0.035230353
236,260,PARVG,RHOF,0.035143714
236,197,PARVG,POLA2,0.032834
236,556,PARVG,ITGB7,0.032581042
236,198,PARVG,CMAH,0.031683393
236,102,PARVG,FUT8,0.030684205
236,400,PARVG,ANKRD44,0.030509923
236,217,PARVG,MYCT1,0.030473115
236,147,PARVG,ERP29,0.029689627
236,455,PARVG,SNAP23,0.029571395
236,182,PARVG,STK17B,0.028979992
236,174,PARVG,PPCDC,0.02897702
236,327,PARVG,PRIM1,0.028929347
236,339,PARVG,KCTD12,0.028806228
236,180,PARVG,RGS2,0.028672224
236,169,PARVG,MCM4,0.028337693
236,210,PARVG,CDKN1C,0.02777063
236,262,PARVG,SSH2,0.027425407
236,47,PARVG,LONP2,0.0267147
236,354,PARVG,PPP1R15A,0.026347173
236,525,PARVG,TXNIP,0.026295446
236,135,PARVG,SLBP,0.026159037
236,409,PARVG,TMEM206,0.02606134
236,497,PARVG,ATP8B4,0.025637014
236,79,PARVG,MGAT1,0.025284097
236,219,PARVG,STARD4,0.025284097
236,441,PARVG,MCM7,0.024950942
236,284,PARVG,ANXA5,0.023883242
236,119,PARVG,PAG1,0.02339271
236,123,PARVG,PAFAH2,0.023174537
236,293,PARVG,MAML3,0.02248133
236,246,PARVG,KLF6,0.02177177
236,214,PARVG,FCHO2,0.020281775
236,405,PARVG,GIMAP8,0.006848926
236,24,PARVG,DYNLL1,0.0050317952
236,86,PARVG,METTL7A1,0.0026081011
236,207,PARVG,BLNK,0.0026022012
236,186,PARVG,IL7R,0.002566011
236,419,PARVG,NCF1,0.0025557845
236,139,PARVG,CCL3,0.00253771
236,203,PARVG,CD33,0.0025315892
236,319,PARVG,CD74,0.0025166506
236,63,PARVG,ENG,0.0025003904
236,294,PARVG,TINAGL1,0.0024795153
236,132,PARVG,OAS2,0.0024268127
236,332,PARVG,IPCEF1,0.0024245705
236,417,PARVG,UBA7,0.002394494
236,267,PARVG,CLEC12A,0.0023817194
517,115,PBX1,LTB,0.025136128
517,323,PBX1,SELPLG,0.02393016
517,224,PBX1,PLSCR4,0.021585342
517,197,PBX1,POLA2,0.020124951
517,556,PBX1,ITGB7,0.02002376
517,198,PBX1,CMAH,0.019678226
517,102,PBX1,FUT8,0.019191403
517,400,PBX1,ANKRD44,0.018731542
517,217,PBX1,MYCT1,0.018727692
517,405,PBX1,GIMAP8,0.018678533
517,147,PBX1,ERP29,0.018269587
517,455,PBX1,SNAP23,0.01816134
517,174,PBX1,PPCDC,0.01801928
517,327,PBX1,PRIM1,0.017775852
517,339,PBX1,KCTD12,0.017720737
517,180,PBX1,RGS2,0.017593516
517,169,PBX1,MCM4,0.017408317
517,210,PBX1,CDKN1C,0.01705338
517,262,PBX1,SSH2,0.01686137
517,47,PBX1,LONP2,0.01644897
517,135,PBX1,SLBP,0.016216818
517,525,PBX1,TXNIP,0.01619405
517,354,PBX1,PPP1R15A,0.016176533
517,409,PBX1,TMEM206,0.01604695
517,497,PBX1,ATP8B4,0.015582923
517,219,PBX1,STARD4,0.01557205
517,79,PBX1,MGAT1,0.015572042
517,441,PBX1,MCM7,0.015362377
517,284,PBX1,ANXA5,0.01472375
517,119,PBX1,PAG1,0.0144292815
517,123,PBX1,PAFAH2,0.014297006
517,246,PBX1,KLF6,0.013480661
517,260,PBX1,RHOF,0.012994277
517,214,PBX1,FCHO2,0.01240551
517,293,PBX1,MAML3,0.01191185
517,24,PBX1,DYNLL1,0.008399984
517,182,PBX1,STK17B,0.0042987266
517,203,PBX1,CD33,0.0023323193
517,139,PBX1,CCL3,0.002118619
517,207,PBX1,BLNK,0.0020040704
517,86,PBX1,METTL7A1,0.002003198
517,419,PBX1,NCF1,0.0019749638
517,186,PBX1,IL7R,0.0019730022
517,319,PBX1,CD74,0.0019492472
517,63,PBX1,ENG,0.0019366174
517,294,PBX1,TINAGL1,0.0019138523
517,132,PBX1,OAS2,0.0018872432
517,332,PBX1,IPCEF1,0.0018831043
517,417,PBX1,UBA7,0.0018658068
517,267,PBX1,CLEC12A,0.0018552955
270,115,PDE1B,LTB,0.018719004
270,323,PDE1B,SELPLG,0.017820898
270,224,PDE1B,PLSCR4,0.016065076
270,260,PDE1B,RHOF,0.016045235
270,197,PDE1B,POLA2,0.014986917
270,198,PDE1B,CMAH,0.014481051
270,102,PDE1B,FUT8,0.014020353
270,400,PDE1B,ANKRD44,0.013983139
270,217,PDE1B,MYCT1,0.013964217
270,405,PDE1B,GIMAP8,0.013928965
270,147,PDE1B,ERP29,0.013634597
270,455,PDE1B,SNAP23,0.01353395
270,182,PDE1B,STK17B,0.013384981
270,327,PDE1B,PRIM1,0.013262587
270,339,PDE1B,KCTD12,0.013228298
270,180,PDE1B,RGS2,0.013109433
270,169,PDE1B,MCM4,0.012987441
270,210,PDE1B,CDKN1C,0.012714068
270,262,PDE1B,SSH2,0.012588209
270,47,PDE1B,LONP2,0.012258699
270,525,PDE1B,TXNIP,0.012096802
270,354,PDE1B,PPP1R15A,0.012095445
270,409,PDE1B,TMEM206,0.011993623
270,497,PDE1B,ATP8B4,0.011656883
270,219,PDE1B,STARD4,0.01163744
270,79,PDE1B,MGAT1,0.011637435
270,441,PDE1B,MCM7,0.01150175
270,284,PDE1B,ANXA5,0.010929011
270,24,PDE1B,DYNLL1,0.010927887
270,119,PDE1B,PAG1,0.010720326
270,123,PDE1B,PAFAH2,0.010621052
270,556,PDE1B,ITGB7,0.010528535
270,293,PDE1B,MAML3,0.010255439
270,246,PDE1B,KLF6,0.009991728
270,174,PDE1B,PPCDC,0.009350072
270,214,PDE1B,FCHO2,0.007296192
270,135,PDE1B,SLBP,0.0068434696
270,203,PDE1B,CD33,0.001967898
270,207,PDE1B,BLNK,0.0017150302
270,86,PDE1B,METTL7A1,0.0017061213
270,419,PDE1B,NCF1,0.0016903573
270,186,PDE1B,IL7R,0.0016890366
270,319,PDE1B,CD74,0.0016712506
270,63,PDE1B,ENG,0.0016604806
270,294,PDE1B,TINAGL1,0.0016425116
270,132,PDE1B,OAS2,0.00162291
270,332,PDE1B,IPCEF1,0.0016186938
270,267,PDE1B,CLEC12A,0.0015992298
270,139,PDE1B,CCL3,0.0015662399
270,172,PDE1B,EPSTI1,0.0015578084
389,115,PDGFRB,LTB,0.067111954
389,323,PDGFRB,SELPLG,0.06410396
389,260,PDGFRB,RHOF,0.058009416
389,556,PDGFRB,ITGB7,0.054032605
389,400,PDGFRB,ANKRD44,0.05055643
389,405,PDGFRB,GIMAP8,0.050489474
389,147,PDGFRB,ERP29,0.049168836
389,174,PDGFRB,PPCDC,0.048113793
389,182,PDGFRB,STK17B,0.048113793
389,327,PDGFRB,PRIM1,0.04802138
389,339,PDGFRB,KCTD12,0.047776964
389,180,PDGFRB,RGS2,0.047687322
389,102,PDGFRB,FUT8,0.047195196
389,169,PDGFRB,MCM4,0.047084678
389,210,PDGFRB,CDKN1C,0.04618956
389,262,PDGFRB,SSH2,0.045578767
389,47,PDGFRB,LONP2,0.044360902
389,354,PDGFRB,PPP1R15A,0.043765415
389,135,PDGFRB,SLBP,0.04369184
389,525,PDGFRB,TXNIP,0.04365978
389,219,PDGFRB,STARD4,0.042020325
389,79,PDGFRB,MGAT1,0.042020295
389,497,PDGFRB,ATP8B4,0.041926328
389,441,PDGFRB,MCM7,0.041470233
389,24,PDGFRB,DYNLL1,0.039551187
389,119,PDGFRB,PAG1,0.038940363
389,123,PDGFRB,PAFAH2,0.03854241
389,293,PDGFRB,MAML3,0.03741944
389,217,PDGFRB,MYCT1,0.03718528
389,224,PDGFRB,PLSCR4,0.037165236
389,409,PDGFRB,TMEM206,0.036395047
389,246,PDGFRB,KLF6,0.036140442
389,214,PDGFRB,FCHO2,0.033721123
389,198,PDGFRB,CMAH,0.033102106
389,284,PDGFRB,ANXA5,0.017059673
389,197,PDGFRB,POLA2,0.0093562305
389,455,PDGFRB,SNAP23,0.008453385
389,203,PDGFRB,CD33,0.0044335336
389,139,PDGFRB,CCL3,0.0041561886
389,86,PDGFRB,METTL7A1,0.003639919
389,207,PDGFRB,BLNK,0.003624586
389,419,PDGFRB,NCF1,0.003551864
389,319,PDGFRB,CD74,0.003493765
389,63,PDGFRB,ENG,0.0034643682
389,294,PDGFRB,TINAGL1,0.003440207
389,132,PDGFRB,OAS2,0.0033611949
389,332,PDGFRB,IPCEF1,0.0033525259
389,417,PDGFRB,UBA7,0.0033110187
389,267,PDGFRB,CLEC12A,0.0032863517
389,172,PDGFRB,EPSTI1,0.0031811378
292,115,PDZK1IP1,LTB,0.1299155
292,323,PDZK1IP1,SELPLG,0.1263547
292,224,PDZK1IP1,PLSCR4,0.11519833
292,260,PDZK1IP1,RHOF,0.11393174
292,197,PDZK1IP1,POLA2,0.10808789
292,556,PDZK1IP1,ITGB7,0.10698932
292,198,PDZK1IP1,CMAH,0.10433827
292,102,PDZK1IP1,FUT8,0.10139907
292,405,PDZK1IP1,GIMAP8,0.10049793
292,400,PDZK1IP1,ANKRD44,0.100376174
292,217,PDZK1IP1,MYCT1,0.100198895
292,455,PDZK1IP1,SNAP23,0.09766229
292,147,PDZK1IP1,ERP29,0.09749243
292,210,PDZK1IP1,CDKN1C,0.09598613
292,182,PDZK1IP1,STK17B,0.095984235
292,174,PDZK1IP1,PPCDC,0.095984206
292,327,PDZK1IP1,PRIM1,0.095785126
292,180,PDZK1IP1,RGS2,0.09535179
292,339,PDZK1IP1,KCTD12,0.095084086
292,169,PDZK1IP1,MCM4,0.09412181
292,262,PDZK1IP1,SSH2,0.09114084
292,47,PDZK1IP1,LONP2,0.088709585
292,354,PDZK1IP1,PPP1R15A,0.08781164
292,135,PDZK1IP1,SLBP,0.08738244
292,525,PDZK1IP1,TXNIP,0.08732136
292,409,PDZK1IP1,TMEM206,0.086846106
292,219,PDZK1IP1,STARD4,0.08438486
292,79,PDZK1IP1,MGAT1,0.084384814
292,497,PDZK1IP1,ATP8B4,0.08405581
292,441,PDZK1IP1,MCM7,0.08333358
292,284,PDZK1IP1,ANXA5,0.08004347
292,24,PDZK1IP1,DYNLL1,0.079609305
292,119,PDZK1IP1,PAG1,0.07846373
292,293,PDZK1IP1,MAML3,0.07561665
292,246,PDZK1IP1,KLF6,0.07287969
292,214,PDZK1IP1,FCHO2,0.07012367
292,123,PDZK1IP1,PAFAH2,0.04979686
292,203,PDZK1IP1,CD33,0.0077592474
292,139,PDZK1IP1,CCL3,0.0071933186
292,86,PDZK1IP1,METTL7A1,0.0061920835
292,207,PDZK1IP1,BLNK,0.0061800787
292,186,PDZK1IP1,IL7R,0.0061096246
292,419,PDZK1IP1,NCF1,0.0059870947
292,319,PDZK1IP1,CD74,0.005911002
292,294,PDZK1IP1,TINAGL1,0.0058222087
292,132,PDZK1IP1,OAS2,0.0056439796
292,332,PDZK1IP1,IPCEF1,0.0056366627
292,417,PDZK1IP1,UBA7,0.005577248
292,63,PDZK1IP1,ENG,0.0055358103
292,267,PDZK1IP1,CLEC12A,0.005528072
291,115,PEAR1,LTB,0.034687124
291,323,PEAR1,SELPLG,0.03372468
291,224,PEAR1,PLSCR4,0.029893136
291,260,PEAR1,RHOF,0.029850934
291,197,PEAR1,POLA2,0.027865347
291,556,PEAR1,ITGB7,0.027696216
291,198,PEAR1,CMAH,0.026899282
291,102,PEAR1,FUT8,0.02605179
291,400,PEAR1,ANKRD44,0.025919141
291,217,PEAR1,MYCT1,0.025894642
291,405,PEAR1,GIMAP8,0.025835963
291,147,PEAR1,ERP29,0.02524355
291,455,PEAR1,SNAP23,0.025133962
291,174,PEAR1,PPCDC,0.024619624
291,182,PEAR1,STK17B,0.024619613
291,327,PEAR1,PRIM1,0.02457122
291,339,PEAR1,KCTD12,0.024487358
291,210,PEAR1,CDKN1C,0.024449171
291,180,PEAR1,RGS2,0.024360271
291,169,PEAR1,MCM4,0.024074076
291,262,PEAR1,SSH2,0.02327363
291,47,PEAR1,LONP2,0.022718837
291,135,PEAR1,SLBP,0.022387275
291,354,PEAR1,PPP1R15A,0.022380581
291,525,PEAR1,TXNIP,0.022367924
291,409,PEAR1,TMEM206,0.022159722
291,497,PEAR1,ATP8B4,0.021512203
291,219,PEAR1,STARD4,0.021504555
291,79,PEAR1,MGAT1,0.021504533
291,441,PEAR1,MCM7,0.021224715
291,284,PEAR1,ANXA5,0.020327182
291,24,PEAR1,DYNLL1,0.020247426
291,119,PEAR1,PAG1,0.019911664
291,293,PEAR1,MAML3,0.019143403
291,246,PEAR1,KLF6,0.018554213
291,214,PEAR1,FCHO2,0.017928347
291,123,PEAR1,PAFAH2,0.011853657
291,203,PEAR1,CD33,0.0028583764
291,139,PEAR1,CCL3,0.0027058867
291,207,PEAR1,BLNK,0.0024120891
291,86,PEAR1,METTL7A1,0.0024118493
291,419,PEAR1,NCF1,0.0023758577
291,186,PEAR1,IL7R,0.0023754667
291,319,PEAR1,CD74,0.0023398397
291,294,PEAR1,TINAGL1,0.0023001158
291,132,PEAR1,OAS2,0.0022617888
291,332,PEAR1,IPCEF1,0.0022554563
291,63,PEAR1,ENG,0.0022546023
291,417,PEAR1,UBA7,0.0022308528
291,276,PEAR1,H2-Q6,0.002227969
266,115,PECAM1,LTB,0.053773116
266,323,PECAM1,SELPLG,0.05127226
266,224,PECAM1,PLSCR4,0.046543065
266,260,PECAM1,RHOF,0.04621336
266,197,PECAM1,POLA2,0.043409895
266,198,PECAM1,CMAH,0.04188601
266,102,PECAM1,FUT8,0.040552814
266,400,PECAM1,ANKRD44,0.04027901
266,217,PECAM1,MYCT1,0.04026026
266,405,PECAM1,GIMAP8,0.040231463
266,147,PECAM1,ERP29,0.03922136
266,455,PECAM1,SNAP23,0.03911251
266,182,PECAM1,STK17B,0.03860909
266,327,PECAM1,PRIM1,0.038253497
266,339,PECAM1,KCTD12,0.03807622
266,180,PECAM1,RGS2,0.037960604
266,169,PECAM1,MCM4,0.037490316
266,210,PECAM1,CDKN1C,0.03676586
266,262,PECAM1,SSH2,0.03628498
266,47,PECAM1,LONP2,0.035236545
266,354,PECAM1,PPP1R15A,0.034835808
266,525,PECAM1,TXNIP,0.03477548
266,409,PECAM1,TMEM206,0.034477383
266,219,PECAM1,STARD4,0.033450246
266,79,PECAM1,MGAT1,0.033450235
266,497,PECAM1,ATP8B4,0.03339619
266,441,PECAM1,MCM7,0.03303665
266,284,PECAM1,ANXA5,0.03157109
266,24,PECAM1,DYNLL1,0.0314818
266,119,PECAM1,PAG1,0.030959047
266,123,PECAM1,PAFAH2,0.030668812
266,293,PECAM1,MAML3,0.029768432
266,556,PECAM1,ITGB7,0.029416649
266,246,PECAM1,KLF6,0.028780933
266,174,PECAM1,PPCDC,0.026247567
266,214,PECAM1,FCHO2,0.020831628
266,135,PECAM1,SLBP,0.020230383
266,203,PECAM1,CD33,0.0037865294
266,207,PECAM1,BLNK,0.0031302494
266,86,PECAM1,METTL7A1,0.0031228084
266,186,PECAM1,IL7R,0.0030854002
266,419,PECAM1,NCF1,0.0030707112
266,319,PECAM1,CD74,0.003017839
266,63,PECAM1,ENG,0.0030007716
266,294,PECAM1,TINAGL1,0.0029737754
266,132,PECAM1,OAS2,0.0029166206
266,332,PECAM1,IPCEF1,0.0029042745
266,267,PECAM1,CLEC12A,0.0028482582
266,139,PECAM1,CCL3,0.0027820067
266,172,PECAM1,EPSTI1,0.0027603616
130,115,PF4,LTB,0.02489543
130,323,PF4,SELPLG,0.023700746
130,260,PF4,RHOF,0.021390995
130,224,PF4,PLSCR4,0.02138535
130,102,PF4,FUT8,0.019507539
130,198,PF4,CMAH,0.01926228
130,400,PF4,ANKRD44,0.018586168
130,217,PF4,MYCT1,0.018563833
130,405,PF4,GIMAP8,0.018511787
130,197,PF4,POLA2,0.01827957
130,147,PF4,ERP29,0.018109385
130,455,PF4,SNAP23,0.017976308
130,174,PF4,PPCDC,0.017653698
130,182,PF4,STK17B,0.01765369
130,327,PF4,PRIM1,0.017621253
130,339,PF4,KCTD12,0.017566955
130,180,PF4,RGS2,0.017421544
130,169,PF4,MCM4,0.01725851
130,210,PF4,CDKN1C,0.016911425
130,262,PF4,SSH2,0.016717209
130,354,PF4,PPP1R15A,0.016060608
130,525,PF4,TXNIP,0.016059447
130,135,PF4,SLBP,0.0160391
130,497,PF4,ATP8B4,0.015452892
130,219,PF4,STARD4,0.015444212
130,79,PF4,MGAT1,0.015444205
130,441,PF4,MCM7,0.015251027
130,284,PF4,ANXA5,0.0146061955
130,24,PF4,DYNLL1,0.014548549
130,119,PF4,PAG1,0.014314501
130,123,PF4,PAFAH2,0.014183669
130,293,PF4,MAML3,0.013759153
130,246,PF4,KLF6,0.013367701
130,47,PF4,LONP2,0.012385488
130,214,PF4,FCHO2,0.012344533
130,556,PF4,ITGB7,0.011514654
130,409,PF4,TMEM206,0.0075010965
130,203,PF4,CD33,0.0023462041
130,139,PF4,CCL3,0.0022284533
130,207,PF4,BLNK,0.0020158044
130,419,PF4,NCF1,0.0019864351
130,186,PF4,IL7R,0.0019846815
130,172,PF4,EPSTI1,0.0019747138
130,319,PF4,CD74,0.0019700534
130,63,PF4,ENG,0.0019457762
130,294,PF4,TINAGL1,0.0019238804
130,132,PF4,OAS2,0.0018981437
130,332,PF4,IPCEF1,0.0018939576
130,417,PF4,UBA7,0.0018767767
130,267,PF4,CLEC12A,0.0018658026
164,115,PGR,LTB,0.014166099
164,323,PGR,SELPLG,0.013498511
164,260,PGR,RHOF,0.012206856
164,102,PGR,FUT8,0.01080014
164,400,PGR,ANKRD44,0.0106579745
164,217,PGR,MYCT1,0.010630372
164,405,PGR,GIMAP8,0.0105995685
164,198,PGR,CMAH,0.010361759
164,455,PGR,SNAP23,0.010245226
164,174,PGR,PPCDC,0.010121269
164,182,PGR,STK17B,0.010121259
164,327,PGR,PRIM1,0.010105291
164,339,PGR,KCTD12,0.010066857
164,180,PGR,RGS2,0.009895835
164,169,PGR,MCM4,0.009875266
164,210,PGR,CDKN1C,0.00958725
164,47,PGR,LONP2,0.00930475
164,135,PGR,SLBP,0.009187203
164,525,PGR,TXNIP,0.0091556
164,354,PGR,PPP1R15A,0.009154818
164,497,PGR,ATP8B4,0.008813675
164,219,PGR,STARD4,0.008799515
164,79,PGR,MGAT1,0.00879951
164,441,PGR,MCM7,0.008682727
164,197,PGR,POLA2,0.0085471915
164,284,PGR,ANXA5,0.008296219
164,119,PGR,PAG1,0.00813486
164,293,PGR,MAML3,0.007868294
164,147,PGR,ERP29,0.0077969204
164,246,PGR,KLF6,0.0076694526
164,123,PGR,PAFAH2,0.007523299
164,214,PGR,FCHO2,0.0071950243
164,224,PGR,PLSCR4,0.0058413534
164,556,PGR,ITGB7,0.0055954834
164,262,PGR,SSH2,0.004626915
164,24,PGR,DYNLL1,0.004590962
164,409,PGR,TMEM206,0.0029115954
164,203,PGR,CD33,0.001752985
164,139,PGR,CCL3,0.0016758818
164,207,PGR,BLNK,0.0015486963
164,86,PGR,METTL7A1,0.00154463
164,419,PGR,NCF1,0.0015288804
164,186,PGR,IL7R,0.0015238937
164,319,PGR,CD74,0.001513741
164,63,PGR,ENG,0.001502508
164,294,PGR,TINAGL1,0.0014849855
164,132,PGR,OAS2,0.0014702218
164,332,PGR,IPCEF1,0.0014680373
164,417,PGR,UBA7,0.0014582507
164,172,PGR,EPSTI1,0.0014164849
342,115,PGRMC1,LTB,0.03973883
342,323,PGRMC1,SELPLG,0.037853412
342,224,PGRMC1,PLSCR4,0.034241807
342,197,PGRMC1,POLA2,0.031917024
342,556,PGRMC1,ITGB7,0.031711545
342,102,PGRMC1,FUT8,0.030885905
342,198,PGRMC1,CMAH,0.030802941
342,400,PGRMC1,ANKRD44,0.029666048
342,217,PGRMC1,MYCT1,0.029635057
342,405,PGRMC1,GIMAP8,0.029581463
342,147,PGRMC1,ERP29,0.02887968
342,455,PGRMC1,SNAP23,0.028766109
342,174,PGRMC1,PPCDC,0.028181154
342,182,PGRMC1,STK17B,0.028181136
342,327,PGRMC1,PRIM1,0.028131573
342,339,PGRMC1,KCTD12,0.028018907
342,180,PGRMC1,RGS2,0.027888736
342,169,PGRMC1,MCM4,0.027558306
342,210,PGRMC1,CDKN1C,0.02701518
342,262,PGRMC1,SSH2,0.02667368
342,47,PGRMC1,LONP2,0.025989747
342,354,PGRMC1,PPP1R15A,0.025630068
342,135,PGRMC1,SLBP,0.025607672
342,409,PGRMC1,TMEM206,0.025352405
342,219,PGRMC1,STARD4,0.024599241
342,79,PGRMC1,MGAT1,0.024599234
342,497,PGRMC1,ATP8B4,0.024580952
342,441,PGRMC1,MCM7,0.024275996
342,284,PGRMC1,ANXA5,0.023244642
342,119,PGRMC1,PAG1,0.022824481
342,123,PGRMC1,PAFAH2,0.022554912
342,293,PGRMC1,MAML3,0.02188608
342,246,PGRMC1,KLF6,0.021196255
342,260,PGRMC1,RHOF,0.020325828
342,24,PGRMC1,DYNLL1,0.019833036
342,214,PGRMC1,FCHO2,0.019757481
342,525,PGRMC1,TXNIP,0.011142264
342,203,PGRMC1,CD33,0.0030912962
342,139,PGRMC1,CCL3,0.0029204076
342,86,PGRMC1,METTL7A1,0.0025961564
342,207,PGRMC1,BLNK,0.0025906984
342,186,PGRMC1,IL7R,0.0025517351
342,419,PGRMC1,NCF1,0.0025474315
342,132,PGRMC1,OAS2,0.0025369495
342,319,PGRMC1,CD74,0.0025263666
342,63,PGRMC1,ENG,0.0024927598
342,294,PGRMC1,TINAGL1,0.0024628383
342,332,PGRMC1,IPCEF1,0.0024163257
342,417,PGRMC1,UBA7,0.002387281
342,267,PGRMC1,CLEC12A,0.0023726095
230,115,PIRB,LTB,0.022404669
230,323,PIRB,SELPLG,0.021337112
230,260,PIRB,RHOF,0.019269917
230,197,PIRB,POLA2,0.017961936
230,556,PIRB,ITGB7,0.017879527
230,198,PIRB,CMAH,0.017359626
230,400,PIRB,ANKRD44,0.016762298
230,217,PIRB,MYCT1,0.016740058
230,147,PIRB,ERP29,0.016338626
230,455,PIRB,SNAP23,0.016169848
230,174,PIRB,PPCDC,0.015925271
230,182,PIRB,STK17B,0.015925264
230,327,PIRB,PRIM1,0.015895393
230,339,PIRB,KCTD12,0.015851237
230,180,PIRB,RGS2,0.015669495
230,169,PIRB,MCM4,0.015568828
230,210,PIRB,CDKN1C,0.015239552
230,262,PIRB,SSH2,0.015086608
230,47,PIRB,LONP2,0.014726552
230,135,PIRB,SLBP,0.014523038
230,525,PIRB,TXNIP,0.014502121
230,354,PIRB,PPP1R15A,0.014499593
230,409,PIRB,TMEM206,0.0143694375
230,219,PIRB,STARD4,0.01404508
230,497,PIRB,ATP8B4,0.013973937
230,79,PIRB,MGAT1,0.0139506385
230,441,PIRB,MCM7,0.0137682725
230,284,PIRB,ANXA5,0.01319982
230,24,PIRB,DYNLL1,0.013148146
230,119,PIRB,PAG1,0.012940326
230,123,PIRB,PAFAH2,0.012823616
230,405,PIRB,GIMAP8,0.012580689
230,293,PIRB,MAML3,0.012427969
230,102,PIRB,FUT8,0.012364542
230,246,PIRB,KLF6,0.012088427
230,214,PIRB,FCHO2,0.011150615
230,224,PIRB,PLSCR4,0.008663846
230,203,PIRB,CD33,0.0022386122
230,139,PIRB,CCL3,0.0021289708
230,207,PIRB,BLNK,0.0020575232
230,86,PIRB,METTL7A1,0.0019305806
230,419,PIRB,NCF1,0.0019045633
230,186,PIRB,IL7R,0.0019022117
230,319,PIRB,CD74,0.0018804265
230,63,PIRB,ENG,0.0018688766
230,294,PIRB,TINAGL1,0.0018429671
230,132,PIRB,OAS2,0.0018217849
230,332,PIRB,IPCEF1,0.0018178471
230,417,PIRB,UBA7,0.0018019757
230,172,PIRB,EPSTI1,0.001744805
193,115,PKIB,LTB,0.020809814
193,323,PKIB,SELPLG,0.019810004
193,260,PKIB,RHOF,0.01787164
193,224,PKIB,PLSCR4,0.017852984
193,197,PKIB,POLA2,0.016647983
193,556,PKIB,ITGB7,0.016572408
193,198,PKIB,CMAH,0.016082225
193,102,PKIB,FUT8,0.015577789
193,400,PKIB,ANKRD44,0.015529317
193,217,PKIB,MYCT1,0.015504841
193,147,PKIB,ERP29,0.01513426
193,455,PKIB,SNAP23,0.015014833
193,174,PKIB,PPCDC,0.014748306
193,182,PKIB,STK17B,0.0147310225
193,327,PKIB,PRIM1,0.014717436
193,339,PKIB,KCTD12,0.014679267
193,180,PKIB,RGS2,0.014560265
193,169,PKIB,MCM4,0.014412547
193,210,PKIB,CDKN1C,0.014101563
193,262,PKIB,SSH2,0.013964408
193,47,PKIB,LONP2,0.013630159
193,135,PKIB,SLBP,0.013439782
193,525,PKIB,TXNIP,0.013418618
193,409,PKIB,TMEM206,0.013297929
193,497,PKIB,ATP8B4,0.0129204495
193,79,PKIB,MGAT1,0.012903626
193,219,PKIB,STARD4,0.012903626
193,441,PKIB,MCM7,0.012749179
193,24,PKIB,DYNLL1,0.012134131
193,284,PKIB,ANXA5,0.012129645
193,119,PKIB,PAG1,0.011897778
193,293,PKIB,MAML3,0.011386234
193,246,PKIB,KLF6,0.011079044
193,214,PKIB,FCHO2,0.010212939
193,354,PKIB,PPP1R15A,0.00943227
193,405,PKIB,GIMAP8,0.007116852
193,123,PKIB,PAFAH2,0.0059561604
193,203,PKIB,CD33,0.002090967
193,139,PKIB,CCL3,0.001990598
193,207,PKIB,BLNK,0.0018140493
193,86,PKIB,METTL7A1,0.0018117005
193,419,PKIB,NCF1,0.0017900451
193,186,PKIB,IL7R,0.0017847022
193,319,PKIB,CD74,0.0017675044
193,63,PKIB,ENG,0.0017564202
193,294,PKIB,TINAGL1,0.0017342839
193,132,PKIB,OAS2,0.0017134894
193,332,PKIB,IPCEF1,0.0017099262
193,417,PKIB,UBA7,0.0016950897
193,267,PKIB,CLEC12A,0.0016863365
81,323,PKN3,SELPLG,0.03206155
81,260,PKN3,RHOF,0.028943826
81,197,PKN3,POLA2,0.02702102
81,556,PKN3,ITGB7,0.026857238
81,198,PKN3,CMAH,0.026091285
81,102,PKN3,FUT8,0.025272354
81,400,PKN3,ANKRD44,0.025145462
81,217,PKN3,MYCT1,0.025129639
81,455,PKN3,SNAP23,0.024406405
81,182,PKN3,STK17B,0.023891471
81,174,PKN3,PPCDC,0.023859827
81,327,PKN3,PRIM1,0.023849117
81,339,PKN3,KCTD12,0.023772601
81,180,PKN3,RGS2,0.023654593
81,210,PKN3,CDKN1C,0.022922225
81,115,PKN3,LTB,0.02282437
81,262,PKN3,SSH2,0.022624698
81,409,PKN3,TMEM206,0.022264652
81,47,PKN3,LONP2,0.022009961
81,147,PKN3,ERP29,0.021761114
81,135,PKN3,SLBP,0.02174665
81,525,PKN3,TXNIP,0.021729924
81,354,PKN3,PPP1R15A,0.021710804
81,219,PKN3,STARD4,0.020889979
81,441,PKN3,MCM7,0.020619078
81,284,PKN3,ANXA5,0.019760257
81,24,PKN3,DYNLL1,0.019680452
81,224,PKN3,PLSCR4,0.01957375
81,119,PKN3,PAG1,0.01933408
81,123,PKN3,PAFAH2,0.01917685
81,293,PKN3,MAML3,0.01862031
81,246,PKN3,KLF6,0.01804586
81,214,PKN3,FCHO2,0.016676836
81,169,PKN3,MCM4,0.013651787
81,405,PKN3,GIMAP8,0.010775317
81,497,PKN3,ATP8B4,0.005143221
81,79,PKN3,MGAT1,0.004850662
81,203,PKN3,CD33,0.0028641883
81,139,PKN3,CCL3,0.0027150551
81,86,PKN3,METTL7A1,0.0024282432
81,207,PKN3,BLNK,0.0024255498
81,419,PKN3,NCF1,0.0023930399
81,186,PKN3,IL7R,0.002385738
81,319,PKN3,CD74,0.002354113
81,294,PKN3,TINAGL1,0.002311743
81,63,PKN3,ENG,0.002306954
81,132,PKN3,OAS2,0.0022779286
81,332,PKN3,IPCEF1,0.0022711016
81,417,PKN3,UBA7,0.0022433184
81,267,PKN3,CLEC12A,0.0022291362
118,169,PLAC8,MCM4,0.7926449
118,97,PLAC8,MYC,0.71429557
118,246,PLAC8,KLF6,0.7105279
118,441,PLAC8,MCM7,0.7046144
118,135,PLAC8,SLBP,0.70285743
118,409,PLAC8,TMEM206,0.70034415
118,400,PLAC8,ANKRD44,0.6989498
118,182,PLAC8,STK17B,0.69700354
118,174,PLAC8,PPCDC,0.6968352
118,79,PLAC8,MGAT1,0.6968269
118,219,PLAC8,STARD4,0.6968269
118,327,PLAC8,PRIM1,0.6961986
118,262,PLAC8,SSH2,0.6954627
118,123,PLAC8,PAFAH2,0.69452506
118,556,PLAC8,ITGB7,0.69134706
118,119,PLAC8,PAG1,0.6911957
118,405,PLAC8,GIMAP8,0.6907008
118,354,PLAC8,PPP1R15A,0.68898845
118,47,PLAC8,LONP2,0.6889375
118,24,PLAC8,DYNLL1,0.68683684
118,102,PLAC8,FUT8,0.6846261
118,339,PLAC8,KCTD12,0.68360114
118,525,PLAC8,TXNIP,0.68265104
118,287,PLAC8,CSF3R,0.6799753
118,260,PLAC8,RHOF,0.67638147
118,197,PLAC8,POLA2,0.67586786
118,147,PLAC8,ERP29,0.67325574
118,293,PLAC8,MAML3,0.6691954
118,214,PLAC8,FCHO2,0.6654371
118,497,PLAC8,ATP8B4,0.66370445
118,145,PLAC8,SPI1,0.652831
118,19,PLAC8,UBASH3A,0.6520293
118,323,PLAC8,SELPLG,0.6480545
118,180,PLAC8,RGS2,0.6451739
118,217,PLAC8,MYCT1,0.6432872
118,455,PLAC8,SNAP23,0.64132816
118,404,PLAC8,NHP2,0.6386761
118,283,PLAC8,SAT1,0.63860404
118,225,PLAC8,CDT1,0.6376584
118,555,PLAC8,CKS1B,0.6371941
118,335,PLAC8,SLC22A3,0.6367296
118,228,PLAC8,CCL9,0.6349235
118,84,PLAC8,SLC39A6,0.63354456
118,526,PLAC8,SERP1,0.6321951
118,66,PLAC8,CCR7,0.6320571
118,552,PLAC8,TLR7,0.6320571
118,396,PLAC8,IFI27,0.62943476
118,466,PLAC8,ZFP367,0.62894857
118,224,PLAC8,PLSCR4,0.627787
118,549,PLAC8,SLC26A11,0.62730145
416,323,PLD4,SELPLG,0.026102765
416,224,PLD4,PLSCR4,0.023567155
416,260,PLD4,RHOF,0.023537563
416,197,PLD4,POLA2,0.021980012
416,556,PLD4,ITGB7,0.021875532
416,102,PLD4,FUT8,0.020565223
416,400,PLD4,ANKRD44,0.020476768
416,217,PLD4,MYCT1,0.02046174
416,405,PLD4,GIMAP8,0.020400157
416,147,PLD4,ERP29,0.01992754
416,455,PLD4,SNAP23,0.019810393
416,182,PLD4,STK17B,0.01945371
416,327,PLD4,PRIM1,0.01939697
416,339,PLD4,KCTD12,0.01936252
416,180,PLD4,RGS2,0.019201476
416,169,PLD4,MCM4,0.01902389
416,210,PLD4,CDKN1C,0.018656813
416,262,PLD4,SSH2,0.018425517
416,47,PLD4,LONP2,0.01797849
416,135,PLD4,SLBP,0.017720008
416,525,PLD4,TXNIP,0.017706376
416,354,PLD4,PPP1R15A,0.017705746
416,409,PLD4,TMEM206,0.017535867
416,497,PLD4,ATP8B4,0.01705246
416,219,PLD4,STARD4,0.01702455
416,79,PLD4,MGAT1,0.017024541
416,441,PLD4,MCM7,0.016807688
416,115,PLD4,LTB,0.016735874
416,284,PLD4,ANXA5,0.016217807
416,24,PLD4,DYNLL1,0.01604372
416,119,PLD4,PAG1,0.015782086
416,123,PLD4,PAFAH2,0.015637629
416,293,PLD4,MAML3,0.015136918
416,246,PLD4,KLF6,0.014690445
416,214,PLD4,FCHO2,0.01355984
416,198,PLD4,CMAH,0.012509952
416,174,PLD4,PPCDC,0.011566652
416,203,PLD4,CD33,0.002522638
416,139,PLD4,CCL3,0.0022757591
416,86,PLD4,METTL7A1,0.0021592057
416,419,PLD4,NCF1,0.0021318945
416,186,PLD4,IL7R,0.0021238392
416,319,PLD4,CD74,0.0021006833
416,63,PLD4,ENG,0.002088631
416,294,PLD4,TINAGL1,0.0020351105
416,132,PLD4,OAS2,0.0020333254
416,332,PLD4,IPCEF1,0.0020280464
416,417,PLD4,UBA7,0.0020073585
416,267,PLD4,CLEC12A,0.001994145
416,172,PLD4,EPSTI1,0.0019405845
382,115,PLEK,LTB,0.023794346
382,323,PLEK,SELPLG,0.02266177
382,260,PLEK,RHOF,0.02046107
382,224,PLEK,PLSCR4,0.020447724
382,556,PLEK,ITGB7,0.018997604
382,102,PLEK,FUT8,0.017857509
382,400,PLEK,ANKRD44,0.017792152
382,217,PLEK,MYCT1,0.01777383
382,405,PLEK,GIMAP8,0.017718803
382,147,PLEK,ERP29,0.017344851
382,455,PLEK,SNAP23,0.017168669
382,174,PLEK,PPCDC,0.0169041
382,182,PLEK,STK17B,0.0169041
382,327,PLEK,PRIM1,0.016861394
382,180,PLEK,RGS2,0.01663857
382,169,PLEK,MCM4,0.01652837
382,210,PLEK,CDKN1C,0.01616764
382,262,PLEK,SSH2,0.01601376
382,47,PLEK,LONP2,0.015629888
382,135,PLEK,SLBP,0.0154106915
382,525,PLEK,TXNIP,0.015393161
382,354,PLEK,PPP1R15A,0.015390799
382,409,PLEK,TMEM206,0.015248565
382,219,PLEK,STARD4,0.014787047
382,441,PLEK,MCM7,0.014620924
382,284,PLEK,ANXA5,0.014011253
382,119,PLEK,PAG1,0.013818219
382,123,PLEK,PAFAH2,0.013606762
382,197,PLEK,POLA2,0.013602793
382,293,PLEK,MAML3,0.0131851025
382,246,PLEK,KLF6,0.012813672
382,214,PLEK,FCHO2,0.0118249655
382,497,PLEK,ATP8B4,0.011557049
382,198,PLEK,CMAH,0.0077861156
382,339,PLEK,KCTD12,0.007590161
382,79,PLEK,MGAT1,0.007520426
382,24,PLEK,DYNLL1,0.0063452716
382,203,PLEK,CD33,0.0023354369
382,86,PLEK,METTL7A1,0.002001721
382,419,PLEK,NCF1,0.001975445
382,207,PLEK,BLNK,0.001975399
382,186,PLEK,IL7R,0.001971144
382,319,PLEK,CD74,0.0019490997
382,294,PLEK,TINAGL1,0.0019123172
382,417,PLEK,UBA7,0.0018658752
382,526,PLEK,SERP1,0.001797355
382,276,PLEK,H2-Q6,0.0017906025
382,132,PLEK,OAS2,0.0017646302
382,494,PLEK,DUSP5,0.0017254632
382,243,PLEK,VAMP1,0.0016919981
495,115,PLIN3,LTB,0.045179848
495,260,PLIN3,RHOF,0.038890038
495,224,PLIN3,PLSCR4,0.03880648
495,197,PLIN3,POLA2,0.036401503
495,556,PLIN3,ITGB7,0.036385752
495,217,PLIN3,MYCT1,0.03578668
495,198,PLIN3,CMAH,0.035101507
495,102,PLIN3,FUT8,0.034001734
495,400,PLIN3,ANKRD44,0.033992
495,405,PLIN3,GIMAP8,0.03371257
495,147,PLIN3,ERP29,0.032903697
495,174,PLIN3,PPCDC,0.032118015
495,182,PLIN3,STK17B,0.032118015
495,327,PLIN3,PRIM1,0.032060694
495,180,PLIN3,RGS2,0.031808853
495,169,PLIN3,MCM4,0.031415675
495,262,PLIN3,SSH2,0.030950077
495,210,PLIN3,CDKN1C,0.03081166
495,47,PLIN3,LONP2,0.029625501
495,135,PLIN3,SLBP,0.029207943
495,354,PLIN3,PPP1R15A,0.029198505
495,409,PLIN3,TMEM206,0.02890152
495,79,PLIN3,MGAT1,0.02806866
495,219,PLIN3,STARD4,0.0280445
495,497,PLIN3,ATP8B4,0.028014096
495,441,PLIN3,MCM7,0.027674954
495,284,PLIN3,ANXA5,0.026509423
495,24,PLIN3,DYNLL1,0.026401615
495,119,PLIN3,PAG1,0.025962422
495,123,PLIN3,PAFAH2,0.025719652
495,293,PLIN3,MAML3,0.02496717
495,246,PLIN3,KLF6,0.024159212
495,214,PLIN3,FCHO2,0.022535766
495,525,PLIN3,TXNIP,0.017721808
495,323,PLIN3,SELPLG,0.0075527537
495,339,PLIN3,KCTD12,0.0066528437
495,455,PLIN3,SNAP23,0.006174648
495,203,PLIN3,CD33,0.0034014129
495,139,PLIN3,CCL3,0.0032123376
495,86,PLIN3,METTL7A1,0.0028466578
495,207,PLIN3,BLNK,0.0028407816
495,186,PLIN3,IL7R,0.0027971815
495,419,PLIN3,NCF1,0.002792545
495,319,PLIN3,CD74,0.0027473634
495,63,PLIN3,ENG,0.0027305083
495,294,PLIN3,TINAGL1,0.0027018301
495,332,PLIN3,IPCEF1,0.0026452949
495,417,PLIN3,UBA7,0.00261225
495,267,PLIN3,CLEC12A,0.0025945245
495,172,PLIN3,EPSTI1,0.002517132
156,115,PLPPR3,LTB,0.022924777
156,323,PLPPR3,SELPLG,0.021810716
156,260,PLPPR3,RHOF,0.019661473
156,224,PLPPR3,PLSCR4,0.019650925
156,198,PLPPR3,CMAH,0.017676868
156,400,PLPPR3,ANKRD44,0.01725851
156,217,PLPPR3,MYCT1,0.017025372
156,405,PLPPR3,GIMAP8,0.016987324
156,455,PLPPR3,SNAP23,0.01649239
156,174,PLPPR3,PPCDC,0.016313225
156,182,PLPPR3,STK17B,0.016192166
156,327,PLPPR3,PRIM1,0.01615792
156,339,PLPPR3,KCTD12,0.016106531
156,180,PLPPR3,RGS2,0.01597128
156,169,PLPPR3,MCM4,0.01581762
156,210,PLPPR3,CDKN1C,0.01547794
156,262,PLPPR3,SSH2,0.015319009
156,47,PLPPR3,LONP2,0.0149508
156,135,PLPPR3,SLBP,0.014713917
156,354,PLPPR3,PPP1R15A,0.014705617
156,525,PLPPR3,TXNIP,0.014701942
156,409,PLPPR3,TMEM206,0.01457581
156,497,PLPPR3,ATP8B4,0.014151962
156,79,PLPPR3,MGAT1,0.014135619
156,219,PLPPR3,STARD4,0.014135619
156,441,PLPPR3,MCM7,0.013964296
156,284,PLPPR3,ANXA5,0.013354502
156,24,PLPPR3,DYNLL1,0.013296253
156,102,PLPPR3,FUT8,0.013093047
156,123,PLPPR3,PAFAH2,0.012967701
156,246,PLPPR3,KLF6,0.012218574
156,214,PLPPR3,FCHO2,0.011270961
156,119,PLPPR3,PAG1,0.009571787
156,556,PLPPR3,ITGB7,0.008136599
156,293,PLPPR3,MAML3,0.007894154
156,147,PLPPR3,ERP29,0.0072862874
156,197,PLPPR3,POLA2,0.0040595015
156,203,PLPPR3,CD33,0.002142409
156,139,PLPPR3,CCL3,0.002036388
156,207,PLPPR3,BLNK,0.0018481647
156,86,PLPPR3,METTL7A1,0.0018466373
156,186,PLPPR3,IL7R,0.0018203919
156,294,PLPPR3,TINAGL1,0.0017996295
156,319,PLPPR3,CD74,0.0017975457
156,419,PLPPR3,NCF1,0.0017901405
156,63,PLPPR3,ENG,0.0017850004
156,132,PLPPR3,OAS2,0.0017416982
156,417,PLPPR3,UBA7,0.0017238803
156,267,PLPPR3,CLEC12A,0.0017155012
156,332,PLPPR3,IPCEF1,0.0017040597
224,115,PLSCR4,LTB,0.16272527
224,323,PLSCR4,SELPLG,0.15656158
224,260,PLSCR4,RHOF,0.14444524
224,197,PLSCR4,POLA2,0.13783653
224,556,PLSCR4,ITGB7,0.13716282
224,198,PLSCR4,CMAH,0.13353378
224,400,PLSCR4,ANKRD44,0.13151734
224,102,PLSCR4,FUT8,0.13002259
224,405,PLSCR4,GIMAP8,0.12975107
224,217,PLSCR4,MYCT1,0.12838542
224,339,PLSCR4,KCTD12,0.12800281
224,455,PLSCR4,SNAP23,0.12547104
224,147,PLSCR4,ERP29,0.12532891
224,182,PLSCR4,STK17B,0.12412419
224,180,PLSCR4,RGS2,0.12263163
224,169,PLSCR4,MCM4,0.12139072
224,262,PLSCR4,SSH2,0.11803792
224,47,PLSCR4,LONP2,0.1149209
224,354,PLSCR4,PPP1R15A,0.11380418
224,525,PLSCR4,TXNIP,0.113183394
224,409,PLSCR4,TMEM206,0.11289366
224,219,PLSCR4,STARD4,0.1096807
224,79,PLSCR4,MGAT1,0.109680675
224,497,PLSCR4,ATP8B4,0.109335765
224,119,PLSCR4,PAG1,0.10479178
224,24,PLSCR4,DYNLL1,0.10374717
224,123,PLSCR4,PAFAH2,0.101584524
224,135,PLSCR4,SLBP,0.09977991
224,293,PLSCR4,MAML3,0.09882632
224,246,PLSCR4,KLF6,0.095617115
224,284,PLSCR4,ANXA5,0.09026876
224,214,PLSCR4,FCHO2,0.08986891
224,174,PLSCR4,PPCDC,0.08252926
224,210,PLSCR4,CDKN1C,0.078274794
224,327,PLSCR4,PRIM1,0.054871757
224,441,PLSCR4,MCM7,0.049747564
224,203,PLSCR4,CD33,0.009243278
224,139,PLSCR4,CCL3,0.008742007
224,86,PLSCR4,METTL7A1,0.007408198
224,207,PLSCR4,BLNK,0.0073758005
224,186,PLSCR4,IL7R,0.0073086256
224,419,PLSCR4,NCF1,0.0071193622
224,319,PLSCR4,CD74,0.007049145
224,294,PLSCR4,TINAGL1,0.0069660773
224,132,PLSCR4,OAS2,0.0067286245
224,332,PLSCR4,IPCEF1,0.006724938
224,417,PLSCR4,UBA7,0.006665618
224,267,PLSCR4,CLEC12A,0.006614892
224,172,PLSCR4,EPSTI1,0.006376509
224,276,PLSCR4,H2-Q6,0.006241327
388,115,PLXDC2,LTB,0.047507823
388,323,PLXDC2,SELPLG,0.045314442
388,260,PLXDC2,RHOF,0.04090451
388,556,PLXDC2,ITGB7,0.03800195
388,102,PLXDC2,FUT8,0.03577357
388,400,PLXDC2,ANKRD44,0.035550043
388,405,PLXDC2,GIMAP8,0.035460487
388,147,PLXDC2,ERP29,0.034604937
388,174,PLXDC2,PPCDC,0.033788066
388,182,PLXDC2,STK17B,0.03378806
388,327,PLXDC2,PRIM1,0.03372715
388,339,PLXDC2,KCTD12,0.033584014
388,180,PLXDC2,RGS2,0.033462092
388,169,PLXDC2,MCM4,0.033049393
388,210,PLXDC2,CDKN1C,0.032411154
388,262,PLXDC2,SSH2,0.031987812
388,47,PLXDC2,LONP2,0.031158727
388,354,PLXDC2,PPP1R15A,0.030712659
388,135,PLXDC2,SLBP,0.030694293
388,525,PLXDC2,TXNIP,0.030672487
388,219,PLXDC2,STARD4,0.029495696
388,497,PLXDC2,ATP8B4,0.029459817
388,441,PLXDC2,MCM7,0.029106924
388,119,PLXDC2,PAG1,0.027488736
388,123,PLXDC2,PAFAH2,0.027046312
388,293,PLXDC2,MAML3,0.026252456
388,217,PLXDC2,MYCT1,0.026191752
388,409,PLXDC2,TMEM206,0.025598008
388,224,PLXDC2,PLSCR4,0.025504684
388,246,PLXDC2,KLF6,0.025397565
388,214,PLXDC2,FCHO2,0.023685997
388,198,PLXDC2,CMAH,0.02272976
388,79,PLXDC2,MGAT1,0.013921002
388,284,PLXDC2,ANXA5,0.012235482
388,24,PLXDC2,DYNLL1,0.011493133
388,197,PLXDC2,POLA2,0.0069647813
388,455,PLXDC2,SNAP23,0.006404701
388,203,PLXDC2,CD33,0.003502075
388,86,PLXDC2,METTL7A1,0.0029210835
388,207,PLXDC2,BLNK,0.0029116895
388,186,PLXDC2,IL7R,0.0028706738
388,419,PLXDC2,NCF1,0.0028646798
388,319,PLXDC2,CD74,0.0028169628
388,294,PLXDC2,TINAGL1,0.0027712279
388,332,PLXDC2,IPCEF1,0.0027111976
388,417,PLXDC2,UBA7,0.0026773938
388,267,PLXDC2,CLEC12A,0.002659177
388,276,PLXDC2,H2-Q6,0.0025413323
388,132,PLXDC2,OAS2,0.0025177104
388,494,PLXDC2,DUSP5,0.0024294008
80,497,PLXNA4OS1,ATP8B4,0.7972339
80,441,PLXNA4OS1,MCM7,0.7046144
80,400,PLXNA4OS1,ANKRD44,0.6989498
80,174,PLXNA4OS1,PPCDC,0.69657475
80,97,PLXNA4OS1,MYC,0.6965559
80,409,PLXNA4OS1,TMEM206,0.69574565
80,246,PLXNA4OS1,KLF6,0.6956744
80,556,PLXNA4OS1,ITGB7,0.69134706
80,354,PLXNA4OS1,PPP1R15A,0.6886143
80,135,PLXNA4OS1,SLBP,0.6870753
80,339,PLXNA4OS1,KCTD12,0.68360114
80,79,PLXNA4OS1,MGAT1,0.68342006
80,219,PLXNA4OS1,STARD4,0.68342
80,327,PLXNA4OS1,PRIM1,0.6833597
80,525,PLXNA4OS1,TXNIP,0.68265104
80,182,PLXNA4OS1,STK17B,0.68197984
80,262,PLXNA4OS1,SSH2,0.6816256
80,123,PLXNA4OS1,PAFAH2,0.6805743
80,119,PLXNA4OS1,PAG1,0.6761229
80,169,PLXNA4OS1,MCM4,0.6760583
80,24,PLXNA4OS1,DYNLL1,0.6751977
80,102,PLXNA4OS1,FUT8,0.67222583
80,47,PLXNA4OS1,LONP2,0.67172664
80,416,PLXNA4OS1,PLD4,0.66791683
80,198,PLXNA4OS1,CMAH,0.667172
80,284,PLXNA4OS1,ANXA5,0.665616
80,197,PLXNA4OS1,POLA2,0.6622768
80,217,PLXNA4OS1,MYCT1,0.6621052
80,260,PLXNA4OS1,RHOF,0.6594616
80,293,PLXNA4OS1,MAML3,0.656639
80,147,PLXNA4OS1,ERP29,0.65320796
80,224,PLXNA4OS1,PLSCR4,0.6528447
80,214,PLXNA4OS1,FCHO2,0.64754283
80,455,PLXNA4OS1,SNAP23,0.64132816
80,405,PLXNA4OS1,GIMAP8,0.63944834
80,404,PLXNA4OS1,NHP2,0.6386761
80,555,PLXNA4OS1,CKS1B,0.6374101
80,210,PLXNA4OS1,CDKN1C,0.63702154
80,19,PLXNA4OS1,UBASH3A,0.6368869
80,115,PLXNA4OS1,LTB,0.6329025
80,526,PLXNA4OS1,SERP1,0.6321951
80,552,PLXNA4OS1,TLR7,0.6320571
80,180,PLXNA4OS1,RGS2,0.63182354
80,145,PLXNA4OS1,SPI1,0.6315497
80,323,PLXNA4OS1,SELPLG,0.6303745
80,507,PLXNA4OS1,HMGB2,0.6296954
80,396,PLXNA4OS1,IFI27,0.62943476
80,466,PLXNA4OS1,ZFP367,0.62894857
80,549,PLXNA4OS1,SLC26A11,0.62730145
80,492,PLXNA4OS1,DTL,0.62618077
430,115,PLXNC1,LTB,0.023457184
430,323,PLXNC1,SELPLG,0.022317648
430,260,PLXNC1,RHOF,0.02012306
430,224,PLXNC1,PLSCR4,0.020114409
430,197,PLXNC1,POLA2,0.01874212
430,556,PLXNC1,ITGB7,0.018655714
430,102,PLXNC1,FUT8,0.017522309
430,400,PLXNC1,ANKRD44,0.017464146
430,455,PLXNC1,SNAP23,0.017429968
430,217,PLXNC1,MYCT1,0.017426018
430,405,PLXNC1,GIMAP8,0.017388923
430,147,PLXNC1,ERP29,0.016996691
430,182,PLXNC1,STK17B,0.016696239
430,174,PLXNC1,PPCDC,0.016575921
430,327,PLXNC1,PRIM1,0.016541025
430,339,PLXNC1,KCTD12,0.016470114
430,180,PLXNC1,RGS2,0.016345624
430,169,PLXNC1,MCM4,0.016192295
430,210,PLXNC1,CDKN1C,0.01584096
430,262,PLXNC1,SSH2,0.0156821
430,47,PLXNC1,LONP2,0.01529231
430,525,PLXNC1,TXNIP,0.015100963
430,135,PLXNC1,SLBP,0.015091539
430,354,PLXNC1,PPP1R15A,0.015049462
430,219,PLXNC1,STARD4,0.014988143
430,409,PLXNC1,TMEM206,0.014920962
430,497,PLXNC1,ATP8B4,0.014486183
430,79,PLXNC1,MGAT1,0.014470031
430,441,PLXNC1,MCM7,0.014295527
430,284,PLXNC1,ANXA5,0.013668531
430,119,PLXNC1,PAG1,0.013396826
430,123,PLXNC1,PAFAH2,0.013257889
430,198,PLXNC1,CMAH,0.013084527
430,293,PLXNC1,MAML3,0.012854403
430,246,PLXNC1,KLF6,0.012506519
430,214,PLXNC1,FCHO2,0.011561544
430,24,PLXNC1,DYNLL1,0.007881619
430,203,PLXNC1,CD33,0.0021670042
430,139,PLXNC1,CCL3,0.0020574674
430,419,PLXNC1,NCF1,0.001903328
430,207,PLXNC1,BLNK,0.001866162
430,86,PLXNC1,METTL7A1,0.0018651836
430,332,PLXNC1,IPCEF1,0.0018250515
430,319,PLXNC1,CD74,0.0018138671
430,63,PLXNC1,ENG,0.0018018674
430,294,PLXNC1,TINAGL1,0.0017829626
430,132,PLXNC1,OAS2,0.0017573795
430,417,PLXNC1,UBA7,0.0017401105
430,267,PLXNC1,CLEC12A,0.0017319584
430,172,PLXNC1,EPSTI1,0.0016849249
197,115,POLA2,LTB,0.15579413
197,323,POLA2,SELPLG,0.14983372
197,224,POLA2,PLSCR4,0.13957354
197,260,POLA2,RHOF,0.1380654
197,198,POLA2,CMAH,0.12744656
197,102,POLA2,FUT8,0.12413448
197,400,POLA2,ANKRD44,0.123167686
197,217,POLA2,MYCT1,0.122568846
197,147,POLA2,ERP29,0.11960512
197,455,POLA2,SNAP23,0.11941509
197,174,POLA2,PPCDC,0.11801111
197,182,POLA2,STK17B,0.11785617
197,327,POLA2,PRIM1,0.11772539
197,180,POLA2,RGS2,0.116987094
197,339,POLA2,KCTD12,0.116901025
197,169,POLA2,MCM4,0.11579525
197,210,POLA2,CDKN1C,0.11360271
197,262,POLA2,SSH2,0.11256132
197,47,POLA2,LONP2,0.10959116
197,525,POLA2,TXNIP,0.10874265
197,135,POLA2,SLBP,0.10810562
197,409,POLA2,TMEM206,0.10751995
197,219,POLA2,STARD4,0.10453937
197,79,POLA2,MGAT1,0.10453935
197,497,POLA2,ATP8B4,0.104131855
197,441,POLA2,MCM7,0.10342916
197,284,POLA2,ANXA5,0.09930297
197,24,POLA2,DYNLL1,0.09886349
197,119,POLA2,PAG1,0.09761432
197,293,POLA2,MAML3,0.09415889
197,556,POLA2,ITGB7,0.09333292
197,246,POLA2,KLF6,0.09105062
197,214,POLA2,FCHO2,0.085523784
197,354,POLA2,PPP1R15A,0.07748004
197,405,POLA2,GIMAP8,0.05490593
197,123,POLA2,PAFAH2,0.042951465
197,203,POLA2,CD33,0.009074394
197,139,POLA2,CCL3,0.008412027
197,86,POLA2,METTL7A1,0.0072813183
197,207,POLA2,BLNK,0.007252169
197,186,POLA2,IL7R,0.007178214
197,419,POLA2,NCF1,0.007007447
197,319,POLA2,CD74,0.0069348803
197,63,POLA2,ENG,0.0068587903
197,294,POLA2,TINAGL1,0.00684522
197,132,POLA2,OAS2,0.0066241724
197,332,POLA2,IPCEF1,0.0066191633
197,417,POLA2,UBA7,0.006557688
197,267,POLA2,CLEC12A,0.006505909
197,172,POLA2,EPSTI1,0.0062739355
174,115,PPCDC,LTB,0.11193027
174,323,PPCDC,SELPLG,0.10727964
174,224,PPCDC,PLSCR4,0.098958805
174,260,PPCDC,RHOF,0.09806294
174,197,PPCDC,POLA2,0.09505332
174,556,PPCDC,ITGB7,0.09215141
174,198,PPCDC,CMAH,0.089784764
174,102,PPCDC,FUT8,0.08725364
174,400,PPCDC,ANKRD44,0.08646985
174,217,PPCDC,MYCT1,0.08633828
174,147,PPCDC,ERP29,0.08410366
174,455,PPCDC,SNAP23,0.08406679
174,327,PPCDC,PRIM1,0.0824888
174,180,PPCDC,RGS2,0.081993245
174,339,PPCDC,KCTD12,0.08197654
174,169,PPCDC,MCM4,0.0811073
174,47,PPCDC,LONP2,0.08063919
174,210,PPCDC,CDKN1C,0.079610296
174,262,PPCDC,SSH2,0.07860551
174,182,PPCDC,STK17B,0.07638612
174,354,PPCDC,PPP1R15A,0.075632066
174,135,PPCDC,SLBP,0.075469725
174,525,PPCDC,TXNIP,0.07533343
174,409,PPCDC,TMEM206,0.074887976
174,219,PPCDC,STARD4,0.07354363
174,79,PPCDC,MGAT1,0.07273822
174,497,PPCDC,ATP8B4,0.07249105
174,441,PPCDC,MCM7,0.07187677
174,284,PPCDC,ANXA5,0.06901529
174,24,PPCDC,DYNLL1,0.06864023
174,119,PPCDC,PAG1,0.06765116
174,123,PPCDC,PAFAH2,0.06698386
174,293,PPCDC,MAML3,0.06519819
174,246,PPCDC,KLF6,0.06295282
174,214,PPCDC,FCHO2,0.058983367
174,405,PPCDC,GIMAP8,0.037469268
174,203,PPCDC,CD33,0.006907684
174,139,PPCDC,CCL3,0.0064367424
174,86,PPCDC,METTL7A1,0.0055993157
174,207,PPCDC,BLNK,0.0055809203
174,294,PPCDC,TINAGL1,0.00553805
174,186,PPCDC,IL7R,0.005507054
174,419,PPCDC,NCF1,0.0054322635
174,319,PPCDC,CD74,0.0053604534
174,63,PPCDC,ENG,0.0053079487
174,332,PPCDC,IPCEF1,0.005140523
174,132,PPCDC,OAS2,0.0051321946
174,267,PPCDC,CLEC12A,0.0050223744
174,172,PPCDC,EPSTI1,0.0048518246
174,276,PPCDC,H2-Q6,0.0047672093
222,115,PPIC,LTB,0.06283974
222,323,PPIC,SELPLG,0.05989422
222,224,PPIC,PLSCR4,0.05449727
222,260,PPIC,RHOF,0.05420611
222,197,PPIC,POLA2,0.05085557
222,556,PPIC,ITGB7,0.05045922
222,198,PPIC,CMAH,0.049080737
222,400,PPIC,ANKRD44,0.047787517
222,102,PPIC,FUT8,0.047552172
222,405,PPIC,GIMAP8,0.047180813
222,217,PPIC,MYCT1,0.047140185
222,339,PPIC,KCTD12,0.047002263
222,147,PPIC,ERP29,0.04591141
222,455,PPIC,SNAP23,0.04589052
222,182,PPIC,STK17B,0.04490501
222,180,PPIC,RGS2,0.04450797
222,169,PPIC,MCM4,0.043940432
222,262,PPIC,SSH2,0.042529717
222,47,PPIC,LONP2,0.04139186
222,354,PPIC,PPP1R15A,0.040832054
222,525,PPIC,TXNIP,0.040738232
222,409,PPIC,TMEM206,0.04040747
222,219,PPIC,STARD4,0.039204076
222,79,PPIC,MGAT1,0.03920406
222,497,PPIC,ATP8B4,0.03911939
222,119,PPIC,PAG1,0.03715816
222,24,PPIC,DYNLL1,0.036897533
222,123,PPIC,PAFAH2,0.035947427
222,293,PPIC,MAML3,0.03489524
222,135,PPIC,SLBP,0.034215767
222,246,PPIC,KLF6,0.033711065
222,284,PPIC,ANXA5,0.031758476
222,214,PPIC,FCHO2,0.0314612
222,174,PPIC,PPCDC,0.03051994
222,210,PPIC,CDKN1C,0.028741792
222,327,PPIC,PRIM1,0.01980071
222,441,PPIC,MCM7,0.017813522
222,203,PPIC,CD33,0.004197818
222,139,PPIC,CCL3,0.0040122345
222,86,PPIC,METTL7A1,0.00345386
222,207,PPIC,BLNK,0.0034424132
222,186,PPIC,IL7R,0.0033971563
222,419,PPIC,NCF1,0.0033684303
222,319,PPIC,CD74,0.0033152497
222,294,PPIC,TINAGL1,0.0032667555
222,132,PPIC,OAS2,0.00319054
222,332,PPIC,IPCEF1,0.0031823853
222,417,PPIC,UBA7,0.0031441108
222,267,PPIC,CLEC12A,0.0031210778
222,172,PPIC,EPSTI1,0.0030219334
347,115,PPM1G,LTB,0.06126669
347,224,PPM1G,PLSCR4,0.053190272
347,260,PPM1G,RHOF,0.05292224
347,197,PPM1G,POLA2,0.049692072
347,556,PPM1G,ITGB7,0.04926464
347,198,PPM1G,CMAH,0.047959704
347,102,PPM1G,FUT8,0.046440322
347,400,PPM1G,ANKRD44,0.046104416
347,217,PPM1G,MYCT1,0.046056125
347,405,PPM1G,GIMAP8,0.046039283
347,327,PPM1G,PRIM1,0.045002874
347,147,PPM1G,ERP29,0.044875816
347,455,PPM1G,SNAP23,0.044783555
347,182,PPM1G,STK17B,0.044159085
347,339,PPM1G,KCTD12,0.043584038
347,180,PPM1G,RGS2,0.043493062
347,169,PPM1G,MCM4,0.042932663
347,210,PPM1G,CDKN1C,0.042131763
347,262,PPM1G,SSH2,0.04156187
347,47,PPM1G,LONP2,0.04047064
347,354,PPM1G,PPP1R15A,0.03991804
347,135,PPM1G,SLBP,0.03985971
347,525,PPM1G,TXNIP,0.039839935
347,79,PPM1G,MGAT1,0.03833412
347,219,PPM1G,STARD4,0.03833412
347,497,PPM1G,ATP8B4,0.0382586
347,441,PPM1G,MCM7,0.03783075
347,284,PPM1G,ANXA5,0.03625538
347,24,PPM1G,DYNLL1,0.036096584
347,119,PPM1G,PAG1,0.035506558
347,123,PPM1G,PAFAH2,0.03546528
347,293,PPM1G,MAML3,0.03416164
347,246,PPM1G,KLF6,0.03300253
347,214,PPM1G,FCHO2,0.030814819
347,323,PPM1G,SELPLG,0.022627532
347,409,PPM1G,TMEM206,0.016452026
347,174,PPM1G,PPCDC,0.008489256
347,139,PPM1G,CCL3,0.00398813
347,207,PPM1G,BLNK,0.003496525
347,186,PPM1G,IL7R,0.003441368
347,419,PPM1G,NCF1,0.0034298287
347,319,PPM1G,CD74,0.0033688836
347,63,PPM1G,ENG,0.0033499077
347,294,PPM1G,TINAGL1,0.0033102948
347,86,PPM1G,METTL7A1,0.0032909627
347,332,PPM1G,IPCEF1,0.0032633196
347,132,PPM1G,OAS2,0.0032482368
347,417,PPM1G,UBA7,0.0032006467
347,267,PPM1G,CLEC12A,0.0031733827
347,172,PPM1G,EPSTI1,0.0030743175
354,115,PPP1R15A,LTB,0.119829044
354,323,PPP1R15A,SELPLG,0.1149105
354,224,PPP1R15A,PLSCR4,0.10618242
354,260,PPP1R15A,RHOF,0.10517988
354,197,PPP1R15A,POLA2,0.0997459
354,556,PPP1R15A,ITGB7,0.09885354
354,198,PPP1R15A,CMAH,0.096427925
354,405,PPP1R15A,GIMAP8,0.092951894
354,400,PPP1R15A,ANKRD44,0.09289603
354,217,PPP1R15A,MYCT1,0.09259383
354,455,PPP1R15A,SNAP23,0.090293296
354,182,PPP1R15A,STK17B,0.088863485
354,327,PPP1R15A,PRIM1,0.08854433
354,180,PPP1R15A,RGS2,0.08810771
354,339,PPP1R15A,KCTD12,0.087944336
354,169,PPP1R15A,MCM4,0.0871082
354,210,PPP1R15A,CDKN1C,0.08553408
354,262,PPP1R15A,SSH2,0.084529616
354,47,PPP1R15A,LONP2,0.08226688
354,147,PPP1R15A,ERP29,0.08160716
354,135,PPP1R15A,SLBP,0.08109178
354,525,PPP1R15A,TXNIP,0.081000715
354,79,PPP1R15A,MGAT1,0.07825197
354,497,PPP1R15A,ATP8B4,0.07798007
354,284,PPP1R15A,ANXA5,0.07426611
354,24,PPP1R15A,DYNLL1,0.073853634
354,119,PPP1R15A,PAG1,0.07281569
354,123,PPP1R15A,PAFAH2,0.07216318
354,293,PPP1R15A,MAML3,0.07016846
354,246,PPP1R15A,KLF6,0.06777405
354,441,PPP1R15A,MCM7,0.06656015
354,214,PPP1R15A,FCHO2,0.06350354
354,174,PPP1R15A,PPCDC,0.059386976
354,409,PPP1R15A,TMEM206,0.03568126
354,102,PPP1R15A,FUT8,0.034379613
354,219,PPP1R15A,STARD4,0.014943133
354,139,PPP1R15A,CCL3,0.0073609077
354,203,PPP1R15A,CD33,0.007208791
354,332,PPP1R15A,IPCEF1,0.005874153
354,86,PPP1R15A,METTL7A1,0.0058278725
354,207,PPP1R15A,BLNK,0.005807296
354,186,PPP1R15A,IL7R,0.005735068
354,419,PPP1R15A,NCF1,0.0056634573
354,319,PPP1R15A,CD74,0.005568982
354,63,PPP1R15A,ENG,0.0055154874
354,294,PPP1R15A,TINAGL1,0.005484856
354,132,PPP1R15A,OAS2,0.0053325896
354,417,PPP1R15A,UBA7,0.005264664
354,267,PPP1R15A,CLEC12A,0.0052225203
354,172,PPP1R15A,EPSTI1,0.005042636
188,115,PRDM16,LTB,0.028715229
188,323,PRDM16,SELPLG,0.027362728
188,260,PRDM16,RHOF,0.024695875
188,224,PRDM16,PLSCR4,0.024674749
188,197,PRDM16,POLA2,0.023020916
188,556,PRDM16,ITGB7,0.022909014
188,400,PRDM16,ANKRD44,0.021479625
188,217,PRDM16,MYCT1,0.021465048
188,405,PRDM16,GIMAP8,0.02138933
188,147,PRDM16,ERP29,0.020909153
188,182,PRDM16,STK17B,0.020399949
188,327,PRDM16,PRIM1,0.020365119
188,339,PRDM16,KCTD12,0.020314675
188,180,PRDM16,RGS2,0.020126574
188,169,PRDM16,MCM4,0.019957311
188,102,PRDM16,FUT8,0.019953787
188,210,PRDM16,CDKN1C,0.019577364
188,262,PRDM16,SSH2,0.019329524
188,174,PRDM16,PPCDC,0.018714577
188,135,PRDM16,SLBP,0.01859073
188,354,PRDM16,PPP1R15A,0.018583637
188,409,PRDM16,TMEM206,0.018412322
188,79,PRDM16,MGAT1,0.01786923
188,497,PRDM16,ATP8B4,0.017869161
188,441,PRDM16,MCM7,0.017606022
188,284,PRDM16,ANXA5,0.016801387
188,24,PRDM16,DYNLL1,0.016788488
188,119,PRDM16,PAG1,0.016444473
188,123,PRDM16,PAFAH2,0.016289255
188,293,PRDM16,MAML3,0.015776156
188,219,PRDM16,STARD4,0.015498123
188,455,PRDM16,SNAP23,0.015420359
188,246,PRDM16,KLF6,0.015304558
188,214,PRDM16,FCHO2,0.014152646
188,525,PRDM16,TXNIP,0.010254596
188,198,PRDM16,CMAH,0.004756035
188,47,PRDM16,LONP2,0.0046182554
188,203,PRDM16,CD33,0.0026788611
188,139,PRDM16,CCL3,0.0025472075
188,86,PRDM16,METTL7A1,0.002289432
188,419,PRDM16,NCF1,0.0022645956
188,186,PRDM16,IL7R,0.0022442834
188,319,PRDM16,CD74,0.0022258891
188,63,PRDM16,ENG,0.0022135149
188,294,PRDM16,TINAGL1,0.0021808832
188,332,PRDM16,IPCEF1,0.0021500804
188,207,PRDM16,BLNK,0.0021496867
188,417,PRDM16,UBA7,0.002123248
188,267,PRDM16,CLEC12A,0.0021101797
188,132,PRDM16,OAS2,0.0020922667
327,115,PRIM1,LTB,0.16528502
327,323,PRIM1,SELPLG,0.15909329
327,224,PRIM1,PLSCR4,0.14849375
327,260,PRIM1,RHOF,0.14682966
327,197,PRIM1,POLA2,0.14019959
327,556,PRIM1,ITGB7,0.13924679
327,198,PRIM1,CMAH,0.1357847
327,102,PRIM1,FUT8,0.13171741
327,405,PRIM1,GIMAP8,0.13162301
327,400,PRIM1,ANKRD44,0.13158408
327,217,PRIM1,MYCT1,0.13062614
327,455,PRIM1,SNAP23,0.12752438
327,147,PRIM1,ERP29,0.12750785
327,174,PRIM1,PPCDC,0.12609462
327,182,PRIM1,STK17B,0.12609458
327,180,PRIM1,RGS2,0.1248349
327,169,PRIM1,MCM4,0.12356013
327,210,PRIM1,CDKN1C,0.121418335
327,47,PRIM1,LONP2,0.11701348
327,354,PRIM1,PPP1R15A,0.11588847
327,135,PRIM1,SLBP,0.11543726
327,525,PRIM1,TXNIP,0.11526114
327,409,PRIM1,TMEM206,0.114848666
327,219,PRIM1,STARD4,0.11169858
327,79,PRIM1,MGAT1,0.11169853
327,497,PRIM1,ATP8B4,0.11124533
327,284,PRIM1,ANXA5,0.106349684
327,119,PRIM1,PAG1,0.10440728
327,123,PRIM1,PAFAH2,0.10351444
327,293,PRIM1,MAML3,0.100761235
327,246,PRIM1,KLF6,0.09163566
327,214,PRIM1,FCHO2,0.09117742
327,339,PRIM1,KCTD12,0.08262083
327,262,PRIM1,SSH2,0.0796979
327,24,PRIM1,DYNLL1,0.07055523
327,441,PRIM1,MCM7,0.02109122
327,203,PRIM1,CD33,0.009734978
327,86,PRIM1,METTL7A1,0.007800329
327,207,PRIM1,BLNK,0.007769574
327,186,PRIM1,IL7R,0.0076885317
327,419,PRIM1,NCF1,0.007492656
327,319,PRIM1,CD74,0.007428264
327,294,PRIM1,TINAGL1,0.00735135
327,63,PRIM1,ENG,0.007342705
327,132,PRIM1,OAS2,0.007196561
327,139,PRIM1,CCL3,0.0071486253
327,332,PRIM1,IPCEF1,0.007084363
327,417,PRIM1,UBA7,0.00702147
327,267,PRIM1,CLEC12A,0.00695897
327,172,PRIM1,EPSTI1,0.006715128
397,115,PRKCH,LTB,0.028301096
397,323,PRKCH,SELPLG,0.026944028
397,260,PRKCH,RHOF,0.024319768
397,197,PRKCH,POLA2,0.02266162
397,556,PRKCH,ITGB7,0.022540055
397,198,PRKCH,CMAH,0.021880554
397,102,PRKCH,FUT8,0.021190409
397,400,PRKCH,ANKRD44,0.02110124
397,217,PRKCH,MYCT1,0.021073818
397,405,PRKCH,GIMAP8,0.02102188
397,147,PRKCH,ERP29,0.020552535
397,455,PRKCH,SNAP23,0.020439927
397,174,PRKCH,PPCDC,0.020037716
397,182,PRKCH,STK17B,0.02003771
397,327,PRKCH,PRIM1,0.019975208
397,339,PRKCH,KCTD12,0.019934442
397,180,PRKCH,RGS2,0.019802233
397,169,PRKCH,MCM4,0.0195865
397,210,PRKCH,CDKN1C,0.019189676
397,262,PRKCH,SSH2,0.018966269
397,47,PRKCH,LONP2,0.018496523
397,135,PRKCH,SLBP,0.018231992
397,354,PRKCH,PPP1R15A,0.018213736
397,224,PRKCH,PLSCR4,0.017748266
397,497,PRKCH,ATP8B4,0.017706275
397,79,PRKCH,MGAT1,0.017506441
397,219,PRKCH,STARD4,0.017484212
397,441,PRKCH,MCM7,0.017285872
397,284,PRKCH,ANXA5,0.01654526
397,24,PRKCH,DYNLL1,0.016480545
397,525,PRKCH,TXNIP,0.016471287
397,119,PRKCH,PAG1,0.016213965
397,123,PRKCH,PAFAH2,0.016064344
397,246,PRKCH,KLF6,0.015126032
397,214,PRKCH,FCHO2,0.013972821
397,409,PRKCH,TMEM206,0.012991507
397,293,PRKCH,MAML3,0.009689845
397,203,PRKCH,CD33,0.0023734674
397,139,PRKCH,CCL3,0.002256332
397,207,PRKCH,BLNK,0.0021281475
397,86,PRKCH,METTL7A1,0.0021278204
397,419,PRKCH,NCF1,0.0020971557
397,186,PRKCH,IL7R,0.0020913123
397,63,PRKCH,ENG,0.0020548657
397,294,PRKCH,TINAGL1,0.0020298935
397,132,PRKCH,OAS2,0.0020155397
397,332,PRKCH,IPCEF1,0.0019962708
397,417,PRKCH,UBA7,0.0019753529
397,267,PRKCH,CLEC12A,0.0019648457
397,319,PRKCH,CD74,0.0019421366
199,115,PRNP,LTB,0.043443814
199,323,PRNP,SELPLG,0.04136518
199,224,PRNP,PLSCR4,0.03745155
199,260,PRNP,RHOF,0.03737227
199,197,PRNP,POLA2,0.034913827
199,198,PRNP,CMAH,0.033522077
199,102,PRNP,FUT8,0.032634515
199,400,PRNP,ANKRD44,0.03244169
199,217,PRNP,MYCT1,0.032408185
199,405,PRNP,GIMAP8,0.03227422
199,147,PRNP,ERP29,0.031580195
199,180,PRNP,RGS2,0.031481724
199,455,PRNP,SNAP23,0.031467225
199,327,PRNP,PRIM1,0.03076983
199,339,PRNP,KCTD12,0.030643042
199,169,PRNP,MCM4,0.030516405
199,210,PRNP,CDKN1C,0.029558022
199,262,PRNP,SSH2,0.02917819
199,47,PRNP,LONP2,0.028417347
199,525,PRNP,TXNIP,0.028185206
199,354,PRNP,PPP1R15A,0.02801368
199,135,PRNP,SLBP,0.0280049
199,409,PRNP,TMEM206,0.02773051
199,79,PRNP,MGAT1,0.026905937
199,219,PRNP,STARD4,0.026905937
199,497,PRNP,ATP8B4,0.026879832
199,441,PRNP,MCM7,0.026551655
199,284,PRNP,ANXA5,0.025426317
199,24,PRNP,DYNLL1,0.025324637
199,119,PRNP,PAG1,0.024902381
199,123,PRNP,PAFAH2,0.02466836
199,556,PRNP,ITGB7,0.023634154
199,246,PRNP,KLF6,0.02317431
199,214,PRNP,FCHO2,0.021605922
199,174,PRNP,PPCDC,0.018084405
199,182,PRNP,STK17B,0.018084405
199,293,PRNP,MAML3,0.010511832
199,203,PRNP,CD33,0.0032840928
199,139,PRNP,CCL3,0.0030993726
199,86,PRNP,METTL7A1,0.002748568
199,207,PRNP,BLNK,0.0027427385
199,186,PRNP,IL7R,0.0027019368
199,419,PRNP,NCF1,0.0026961942
199,319,PRNP,CD74,0.00265272
199,63,PRNP,ENG,0.0026361484
199,294,PRNP,TINAGL1,0.002606587
199,132,PRNP,OAS2,0.0025620966
199,332,PRNP,IPCEF1,0.0025548523
199,417,PRNP,UBA7,0.0025236846
199,172,PRNP,EPSTI1,0.0024325496
231,115,PROCR,LTB,0.0060007283
231,323,PROCR,SELPLG,0.005763989
231,260,PROCR,RHOF,0.005326995
231,197,PROCR,POLA2,0.005035289
231,556,PROCR,ITGB7,0.0050151404
231,198,PROCR,CMAH,0.0049135773
231,400,PROCR,ANKRD44,0.004811346
231,217,PROCR,MYCT1,0.004808532
231,147,PROCR,ERP29,0.0047231503
231,327,PROCR,PRIM1,0.004665849
231,455,PROCR,SNAP23,0.0046605547
231,174,PROCR,PPCDC,0.0046571256
231,182,PROCR,STK17B,0.0046571256
231,339,PROCR,KCTD12,0.004631017
231,169,PROCR,MCM4,0.0045982464
231,180,PROCR,RGS2,0.004563031
231,262,PROCR,SSH2,0.004515304
231,210,PROCR,CDKN1C,0.0044898656
231,47,PROCR,LONP2,0.0044256356
231,135,PROCR,SLBP,0.00440729
231,354,PROCR,PPP1R15A,0.004394979
231,525,PROCR,TXNIP,0.0043933582
231,409,PROCR,TMEM206,0.0043612015
231,219,PROCR,STARD4,0.0043215705
231,79,PROCR,MGAT1,0.004298641
231,497,PROCR,ATP8B4,0.004291106
231,441,PROCR,MCM7,0.0042463085
231,24,PROCR,DYNLL1,0.00414387
231,102,PROCR,FUT8,0.0041346475
231,284,PROCR,ANXA5,0.0041196975
231,119,PROCR,PAG1,0.004068997
231,123,PROCR,PAFAH2,0.0040482813
231,293,PROCR,MAML3,0.003968338
231,246,PROCR,KLF6,0.003926231
231,405,PROCR,GIMAP8,0.0038930762
231,214,PROCR,FCHO2,0.0036921583
231,224,PROCR,PLSCR4,0.0032721597
231,203,PROCR,CD33,0.0012774434
231,139,PROCR,CCL3,0.0012309427
231,207,PROCR,BLNK,0.0012235636
231,86,PROCR,METTL7A1,0.0011650326
231,186,PROCR,IL7R,0.0011573255
231,419,PROCR,NCF1,0.0011559449
231,319,PROCR,CD74,0.0011527209
231,63,PROCR,ENG,0.001144275
231,294,PROCR,TINAGL1,0.0011296339
231,332,PROCR,IPCEF1,0.001122221
231,132,PROCR,OAS2,0.001122075
231,417,PROCR,UBA7,0.001121247
231,276,PROCR,H2-Q6,0.0010957719
55,115,PRPS2,LTB,0.048412338
55,323,PRPS2,SELPLG,0.04614748
55,224,PRPS2,PLSCR4,0.041773945
55,260,PRPS2,RHOF,0.041689914
55,556,PRPS2,ITGB7,0.03873583
55,198,PRPS2,CMAH,0.03764421
55,102,PRPS2,FUT8,0.036466565
55,400,PRPS2,ANKRD44,0.036236364
55,217,PRPS2,MYCT1,0.03619878
55,147,PRPS2,ERP29,0.035271972
55,455,PRPS2,SNAP23,0.035161473
55,174,PRPS2,PPCDC,0.03444218
55,182,PRPS2,STK17B,0.03439968
55,327,PRPS2,PRIM1,0.034379736
55,339,PRPS2,KCTD12,0.03426685
55,180,PRPS2,RGS2,0.03411123
55,169,PRPS2,MCM4,0.03394729
55,405,PRPS2,GIMAP8,0.033306904
55,210,PRPS2,CDKN1C,0.033039622
55,262,PRPS2,SSH2,0.033003498
55,47,PRPS2,LONP2,0.032017075
55,135,PRPS2,SLBP,0.03128721
55,525,PRPS2,TXNIP,0.031265046
55,409,PRPS2,TMEM206,0.031037372
55,497,PRPS2,ATP8B4,0.030028353
55,441,PRPS2,MCM7,0.02962764
55,119,PRPS2,PAG1,0.028490037
55,284,PRPS2,ANXA5,0.02844009
55,24,PRPS2,DYNLL1,0.028299911
55,79,PRPS2,MGAT1,0.027682211
55,123,PRPS2,PAFAH2,0.027569363
55,293,PRPS2,MAML3,0.026760308
55,246,PRPS2,KLF6,0.02621019
55,214,PRPS2,FCHO2,0.024311678
55,354,PRPS2,PPP1R15A,0.01921066
55,219,PRPS2,STARD4,0.01817982
55,197,PRPS2,POLA2,0.016751455
55,203,PRPS2,CD33,0.0035460906
55,139,PRPS2,CCL3,0.0033422015
55,86,PRPS2,METTL7A1,0.0029556144
55,207,PRPS2,BLNK,0.0029488602
55,186,PRPS2,IL7R,0.0029045176
55,419,PRPS2,NCF1,0.0028973813
55,319,PRPS2,CD74,0.002849705
55,294,PRPS2,TINAGL1,0.002803424
55,132,PRPS2,OAS2,0.0027501816
55,332,PRPS2,IPCEF1,0.0027423252
55,417,PRPS2,UBA7,0.0027080406
55,267,PRPS2,CLEC12A,0.002689525
55,276,PRPS2,H2-Q6,0.0025698387
312,115,PRR5,LTB,0.03986563
312,323,PRR5,SELPLG,0.03799419
312,224,PRR5,PLSCR4,0.034369495
312,260,PRR5,RHOF,0.03429389
312,556,PRR5,ITGB7,0.031836774
312,198,PRR5,CMAH,0.03097843
312,102,PRR5,FUT8,0.029961854
312,400,PRR5,ANKRD44,0.029792365
312,217,PRR5,MYCT1,0.02976907
312,405,PRR5,GIMAP8,0.029708937
312,147,PRR5,ERP29,0.029016156
312,455,PRR5,SNAP23,0.02891096
312,174,PRR5,PPCDC,0.028308645
312,182,PRR5,STK17B,0.028308645
312,327,PRR5,PRIM1,0.028259628
312,339,PRR5,KCTD12,0.028152129
312,180,PRR5,RGS2,0.028032001
312,169,PRR5,MCM4,0.02768856
312,210,PRR5,CDKN1C,0.027156882
312,262,PRR5,SSH2,0.026802788
312,47,PRR5,LONP2,0.026122512
312,354,PRR5,PPP1R15A,0.025741018
312,135,PRR5,SLBP,0.025736688
312,525,PRR5,TXNIP,0.025720512
312,409,PRR5,TMEM206,0.025481058
312,79,PRR5,MGAT1,0.024729898
312,219,PRR5,STARD4,0.024729898
312,497,PRR5,ATP8B4,0.024710212
312,284,PRR5,ANXA5,0.023379594
312,123,PRR5,PAFAH2,0.022686193
312,197,PRR5,POLA2,0.022328606
312,293,PRR5,MAML3,0.02204432
312,246,PRR5,KLF6,0.021324618
312,214,PRR5,FCHO2,0.019895706
312,24,PRR5,DYNLL1,0.019872902
312,441,PRR5,MCM7,0.011178263
312,119,PRR5,PAG1,0.01051725
312,203,PRR5,CD33,0.0031548985
312,86,PRR5,METTL7A1,0.0026494407
312,207,PRR5,BLNK,0.0026471864
312,186,PRR5,IL7R,0.0026061658
312,319,PRR5,CD74,0.0025630665
312,63,PRR5,ENG,0.00254803
312,294,PRR5,TINAGL1,0.0025202157
312,132,PRR5,OAS2,0.0024773946
312,332,PRR5,IPCEF1,0.0024701452
312,417,PRR5,UBA7,0.0024377205
312,267,PRR5,CLEC12A,0.0024237528
312,172,PRR5,EPSTI1,0.0023530796
312,276,PRR5,H2-Q6,0.0023213562
381,115,PRSS57,LTB,0.028526744
381,323,PRSS57,SELPLG,0.027160548
381,224,PRSS57,PLSCR4,0.024507169
381,260,PRSS57,RHOF,0.02449715
381,556,PRSS57,ITGB7,0.022733064
381,102,PRSS57,FUT8,0.02136211
381,400,PRSS57,ANKRD44,0.021264832
381,217,PRSS57,MYCT1,0.021249311
381,405,PRSS57,GIMAP8,0.021187209
381,147,PRSS57,ERP29,0.020721365
381,455,PRSS57,SNAP23,0.020614075
381,174,PRSS57,PPCDC,0.020195456
381,182,PRSS57,STK17B,0.02019545
381,327,PRSS57,PRIM1,0.020146081
381,180,PRSS57,RGS2,0.019978555
381,169,PRSS57,MCM4,0.019747442
381,210,PRSS57,CDKN1C,0.019346805
381,262,PRSS57,SSH2,0.019120142
381,47,PRSS57,LONP2,0.018648459
381,135,PRSS57,SLBP,0.01837848
381,354,PRSS57,PPP1R15A,0.018366553
381,525,PRSS57,TXNIP,0.01836402
381,409,PRSS57,TMEM206,0.01818696
381,219,PRSS57,STARD4,0.017631369
381,441,PRSS57,MCM7,0.01742467
381,284,PRSS57,ANXA5,0.016695386
381,197,PRSS57,POLA2,0.016482972
381,119,PRSS57,PAG1,0.01645949
381,123,PRSS57,PAFAH2,0.01620221
381,293,PRSS57,MAML3,0.015726093
381,246,PRSS57,KLF6,0.015253427
381,214,PRSS57,FCHO2,0.014171153
381,497,PRSS57,ATP8B4,0.013863387
381,79,PRSS57,MGAT1,0.00918781
381,198,PRSS57,CMAH,0.009173865
381,339,PRSS57,KCTD12,0.008934956
381,24,PRSS57,DYNLL1,0.0073228516
381,203,PRSS57,CD33,0.002560212
381,86,PRSS57,METTL7A1,0.0021771186
381,419,PRSS57,NCF1,0.0021488043
381,207,PRSS57,BLNK,0.0021469523
381,186,PRSS57,IL7R,0.0021413595
381,319,PRSS57,CD74,0.0021168573
381,294,PRSS57,TINAGL1,0.0020741413
381,417,PRSS57,UBA7,0.0020212126
381,526,PRSS57,SERP1,0.0019446487
381,276,PRSS57,H2-Q6,0.0019356367
381,132,PRSS57,OAS2,0.0019072164
381,494,PRSS57,DUSP5,0.0018614943
381,243,PRSS57,VAMP1,0.0018230183
309,115,PRUNE2,LTB,0.034285594
309,323,PRUNE2,SELPLG,0.032652862
309,260,PRUNE2,RHOF,0.029547786
309,224,PRUNE2,PLSCR4,0.02952639
309,556,PRUNE2,ITGB7,0.027421523
309,198,PRUNE2,CMAH,0.026760146
309,102,PRUNE2,FUT8,0.025934618
309,217,PRUNE2,MYCT1,0.025894715
309,400,PRUNE2,ANKRD44,0.025783041
309,405,PRUNE2,GIMAP8,0.025644088
309,455,PRUNE2,SNAP23,0.025328992
309,147,PRUNE2,ERP29,0.025170626
309,327,PRUNE2,PRIM1,0.024596917
309,180,PRUNE2,RGS2,0.024586977
309,174,PRUNE2,PPCDC,0.02453905
309,182,PRUNE2,STK17B,0.024539046
309,339,PRUNE2,KCTD12,0.02444908
309,169,PRUNE2,MCM4,0.02411297
309,210,PRUNE2,CDKN1C,0.023917167
309,262,PRUNE2,SSH2,0.023373235
309,47,PRUNE2,LONP2,0.022825077
309,525,PRUNE2,TXNIP,0.022597456
309,354,PRUNE2,PPP1R15A,0.022554096
309,135,PRUNE2,SLBP,0.022548435
309,409,PRUNE2,TMEM206,0.022265622
309,197,PRUNE2,POLA2,0.021918712
309,219,PRUNE2,STARD4,0.02179298
309,79,PRUNE2,MGAT1,0.02179297
309,497,PRUNE2,ATP8B4,0.021713113
309,284,PRUNE2,ANXA5,0.020719992
309,123,PRUNE2,PAFAH2,0.020122686
309,293,PRUNE2,MAML3,0.019961417
309,246,PRUNE2,KLF6,0.019085845
309,24,PRUNE2,DYNLL1,0.018855011
309,214,PRUNE2,FCHO2,0.018191753
309,441,PRUNE2,MCM7,0.011034235
309,119,PRUNE2,PAG1,0.010439932
309,203,PRUNE2,CD33,0.0032607103
309,207,PRUNE2,BLNK,0.00275119
309,86,PRUNE2,METTL7A1,0.0027507558
309,186,PRUNE2,IL7R,0.0027001
309,319,PRUNE2,CD74,0.00267086
309,63,PRUNE2,ENG,0.0026645572
309,294,PRUNE2,TINAGL1,0.0026094748
309,132,PRUNE2,OAS2,0.0025836062
309,332,PRUNE2,IPCEF1,0.0025730296
309,417,PRUNE2,UBA7,0.0025370268
309,267,PRUNE2,CLEC12A,0.0025136122
309,172,PRUNE2,EPSTI1,0.0024469716
309,276,PRUNE2,H2-Q6,0.002425791
533,115,PSTPIP1,LTB,0.046397265
533,323,PSTPIP1,SELPLG,0.044226687
533,224,PSTPIP1,PLSCR4,0.040079962
533,197,PSTPIP1,POLA2,0.03783314
533,556,PSTPIP1,ITGB7,0.037117746
533,198,PSTPIP1,CMAH,0.036074076
533,102,PSTPIP1,FUT8,0.035171658
533,400,PSTPIP1,ANKRD44,0.03475504
533,217,PSTPIP1,MYCT1,0.03469952
533,147,PSTPIP1,ERP29,0.033815145
533,455,PSTPIP1,SNAP23,0.033710606
533,182,PSTPIP1,STK17B,0.03297094
533,327,PSTPIP1,PRIM1,0.032952532
533,339,PSTPIP1,KCTD12,0.0328169
533,180,PSTPIP1,RGS2,0.03270096
533,169,PSTPIP1,MCM4,0.03229234
533,262,PSTPIP1,SSH2,0.03178846
533,210,PSTPIP1,CDKN1C,0.031676687
533,47,PSTPIP1,LONP2,0.030452633
533,135,PSTPIP1,SLBP,0.029998617
533,525,PSTPIP1,TXNIP,0.029981242
533,409,PSTPIP1,TMEM206,0.029709537
533,219,PSTPIP1,STARD4,0.028830994
533,79,PSTPIP1,MGAT1,0.028807698
533,497,PSTPIP1,ATP8B4,0.028786294
533,441,PSTPIP1,MCM7,0.028471109
533,123,PSTPIP1,PAFAH2,0.027875993
533,284,PSTPIP1,ANXA5,0.027256368
533,24,PSTPIP1,DYNLL1,0.02714614
533,119,PSTPIP1,PAG1,0.02669391
533,293,PSTPIP1,MAML3,0.025698528
533,246,PSTPIP1,KLF6,0.024838593
533,260,PSTPIP1,RHOF,0.022274822
533,405,PSTPIP1,GIMAP8,0.02078168
533,354,PSTPIP1,PPP1R15A,0.018352456
533,174,PSTPIP1,PPCDC,0.013475164
533,214,PSTPIP1,FCHO2,0.0053142617
533,203,PSTPIP1,CD33,0.0034843646
533,207,PSTPIP1,BLNK,0.0029150415
533,86,PSTPIP1,METTL7A1,0.0029103444
533,186,PSTPIP1,IL7R,0.0028594828
533,419,PSTPIP1,NCF1,0.0028556052
533,319,PSTPIP1,CD74,0.0028081203
533,294,PSTPIP1,TINAGL1,0.0027633824
533,132,PSTPIP1,OAS2,0.0027110737
533,332,PSTPIP1,IPCEF1,0.0027031333
533,417,PSTPIP1,UBA7,0.0026692154
533,267,PSTPIP1,CLEC12A,0.0026506395
533,172,PSTPIP1,EPSTI1,0.0025714098
533,276,PSTPIP1,H2-Q6,0.0025348663
101,115,PTGS1,LTB,0.035550185
101,224,PTGS1,PLSCR4,0.030615
101,260,PTGS1,RHOF,0.030410854
101,556,PTGS1,ITGB7,0.02836912
101,198,PTGS1,CMAH,0.027560325
101,102,PTGS1,FUT8,0.026694784
101,400,PTGS1,ANKRD44,0.02655445
101,217,PTGS1,MYCT1,0.02653593
101,405,PTGS1,GIMAP8,0.026471956
101,147,PTGS1,ERP29,0.026163088
101,455,PTGS1,SNAP23,0.025768565
101,174,PTGS1,PPCDC,0.02524859
101,182,PTGS1,STK17B,0.025229404
101,339,PTGS1,KCTD12,0.025097359
101,180,PTGS1,RGS2,0.02497859
101,169,PTGS1,MCM4,0.024675647
101,210,PTGS1,CDKN1C,0.024202429
101,262,PTGS1,SSH2,0.023835013
101,47,PTGS1,LONP2,0.0232914
101,354,PTGS1,PPP1R15A,0.022946993
101,525,PTGS1,TXNIP,0.022935487
101,409,PTGS1,TMEM206,0.022717774
101,79,PTGS1,MGAT1,0.022051038
101,219,PTGS1,STARD4,0.022051038
101,497,PTGS1,ATP8B4,0.0220139
101,441,PTGS1,MCM7,0.021762196
101,197,PTGS1,POLA2,0.021588108
101,327,PTGS1,PRIM1,0.021585146
101,284,PTGS1,ANXA5,0.020851752
101,24,PTGS1,DYNLL1,0.020770712
101,119,PTGS1,PAG1,0.020425057
101,123,PTGS1,PAFAH2,0.020235633
101,293,PTGS1,MAML3,0.019646429
101,246,PTGS1,KLF6,0.019037712
101,214,PTGS1,FCHO2,0.01773513
101,135,PTGS1,SLBP,0.012840522
101,323,PTGS1,SELPLG,0.007886543
101,203,PTGS1,CD33,0.0029389258
101,139,PTGS1,CCL3,0.0027884594
101,207,PTGS1,BLNK,0.0024835593
101,419,PTGS1,NCF1,0.002447612
101,186,PTGS1,IL7R,0.0024454228
101,319,PTGS1,CD74,0.0024085245
101,63,PTGS1,ENG,0.0023944927
101,86,PTGS1,METTL7A1,0.0023497953
101,332,PTGS1,IPCEF1,0.002340404
101,132,PTGS1,OAS2,0.0023296913
101,417,PTGS1,UBA7,0.0022954666
101,267,PTGS1,CLEC12A,0.00228022
101,172,PTGS1,EPSTI1,0.0022117905
519,115,PTP4A3,LTB,0.037741296
519,323,PTP4A3,SELPLG,0.035947874
519,224,PTP4A3,PLSCR4,0.032504573
519,197,PTP4A3,POLA2,0.030298198
519,556,PTP4A3,ITGB7,0.030107243
519,198,PTP4A3,CMAH,0.029607393
519,102,PTP4A3,FUT8,0.0288807
519,217,PTP4A3,MYCT1,0.028140618
519,400,PTP4A3,ANKRD44,0.028134514
519,405,PTP4A3,GIMAP8,0.028084507
519,147,PTP4A3,ERP29,0.027426329
519,455,PTP4A3,SNAP23,0.027314534
519,174,PTP4A3,PPCDC,0.027072629
519,327,PTP4A3,PRIM1,0.026710821
519,339,PTP4A3,KCTD12,0.02660667
519,180,PTP4A3,RGS2,0.026478874
519,169,PTP4A3,MCM4,0.026165828
519,210,PTP4A3,CDKN1C,0.025650702
519,262,PTP4A3,SSH2,0.025327414
519,47,PTP4A3,LONP2,0.024682114
519,135,PTP4A3,SLBP,0.02432041
519,525,PTP4A3,TXNIP,0.024299024
519,354,PTP4A3,PPP1R15A,0.024289241
519,409,PTP4A3,TMEM206,0.02407599
519,79,PTP4A3,MGAT1,0.023362348
519,219,PTP4A3,STARD4,0.023362348
519,497,PTP4A3,ATP8B4,0.023348084
519,441,PTP4A3,MCM7,0.023030728
519,284,PTP4A3,ANXA5,0.022078196
519,119,PTP4A3,PAG1,0.021625532
519,123,PTP4A3,PAFAH2,0.021424301
519,246,PTP4A3,KLF6,0.020167464
519,260,PTP4A3,RHOF,0.019846551
519,214,PTP4A3,FCHO2,0.018775402
519,293,PTP4A3,MAML3,0.017983144
519,24,PTP4A3,DYNLL1,0.012778759
519,182,PTP4A3,STK17B,0.0057462216
519,203,PTP4A3,CD33,0.0029990645
519,139,PTP4A3,CCL3,0.002697741
519,86,PTP4A3,METTL7A1,0.0025242597
519,207,PTP4A3,BLNK,0.002519651
519,186,PTP4A3,IL7R,0.002482318
519,419,PTP4A3,NCF1,0.0024786463
519,319,PTP4A3,CD74,0.0024397888
519,63,PTP4A3,ENG,0.002424905
519,294,PTP4A3,TINAGL1,0.0024012795
519,132,PTP4A3,OAS2,0.0023587628
519,332,PTP4A3,IPCEF1,0.0023522032
519,417,PTP4A3,UBA7,0.0023244559
519,267,PTP4A3,CLEC12A,0.002310039
531,115,PTPRE,LTB,0.02991423
531,323,PTPRE,SELPLG,0.028479856
531,224,PTPRE,PLSCR4,0.025704348
531,197,PTPRE,POLA2,0.024252594
531,556,PTPRE,ITGB7,0.023824235
531,198,PTPRE,CMAH,0.023127899
531,102,PTPRE,FUT8,0.022544228
531,400,PTPRE,ANKRD44,0.02231477
531,217,PTPRE,MYCT1,0.022269838
531,147,PTPRE,ERP29,0.021715406
531,455,PTPRE,SNAP23,0.021600444
531,182,PTPRE,STK17B,0.021148475
531,327,PTPRE,PRIM1,0.02113431
531,339,PTPRE,KCTD12,0.021062404
531,180,PTPRE,RGS2,0.020927835
531,169,PTPRE,MCM4,0.020697609
531,262,PTPRE,SSH2,0.02037746
531,210,PTPRE,CDKN1C,0.020278182
531,47,PTPRE,LONP2,0.01953979
531,135,PTPRE,SLBP,0.019259058
531,525,PTPRE,TXNIP,0.019235132
531,409,PTPRE,TMEM206,0.0190597
531,219,PTPRE,STARD4,0.018492363
531,497,PTPRE,ATP8B4,0.01849004
531,79,PTPRE,MGAT1,0.018477557
531,441,PTPRE,MCM7,0.01827088
531,123,PTPRE,PAFAH2,0.01786984
531,284,PTPRE,ANXA5,0.017477028
531,24,PTPRE,DYNLL1,0.017406108
531,119,PTPRE,PAG1,0.017122818
531,293,PTPRE,MAML3,0.016466392
531,246,PTPRE,KLF6,0.015967436
531,260,PTPRE,RHOF,0.014057209
531,405,PTPRE,GIMAP8,0.012938645
531,354,PTPRE,PPP1R15A,0.011494693
531,174,PTPRE,PPCDC,0.008789559
531,214,PTPRE,FCHO2,0.0038761478
531,203,PTPRE,CD33,0.0025683332
531,207,PTPRE,BLNK,0.002194189
531,86,PTPRE,METTL7A1,0.0021871023
531,419,PTPRE,NCF1,0.0021545875
531,186,PTPRE,IL7R,0.0021526755
531,319,PTPRE,CD74,0.0021242434
531,294,PTPRE,TINAGL1,0.002086414
531,132,PTPRE,OAS2,0.002054546
531,332,PTPRE,IPCEF1,0.0020496158
531,417,PTPRE,UBA7,0.0020291805
531,267,PTPRE,CLEC12A,0.0020167285
531,172,PTPRE,EPSTI1,0.001960913
531,276,PTPRE,H2-Q6,0.0019411386
247,115,PYGL,LTB,0.03242713
247,323,PYGL,SELPLG,0.030874738
247,224,PYGL,PLSCR4,0.027878715
247,197,PYGL,POLA2,0.02630235
247,556,PYGL,ITGB7,0.025831344
247,198,PYGL,CMAH,0.025079025
247,102,PYGL,FUT8,0.0242864
247,400,PYGL,ANKRD44,0.024171745
247,405,PYGL,GIMAP8,0.024088748
247,147,PYGL,ERP29,0.023536058
247,455,PYGL,SNAP23,0.023439763
247,174,PYGL,PPCDC,0.022953276
247,182,PYGL,STK17B,0.02295326
247,327,PYGL,PRIM1,0.0229107
247,339,PYGL,KCTD12,0.022828965
247,180,PYGL,RGS2,0.022692898
247,169,PYGL,MCM4,0.02243823
247,135,PYGL,SLBP,0.022314059
247,210,PYGL,CDKN1C,0.021985611
247,262,PYGL,SSH2,0.021722252
247,47,PYGL,LONP2,0.021175452
247,354,PYGL,PPP1R15A,0.020855695
247,525,PYGL,TXNIP,0.020844724
247,409,PYGL,TMEM206,0.020654721
247,219,PYGL,STARD4,0.02003909
247,497,PYGL,ATP8B4,0.020038849
247,441,PYGL,MCM7,0.019782232
247,217,PYGL,MYCT1,0.019600337
247,284,PYGL,ANXA5,0.018936183
247,24,PYGL,DYNLL1,0.018859878
247,119,PYGL,PAG1,0.018550493
247,293,PYGL,MAML3,0.017837875
247,246,PYGL,KLF6,0.017289665
247,214,PYGL,FCHO2,0.016072156
247,260,PYGL,RHOF,0.012085831
247,123,PYGL,PAFAH2,0.008481393
247,79,PYGL,MGAT1,0.008443938
247,139,PYGL,CCL3,0.0025548292
247,86,PYGL,METTL7A1,0.0022859091
247,207,PYGL,BLNK,0.002284132
247,419,PYGL,NCF1,0.002249617
247,186,PYGL,IL7R,0.002248931
247,319,PYGL,CD74,0.0022169908
247,63,PYGL,ENG,0.0022013276
247,294,PYGL,TINAGL1,0.0021792776
247,132,PYGL,OAS2,0.0021431167
247,332,PYGL,IPCEF1,0.0021378074
247,267,PYGL,CLEC12A,0.0021023194
247,172,PYGL,EPSTI1,0.0020434007
247,276,PYGL,H2-Q6,0.0020220215
489,323,RAB27B,SELPLG,0.045282356
489,260,RAB27B,RHOF,0.04090451
489,197,RAB27B,POLA2,0.03826871
489,556,RAB27B,ITGB7,0.038001888
489,198,RAB27B,CMAH,0.03692965
489,102,RAB27B,FUT8,0.03577357
489,217,RAB27B,MYCT1,0.03551376
489,405,RAB27B,GIMAP8,0.03546835
489,147,RAB27B,ERP29,0.034604937
489,455,RAB27B,SNAP23,0.034494516
489,182,RAB27B,STK17B,0.03378806
489,327,RAB27B,PRIM1,0.033725884
489,339,RAB27B,KCTD12,0.033584014
489,180,RAB27B,RGS2,0.033462092
489,169,RAB27B,MCM4,0.033049393
489,210,RAB27B,CDKN1C,0.032411154
489,262,RAB27B,SSH2,0.031946328
489,115,RAB27B,LTB,0.031272992
489,47,RAB27B,LONP2,0.031115074
489,135,RAB27B,SLBP,0.030694293
489,525,RAB27B,TXNIP,0.030672487
489,409,RAB27B,TMEM206,0.030399602
489,219,RAB27B,STARD4,0.029827345
489,79,RAB27B,MGAT1,0.02949569
489,441,RAB27B,MCM7,0.029106924
489,284,RAB27B,ANXA5,0.027877608
489,24,RAB27B,DYNLL1,0.027763389
489,119,RAB27B,PAG1,0.027301943
489,123,RAB27B,PAFAH2,0.027046312
489,293,RAB27B,MAML3,0.026252456
489,246,RAB27B,KLF6,0.025397565
489,214,RAB27B,FCHO2,0.023685997
489,174,RAB27B,PPCDC,0.023404736
489,400,RAB27B,ANKRD44,0.020871554
489,224,RAB27B,PLSCR4,0.017952997
489,497,RAB27B,ATP8B4,0.017180236
489,354,RAB27B,PPP1R15A,0.013581198
489,203,RAB27B,CD33,0.003502075
489,139,RAB27B,CCL3,0.0033015637
489,86,RAB27B,METTL7A1,0.0029210835
489,207,RAB27B,BLNK,0.0029097619
489,186,RAB27B,IL7R,0.0028706738
489,419,RAB27B,NCF1,0.002864014
489,319,RAB27B,CD74,0.0028147146
489,63,RAB27B,ENG,0.0027991722
489,132,RAB27B,OAS2,0.002718974
489,332,RAB27B,IPCEF1,0.0027111976
489,417,RAB27B,UBA7,0.0026773938
489,267,RAB27B,CLEC12A,0.002659177
489,172,RAB27B,EPSTI1,0.0025790134
32,115,RAB38,LTB,0.040108256
32,323,RAB38,SELPLG,0.038155407
32,224,RAB38,PLSCR4,0.034550667
32,556,RAB38,ITGB7,0.032366104
32,197,RAB38,POLA2,0.032198217
32,198,RAB38,CMAH,0.03130173
32,102,RAB38,FUT8,0.030023472
32,400,RAB38,ANKRD44,0.02996701
32,405,RAB38,GIMAP8,0.029838178
32,147,RAB38,ERP29,0.029124513
32,455,RAB38,SNAP23,0.0290027
32,174,RAB38,PPCDC,0.028421586
32,327,RAB38,PRIM1,0.028393827
32,182,RAB38,STK17B,0.028346976
32,339,RAB38,KCTD12,0.028255127
32,169,RAB38,MCM4,0.027788395
32,210,RAB38,CDKN1C,0.027232623
32,262,RAB38,SSH2,0.026858678
32,260,RAB38,RHOF,0.026727732
32,47,RAB38,LONP2,0.026202623
32,135,RAB38,SLBP,0.02581723
32,354,RAB38,PPP1R15A,0.025816007
32,525,RAB38,TXNIP,0.025790345
32,409,RAB38,TMEM206,0.025560083
32,219,RAB38,STARD4,0.024794534
32,79,RAB38,MGAT1,0.024794528
32,497,RAB38,ATP8B4,0.024779266
32,441,RAB38,MCM7,0.024471572
32,284,RAB38,ANXA5,0.023423532
32,123,RAB38,PAFAH2,0.022727245
32,180,RAB38,RGS2,0.022375809
32,293,RAB38,MAML3,0.022045193
32,246,RAB38,KLF6,0.021354709
32,214,RAB38,FCHO2,0.019864818
32,217,RAB38,MYCT1,0.01859224
32,119,RAB38,PAG1,0.010372615
32,24,RAB38,DYNLL1,0.009677192
32,203,RAB38,CD33,0.003072846
32,139,RAB38,CCL3,0.0029041697
32,86,RAB38,METTL7A1,0.002581858
32,207,RAB38,BLNK,0.0025767586
32,419,RAB38,NCF1,0.0025335322
32,319,RAB38,CD74,0.0024937536
32,63,RAB38,ENG,0.0024777742
32,294,RAB38,TINAGL1,0.002455336
32,132,RAB38,OAS2,0.0024100693
32,332,RAB38,IPCEF1,0.0023993875
32,417,RAB38,UBA7,0.0023744183
32,267,RAB38,CLEC12A,0.0023604196
32,172,RAB38,EPSTI1,0.0022906
337,97,RAG2,MYC,0.8303977
337,246,RAG2,KLF6,0.8140942
337,441,RAG2,MCM7,0.80842125
337,497,RAG2,ATP8B4,0.80771405
337,135,RAG2,SLBP,0.80606455
337,287,RAG2,CSF3R,0.80547106
337,409,RAG2,TMEM206,0.8049939
337,79,RAG2,MGAT1,0.8028922
337,219,RAG2,STARD4,0.8028922
337,123,RAG2,PAFAH2,0.8026242
337,119,RAG2,PAG1,0.80128354
337,400,RAG2,ANKRD44,0.8011436
337,262,RAG2,SSH2,0.80102265
337,174,RAG2,PPCDC,0.80089694
337,182,RAG2,STK17B,0.80089694
337,327,RAG2,PRIM1,0.80084676
337,24,RAG2,DYNLL1,0.79687184
337,354,RAG2,PPP1R15A,0.79663986
337,169,RAG2,MCM4,0.796159
337,405,RAG2,GIMAP8,0.79614615
337,47,RAG2,LONP2,0.79537183
337,556,RAG2,ITGB7,0.7950285
337,284,RAG2,ANXA5,0.7921057
337,19,RAG2,UBASH3A,0.79165745
337,415,RAG2,TM6SF1,0.7910648
337,339,RAG2,KCTD12,0.79009163
337,283,RAG2,SAT1,0.7889492
337,198,RAG2,CMAH,0.78792477
337,404,RAG2,NHP2,0.7878197
337,225,RAG2,CDT1,0.78721184
337,555,RAG2,CKS1B,0.7859925
337,84,RAG2,SLC39A6,0.7859668
337,7,RAG2,AKNA,0.7854352
337,335,RAG2,SLC22A3,0.78498846
337,293,RAG2,MAML3,0.7848846
337,217,RAG2,MYCT1,0.78488064
337,102,RAG2,FUT8,0.7847026
337,228,RAG2,CCL9,0.7844449
337,66,RAG2,CCR7,0.78439516
337,552,RAG2,TLR7,0.78439516
337,197,RAG2,POLA2,0.7840782
337,396,RAG2,IFI27,0.78402704
337,549,RAG2,SLC26A11,0.7839091
337,526,RAG2,SERP1,0.7830287
337,186,RAG2,IL7R,0.7828651
337,161,RAG2,ELOVL5,0.7828185
337,294,RAG2,TINAGL1,0.78262985
337,466,RAG2,ZFP367,0.782132
337,375,RAG2,LAX1,0.78210264
337,147,RAG2,ERP29,0.78184175
449,115,RAMP1,LTB,0.053979725
449,323,RAMP1,SELPLG,0.050136052
449,224,RAMP1,PLSCR4,0.045522068
449,260,RAMP1,RHOF,0.045331422
449,197,RAMP1,POLA2,0.042460885
449,556,RAMP1,ITGB7,0.042152323
449,198,RAMP1,CMAH,0.04097204
449,217,RAMP1,MYCT1,0.04058771
449,102,RAMP1,FUT8,0.039757907
449,400,RAMP1,ANKRD44,0.039431177
449,405,RAMP1,GIMAP8,0.03932245
449,327,RAMP1,PRIM1,0.03846115
449,147,RAMP1,ERP29,0.03837501
449,455,RAMP1,SNAP23,0.038201384
449,174,RAMP1,PPCDC,0.03748808
449,182,RAMP1,STK17B,0.037488073
449,339,RAMP1,KCTD12,0.037240505
449,180,RAMP1,RGS2,0.0371218
449,169,RAMP1,MCM4,0.03667314
449,210,RAMP1,CDKN1C,0.035962604
449,262,RAMP1,SSH2,0.035494752
449,47,RAMP1,LONP2,0.034559667
449,354,RAMP1,PPP1R15A,0.0340781
449,135,RAMP1,SLBP,0.034047756
449,525,RAMP1,TXNIP,0.034022085
449,409,RAMP1,TMEM206,0.03372859
449,219,RAMP1,STARD4,0.032724686
449,497,RAMP1,ATP8B4,0.032672517
449,441,RAMP1,MCM7,0.032292668
449,284,RAMP1,ANXA5,0.030929249
449,119,RAMP1,PAG1,0.030286916
449,123,RAMP1,PAFAH2,0.030005097
449,293,RAMP1,MAML3,0.029126683
449,24,RAMP1,DYNLL1,0.028526623
449,214,RAMP1,FCHO2,0.02621572
449,246,RAMP1,KLF6,0.019557772
449,79,RAMP1,MGAT1,0.019196345
449,207,RAMP1,BLNK,0.0031002187
449,419,RAMP1,NCF1,0.0030429142
449,63,RAMP1,ENG,0.0029734687
449,294,RAMP1,TINAGL1,0.0029453477
449,139,RAMP1,CCL3,0.0029016135
449,132,RAMP1,OAS2,0.0028862224
449,332,RAMP1,IPCEF1,0.0028781442
449,417,RAMP1,UBA7,0.0028422487
449,267,RAMP1,CLEC12A,0.0028223055
449,186,RAMP1,IL7R,0.0026459391
449,494,RAMP1,DUSP5,0.002570967
449,86,RAMP1,METTL7A1,0.0025347495
449,243,RAMP1,VAMP1,0.002521983
318,115,RANBP1,LTB,0.03245131
318,323,RANBP1,SELPLG,0.030908594
318,224,RANBP1,PLSCR4,0.027928224
318,260,RANBP1,RHOF,0.02790144
318,197,RANBP1,POLA2,0.026043361
318,556,RANBP1,ITGB7,0.02585064
318,198,RANBP1,CMAH,0.025148535
318,102,RANBP1,FUT8,0.024359219
318,217,RANBP1,MYCT1,0.02424205
318,400,RANBP1,ANKRD44,0.024239672
318,405,RANBP1,GIMAP8,0.024158854
318,147,RANBP1,ERP29,0.023623193
318,174,RANBP1,PPCDC,0.023030154
318,182,RANBP1,STK17B,0.023030154
318,327,RANBP1,PRIM1,0.022989683
318,339,RANBP1,KCTD12,0.022916758
318,180,RANBP1,RGS2,0.022799676
318,169,RANBP1,MCM4,0.022523815
318,210,RANBP1,CDKN1C,0.022094779
318,262,RANBP1,SSH2,0.021809667
318,47,RANBP1,LONP2,0.02127223
318,135,RANBP1,SLBP,0.020961206
318,354,RANBP1,PPP1R15A,0.020953668
318,525,RANBP1,TXNIP,0.02094915
318,409,RANBP1,TMEM206,0.02074706
318,79,RANBP1,MGAT1,0.020155393
318,219,RANBP1,STARD4,0.020139856
318,497,RANBP1,ATP8B4,0.020136178
318,441,RANBP1,MCM7,0.019878885
318,284,RANBP1,ANXA5,0.019051112
318,24,RANBP1,DYNLL1,0.018975133
318,119,RANBP1,PAG1,0.018662484
318,293,RANBP1,MAML3,0.017936341
318,246,RANBP1,KLF6,0.017402593
318,214,RANBP1,FCHO2,0.01698801
318,455,RANBP1,SNAP23,0.014404193
318,123,RANBP1,PAFAH2,0.013473027
318,203,RANBP1,CD33,0.0027993836
318,139,RANBP1,CCL3,0.0026545776
318,207,RANBP1,BLNK,0.0023736053
318,419,RANBP1,NCF1,0.0023413575
318,186,RANBP1,IL7R,0.0023378616
318,319,RANBP1,CD74,0.0023045705
318,63,RANBP1,ENG,0.002291556
318,294,RANBP1,TINAGL1,0.0022584994
318,132,RANBP1,OAS2,0.0022300389
318,332,RANBP1,IPCEF1,0.0022185948
318,417,RANBP1,UBA7,0.0021978135
318,267,RANBP1,CLEC12A,0.0021829107
318,172,RANBP1,EPSTI1,0.0021220795
484,323,RARB,SELPLG,0.016780013
484,260,RARB,RHOF,0.015164796
484,197,RARB,POLA2,0.014136895
484,556,RARB,ITGB7,0.014078735
484,198,RARB,CMAH,0.013667727
484,102,RARB,FUT8,0.013247209
484,217,RARB,MYCT1,0.013192029
484,405,RARB,GIMAP8,0.013152558
484,147,RARB,ERP29,0.012887081
484,455,RARB,SNAP23,0.012730024
484,182,RARB,STK17B,0.012560489
484,327,RARB,PRIM1,0.012533118
484,339,RARB,KCTD12,0.012506054
484,180,RARB,RGS2,0.012321724
484,115,RARB,LTB,0.012318445
484,169,RARB,MCM4,0.0122782765
484,210,RARB,CDKN1C,0.011964407
484,262,RARB,SSH2,0.011879248
484,47,RARB,LONP2,0.011561032
484,135,RARB,SLBP,0.011427671
484,525,RARB,TXNIP,0.011391093
484,409,RARB,TMEM206,0.011283818
484,219,RARB,STARD4,0.011083779
484,79,RARB,MGAT1,0.010943768
484,441,RARB,MCM7,0.010791697
484,284,RARB,ANXA5,0.010286427
484,24,RARB,DYNLL1,0.010272795
484,119,RARB,PAG1,0.010079314
484,123,RARB,PAFAH2,0.009986973
484,293,RARB,MAML3,0.00965292
484,246,RARB,KLF6,0.009405372
484,174,RARB,PPCDC,0.009174354
484,214,RARB,FCHO2,0.008707708
484,400,RARB,ANKRD44,0.007504356
484,224,RARB,PLSCR4,0.0068917195
484,497,RARB,ATP8B4,0.006451934
484,354,RARB,PPP1R15A,0.0057596676
484,203,RARB,CD33,0.0019627055
484,139,RARB,CCL3,0.001872183
484,207,RARB,BLNK,0.0017140433
484,86,RARB,METTL7A1,0.0017130972
484,419,RARB,NCF1,0.0016926498
484,186,RARB,IL7R,0.0016891162
484,319,RARB,CD74,0.0016730806
484,63,RARB,ENG,0.0016630872
484,132,RARB,OAS2,0.0016242734
484,332,RARB,IPCEF1,0.0016213886
484,417,RARB,UBA7,0.0016088907
484,267,RARB,CLEC12A,0.0016012876
484,172,RARB,EPSTI1,0.0015608312
457,115,RASA4,LTB,0.019423716
457,323,RASA4,SELPLG,0.01848908
457,260,RASA4,RHOF,0.016695198
457,224,RASA4,PLSCR4,0.016675584
457,197,RASA4,POLA2,0.015556012
457,556,RASA4,ITGB7,0.0154922465
457,102,RASA4,FUT8,0.014561592
457,217,RASA4,MYCT1,0.014488675
457,405,RASA4,GIMAP8,0.0144563075
457,147,RASA4,ERP29,0.014121484
457,455,RASA4,SNAP23,0.014022357
457,182,RASA4,STK17B,0.013793911
457,327,RASA4,PRIM1,0.013764246
457,339,RASA4,KCTD12,0.013722397
457,210,RASA4,CDKN1C,0.013607849
457,169,RASA4,MCM4,0.013597959
457,180,RASA4,RGS2,0.013596243
457,262,RASA4,SSH2,0.0130621875
457,198,RASA4,CMAH,0.013018114
457,47,RASA4,LONP2,0.012746628
457,135,RASA4,SLBP,0.012574815
457,354,RASA4,PPP1R15A,0.012547999
457,525,RASA4,TXNIP,0.012545736
457,409,RASA4,TMEM206,0.012442831
457,497,RASA4,ATP8B4,0.012091069
457,219,RASA4,STARD4,0.012072624
457,79,RASA4,MGAT1,0.012042667
457,441,RASA4,MCM7,0.011932533
457,174,RASA4,PPCDC,0.011750169
457,284,RASA4,ANXA5,0.011416208
457,24,RASA4,DYNLL1,0.011366525
457,400,RASA4,ANKRD44,0.011251259
457,119,RASA4,PAG1,0.011194926
457,123,RASA4,PAFAH2,0.0110939955
457,293,RASA4,MAML3,0.010728162
457,246,RASA4,KLF6,0.010454154
457,214,RASA4,FCHO2,0.009625812
457,203,RASA4,CD33,0.0019983905
457,139,RASA4,CCL3,0.0019021807
457,207,RASA4,BLNK,0.0017355649
457,86,RASA4,METTL7A1,0.001731036
457,186,RASA4,IL7R,0.0017122908
457,419,RASA4,NCF1,0.0017068067
457,319,RASA4,CD74,0.0016905328
457,63,RASA4,ENG,0.0016784293
457,294,RASA4,TINAGL1,0.0016638039
457,132,RASA4,OAS2,0.0016382867
457,332,RASA4,IPCEF1,0.001636043
457,417,RASA4,UBA7,0.0016248758
457,267,RASA4,CLEC12A,0.0016181276
275,115,RASAL3,LTB,0.040024143
275,323,RASAL3,SELPLG,0.038116243
275,224,RASAL3,PLSCR4,0.034478202
275,260,RASAL3,RHOF,0.03439732
275,197,RASAL3,POLA2,0.03213019
275,556,RASAL3,ITGB7,0.031924266
275,198,RASAL3,CMAH,0.031003565
275,217,RASAL3,MYCT1,0.030164886
275,102,RASAL3,FUT8,0.030024672
275,400,RASAL3,ANKRD44,0.029856866
275,405,RASAL3,GIMAP8,0.029771455
275,147,RASAL3,ERP29,0.029051583
275,455,RASAL3,SNAP23,0.028931584
275,174,RASAL3,PPCDC,0.02835682
275,182,RASAL3,STK17B,0.02835682
275,327,RASAL3,PRIM1,0.028307203
275,339,RASAL3,KCTD12,0.028186288
275,180,RASAL3,RGS2,0.028049883
275,169,RASAL3,MCM4,0.027726498
275,210,RASAL3,CDKN1C,0.027167538
275,262,RASAL3,SSH2,0.026833571
275,47,RASAL3,LONP2,0.026137637
275,135,RASAL3,SLBP,0.02575543
275,354,RASAL3,PPP1R15A,0.025755377
275,525,RASAL3,TXNIP,0.02572654
275,409,RASAL3,TMEM206,0.025498332
275,79,RASAL3,MGAT1,0.024736876
275,219,RASAL3,STARD4,0.024736876
275,497,RASAL3,ATP8B4,0.024717452
275,441,RASAL3,MCM7,0.02441132
275,284,RASAL3,ANXA5,0.023359396
275,24,RASAL3,DYNLL1,0.023274552
275,119,RASAL3,PAG1,0.022884171
275,123,RASAL3,PAFAH2,0.022670832
275,293,RASAL3,MAML3,0.021989707
275,246,RASAL3,KLF6,0.021299625
275,214,RASAL3,FCHO2,0.01983717
275,203,RASAL3,CD33,0.0030721931
275,139,RASAL3,CCL3,0.0028866725
275,86,RASAL3,METTL7A1,0.002560783
275,207,RASAL3,BLNK,0.0025578763
275,186,RASAL3,IL7R,0.0025225675
275,419,RASAL3,NCF1,0.0025122042
275,319,RASAL3,CD74,0.0024755017
275,63,RASAL3,ENG,0.0024589405
275,294,RASAL3,TINAGL1,0.0024378607
275,132,RASAL3,OAS2,0.0023896953
275,332,RASAL3,IPCEF1,0.0023834591
275,417,RASAL3,UBA7,0.0023580021
275,267,RASAL3,CLEC12A,0.002342037
41,115,RASSF2,LTB,0.038280014
41,224,RASSF2,PLSCR4,0.03296992
41,260,RASSF2,RHOF,0.03290508
41,197,RASSF2,POLA2,0.03073055
41,556,RASSF2,ITGB7,0.030536916
41,198,RASSF2,CMAH,0.029659707
41,102,RASSF2,FUT8,0.028716447
41,327,RASSF2,PRIM1,0.028708588
41,400,RASSF2,ANKRD44,0.028590864
41,217,RASSF2,MYCT1,0.028539928
41,405,RASSF2,GIMAP8,0.028485278
41,147,RASSF2,ERP29,0.027817976
41,455,RASSF2,SNAP23,0.027703106
41,182,RASSF2,STK17B,0.027138479
41,174,RASSF2,PPCDC,0.02713847
41,339,RASSF2,KCTD12,0.026986472
41,180,RASSF2,RGS2,0.026854618
41,323,RASSF2,SELPLG,0.026843349
41,169,RASSF2,MCM4,0.026536597
41,262,RASSF2,SSH2,0.025686257
41,47,RASSF2,LONP2,0.0250505
41,135,RASSF2,SLBP,0.024664259
41,354,RASSF2,PPP1R15A,0.024662115
41,525,RASSF2,TXNIP,0.02464273
41,409,RASSF2,TMEM206,0.02445127
41,79,RASSF2,MGAT1,0.023690833
41,219,RASSF2,STARD4,0.023690833
41,497,RASSF2,ATP8B4,0.023678243
41,441,RASSF2,MCM7,0.02338217
41,210,RASSF2,CDKN1C,0.023345312
41,24,RASSF2,DYNLL1,0.0222987
41,119,RASSF2,PAG1,0.02192937
41,293,RASSF2,MAML3,0.02188841
41,246,RASSF2,KLF6,0.020421294
41,214,RASSF2,FCHO2,0.01903737
41,123,RASSF2,PAFAH2,0.018294226
41,284,RASSF2,ANXA5,0.010025745
41,203,RASSF2,CD33,0.0030223096
41,139,RASSF2,CCL3,0.0028576672
41,207,RASSF2,BLNK,0.0025401937
41,186,RASSF2,IL7R,0.0025015315
41,419,RASSF2,NCF1,0.0024999245
41,319,RASSF2,CD74,0.0024600672
41,63,RASSF2,ENG,0.0024450098
41,294,RASSF2,TINAGL1,0.0024189972
41,132,RASSF2,OAS2,0.0024051093
41,417,RASSF2,UBA7,0.0023432428
41,267,RASSF2,CLEC12A,0.0023288236
41,172,RASSF2,EPSTI1,0.0022608538
41,276,RASSF2,H2-Q6,0.0022267385
368,115,RBPMS,LTB,0.048524152
368,323,RBPMS,SELPLG,0.046247162
368,224,RBPMS,PLSCR4,0.041972227
368,260,RBPMS,RHOF,0.041793793
368,197,RBPMS,POLA2,0.039118566
368,556,RBPMS,ITGB7,0.038840022
368,198,RBPMS,CMAH,0.038037114
368,400,RBPMS,ANKRD44,0.037521508
368,102,RBPMS,FUT8,0.036577273
368,217,RBPMS,MYCT1,0.036312167
368,405,RBPMS,GIMAP8,0.036262125
368,339,RBPMS,KCTD12,0.03543086
368,147,RBPMS,ERP29,0.035382204
368,455,RBPMS,SNAP23,0.035282716
368,182,RBPMS,STK17B,0.03454982
368,327,RBPMS,PRIM1,0.034541123
368,174,RBPMS,PPCDC,0.03450803
368,180,RBPMS,RGS2,0.034233958
368,210,RBPMS,CDKN1C,0.03316182
368,262,RBPMS,SSH2,0.032747153
368,47,RBPMS,LONP2,0.03187264
368,354,RBPMS,PPP1R15A,0.031422198
368,135,RBPMS,SLBP,0.03139723
368,525,RBPMS,TXNIP,0.03138043
368,79,RBPMS,MGAT1,0.030181168
368,497,RBPMS,ATP8B4,0.030137729
368,441,RBPMS,MCM7,0.029779602
368,24,RBPMS,DYNLL1,0.028421303
368,119,RBPMS,PAG1,0.027945343
368,123,RBPMS,PAFAH2,0.027684508
368,293,RBPMS,MAML3,0.026883686
368,246,RBPMS,KLF6,0.02599845
368,214,RBPMS,FCHO2,0.024261758
368,169,RBPMS,MCM4,0.024040118
368,219,RBPMS,STARD4,0.023067458
368,409,RBPMS,TMEM206,0.0066488683
368,284,RBPMS,ANXA5,0.0061430684
368,203,RBPMS,CD33,0.0036016912
368,139,RBPMS,CCL3,0.0033946806
368,207,RBPMS,BLNK,0.0029935788
368,186,RBPMS,IL7R,0.0029485323
368,419,RBPMS,NCF1,0.002942225
368,319,RBPMS,CD74,0.0028894905
368,63,RBPMS,ENG,0.0028749835
368,294,RBPMS,TINAGL1,0.0028391217
368,132,RBPMS,OAS2,0.0027912613
368,332,RBPMS,IPCEF1,0.0027831737
368,417,RBPMS,UBA7,0.002748585
368,267,RBPMS,CLEC12A,0.0027288534
368,276,RBPMS,H2-Q6,0.0026086322
333,115,RCSD1,LTB,0.019623073
333,224,RCSD1,PLSCR4,0.016839063
333,197,RCSD1,POLA2,0.015710536
333,556,RCSD1,ITGB7,0.015637042
333,198,RCSD1,CMAH,0.015178211
333,102,RCSD1,FUT8,0.014704069
333,400,RCSD1,ANKRD44,0.014659281
333,217,RCSD1,MYCT1,0.014640316
333,405,RCSD1,GIMAP8,0.014591105
333,147,RCSD1,ERP29,0.01429468
333,455,RCSD1,SNAP23,0.01418433
333,174,RCSD1,PPCDC,0.013925918
333,182,RCSD1,STK17B,0.013925913
333,339,RCSD1,KCTD12,0.013865186
333,180,RCSD1,RGS2,0.013742372
333,169,RCSD1,MCM4,0.01361153
333,210,RCSD1,CDKN1C,0.013499705
333,262,RCSD1,SSH2,0.013190787
333,47,RCSD1,LONP2,0.012879445
333,327,RCSD1,PRIM1,0.012744564
333,525,RCSD1,TXNIP,0.012727147
333,135,RCSD1,SLBP,0.012699878
333,354,RCSD1,PPP1R15A,0.01267805
333,409,RCSD1,TMEM206,0.012558029
333,497,RCSD1,ATP8B4,0.012184424
333,219,RCSD1,STARD4,0.012175829
333,79,RCSD1,MGAT1,0.012175824
333,441,RCSD1,MCM7,0.012000881
333,260,RCSD1,RHOF,0.011929216
333,284,RCSD1,ANXA5,0.011435139
333,24,RCSD1,DYNLL1,0.011421111
333,119,RCSD1,PAG1,0.011199587
333,123,RCSD1,PAFAH2,0.011095158
333,293,RCSD1,MAML3,0.010724108
333,246,RCSD1,KLF6,0.010434624
333,214,RCSD1,FCHO2,0.009648978
333,323,RCSD1,SELPLG,0.004114325
333,203,RCSD1,CD33,0.0020538385
333,139,RCSD1,CCL3,0.0019566184
333,207,RCSD1,BLNK,0.0017868
333,86,RCSD1,METTL7A1,0.0017838775
333,419,RCSD1,NCF1,0.0017650368
333,319,RCSD1,CD74,0.0017426942
333,63,RCSD1,ENG,0.0017320729
333,132,RCSD1,OAS2,0.0016898426
333,332,RCSD1,IPCEF1,0.001686135
333,417,RCSD1,UBA7,0.0016721705
333,267,RCSD1,CLEC12A,0.0016277543
333,172,RCSD1,EPSTI1,0.0016194476
333,276,RCSD1,H2-Q6,0.0016078616
472,115,REL,LTB,0.03372979
472,323,REL,SELPLG,0.032125466
472,224,REL,PLSCR4,0.028987702
472,260,REL,RHOF,0.028986704
472,197,REL,POLA2,0.02705389
472,556,REL,ITGB7,0.026892345
472,198,REL,CMAH,0.026117811
472,102,REL,FUT8,0.025295004
472,217,REL,MYCT1,0.025146283
472,405,REL,GIMAP8,0.02508707
472,147,REL,ERP29,0.024518246
472,180,REL,RGS2,0.024414934
472,455,REL,SNAP23,0.024408739
472,174,REL,PPCDC,0.023907857
472,182,REL,STK17B,0.023907857
472,327,REL,PRIM1,0.023864625
472,339,REL,KCTD12,0.023782585
472,169,REL,MCM4,0.023377199
472,47,REL,LONP2,0.02334568
472,210,REL,CDKN1C,0.02291945
472,262,REL,SSH2,0.02263239
472,135,REL,SLBP,0.021744343
472,525,REL,TXNIP,0.021714758
472,409,REL,TMEM206,0.021552764
472,219,REL,STARD4,0.020886118
472,497,REL,ATP8B4,0.020882081
472,79,REL,MGAT1,0.020833677
472,441,REL,MCM7,0.02061618
472,284,REL,ANXA5,0.019745637
472,24,REL,DYNLL1,0.019666106
472,119,REL,PAG1,0.019336797
472,123,REL,PAFAH2,0.019162657
472,293,REL,MAML3,0.018596077
472,246,REL,KLF6,0.018027598
472,214,REL,FCHO2,0.016726067
472,400,REL,ANKRD44,0.010297394
472,354,REL,PPP1R15A,0.009823449
472,203,REL,CD33,0.0028130328
472,139,REL,CCL3,0.0026648564
472,86,REL,METTL7A1,0.002382236
472,207,REL,BLNK,0.002379888
472,419,REL,NCF1,0.002343994
472,186,REL,IL7R,0.0023419913
472,319,REL,CD74,0.0023053687
472,63,REL,ENG,0.0022934757
472,294,REL,TINAGL1,0.0022689505
472,132,REL,OAS2,0.0022328077
472,332,REL,IPCEF1,0.0022264717
472,267,REL,CLEC12A,0.0021876467
472,172,REL,EPSTI1,0.002124595
448,115,RFTN1,LTB,0.035987798
448,323,RFTN1,SELPLG,0.033167474
448,224,RFTN1,PLSCR4,0.029912876
448,260,RFTN1,RHOF,0.029872568
448,197,RFTN1,POLA2,0.027812168
448,556,RFTN1,ITGB7,0.02768465
448,198,RFTN1,CMAH,0.026808754
448,217,RFTN1,MYCT1,0.026644556
448,102,RFTN1,FUT8,0.025986321
448,400,RFTN1,ANKRD44,0.025845721
448,405,RFTN1,GIMAP8,0.025723655
448,327,RFTN1,PRIM1,0.02514481
448,147,RFTN1,ERP29,0.025066577
448,455,RFTN1,SNAP23,0.02480193
448,174,RFTN1,PPCDC,0.024488918
448,182,RFTN1,STK17B,0.024488902
448,339,RFTN1,KCTD12,0.024299437
448,180,RFTN1,RGS2,0.024051331
448,169,RFTN1,MCM4,0.023891406
448,210,RFTN1,CDKN1C,0.023279436
448,262,RFTN1,SSH2,0.02311083
448,47,RFTN1,LONP2,0.022473997
448,135,RFTN1,SLBP,0.02216955
448,354,RFTN1,PPP1R15A,0.022124195
448,525,RFTN1,TXNIP,0.022079065
448,409,RFTN1,TMEM206,0.021936556
448,497,RFTN1,ATP8B4,0.02124905
448,219,RFTN1,STARD4,0.021232197
448,441,RFTN1,MCM7,0.020974163
448,284,RFTN1,ANXA5,0.019967543
448,119,RFTN1,PAG1,0.019569041
448,123,RFTN1,PAFAH2,0.0193876
448,293,RFTN1,MAML3,0.018703528
448,24,RFTN1,DYNLL1,0.01844993
448,214,RFTN1,FCHO2,0.016773233
448,246,RFTN1,KLF6,0.0127224205
448,79,RFTN1,MGAT1,0.012451301
448,207,RFTN1,BLNK,0.0020641938
448,419,RFTN1,NCF1,0.0020124335
448,294,RFTN1,TINAGL1,0.001986095
448,63,RFTN1,ENG,0.0019751799
448,139,RFTN1,CCL3,0.0019627737
448,132,RFTN1,OAS2,0.0019232753
448,332,RFTN1,IPCEF1,0.0019214455
448,417,RFTN1,UBA7,0.0019089446
448,267,RFTN1,CLEC12A,0.0019021056
448,186,RFTN1,IL7R,0.0017664277
448,494,RFTN1,DUSP5,0.0017370525
448,243,RFTN1,VAMP1,0.001728463
448,203,RFTN1,CD33,0.0017101567
149,115,RGS19,LTB,0.04662051
149,323,RGS19,SELPLG,0.04443453
149,224,RGS19,PLSCR4,0.040268984
149,260,RGS19,RHOF,0.04013919
149,197,RGS19,POLA2,0.03760672
149,556,RGS19,ITGB7,0.037289184
149,198,RGS19,CMAH,0.036183853
149,102,RGS19,FUT8,0.035103813
149,217,RGS19,MYCT1,0.034852028
149,147,RGS19,ERP29,0.03395885
149,455,RGS19,SNAP23,0.033851553
149,174,RGS19,PPCDC,0.033156
149,182,RGS19,STK17B,0.033155978
149,327,RGS19,PRIM1,0.033098087
149,339,RGS19,KCTD12,0.032956947
149,180,RGS19,RGS2,0.032838516
149,169,RGS19,MCM4,0.03243302
149,262,RGS19,SSH2,0.031391535
149,47,RGS19,LONP2,0.030578714
149,354,RGS19,PPP1R15A,0.030141989
149,135,RGS19,SLBP,0.030123997
149,525,RGS19,TXNIP,0.030103512
149,409,RGS19,TMEM206,0.02975229
149,79,RGS19,MGAT1,0.028949767
149,219,RGS19,STARD4,0.02893847
149,497,RGS19,ATP8B4,0.028913425
149,441,RGS19,MCM7,0.028566182
149,284,RGS19,ANXA5,0.027357474
149,24,RGS19,DYNLL1,0.027253764
149,400,RGS19,ANKRD44,0.026986552
149,119,RGS19,PAG1,0.026798017
149,123,RGS19,PAFAH2,0.026547609
149,293,RGS19,MAML3,0.026090803
149,246,RGS19,KLF6,0.024932021
149,214,RGS19,FCHO2,0.023254042
149,405,RGS19,GIMAP8,0.02192297
149,210,RGS19,CDKN1C,0.018954346
149,203,RGS19,CD33,0.003469452
149,139,RGS19,CCL3,0.0032700826
149,207,RGS19,BLNK,0.0031104821
149,267,RGS19,CLEC12A,0.0029021516
149,86,RGS19,METTL7A1,0.0028935405
149,186,RGS19,IL7R,0.0028440494
149,419,RGS19,NCF1,0.0028366174
149,319,RGS19,CD74,0.0027876268
149,63,RGS19,ENG,0.002772965
149,294,RGS19,TINAGL1,0.0027453222
149,132,RGS19,OAS2,0.002693361
149,332,RGS19,IPCEF1,0.0026856828
149,417,RGS19,UBA7,0.0026526344
180,115,RGS2,LTB,0.07714982
180,323,RGS2,SELPLG,0.07369392
180,260,RGS2,RHOF,0.06688337
180,197,RGS2,POLA2,0.0629432
180,556,RGS2,ITGB7,0.0624209
180,198,RGS2,CMAH,0.06075443
180,102,RGS2,FUT8,0.058921732
180,400,RGS2,ANKRD44,0.05844553
180,405,RGS2,GIMAP8,0.05840855
180,217,RGS2,MYCT1,0.058340132
180,455,RGS2,SNAP23,0.057406135
180,147,RGS2,ERP29,0.056826822
180,174,RGS2,PPCDC,0.055678114
180,182,RGS2,STK17B,0.05561146
180,327,RGS2,PRIM1,0.0555657
180,339,RGS2,KCTD12,0.055255093
180,210,RGS2,CDKN1C,0.05346804
180,262,RGS2,SSH2,0.05278375
180,47,RGS2,LONP2,0.052708928
180,354,RGS2,PPP1R15A,0.050694443
180,135,RGS2,SLBP,0.05059563
180,525,RGS2,TXNIP,0.050553385
180,409,RGS2,TMEM206,0.050178602
180,224,RGS2,PLSCR4,0.04935128
180,219,RGS2,STARD4,0.04868684
180,79,RGS2,MGAT1,0.048686817
180,497,RGS2,ATP8B4,0.048564788
180,441,RGS2,MCM7,0.04806882
180,284,RGS2,ANXA5,0.046064373
180,24,RGS2,DYNLL1,0.045838777
180,119,RGS2,PAG1,0.045114655
180,123,RGS2,PAFAH2,0.044695567
180,293,RGS2,MAML3,0.043408934
180,246,RGS2,KLF6,0.041919626
180,214,RGS2,FCHO2,0.03913555
180,169,RGS2,MCM4,0.009896391
180,203,RGS2,CD33,0.0049580373
180,139,RGS2,CCL3,0.0047218483
180,86,RGS2,METTL7A1,0.00405954
180,207,RGS2,BLNK,0.0040453756
180,419,RGS2,NCF1,0.003958311
180,319,RGS2,CD74,0.0038951612
180,63,RGS2,ENG,0.0038649386
180,294,RGS2,TINAGL1,0.0038260208
180,132,RGS2,OAS2,0.0037448583
180,332,RGS2,IPCEF1,0.00373536
180,417,RGS2,UBA7,0.0036885836
180,267,RGS2,CLEC12A,0.0036611578
180,172,RGS2,EPSTI1,0.0035411941
180,276,RGS2,H2-Q6,0.0034818684
260,115,RHOF,LTB,0.17932059
260,323,RHOF,SELPLG,0.17279375
260,224,RHOF,PLSCR4,0.16166787
260,197,RHOF,POLA2,0.15283631
260,556,RHOF,ITGB7,0.1525191
260,198,RHOF,CMAH,0.14815354
260,102,RHOF,FUT8,0.14451976
260,405,RHOF,GIMAP8,0.14435345
260,400,RHOF,ANKRD44,0.14412332
260,217,RHOF,MYCT1,0.14250013
260,455,RHOF,SNAP23,0.13913178
260,182,RHOF,STK17B,0.1384059
260,174,RHOF,PPCDC,0.13839132
260,327,RHOF,PRIM1,0.13751838
260,339,RHOF,KCTD12,0.13670005
260,180,RHOF,RGS2,0.13631141
260,169,RHOF,MCM4,0.13500607
260,210,RHOF,CDKN1C,0.13264543
260,147,RHOF,ERP29,0.13021256
260,47,RHOF,LONP2,0.12815543
260,354,RHOF,PPP1R15A,0.12803751
260,135,RHOF,SLBP,0.1267425
260,409,RHOF,TMEM206,0.12616555
260,525,RHOF,TXNIP,0.12601532
260,219,RHOF,STARD4,0.122232385
260,79,RHOF,MGAT1,0.12223237
260,497,RHOF,ATP8B4,0.12221282
260,441,RHOF,MCM7,0.12135906
260,284,RHOF,ANXA5,0.11644409
260,24,RHOF,DYNLL1,0.11573493
260,119,RHOF,PAG1,0.114363745
260,123,RHOF,PAFAH2,0.113400094
260,293,RHOF,MAML3,0.110382766
260,246,RHOF,KLF6,0.106638096
260,262,RHOF,SSH2,0.102737874
260,214,RHOF,FCHO2,0.10046015
260,203,RHOF,CD33,0.010258585
260,139,RHOF,CCL3,0.008904038
260,86,RHOF,METTL7A1,0.008180196
260,207,RHOF,BLNK,0.008127707
260,186,RHOF,IL7R,0.008076632
260,172,RHOF,EPSTI1,0.0078699235
260,419,RHOF,NCF1,0.0078354
260,294,RHOF,TINAGL1,0.0076848795
260,63,RHOF,ENG,0.007677985
260,332,RHOF,IPCEF1,0.0074072266
260,417,RHOF,UBA7,0.0073480904
260,267,RHOF,CLEC12A,0.0072907233
260,276,RHOF,H2-Q6,0.0068826983
260,494,RHOF,DUSP5,0.0064473995
27,323,RHOH,SELPLG,0.02771276
27,224,RHOH,PLSCR4,0.025054786
27,260,RHOH,RHOF,0.025043817
27,197,RHOH,POLA2,0.02336187
27,556,RHOH,ITGB7,0.023230765
27,198,RHOH,CMAH,0.02256054
27,102,RHOH,FUT8,0.021851707
27,400,RHOH,ANKRD44,0.021753747
27,405,RHOH,GIMAP8,0.02167491
27,147,RHOH,ERP29,0.021199007
27,455,RHOH,SNAP23,0.0210823
27,182,RHOH,STK17B,0.020679863
27,174,RHOH,PPCDC,0.020664152
27,327,RHOH,PRIM1,0.020623324
27,339,RHOH,KCTD12,0.020562403
27,169,RHOH,MCM4,0.020182787
27,210,RHOH,CDKN1C,0.019794872
27,262,RHOH,SSH2,0.019567149
27,47,RHOH,LONP2,0.01908066
27,135,RHOH,SLBP,0.018811256
27,525,RHOH,TXNIP,0.018795095
27,354,RHOH,PPP1R15A,0.018775806
27,409,RHOH,TMEM206,0.018616527
27,497,RHOH,ATP8B4,0.018103875
27,219,RHOH,STARD4,0.018070571
27,441,RHOH,MCM7,0.017839119
27,115,RHOH,LTB,0.017114434
27,284,RHOH,ANXA5,0.01709058
27,24,RHOH,DYNLL1,0.016986169
27,119,RHOH,PAG1,0.01674453
27,123,RHOH,PAFAH2,0.016590253
27,293,RHOH,MAML3,0.016101923
27,79,RHOH,MGAT1,0.015198059
27,214,RHOH,FCHO2,0.014438534
27,180,RHOH,RGS2,0.014202156
27,217,RHOH,MYCT1,0.008989149
27,246,RHOH,KLF6,0.007674694
27,203,RHOH,CD33,0.002590484
27,139,RHOH,CCL3,0.002458566
27,207,RHOH,BLNK,0.0022140278
27,86,RHOH,METTL7A1,0.002211763
27,419,RHOH,NCF1,0.0021817903
27,186,RHOH,IL7R,0.0021757341
27,319,RHOH,CD74,0.0021498206
27,63,RHOH,ENG,0.0021371178
27,294,RHOH,TINAGL1,0.0021078014
27,132,RHOH,OAS2,0.0020798894
27,332,RHOH,IPCEF1,0.0020745331
27,417,RHOH,UBA7,0.0020532804
27,267,RHOH,CLEC12A,0.0020397352
240,115,RNASE6,LTB,0.029004028
240,323,RNASE6,SELPLG,0.027556736
240,224,RNASE6,PLSCR4,0.024839984
240,260,RNASE6,RHOF,0.024816675
240,197,RNASE6,POLA2,0.023101145
240,556,RNASE6,ITGB7,0.022968432
240,198,RNASE6,CMAH,0.02227169
240,102,RNASE6,FUT8,0.021553492
240,400,RNASE6,ANKRD44,0.02148199
240,217,RNASE6,MYCT1,0.021387562
240,147,RNASE6,ERP29,0.020829707
240,455,RNASE6,SNAP23,0.020642914
240,182,RNASE6,STK17B,0.020359466
240,174,RNASE6,PPCDC,0.020357292
240,327,RNASE6,PRIM1,0.020309418
240,339,RNASE6,KCTD12,0.02020639
240,180,RNASE6,RGS2,0.019991795
240,169,RNASE6,MCM4,0.019860338
240,210,RNASE6,CDKN1C,0.019355332
240,262,RNASE6,SSH2,0.019219248
240,47,RNASE6,LONP2,0.018698918
240,354,RNASE6,PPP1R15A,0.018420998
240,525,RNASE6,TXNIP,0.018370721
240,135,RNASE6,SLBP,0.018323828
240,409,RNASE6,TMEM206,0.018254414
240,497,RNASE6,ATP8B4,0.01796578
240,79,RNASE6,MGAT1,0.017667595
240,219,RNASE6,STARD4,0.017667595
240,441,RNASE6,MCM7,0.017462026
240,284,RNASE6,ANXA5,0.016629312
240,119,RNASE6,PAG1,0.01629919
240,123,RNASE6,PAFAH2,0.016147675
240,293,RNASE6,MAML3,0.0155788725
240,246,RNASE6,KLF6,0.01517777
240,214,RNASE6,FCHO2,0.014022706
240,405,RNASE6,GIMAP8,0.0045949365
240,24,RNASE6,DYNLL1,0.0038194566
240,86,RNASE6,METTL7A1,0.0018817981
240,207,RNASE6,BLNK,0.0018797965
240,186,RNASE6,IL7R,0.0018721003
240,419,RNASE6,NCF1,0.0018334839
240,319,RNASE6,CD74,0.0018209205
240,139,RNASE6,CCL3,0.0018174509
240,203,RNASE6,CD33,0.0018173081
240,294,RNASE6,TINAGL1,0.0018099189
240,63,RNASE6,ENG,0.0018017878
240,332,RNASE6,IPCEF1,0.001757898
240,132,RNASE6,OAS2,0.0017560424
240,417,RNASE6,UBA7,0.0017474171
240,267,RNASE6,CLEC12A,0.0017440758
78,115,RNF125,LTB,0.039188445
78,323,RNF125,SELPLG,0.037319504
78,224,RNF125,PLSCR4,0.033751648
78,260,RNF125,RHOF,0.033676922
78,197,RNF125,POLA2,0.03145347
78,556,RNF125,ITGB7,0.03125361
78,198,RNF125,CMAH,0.030351855
78,102,RNF125,FUT8,0.029393528
78,400,RNF125,ANKRD44,0.029231364
78,217,RNF125,MYCT1,0.029195113
78,147,RNF125,ERP29,0.028445262
78,455,RNF125,SNAP23,0.028326351
78,182,RNF125,STK17B,0.027762422
78,327,RNF125,PRIM1,0.027713934
78,339,RNF125,KCTD12,0.027597295
78,180,RNF125,RGS2,0.027427258
78,169,RNF125,MCM4,0.027145231
78,210,RNF125,CDKN1C,0.02659871
78,262,RNF125,SSH2,0.026271738
78,47,RNF125,LONP2,0.025592417
78,135,RNF125,SLBP,0.02523769
78,354,RNF125,PPP1R15A,0.025217429
78,525,RNF125,TXNIP,0.025184214
78,409,RNF125,TMEM206,0.024965987
78,79,RNF125,MGAT1,0.024221227
78,219,RNF125,STARD4,0.024221227
78,497,RNF125,ATP8B4,0.024203567
78,441,RNF125,MCM7,0.023902748
78,284,RNF125,ANXA5,0.02287792
78,24,RNF125,DYNLL1,0.022808189
78,119,RNF125,PAG1,0.022408804
78,123,RNF125,PAFAH2,0.02220006
78,293,RNF125,MAML3,0.021533743
78,246,RNF125,KLF6,0.020860171
78,214,RNF125,FCHO2,0.01942952
78,174,RNF125,PPCDC,0.018971981
78,405,RNF125,GIMAP8,0.012776666
78,203,RNF125,CD33,0.003022988
78,139,RNF125,CCL3,0.0028540834
78,86,RNF125,METTL7A1,0.0025361823
78,207,RNF125,BLNK,0.0025308633
78,186,RNF125,IL7R,0.00249515
78,419,RNF125,NCF1,0.0024871933
78,319,RNF125,CD74,0.0024508587
78,63,RNF125,ENG,0.0024345974
78,294,RNF125,TINAGL1,0.0024124885
78,132,RNF125,OAS2,0.002365523
78,332,RNF125,IPCEF1,0.0023593318
78,417,RNF125,UBA7,0.0023349605
78,267,RNF125,CLEC12A,0.002318779
353,115,RNF13,LTB,0.041310627
353,323,RNF13,SELPLG,0.039355814
353,224,RNF13,PLSCR4,0.035619162
353,260,RNF13,RHOF,0.0355306
353,197,RNF13,POLA2,0.03320528
353,556,RNF13,ITGB7,0.032986585
353,198,RNF13,CMAH,0.032046244
353,400,RNF13,ANKRD44,0.030859452
353,217,RNF13,MYCT1,0.030807467
353,405,RNF13,GIMAP8,0.030768508
353,455,RNF13,SNAP23,0.029930191
353,182,RNF13,STK17B,0.029319076
353,327,RNF13,PRIM1,0.029231898
353,339,RNF13,KCTD12,0.02909837
353,180,RNF13,RGS2,0.029022995
353,169,RNF13,MCM4,0.0286746
353,210,RNF13,CDKN1C,0.02811332
353,262,RNF13,SSH2,0.027753942
353,47,RNF13,LONP2,0.02703995
353,147,RNF13,ERP29,0.02668761
353,354,RNF13,PPP1R15A,0.026647622
353,135,RNF13,SLBP,0.02664179
353,525,RNF13,TXNIP,0.026619906
353,79,RNF13,MGAT1,0.025596831
353,497,RNF13,ATP8B4,0.02557296
353,284,RNF13,ANXA5,0.024188671
353,24,RNF13,DYNLL1,0.024095912
353,119,RNF13,PAG1,0.023691596
353,123,RNF13,PAFAH2,0.023470897
353,293,RNF13,MAML3,0.022778833
353,246,RNF13,KLF6,0.022053635
353,441,RNF13,MCM7,0.021456081
353,174,RNF13,PPCDC,0.020600742
353,214,RNF13,FCHO2,0.020560585
353,102,RNF13,FUT8,0.012273905
353,409,RNF13,TMEM206,0.012041332
353,219,RNF13,STARD4,0.005598963
353,139,RNF13,CCL3,0.0032624449
353,203,RNF13,CD33,0.0031822918
353,332,RNF13,IPCEF1,0.0027024844
353,86,RNF13,METTL7A1,0.0026670648
353,207,RNF13,BLNK,0.0026614352
353,419,RNF13,NCF1,0.0026228426
353,186,RNF13,IL7R,0.0026227003
353,319,RNF13,CD74,0.0025746357
353,63,RNF13,ENG,0.0025587063
353,294,RNF13,TINAGL1,0.0025343434
353,132,RNF13,OAS2,0.0024873896
353,417,RNF13,UBA7,0.002450834
353,267,RNF13,CLEC12A,0.0024349496
298,115,RNF213,LTB,0.024381856
298,224,RNF213,PLSCR4,0.020919645
298,260,RNF213,RHOF,0.020904351
298,197,RNF213,POLA2,0.019497754
298,556,RNF213,ITGB7,0.0194023
298,198,RNF213,CMAH,0.018827686
298,102,RNF213,FUT8,0.018205708
298,400,RNF213,ANKRD44,0.018167628
298,217,RNF213,MYCT1,0.018138686
298,405,RNF213,GIMAP8,0.018092986
298,147,RNF213,ERP29,0.01769573
298,455,RNF213,SNAP23,0.01759993
298,262,RNF213,SSH2,0.017257571
298,182,RNF213,STK17B,0.017248807
298,174,RNF213,PPCDC,0.017244063
298,327,RNF213,PRIM1,0.017213793
298,180,RNF213,RGS2,0.017031325
298,169,RNF213,MCM4,0.016855452
298,210,RNF213,CDKN1C,0.016506651
298,47,RNF213,LONP2,0.01592481
298,135,RNF213,SLBP,0.015699789
298,525,RNF213,TXNIP,0.015687274
298,354,RNF213,PPP1R15A,0.015676688
298,409,RNF213,TMEM206,0.015534684
298,497,RNF213,ATP8B4,0.0150844185
298,219,RNF213,STARD4,0.015070526
298,79,RNF213,MGAT1,0.015070519
298,441,RNF213,MCM7,0.014885778
298,24,RNF213,DYNLL1,0.014270406
298,284,RNF213,ANXA5,0.01424579
298,119,RNF213,PAG1,0.01396035
298,123,RNF213,PAFAH2,0.013831792
298,323,RNF213,SELPLG,0.013477009
298,293,RNF213,MAML3,0.013374584
298,246,RNF213,KLF6,0.01300152
298,339,RNF213,KCTD12,0.012412581
298,214,RNF213,FCHO2,0.011973808
298,203,RNF213,CD33,0.0022608398
298,139,RNF213,CCL3,0.0021449183
298,207,RNF213,BLNK,0.0019463985
298,86,RNF213,METTL7A1,0.0019449403
298,419,RNF213,NCF1,0.0019189544
298,186,RNF213,IL7R,0.0019156011
298,319,RNF213,CD74,0.0018939755
298,63,RNF213,ENG,0.0018815142
298,294,RNF213,TINAGL1,0.0018561117
298,132,RNF213,OAS2,0.0018340835
298,332,RNF213,IPCEF1,0.0018295943
298,417,RNF213,UBA7,0.001813243
298,267,RNF213,CLEC12A,0.0018034402
488,323,RNF38,SELPLG,0.04670956
488,260,RNF38,RHOF,0.04221694
488,197,RNF38,POLA2,0.039510116
488,556,RNF38,ITGB7,0.039229978
488,198,RNF38,CMAH,0.038127616
488,102,RNF38,FUT8,0.036936246
488,217,RNF38,MYCT1,0.036663316
488,405,RNF38,GIMAP8,0.03661936
488,147,RNF38,ERP29,0.03571491
488,455,RNF38,SNAP23,0.035612438
488,182,RNF38,STK17B,0.03488517
488,327,RNF38,PRIM1,0.03482197
488,339,RNF38,KCTD12,0.034671754
488,180,RNF38,RGS2,0.034553267
488,169,RNF38,MCM4,0.034125704
488,210,RNF38,CDKN1C,0.033469584
488,262,RNF38,SSH2,0.032986663
488,115,RNF38,LTB,0.032261048
488,47,RNF38,LONP2,0.03212566
488,135,RNF38,SLBP,0.0316909
488,525,RNF38,TXNIP,0.031669527
488,409,RNF38,TMEM206,0.03138878
488,219,RNF38,STARD4,0.030797862
488,79,RNF38,MGAT1,0.03045737
488,441,RNF38,MCM7,0.030054266
488,284,RNF38,ANXA5,0.028787581
488,24,RNF38,DYNLL1,0.028671129
488,119,RNF38,PAG1,0.028193159
488,123,RNF38,PAFAH2,0.027929325
488,293,RNF38,MAML3,0.02711266
488,246,RNF38,KLF6,0.026223332
488,214,RNF38,FCHO2,0.024459057
488,174,RNF38,PPCDC,0.024175132
488,400,RNF38,ANKRD44,0.021658566
488,224,RNF38,PLSCR4,0.018545384
488,497,RNF38,ATP8B4,0.017816894
488,354,RNF38,PPP1R15A,0.014078936
488,203,RNF38,CD33,0.0035843109
488,139,RNF38,CCL3,0.0033772015
488,86,RNF38,METTL7A1,0.0029843382
488,207,RNF38,BLNK,0.002972331
488,186,RNF38,IL7R,0.0029330405
488,419,RNF38,NCF1,0.0029243436
488,319,RNF38,CD74,0.0028740743
488,63,RNF38,ENG,0.0028581696
488,132,RNF38,OAS2,0.0027753357
488,332,RNF38,IPCEF1,0.0027674353
488,417,RNF38,UBA7,0.0027330793
488,267,RNF38,CLEC12A,0.002714055
488,172,RNF38,EPSTI1,0.0026318592
289,97,ROBO4,MYC,0.71429557
289,246,ROBO4,KLF6,0.7105279
289,497,ROBO4,ATP8B4,0.70518696
289,441,ROBO4,MCM7,0.7046144
289,135,ROBO4,SLBP,0.70285743
289,409,ROBO4,TMEM206,0.70056367
289,400,ROBO4,ANKRD44,0.6989498
289,174,ROBO4,PPCDC,0.6968352
289,182,ROBO4,STK17B,0.6968352
289,79,ROBO4,MGAT1,0.6968269
289,219,ROBO4,STARD4,0.6968269
289,327,ROBO4,PRIM1,0.69617486
289,262,ROBO4,SSH2,0.6951797
289,556,ROBO4,ITGB7,0.69134706
289,119,ROBO4,PAG1,0.6911957
289,405,ROBO4,GIMAP8,0.6907008
289,169,ROBO4,MCM4,0.68909115
289,354,ROBO4,PPP1R15A,0.68898845
289,47,ROBO4,LONP2,0.6889375
289,24,ROBO4,DYNLL1,0.68683684
289,102,ROBO4,FUT8,0.6846261
289,339,ROBO4,KCTD12,0.68360114
289,525,ROBO4,TXNIP,0.68265104
289,284,ROBO4,ANXA5,0.68166316
289,287,ROBO4,CSF3R,0.6813309
289,198,ROBO4,CMAH,0.68025756
289,217,ROBO4,MYCT1,0.6777093
289,260,ROBO4,RHOF,0.67638147
289,197,ROBO4,POLA2,0.67586786
289,147,ROBO4,ERP29,0.67325574
289,293,ROBO4,MAML3,0.6691954
289,224,ROBO4,PLSCR4,0.66735506
289,214,ROBO4,FCHO2,0.6602767
289,323,ROBO4,SELPLG,0.65469867
289,145,ROBO4,SPI1,0.652831
289,19,ROBO4,UBASH3A,0.651819
289,115,ROBO4,LTB,0.65094286
289,180,ROBO4,RGS2,0.6451739
289,363,ROBO4,XRCC6,0.6427982
289,455,ROBO4,SNAP23,0.64132816
289,404,ROBO4,NHP2,0.63861
289,283,ROBO4,SAT1,0.63860404
289,555,ROBO4,CKS1B,0.6374101
289,335,ROBO4,SLC22A3,0.6369119
289,225,ROBO4,CDT1,0.636507
289,123,ROBO4,PAFAH2,0.6347284
289,84,ROBO4,SLC39A6,0.6336137
289,7,ROBO4,AKNA,0.63281107
289,526,ROBO4,SERP1,0.6321951
289,66,ROBO4,CCR7,0.6320571
364,323,RORA,SELPLG,0.022349866
364,115,RORA,LTB,0.020644404
364,260,RORA,RHOF,0.020178214
364,224,RORA,PLSCR4,0.02016719
364,556,RORA,ITGB7,0.018713938
364,198,RORA,CMAH,0.018262727
364,102,RORA,FUT8,0.017563088
364,400,RORA,ANKRD44,0.017529616
364,217,RORA,MYCT1,0.017499495
364,405,RORA,GIMAP8,0.017456137
364,147,RORA,ERP29,0.017074926
364,455,RORA,SNAP23,0.016963564
364,174,RORA,PPCDC,0.01664636
364,182,RORA,STK17B,0.01664636
364,327,RORA,PRIM1,0.016612237
364,339,RORA,KCTD12,0.016562356
364,180,RORA,RGS2,0.016431507
364,169,RORA,MCM4,0.016267095
364,210,RORA,CDKN1C,0.015915157
364,262,RORA,SSH2,0.015761022
364,354,RORA,PPP1R15A,0.015135191
364,525,RORA,TXNIP,0.015133685
364,135,RORA,SLBP,0.015120656
364,409,RORA,TMEM206,0.015000361
364,497,RORA,ATP8B4,0.014568854
364,219,RORA,STARD4,0.014553588
364,79,RORA,MGAT1,0.014553581
364,47,RORA,LONP2,0.013994497
364,284,RORA,ANXA5,0.013760118
364,24,RORA,DYNLL1,0.01370082
364,119,RORA,PAG1,0.01347538
364,123,RORA,PAFAH2,0.013349363
364,293,RORA,MAML3,0.0128928805
364,246,RORA,KLF6,0.0125400005
364,197,RORA,POLA2,0.011180882
364,441,RORA,MCM7,0.009719696
364,214,RORA,FCHO2,0.0070183487
364,203,RORA,CD33,0.0022232684
364,139,RORA,CCL3,0.002112784
364,207,RORA,BLNK,0.0019170046
364,86,RORA,METTL7A1,0.0019157861
364,186,RORA,IL7R,0.0018877983
364,419,RORA,NCF1,0.0018862421
364,319,RORA,CD74,0.001863259
364,63,RORA,ENG,0.0018529024
364,294,RORA,TINAGL1,0.0018326174
364,132,RORA,OAS2,0.0018069802
364,332,RORA,IPCEF1,0.0018033364
364,417,RORA,UBA7,0.0017875367
364,267,RORA,CLEC12A,0.0017783771
515,115,RP2,LTB,0.026628828
515,323,RP2,SELPLG,0.025369212
515,224,RP2,PLSCR4,0.022897616
515,197,RP2,POLA2,0.02136129
515,556,RP2,ITGB7,0.021244597
515,198,RP2,CMAH,0.020889612
515,102,RP2,FUT8,0.020375596
515,217,RP2,MYCT1,0.019897617
515,400,RP2,ANKRD44,0.019884937
515,405,RP2,GIMAP8,0.019832874
515,147,RP2,ERP29,0.019417923
515,455,RP2,SNAP23,0.0192484
515,174,RP2,PPCDC,0.01913578
515,327,RP2,PRIM1,0.018883472
515,339,RP2,KCTD12,0.01883409
515,180,RP2,RGS2,0.018655464
515,169,RP2,MCM4,0.018501643
515,210,RP2,CDKN1C,0.018137777
515,262,RP2,SSH2,0.017922439
515,47,RP2,LONP2,0.017494159
515,135,RP2,SLBP,0.017241599
515,525,RP2,TXNIP,0.017232146
515,354,RP2,PPP1R15A,0.017207542
515,409,RP2,TMEM206,0.017062526
515,497,RP2,ATP8B4,0.016573837
515,79,RP2,MGAT1,0.016567808
515,219,RP2,STARD4,0.0165678
515,441,RP2,MCM7,0.016318643
515,284,RP2,ANXA5,0.015581168
515,119,RP2,PAG1,0.015253892
515,123,RP2,PAFAH2,0.015110832
515,246,RP2,KLF6,0.014211212
515,260,RP2,RHOF,0.013702606
515,214,RP2,FCHO2,0.013111654
515,293,RP2,MAML3,0.012576088
515,24,RP2,DYNLL1,0.00889012
515,182,RP2,STK17B,0.0045215264
515,203,RP2,CD33,0.0025105008
515,139,RP2,CCL3,0.002283784
515,207,RP2,BLNK,0.0021556888
515,86,RP2,METTL7A1,0.0021541528
515,419,RP2,NCF1,0.0021303145
515,186,RP2,IL7R,0.0021175747
515,319,RP2,CD74,0.0020979254
515,63,RP2,ENG,0.002086546
515,294,RP2,TINAGL1,0.0020540026
515,132,RP2,OAS2,0.0020316492
515,332,RP2,IPCEF1,0.0020260687
515,417,RP2,UBA7,0.0020046015
515,267,RP2,CLEC12A,0.0019911134
402,115,RRAS,LTB,0.040024146
402,323,RRAS,SELPLG,0.038116243
402,260,RRAS,RHOF,0.03441962
402,197,RRAS,POLA2,0.03213019
402,556,RRAS,ITGB7,0.031924274
402,198,RRAS,CMAH,0.03100358
402,102,RRAS,FUT8,0.030024685
402,400,RRAS,ANKRD44,0.029856859
402,217,RRAS,MYCT1,0.029819012
402,405,RRAS,GIMAP8,0.029771447
402,147,RRAS,ERP29,0.029051583
402,455,RRAS,SNAP23,0.028931573
402,174,RRAS,PPCDC,0.02835682
402,182,RRAS,STK17B,0.028356807
402,327,RRAS,PRIM1,0.028271234
402,339,RRAS,KCTD12,0.028186288
402,180,RRAS,RGS2,0.028049883
402,169,RRAS,MCM4,0.027726498
402,210,RRAS,CDKN1C,0.027167538
402,262,RRAS,SSH2,0.026833571
402,47,RRAS,LONP2,0.026137637
402,354,RRAS,PPP1R15A,0.02575558
402,135,RRAS,SLBP,0.02575543
402,224,RRAS,PLSCR4,0.025132554
402,497,RRAS,ATP8B4,0.024992466
402,79,RRAS,MGAT1,0.02473687
402,219,RRAS,STARD4,0.024704771
402,441,RRAS,MCM7,0.02441132
402,284,RRAS,ANXA5,0.0233594
402,24,RRAS,DYNLL1,0.023274552
402,525,RRAS,TXNIP,0.023244621
402,119,RRAS,PAG1,0.022884171
402,123,RRAS,PAFAH2,0.022670832
402,246,RRAS,KLF6,0.021299625
402,214,RRAS,FCHO2,0.019837165
402,409,RRAS,TMEM206,0.018086735
402,293,RRAS,MAML3,0.013886869
402,203,RRAS,CD33,0.002882839
402,139,RRAS,CCL3,0.0027424712
402,86,RRAS,METTL7A1,0.0025633823
402,207,RRAS,BLNK,0.0025575624
402,186,RRAS,IL7R,0.0025180685
402,419,RRAS,NCF1,0.0025122042
402,63,RRAS,ENG,0.0024589405
402,294,RRAS,TINAGL1,0.0024378607
402,132,RRAS,OAS2,0.002408865
402,332,RRAS,IPCEF1,0.0023834591
402,417,RRAS,UBA7,0.0023561262
402,267,RRAS,CLEC12A,0.0023420393
402,319,RRAS,CD74,0.0023122875
70,323,RUNX1T1,SELPLG,0.07400011
70,260,RUNX1T1,RHOF,0.06860123
70,224,RUNX1T1,PLSCR4,0.067579284
70,556,RUNX1T1,ITGB7,0.06259806
70,198,RUNX1T1,CMAH,0.06164163
70,400,RUNX1T1,ANKRD44,0.059199814
70,102,RUNX1T1,FUT8,0.059042297
70,217,RUNX1T1,MYCT1,0.058466546
70,180,RUNX1T1,RGS2,0.05702406
70,147,RUNX1T1,ERP29,0.05693524
70,455,RUNX1T1,SNAP23,0.05683327
70,182,RUNX1T1,STK17B,0.055866208
70,174,RUNX1T1,PPCDC,0.055819243
70,327,RUNX1T1,PRIM1,0.055659253
70,339,RUNX1T1,KCTD12,0.055346046
70,169,RUNX1T1,MCM4,0.054578505
70,262,RUNX1T1,SSH2,0.053798232
70,210,RUNX1T1,CDKN1C,0.053529467
70,47,RUNX1T1,LONP2,0.051405013
70,525,RUNX1T1,TXNIP,0.05066767
70,354,RUNX1T1,PPP1R15A,0.05058942
70,115,RUNX1T1,LTB,0.049042005
70,219,RUNX1T1,STARD4,0.04870426
70,497,RUNX1T1,ATP8B4,0.048451323
70,441,RUNX1T1,MCM7,0.048072882
70,284,RUNX1T1,ANXA5,0.045797583
70,24,RUNX1T1,DYNLL1,0.04557721
70,119,RUNX1T1,PAG1,0.045096982
70,123,RUNX1T1,PAFAH2,0.0446682
70,293,RUNX1T1,MAML3,0.043350156
70,79,RUNX1T1,MGAT1,0.04120045
70,197,RUNX1T1,POLA2,0.040714663
70,214,RUNX1T1,FCHO2,0.03905128
70,135,RUNX1T1,SLBP,0.039051052
70,405,RUNX1T1,GIMAP8,0.037206866
70,246,RUNX1T1,KLF6,0.024271738
70,203,RUNX1T1,CD33,0.004843419
70,139,RUNX1T1,CCL3,0.0045316378
70,409,RUNX1T1,TMEM206,0.0041483273
70,86,RUNX1T1,METTL7A1,0.003954701
70,207,RUNX1T1,BLNK,0.003941354
70,419,RUNX1T1,NCF1,0.0038491348
70,63,RUNX1T1,ENG,0.0037603765
70,294,RUNX1T1,TINAGL1,0.003734049
70,276,RUNX1T1,H2-Q6,0.0036726925
70,132,RUNX1T1,OAS2,0.0036409532
70,332,RUNX1T1,IPCEF1,0.003633728
70,417,RUNX1T1,UBA7,0.003582074
70,267,RUNX1T1,CLEC12A,0.003559154
70,172,RUNX1T1,EPSTI1,0.0034458174
512,115,RUNX2,LTB,0.02224063
512,323,RUNX2,SELPLG,0.021281233
512,260,RUNX2,RHOF,0.019205702
512,224,RUNX2,PLSCR4,0.019191435
512,197,RUNX2,POLA2,0.017897554
512,556,RUNX2,ITGB7,0.017881813
512,198,RUNX2,CMAH,0.01728874
512,102,RUNX2,FUT8,0.016749704
512,400,RUNX2,ANKRD44,0.01669209
512,217,RUNX2,MYCT1,0.016664391
512,405,RUNX2,GIMAP8,0.0166209
512,147,RUNX2,ERP29,0.016262067
512,455,RUNX2,SNAP23,0.016155578
512,182,RUNX2,STK17B,0.01586621
512,174,RUNX2,PPCDC,0.015853528
512,327,RUNX2,PRIM1,0.015821451
512,339,RUNX2,KCTD12,0.015775489
512,180,RUNX2,RGS2,0.015649745
512,210,RUNX2,CDKN1C,0.01517298
512,262,RUNX2,SSH2,0.015011251
512,47,RUNX2,LONP2,0.014648188
512,525,RUNX2,TXNIP,0.014473935
512,135,RUNX2,SLBP,0.014444566
512,409,RUNX2,TMEM206,0.014292773
512,497,RUNX2,ATP8B4,0.0138847
512,219,RUNX2,STARD4,0.013869542
512,79,RUNX2,MGAT1,0.013869529
512,441,RUNX2,MCM7,0.0136903785
512,169,RUNX2,MCM4,0.013247414
512,284,RUNX2,ANXA5,0.013099893
512,24,RUNX2,DYNLL1,0.013061081
512,119,RUNX2,PAG1,0.0128416475
512,123,RUNX2,PAFAH2,0.012722073
512,293,RUNX2,MAML3,0.0122893555
512,246,RUNX2,KLF6,0.011955656
512,214,RUNX2,FCHO2,0.011024478
512,354,RUNX2,PPP1R15A,0.0105082765
512,203,RUNX2,CD33,0.002178247
512,139,RUNX2,CCL3,0.0020711282
512,207,RUNX2,BLNK,0.0018818473
512,86,RUNX2,METTL7A1,0.0018804533
512,419,RUNX2,NCF1,0.001854193
512,186,RUNX2,IL7R,0.0018533893
512,319,RUNX2,CD74,0.0018319834
512,63,RUNX2,ENG,0.0018174872
512,294,RUNX2,TINAGL1,0.0017968392
512,132,RUNX2,OAS2,0.0017748238
512,332,RUNX2,IPCEF1,0.0017713474
512,417,RUNX2,UBA7,0.0017563191
512,267,RUNX2,CLEC12A,0.0017473607
435,115,S100A6,LTB,0.028883876
435,323,S100A6,SELPLG,0.027503142
435,224,S100A6,PLSCR4,0.02482675
435,260,S100A6,RHOF,0.024816375
435,197,S100A6,POLA2,0.02314653
435,556,S100A6,ITGB7,0.023018265
435,198,S100A6,CMAH,0.022370866
435,102,S100A6,FUT8,0.021648005
435,400,S100A6,ANKRD44,0.021552457
435,217,S100A6,MYCT1,0.021530949
435,405,S100A6,GIMAP8,0.021448556
435,147,S100A6,ERP29,0.020997738
435,455,S100A6,SNAP23,0.020892749
435,182,S100A6,STK17B,0.020470599
435,174,S100A6,PPCDC,0.020470597
435,327,S100A6,PRIM1,0.020433832
435,180,S100A6,RGS2,0.020243622
435,169,S100A6,MCM4,0.020014675
435,210,S100A6,CDKN1C,0.019618643
435,262,S100A6,SSH2,0.019381339
435,47,S100A6,LONP2,0.018885566
435,135,S100A6,SLBP,0.018631615
435,525,S100A6,TXNIP,0.018612932
435,354,S100A6,PPP1R15A,0.018592762
435,409,S100A6,TMEM206,0.018438404
435,497,S100A6,ATP8B4,0.017898777
435,219,S100A6,STARD4,0.017895794
435,441,S100A6,MCM7,0.017667232
435,284,S100A6,ANXA5,0.016921552
435,24,S100A6,DYNLL1,0.01685497
435,119,S100A6,PAG1,0.016579365
435,123,S100A6,PAFAH2,0.016426606
435,293,S100A6,MAML3,0.015952758
435,246,S100A6,KLF6,0.015467546
435,339,S100A6,KCTD12,0.014807213
435,214,S100A6,FCHO2,0.014533462
435,79,S100A6,MGAT1,0.013127169
435,139,S100A6,CCL3,0.0024265712
435,207,S100A6,BLNK,0.0021847687
435,86,S100A6,METTL7A1,0.0021844972
435,419,S100A6,NCF1,0.0021536343
435,186,S100A6,IL7R,0.0021496653
435,319,S100A6,CD74,0.0021228974
435,63,S100A6,ENG,0.00210997
435,294,S100A6,TINAGL1,0.002082496
435,132,S100A6,OAS2,0.0020537279
435,267,S100A6,CLEC12A,0.002013678
435,172,S100A6,EPSTI1,0.00196012
435,276,S100A6,H2-Q6,0.0019422208
435,417,S100A6,UBA7,0.0019375861
238,115,SAMSN1,LTB,0.03697786
238,323,SAMSN1,SELPLG,0.035212506
238,224,SAMSN1,PLSCR4,0.031844776
238,260,SAMSN1,RHOF,0.03178678
238,197,SAMSN1,POLA2,0.029685112
238,556,SAMSN1,ITGB7,0.029463429
238,198,SAMSN1,CMAH,0.02865295
238,102,SAMSN1,FUT8,0.027750842
238,400,SAMSN1,ANKRD44,0.027601467
238,217,SAMSN1,MYCT1,0.027575519
238,147,SAMSN1,ERP29,0.02687216
238,455,SAMSN1,SNAP23,0.02676606
238,182,SAMSN1,STK17B,0.026219277
238,174,SAMSN1,PPCDC,0.026216634
238,327,SAMSN1,PRIM1,0.026174705
238,339,SAMSN1,KCTD12,0.026072742
238,180,SAMSN1,RGS2,0.025947478
238,169,SAMSN1,MCM4,0.025640855
238,210,SAMSN1,CDKN1C,0.025137022
238,262,SAMSN1,SSH2,0.024819883
238,47,SAMSN1,LONP2,0.024188284
238,354,SAMSN1,PPP1R15A,0.02385228
238,525,SAMSN1,TXNIP,0.023814308
238,135,SAMSN1,SLBP,0.023687849
238,409,SAMSN1,TMEM206,0.023594525
238,497,SAMSN1,ATP8B4,0.023217386
238,219,SAMSN1,STARD4,0.02289774
238,79,SAMSN1,MGAT1,0.022897733
238,441,SAMSN1,MCM7,0.022596361
238,284,SAMSN1,ANXA5,0.021640012
238,119,SAMSN1,PAG1,0.021197125
238,123,SAMSN1,PAFAH2,0.021000333
238,293,SAMSN1,MAML3,0.020380355
238,246,SAMSN1,KLF6,0.019744039
238,214,SAMSN1,FCHO2,0.018408095
238,405,SAMSN1,GIMAP8,0.0064313347
238,24,SAMSN1,DYNLL1,0.0047182306
238,86,SAMSN1,METTL7A1,0.0024999625
238,207,SAMSN1,BLNK,0.002497508
238,186,SAMSN1,IL7R,0.0024589181
238,419,SAMSN1,NCF1,0.0024576704
238,139,SAMSN1,CCL3,0.0024360153
238,203,SAMSN1,CD33,0.0024351336
238,319,SAMSN1,CD74,0.0024208021
238,63,SAMSN1,ENG,0.002405749
238,294,SAMSN1,TINAGL1,0.0023785015
238,132,SAMSN1,OAS2,0.0023336501
238,332,SAMSN1,IPCEF1,0.0023314152
238,417,SAMSN1,UBA7,0.0023050704
238,267,SAMSN1,CLEC12A,0.00229044
283,115,SAT1,LTB,0.039499972
283,323,SAT1,SELPLG,0.03762518
283,224,SAT1,PLSCR4,0.034090016
283,260,SAT1,RHOF,0.03398216
283,197,SAT1,POLA2,0.03176243
283,556,SAT1,ITGB7,0.03155438
283,198,SAT1,CMAH,0.030659819
283,102,SAT1,FUT8,0.02969782
283,400,SAT1,ANKRD44,0.029529283
283,217,SAT1,MYCT1,0.029467404
283,405,SAT1,GIMAP8,0.029446166
283,147,SAT1,ERP29,0.028789079
283,455,SAT1,SNAP23,0.02864638
283,180,SAT1,RGS2,0.02811325
283,182,SAT1,STK17B,0.02805881
283,327,SAT1,PRIM1,0.028011689
283,174,SAT1,PPCDC,0.027911523
283,339,SAT1,KCTD12,0.027896417
283,169,SAT1,MCM4,0.027445713
283,210,SAT1,CDKN1C,0.026916418
283,262,SAT1,SSH2,0.026567724
283,47,SAT1,LONP2,0.025889387
283,354,SAT1,PPP1R15A,0.025536662
283,135,SAT1,SLBP,0.025511239
283,525,SAT1,TXNIP,0.02549483
283,409,SAT1,TMEM206,0.0252574
283,79,SAT1,MGAT1,0.024514887
283,497,SAT1,ATP8B4,0.024492685
283,441,SAT1,MCM7,0.024190472
283,284,SAT1,ANXA5,0.023176437
283,24,SAT1,DYNLL1,0.023087876
283,123,SAT1,PAFAH2,0.02248914
283,293,SAT1,MAML3,0.02183514
283,246,SAT1,KLF6,0.02114062
283,214,SAT1,FCHO2,0.019721018
283,119,SAT1,PAG1,0.01884335
283,219,SAT1,STARD4,0.0054487553
283,203,SAT1,CD33,0.0031406558
283,207,SAT1,BLNK,0.0026343986
283,86,SAT1,METTL7A1,0.0026336096
283,419,SAT1,NCF1,0.0025922686
283,186,SAT1,IL7R,0.0025903361
283,319,SAT1,CD74,0.0025500606
283,63,SAT1,ENG,0.002535485
283,294,SAT1,TINAGL1,0.002508202
283,132,SAT1,OAS2,0.0024649363
283,332,SAT1,IPCEF1,0.0024577957
283,417,SAT1,UBA7,0.0024281405
283,267,SAT1,CLEC12A,0.0024109662
283,172,SAT1,EPSTI1,0.0023417072
367,409,SATB1,TMEM206,0.8426947
367,284,SATB1,ANXA5,0.8365535
367,246,SATB1,KLF6,0.739011
367,169,SATB1,MCM4,0.73233193
367,441,SATB1,MCM7,0.73217297
367,497,SATB1,ATP8B4,0.7317408
367,135,SATB1,SLBP,0.7296892
367,97,SATB1,MYC,0.7288766
367,79,SATB1,MGAT1,0.7257909
367,327,SATB1,PRIM1,0.7253332
367,123,SATB1,PAFAH2,0.7236553
367,182,SATB1,STK17B,0.7234253
367,262,SATB1,SSH2,0.72304803
367,174,SATB1,PPCDC,0.7230233
367,119,SATB1,PAG1,0.7189976
367,400,SATB1,ANKRD44,0.7180028
367,24,SATB1,DYNLL1,0.7179811
367,556,SATB1,ITGB7,0.7175135
367,405,SATB1,GIMAP8,0.7174124
367,354,SATB1,PPP1R15A,0.7163615
367,47,SATB1,LONP2,0.71403253
367,102,SATB1,FUT8,0.7127582
367,198,SATB1,CMAH,0.7108654
367,525,SATB1,TXNIP,0.7075957
367,217,SATB1,MYCT1,0.70236045
367,197,SATB1,POLA2,0.70234305
367,339,SATB1,KCTD12,0.70173025
367,260,SATB1,RHOF,0.6992162
367,293,SATB1,MAML3,0.6988161
367,147,SATB1,ERP29,0.69633543
367,287,SATB1,CSF3R,0.6934176
367,224,SATB1,PLSCR4,0.6926731
367,214,SATB1,FCHO2,0.6902601
367,172,SATB1,EPSTI1,0.6794897
367,210,SATB1,CDKN1C,0.6762569
367,115,SATB1,LTB,0.67071307
367,180,SATB1,RGS2,0.6691086
367,323,SATB1,SELPLG,0.6684555
367,19,SATB1,UBASH3A,0.66441214
367,455,SATB1,SNAP23,0.6631734
367,219,SATB1,STARD4,0.6589621
367,145,SATB1,SPI1,0.64888424
367,283,SATB1,SAT1,0.64789176
367,526,SATB1,SERP1,0.6456732
367,555,SATB1,CKS1B,0.6430446
367,404,SATB1,NHP2,0.64298177
367,243,SATB1,VAMP1,0.64284164
367,228,SATB1,CCL9,0.64203095
367,186,SATB1,IL7R,0.64197826
367,549,SATB1,SLC26A11,0.64120305
447,24,SCARF1,DYNLL1,0.72330076
447,246,SCARF1,KLF6,0.7229491
447,97,SCARF1,MYC,0.71429557
447,497,SCARF1,ATP8B4,0.7050335
447,441,SCARF1,MCM7,0.7046144
447,135,SCARF1,SLBP,0.70285743
447,409,SCARF1,TMEM206,0.70056367
447,400,SCARF1,ANKRD44,0.6989498
447,174,SCARF1,PPCDC,0.6968352
447,182,SCARF1,STK17B,0.6968352
447,219,SCARF1,STARD4,0.6968269
447,327,SCARF1,PRIM1,0.6964305
447,262,SCARF1,SSH2,0.6954627
447,123,SCARF1,PAFAH2,0.69452506
447,556,SCARF1,ITGB7,0.69134706
447,119,SCARF1,PAG1,0.6911957
447,405,SCARF1,GIMAP8,0.691023
447,169,SCARF1,MCM4,0.68909115
447,354,SCARF1,PPP1R15A,0.68898845
447,47,SCARF1,LONP2,0.6889375
447,102,SCARF1,FUT8,0.68520147
447,339,SCARF1,KCTD12,0.68360114
447,525,SCARF1,TXNIP,0.68265104
447,284,SCARF1,ANXA5,0.68166316
447,198,SCARF1,CMAH,0.68025756
447,287,SCARF1,CSF3R,0.6799753
447,260,SCARF1,RHOF,0.67638147
447,197,SCARF1,POLA2,0.67586786
447,147,SCARF1,ERP29,0.6733762
447,217,SCARF1,MYCT1,0.6726592
447,293,SCARF1,MAML3,0.6691954
447,224,SCARF1,PLSCR4,0.66735506
447,214,SCARF1,FCHO2,0.6655938
447,115,SCARF1,LTB,0.6601449
447,145,SCARF1,SPI1,0.652831
447,210,SCARF1,CDKN1C,0.65204453
447,19,SCARF1,UBASH3A,0.6520293
447,323,SCARF1,SELPLG,0.6480545
447,180,SCARF1,RGS2,0.6451739
447,455,SCARF1,SNAP23,0.6409471
447,404,SCARF1,NHP2,0.63843954
447,2,SCARF1,EYA2,0.63775
447,225,SCARF1,CDT1,0.6376584
447,555,SCARF1,CKS1B,0.6374101
447,335,SCARF1,SLC22A3,0.6372253
447,84,SCARF1,SLC39A6,0.6357953
447,228,SCARF1,CCL9,0.6349235
447,7,SCARF1,AKNA,0.63281107
447,526,SCARF1,SERP1,0.6321951
447,552,SCARF1,TLR7,0.6320571
57,115,SDC1,LTB,0.014840583
57,323,SDC1,SELPLG,0.014138389
57,260,SDC1,RHOF,0.012779716
57,224,SDC1,PLSCR4,0.012736485
57,556,SDC1,ITGB7,0.011866661
57,198,SDC1,CMAH,0.0115192635
57,102,SDC1,FUT8,0.0111665
57,400,SDC1,ANKRD44,0.011142365
57,217,SDC1,MYCT1,0.011122768
57,147,SDC1,ERP29,0.0108702425
57,455,SDC1,SNAP23,0.010744281
57,174,SDC1,PPCDC,0.0105942935
57,182,SDC1,STK17B,0.010582355
57,327,SDC1,PRIM1,0.01057015
57,339,SDC1,KCTD12,0.010558587
57,169,SDC1,MCM4,0.010427456
57,180,SDC1,RGS2,0.010392766
57,405,SDC1,GIMAP8,0.010248215
57,262,SDC1,SSH2,0.010156112
57,210,SDC1,CDKN1C,0.010093784
57,47,SDC1,LONP2,0.009841112
57,135,SDC1,SLBP,0.0096391225
57,525,SDC1,TXNIP,0.0096071195
57,409,SDC1,TMEM206,0.009532696
57,497,SDC1,ATP8B4,0.009244662
57,441,SDC1,MCM7,0.009094726
57,24,SDC1,DYNLL1,0.008737451
57,119,SDC1,PAG1,0.00870917
57,284,SDC1,ANXA5,0.008705436
57,79,SDC1,MGAT1,0.008574343
57,123,SDC1,PAFAH2,0.008468018
57,293,SDC1,MAML3,0.008248996
57,246,SDC1,KLF6,0.008134863
57,214,SDC1,FCHO2,0.007563932
57,354,SDC1,PPP1R15A,0.0060122185
57,197,SDC1,POLA2,0.005816594
57,219,SDC1,STARD4,0.0057602245
57,203,SDC1,CD33,0.0017925194
57,139,SDC1,CCL3,0.0017129806
57,207,SDC1,BLNK,0.0015799197
57,86,SDC1,METTL7A1,0.0015759824
57,419,SDC1,NCF1,0.0015598625
57,186,SDC1,IL7R,0.0015543908
57,319,SDC1,CD74,0.0015440403
57,294,SDC1,TINAGL1,0.0015140085
57,132,SDC1,OAS2,0.0014988725
57,332,SDC1,IPCEF1,0.0014964723
57,417,SDC1,UBA7,0.001486071
57,267,SDC1,CLEC12A,0.0014794073
57,276,SDC1,H2-Q6,0.0014346951
113,97,SDSL,MYC,0.71429557
113,409,SDSL,TMEM206,0.71389544
113,246,SDSL,KLF6,0.7105279
113,497,SDSL,ATP8B4,0.7050335
113,441,SDSL,MCM7,0.7046144
113,135,SDSL,SLBP,0.70285743
113,400,SDSL,ANKRD44,0.69952744
113,174,SDSL,PPCDC,0.6968352
113,182,SDSL,STK17B,0.6968352
113,79,SDSL,MGAT1,0.6968269
113,219,SDSL,STARD4,0.6965537
113,327,SDSL,PRIM1,0.6961986
113,262,SDSL,SSH2,0.6954627
113,123,SDSL,PAFAH2,0.69452506
113,556,SDSL,ITGB7,0.69134706
113,119,SDSL,PAG1,0.6911957
113,405,SDSL,GIMAP8,0.6907008
113,169,SDSL,MCM4,0.68909115
113,354,SDSL,PPP1R15A,0.68898845
113,47,SDSL,LONP2,0.6889375
113,24,SDSL,DYNLL1,0.68683684
113,102,SDSL,FUT8,0.6846261
113,525,SDSL,TXNIP,0.68265104
113,284,SDSL,ANXA5,0.68166316
113,198,SDSL,CMAH,0.68025756
113,287,SDSL,CSF3R,0.6799753
113,217,SDSL,MYCT1,0.6777093
113,260,SDSL,RHOF,0.67638147
113,147,SDSL,ERP29,0.67325574
113,293,SDSL,MAML3,0.6691954
113,224,SDSL,PLSCR4,0.66735506
113,214,SDSL,FCHO2,0.6654371
113,145,SDSL,SPI1,0.652831
113,210,SDSL,CDKN1C,0.6524053
113,19,SDSL,UBASH3A,0.6520293
113,115,SDSL,LTB,0.6508146
113,323,SDSL,SELPLG,0.6480545
113,180,SDSL,RGS2,0.6451739
113,455,SDSL,SNAP23,0.64132816
113,404,SDSL,NHP2,0.6386761
113,39,SDSL,NUCB2,0.63867444
113,283,SDSL,SAT1,0.63860404
113,555,SDSL,CKS1B,0.6374101
113,225,SDSL,CDT1,0.63730955
113,335,SDSL,SLC22A3,0.6369119
113,228,SDSL,CCL9,0.6349235
113,84,SDSL,SLC39A6,0.6336137
113,7,SDSL,AKNA,0.63281107
113,526,SDSL,SERP1,0.6321951
113,66,SDSL,CCR7,0.6320571
290,115,SELENOP,LTB,0.028475398
290,323,SELENOP,SELPLG,0.027691439
290,224,SELENOP,PLSCR4,0.02450648
290,260,SELENOP,RHOF,0.02449736
290,197,SELENOP,POLA2,0.022847949
290,556,SELENOP,ITGB7,0.022722142
290,198,SELENOP,CMAH,0.022062898
290,102,SELENOP,FUT8,0.021368893
290,400,SELENOP,ANKRD44,0.021275312
290,217,SELENOP,MYCT1,0.021253454
290,405,SELENOP,GIMAP8,0.021196656
290,147,SELENOP,ERP29,0.020726915
290,455,SELENOP,SNAP23,0.02061804
290,174,SELENOP,PPCDC,0.020206997
290,182,SELENOP,STK17B,0.020206982
290,327,SELENOP,PRIM1,0.020166986
290,339,SELENOP,KCTD12,0.020104773
290,210,SELENOP,CDKN1C,0.019990882
290,180,SELENOP,RGS2,0.019980913
290,169,SELENOP,MCM4,0.019756742
290,262,SELENOP,SSH2,0.01910573
290,47,SELENOP,LONP2,0.018659301
290,135,SELENOP,SLBP,0.01839202
290,354,SELENOP,PPP1R15A,0.018376954
290,525,SELENOP,TXNIP,0.018372703
290,409,SELENOP,TMEM206,0.018201005
290,497,SELENOP,ATP8B4,0.017680833
290,79,SELENOP,MGAT1,0.017665602
290,219,SELENOP,STARD4,0.017665602
290,441,SELENOP,MCM7,0.017439935
290,284,SELENOP,ANXA5,0.016703043
290,24,SELENOP,DYNLL1,0.016638119
290,119,SELENOP,PAG1,0.016365785
290,293,SELENOP,MAML3,0.015733128
290,246,SELENOP,KLF6,0.015269199
290,214,SELENOP,FCHO2,0.01472247
290,123,SELENOP,PAFAH2,0.009781918
290,203,SELENOP,CD33,0.0025379127
290,139,SELENOP,CCL3,0.00240688
290,207,SELENOP,BLNK,0.0021675094
290,86,SELENOP,METTL7A1,0.0021640924
290,419,SELENOP,NCF1,0.00213602
290,186,SELENOP,IL7R,0.0021332216
290,319,SELENOP,CD74,0.002106057
290,294,SELENOP,TINAGL1,0.0020665112
290,132,SELENOP,OAS2,0.0020374146
290,63,SELENOP,ENG,0.0020349757
290,332,SELENOP,IPCEF1,0.002032479
290,417,SELENOP,UBA7,0.0020125485
290,276,SELENOP,H2-Q6,0.002010038
150,115,SELL,LTB,0.03748975
150,323,SELL,SELPLG,0.035672203
150,224,SELL,PLSCR4,0.032229435
150,260,SELL,RHOF,0.032160066
150,197,SELL,POLA2,0.030056164
150,556,SELL,ITGB7,0.029825294
150,198,SELL,CMAH,0.028901726
150,102,SELL,FUT8,0.028022882
150,217,SELL,MYCT1,0.027825018
150,147,SELL,ERP29,0.027095541
150,455,SELL,SNAP23,0.026964506
150,174,SELL,PPCDC,0.026453406
150,182,SELL,STK17B,0.026453398
150,327,SELL,PRIM1,0.026407124
150,339,SELL,KCTD12,0.026283758
150,180,SELL,RGS2,0.026134746
150,169,SELL,MCM4,0.025853924
150,262,SELL,SSH2,0.025013989
150,47,SELL,LONP2,0.024352215
150,135,SELL,SLBP,0.024000278
150,354,SELL,PPP1R15A,0.023992997
150,525,SELL,TXNIP,0.02396063
150,409,SELL,TMEM206,0.02368998
150,79,SELL,MGAT1,0.023036899
150,219,SELL,STARD4,0.023027666
150,497,SELL,ATP8B4,0.023021912
150,441,SELL,MCM7,0.022733193
150,284,SELL,ANXA5,0.02172892
150,24,SELL,DYNLL1,0.021653937
150,400,SELL,ANKRD44,0.021542795
150,119,SELL,PAG1,0.021287337
150,123,SELL,PAFAH2,0.021088341
150,293,SELL,MAML3,0.020693218
150,246,SELL,KLF6,0.019805038
150,214,SELL,FCHO2,0.018408194
150,405,SELL,GIMAP8,0.01731315
150,210,SELL,CDKN1C,0.015182509
150,203,SELL,CD33,0.0028310134
150,139,SELL,CCL3,0.0026690138
150,207,SELL,BLNK,0.002549913
150,267,SELL,CLEC12A,0.0023869094
150,86,SELL,METTL7A1,0.0023778828
150,186,SELL,IL7R,0.0023438593
150,419,SELL,NCF1,0.0023289898
150,319,SELL,CD74,0.0022964606
150,63,SELL,ENG,0.0022817
150,294,SELL,TINAGL1,0.0022620512
150,132,SELL,OAS2,0.0022169666
150,332,SELL,IPCEF1,0.0022123514
150,417,SELL,UBA7,0.0021920353
323,115,SELPLG,LTB,0.09922339
323,224,SELPLG,PLSCR4,0.08729182
323,260,SELPLG,RHOF,0.08655592
323,197,SELPLG,POLA2,0.081791185
323,556,SELPLG,ITGB7,0.08107186
323,198,SELPLG,CMAH,0.07899981
323,102,SELPLG,FUT8,0.07632795
323,405,SELPLG,GIMAP8,0.07604958
323,400,SELPLG,ANKRD44,0.076033056
323,217,SELPLG,MYCT1,0.07586669
323,147,SELPLG,ERP29,0.07391717
323,455,SELPLG,SNAP23,0.07386037
323,174,SELPLG,PPCDC,0.07258315
323,182,SELPLG,STK17B,0.07258312
323,327,SELPLG,PRIM1,0.072431214
323,180,SELPLG,RGS2,0.0719553
323,169,SELPLG,MCM4,0.071103975
323,210,SELPLG,CDKN1C,0.06978653
323,47,SELPLG,LONP2,0.067056075
323,354,SELPLG,PPP1R15A,0.06625523
323,135,SELPLG,SLBP,0.0660752
323,525,SELPLG,TXNIP,0.06601108
323,409,SELPLG,TMEM206,0.065590076
323,219,SELPLG,STARD4,0.06367521
323,79,SELPLG,MGAT1,0.06367518
323,497,SELPLG,ATP8B4,0.0634701
323,284,SELPLG,ANXA5,0.060327962
323,119,SELPLG,PAG1,0.05911449
323,123,SELPLG,PAFAH2,0.05857655
323,293,SELPLG,MAML3,0.056928307
323,214,SELPLG,FCHO2,0.051126327
323,246,SELPLG,KLF6,0.050967034
323,339,SELPLG,KCTD12,0.045644797
323,262,SELPLG,SSH2,0.04387231
323,24,SELPLG,DYNLL1,0.03801976
323,441,SELPLG,MCM7,0.011372292
323,203,SELPLG,CD33,0.006062982
323,86,SELPLG,METTL7A1,0.004915112
323,207,SELPLG,BLNK,0.0048970217
323,186,SELPLG,IL7R,0.0048336033
323,419,SELPLG,NCF1,0.004765723
323,319,SELPLG,CD74,0.00470023
323,63,SELPLG,ENG,0.004659241
323,294,SELPLG,TINAGL1,0.004643891
323,132,SELPLG,OAS2,0.0045696977
323,139,SELPLG,CCL3,0.0045337873
323,332,SELPLG,IPCEF1,0.0044974275
323,417,SELPLG,UBA7,0.0044451836
323,267,SELPLG,CLEC12A,0.0044060056
323,172,SELPLG,EPSTI1,0.004260769
377,323,SEMA3D,SELPLG,0.011342684
377,260,SEMA3D,RHOF,0.010328372
377,224,SEMA3D,PLSCR4,0.010305052
377,197,SEMA3D,POLA2,0.00963823
377,556,SEMA3D,ITGB7,0.0096069565
377,198,SEMA3D,CMAH,0.009323247
377,405,SEMA3D,GIMAP8,0.009323009
377,102,SEMA3D,FUT8,0.009043697
377,400,SEMA3D,ANKRD44,0.009040155
377,217,SEMA3D,MYCT1,0.009010239
377,147,SEMA3D,ERP29,0.008801078
377,455,SEMA3D,SNAP23,0.008747824
377,115,SEMA3D,LTB,0.0086423755
377,174,SEMA3D,PPCDC,0.008595887
377,182,SEMA3D,STK17B,0.008595887
377,327,SEMA3D,PRIM1,0.008593445
377,180,SEMA3D,RGS2,0.008581635
377,339,SEMA3D,KCTD12,0.0085515
377,169,SEMA3D,MCM4,0.008426572
377,210,SEMA3D,CDKN1C,0.008273757
377,47,SEMA3D,LONP2,0.008259703
377,262,SEMA3D,SSH2,0.008189684
377,135,SEMA3D,SLBP,0.007925492
377,525,SEMA3D,TXNIP,0.007919608
377,354,SEMA3D,PPP1R15A,0.0079070525
377,409,SEMA3D,TMEM206,0.007826716
377,79,SEMA3D,MGAT1,0.007654714
377,219,SEMA3D,STARD4,0.0076527623
377,497,SEMA3D,ATP8B4,0.0076521896
377,441,SEMA3D,MCM7,0.0075526466
377,24,SEMA3D,DYNLL1,0.007285414
377,284,SEMA3D,ANXA5,0.0072781895
377,293,SEMA3D,MAML3,0.0072286665
377,119,SEMA3D,PAG1,0.007150307
377,123,SEMA3D,PAFAH2,0.0070683216
377,246,SEMA3D,KLF6,0.0067682564
377,214,SEMA3D,FCHO2,0.006321394
377,203,SEMA3D,CD33,0.0016025313
377,139,SEMA3D,CCL3,0.0015315718
377,207,SEMA3D,BLNK,0.0014206858
377,86,SEMA3D,METTL7A1,0.0014183397
377,186,SEMA3D,IL7R,0.0014093461
377,419,SEMA3D,NCF1,0.0013983126
377,63,SEMA3D,ENG,0.0013792291
377,294,SEMA3D,TINAGL1,0.0013712288
377,319,SEMA3D,CD74,0.0013681256
377,132,SEMA3D,OAS2,0.001358535
377,417,SEMA3D,UBA7,0.001354512
377,332,SEMA3D,IPCEF1,0.0013488118
377,267,SEMA3D,CLEC12A,0.0013396505
526,115,SERP1,LTB,0.034663215
526,224,SERP1,PLSCR4,0.02986157
526,260,SERP1,RHOF,0.029819949
526,197,SERP1,POLA2,0.02785005
526,556,SERP1,ITGB7,0.027637646
526,198,SERP1,CMAH,0.026893143
526,102,SERP1,FUT8,0.026050672
526,217,SERP1,MYCT1,0.025903376
526,405,SERP1,GIMAP8,0.025834428
526,147,SERP1,ERP29,0.025254037
526,455,SERP1,SNAP23,0.025157977
526,169,SERP1,MCM4,0.024846995
526,174,SERP1,PPCDC,0.024627455
526,182,SERP1,STK17B,0.024627447
526,327,SERP1,PRIM1,0.024584549
526,339,SERP1,KCTD12,0.024503458
526,180,SERP1,RGS2,0.024366897
526,210,SERP1,CDKN1C,0.02364253
526,262,SERP1,SSH2,0.023325304
526,47,SERP1,LONP2,0.022749973
526,135,SERP1,SLBP,0.02241476
526,354,SERP1,PPP1R15A,0.022411896
526,525,SERP1,TXNIP,0.022405894
526,409,SERP1,TMEM206,0.022205194
526,79,SERP1,MGAT1,0.021540333
526,497,SERP1,ATP8B4,0.021532124
526,219,SERP1,STARD4,0.021498429
526,441,SERP1,MCM7,0.021259544
526,284,SERP1,ANXA5,0.020379676
526,24,SERP1,DYNLL1,0.02029779
526,123,SERP1,PAFAH2,0.01977743
526,293,SERP1,MAML3,0.019209025
526,246,SERP1,KLF6,0.018610116
526,323,SERP1,SELPLG,0.015014853
526,119,SERP1,PAG1,0.01334024
526,214,SERP1,FCHO2,0.013128448
526,139,SERP1,CCL3,0.0030232626
526,203,SERP1,CD33,0.002944989
526,400,SERP1,ANKRD44,0.0028678048
526,86,SERP1,METTL7A1,0.0024945317
526,207,SERP1,BLNK,0.002491784
526,419,SERP1,NCF1,0.0024582983
526,186,SERP1,IL7R,0.0024500894
526,319,SERP1,CD74,0.0024172305
526,63,SERP1,ENG,0.00240428
526,294,SERP1,TINAGL1,0.0023734933
526,132,SERP1,OAS2,0.0023395792
526,417,SERP1,UBA7,0.0023033416
526,267,SERP1,CLEC12A,0.002288181
526,172,SERP1,EPSTI1,0.0022235825
46,323,SERPINA3F,SELPLG,0.040548623
46,224,SERPINA3F,PLSCR4,0.036695544
46,260,SERPINA3F,RHOF,0.036543142
46,556,SERPINA3F,ITGB7,0.033991586
46,198,SERPINA3F,CMAH,0.03323434
46,102,SERPINA3F,FUT8,0.03193739
46,400,SERPINA3F,ANKRD44,0.031752486
46,217,SERPINA3F,MYCT1,0.03170232
46,405,SERPINA3F,GIMAP8,0.031664763
46,147,SERPINA3F,ERP29,0.030873964
46,455,SERPINA3F,SNAP23,0.0307442
46,182,SERPINA3F,STK17B,0.030152708
46,174,SERPINA3F,PPCDC,0.0301527
46,327,SERPINA3F,PRIM1,0.030099949
46,339,SERPINA3F,KCTD12,0.029957699
46,180,SERPINA3F,RGS2,0.029811908
46,169,SERPINA3F,MCM4,0.029478863
46,210,SERPINA3F,CDKN1C,0.02886852
46,262,SERPINA3F,SSH2,0.028867992
46,47,SERPINA3F,LONP2,0.02776528
46,354,SERPINA3F,PPP1R15A,0.027368097
46,135,SERPINA3F,SLBP,0.027365519
46,525,SERPINA3F,TXNIP,0.027326966
46,409,SERPINA3F,TMEM206,0.027094569
46,79,SERPINA3F,MGAT1,0.026278986
46,497,SERPINA3F,ATP8B4,0.026271677
46,219,SERPINA3F,STARD4,0.026246069
46,284,SERPINA3F,ANXA5,0.02480406
46,24,SERPINA3F,DYNLL1,0.024711808
46,119,SERPINA3F,PAG1,0.024295079
46,197,SERPINA3F,POLA2,0.024283405
46,123,SERPINA3F,PAFAH2,0.02408745
46,441,SERPINA3F,MCM7,0.023777466
46,293,SERPINA3F,MAML3,0.023354962
46,214,SERPINA3F,FCHO2,0.018861169
46,246,SERPINA3F,KLF6,0.009360227
46,115,SERPINA3F,LTB,0.0069611813
46,203,SERPINA3F,CD33,0.0031181076
46,139,SERPINA3F,CCL3,0.0029379309
46,86,SERPINA3F,METTL7A1,0.0026016221
46,207,SERPINA3F,BLNK,0.0025970715
46,186,SERPINA3F,IL7R,0.0025626472
46,419,SERPINA3F,NCF1,0.0025460203
46,319,SERPINA3F,CD74,0.0025109798
46,63,SERPINA3F,ENG,0.0024928274
46,294,SERPINA3F,TINAGL1,0.0024737655
46,132,SERPINA3F,OAS2,0.0024204843
46,332,SERPINA3F,IPCEF1,0.002415173
46,417,SERPINA3F,UBA7,0.0023916366
46,267,SERPINA3F,CLEC12A,0.002375531
159,115,SERPINA3G,LTB,0.014605422
159,323,SERPINA3G,SELPLG,0.013910291
159,260,SERPINA3G,RHOF,0.012617974
159,224,SERPINA3G,PLSCR4,0.012574809
159,198,SERPINA3G,CMAH,0.01138346
159,400,SERPINA3G,ANKRD44,0.011155295
159,217,SERPINA3G,MYCT1,0.011002306
159,405,SERPINA3G,GIMAP8,0.0109726405
159,455,SERPINA3G,SNAP23,0.010574769
159,174,SERPINA3G,PPCDC,0.0105726225
159,182,SERPINA3G,STK17B,0.010493408
159,327,SERPINA3G,PRIM1,0.0104697775
159,339,SERPINA3G,KCTD12,0.010447369
159,169,SERPINA3G,MCM4,0.010255574
159,180,SERPINA3G,RGS2,0.010249415
159,210,SERPINA3G,CDKN1C,0.009984108
159,262,SERPINA3G,SSH2,0.009955351
159,47,SERPINA3G,LONP2,0.009737953
159,135,SERPINA3G,SLBP,0.009599909
159,525,SERPINA3G,TXNIP,0.009582515
159,354,SERPINA3G,PPP1R15A,0.009578144
159,409,SERPINA3G,TMEM206,0.009508293
159,497,SERPINA3G,ATP8B4,0.009259891
159,79,SERPINA3G,MGAT1,0.00923416
159,219,SERPINA3G,STARD4,0.00923416
159,441,SERPINA3G,MCM7,0.009135659
159,24,SERPINA3G,DYNLL1,0.008768144
159,284,SERPINA3G,ANXA5,0.008756109
159,123,SERPINA3G,PAFAH2,0.008533516
159,102,SERPINA3G,FUT8,0.008473025
159,246,SERPINA3G,KLF6,0.008114117
159,214,SERPINA3G,FCHO2,0.0075124577
159,119,SERPINA3G,PAG1,0.00671057
159,556,SERPINA3G,ITGB7,0.005901628
159,293,SERPINA3G,MAML3,0.00552792
159,147,SERPINA3G,ERP29,0.0052444357
159,197,SERPINA3G,POLA2,0.0031997187
159,203,SERPINA3G,CD33,0.0018093461
159,139,SERPINA3G,CCL3,0.0017280837
159,207,SERPINA3G,BLNK,0.0015882024
159,86,SERPINA3G,METTL7A1,0.001586206
159,186,SERPINA3G,IL7R,0.0015676582
159,294,SERPINA3G,TINAGL1,0.0015523887
159,319,SERPINA3G,CD74,0.0015493423
159,419,SERPINA3G,NCF1,0.0015403345
159,63,SERPINA3G,ENG,0.0015389419
159,132,SERPINA3G,OAS2,0.0015048778
159,417,SERPINA3G,UBA7,0.0014939791
159,267,SERPINA3G,CLEC12A,0.0014876646
159,332,SERPINA3G,IPCEF1,0.00147339
21,115,SERPINB1A,LTB,0.040875956
21,323,SERPINB1A,SELPLG,0.038947433
21,224,SERPINB1A,PLSCR4,0.035251882
21,260,SERPINB1A,RHOF,0.03517118
21,198,SERPINB1A,CMAH,0.031729244
21,400,SERPINB1A,ANKRD44,0.030559717
21,217,SERPINB1A,MYCT1,0.030536005
21,556,SERPINB1A,ITGB7,0.030534046
21,405,SERPINB1A,GIMAP8,0.030501643
21,147,SERPINB1A,ERP29,0.029760275
21,174,SERPINB1A,PPCDC,0.029040758
21,182,SERPINB1A,STK17B,0.029040745
21,327,SERPINB1A,PRIM1,0.028987555
21,339,SERPINB1A,KCTD12,0.028883062
21,180,SERPINB1A,RGS2,0.028761314
21,169,SERPINB1A,MCM4,0.028403895
21,197,SERPINB1A,POLA2,0.027899222
21,210,SERPINB1A,CDKN1C,0.027863765
21,262,SERPINB1A,SSH2,0.027496487
21,409,SERPINB1A,TMEM206,0.027020374
21,47,SERPINB1A,LONP2,0.026802314
21,354,SERPINB1A,PPP1R15A,0.026408596
21,135,SERPINB1A,SLBP,0.0264036
21,525,SERPINB1A,TXNIP,0.026362512
21,79,SERPINB1A,MGAT1,0.025369968
21,219,SERPINB1A,STARD4,0.025369968
21,497,SERPINB1A,ATP8B4,0.025352275
21,441,SERPINB1A,MCM7,0.025039049
21,284,SERPINB1A,ANXA5,0.023987731
21,24,SERPINB1A,DYNLL1,0.023889825
21,119,SERPINB1A,PAG1,0.023496134
21,293,SERPINB1A,MAML3,0.022598816
21,246,SERPINB1A,KLF6,0.02187922
21,214,SERPINB1A,FCHO2,0.020317717
21,455,SERPINB1A,SNAP23,0.01382254
21,102,SERPINB1A,FUT8,0.005993991
21,123,SERPINB1A,PAFAH2,0.0051977346
21,203,SERPINB1A,CD33,0.0032245265
21,139,SERPINB1A,CCL3,0.0030511431
21,86,SERPINB1A,METTL7A1,0.0027124612
21,207,SERPINB1A,BLNK,0.0027082877
21,419,SERPINB1A,NCF1,0.002668147
21,186,SERPINB1A,IL7R,0.0026639753
21,319,SERPINB1A,CD74,0.002623172
21,63,SERPINB1A,ENG,0.0026079027
21,294,SERPINB1A,TINAGL1,0.0025699462
21,132,SERPINB1A,OAS2,0.002528914
21,332,SERPINB1A,IPCEF1,0.0025281936
21,172,SERPINB1A,EPSTI1,0.0025136278
21,267,SERPINB1A,CLEC12A,0.0024794117
280,115,SERPINB6A,LTB,0.036087018
280,323,SERPINB6A,SELPLG,0.03437426
280,224,SERPINB6A,PLSCR4,0.031101024
280,260,SERPINB6A,RHOF,0.031023934
280,197,SERPINB6A,POLA2,0.028970126
280,556,SERPINB6A,ITGB7,0.0287892
280,198,SERPINB6A,CMAH,0.027965857
280,102,SERPINB6A,FUT8,0.027086135
280,400,SERPINB6A,ANKRD44,0.02694284
280,217,SERPINB6A,MYCT1,0.026887832
280,405,SERPINB6A,GIMAP8,0.026859652
280,147,SERPINB6A,ERP29,0.02628156
280,455,SERPINB6A,SNAP23,0.026135197
280,180,SERPINB6A,RGS2,0.02564054
280,182,SERPINB6A,STK17B,0.025595188
280,327,SERPINB6A,PRIM1,0.025551338
280,174,SERPINB6A,PPCDC,0.025460586
280,339,SERPINB6A,KCTD12,0.025457038
280,169,SERPINB6A,MCM4,0.02503149
280,210,SERPINB6A,CDKN1C,0.024544839
280,262,SERPINB6A,SSH2,0.02423194
280,47,SERPINB6A,LONP2,0.02362056
280,354,SERPINB6A,PPP1R15A,0.02329058
280,135,SERPINB6A,SLBP,0.023274776
280,525,SERPINB6A,TXNIP,0.023257188
280,409,SERPINB6A,TMEM206,0.023039583
280,79,SERPINB6A,MGAT1,0.022360737
280,497,SERPINB6A,ATP8B4,0.022348762
280,441,SERPINB6A,MCM7,0.022067523
280,284,SERPINB6A,ANXA5,0.021138232
280,24,SERPINB6A,DYNLL1,0.02105689
280,123,SERPINB6A,PAFAH2,0.02051343
280,293,SERPINB6A,MAML3,0.019911217
280,246,SERPINB6A,KLF6,0.019291064
280,214,SERPINB6A,FCHO2,0.01799348
280,119,SERPINB6A,PAG1,0.017146211
280,219,SERPINB6A,STARD4,0.005083861
280,203,SERPINB6A,CD33,0.0029453014
280,207,SERPINB6A,BLNK,0.0024806939
280,86,SERPINB6A,METTL7A1,0.0024795285
280,419,SERPINB6A,NCF1,0.0024429348
280,186,SERPINB6A,IL7R,0.00243945
280,319,SERPINB6A,CD74,0.0024051173
280,63,SERPINB6A,ENG,0.0023909279
280,294,SERPINB6A,TINAGL1,0.0023643046
280,132,SERPINB6A,OAS2,0.00232456
280,332,SERPINB6A,IPCEF1,0.0023179585
280,417,SERPINB6A,UBA7,0.0022923432
280,267,SERPINB6A,CLEC12A,0.0022752036
280,172,SERPINB6A,EPSTI1,0.0022116222
272,115,SERPINF1,LTB,0.031042712
272,323,SERPINF1,SELPLG,0.029569397
272,224,SERPINF1,PLSCR4,0.026705194
272,260,SERPINF1,RHOF,0.026685517
272,197,SERPINF1,POLA2,0.024902241
272,556,SERPINF1,ITGB7,0.024757221
272,198,SERPINF1,CMAH,0.024047509
272,217,SERPINF1,MYCT1,0.023430342
272,102,SERPINF1,FUT8,0.02329251
272,400,SERPINF1,ANKRD44,0.023182185
272,405,SERPINF1,GIMAP8,0.023102125
272,147,SERPINF1,ERP29,0.022593793
272,455,SERPINF1,SNAP23,0.022481121
272,174,SERPINF1,PPCDC,0.022023845
272,182,SERPINF1,STK17B,0.022023836
272,327,SERPINF1,PRIM1,0.021985063
272,339,SERPINF1,KCTD12,0.021915667
272,180,SERPINF1,RGS2,0.021792976
272,169,SERPINF1,MCM4,0.021538183
272,210,SERPINF1,CDKN1C,0.021124255
272,262,SERPINF1,SSH2,0.020856166
272,47,SERPINF1,LONP2,0.020343127
272,135,SERPINF1,SLBP,0.020047372
272,354,SERPINF1,PPP1R15A,0.02003716
272,525,SERPINF1,TXNIP,0.020033775
272,409,SERPINF1,TMEM206,0.01984139
272,79,SERPINF1,MGAT1,0.019260552
272,219,SERPINF1,STARD4,0.019260552
272,497,SERPINF1,ATP8B4,0.019259317
272,441,SERPINF1,MCM7,0.019012002
272,284,SERPINF1,ANXA5,0.018215194
272,24,SERPINF1,DYNLL1,0.018146219
272,119,SERPINF1,PAG1,0.017847845
272,123,SERPINF1,PAFAH2,0.01768303
272,293,SERPINF1,MAML3,0.017167237
272,246,SERPINF1,KLF6,0.016646858
272,214,SERPINF1,FCHO2,0.015377589
272,203,SERPINF1,CD33,0.0027238452
272,139,SERPINF1,CCL3,0.0025732266
272,207,SERPINF1,BLNK,0.0023064537
272,86,SERPINF1,METTL7A1,0.0023040003
272,419,SERPINF1,NCF1,0.0022754245
272,186,SERPINF1,IL7R,0.002267073
272,319,SERPINF1,CD74,0.002240589
272,63,SERPINF1,ENG,0.002227741
272,294,SERPINF1,TINAGL1,0.0021977539
272,132,SERPINF1,OAS2,0.002167138
272,332,SERPINF1,IPCEF1,0.0021612502
272,417,SERPINF1,UBA7,0.0021380903
272,267,SERPINF1,CLEC12A,0.0021232956
26,323,SGMS1,SELPLG,0.016676562
26,260,SGMS1,RHOF,0.015094148
26,224,SGMS1,PLSCR4,0.015067873
26,197,SGMS1,POLA2,0.014071934
26,556,SGMS1,ITGB7,0.014013816
26,198,SGMS1,CMAH,0.013605852
26,102,SGMS1,FUT8,0.013187703
26,400,SGMS1,ANKRD44,0.013153647
26,405,SGMS1,GIMAP8,0.013093378
26,147,SGMS1,ERP29,0.012831449
26,455,SGMS1,SNAP23,0.012659054
26,182,SGMS1,STK17B,0.012514018
26,174,SGMS1,PPCDC,0.012504965
26,327,SGMS1,PRIM1,0.012475963
26,339,SGMS1,KCTD12,0.012449226
26,169,SGMS1,MCM4,0.012209697
26,210,SGMS1,CDKN1C,0.01187377
26,262,SGMS1,SSH2,0.011819941
26,47,SGMS1,LONP2,0.01150188
26,135,SGMS1,SLBP,0.011357645
26,525,SGMS1,TXNIP,0.011322516
26,354,SGMS1,PPP1R15A,0.01130864
26,409,SGMS1,TMEM206,0.011214684
26,497,SGMS1,ATP8B4,0.01090974
26,219,SGMS1,STARD4,0.010877709
26,441,SGMS1,MCM7,0.010726395
26,284,SGMS1,ANXA5,0.010226338
26,24,SGMS1,DYNLL1,0.010189861
26,115,SGMS1,LTB,0.010097119
26,119,SGMS1,PAG1,0.010020361
26,123,SGMS1,PAFAH2,0.009928574
26,293,SGMS1,MAML3,0.009598341
26,79,SGMS1,MGAT1,0.009254057
26,214,SGMS1,FCHO2,0.0086754365
26,180,SGMS1,RGS2,0.0086008655
26,217,SGMS1,MYCT1,0.005749306
26,246,SGMS1,KLF6,0.005172661
26,203,SGMS1,CD33,0.0019662394
26,139,SGMS1,CCL3,0.0018760667
26,207,SGMS1,BLNK,0.0017206756
26,86,SGMS1,METTL7A1,0.0017168589
26,419,SGMS1,NCF1,0.001697131
26,186,SGMS1,IL7R,0.0016924669
26,319,SGMS1,CD74,0.0016781498
26,63,SGMS1,ENG,0.0016673257
26,294,SGMS1,TINAGL1,0.0016468796
26,132,SGMS1,OAS2,0.0016283653
26,332,SGMS1,IPCEF1,0.0016253694
26,417,SGMS1,UBA7,0.0016126037
26,267,SGMS1,CLEC12A,0.0016048194
393,115,SH2D5,LTB,0.014437732
393,323,SH2D5,SELPLG,0.013763522
393,260,SH2D5,RHOF,0.0124502
393,556,SH2D5,ITGB7,0.011571373
393,400,SH2D5,ANKRD44,0.010870668
393,405,SH2D5,GIMAP8,0.010812245
393,147,SH2D5,ERP29,0.010589042
393,174,SH2D5,PPCDC,0.010335729
393,182,SH2D5,STK17B,0.010335725
393,327,SH2D5,PRIM1,0.010311093
393,339,SH2D5,KCTD12,0.010285029
393,180,SH2D5,RGS2,0.01015431
393,102,SH2D5,FUT8,0.010120833
393,169,SH2D5,MCM4,0.010098149
393,210,SH2D5,CDKN1C,0.009879944
393,262,SH2D5,SSH2,0.00979918
393,47,SH2D5,LONP2,0.009572881
393,135,SH2D5,SLBP,0.009451313
393,525,SH2D5,TXNIP,0.009422843
393,354,SH2D5,PPP1R15A,0.009422523
393,497,SH2D5,ATP8B4,0.009101127
393,79,SH2D5,MGAT1,0.0090779485
393,219,SH2D5,STARD4,0.0090779485
393,441,SH2D5,MCM7,0.008981778
393,24,SH2D5,DYNLL1,0.008581914
393,119,SH2D5,PAG1,0.008437712
393,123,SH2D5,PAFAH2,0.008356885
393,409,SH2D5,TMEM206,0.008301642
393,217,SH2D5,MYCT1,0.008280893
393,293,SH2D5,MAML3,0.0081227105
393,246,SH2D5,KLF6,0.007927344
393,224,SH2D5,PLSCR4,0.0075750616
393,214,SH2D5,FCHO2,0.007347572
393,198,SH2D5,CMAH,0.006802443
393,284,SH2D5,ANXA5,0.0044167405
393,197,SH2D5,POLA2,0.0031605707
393,455,SH2D5,SNAP23,0.0029795452
393,203,SH2D5,CD33,0.0017498619
393,139,SH2D5,CCL3,0.0016697682
393,207,SH2D5,BLNK,0.0015388671
393,86,SH2D5,METTL7A1,0.0015368331
393,419,SH2D5,NCF1,0.0015137929
393,319,SH2D5,CD74,0.0015027004
393,63,SH2D5,ENG,0.0014902509
393,294,SH2D5,TINAGL1,0.0014796398
393,132,SH2D5,OAS2,0.0014581535
393,332,SH2D5,IPCEF1,0.0014568737
393,417,SH2D5,UBA7,0.0014495102
393,267,SH2D5,CLEC12A,0.001444482
393,172,SH2D5,EPSTI1,0.0014085518
121,323,SIGLECG,SELPLG,0.024578564
121,260,SIGLECG,RHOF,0.022181468
121,197,SIGLECG,POLA2,0.020683441
121,556,SIGLECG,ITGB7,0.020574924
121,217,SIGLECG,MYCT1,0.020336775
121,102,SIGLECG,FUT8,0.019350827
121,400,SIGLECG,ANKRD44,0.019272435
121,405,SIGLECG,GIMAP8,0.019197125
121,147,SIGLECG,ERP29,0.018779391
121,455,SIGLECG,SNAP23,0.018635862
121,182,SIGLECG,STK17B,0.018320246
121,174,SIGLECG,PPCDC,0.01830644
121,327,SIGLECG,PRIM1,0.018273754
121,339,SIGLECG,KCTD12,0.018216643
121,180,SIGLECG,RGS2,0.018061778
121,224,SIGLECG,PLSCR4,0.017962879
121,262,SIGLECG,SSH2,0.017336132
121,497,SIGLECG,ATP8B4,0.01713241
121,47,SIGLECG,LONP2,0.016912797
121,135,SIGLECG,SLBP,0.016673137
121,354,SIGLECG,PPP1R15A,0.016655836
121,525,SIGLECG,TXNIP,0.016654368
121,409,SIGLECG,TMEM206,0.01648134
121,79,SIGLECG,MGAT1,0.016015902
121,219,SIGLECG,STARD4,0.016015902
121,441,SIGLECG,MCM7,0.015813492
121,115,SIGLECG,LTB,0.015154593
121,24,SIGLECG,DYNLL1,0.015088897
121,119,SIGLECG,PAG1,0.014844035
121,123,SIGLECG,PAFAH2,0.014708249
121,293,SIGLECG,MAML3,0.01427125
121,246,SIGLECG,KLF6,0.013859489
121,214,SIGLECG,FCHO2,0.01282285
121,284,SIGLECG,ANXA5,0.011274086
121,198,SIGLECG,CMAH,0.009119883
121,210,SIGLECG,CDKN1C,0.008285891
121,169,SIGLECG,MCM4,0.004166456
121,203,SIGLECG,CD33,0.0023926697
121,139,SIGLECG,CCL3,0.0021744333
121,207,SIGLECG,BLNK,0.0020653098
121,86,SIGLECG,METTL7A1,0.0020646388
121,419,SIGLECG,NCF1,0.002034479
121,186,SIGLECG,IL7R,0.0020331193
121,319,SIGLECG,CD74,0.0020076097
121,63,SIGLECG,ENG,0.001995836
121,294,SIGLECG,TINAGL1,0.0019709584
121,332,SIGLECG,IPCEF1,0.0019445977
121,132,SIGLECG,OAS2,0.0019438214
121,417,SIGLECG,UBA7,0.0019213578
121,267,SIGLECG,CLEC12A,0.0019096424
124,323,SLA,SELPLG,0.03954857
124,260,SLA,RHOF,0.035701748
124,197,SLA,POLA2,0.033354107
124,217,SLA,MYCT1,0.032795057
124,102,SLA,FUT8,0.031165838
124,400,SLA,ANKRD44,0.03098893
124,405,SLA,GIMAP8,0.030903192
124,147,SLA,ERP29,0.03014401
124,455,SLA,SNAP23,0.030024214
124,182,SLA,STK17B,0.029456109
124,174,SLA,PPCDC,0.029432377
124,327,SLA,PRIM1,0.029379383
124,339,SLA,KCTD12,0.029253075
124,180,SLA,RGS2,0.029111592
124,224,SLA,PLSCR4,0.029036777
124,262,SLA,SSH2,0.027849168
124,47,SLA,LONP2,0.027124606
124,354,SLA,PPP1R15A,0.026728088
124,135,SLA,SLBP,0.026726494
124,525,SLA,TXNIP,0.026696004
124,79,SLA,MGAT1,0.025668012
124,219,SLA,STARD4,0.025668012
124,497,SLA,ATP8B4,0.025647352
124,441,SLA,MCM7,0.025331292
124,115,SLA,LTB,0.024822768
124,24,SLA,DYNLL1,0.024146283
124,119,SLA,PAG1,0.023743063
124,123,SLA,PAFAH2,0.023521114
124,293,SLA,MAML3,0.022812212
124,246,SLA,KLF6,0.022093583
124,214,SLA,FCHO2,0.020574152
124,556,SLA,ITGB7,0.019839715
124,284,SLA,ANXA5,0.017483803
124,198,SLA,CMAH,0.014097268
124,210,SLA,CDKN1C,0.0126367835
124,409,SLA,TMEM206,0.011856662
124,169,SLA,MCM4,0.0057389685
124,203,SLA,CD33,0.0030987097
124,139,SLA,CCL3,0.002788438
124,86,SLA,METTL7A1,0.00261201
124,207,SLA,BLNK,0.0026059921
124,186,SLA,IL7R,0.0025699243
124,419,SLA,NCF1,0.0025590458
124,319,SLA,CD74,0.00253749
124,63,SLA,ENG,0.0025032822
124,294,SLA,TINAGL1,0.002483303
124,132,SLA,OAS2,0.0024340334
124,332,SLA,IPCEF1,0.00242763
124,417,SLA,UBA7,0.0023994118
124,267,SLA,CLEC12A,0.0023849516
399,115,SLAMF1,LTB,0.0383946
399,323,SLAMF1,SELPLG,0.036565788
399,260,SLAMF1,RHOF,0.03302573
399,197,SLAMF1,POLA2,0.03082708
399,556,SLAMF1,ITGB7,0.030631134
399,198,SLAMF1,CMAH,0.029752124
399,102,SLAMF1,FUT8,0.028814796
399,400,SLAMF1,ANKRD44,0.028656492
399,217,SLAMF1,MYCT1,0.028626913
399,405,SLAMF1,GIMAP8,0.028572116
399,147,SLAMF1,ERP29,0.02789645
399,455,SLAMF1,SNAP23,0.027784316
399,174,SLAMF1,PPCDC,0.027220726
399,182,SLAMF1,STK17B,0.027220706
399,327,SLAMF1,PRIM1,0.027139861
399,339,SLAMF1,KCTD12,0.02706465
399,180,SLAMF1,RGS2,0.02693629
399,169,SLAMF1,MCM4,0.02661922
399,210,SLAMF1,CDKN1C,0.02609285
399,262,SLAMF1,SSH2,0.025765155
399,47,SLAMF1,LONP2,0.025105178
399,135,SLAMF1,SLBP,0.02473776
399,354,SLAMF1,PPP1R15A,0.024737356
399,224,SLAMF1,PLSCR4,0.02412977
399,497,SLAMF1,ATP8B4,0.02400921
399,79,SLAMF1,MGAT1,0.023763819
399,219,SLAMF1,STARD4,0.023733173
399,441,SLAMF1,MCM7,0.023450827
399,284,SLAMF1,ANXA5,0.022450466
399,24,SLAMF1,DYNLL1,0.022369292
399,525,SLAMF1,TXNIP,0.022331974
399,119,SLAMF1,PAG1,0.02199424
399,123,SLAMF1,PAFAH2,0.021789672
399,246,SLAMF1,KLF6,0.02048047
399,214,SLAMF1,FCHO2,0.019089086
399,409,SLAMF1,TMEM206,0.01751873
399,293,SLAMF1,MAML3,0.013387917
399,203,SLAMF1,CD33,0.0028532504
399,139,SLAMF1,CCL3,0.0027168866
399,86,SLAMF1,METTL7A1,0.002540996
399,207,SLAMF1,BLNK,0.0025360917
399,186,SLAMF1,IL7R,0.0024950823
399,419,SLAMF1,NCF1,0.0024944865
399,63,SLAMF1,ENG,0.0024415187
399,294,SLAMF1,TINAGL1,0.00241682
399,132,SLAMF1,OAS2,0.0023908892
399,332,SLAMF1,IPCEF1,0.0023658515
399,417,SLAMF1,UBA7,0.002338945
399,267,SLAMF1,CLEC12A,0.0023241288
399,319,SLAMF1,CD74,0.002295318
135,115,SLBP,LTB,0.121881455
135,323,SLBP,SELPLG,0.1170204
135,224,SLBP,PLSCR4,0.108079694
135,260,SLBP,RHOF,0.10704217
135,197,SLBP,POLA2,0.10155277
135,556,SLBP,ITGB7,0.10063534
135,198,SLBP,CMAH,0.09812126
135,102,SLBP,FUT8,0.09545973
135,217,SLBP,MYCT1,0.0950412
135,405,SLBP,GIMAP8,0.09467065
135,400,SLBP,ANKRD44,0.0945868
135,147,SLBP,ERP29,0.093917966
135,455,SLBP,SNAP23,0.09206972
135,182,SLBP,STK17B,0.09050141
135,174,SLBP,PPCDC,0.09050139
135,327,SLBP,PRIM1,0.09029759
135,180,SLBP,RGS2,0.08975289
135,339,SLBP,KCTD12,0.08971509
135,169,SLBP,MCM4,0.08872463
135,210,SLBP,CDKN1C,0.08713718
135,262,SLBP,SSH2,0.085993186
135,47,SLBP,LONP2,0.083802775
135,354,SLBP,PPP1R15A,0.08287432
135,525,SLBP,TXNIP,0.08251735
135,409,SLBP,TMEM206,0.08207075
135,79,SLBP,MGAT1,0.07972716
135,497,SLBP,ATP8B4,0.07949992
135,441,SLBP,MCM7,0.078802586
135,284,SLBP,ANXA5,0.07566332
135,24,SLBP,DYNLL1,0.07526173
135,119,SLBP,PAG1,0.0742067
135,123,SLBP,PAFAH2,0.07354297
135,293,SLBP,MAML3,0.07347198
135,246,SLBP,KLF6,0.0690104
135,214,SLBP,FCHO2,0.06474311
135,219,SLBP,STARD4,0.053793736
135,203,SLBP,CD33,0.0073672486
135,139,SLBP,CCL3,0.0068539977
135,86,SLBP,METTL7A1,0.0062445425
135,207,SLBP,BLNK,0.0059294417
135,186,SLBP,IL7R,0.005847299
135,319,SLBP,CD74,0.005684883
135,63,SLBP,ENG,0.005630249
135,294,SLBP,TINAGL1,0.0055982405
135,132,SLBP,OAS2,0.005434644
135,332,SLBP,IPCEF1,0.005432815
135,417,SLBP,UBA7,0.0053733326
135,172,SLBP,EPSTI1,0.005145634
135,276,SLBP,H2-Q6,0.005052924
135,494,SLBP,DUSP5,0.004767103
223,115,SLC16A10,LTB,0.032390606
223,323,SLC16A10,SELPLG,0.030837651
223,224,SLC16A10,PLSCR4,0.027850026
223,260,SLC16A10,RHOF,0.027822321
223,197,SLC16A10,POLA2,0.025956286
223,556,SLC16A10,ITGB7,0.025806602
223,198,SLC16A10,CMAH,0.025061227
223,400,SLC16A10,ANKRD44,0.024477867
223,102,SLC16A10,FUT8,0.024267837
223,217,SLC16A10,MYCT1,0.024122994
223,405,SLC16A10,GIMAP8,0.024087787
223,339,SLC16A10,KCTD12,0.024043582
223,147,SLC16A10,ERP29,0.02351922
223,455,SLC16A10,SNAP23,0.023442645
223,182,SLC16A10,STK17B,0.022935499
223,180,SLC16A10,RGS2,0.02268337
223,169,SLC16A10,MCM4,0.022421543
223,262,SLC16A10,SSH2,0.021707088
223,47,SLC16A10,LONP2,0.021163687
223,354,SLC16A10,PPP1R15A,0.020843241
223,525,SLC16A10,TXNIP,0.020834127
223,409,SLC16A10,TMEM206,0.020642508
223,497,SLC16A10,ATP8B4,0.020028574
223,79,SLC16A10,MGAT1,0.02002781
223,219,SLC16A10,STARD4,0.02002781
223,119,SLC16A10,PAG1,0.018976292
223,24,SLC16A10,DYNLL1,0.018851431
223,123,SLC16A10,PAFAH2,0.018371273
223,293,SLC16A10,MAML3,0.017820306
223,135,SLC16A10,SLBP,0.017459286
223,246,SLC16A10,KLF6,0.01728474
223,174,SLC16A10,PPCDC,0.016238399
223,284,SLC16A10,ANXA5,0.016107384
223,214,SLC16A10,FCHO2,0.01601805
223,210,SLC16A10,CDKN1C,0.014952232
223,327,SLC16A10,PRIM1,0.010084207
223,441,SLC16A10,MCM7,0.009200073
223,203,SLC16A10,CD33,0.0027084346
223,139,SLC16A10,CCL3,0.0026101486
223,86,SLC16A10,METTL7A1,0.0022992142
223,207,SLC16A10,BLNK,0.0022962845
223,419,SLC16A10,NCF1,0.0022617176
223,186,SLC16A10,IL7R,0.0022611895
223,319,SLC16A10,CD74,0.00222781
223,294,SLC16A10,TINAGL1,0.002191714
223,132,SLC16A10,OAS2,0.0021561454
223,332,SLC16A10,IPCEF1,0.0021502615
223,417,SLC16A10,UBA7,0.0021257864
223,267,SLC16A10,CLEC12A,0.0021134415
223,172,SLC16A10,EPSTI1,0.0020532492
445,115,SLC16A11,LTB,0.030556034
445,323,SLC16A11,SELPLG,0.029101653
445,224,SLC16A11,PLSCR4,0.026279852
445,260,SLC16A11,RHOF,0.026261633
445,197,SLC16A11,POLA2,0.024503654
445,556,SLC16A11,ITGB7,0.024362385
445,198,SLC16A11,CMAH,0.023661498
445,102,SLC16A11,FUT8,0.022917954
445,400,SLC16A11,ANKRD44,0.02281065
445,405,SLC16A11,GIMAP8,0.022730708
445,147,SLC16A11,ERP29,0.022227185
445,455,SLC16A11,SNAP23,0.022114139
445,174,SLC16A11,PPCDC,0.021668764
445,182,SLC16A11,STK17B,0.021668758
445,327,SLC16A11,PRIM1,0.02163094
445,339,SLC16A11,KCTD12,0.021564601
445,180,SLC16A11,RGS2,0.02143686
445,169,SLC16A11,MCM4,0.021189688
445,210,SLC16A11,CDKN1C,0.020777706
445,262,SLC16A11,SSH2,0.020518184
445,47,SLC16A11,LONP2,0.020011412
445,135,SLC16A11,SLBP,0.019721806
445,354,SLC16A11,PPP1R15A,0.019710757
445,525,SLC16A11,TXNIP,0.019606788
445,409,SLC16A11,TMEM206,0.019518577
445,219,SLC16A11,STARD4,0.018946432
445,79,SLC16A11,MGAT1,0.018946419
445,497,SLC16A11,ATP8B4,0.018945388
445,441,SLC16A11,MCM7,0.018695587
445,284,SLC16A11,ANXA5,0.017917672
445,24,SLC16A11,DYNLL1,0.017848078
445,119,SLC16A11,PAG1,0.017553942
445,123,SLC16A11,PAFAH2,0.017391995
445,293,SLC16A11,MAML3,0.016881658
445,214,SLC16A11,FCHO2,0.015173392
445,217,SLC16A11,MYCT1,0.009513046
445,246,SLC16A11,KLF6,0.009251189
445,203,SLC16A11,CD33,0.0026694261
445,139,SLC16A11,CCL3,0.002531883
445,207,SLC16A11,BLNK,0.0022730096
445,319,SLC16A11,CD74,0.002207979
445,419,SLC16A11,NCF1,0.0021972228
445,63,SLC16A11,ENG,0.0021949909
445,186,SLC16A11,IL7R,0.0021639594
445,294,SLC16A11,TINAGL1,0.0021635415
445,132,SLC16A11,OAS2,0.0021381504
445,332,SLC16A11,IPCEF1,0.0021358258
445,417,SLC16A11,UBA7,0.0021077292
445,172,SLC16A11,EPSTI1,0.0020360306
445,494,SLC16A11,DUSP5,0.0019384348
189,115,SLC18A1,LTB,0.017627124
189,323,SLC18A1,SELPLG,0.016769616
189,260,SLC18A1,RHOF,0.015150068
189,224,SLC18A1,PLSCR4,0.015138731
189,197,SLC18A1,POLA2,0.014123762
189,556,SLC18A1,ITGB7,0.014069387
189,400,SLC18A1,ANKRD44,0.013191514
189,217,SLC18A1,MYCT1,0.013151661
189,405,SLC18A1,GIMAP8,0.013130209
189,147,SLC18A1,ERP29,0.012799005
189,182,SLC18A1,STK17B,0.012527011
189,327,SLC18A1,PRIM1,0.012504818
189,339,SLC18A1,KCTD12,0.012449191
189,180,SLC18A1,RGS2,0.012355386
189,102,SLC18A1,FUT8,0.012261507
189,169,SLC18A1,MCM4,0.01224639
189,210,SLC18A1,CDKN1C,0.011990533
189,262,SLC18A1,SSH2,0.011867477
189,174,SLC18A1,PPCDC,0.011518504
189,135,SLC18A1,SLBP,0.011413959
189,354,SLC18A1,PPP1R15A,0.011400977
189,409,SLC18A1,TMEM206,0.011309157
189,497,SLC18A1,ATP8B4,0.010971409
189,79,SLC18A1,MGAT1,0.0109692
189,441,SLC18A1,MCM7,0.010836099
189,24,SLC18A1,DYNLL1,0.010406296
189,284,SLC18A1,ANXA5,0.010384991
189,219,SLC18A1,STARD4,0.010268757
189,119,SLC18A1,PAG1,0.010191925
189,123,SLC18A1,PAFAH2,0.0101148505
189,293,SLC18A1,MAML3,0.009878736
189,246,SLC18A1,KLF6,0.00961717
189,455,SLC18A1,SNAP23,0.009430639
189,214,SLC18A1,FCHO2,0.009002016
189,525,SLC18A1,TXNIP,0.0066431225
189,198,SLC18A1,CMAH,0.0035159024
189,47,SLC18A1,LONP2,0.0034158695
189,203,SLC18A1,CD33,0.0018974292
189,139,SLC18A1,CCL3,0.0017992057
189,86,SLC18A1,METTL7A1,0.0016449428
189,186,SLC18A1,IL7R,0.0016374462
189,419,SLC18A1,NCF1,0.0016141428
189,319,SLC18A1,CD74,0.0016036173
189,63,SLC18A1,ENG,0.0015892772
189,294,SLC18A1,TINAGL1,0.001589011
189,207,SLC18A1,BLNK,0.0015607645
189,332,SLC18A1,IPCEF1,0.0015515508
189,417,SLC18A1,UBA7,0.0015447359
189,267,SLC18A1,CLEC12A,0.0015408774
189,132,SLC18A1,OAS2,0.001515546
166,115,SLC18A2,LTB,0.029520651
166,323,SLC18A2,SELPLG,0.028094964
166,260,SLC18A2,RHOF,0.025334444
166,102,SLC18A2,FUT8,0.02235167
166,400,SLC18A2,ANKRD44,0.02199627
166,217,SLC18A2,MYCT1,0.021942109
166,405,SLC18A2,GIMAP8,0.02189827
166,455,SLC18A2,SNAP23,0.021284899
166,182,SLC18A2,STK17B,0.020864889
166,174,SLC18A2,PPCDC,0.02086488
166,327,SLC18A2,PRIM1,0.020824505
166,339,SLC18A2,KCTD12,0.020762185
166,180,SLC18A2,RGS2,0.02060232
166,169,SLC18A2,MCM4,0.020389315
166,210,SLC18A2,CDKN1C,0.019911375
166,198,SLC18A2,CMAH,0.01968533
166,47,SLC18A2,LONP2,0.01924025
166,135,SLC18A2,SLBP,0.01896658
166,354,SLC18A2,PPP1R15A,0.01894621
166,525,SLC18A2,TXNIP,0.018934974
166,497,SLC18A2,ATP8B4,0.018211327
166,79,SLC18A2,MGAT1,0.018204838
166,219,SLC18A2,STARD4,0.018204834
166,441,SLC18A2,MCM7,0.01797582
166,197,SLC18A2,POLA2,0.017817577
166,284,SLC18A2,ANXA5,0.017193953
166,119,SLC18A2,PAG1,0.016846595
166,293,SLC18A2,MAML3,0.01617434
166,246,SLC18A2,KLF6,0.015706634
166,123,SLC18A2,PAFAH2,0.01541824
166,147,SLC18A2,ERP29,0.0152875
166,214,SLC18A2,FCHO2,0.014614805
166,224,SLC18A2,PLSCR4,0.010817556
166,556,SLC18A2,ITGB7,0.010253208
166,262,SLC18A2,SSH2,0.008236955
166,24,SLC18A2,DYNLL1,0.0079270555
166,409,SLC18A2,TMEM206,0.0045307283
166,203,SLC18A2,CD33,0.002492685
166,139,SLC18A2,CCL3,0.0023608182
166,86,SLC18A2,METTL7A1,0.0021238513
166,207,SLC18A2,BLNK,0.0021233924
166,186,SLC18A2,IL7R,0.0020924779
166,419,SLC18A2,NCF1,0.002088642
166,319,SLC18A2,CD74,0.0020607775
166,63,SLC18A2,ENG,0.0020443625
166,294,SLC18A2,TINAGL1,0.0020265954
166,132,SLC18A2,OAS2,0.0019934268
166,332,SLC18A2,IPCEF1,0.0019891993
166,417,SLC18A2,UBA7,0.0019707333
166,172,SLC18A2,EPSTI1,0.0019049395
335,115,SLC22A3,LTB,0.027672417
335,224,SLC22A3,PLSCR4,0.023744246
335,197,SLC22A3,POLA2,0.022120874
335,556,SLC22A3,ITGB7,0.021999473
335,198,SLC22A3,CMAH,0.021343008
335,102,SLC22A3,FUT8,0.020664962
335,400,SLC22A3,ANKRD44,0.02057642
335,217,SLC22A3,MYCT1,0.020537239
335,405,SLC22A3,GIMAP8,0.02049244
335,147,SLC22A3,ERP29,0.020007359
335,455,SLC22A3,SNAP23,0.019888427
335,174,SLC22A3,PPCDC,0.019526547
335,182,SLC22A3,STK17B,0.019526532
335,339,SLC22A3,KCTD12,0.019408088
335,180,SLC22A3,RGS2,0.019269777
335,169,SLC22A3,MCM4,0.019081485
335,210,SLC22A3,CDKN1C,0.018898638
335,262,SLC22A3,SSH2,0.018470302
335,47,SLC22A3,LONP2,0.01799209
335,525,SLC22A3,TXNIP,0.017767902
335,135,SLC22A3,SLBP,0.01774229
335,354,SLC22A3,PPP1R15A,0.017723294
335,327,SLC22A3,PRIM1,0.017584402
335,409,SLC22A3,TMEM206,0.017556014
335,497,SLC22A3,ATP8B4,0.01703072
335,79,SLC22A3,MGAT1,0.017030168
335,219,SLC22A3,STARD4,0.017030168
335,441,SLC22A3,MCM7,0.016810872
335,260,SLC22A3,RHOF,0.016361402
335,284,SLC22A3,ANXA5,0.016071802
335,24,SLC22A3,DYNLL1,0.016017163
335,119,SLC22A3,PAG1,0.015749775
335,123,SLC22A3,PAFAH2,0.0156050725
335,293,SLC22A3,MAML3,0.0151172485
335,246,SLC22A3,KLF6,0.014682344
335,214,SLC22A3,FCHO2,0.013647884
335,323,SLC22A3,SELPLG,0.0052794428
335,203,SLC22A3,CD33,0.0023926585
335,139,SLC22A3,CCL3,0.0022631804
335,86,SLC22A3,METTL7A1,0.0020362816
335,207,SLC22A3,BLNK,0.0020355366
335,419,SLC22A3,NCF1,0.0019967754
335,319,SLC22A3,CD74,0.00197477
335,63,SLC22A3,ENG,0.0019601888
335,132,SLC22A3,OAS2,0.0019079271
335,332,SLC22A3,IPCEF1,0.0019048036
335,417,SLC22A3,UBA7,0.0018922267
335,267,SLC22A3,CLEC12A,0.0018347864
335,172,SLC22A3,EPSTI1,0.0018276584
335,276,SLC22A3,H2-Q6,0.0018087848
549,115,SLC26A11,LTB,0.032761943
549,323,SLC26A11,SELPLG,0.031198222
549,224,SLC26A11,PLSCR4,0.028194563
549,260,SLC26A11,RHOF,0.028160686
549,556,SLC26A11,ITGB7,0.026318204
549,198,SLC26A11,CMAH,0.025379235
549,147,SLC26A11,ERP29,0.025026534
549,102,SLC26A11,FUT8,0.024580928
549,217,SLC26A11,MYCT1,0.024439063
549,405,SLC26A11,GIMAP8,0.024380555
549,455,SLC26A11,SNAP23,0.023721967
549,174,SLC26A11,PPCDC,0.023235247
549,182,SLC26A11,STK17B,0.023235235
549,327,SLC26A11,PRIM1,0.023197064
549,339,SLC26A11,KCTD12,0.023114488
549,169,SLC26A11,MCM4,0.022721803
549,210,SLC26A11,CDKN1C,0.022279734
549,262,SLC26A11,SSH2,0.021999087
549,47,SLC26A11,LONP2,0.021450307
549,135,SLC26A11,SLBP,0.02113878
549,354,SLC26A11,PPP1R15A,0.021132186
549,525,SLC26A11,TXNIP,0.0211034
549,409,SLC26A11,TMEM206,0.020924933
549,219,SLC26A11,STARD4,0.020307403
549,79,SLC26A11,MGAT1,0.020307388
549,497,SLC26A11,ATP8B4,0.020305045
549,441,SLC26A11,MCM7,0.02004605
549,284,SLC26A11,ANXA5,0.019200685
549,24,SLC26A11,DYNLL1,0.019126488
549,293,SLC26A11,MAML3,0.019017084
549,119,SLC26A11,PAG1,0.018809816
549,123,SLC26A11,PAFAH2,0.018635733
549,197,SLC26A11,POLA2,0.018586647
549,180,SLC26A11,RGS2,0.018177494
549,246,SLC26A11,KLF6,0.017535662
549,400,SLC26A11,ANKRD44,0.017481117
549,214,SLC26A11,FCHO2,0.016303012
549,203,SLC26A11,CD33,0.0027787837
549,139,SLC26A11,CCL3,0.002633121
549,207,SLC26A11,BLNK,0.0023556722
549,86,SLC26A11,METTL7A1,0.0023551872
549,419,SLC26A11,NCF1,0.00232243
549,186,SLC26A11,IL7R,0.002316207
549,319,SLC26A11,CD74,0.0022872712
549,294,SLC26A11,TINAGL1,0.0022854384
549,63,SLC26A11,ENG,0.0022724648
549,132,SLC26A11,OAS2,0.0022098392
549,417,SLC26A11,UBA7,0.0021817985
549,267,SLC26A11,CLEC12A,0.0021655157
549,172,SLC26A11,EPSTI1,0.0021053907
380,323,SLC29A1,SELPLG,0.03261792
380,224,SLC29A1,PLSCR4,0.029627563
380,260,SLC29A1,RHOF,0.0295893
380,197,SLC29A1,POLA2,0.027626166
380,556,SLC29A1,ITGB7,0.027457172
380,198,SLC29A1,CMAH,0.02667387
380,405,SLC29A1,GIMAP8,0.026481591
380,102,SLC29A1,FUT8,0.025828807
380,400,SLC29A1,ANKRD44,0.02572528
380,217,SLC29A1,MYCT1,0.025687218
380,147,SLC29A1,ERP29,0.025046669
380,455,SLC29A1,SNAP23,0.024945889
380,180,SLC29A1,RGS2,0.024444548
380,174,SLC29A1,PPCDC,0.024421975
380,182,SLC29A1,STK17B,0.024421953
380,327,SLC29A1,PRIM1,0.024378989
380,339,SLC29A1,KCTD12,0.024297945
380,169,SLC29A1,MCM4,0.023885166
380,210,SLC29A1,CDKN1C,0.023429172
380,47,SLC29A1,LONP2,0.023298325
380,115,SLC29A1,LTB,0.023271441
380,262,SLC29A1,SSH2,0.023125784
380,135,SLC29A1,SLBP,0.0222205
380,354,SLC29A1,PPP1R15A,0.022215502
380,525,SLC29A1,TXNIP,0.022207493
380,409,SLC29A1,TMEM206,0.021967623
380,79,SLC29A1,MGAT1,0.02134961
380,219,SLC29A1,STARD4,0.021343982
380,497,SLC29A1,ATP8B4,0.021342538
380,441,SLC29A1,MCM7,0.021071913
380,284,SLC29A1,ANXA5,0.020192003
380,24,SLC29A1,DYNLL1,0.020111538
380,293,SLC29A1,MAML3,0.019961696
380,119,SLC29A1,PAG1,0.019779246
380,123,SLC29A1,PAFAH2,0.01949358
380,246,SLC29A1,KLF6,0.018436864
380,214,SLC29A1,FCHO2,0.01708286
380,203,SLC29A1,CD33,0.0028945368
380,139,SLC29A1,CCL3,0.0027426016
380,86,SLC29A1,METTL7A1,0.0024507805
380,207,SLC29A1,BLNK,0.002443903
380,419,SLC29A1,NCF1,0.0024132645
380,186,SLC29A1,IL7R,0.0024081601
380,63,SLC29A1,ENG,0.0023607037
380,294,SLC29A1,TINAGL1,0.0023327344
380,319,SLC29A1,CD74,0.0023267749
380,132,SLC29A1,OAS2,0.00231432
380,332,SLC29A1,IPCEF1,0.0022906906
380,417,SLC29A1,UBA7,0.002283181
380,267,SLC29A1,CLEC12A,0.002248444
234,115,SLC2A3,LTB,0.045491993
234,323,SLC2A3,SELPLG,0.043359417
234,260,SLC2A3,RHOF,0.039165013
234,197,SLC2A3,POLA2,0.036632814
234,556,SLC2A3,ITGB7,0.03633587
234,198,SLC2A3,CMAH,0.035362676
234,400,SLC2A3,ANKRD44,0.034038287
234,217,SLC2A3,MYCT1,0.034008462
234,147,SLC2A3,ERP29,0.033140633
234,455,SLC2A3,SNAP23,0.033035446
234,174,SLC2A3,PPCDC,0.0323512
234,182,SLC2A3,STK17B,0.032351185
234,327,SLC2A3,PRIM1,0.032294307
234,339,SLC2A3,KCTD12,0.032161593
234,180,SLC2A3,RGS2,0.032043703
234,169,SLC2A3,MCM4,0.031645767
234,210,SLC2A3,CDKN1C,0.031039746
234,262,SLC2A3,SSH2,0.030630916
234,47,SLC2A3,LONP2,0.029842649
234,354,SLC2A3,PPP1R15A,0.029438535
234,135,SLC2A3,SLBP,0.029398508
234,525,SLC2A3,TXNIP,0.029380383
234,409,SLC2A3,TMEM206,0.029113857
234,497,SLC2A3,ATP8B4,0.028635476
234,219,SLC2A3,STARD4,0.028455812
234,79,SLC2A3,MGAT1,0.028252486
234,441,SLC2A3,MCM7,0.02787909
234,284,SLC2A3,ANXA5,0.02670748
234,24,SLC2A3,DYNLL1,0.026600217
234,119,SLC2A3,PAG1,0.02615662
234,123,SLC2A3,PAFAH2,0.025912233
234,293,SLC2A3,MAML3,0.025156714
234,246,SLC2A3,KLF6,0.024340073
234,102,SLC2A3,FUT8,0.023878748
234,214,SLC2A3,FCHO2,0.022707501
234,224,SLC2A3,PLSCR4,0.016812228
234,405,SLC2A3,GIMAP8,0.0076089003
234,203,SLC2A3,CD33,0.0034298387
234,139,SLC2A3,CCL3,0.003235971
234,207,SLC2A3,BLNK,0.0030809345
234,86,SLC2A3,METTL7A1,0.0028665997
234,186,SLC2A3,IL7R,0.0028168235
234,419,SLC2A3,NCF1,0.002812701
234,319,SLC2A3,CD74,0.0027662273
234,63,SLC2A3,ENG,0.002749355
234,294,SLC2A3,TINAGL1,0.0027203073
234,132,SLC2A3,OAS2,0.0026709626
234,332,SLC2A3,IPCEF1,0.0026631865
234,417,SLC2A3,UBA7,0.0026276205
234,267,SLC2A3,CLEC12A,0.0026119084
513,115,SLC35D3,LTB,0.03223984
513,323,SLC35D3,SELPLG,0.030665295
513,224,SLC35D3,PLSCR4,0.027665684
513,197,SLC35D3,POLA2,0.025755426
513,556,SLC35D3,ITGB7,0.025607334
513,198,SLC35D3,CMAH,0.025162017
513,102,SLC35D3,FUT8,0.024532871
513,400,SLC35D3,ANKRD44,0.023904884
513,217,SLC35D3,MYCT1,0.023892645
513,405,SLC35D3,GIMAP8,0.023850538
513,147,SLC35D3,ERP29,0.023272341
513,455,SLC35D3,SNAP23,0.02314712
513,174,SLC35D3,PPCDC,0.02298222
513,327,SLC35D3,PRIM1,0.02266782
513,339,SLC35D3,KCTD12,0.022569139
513,180,SLC35D3,RGS2,0.022425076
513,169,SLC35D3,MCM4,0.022189368
513,210,SLC35D3,CDKN1C,0.021715054
513,262,SLC35D3,SSH2,0.021470396
513,47,SLC35D3,LONP2,0.020909822
513,135,SLC35D3,SLBP,0.020609768
513,525,SLC35D3,TXNIP,0.02057408
513,354,SLC35D3,PPP1R15A,0.020569593
513,409,SLC35D3,TMEM206,0.020395521
513,219,SLC35D3,STARD4,0.019777605
513,79,SLC35D3,MGAT1,0.019777596
513,497,SLC35D3,ATP8B4,0.019773595
513,441,SLC35D3,MCM7,0.01949771
513,284,SLC35D3,ANXA5,0.018659268
513,119,SLC35D3,PAG1,0.018278062
513,123,SLC35D3,PAFAH2,0.018107345
513,246,SLC35D3,KLF6,0.017040843
513,260,SLC35D3,RHOF,0.016766755
513,293,SLC35D3,MAML3,0.016449302
513,214,SLC35D3,FCHO2,0.01581618
513,24,SLC35D3,DYNLL1,0.010960192
513,182,SLC35D3,STK17B,0.0050536166
513,203,SLC35D3,CD33,0.0025787237
513,139,SLC35D3,CCL3,0.0023205003
513,86,SLC35D3,METTL7A1,0.0021821808
513,207,SLC35D3,BLNK,0.0021809454
513,186,SLC35D3,IL7R,0.00215085
513,419,SLC35D3,NCF1,0.002141819
513,319,SLC35D3,CD74,0.0021141153
513,63,SLC35D3,ENG,0.0020991766
513,294,SLC35D3,TINAGL1,0.0020790317
513,132,SLC35D3,OAS2,0.0020413732
513,332,SLC35D3,IPCEF1,0.002037117
513,417,SLC35D3,UBA7,0.0020188668
513,267,SLC35D3,CLEC12A,0.00200673
376,323,SLC39A13,SELPLG,0.027190357
376,224,SLC39A13,PLSCR4,0.024670718
376,260,SLC39A13,RHOF,0.024661914
376,197,SLC39A13,POLA2,0.023001993
376,556,SLC39A13,ITGB7,0.02287501
376,198,SLC39A13,CMAH,0.022212498
376,405,SLC39A13,GIMAP8,0.022075314
376,102,SLC39A13,FUT8,0.021507666
376,400,SLC39A13,ANKRD44,0.021437047
376,217,SLC39A13,MYCT1,0.021399183
376,147,SLC39A13,ERP29,0.020867646
376,455,SLC39A13,SNAP23,0.020764798
376,174,SLC39A13,PPCDC,0.020345442
376,182,SLC39A13,STK17B,0.020345436
376,180,SLC39A13,RGS2,0.02034356
376,327,SLC39A13,PRIM1,0.02030837
376,339,SLC39A13,KCTD12,0.020244744
376,169,SLC39A13,MCM4,0.0198923
376,115,SLC39A13,LTB,0.019511553
376,210,SLC39A13,CDKN1C,0.019500453
376,47,SLC39A13,LONP2,0.019427296
376,262,SLC39A13,SSH2,0.019263556
376,135,SLC39A13,SLBP,0.018519854
376,354,SLC39A13,PPP1R15A,0.018504836
376,525,SLC39A13,TXNIP,0.018502064
376,409,SLC39A13,TMEM206,0.018305188
376,497,SLC39A13,ATP8B4,0.017792586
376,79,SLC39A13,MGAT1,0.017788496
376,219,SLC39A13,STARD4,0.017783755
376,441,SLC39A13,MCM7,0.017562117
376,284,SLC39A13,ANXA5,0.01682198
376,24,SLC39A13,DYNLL1,0.016754756
376,293,SLC39A13,MAML3,0.016598774
376,119,SLC39A13,PAG1,0.016481943
376,123,SLC39A13,PAFAH2,0.01624476
376,246,SLC39A13,KLF6,0.015377985
376,214,SLC39A13,FCHO2,0.014192473
376,203,SLC39A13,CD33,0.0025528895
376,139,SLC39A13,CCL3,0.0024230948
376,86,SLC39A13,METTL7A1,0.002180958
376,207,SLC39A13,BLNK,0.0021782937
376,419,SLC39A13,NCF1,0.0021513433
376,186,SLC39A13,IL7R,0.0021456983
376,63,SLC39A13,ENG,0.0021074445
376,319,SLC39A13,CD74,0.0020806952
376,294,SLC39A13,TINAGL1,0.002079179
376,132,SLC39A13,OAS2,0.0020662162
376,332,SLC39A13,IPCEF1,0.0020462838
376,417,SLC39A13,UBA7,0.0020432014
376,267,SLC39A13,CLEC12A,0.0020125005
84,323,SLC39A6,SELPLG,0.042455032
84,260,SLC39A6,RHOF,0.03835833
84,197,SLC39A6,POLA2,0.035873644
84,556,SLC39A6,ITGB7,0.03562853
84,198,SLC39A6,CMAH,0.034623653
84,102,SLC39A6,FUT8,0.033539552
84,400,SLC39A6,ANKRD44,0.033336565
84,217,SLC39A6,MYCT1,0.033308607
84,455,SLC39A6,SNAP23,0.032351676
84,182,SLC39A6,STK17B,0.031683505
84,174,SLC39A6,PPCDC,0.03164004
84,327,SLC39A6,PRIM1,0.03162761
84,339,SLC39A6,KCTD12,0.031499483
84,180,SLC39A6,RGS2,0.031379268
84,210,SLC39A6,CDKN1C,0.030400254
84,262,SLC39A6,SSH2,0.029999094
84,115,SLC39A6,LTB,0.029546425
84,409,SLC39A6,TMEM206,0.029452123
84,47,SLC39A6,LONP2,0.029152596
84,147,SLC39A6,ERP29,0.0288208
84,135,SLC39A6,SLBP,0.028803008
84,525,SLC39A6,TXNIP,0.028778082
84,354,SLC39A6,PPP1R15A,0.028774397
84,219,SLC39A6,STARD4,0.027672047
84,441,SLC39A6,MCM7,0.027306894
84,284,SLC39A6,ANXA5,0.02616078
84,24,SLC39A6,DYNLL1,0.02605516
84,224,SLC39A6,PLSCR4,0.026023494
84,119,SLC39A6,PAG1,0.025590796
84,123,SLC39A6,PAFAH2,0.02538186
84,293,SLC39A6,MAML3,0.024642691
84,246,SLC39A6,KLF6,0.023845144
84,214,SLC39A6,FCHO2,0.0222482
84,169,SLC39A6,MCM4,0.018578345
84,405,SLC39A6,GIMAP8,0.014426528
84,497,SLC39A6,ATP8B4,0.0063158786
84,79,SLC39A6,MGAT1,0.005939059
84,203,SLC39A6,CD33,0.003391488
84,139,SLC39A6,CCL3,0.003201144
84,86,SLC39A6,METTL7A1,0.002837949
84,207,SLC39A6,BLNK,0.0028322965
84,186,SLC39A6,IL7R,0.0027883453
84,419,SLC39A6,NCF1,0.0027868396
84,319,SLC39A6,CD74,0.0027408141
84,294,SLC39A6,TINAGL1,0.0026936235
84,63,SLC39A6,ENG,0.0026815517
84,132,SLC39A6,OAS2,0.0026459529
84,332,SLC39A6,IPCEF1,0.0026381689
84,417,SLC39A6,UBA7,0.0026051372
84,267,SLC39A6,CLEC12A,0.0025872628
242,115,SLC43A2,LTB,0.025026307
242,323,SLC43A2,SELPLG,0.02383332
242,224,SLC43A2,PLSCR4,0.021504303
242,197,SLC43A2,POLA2,0.020301668
242,556,SLC43A2,ITGB7,0.019953422
242,198,SLC43A2,CMAH,0.01937544
242,102,SLC43A2,FUT8,0.018769013
242,400,SLC43A2,ANKRD44,0.018695164
242,405,SLC43A2,GIMAP8,0.018621165
242,147,SLC43A2,ERP29,0.018223794
242,455,SLC43A2,SNAP23,0.018088242
242,174,SLC43A2,PPCDC,0.01776039
242,182,SLC43A2,STK17B,0.017760374
242,327,SLC43A2,PRIM1,0.017727936
242,339,SLC43A2,KCTD12,0.017677214
242,180,SLC43A2,RGS2,0.017514652
242,169,SLC43A2,MCM4,0.017365433
242,135,SLC43A2,SLBP,0.017286181
242,210,SLC43A2,CDKN1C,0.017024405
242,262,SLC43A2,SSH2,0.01682179
242,47,SLC43A2,LONP2,0.016415723
242,525,SLC43A2,TXNIP,0.016166337
242,354,SLC43A2,PPP1R15A,0.016164942
242,409,SLC43A2,TMEM206,0.01601334
242,497,SLC43A2,ATP8B4,0.015554144
242,219,SLC43A2,STARD4,0.0155458385
242,441,SLC43A2,MCM7,0.015350812
242,217,SLC43A2,MYCT1,0.015037514
242,284,SLC43A2,ANXA5,0.014708381
242,24,SLC43A2,DYNLL1,0.014649545
242,119,SLC43A2,PAG1,0.014411585
242,293,SLC43A2,MAML3,0.013814931
242,246,SLC43A2,KLF6,0.013410364
242,214,SLC43A2,FCHO2,0.012374912
242,260,SLC43A2,RHOF,0.009661133
242,123,SLC43A2,PAFAH2,0.0070111714
242,79,SLC43A2,MGAT1,0.0068341
242,139,SLC43A2,CCL3,0.0022605096
242,207,SLC43A2,BLNK,0.0020454174
242,86,SLC43A2,METTL7A1,0.0020442498
242,419,SLC43A2,NCF1,0.0020178843
242,186,SLC43A2,IL7R,0.002012154
242,319,SLC43A2,CD74,0.00199017
242,63,SLC43A2,ENG,0.0019770504
242,294,SLC43A2,TINAGL1,0.001951825
242,132,SLC43A2,OAS2,0.001927184
242,332,SLC43A2,IPCEF1,0.0019225688
242,267,SLC43A2,CLEC12A,0.0018924888
242,172,SLC43A2,EPSTI1,0.001842164
242,276,SLC43A2,H2-Q6,0.0018261846
274,115,SLC44A2,LTB,0.10591954
274,323,SLC44A2,SELPLG,0.10149711
274,224,SLC44A2,PLSCR4,0.093664646
274,260,SLC44A2,RHOF,0.09287658
274,197,SLC44A2,POLA2,0.08799122
274,556,SLC44A2,ITGB7,0.08715754
274,198,SLC44A2,CMAH,0.08506304
274,217,SLC44A2,MYCT1,0.08275951
274,102,SLC44A2,FUT8,0.08269711
274,405,SLC44A2,GIMAP8,0.08196684
274,400,SLC44A2,ANKRD44,0.0819396
274,455,SLC44A2,SNAP23,0.08000871
274,147,SLC44A2,ERP29,0.07985703
274,182,SLC44A2,STK17B,0.078399815
274,174,SLC44A2,PPCDC,0.0783998
274,327,SLC44A2,PRIM1,0.07828873
274,180,SLC44A2,RGS2,0.07806125
274,339,SLC44A2,KCTD12,0.07783143
274,169,SLC44A2,MCM4,0.07694952
274,210,SLC44A2,CDKN1C,0.0758048
274,262,SLC44A2,SSH2,0.07466571
274,47,SLC44A2,LONP2,0.07272703
274,354,SLC44A2,PPP1R15A,0.07198379
274,525,SLC44A2,TXNIP,0.071705855
274,135,SLC44A2,SLBP,0.07166842
274,409,SLC44A2,TMEM206,0.07117855
274,219,SLC44A2,STARD4,0.06928815
274,79,SLC44A2,MGAT1,0.069288135
274,497,SLC44A2,ATP8B4,0.068967044
274,441,SLC44A2,MCM7,0.06837463
274,284,SLC44A2,ANXA5,0.06583461
274,24,SLC44A2,DYNLL1,0.06559378
274,119,SLC44A2,PAG1,0.06457883
274,123,SLC44A2,PAFAH2,0.06398989
274,293,SLC44A2,MAML3,0.062390592
274,246,SLC44A2,KLF6,0.060106188
274,214,SLC44A2,FCHO2,0.056637418
274,203,SLC44A2,CD33,0.008125861
274,139,SLC44A2,CCL3,0.0075654606
274,86,SLC44A2,METTL7A1,0.0066038086
274,207,SLC44A2,BLNK,0.006602354
274,186,SLC44A2,IL7R,0.00648281
274,419,SLC44A2,NCF1,0.006463373
274,319,SLC44A2,CD74,0.0063573597
274,63,SLC44A2,ENG,0.0063165855
274,294,SLC44A2,TINAGL1,0.0062003285
274,132,SLC44A2,OAS2,0.0060915025
274,332,SLC44A2,IPCEF1,0.0060765664
274,417,SLC44A2,UBA7,0.006003348
274,267,SLC44A2,CLEC12A,0.005933932
486,323,SLC9A9,SELPLG,0.035668004
486,260,SLC9A9,RHOF,0.032200266
486,197,SLC9A9,POLA2,0.03007721
486,556,SLC9A9,ITGB7,0.02988616
486,198,SLC9A9,CMAH,0.029035138
486,102,SLC9A9,FUT8,0.028123043
486,217,SLC9A9,MYCT1,0.027949503
486,405,SLC9A9,GIMAP8,0.027887272
486,147,SLC9A9,ERP29,0.027245888
486,455,SLC9A9,SNAP23,0.027141865
486,182,SLC9A9,STK17B,0.026575258
486,327,SLC9A9,PRIM1,0.026528258
486,339,SLC9A9,KCTD12,0.026432646
486,180,SLC9A9,RGS2,0.026312316
486,169,SLC9A9,MCM4,0.02599189
486,210,SLC9A9,CDKN1C,0.025492648
486,115,SLC9A9,LTB,0.025170714
486,262,SLC9A9,SSH2,0.025130352
486,47,SLC9A9,LONP2,0.024494838
486,135,SLC9A9,SLBP,0.024166992
486,525,SLC9A9,TXNIP,0.024151716
486,409,SLC9A9,TMEM206,0.023924513
486,219,SLC9A9,STARD4,0.02348518
486,79,SLC9A9,MGAT1,0.023220252
486,441,SLC9A9,MCM7,0.022915589
486,284,SLC9A9,ANXA5,0.021954734
486,24,SLC9A9,DYNLL1,0.021868525
486,119,SLC9A9,PAG1,0.021504385
486,123,SLC9A9,PAFAH2,0.021304466
486,293,SLC9A9,MAML3,0.020682963
486,246,SLC9A9,KLF6,0.020032955
486,174,SLC9A9,PPCDC,0.018858774
486,214,SLC9A9,FCHO2,0.018692194
486,400,SLC9A9,ANKRD44,0.016070353
486,224,SLC9A9,PLSCR4,0.0141886845
486,497,SLC9A9,ATP8B4,0.013355983
486,354,SLC9A9,PPP1R15A,0.010931341
486,203,SLC9A9,CD33,0.0030345717
486,139,SLC9A9,CCL3,0.0028710929
486,86,SLC9A9,METTL7A1,0.0025579846
486,207,SLC9A9,BLNK,0.0025500485
486,419,SLC9A9,NCF1,0.0025152136
486,186,SLC9A9,IL7R,0.0025139302
486,319,SLC9A9,CD74,0.0024725315
486,63,SLC9A9,ENG,0.00246008
486,132,SLC9A9,OAS2,0.0023928292
486,332,SLC9A9,IPCEF1,0.0023858128
486,417,SLC9A9,UBA7,0.0023567888
486,267,SLC9A9,CLEC12A,0.0023415089
486,172,SLC9A9,EPSTI1,0.0022739582
94,115,SLCO3A1,LTB,0.02501893
94,323,SLCO3A1,SELPLG,0.02276533
94,260,SLCO3A1,RHOF,0.020541187
94,224,SLCO3A1,PLSCR4,0.0205331
94,197,SLCO3A1,POLA2,0.019122185
94,556,SLCO3A1,ITGB7,0.019051297
94,198,SLCO3A1,CMAH,0.018488638
94,405,SLCO3A1,GIMAP8,0.017980188
94,102,SLCO3A1,FUT8,0.017907806
94,217,SLCO3A1,MYCT1,0.017790936
94,147,SLCO3A1,ERP29,0.017387742
94,455,SLCO3A1,SNAP23,0.017267618
94,174,SLCO3A1,PPCDC,0.016944466
94,182,SLCO3A1,STK17B,0.016944459
94,327,SLCO3A1,PRIM1,0.016911678
94,180,SLCO3A1,RGS2,0.016727936
94,169,SLCO3A1,MCM4,0.016560204
94,47,SLCO3A1,LONP2,0.016488878
94,210,SLCO3A1,CDKN1C,0.01621519
94,135,SLCO3A1,SLBP,0.015406509
94,525,SLCO3A1,TXNIP,0.015403074
94,409,SLCO3A1,TMEM206,0.015266927
94,79,SLCO3A1,MGAT1,0.014990466
94,219,SLCO3A1,STARD4,0.014814199
94,441,SLCO3A1,MCM7,0.014630689
94,284,SLCO3A1,ANXA5,0.014004061
94,24,SLCO3A1,DYNLL1,0.013947484
94,119,SLCO3A1,PAG1,0.013725908
94,123,SLCO3A1,PAFAH2,0.013600567
94,293,SLCO3A1,MAML3,0.013184004
94,354,SLCO3A1,PPP1R15A,0.012902758
94,246,SLCO3A1,KLF6,0.012818812
94,339,SLCO3A1,KCTD12,0.012315516
94,214,SLCO3A1,FCHO2,0.011849542
94,497,SLCO3A1,ATP8B4,0.011588555
94,400,SLCO3A1,ANKRD44,0.0105375
94,262,SLCO3A1,SSH2,0.007490784
94,203,SLCO3A1,CD33,0.0022531205
94,139,SLCO3A1,CCL3,0.0021720312
94,207,SLCO3A1,BLNK,0.001938909
94,86,SLCO3A1,METTL7A1,0.0019381479
94,186,SLCO3A1,IL7R,0.0019106579
94,419,SLCO3A1,NCF1,0.0019085883
94,319,SLCO3A1,CD74,0.0018857904
94,63,SLCO3A1,ENG,0.001871872
94,294,SLCO3A1,TINAGL1,0.0018534844
94,132,SLCO3A1,OAS2,0.0018257899
94,332,SLCO3A1,IPCEF1,0.0018222531
94,172,SLCO3A1,EPSTI1,0.0018141338
94,417,SLCO3A1,UBA7,0.001806908
391,115,SLFN2,LTB,0.02439758
391,323,SLFN2,SELPLG,0.023245437
391,260,SLFN2,RHOF,0.020966101
391,556,SLFN2,ITGB7,0.019448157
391,400,SLFN2,ANKRD44,0.018220114
391,405,SLFN2,GIMAP8,0.018142091
391,147,SLFN2,ERP29,0.01774889
391,174,SLFN2,PPCDC,0.017306678
391,182,SLFN2,STK17B,0.017306678
391,327,SLFN2,PRIM1,0.017275145
391,339,SLFN2,KCTD12,0.017221821
391,180,SLFN2,RGS2,0.017065462
391,102,SLFN2,FUT8,0.016939519
391,169,SLFN2,MCM4,0.016919576
391,210,SLFN2,CDKN1C,0.016578665
391,262,SLFN2,SSH2,0.01638982
391,47,SLFN2,LONP2,0.015991032
391,135,SLFN2,SLBP,0.015766488
391,354,SLFN2,PPP1R15A,0.01574698
391,525,SLFN2,TXNIP,0.01574602
391,497,SLFN2,ATP8B4,0.01515297
391,79,SLFN2,MGAT1,0.015144036
391,219,SLFN2,STARD4,0.015144036
391,441,SLFN2,MCM7,0.014954839
391,24,SLFN2,DYNLL1,0.014267201
391,119,SLFN2,PAG1,0.0140478
391,123,SLFN2,PAFAH2,0.01390978
391,293,SLFN2,MAML3,0.013493483
391,217,SLFN2,MYCT1,0.013482513
391,246,SLFN2,KLF6,0.013111704
391,409,SLFN2,TMEM206,0.013067088
391,224,SLFN2,PLSCR4,0.012630763
391,214,SLFN2,FCHO2,0.012123801
391,198,SLFN2,CMAH,0.011229007
391,284,SLFN2,ANXA5,0.00668488
391,197,SLFN2,POLA2,0.004328955
391,455,SLFN2,SNAP23,0.0040377
391,203,SLFN2,CD33,0.0023254668
391,139,SLFN2,CCL3,0.002208948
391,86,SLFN2,METTL7A1,0.0019982269
391,207,SLFN2,BLNK,0.001997644
391,419,SLFN2,NCF1,0.0019698003
391,319,SLFN2,CD74,0.0019444375
391,63,SLFN2,ENG,0.0019306816
391,294,SLFN2,TINAGL1,0.0019092027
391,132,SLFN2,OAS2,0.0018825603
391,332,SLFN2,IPCEF1,0.0018784996
391,417,SLFN2,UBA7,0.0018618274
391,267,SLFN2,CLEC12A,0.0018509985
391,172,SLFN2,EPSTI1,0.0018016308
127,115,SMPDL3A,LTB,0.040507123
127,323,SMPDL3A,SELPLG,0.038559325
127,224,SMPDL3A,PLSCR4,0.034871094
127,260,SMPDL3A,RHOF,0.03478318
127,102,SMPDL3A,FUT8,0.031741235
127,198,SMPDL3A,CMAH,0.031331044
127,400,SMPDL3A,ANKRD44,0.030169237
127,217,SMPDL3A,MYCT1,0.030115752
127,405,SMPDL3A,GIMAP8,0.030081827
127,197,SMPDL3A,POLA2,0.029749878
127,147,SMPDL3A,ERP29,0.029329743
127,455,SMPDL3A,SNAP23,0.029193295
127,174,SMPDL3A,PPCDC,0.028641563
127,182,SMPDL3A,STK17B,0.028641563
127,327,SMPDL3A,PRIM1,0.028589772
127,339,SMPDL3A,KCTD12,0.028456092
127,180,SMPDL3A,RGS2,0.02830159
127,169,SMPDL3A,MCM4,0.027995212
127,210,SMPDL3A,CDKN1C,0.027404994
127,262,SMPDL3A,SSH2,0.027088385
127,354,SMPDL3A,PPP1R15A,0.025985504
127,525,SMPDL3A,TXNIP,0.025947973
127,135,SMPDL3A,SLBP,0.0259173
127,219,SMPDL3A,STARD4,0.02495047
127,79,SMPDL3A,MGAT1,0.024950467
127,497,SMPDL3A,ATP8B4,0.024932278
127,441,SMPDL3A,MCM7,0.024623908
127,284,SMPDL3A,ANXA5,0.023544107
127,24,SMPDL3A,DYNLL1,0.023454849
127,119,SMPDL3A,PAG1,0.023061616
127,123,SMPDL3A,PAFAH2,0.022846155
127,293,SMPDL3A,MAML3,0.022139577
127,246,SMPDL3A,KLF6,0.021453973
127,47,SMPDL3A,LONP2,0.020048786
127,214,SMPDL3A,FCHO2,0.019947242
127,556,SMPDL3A,ITGB7,0.019276325
127,409,SMPDL3A,TMEM206,0.011556543
127,203,SMPDL3A,CD33,0.0029850262
127,139,SMPDL3A,CCL3,0.0028139704
127,207,SMPDL3A,BLNK,0.0024926495
127,186,SMPDL3A,IL7R,0.0024600201
127,419,SMPDL3A,NCF1,0.0024437609
127,172,SMPDL3A,EPSTI1,0.002432095
127,319,SMPDL3A,CD74,0.0024229877
127,63,SMPDL3A,ENG,0.002389552
127,294,SMPDL3A,TINAGL1,0.0023745187
127,132,SMPDL3A,OAS2,0.002325061
127,332,SMPDL3A,IPCEF1,0.0023201494
127,417,SMPDL3A,UBA7,0.0022979763
127,267,SMPDL3A,CLEC12A,0.0022834255
455,115,SNAP23,LTB,0.05469964
455,323,SNAP23,SELPLG,0.052146826
455,224,SNAP23,PLSCR4,0.047364954
455,260,SNAP23,RHOF,0.04715559
455,197,SNAP23,POLA2,0.04418545
455,556,SNAP23,ITGB7,0.04385962
455,102,SNAP23,FUT8,0.041309617
455,217,SNAP23,MYCT1,0.040964346
455,405,SNAP23,GIMAP8,0.040949974
455,147,SNAP23,ERP29,0.039840702
455,182,SNAP23,STK17B,0.0390076
455,210,SNAP23,CDKN1C,0.03895021
455,327,SNAP23,PRIM1,0.03893478
455,339,SNAP23,KCTD12,0.03874321
455,180,SNAP23,RGS2,0.038614083
455,169,SNAP23,MCM4,0.03846609
455,262,SNAP23,SSH2,0.036933023
455,198,SNAP23,CMAH,0.036725752
455,47,SNAP23,LONP2,0.035952874
455,354,SNAP23,PPP1R15A,0.035450067
455,135,SNAP23,SLBP,0.03541995
455,525,SNAP23,TXNIP,0.0353883
455,409,SNAP23,TMEM206,0.035091065
455,219,SNAP23,STARD4,0.034040302
455,497,SNAP23,ATP8B4,0.03398735
455,79,SNAP23,MGAT1,0.03394855
455,441,SNAP23,MCM7,0.033597667
455,174,SNAP23,PPCDC,0.032801386
455,284,SNAP23,ANXA5,0.03217077
455,24,SNAP23,DYNLL1,0.032028716
455,400,SNAP23,ANKRD44,0.031671107
455,119,SNAP23,PAG1,0.03150104
455,123,SNAP23,PAFAH2,0.031207344
455,293,SNAP23,MAML3,0.030291906
455,246,SNAP23,KLF6,0.029289974
455,214,SNAP23,FCHO2,0.027301608
455,203,SNAP23,CD33,0.003821449
455,139,SNAP23,CCL3,0.003597342
455,86,SNAP23,METTL7A1,0.003163894
455,207,SNAP23,BLNK,0.003162959
455,186,SNAP23,IL7R,0.003116774
455,419,SNAP23,NCF1,0.0031050001
455,319,SNAP23,CD74,0.0030538668
455,63,SNAP23,ENG,0.0030339875
455,294,SNAP23,TINAGL1,0.0030056788
455,132,SNAP23,OAS2,0.0029450408
455,332,SNAP23,IPCEF1,0.00293666
455,417,SNAP23,UBA7,0.0028995904
455,267,SNAP23,CLEC12A,0.0028800673
455,276,SNAP23,H2-Q6,0.0027498861
35,115,SNAP47,LTB,0.04643212
35,323,SNAP47,SELPLG,0.044178158
35,224,SNAP47,PLSCR4,0.040068354
35,556,SNAP47,ITGB7,0.037520766
35,197,SNAP47,POLA2,0.037342656
35,198,SNAP47,CMAH,0.036299545
35,102,SNAP47,FUT8,0.03481213
35,400,SNAP47,ANKRD44,0.034728438
35,405,SNAP47,GIMAP8,0.034592863
35,147,SNAP47,ERP29,0.033726927
35,455,SNAP47,SNAP23,0.033602733
35,174,SNAP47,PPCDC,0.032942414
35,327,SNAP47,PRIM1,0.032913186
35,182,SNAP47,STK17B,0.032853533
35,339,SNAP47,KCTD12,0.032730337
35,169,SNAP47,MCM4,0.032212965
35,210,SNAP47,CDKN1C,0.031562403
35,262,SNAP47,SSH2,0.031129463
35,260,SNAP47,RHOF,0.030884393
35,47,SNAP47,LONP2,0.030348806
35,354,SNAP47,PPP1R15A,0.029913774
35,135,SNAP47,SLBP,0.0299016
35,525,SNAP47,TXNIP,0.029867055
35,409,SNAP47,TMEM206,0.029611235
35,79,SNAP47,MGAT1,0.028722454
35,219,SNAP47,STARD4,0.028722454
35,497,SNAP47,ATP8B4,0.02868796
35,441,SNAP47,MCM7,0.028342595
35,284,SNAP47,ANXA5,0.027121643
35,123,SNAP47,PAFAH2,0.026314294
35,180,SNAP47,RGS2,0.025825405
35,293,SNAP47,MAML3,0.025521815
35,246,SNAP47,KLF6,0.024701491
35,214,SNAP47,FCHO2,0.022964848
35,217,SNAP47,MYCT1,0.021616109
35,119,SNAP47,PAG1,0.011973141
35,24,SNAP47,DYNLL1,0.01110437
35,203,SNAP47,CD33,0.0033393756
35,139,SNAP47,CCL3,0.003146522
35,86,SNAP47,METTL7A1,0.0027809753
35,207,SNAP47,BLNK,0.002773267
35,419,SNAP47,NCF1,0.0027190412
35,319,SNAP47,CD74,0.0026778663
35,63,SNAP47,ENG,0.0026594717
35,294,SNAP47,TINAGL1,0.002640712
35,132,SNAP47,OAS2,0.0025837487
35,332,SNAP47,IPCEF1,0.0025725586
35,417,SNAP47,UBA7,0.0025470692
35,267,SNAP47,CLEC12A,0.0025314798
35,172,SNAP47,EPSTI1,0.0024542536
491,115,SOCS2,LTB,0.038690962
491,260,SOCS2,RHOF,0.03327135
491,224,SOCS2,PLSCR4,0.033168666
491,197,SOCS2,POLA2,0.031107003
491,556,SOCS2,ITGB7,0.03110546
491,217,SOCS2,MYCT1,0.030599827
491,198,SOCS2,CMAH,0.030000849
491,400,SOCS2,ANKRD44,0.029063448
491,102,SOCS2,FUT8,0.029057557
491,405,SOCS2,GIMAP8,0.028813021
491,147,SOCS2,ERP29,0.02813978
491,174,SOCS2,PPCDC,0.027453652
491,182,SOCS2,STK17B,0.027453639
491,327,SOCS2,PRIM1,0.027406113
491,180,SOCS2,RGS2,0.02717701
491,169,SOCS2,MCM4,0.026849726
491,262,SOCS2,SSH2,0.026450679
491,210,SOCS2,CDKN1C,0.02632798
491,47,SOCS2,LONP2,0.025329415
491,135,SOCS2,SLBP,0.024976315
491,354,SOCS2,PPP1R15A,0.024958141
491,409,SOCS2,TMEM206,0.024707455
491,79,SOCS2,MGAT1,0.023997905
491,219,SOCS2,STARD4,0.02397763
491,497,SOCS2,ATP8B4,0.023960542
491,441,SOCS2,MCM7,0.023662278
491,284,SOCS2,ANXA5,0.02266442
491,24,SOCS2,DYNLL1,0.02257635
491,119,SOCS2,PAG1,0.022199308
491,123,SOCS2,PAFAH2,0.021992795
491,293,SOCS2,MAML3,0.021346841
491,246,SOCS2,KLF6,0.02067406
491,214,SOCS2,FCHO2,0.019281505
491,525,SOCS2,TXNIP,0.01504176
491,323,SOCS2,SELPLG,0.006706877
491,339,SOCS2,KCTD12,0.0059221755
491,455,SOCS2,SNAP23,0.0055086315
491,203,SOCS2,CD33,0.0030696122
491,139,SOCS2,CCL3,0.0029043672
491,86,SOCS2,METTL7A1,0.0025842525
491,207,SOCS2,BLNK,0.0025796033
491,186,SOCS2,IL7R,0.0025405588
491,419,SOCS2,NCF1,0.0025374684
491,319,SOCS2,CD74,0.0024977564
491,63,SOCS2,ENG,0.002482841
491,294,SOCS2,TINAGL1,0.0024571843
491,332,SOCS2,IPCEF1,0.0024076665
491,417,SOCS2,UBA7,0.002378781
491,267,SOCS2,CLEC12A,0.0023635197
491,172,SOCS2,EPSTI1,0.0022946848
467,115,SOX18,LTB,0.0046454472
467,260,SOX18,RHOF,0.0042821816
467,224,SOX18,PLSCR4,0.0042466554
467,556,SOX18,ITGB7,0.004097901
467,197,SOX18,POLA2,0.0040925355
467,198,SOX18,CMAH,0.0040151128
467,102,SOX18,FUT8,0.0039362675
467,400,SOX18,ANKRD44,0.0039329985
467,217,SOX18,MYCT1,0.003924633
467,405,SOX18,GIMAP8,0.0039052276
467,327,SOX18,PRIM1,0.003807235
467,174,SOX18,PPCDC,0.0037983619
467,182,SOX18,STK17B,0.0037983619
467,339,SOX18,KCTD12,0.0037693959
467,455,SOX18,SNAP23,0.0037599516
467,180,SOX18,RGS2,0.0036935937
467,262,SOX18,SSH2,0.0036760825
467,210,SOX18,CDKN1C,0.0036357536
467,47,SOX18,LONP2,0.0036240194
467,135,SOX18,SLBP,0.003591481
467,354,SOX18,PPP1R15A,0.0035829537
467,525,SOX18,TXNIP,0.0035672346
467,409,SOX18,TMEM206,0.003558865
467,79,SOX18,MGAT1,0.0035096484
467,441,SOX18,MCM7,0.0034733717
467,24,SOX18,DYNLL1,0.0033902812
467,284,SOX18,ANXA5,0.0033657646
467,123,SOX18,PAFAH2,0.0033211554
467,246,SOX18,KLF6,0.003228881
467,169,SOX18,MCM4,0.0032262958
467,219,SOX18,STARD4,0.0030457363
467,214,SOX18,FCHO2,0.0030415808
467,323,SOX18,SELPLG,0.002958589
467,497,SOX18,ATP8B4,0.0029038715
467,147,SOX18,ERP29,0.002570143
467,293,SOX18,MAML3,0.0022499217
467,119,SOX18,PAG1,0.0016373043
467,203,SOX18,CD33,0.001183566
467,139,SOX18,CCL3,0.0011428032
467,419,SOX18,NCF1,0.001085906
467,186,SOX18,IL7R,0.0010852851
467,319,SOX18,CD74,0.0010849165
467,63,SOX18,ENG,0.001076734
467,294,SOX18,TINAGL1,0.0010624243
467,417,SOX18,UBA7,0.0010592539
467,332,SOX18,IPCEF1,0.001057891
467,132,SOX18,OAS2,0.0010572785
467,267,SOX18,CLEC12A,0.0010555544
467,276,SOX18,H2-Q6,0.00103809
467,172,SOX18,EPSTI1,0.0010356683
134,115,SP100,LTB,0.033965144
134,323,SP100,SELPLG,0.032356057
134,224,SP100,PLSCR4,0.029207818
134,260,SP100,RHOF,0.029166665
134,197,SP100,POLA2,0.027215695
134,556,SP100,ITGB7,0.027055359
134,198,SP100,CMAH,0.026247688
134,217,SP100,MYCT1,0.025455305
134,102,SP100,FUT8,0.02543467
134,147,SP100,ERP29,0.025395107
134,400,SP100,ANKRD44,0.025308864
134,405,SP100,GIMAP8,0.025224617
134,455,SP100,SNAP23,0.024530577
134,174,SP100,PPCDC,0.024030516
134,182,SP100,STK17B,0.024030516
134,327,SP100,PRIM1,0.023988161
134,339,SP100,KCTD12,0.023891399
134,180,SP100,RGS2,0.023752514
134,169,SP100,MCM4,0.023491398
134,210,SP100,CDKN1C,0.023008965
134,262,SP100,SSH2,0.022711854
134,47,SP100,LONP2,0.02215564
134,135,SP100,SLBP,0.021836657
134,354,SP100,PPP1R15A,0.021825701
134,525,SP100,TXNIP,0.021807348
134,409,SP100,TMEM206,0.021613155
134,497,SP100,ATP8B4,0.020976271
134,79,SP100,MGAT1,0.020968162
134,441,SP100,MCM7,0.020695789
134,284,SP100,ANXA5,0.019797523
134,24,SP100,DYNLL1,0.019729298
134,119,SP100,PAG1,0.019400662
134,293,SP100,MAML3,0.01935808
134,123,SP100,PAFAH2,0.01922079
134,246,SP100,KLF6,0.018057153
134,214,SP100,FCHO2,0.016827352
134,219,SP100,STARD4,0.015203399
134,203,SP100,CD33,0.0027455871
134,139,SP100,CCL3,0.0025955057
134,86,SP100,METTL7A1,0.0024268646
134,207,SP100,BLNK,0.0023210768
134,186,SP100,IL7R,0.0022850393
134,319,SP100,CD74,0.002250076
134,63,SP100,ENG,0.0022348792
134,294,SP100,TINAGL1,0.0022115347
134,132,SP100,OAS2,0.002171312
134,332,SP100,IPCEF1,0.0021683264
134,417,SP100,UBA7,0.0021474743
134,172,SP100,EPSTI1,0.00207311
134,276,SP100,H2-Q6,0.0020500887
51,323,SPC24,SELPLG,0.047037687
51,224,SPC24,PLSCR4,0.04260625
51,260,SPC24,RHOF,0.042516794
51,556,SPC24,ITGB7,0.039519273
51,198,SPC24,CMAH,0.03842053
51,102,SPC24,FUT8,0.037430946
51,400,SPC24,ANKRD44,0.0369846
51,217,SPC24,MYCT1,0.036958057
51,147,SPC24,ERP29,0.03620593
51,455,SPC24,SNAP23,0.03592318
51,174,SPC24,PPCDC,0.035167865
51,182,SPC24,STK17B,0.03512516
51,327,SPC24,PRIM1,0.035105832
51,339,SPC24,KCTD12,0.03499641
51,180,SPC24,RGS2,0.03485721
51,169,SPC24,MCM4,0.03466948
51,405,SPC24,GIMAP8,0.03400248
51,210,SPC24,CDKN1C,0.03376817
51,262,SPC24,SSH2,0.03371022
51,47,SPC24,LONP2,0.032634184
51,135,SPC24,SLBP,0.032151148
51,525,SPC24,TXNIP,0.031955317
51,409,SPC24,TMEM206,0.03171439
51,79,SPC24,MGAT1,0.030914156
51,497,SPC24,ATP8B4,0.03068987
51,441,SPC24,MCM7,0.030283434
51,24,SPC24,DYNLL1,0.029123273
51,284,SPC24,ANXA5,0.029089443
51,119,SPC24,PAG1,0.028637318
51,123,SPC24,PAFAH2,0.028392795
51,293,SPC24,MAML3,0.027390663
51,246,SPC24,KLF6,0.02681304
51,214,SPC24,FCHO2,0.02490198
51,354,SPC24,PPP1R15A,0.019596556
51,219,SPC24,STARD4,0.018589273
51,197,SPC24,POLA2,0.017254967
51,115,SPC24,LTB,0.007964749
51,203,SPC24,CD33,0.0036845293
51,139,SPC24,CCL3,0.0035025112
51,86,SPC24,METTL7A1,0.0030960094
51,207,SPC24,BLNK,0.003066344
51,186,SPC24,IL7R,0.0030175378
51,419,SPC24,NCF1,0.003015679
51,63,SPC24,ENG,0.002968278
51,319,SPC24,CD74,0.0029642885
51,294,SPC24,TINAGL1,0.0029122822
51,132,SPC24,OAS2,0.0028812399
51,332,SPC24,IPCEF1,0.0028521991
51,417,SPC24,UBA7,0.0028155525
51,267,SPC24,CLEC12A,0.0027949307
145,97,SPI1,MYC,0.98167485
145,408,SPI1,IKZF1,0.981091
145,216,SPI1,KAZALD1,0.9796892
145,294,SPI1,TINAGL1,0.97943074
145,287,SPI1,CSF3R,0.9778438
145,253,SPI1,CBFB,0.97760564
145,138,SPI1,P2RY14,0.9771583
145,404,SPI1,NHP2,0.9766831
145,19,SPI1,UBASH3A,0.9766594
145,337,SPI1,RAG2,0.97657305
145,225,SPI1,CDT1,0.97640616
145,84,SPI1,SLC39A6,0.97639513
145,367,SPI1,SATB1,0.9763665
145,7,SPI1,AKNA,0.9763081
145,488,SPI1,RNF38,0.976265
145,555,SPI1,CKS1B,0.9761277
145,449,SPI1,RAMP1,0.9761026
145,237,SPI1,GNG11,0.9760883
145,161,SPI1,ELOVL5,0.9760602
145,73,SPI1,UHRF1,0.9760584
145,440,SPI1,AP1S2,0.9760584
145,499,SPI1,GSTT1,0.97605467
145,396,SPI1,IFI27,0.97595096
145,426,SPI1,NWD1,0.97587216
145,91,SPI1,ITSN1,0.97581726
145,486,SPI1,SLC9A9,0.97580826
145,335,SPI1,SLC22A3,0.975804
145,465,SPI1,CAMK1D,0.97579634
145,552,SPI1,TLR7,0.97575516
145,261,SPI1,TMEM14C,0.9757455
145,548,SPI1,IFI209,0.9757437
145,66,SPI1,CCR7,0.97574073
145,535,SPI1,NLRC3,0.97573483
145,372,SPI1,DUSP6,0.97572607
145,179,SPI1,CD63,0.97570735
145,420,SPI1,GBP2,0.9757
145,438,SPI1,ZNRF2,0.9757
145,283,SPI1,SAT1,0.9756998
145,365,SPI1,SPNS3,0.9756402
145,228,SPI1,CCL9,0.97560525
145,274,SPI1,SLC44A2,0.97554535
145,344,SPI1,CCT2,0.9755341
145,353,SPI1,RNF13,0.9754926
145,492,SPI1,DTL,0.9754868
145,92,SPI1,TRIM59,0.9754444
145,12,SPI1,MCM5,0.9754024
145,554,SPI1,CTSH,0.9753997
145,278,SPI1,GMNN,0.9753831
145,407,SPI1,GDF3,0.9753794
145,137,SPI1,ZBTB20,0.9753763
85,323,SPNS2,SELPLG,0.019575821
85,260,SPNS2,RHOF,0.0176719
85,197,SPNS2,POLA2,0.016467016
85,556,SPNS2,ITGB7,0.016395034
85,198,SPNS2,CMAH,0.015910646
85,102,SPNS2,FUT8,0.015414534
85,400,SPNS2,ANKRD44,0.015369173
85,217,SPNS2,MYCT1,0.015341876
85,455,SPNS2,SNAP23,0.014873847
85,182,SPNS2,STK17B,0.014599787
85,174,SPNS2,PPCDC,0.014580962
85,327,SPNS2,PRIM1,0.014568669
85,339,SPNS2,KCTD12,0.014530532
85,180,SPNS2,RGS2,0.014407793
85,115,SPNS2,LTB,0.014082072
85,210,SPNS2,CDKN1C,0.013972065
85,262,SPNS2,SSH2,0.013827143
85,409,SPNS2,TMEM206,0.013660445
85,47,SPNS2,LONP2,0.013464151
85,147,SPNS2,ERP29,0.013336174
85,135,SPNS2,SLBP,0.013313881
85,525,SPNS2,TXNIP,0.013288022
85,354,SPNS2,PPP1R15A,0.013270877
85,219,SPNS2,STARD4,0.012781407
85,441,SPNS2,MCM7,0.012599979
85,224,SPNS2,PLSCR4,0.01200122
85,284,SPNS2,ANXA5,0.011998422
85,24,SPNS2,DYNLL1,0.011983796
85,119,SPNS2,PAG1,0.011740517
85,123,SPNS2,PAFAH2,0.011643969
85,293,SPNS2,MAML3,0.011247127
85,246,SPNS2,KLF6,0.010950056
85,214,SPNS2,FCHO2,0.0100941025
85,169,SPNS2,MCM4,0.008322017
85,405,SPNS2,GIMAP8,0.00666847
85,497,SPNS2,ATP8B4,0.0036529033
85,79,SPNS2,MGAT1,0.0034673954
85,203,SPNS2,CD33,0.002084213
85,139,SPNS2,CCL3,0.001984096
85,207,SPNS2,BLNK,0.0018091042
85,86,SPNS2,METTL7A1,0.0018071411
85,419,SPNS2,NCF1,0.0017840491
85,186,SPNS2,IL7R,0.0017812947
85,319,SPNS2,CD74,0.0017634748
85,294,SPNS2,TINAGL1,0.0017313029
85,63,SPNS2,ENG,0.001728801
85,132,SPNS2,OAS2,0.0017088425
85,332,SPNS2,IPCEF1,0.0017056202
85,417,SPNS2,UBA7,0.0016914923
85,267,SPNS2,CLEC12A,0.0016833592
365,323,SPNS3,SELPLG,0.039951924
365,115,SPNS3,LTB,0.036905847
365,224,SPNS3,PLSCR4,0.036190074
365,260,SPNS3,RHOF,0.03609654
365,556,SPNS3,ITGB7,0.033511475
365,198,SPNS3,CMAH,0.0327409
365,102,SPNS3,FUT8,0.031481463
365,400,SPNS3,ANKRD44,0.031346656
365,217,SPNS3,MYCT1,0.03131281
365,405,SPNS3,GIMAP8,0.0312622
365,147,SPNS3,ERP29,0.030508371
365,455,SPNS3,SNAP23,0.03039646
365,174,SPNS3,PPCDC,0.029780015
365,182,SPNS3,STK17B,0.029780015
365,327,SPNS3,PRIM1,0.029727824
365,339,SPNS3,KCTD12,0.029603226
365,180,SPNS3,RGS2,0.029474827
365,169,SPNS3,MCM4,0.029123232
365,210,SPNS3,CDKN1C,0.028525045
365,262,SPNS3,SSH2,0.028193425
365,354,SPNS3,PPP1R15A,0.027060073
365,525,SPNS3,TXNIP,0.027030028
365,135,SPNS3,SLBP,0.026981434
365,409,SPNS3,TMEM206,0.026787201
365,219,SPNS3,STARD4,0.025990503
365,79,SPNS3,MGAT1,0.025990497
365,497,SPNS3,ATP8B4,0.025966637
365,47,SPNS3,LONP2,0.02493565
365,284,SPNS3,ANXA5,0.024557075
365,24,SPNS3,DYNLL1,0.024461312
365,119,SPNS3,PAG1,0.024051864
365,123,SPNS3,PAFAH2,0.023827352
365,293,SPNS3,MAML3,0.023120826
365,246,SPNS3,KLF6,0.022384955
365,197,SPNS3,POLA2,0.020804597
365,441,SPNS3,MCM7,0.017468482
365,214,SPNS3,FCHO2,0.012457054
365,203,SPNS3,CD33,0.003196001
365,139,SPNS3,CCL3,0.0030166353
365,86,SPNS3,METTL7A1,0.0026765
365,207,SPNS3,BLNK,0.0026706872
365,186,SPNS3,IL7R,0.0026320694
365,419,SPNS3,NCF1,0.0026201173
365,319,SPNS3,CD74,0.002578774
365,63,SPNS3,ENG,0.0025668228
365,294,SPNS3,TINAGL1,0.0025431737
365,132,SPNS3,OAS2,0.0024950989
365,332,SPNS3,IPCEF1,0.0024882085
365,417,SPNS3,UBA7,0.0024585754
365,267,SPNS3,CLEC12A,0.0024428405
262,115,SSH2,LTB,0.12450398
262,323,SSH2,SELPLG,0.11946189
262,224,SSH2,PLSCR4,0.11052854
262,197,SSH2,POLA2,0.10390214
262,556,SSH2,ITGB7,0.10296269
262,198,SSH2,CMAH,0.1004746
262,102,SSH2,FUT8,0.097708926
262,405,SSH2,GIMAP8,0.09690683
262,400,SSH2,ANKRD44,0.096712545
262,217,SSH2,MYCT1,0.096567795
262,455,SSH2,SNAP23,0.09415637
262,182,SSH2,STK17B,0.092667446
262,174,SSH2,PPCDC,0.09265827
262,327,SSH2,PRIM1,0.09250332
262,180,SSH2,RGS2,0.09191496
262,339,SSH2,KCTD12,0.09186557
262,169,SSH2,MCM4,0.09086106
262,210,SSH2,CDKN1C,0.08925402
262,47,SSH2,LONP2,0.085853435
262,354,SSH2,PPP1R15A,0.0858319
262,147,SSH2,ERP29,0.08513384
262,135,SSH2,SLBP,0.084630065
262,525,SSH2,TXNIP,0.08454434
262,409,SSH2,TMEM206,0.08409231
262,219,SSH2,STARD4,0.08170395
262,79,SSH2,MGAT1,0.081703946
262,497,SSH2,ATP8B4,0.0814108
262,441,SSH2,MCM7,0.08076547
262,284,SSH2,ANXA5,0.07759253
262,24,SSH2,DYNLL1,0.07715516
262,119,SSH2,PAG1,0.07608712
262,123,SSH2,PAFAH2,0.07540913
262,293,SSH2,MAML3,0.073355116
262,246,SSH2,KLF6,0.07073236
262,214,SSH2,FCHO2,0.06644656
262,260,SSH2,RHOF,0.039801154
262,203,SSH2,CD33,0.0076028327
262,139,SSH2,CCL3,0.006652141
262,86,SSH2,METTL7A1,0.0061465832
262,207,SSH2,BLNK,0.00611465
262,186,SSH2,IL7R,0.0060479464
262,419,SSH2,NCF1,0.005952085
262,172,SSH2,EPSTI1,0.005942728
262,63,SSH2,ENG,0.005818884
262,294,SSH2,TINAGL1,0.0057819537
262,332,SSH2,IPCEF1,0.005614262
262,417,SSH2,UBA7,0.0055529284
262,267,SSH2,CLEC12A,0.005507033
262,276,SSH2,H2-Q6,0.005223526
262,494,SSH2,DUSP5,0.0049282457
285,115,SSTR2,LTB,0.13006364
285,323,SSTR2,SELPLG,0.12453135
285,224,SSTR2,PLSCR4,0.11531975
285,260,SSTR2,RHOF,0.11392322
285,197,SSTR2,POLA2,0.10808024
285,556,SSTR2,ITGB7,0.10698171
285,198,SSTR2,CMAH,0.1043305
285,102,SSTR2,FUT8,0.10139134
285,405,SSTR2,GIMAP8,0.1004901
285,400,SSTR2,ANKRD44,0.1003684
285,217,SSTR2,MYCT1,0.10007942
285,147,SSTR2,ERP29,0.09765637
285,455,SSTR2,SNAP23,0.097652905
285,180,SSTR2,RGS2,0.09641337
285,182,SSTR2,STK17B,0.095977135
285,327,SSTR2,PRIM1,0.09579684
285,174,SSTR2,PPCDC,0.095490225
285,339,SSTR2,KCTD12,0.09507506
285,169,SSTR2,MCM4,0.0941138
285,210,SSTR2,CDKN1C,0.092504404
285,262,SSTR2,SSH2,0.09125406
285,47,SSTR2,LONP2,0.08869936
285,354,SSTR2,PPP1R15A,0.08788225
285,135,SSTR2,SLBP,0.087374374
285,525,SSTR2,TXNIP,0.08731109
285,409,SSTR2,TMEM206,0.08683603
285,79,SSTR2,MGAT1,0.08437674
285,497,SSTR2,ATP8B4,0.084045716
285,441,SSTR2,MCM7,0.08332349
285,284,SSTR2,ANXA5,0.080033205
285,24,SSTR2,DYNLL1,0.07960111
285,123,SSTR2,PAFAH2,0.07773582
285,293,SSTR2,MAML3,0.07560635
285,246,SSTR2,KLF6,0.072869755
285,214,SSTR2,FCHO2,0.06834607
285,119,SSTR2,PAG1,0.065704614
285,219,SSTR2,STARD4,0.016111156
285,203,SSTR2,CD33,0.007755247
285,86,SSTR2,METTL7A1,0.006184913
285,207,SSTR2,BLNK,0.006176527
285,186,SSTR2,IL7R,0.0060946615
285,419,SSTR2,NCF1,0.0059835254
285,319,SSTR2,CD74,0.0059064166
285,63,SSTR2,ENG,0.0058479584
285,294,SSTR2,TINAGL1,0.0058189253
285,132,SSTR2,OAS2,0.005640625
285,332,SSTR2,IPCEF1,0.0056333146
285,417,SSTR2,UBA7,0.0055739623
285,267,SSTR2,CLEC12A,0.005522004
285,172,SSTR2,EPSTI1,0.0053291335
328,115,ST8SIA4,LTB,0.02429038
328,323,ST8SIA4,SELPLG,0.02312047
328,260,ST8SIA4,RHOF,0.02086018
328,224,ST8SIA4,PLSCR4,0.020853378
328,197,ST8SIA4,POLA2,0.019441174
328,556,ST8SIA4,ITGB7,0.01934646
328,198,ST8SIA4,CMAH,0.018774888
328,400,ST8SIA4,ANKRD44,0.018118577
328,102,ST8SIA4,FUT8,0.018091066
328,217,ST8SIA4,MYCT1,0.018088605
328,405,ST8SIA4,GIMAP8,0.018044043
328,147,ST8SIA4,ERP29,0.017644206
328,455,ST8SIA4,SNAP23,0.017533412
328,174,ST8SIA4,PPCDC,0.01720488
328,182,ST8SIA4,STK17B,0.01720488
328,327,ST8SIA4,PRIM1,0.017171565
328,180,ST8SIA4,RGS2,0.016985279
328,169,ST8SIA4,MCM4,0.016814474
328,210,ST8SIA4,CDKN1C,0.01646392
328,47,ST8SIA4,LONP2,0.015885819
328,135,ST8SIA4,SLBP,0.01566398
328,354,ST8SIA4,PPP1R15A,0.015641315
328,525,ST8SIA4,TXNIP,0.015637718
328,409,ST8SIA4,TMEM206,0.015499522
328,497,ST8SIA4,ATP8B4,0.0150510315
328,79,ST8SIA4,MGAT1,0.015039288
328,219,ST8SIA4,STARD4,0.015039281
328,284,ST8SIA4,ANXA5,0.014215848
328,119,ST8SIA4,PAG1,0.013933051
328,123,ST8SIA4,PAFAH2,0.013805671
328,293,ST8SIA4,MAML3,0.013382451
328,246,ST8SIA4,KLF6,0.012045605
328,214,ST8SIA4,FCHO2,0.011964181
328,339,ST8SIA4,KCTD12,0.010162135
328,262,ST8SIA4,SSH2,0.009790443
328,24,ST8SIA4,DYNLL1,0.008161176
328,441,ST8SIA4,MCM7,0.0036907222
328,203,ST8SIA4,CD33,0.002269703
328,207,ST8SIA4,BLNK,0.0019512232
328,86,ST8SIA4,METTL7A1,0.0019505306
328,186,ST8SIA4,IL7R,0.0019221598
328,419,ST8SIA4,NCF1,0.0019197783
328,319,ST8SIA4,CD74,0.0018975477
328,63,ST8SIA4,ENG,0.0018845863
328,294,ST8SIA4,TINAGL1,0.0018688918
328,132,ST8SIA4,OAS2,0.0018551403
328,139,ST8SIA4,CCL3,0.0018503714
328,332,ST8SIA4,IPCEF1,0.001833436
328,417,ST8SIA4,UBA7,0.0018178411
328,267,ST8SIA4,CLEC12A,0.0018073115
219,115,STARD4,LTB,0.14889103
219,224,STARD4,PLSCR4,0.13311195
219,260,STARD4,RHOF,0.13168538
219,197,STARD4,POLA2,0.12543875
219,556,STARD4,ITGB7,0.1242913
219,198,STARD4,CMAH,0.12139916
219,102,STARD4,FUT8,0.11819671
219,455,STARD4,SNAP23,0.11746037
219,405,STARD4,GIMAP8,0.11726294
219,217,STARD4,MYCT1,0.116721
219,147,STARD4,ERP29,0.11387895
219,182,STARD4,STK17B,0.11228854
219,174,STARD4,PPCDC,0.11228852
219,327,STARD4,PRIM1,0.11201859
219,180,STARD4,RGS2,0.111350276
219,339,STARD4,KCTD12,0.1112504
219,169,STARD4,MCM4,0.11016237
219,210,STARD4,CDKN1C,0.10822187
219,354,STARD4,PPP1R15A,0.10314817
219,135,STARD4,SLBP,0.10276863
219,525,STARD4,TXNIP,0.1026265
219,409,STARD4,TMEM206,0.10219432
219,79,STARD4,MGAT1,0.09933904
219,497,STARD4,ATP8B4,0.098951645
219,441,STARD4,MCM7,0.09826117
219,262,STARD4,SSH2,0.095229395
219,284,STARD4,ANXA5,0.094464675
219,24,STARD4,DYNLL1,0.09378743
219,119,STARD4,PAG1,0.09269247
219,123,STARD4,PAFAH2,0.09188426
219,246,STARD4,KLF6,0.08640074
219,214,STARD4,FCHO2,0.0811327
219,400,STARD4,ANKRD44,0.07710051
219,47,STARD4,LONP2,0.07049755
219,293,STARD4,MAML3,0.07014333
219,323,STARD4,SELPLG,0.053913698
219,203,STARD4,CD33,0.00875572
219,139,STARD4,CCL3,0.008133944
219,86,STARD4,METTL7A1,0.0070425193
219,207,STARD4,BLNK,0.0070153684
219,186,STARD4,IL7R,0.006939505
219,419,STARD4,NCF1,0.0067865336
219,319,STARD4,CD74,0.0067130015
219,63,STARD4,ENG,0.0066336393
219,332,STARD4,IPCEF1,0.0064064586
219,132,STARD4,OAS2,0.006398981
219,417,STARD4,UBA7,0.006344396
219,267,STARD4,CLEC12A,0.0062932023
219,172,STARD4,EPSTI1,0.006062701
219,276,STARD4,H2-Q6,0.0059555443
76,115,STK10,LTB,0.023209283
76,323,STK10,SELPLG,0.022101408
76,260,STK10,RHOF,0.019948164
76,224,STK10,PLSCR4,0.019935345
76,197,STK10,POLA2,0.018594906
76,556,STK10,ITGB7,0.018504003
76,198,STK10,CMAH,0.0179643
76,102,STK10,FUT8,0.017402608
76,400,STK10,ANKRD44,0.01734052
76,217,STK10,MYCT1,0.017319666
76,147,STK10,ERP29,0.01690273
76,455,STK10,SNAP23,0.016767282
76,182,STK10,STK17B,0.016472917
76,327,STK10,PRIM1,0.01644112
76,339,STK10,KCTD12,0.016396156
76,180,STK10,RGS2,0.016230723
76,169,STK10,MCM4,0.01610369
76,210,STK10,CDKN1C,0.015782066
76,262,STK10,SSH2,0.015602011
76,47,STK10,LONP2,0.015227678
76,135,STK10,SLBP,0.015024278
76,354,STK10,PPP1R15A,0.014992684
76,525,STK10,TXNIP,0.014990973
76,409,STK10,TMEM206,0.014855922
76,497,STK10,ATP8B4,0.014432828
76,79,STK10,MGAT1,0.014420325
76,219,STK10,STARD4,0.014420325
76,441,STK10,MCM7,0.014243226
76,284,STK10,ANXA5,0.013599345
76,24,STK10,DYNLL1,0.013595221
76,119,STK10,PAG1,0.013317633
76,123,STK10,PAFAH2,0.013193475
76,293,STK10,MAML3,0.0127540715
76,246,STK10,KLF6,0.01239825
76,214,STK10,FCHO2,0.01143749
76,174,STK10,PPCDC,0.011281026
76,405,STK10,GIMAP8,0.007826172
76,203,STK10,CD33,0.0022623837
76,139,STK10,CCL3,0.002151202
76,207,STK10,BLNK,0.0019521362
76,86,STK10,METTL7A1,0.001950616
76,419,STK10,NCF1,0.0019257584
76,186,STK10,IL7R,0.0019203449
76,319,STK10,CD74,0.0019005548
76,63,STK10,ENG,0.0018887547
76,294,STK10,TINAGL1,0.0018646945
76,132,STK10,OAS2,0.0018412655
76,332,STK10,IPCEF1,0.0018371362
76,417,STK10,UBA7,0.0018202706
76,267,STK10,CLEC12A,0.0018099372
182,115,STK17B,LTB,0.111667655
182,323,STK17B,SELPLG,0.10702515
182,260,STK17B,RHOF,0.09782544
182,197,STK17B,POLA2,0.09266332
182,556,STK17B,ITGB7,0.09183569
182,198,STK17B,CMAH,0.08956207
182,102,STK17B,FUT8,0.08703588
182,405,STK17B,GIMAP8,0.08630668
182,400,STK17B,ANKRD44,0.086254716
182,217,STK17B,MYCT1,0.0860566
182,455,STK17B,SNAP23,0.08479667
182,147,STK17B,ERP29,0.08389374
182,174,STK17B,PPCDC,0.08246211
182,327,STK17B,PRIM1,0.08228142
182,180,STK17B,RGS2,0.08178598
182,339,STK17B,KCTD12,0.08177058
182,210,STK17B,CDKN1C,0.079376094
182,262,STK17B,SSH2,0.078406
182,47,STK17B,LONP2,0.07803966
182,354,STK17B,PPP1R15A,0.075438954
182,135,STK17B,SLBP,0.07520941
182,525,STK17B,TXNIP,0.07514159
182,409,STK17B,TMEM206,0.07469663
182,224,STK17B,PLSCR4,0.07341181
182,79,STK17B,MGAT1,0.07255173
182,219,STK17B,STARD4,0.07255173
182,497,STK17B,ATP8B4,0.072305664
182,441,STK17B,MCM7,0.07169205
182,284,STK17B,ANXA5,0.06883664
182,24,STK17B,DYNLL1,0.068462886
182,119,STK17B,PAG1,0.067477345
182,123,STK17B,PAFAH2,0.06686898
182,293,STK17B,MAML3,0.06502808
182,246,STK17B,KLF6,0.062788844
182,214,STK17B,FCHO2,0.058827676
182,169,STK17B,MCM4,0.014954136
182,203,STK17B,CD33,0.0068928264
182,139,STK17B,CCL3,0.006538881
182,86,STK17B,METTL7A1,0.0055854954
182,207,STK17B,BLNK,0.0055647106
182,419,STK17B,NCF1,0.005418981
182,319,STK17B,CD74,0.005343337
182,63,STK17B,ENG,0.005294946
182,294,STK17B,TINAGL1,0.0052466304
182,132,STK17B,OAS2,0.005119703
182,332,STK17B,IPCEF1,0.00511013
182,417,STK17B,UBA7,0.0050516007
182,267,STK17B,CLEC12A,0.005010118
182,172,STK17B,EPSTI1,0.004839238
182,276,STK17B,H2-Q6,0.0047555882
297,115,STXBP1,LTB,0.04523374
297,224,STXBP1,PLSCR4,0.039052866
297,260,STXBP1,RHOF,0.038893208
297,197,STXBP1,POLA2,0.03641386
297,556,STXBP1,ITGB7,0.036164526
297,198,STXBP1,CMAH,0.03514238
297,102,STXBP1,FUT8,0.033989716
297,400,STXBP1,ANKRD44,0.03383413
297,217,STXBP1,MYCT1,0.033802383
297,405,STXBP1,GIMAP8,0.03375151
297,147,STXBP1,ERP29,0.032940272
297,455,STXBP1,SNAP23,0.032860566
297,262,STXBP1,SSH2,0.03223653
297,182,STXBP1,STK17B,0.032154687
297,174,STXBP1,PPCDC,0.032146253
297,327,STXBP1,PRIM1,0.032097463
297,180,STXBP1,RGS2,0.031844135
297,169,STXBP1,MCM4,0.031451467
297,210,STXBP1,CDKN1C,0.030845605
297,47,STXBP1,LONP2,0.02965802
297,354,STXBP1,PPP1R15A,0.029230908
297,525,STXBP1,TXNIP,0.02922099
297,135,STXBP1,SLBP,0.029216908
297,409,STXBP1,TMEM206,0.028933527
297,219,STXBP1,STARD4,0.028075427
297,79,STXBP1,MGAT1,0.028075412
297,497,STXBP1,ATP8B4,0.028044598
297,441,STXBP1,MCM7,0.027705219
297,24,STXBP1,DYNLL1,0.02659596
297,284,STXBP1,ANXA5,0.02653752
297,323,STXBP1,SELPLG,0.026001634
297,119,STXBP1,PAG1,0.025990115
297,123,STXBP1,PAFAH2,0.025747124
297,293,STXBP1,MAML3,0.024993168
297,246,STXBP1,KLF6,0.024184396
297,214,STXBP1,FCHO2,0.022557706
297,339,STXBP1,KCTD12,0.02247993
297,203,STXBP1,CD33,0.003402999
297,139,STXBP1,CCL3,0.0032118417
297,86,STXBP1,METTL7A1,0.0028445795
297,207,STXBP1,BLNK,0.0028387816
297,186,STXBP1,IL7R,0.00279557
297,419,STXBP1,NCF1,0.0027911097
297,319,STXBP1,CD74,0.0027451993
297,63,STXBP1,ENG,0.00272828
297,294,STXBP1,TINAGL1,0.002694802
297,132,STXBP1,OAS2,0.0026508109
297,332,STXBP1,IPCEF1,0.0026423766
297,417,STXBP1,UBA7,0.0026102706
297,267,STXBP1,CLEC12A,0.0025926004
366,323,SULT1A1,SELPLG,0.024405662
366,115,SULT1A1,LTB,0.022474997
366,224,SULT1A1,PLSCR4,0.022022177
366,260,SULT1A1,RHOF,0.022009451
366,556,SULT1A1,ITGB7,0.020402757
366,198,SULT1A1,CMAH,0.019929854
366,400,SULT1A1,ANKRD44,0.019812534
366,102,SULT1A1,FUT8,0.019167019
366,217,SULT1A1,MYCT1,0.01910831
366,405,SULT1A1,GIMAP8,0.019037735
366,339,SULT1A1,KCTD12,0.018723419
366,147,SULT1A1,ERP29,0.018642295
366,455,SULT1A1,SNAP23,0.018483559
366,174,SULT1A1,PPCDC,0.018153276
366,182,SULT1A1,STK17B,0.018153273
366,327,SULT1A1,PRIM1,0.018147197
366,180,SULT1A1,RGS2,0.017910197
366,169,SULT1A1,MCM4,0.017755724
366,210,SULT1A1,CDKN1C,0.017408937
366,262,SULT1A1,SSH2,0.0172088
366,525,SULT1A1,TXNIP,0.016532984
366,354,SULT1A1,PPP1R15A,0.01652692
366,135,SULT1A1,SLBP,0.016496327
366,497,SULT1A1,ATP8B4,0.015891805
366,79,SULT1A1,MGAT1,0.015890157
366,441,SULT1A1,MCM7,0.015682658
366,47,SULT1A1,LONP2,0.015237456
366,24,SULT1A1,DYNLL1,0.01499434
366,119,SULT1A1,PAG1,0.014733064
366,123,SULT1A1,PAFAH2,0.014596721
366,293,SULT1A1,MAML3,0.014222071
366,246,SULT1A1,KLF6,0.013787192
366,214,SULT1A1,FCHO2,0.012801561
366,219,SULT1A1,STARD4,0.012200332
366,197,SULT1A1,POLA2,0.012193105
366,409,SULT1A1,TMEM206,0.004191071
366,284,SULT1A1,ANXA5,0.003908579
366,203,SULT1A1,CD33,0.002455156
366,139,SULT1A1,CCL3,0.0023358047
366,207,SULT1A1,BLNK,0.0021110224
366,86,SULT1A1,METTL7A1,0.0021084785
366,419,SULT1A1,NCF1,0.002089814
366,186,SULT1A1,IL7R,0.0020711806
366,319,SULT1A1,CD74,0.0020535893
366,63,SULT1A1,ENG,0.0020457015
366,294,SULT1A1,TINAGL1,0.0020051245
366,132,SULT1A1,OAS2,0.0019901963
366,332,SULT1A1,IPCEF1,0.0019842158
366,417,SULT1A1,UBA7,0.0019626962
366,267,SULT1A1,CLEC12A,0.0019481797
191,115,SYK,LTB,0.017897563
191,323,SYK,SELPLG,0.017047737
191,260,SYK,RHOF,0.015404714
191,224,SYK,PLSCR4,0.015379877
191,197,SYK,POLA2,0.014359365
191,556,SYK,ITGB7,0.0143005075
191,198,SYK,CMAH,0.013881156
191,102,SYK,FUT8,0.01345323
191,400,SYK,ANKRD44,0.013418467
191,217,SYK,MYCT1,0.013395156
191,147,SYK,ERP29,0.013083333
191,455,SYK,SNAP23,0.012918819
191,174,SYK,PPCDC,0.012753783
191,182,SYK,STK17B,0.012739233
191,327,SYK,PRIM1,0.012726542
191,339,SYK,KCTD12,0.012696477
191,180,SYK,RGS2,0.012535781
191,169,SYK,MCM4,0.012466149
191,210,SYK,CDKN1C,0.012184012
191,262,SYK,SSH2,0.012087328
191,47,SYK,LONP2,0.011792599
191,135,SYK,SLBP,0.011641511
191,525,SYK,TXNIP,0.011602637
191,409,SYK,TMEM206,0.011494926
191,497,SYK,ATP8B4,0.011158505
191,219,SYK,STARD4,0.0111472355
191,79,SYK,MGAT1,0.011147224
191,441,SYK,MCM7,0.010992095
191,24,SYK,DYNLL1,0.010460989
191,284,SYK,ANXA5,0.010458544
191,119,SYK,PAG1,0.010263442
191,293,SYK,MAML3,0.009826784
191,246,SYK,KLF6,0.009575042
191,214,SYK,FCHO2,0.008846535
191,354,SYK,PPP1R15A,0.008051112
191,405,SYK,GIMAP8,0.006349701
191,123,SYK,PAFAH2,0.0053655272
191,203,SYK,CD33,0.001967682
191,139,SYK,CCL3,0.0018760328
191,207,SYK,BLNK,0.0017181516
191,86,SYK,METTL7A1,0.0017156637
191,419,SYK,NCF1,0.0016939008
191,186,SYK,IL7R,0.0016921527
191,319,SYK,CD74,0.0016755506
191,63,SYK,ENG,0.0016645256
191,294,SYK,TINAGL1,0.0016459854
191,132,SYK,OAS2,0.0016256117
191,332,SYK,IPCEF1,0.0016228604
191,417,SYK,UBA7,0.0016106764
191,267,SYK,CLEC12A,0.0016032342
321,115,SYTL1,LTB,0.042240597
321,323,SYTL1,SELPLG,0.04021427
321,224,SYTL1,PLSCR4,0.036381535
321,260,SYTL1,RHOF,0.036280714
321,197,SYTL1,POLA2,0.03388854
321,556,SYTL1,ITGB7,0.03361923
321,198,SYTL1,CMAH,0.032688215
321,102,SYTL1,FUT8,0.031651422
321,400,SYTL1,ANKRD44,0.03147186
321,217,SYTL1,MYCT1,0.031440895
321,405,SYTL1,GIMAP8,0.031384647
321,147,SYTL1,ERP29,0.030595284
321,174,SYTL1,PPCDC,0.029880792
321,182,SYTL1,STK17B,0.029880777
321,327,SYTL1,PRIM1,0.029826524
321,339,SYTL1,KCTD12,0.0296854
321,180,SYTL1,RGS2,0.02953113
321,169,SYTL1,MCM4,0.029207835
321,210,SYTL1,CDKN1C,0.028594559
321,262,SYTL1,SSH2,0.028260939
321,47,SYTL1,LONP2,0.027511455
321,135,SYTL1,SLBP,0.027110966
321,354,SYTL1,PPP1R15A,0.027110014
321,525,SYTL1,TXNIP,0.027068688
321,409,SYTL1,TMEM206,0.026841808
321,79,SYTL1,MGAT1,0.026049154
321,219,SYTL1,STARD4,0.026028365
321,497,SYTL1,ATP8B4,0.026006479
321,441,SYTL1,MCM7,0.025687074
321,284,SYTL1,ANXA5,0.024561599
321,24,SYTL1,DYNLL1,0.024467502
321,119,SYTL1,PAG1,0.024057286
321,293,SYTL1,MAML3,0.02307483
321,246,SYTL1,KLF6,0.022374969
321,214,SYTL1,FCHO2,0.022153374
321,455,SYTL1,SNAP23,0.01841467
321,123,SYTL1,PAFAH2,0.016970515
321,203,SYTL1,CD33,0.0030673936
321,139,SYTL1,CCL3,0.0028901896
321,207,SYTL1,BLNK,0.0025534907
321,186,SYTL1,IL7R,0.002526507
321,419,SYTL1,NCF1,0.002503151
321,319,SYTL1,CD74,0.0024690174
321,63,SYTL1,ENG,0.0024507293
321,294,SYTL1,TINAGL1,0.0024305568
321,132,SYTL1,OAS2,0.0023810577
321,332,SYTL1,IPCEF1,0.0023700083
321,417,SYTL1,UBA7,0.002352096
321,267,SYTL1,CLEC12A,0.0023369074
321,172,SYTL1,EPSTI1,0.0022672326
235,115,TAPT1,LTB,0.078803055
235,323,TAPT1,SELPLG,0.07533978
235,224,TAPT1,PLSCR4,0.069032654
235,260,TAPT1,RHOF,0.06863579
235,197,TAPT1,POLA2,0.064677365
235,556,TAPT1,ITGB7,0.064077914
235,198,TAPT1,CMAH,0.062491253
235,102,TAPT1,FUT8,0.06067557
235,217,TAPT1,MYCT1,0.060208786
235,400,TAPT1,ANKRD44,0.060207736
235,147,TAPT1,ERP29,0.0586681
235,455,TAPT1,SNAP23,0.058639772
235,182,TAPT1,STK17B,0.05745587
235,174,TAPT1,PPCDC,0.05745035
235,327,TAPT1,PRIM1,0.057382416
235,180,TAPT1,RGS2,0.057093672
235,339,TAPT1,KCTD12,0.05708124
235,169,TAPT1,MCM4,0.056333646
235,210,TAPT1,CDKN1C,0.05541751
235,262,TAPT1,SSH2,0.054611485
235,47,TAPT1,LONP2,0.05319941
235,354,TAPT1,PPP1R15A,0.052629925
235,525,TAPT1,TXNIP,0.05244226
235,135,TAPT1,SLBP,0.052127425
235,409,TAPT1,TMEM206,0.052002456
235,497,TAPT1,ATP8B4,0.051127687
235,79,TAPT1,MGAT1,0.050594576
235,219,TAPT1,STARD4,0.050594576
235,441,TAPT1,MCM7,0.04990013
235,284,TAPT1,ANXA5,0.047974456
235,119,TAPT1,PAG1,0.047038294
235,123,TAPT1,PAFAH2,0.04660682
235,293,TAPT1,MAML3,0.045381203
235,246,TAPT1,KLF6,0.043781903
235,214,TAPT1,FCHO2,0.041195594
235,405,TAPT1,GIMAP8,0.014579543
235,24,TAPT1,DYNLL1,0.009730277
235,86,TAPT1,METTL7A1,0.005095306
235,207,TAPT1,BLNK,0.0050877333
235,203,TAPT1,CD33,0.0050205616
235,419,TAPT1,NCF1,0.00500463
235,186,TAPT1,IL7R,0.004993475
235,139,TAPT1,CCL3,0.0049385736
235,319,TAPT1,CD74,0.0049088495
235,63,TAPT1,ENG,0.004886518
235,294,TAPT1,TINAGL1,0.0047880476
235,132,TAPT1,OAS2,0.0047075837
235,332,TAPT1,IPCEF1,0.0047007366
235,417,TAPT1,UBA7,0.004632974
235,267,TAPT1,CLEC12A,0.0045844736
360,323,TBC1D5,SELPLG,0.028785286
360,115,TBC1D5,LTB,0.026576845
360,224,TBC1D5,PLSCR4,0.026006114
360,260,TBC1D5,RHOF,0.025990264
360,556,TBC1D5,ITGB7,0.024105977
360,198,TBC1D5,CMAH,0.023538347
360,102,TBC1D5,FUT8,0.022633435
360,400,TBC1D5,ANKRD44,0.022566324
360,217,TBC1D5,MYCT1,0.022541363
360,405,TBC1D5,GIMAP8,0.022485461
360,147,TBC1D5,ERP29,0.021981813
360,455,TBC1D5,SNAP23,0.021872548
360,174,TBC1D5,PPCDC,0.021431716
360,182,TBC1D5,STK17B,0.021431716
360,327,TBC1D5,PRIM1,0.021391267
360,339,TBC1D5,KCTD12,0.02132211
360,180,TBC1D5,RGS2,0.021191878
360,169,TBC1D5,MCM4,0.020951794
360,210,TBC1D5,CDKN1C,0.02051794
360,262,TBC1D5,SSH2,0.020290975
360,354,TBC1D5,PPP1R15A,0.019483635
360,525,TBC1D5,TXNIP,0.019478384
360,135,TBC1D5,SLBP,0.019448552
360,409,TBC1D5,TMEM206,0.019297611
360,497,TBC1D5,ATP8B4,0.0187294
360,219,TBC1D5,STARD4,0.018725256
360,79,TBC1D5,MGAT1,0.01872525
360,47,TBC1D5,LONP2,0.017982025
360,284,TBC1D5,ANXA5,0.017703416
360,24,TBC1D5,DYNLL1,0.017630087
360,119,TBC1D5,PAG1,0.017343853
360,123,TBC1D5,PAFAH2,0.017183263
360,293,TBC1D5,MAML3,0.016669806
360,246,TBC1D5,KLF6,0.016175
360,197,TBC1D5,POLA2,0.014488225
360,441,TBC1D5,MCM7,0.012486006
360,214,TBC1D5,FCHO2,0.008953838
360,203,TBC1D5,CD33,0.0026150108
360,139,TBC1D5,CCL3,0.0024805241
360,86,TBC1D5,METTL7A1,0.0022253627
360,207,TBC1D5,BLNK,0.0022241266
360,419,TBC1D5,NCF1,0.0021900441
360,186,TBC1D5,IL7R,0.0021885743
360,319,TBC1D5,CD74,0.0021578653
360,63,TBC1D5,ENG,0.002147645
360,294,TBC1D5,TINAGL1,0.0021227703
360,132,TBC1D5,OAS2,0.002090402
360,332,TBC1D5,IPCEF1,0.0020850531
360,417,TBC1D5,UBA7,0.0020633119
360,267,TBC1D5,CLEC12A,0.002050163
196,115,TBXA2R,LTB,0.02527475
196,323,TBXA2R,SELPLG,0.024071077
196,260,TBXA2R,RHOF,0.021726828
196,224,TBXA2R,PLSCR4,0.021720376
196,197,TBXA2R,POLA2,0.02025993
196,556,TBXA2R,ITGB7,0.020154098
196,198,TBXA2R,CMAH,0.019571869
196,102,TBXA2R,FUT8,0.018959532
196,400,TBXA2R,ANKRD44,0.01888439
196,217,TBXA2R,MYCT1,0.018868346
196,147,TBXA2R,ERP29,0.018412083
196,455,TBXA2R,SNAP23,0.018238354
196,174,TBXA2R,PPCDC,0.017941324
196,182,TBXA2R,STK17B,0.017920768
196,327,TBXA2R,PRIM1,0.01790821
196,339,TBXA2R,KCTD12,0.017859275
196,180,TBXA2R,RGS2,0.017697304
196,169,TBXA2R,MCM4,0.01754304
196,210,TBXA2R,CDKN1C,0.01718343
196,262,TBXA2R,SSH2,0.016994134
196,47,TBXA2R,LONP2,0.016585795
196,135,TBXA2R,SLBP,0.016349113
196,525,TBXA2R,TXNIP,0.016334565
196,409,TBXA2R,TMEM206,0.016178392
196,497,TBXA2R,ATP8B4,0.015715085
196,79,TBXA2R,MGAT1,0.015706437
196,219,TBXA2R,STARD4,0.015706437
196,441,TBXA2R,MCM7,0.015509545
196,24,TBXA2R,DYNLL1,0.014802345
196,284,TBXA2R,ANXA5,0.014796637
196,119,TBXA2R,PAG1,0.01451011
196,293,TBXA2R,MAML3,0.013902908
196,246,TBXA2R,KLF6,0.013502163
196,214,TBXA2R,FCHO2,0.012463445
196,354,TBXA2R,PPP1R15A,0.011178748
196,405,TBXA2R,GIMAP8,0.008518106
196,123,TBXA2R,PAFAH2,0.0070673376
196,203,TBXA2R,CD33,0.0024008136
196,139,TBXA2R,CCL3,0.0022819606
196,207,TBXA2R,BLNK,0.0020650288
196,86,TBXA2R,METTL7A1,0.0020636693
196,419,TBXA2R,NCF1,0.0020385436
196,186,TBXA2R,IL7R,0.0020304208
196,319,TBXA2R,CD74,0.002009245
196,63,TBXA2R,ENG,0.001997932
196,294,TBXA2R,TINAGL1,0.0019698546
196,132,TBXA2R,OAS2,0.0019462653
196,332,TBXA2R,IPCEF1,0.0019413992
196,417,TBXA2R,UBA7,0.0019221718
196,267,TBXA2R,CLEC12A,0.0019101613
422,323,TBXAS1,SELPLG,0.02266177
422,115,TBXAS1,LTB,0.021012751
422,260,TBXAS1,RHOF,0.02046107
422,224,TBXAS1,PLSCR4,0.020447724
422,197,TBXAS1,POLA2,0.019076983
422,556,TBXAS1,ITGB7,0.018982839
422,198,TBXAS1,CMAH,0.018423753
422,102,TBXAS1,FUT8,0.017857509
422,400,TBXAS1,ANKRD44,0.017792152
422,217,TBXAS1,MYCT1,0.01777383
422,405,TBXAS1,GIMAP8,0.017718803
422,147,TBXAS1,ERP29,0.017344227
422,455,TBXAS1,SNAP23,0.017168669
422,182,TBXAS1,STK17B,0.0169041
422,327,TBXAS1,PRIM1,0.016873509
422,339,TBXAS1,KCTD12,0.016826011
422,180,TBXAS1,RGS2,0.016638353
422,169,TBXAS1,MCM4,0.01652837
422,210,TBXAS1,CDKN1C,0.016161537
422,262,TBXAS1,SSH2,0.01601376
422,47,TBXAS1,LONP2,0.015629888
422,135,TBXAS1,SLBP,0.0154106915
422,525,TBXAS1,TXNIP,0.015393161
422,354,TBXAS1,PPP1R15A,0.015390799
422,409,TBXAS1,TMEM206,0.015248565
422,441,TBXAS1,MCM7,0.015168321
422,497,TBXAS1,ATP8B4,0.015023601
422,79,TBXAS1,MGAT1,0.014753248
422,284,TBXAS1,ANXA5,0.014009382
422,24,TBXAS1,DYNLL1,0.013954976
422,119,TBXAS1,PAG1,0.0137161575
422,123,TBXAS1,PAFAH2,0.013606762
422,293,TBXAS1,MAML3,0.0131851025
422,246,TBXAS1,KLF6,0.012813672
422,174,TBXAS1,PPCDC,0.011665908
422,219,TBXAS1,STARD4,0.008358205
422,214,TBXAS1,FCHO2,0.0074003697
422,203,TBXAS1,CD33,0.0023260645
422,139,TBXAS1,CCL3,0.0022112485
422,86,TBXAS1,METTL7A1,0.0020145194
422,207,TBXAS1,BLNK,0.002002829
422,419,TBXAS1,NCF1,0.001975445
422,186,TBXAS1,IL7R,0.001971144
422,319,TBXAS1,CD74,0.0019454003
422,63,TBXAS1,ENG,0.0019375134
422,294,TBXAS1,TINAGL1,0.0019123172
422,132,TBXAS1,OAS2,0.0018877857
422,332,TBXAS1,IPCEF1,0.00188341
422,417,TBXAS1,UBA7,0.0018646456
422,267,TBXAS1,CLEC12A,0.0018553699
31,115,TEAD2,LTB,0.025628217
31,323,TEAD2,SELPLG,0.024379093
31,224,TEAD2,PLSCR4,0.022006292
31,556,TEAD2,ITGB7,0.020635888
31,197,TEAD2,POLA2,0.020519746
31,198,TEAD2,CMAH,0.01995596
31,102,TEAD2,FUT8,0.019157255
31,400,TEAD2,ANKRD44,0.019134952
31,405,TEAD2,GIMAP8,0.019037735
31,260,TEAD2,RHOF,0.018873634
31,147,TEAD2,ERP29,0.018642295
31,455,TEAD2,SNAP23,0.018483559
31,174,TEAD2,PPCDC,0.018153276
31,327,TEAD2,PRIM1,0.0181377
31,182,TEAD2,STK17B,0.01811022
31,339,TEAD2,KCTD12,0.018076515
31,169,TEAD2,MCM4,0.017755724
31,210,TEAD2,CDKN1C,0.017408937
31,262,TEAD2,SSH2,0.017172467
31,47,TEAD2,LONP2,0.016782207
31,135,TEAD2,SLBP,0.016536588
31,525,TEAD2,TXNIP,0.016532984
31,354,TEAD2,PPP1R15A,0.01652692
31,409,TEAD2,TMEM206,0.01636273
31,180,TEAD2,RGS2,0.015959227
31,497,TEAD2,ATP8B4,0.015891805
31,79,TEAD2,MGAT1,0.015890157
31,219,TEAD2,STARD4,0.015890157
31,441,TEAD2,MCM7,0.015682658
31,284,TEAD2,ANXA5,0.015039775
31,123,TEAD2,PAFAH2,0.014596721
31,293,TEAD2,MAML3,0.014222071
31,246,TEAD2,KLF6,0.013787192
31,214,TEAD2,FCHO2,0.012777791
31,217,TEAD2,MYCT1,0.011893775
31,119,TEAD2,PAG1,0.0073008663
31,24,TEAD2,DYNLL1,0.006831178
31,203,TEAD2,CD33,0.0024539055
31,139,TEAD2,CCL3,0.0023358047
31,207,TEAD2,BLNK,0.0021110224
31,86,TEAD2,METTL7A1,0.0021084785
31,419,TEAD2,NCF1,0.0020891808
31,319,TEAD2,CD74,0.0020555328
31,63,TEAD2,ENG,0.0020457015
31,294,TEAD2,TINAGL1,0.0020083839
31,132,TEAD2,OAS2,0.0019901963
31,332,TEAD2,IPCEF1,0.0019813427
31,417,TEAD2,UBA7,0.0019624832
31,267,TEAD2,CLEC12A,0.0019481797
31,172,TEAD2,EPSTI1,0.0018968172
5,115,TEK,LTB,0.039850187
5,323,TEK,SELPLG,0.037980616
5,224,TEK,PLSCR4,0.034371227
5,260,TEK,RHOF,0.034298345
5,197,TEK,POLA2,0.03205617
5,556,TEK,ITGB7,0.031845674
5,405,TEK,GIMAP8,0.03134417
5,198,TEK,CMAH,0.030948404
5,102,TEK,FUT8,0.029971488
5,400,TEK,ANKRD44,0.02980988
5,217,TEK,MYCT1,0.029793471
5,147,TEK,ERP29,0.029047247
5,455,TEK,SNAP23,0.02894861
5,174,TEK,PPCDC,0.0283321
5,182,TEK,STK17B,0.028332094
5,327,TEK,PRIM1,0.028283045
5,339,TEK,KCTD12,0.028182488
5,180,TEK,RGS2,0.028069545
5,169,TEK,MCM4,0.02775757
5,210,TEK,CDKN1C,0.02719679
5,262,TEK,SSH2,0.02683252
5,47,TEK,LONP2,0.026159257
5,525,TEK,TXNIP,0.02594223
5,354,TEK,PPP1R15A,0.025777163
5,135,TEK,SLBP,0.025771014
5,79,TEK,MGAT1,0.024768254
5,219,TEK,STARD4,0.024768254
5,284,TEK,ANXA5,0.023427885
5,24,TEK,DYNLL1,0.02333412
5,119,TEK,PAG1,0.02294618
5,293,TEK,MAML3,0.022079246
5,246,TEK,KLF6,0.021373875
5,214,TEK,FCHO2,0.019907445
5,441,TEK,MCM7,0.01422226
5,409,TEK,TMEM206,0.0115501275
5,497,TEK,ATP8B4,0.010846203
5,123,TEK,PAFAH2,0.009637515
5,203,TEK,CD33,0.0032109625
5,139,TEK,CCL3,0.003035508
5,86,TEK,METTL7A1,0.002701419
5,207,TEK,BLNK,0.002697378
5,419,TEK,NCF1,0.0026582298
5,186,TEK,IL7R,0.002652994
5,319,TEK,CD74,0.0026131556
5,63,TEK,ENG,0.0025986815
5,294,TEK,TINAGL1,0.0025663723
5,132,TEK,OAS2,0.0025264889
5,332,TEK,IPCEF1,0.002518694
5,417,TEK,UBA7,0.0024867638
5,267,TEK,CLEC12A,0.0024749567
255,115,TES,LTB,0.031398654
255,323,TES,SELPLG,0.029902162
255,260,TES,RHOF,0.027875774
255,224,TES,PLSCR4,0.027008012
255,556,TES,ITGB7,0.025034387
255,198,TES,CMAH,0.024314336
255,102,TES,FUT8,0.023549814
255,400,TES,ANKRD44,0.023437608
255,405,TES,GIMAP8,0.023356894
255,147,TES,ERP29,0.022836534
255,455,TES,SNAP23,0.022732934
255,182,TES,STK17B,0.022264013
255,327,TES,PRIM1,0.02222494
255,339,TES,KCTD12,0.022151334
255,180,TES,RGS2,0.022029927
255,169,TES,MCM4,0.021771578
255,210,TES,CDKN1C,0.021348093
255,217,TES,MYCT1,0.021185553
255,262,TES,SSH2,0.02108062
255,47,TES,LONP2,0.020558318
255,135,TES,SLBP,0.020260038
255,525,TES,TXNIP,0.020243948
255,354,TES,PPP1R15A,0.020143809
255,409,TES,TMEM206,0.020051835
255,219,TES,STARD4,0.019463003
255,79,TES,MGAT1,0.01946299
255,497,TES,ATP8B4,0.019460937
255,441,TES,MCM7,0.019211398
255,197,TES,POLA2,0.019017186
255,284,TES,ANXA5,0.01839921
255,119,TES,PAG1,0.018030547
255,123,TES,PAFAH2,0.017863933
255,293,TES,MAML3,0.017339254
255,246,TES,KLF6,0.01681405
255,214,TES,FCHO2,0.015593856
255,24,TES,DYNLL1,0.01334827
255,174,TES,PPCDC,0.0040120916
255,203,TES,CD33,0.0027106046
255,139,TES,CCL3,0.0025700782
255,86,TES,METTL7A1,0.0023034064
255,207,TES,BLNK,0.0023033505
255,186,TES,IL7R,0.002263651
255,63,TES,ENG,0.002223811
255,294,TES,TINAGL1,0.0021935492
255,132,TES,OAS2,0.0021631513
255,332,TES,IPCEF1,0.0021574488
255,267,TES,CLEC12A,0.0021202103
255,172,TES,EPSTI1,0.0020617838
255,417,TES,UBA7,0.0020555935
255,276,TES,H2-Q6,0.002041759
299,115,TESPA1,LTB,0.0334088
299,224,TESPA1,PLSCR4,0.028746
299,260,TESPA1,RHOF,0.028680725
299,197,TESPA1,POLA2,0.026798075
299,556,TESPA1,ITGB7,0.026637927
299,198,TESPA1,CMAH,0.025871523
299,102,TESPA1,FUT8,0.025019245
299,400,TESPA1,ANKRD44,0.024932608
299,217,TESPA1,MYCT1,0.024910413
299,405,TESPA1,GIMAP8,0.024850272
299,147,TESPA1,ERP29,0.024283117
299,455,TESPA1,SNAP23,0.024199924
299,262,TESPA1,SSH2,0.023730632
299,182,TESPA1,STK17B,0.023683071
299,174,TESPA1,PPCDC,0.023676671
299,327,TESPA1,PRIM1,0.02364132
299,180,TESPA1,RGS2,0.023433892
299,169,TESPA1,MCM4,0.023158632
299,210,TESPA1,CDKN1C,0.022705698
299,47,TESPA1,LONP2,0.02186008
299,135,TESPA1,SLBP,0.0215417
299,525,TESPA1,TXNIP,0.021540415
299,354,TESPA1,PPP1R15A,0.0215335
299,409,TESPA1,TMEM206,0.021321747
299,219,TESPA1,STARD4,0.020692991
299,79,TESPA1,MGAT1,0.020692982
299,497,TESPA1,ATP8B4,0.020687798
299,441,TESPA1,MCM7,0.020424394
299,24,TESPA1,DYNLL1,0.019605272
299,284,TESPA1,ANXA5,0.019563174
299,119,TESPA1,PAG1,0.019163998
299,123,TESPA1,PAFAH2,0.018986402
299,323,TESPA1,SELPLG,0.018831614
299,293,TESPA1,MAML3,0.018426448
299,246,TESPA1,KLF6,0.01786272
299,339,TESPA1,KCTD12,0.016954223
299,214,TESPA1,FCHO2,0.016620971
299,203,TESPA1,CD33,0.0028010109
299,139,TESPA1,CCL3,0.0026547597
299,86,TESPA1,METTL7A1,0.0023714597
299,207,TESPA1,BLNK,0.002369794
299,419,TESPA1,NCF1,0.0023353915
299,186,TESPA1,IL7R,0.0023320043
299,319,TESPA1,CD74,0.0023000676
299,63,TESPA1,ENG,0.0022862223
299,294,TESPA1,TINAGL1,0.0022547923
299,132,TESPA1,OAS2,0.0022231045
299,332,TESPA1,IPCEF1,0.002216627
299,417,TESPA1,UBA7,0.002193693
299,267,TESPA1,CLEC12A,0.0021785435
106,115,TFEC,LTB,0.06122471
106,323,TFEC,SELPLG,0.058378648
106,224,TFEC,PLSCR4,0.053127453
106,260,TFEC,RHOF,0.052860457
106,197,TFEC,POLA2,0.049606565
106,556,TFEC,ITGB7,0.049218208
106,198,TFEC,CMAH,0.047882177
106,102,TFEC,FUT8,0.04641421
106,400,TFEC,ANKRD44,0.0460736
106,405,TFEC,GIMAP8,0.04601018
106,217,TFEC,MYCT1,0.04598118
106,147,TFEC,ERP29,0.044857442
106,455,TFEC,SNAP23,0.044779364
106,180,TFEC,RGS2,0.044743896
106,327,TFEC,PRIM1,0.044278465
106,174,TFEC,PPCDC,0.04385146
106,169,TFEC,MCM4,0.042924993
106,210,TFEC,CDKN1C,0.042093486
106,47,TFEC,LONP2,0.040472582
106,182,TFEC,STK17B,0.040256675
106,354,TFEC,PPP1R15A,0.039925862
106,135,TFEC,SLBP,0.039862163
106,525,TFEC,TXNIP,0.03984953
106,409,TFEC,TMEM206,0.039506778
106,79,TFEC,MGAT1,0.038628187
106,219,TFEC,STARD4,0.038302638
106,497,TFEC,ATP8B4,0.038267333
106,441,TFEC,MCM7,0.037840985
106,284,TFEC,ANXA5,0.036282077
106,24,TFEC,DYNLL1,0.036130045
106,123,TFEC,PAFAH2,0.035203077
106,339,TFEC,KCTD12,0.034665402
106,293,TFEC,MAML3,0.034464274
106,246,TFEC,KLF6,0.033037137
106,262,TFEC,SSH2,0.031893715
106,214,TFEC,FCHO2,0.030782346
106,119,TFEC,PAG1,0.027091954
106,203,TFEC,CD33,0.0043077325
106,139,TFEC,CCL3,0.0040532867
106,86,TFEC,METTL7A1,0.0035620334
106,207,TFEC,BLNK,0.0035527218
106,186,TFEC,IL7R,0.0034988702
106,419,TFEC,NCF1,0.0034851395
106,319,TFEC,CD74,0.0034266408
106,63,TFEC,ENG,0.0034046196
106,294,TFEC,TINAGL1,0.0033675134
106,132,TFEC,OAS2,0.0033000768
106,332,TFEC,IPCEF1,0.003293347
106,267,TFEC,CLEC12A,0.0032230648
106,172,TFEC,EPSTI1,0.0031231348
111,115,TFPI,LTB,0.060411017
111,323,TFPI,SELPLG,0.057490006
111,224,TFPI,PLSCR4,0.052265234
111,260,TFPI,RHOF,0.051990706
111,556,TFPI,ITGB7,0.048318952
111,198,TFPI,CMAH,0.046951953
111,102,TFPI,FUT8,0.04548162
111,400,TFPI,ANKRD44,0.045368772
111,217,TFPI,MYCT1,0.045104783
111,405,TFPI,GIMAP8,0.04505233
111,147,TFPI,ERP29,0.04387418
111,455,TFPI,SNAP23,0.04378248
111,174,TFPI,PPCDC,0.04290057
111,182,TFPI,STK17B,0.04290056
111,327,TFPI,PRIM1,0.04284977
111,180,TFPI,RGS2,0.04251726
111,169,TFPI,MCM4,0.041982457
111,210,TFPI,CDKN1C,0.04113989
111,262,TFPI,SSH2,0.04062618
111,47,TFPI,LONP2,0.039538037
111,354,TFPI,PPP1R15A,0.039002575
111,135,TFPI,SLBP,0.038944557
111,525,TFPI,TXNIP,0.038916763
111,219,TFPI,STARD4,0.037476607
111,79,TFPI,MGAT1,0.037446085
111,497,TFPI,ATP8B4,0.037362356
111,441,TFPI,MCM7,0.03694213
111,284,TFPI,ANXA5,0.03538328
111,24,TFPI,DYNLL1,0.035245307
111,119,TFPI,PAG1,0.03465157
111,123,TFPI,PAFAH2,0.034326747
111,293,TFPI,MAML3,0.033326443
111,339,TFPI,KCTD12,0.032897957
111,246,TFPI,KLF6,0.032189436
111,214,TFPI,FCHO2,0.030017696
111,409,TFPI,TMEM206,0.02721834
111,197,TFPI,POLA2,0.018925104
111,203,TFPI,CD33,0.0040812725
111,139,TFPI,CCL3,0.0038294264
111,207,TFPI,BLNK,0.003345882
111,186,TFPI,IL7R,0.003301451
111,419,TFPI,NCF1,0.003275094
111,319,TFPI,CD74,0.003223016
111,294,TFPI,TINAGL1,0.0031743466
111,132,TFPI,OAS2,0.0031019035
111,332,TFPI,IPCEF1,0.0030936867
111,417,TFPI,UBA7,0.0030532877
111,267,TFPI,CLEC12A,0.003033562
111,63,TFPI,ENG,0.0029416797
111,172,TFPI,EPSTI1,0.002934455
463,115,TFR2,LTB,0.037202816
463,224,TFR2,PLSCR4,0.032048702
463,260,TFR2,RHOF,0.031986054
463,197,TFR2,POLA2,0.029858716
463,556,TFR2,ITGB7,0.029675713
463,198,TFR2,CMAH,0.028810525
463,102,TFR2,FUT8,0.027897911
463,400,TFR2,ANKRD44,0.027751124
463,217,TFR2,MYCT1,0.027709927
463,405,TFR2,GIMAP8,0.02766521
463,455,TFR2,SNAP23,0.026870621
463,174,TFR2,PPCDC,0.026349118
463,182,TFR2,STK17B,0.026349101
463,327,TFR2,PRIM1,0.026302263
463,339,TFR2,KCTD12,0.026189685
463,180,TFR2,RGS2,0.026067752
463,210,TFR2,CDKN1C,0.025226122
463,262,TFR2,SSH2,0.02492792
463,47,TFR2,LONP2,0.024456412
463,354,TFR2,PPP1R15A,0.0239222
463,135,TFR2,SLBP,0.023909029
463,525,TFR2,TXNIP,0.023772348
463,409,TFR2,TMEM206,0.023687134
463,79,TFR2,MGAT1,0.022976374
463,441,TFR2,MCM7,0.022682277
463,284,TFR2,ANXA5,0.021693882
463,24,TFR2,DYNLL1,0.021611748
463,123,TFR2,PAFAH2,0.021052543
463,246,TFR2,KLF6,0.019783638
463,214,TFR2,FCHO2,0.018412054
463,169,TFR2,MCM4,0.018153552
463,219,TFR2,STARD4,0.016493171
463,323,TFR2,SELPLG,0.015814472
463,497,TFR2,ATP8B4,0.014955331
463,147,TFR2,ERP29,0.012378136
463,293,TFR2,MAML3,0.00955318
463,119,TFR2,PAG1,0.004900948
463,203,TFR2,CD33,0.002884365
463,139,TFR2,CCL3,0.0027192533
463,186,TFR2,IL7R,0.0023889667
463,419,TFR2,NCF1,0.0023797352
463,319,TFR2,CD74,0.0023467657
463,63,TFR2,ENG,0.0023305016
463,294,TFR2,TINAGL1,0.002307941
463,132,TFR2,OAS2,0.0022650592
463,332,TFR2,IPCEF1,0.0022599204
463,417,TFR2,UBA7,0.0022390448
463,267,TFR2,CLEC12A,0.002223258
463,172,TFR2,EPSTI1,0.002159182
463,276,TFR2,H2-Q6,0.0021334793
1,115,TGM2,LTB,0.027777646
1,323,TGM2,SELPLG,0.026437288
1,224,TGM2,PLSCR4,0.02386177
1,260,TGM2,RHOF,0.023861313
1,197,TGM2,POLA2,0.022242293
1,556,TGM2,ITGB7,0.022134462
1,405,TGM2,GIMAP8,0.02171605
1,198,TGM2,CMAH,0.021476313
1,102,TGM2,FUT8,0.020794448
1,400,TGM2,ANKRD44,0.020722125
1,217,TGM2,MYCT1,0.020681012
1,147,TGM2,ERP29,0.020161638
1,455,TGM2,SNAP23,0.02003069
1,174,TGM2,PPCDC,0.019672515
1,182,TGM2,STK17B,0.019672511
1,327,TGM2,PRIM1,0.019637223
1,339,TGM2,KCTD12,0.019560091
1,180,TGM2,RGS2,0.019406667
1,169,TGM2,MCM4,0.019254293
1,210,TGM2,CDKN1C,0.018808158
1,262,TGM2,SSH2,0.01861714
1,47,TGM2,LONP2,0.01814746
1,525,TGM2,TXNIP,0.017988067
1,135,TGM2,SLBP,0.017897923
1,354,TGM2,PPP1R15A,0.01787199
1,79,TGM2,MGAT1,0.017181717
1,219,TGM2,STARD4,0.017181717
1,284,TGM2,ANXA5,0.016224883
1,24,TGM2,DYNLL1,0.016168393
1,119,TGM2,PAG1,0.01590384
1,293,TGM2,MAML3,0.015267657
1,246,TGM2,KLF6,0.014842062
1,214,TGM2,FCHO2,0.013803593
1,441,TGM2,MCM7,0.0101052
1,409,TGM2,TMEM206,0.008244835
1,497,TGM2,ATP8B4,0.007663271
1,123,TGM2,PAFAH2,0.007144054
1,203,TGM2,CD33,0.002446044
1,139,TGM2,CCL3,0.002314362
1,86,TGM2,METTL7A1,0.0020816182
1,207,TGM2,BLNK,0.0020801884
1,186,TGM2,IL7R,0.002054067
1,419,TGM2,NCF1,0.0020423129
1,319,TGM2,CD74,0.0020183492
1,63,TGM2,ENG,0.0020041896
1,294,TGM2,TINAGL1,0.001987832
1,132,TGM2,OAS2,0.0019512475
1,332,TGM2,IPCEF1,0.0019476375
1,417,TGM2,UBA7,0.0019319253
1,267,TGM2,CLEC12A,0.0019147597
263,115,TIE1,LTB,0.020647116
263,323,TIE1,SELPLG,0.019583758
263,224,TIE1,PLSCR4,0.017664475
263,197,TIE1,POLA2,0.016520668
263,198,TIE1,CMAH,0.01599579
263,102,TIE1,FUT8,0.015504237
263,217,TIE1,MYCT1,0.015463748
263,400,TIE1,ANKRD44,0.01542913
263,405,TIE1,GIMAP8,0.015339616
263,455,TIE1,SNAP23,0.014951741
263,327,TIE1,PRIM1,0.014694559
263,182,TIE1,STK17B,0.014663103
263,174,TIE1,PPCDC,0.014661816
263,339,TIE1,KCTD12,0.0145759275
263,180,TIE1,RGS2,0.014496473
263,169,TIE1,MCM4,0.014377011
263,210,TIE1,CDKN1C,0.014078042
263,47,TIE1,LONP2,0.013575673
263,354,TIE1,PPP1R15A,0.013554146
263,147,TIE1,ERP29,0.013435692
263,135,TIE1,SLBP,0.013433481
263,525,TIE1,TXNIP,0.013416977
263,409,TIE1,TMEM206,0.013256312
263,219,TIE1,STARD4,0.012951123
263,79,TIE1,MGAT1,0.0129511105
263,497,TIE1,ATP8B4,0.012920327
263,441,TIE1,MCM7,0.012737571
263,24,TIE1,DYNLL1,0.012286642
263,284,TIE1,ANXA5,0.012227135
263,119,TIE1,PAG1,0.012000514
263,556,TIE1,ITGB7,0.011999863
263,123,TIE1,PAFAH2,0.011907911
263,293,TIE1,MAML3,0.011605405
263,246,TIE1,KLF6,0.011282881
263,262,TIE1,SSH2,0.010794431
263,214,TIE1,FCHO2,0.01051216
263,260,TIE1,RHOF,0.0075146486
263,203,TIE1,CD33,0.002045105
263,139,TIE1,CCL3,0.001849644
263,86,TIE1,METTL7A1,0.001746273
263,207,TIE1,BLNK,0.0017446073
263,186,TIE1,IL7R,0.0017436161
263,419,TIE1,NCF1,0.0017128002
263,172,TIE1,EPSTI1,0.0017112095
263,63,TIE1,ENG,0.0016855218
263,294,TIE1,TINAGL1,0.0016839178
263,332,TIE1,IPCEF1,0.0016376326
263,417,TIE1,UBA7,0.0016296578
263,267,TIE1,CLEC12A,0.0016203198
263,276,TIE1,H2-Q6,0.0015653872
294,115,TINAGL1,LTB,0.03550478
294,224,TINAGL1,PLSCR4,0.030591164
294,260,TINAGL1,RHOF,0.03050559
294,197,TINAGL1,POLA2,0.028533086
294,556,TINAGL1,ITGB7,0.028351042
294,198,TINAGL1,CMAH,0.027548334
294,102,TINAGL1,FUT8,0.026644628
294,400,TINAGL1,ANKRD44,0.026538352
294,217,TINAGL1,MYCT1,0.026518766
294,405,TINAGL1,GIMAP8,0.026457347
294,147,TINAGL1,ERP29,0.025842056
294,455,TINAGL1,SNAP23,0.025748266
294,262,TINAGL1,SSH2,0.025277654
294,182,TINAGL1,STK17B,0.025217395
294,174,TINAGL1,PPCDC,0.025210673
294,327,TINAGL1,PRIM1,0.025178362
294,180,TINAGL1,RGS2,0.024948686
294,169,TINAGL1,MCM4,0.024668314
294,210,TINAGL1,CDKN1C,0.0241929
294,47,TINAGL1,LONP2,0.023277946
294,525,TINAGL1,TXNIP,0.022944028
294,135,TINAGL1,SLBP,0.022941312
294,354,TINAGL1,PPP1R15A,0.022940008
294,409,TINAGL1,TMEM206,0.022708775
294,79,TINAGL1,MGAT1,0.022047738
294,219,TINAGL1,STARD4,0.022047738
294,497,TINAGL1,ATP8B4,0.022030426
294,441,TINAGL1,MCM7,0.02175609
294,24,TINAGL1,DYNLL1,0.02089895
294,284,TINAGL1,ANXA5,0.020848706
294,119,TINAGL1,PAG1,0.020420283
294,123,TINAGL1,PAFAH2,0.0202328
294,323,TINAGL1,SELPLG,0.020171965
294,293,TINAGL1,MAML3,0.019651458
294,246,TINAGL1,KLF6,0.019034203
294,339,TINAGL1,KCTD12,0.018166076
294,214,TINAGL1,FCHO2,0.017760722
294,203,TINAGL1,CD33,0.0029584852
294,139,TINAGL1,CCL3,0.0028028868
294,86,TINAGL1,METTL7A1,0.0024992586
294,207,TINAGL1,BLNK,0.0024983897
294,419,TINAGL1,NCF1,0.0024609296
294,186,TINAGL1,IL7R,0.0024578846
294,319,TINAGL1,CD74,0.002423217
294,63,TINAGL1,ENG,0.0024091364
294,132,TINAGL1,OAS2,0.002340619
294,332,TINAGL1,IPCEF1,0.0023336723
294,417,TINAGL1,UBA7,0.0023095093
294,267,TINAGL1,CLEC12A,0.002292281
294,172,TINAGL1,EPSTI1,0.0022280982
227,115,TIPIN,LTB,0.05269501
227,323,TIPIN,SELPLG,0.050248556
227,260,TIPIN,RHOF,0.045427654
227,197,TIPIN,POLA2,0.04254643
227,556,TIPIN,ITGB7,0.042235803
227,198,TIPIN,CMAH,0.041068885
227,400,TIPIN,ANKRD44,0.03951682
227,217,TIPIN,MYCT1,0.039478235
227,147,TIPIN,ERP29,0.03846686
227,455,TIPIN,SNAP23,0.03836454
227,174,TIPIN,PPCDC,0.037575368
227,182,TIPIN,STK17B,0.03757535
227,327,TIPIN,PRIM1,0.037506975
227,339,TIPIN,KCTD12,0.0373428
227,180,TIPIN,RGS2,0.03723259
227,169,TIPIN,MCM4,0.03676212
227,210,TIPIN,CDKN1C,0.036064617
227,262,TIPIN,SSH2,0.035583682
227,47,TIPIN,LONP2,0.034657583
227,354,TIPIN,PPP1R15A,0.034170337
227,135,TIPIN,SLBP,0.03413751
227,525,TIPIN,TXNIP,0.034117877
227,409,TIPIN,TMEM206,0.03381855
227,219,TIPIN,STARD4,0.03305437
227,79,TIPIN,MGAT1,0.032815505
227,497,TIPIN,ATP8B4,0.03278944
227,441,TIPIN,MCM7,0.032353945
227,284,TIPIN,ANXA5,0.031024702
227,24,TIPIN,DYNLL1,0.030894373
227,119,TIPIN,PAG1,0.030383348
227,123,TIPIN,PAFAH2,0.030098666
227,405,TIPIN,GIMAP8,0.029689351
227,293,TIPIN,MAML3,0.029224304
227,246,TIPIN,KLF6,0.028254472
227,102,TIPIN,FUT8,0.02738318
227,214,TIPIN,FCHO2,0.02636553
227,224,TIPIN,PLSCR4,0.019445024
227,203,TIPIN,CD33,0.0037930284
227,139,TIPIN,CCL3,0.003571473
227,207,TIPIN,BLNK,0.0033930356
227,86,TIPIN,METTL7A1,0.0031516158
227,186,TIPIN,IL7R,0.003096217
227,419,TIPIN,NCF1,0.003088203
227,319,TIPIN,CD74,0.003036569
227,294,TIPIN,TINAGL1,0.0029791964
227,132,TIPIN,OAS2,0.0029285913
227,332,TIPIN,IPCEF1,0.002920145
227,417,TIPIN,UBA7,0.0028830294
227,172,TIPIN,EPSTI1,0.0027749068
227,276,TIPIN,H2-Q6,0.002733667
552,115,TLR7,LTB,0.044922527
552,323,TLR7,SELPLG,0.042798672
552,224,TLR7,PLSCR4,0.03878626
552,260,TLR7,RHOF,0.038664475
552,556,TLR7,ITGB7,0.03618406
552,197,TLR7,POLA2,0.03611897
552,198,TLR7,CMAH,0.034907777
552,102,TLR7,FUT8,0.033813007
552,217,TLR7,MYCT1,0.03356478
552,405,TLR7,GIMAP8,0.033520747
552,147,TLR7,ERP29,0.032695293
552,455,TLR7,SNAP23,0.032589834
552,174,TLR7,PPCDC,0.031934023
552,182,TLR7,STK17B,0.031934023
552,327,TLR7,PRIM1,0.031879894
552,339,TLR7,KCTD12,0.031734806
552,180,TLR7,RGS2,0.031610176
552,169,TLR7,MCM4,0.031235965
552,210,TLR7,CDKN1C,0.030625047
552,262,TLR7,SSH2,0.030234057
552,47,TLR7,LONP2,0.02944541
552,354,TLR7,PPP1R15A,0.029024031
552,135,TLR7,SLBP,0.029013054
552,525,TLR7,TXNIP,0.028960899
552,79,TLR7,MGAT1,0.028818512
552,409,TLR7,TMEM206,0.028730288
552,219,TLR7,STARD4,0.027879257
552,497,TLR7,ATP8B4,0.02784534
552,441,TLR7,MCM7,0.027511388
552,284,TLR7,ANXA5,0.026348654
552,24,TLR7,DYNLL1,0.026243368
552,119,TLR7,PAG1,0.025801806
552,293,TLR7,MAML3,0.02481627
552,246,TLR7,KLF6,0.024013378
552,400,TLR7,ANKRD44,0.023366868
552,214,TLR7,FCHO2,0.022387266
552,123,TLR7,PAFAH2,0.015528749
552,139,TLR7,CCL3,0.0031844946
552,203,TLR7,CD33,0.0031779776
552,207,TLR7,BLNK,0.0028151765
552,186,TLR7,IL7R,0.002772952
552,419,TLR7,NCF1,0.0027671824
552,86,TLR7,METTL7A1,0.0027594366
552,319,TLR7,CD74,0.002722093
552,63,TLR7,ENG,0.0027051794
552,294,TLR7,TINAGL1,0.002678056
552,132,TLR7,OAS2,0.0026283856
552,417,TLR7,UBA7,0.0025885971
552,172,TLR7,EPSTI1,0.0024943645
552,276,TLR7,H2-Q6,0.002458593
415,323,TM6SF1,SELPLG,0.023791853
415,224,TM6SF1,PLSCR4,0.021461962
415,260,TM6SF1,RHOF,0.021443143
415,197,TM6SF1,POLA2,0.02001281
415,556,TM6SF1,ITGB7,0.019926116
415,102,TM6SF1,FUT8,0.018722942
415,400,TM6SF1,ANKRD44,0.018651623
415,217,TM6SF1,MYCT1,0.018628439
415,405,TM6SF1,GIMAP8,0.018576875
415,147,TM6SF1,ERP29,0.01814649
415,455,TM6SF1,SNAP23,0.018062344
415,182,TM6SF1,STK17B,0.017715037
415,327,TM6SF1,PRIM1,0.017661117
415,339,TM6SF1,KCTD12,0.017629039
415,180,TM6SF1,RGS2,0.017503718
415,169,TM6SF1,MCM4,0.017317306
415,210,TM6SF1,CDKN1C,0.016968925
415,262,TM6SF1,SSH2,0.01677413
415,47,TM6SF1,LONP2,0.0163663
415,135,TM6SF1,SLBP,0.01613474
415,354,TM6SF1,PPP1R15A,0.01611468
415,525,TM6SF1,TXNIP,0.016114376
415,409,TM6SF1,TMEM206,0.015965803
415,497,TM6SF1,ATP8B4,0.015527489
415,219,TM6SF1,STARD4,0.015495367
415,79,TM6SF1,MGAT1,0.015495361
415,441,TM6SF1,MCM7,0.015302841
415,115,TM6SF1,LTB,0.015133642
415,284,TM6SF1,ANXA5,0.0147561245
415,24,TM6SF1,DYNLL1,0.01459487
415,119,TM6SF1,PAG1,0.014361261
415,123,TM6SF1,PAFAH2,0.014230216
415,293,TM6SF1,MAML3,0.0137636
415,246,TM6SF1,KLF6,0.013373482
415,214,TM6SF1,FCHO2,0.012330182
415,198,TM6SF1,CMAH,0.011400283
415,174,TM6SF1,PPCDC,0.010522684
415,203,TM6SF1,CD33,0.0023433554
415,139,TM6SF1,CCL3,0.002117901
415,86,TM6SF1,METTL7A1,0.0020127362
415,419,TM6SF1,NCF1,0.0019855297
415,186,TM6SF1,IL7R,0.0019818575
415,319,TM6SF1,CD74,0.0019591025
415,63,TM6SF1,ENG,0.0019467766
415,294,TM6SF1,TINAGL1,0.0018973073
415,132,TM6SF1,OAS2,0.0018970112
415,332,TM6SF1,IPCEF1,0.0018926978
415,417,TM6SF1,UBA7,0.0018749884
415,267,TM6SF1,CLEC12A,0.0018641257
415,172,TM6SF1,EPSTI1,0.001814209
516,115,TMEM123,LTB,0.049201842
516,323,TMEM123,SELPLG,0.04691452
516,224,TMEM123,PLSCR4,0.04254987
516,197,TMEM123,POLA2,0.03969096
516,556,TMEM123,ITGB7,0.039407432
516,198,TMEM123,CMAH,0.038779363
516,102,TMEM123,FUT8,0.03784767
516,217,TMEM123,MYCT1,0.03684649
516,400,TMEM123,ANKRD44,0.036830273
516,405,TMEM123,GIMAP8,0.03679675
516,147,TMEM123,ERP29,0.03590832
516,455,TMEM123,SNAP23,0.035808712
516,174,TMEM123,PPCDC,0.035469435
516,327,TMEM123,PRIM1,0.034998767
516,339,TMEM123,KCTD12,0.034852535
516,180,TMEM123,RGS2,0.034744635
516,169,TMEM123,MCM4,0.03430284
516,210,TMEM123,CDKN1C,0.03365754
516,262,TMEM123,SSH2,0.033204783
516,47,TMEM123,LONP2,0.03234937
516,135,TMEM123,SLBP,0.031864878
516,354,TMEM123,PPP1R15A,0.03185245
516,525,TMEM123,TXNIP,0.03184995
516,409,TMEM123,TMEM206,0.031562403
516,79,TMEM123,MGAT1,0.030631099
516,219,TMEM123,STARD4,0.030631099
516,497,TMEM123,ATP8B4,0.030588858
516,441,TMEM123,MCM7,0.030192994
516,284,TMEM123,ANXA5,0.02896484
516,119,TMEM123,PAG1,0.028366623
516,123,TMEM123,PAFAH2,0.028101388
516,246,TMEM123,KLF6,0.026427398
516,260,TMEM123,RHOF,0.026216343
516,214,TMEM123,FCHO2,0.024634883
516,293,TMEM123,MAML3,0.023814568
516,24,TMEM123,DYNLL1,0.016980797
516,182,TMEM123,STK17B,0.0070872586
516,203,TMEM123,CD33,0.003654193
516,139,TMEM123,CCL3,0.0032721676
516,86,TMEM123,METTL7A1,0.003046388
516,207,TMEM123,BLNK,0.003039895
516,186,TMEM123,IL7R,0.0029922754
516,419,TMEM123,NCF1,0.0029888134
516,319,TMEM123,CD74,0.0029383262
516,63,TMEM123,ENG,0.0029204795
516,294,TMEM123,TINAGL1,0.002887812
516,132,TMEM123,OAS2,0.0028356465
516,332,TMEM123,IPCEF1,0.0028272334
516,417,TMEM123,UBA7,0.002791171
516,267,TMEM123,CLEC12A,0.0027710327
261,115,TMEM14C,LTB,0.045410775
261,323,TMEM14C,SELPLG,0.043274175
261,224,TMEM14C,PLSCR4,0.039216902
261,197,TMEM14C,POLA2,0.036572136
261,556,TMEM14C,ITGB7,0.03632022
261,198,TMEM14C,CMAH,0.03529801
261,102,TMEM14C,FUT8,0.034193873
261,217,TMEM14C,MYCT1,0.03395654
261,400,TMEM14C,ANKRD44,0.03394622
261,405,TMEM14C,GIMAP8,0.033902694
261,455,TMEM14C,SNAP23,0.032988243
261,182,TMEM14C,STK17B,0.03230199
261,174,TMEM14C,PPCDC,0.032298703
261,327,TMEM14C,PRIM1,0.03225373
261,339,TMEM14C,KCTD12,0.032115176
261,180,TMEM14C,RGS2,0.03199843
261,169,TMEM14C,MCM4,0.031598266
261,210,TMEM14C,CDKN1C,0.030996928
261,47,TMEM14C,LONP2,0.029801842
261,354,TMEM14C,PPP1R15A,0.02971667
261,147,TMEM14C,ERP29,0.029380774
261,135,TMEM14C,SLBP,0.029357525
261,525,TMEM14C,TXNIP,0.02934117
261,409,TMEM14C,TMEM206,0.02907349
261,219,TMEM14C,STARD4,0.028213983
261,79,TMEM14C,MGAT1,0.028213978
261,497,TMEM14C,ATP8B4,0.028182454
261,441,TMEM14C,MCM7,0.027841907
261,284,TMEM14C,ANXA5,0.026674906
261,24,TMEM14C,DYNLL1,0.026566152
261,119,TMEM14C,PAG1,0.026124477
261,123,TMEM14C,PAFAH2,0.025880316
261,293,TMEM14C,MAML3,0.025128039
261,246,TMEM14C,KLF6,0.024273025
261,262,TMEM14C,SSH2,0.02340629
261,214,TMEM14C,FCHO2,0.022686644
261,260,TMEM14C,RHOF,0.014991606
261,203,TMEM14C,CD33,0.0034411834
261,139,TMEM14C,CCL3,0.0030726402
261,86,TMEM14C,METTL7A1,0.002878154
261,207,TMEM14C,BLNK,0.0028678076
261,186,TMEM14C,IL7R,0.0028274795
261,419,TMEM14C,NCF1,0.002825602
261,172,TMEM14C,EPSTI1,0.0028047278
261,63,TMEM14C,ENG,0.0027619253
261,294,TMEM14C,TINAGL1,0.002731141
261,332,TMEM14C,IPCEF1,0.0026750737
261,417,TMEM14C,UBA7,0.0026413174
261,267,TMEM14C,CLEC12A,0.0026230323
261,276,TMEM14C,H2-Q6,0.0025092938
173,115,TMEM173,LTB,0.05873758
173,323,TMEM173,SELPLG,0.05601959
173,224,TMEM173,PLSCR4,0.05093525
173,260,TMEM173,RHOF,0.050703414
173,197,TMEM173,POLA2,0.048949763
173,556,TMEM173,ITGB7,0.047237866
173,198,TMEM173,CMAH,0.045871064
173,102,TMEM173,FUT8,0.044452917
173,400,TMEM173,ANKRD44,0.044158347
173,217,TMEM173,MYCT1,0.044100635
173,174,TMEM173,PPCDC,0.04327059
173,147,TMEM173,ERP29,0.04292616
173,455,TMEM173,SNAP23,0.042772688
173,327,TMEM173,PRIM1,0.041908864
173,339,TMEM173,KCTD12,0.041688826
173,180,TMEM173,RGS2,0.041522846
173,169,TMEM173,MCM4,0.041104477
173,47,TMEM173,LONP2,0.040893447
173,210,TMEM173,CDKN1C,0.040241882
173,262,TMEM173,SSH2,0.039752383
173,182,TMEM173,STK17B,0.03858001
173,135,TMEM173,SLBP,0.038161993
173,354,TMEM173,PPP1R15A,0.03815618
173,525,TMEM173,TXNIP,0.038077336
173,409,TMEM173,TMEM206,0.037777573
173,219,TMEM173,STARD4,0.03710433
173,79,TMEM173,MGAT1,0.03664312
173,497,TMEM173,ATP8B4,0.036589675
173,441,TMEM173,MCM7,0.03616917
173,284,TMEM173,ANXA5,0.03461488
173,24,TMEM173,DYNLL1,0.034465224
173,119,TMEM173,PAG1,0.033904653
173,123,TMEM173,PAFAH2,0.033556692
173,293,TMEM173,MAML3,0.03258141
173,246,TMEM173,KLF6,0.031526223
173,214,TMEM173,FCHO2,0.029361488
173,405,TMEM173,GIMAP8,0.018941304
173,203,TMEM173,CD33,0.004008747
173,139,TMEM173,CCL3,0.0037674606
173,86,TMEM173,METTL7A1,0.0033122934
173,207,TMEM173,BLNK,0.0033029355
173,294,TMEM173,TINAGL1,0.003299614
173,186,TMEM173,IL7R,0.003257332
173,419,TMEM173,NCF1,0.0032369294
173,319,TMEM173,CD74,0.003188149
173,63,TMEM173,ENG,0.003163291
173,332,TMEM173,IPCEF1,0.0030836936
173,132,TMEM173,OAS2,0.0030684771
173,267,TMEM173,CLEC12A,0.0030028464
173,172,TMEM173,EPSTI1,0.0029088487
409,115,TMEM206,LTB,0.10068145
409,323,TMEM206,SELPLG,0.09627353
409,224,TMEM206,PLSCR4,0.08866015
409,260,TMEM206,RHOF,0.08794673
409,197,TMEM206,POLA2,0.08310686
409,556,TMEM206,ITGB7,0.08236775
409,198,TMEM206,CMAH,0.080286704
409,102,TMEM206,FUT8,0.07788422
409,405,TMEM206,GIMAP8,0.07730474
409,400,TMEM206,ANKRD44,0.07727875
409,217,TMEM206,MYCT1,0.07718589
409,147,TMEM206,ERP29,0.07516507
409,455,TMEM206,SNAP23,0.07512931
409,174,TMEM206,PPCDC,0.07380132
409,182,TMEM206,STK17B,0.07380132
409,327,TMEM206,PRIM1,0.0736436
409,180,TMEM206,RGS2,0.07320347
409,210,TMEM206,CDKN1C,0.071009
409,262,TMEM206,SSH2,0.07010589
409,47,TMEM206,LONP2,0.06822748
409,354,TMEM206,PPP1R15A,0.067379266
409,525,TMEM206,TXNIP,0.067364335
409,135,TMEM206,SLBP,0.067223586
409,79,TMEM206,MGAT1,0.06480077
409,219,TMEM206,STARD4,0.06471502
409,497,TMEM206,ATP8B4,0.0646853
409,441,TMEM206,MCM7,0.06392468
409,284,TMEM206,ANXA5,0.061378505
409,24,TMEM206,DYNLL1,0.06110738
409,119,TMEM206,PAG1,0.06010987
409,123,TMEM206,PAFAH2,0.059648756
409,293,TMEM206,MAML3,0.05799398
409,246,TMEM206,KLF6,0.055975515
409,339,TMEM206,KCTD12,0.055582117
409,214,TMEM206,FCHO2,0.052439418
409,169,TMEM206,MCM4,0.04713935
409,203,TMEM206,CD33,0.0063168337
409,139,TMEM206,CCL3,0.005893954
409,86,TMEM206,METTL7A1,0.0051337527
409,207,TMEM206,BLNK,0.0050218124
409,319,TMEM206,CD74,0.004915835
409,63,TMEM206,ENG,0.004875915
409,294,TMEM206,TINAGL1,0.0048348675
409,419,TMEM206,NCF1,0.004792567
409,132,TMEM206,OAS2,0.004714327
409,332,TMEM206,IPCEF1,0.0046950397
409,417,TMEM206,UBA7,0.0046480433
409,267,TMEM206,CLEC12A,0.004609997
409,172,TMEM206,EPSTI1,0.0044553536
409,494,TMEM206,DUSP5,0.004143846
190,115,TMEM246,LTB,0.07371782
190,323,TMEM246,SELPLG,0.070409015
190,224,TMEM246,PLSCR4,0.06416595
190,260,TMEM246,RHOF,0.06383616
190,197,TMEM246,POLA2,0.0599519
190,556,TMEM246,ITGB7,0.05952219
190,400,TMEM246,ANKRD44,0.055716965
190,217,TMEM246,MYCT1,0.055639755
190,147,TMEM246,ERP29,0.05410802
190,455,TMEM246,SNAP23,0.05404908
190,182,TMEM246,STK17B,0.053060196
190,327,TMEM246,PRIM1,0.05295447
190,339,TMEM246,KCTD12,0.0526828
190,180,TMEM246,RGS2,0.05261464
190,102,TMEM246,FUT8,0.052059624
190,169,TMEM246,MCM4,0.05193823
190,210,TMEM246,CDKN1C,0.051013313
190,262,TMEM246,SSH2,0.050288413
190,174,TMEM246,PPCDC,0.048746385
190,135,TMEM246,SLBP,0.048205115
190,525,TMEM246,TXNIP,0.048175063
190,409,TMEM246,TMEM206,0.04780133
190,79,TMEM246,MGAT1,0.04638098
190,497,TMEM246,ATP8B4,0.04626698
190,441,TMEM246,MCM7,0.045780305
190,284,TMEM246,ANXA5,0.04387486
190,24,TMEM246,DYNLL1,0.043670226
190,119,TMEM246,PAG1,0.042972103
190,123,TMEM246,PAFAH2,0.04256928
190,293,TMEM246,MAML3,0.04134268
190,246,TMEM246,KLF6,0.039948743
190,219,TMEM246,STARD4,0.039329223
190,214,TMEM246,FCHO2,0.03730174
190,354,TMEM246,PPP1R15A,0.033397328
190,405,TMEM246,GIMAP8,0.0242918
190,198,TMEM246,CMAH,0.009929849
190,47,TMEM246,LONP2,0.009517773
190,203,TMEM246,CD33,0.0048099924
190,139,TMEM246,CCL3,0.0045046685
190,86,TMEM246,METTL7A1,0.0039390423
190,186,TMEM246,IL7R,0.0038647184
190,419,TMEM246,NCF1,0.003841206
190,319,TMEM246,CD74,0.0037783647
190,63,TMEM246,ENG,0.0037467782
190,294,TMEM246,TINAGL1,0.0037187007
190,207,TMEM246,BLNK,0.0036468254
190,332,TMEM246,IPCEF1,0.0036239678
190,417,TMEM246,UBA7,0.0035785032
190,267,TMEM246,CLEC12A,0.0035548967
190,132,TMEM246,OAS2,0.0034627684
151,115,TMEM268,LTB,0.042613592
151,323,TMEM268,SELPLG,0.040594757
151,224,TMEM268,PLSCR4,0.03674438
151,260,TMEM268,RHOF,0.03664556
151,197,TMEM268,POLA2,0.03430028
151,556,TMEM268,ITGB7,0.034022093
151,198,TMEM268,CMAH,0.03299903
151,102,TMEM268,FUT8,0.032008067
151,217,TMEM268,MYCT1,0.031784657
151,147,TMEM268,ERP29,0.030968517
151,455,TMEM268,SNAP23,0.030851392
151,174,TMEM268,PPCDC,0.030230114
151,182,TMEM268,STK17B,0.030230086
151,327,TMEM268,PRIM1,0.030176662
151,339,TMEM268,KCTD12,0.03004869
151,180,TMEM268,RGS2,0.029916959
151,169,TMEM268,MCM4,0.029562207
151,262,TMEM268,SSH2,0.028610783
151,47,TMEM268,LONP2,0.02786932
151,354,TMEM268,PPP1R15A,0.027464665
151,135,TMEM268,SLBP,0.027458541
151,525,TMEM268,TXNIP,0.027432436
151,409,TMEM268,TMEM206,0.02711389
151,79,TMEM268,MGAT1,0.026377404
151,219,TMEM268,STARD4,0.026366917
151,497,TMEM268,ATP8B4,0.026352663
151,441,TMEM268,MCM7,0.026029818
151,284,TMEM268,ANXA5,0.024915125
151,24,TMEM268,DYNLL1,0.024821904
151,400,TMEM268,ANKRD44,0.024576
151,119,TMEM268,PAG1,0.024406713
151,123,TMEM268,PAFAH2,0.024178708
151,293,TMEM268,MAML3,0.02375158
151,246,TMEM268,KLF6,0.022711974
151,214,TMEM268,FCHO2,0.021163723
151,405,TMEM268,GIMAP8,0.019923653
151,210,TMEM268,CDKN1C,0.017190915
151,203,TMEM268,CD33,0.0032130706
151,139,TMEM268,CCL3,0.0030306964
151,207,TMEM268,BLNK,0.0028851207
151,267,TMEM268,CLEC12A,0.002695866
151,86,TMEM268,METTL7A1,0.002687704
151,186,TMEM268,IL7R,0.0026433582
151,419,TMEM268,NCF1,0.0026344538
151,319,TMEM268,CD74,0.0025906835
151,63,TMEM268,ENG,0.0025765207
151,294,TMEM268,TINAGL1,0.0025537019
151,132,TMEM268,OAS2,0.0025044542
151,332,TMEM268,IPCEF1,0.0024976223
151,417,TMEM268,UBA7,0.002467969
437,115,TMEM37,LTB,0.016866067
437,323,TMEM37,SELPLG,0.016067933
437,260,TMEM37,RHOF,0.014524784
437,224,TMEM37,PLSCR4,0.014498401
437,197,TMEM37,POLA2,0.013540623
437,556,TMEM37,ITGB7,0.013487333
437,198,TMEM37,CMAH,0.013103328
437,102,TMEM37,FUT8,0.012690459
437,400,TMEM37,ANKRD44,0.012660401
437,217,TMEM37,MYCT1,0.012637288
437,405,TMEM37,GIMAP8,0.01258707
437,147,TMEM37,ERP29,0.012346144
437,455,TMEM37,SNAP23,0.012197166
437,174,TMEM37,PPCDC,0.012035844
437,182,TMEM37,STK17B,0.012035837
437,327,TMEM37,PRIM1,0.012009337
437,180,TMEM37,RGS2,0.01180315
437,169,TMEM37,MCM4,0.011764419
437,210,TMEM37,CDKN1C,0.011462105
437,262,TMEM37,SSH2,0.0113944495
437,47,TMEM37,LONP2,0.011079582
437,135,TMEM37,SLBP,0.010949673
437,525,TMEM37,TXNIP,0.010912426
437,354,TMEM37,PPP1R15A,0.010899238
437,409,TMEM37,TMEM206,0.010812164
437,497,TMEM37,ATP8B4,0.010498464
437,219,TMEM37,STARD4,0.010485731
437,441,TMEM37,MCM7,0.010342014
437,284,TMEM37,ANXA5,0.009856281
437,24,TMEM37,DYNLL1,0.00984233
437,119,TMEM37,PAG1,0.009659122
437,123,TMEM37,PAFAH2,0.009570928
437,293,TMEM37,MAML3,0.009256404
437,246,TMEM37,KLF6,0.009016232
437,339,TMEM37,KCTD12,0.008775084
437,214,TMEM37,FCHO2,0.008455076
437,79,TMEM37,MGAT1,0.007823969
437,139,TMEM37,CCL3,0.0018244116
437,207,TMEM37,BLNK,0.0016747141
437,86,TMEM37,METTL7A1,0.0016719452
437,419,TMEM37,NCF1,0.0016513467
437,186,TMEM37,IL7R,0.0016493449
437,319,TMEM37,CD74,0.001634391
437,63,TMEM37,ENG,0.0016232313
437,294,TMEM37,TINAGL1,0.001605232
437,132,TMEM37,OAS2,0.0015859501
437,267,TMEM37,CLEC12A,0.0015569808
437,172,TMEM37,EPSTI1,0.0015255503
437,276,TMEM37,H2-Q6,0.0015152753
437,417,TMEM37,UBA7,0.0015120375
142,115,TNFAIP2,LTB,0.01722962
142,323,TNFAIP2,SELPLG,0.016398178
142,260,TNFAIP2,RHOF,0.014806051
142,224,TNFAIP2,PLSCR4,0.01478447
142,197,TNFAIP2,POLA2,0.013792238
142,556,TNFAIP2,ITGB7,0.013738954
142,198,TNFAIP2,CMAH,0.013325875
142,102,TNFAIP2,FUT8,0.012911409
142,400,TNFAIP2,ANKRD44,0.012880888
142,217,TNFAIP2,MYCT1,0.012847971
142,405,TNFAIP2,GIMAP8,0.012820272
142,147,TNFAIP2,ERP29,0.012542275
142,455,TNFAIP2,SNAP23,0.012441988
142,174,TNFAIP2,PPCDC,0.012234692
142,182,TNFAIP2,STK17B,0.012234692
142,327,TNFAIP2,PRIM1,0.012207075
142,339,TNFAIP2,KCTD12,0.012142559
142,180,TNFAIP2,RGS2,0.0120533705
142,169,TNFAIP2,MCM4,0.011938449
142,210,TNFAIP2,CDKN1C,0.01169053
142,262,TNFAIP2,SSH2,0.011585693
142,47,TNFAIP2,LONP2,0.011307153
142,135,TNFAIP2,SLBP,0.011155991
142,354,TNFAIP2,PPP1R15A,0.011129861
142,525,TNFAIP2,TXNIP,0.01112781
142,219,TNFAIP2,STARD4,0.010839298
142,79,TNFAIP2,MGAT1,0.010709408
142,441,TNFAIP2,MCM7,0.010587919
142,284,TNFAIP2,ANXA5,0.010127983
142,24,TNFAIP2,DYNLL1,0.0100818835
142,119,TNFAIP2,PAG1,0.009932995
142,123,TNFAIP2,PAFAH2,0.009843455
142,293,TNFAIP2,MAML3,0.0095318
142,246,TNFAIP2,KLF6,0.009294541
142,214,TNFAIP2,FCHO2,0.0085928915
142,497,TNFAIP2,ATP8B4,0.00745283
142,409,TNFAIP2,TMEM206,0.0051187607
142,203,TNFAIP2,CD33,0.0018659754
142,139,TNFAIP2,CCL3,0.0017770452
142,207,TNFAIP2,BLNK,0.0016300885
142,86,TNFAIP2,METTL7A1,0.0016274948
142,186,TNFAIP2,IL7R,0.0016080277
142,419,TNFAIP2,NCF1,0.0016033296
142,319,TNFAIP2,CD74,0.001589387
142,63,TNFAIP2,ENG,0.0015771647
142,132,TNFAIP2,OAS2,0.0015397209
142,332,TNFAIP2,IPCEF1,0.0015388723
142,417,TNFAIP2,UBA7,0.0015294796
142,267,TNFAIP2,CLEC12A,0.0015235412
142,325,TNFAIP2,EBI3,0.0014732161
170,115,TNS2,LTB,0.031080412
170,323,TNS2,SELPLG,0.029605253
170,224,TNS2,PLSCR4,0.026737615
170,260,TNS2,RHOF,0.026717758
170,197,TNS2,POLA2,0.025816012
170,556,TNS2,ITGB7,0.024807042
170,198,TNS2,CMAH,0.024076454
170,102,TNS2,FUT8,0.023320515
170,217,TNS2,MYCT1,0.02321094
170,400,TNS2,ANKRD44,0.02320998
170,174,TNS2,PPCDC,0.022835694
170,147,TNS2,ERP29,0.022620711
170,455,TNS2,SNAP23,0.022507261
170,327,TNS2,PRIM1,0.02201133
170,339,TNS2,KCTD12,0.021941781
170,180,TNS2,RGS2,0.021820234
170,169,TNS2,MCM4,0.021581255
170,47,TNS2,LONP2,0.02154456
170,210,TNS2,CDKN1C,0.02115273
170,262,TNS2,SSH2,0.02088098
170,182,TNS2,STK17B,0.020234989
170,135,TNS2,SLBP,0.02008606
170,354,TNS2,PPP1R15A,0.020061076
170,525,TNS2,TXNIP,0.020057406
170,409,TNS2,TMEM206,0.019864878
170,219,TNS2,STARD4,0.019532654
170,79,TNS2,MGAT1,0.01928324
170,497,TNS2,ATP8B4,0.019281965
170,441,TNS2,MCM7,0.019034408
170,284,TNS2,ANXA5,0.01823967
170,24,TNS2,DYNLL1,0.018167425
170,119,TNS2,PAG1,0.017868292
170,123,TNS2,PAFAH2,0.017687526
170,293,TNS2,MAML3,0.01718716
170,246,TNS2,KLF6,0.016666133
170,214,TNS2,FCHO2,0.015396207
170,405,TNS2,GIMAP8,0.010308218
170,203,TNS2,CD33,0.0027139245
170,139,TNS2,CCL3,0.0025744678
170,207,TNS2,BLNK,0.0023071384
170,86,TNS2,METTL7A1,0.0023071044
170,294,TNS2,TINAGL1,0.0022996452
170,419,TNS2,NCF1,0.0022763188
170,186,TNS2,IL7R,0.0022680028
170,319,TNS2,CD74,0.0022429607
170,63,TNS2,ENG,0.0022286028
170,332,TNS2,IPCEF1,0.0021764776
170,132,TNS2,OAS2,0.0021679716
170,267,TNS2,CLEC12A,0.002124107
170,172,TNS2,EPSTI1,0.0020659154
482,115,TOP2A,LTB,0.040507123
482,323,TOP2A,SELPLG,0.038593914
482,224,TOP2A,PLSCR4,0.034871094
482,260,TOP2A,RHOF,0.034783203
482,197,TOP2A,POLA2,0.032480236
482,556,TOP2A,ITGB7,0.03227575
482,198,TOP2A,CMAH,0.031331044
482,102,TOP2A,FUT8,0.030759273
482,400,TOP2A,ANKRD44,0.030169237
482,217,TOP2A,MYCT1,0.030115752
482,405,TOP2A,GIMAP8,0.030081827
482,147,TOP2A,ERP29,0.029329738
482,455,TOP2A,SNAP23,0.029193295
482,174,TOP2A,PPCDC,0.028641563
482,182,TOP2A,STK17B,0.028641563
482,327,TOP2A,PRIM1,0.028589725
482,210,TOP2A,CDKN1C,0.028539961
482,339,TOP2A,KCTD12,0.028456084
482,180,TOP2A,RGS2,0.02830159
482,169,TOP2A,MCM4,0.027995212
482,262,TOP2A,SSH2,0.027088385
482,47,TOP2A,LONP2,0.026372066
482,354,TOP2A,PPP1R15A,0.025985511
482,135,TOP2A,SLBP,0.025957828
482,525,TOP2A,TXNIP,0.025947973
482,79,TOP2A,MGAT1,0.024950478
482,219,TOP2A,STARD4,0.02495047
482,497,TOP2A,ATP8B4,0.024932278
482,119,TOP2A,PAG1,0.023614649
482,284,TOP2A,ANXA5,0.023544107
482,24,TOP2A,DYNLL1,0.023454849
482,123,TOP2A,PAFAH2,0.022846166
482,293,TOP2A,MAML3,0.022139583
482,246,TOP2A,KLF6,0.021601623
482,214,TOP2A,FCHO2,0.019961786
482,409,TOP2A,TMEM206,0.01554686
482,441,TOP2A,MCM7,0.014569908
482,203,TOP2A,CD33,0.002989692
482,139,TOP2A,CCL3,0.0028130542
482,86,TOP2A,METTL7A1,0.0024963408
482,207,TOP2A,BLNK,0.0024926034
482,186,TOP2A,IL7R,0.0024600201
482,419,TOP2A,NCF1,0.0024437623
482,319,TOP2A,CD74,0.0024110074
482,294,TOP2A,TINAGL1,0.002374904
482,332,TOP2A,IPCEF1,0.0023279684
482,417,TOP2A,UBA7,0.0022979763
482,267,TOP2A,CLEC12A,0.0022834255
482,172,TOP2A,EPSTI1,0.002215775
482,276,TOP2A,H2-Q6,0.00218758
518,115,TPM4,LTB,0.028283551
518,323,TPM4,SELPLG,0.026912842
518,224,TPM4,PLSCR4,0.02427258
518,197,TPM4,POLA2,0.022610124
518,556,TPM4,ITGB7,0.022495165
518,198,TPM4,CMAH,0.022099957
518,102,TPM4,FUT8,0.021550044
518,400,TPM4,ANKRD44,0.021020096
518,217,TPM4,MYCT1,0.02100315
518,405,TPM4,GIMAP8,0.020964893
518,147,TPM4,ERP29,0.02047764
518,455,TPM4,SNAP23,0.020346578
518,174,TPM4,PPCDC,0.020214189
518,327,TPM4,PRIM1,0.019933622
518,339,TPM4,KCTD12,0.019860622
518,180,TPM4,RGS2,0.019708281
518,169,TPM4,MCM4,0.019514143
518,210,TPM4,CDKN1C,0.019093845
518,262,TPM4,SSH2,0.018892871
518,47,TPM4,LONP2,0.018414995
518,135,TPM4,SLBP,0.018154776
518,525,TPM4,TXNIP,0.018119294
518,354,TPM4,PPP1R15A,0.01810802
518,409,TPM4,TMEM206,0.017965462
518,497,TPM4,ATP8B4,0.017431758
518,219,TPM4,STARD4,0.017420115
518,79,TPM4,MGAT1,0.017420106
518,441,TPM4,MCM7,0.01718596
518,284,TPM4,ANXA5,0.016448924
518,119,TPM4,PAG1,0.01611772
518,123,TPM4,PAFAH2,0.01596853
518,246,TPM4,KLF6,0.01504995
518,260,TPM4,RHOF,0.01473674
518,214,TPM4,FCHO2,0.013935122
518,293,TPM4,MAML3,0.013431698
518,24,TPM4,DYNLL1,0.009416823
518,182,TPM4,STK17B,0.004598109
518,203,TPM4,CD33,0.0023995475
518,139,TPM4,CCL3,0.0021699157
518,86,TPM4,METTL7A1,0.002049054
518,207,TPM4,BLNK,0.0020488375
518,186,TPM4,IL7R,0.0020195674
518,419,TPM4,NCF1,0.0020148656
518,319,TPM4,CD74,0.0019897684
518,63,TPM4,ENG,0.0019752467
518,294,TPM4,TINAGL1,0.0019572033
518,132,TPM4,OAS2,0.0019246782
518,332,TPM4,IPCEF1,0.0019208724
518,417,TPM4,UBA7,0.0019035863
518,267,TPM4,CLEC12A,0.0018938694
453,115,TRAF1,LTB,0.043036703
453,323,TRAF1,SELPLG,0.039877415
453,224,TRAF1,PLSCR4,0.03608501
453,260,TRAF1,RHOF,0.035989724
453,197,TRAF1,POLA2,0.03362648
453,556,TRAF1,ITGB7,0.03340712
453,198,TRAF1,CMAH,0.032444287
453,217,TRAF1,MYCT1,0.03223616
453,102,TRAF1,FUT8,0.031469386
453,400,TRAF1,ANKRD44,0.031239342
453,405,TRAF1,GIMAP8,0.031129152
453,327,TRAF1,PRIM1,0.030443756
453,147,TRAF1,ERP29,0.030407052
453,455,TRAF1,SNAP23,0.03023101
453,174,TRAF1,PPCDC,0.029670483
453,182,TRAF1,STK17B,0.029670464
453,339,TRAF1,KCTD12,0.029487256
453,180,TRAF1,RGS2,0.029348927
453,169,TRAF1,MCM4,0.029010898
453,210,TRAF1,CDKN1C,0.028423598
453,262,TRAF1,SSH2,0.028074829
453,47,TRAF1,LONP2,0.027341561
453,354,TRAF1,PPP1R15A,0.02694409
453,135,TRAF1,SLBP,0.026941054
453,525,TRAF1,TXNIP,0.026909644
453,409,TRAF1,TMEM206,0.026674077
453,219,TRAF1,STARD4,0.025875434
453,497,TRAF1,ATP8B4,0.025851917
453,441,TRAF1,MCM7,0.02553426
453,284,TRAF1,ANXA5,0.024435148
453,119,TRAF1,PAG1,0.023933096
453,123,TRAF1,PAFAH2,0.023709651
453,293,TRAF1,MAML3,0.02299522
453,24,TRAF1,DYNLL1,0.022544257
453,214,TRAF1,FCHO2,0.020700341
453,246,TRAF1,KLF6,0.015494545
453,79,TRAF1,MGAT1,0.015034901
453,207,TRAF1,BLNK,0.0026135934
453,419,TRAF1,NCF1,0.0025649434
453,63,TRAF1,ENG,0.0025095409
453,294,TRAF1,TINAGL1,0.0024907081
453,139,TRAF1,CCL3,0.002458801
453,132,TRAF1,OAS2,0.0024396821
453,332,TRAF1,IPCEF1,0.0024334013
453,417,TRAF1,UBA7,0.0024059264
453,267,TRAF1,CLEC12A,0.0023910757
453,186,TRAF1,IL7R,0.002244861
453,494,TRAF1,DUSP5,0.0021895356
453,243,TRAF1,VAMP1,0.0021510404
453,86,TRAF1,METTL7A1,0.002150938
82,323,TRIB3,SELPLG,0.053496946
82,260,TRIB3,RHOF,0.04831039
82,197,TRIB3,POLA2,0.045154266
82,556,TRIB3,ITGB7,0.04489188
82,198,TRIB3,CMAH,0.043527026
82,102,TRIB3,FUT8,0.04215086
82,400,TRIB3,ANKRD44,0.041925218
82,217,TRIB3,MYCT1,0.041746918
82,455,TRIB3,SNAP23,0.040342364
82,182,TRIB3,STK17B,0.039785385
82,174,TRIB3,PPCDC,0.039725278
82,327,TRIB3,PRIM1,0.039698485
82,339,TRIB3,KCTD12,0.039442673
82,180,TRIB3,RGS2,0.039132845
82,210,TRIB3,CDKN1C,0.037877887
82,262,TRIB3,SSH2,0.037579842
82,409,TRIB3,TMEM206,0.036826007
82,47,TRIB3,LONP2,0.0364005
82,147,TRIB3,ERP29,0.0361623
82,135,TRIB3,SLBP,0.036025383
82,354,TRIB3,PPP1R15A,0.035935014
82,525,TRIB3,TXNIP,0.035872318
82,115,TRIB3,LTB,0.035338234
82,219,TRIB3,STARD4,0.03452769
82,441,TRIB3,MCM7,0.034098558
82,224,TRIB3,PLSCR4,0.03260556
82,284,TRIB3,ANXA5,0.032481737
82,24,TRIB3,DYNLL1,0.032360505
82,119,TRIB3,PAG1,0.031789165
82,123,TRIB3,PAFAH2,0.031539723
82,293,TRIB3,MAML3,0.03044877
82,246,TRIB3,KLF6,0.029561969
82,214,TRIB3,FCHO2,0.027305318
82,169,TRIB3,MCM4,0.023758171
82,405,TRIB3,GIMAP8,0.017839178
82,497,TRIB3,ATP8B4,0.0075606937
82,79,TRIB3,MGAT1,0.007039739
82,203,TRIB3,CD33,0.003382574
82,139,TRIB3,CCL3,0.003150981
82,86,TRIB3,METTL7A1,0.002751851
82,186,TRIB3,IL7R,0.0027460232
82,207,TRIB3,BLNK,0.0027348956
82,419,TRIB3,NCF1,0.002650793
82,294,TRIB3,TINAGL1,0.0026334391
82,319,TRIB3,CD74,0.0026240153
82,63,TRIB3,ENG,0.0025485936
82,132,TRIB3,OAS2,0.0025227426
82,332,TRIB3,IPCEF1,0.0025198453
82,417,TRIB3,UBA7,0.0024993133
82,267,TRIB3,CLEC12A,0.0024895605
511,115,TRIM16,LTB,0.046885278
511,323,TRIM16,SELPLG,0.044921257
511,224,TRIM16,PLSCR4,0.04071973
511,260,TRIM16,RHOF,0.040587645
511,197,TRIM16,POLA2,0.03797865
511,556,TRIM16,ITGB7,0.037712198
511,198,TRIM16,CMAH,0.036655605
511,102,TRIM16,FUT8,0.03551318
511,400,TRIM16,ANKRD44,0.035288274
511,217,TRIM16,MYCT1,0.035260104
511,405,TRIM16,GIMAP8,0.035207573
511,147,TRIM16,ERP29,0.03436261
511,455,TRIM16,SNAP23,0.034261003
511,182,TRIM16,STK17B,0.033574976
511,174,TRIM16,PPCDC,0.03354603
511,327,TRIM16,PRIM1,0.033486996
511,339,TRIM16,KCTD12,0.03334971
511,180,TRIM16,RGS2,0.033237487
511,210,TRIM16,CDKN1C,0.03219738
511,262,TRIM16,SSH2,0.03176723
511,47,TRIM16,LONP2,0.030950626
511,135,TRIM16,SLBP,0.030488363
511,525,TRIM16,TXNIP,0.03047285
511,409,TRIM16,TMEM206,0.030195864
511,219,TRIM16,STARD4,0.029304707
511,79,TRIM16,MGAT1,0.0293047
511,497,TRIM16,ATP8B4,0.029267687
511,441,TRIM16,MCM7,0.028891444
511,169,TRIM16,MCM4,0.02815811
511,284,TRIM16,ANXA5,0.02768257
511,24,TRIM16,DYNLL1,0.027595568
511,119,TRIM16,PAG1,0.02713618
511,123,TRIM16,PAFAH2,0.026882613
511,293,TRIM16,MAML3,0.026104461
511,246,TRIM16,KLF6,0.025250124
511,214,TRIM16,FCHO2,0.023582632
511,354,TRIM16,PPP1R15A,0.021608002
511,203,TRIM16,CD33,0.0035388814
511,139,TRIM16,CCL3,0.0033380713
511,86,TRIM16,METTL7A1,0.0029549636
511,207,TRIM16,BLNK,0.002948832
511,186,TRIM16,IL7R,0.0029028363
511,419,TRIM16,NCF1,0.002899873
511,319,TRIM16,CD74,0.002851219
511,63,TRIM16,ENG,0.0028293205
511,294,TRIM16,TINAGL1,0.0027971033
511,132,TRIM16,OAS2,0.0027524699
511,332,TRIM16,IPCEF1,0.0027443224
511,417,TRIM16,UBA7,0.0027096032
511,267,TRIM16,CLEC12A,0.0026904189
308,115,TRIM47,LTB,0.01102817
308,323,TRIM47,SELPLG,0.010516724
308,260,TRIM47,RHOF,0.009540587
308,224,TRIM47,PLSCR4,0.009524887
308,556,TRIM47,ITGB7,0.008887604
308,198,TRIM47,CMAH,0.008639427
308,102,TRIM47,FUT8,0.00837417
308,400,TRIM47,ANKRD44,0.008361667
308,217,TRIM47,MYCT1,0.008343527
308,405,TRIM47,GIMAP8,0.008322788
308,147,TRIM47,ERP29,0.008149578
308,455,TRIM47,SNAP23,0.008094323
308,174,TRIM47,PPCDC,0.007964014
308,182,TRIM47,STK17B,0.00796401
308,327,TRIM47,PRIM1,0.007962981
308,339,TRIM47,KCTD12,0.007926271
308,180,TRIM47,RGS2,0.007867832
308,169,TRIM47,MCM4,0.0078102476
308,210,TRIM47,CDKN1C,0.007669503
308,262,TRIM47,SSH2,0.0075944797
308,47,TRIM47,LONP2,0.0074327197
308,135,TRIM47,SLBP,0.007353445
308,525,TRIM47,TXNIP,0.0073471447
308,354,TRIM47,PPP1R15A,0.00733559
308,409,TRIM47,TMEM206,0.0072705313
308,219,TRIM47,STARD4,0.0071043083
308,79,TRIM47,MGAT1,0.007104304
308,497,TRIM47,ATP8B4,0.0071039377
308,284,TRIM47,ANXA5,0.00674706
308,197,TRIM47,POLA2,0.006720067
308,123,TRIM47,PAFAH2,0.006575525
308,293,TRIM47,MAML3,0.0064089717
308,24,TRIM47,DYNLL1,0.0063196267
308,246,TRIM47,KLF6,0.006253663
308,214,TRIM47,FCHO2,0.0058687176
308,441,TRIM47,MCM7,0.0040100077
308,119,TRIM47,PAG1,0.0038238731
308,203,TRIM47,CD33,0.0015520954
308,207,TRIM47,BLNK,0.0013838276
308,86,TRIM47,METTL7A1,0.0013789436
308,186,TRIM47,IL7R,0.0013712366
308,319,TRIM47,CD74,0.0013538961
308,63,TRIM47,ENG,0.0013427357
308,294,TRIM47,TINAGL1,0.0013352437
308,132,TRIM47,OAS2,0.001314697
308,332,TRIM47,IPCEF1,0.0013143077
308,417,TRIM47,UBA7,0.0013091499
308,267,TRIM47,CLEC12A,0.001306432
308,172,TRIM47,EPSTI1,0.0012751987
308,276,TRIM47,H2-Q6,0.0012690508
92,115,TRIM59,LTB,0.048883956
92,323,TRIM59,SELPLG,0.044510953
92,224,TRIM59,PLSCR4,0.040351257
92,260,TRIM59,RHOF,0.040224154
92,197,TRIM59,POLA2,0.037593417
92,556,TRIM59,ITGB7,0.037374448
92,198,TRIM59,CMAH,0.03632921
92,405,TRIM59,GIMAP8,0.035303693
92,102,TRIM59,FUT8,0.035195995
92,217,TRIM59,MYCT1,0.034903277
92,147,TRIM59,ERP29,0.034085713
92,455,TRIM59,SNAP23,0.033966035
92,174,TRIM59,PPCDC,0.033251602
92,182,TRIM59,STK17B,0.033251602
92,327,TRIM59,PRIM1,0.033192452
92,180,TRIM59,RGS2,0.032950252
92,169,TRIM59,MCM4,0.032531142
92,47,TRIM59,LONP2,0.032399014
92,210,TRIM59,CDKN1C,0.03192084
92,525,TRIM59,TXNIP,0.030213922
92,135,TRIM59,SLBP,0.03018121
92,409,TRIM59,TMEM206,0.029936748
92,79,TRIM59,MGAT1,0.029378684
92,219,TRIM59,STARD4,0.029054442
92,441,TRIM59,MCM7,0.028668508
92,284,TRIM59,ANXA5,0.027476935
92,24,TRIM59,DYNLL1,0.027363425
92,119,TRIM59,PAG1,0.026909638
92,123,TRIM59,PAFAH2,0.026658174
92,293,TRIM59,MAML3,0.025889784
92,354,TRIM59,PPP1R15A,0.02540953
92,246,TRIM59,KLF6,0.025043013
92,214,TRIM59,FCHO2,0.023380253
92,339,TRIM59,KCTD12,0.02332835
92,497,TRIM59,ATP8B4,0.022927694
92,400,TRIM59,ANKRD44,0.021207996
92,262,TRIM59,SSH2,0.013982232
92,203,TRIM59,CD33,0.0035400165
92,139,TRIM59,CCL3,0.003395626
92,86,TRIM59,METTL7A1,0.002960535
92,207,TRIM59,BLNK,0.0029548877
92,419,TRIM59,NCF1,0.002907683
92,186,TRIM59,IL7R,0.0029073972
92,319,TRIM59,CD74,0.0028581738
92,63,TRIM59,ENG,0.0028394675
92,294,TRIM59,TINAGL1,0.002807956
92,132,TRIM59,OAS2,0.0027597973
92,332,TRIM59,IPCEF1,0.002751458
92,172,TRIM59,EPSTI1,0.0027295866
92,417,TRIM59,UBA7,0.0027161217
43,115,TRPC6,LTB,0.0040282267
43,260,TRPC6,RHOF,0.00372263
43,224,TRPC6,PLSCR4,0.0036850614
43,556,TRPC6,ITGB7,0.0035658297
43,197,TRPC6,POLA2,0.003547538
43,323,TRPC6,SELPLG,0.0034931474
43,198,TRPC6,CMAH,0.0034836957
43,400,TRPC6,ANKRD44,0.0034314133
43,102,TRPC6,FUT8,0.0034212242
43,327,TRPC6,PRIM1,0.0034118043
43,217,TRPC6,MYCT1,0.0034090898
43,405,TRPC6,GIMAP8,0.0034022343
43,147,TRPC6,ERP29,0.0033223268
43,174,TRPC6,PPCDC,0.0033198376
43,182,TRPC6,STK17B,0.0033198376
43,455,TRPC6,SNAP23,0.0033064221
43,339,TRPC6,KCTD12,0.003281766
43,169,TRPC6,MCM4,0.0032706487
43,180,TRPC6,RGS2,0.0032510678
43,262,TRPC6,SSH2,0.0032177796
43,47,TRPC6,LONP2,0.003151309
43,135,TRPC6,SLBP,0.00314903
43,354,TRPC6,PPP1R15A,0.003132926
43,409,TRPC6,TMEM206,0.0031242068
43,525,TRPC6,TXNIP,0.003124002
43,219,TRPC6,STARD4,0.0030809948
43,79,TRPC6,MGAT1,0.003080993
43,497,TRPC6,ATP8B4,0.0030761245
43,441,TRPC6,MCM7,0.0030517133
43,210,TRPC6,CDKN1C,0.003041546
43,24,TRPC6,DYNLL1,0.0029865096
43,293,TRPC6,MAML3,0.002931114
43,119,TRPC6,PAG1,0.0029308202
43,246,TRPC6,KLF6,0.0028479833
43,214,TRPC6,FCHO2,0.0027107203
43,123,TRPC6,PAFAH2,0.0026024957
43,284,TRPC6,ANXA5,0.0019936042
43,203,TRPC6,CD33,0.001132398
43,139,TRPC6,CCL3,0.0010964376
43,207,TRPC6,BLNK,0.0010606701
43,319,TRPC6,CD74,0.0010475587
43,419,TRPC6,NCF1,0.0010473741
43,186,TRPC6,IL7R,0.0010456283
43,63,TRPC6,ENG,0.0010396849
43,132,TRPC6,OAS2,0.0010269104
43,294,TRPC6,TINAGL1,0.0010255743
43,417,TRPC6,UBA7,0.0010237694
43,267,TRPC6,CLEC12A,0.0010211393
43,276,TRPC6,H2-Q6,0.0010065228
43,172,TRPC6,EPSTI1,0.0010025955
348,115,TRPV2,LTB,0.04517053
348,224,TRPV2,PLSCR4,0.03899783
348,260,TRPV2,RHOF,0.038881198
348,197,TRPV2,POLA2,0.03639303
348,556,TRPV2,ITGB7,0.036113758
348,198,TRPV2,CMAH,0.035125043
348,102,TRPV2,FUT8,0.033993483
348,400,TRPV2,ANKRD44,0.03378665
348,217,TRPV2,MYCT1,0.033755273
348,405,TRPV2,GIMAP8,0.0337042
348,327,TRPV2,PRIM1,0.032938782
348,147,TRPV2,ERP29,0.032894436
348,455,TRPV2,SNAP23,0.0327858
348,182,TRPV2,STK17B,0.03233089
348,339,TRPV2,KCTD12,0.031921025
348,180,TRPV2,RGS2,0.03179971
348,169,TRPV2,MCM4,0.031407546
348,210,TRPV2,CDKN1C,0.030802699
348,262,TRPV2,SSH2,0.030399753
348,47,TRPV2,LONP2,0.029616544
348,354,TRPV2,PPP1R15A,0.029190276
348,135,TRPV2,SLBP,0.02917638
348,525,TRPV2,TXNIP,0.029156784
348,79,TRPV2,MGAT1,0.028036542
348,219,TRPV2,STARD4,0.028036542
348,497,TRPV2,ATP8B4,0.028005809
348,441,TRPV2,MCM7,0.027666813
348,284,TRPV2,ANXA5,0.026500909
348,24,TRPV2,DYNLL1,0.026393814
348,119,TRPV2,PAG1,0.025954284
348,123,TRPV2,PAFAH2,0.02591978
348,293,TRPV2,MAML3,0.0249589
348,246,TRPV2,KLF6,0.024151329
348,214,TRPV2,FCHO2,0.022527095
348,323,TRPV2,SELPLG,0.016795235
348,409,TRPV2,TMEM206,0.012224929
348,174,TRPV2,PPCDC,0.0065947743
348,139,TRPV2,CCL3,0.0032086144
348,207,TRPV2,BLNK,0.0028370665
348,186,TRPV2,IL7R,0.0027921372
348,419,TRPV2,NCF1,0.0027894725
348,319,TRPV2,CD74,0.002740943
348,63,TRPV2,ENG,0.0027266922
348,294,TRPV2,TINAGL1,0.00269538
348,86,TRPV2,METTL7A1,0.0026780854
348,332,TRPV2,IPCEF1,0.0026615972
348,132,TRPV2,OAS2,0.0026492795
348,417,TRPV2,UBA7,0.0026110476
348,267,TRPV2,CLEC12A,0.0025911
348,172,TRPV2,EPSTI1,0.00251377
371,115,TSC22D3,LTB,0.015409525
371,323,TSC22D3,SELPLG,0.0146651575
371,260,TSC22D3,RHOF,0.013253031
371,224,TSC22D3,PLSCR4,0.013240498
371,197,TSC22D3,POLA2,0.012349563
371,556,TSC22D3,ITGB7,0.012306698
371,198,TSC22D3,CMAH,0.01202175
371,400,TSC22D3,ANKRD44,0.011985653
371,102,TSC22D3,FUT8,0.011567349
371,217,TSC22D3,MYCT1,0.011509641
371,405,TSC22D3,GIMAP8,0.01148925
371,339,TSC22D3,KCTD12,0.011315663
371,147,TSC22D3,ERP29,0.011239223
371,455,TSC22D3,SNAP23,0.0111432355
371,182,TSC22D3,STK17B,0.010969862
371,327,TSC22D3,PRIM1,0.010958869
371,174,TSC22D3,PPCDC,0.010956854
371,180,TSC22D3,RGS2,0.010805608
371,210,TSC22D3,CDKN1C,0.010483268
371,262,TSC22D3,SSH2,0.010399522
371,47,TSC22D3,LONP2,0.010142842
371,135,TSC22D3,SLBP,0.010010649
371,354,TSC22D3,PPP1R15A,0.009985041
371,525,TSC22D3,TXNIP,0.009980635
371,497,TSC22D3,ATP8B4,0.009631269
371,79,TSC22D3,MGAT1,0.009611182
371,441,TSC22D3,MCM7,0.009506264
371,24,TSC22D3,DYNLL1,0.009055444
371,119,TSC22D3,PAG1,0.008923892
371,123,TSC22D3,PAFAH2,0.008844504
371,293,TSC22D3,MAML3,0.008595374
371,246,TSC22D3,KLF6,0.008380041
371,169,TSC22D3,MCM4,0.007871354
371,214,TSC22D3,FCHO2,0.0077660535
371,219,TSC22D3,STARD4,0.00739018
371,409,TSC22D3,TMEM206,0.00306958
371,284,TSC22D3,ANXA5,0.0028887787
371,203,TSC22D3,CD33,0.0017627649
371,139,TSC22D3,CCL3,0.0016800952
371,207,TSC22D3,BLNK,0.0015477882
371,186,TSC22D3,IL7R,0.0015322872
371,419,TSC22D3,NCF1,0.0015207684
371,319,TSC22D3,CD74,0.0015093338
371,63,TSC22D3,ENG,0.0014974845
371,294,TSC22D3,TINAGL1,0.0014866741
371,132,TSC22D3,OAS2,0.0014640947
371,332,TSC22D3,IPCEF1,0.0014630662
371,417,TSC22D3,UBA7,0.0014560395
371,267,TSC22D3,CLEC12A,0.0014513611
371,276,TSC22D3,H2-Q6,0.0014040505
428,115,TSPAN2,LTB,0.035461828
428,323,TSPAN2,SELPLG,0.033773065
428,224,TSPAN2,PLSCR4,0.030521251
428,260,TSPAN2,RHOF,0.030474156
428,197,TSPAN2,POLA2,0.028448518
428,556,TSPAN2,ITGB7,0.028274886
428,102,TSPAN2,FUT8,0.026594229
428,400,TSPAN2,ANKRD44,0.026457366
428,455,TSPAN2,SNAP23,0.026441263
428,217,TSPAN2,MYCT1,0.026430242
428,405,TSPAN2,GIMAP8,0.026372453
428,147,TSPAN2,ERP29,0.025763318
428,182,TSPAN2,STK17B,0.025311518
428,174,TSPAN2,PPCDC,0.025129614
428,327,TSPAN2,PRIM1,0.025085008
428,339,TSPAN2,KCTD12,0.024968447
428,180,TSPAN2,RGS2,0.024862008
428,169,TSPAN2,MCM4,0.024571778
428,210,TSPAN2,CDKN1C,0.024086047
428,262,TSPAN2,SSH2,0.023786074
428,47,TSPAN2,LONP2,0.023184244
428,525,TSPAN2,TXNIP,0.022901436
428,135,TSPAN2,SLBP,0.02286349
428,354,TSPAN2,PPP1R15A,0.022833964
428,219,TSPAN2,STARD4,0.022730889
428,409,TSPAN2,TMEM206,0.022614166
428,79,TSPAN2,MGAT1,0.02194374
428,497,TSPAN2,ATP8B4,0.021935202
428,441,TSPAN2,MCM7,0.02165804
428,284,TSPAN2,ANXA5,0.020738866
428,119,TSPAN2,PAG1,0.02031469
428,123,TSPAN2,PAFAH2,0.020101974
428,198,TSPAN2,CMAH,0.01973568
428,293,TSPAN2,MAML3,0.019528097
428,246,TSPAN2,KLF6,0.018926105
428,214,TSPAN2,FCHO2,0.01764348
428,24,TSPAN2,DYNLL1,0.011950453
428,203,TSPAN2,CD33,0.002881473
428,139,TSPAN2,CCL3,0.0027267234
428,419,TSPAN2,NCF1,0.0024865535
428,86,TSPAN2,METTL7A1,0.0024325438
428,207,TSPAN2,BLNK,0.0024285747
428,332,TSPAN2,IPCEF1,0.0023715284
428,319,TSPAN2,CD74,0.0023521339
428,63,TSPAN2,ENG,0.002339752
428,294,TSPAN2,TINAGL1,0.0023120574
428,132,TSPAN2,OAS2,0.0022761435
428,417,TSPAN2,UBA7,0.0022445098
428,267,TSPAN2,CLEC12A,0.0022298659
428,172,TSPAN2,EPSTI1,0.0021659846
22,323,TSPAN3,SELPLG,0.04458597
22,224,TSPAN3,PLSCR4,0.040460058
22,260,TSPAN3,RHOF,0.040325414
22,197,TSPAN3,POLA2,0.037716694
22,556,TSPAN3,ITGB7,0.037456304
22,198,TSPAN3,CMAH,0.03639106
22,102,TSPAN3,FUT8,0.035248134
22,400,TSPAN3,ANKRD44,0.035029113
22,405,TSPAN3,GIMAP8,0.0349462
22,147,TSPAN3,ERP29,0.03408094
22,455,TSPAN3,SNAP23,0.03396452
22,182,TSPAN3,STK17B,0.033311103
22,174,TSPAN3,PPCDC,0.033284083
22,327,TSPAN3,PRIM1,0.03321889
22,339,TSPAN3,KCTD12,0.03307505
22,169,TSPAN3,MCM4,0.03251379
22,210,TSPAN3,CDKN1C,0.031880815
22,262,TSPAN3,SSH2,0.031502597
22,47,TSPAN3,LONP2,0.030667549
22,135,TSPAN3,SLBP,0.03022275
22,354,TSPAN3,PPP1R15A,0.030200487
22,525,TSPAN3,TXNIP,0.030193958
22,409,TSPAN3,TMEM206,0.029930495
22,497,TSPAN3,ATP8B4,0.02904925
22,219,TSPAN3,STARD4,0.02903725
22,441,TSPAN3,MCM7,0.028652329
22,115,TSPAN3,LTB,0.028351014
22,284,TSPAN3,ANXA5,0.02742937
22,24,TSPAN3,DYNLL1,0.027257733
22,119,TSPAN3,PAG1,0.026863933
22,123,TSPAN3,PAFAH2,0.026612643
22,293,TSPAN3,MAML3,0.025821261
22,79,TSPAN3,MGAT1,0.024621109
22,214,TSPAN3,FCHO2,0.02327981
22,180,TSPAN3,RGS2,0.023121333
22,217,TSPAN3,MYCT1,0.013804995
22,246,TSPAN3,KLF6,0.011541084
22,203,TSPAN3,CD33,0.0034105903
22,139,TSPAN3,CCL3,0.0032130035
22,86,TSPAN3,METTL7A1,0.0028398982
22,207,TSPAN3,BLNK,0.0028351976
22,186,TSPAN3,IL7R,0.002793493
22,419,TSPAN3,NCF1,0.0027792593
22,319,TSPAN3,CD74,0.00273581
22,63,TSPAN3,ENG,0.0027177434
22,294,TSPAN3,TINAGL1,0.0026953956
22,132,TSPAN3,OAS2,0.0026398408
22,332,TSPAN3,IPCEF1,0.0026327681
22,417,TSPAN3,UBA7,0.002601575
22,267,TSPAN3,CLEC12A,0.0025845242
99,115,TTC39B,LTB,0.045305856
99,224,TTC39B,PLSCR4,0.03909242
99,260,TTC39B,RHOF,0.03876601
99,556,TTC39B,ITGB7,0.036191385
99,198,TTC39B,CMAH,0.035157654
99,102,TTC39B,FUT8,0.034051664
99,400,TTC39B,ANKRD44,0.033844747
99,217,TTC39B,MYCT1,0.033802174
99,405,TTC39B,GIMAP8,0.03376078
99,147,TTC39B,ERP29,0.033303287
99,455,TTC39B,SNAP23,0.032807756
99,174,TTC39B,PPCDC,0.032179315
99,182,TTC39B,STK17B,0.032154243
99,339,TTC39B,KCTD12,0.03195278
99,180,TTC39B,RGS2,0.031820573
99,169,TTC39B,MCM4,0.031444926
99,210,TTC39B,CDKN1C,0.030817311
99,262,TTC39B,SSH2,0.030357009
99,47,TTC39B,LONP2,0.029633012
99,354,TTC39B,PPP1R15A,0.029207718
99,525,TTC39B,TXNIP,0.02916611
99,409,TTC39B,TMEM206,0.028911604
99,219,TTC39B,STARD4,0.028048024
99,79,TTC39B,MGAT1,0.028048016
99,497,TTC39B,ATP8B4,0.027980447
99,441,TTC39B,MCM7,0.027676549
99,197,TTC39B,POLA2,0.027494855
99,327,TTC39B,PRIM1,0.027416639
99,284,TTC39B,ANXA5,0.026491709
99,24,TTC39B,DYNLL1,0.026389668
99,119,TTC39B,PAG1,0.025946274
99,123,TTC39B,PAFAH2,0.025703764
99,293,TTC39B,MAML3,0.024935992
99,246,TTC39B,KLF6,0.024140727
99,214,TTC39B,FCHO2,0.022481818
99,135,TTC39B,SLBP,0.016801465
99,323,TTC39B,SELPLG,0.0096345125
99,203,TTC39B,CD33,0.0033130066
99,139,TTC39B,CCL3,0.0031289062
99,207,TTC39B,BLNK,0.0027599246
99,186,TTC39B,IL7R,0.0027235083
99,419,TTC39B,NCF1,0.0027089885
99,319,TTC39B,CD74,0.0026672892
99,63,TTC39B,ENG,0.002649568
99,86,TTC39B,METTL7A1,0.002607434
99,332,TTC39B,IPCEF1,0.0025849077
99,132,TTC39B,OAS2,0.0025742876
99,417,TTC39B,UBA7,0.002537874
99,267,TTC39B,CLEC12A,0.0025213284
99,172,TTC39B,EPSTI1,0.0024412677
341,115,TUBB4B,LTB,0.030904278
341,323,TUBB4B,SELPLG,0.029430779
341,224,TUBB4B,PLSCR4,0.026589165
341,197,TUBB4B,POLA2,0.024793541
341,556,TUBB4B,ITGB7,0.024650063
341,102,TUBB4B,FUT8,0.024025757
341,198,TUBB4B,CMAH,0.023942683
341,400,TUBB4B,ANKRD44,0.023082366
341,217,TUBB4B,MYCT1,0.023064764
341,405,TUBB4B,GIMAP8,0.023002239
341,147,TUBB4B,ERP29,0.022490028
341,455,TUBB4B,SNAP23,0.022390615
341,174,TUBB4B,PPCDC,0.021928743
341,182,TUBB4B,STK17B,0.021928743
341,327,TUBB4B,PRIM1,0.02188899
341,339,TUBB4B,KCTD12,0.021819029
341,180,TUBB4B,RGS2,0.021697206
341,169,TUBB4B,MCM4,0.021444054
341,210,TUBB4B,CDKN1C,0.021032128
341,262,TUBB4B,SSH2,0.020765437
341,47,TUBB4B,LONP2,0.020255513
341,354,TUBB4B,PPP1R15A,0.01996587
341,135,TUBB4B,SLBP,0.019961128
341,409,TUBB4B,TMEM206,0.019756097
341,497,TUBB4B,ATP8B4,0.019177105
341,219,TUBB4B,STARD4,0.019176383
341,79,TUBB4B,MGAT1,0.019176379
341,441,TUBB4B,MCM7,0.018930404
341,284,TUBB4B,ANXA5,0.018139867
341,119,TUBB4B,PAG1,0.017811486
341,123,TUBB4B,PAFAH2,0.017606286
341,293,TUBB4B,MAML3,0.01705254
341,246,TUBB4B,KLF6,0.016537605
341,260,TUBB4B,RHOF,0.015349681
341,214,TUBB4B,FCHO2,0.015259732
341,24,TUBB4B,DYNLL1,0.01515433
341,525,TUBB4B,TXNIP,0.008918563
341,203,TUBB4B,CD33,0.0027054017
341,139,TUBB4B,CCL3,0.0025670608
341,86,TUBB4B,METTL7A1,0.0023020566
341,207,TUBB4B,BLNK,0.0022996594
341,419,TUBB4B,NCF1,0.0022693584
341,186,TUBB4B,IL7R,0.0022614445
341,132,TUBB4B,OAS2,0.0022588058
341,319,TUBB4B,CD74,0.002250302
341,63,TUBB4B,ENG,0.0022223326
341,294,TUBB4B,TINAGL1,0.0021894232
341,332,TUBB4B,IPCEF1,0.0021561105
341,417,TUBB4B,UBA7,0.0021316174
341,267,TUBB4B,CLEC12A,0.002117621
525,115,TXNIP,LTB,0.07111171
525,224,TXNIP,PLSCR4,0.061951496
525,260,TXNIP,RHOF,0.06156329
525,197,TXNIP,POLA2,0.057879128
525,556,TXNIP,ITGB7,0.057314824
525,198,TXNIP,CMAH,0.055863697
525,102,TXNIP,FUT8,0.054165177
525,405,TXNIP,GIMAP8,0.053690203
525,217,TXNIP,MYCT1,0.053655412
525,147,TXNIP,ERP29,0.052265897
525,455,TXNIP,SNAP23,0.05218416
525,169,TXNIP,MCM4,0.051714987
525,174,TXNIP,PPCDC,0.05117129
525,182,TXNIP,STK17B,0.051171277
525,327,TXNIP,PRIM1,0.051071156
525,339,TXNIP,KCTD12,0.050800335
525,180,TXNIP,RGS2,0.050673872
525,210,TXNIP,CDKN1C,0.04916291
525,262,TXNIP,SSH2,0.04850047
525,47,TXNIP,LONP2,0.047202855
525,354,TXNIP,PPP1R15A,0.046579577
525,135,TXNIP,SLBP,0.046495393
525,409,TXNIP,TMEM206,0.04614107
525,79,TXNIP,MGAT1,0.044732537
525,219,TXNIP,STARD4,0.04463764
525,497,TXNIP,ATP8B4,0.044626933
525,441,TXNIP,MCM7,0.044157412
525,284,TXNIP,ANXA5,0.042320978
525,24,TXNIP,DYNLL1,0.042118557
525,123,TXNIP,PAFAH2,0.041057337
525,293,TXNIP,MAML3,0.039882857
525,246,TXNIP,KLF6,0.03851203
525,323,TXNIP,SELPLG,0.030150011
525,214,TXNIP,FCHO2,0.028125636
525,119,TXNIP,PAG1,0.027949529
525,139,TXNIP,CCL3,0.004845138
525,203,TXNIP,CD33,0.0047262623
525,400,TXNIP,ANKRD44,0.0044774082
525,86,TXNIP,METTL7A1,0.0038845835
525,207,TXNIP,BLNK,0.0038737014
525,186,TXNIP,IL7R,0.0038164028
525,419,TXNIP,NCF1,0.0037947677
525,319,TXNIP,CD74,0.0037319702
525,63,TXNIP,ENG,0.0037048918
525,294,TXNIP,TINAGL1,0.0036699923
525,132,TXNIP,OAS2,0.0035907796
525,417,TXNIP,UBA7,0.003535122
525,267,TXNIP,CLEC12A,0.0035083678
525,172,TXNIP,EPSTI1,0.0033958666
525,276,TXNIP,H2-Q6,0.003340812
528,115,TYROBP,LTB,0.031398654
528,323,TYROBP,SELPLG,0.029902155
528,224,TYROBP,PLSCR4,0.027008012
528,197,TYROBP,POLA2,0.025489135
528,556,TYROBP,ITGB7,0.025034405
528,198,TYROBP,CMAH,0.024314342
528,102,TYROBP,FUT8,0.023702675
528,400,TYROBP,ANKRD44,0.023454307
528,217,TYROBP,MYCT1,0.023418516
528,147,TYROBP,ERP29,0.022836544
528,455,TYROBP,SNAP23,0.022732938
528,182,TYROBP,STK17B,0.022237333
528,327,TYROBP,PRIM1,0.02222494
528,339,TYROBP,KCTD12,0.022151334
528,180,TYROBP,RGS2,0.022029942
528,169,TYROBP,MCM4,0.021771573
528,262,TYROBP,SSH2,0.021432811
528,210,TYROBP,CDKN1C,0.021348096
528,47,TYROBP,LONP2,0.020558318
528,135,TYROBP,SLBP,0.020260038
528,525,TYROBP,TXNIP,0.020243954
528,409,TYROBP,TMEM206,0.020051835
528,219,TYROBP,STARD4,0.019463008
528,497,TYROBP,ATP8B4,0.019454055
528,79,TYROBP,MGAT1,0.019447435
528,441,TYROBP,MCM7,0.019225258
528,123,TYROBP,PAFAH2,0.018809153
528,284,TYROBP,ANXA5,0.018404873
528,24,TYROBP,DYNLL1,0.018332912
528,119,TYROBP,PAG1,0.018030556
528,293,TYROBP,MAML3,0.017354202
528,246,TYROBP,KLF6,0.01681405
528,260,TYROBP,RHOF,0.014835887
528,405,TYROBP,GIMAP8,0.013610973
528,354,TYROBP,PPP1R15A,0.012114775
528,174,TYROBP,PPCDC,0.009371916
528,214,TYROBP,FCHO2,0.0040446185
528,203,TYROBP,CD33,0.0027106046
528,207,TYROBP,BLNK,0.0023109172
528,86,TYROBP,METTL7A1,0.0023034064
528,419,TYROBP,NCF1,0.0022710888
528,186,TYROBP,IL7R,0.002265391
528,319,TYROBP,CD74,0.0022370142
528,294,TYROBP,TINAGL1,0.002195132
528,132,TYROBP,OAS2,0.0021631534
528,332,TYROBP,IPCEF1,0.0021574488
528,417,TYROBP,UBA7,0.0021347965
528,267,TYROBP,CLEC12A,0.0021202113
528,172,TYROBP,EPSTI1,0.0020617847
528,276,TYROBP,H2-Q6,0.00204176
324,115,UAP1L1,LTB,0.04968863
324,323,UAP1L1,SELPLG,0.047360267
324,224,UAP1L1,PLSCR4,0.042961728
324,260,UAP1L1,RHOF,0.042807147
324,197,UAP1L1,POLA2,0.04006763
324,556,UAP1L1,ITGB7,0.039782636
324,198,UAP1L1,CMAH,0.038666874
324,102,UAP1L1,FUT8,0.037268255
324,400,UAP1L1,ANKRD44,0.037219543
324,217,UAP1L1,MYCT1,0.03718314
324,405,UAP1L1,GIMAP8,0.03713977
324,147,UAP1L1,ERP29,0.03622727
324,455,UAP1L1,SNAP23,0.036124747
324,174,UAP1L1,PPCDC,0.035382573
324,182,UAP1L1,STK17B,0.035382546
324,327,UAP1L1,PRIM1,0.03531818
324,180,UAP1L1,RGS2,0.035051037
324,169,UAP1L1,MCM4,0.034612622
324,210,UAP1L1,CDKN1C,0.03395123
324,47,UAP1L1,LONP2,0.032633957
324,354,UAP1L1,PPP1R15A,0.032169893
324,135,UAP1L1,SLBP,0.03214562
324,525,UAP1L1,TXNIP,0.032125644
324,409,UAP1L1,TMEM206,0.031840667
324,219,UAP1L1,STARD4,0.030895166
324,79,UAP1L1,MGAT1,0.030895144
324,497,UAP1L1,ATP8B4,0.030854017
324,284,UAP1L1,ANXA5,0.029206092
324,119,UAP1L1,PAG1,0.028602494
324,123,UAP1L1,PAFAH2,0.028334523
324,293,UAP1L1,MAML3,0.027507717
324,214,UAP1L1,FCHO2,0.024693055
324,246,UAP1L1,KLF6,0.024592925
324,339,UAP1L1,KCTD12,0.02154354
324,262,UAP1L1,SSH2,0.020698978
324,24,UAP1L1,DYNLL1,0.017143263
324,441,UAP1L1,MCM7,0.0061522224
324,203,UAP1L1,CD33,0.003631819
324,86,UAP1L1,METTL7A1,0.003025461
324,207,UAP1L1,BLNK,0.0030186914
324,186,UAP1L1,IL7R,0.0029712655
324,419,UAP1L1,NCF1,0.0029648452
324,319,UAP1L1,CD74,0.002917088
324,63,UAP1L1,ENG,0.0028987096
324,294,UAP1L1,TINAGL1,0.0028755658
324,132,UAP1L1,OAS2,0.0028482068
324,139,UAP1L1,CCL3,0.0028261638
324,332,UAP1L1,IPCEF1,0.0028066798
324,417,UAP1L1,UBA7,0.0027711196
324,267,UAP1L1,CLEC12A,0.0027494703
417,323,UBA7,SELPLG,0.020649444
417,224,UBA7,PLSCR4,0.0186308
417,260,UBA7,RHOF,0.018628767
417,197,UBA7,POLA2,0.017389111
417,556,UBA7,ITGB7,0.017304521
417,102,UBA7,FUT8,0.01628506
417,400,UBA7,ANKRD44,0.01622863
417,217,UBA7,MYCT1,0.01621614
417,405,UBA7,GIMAP8,0.016160626
417,147,UBA7,ERP29,0.01581008
417,455,UBA7,SNAP23,0.015645655
417,182,UBA7,STK17B,0.015423988
417,327,UBA7,PRIM1,0.015377423
417,339,UBA7,KCTD12,0.015360149
417,180,UBA7,RGS2,0.015161982
417,169,UBA7,MCM4,0.0150832
417,210,UBA7,CDKN1C,0.014721183
417,262,UBA7,SSH2,0.014617964
417,47,UBA7,LONP2,0.01423235
417,135,UBA7,SLBP,0.014042254
417,525,UBA7,TXNIP,0.014008327
417,354,UBA7,PPP1R15A,0.014007347
417,409,UBA7,TMEM206,0.013864906
417,441,UBA7,MCM7,0.013785825
417,497,UBA7,ATP8B4,0.013656052
417,219,UBA7,STARD4,0.013449907
417,79,UBA7,MGAT1,0.013449902
417,115,UBA7,LTB,0.01307052
417,284,UBA7,ANXA5,0.01273398
417,24,UBA7,DYNLL1,0.012627571
417,119,UBA7,PAG1,0.012378629
417,123,UBA7,PAFAH2,0.012264191
417,293,UBA7,MAML3,0.011865833
417,246,UBA7,KLF6,0.011534726
417,214,UBA7,FCHO2,0.010659971
417,198,UBA7,CMAH,0.009794036
417,174,UBA7,PPCDC,0.009123895
417,203,UBA7,CD33,0.0022320854
417,139,UBA7,CCL3,0.0020250943
417,86,UBA7,METTL7A1,0.0019314435
417,419,UBA7,NCF1,0.0019109398
417,186,UBA7,IL7R,0.001900588
417,319,UBA7,CD74,0.0018847344
417,63,UBA7,ENG,0.0018740551
417,132,UBA7,OAS2,0.0018272436
417,294,UBA7,TINAGL1,0.0018252027
417,332,UBA7,IPCEF1,0.0018227944
417,267,UBA7,CLEC12A,0.0017945955
417,172,UBA7,EPSTI1,0.0017483823
417,276,UBA7,H2-Q6,0.0017351467
19,115,UBASH3A,LTB,0.041311365
19,323,UBASH3A,SELPLG,0.039368346
19,224,UBASH3A,PLSCR4,0.035659738
19,260,UBASH3A,RHOF,0.0355702
19,556,UBASH3A,ITGB7,0.033042345
19,198,UBASH3A,CMAH,0.03211765
19,400,UBASH3A,ANKRD44,0.030929653
19,217,UBASH3A,MYCT1,0.030909285
19,405,UBASH3A,GIMAP8,0.030874025
19,147,UBASH3A,ERP29,0.030117117
19,174,UBASH3A,PPCDC,0.029401535
19,182,UBASH3A,STK17B,0.029401522
19,327,UBASH3A,PRIM1,0.029352138
19,339,UBASH3A,KCTD12,0.029235907
19,180,UBASH3A,RGS2,0.029124817
19,169,UBASH3A,MCM4,0.028765503
19,210,UBASH3A,CDKN1C,0.02822527
19,197,UBASH3A,POLA2,0.028137937
19,262,UBASH3A,SSH2,0.027848955
19,409,UBASH3A,TMEM206,0.027352933
19,47,UBASH3A,LONP2,0.027142437
19,354,UBASH3A,PPP1R15A,0.02675164
19,135,UBASH3A,SLBP,0.026742697
19,525,UBASH3A,TXNIP,0.026705824
19,219,UBASH3A,STARD4,0.025705734
19,79,UBASH3A,MGAT1,0.025705723
19,497,UBASH3A,ATP8B4,0.025679551
19,441,UBASH3A,MCM7,0.025366973
19,284,UBASH3A,ANXA5,0.024313467
19,24,UBASH3A,DYNLL1,0.024218561
19,119,UBASH3A,PAG1,0.023812605
19,293,UBASH3A,MAML3,0.022920286
19,246,UBASH3A,KLF6,0.02218199
19,214,UBASH3A,FCHO2,0.020646572
19,455,UBASH3A,SNAP23,0.014089861
19,102,UBASH3A,FUT8,0.006092975
19,123,UBASH3A,PAFAH2,0.005283554
19,203,UBASH3A,CD33,0.0032999213
19,139,UBASH3A,CCL3,0.0031225872
19,86,UBASH3A,METTL7A1,0.0027742551
19,207,UBASH3A,BLNK,0.0027700025
19,419,UBASH3A,NCF1,0.0027295125
19,186,UBASH3A,IL7R,0.0027241146
19,319,UBASH3A,CD74,0.0026828349
19,63,UBASH3A,ENG,0.0026679768
19,294,UBASH3A,TINAGL1,0.002626927
19,132,UBASH3A,OAS2,0.002585986
19,332,UBASH3A,IPCEF1,0.0025851105
19,172,UBASH3A,EPSTI1,0.0025697458
19,267,UBASH3A,CLEC12A,0.0025340612
107,115,UBE2L6,LTB,0.04358731
107,323,UBE2L6,SELPLG,0.041554492
107,224,UBE2L6,PLSCR4,0.03764361
107,260,UBE2L6,RHOF,0.03754228
107,197,UBE2L6,POLA2,0.03511501
107,556,UBE2L6,ITGB7,0.03487433
107,198,UBE2L6,CMAH,0.0338999
107,102,UBE2L6,FUT8,0.032842644
107,400,UBE2L6,ANKRD44,0.0326443
107,217,UBE2L6,MYCT1,0.032589428
107,405,UBE2L6,GIMAP8,0.03256307
107,147,UBE2L6,ERP29,0.03180645
107,180,UBE2L6,RGS2,0.031713154
107,455,UBE2L6,SNAP23,0.031711668
107,327,UBE2L6,PRIM1,0.03134058
107,174,UBE2L6,PPCDC,0.031034186
107,169,UBE2L6,MCM4,0.030363746
107,210,UBE2L6,CDKN1C,0.029768439
107,47,UBE2L6,LONP2,0.028652783
107,182,UBE2L6,STK17B,0.028470477
107,354,UBE2L6,PPP1R15A,0.02824011
107,135,UBE2L6,SLBP,0.028224997
107,525,UBE2L6,TXNIP,0.02821656
107,409,UBE2L6,TMEM206,0.02795063
107,79,UBE2L6,MGAT1,0.027323827
107,497,UBE2L6,ATP8B4,0.027103418
107,219,UBE2L6,STARD4,0.027099522
107,441,UBE2L6,MCM7,0.026773848
107,284,UBE2L6,ANXA5,0.025666468
107,24,UBE2L6,DYNLL1,0.025562655
107,123,UBE2L6,PAFAH2,0.024903277
107,339,UBE2L6,KCTD12,0.02462052
107,293,UBE2L6,MAML3,0.024368037
107,246,UBE2L6,KLF6,0.02340564
107,262,UBE2L6,SSH2,0.022579644
107,214,UBE2L6,FCHO2,0.021804895
107,119,UBE2L6,PAG1,0.018953856
107,203,UBE2L6,CD33,0.0034161196
107,139,UBE2L6,CCL3,0.0032315552
107,86,UBE2L6,METTL7A1,0.0028689737
107,207,UBE2L6,BLNK,0.0028642167
107,419,UBE2L6,NCF1,0.0028211745
107,186,UBE2L6,IL7R,0.0028169907
107,319,UBE2L6,CD74,0.0027727515
107,63,UBE2L6,ENG,0.0027571819
107,294,UBE2L6,TINAGL1,0.0027225823
107,132,UBE2L6,OAS2,0.0026789552
107,332,UBE2L6,IPCEF1,0.0026725815
107,267,UBE2L6,CLEC12A,0.0026174034
107,172,UBE2L6,EPSTI1,0.002540791
73,323,UHRF1,SELPLG,0.042922318
73,224,UHRF1,PLSCR4,0.038890198
73,260,UHRF1,RHOF,0.038773302
73,197,UHRF1,POLA2,0.036266092
73,556,UHRF1,ITGB7,0.036016047
73,198,UHRF1,CMAH,0.035001464
73,102,UHRF1,FUT8,0.033906177
73,400,UHRF1,ANKRD44,0.033697452
73,217,UHRF1,MYCT1,0.033669405
73,147,UHRF1,ERP29,0.032807894
73,455,UHRF1,SNAP23,0.03270478
73,182,UHRF1,STK17B,0.03202705
73,327,UHRF1,PRIM1,0.031972636
73,339,UHRF1,KCTD12,0.03183865
73,180,UHRF1,RGS2,0.031684138
73,169,UHRF1,MCM4,0.03133034
73,210,UHRF1,CDKN1C,0.030730125
73,262,UHRF1,SSH2,0.030325241
73,47,UHRF1,LONP2,0.02954363
73,354,UHRF1,PPP1R15A,0.029121257
73,525,UHRF1,TXNIP,0.029079936
73,409,UHRF1,TMEM206,0.028822508
73,219,UHRF1,STARD4,0.027972428
73,497,UHRF1,ATP8B4,0.027938008
73,441,UHRF1,MCM7,0.02760043
73,115,UHRF1,LTB,0.02721656
73,284,UHRF1,ANXA5,0.026441459
73,24,UHRF1,DYNLL1,0.026201265
73,119,UHRF1,PAG1,0.025896784
73,123,UHRF1,PAFAH2,0.025655309
73,293,UHRF1,MAML3,0.024908824
73,246,UHRF1,KLF6,0.024099354
73,79,UHRF1,MGAT1,0.023720382
73,135,UHRF1,SLBP,0.02253596
73,214,UHRF1,FCHO2,0.02248243
73,174,UHRF1,PPCDC,0.021984017
73,405,UHRF1,GIMAP8,0.014774743
73,203,UHRF1,CD33,0.0034109044
73,139,UHRF1,CCL3,0.003217177
73,86,UHRF1,METTL7A1,0.0028489125
73,207,UHRF1,BLNK,0.0028426112
73,186,UHRF1,IL7R,0.0027996579
73,419,UHRF1,NCF1,0.0027938134
73,319,UHRF1,CD74,0.0027483015
73,63,UHRF1,ENG,0.002731594
73,294,UHRF1,TINAGL1,0.0027035805
73,132,UHRF1,OAS2,0.00265335
73,332,UHRF1,IPCEF1,0.0026457252
73,417,UHRF1,UBA7,0.0026133934
73,267,UHRF1,CLEC12A,0.0025952724
183,115,UNC93B1,LTB,0.028288322
183,323,UNC93B1,SELPLG,0.026925856
183,260,UNC93B1,RHOF,0.024286354
183,224,UNC93B1,PLSCR4,0.024266781
183,197,UNC93B1,POLA2,0.02261822
183,556,UNC93B1,ITGB7,0.022521751
183,102,UNC93B1,FUT8,0.021168489
183,400,UNC93B1,ANKRD44,0.021095222
183,217,UNC93B1,MYCT1,0.02104849
183,405,UNC93B1,GIMAP8,0.021000162
183,147,UNC93B1,ERP29,0.020486707
183,182,UNC93B1,STK17B,0.020014446
183,327,UNC93B1,PRIM1,0.019976595
183,339,UNC93B1,KCTD12,0.019907208
183,180,UNC93B1,RGS2,0.019770673
183,169,UNC93B1,MCM4,0.019561546
183,210,UNC93B1,CDKN1C,0.019172778
183,47,UNC93B1,LONP2,0.019087184
183,262,UNC93B1,SSH2,0.018940799
183,174,UNC93B1,PPCDC,0.01837527
183,135,UNC93B1,SLBP,0.018204877
183,354,UNC93B1,PPP1R15A,0.01818552
183,409,UNC93B1,TMEM206,0.018029293
183,497,UNC93B1,ATP8B4,0.017484605
183,79,UNC93B1,MGAT1,0.017477946
183,441,UNC93B1,MCM7,0.017257748
183,284,UNC93B1,ANXA5,0.016515099
183,24,UNC93B1,DYNLL1,0.01644887
183,119,UNC93B1,PAG1,0.016182149
183,123,UNC93B1,PAFAH2,0.016032893
183,293,UNC93B1,MAML3,0.015543531
183,246,UNC93B1,KLF6,0.015106587
183,219,UNC93B1,STARD4,0.014804514
183,455,UNC93B1,SNAP23,0.014674089
183,214,UNC93B1,FCHO2,0.0140200695
183,525,UNC93B1,TXNIP,0.010095347
183,198,UNC93B1,CMAH,0.0046166796
183,203,UNC93B1,CD33,0.002466326
183,139,UNC93B1,CCL3,0.0023379426
183,86,UNC93B1,METTL7A1,0.002106024
183,419,UNC93B1,NCF1,0.0020731704
183,186,UNC93B1,IL7R,0.0020718656
183,319,UNC93B1,CD74,0.0020457357
183,63,UNC93B1,ENG,0.0020320795
183,294,UNC93B1,TINAGL1,0.0020097473
183,207,UNC93B1,BLNK,0.001980317
183,332,UNC93B1,IPCEF1,0.0019745268
183,417,UNC93B1,UBA7,0.001956032
183,267,UNC93B1,CLEC12A,0.0019466145
183,132,UNC93B1,OAS2,0.0019215178
451,115,UPP1,LTB,0.015149279
451,323,UPP1,SELPLG,0.013996663
451,260,UPP1,RHOF,0.012686547
451,224,UPP1,PLSCR4,0.012657923
451,197,UPP1,POLA2,0.011833561
451,556,UPP1,ITGB7,0.011790281
451,217,UPP1,MYCT1,0.011475487
451,198,UPP1,CMAH,0.01144831
451,102,UPP1,FUT8,0.011110094
451,400,UPP1,ANKRD44,0.011078219
451,405,UPP1,GIMAP8,0.0109960865
451,327,UPP1,PRIM1,0.010756965
451,147,UPP1,ERP29,0.01075599
451,455,UPP1,SNAP23,0.010548637
451,174,UPP1,PPCDC,0.010480083
451,182,UPP1,STK17B,0.010480077
451,339,UPP1,KCTD12,0.010417906
451,169,UPP1,MCM4,0.010227661
451,180,UPP1,RGS2,0.010210374
451,210,UPP1,CDKN1C,0.009920566
451,262,UPP1,SSH2,0.009897176
451,47,UPP1,LONP2,0.009640642
451,135,UPP1,SLBP,0.009519657
451,525,UPP1,TXNIP,0.009487811
451,354,UPP1,PPP1R15A,0.009486327
451,409,UPP1,TMEM206,0.009401303
451,497,UPP1,ATP8B4,0.009135098
451,219,UPP1,STARD4,0.009120866
451,441,UPP1,MCM7,0.008999745
451,284,UPP1,ANXA5,0.008583716
451,119,UPP1,PAG1,0.008414756
451,123,UPP1,PAFAH2,0.008338755
451,293,UPP1,MAML3,0.008103325
451,24,UPP1,DYNLL1,0.008022263
451,214,UPP1,FCHO2,0.007383421
451,246,UPP1,KLF6,0.005967444
451,79,UPP1,MGAT1,0.0053748363
451,207,UPP1,BLNK,0.0015963203
451,419,UPP1,NCF1,0.0015750247
451,63,UPP1,ENG,0.0015493245
451,294,UPP1,TINAGL1,0.0015314537
451,139,UPP1,CCL3,0.0015223926
451,132,UPP1,OAS2,0.0015148715
451,332,UPP1,IPCEF1,0.0015126264
451,417,UPP1,UBA7,0.0015023699
451,267,UPP1,CLEC12A,0.0014960335
451,186,UPP1,IL7R,0.001416512
451,494,UPP1,DUSP5,0.0014063998
451,203,UPP1,CD33,0.0014029038
451,243,UPP1,VAMP1,0.0013799124
83,323,USP11,SELPLG,0.05992538
83,260,USP11,RHOF,0.05453092
83,197,USP11,POLA2,0.051233683
83,556,USP11,ITGB7,0.050880488
83,198,USP11,CMAH,0.049518257
83,102,USP11,FUT8,0.04806378
83,400,USP11,ANKRD44,0.047769915
83,217,USP11,MYCT1,0.04775293
83,455,USP11,SNAP23,0.046727464
83,115,USP11,LTB,0.045950633
83,182,USP11,STK17B,0.0455345
83,327,USP11,PRIM1,0.045479782
83,174,USP11,PPCDC,0.045476966
83,180,USP11,RGS2,0.0454373
83,339,USP11,KCTD12,0.045260068
83,210,USP11,CDKN1C,0.044154625
83,262,USP11,SSH2,0.043255176
83,409,USP11,TMEM206,0.04255119
83,47,USP11,LONP2,0.04205383
83,354,USP11,PPP1R15A,0.04160348
83,135,USP11,SLBP,0.04158868
83,525,USP11,TXNIP,0.041556817
83,147,USP11,ERP29,0.041296203
83,219,USP11,STARD4,0.040081993
83,224,USP11,PLSCR4,0.03991771
83,441,USP11,MCM7,0.0395371
83,284,USP11,ANXA5,0.038021374
83,24,USP11,DYNLL1,0.03794256
83,119,USP11,PAG1,0.037210967
83,123,USP11,PAFAH2,0.036910456
83,293,USP11,MAML3,0.03630709
83,246,USP11,KLF6,0.03472505
83,214,USP11,FCHO2,0.033094477
83,169,USP11,MCM4,0.029133035
83,405,USP11,GIMAP8,0.02426857
83,497,USP11,ATP8B4,0.009548291
83,79,USP11,MGAT1,0.009012197
83,203,USP11,CD33,0.005218095
83,139,USP11,CCL3,0.004912911
83,86,USP11,METTL7A1,0.0043175444
83,207,USP11,BLNK,0.004308295
83,419,USP11,NCF1,0.004242403
83,186,USP11,IL7R,0.0042368127
83,319,USP11,CD74,0.004162515
83,63,USP11,ENG,0.0040801275
83,294,USP11,TINAGL1,0.004070965
83,132,USP11,OAS2,0.0040066573
83,332,USP11,IPCEF1,0.0039929724
83,417,USP11,UBA7,0.0039416985
83,267,USP11,CLEC12A,0.003898909
243,115,VAMP1,LTB,0.033054173
243,323,VAMP1,SELPLG,0.031485084
243,224,VAMP1,PLSCR4,0.028463138
243,197,VAMP1,POLA2,0.026869811
243,556,VAMP1,ITGB7,0.026386812
243,198,VAMP1,CMAH,0.02563637
243,102,VAMP1,FUT8,0.024832737
243,400,VAMP1,ANKRD44,0.024708603
243,405,VAMP1,GIMAP8,0.024627894
243,147,VAMP1,ERP29,0.024074672
243,455,VAMP1,SNAP23,0.023987887
243,174,VAMP1,PPCDC,0.02347844
243,182,VAMP1,STK17B,0.023478428
243,327,VAMP1,PRIM1,0.023437351
243,339,VAMP1,KCTD12,0.023358067
243,180,VAMP1,RGS2,0.023236891
243,169,VAMP1,MCM4,0.022964181
243,135,VAMP1,SLBP,0.022855384
243,210,VAMP1,CDKN1C,0.022529092
243,262,VAMP1,SSH2,0.022236545
243,47,VAMP1,LONP2,0.021686753
243,354,VAMP1,PPP1R15A,0.02136541
243,525,VAMP1,TXNIP,0.021360992
243,409,VAMP1,TMEM206,0.021153959
243,219,VAMP1,STARD4,0.020536467
243,497,VAMP1,ATP8B4,0.020530177
243,441,VAMP1,MCM7,0.020269813
243,217,VAMP1,MYCT1,0.01988926
243,284,VAMP1,ANXA5,0.019429674
243,24,VAMP1,DYNLL1,0.019351762
243,119,VAMP1,PAG1,0.019030975
243,293,VAMP1,MAML3,0.018322637
243,246,VAMP1,KLF6,0.017746478
243,214,VAMP1,FCHO2,0.016381705
243,260,VAMP1,RHOF,0.012553412
243,79,VAMP1,MGAT1,0.008848601
243,123,VAMP1,PAFAH2,0.008832966
243,139,VAMP1,CCL3,0.0027036758
243,86,VAMP1,METTL7A1,0.002419302
243,207,VAMP1,BLNK,0.0024168189
243,419,VAMP1,NCF1,0.002384499
243,186,VAMP1,IL7R,0.0023767045
243,319,VAMP1,CD74,0.0023452668
243,63,VAMP1,ENG,0.002331047
243,294,VAMP1,TINAGL1,0.002303312
243,132,VAMP1,OAS2,0.002270596
243,332,VAMP1,IPCEF1,0.0022637092
243,267,VAMP1,CLEC12A,0.0022216262
243,172,VAMP1,EPSTI1,0.002159288
243,276,VAMP1,H2-Q6,0.002137365
49,323,VAMP5,SELPLG,0.02904993
49,224,VAMP5,PLSCR4,0.026223853
49,260,VAMP5,RHOF,0.026172154
49,556,VAMP5,ITGB7,0.024325198
49,198,VAMP5,CMAH,0.023773696
49,102,VAMP5,FUT8,0.022857206
49,400,VAMP5,ANKRD44,0.022754034
49,217,VAMP5,MYCT1,0.022729242
49,405,VAMP5,GIMAP8,0.022672046
49,147,VAMP5,ERP29,0.022166409
49,455,VAMP5,SNAP23,0.022055259
49,174,VAMP5,PPCDC,0.02161015
49,182,VAMP5,STK17B,0.021610146
49,327,VAMP5,PRIM1,0.02156969
49,339,VAMP5,KCTD12,0.021499682
49,180,VAMP5,RGS2,0.021369433
49,169,VAMP5,MCM4,0.021126725
49,210,VAMP5,CDKN1C,0.020707108
49,262,VAMP5,SSH2,0.020698117
49,47,VAMP5,LONP2,0.019945722
49,135,VAMP5,SLBP,0.019660559
49,354,VAMP5,PPP1R15A,0.01964591
49,525,VAMP5,TXNIP,0.019640455
49,409,VAMP5,TMEM206,0.019457776
49,497,VAMP5,ATP8B4,0.018897206
49,79,VAMP5,MGAT1,0.018881008
49,219,VAMP5,STARD4,0.018858029
49,284,VAMP5,ANXA5,0.01785037
49,24,VAMP5,DYNLL1,0.017776975
49,119,VAMP5,PAG1,0.017487684
49,123,VAMP5,PAFAH2,0.017338773
49,197,VAMP5,POLA2,0.017327607
49,441,VAMP5,MCM7,0.017108845
49,293,VAMP5,MAML3,0.01682318
49,214,VAMP5,FCHO2,0.013430807
49,246,VAMP5,KLF6,0.0070280856
49,115,VAMP5,LTB,0.005338608
49,203,VAMP5,CD33,0.002628883
49,139,VAMP5,CCL3,0.00249338
49,86,VAMP5,METTL7A1,0.002236165
49,207,VAMP5,BLNK,0.0022349844
49,419,VAMP5,NCF1,0.0022038082
49,186,VAMP5,IL7R,0.002199189
49,319,VAMP5,CD74,0.0021712913
49,63,VAMP5,ENG,0.0021579475
49,294,VAMP5,TINAGL1,0.0021328218
49,132,VAMP5,OAS2,0.0021002586
49,332,VAMP5,IPCEF1,0.0020948718
49,417,VAMP5,UBA7,0.0020730055
49,267,VAMP5,CLEC12A,0.0020597077
558,115,VAV3,LTB,0.032129988
558,323,VAV3,SELPLG,0.030605653
558,224,VAV3,PLSCR4,0.02764591
558,260,VAV3,RHOF,0.027620398
558,556,VAV3,ITGB7,0.025625568
558,198,VAV3,CMAH,0.024891434
558,102,VAV3,FUT8,0.024109524
558,400,VAV3,ANKRD44,0.023992483
558,217,VAV3,MYCT1,0.02397544
558,405,VAV3,GIMAP8,0.02391159
558,147,VAV3,ERP29,0.023381418
558,455,VAV3,SNAP23,0.023279507
558,174,VAV3,PPCDC,0.022793505
558,327,VAV3,PRIM1,0.022753285
558,339,VAV3,KCTD12,0.022679867
558,182,VAV3,STK17B,0.022674298
558,180,VAV3,RGS2,0.022560442
558,210,VAV3,CDKN1C,0.021862466
558,409,VAV3,TMEM206,0.021859407
558,262,VAV3,SSH2,0.021583762
558,47,VAV3,LONP2,0.021050582
558,135,VAV3,SLBP,0.020743612
558,354,VAV3,PPP1R15A,0.020734927
558,525,VAV3,TXNIP,0.020712307
558,219,VAV3,STARD4,0.019929199
558,79,VAV3,MGAT1,0.019929186
558,497,VAV3,ATP8B4,0.01992628
558,441,VAV3,MCM7,0.019671362
558,284,VAV3,ANXA5,0.018852295
558,24,VAV3,DYNLL1,0.018799491
558,119,VAV3,PAG1,0.018465022
558,123,VAV3,PAFAH2,0.018294185
558,293,VAV3,MAML3,0.017741242
558,246,VAV3,KLF6,0.017328622
558,169,VAV3,MCM4,0.01609163
558,214,VAV3,FCHO2,0.0159293
558,197,VAV3,POLA2,0.015455025
558,203,VAV3,CD33,0.0027663445
558,139,VAV3,CCL3,0.0026238346
558,86,VAV3,METTL7A1,0.002349023
558,207,VAV3,BLNK,0.0023467422
558,419,VAV3,NCF1,0.0023152838
558,186,VAV3,IL7R,0.002308871
558,319,VAV3,CD74,0.0022787375
558,63,VAV3,ENG,0.0022618198
558,294,VAV3,TINAGL1,0.0022362724
558,132,VAV3,OAS2,0.002204363
558,332,VAV3,IPCEF1,0.0021961546
558,417,VAV3,UBA7,0.0021743898
558,267,VAV3,CLEC12A,0.0021591678
208,115,VDR,LTB,0.025333626
208,323,VDR,SELPLG,0.025097406
208,260,VDR,RHOF,0.021749647
208,556,VDR,ITGB7,0.020169076
208,198,VDR,CMAH,0.01957496
208,327,VDR,PRIM1,0.01893466
208,400,VDR,ANKRD44,0.0188842
208,217,VDR,MYCT1,0.018851735
208,405,VDR,GIMAP8,0.018807745
208,147,VDR,ERP29,0.01838701
208,182,VDR,STK17B,0.017929524
208,174,VDR,PPCDC,0.017908134
208,339,VDR,KCTD12,0.017835077
208,169,VDR,MCM4,0.017521104
208,210,VDR,CDKN1C,0.017153936
208,262,VDR,SSH2,0.016968893
208,47,VDR,LONP2,0.016526688
208,354,VDR,PPP1R15A,0.016293656
208,525,VDR,TXNIP,0.01628895
208,24,VDR,DYNLL1,0.016213227
208,409,VDR,TMEM206,0.016145676
208,79,VDR,MGAT1,0.015850589
208,497,VDR,ATP8B4,0.015675496
208,219,VDR,STARD4,0.015663553
208,441,VDR,MCM7,0.015470509
208,284,VDR,ANXA5,0.014802623
208,224,VDR,PLSCR4,0.014636589
208,119,VDR,PAG1,0.014506891
208,123,VDR,PAFAH2,0.014360769
208,293,VDR,MAML3,0.013930811
208,246,VDR,KLF6,0.013541279
208,102,VDR,FUT8,0.011684306
208,214,VDR,FCHO2,0.010268666
208,180,VDR,RGS2,0.008093688
208,455,VDR,SNAP23,0.007930461
208,197,VDR,POLA2,0.0043754973
208,135,VDR,SLBP,0.0041192826
208,139,VDR,CCL3,0.0021899878
208,207,VDR,BLNK,0.0019805564
208,86,VDR,METTL7A1,0.0019800155
208,186,VDR,IL7R,0.0019513709
208,419,VDR,NCF1,0.0019496639
208,319,VDR,CD74,0.0019255631
208,63,VDR,ENG,0.0019123164
208,294,VDR,TINAGL1,0.001892506
208,132,VDR,OAS2,0.0018638595
208,332,VDR,IPCEF1,0.0018601073
208,417,VDR,UBA7,0.0018437735
208,267,VDR,CLEC12A,0.0018358409
208,172,VDR,EPSTI1,0.0017841697
410,323,VEGFC,SELPLG,0.01929032
410,115,VEGFC,LTB,0.018941283
410,224,VEGFC,PLSCR4,0.017396983
410,260,VEGFC,RHOF,0.017396593
410,197,VEGFC,POLA2,0.016230669
410,556,VEGFC,ITGB7,0.016171563
410,400,VEGFC,ANKRD44,0.015149797
410,217,VEGFC,MYCT1,0.0151229855
410,405,VEGFC,GIMAP8,0.0150826555
410,455,VEGFC,SNAP23,0.014645106
410,327,VEGFC,PRIM1,0.014345846
410,339,VEGFC,KCTD12,0.0143233165
410,102,VEGFC,FUT8,0.014122899
410,210,VEGFC,CDKN1C,0.01377383
410,147,VEGFC,ERP29,0.013702327
410,262,VEGFC,SSH2,0.013631724
410,174,VEGFC,PPCDC,0.013389397
410,182,VEGFC,STK17B,0.013389391
410,180,VEGFC,RGS2,0.013136185
410,525,VEGFC,TXNIP,0.01310038
410,354,VEGFC,PPP1R15A,0.01309911
410,409,VEGFC,TMEM206,0.0129858395
410,497,VEGFC,ATP8B4,0.012637533
410,219,VEGFC,STARD4,0.012602749
410,441,VEGFC,MCM7,0.012453899
410,47,VEGFC,LONP2,0.012335101
410,135,VEGFC,SLBP,0.012176019
410,284,VEGFC,ANXA5,0.011957864
410,79,VEGFC,MGAT1,0.011669652
410,293,VEGFC,MAML3,0.011125731
410,24,VEGFC,DYNLL1,0.010952199
410,246,VEGFC,KLF6,0.01083224
410,119,VEGFC,PAG1,0.010782426
410,123,VEGFC,PAFAH2,0.010699853
410,214,VEGFC,FCHO2,0.009986219
410,198,VEGFC,CMAH,0.00925025
410,169,VEGFC,MCM4,0.008061656
410,203,VEGFC,CD33,0.002074232
410,419,VEGFC,NCF1,0.0017734473
410,186,VEGFC,IL7R,0.0017727341
410,319,VEGFC,CD74,0.0017534738
410,139,VEGFC,CCL3,0.0017372841
410,294,VEGFC,TINAGL1,0.0016969014
410,332,VEGFC,IPCEF1,0.0016966145
410,417,VEGFC,UBA7,0.0016830724
410,267,VEGFC,CLEC12A,0.0016749972
410,276,VEGFC,H2-Q6,0.0016178032
410,86,VEGFC,METTL7A1,0.0015903929
410,538,VEGFC,GBP9,0.0015878683
410,494,VEGFC,DUSP5,0.0015625576
148,115,VLDLR,LTB,0.0644768
148,323,VLDLR,SELPLG,0.061550867
148,224,VLDLR,PLSCR4,0.05604429
148,260,VLDLR,RHOF,0.055742092
148,197,VLDLR,POLA2,0.05241034
148,556,VLDLR,ITGB7,0.05191562
148,198,VLDLR,CMAH,0.050429538
148,102,VLDLR,FUT8,0.048956767
148,217,VLDLR,MYCT1,0.04854149
148,147,VLDLR,ERP29,0.04729716
148,455,VLDLR,SNAP23,0.047211114
148,174,VLDLR,PPCDC,0.04625129
148,182,VLDLR,STK17B,0.046251275
148,327,VLDLR,PRIM1,0.046164736
148,339,VLDLR,KCTD12,0.045944653
148,180,VLDLR,RGS2,0.04586381
148,169,VLDLR,MCM4,0.045269404
148,262,VLDLR,SSH2,0.04382715
148,47,VLDLR,LONP2,0.042673707
148,354,VLDLR,PPP1R15A,0.042098243
148,135,VLDLR,SLBP,0.04202888
148,525,VLDLR,TXNIP,0.04200931
148,409,VLDLR,TMEM206,0.04154251
148,79,VLDLR,MGAT1,0.040429376
148,219,VLDLR,STARD4,0.04041397
148,497,VLDLR,ATP8B4,0.04034245
148,441,VLDLR,MCM7,0.039898645
148,284,VLDLR,ANXA5,0.038236536
148,24,VLDLR,DYNLL1,0.038075432
148,400,VLDLR,ANKRD44,0.037676882
148,119,VLDLR,PAG1,0.03745487
148,123,VLDLR,PAFAH2,0.037104383
148,293,VLDLR,MAML3,0.036485754
148,246,VLDLR,KLF6,0.034809574
148,214,VLDLR,FCHO2,0.032511346
148,405,VLDLR,GIMAP8,0.030923922
148,210,VLDLR,CDKN1C,0.027259346
148,203,VLDLR,CD33,0.004422441
148,139,VLDLR,CCL3,0.004150544
148,207,VLDLR,BLNK,0.0039312355
148,267,VLDLR,CLEC12A,0.0036502334
148,86,VLDLR,METTL7A1,0.0036429204
148,186,VLDLR,IL7R,0.0035786564
148,419,VLDLR,NCF1,0.0035613447
148,319,VLDLR,CD74,0.0034982832
148,63,VLDLR,ENG,0.0034783315
148,294,VLDLR,TINAGL1,0.003443046
148,132,VLDLR,OAS2,0.0033712666
148,332,VLDLR,IPCEF1,0.003361936
148,417,VLDLR,UBA7,0.0033190916
446,115,WFDC17,LTB,0.061628997
446,323,WFDC17,SELPLG,0.05866711
446,224,WFDC17,PLSCR4,0.053390123
446,260,WFDC17,RHOF,0.05310102
446,197,WFDC17,POLA2,0.049823716
446,198,WFDC17,CMAH,0.048071004
446,102,WFDC17,FUT8,0.046584662
446,400,WFDC17,ANKRD44,0.046234358
446,405,WFDC17,GIMAP8,0.04616935
446,147,WFDC17,ERP29,0.044934876
446,455,WFDC17,SNAP23,0.044834454
446,174,WFDC17,PPCDC,0.04397704
446,182,WFDC17,STK17B,0.043977022
446,327,WFDC17,PRIM1,0.043901365
446,339,WFDC17,KCTD12,0.043667827
446,180,WFDC17,RGS2,0.043544322
446,169,WFDC17,MCM4,0.043030035
446,210,WFDC17,CDKN1C,0.042180303
446,262,WFDC17,SSH2,0.041647114
446,47,WFDC17,LONP2,0.040515594
446,354,WFDC17,PPP1R15A,0.039971936
446,135,WFDC17,SLBP,0.03991772
446,525,WFDC17,TXNIP,0.039672587
446,409,WFDC17,TMEM206,0.03955768
446,79,WFDC17,MGAT1,0.038379267
446,219,WFDC17,STARD4,0.03837926
446,497,WFDC17,ATP8B4,0.03829257
446,441,WFDC17,MCM7,0.037859462
446,284,WFDC17,ANXA5,0.03625959
446,24,WFDC17,DYNLL1,0.036113445
446,119,WFDC17,PAG1,0.03550744
446,123,WFDC17,PAFAH2,0.035177507
446,293,WFDC17,MAML3,0.034146033
446,214,WFDC17,FCHO2,0.030740693
446,556,WFDC17,ITGB7,0.02611293
446,246,WFDC17,KLF6,0.019752404
446,217,WFDC17,MYCT1,0.018436873
446,203,WFDC17,CD33,0.0041068234
446,139,WFDC17,CCL3,0.0038506472
446,207,WFDC17,BLNK,0.0033617346
446,319,WFDC17,CD74,0.0032364908
446,419,WFDC17,NCF1,0.0032131565
446,63,WFDC17,ENG,0.0032128142
446,186,WFDC17,IL7R,0.0031994877
446,294,WFDC17,TINAGL1,0.0031901002
446,132,WFDC17,OAS2,0.0031191898
446,332,WFDC17,IPCEF1,0.0031180175
446,417,WFDC17,UBA7,0.0030706339
446,172,WFDC17,EPSTI1,0.002951678
446,494,WFDC17,DUSP5,0.0027595756
58,79,WFDC18,MGAT1,0.7335645
58,97,WFDC18,MYC,0.71497107
58,246,WFDC18,KLF6,0.71258634
58,441,WFDC18,MCM7,0.707203
58,497,WFDC18,ATP8B4,0.7047957
58,135,WFDC18,SLBP,0.702945
58,409,WFDC18,TMEM206,0.70056367
58,400,WFDC18,ANKRD44,0.6989498
58,262,WFDC18,SSH2,0.6972316
58,174,WFDC18,PPCDC,0.69692236
58,182,WFDC18,STK17B,0.6965542
58,327,WFDC18,PRIM1,0.6962855
58,123,WFDC18,PAFAH2,0.69461596
58,169,WFDC18,MCM4,0.6920357
58,47,WFDC18,LONP2,0.69152033
58,119,WFDC18,PAG1,0.69149107
58,556,WFDC18,ITGB7,0.69134706
58,405,WFDC18,GIMAP8,0.68967396
58,354,WFDC18,PPP1R15A,0.68898845
58,24,WFDC18,DYNLL1,0.68692654
58,102,WFDC18,FUT8,0.6847131
58,339,WFDC18,KCTD12,0.6836538
58,525,WFDC18,TXNIP,0.68265104
58,284,WFDC18,ANXA5,0.68150634
58,198,WFDC18,CMAH,0.6803437
58,287,WFDC18,CSF3R,0.68018466
58,555,WFDC18,CKS1B,0.67927104
58,217,WFDC18,MYCT1,0.67779434
58,260,WFDC18,RHOF,0.67646337
58,147,WFDC18,ERP29,0.6733393
58,293,WFDC18,MAML3,0.6692873
58,214,WFDC18,FCHO2,0.6685558
58,224,WFDC18,PLSCR4,0.6672323
58,84,WFDC18,SLC39A6,0.66691226
58,145,WFDC18,SPI1,0.6530282
58,19,WFDC18,UBASH3A,0.65215504
58,210,WFDC18,CDKN1C,0.65213144
58,115,WFDC18,LTB,0.6508903
58,323,WFDC18,SELPLG,0.64813215
58,180,WFDC18,RGS2,0.6452417
58,455,WFDC18,SNAP23,0.6430433
58,404,WFDC18,NHP2,0.6386761
58,225,WFDC18,CDT1,0.6378011
58,283,WFDC18,SAT1,0.6377964
58,335,WFDC18,SLC22A3,0.63706625
58,219,WFDC18,STARD4,0.63574773
58,228,WFDC18,CCL9,0.63507605
58,7,WFDC18,AKNA,0.6329564
58,66,WFDC18,CCR7,0.6321972
58,526,WFDC18,SERP1,0.6321951
480,115,WFDC2,LTB,0.03157615
480,323,WFDC2,SELPLG,0.029999658
480,224,WFDC2,PLSCR4,0.027042624
480,260,WFDC2,RHOF,0.027018381
480,197,WFDC2,POLA2,0.025177507
480,556,WFDC2,ITGB7,0.025045259
480,198,WFDC2,CMAH,0.02429014
480,102,WFDC2,FUT8,0.023855267
480,400,WFDC2,ANKRD44,0.023413124
480,217,WFDC2,MYCT1,0.023360308
480,405,WFDC2,GIMAP8,0.023324512
480,147,WFDC2,ERP29,0.022752363
480,455,WFDC2,SNAP23,0.02260925
480,174,WFDC2,PPCDC,0.022209976
480,182,WFDC2,STK17B,0.022209967
480,327,WFDC2,PRIM1,0.022170708
480,210,WFDC2,CDKN1C,0.02207799
480,339,WFDC2,KCTD12,0.022068296
480,180,WFDC2,RGS2,0.021902503
480,169,WFDC2,MCM4,0.021697788
480,262,WFDC2,SSH2,0.020996882
480,47,WFDC2,LONP2,0.020445393
480,354,WFDC2,PPP1R15A,0.020136803
480,135,WFDC2,SLBP,0.020136021
480,525,WFDC2,TXNIP,0.020113356
480,497,WFDC2,ATP8B4,0.01934287
480,219,WFDC2,STARD4,0.019341901
480,79,WFDC2,MGAT1,0.019341884
480,119,WFDC2,PAG1,0.018296128
480,284,WFDC2,ANXA5,0.018237328
480,24,WFDC2,DYNLL1,0.018176323
480,123,WFDC2,PAFAH2,0.017705861
480,293,WFDC2,MAML3,0.017139575
480,246,WFDC2,KLF6,0.01675932
480,214,WFDC2,FCHO2,0.015460104
480,409,WFDC2,TMEM206,0.012112299
480,441,WFDC2,MCM7,0.011469132
480,203,WFDC2,CD33,0.0025434482
480,139,WFDC2,CCL3,0.0023969223
480,86,WFDC2,METTL7A1,0.002145245
480,207,WFDC2,BLNK,0.0021429516
480,186,WFDC2,IL7R,0.0021216716
480,419,WFDC2,NCF1,0.0021005033
480,319,WFDC2,CD74,0.0020757094
480,294,WFDC2,TINAGL1,0.0020455206
480,332,WFDC2,IPCEF1,0.0020065096
480,417,WFDC2,UBA7,0.0019840205
480,267,WFDC2,CLEC12A,0.0019724811
480,172,WFDC2,EPSTI1,0.0019158946
480,276,WFDC2,H2-Q6,0.0018940414
128,115,WLS,LTB,0.019334365
128,323,WLS,SELPLG,0.018415876
128,260,WLS,RHOF,0.016633423
128,224,WLS,PLSCR4,0.016610218
128,102,WLS,FUT8,0.015167281
128,198,WLS,CMAH,0.014984807
128,400,WLS,ANKRD44,0.014479051
128,217,WLS,MYCT1,0.014457606
128,405,WLS,GIMAP8,0.014414451
128,197,WLS,POLA2,0.014228398
128,147,WLS,ERP29,0.014119214
128,455,WLS,SNAP23,0.013974233
128,174,WLS,PPCDC,0.013759729
128,182,WLS,STK17B,0.013759723
128,327,WLS,PRIM1,0.013730906
128,339,WLS,KCTD12,0.0136990165
128,180,WLS,RGS2,0.013541859
128,169,WLS,MCM4,0.013450104
128,210,WLS,CDKN1C,0.013154699
128,262,WLS,SSH2,0.013038321
128,135,WLS,SLBP,0.012499925
128,354,WLS,PPP1R15A,0.012495482
128,525,WLS,TXNIP,0.012494476
128,497,WLS,ATP8B4,0.012010055
128,219,WLS,STARD4,0.0120000215
128,79,WLS,MGAT1,0.012000016
128,441,WLS,MCM7,0.011830227
128,284,WLS,ANXA5,0.011273963
128,24,WLS,DYNLL1,0.011260073
128,119,WLS,PAG1,0.011044418
128,123,WLS,PAFAH2,0.010942481
128,293,WLS,MAML3,0.010576245
128,246,WLS,KLF6,0.010297447
128,47,WLS,LONP2,0.009531008
128,214,WLS,FCHO2,0.009505097
128,556,WLS,ITGB7,0.008867004
128,409,WLS,TMEM206,0.0061298544
128,203,WLS,CD33,0.0020521786
128,139,WLS,CCL3,0.0019557702
128,207,WLS,BLNK,0.0017868723
128,419,WLS,NCF1,0.0017632296
128,186,WLS,IL7R,0.0017584807
128,172,WLS,EPSTI1,0.0017530534
128,319,WLS,CD74,0.001747835
128,63,WLS,ENG,0.001729239
128,294,WLS,TINAGL1,0.0017093283
128,132,WLS,OAS2,0.0016898569
128,332,WLS,IPCEF1,0.0016865331
128,417,WLS,UBA7,0.0016724747
128,267,WLS,CLEC12A,0.0016640994
398,115,XPC,LTB,0.02327139
398,323,XPC,SELPLG,0.022160016
398,260,XPC,RHOF,0.020012638
398,197,XPC,POLA2,0.0186434
398,556,XPC,ITGB7,0.018552324
398,198,XPC,CMAH,0.01801075
398,102,XPC,FUT8,0.017447405
398,400,XPC,ANKRD44,0.01738516
398,217,XPC,MYCT1,0.017363718
398,405,XPC,GIMAP8,0.01731324
398,147,XPC,ERP29,0.016945349
398,455,XPC,SNAP23,0.016813757
398,174,XPC,PPCDC,0.016514897
398,182,XPC,STK17B,0.016514897
398,327,XPC,PRIM1,0.016463287
398,339,XPC,KCTD12,0.016437488
398,180,XPC,RGS2,0.016293343
398,169,XPC,MCM4,0.016144373
398,210,XPC,CDKN1C,0.015821094
398,262,XPC,SSH2,0.01564122
398,47,XPC,LONP2,0.015265451
398,135,XPC,SLBP,0.015050714
398,354,XPC,PPP1R15A,0.015029805
398,497,XPC,ATP8B4,0.014625529
398,224,XPC,PLSCR4,0.014595404
398,79,XPC,MGAT1,0.01445573
398,219,XPC,STARD4,0.014437766
398,441,XPC,MCM7,0.014278249
398,284,XPC,ANXA5,0.013635296
398,24,XPC,DYNLL1,0.013619618
398,525,XPC,TXNIP,0.013611837
398,119,XPC,PAG1,0.013355261
398,123,XPC,PAFAH2,0.013230713
398,246,XPC,KLF6,0.012432763
398,214,XPC,FCHO2,0.011468137
398,409,XPC,TMEM206,0.010835638
398,293,XPC,MAML3,0.008105912
398,203,XPC,CD33,0.0021651357
398,139,XPC,CCL3,0.0020597735
398,207,XPC,BLNK,0.0019517785
398,86,XPC,METTL7A1,0.001950293
398,419,XPC,NCF1,0.0019252149
398,186,XPC,IL7R,0.0019177756
398,63,XPC,ENG,0.0018882432
398,294,XPC,TINAGL1,0.001864422
398,132,XPC,OAS2,0.0018535304
398,332,XPC,IPCEF1,0.001836678
398,417,XPC,UBA7,0.0018187282
398,267,XPC,CLEC12A,0.001809584
398,319,XPC,CD74,0.0017893517
363,323,XRCC6,SELPLG,0.024516668
363,115,XRCC6,LTB,0.02263419
363,260,XRCC6,RHOF,0.022139795
363,224,XRCC6,PLSCR4,0.022135248
363,556,XRCC6,ITGB7,0.020534875
363,198,XRCC6,CMAH,0.020049844
363,102,XRCC6,FUT8,0.019283606
363,400,XRCC6,ANKRD44,0.019236552
363,217,XRCC6,MYCT1,0.019216204
363,405,XRCC6,GIMAP8,0.019161103
363,147,XRCC6,ERP29,0.018749978
363,455,XRCC6,SNAP23,0.018636756
363,174,XRCC6,PPCDC,0.018272633
363,182,XRCC6,STK17B,0.01827262
363,327,XRCC6,PRIM1,0.018237697
363,339,XRCC6,KCTD12,0.018186018
363,180,XRCC6,RGS2,0.018060395
363,169,XRCC6,MCM4,0.017863883
363,210,XRCC6,CDKN1C,0.017496249
363,262,XRCC6,SSH2,0.017306346
363,525,XRCC6,TXNIP,0.016626107
363,354,XRCC6,PPP1R15A,0.01662511
363,135,XRCC6,SLBP,0.01660205
363,409,XRCC6,TMEM206,0.016470153
363,497,XRCC6,ATP8B4,0.01599579
363,79,XRCC6,MGAT1,0.01598578
363,219,XRCC6,STARD4,0.01598578
363,47,XRCC6,LONP2,0.0153571265
363,284,XRCC6,ANXA5,0.015080155
363,24,XRCC6,DYNLL1,0.015059254
363,119,XRCC6,PAG1,0.014764681
363,123,XRCC6,PAFAH2,0.014626113
363,293,XRCC6,MAML3,0.014140836
363,246,XRCC6,KLF6,0.013735175
363,197,XRCC6,POLA2,0.012218683
363,441,XRCC6,MCM7,0.010635027
363,214,XRCC6,FCHO2,0.0077617774
363,203,XRCC6,CD33,0.002398761
363,139,XRCC6,CCL3,0.0022792004
363,207,XRCC6,BLNK,0.0020618339
363,86,XRCC6,METTL7A1,0.002060583
363,419,XRCC6,NCF1,0.0020319885
363,186,XRCC6,IL7R,0.0020275628
363,319,XRCC6,CD74,0.002003484
363,63,XRCC6,ENG,0.0019940578
363,294,XRCC6,TINAGL1,0.001967092
363,132,XRCC6,OAS2,0.0019427143
363,332,XRCC6,IPCEF1,0.0019379393
363,417,XRCC6,UBA7,0.001918727
363,267,XRCC6,CLEC12A,0.0019071138
532,115,YBX1,LTB,0.038164288
532,323,YBX1,SELPLG,0.036345445
532,224,YBX1,PLSCR4,0.032866105
532,197,YBX1,POLA2,0.031008989
532,556,YBX1,ITGB7,0.030437987
532,198,YBX1,CMAH,0.029561218
532,102,YBX1,FUT8,0.028815836
532,400,YBX1,ANKRD44,0.028493777
532,217,YBX1,MYCT1,0.02844038
532,147,YBX1,ERP29,0.027712835
532,455,YBX1,SNAP23,0.02759739
532,182,YBX1,STK17B,0.02701044
532,327,YBX1,PRIM1,0.026996586
532,339,YBX1,KCTD12,0.026886132
532,180,YBX1,RGS2,0.026754018
532,169,YBX1,MCM4,0.02644357
532,262,YBX1,SSH2,0.026029646
532,210,YBX1,CDKN1C,0.025915194
532,47,YBX1,LONP2,0.0249364
532,135,YBX1,SLBP,0.024572339
532,525,YBX1,TXNIP,0.024546977
532,409,YBX1,TMEM206,0.024325375
532,219,YBX1,STARD4,0.023602318
532,79,YBX1,MGAT1,0.023583341
532,497,YBX1,ATP8B4,0.023577945
532,441,YBX1,MCM7,0.023309102
532,123,YBX1,PAFAH2,0.022808062
532,284,YBX1,ANXA5,0.022297623
532,24,YBX1,DYNLL1,0.022213198
532,119,YBX1,PAG1,0.021840889
532,293,YBX1,MAML3,0.02101053
532,246,YBX1,KLF6,0.020336447
532,260,YBX1,RHOF,0.018155932
532,405,YBX1,GIMAP8,0.016913438
532,354,YBX1,PPP1R15A,0.014960185
532,174,YBX1,PPCDC,0.011115853
532,214,YBX1,FCHO2,0.004585657
532,203,YBX1,CD33,0.0029912712
532,207,YBX1,BLNK,0.0025186457
532,86,YBX1,METTL7A1,0.0025136087
532,186,YBX1,IL7R,0.0024731783
532,419,YBX1,NCF1,0.0024677096
532,319,YBX1,CD74,0.0024314171
532,294,YBX1,TINAGL1,0.0023931172
532,132,YBX1,OAS2,0.0023468751
532,332,YBX1,IPCEF1,0.0023410409
532,417,YBX1,UBA7,0.0023168272
532,267,YBX1,CLEC12A,0.0023006455
532,172,YBX1,EPSTI1,0.0022344475
532,276,YBX1,H2-Q6,0.0022091938
137,115,ZBTB20,LTB,0.041520394
137,323,ZBTB20,SELPLG,0.039611857
137,224,ZBTB20,PLSCR4,0.03583308
137,260,ZBTB20,RHOF,0.03574742
137,197,ZBTB20,POLA2,0.033422537
137,556,ZBTB20,ITGB7,0.033198185
137,198,ZBTB20,CMAH,0.032244563
137,217,ZBTB20,MYCT1,0.031277332
137,102,ZBTB20,FUT8,0.03125858
137,147,ZBTB20,ERP29,0.03118875
137,400,ZBTB20,ANKRD44,0.031075504
137,405,ZBTB20,GIMAP8,0.03099355
137,455,ZBTB20,SNAP23,0.030210806
137,174,ZBTB20,PPCDC,0.02953862
137,182,ZBTB20,STK17B,0.029538613
137,327,ZBTB20,PRIM1,0.029487683
137,339,ZBTB20,KCTD12,0.029380443
137,180,ZBTB20,RGS2,0.029271122
137,169,ZBTB20,MCM4,0.028898418
137,210,ZBTB20,CDKN1C,0.02836048
137,262,ZBTB20,SSH2,0.027944857
137,47,ZBTB20,LONP2,0.027272768
137,354,ZBTB20,PPP1R15A,0.026877116
137,135,ZBTB20,SLBP,0.026866714
137,525,ZBTB20,TXNIP,0.026857775
137,409,ZBTB20,TMEM206,0.02660286
137,79,ZBTB20,MGAT1,0.02582405
137,497,ZBTB20,ATP8B4,0.025818046
137,441,ZBTB20,MCM7,0.025483247
137,284,ZBTB20,ANXA5,0.024420386
137,24,ZBTB20,DYNLL1,0.024329646
137,119,ZBTB20,PAG1,0.023924781
137,293,ZBTB20,MAML3,0.023887996
137,123,ZBTB20,PAFAH2,0.023702009
137,246,ZBTB20,KLF6,0.022260543
137,214,ZBTB20,FCHO2,0.020800019
137,219,ZBTB20,STARD4,0.018697627
137,203,ZBTB20,CD33,0.003306196
137,139,ZBTB20,CCL3,0.00312582
137,86,ZBTB20,METTL7A1,0.002908532
137,207,ZBTB20,BLNK,0.0027741469
137,186,ZBTB20,IL7R,0.0027253365
137,319,ZBTB20,CD74,0.0026865809
137,63,ZBTB20,ENG,0.0026716385
137,294,ZBTB20,TINAGL1,0.0026382243
137,132,ZBTB20,OAS2,0.002593995
137,332,ZBTB20,IPCEF1,0.0025885934
137,417,ZBTB20,UBA7,0.0025555633
137,172,ZBTB20,EPSTI1,0.0024638015
137,276,ZBTB20,H2-Q6,0.002431542
466,115,ZFP367,LTB,0.032910142
466,224,ZFP367,PLSCR4,0.028234487
466,260,ZFP367,RHOF,0.028189672
466,197,ZFP367,POLA2,0.02625173
466,556,ZFP367,ITGB7,0.026125338
466,198,ZFP367,CMAH,0.025302717
466,102,ZFP367,FUT8,0.024484072
466,400,ZFP367,ANKRD44,0.024389768
466,405,ZFP367,GIMAP8,0.024297792
466,217,ZFP367,MYCT1,0.024287615
466,455,ZFP367,SNAP23,0.023449877
466,174,ZFP367,PPCDC,0.023114271
466,182,ZFP367,STK17B,0.023114262
466,327,ZFP367,PRIM1,0.023058722
466,339,ZFP367,KCTD12,0.022937603
466,180,ZFP367,RGS2,0.022733044
466,210,ZFP367,CDKN1C,0.021983478
466,262,ZFP367,SSH2,0.02181595
466,47,ZFP367,LONP2,0.02138461
466,135,ZFP367,SLBP,0.02090884
466,354,ZFP367,PPP1R15A,0.020887543
466,525,ZFP367,TXNIP,0.020729944
466,409,ZFP367,TMEM206,0.020710869
466,79,ZFP367,MGAT1,0.020043813
466,441,ZFP367,MCM7,0.019811815
466,284,ZFP367,ANXA5,0.018861484
466,24,ZFP367,DYNLL1,0.01877698
466,123,ZFP367,PAFAH2,0.018309375
466,246,ZFP367,KLF6,0.017194219
466,214,ZFP367,FCHO2,0.015885454
466,169,ZFP367,MCM4,0.015028203
466,219,ZFP367,STARD4,0.013599794
466,323,ZFP367,SELPLG,0.01319299
466,497,ZFP367,ATP8B4,0.012912461
466,147,ZFP367,ERP29,0.01044346
466,293,ZFP367,MAML3,0.008013161
466,119,ZFP367,PAG1,0.0043260925
466,203,ZFP367,CD33,0.0023664325
466,139,ZFP367,CCL3,0.0022265161
466,186,ZFP367,IL7R,0.0019859758
466,419,ZFP367,NCF1,0.0019476162
466,319,ZFP367,CD74,0.0019321743
466,294,ZFP367,TINAGL1,0.0019179025
466,63,ZFP367,ENG,0.0019121505
466,132,ZFP367,OAS2,0.0018648197
466,332,ZFP367,IPCEF1,0.0018635455
466,417,ZFP367,UBA7,0.0018534192
466,267,ZFP367,CLEC12A,0.0018466973
466,172,ZFP367,EPSTI1,0.0017913115
466,276,ZFP367,H2-Q6,0.0017647594
542,323,ZFP422,SELPLG,0.026198199
542,115,ZFP422,LTB,0.02417464
542,224,ZFP422,PLSCR4,0.02363436
542,260,ZFP422,RHOF,0.023629695
542,556,ZFP422,ITGB7,0.021912608
542,198,ZFP422,CMAH,0.021267788
542,147,ZFP422,ERP29,0.020985225
542,102,ZFP422,FUT8,0.02059641
542,400,ZFP422,ANKRD44,0.020488204
542,217,ZFP422,MYCT1,0.020482542
542,405,ZFP422,GIMAP8,0.020450298
542,455,ZFP422,SNAP23,0.01986027
542,174,ZFP422,PPCDC,0.019477013
542,182,ZFP422,STK17B,0.019477013
542,327,ZFP422,PRIM1,0.01943927
542,339,ZFP422,KCTD12,0.019375142
542,169,ZFP422,MCM4,0.019035846
542,210,ZFP422,CDKN1C,0.01864422
542,262,ZFP422,SSH2,0.018433347
542,47,ZFP422,LONP2,0.01797539
542,135,ZFP422,SLBP,0.017720357
542,354,ZFP422,PPP1R15A,0.017699942
542,409,ZFP422,TMEM206,0.017535597
542,497,ZFP422,ATP8B4,0.017021526
542,219,ZFP422,STARD4,0.017012568
542,441,ZFP422,MCM7,0.016799945
542,284,ZFP422,ANXA5,0.016078
542,24,ZFP422,DYNLL1,0.016012143
542,293,ZFP422,MAML3,0.015912304
542,119,ZFP422,PAG1,0.015754646
542,197,ZFP422,POLA2,0.015568935
542,180,ZFP422,RGS2,0.015264461
542,246,ZFP422,KLF6,0.014698854
542,525,ZFP422,TXNIP,0.01458532
542,214,ZFP422,FCHO2,0.013576809
542,123,ZFP422,PAFAH2,0.013125699
542,79,ZFP422,MGAT1,0.011886817
542,203,ZFP422,CD33,0.0024310309
542,139,ZFP422,CCL3,0.002305938
542,207,ZFP422,BLNK,0.0020808766
542,86,ZFP422,METTL7A1,0.0020798203
542,419,ZFP422,NCF1,0.0020490442
542,186,ZFP422,IL7R,0.0020481094
542,294,ZFP422,TINAGL1,0.0020224391
542,319,ZFP422,CD74,0.002021629
542,63,ZFP422,ENG,0.002008274
542,132,ZFP422,OAS2,0.001956245
542,332,ZFP422,IPCEF1,0.0019518546
542,417,ZFP422,UBA7,0.0019333141
542,267,ZFP422,CLEC12A,0.0019222541
483,115,ZFP62,LTB,0.033316378
483,323,ZFP62,SELPLG,0.031762324
483,224,ZFP62,PLSCR4,0.02868204
483,260,ZFP62,RHOF,0.028650412
483,197,ZFP62,POLA2,0.02674768
483,198,ZFP62,CMAH,0.025828548
483,102,ZFP62,FUT8,0.025362512
483,556,ZFP62,ITGB7,0.025228612
483,217,ZFP62,MYCT1,0.024878668
483,147,ZFP62,ERP29,0.024261199
483,174,ZFP62,PPCDC,0.023652278
483,182,ZFP62,STK17B,0.023652278
483,327,ZFP62,PRIM1,0.023611087
483,405,ZFP62,GIMAP8,0.023466023
483,210,ZFP62,CDKN1C,0.023434758
483,180,ZFP62,RGS2,0.023420185
483,169,ZFP62,MCM4,0.02313384
483,455,ZFP62,SNAP23,0.022650624
483,262,ZFP62,SSH2,0.022399984
483,339,ZFP62,KCTD12,0.022157842
483,47,ZFP62,LONP2,0.021847267
483,135,ZFP62,SLBP,0.021502336
483,79,ZFP62,MGAT1,0.020685256
483,219,ZFP62,STARD4,0.020685252
483,525,ZFP62,TXNIP,0.020141235
483,409,ZFP62,TMEM206,0.02000983
483,119,ZFP62,PAG1,0.019609904
483,284,ZFP62,ANXA5,0.019567944
483,24,ZFP62,DYNLL1,0.019490367
483,441,ZFP62,MCM7,0.019137068
483,123,ZFP62,PAFAH2,0.018990843
483,293,ZFP62,MAML3,0.018441822
483,246,ZFP62,KLF6,0.017986441
483,214,ZFP62,FCHO2,0.016547984
483,400,ZFP62,ANKRD44,0.01377799
483,497,ZFP62,ATP8B4,0.011060904
483,354,ZFP62,PPP1R15A,0.0086957505
483,203,ZFP62,CD33,0.0028584118
483,139,ZFP62,CCL3,0.0027057468
483,86,ZFP62,METTL7A1,0.0024208273
483,207,ZFP62,BLNK,0.0024180824
483,186,ZFP62,IL7R,0.0023785853
483,319,ZFP62,CD74,0.002346346
483,294,ZFP62,TINAGL1,0.0023039323
483,332,ZFP62,IPCEF1,0.0022708382
483,267,ZFP62,CLEC12A,0.0022224172
483,172,ZFP62,EPSTI1,0.0021598726
483,276,ZFP62,H2-Q6,0.0021387283
483,132,ZFP62,OAS2,0.0021136184
483,163,ZFP62,CD244A,0.0020538745
136,115,ZMIZ1,LTB,0.034626186
136,323,ZMIZ1,SELPLG,0.03300168
136,224,ZMIZ1,PLSCR4,0.029786782
136,260,ZMIZ1,RHOF,0.029745439
136,197,ZMIZ1,POLA2,0.02775945
136,556,ZMIZ1,ITGB7,0.02759407
136,198,ZMIZ1,CMAH,0.026775233
136,217,ZMIZ1,MYCT1,0.0259712
136,102,ZMIZ1,FUT8,0.025947183
136,147,ZMIZ1,ERP29,0.025925986
136,400,ZMIZ1,ANKRD44,0.025818478
136,405,ZMIZ1,GIMAP8,0.025734333
136,455,ZMIZ1,SNAP23,0.025043828
136,174,ZMIZ1,PPCDC,0.024519084
136,182,ZMIZ1,STK17B,0.024519073
136,327,ZMIZ1,PRIM1,0.024473552
136,339,ZMIZ1,KCTD12,0.024384683
136,180,ZMIZ1,RGS2,0.024248198
136,169,ZMIZ1,MCM4,0.02397051
136,210,ZMIZ1,CDKN1C,0.023490757
136,262,ZMIZ1,SSH2,0.023176895
136,47,ZMIZ1,LONP2,0.022617487
136,135,ZMIZ1,SLBP,0.022287847
136,354,ZMIZ1,PPP1R15A,0.022277808
136,525,ZMIZ1,TXNIP,0.022264097
136,409,ZMIZ1,TMEM206,0.022061
136,497,ZMIZ1,ATP8B4,0.021413883
136,79,ZMIZ1,MGAT1,0.021402879
136,441,ZMIZ1,MCM7,0.02112723
136,284,ZMIZ1,ANXA5,0.020218845
136,24,ZMIZ1,DYNLL1,0.020142684
136,119,ZMIZ1,PAG1,0.019811518
136,293,ZMIZ1,MAML3,0.019777745
136,123,ZMIZ1,PAFAH2,0.019627115
136,246,ZMIZ1,KLF6,0.01844113
136,214,ZMIZ1,FCHO2,0.017172001
136,219,ZMIZ1,STARD4,0.015429478
136,203,ZMIZ1,CD33,0.0028156529
136,139,ZMIZ1,CCL3,0.0026653493
136,86,ZMIZ1,METTL7A1,0.0024898008
136,207,ZMIZ1,BLNK,0.0023769971
136,186,ZMIZ1,IL7R,0.0023385065
136,319,ZMIZ1,CD74,0.002303872
136,63,ZMIZ1,ENG,0.0022895834
136,294,ZMIZ1,TINAGL1,0.0022676424
136,132,ZMIZ1,OAS2,0.0022270181
136,332,ZMIZ1,IPCEF1,0.0022230358
136,417,ZMIZ1,UBA7,0.0021970335
136,172,ZMIZ1,EPSTI1,0.002121502
136,276,ZMIZ1,H2-Q6,0.0020969014
438,115,ZNRF2,LTB,0.046367854
438,323,ZNRF2,SELPLG,0.044195063
438,224,ZNRF2,PLSCR4,0.040068634
438,260,ZNRF2,RHOF,0.039944336
438,197,ZNRF2,POLA2,0.037373863
438,556,ZNRF2,ITGB7,0.037113126
438,198,ZNRF2,CMAH,0.036107592
438,102,ZNRF2,FUT8,0.034949284
438,400,ZNRF2,ANKRD44,0.034732193
438,217,ZNRF2,MYCT1,0.034707207
438,405,ZNRF2,GIMAP8,0.034609597
438,147,ZNRF2,ERP29,0.033820875
438,455,ZNRF2,SNAP23,0.033725403
438,182,ZNRF2,STK17B,0.033018902
438,174,ZNRF2,PPCDC,0.033018894
438,327,ZNRF2,PRIM1,0.03296023
438,180,ZNRF2,RGS2,0.032717295
438,169,ZNRF2,MCM4,0.03230329
438,210,ZNRF2,CDKN1C,0.03169728
438,262,ZNRF2,SSH2,0.031270508
438,47,ZNRF2,LONP2,0.03044335
438,135,ZNRF2,SLBP,0.030016042
438,525,ZNRF2,TXNIP,0.030003253
438,354,ZNRF2,PPP1R15A,0.029995248
438,409,ZNRF2,TMEM206,0.029727535
438,219,ZNRF2,STARD4,0.028851576
438,497,ZNRF2,ATP8B4,0.028817536
438,441,ZNRF2,MCM7,0.028471084
438,284,ZNRF2,ANXA5,0.027285254
438,24,ZNRF2,DYNLL1,0.027172705
438,119,ZNRF2,PAG1,0.02672196
438,123,ZNRF2,PAFAH2,0.026472298
438,293,ZNRF2,MAML3,0.025732469
438,246,ZNRF2,KLF6,0.024869332
438,214,ZNRF2,FCHO2,0.02354692
438,339,ZNRF2,KCTD12,0.023180783
438,79,ZNRF2,MGAT1,0.020620374
438,139,ZNRF2,CCL3,0.0033271178
438,86,ZNRF2,METTL7A1,0.002948179
438,207,ZNRF2,BLNK,0.0029426154
438,419,ZNRF2,NCF1,0.0028958046
438,186,ZNRF2,IL7R,0.0028952607
438,319,ZNRF2,CD74,0.0028465008
438,63,ZNRF2,ENG,0.0028297121
438,294,ZNRF2,TINAGL1,0.0027964355
438,132,ZNRF2,OAS2,0.002748687
438,267,ZNRF2,CLEC12A,0.0026909271
438,172,ZNRF2,EPSTI1,0.0026061211
438,417,ZNRF2,UBA7,0.002572967
438,276,ZNRF2,H2-Q6,0.0025711174
