,TF,Target,Label
0,0,723,1
1,1,490,1
2,1,1317,1
3,2,317,1
4,2,813,1
5,2,1038,1
6,2,538,1
7,2,566,1
8,2,1219,1
9,2,1438,1
10,2,653,1
11,8,1479,1
12,8,1574,1
13,8,716,1
14,9,683,1
15,9,1590,1
16,9,1481,1
17,9,1329,1
18,9,1544,1
19,9,962,1
20,9,1524,1
21,9,259,1
22,9,1292,1
23,9,1049,1
24,9,1284,1
25,9,1399,1
26,9,119,1
27,9,751,1
28,9,1582,1
29,9,1296,1
30,9,1463,1
31,9,858,1
32,9,583,1
33,9,453,1
34,9,712,1
35,9,499,1
36,9,1460,1
37,9,220,1
38,9,13,1
39,9,1256,1
40,9,1600,1
41,9,215,1
42,9,238,1
43,9,676,1
44,9,1610,1
45,9,553,1
46,9,801,1
47,9,1208,1
48,9,269,1
49,9,456,1
50,9,1178,1
51,9,1273,1
52,9,1596,1
53,9,988,1
54,9,1419,1
55,9,1011,1
56,9,407,1
57,9,317,1
58,9,959,1
59,9,128,1
60,9,347,1
61,9,352,1
62,9,1599,1
63,9,358,1
64,9,190,1
65,9,1587,1
66,9,960,1
67,9,991,1
68,9,1275,1
69,9,1111,1
70,9,779,1
71,9,595,1
72,9,1608,1
73,9,322,1
74,9,713,1
75,9,463,1
76,9,606,1
77,9,1428,1
78,9,491,1
79,9,1031,1
80,9,497,1
81,9,1109,1
82,9,769,1
83,9,1258,1
84,9,658,1
85,9,1056,1
86,9,564,1
87,9,81,1
88,9,248,1
89,9,1450,1
90,9,500,1
91,9,1125,1
92,9,255,1
93,9,137,1
94,9,538,1
95,9,1152,1
96,9,382,1
97,9,835,1
98,9,449,1
99,9,820,1
100,9,1171,1
101,9,1576,1
102,9,723,1
103,9,786,1
104,9,222,1
105,9,631,1
106,9,584,1
107,9,1496,1
108,9,290,1
109,9,5,1
110,9,15,1
111,9,699,1
112,9,1288,1
113,9,202,1
114,9,1180,1
115,9,275,1
116,9,461,1
117,9,567,1
118,9,1224,1
119,9,1108,1
120,9,777,1
121,9,1213,1
122,9,1351,1
123,9,1130,1
124,9,1257,1
125,9,1071,1
126,9,1408,1
127,9,1247,1
128,9,847,1
129,9,659,1
130,9,812,1
131,9,749,1
132,9,774,1
133,9,996,1
134,9,10,1
135,9,668,1
136,9,320,1
137,9,225,1
138,9,356,1
139,9,197,1
140,9,1199,1
141,9,111,1
142,9,897,1
143,9,828,1
144,9,1226,1
145,9,599,1
146,9,1069,1
147,9,1533,1
148,9,704,1
149,9,963,1
150,10,676,1
151,17,155,1
152,17,716,1
153,17,1495,1
154,17,192,1
155,17,832,1
156,17,723,1
157,17,509,1
158,17,1152,1
159,18,459,1
160,18,1052,1
161,18,1237,1
162,18,879,1
163,18,723,1
164,18,1219,1
165,18,278,1
166,21,1141,1
167,21,505,1
168,21,1199,1
169,21,1049,1
170,21,1087,1
171,21,5,1
172,21,691,1
173,21,499,1
174,21,698,1
175,21,743,1
176,21,380,1
177,21,1592,1
178,21,274,1
179,21,739,1
180,21,33,1
181,21,1458,1
182,21,696,1
183,21,872,1
184,21,585,1
185,21,144,1
186,21,317,1
187,21,1455,1
188,21,557,1
189,21,600,1
190,21,1480,1
191,21,1074,1
192,21,567,1
193,21,652,1
194,21,612,1
195,21,983,1
196,21,1063,1
197,21,1613,1
198,21,1314,1
199,21,478,1
200,21,342,1
201,21,700,1
202,21,721,1
203,21,48,1
204,21,120,1
205,21,69,1
206,21,741,1
207,21,1079,1
208,21,678,1
209,21,1301,1
210,21,771,1
211,21,1247,1
212,21,919,1
213,21,260,1
214,21,941,1
215,21,79,1
216,21,335,1
217,21,151,1
218,21,863,1
219,27,1085,1
220,35,505,1
221,35,1210,1
222,35,1332,1
223,35,469,1
224,35,21,1
225,35,1072,1
226,43,231,1
227,43,1454,1
228,43,1575,1
229,43,1093,1
230,43,261,1
231,44,1104,1
232,44,1271,1
233,44,461,1
234,44,1046,1
235,44,1553,1
236,44,1525,1
237,44,857,1
238,44,590,1
239,44,983,1
240,44,119,1
241,47,254,1
242,47,987,1
243,47,716,1
244,47,1111,1
245,47,1326,1
246,47,1447,1
247,47,192,1
248,47,1003,1
249,47,121,1
250,48,649,1
251,48,575,1
252,48,1281,1
253,48,1608,1
254,48,1195,1
255,48,1047,1
256,48,872,1
257,48,509,1
258,48,919,1
259,48,467,1
260,48,1191,1
261,48,1241,1
262,48,404,1
263,48,1363,1
264,48,393,1
265,48,326,1
266,48,762,1
267,48,33,1
268,48,937,1
269,48,1527,1
270,48,498,1
271,48,168,1
272,48,831,1
273,48,1552,1
274,48,903,1
275,48,1129,1
276,48,743,1
277,48,1185,1
278,48,678,1
279,48,606,1
280,48,951,1
281,48,151,1
282,48,1085,1
283,48,1249,1
284,48,1456,1
285,48,206,1
286,48,1173,1
287,48,276,1
288,48,996,1
289,48,1288,1
290,48,55,1
291,48,1049,1
292,48,157,1
293,48,329,1
294,48,21,1
295,48,664,1
296,48,114,1
297,48,557,1
298,48,1003,1
299,48,824,1
300,48,260,1
301,48,469,1
302,48,1031,1
303,48,1513,1
304,48,1256,1
305,48,1332,1
306,48,1214,1
307,48,922,1
308,48,1037,1
309,48,891,1
310,48,684,1
311,48,1496,1
312,48,677,1
313,48,132,1
314,48,1588,1
315,48,601,1
316,48,366,1
317,48,417,1
318,48,266,1
319,48,301,1
320,48,523,1
321,48,340,1
322,48,890,1
323,48,926,1
324,48,1130,1
325,48,1548,1
326,48,810,1
327,48,1438,1
328,50,284,1
329,50,206,1
330,50,1578,1
331,52,1053,1
332,52,120,1
333,58,1054,1
334,58,601,1
335,58,263,1
336,58,244,1
337,58,1576,1
338,58,235,1
339,58,1364,1
340,58,284,1
341,58,653,1
342,58,255,1
343,59,432,1
344,64,996,1
345,64,190,1
346,64,638,1
347,64,675,1
348,64,1028,1
349,64,284,1
350,64,1217,1
351,64,1580,1
352,64,1331,1
353,64,302,1
354,64,1149,1
355,64,1573,1
356,64,966,1
357,64,1451,1
358,64,455,1
359,64,1211,1
360,68,374,1
361,69,601,1
362,69,898,1
363,69,566,1
364,69,926,1
365,69,1367,1
366,69,1555,1
367,69,1256,1
368,69,119,1
369,69,903,1
370,69,1187,1
371,69,653,1
372,69,577,1
373,69,1158,1
374,69,189,1
375,69,1038,1
376,69,1092,1
377,69,254,1
378,69,1054,1
379,70,530,1
380,70,469,1
381,70,801,1
382,70,1612,1
383,77,319,1
384,77,1249,1
385,77,723,1
386,77,1291,1
387,77,601,1
388,80,1222,1
389,80,1367,1
390,80,577,1
391,80,69,1
392,80,926,1
393,80,254,1
394,80,898,1
395,80,1221,1
396,88,716,1
397,88,868,1
398,88,300,1
399,88,1241,1
400,91,1364,1
401,91,616,1
402,91,317,1
403,91,1054,1
404,91,231,1
405,91,678,1
406,91,566,1
407,91,1219,1
408,91,1464,1
409,91,255,1
410,91,649,1
411,91,248,1
412,94,206,1
413,94,560,1
414,94,101,1
415,94,509,1
416,94,72,1
417,94,1578,1
418,94,210,1
419,94,1495,1
420,94,303,1
421,94,614,1
422,94,1589,1
423,94,1152,1
424,98,915,1
425,98,461,1
426,98,1519,1
427,98,509,1
428,98,1130,1
429,98,957,1
430,98,1585,1
431,98,1314,1
432,98,676,1
433,102,926,1
434,105,762,1
435,105,1291,1
436,119,563,1
437,119,1199,1
438,119,128,1
439,119,189,1
440,119,1291,1
441,119,389,1
442,119,254,1
443,119,9,1
444,119,1241,1
445,119,1471,1
446,120,52,1
447,120,1254,1
448,121,1219,1
449,121,453,1
450,121,866,1
451,121,879,1
452,121,1578,1
453,121,911,1
454,121,557,1
455,130,926,1
456,130,454,1
457,136,145,1
458,136,311,1
459,136,553,1
460,136,426,1
461,136,656,1
462,136,1129,1
463,136,1370,1
464,136,751,1
465,136,494,1
466,136,161,1
467,136,1338,1
468,136,267,1
469,136,1053,1
470,140,368,1
471,141,1057,1
472,145,1500,1
473,145,290,1
474,145,1578,1
475,145,193,1
476,145,564,1
477,145,1590,1
478,145,538,1
479,145,112,1
480,145,751,1
481,145,1338,1
482,145,646,1
483,145,94,1
484,145,600,1
485,145,222,1
486,145,1585,1
487,145,140,1
488,145,303,1
489,145,547,1
490,145,171,1
491,145,13,1
492,145,773,1
493,145,317,1
494,145,136,1
495,145,1132,1
496,149,969,1
497,151,834,1
498,151,1443,1
499,151,48,1
500,151,1218,1
501,151,355,1
502,151,1447,1
503,151,317,1
504,151,786,1
505,152,658,1
506,152,1063,1
507,152,1614,1
508,152,1408,1
509,155,1056,1
510,155,1467,1
511,155,1152,1
512,155,22,1
513,155,1249,1
514,155,94,1
515,155,17,1
516,155,129,1
517,155,903,1
518,155,716,1
519,155,560,1
520,155,262,1
521,155,896,1
522,155,849,1
523,155,72,1
524,155,1111,1
525,156,1073,1
526,156,105,1
527,157,1308,1
528,157,1315,1
529,157,1191,1
530,157,733,1
531,160,261,1
532,161,1132,1
533,161,656,1
534,164,590,1
535,164,773,1
536,164,338,1
537,164,1169,1
538,164,368,1
539,164,1447,1
540,164,1359,1
541,176,723,1
542,176,1054,1
543,185,389,1
544,186,1359,1
545,189,324,1
546,189,1471,1
547,189,119,1
548,189,254,1
549,189,69,1
550,189,1291,1
551,189,1054,1
552,190,1331,1
553,190,878,1
554,190,782,1
555,190,1539,1
556,190,675,1
557,190,1231,1
558,190,1211,1
559,191,601,1
560,192,1056,1
561,192,1507,1
562,192,1233,1
563,192,438,1
564,192,1302,1
565,192,1590,1
566,192,108,1
567,192,1057,1
568,192,1555,1
569,192,255,1
570,192,1611,1
571,192,765,1
572,192,1144,1
573,192,450,1
574,192,409,1
575,192,1007,1
576,192,1250,1
577,192,1541,1
578,192,705,1
579,192,321,1
580,192,1317,1
581,192,252,1
582,192,1337,1
583,192,733,1
584,192,797,1
585,192,231,1
586,192,588,1
587,192,832,1
588,192,1221,1
589,192,1249,1
590,192,572,1
591,192,509,1
592,192,1453,1
593,192,851,1
594,192,1127,1
595,192,1339,1
596,192,119,1
597,192,339,1
598,192,1111,1
599,192,1515,1
600,192,193,1
601,192,1166,1
602,192,1042,1
603,192,791,1
604,192,714,1
605,192,734,1
606,192,52,1
607,192,571,1
608,192,858,1
609,192,577,1
610,192,1077,1
611,192,1357,1
612,192,290,1
613,192,379,1
614,192,102,1
615,192,1454,1
616,192,1482,1
617,192,520,1
618,192,373,1
619,192,411,1
620,192,250,1
621,192,1195,1
622,192,160,1
623,192,983,1
624,192,838,1
625,192,534,1
626,192,699,1
627,192,229,1
628,192,549,1
629,192,155,1
630,192,924,1
631,192,1434,1
632,192,1058,1
633,192,511,1
634,192,9,1
635,192,530,1
636,192,575,1
637,192,870,1
638,192,439,1
639,192,13,1
640,192,1615,1
641,192,918,1
642,192,1052,1
643,192,591,1
644,192,246,1
645,192,8,1
646,192,1065,1
647,192,323,1
648,192,426,1
649,192,235,1
650,192,141,1
651,192,1289,1
652,192,360,1
653,192,1445,1
654,192,1068,1
655,192,112,1
656,192,1385,1
657,192,374,1
658,192,329,1
659,192,1220,1
660,192,0,1
661,192,1107,1
662,192,1254,1
663,192,1055,1
664,192,1043,1
665,192,926,1
666,192,1214,1
667,192,211,1
668,192,696,1
669,192,1496,1
670,192,17,1
671,192,744,1
672,192,1363,1
673,192,463,1
674,192,1319,1
675,192,489,1
676,192,697,1
677,192,1323,1
678,192,1435,1
679,192,1134,1
680,192,1174,1
681,192,280,1
682,192,1340,1
683,192,801,1
684,192,1133,1
685,192,1071,1
686,192,408,1
687,192,598,1
688,192,825,1
689,192,1038,1
690,192,567,1
691,192,430,1
692,192,486,1
693,192,1235,1
694,192,834,1
695,192,467,1
696,192,730,1
697,192,88,1
698,192,275,1
699,192,68,1
700,192,1387,1
701,192,1373,1
702,192,1232,1
703,192,234,1
704,192,220,1
705,192,1409,1
706,192,221,1
707,192,1502,1
708,192,338,1
709,192,149,1
710,192,60,1
711,192,1208,1
712,192,808,1
713,192,103,1
714,192,604,1
715,192,564,1
716,192,1223,1
717,192,716,1
718,192,1070,1
719,192,366,1
720,192,1566,1
721,192,1342,1
722,197,432,1
723,198,838,1
724,198,48,1
725,198,1132,1
726,198,1301,1
727,198,427,1
728,198,543,1
729,198,733,1
730,210,94,1
731,211,1149,1
732,219,723,1
733,225,566,1
734,225,723,1
735,228,1447,1
736,228,1296,1
737,229,1395,1
738,231,926,1
739,231,43,1
740,231,919,1
741,231,723,1
742,231,91,1
743,231,248,1
744,231,649,1
745,231,1464,1
746,231,1219,1
747,231,317,1
748,232,723,1
749,234,1500,1
750,234,983,1
751,234,91,1
752,234,340,1
753,235,929,1
754,235,58,1
755,235,1601,1
756,235,284,1
757,242,903,1
758,242,1191,1
759,244,618,1
760,244,849,1
761,244,524,1
762,244,1440,1
763,244,1281,1
764,244,1054,1
765,244,1355,1
766,245,123,1
767,245,678,1
768,245,559,1
769,245,795,1
770,247,366,1
771,247,659,1
772,247,575,1
773,247,887,1
774,247,697,1
775,248,678,1
776,248,1188,1
777,248,649,1
778,248,91,1
779,248,1038,1
780,248,1161,1
781,248,317,1
782,248,773,1
783,248,616,1
784,248,1054,1
785,250,1210,1
786,254,926,1
787,254,284,1
788,254,324,1
789,254,192,1
790,254,1291,1
791,254,1111,1
792,254,48,1
793,254,50,1
794,254,1326,1
795,254,1187,1
796,254,898,1
797,254,1038,1
798,254,903,1
799,254,69,1
800,254,189,1
801,254,1471,1
802,254,1219,1
803,254,80,1
804,254,745,1
805,254,1054,1
806,254,678,1
807,259,601,1
808,259,491,1
809,260,1215,1
810,260,1173,1
811,261,1450,1
812,261,486,1
813,261,1568,1
814,261,317,1
815,261,347,1
816,261,1326,1
817,261,278,1
818,261,371,1
819,261,1572,1
820,261,1199,1
821,266,909,1
822,266,582,1
823,267,731,1
824,267,1132,1
825,269,1544,1
826,274,385,1
827,274,198,1
828,275,557,1
829,275,538,1
830,275,354,1
831,275,1191,1
832,275,903,1
833,275,830,1
834,275,1548,1
835,276,1285,1
836,276,151,1
837,276,1052,1
838,276,960,1
839,280,953,1
840,280,1162,1
841,281,1414,1
842,282,1371,1
843,282,1312,1
844,284,929,1
845,284,259,1
846,284,263,1
847,284,107,1
848,284,254,1
849,284,1601,1
850,284,69,1
851,284,601,1
852,284,1173,1
853,284,1053,1
854,284,616,1
855,284,50,1
856,284,1188,1
857,284,1232,1
858,284,599,1
859,284,1518,1
860,286,566,1
861,286,1092,1
862,286,723,1
863,286,255,1
864,292,1043,1
865,300,1291,1
866,300,557,1
867,301,1451,1
868,301,1483,1
869,301,1580,1
870,302,675,1
871,302,878,1
872,302,1211,1
873,302,1331,1
874,304,545,1
875,304,782,1
876,306,416,1
877,306,267,1
878,306,80,1
879,306,276,1
880,306,800,1
881,306,1437,1
882,306,363,1
883,306,1236,1
884,306,1247,1
885,306,694,1
886,306,958,1
887,306,673,1
888,306,1014,1
889,306,1245,1
890,306,314,1
891,306,1443,1
892,306,461,1
893,306,1421,1
894,306,775,1
895,306,399,1
896,306,716,1
897,306,1047,1
898,306,1205,1
899,306,21,1
900,306,923,1
901,306,934,1
902,306,951,1
903,306,1119,1
904,306,980,1
905,306,1438,1
906,306,606,1
907,306,812,1
908,309,1268,1
909,309,996,1
910,309,1315,1
911,309,1507,1
912,309,1245,1
913,309,1224,1
914,311,1338,1
915,311,751,1
916,311,1132,1
917,311,538,1
918,311,1272,1
919,311,1053,1
920,311,474,1
921,311,136,1
922,314,1483,1
923,314,723,1
924,314,1451,1
925,314,48,1
926,317,616,1
927,317,833,1
928,317,1400,1
929,317,151,1
930,317,577,1
931,317,1003,1
932,317,919,1
933,317,123,1
934,317,196,1
935,317,1093,1
936,317,1011,1
937,317,284,1
938,317,1029,1
939,317,557,1
940,317,1482,1
941,317,1420,1
942,317,926,1
943,317,1444,1
944,317,1607,1
945,317,231,1
946,317,599,1
947,317,254,1
948,317,1054,1
949,317,368,1
950,317,1544,1
951,317,182,1
952,317,590,1
953,317,261,1
954,319,723,1
955,319,953,1
956,319,1162,1
957,319,1469,1
958,319,77,1
959,323,1394,1
960,323,1141,1
961,324,739,1
962,324,69,1
963,324,79,1
964,324,857,1
965,324,119,1
966,324,926,1
967,324,189,1
968,324,389,1
969,324,254,1
970,326,544,1
971,326,1476,1
972,336,1199,1
973,336,947,1
974,340,355,1
975,340,1202,1
976,347,261,1
977,354,926,1
978,354,674,1
979,354,275,1
980,354,1581,1
981,355,151,1
982,355,762,1
983,355,91,1
984,355,2,1
985,355,340,1
986,360,1264,1
987,360,543,1
988,360,219,1
989,360,723,1
990,360,461,1
991,360,1118,1
992,360,312,1
993,360,1549,1
994,360,1027,1
995,360,1423,1
996,360,1406,1
997,360,332,1
998,360,1403,1
999,360,875,1
1000,366,22,1
1001,366,48,1
1002,368,1054,1
1003,368,140,1
1004,368,926,1
1005,368,1218,1
1006,368,834,1
1007,368,317,1
1008,368,765,1
1009,374,538,1
1010,374,1104,1
1011,374,1001,1
1012,374,1501,1
1013,379,1273,1
1014,384,1359,1
1015,384,903,1
1016,384,209,1
1017,384,538,1
1018,389,119,1
1019,389,1272,1
1020,389,557,1
1021,389,438,1
1022,389,1500,1
1023,389,185,1
1024,389,1291,1
1025,389,1057,1
1026,391,567,1
1027,391,563,1
1028,391,498,1
1029,391,987,1
1030,391,1079,1
1031,397,1438,1
1032,398,566,1
1033,398,1219,1
1034,398,723,1
1035,398,1053,1
1036,401,1296,1
1037,405,1219,1
1038,405,723,1
1039,411,1217,1
1040,411,878,1
1041,411,1331,1
1042,411,1211,1
1043,415,1447,1
1044,426,136,1
1045,426,919,1
1046,426,1132,1
1047,426,244,1
1048,426,668,1
1049,427,796,1
1050,427,338,1
1051,427,664,1
1052,427,1455,1
1053,427,1308,1
1054,427,773,1
1055,427,1386,1
1056,427,536,1
1057,427,485,1
1058,427,319,1
1059,427,1315,1
1060,427,352,1
1061,427,198,1
1062,427,234,1
1063,427,157,1
1064,427,538,1
1065,427,385,1
1066,427,191,1
1067,427,743,1
1068,427,1576,1
1069,431,1500,1
1070,431,145,1
1071,431,1005,1
1072,431,781,1
1073,431,538,1
1074,431,504,1
1075,431,1221,1
1076,431,765,1
1077,432,557,1
1078,432,261,1
1079,432,983,1
1080,432,151,1
1081,432,59,1
1082,438,254,1
1083,438,1057,1
1084,438,189,1
1085,438,389,1
1086,447,898,1
1087,447,193,1
1088,447,1574,1
1089,447,1222,1
1090,447,1075,1
1091,447,112,1
1092,447,1590,1
1093,447,808,1
1094,447,846,1
1095,447,473,1
1096,447,290,1
1097,447,1221,1
1098,447,1054,1
1099,447,254,1
1100,447,1541,1
1101,447,926,1
1102,447,1551,1
1103,454,833,1
1104,454,714,1
1105,454,845,1
1106,454,1459,1
1107,454,1548,1
1108,454,1246,1
1109,454,1332,1
1110,454,867,1
1111,455,1451,1
1112,455,1028,1
1113,455,903,1
1114,455,1331,1
1115,455,1580,1
1116,455,1173,1
1117,455,1439,1
1118,455,1445,1
1119,455,1215,1
1120,455,64,1
1121,455,1573,1
1122,458,1409,1
1123,458,1447,1
1124,458,1161,1
1125,458,1352,1
1126,459,618,1
1127,459,1219,1
1128,459,1001,1
1129,459,18,1
1130,459,1237,1
1131,460,909,1
1132,474,338,1
1133,474,646,1
1134,474,1132,1
1135,474,538,1
1136,474,676,1
1137,474,751,1
1138,474,1219,1
1139,474,145,1
1140,478,1057,1
1141,478,1038,1
1142,478,601,1
1143,478,1444,1
1144,481,590,1
1145,485,1531,1
1146,485,459,1
1147,485,723,1
1148,485,544,1
1149,485,1219,1
1150,485,462,1
1151,485,538,1
1152,485,596,1
1153,485,1355,1
1154,485,1561,1
1155,485,879,1
1156,485,1307,1
1157,486,1249,1
1158,486,1219,1
1159,486,566,1
1160,486,261,1
1161,490,1317,1
1162,490,909,1
1163,490,1233,1
1164,491,1052,1
1165,491,723,1
1166,492,48,1
1167,492,1614,1
1168,492,145,1
1169,492,1585,1
1170,492,455,1
1171,494,460,1
1172,494,699,1
1173,494,1467,1
1174,494,1201,1
1175,494,1247,1
1176,494,1315,1
1177,494,1541,1
1178,494,192,1
1179,494,1132,1
1180,494,1251,1
1181,494,1455,1
1182,494,249,1
1183,494,1396,1
1184,494,376,1
1185,494,48,1
1186,494,1159,1
1187,494,165,1
1188,494,521,1
1189,494,1494,1
1190,494,377,1
1191,494,602,1
1192,494,225,1
1193,494,194,1
1194,494,245,1
1195,494,321,1
1196,494,422,1
1197,494,108,1
1198,494,1557,1
1199,498,538,1
1200,499,926,1
1201,499,9,1
1202,499,538,1
1203,499,1419,1
1204,504,890,1
1205,504,1500,1
1206,504,431,1
1207,504,1005,1
1208,505,773,1
1209,508,144,1
1210,508,1079,1
1211,508,1004,1
1212,508,801,1
1213,509,716,1
1214,509,896,1
1215,509,1056,1
1216,509,17,1
1217,509,262,1
1218,509,155,1
1219,509,849,1
1220,509,1152,1
1221,509,557,1
1222,509,1077,1
1223,509,1615,1
1224,509,1291,1
1225,509,1422,1
1226,509,614,1
1227,509,1249,1
1228,509,1081,1
1229,510,17,1
1230,510,832,1
1231,510,557,1
1232,510,716,1
1233,516,1364,1
1234,516,544,1
1235,516,601,1
1236,516,649,1
1237,518,566,1
1238,518,1462,1
1239,520,1254,1
1240,524,145,1
1241,524,618,1
1242,524,1370,1
1243,524,1281,1
1244,524,1132,1
1245,525,723,1
1246,530,1064,1
1247,530,1178,1
1248,530,1452,1
1249,530,390,1
1250,530,278,1
1251,530,485,1
1252,530,1455,1
1253,530,1566,1
1254,530,346,1
1255,530,716,1
1256,530,1444,1
1257,530,1579,1
1258,530,33,1
1259,530,749,1
1260,530,1290,1
1261,530,239,1
1262,530,843,1
1263,530,674,1
1264,530,804,1
1265,530,255,1
1266,530,104,1
1267,530,1391,1
1268,530,514,1
1269,530,3,1
1270,530,888,1
1271,530,610,1
1272,530,1357,1
1273,530,329,1
1274,530,544,1
1275,530,854,1
1276,530,649,1
1277,530,751,1
1278,530,764,1
1279,530,625,1
1280,530,691,1
1281,530,1159,1
1282,530,42,1
1283,530,577,1
1284,530,547,1
1285,530,1166,1
1286,530,1338,1
1287,530,881,1
1288,530,44,1
1289,530,192,1
1290,530,311,1
1291,530,511,1
1292,530,698,1
1293,530,1261,1
1294,530,1434,1
1295,530,1007,1
1296,530,1056,1
1297,530,1148,1
1298,530,1353,1
1299,530,624,1
1300,530,766,1
1301,530,1017,1
1302,530,1559,1
1303,530,1329,1
1304,530,91,1
1305,530,1556,1
1306,530,1459,1
1307,530,70,1
1308,530,1265,1
1309,530,1172,1
1310,530,200,1
1311,530,493,1
1312,530,1567,1
1313,530,1609,1
1314,530,1474,1
1315,530,1092,1
1316,530,1037,1
1317,530,143,1
1318,530,1186,1
1319,530,603,1
1320,530,1515,1
1321,530,366,1
1322,530,1526,1
1323,530,1272,1
1324,530,1047,1
1325,530,507,1
1326,530,4,1
1327,530,515,1
1328,530,911,1
1329,530,294,1
1330,530,1314,1
1331,530,1218,1
1332,530,805,1
1333,530,1109,1
1334,530,1513,1
1335,530,739,1
1336,530,336,1
1337,530,313,1
1338,534,723,1
1339,538,740,1
1340,538,731,1
1341,538,1609,1
1342,538,1202,1
1343,538,311,1
1344,538,136,1
1345,538,1359,1
1346,538,1224,1
1347,538,1132,1
1348,538,275,1
1349,538,544,1
1350,538,499,1
1351,538,1370,1
1352,538,1303,1
1353,538,1129,1
1354,538,716,1
1355,538,733,1
1356,538,590,1
1357,538,145,1
1358,538,1307,1
1359,538,1500,1
1360,538,1355,1
1361,538,1118,1
1362,538,408,1
1363,538,1599,1
1364,538,1338,1
1365,538,557,1
1366,538,1185,1
1367,538,431,1
1368,538,374,1
1369,538,48,1
1370,538,474,1
1371,538,1581,1
1372,538,1056,1
1373,538,467,1
1374,538,646,1
1375,538,986,1
1376,538,1097,1
1377,538,186,1
1378,538,776,1
1379,543,198,1
1380,543,664,1
1381,544,1390,1
1382,544,538,1
1383,544,590,1
1384,544,1157,1
1385,544,730,1
1386,544,596,1
1387,544,1229,1
1388,544,1116,1
1389,544,228,1
1390,544,462,1
1391,544,1312,1
1392,544,391,1
1393,544,1527,1
1394,544,333,1
1395,544,559,1
1396,544,1572,1
1397,545,44,1
1398,545,304,1
1399,547,461,1
1400,547,1600,1
1401,547,468,1
1402,547,145,1
1403,547,1191,1
1404,553,656,1
1405,553,1503,1
1406,553,1132,1
1407,554,1609,1
1408,556,1599,1
1409,559,538,1
1410,559,769,1
1411,559,1551,1
1412,559,1455,1
1413,559,637,1
1414,560,94,1
1415,560,688,1
1416,560,1077,1
1417,560,206,1
1418,560,22,1
1419,561,198,1
1420,561,1199,1
1421,563,1183,1
1422,563,1218,1
1423,563,1001,1
1424,563,1447,1
1425,563,676,1
1426,563,179,1
1427,563,18,1
1428,563,590,1
1429,563,1500,1
1430,563,131,1
1431,563,1260,1
1432,563,119,1
1433,563,391,1
1434,566,1328,1
1435,566,872,1
1436,566,1284,1
1437,566,462,1
1438,566,806,1
1439,566,723,1
1440,566,751,1
1441,566,248,1
1442,566,1079,1
1443,566,1338,1
1444,566,1231,1
1445,566,759,1
1446,566,1144,1
1447,566,1510,1
1448,566,1148,1
1449,566,754,1
1450,566,599,1
1451,566,1444,1
1452,566,1570,1
1453,566,1187,1
1454,566,755,1
1455,566,229,1
1456,566,460,1
1457,566,744,1
1458,566,638,1
1459,566,1343,1
1460,566,583,1
1461,566,533,1
1462,566,98,1
1463,566,797,1
1464,566,474,1
1465,566,677,1
1466,566,1339,1
1467,566,434,1
1468,566,405,1
1469,566,866,1
1470,566,1344,1
1471,566,1152,1
1472,566,887,1
1473,566,1111,1
1474,566,573,1
1475,566,787,1
1476,566,459,1
1477,566,1134,1
1478,566,1029,1
1479,566,656,1
1480,566,171,1
1481,566,1445,1
1482,566,739,1
1483,566,555,1
1484,566,1181,1
1485,566,1600,1
1486,566,1578,1
1487,566,254,1
1488,566,601,1
1489,566,1573,1
1490,566,1123,1
1491,566,124,1
1492,566,1052,1
1493,566,1391,1
1494,566,16,1
1495,566,286,1
1496,566,1261,1
1497,566,1192,1
1498,566,1453,1
1499,566,1615,1
1500,566,558,1
1501,566,494,1
1502,566,973,1
1503,566,1401,1
1504,566,1468,1
1505,566,1278,1
1506,566,1256,1
1507,566,69,1
1508,566,1098,1
1509,566,1054,1
1510,566,1043,1
1511,566,693,1
1512,566,1118,1
1513,566,83,1
1514,566,1613,1
1515,566,2,1
1516,566,1218,1
1517,566,1368,1
1518,566,919,1
1519,566,1193,1
1520,566,9,1
1521,566,941,1
1522,566,784,1
1523,566,826,1
1524,566,225,1
1525,566,669,1
1526,566,1421,1
1527,566,879,1
1528,566,1549,1
1529,566,1460,1
1530,570,257,1
1531,572,1491,1
1532,573,716,1
1533,575,494,1
1534,575,555,1
1535,575,716,1
1536,575,889,1
1537,575,1312,1
1538,575,1001,1
1539,575,1065,1
1540,575,66,1
1541,575,136,1
1542,575,538,1
1543,577,566,1
1544,577,1222,1
1545,577,255,1
1546,577,1221,1
1547,577,254,1
1548,577,808,1
1549,577,80,1
1550,577,926,1
1551,577,1092,1
1552,577,1054,1
1553,577,1219,1
1554,577,1367,1
1555,578,1315,1
1556,578,1119,1
1557,578,66,1
1558,578,987,1
1559,578,1455,1
1560,578,897,1
1561,578,1241,1
1562,578,866,1
1563,578,1201,1
1564,578,575,1
1565,578,108,1
1566,578,595,1
1567,578,1281,1
1568,578,1541,1
1569,578,699,1
1570,578,1494,1
1571,578,294,1
1572,578,1171,1
1573,582,909,1
1574,582,1317,1
1575,582,1,1
1576,582,460,1
1577,588,192,1
1578,588,1254,1
1579,588,903,1
1580,588,1054,1
1581,588,723,1
1582,588,1476,1
1583,588,1343,1
1584,588,601,1
1585,589,664,1
1586,589,1514,1
1587,589,467,1
1588,589,1423,1
1589,590,557,1
1590,590,1318,1
1591,590,801,1
1592,590,164,1
1593,590,762,1
1594,590,934,1
1595,590,1102,1
1596,590,996,1
1597,590,1454,1
1598,590,1574,1
1599,590,1343,1
1600,590,1247,1
1601,590,649,1
1602,590,1052,1
1603,590,879,1
1604,590,782,1
1605,590,128,1
1606,590,151,1
1607,590,559,1
1608,590,995,1
1609,590,1118,1
1610,590,962,1
1611,590,1191,1
1612,590,505,1
1613,590,192,1
1614,593,44,1
1615,593,1447,1
1616,593,781,1
1617,598,1004,1
1618,599,566,1
1619,599,284,1
1620,599,1038,1
1621,599,1485,1
1622,600,542,1
1623,600,557,1
1624,600,145,1
1625,600,716,1
1626,601,1125,1
1627,601,1506,1
1628,601,723,1
1629,601,563,1
1630,601,1191,1
1631,601,1129,1
1632,601,896,1
1633,601,1219,1
1634,601,382,1
1635,601,649,1
1636,601,869,1
1637,601,58,1
1638,601,286,1
1639,601,760,1
1640,601,1387,1
1641,601,851,1
1642,601,879,1
1643,601,104,1
1644,601,1266,1
1645,601,1049,1
1646,601,1144,1
1647,601,668,1
1648,601,324,1
1649,601,1422,1
1650,601,1077,1
1651,601,77,1
1652,601,1476,1
1653,601,1232,1
1654,601,573,1
1655,601,69,1
1656,601,1043,1
1657,601,1251,1
1658,601,1062,1
1659,601,1054,1
1660,601,821,1
1661,601,577,1
1662,601,755,1
1663,601,255,1
1664,614,688,1
1665,614,129,1
1666,614,903,1
1667,614,716,1
1668,614,1273,1
1669,614,1291,1
1670,614,1467,1
1671,614,1251,1
1672,614,72,1
1673,614,1077,1
1674,614,1111,1
1675,614,94,1
1676,614,1615,1
1677,614,1056,1
1678,614,509,1
1679,618,18,1
1680,618,879,1
1681,618,1355,1
1682,618,1001,1
1683,618,524,1
1684,618,1237,1
1685,618,1574,1
1686,627,678,1
1687,627,1132,1
1688,638,1331,1
1689,638,1451,1
1690,638,1580,1
1691,638,64,1
1692,638,1445,1
1693,638,455,1
1694,645,336,1
1695,646,751,1
1696,646,136,1
1697,646,338,1
1698,646,145,1
1699,646,1132,1
1700,646,538,1
1701,646,530,1
1702,647,1162,1
1703,647,1241,1
1704,647,676,1
1705,647,1469,1
1706,649,926,1
1707,649,516,1
1708,649,1347,1
1709,649,192,1
1710,649,601,1
1711,649,1038,1
1712,649,678,1
1713,649,317,1
1714,649,547,1
1715,649,820,1
1716,649,723,1
1717,649,1121,1
1718,649,1214,1
1719,649,1218,1
1720,649,1424,1
1721,649,1400,1
1722,649,43,1
1723,649,79,1
1724,649,1241,1
1725,649,1210,1
1726,649,1219,1
1727,649,716,1
1728,649,1599,1
1729,649,616,1
1730,653,1053,1
1731,653,1054,1
1732,653,1266,1
1733,653,1518,1
1734,653,254,1
1735,653,649,1
1736,653,91,1
1737,653,69,1
1738,653,319,1
1739,653,588,1
1740,653,1219,1
1741,653,1444,1
1742,653,1476,1
1743,653,1038,1
1744,656,1447,1
1745,656,136,1
1746,656,834,1
1747,656,553,1
1748,656,714,1
1749,658,245,1
1750,658,1542,1
1751,658,748,1
1752,658,2,1
1753,660,1057,1
1754,664,1496,1
1755,664,561,1
1756,664,427,1
1757,664,1199,1
1758,664,48,1
1759,664,1308,1
1760,668,1291,1
1761,668,1043,1
1762,668,128,1
1763,668,1423,1
1764,668,1494,1
1765,668,601,1
1766,668,1054,1
1767,668,189,1
1768,669,566,1
1769,669,1057,1
1770,669,723,1
1771,672,981,1
1772,672,467,1
1773,672,572,1
1774,672,21,1
1775,672,1461,1
1776,672,793,1
1777,672,1072,1
1778,672,678,1
1779,672,1117,1
1780,672,570,1
1781,672,1493,1
1782,672,754,1
1783,672,1129,1
1784,672,1296,1
1785,672,846,1
1786,672,1440,1
1787,672,469,1
1788,672,302,1
1789,672,349,1
1790,672,1004,1
1791,672,1245,1
1792,673,1450,1
1793,673,716,1
1794,673,48,1
1795,674,1264,1
1796,675,64,1
1797,675,1132,1
1798,675,1057,1
1799,675,411,1
1800,675,1211,1
1801,675,190,1
1802,675,1078,1
1803,676,600,1
1804,681,926,1
1805,684,668,1
1806,696,192,1
1807,696,557,1
1808,696,544,1
1809,696,206,1
1810,697,247,1
1811,699,845,1
1812,699,1332,1
1813,702,1053,1
1814,706,879,1
1815,706,1053,1
1816,706,442,1
1817,706,1219,1
1818,706,1476,1
1819,706,1057,1
1820,708,314,1
1821,708,812,1
1822,708,593,1
1823,708,1245,1
1824,708,656,1
1825,708,317,1
1826,708,1546,1
1827,708,1364,1
1828,708,958,1
1829,708,1087,1
1830,708,1014,1
1831,708,898,1
1832,708,17,1
1833,708,454,1
1834,708,1455,1
1835,708,461,1
1836,708,1370,1
1837,708,1533,1
1838,708,514,1
1839,708,523,1
1840,708,531,1
1841,708,988,1
1842,708,694,1
1843,708,538,1
1844,708,1233,1
1845,708,951,1
1846,709,919,1
1847,709,1054,1
1848,709,1157,1
1849,712,1548,1
1850,712,469,1
1851,712,1210,1
1852,714,317,1
1853,723,408,1
1854,723,326,1
1855,723,740,1
1856,723,588,1
1857,723,1057,1
1858,723,1533,1
1859,723,872,1
1860,723,879,1
1861,723,1054,1
1862,723,610,1
1863,723,1543,1
1864,723,622,1
1865,723,1028,1
1866,723,516,1
1867,723,463,1
1868,723,69,1
1869,723,530,1
1870,723,838,1
1871,723,653,1
1872,723,1135,1
1873,723,491,1
1874,723,996,1
1875,723,615,1
1876,723,1510,1
1877,723,1353,1
1878,723,317,1
1879,723,400,1
1880,723,1147,1
1881,723,1560,1
1882,723,645,1
1883,723,1395,1
1884,723,669,1
1885,723,1251,1
1886,723,1158,1
1887,723,1381,1
1888,723,649,1
1889,723,1048,1
1890,723,0,1
1891,723,424,1
1892,723,398,1
1893,723,17,1
1894,723,176,1
1895,723,328,1
1896,723,748,1
1897,723,542,1
1898,723,1053,1
1899,723,27,1
1900,723,534,1
1901,723,1564,1
1902,723,1359,1
1903,723,776,1
1904,723,91,1
1905,723,121,1
1906,723,590,1
1907,723,1266,1
1908,723,1341,1
1909,723,992,1
1910,723,601,1
1911,723,360,1
1912,723,1003,1
1913,723,1129,1
1914,723,1031,1
1915,723,1467,1
1916,723,1177,1
1917,723,77,1
1918,723,765,1
1919,723,1029,1
1920,723,1572,1
1921,723,1073,1
1922,723,756,1
1923,723,1173,1
1924,723,232,1
1925,727,960,1
1926,730,544,1
1927,730,192,1
1928,731,773,1
1929,731,903,1
1930,731,80,1
1931,731,509,1
1932,731,469,1
1933,731,257,1
1934,731,716,1
1935,731,1146,1
1936,733,402,1
1937,733,1460,1
1938,733,1168,1
1939,733,1551,1
1940,733,958,1
1941,733,1004,1
1942,733,1576,1
1943,733,456,1
1944,733,352,1
1945,733,234,1
1946,733,536,1
1947,733,385,1
1948,733,485,1
1949,733,157,1
1950,733,1199,1
1951,733,1421,1
1952,733,743,1
1953,733,851,1
1954,733,658,1
1955,733,199,1
1956,733,796,1
1957,733,1,1
1958,733,392,1
1959,733,185,1
1960,733,21,1
1961,736,306,1
1962,736,309,1
1963,736,440,1
1964,736,1519,1
1965,742,398,1
1966,742,884,1
1967,743,1514,1
1968,743,1500,1
1969,743,48,1
1970,748,658,1
1971,748,1057,1
1972,751,338,1
1973,751,136,1
1974,751,1053,1
1975,751,538,1
1976,751,145,1
1977,751,676,1
1978,751,1338,1
1979,751,311,1
1980,752,1341,1
1981,752,1251,1
1982,762,234,1
1983,762,802,1
1984,762,1343,1
1985,762,590,1
1986,762,355,1
1987,762,120,1
1988,762,1199,1
1989,764,1181,1
1990,765,1199,1
1991,765,454,1
1992,765,818,1
1993,765,368,1
1994,765,504,1
1995,765,371,1
1996,765,538,1
1997,765,926,1
1998,765,442,1
1999,765,43,1
2000,765,723,1
2001,771,809,1
2002,773,408,1
2003,773,1064,1
2004,773,1254,1
2005,773,1332,1
2006,773,1613,1
2007,773,887,1
2008,773,151,1
2009,773,1514,1
2010,773,349,1
2011,773,1027,1
2012,773,1151,1
2013,773,197,1
2014,773,145,1
2015,773,612,1
2016,773,1126,1
2017,773,475,1
2018,773,98,1
2019,773,1496,1
2020,773,1312,1
2021,773,1057,1
2022,773,1236,1
2023,773,1599,1
2024,773,1110,1
2025,773,1201,1
2026,773,1518,1
2027,773,430,1
2028,773,492,1
2029,773,703,1
2030,773,1557,1
2031,773,469,1
2032,773,1457,1
2033,773,1544,1
2034,773,485,1
2035,773,245,1
2036,773,530,1
2037,773,760,1
2038,773,914,1
2039,773,1500,1
2040,773,893,1
2041,773,497,1
2042,773,287,1
2043,773,731,1
2044,773,719,1
2045,773,733,1
2046,773,230,1
2047,773,955,1
2048,773,505,1
2049,773,266,1
2050,773,683,1
2051,773,69,1
2052,773,1203,1
2053,773,985,1
2054,773,936,1
2055,773,1207,1
2056,773,393,1
2057,773,414,1
2058,773,838,1
2059,773,1564,1
2060,773,544,1
2061,773,1364,1
2062,773,577,1
2063,773,829,1
2064,773,1314,1
2065,773,1548,1
2066,773,681,1
2067,773,949,1
2068,773,21,1
2069,773,255,1
2070,773,979,1
2071,773,636,1
2072,773,248,1
2073,773,397,1
2074,781,1248,1
2075,781,593,1
2076,782,590,1
2077,782,304,1
2078,789,190,1
2079,789,929,1
2080,795,245,1
2081,796,934,1
2082,796,669,1
2083,808,1367,1
2084,808,426,1
2085,808,898,1
2086,808,1221,1
2087,808,1484,1
2088,808,254,1
2089,808,926,1
2090,808,1555,1
2091,808,1092,1
2092,808,1222,1
2093,809,771,1
2094,809,1445,1
2095,812,557,1
2096,813,2,1
2097,813,1476,1
2098,816,323,1
2099,818,1185,1
2100,818,1224,1
2101,818,765,1
2102,818,518,1
2103,818,926,1
2104,818,544,1
2105,818,1500,1
2106,818,48,1
2107,818,960,1
2108,818,1551,1
2109,818,538,1
2110,818,1462,1
2111,820,649,1
2112,820,1364,1
2113,821,1241,1
2114,832,17,1
2115,833,1296,1
2116,834,676,1
2117,834,371,1
2118,834,1218,1
2119,834,1258,1
2120,838,1132,1
2121,838,112,1
2122,838,723,1
2123,845,1438,1
2124,845,1459,1
2125,845,714,1
2126,845,1028,1
2127,845,833,1
2128,845,1548,1
2129,845,1183,1
2130,845,454,1
2131,845,1246,1
2132,846,1089,1
2133,846,841,1
2134,846,1219,1
2135,846,1521,1
2136,846,208,1
2137,846,222,1
2138,846,1157,1
2139,846,108,1
2140,846,546,1
2141,846,637,1
2142,846,1063,1
2143,846,15,1
2144,846,1259,1
2145,846,432,1
2146,846,1234,1
2147,846,347,1
2148,846,660,1
2149,846,191,1
2150,846,170,1
2151,846,1364,1
2152,846,541,1
2153,846,1404,1
2154,846,606,1
2155,846,1168,1
2156,846,447,1
2157,846,1075,1
2158,846,542,1
2159,846,525,1
2160,846,879,1
2161,846,317,1
2162,846,322,1
2163,846,1345,1
2164,846,627,1
2165,846,290,1
2166,846,964,1
2167,846,1409,1
2168,846,573,1
2169,846,1610,1
2170,846,245,1
2171,846,264,1
2172,846,1026,1
2173,846,959,1
2174,846,1574,1
2175,846,1017,1
2176,846,875,1
2177,846,552,1
2178,846,661,1
2179,849,896,1
2180,849,1077,1
2181,849,1281,1
2182,849,614,1
2183,849,94,1
2184,851,601,1
2185,860,1057,1
2186,864,68,1
2187,864,581,1
2188,864,1092,1
2189,864,52,1
2190,864,407,1
2191,864,161,1
2192,864,35,1
2193,864,1315,1
2194,864,41,1
2195,864,663,1
2196,864,1351,1
2197,864,814,1
2198,864,866,1
2199,864,537,1
2200,864,1610,1
2201,864,422,1
2202,864,660,1
2203,864,1240,1
2204,864,765,1
2205,864,1246,1
2206,864,1053,1
2207,864,1133,1
2208,864,524,1
2209,864,71,1
2210,864,1264,1
2211,864,250,1
2212,864,748,1
2213,864,1613,1
2214,864,306,1
2215,864,652,1
2216,864,384,1
2217,864,1591,1
2218,864,728,1
2219,864,538,1
2220,867,588,1
2221,868,1364,1
2222,868,401,1
2223,872,544,1
2224,872,723,1
2225,878,411,1
2226,878,302,1
2227,878,1078,1
2228,878,675,1
2229,878,966,1
2230,878,190,1
2231,879,577,1
2232,879,1038,1
2233,879,1355,1
2234,879,18,1
2235,879,1237,1
2236,879,1476,1
2237,879,706,1
2238,879,1219,1
2239,879,478,1
2240,879,485,1
2241,879,566,1
2242,879,1125,1
2243,884,1520,1
2244,884,430,1
2245,884,98,1
2246,887,1473,1
2247,890,1312,1
2248,890,431,1
2249,890,1500,1
2250,893,447,1
2251,893,1541,1
2252,896,1467,1
2253,896,55,1
2254,896,1111,1
2255,896,1077,1
2256,896,1495,1
2257,896,688,1
2258,896,22,1
2259,896,101,1
2260,896,849,1
2261,896,1152,1
2262,896,94,1
2263,896,601,1
2264,896,262,1
2265,896,1249,1
2266,896,1081,1
2267,896,1291,1
2268,898,69,1
2269,898,1054,1
2270,898,577,1
2271,898,808,1
2272,898,1092,1
2273,898,80,1
2274,898,426,1
2275,898,1221,1
2276,904,1419,1
2277,904,499,1
2278,905,1218,1
2279,908,1609,1
2280,909,1317,1
2281,909,1,1
2282,909,582,1
2283,909,460,1
2284,914,49,1
2285,914,557,1
2286,914,1199,1
2287,914,1455,1
2288,919,1505,1
2289,919,1158,1
2290,919,681,1
2291,919,1281,1
2292,919,678,1
2293,919,1555,1
2294,919,653,1
2295,919,1424,1
2296,919,1447,1
2297,919,1125,1
2298,919,926,1
2299,919,808,1
2300,919,566,1
2301,920,1370,1
2302,923,1573,1
2303,923,542,1
2304,923,499,1
2305,923,1418,1
2306,923,165,1
2307,923,275,1
2308,923,1043,1
2309,923,1157,1
2310,923,1189,1
2311,923,1112,1
2312,923,48,1
2313,923,1536,1
2314,923,230,1
2315,923,620,1
2316,923,652,1
2317,923,771,1
2318,923,15,1
2319,923,813,1
2320,926,723,1
2321,926,1221,1
2322,926,13,1
2323,926,557,1
2324,926,1590,1
2325,926,928,1
2326,926,601,1
2327,926,808,1
2328,926,1385,1
2329,926,898,1
2330,926,716,1
2331,926,176,1
2332,926,1291,1
2333,926,1259,1
2334,926,1249,1
2335,926,678,1
2336,926,244,1
2337,926,1241,1
2338,926,171,1
2339,926,564,1
2340,926,600,1
2341,926,649,1
2342,926,1447,1
2343,926,80,1
2344,926,192,1
2345,926,492,1
2346,926,1191,1
2347,926,69,1
2348,926,1187,1
2349,926,919,1
2350,926,1219,1
2351,926,1038,1
2352,926,566,1
2353,926,969,1
2354,926,773,1
2355,926,547,1
2356,926,193,1
2357,926,426,1
2358,926,1158,1
2359,926,48,1
2360,926,494,1
2361,926,577,1
2362,926,222,1
2363,926,1118,1
2364,927,180,1
2365,927,658,1
2366,928,926,1
2367,934,796,1
2368,934,278,1
2369,937,590,1
2370,945,1273,1
2371,945,1053,1
2372,945,966,1
2373,945,1219,1
2374,945,740,1
2375,951,1475,1
2376,951,1439,1
2377,951,767,1
2378,951,1159,1
2379,951,1500,1
2380,951,544,1
2381,951,1438,1
2382,957,98,1
2383,959,1332,1
2384,959,676,1
2385,960,566,1
2386,960,1219,1
2387,960,635,1
2388,960,408,1
2389,960,727,1
2390,966,1501,1
2391,966,904,1
2392,966,878,1
2393,966,1462,1
2394,966,1408,1
2395,966,1211,1
2396,966,455,1
2397,966,1576,1
2398,966,1247,1
2399,968,1141,1
2400,968,1391,1
2401,968,814,1
2402,968,508,1
2403,968,773,1
2404,968,1492,1
2405,968,793,1
2406,968,518,1
2407,968,1300,1
2408,971,1218,1
2409,971,1061,1
2410,971,1574,1
2411,971,926,1
2412,975,638,1
2413,975,64,1
2414,975,1542,1
2415,975,1580,1
2416,975,1231,1
2417,975,1408,1
2418,975,323,1
2419,980,245,1
2420,985,511,1
2421,986,538,1
2422,986,1612,1
2423,986,676,1
2424,986,1517,1
2425,987,676,1
2426,987,469,1
2427,987,601,1
2428,987,678,1
2429,987,846,1
2430,987,1404,1
2431,987,391,1
2432,987,1613,1
2433,987,890,1
2434,987,1599,1
2435,987,1326,1
2436,987,716,1
2437,995,590,1
2438,996,698,1
2439,996,1315,1
2440,996,1312,1
2441,996,1054,1
2442,996,601,1
2443,996,723,1
2444,996,1130,1
2445,996,64,1
2446,996,357,1
2447,1001,306,1
2448,1001,1237,1
2449,1001,485,1
2450,1001,1219,1
2451,1001,1355,1
2452,1001,575,1
2453,1001,1312,1
2454,1001,1494,1
2455,1002,1551,1
2456,1003,590,1
2457,1003,1404,1
2458,1003,740,1
2459,1003,1599,1
2460,1003,1177,1
2461,1003,1218,1
2462,1003,47,1
2463,1003,676,1
2464,1003,1199,1
2465,1003,538,1
2466,1003,903,1
2467,1003,628,1
2468,1003,1129,1
2469,1003,467,1
2470,1003,716,1
2471,1003,391,1
2472,1003,1079,1
2473,1005,890,1
2474,1005,1202,1
2475,1005,145,1
2476,1005,1199,1
2477,1005,504,1
2478,1005,538,1
2479,1005,818,1
2480,1011,1093,1
2481,1011,43,1
2482,1014,676,1
2483,1020,1072,1
2484,1027,557,1
2485,1027,1049,1
2486,1027,1236,1
2487,1029,1042,1
2488,1029,566,1
2489,1029,1053,1
2490,1029,1415,1
2491,1029,601,1
2492,1031,508,1
2493,1031,1241,1
2494,1031,1520,1
2495,1031,1254,1
2496,1033,834,1
2497,1033,48,1
2498,1038,478,1
2499,1038,838,1
2500,1038,649,1
2501,1038,91,1
2502,1038,1054,1
2503,1038,255,1
2504,1038,926,1
2505,1038,254,1
2506,1038,879,1
2507,1038,1535,1
2508,1038,616,1
2509,1038,248,1
2510,1038,1214,1
2511,1038,286,1
2512,1038,601,1
2513,1038,69,1
2514,1038,599,1
2515,1038,1219,1
2516,1042,601,1
2517,1048,255,1
2518,1049,1501,1
2519,1049,1370,1
2520,1049,601,1
2521,1049,1191,1
2522,1049,547,1
2523,1049,890,1
2524,1049,1199,1
2525,1049,926,1
2526,1053,58,1
2527,1053,107,1
2528,1053,254,1
2529,1053,1560,1
2530,1053,1599,1
2531,1053,79,1
2532,1053,452,1
2533,1053,371,1
2534,1053,1471,1
2535,1053,668,1
2536,1053,1038,1
2537,1053,257,1
2538,1053,751,1
2539,1053,1173,1
2540,1053,1354,1
2541,1053,1043,1
2542,1053,1543,1
2543,1053,1291,1
2544,1053,1219,1
2545,1053,945,1
2546,1053,1433,1
2547,1053,1553,1
2548,1053,1141,1
2549,1053,1107,1
2550,1053,398,1
2551,1053,684,1
2552,1053,189,1
2553,1053,599,1
2554,1053,723,1
2555,1054,254,1
2556,1054,171,1
2557,1054,1364,1
2558,1054,1187,1
2559,1054,1056,1
2560,1054,1471,1
2561,1054,1221,1
2562,1054,723,1
2563,1054,1590,1
2564,1054,176,1
2565,1054,709,1
2566,1054,1222,1
2567,1054,588,1
2568,1054,564,1
2569,1054,1291,1
2570,1054,765,1
2571,1054,69,1
2572,1054,222,1
2573,1054,13,1
2574,1054,926,1
2575,1054,566,1
2576,1054,1052,1
2577,1054,808,1
2578,1054,716,1
2579,1054,1053,1
2580,1054,244,1
2581,1054,668,1
2582,1054,112,1
2583,1054,547,1
2584,1054,1075,1
2585,1054,290,1
2586,1054,649,1
2587,1054,919,1
2588,1054,189,1
2589,1054,1038,1
2590,1056,1248,1
2591,1056,896,1
2592,1056,1476,1
2593,1056,1054,1
2594,1056,1251,1
2595,1056,1241,1
2596,1056,1291,1
2597,1056,1495,1
2598,1056,588,1
2599,1056,77,1
2600,1056,48,1
2601,1056,1218,1
2602,1056,1077,1
2603,1057,860,1
2604,1057,438,1
2605,1057,141,1
2606,1057,304,1
2607,1057,123,1
2608,1057,1316,1
2609,1057,748,1
2610,1057,1281,1
2611,1057,647,1
2612,1057,544,1
2613,1057,723,1
2614,1057,627,1
2615,1057,1038,1
2616,1057,675,1
2617,1057,1125,1
2618,1057,1036,1
2619,1057,1576,1
2620,1057,1445,1
2621,1060,552,1
2622,1060,590,1
2623,1060,1598,1
2624,1060,4,1
2625,1060,432,1
2626,1060,621,1
2627,1060,430,1
2628,1060,874,1
2629,1060,1248,1
2630,1060,507,1
2631,1060,577,1
2632,1060,279,1
2633,1060,1213,1
2634,1060,848,1
2635,1060,393,1
2636,1060,716,1
2637,1060,354,1
2638,1060,833,1
2639,1060,980,1
2640,1060,1084,1
2641,1060,191,1
2642,1060,431,1
2643,1060,1245,1
2644,1060,905,1
2645,1060,402,1
2646,1061,1447,1
2647,1061,818,1
2648,1062,601,1
2649,1063,1247,1
2650,1063,317,1
2651,1063,1427,1
2652,1063,501,1
2653,1063,762,1
2654,1063,802,1
2655,1063,261,1
2656,1063,72,1
2657,1063,1364,1
2658,1063,91,1
2659,1063,478,1
2660,1063,1249,1
2661,1063,200,1
2662,1063,673,1
2663,1063,245,1
2664,1063,1213,1
2665,1063,570,1
2666,1063,1214,1
2667,1063,529,1
2668,1063,191,1
2669,1063,861,1
2670,1063,831,1
2671,1063,1223,1
2672,1063,1085,1
2673,1063,951,1
2674,1063,105,1
2675,1064,996,1
2676,1064,1315,1
2677,1064,1224,1
2678,1064,1600,1
2679,1072,1210,1
2680,1072,35,1
2681,1072,672,1
2682,1072,712,1
2683,1078,1211,1
2684,1078,1331,1
2685,1078,64,1
2686,1078,675,1
2687,1079,1301,1
2688,1079,508,1
2689,1079,1218,1
2690,1079,1003,1
2691,1079,391,1
2692,1079,1223,1
2693,1079,676,1
2694,1079,1312,1
2695,1085,27,1
2696,1085,1063,1
2697,1091,1384,1
2698,1091,612,1
2699,1091,1443,1
2700,1091,459,1
2701,1091,731,1
2702,1091,4,1
2703,1091,1499,1
2704,1091,1403,1
2705,1091,544,1
2706,1091,430,1
2707,1091,197,1
2708,1091,1485,1
2709,1091,71,1
2710,1091,949,1
2711,1091,393,1
2712,1091,191,1
2713,1092,1038,1
2714,1092,80,1
2715,1092,926,1
2716,1092,898,1
2717,1092,286,1
2718,1092,469,1
2719,1092,254,1
2720,1092,1367,1
2721,1092,1187,1
2722,1093,317,1
2723,1093,723,1
2724,1093,447,1
2725,1093,1455,1
2726,1093,1318,1
2727,1093,1161,1
2728,1093,890,1
2729,1107,1052,1
2730,1115,706,1
2731,1118,284,1
2732,1118,1054,1
2733,1118,1447,1
2734,1118,773,1
2735,1118,1359,1
2736,1118,368,1
2737,1118,338,1
2738,1118,557,1
2739,1119,306,1
2740,1119,1057,1
2741,1119,29,1
2742,1119,1467,1
2743,1123,284,1
2744,1123,1219,1
2745,1123,566,1
2746,1125,44,1
2747,1125,879,1
2748,1125,601,1
2749,1129,335,1
2750,1129,719,1
2751,1129,1514,1
2752,1129,21,1
2753,1129,494,1
2754,1129,1312,1
2755,1129,575,1
2756,1129,1494,1
2757,1129,716,1
2758,1129,879,1
2759,1129,74,1
2760,1129,404,1
2761,1129,1455,1
2762,1129,829,1
2763,1129,1447,1
2764,1129,468,1
2765,1129,1073,1
2766,1129,1183,1
2767,1129,1056,1
2768,1129,557,1
2769,1129,723,1
2770,1129,1210,1
2771,1129,1391,1
2772,1129,773,1
2773,1129,415,1
2774,1129,955,1
2775,1129,1613,1
2776,1129,1132,1
2777,1129,44,1
2778,1129,120,1
2779,1129,572,1
2780,1129,1281,1
2781,1129,643,1
2782,1129,327,1
2783,1129,91,1
2784,1129,754,1
2785,1129,1218,1
2786,1129,1240,1
2787,1129,885,1
2788,1129,467,1
2789,1129,1298,1
2790,1129,1171,1
2791,1129,1003,1
2792,1129,277,1
2793,1129,454,1
2794,1129,883,1
2795,1129,1191,1
2796,1129,1236,1
2797,1129,672,1
2798,1129,145,1
2799,1129,926,1
2800,1132,338,1
2801,1132,575,1
2802,1132,971,1
2803,1132,1338,1
2804,1132,1129,1
2805,1132,524,1
2806,1132,676,1
2807,1132,1551,1
2808,1132,426,1
2809,1132,838,1
2810,1132,656,1
2811,1132,1281,1
2812,1132,635,1
2813,1132,879,1
2814,1132,538,1
2815,1132,474,1
2816,1132,267,1
2817,1132,161,1
2818,1132,1119,1
2819,1132,530,1
2820,1132,1229,1
2821,1132,627,1
2822,1132,1219,1
2823,1132,198,1
2824,1133,588,1
2825,1149,211,1
2826,1149,1273,1
2827,1149,379,1
2828,1149,545,1
2829,1149,1408,1
2830,1149,1445,1
2831,1149,1028,1
2832,1150,1601,1
2833,1157,923,1
2834,1157,145,1
2835,1157,1247,1
2836,1157,544,1
2837,1157,547,1
2838,1157,121,1
2839,1157,919,1
2840,1161,1093,1
2841,1161,801,1
2842,1161,248,1
2843,1161,300,1
2844,1161,1318,1
2845,1168,1132,1
2846,1169,1318,1
2847,1169,1423,1
2848,1169,723,1
2849,1169,590,1
2850,1169,164,1
2851,1173,1053,1
2852,1173,107,1
2853,1173,1232,1
2854,1173,455,1
2855,1173,284,1
2856,1173,1580,1
2857,1173,1231,1
2858,1173,1331,1
2859,1173,1573,1
2860,1173,260,1
2861,1177,723,1
2862,1177,987,1
2863,1177,601,1
2864,1177,1079,1
2865,1185,1453,1
2866,1185,945,1
2867,1185,600,1
2868,1185,872,1
2869,1185,929,1
2870,1185,1240,1
2871,1185,1348,1
2872,1185,1616,1
2873,1185,1535,1
2874,1185,1581,1
2875,1185,376,1
2876,1185,815,1
2877,1185,637,1
2878,1185,532,1
2879,1185,646,1
2880,1185,847,1
2881,1185,137,1
2882,1185,1608,1
2883,1185,219,1
2884,1185,1095,1
2885,1185,1119,1
2886,1185,397,1
2887,1185,719,1
2888,1185,132,1
2889,1185,468,1
2890,1185,415,1
2891,1185,1312,1
2892,1185,223,1
2893,1185,294,1
2894,1185,280,1
2895,1185,1521,1
2896,1185,1142,1
2897,1185,748,1
2898,1185,465,1
2899,1185,211,1
2900,1185,858,1
2901,1185,1303,1
2902,1185,98,1
2903,1185,404,1
2904,1185,418,1
2905,1185,369,1
2906,1185,1433,1
2907,1185,143,1
2908,1187,1222,1
2909,1187,1221,1
2910,1187,723,1
2911,1187,926,1
2912,1187,295,1
2913,1187,1219,1
2914,1187,1038,1
2915,1187,69,1
2916,1187,577,1
2917,1187,80,1
2918,1187,898,1
2919,1188,1219,1
2920,1188,616,1
2921,1188,566,1
2922,1188,284,1
2923,1191,1501,1
2924,1191,1472,1
2925,1191,903,1
2926,1191,908,1
2927,1191,547,1
2928,1191,461,1
2929,1191,895,1
2930,1191,538,1
2931,1191,335,1
2932,1191,1548,1
2933,1191,532,1
2934,1191,347,1
2935,1191,1332,1
2936,1191,95,1
2937,1191,1600,1
2938,1191,773,1
2939,1191,575,1
2940,1191,957,1
2941,1191,1457,1
2942,1191,1608,1
2943,1191,374,1
2944,1191,157,1
2945,1191,590,1
2946,1191,1056,1
2947,1191,1350,1
2948,1191,1370,1
2949,1191,469,1
2950,1191,1049,1
2951,1191,468,1
2952,1191,1079,1
2953,1191,218,1
2954,1191,150,1
2955,1191,926,1
2956,1191,1161,1
2957,1195,1447,1
2958,1195,48,1
2959,1195,996,1
2960,1195,505,1
2961,1199,966,1
2962,1199,604,1
2963,1199,467,1
2964,1199,417,1
2965,1199,77,1
2966,1199,919,1
2967,1199,1308,1
2968,1199,987,1
2969,1199,720,1
2970,1199,137,1
2971,1199,1180,1
2972,1199,545,1
2973,1199,574,1
2974,1199,485,1
2975,1199,503,1
2976,1199,561,1
2977,1199,277,1
2978,1199,281,1
2979,1199,418,1
2980,1199,582,1
2981,1199,915,1
2982,1199,863,1
2983,1199,295,1
2984,1199,78,1
2985,1199,1273,1
2986,1199,1474,1
2987,1199,98,1
2988,1199,1455,1
2989,1199,622,1
2990,1199,1141,1
2991,1199,107,1
2992,1199,157,1
2993,1199,498,1
2994,1199,1085,1
2995,1199,1017,1
2996,1199,1354,1
2997,1199,223,1
2998,1199,1118,1
2999,1199,1312,1
3000,1199,882,1
3001,1199,1157,1
3002,1199,1566,1
3003,1199,12,1
3004,1199,1275,1
3005,1199,1076,1
3006,1199,929,1
3007,1199,730,1
3008,1199,76,1
3009,1199,577,1
3010,1199,1113,1
3011,1199,1374,1
3012,1199,901,1
3013,1199,916,1
3014,1199,527,1
3015,1199,921,1
3016,1199,668,1
3017,1199,1619,1
3018,1199,315,1
3019,1199,1321,1
3020,1199,48,1
3021,1199,252,1
3022,1199,955,1
3023,1199,1079,1
3024,1199,625,1
3025,1199,646,1
3026,1199,1303,1
3027,1199,983,1
3028,1199,491,1
3029,1199,139,1
3030,1199,103,1
3031,1199,1360,1
3032,1199,231,1
3033,1199,1370,1
3034,1199,1217,1
3035,1199,1294,1
3036,1199,995,1
3037,1199,649,1
3038,1199,1295,1
3039,1199,397,1
3040,1199,728,1
3041,1199,716,1
3042,1199,1000,1
3043,1199,547,1
3044,1199,1559,1
3045,1199,501,1
3046,1199,810,1
3047,1199,1352,1
3048,1199,128,1
3049,1199,1005,1
3050,1199,737,1
3051,1199,1453,1
3052,1199,304,1
3053,1199,1138,1
3054,1199,379,1
3055,1199,1570,1
3056,1199,192,1
3057,1199,198,1
3058,1199,1095,1
3059,1199,630,1
3060,1199,663,1
3061,1199,956,1
3062,1199,938,1
3063,1199,1271,1
3064,1199,749,1
3065,1199,557,1
3066,1199,1355,1
3067,1199,120,1
3068,1199,119,1
3069,1199,1509,1
3070,1199,890,1
3071,1199,58,1
3072,1199,145,1
3073,1199,973,1
3074,1199,1500,1
3075,1199,1003,1
3076,1199,1077,1
3077,1202,1423,1
3078,1202,431,1
3079,1202,340,1
3080,1202,538,1
3081,1205,1132,1
3082,1205,306,1
3083,1205,557,1
3084,1210,1536,1
3085,1210,35,1
3086,1210,757,1
3087,1210,1079,1
3088,1210,149,1
3089,1210,360,1
3090,1210,384,1
3091,1210,598,1
3092,1210,1409,1
3093,1210,260,1
3094,1210,1458,1
3095,1210,144,1
3096,1210,356,1
3097,1210,160,1
3098,1210,449,1
3099,1210,340,1
3100,1210,764,1
3101,1210,319,1
3102,1210,1245,1
3103,1210,1478,1
3104,1210,333,1
3105,1210,500,1
3106,1210,492,1
3107,1210,230,1
3108,1210,98,1
3109,1210,353,1
3110,1210,454,1
3111,1210,490,1
3112,1210,312,1
3113,1210,21,1
3114,1210,630,1
3115,1210,415,1
3116,1210,76,1
3117,1210,369,1
3118,1210,712,1
3119,1210,191,1
3120,1210,1124,1
3121,1210,1213,1
3122,1210,797,1
3123,1210,1237,1
3124,1210,225,1
3125,1210,1007,1
3126,1210,943,1
3127,1210,1012,1
3128,1210,1510,1
3129,1210,1351,1
3130,1210,2,1
3131,1210,1024,1
3132,1211,675,1
3133,1211,1419,1
3134,1211,1576,1
3135,1211,411,1
3136,1211,235,1
3137,1211,878,1
3138,1211,1078,1
3139,1211,1451,1
3140,1211,1483,1
3141,1211,966,1
3142,1211,1445,1
3143,1211,1601,1
3144,1213,723,1
3145,1213,1366,1
3146,1214,678,1
3147,1214,1517,1
3148,1214,616,1
3149,1214,1038,1
3150,1214,248,1
3151,1214,1464,1
3152,1214,1575,1
3153,1214,649,1
3154,1215,107,1
3155,1215,645,1
3156,1215,1173,1
3157,1215,101,1
3158,1215,455,1
3159,1215,284,1
3160,1215,1580,1
3161,1215,1483,1
3162,1215,1445,1
3163,1215,1331,1
3164,1215,48,1
3165,1215,1451,1
3166,1217,1331,1
3167,1217,878,1
3168,1217,190,1
3169,1217,675,1
3170,1217,1231,1
3171,1217,1078,1
3172,1219,385,1
3173,1219,706,1
3174,1219,161,1
3175,1219,4,1
3176,1219,413,1
3177,1219,1052,1
3178,1219,320,1
3179,1219,286,1
3180,1219,1564,1
3181,1219,593,1
3182,1219,1038,1
3183,1219,1143,1
3184,1219,1292,1
3185,1219,665,1
3186,1219,916,1
3187,1219,1436,1
3188,1219,41,1
3189,1219,1536,1
3190,1219,620,1
3191,1219,102,1
3192,1219,352,1
3193,1219,1459,1
3194,1219,979,1
3195,1219,138,1
3196,1219,438,1
3197,1219,18,1
3198,1219,1595,1
3199,1219,616,1
3200,1219,486,1
3201,1219,75,1
3202,1219,1328,1
3203,1219,550,1
3204,1219,960,1
3205,1219,485,1
3206,1219,553,1
3207,1219,400,1
3208,1219,467,1
3209,1219,1027,1
3210,1219,204,1
3211,1219,1001,1
3212,1219,1421,1
3213,1219,266,1
3214,1219,70,1
3215,1219,1132,1
3216,1219,65,1
3217,1219,1056,1
3218,1219,1229,1
3219,1219,1007,1
3220,1219,901,1
3221,1219,1272,1
3222,1219,1214,1
3223,1219,751,1
3224,1219,74,1
3225,1219,1453,1
3226,1219,254,1
3227,1219,577,1
3228,1219,408,1
3229,1219,1403,1
3230,1219,558,1
3231,1219,1355,1
3232,1219,1187,1
3233,1219,1203,1
3234,1219,219,1
3235,1219,459,1
3236,1219,674,1
3237,1219,610,1
3238,1219,1093,1
3239,1219,1237,1
3240,1219,2,1
3241,1219,530,1
3242,1219,295,1
3243,1219,737,1
3244,1219,232,1
3245,1219,1167,1
3246,1219,825,1
3247,1219,184,1
3248,1219,475,1
3249,1219,1416,1
3250,1219,502,1
3251,1219,1611,1
3252,1219,1047,1
3253,1219,639,1
3254,1219,366,1
3255,1219,696,1
3256,1219,791,1
3257,1219,996,1
3258,1219,1171,1
3259,1219,926,1
3260,1219,619,1
3261,1219,131,1
3262,1219,723,1
3263,1219,120,1
3264,1219,107,1
3265,1219,1137,1
3266,1219,1231,1
3267,1219,652,1
3268,1219,86,1
3269,1219,1172,1
3270,1219,653,1
3271,1219,779,1
3272,1219,143,1
3273,1219,574,1
3274,1219,1445,1
3275,1219,694,1
3276,1219,691,1
3277,1219,566,1
3278,1219,446,1
3279,1219,1352,1
3280,1219,409,1
3281,1219,681,1
3282,1219,1314,1
3283,1219,1600,1
3284,1219,745,1
3285,1219,1461,1
3286,1220,244,1
3287,1221,577,1
3288,1221,1057,1
3289,1221,69,1
3290,1221,1544,1
3291,1221,473,1
3292,1221,1054,1
3293,1221,112,1
3294,1221,254,1
3295,1221,564,1
3296,1221,171,1
3297,1221,926,1
3298,1221,80,1
3299,1221,1187,1
3300,1221,1075,1
3301,1221,13,1
3302,1222,898,1
3303,1222,1187,1
3304,1222,1367,1
3305,1222,1359,1
3306,1222,564,1
3307,1222,926,1
3308,1222,112,1
3309,1222,1500,1
3310,1222,1054,1
3311,1222,431,1
3312,1222,447,1
3313,1222,171,1
3314,1222,69,1
3315,1222,1075,1
3316,1222,1221,1
3317,1222,80,1
3318,1223,1517,1
3319,1223,1079,1
3320,1224,1063,1
3321,1224,465,1
3322,1224,1168,1
3323,1224,1315,1
3324,1224,887,1
3325,1224,818,1
3326,1224,943,1
3327,1224,636,1
3328,1224,1507,1
3329,1224,1514,1
3330,1224,1600,1
3331,1224,641,1
3332,1224,1055,1
3333,1224,357,1
3334,1224,995,1
3335,1224,335,1
3336,1224,160,1
3337,1224,1234,1
3338,1224,47,1
3339,1224,535,1
3340,1224,593,1
3341,1224,577,1
3342,1224,986,1
3343,1226,1551,1
3344,1229,544,1
3345,1229,1390,1
3346,1229,1219,1
3347,1229,1132,1
3348,1231,1408,1
3349,1231,455,1
3350,1231,1542,1
3351,1231,1573,1
3352,1231,638,1
3353,1231,878,1
3354,1231,1601,1
3355,1231,1173,1
3356,1231,1217,1
3357,1231,1576,1
3358,1231,1580,1
3359,1231,190,1
3360,1231,1445,1
3361,1231,966,1
3362,1231,675,1
3363,1231,64,1
3364,1232,1210,1
3365,1232,459,1
3366,1233,1317,1
3367,1233,582,1
3368,1235,21,1
3369,1235,48,1
3370,1237,18,1
3371,1237,459,1
3372,1237,1219,1
3373,1237,485,1
3374,1239,716,1
3375,1245,234,1
3376,1248,1056,1
3377,1248,781,1
3378,1249,1495,1
3379,1249,120,1
3380,1249,121,1
3381,1249,716,1
3382,1249,1326,1
3383,1249,571,1
3384,1249,773,1
3385,1249,338,1
3386,1249,17,1
3387,1249,1052,1
3388,1249,896,1
3389,1249,155,1
3390,1249,1218,1
3391,1249,149,1
3392,1249,1130,1
3393,1249,509,1
3394,1249,567,1
3395,1249,649,1
3396,1249,1475,1
3397,1249,192,1
3398,1254,588,1
3399,1254,520,1
3400,1254,1312,1
3401,1254,1494,1
3402,1254,1364,1
3403,1254,773,1
3404,1254,830,1
3405,1256,368,1
3406,1256,926,1
3407,1256,371,1
3408,1256,1258,1
3409,1257,504,1
3410,1257,1500,1
3411,1258,123,1
3412,1258,1423,1
3413,1258,847,1
3414,1258,413,1
3415,1258,1059,1
3416,1258,584,1
3417,1258,317,1
3418,1258,1222,1
3419,1258,838,1
3420,1258,833,1
3421,1258,1424,1
3422,1258,300,1
3423,1259,926,1
3424,1262,155,1
3425,1264,1409,1
3426,1264,473,1
3427,1264,627,1
3428,1264,263,1
3429,1264,1496,1
3430,1264,421,1
3431,1264,557,1
3432,1264,998,1
3433,1264,1525,1
3434,1264,1289,1
3435,1264,1118,1
3436,1264,191,1
3437,1264,593,1
3438,1264,419,1
3439,1264,1359,1
3440,1264,1148,1
3441,1264,6,1
3442,1264,654,1
3443,1264,128,1
3444,1264,278,1
3445,1264,490,1
3446,1264,1501,1
3447,1264,1005,1
3448,1264,1130,1
3449,1264,570,1
3450,1264,841,1
3451,1264,1323,1
3452,1264,923,1
3453,1264,1004,1
3454,1264,1590,1
3455,1264,1213,1
3456,1264,1438,1
3457,1264,315,1
3458,1264,810,1
3459,1264,353,1
3460,1264,1110,1
3461,1264,1009,1
3462,1264,1615,1
3463,1264,36,1
3464,1264,384,1
3465,1264,1343,1
3466,1264,824,1
3467,1264,360,1
3468,1264,743,1
3469,1264,164,1
3470,1264,948,1
3471,1264,893,1
3472,1264,120,1
3473,1264,75,1
3474,1264,1265,1
3475,1264,639,1
3476,1264,374,1
3477,1264,836,1
3478,1264,1063,1
3479,1264,41,1
3480,1264,1507,1
3481,1264,1195,1
3482,1264,442,1
3483,1264,800,1
3484,1264,521,1
3485,1264,479,1
3486,1264,1605,1
3487,1264,1061,1
3488,1264,1463,1
3489,1264,714,1
3490,1264,980,1
3491,1264,995,1
3492,1264,1014,1
3493,1272,311,1
3494,1272,751,1
3495,1272,474,1
3496,1272,1338,1
3497,1273,473,1
3498,1273,1445,1
3499,1273,622,1
3500,1273,58,1
3501,1273,1251,1
3502,1273,1341,1
3503,1273,903,1
3504,1273,262,1
3505,1273,599,1
3506,1273,1241,1
3507,1281,244,1
3508,1281,1132,1
3509,1281,524,1
3510,1281,593,1
3511,1281,1424,1
3512,1281,919,1
3513,1281,849,1
3514,1283,1057,1
3515,1289,1101,1
3516,1291,739,1
3517,1291,668,1
3518,1291,1471,1
3519,1291,1043,1
3520,1291,1517,1
3521,1291,1199,1
3522,1291,945,1
3523,1291,896,1
3524,1291,1312,1
3525,1291,660,1
3526,1291,438,1
3527,1291,1599,1
3528,1291,48,1
3529,1291,74,1
3530,1291,300,1
3531,1291,69,1
3532,1291,1585,1
3533,1291,1054,1
3534,1291,1056,1
3535,1291,354,1
3536,1291,155,1
3537,1291,1077,1
3538,1291,1202,1
3539,1293,716,1
3540,1296,228,1
3541,1301,1218,1
3542,1301,1079,1
3543,1301,467,1
3544,1305,1074,1
3545,1305,696,1
3546,1308,658,1
3547,1308,185,1
3548,1308,773,1
3549,1308,874,1
3550,1308,21,1
3551,1308,319,1
3552,1308,958,1
3553,1308,598,1
3554,1308,485,1
3555,1308,678,1
3556,1308,80,1
3557,1308,1022,1
3558,1308,1551,1
3559,1308,77,1
3560,1308,1421,1
3561,1308,1505,1
3562,1308,664,1
3563,1308,779,1
3564,1308,1460,1
3565,1308,1476,1
3566,1308,733,1
3567,1308,766,1
3568,1308,681,1
3569,1308,371,1
3570,1308,220,1
3571,1308,1525,1
3572,1308,1576,1
3573,1308,1386,1
3574,1308,473,1
3575,1308,1218,1
3576,1308,905,1
3577,1308,1526,1
3578,1308,956,1
3579,1308,100,1
3580,1308,889,1
3581,1308,507,1
3582,1308,1126,1
3583,1308,156,1
3584,1308,557,1
3585,1308,856,1
3586,1308,1073,1
3587,1308,875,1
3588,1308,1004,1
3589,1308,895,1
3590,1308,456,1
3591,1308,743,1
3592,1308,392,1
3593,1312,48,1
3594,1312,890,1
3595,1312,185,1
3596,1312,1132,1
3597,1312,773,1
3598,1312,306,1
3599,1312,1157,1
3600,1312,128,1
3601,1312,277,1
3602,1312,786,1
3603,1312,544,1
3604,1312,1205,1
3605,1312,1241,1
3606,1312,818,1
3607,1312,926,1
3608,1312,575,1
3609,1312,588,1
3610,1312,1395,1
3611,1312,996,1
3612,1314,335,1
3613,1314,1064,1
3614,1314,1231,1
3615,1314,1327,1
3616,1314,230,1
3617,1314,1003,1
3618,1314,695,1
3619,1314,1548,1
3620,1314,829,1
3621,1314,393,1
3622,1314,397,1
3623,1314,458,1
3624,1314,1303,1
3625,1314,612,1
3626,1314,773,1
3627,1314,577,1
3628,1314,98,1
3629,1314,914,1
3630,1314,355,1
3631,1314,636,1
3632,1314,887,1
3633,1314,879,1
3634,1314,1017,1
3635,1314,921,1
3636,1314,1403,1
3637,1314,1564,1
3638,1314,69,1
3639,1314,1057,1
3640,1315,951,1
3641,1315,959,1
3642,1315,775,1
3643,1315,1543,1
3644,1315,535,1
3645,1315,1507,1
3646,1315,1544,1
3647,1315,241,1
3648,1315,615,1
3649,1315,934,1
3650,1315,1247,1
3651,1315,465,1
3652,1315,269,1
3653,1315,357,1
3654,1315,945,1
3655,1315,716,1
3656,1315,895,1
3657,1315,1022,1
3658,1315,157,1
3659,1315,1268,1
3660,1315,712,1
3661,1315,641,1
3662,1315,733,1
3663,1315,1168,1
3664,1317,1199,1
3665,1317,582,1
3666,1317,1233,1
3667,1317,1,1
3668,1318,1393,1
3669,1318,1581,1
3670,1318,1093,1
3671,1318,317,1
3672,1318,1370,1
3673,1323,557,1
3674,1326,231,1
3675,1326,510,1
3676,1326,987,1
3677,1326,1249,1
3678,1326,1199,1
3679,1326,192,1
3680,1326,132,1
3681,1326,1241,1
3682,1326,903,1
3683,1326,47,1
3684,1326,1254,1
3685,1326,1447,1
3686,1328,1219,1
3687,1328,1053,1
3688,1328,566,1
3689,1328,1359,1
3690,1331,1573,1
3691,1331,675,1
3692,1331,1451,1
3693,1331,878,1
3694,1331,1149,1
3695,1331,1173,1
3696,1331,1580,1
3697,1331,1576,1
3698,1331,1211,1
3699,1331,1231,1
3700,1331,1408,1
3701,1331,455,1
3702,1331,1439,1
3703,1331,411,1
3704,1331,1542,1
3705,1338,311,1
3706,1338,136,1
3707,1338,1272,1
3708,1338,646,1
3709,1338,1132,1
3710,1338,751,1
3711,1338,538,1
3712,1339,1183,1
3713,1339,451,1
3714,1339,1210,1
3715,1339,408,1
3716,1339,1254,1
3717,1339,245,1
3718,1339,1503,1
3719,1339,151,1
3720,1350,1317,1
3721,1354,1328,1
3722,1354,1219,1
3723,1354,616,1
3724,1354,723,1
3725,1355,1574,1
3726,1355,538,1
3727,1355,244,1
3728,1355,485,1
3729,1355,1370,1
3730,1355,1591,1
3731,1355,879,1
3732,1355,459,1
3733,1359,1222,1
3734,1359,649,1
3735,1359,469,1
3736,1359,128,1
3737,1359,157,1
3738,1363,1308,1
3739,1363,716,1
3740,1363,48,1
3741,1363,520,1
3742,1364,248,1
3743,1364,1218,1
3744,1364,79,1
3745,1364,557,1
3746,1364,983,1
3747,1364,773,1
3748,1364,1254,1
3749,1364,91,1
3750,1364,616,1
3751,1364,516,1
3752,1364,868,1
3753,1364,1054,1
3754,1366,518,1
3755,1366,1462,1
3756,1367,69,1
3757,1367,1075,1
3758,1367,926,1
3759,1367,1222,1
3760,1367,898,1
3761,1367,254,1
3762,1367,564,1
3763,1367,290,1
3764,1367,1312,1
3765,1367,171,1
3766,1367,112,1
3767,1367,808,1
3768,1367,447,1
3769,1369,171,1
3770,1369,846,1
3771,1369,1093,1
3772,1369,112,1
3773,1369,193,1
3774,1369,564,1
3775,1369,222,1
3776,1369,13,1
3777,1370,1202,1
3778,1370,349,1
3779,1370,346,1
3780,1370,1581,1
3781,1370,1003,1
3782,1370,1612,1
3783,1370,1162,1
3784,1370,708,1
3785,1370,136,1
3786,1370,604,1
3787,1370,1186,1
3788,1370,1355,1
3789,1370,538,1
3790,1370,1500,1
3791,1370,1097,1
3792,1370,1517,1
3793,1370,1318,1
3794,1370,1136,1
3795,1370,1407,1
3796,1370,329,1
3797,1370,1132,1
3798,1371,1517,1
3799,1385,1191,1
3800,1385,263,1
3801,1385,926,1
3802,1385,1422,1
3803,1385,919,1
3804,1385,903,1
3805,1394,323,1
3806,1395,588,1
3807,1395,566,1
3808,1395,1251,1
3809,1395,136,1
3810,1395,229,1
3811,1400,317,1
3812,1400,577,1
3813,1400,557,1
3814,1400,649,1
3815,1403,1219,1
3816,1404,987,1
3817,1404,1003,1
3818,1407,986,1
3819,1408,1173,1
3820,1408,1580,1
3821,1408,1215,1
3822,1408,1439,1
3823,1408,1149,1
3824,1408,1231,1
3825,1408,966,1
3826,1408,1573,1
3827,1408,1028,1
3828,1408,1542,1
3829,1408,152,1
3830,1409,934,1
3831,1419,1576,1
3832,1419,966,1
3833,1419,1231,1
3834,1419,64,1
3835,1419,904,1
3836,1419,1580,1
3837,1419,929,1
3838,1419,499,1
3839,1420,317,1
3840,1420,716,1
3841,1423,858,1
3842,1423,668,1
3843,1423,1447,1
3844,1423,971,1
3845,1423,589,1
3846,1423,1258,1
3847,1424,649,1
3848,1424,544,1
3849,1424,1364,1
3850,1427,1210,1
3851,1427,1519,1
3852,1433,1053,1
3853,1435,467,1
3854,1436,431,1
3855,1436,1500,1
3856,1436,467,1
3857,1436,1257,1
3858,1438,397,1
3859,1438,467,1
3860,1438,48,1
3861,1438,1218,1
3862,1438,1199,1
3863,1438,676,1
3864,1438,983,1
3865,1439,455,1
3866,1439,1028,1
3867,1439,1445,1
3868,1439,64,1
3869,1445,566,1
3870,1445,1211,1
3871,1445,1439,1
3872,1445,1057,1
3873,1445,1219,1
3874,1445,1451,1
3875,1445,1028,1
3876,1445,1273,1
3877,1445,64,1
3878,1445,1483,1
3879,1445,1542,1
3880,1445,455,1
3881,1445,809,1
3882,1447,415,1
3883,1447,1195,1
3884,1447,716,1
3885,1447,1613,1
3886,1447,773,1
3887,1447,340,1
3888,1447,1599,1
3889,1447,1438,1
3890,1447,1218,1
3891,1447,1326,1
3892,1447,656,1
3893,1447,1404,1
3894,1447,458,1
3895,1447,1118,1
3896,1447,987,1
3897,1447,919,1
3898,1447,676,1
3899,1447,538,1
3900,1447,234,1
3901,1447,563,1
3902,1447,559,1
3903,1447,1061,1
3904,1451,638,1
3905,1451,1408,1
3906,1451,455,1
3907,1451,314,1
3908,1451,1576,1
3909,1451,1573,1
3910,1451,1419,1
3911,1451,301,1
3912,1451,64,1
3913,1451,1445,1
3914,1453,776,1
3915,1453,1303,1
3916,1453,530,1
3917,1453,451,1
3918,1453,191,1
3919,1453,1591,1
3920,1453,590,1
3921,1453,231,1
3922,1453,1078,1
3923,1453,905,1
3924,1453,971,1
3925,1453,991,1
3926,1454,547,1
3927,1454,137,1
3928,1454,391,1
3929,1454,284,1
3930,1454,1136,1
3931,1454,422,1
3932,1454,252,1
3933,1454,923,1
3934,1454,1098,1
3935,1454,1601,1
3936,1454,1397,1
3937,1454,983,1
3938,1454,498,1
3939,1454,65,1
3940,1454,673,1
3941,1454,420,1
3942,1454,995,1
3943,1454,1232,1
3944,1454,1568,1
3945,1454,1427,1
3946,1454,254,1
3947,1454,681,1
3948,1454,1294,1
3949,1454,1355,1
3950,1454,374,1
3951,1454,890,1
3952,1454,491,1
3953,1454,1093,1
3954,1454,98,1
3955,1454,1139,1
3956,1454,171,1
3957,1454,1419,1
3958,1454,975,1
3959,1454,154,1
3960,1454,1130,1
3961,1454,295,1
3962,1454,1497,1
3963,1454,1077,1
3964,1454,1180,1
3965,1454,7,1
3966,1454,1468,1
3967,1454,1560,1
3968,1454,448,1
3969,1454,1387,1
3970,1454,748,1
3971,1454,645,1
3972,1454,810,1
3973,1454,1490,1
3974,1454,985,1
3975,1454,857,1
3976,1454,1264,1
3977,1454,1095,1
3978,1454,1151,1
3979,1454,1250,1
3980,1454,143,1
3981,1454,1217,1
3982,1454,1579,1
3983,1454,1128,1
3984,1454,1566,1
3985,1454,13,1
3986,1454,1385,1
3987,1454,1047,1
3988,1454,158,1
3989,1454,531,1
3990,1454,1541,1
3991,1454,1439,1
3992,1454,48,1
3993,1454,165,1
3994,1454,379,1
3995,1454,527,1
3996,1454,1071,1
3997,1454,847,1
3998,1454,103,1
3999,1454,1115,1
4000,1454,1555,1
4001,1454,10,1
4002,1454,107,1
4003,1454,1141,1
4004,1454,1482,1
4005,1454,1293,1
4006,1454,1521,1
4007,1454,1029,1
4008,1454,221,1
4009,1454,1374,1
4010,1454,341,1
4011,1454,119,1
4012,1454,900,1
4013,1454,224,1
4014,1454,58,1
4015,1454,560,1
4016,1454,1271,1
4017,1454,1236,1
4018,1454,630,1
4019,1454,919,1
4020,1454,1297,1
4021,1454,1581,1
4022,1454,901,1
4023,1454,327,1
4024,1454,1204,1
4025,1454,626,1
4026,1454,835,1
4027,1454,315,1
4028,1454,929,1
4029,1454,16,1
4030,1454,658,1
4031,1454,776,1
4032,1454,618,1
4033,1454,698,1
4034,1454,317,1
4035,1454,373,1
4036,1454,1052,1
4037,1454,881,1
4038,1454,708,1
4039,1454,719,1
4040,1454,588,1
4041,1454,534,1
4042,1454,1619,1
4043,1454,1323,1
4044,1454,688,1
4045,1454,371,1
4046,1454,397,1
4047,1454,1476,1
4048,1454,439,1
4049,1454,1240,1
4050,1454,1550,1
4051,1454,115,1
4052,1454,574,1
4053,1454,501,1
4054,1454,127,1
4055,1454,604,1
4056,1454,304,1
4057,1454,1459,1
4058,1454,961,1
4059,1454,1366,1
4060,1454,1409,1
4061,1454,563,1
4062,1454,1272,1
4063,1454,735,1
4064,1454,732,1
4065,1454,730,1
4066,1454,1539,1
4067,1454,858,1
4068,1454,1437,1
4069,1454,1346,1
4070,1454,610,1
4071,1464,649,1
4072,1464,248,1
4073,1464,723,1
4074,1464,91,1
4075,1464,616,1
4076,1468,566,1
4077,1468,723,1
4078,1471,1043,1
4079,1471,69,1
4080,1471,189,1
4081,1471,668,1
4082,1471,1291,1
4083,1475,48,1
4084,1476,1070,1
4085,1476,653,1
4086,1476,1199,1
4087,1476,1056,1
4088,1476,706,1
4089,1476,588,1
4090,1483,975,1
4091,1483,1331,1
4092,1483,314,1
4093,1483,1173,1
4094,1483,64,1
4095,1483,1419,1
4096,1483,1576,1
4097,1483,455,1
4098,1483,301,1
4099,1483,1211,1
4100,1493,723,1
4101,1494,1218,1
4102,1494,151,1
4103,1494,1249,1
4104,1495,1111,1
4105,1495,48,1
4106,1495,1589,1
4107,1495,129,1
4108,1495,1249,1
4109,1495,55,1
4110,1495,1056,1
4111,1495,1077,1
4112,1495,614,1
4113,1495,262,1
4114,1495,155,1
4115,1495,509,1
4116,1495,1467,1
4117,1495,1615,1
4118,1495,1578,1
4119,1496,774,1
4120,1496,1304,1
4121,1496,890,1
4122,1496,467,1
4123,1496,1474,1
4124,1496,1213,1
4125,1496,732,1
4126,1496,1219,1
4127,1496,879,1
4128,1496,945,1
4129,1496,1254,1
4130,1496,801,1
4131,1496,1609,1
4132,1496,469,1
4133,1496,128,1
4134,1496,189,1
4135,1496,509,1
4136,1496,1615,1
4137,1500,91,1
4138,1500,1257,1
4139,1500,765,1
4140,1500,557,1
4141,1501,966,1
4142,1501,547,1
4143,1501,1191,1
4144,1501,1155,1
4145,1501,48,1
4146,1501,461,1
4147,1501,888,1
4148,1505,919,1
4149,1505,469,1
4150,1510,280,1
4151,1510,279,1
4152,1510,664,1
4153,1510,1502,1
4154,1510,557,1
4155,1510,1478,1
4156,1517,1371,1
4157,1517,1355,1
4158,1517,1312,1
4159,1517,590,1
4160,1517,1281,1
4161,1518,1543,1
4162,1518,653,1
4163,1518,1215,1
4164,1518,1053,1
4165,1518,1232,1
4166,1519,1427,1
4167,1519,1437,1
4168,1519,380,1
4169,1519,1332,1
4170,1519,523,1
4171,1519,1538,1
4172,1519,919,1
4173,1519,234,1
4174,1519,492,1
4175,1519,322,1
4176,1519,1281,1
4177,1519,736,1
4178,1519,1612,1
4179,1519,900,1
4180,1519,552,1
4181,1519,737,1
4182,1519,267,1
4183,1519,838,1
4184,1519,191,1
4185,1519,1326,1
4186,1519,1114,1
4187,1519,965,1
4188,1519,1548,1
4189,1519,905,1
4190,1527,544,1
4191,1527,1520,1
4192,1533,723,1
4193,1539,1601,1
4194,1539,789,1
4195,1541,716,1
4196,1541,1130,1
4197,1541,48,1
4198,1541,903,1
4199,1542,975,1
4200,1542,658,1
4201,1542,247,1
4202,1542,1451,1
4203,1542,1483,1
4204,1542,314,1
4205,1542,64,1
4206,1542,1331,1
4207,1542,638,1
4208,1543,566,1
4209,1543,1599,1
4210,1543,1518,1
4211,1543,723,1
4212,1544,389,1
4213,1544,948,1
4214,1544,1301,1
4215,1544,1081,1
4216,1544,771,1
4217,1544,1052,1
4218,1544,564,1
4219,1544,1504,1
4220,1544,49,1
4221,1544,473,1
4222,1544,1402,1
4223,1544,478,1
4224,1544,1516,1
4225,1544,99,1
4226,1544,1410,1
4227,1544,1241,1
4228,1544,1239,1
4229,1544,191,1
4230,1544,287,1
4231,1544,580,1
4232,1544,762,1
4233,1544,894,1
4234,1544,59,1
4235,1544,706,1
4236,1544,1527,1
4237,1544,467,1
4238,1544,1191,1
4239,1544,382,1
4240,1550,338,1
4241,1550,1363,1
4242,1550,903,1
4243,1550,65,1
4244,1550,459,1
4245,1551,1332,1
4246,1551,1222,1
4247,1551,1074,1
4248,1551,858,1
4249,1551,1132,1
4250,1551,1259,1
4251,1551,773,1
4252,1560,511,1
4253,1560,566,1
4254,1560,1053,1
4255,1563,668,1
4256,1568,261,1
4257,1573,1580,1
4258,1573,1451,1
4259,1573,1173,1
4260,1573,284,1
4261,1573,1445,1
4262,1573,1053,1
4263,1573,1232,1
4264,1573,1408,1
4265,1573,1331,1
4266,1573,107,1
4267,1575,649,1
4268,1575,231,1
4269,1575,1400,1
4270,1575,1161,1
4271,1575,91,1
4272,1575,1464,1
4273,1575,248,1
4274,1575,317,1
4275,1576,1231,1
4276,1576,1419,1
4277,1576,1580,1
4278,1576,929,1
4279,1576,247,1
4280,1576,1451,1
4281,1576,1264,1
4282,1576,1331,1
4283,1576,1211,1
4284,1580,1483,1
4285,1580,1576,1
4286,1580,1542,1
4287,1580,455,1
4288,1580,314,1
4289,1580,64,1
4290,1580,1331,1
4291,1580,1173,1
4292,1580,1573,1
4293,1580,1445,1
4294,1581,354,1
4295,1581,1318,1
4296,1581,1370,1
4297,1581,556,1
4298,1585,48,1
4299,1585,467,1
4300,1585,649,1
4301,1585,1291,1
4302,1585,1054,1
4303,1585,926,1
4304,1585,1519,1
4305,1585,600,1
4306,1590,926,1
4307,1590,1367,1
4308,1590,1369,1
4309,1590,447,1
4310,1591,1438,1
4311,1591,401,1
4312,1592,21,1
4313,1592,48,1
4314,1599,1551,1
4315,1599,1543,1
4316,1599,987,1
4317,1599,1423,1
4318,1599,649,1
4319,1599,637,1
4320,1599,1003,1
4321,1599,1291,1
4322,1599,389,1
4323,1599,1455,1
4324,1599,814,1
4325,1613,996,1
4326,1613,29,1
4327,1614,492,1
4328,1615,101,1
4329,1615,614,1
4330,1615,206,1
4331,1615,1077,1
4332,1615,903,1
4333,1615,55,1
4334,1615,590,1
4335,1615,155,1
4336,0,402,0
4337,1,122,0
4338,1,287,0
4339,2,303,0
4340,2,250,0
4341,2,1543,0
4342,2,1534,0
4343,2,1377,0
4344,2,1310,0
4345,2,1080,0
4346,2,490,0
4347,8,590,0
4348,8,1020,0
4349,8,1416,0
4350,9,1310,0
4351,9,1229,0
4352,9,348,0
4353,9,1564,0
4354,9,1222,0
4355,9,967,0
4356,9,970,0
4357,9,436,0
4358,9,1443,0
4359,9,576,0
4360,9,826,0
4361,9,494,0
4362,9,1348,0
4363,9,235,0
4364,9,913,0
4365,9,1555,0
4366,9,982,0
4367,9,947,0
4368,9,1262,0
4369,9,1470,0
4370,9,52,0
4371,9,223,0
4372,9,1206,0
4373,9,227,0
4374,9,832,0
4375,9,878,0
4376,9,1048,0
4377,9,1562,0
4378,9,424,0
4379,9,1601,0
4380,9,1448,0
4381,9,889,0
4382,9,14,0
4383,9,783,0
4384,9,1546,0
4385,9,1012,0
4386,9,1291,0
4387,9,784,0
4388,9,283,0
4389,9,1334,0
4390,9,1532,0
4391,9,1420,0
4392,9,1526,0
4393,9,882,0
4394,9,1531,0
4395,9,330,0
4396,9,977,0
4397,9,1479,0
4398,9,340,0
4399,9,482,0
4400,9,431,0
4401,9,789,0
4402,9,929,0
4403,9,156,0
4404,9,649,0
4405,9,968,0
4406,9,1215,0
4407,9,927,0
4408,9,402,0
4409,9,429,0
4410,9,1302,0
4411,9,1344,0
4412,9,279,0
4413,9,29,0
4414,9,937,0
4415,9,868,0
4416,9,1519,0
4417,9,1308,0
4418,9,1009,0
4419,9,1204,0
4420,9,257,0
4421,9,454,0
4422,9,1494,0
4423,9,170,0
4424,9,943,0
4425,9,471,0
4426,9,1116,0
4427,9,1051,0
4428,9,273,0
4429,9,807,0
4430,9,378,0
4431,9,218,0
4432,9,201,0
4433,9,293,0
4434,9,770,0
4435,9,1385,0
4436,9,1556,0
4437,9,337,0
4438,9,710,0
4439,9,1510,0
4440,9,1360,0
4441,9,1255,0
4442,9,1331,0
4443,9,1078,0
4444,9,212,0
4445,9,1347,0
4446,9,562,0
4447,9,1517,0
4448,9,1057,0
4449,9,1540,0
4450,9,675,0
4451,9,1093,0
4452,9,636,0
4453,9,1234,0
4454,9,935,0
4455,9,1429,0
4456,9,1457,0
4457,9,284,0
4458,9,361,0
4459,9,439,0
4460,9,1305,0
4461,9,1350,0
4462,9,551,0
4463,9,822,0
4464,9,602,0
4465,9,630,0
4466,9,885,0
4467,9,731,0
4468,9,646,0
4469,9,115,0
4470,9,1021,0
4471,9,1378,0
4472,9,1214,0
4473,9,948,0
4474,9,1343,0
4475,9,617,0
4476,9,647,0
4477,9,1413,0
4478,9,701,0
4479,9,442,0
4480,9,365,0
4481,9,316,0
4482,9,313,0
4483,9,674,0
4484,9,894,0
4485,9,6,0
4486,10,233,0
4487,17,36,0
4488,17,193,0
4489,17,1276,0
4490,17,823,0
4491,17,976,0
4492,17,296,0
4493,17,497,0
4494,17,968,0
4495,18,1217,0
4496,18,225,0
4497,18,1490,0
4498,18,1236,0
4499,18,1481,0
4500,18,859,0
4501,18,264,0
4502,21,7,0
4503,21,793,0
4504,21,138,0
4505,21,175,0
4506,21,1034,0
4507,21,1300,0
4508,21,1235,0
4509,21,437,0
4510,21,1521,0
4511,21,1363,0
4512,21,72,0
4513,21,540,0
4514,21,1228,0
4515,21,59,0
4516,21,174,0
4517,21,1052,0
4518,21,900,0
4519,21,479,0
4520,21,448,0
4521,21,87,0
4522,21,122,0
4523,21,1008,0
4524,21,644,0
4525,21,1513,0
4526,21,1135,0
4527,21,1027,0
4528,21,1581,0
4529,21,949,0
4530,21,361,0
4531,21,772,0
4532,21,865,0
4533,21,140,0
4534,21,895,0
4535,21,513,0
4536,21,341,0
4537,21,126,0
4538,21,676,0
4539,21,1251,0
4540,21,817,0
4541,21,181,0
4542,21,76,0
4543,21,1511,0
4544,21,94,0
4545,21,994,0
4546,21,995,0
4547,21,49,0
4548,21,724,0
4549,21,519,0
4550,21,930,0
4551,21,430,0
4552,21,1492,0
4553,21,1552,0
4554,21,960,0
4555,27,1611,0
4556,35,1590,0
4557,35,587,0
4558,35,1429,0
4559,35,1570,0
4560,35,55,0
4561,35,67,0
4562,43,1218,0
4563,43,656,0
4564,43,150,0
4565,43,1329,0
4566,43,158,0
4567,44,1601,0
4568,44,712,0
4569,44,1167,0
4570,44,821,0
4571,44,823,0
4572,44,1100,0
4573,44,456,0
4574,44,1542,0
4575,44,787,0
4576,44,652,0
4577,47,1363,0
4578,47,308,0
4579,47,1049,0
4580,47,906,0
4581,47,1319,0
4582,47,1587,0
4583,47,1387,0
4584,47,1058,0
4585,47,878,0
4586,48,674,0
4587,48,772,0
4588,48,371,0
4589,48,611,0
4590,48,222,0
4591,48,1584,0
4592,48,828,0
4593,48,66,0
4594,48,1255,0
4595,48,178,0
4596,48,1298,0
4597,48,428,0
4598,48,2,0
4599,48,542,0
4600,48,1293,0
4601,48,822,0
4602,48,68,0
4603,48,1360,0
4604,48,465,0
4605,48,295,0
4606,48,19,0
4607,48,1265,0
4608,48,223,0
4609,48,966,0
4610,48,1486,0
4611,48,49,0
4612,48,804,0
4613,48,1427,0
4614,48,247,0
4615,48,662,0
4616,48,239,0
4617,48,1582,0
4618,48,94,0
4619,48,419,0
4620,48,137,0
4621,48,282,0
4622,48,1186,0
4623,48,596,0
4624,48,784,0
4625,48,321,0
4626,48,332,0
4627,48,87,0
4628,48,990,0
4629,48,39,0
4630,48,302,0
4631,48,346,0
4632,48,207,0
4633,48,619,0
4634,48,561,0
4635,48,1219,0
4636,48,889,0
4637,48,156,0
4638,48,768,0
4639,48,1032,0
4640,48,939,0
4641,48,1196,0
4642,48,916,0
4643,48,1398,0
4644,48,971,0
4645,48,552,0
4646,48,46,0
4647,48,257,0
4648,48,405,0
4649,48,841,0
4650,48,339,0
4651,48,671,0
4652,48,1355,0
4653,48,1277,0
4654,48,1351,0
4655,48,1203,0
4656,48,263,0
4657,48,161,0
4658,48,536,0
4659,48,310,0
4660,48,935,0
4661,48,413,0
4662,48,1140,0
4663,48,954,0
4664,50,611,0
4665,50,1035,0
4666,50,917,0
4667,52,1184,0
4668,52,835,0
4669,58,110,0
4670,58,1157,0
4671,58,274,0
4672,58,1551,0
4673,58,493,0
4674,58,1133,0
4675,58,1231,0
4676,58,1167,0
4677,58,1269,0
4678,58,892,0
4679,59,1258,0
4680,64,637,0
4681,64,474,0
4682,64,1493,0
4683,64,1334,0
4684,64,924,0
4685,64,1016,0
4686,64,944,0
4687,64,1398,0
4688,64,1466,0
4689,64,1144,0
4690,64,122,0
4691,64,642,0
4692,64,1085,0
4693,64,480,0
4694,64,1233,0
4695,64,1162,0
4696,68,993,0
4697,69,151,0
4698,69,190,0
4699,69,381,0
4700,69,543,0
4701,69,1029,0
4702,69,393,0
4703,69,72,0
4704,69,1394,0
4705,69,531,0
4706,69,511,0
4707,69,772,0
4708,69,1141,0
4709,69,802,0
4710,69,111,0
4711,69,1303,0
4712,69,992,0
4713,69,173,0
4714,69,53,0
4715,70,1094,0
4716,70,804,0
4717,70,961,0
4718,70,466,0
4719,77,1341,0
4720,77,919,0
4721,77,847,0
4722,77,103,0
4723,77,1439,0
4724,80,432,0
4725,80,8,0
4726,80,980,0
4727,80,13,0
4728,80,205,0
4729,80,937,0
4730,80,340,0
4731,80,1101,0
4732,88,587,0
4733,88,1201,0
4734,88,922,0
4735,88,1129,0
4736,91,460,0
4737,91,1221,0
4738,91,291,0
4739,91,318,0
4740,91,1322,0
4741,91,1301,0
4742,91,1124,0
4743,91,197,0
4744,91,382,0
4745,91,578,0
4746,91,729,0
4747,91,1290,0
4748,94,40,0
4749,94,1332,0
4750,94,1554,0
4751,94,98,0
4752,94,42,0
4753,94,1576,0
4754,94,827,0
4755,94,1382,0
4756,94,759,0
4757,94,1279,0
4758,94,737,0
4759,94,801,0
4760,98,16,0
4761,98,504,0
4762,98,247,0
4763,98,902,0
4764,98,1414,0
4765,98,457,0
4766,98,1385,0
4767,98,596,0
4768,98,1515,0
4769,102,1421,0
4770,105,156,0
4771,105,1356,0
4772,119,1295,0
4773,119,698,0
4774,119,862,0
4775,119,991,0
4776,119,339,0
4777,119,1425,0
4778,119,131,0
4779,119,27,0
4780,119,1231,0
4781,119,1307,0
4782,120,1582,0
4783,120,466,0
4784,121,103,0
4785,121,1411,0
4786,121,1246,0
4787,121,536,0
4788,121,1493,0
4789,121,441,0
4790,121,353,0
4791,130,715,0
4792,130,916,0
4793,136,71,0
4794,136,1372,0
4795,136,1218,0
4796,136,1512,0
4797,136,913,0
4798,136,1437,0
4799,136,280,0
4800,136,1240,0
4801,136,971,0
4802,136,1336,0
4803,136,933,0
4804,136,1487,0
4805,136,450,0
4806,140,1479,0
4807,141,1437,0
4808,145,1497,0
4809,145,658,0
4810,145,755,0
4811,145,1332,0
4812,145,418,0
4813,145,1067,0
4814,145,1367,0
4815,145,545,0
4816,145,167,0
4817,145,1449,0
4818,145,928,0
4819,145,296,0
4820,145,1009,0
4821,145,610,0
4822,145,561,0
4823,145,1576,0
4824,145,287,0
4825,145,681,0
4826,145,738,0
4827,145,1619,0
4828,145,1346,0
4829,145,1059,0
4830,145,749,0
4831,145,830,0
4832,149,360,0
4833,151,1028,0
4834,151,188,0
4835,151,1047,0
4836,151,1424,0
4837,151,542,0
4838,151,1607,0
4839,151,593,0
4840,151,341,0
4841,152,1390,0
4842,152,224,0
4843,152,455,0
4844,152,1271,0
4845,155,1036,0
4846,155,84,0
4847,155,1134,0
4848,155,881,0
4849,155,1187,0
4850,155,772,0
4851,155,625,0
4852,155,1521,0
4853,155,165,0
4854,155,1310,0
4855,155,175,0
4856,155,1603,0
4857,155,193,0
4858,155,999,0
4859,155,1491,0
4860,155,801,0
4861,156,1543,0
4862,156,1164,0
4863,157,545,0
4864,157,1527,0
4865,157,1009,0
4866,157,1131,0
4867,160,15,0
4868,161,1420,0
4869,161,0,0
4870,164,1430,0
4871,164,969,0
4872,164,70,0
4873,164,748,0
4874,164,1499,0
4875,164,1317,0
4876,164,329,0
4877,176,1392,0
4878,176,393,0
4879,185,1601,0
4880,186,287,0
4881,189,1020,0
4882,189,1034,0
4883,189,323,0
4884,189,1141,0
4885,189,159,0
4886,189,1080,0
4887,189,1059,0
4888,190,1461,0
4889,190,111,0
4890,190,654,0
4891,190,980,0
4892,190,1478,0
4893,190,76,0
4894,190,917,0
4895,191,664,0
4896,192,1532,0
4897,192,1147,0
4898,192,201,0
4899,192,207,0
4900,192,1268,0
4901,192,1528,0
4902,192,563,0
4903,192,70,0
4904,192,751,0
4905,192,1116,0
4906,192,804,0
4907,192,1486,0
4908,192,1041,0
4909,192,991,0
4910,192,1168,0
4911,192,495,0
4912,192,209,0
4913,192,490,0
4914,192,665,0
4915,192,574,0
4916,192,412,0
4917,192,197,0
4918,192,900,0
4919,192,1570,0
4920,192,1383,0
4921,192,999,0
4922,192,304,0
4923,192,387,0
4924,192,939,0
4925,192,689,0
4926,192,875,0
4927,192,87,0
4928,192,613,0
4929,192,743,0
4930,192,680,0
4931,192,397,0
4932,192,1538,0
4933,192,341,0
4934,192,1401,0
4935,192,657,0
4936,192,1441,0
4937,192,309,0
4938,192,1103,0
4939,192,1378,0
4940,192,268,0
4941,192,1497,0
4942,192,492,0
4943,192,316,0
4944,192,371,0
4945,192,1595,0
4946,192,1238,0
4947,192,477,0
4948,192,836,0
4949,192,1128,0
4950,192,274,0
4951,192,531,0
4952,192,1066,0
4953,192,1393,0
4954,192,785,0
4955,192,1193,0
4956,192,1479,0
4957,192,911,0
4958,192,239,0
4959,192,1277,0
4960,192,1321,0
4961,192,109,0
4962,192,701,0
4963,192,718,0
4964,192,403,0
4965,192,203,0
4966,192,818,0
4967,192,1137,0
4968,192,688,0
4969,192,186,0
4970,192,1210,0
4971,192,1023,0
4972,192,1394,0
4973,192,487,0
4974,192,1095,0
4975,192,449,0
4976,192,857,0
4977,192,560,0
4978,192,537,0
4979,192,867,0
4980,192,1034,0
4981,192,62,0
4982,192,947,0
4983,192,1534,0
4984,192,1243,0
4985,192,93,0
4986,192,1577,0
4987,192,1336,0
4988,192,41,0
4989,192,1125,0
4990,192,895,0
4991,192,1443,0
4992,192,188,0
4993,192,6,0
4994,192,57,0
4995,192,256,0
4996,192,1468,0
4997,192,447,0
4998,192,51,0
4999,192,986,0
5000,192,218,0
5001,192,1015,0
5002,192,308,0
5003,192,76,0
5004,192,466,0
5005,192,1062,0
5006,192,178,0
5007,192,640,0
5008,192,1100,0
5009,192,445,0
5010,192,359,0
5011,192,1333,0
5012,192,173,0
5013,192,34,0
5014,192,950,0
5015,192,348,0
5016,192,325,0
5017,192,584,0
5018,192,350,0
5019,192,813,0
5020,192,1426,0
5021,192,1524,0
5022,192,874,0
5023,192,1024,0
5024,192,1028,0
5025,192,1421,0
5026,192,389,0
5027,192,1470,0
5028,192,585,0
5029,192,455,0
5030,192,1483,0
5031,192,1382,0
5032,192,473,0
5033,192,407,0
5034,192,1578,0
5035,192,702,0
5036,192,66,0
5037,192,1272,0
5038,192,901,0
5039,192,1362,0
5040,192,1558,0
5041,192,1213,0
5042,192,1461,0
5043,192,215,0
5044,192,1170,0
5045,192,206,0
5046,192,663,0
5047,192,905,0
5048,192,647,0
5049,192,887,0
5050,192,915,0
5051,192,1106,0
5052,192,232,0
5053,192,224,0
5054,192,1282,0
5055,192,380,0
5056,192,314,0
5057,192,317,0
5058,197,699,0
5059,198,1555,0
5060,198,434,0
5061,198,1291,0
5062,198,573,0
5063,198,1323,0
5064,198,360,0
5065,198,1115,0
5066,210,662,0
5067,211,1369,0
5068,219,1507,0
5069,225,1091,0
5070,225,1368,0
5071,228,764,0
5072,228,255,0
5073,229,857,0
5074,231,963,0
5075,231,210,0
5076,231,439,0
5077,231,584,0
5078,231,1295,0
5079,231,461,0
5080,231,835,0
5081,231,600,0
5082,231,598,0
5083,231,1328,0
5084,232,619,0
5085,234,701,0
5086,234,1075,0
5087,234,405,0
5088,234,1385,0
5089,235,128,0
5090,235,711,0
5091,235,1534,0
5092,235,1100,0
5093,242,117,0
5094,242,1059,0
5095,244,717,0
5096,244,248,0
5097,244,605,0
5098,244,1419,0
5099,244,638,0
5100,244,745,0
5101,244,1246,0
5102,245,124,0
5103,245,1322,0
5104,245,897,0
5105,245,1491,0
5106,247,636,0
5107,247,1200,0
5108,247,1556,0
5109,247,1457,0
5110,247,1475,0
5111,248,810,0
5112,248,779,0
5113,248,966,0
5114,248,322,0
5115,248,1411,0
5116,248,486,0
5117,248,1289,0
5118,248,277,0
5119,248,1149,0
5120,248,763,0
5121,250,1525,0
5122,254,907,0
5123,254,596,0
5124,254,1589,0
5125,254,1031,0
5126,254,768,0
5127,254,640,0
5128,254,1278,0
5129,254,229,0
5130,254,1315,0
5131,254,1559,0
5132,254,680,0
5133,254,435,0
5134,254,800,0
5135,254,679,0
5136,254,408,0
5137,254,1456,0
5138,254,139,0
5139,254,1204,0
5140,254,1178,0
5141,254,101,0
5142,254,710,0
5143,259,442,0
5144,259,1391,0
5145,260,716,0
5146,260,948,0
5147,261,591,0
5148,261,1593,0
5149,261,199,0
5150,261,27,0
5151,261,1044,0
5152,261,762,0
5153,261,916,0
5154,261,539,0
5155,261,459,0
5156,261,633,0
5157,266,192,0
5158,266,1393,0
5159,267,343,0
5160,267,34,0
5161,269,455,0
5162,274,982,0
5163,274,835,0
5164,275,495,0
5165,275,333,0
5166,275,911,0
5167,275,1132,0
5168,275,1467,0
5169,275,1369,0
5170,275,874,0
5171,276,823,0
5172,276,1561,0
5173,276,1089,0
5174,276,1035,0
5175,280,395,0
5176,280,360,0
5177,281,469,0
5178,282,791,0
5179,282,1004,0
5180,284,102,0
5181,284,692,0
5182,284,415,0
5183,284,195,0
5184,284,462,0
5185,284,1143,0
5186,284,912,0
5187,284,961,0
5188,284,152,0
5189,284,444,0
5190,284,1494,0
5191,284,409,0
5192,284,478,0
5193,284,103,0
5194,284,1366,0
5195,284,819,0
5196,286,1048,0
5197,286,1310,0
5198,286,911,0
5199,286,1423,0
5200,292,275,0
5201,300,161,0
5202,300,1363,0
5203,301,436,0
5204,301,368,0
5205,301,766,0
5206,302,1091,0
5207,302,509,0
5208,302,1086,0
5209,302,323,0
5210,304,444,0
5211,304,1432,0
5212,306,1172,0
5213,306,1371,0
5214,306,209,0
5215,306,659,0
5216,306,275,0
5217,306,706,0
5218,306,253,0
5219,306,823,0
5220,306,1030,0
5221,306,708,0
5222,306,647,0
5223,306,603,0
5224,306,967,0
5225,306,826,0
5226,306,439,0
5227,306,842,0
5228,306,211,0
5229,306,1522,0
5230,306,1256,0
5231,306,118,0
5232,306,1162,0
5233,306,1614,0
5234,306,434,0
5235,306,78,0
5236,306,30,0
5237,306,358,0
5238,306,133,0
5239,306,745,0
5240,306,551,0
5241,306,1059,0
5242,306,201,0
5243,306,545,0
5244,309,1117,0
5245,309,622,0
5246,309,508,0
5247,309,1518,0
5248,309,397,0
5249,309,1437,0
5250,311,490,0
5251,311,1171,0
5252,311,1240,0
5253,311,44,0
5254,311,129,0
5255,311,21,0
5256,311,1177,0
5257,311,573,0
5258,314,1556,0
5259,314,167,0
5260,314,697,0
5261,314,9,0
5262,317,1472,0
5263,317,1033,0
5264,317,394,0
5265,317,1123,0
5266,317,4,0
5267,317,1275,0
5268,317,57,0
5269,317,1098,0
5270,317,1496,0
5271,317,128,0
5272,317,226,0
5273,317,288,0
5274,317,51,0
5275,317,233,0
5276,317,853,0
5277,317,1034,0
5278,317,168,0
5279,317,358,0
5280,317,117,0
5281,317,957,0
5282,317,15,0
5283,317,998,0
5284,317,511,0
5285,317,108,0
5286,317,1437,0
5287,317,99,0
5288,317,744,0
5289,317,845,0
5290,319,1480,0
5291,319,1022,0
5292,319,718,0
5293,319,520,0
5294,319,640,0
5295,323,1355,0
5296,323,1043,0
5297,324,1277,0
5298,324,1511,0
5299,324,714,0
5300,324,1535,0
5301,324,390,0
5302,324,697,0
5303,324,561,0
5304,324,256,0
5305,324,1219,0
5306,326,1235,0
5307,326,1609,0
5308,336,176,0
5309,336,948,0
5310,340,36,0
5311,340,1614,0
5312,347,904,0
5313,354,190,0
5314,354,875,0
5315,354,455,0
5316,354,821,0
5317,355,247,0
5318,355,1357,0
5319,355,798,0
5320,355,238,0
5321,355,1187,0
5322,360,747,0
5323,360,1514,0
5324,360,1449,0
5325,360,117,0
5326,360,544,0
5327,360,346,0
5328,360,6,0
5329,360,215,0
5330,360,1098,0
5331,360,376,0
5332,360,1002,0
5333,360,1145,0
5334,360,1405,0
5335,360,874,0
5336,366,352,0
5337,366,1507,0
5338,368,581,0
5339,368,1522,0
5340,368,751,0
5341,368,360,0
5342,368,1417,0
5343,368,858,0
5344,368,1583,0
5345,374,772,0
5346,374,61,0
5347,374,457,0
5348,374,48,0
5349,379,661,0
5350,384,1193,0
5351,384,664,0
5352,384,1329,0
5353,384,437,0
5354,389,1534,0
5355,389,934,0
5356,389,383,0
5357,389,1258,0
5358,389,1223,0
5359,389,875,0
5360,389,746,0
5361,389,113,0
5362,391,368,0
5363,391,1096,0
5364,391,652,0
5365,391,1394,0
5366,391,985,0
5367,397,898,0
5368,398,831,0
5369,398,556,0
5370,398,403,0
5371,398,1489,0
5372,401,276,0
5373,405,1578,0
5374,405,561,0
5375,411,65,0
5376,411,440,0
5377,411,791,0
5378,411,1063,0
5379,415,571,0
5380,426,55,0
5381,426,301,0
5382,426,985,0
5383,426,1020,0
5384,426,942,0
5385,427,1607,0
5386,427,1334,0
5387,427,895,0
5388,427,977,0
5389,427,1300,0
5390,427,1163,0
5391,427,935,0
5392,427,815,0
5393,427,250,0
5394,427,1251,0
5395,427,1283,0
5396,427,586,0
5397,427,132,0
5398,427,735,0
5399,427,4,0
5400,427,1007,0
5401,427,1059,0
5402,427,1329,0
5403,427,731,0
5404,427,1497,0
5405,431,561,0
5406,431,203,0
5407,431,73,0
5408,431,4,0
5409,431,1392,0
5410,431,1538,0
5411,431,1263,0
5412,431,702,0
5413,432,1318,0
5414,432,157,0
5415,432,1024,0
5416,432,790,0
5417,432,578,0
5418,438,881,0
5419,438,216,0
5420,438,900,0
5421,438,716,0
5422,447,308,0
5423,447,556,0
5424,447,728,0
5425,447,1080,0
5426,447,1250,0
5427,447,1038,0
5428,447,221,0
5429,447,611,0
5430,447,54,0
5431,447,1167,0
5432,447,1123,0
5433,447,1405,0
5434,447,453,0
5435,447,1290,0
5436,447,1175,0
5437,447,843,0
5438,447,700,0
5439,454,74,0
5440,454,689,0
5441,454,608,0
5442,454,982,0
5443,454,938,0
5444,454,62,0
5445,454,979,0
5446,454,208,0
5447,455,1151,0
5448,455,1053,0
5449,455,1609,0
5450,455,437,0
5451,455,1221,0
5452,455,1441,0
5453,455,1106,0
5454,455,1397,0
5455,455,7,0
5456,455,1496,0
5457,455,927,0
5458,458,1203,0
5459,458,189,0
5460,458,1518,0
5461,458,683,0
5462,459,11,0
5463,459,619,0
5464,459,78,0
5465,459,989,0
5466,459,319,0
5467,460,41,0
5468,474,1222,0
5469,474,246,0
5470,474,971,0
5471,474,1081,0
5472,474,925,0
5473,474,1164,0
5474,474,554,0
5475,474,152,0
5476,478,848,0
5477,478,1407,0
5478,478,446,0
5479,478,476,0
5480,481,435,0
5481,485,421,0
5482,485,1423,0
5483,485,1577,0
5484,485,927,0
5485,485,993,0
5486,485,1354,0
5487,485,73,0
5488,485,1086,0
5489,485,437,0
5490,485,1286,0
5491,485,1534,0
5492,485,905,0
5493,486,196,0
5494,486,760,0
5495,486,1234,0
5496,486,903,0
5497,490,123,0
5498,490,1611,0
5499,490,1514,0
5500,491,1058,0
5501,491,1579,0
5502,492,1376,0
5503,492,890,0
5504,492,943,0
5505,492,1390,0
5506,492,1173,0
5507,494,1600,0
5508,494,488,0
5509,494,894,0
5510,494,1373,0
5511,494,1079,0
5512,494,1531,0
5513,494,117,0
5514,494,1347,0
5515,494,1365,0
5516,494,562,0
5517,494,1266,0
5518,494,817,0
5519,494,551,0
5520,494,443,0
5521,494,359,0
5522,494,1409,0
5523,494,970,0
5524,494,571,0
5525,494,783,0
5526,494,567,0
5527,494,449,0
5528,494,640,0
5529,494,764,0
5530,494,917,0
5531,494,695,0
5532,494,734,0
5533,494,1381,0
5534,494,985,0
5535,498,1157,0
5536,499,1532,0
5537,499,1302,0
5538,499,1467,0
5539,499,604,0
5540,504,138,0
5541,504,804,0
5542,504,542,0
5543,504,1082,0
5544,505,1131,0
5545,508,1171,0
5546,508,979,0
5547,508,237,0
5548,508,95,0
5549,509,1059,0
5550,509,1412,0
5551,509,736,0
5552,509,703,0
5553,509,1262,0
5554,509,1499,0
5555,509,1127,0
5556,509,1313,0
5557,509,324,0
5558,509,1469,0
5559,509,1035,0
5560,509,207,0
5561,509,1272,0
5562,509,833,0
5563,509,872,0
5564,509,1368,0
5565,510,12,0
5566,510,316,0
5567,510,800,0
5568,510,941,0
5569,516,767,0
5570,516,1300,0
5571,516,1290,0
5572,516,1011,0
5573,518,675,0
5574,518,1245,0
5575,520,1470,0
5576,524,776,0
5577,524,127,0
5578,524,884,0
5579,524,480,0
5580,524,29,0
5581,525,916,0
5582,530,668,0
5583,530,616,0
5584,530,926,0
5585,530,1401,0
5586,530,809,0
5587,530,998,0
5588,530,562,0
5589,530,588,0
5590,530,640,0
5591,530,1116,0
5592,530,1368,0
5593,530,1342,0
5594,530,1280,0
5595,530,1582,0
5596,530,554,0
5597,530,1151,0
5598,530,1604,0
5599,530,34,0
5600,530,1318,0
5601,530,123,0
5602,530,896,0
5603,530,423,0
5604,530,631,0
5605,530,1461,0
5606,530,1302,0
5607,530,1596,0
5608,530,1141,0
5609,530,1377,0
5610,530,299,0
5611,530,86,0
5612,530,436,0
5613,530,75,0
5614,530,1154,0
5615,530,840,0
5616,530,1398,0
5617,530,1081,0
5618,530,853,0
5619,530,1544,0
5620,530,1578,0
5621,530,762,0
5622,530,1363,0
5623,530,268,0
5624,530,68,0
5625,530,1087,0
5626,530,1036,0
5627,530,155,0
5628,530,846,0
5629,530,693,0
5630,530,1026,0
5631,530,1189,0
5632,530,201,0
5633,530,1191,0
5634,530,1241,0
5635,530,865,0
5636,530,228,0
5637,530,672,0
5638,530,1533,0
5639,530,1020,0
5640,530,781,0
5641,530,1315,0
5642,530,409,0
5643,530,1270,0
5644,530,1015,0
5645,530,1105,0
5646,530,1049,0
5647,530,458,0
5648,530,215,0
5649,530,1102,0
5650,530,407,0
5651,530,1212,0
5652,530,1485,0
5653,530,569,0
5654,530,992,0
5655,530,196,0
5656,530,553,0
5657,530,834,0
5658,530,887,0
5659,530,1577,0
5660,530,951,0
5661,530,732,0
5662,530,820,0
5663,530,981,0
5664,530,1546,0
5665,530,1361,0
5666,530,1156,0
5667,530,453,0
5668,530,678,0
5669,530,937,0
5670,530,978,0
5671,530,1539,0
5672,530,1199,0
5673,530,785,0
5674,534,768,0
5675,538,1453,0
5676,538,1485,0
5677,538,768,0
5678,538,824,0
5679,538,1025,0
5680,538,721,0
5681,538,1001,0
5682,538,680,0
5683,538,273,0
5684,538,1036,0
5685,538,1426,0
5686,538,362,0
5687,538,1257,0
5688,538,577,0
5689,538,944,0
5690,538,111,0
5691,538,1084,0
5692,538,315,0
5693,538,71,0
5694,538,1211,0
5695,538,1381,0
5696,538,1394,0
5697,538,1409,0
5698,538,1475,0
5699,538,1442,0
5700,538,382,0
5701,538,353,0
5702,538,1341,0
5703,538,951,0
5704,538,666,0
5705,538,158,0
5706,538,886,0
5707,538,785,0
5708,538,361,0
5709,538,46,0
5710,538,276,0
5711,538,628,0
5712,538,278,0
5713,538,932,0
5714,538,389,0
5715,543,102,0
5716,543,346,0
5717,544,1273,0
5718,544,1591,0
5719,544,197,0
5720,544,1377,0
5721,544,809,0
5722,544,470,0
5723,544,1168,0
5724,544,977,0
5725,544,172,0
5726,544,183,0
5727,544,1500,0
5728,544,1567,0
5729,544,1365,0
5730,544,179,0
5731,544,1508,0
5732,544,1372,0
5733,545,283,0
5734,545,1326,0
5735,547,436,0
5736,547,568,0
5737,547,113,0
5738,547,604,0
5739,547,556,0
5740,553,48,0
5741,553,308,0
5742,553,1383,0
5743,554,1161,0
5744,556,126,0
5745,559,677,0
5746,559,503,0
5747,559,159,0
5748,559,1393,0
5749,559,16,0
5750,560,1226,0
5751,560,1282,0
5752,560,431,0
5753,560,748,0
5754,560,1534,0
5755,561,933,0
5756,561,1567,0
5757,563,628,0
5758,563,1455,0
5759,563,1043,0
5760,563,598,0
5761,563,954,0
5762,563,971,0
5763,563,979,0
5764,563,862,0
5765,563,1348,0
5766,563,1460,0
5767,563,763,0
5768,563,507,0
5769,563,882,0
5770,566,674,0
5771,566,934,0
5772,566,1227,0
5773,566,970,0
5774,566,1322,0
5775,566,1452,0
5776,566,1463,0
5777,566,883,0
5778,566,861,0
5779,566,1389,0
5780,566,1245,0
5781,566,1072,0
5782,566,1531,0
5783,566,1136,0
5784,566,1150,0
5785,566,858,0
5786,566,85,0
5787,566,438,0
5788,566,206,0
5789,566,783,0
5790,566,264,0
5791,566,780,0
5792,566,280,0
5793,566,312,0
5794,566,1204,0
5795,566,874,0
5796,566,1131,0
5797,566,456,0
5798,566,1489,0
5799,566,1158,0
5800,566,197,0
5801,566,362,0
5802,566,920,0
5803,566,344,0
5804,566,717,0
5805,566,572,0
5806,566,1433,0
5807,566,283,0
5808,566,873,0
5809,566,409,0
5810,566,1442,0
5811,566,14,0
5812,566,955,0
5813,566,1480,0
5814,566,60,0
5815,566,637,0
5816,566,472,0
5817,566,1490,0
5818,566,196,0
5819,566,399,0
5820,566,971,0
5821,566,604,0
5822,566,184,0
5823,566,1,0
5824,566,1558,0
5825,566,762,0
5826,566,84,0
5827,566,1281,0
5828,566,1512,0
5829,566,1325,0
5830,566,641,0
5831,566,412,0
5832,566,911,0
5833,566,1424,0
5834,566,15,0
5835,566,1347,0
5836,566,1243,0
5837,566,355,0
5838,566,543,0
5839,566,654,0
5840,566,1331,0
5841,566,247,0
5842,566,702,0
5843,566,1034,0
5844,566,246,0
5845,566,789,0
5846,566,401,0
5847,566,51,0
5848,566,1051,0
5849,566,1501,0
5850,566,532,0
5851,566,348,0
5852,566,1244,0
5853,566,1165,0
5854,566,1159,0
5855,566,1259,0
5856,566,1427,0
5857,566,1302,0
5858,566,226,0
5859,566,976,0
5860,566,852,0
5861,566,347,0
5862,566,1590,0
5863,566,1095,0
5864,566,884,0
5865,566,198,0
5866,570,1453,0
5867,572,109,0
5868,573,921,0
5869,575,1538,0
5870,575,1211,0
5871,575,522,0
5872,575,1460,0
5873,575,913,0
5874,575,179,0
5875,575,225,0
5876,575,1269,0
5877,575,1328,0
5878,575,780,0
5879,577,184,0
5880,577,209,0
5881,577,1559,0
5882,577,202,0
5883,577,454,0
5884,577,1473,0
5885,577,1352,0
5886,577,912,0
5887,577,448,0
5888,577,657,0
5889,577,1257,0
5890,577,829,0
5891,578,744,0
5892,578,1343,0
5893,578,909,0
5894,578,515,0
5895,578,478,0
5896,578,338,0
5897,578,3,0
5898,578,722,0
5899,578,1392,0
5900,578,130,0
5901,578,791,0
5902,578,1597,0
5903,578,554,0
5904,578,411,0
5905,578,1224,0
5906,578,1090,0
5907,578,1137,0
5908,578,1021,0
5909,582,563,0
5910,582,360,0
5911,582,1495,0
5912,582,1157,0
5913,588,1091,0
5914,588,1134,0
5915,588,168,0
5916,588,760,0
5917,588,1591,0
5918,588,485,0
5919,588,880,0
5920,588,350,0
5921,589,1580,0
5922,589,261,0
5923,589,1581,0
5924,589,474,0
5925,590,1339,0
5926,590,583,0
5927,590,821,0
5928,590,294,0
5929,590,75,0
5930,590,1565,0
5931,590,1205,0
5932,590,1289,0
5933,590,350,0
5934,590,332,0
5935,590,1298,0
5936,590,730,0
5937,590,417,0
5938,590,858,0
5939,590,1383,0
5940,590,1611,0
5941,590,568,0
5942,590,797,0
5943,590,1501,0
5944,590,298,0
5945,590,1288,0
5946,590,753,0
5947,590,604,0
5948,590,673,0
5949,590,1422,0
5950,593,949,0
5951,593,1543,0
5952,593,1261,0
5953,598,515,0
5954,599,1565,0
5955,599,1102,0
5956,599,1206,0
5957,599,1212,0
5958,600,1383,0
5959,600,794,0
5960,600,1572,0
5961,600,1560,0
5962,601,506,0
5963,601,183,0
5964,601,272,0
5965,601,915,0
5966,601,813,0
5967,601,405,0
5968,601,364,0
5969,601,147,0
5970,601,1248,0
5971,601,1559,0
5972,601,789,0
5973,601,1048,0
5974,601,757,0
5975,601,1124,0
5976,601,1240,0
5977,601,608,0
5978,601,1249,0
5979,601,1534,0
5980,601,409,0
5981,601,1196,0
5982,601,1598,0
5983,601,223,0
5984,601,974,0
5985,601,447,0
5986,601,1326,0
5987,601,54,0
5988,601,697,0
5989,601,785,0
5990,601,643,0
5991,601,550,0
5992,601,1359,0
5993,601,149,0
5994,601,860,0
5995,601,75,0
5996,601,1254,0
5997,601,614,0
5998,601,350,0
5999,601,1175,0
6000,614,848,0
6001,614,294,0
6002,614,173,0
6003,614,1277,0
6004,614,167,0
6005,614,350,0
6006,614,598,0
6007,614,1595,0
6008,614,505,0
6009,614,814,0
6010,614,548,0
6011,614,579,0
6012,614,5,0
6013,614,419,0
6014,614,1144,0
6015,618,37,0
6016,618,1456,0
6017,618,752,0
6018,618,443,0
6019,618,958,0
6020,618,1116,0
6021,618,52,0
6022,627,851,0
6023,627,1073,0
6024,638,303,0
6025,638,186,0
6026,638,624,0
6027,638,1029,0
6028,638,1020,0
6029,638,1297,0
6030,645,1576,0
6031,646,693,0
6032,646,328,0
6033,646,1034,0
6034,646,1149,0
6035,646,1233,0
6036,646,704,0
6037,646,1035,0
6038,647,698,0
6039,647,1236,0
6040,647,1525,0
6041,647,1263,0
6042,649,410,0
6043,649,1450,0
6044,649,476,0
6045,649,992,0
6046,649,1109,0
6047,649,825,0
6048,649,80,0
6049,649,736,0
6050,649,436,0
6051,649,407,0
6052,649,359,0
6053,649,1015,0
6054,649,940,0
6055,649,1594,0
6056,649,1106,0
6057,649,622,0
6058,649,304,0
6059,649,858,0
6060,649,1245,0
6061,649,1154,0
6062,649,1227,0
6063,649,1488,0
6064,649,384,0
6065,649,73,0
6066,653,774,0
6067,653,1535,0
6068,653,800,0
6069,653,470,0
6070,653,1337,0
6071,653,1047,0
6072,653,1161,0
6073,653,1517,0
6074,653,1608,0
6075,653,154,0
6076,653,899,0
6077,653,689,0
6078,653,895,0
6079,653,1315,0
6080,656,1026,0
6081,656,1282,0
6082,656,1515,0
6083,656,1388,0
6084,656,1558,0
6085,658,868,0
6086,658,564,0
6087,658,164,0
6088,658,579,0
6089,660,134,0
6090,664,1298,0
6091,664,578,0
6092,664,160,0
6093,664,1072,0
6094,664,1351,0
6095,664,853,0
6096,668,426,0
6097,668,573,0
6098,668,190,0
6099,668,610,0
6100,668,1362,0
6101,668,698,0
6102,668,1590,0
6103,668,436,0
6104,669,555,0
6105,669,446,0
6106,669,1539,0
6107,672,1231,0
6108,672,187,0
6109,672,525,0
6110,672,1138,0
6111,672,1185,0
6112,672,147,0
6113,672,1166,0
6114,672,849,0
6115,672,115,0
6116,672,807,0
6117,672,642,0
6118,672,836,0
6119,672,380,0
6120,672,141,0
6121,672,1299,0
6122,672,483,0
6123,672,1347,0
6124,672,394,0
6125,672,960,0
6126,672,223,0
6127,672,1465,0
6128,673,1054,0
6129,673,1190,0
6130,673,1027,0
6131,674,642,0
6132,675,901,0
6133,675,1308,0
6134,675,941,0
6135,675,689,0
6136,675,620,0
6137,675,1064,0
6138,675,905,0
6139,676,609,0
6140,681,721,0
6141,684,899,0
6142,696,374,0
6143,696,740,0
6144,696,1408,0
6145,696,1619,0
6146,697,392,0
6147,699,1336,0
6148,699,753,0
6149,702,203,0
6150,706,413,0
6151,706,107,0
6152,706,993,0
6153,706,708,0
6154,706,19,0
6155,706,864,0
6156,708,1096,0
6157,708,681,0
6158,708,518,0
6159,708,216,0
6160,708,1157,0
6161,708,1051,0
6162,708,352,0
6163,708,1611,0
6164,708,179,0
6165,708,869,0
6166,708,1402,0
6167,708,1230,0
6168,708,927,0
6169,708,1511,0
6170,708,730,0
6171,708,1568,0
6172,708,558,0
6173,708,1180,0
6174,708,388,0
6175,708,1463,0
6176,708,150,0
6177,708,415,0
6178,708,62,0
6179,708,1025,0
6180,708,132,0
6181,708,1336,0
6182,709,358,0
6183,709,904,0
6184,709,1127,0
6185,712,1597,0
6186,712,1431,0
6187,712,1057,0
6188,714,1075,0
6189,723,1451,0
6190,723,1503,0
6191,723,750,0
6192,723,254,0
6193,723,847,0
6194,723,1350,0
6195,723,554,0
6196,723,430,0
6197,723,14,0
6198,723,342,0
6199,723,339,0
6200,723,1244,0
6201,723,445,0
6202,723,392,0
6203,723,575,0
6204,723,1531,0
6205,723,1530,0
6206,723,41,0
6207,723,313,0
6208,723,893,0
6209,723,229,0
6210,723,281,0
6211,723,1570,0
6212,723,1394,0
6213,723,119,0
6214,723,1369,0
6215,723,863,0
6216,723,1137,0
6217,723,620,0
6218,723,306,0
6219,723,419,0
6220,723,714,0
6221,723,1046,0
6222,723,1008,0
6223,723,517,0
6224,723,471,0
6225,723,933,0
6226,723,966,0
6227,723,541,0
6228,723,148,0
6229,723,1335,0
6230,723,631,0
6231,723,796,0
6232,723,269,0
6233,723,1062,0
6234,723,647,0
6235,723,727,0
6236,723,797,0
6237,723,1577,0
6238,723,946,0
6239,723,1321,0
6240,723,1192,0
6241,723,1255,0
6242,723,920,0
6243,723,701,0
6244,723,1265,0
6245,723,652,0
6246,723,178,0
6247,723,964,0
6248,723,606,0
6249,723,1292,0
6250,723,270,0
6251,723,155,0
6252,723,621,0
6253,723,840,0
6254,723,214,0
6255,723,447,0
6256,723,698,0
6257,723,1323,0
6258,723,619,0
6259,723,1085,0
6260,723,983,0
6261,727,888,0
6262,730,1466,0
6263,730,660,0
6264,731,901,0
6265,731,453,0
6266,731,927,0
6267,731,74,0
6268,731,912,0
6269,731,583,0
6270,731,48,0
6271,731,87,0
6272,733,492,0
6273,733,1080,0
6274,733,1302,0
6275,733,156,0
6276,733,1287,0
6277,733,947,0
6278,733,144,0
6279,733,1175,0
6280,733,973,0
6281,733,1563,0
6282,733,577,0
6283,733,727,0
6284,733,795,0
6285,733,337,0
6286,733,247,0
6287,733,1281,0
6288,733,1041,0
6289,733,993,0
6290,733,274,0
6291,733,1526,0
6292,733,451,0
6293,733,823,0
6294,733,1084,0
6295,733,223,0
6296,733,221,0
6297,736,1147,0
6298,736,1191,0
6299,736,671,0
6300,736,363,0
6301,742,411,0
6302,742,1193,0
6303,743,682,0
6304,743,249,0
6305,743,1097,0
6306,748,208,0
6307,748,655,0
6308,751,172,0
6309,751,1128,0
6310,751,119,0
6311,751,939,0
6312,751,1603,0
6313,751,1444,0
6314,751,140,0
6315,751,1150,0
6316,752,1556,0
6317,752,93,0
6318,762,492,0
6319,762,472,0
6320,762,1336,0
6321,762,1529,0
6322,762,772,0
6323,762,1612,0
6324,762,1168,0
6325,764,1183,0
6326,765,304,0
6327,765,1574,0
6328,765,321,0
6329,765,502,0
6330,765,1149,0
6331,765,630,0
6332,765,1460,0
6333,765,359,0
6334,765,1373,0
6335,765,1019,0
6336,765,324,0
6337,771,1344,0
6338,773,502,0
6339,773,637,0
6340,773,1100,0
6341,773,1602,0
6342,773,1335,0
6343,773,744,0
6344,773,965,0
6345,773,713,0
6346,773,423,0
6347,773,366,0
6348,773,1615,0
6349,773,524,0
6350,773,1464,0
6351,773,1182,0
6352,773,269,0
6353,773,411,0
6354,773,464,0
6355,773,568,0
6356,773,732,0
6357,773,618,0
6358,773,1422,0
6359,773,33,0
6360,773,982,0
6361,773,836,0
6362,773,574,0
6363,773,1467,0
6364,773,1545,0
6365,773,90,0
6366,773,1140,0
6367,773,1384,0
6368,773,276,0
6369,773,669,0
6370,773,699,0
6371,773,343,0
6372,773,210,0
6373,773,1120,0
6374,773,1369,0
6375,773,327,0
6376,773,1439,0
6377,773,1078,0
6378,773,777,0
6379,773,209,0
6380,773,853,0
6381,773,587,0
6382,773,781,0
6383,773,1018,0
6384,773,67,0
6385,773,191,0
6386,773,885,0
6387,773,556,0
6388,773,902,0
6389,773,1462,0
6390,773,81,0
6391,773,539,0
6392,773,790,0
6393,773,1446,0
6394,773,325,0
6395,773,208,0
6396,773,602,0
6397,773,1311,0
6398,773,899,0
6399,773,1066,0
6400,773,1075,0
6401,773,860,0
6402,773,3,0
6403,773,192,0
6404,773,86,0
6405,773,720,0
6406,773,622,0
6407,773,903,0
6408,773,870,0
6409,773,792,0
6410,781,614,0
6411,781,743,0
6412,782,1370,0
6413,782,1499,0
6414,789,289,0
6415,789,609,0
6416,795,849,0
6417,796,111,0
6418,796,335,0
6419,808,243,0
6420,808,501,0
6421,808,360,0
6422,808,76,0
6423,808,1139,0
6424,808,1035,0
6425,808,1110,0
6426,808,1524,0
6427,808,700,0
6428,808,923,0
6429,809,1335,0
6430,809,1214,0
6431,812,1125,0
6432,813,787,0
6433,813,1022,0
6434,816,304,0
6435,818,1008,0
6436,818,33,0
6437,818,1046,0
6438,818,632,0
6439,818,1280,0
6440,818,1276,0
6441,818,62,0
6442,818,1308,0
6443,818,1600,0
6444,818,411,0
6445,818,50,0
6446,818,1560,0
6447,820,306,0
6448,820,1194,0
6449,821,298,0
6450,832,618,0
6451,833,1018,0
6452,834,65,0
6453,834,1546,0
6454,834,617,0
6455,834,883,0
6456,838,911,0
6457,838,1074,0
6458,838,211,0
6459,845,221,0
6460,845,8,0
6461,845,313,0
6462,845,1483,0
6463,845,259,0
6464,845,269,0
6465,845,526,0
6466,845,95,0
6467,845,70,0
6468,846,899,0
6469,846,981,0
6470,846,329,0
6471,846,628,0
6472,846,1375,0
6473,846,1441,0
6474,846,537,0
6475,846,1321,0
6476,846,677,0
6477,846,1237,0
6478,846,563,0
6479,846,105,0
6480,846,439,0
6481,846,155,0
6482,846,104,0
6483,846,133,0
6484,846,312,0
6485,846,1265,0
6486,846,990,0
6487,846,722,0
6488,846,251,0
6489,846,1587,0
6490,846,361,0
6491,846,1426,0
6492,846,607,0
6493,846,905,0
6494,846,1008,0
6495,846,801,0
6496,846,1170,0
6497,846,258,0
6498,846,1594,0
6499,846,815,0
6500,846,185,0
6501,846,853,0
6502,846,1578,0
6503,846,500,0
6504,846,629,0
6505,846,1485,0
6506,846,1171,0
6507,846,1489,0
6508,846,446,0
6509,846,1494,0
6510,846,505,0
6511,846,1270,0
6512,846,1073,0
6513,846,183,0
6514,846,787,0
6515,849,272,0
6516,849,38,0
6517,849,83,0
6518,849,226,0
6519,849,434,0
6520,851,693,0
6521,860,369,0
6522,864,1534,0
6523,864,828,0
6524,864,176,0
6525,864,1460,0
6526,864,62,0
6527,864,472,0
6528,864,852,0
6529,864,967,0
6530,864,1494,0
6531,864,1372,0
6532,864,58,0
6533,864,12,0
6534,864,217,0
6535,864,200,0
6536,864,885,0
6537,864,458,0
6538,864,1609,0
6539,864,1364,0
6540,864,898,0
6541,864,1227,0
6542,864,567,0
6543,864,639,0
6544,864,1249,0
6545,864,1550,0
6546,864,811,0
6547,864,632,0
6548,864,487,0
6549,864,11,0
6550,864,1520,0
6551,864,312,0
6552,864,1448,0
6553,864,1285,0
6554,864,1425,0
6555,864,803,0
6556,867,1575,0
6557,868,1466,0
6558,868,1553,0
6559,872,1056,0
6560,872,680,0
6561,878,1049,0
6562,878,821,0
6563,878,1233,0
6564,878,794,0
6565,878,403,0
6566,878,578,0
6567,879,1247,0
6568,879,1117,0
6569,879,1455,0
6570,879,1391,0
6571,879,155,0
6572,879,799,0
6573,879,1331,0
6574,879,1461,0
6575,879,4,0
6576,879,198,0
6577,879,1517,0
6578,879,1448,0
6579,884,409,0
6580,884,203,0
6581,884,646,0
6582,887,1346,0
6583,890,1506,0
6584,890,964,0
6585,890,1380,0
6586,893,1071,0
6587,893,838,0
6588,896,388,0
6589,896,743,0
6590,896,75,0
6591,896,1046,0
6592,896,366,0
6593,896,779,0
6594,896,1488,0
6595,896,590,0
6596,896,252,0
6597,896,1310,0
6598,896,1168,0
6599,896,738,0
6600,896,1403,0
6601,896,1339,0
6602,896,1375,0
6603,896,203,0
6604,898,1560,0
6605,898,1500,0
6606,898,1001,0
6607,898,1439,0
6608,898,1181,0
6609,898,794,0
6610,898,384,0
6611,898,230,0
6612,904,542,0
6613,904,584,0
6614,905,474,0
6615,908,1009,0
6616,909,1472,0
6617,909,1090,0
6618,909,1190,0
6619,909,1613,0
6620,914,1536,0
6621,914,817,0
6622,914,1365,0
6623,914,477,0
6624,919,158,0
6625,919,361,0
6626,919,192,0
6627,919,1319,0
6628,919,240,0
6629,919,890,0
6630,919,1232,0
6631,919,1387,0
6632,919,248,0
6633,919,1201,0
6634,919,256,0
6635,919,1250,0
6636,919,52,0
6637,920,1584,0
6638,923,1484,0
6639,923,853,0
6640,923,685,0
6641,923,781,0
6642,923,955,0
6643,923,761,0
6644,923,569,0
6645,923,368,0
6646,923,124,0
6647,923,906,0
6648,923,321,0
6649,923,584,0
6650,923,152,0
6651,923,164,0
6652,923,1358,0
6653,923,74,0
6654,923,1419,0
6655,923,997,0
6656,926,899,0
6657,926,322,0
6658,926,1184,0
6659,926,742,0
6660,926,53,0
6661,926,611,0
6662,926,204,0
6663,926,1176,0
6664,926,142,0
6665,926,1153,0
6666,926,1273,0
6667,926,147,0
6668,926,211,0
6669,926,790,0
6670,926,223,0
6671,926,1307,0
6672,926,1193,0
6673,926,684,0
6674,926,1479,0
6675,926,767,0
6676,926,409,0
6677,926,68,0
6678,926,135,0
6679,926,618,0
6680,926,1452,0
6681,926,583,0
6682,926,846,0
6683,926,1285,0
6684,926,711,0
6685,926,1504,0
6686,926,573,0
6687,926,337,0
6688,926,1305,0
6689,926,802,0
6690,926,1336,0
6691,926,615,0
6692,926,17,0
6693,926,768,0
6694,926,1094,0
6695,926,1332,0
6696,926,487,0
6697,926,668,0
6698,926,1489,0
6699,926,814,0
6700,927,1127,0
6701,927,502,0
6702,928,947,0
6703,934,507,0
6704,934,649,0
6705,937,204,0
6706,945,525,0
6707,945,870,0
6708,945,537,0
6709,945,113,0
6710,945,670,0
6711,951,1562,0
6712,951,1134,0
6713,951,735,0
6714,951,746,0
6715,951,1476,0
6716,951,1112,0
6717,951,530,0
6718,957,1547,0
6719,959,1017,0
6720,959,1498,0
6721,960,343,0
6722,960,1528,0
6723,960,698,0
6724,960,1253,0
6725,960,1276,0
6726,966,1216,0
6727,966,297,0
6728,966,351,0
6729,966,1469,0
6730,966,1204,0
6731,966,72,0
6732,966,1374,0
6733,966,627,0
6734,966,877,0
6735,968,1264,0
6736,968,1114,0
6737,968,1004,0
6738,968,224,0
6739,968,1489,0
6740,968,17,0
6741,968,388,0
6742,968,763,0
6743,968,171,0
6744,971,674,0
6745,971,898,0
6746,971,1411,0
6747,971,1523,0
6748,975,1315,0
6749,975,1155,0
6750,975,466,0
6751,975,1121,0
6752,975,28,0
6753,975,1012,0
6754,975,161,0
6755,980,1291,0
6756,985,860,0
6757,986,1401,0
6758,986,1466,0
6759,986,398,0
6760,986,1378,0
6761,987,795,0
6762,987,1535,0
6763,987,152,0
6764,987,319,0
6765,987,1200,0
6766,987,236,0
6767,987,1393,0
6768,987,1361,0
6769,987,692,0
6770,987,597,0
6771,987,462,0
6772,987,990,0
6773,995,182,0
6774,996,542,0
6775,996,624,0
6776,996,1198,0
6777,996,1524,0
6778,996,956,0
6779,996,1550,0
6780,996,740,0
6781,996,1559,0
6782,996,1404,0
6783,1001,183,0
6784,1001,1564,0
6785,1001,348,0
6786,1001,220,0
6787,1001,1282,0
6788,1001,1149,0
6789,1001,42,0
6790,1001,45,0
6791,1002,1315,0
6792,1003,1472,0
6793,1003,1086,0
6794,1003,1281,0
6795,1003,414,0
6796,1003,1602,0
6797,1003,733,0
6798,1003,412,0
6799,1003,547,0
6800,1003,62,0
6801,1003,1146,0
6802,1003,894,0
6803,1003,134,0
6804,1003,1605,0
6805,1003,634,0
6806,1003,1280,0
6807,1003,1234,0
6808,1003,1570,0
6809,1005,1080,0
6810,1005,447,0
6811,1005,819,0
6812,1005,1343,0
6813,1005,434,0
6814,1005,803,0
6815,1005,1187,0
6816,1011,106,0
6817,1011,582,0
6818,1014,1182,0
6819,1020,134,0
6820,1027,688,0
6821,1027,71,0
6822,1027,575,0
6823,1029,117,0
6824,1029,1428,0
6825,1029,190,0
6826,1029,1576,0
6827,1029,7,0
6828,1031,196,0
6829,1031,63,0
6830,1031,1477,0
6831,1031,1468,0
6832,1033,1055,0
6833,1033,1190,0
6834,1038,794,0
6835,1038,157,0
6836,1038,369,0
6837,1038,1585,0
6838,1038,1118,0
6839,1038,749,0
6840,1038,78,0
6841,1038,370,0
6842,1038,1508,0
6843,1038,1352,0
6844,1038,622,0
6845,1038,851,0
6846,1038,802,0
6847,1038,1390,0
6848,1038,1440,0
6849,1038,144,0
6850,1038,135,0
6851,1038,96,0
6852,1042,384,0
6853,1048,1127,0
6854,1049,57,0
6855,1049,1209,0
6856,1049,326,0
6857,1049,424,0
6858,1049,112,0
6859,1049,1099,0
6860,1049,469,0
6861,1049,880,0
6862,1053,1078,0
6863,1053,907,0
6864,1053,1072,0
6865,1053,754,0
6866,1053,1190,0
6867,1053,1567,0
6868,1053,124,0
6869,1053,560,0
6870,1053,1604,0
6871,1053,1240,0
6872,1053,501,0
6873,1053,507,0
6874,1053,1492,0
6875,1053,1218,0
6876,1053,329,0
6877,1053,707,0
6878,1053,333,0
6879,1053,1460,0
6880,1053,244,0
6881,1053,675,0
6882,1053,418,0
6883,1053,1498,0
6884,1053,1138,0
6885,1053,644,0
6886,1053,735,0
6887,1053,1356,0
6888,1053,657,0
6889,1053,631,0
6890,1053,87,0
6891,1054,1369,0
6892,1054,38,0
6893,1054,415,0
6894,1054,205,0
6895,1054,97,0
6896,1054,847,0
6897,1054,823,0
6898,1054,184,0
6899,1054,1462,0
6900,1054,873,0
6901,1054,303,0
6902,1054,698,0
6903,1054,223,0
6904,1054,1240,0
6905,1054,337,0
6906,1054,1603,0
6907,1054,1473,0
6908,1054,591,0
6909,1054,935,0
6910,1054,1044,0
6911,1054,899,0
6912,1054,1515,0
6913,1054,976,0
6914,1054,1035,0
6915,1054,1584,0
6916,1054,1093,0
6917,1054,1508,0
6918,1054,1082,0
6919,1054,1433,0
6920,1054,217,0
6921,1054,1060,0
6922,1054,1506,0
6923,1054,1197,0
6924,1054,1613,0
6925,1054,811,0
6926,1056,102,0
6927,1056,709,0
6928,1056,526,0
6929,1056,1384,0
6930,1056,1081,0
6931,1056,601,0
6932,1056,1535,0
6933,1056,795,0
6934,1056,734,0
6935,1056,1165,0
6936,1056,810,0
6937,1056,1604,0
6938,1056,905,0
6939,1057,579,0
6940,1057,436,0
6941,1057,1510,0
6942,1057,1027,0
6943,1057,1340,0
6944,1057,1601,0
6945,1057,240,0
6946,1057,1122,0
6947,1057,731,0
6948,1057,805,0
6949,1057,577,0
6950,1057,1154,0
6951,1057,1182,0
6952,1057,690,0
6953,1057,1587,0
6954,1057,598,0
6955,1057,53,0
6956,1057,1368,0
6957,1060,783,0
6958,1060,5,0
6959,1060,1287,0
6960,1060,520,0
6961,1060,488,0
6962,1060,1008,0
6963,1060,1512,0
6964,1060,115,0
6965,1060,814,0
6966,1060,731,0
6967,1060,1542,0
6968,1060,561,0
6969,1060,344,0
6970,1060,460,0
6971,1060,508,0
6972,1060,278,0
6973,1060,244,0
6974,1060,1543,0
6975,1060,547,0
6976,1060,1051,0
6977,1060,869,0
6978,1060,1133,0
6979,1060,603,0
6980,1060,205,0
6981,1060,283,0
6982,1061,963,0
6983,1061,1085,0
6984,1062,1594,0
6985,1063,1535,0
6986,1063,194,0
6987,1063,1129,0
6988,1063,880,0
6989,1063,1452,0
6990,1063,681,0
6991,1063,1385,0
6992,1063,41,0
6993,1063,908,0
6994,1063,1491,0
6995,1063,1297,0
6996,1063,1582,0
6997,1063,528,0
6998,1063,680,0
6999,1063,464,0
7000,1063,1356,0
7001,1063,154,0
7002,1063,913,0
7003,1063,1406,0
7004,1063,1577,0
7005,1063,438,0
7006,1063,373,0
7007,1063,49,0
7008,1063,312,0
7009,1063,265,0
7010,1063,243,0
7011,1064,1349,0
7012,1064,56,0
7013,1064,287,0
7014,1064,609,0
7015,1072,765,0
7016,1072,273,0
7017,1072,287,0
7018,1072,635,0
7019,1078,671,0
7020,1078,253,0
7021,1078,141,0
7022,1078,1580,0
7023,1079,101,0
7024,1079,1585,0
7025,1079,299,0
7026,1079,1211,0
7027,1079,784,0
7028,1079,683,0
7029,1079,1582,0
7030,1079,481,0
7031,1085,903,0
7032,1085,715,0
7033,1091,917,0
7034,1091,300,0
7035,1091,1258,0
7036,1091,924,0
7037,1091,347,0
7038,1091,1242,0
7039,1091,390,0
7040,1091,1433,0
7041,1091,1102,0
7042,1091,1393,0
7043,1091,1539,0
7044,1091,560,0
7045,1091,1120,0
7046,1091,360,0
7047,1091,1128,0
7048,1091,134,0
7049,1092,288,0
7050,1092,1042,0
7051,1092,730,0
7052,1092,917,0
7053,1092,1288,0
7054,1092,1495,0
7055,1092,1243,0
7056,1092,811,0
7057,1092,92,0
7058,1093,1498,0
7059,1093,1000,0
7060,1093,1346,0
7061,1093,1384,0
7062,1093,228,0
7063,1093,1523,0
7064,1093,1421,0
7065,1107,62,0
7066,1115,1039,0
7067,1118,817,0
7068,1118,786,0
7069,1118,1263,0
7070,1118,928,0
7071,1118,46,0
7072,1118,1112,0
7073,1118,768,0
7074,1118,423,0
7075,1119,492,0
7076,1119,135,0
7077,1119,1320,0
7078,1119,929,0
7079,1123,1130,0
7080,1123,117,0
7081,1123,333,0
7082,1125,367,0
7083,1125,248,0
7084,1125,1,0
7085,1129,303,0
7086,1129,908,0
7087,1129,1085,0
7088,1129,1616,0
7089,1129,377,0
7090,1129,703,0
7091,1129,657,0
7092,1129,449,0
7093,1129,1034,0
7094,1129,1142,0
7095,1129,1319,0
7096,1129,559,0
7097,1129,495,0
7098,1129,233,0
7099,1129,1261,0
7100,1129,324,0
7101,1129,424,0
7102,1129,1478,0
7103,1129,1270,0
7104,1129,526,0
7105,1129,524,0
7106,1129,975,0
7107,1129,62,0
7108,1129,46,0
7109,1129,1590,0
7110,1129,1329,0
7111,1129,1182,0
7112,1129,846,0
7113,1129,1362,0
7114,1129,736,0
7115,1129,150,0
7116,1129,1189,0
7117,1129,973,0
7118,1129,1294,0
7119,1129,804,0
7120,1129,1157,0
7121,1129,409,0
7122,1129,882,0
7123,1129,1138,0
7124,1129,255,0
7125,1129,503,0
7126,1129,1533,0
7127,1129,1306,0
7128,1129,1040,0
7129,1129,188,0
7130,1129,546,0
7131,1129,553,0
7132,1129,1353,0
7133,1129,1233,0
7134,1129,1324,0
7135,1129,251,0
7136,1132,423,0
7137,1132,981,0
7138,1132,1520,0
7139,1132,722,0
7140,1132,350,0
7141,1132,1071,0
7142,1132,1036,0
7143,1132,959,0
7144,1132,719,0
7145,1132,63,0
7146,1132,193,0
7147,1132,610,0
7148,1132,1000,0
7149,1132,266,0
7150,1132,208,0
7151,1132,1617,0
7152,1132,70,0
7153,1132,713,0
7154,1132,1182,0
7155,1132,291,0
7156,1132,1416,0
7157,1132,1276,0
7158,1132,1271,0
7159,1132,222,0
7160,1133,1261,0
7161,1149,139,0
7162,1149,89,0
7163,1149,1126,0
7164,1149,964,0
7165,1149,631,0
7166,1149,35,0
7167,1149,71,0
7168,1150,1201,0
7169,1157,763,0
7170,1157,604,0
7171,1157,229,0
7172,1157,1511,0
7173,1157,896,0
7174,1157,97,0
7175,1157,1520,0
7176,1161,1178,0
7177,1161,1445,0
7178,1161,319,0
7179,1161,1146,0
7180,1161,143,0
7181,1168,1530,0
7182,1169,693,0
7183,1169,159,0
7184,1169,326,0
7185,1169,864,0
7186,1169,1301,0
7187,1173,875,0
7188,1173,839,0
7189,1173,850,0
7190,1173,1440,0
7191,1173,443,0
7192,1173,1400,0
7193,1173,1032,0
7194,1173,1204,0
7195,1173,1124,0
7196,1173,117,0
7197,1177,824,0
7198,1177,846,0
7199,1177,1220,0
7200,1177,1007,0
7201,1185,757,0
7202,1185,814,0
7203,1185,776,0
7204,1185,442,0
7205,1185,1590,0
7206,1185,1178,0
7207,1185,1323,0
7208,1185,2,0
7209,1185,709,0
7210,1185,973,0
7211,1185,426,0
7212,1185,24,0
7213,1185,1575,0
7214,1185,1183,0
7215,1185,1164,0
7216,1185,478,0
7217,1185,784,0
7218,1185,813,0
7219,1185,318,0
7220,1185,438,0
7221,1185,1274,0
7222,1185,1559,0
7223,1185,625,0
7224,1185,92,0
7225,1185,331,0
7226,1185,368,0
7227,1185,1587,0
7228,1185,1364,0
7229,1185,126,0
7230,1185,1298,0
7231,1185,1108,0
7232,1185,1446,0
7233,1185,53,0
7234,1185,1157,0
7235,1185,122,0
7236,1185,96,0
7237,1185,159,0
7238,1185,489,0
7239,1185,1571,0
7240,1185,1532,0
7241,1185,195,0
7242,1185,256,0
7243,1185,300,0
7244,1187,173,0
7245,1187,802,0
7246,1187,121,0
7247,1187,1026,0
7248,1187,156,0
7249,1187,398,0
7250,1187,1293,0
7251,1187,1480,0
7252,1187,380,0
7253,1187,499,0
7254,1187,626,0
7255,1188,344,0
7256,1188,425,0
7257,1188,1601,0
7258,1188,1404,0
7259,1191,268,0
7260,1191,631,0
7261,1191,1346,0
7262,1191,1120,0
7263,1191,893,0
7264,1191,394,0
7265,1191,1232,0
7266,1191,843,0
7267,1191,1546,0
7268,1191,1214,0
7269,1191,607,0
7270,1191,1270,0
7271,1191,1400,0
7272,1191,197,0
7273,1191,935,0
7274,1191,664,0
7275,1191,1606,0
7276,1191,108,0
7277,1191,336,0
7278,1191,100,0
7279,1191,1390,0
7280,1191,755,0
7281,1191,1580,0
7282,1191,146,0
7283,1191,735,0
7284,1191,168,0
7285,1191,627,0
7286,1191,668,0
7287,1191,1553,0
7288,1191,1538,0
7289,1191,667,0
7290,1191,162,0
7291,1191,958,0
7292,1191,1190,0
7293,1195,1508,0
7294,1195,938,0
7295,1195,1016,0
7296,1195,528,0
7297,1199,67,0
7298,1199,1107,0
7299,1199,785,0
7300,1199,226,0
7301,1199,1545,0
7302,1199,1338,0
7303,1199,789,0
7304,1199,1168,0
7305,1199,1055,0
7306,1199,765,0
7307,1199,381,0
7308,1199,632,0
7309,1199,1246,0
7310,1199,1353,0
7311,1199,1296,0
7312,1199,601,0
7313,1199,1175,0
7314,1199,672,0
7315,1199,521,0
7316,1199,1,0
7317,1199,169,0
7318,1199,895,0
7319,1199,626,0
7320,1199,297,0
7321,1199,1340,0
7322,1199,1051,0
7323,1199,378,0
7324,1199,697,0
7325,1199,1547,0
7326,1199,121,0
7327,1199,313,0
7328,1199,631,0
7329,1199,1124,0
7330,1199,991,0
7331,1199,43,0
7332,1199,243,0
7333,1199,415,0
7334,1199,637,0
7335,1199,1323,0
7336,1199,685,0
7337,1199,1335,0
7338,1199,885,0
7339,1199,445,0
7340,1199,578,0
7341,1199,376,0
7342,1199,698,0
7343,1199,1424,0
7344,1199,440,0
7345,1199,846,0
7346,1199,1235,0
7347,1199,116,0
7348,1199,372,0
7349,1199,1544,0
7350,1199,1260,0
7351,1199,136,0
7352,1199,1590,0
7353,1199,71,0
7354,1199,1035,0
7355,1199,102,0
7356,1199,350,0
7357,1199,134,0
7358,1199,1381,0
7359,1199,768,0
7360,1199,131,0
7361,1199,1068,0
7362,1199,1578,0
7363,1199,507,0
7364,1199,1065,0
7365,1199,1252,0
7366,1199,117,0
7367,1199,389,0
7368,1199,635,0
7369,1199,1377,0
7370,1199,439,0
7371,1199,104,0
7372,1199,1225,0
7373,1199,851,0
7374,1199,961,0
7375,1199,586,0
7376,1199,889,0
7377,1199,1091,0
7378,1199,522,0
7379,1199,868,0
7380,1199,755,0
7381,1199,1322,0
7382,1199,150,0
7383,1199,1094,0
7384,1199,135,0
7385,1199,869,0
7386,1199,1375,0
7387,1199,1394,0
7388,1199,309,0
7389,1199,403,0
7390,1199,1413,0
7391,1199,914,0
7392,1199,68,0
7393,1199,130,0
7394,1199,1530,0
7395,1199,328,0
7396,1199,1325,0
7397,1199,1128,0
7398,1199,370,0
7399,1199,899,0
7400,1199,354,0
7401,1199,1286,0
7402,1199,44,0
7403,1199,89,0
7404,1199,552,0
7405,1199,686,0
7406,1199,66,0
7407,1199,542,0
7408,1199,283,0
7409,1199,744,0
7410,1199,792,0
7411,1199,1202,0
7412,1199,1469,0
7413,1202,55,0
7414,1202,1090,0
7415,1202,610,0
7416,1202,132,0
7417,1205,470,0
7418,1205,1459,0
7419,1205,999,0
7420,1210,876,0
7421,1210,676,0
7422,1210,564,0
7423,1210,31,0
7424,1210,34,0
7425,1210,845,0
7426,1210,1352,0
7427,1210,226,0
7428,1210,1258,0
7429,1210,1244,0
7430,1210,1454,0
7431,1210,1429,0
7432,1210,346,0
7433,1210,959,0
7434,1210,440,0
7435,1210,4,0
7436,1210,529,0
7437,1210,248,0
7438,1210,1366,0
7439,1210,736,0
7440,1210,300,0
7441,1210,1412,0
7442,1210,844,0
7443,1210,246,0
7444,1210,1313,0
7445,1210,1531,0
7446,1210,657,0
7447,1210,893,0
7448,1210,1324,0
7449,1210,1382,0
7450,1210,1465,0
7451,1210,587,0
7452,1210,20,0
7453,1210,1158,0
7454,1210,266,0
7455,1210,1269,0
7456,1210,573,0
7457,1210,127,0
7458,1210,861,0
7459,1210,1529,0
7460,1210,747,0
7461,1210,702,0
7462,1210,985,0
7463,1210,715,0
7464,1210,535,0
7465,1210,1293,0
7466,1210,370,0
7467,1210,1479,0
7468,1211,1430,0
7469,1211,868,0
7470,1211,546,0
7471,1211,1455,0
7472,1211,1096,0
7473,1211,782,0
7474,1211,1205,0
7475,1211,815,0
7476,1211,890,0
7477,1211,501,0
7478,1211,1063,0
7479,1211,996,0
7480,1213,73,0
7481,1213,1485,0
7482,1214,546,0
7483,1214,539,0
7484,1214,196,0
7485,1214,983,0
7486,1214,113,0
7487,1214,962,0
7488,1214,1569,0
7489,1214,1236,0
7490,1215,72,0
7491,1215,1152,0
7492,1215,1509,0
7493,1215,1517,0
7494,1215,718,0
7495,1215,979,0
7496,1215,1202,0
7497,1215,789,0
7498,1215,1198,0
7499,1215,249,0
7500,1215,1287,0
7501,1215,361,0
7502,1217,1494,0
7503,1217,1168,0
7504,1217,390,0
7505,1217,914,0
7506,1217,363,0
7507,1217,1546,0
7508,1219,798,0
7509,1219,713,0
7510,1219,622,0
7511,1219,838,0
7512,1219,1366,0
7513,1219,932,0
7514,1219,1106,0
7515,1219,1119,0
7516,1219,878,0
7517,1219,242,0
7518,1219,1349,0
7519,1219,655,0
7520,1219,1387,0
7521,1219,289,0
7522,1219,623,0
7523,1219,829,0
7524,1219,504,0
7525,1219,1368,0
7526,1219,1070,0
7527,1219,318,0
7528,1219,495,0
7529,1219,392,0
7530,1219,134,0
7531,1219,557,0
7532,1219,974,0
7533,1219,1103,0
7534,1219,677,0
7535,1219,1353,0
7536,1219,1584,0
7537,1219,951,0
7538,1219,1145,0
7539,1219,350,0
7540,1219,456,0
7541,1219,1277,0
7542,1219,348,0
7543,1219,1385,0
7544,1219,602,0
7545,1219,858,0
7546,1219,374,0
7547,1219,1526,0
7548,1219,989,0
7549,1219,596,0
7550,1219,930,0
7551,1219,1210,0
7552,1219,133,0
7553,1219,1515,0
7554,1219,1305,0
7555,1219,1372,0
7556,1219,609,0
7557,1219,999,0
7558,1219,1516,0
7559,1219,780,0
7560,1219,631,0
7561,1219,871,0
7562,1219,1201,0
7563,1219,525,0
7564,1219,532,0
7565,1219,216,0
7566,1219,1276,0
7567,1219,313,0
7568,1219,797,0
7569,1219,354,0
7570,1219,1207,0
7571,1219,464,0
7572,1219,1310,0
7573,1219,332,0
7574,1219,740,0
7575,1219,71,0
7576,1219,1323,0
7577,1219,415,0
7578,1219,1604,0
7579,1219,87,0
7580,1219,417,0
7581,1219,1345,0
7582,1219,551,0
7583,1219,547,0
7584,1219,984,0
7585,1219,111,0
7586,1219,910,0
7587,1219,1480,0
7588,1219,1275,0
7589,1219,300,0
7590,1219,606,0
7591,1219,152,0
7592,1219,567,0
7593,1219,638,0
7594,1219,603,0
7595,1219,629,0
7596,1219,624,0
7597,1219,1549,0
7598,1219,788,0
7599,1219,517,0
7600,1219,588,0
7601,1219,1467,0
7602,1219,1149,0
7603,1219,359,0
7604,1219,1369,0
7605,1219,94,0
7606,1219,179,0
7607,1219,676,0
7608,1219,893,0
7609,1219,1189,0
7610,1219,1281,0
7611,1219,1411,0
7612,1219,1554,0
7613,1219,315,0
7614,1219,727,0
7615,1219,924,0
7616,1219,919,0
7617,1219,1044,0
7618,1219,155,0
7619,1219,626,0
7620,1219,949,0
7621,1219,21,0
7622,1220,1073,0
7623,1221,1085,0
7624,1221,1016,0
7625,1221,608,0
7626,1221,525,0
7627,1221,1041,0
7628,1221,1324,0
7629,1221,454,0
7630,1221,1539,0
7631,1221,1022,0
7632,1221,800,0
7633,1221,271,0
7634,1221,683,0
7635,1221,130,0
7636,1221,439,0
7637,1221,1394,0
7638,1222,743,0
7639,1222,496,0
7640,1222,921,0
7641,1222,1601,0
7642,1222,1190,0
7643,1222,1281,0
7644,1222,1574,0
7645,1222,461,0
7646,1222,968,0
7647,1222,703,0
7648,1222,811,0
7649,1222,1571,0
7650,1222,1133,0
7651,1222,758,0
7652,1222,567,0
7653,1222,1318,0
7654,1223,518,0
7655,1223,197,0
7656,1224,239,0
7657,1224,521,0
7658,1224,704,0
7659,1224,323,0
7660,1224,151,0
7661,1224,412,0
7662,1224,1458,0
7663,1224,1015,0
7664,1224,407,0
7665,1224,314,0
7666,1224,490,0
7667,1224,134,0
7668,1224,413,0
7669,1224,1104,0
7670,1224,1512,0
7671,1224,250,0
7672,1224,952,0
7673,1224,398,0
7674,1224,433,0
7675,1224,364,0
7676,1224,1302,0
7677,1224,686,0
7678,1224,663,0
7679,1226,577,0
7680,1229,1111,0
7681,1229,705,0
7682,1229,1150,0
7683,1229,855,0
7684,1231,597,0
7685,1231,39,0
7686,1231,1362,0
7687,1231,827,0
7688,1231,676,0
7689,1231,1126,0
7690,1231,950,0
7691,1231,1540,0
7692,1231,1574,0
7693,1231,988,0
7694,1231,1614,0
7695,1231,1084,0
7696,1231,939,0
7697,1231,33,0
7698,1231,1508,0
7699,1231,38,0
7700,1232,119,0
7701,1232,725,0
7702,1233,62,0
7703,1233,1376,0
7704,1235,60,0
7705,1235,1065,0
7706,1237,841,0
7707,1237,265,0
7708,1237,1308,0
7709,1237,1601,0
7710,1239,1123,0
7711,1245,1410,0
7712,1248,604,0
7713,1248,1145,0
7714,1249,578,0
7715,1249,486,0
7716,1249,1078,0
7717,1249,979,0
7718,1249,1017,0
7719,1249,564,0
7720,1249,922,0
7721,1249,204,0
7722,1249,1135,0
7723,1249,1268,0
7724,1249,1520,0
7725,1249,850,0
7726,1249,589,0
7727,1249,235,0
7728,1249,236,0
7729,1249,1618,0
7730,1249,736,0
7731,1249,865,0
7732,1249,923,0
7733,1249,75,0
7734,1254,760,0
7735,1254,801,0
7736,1254,1026,0
7737,1254,311,0
7738,1254,901,0
7739,1254,1537,0
7740,1254,1585,0
7741,1256,276,0
7742,1256,159,0
7743,1256,1508,0
7744,1256,1142,0
7745,1257,362,0
7746,1257,528,0
7747,1258,495,0
7748,1258,631,0
7749,1258,1173,0
7750,1258,200,0
7751,1258,770,0
7752,1258,363,0
7753,1258,454,0
7754,1258,434,0
7755,1258,667,0
7756,1258,591,0
7757,1258,288,0
7758,1258,1412,0
7759,1259,410,0
7760,1262,1315,0
7761,1264,86,0
7762,1264,591,0
7763,1264,585,0
7764,1264,990,0
7765,1264,718,0
7766,1264,517,0
7767,1264,1600,0
7768,1264,792,0
7769,1264,1518,0
7770,1264,1473,0
7771,1264,102,0
7772,1264,1304,0
7773,1264,989,0
7774,1264,433,0
7775,1264,113,0
7776,1264,245,0
7777,1264,965,0
7778,1264,1437,0
7779,1264,1414,0
7780,1264,1281,0
7781,1264,641,0
7782,1264,404,0
7783,1264,1089,0
7784,1264,1575,0
7785,1264,206,0
7786,1264,233,0
7787,1264,1592,0
7788,1264,1606,0
7789,1264,373,0
7790,1264,1249,0
7791,1264,1020,0
7792,1264,1389,0
7793,1264,476,0
7794,1264,541,0
7795,1264,956,0
7796,1264,320,0
7797,1264,1252,0
7798,1264,1275,0
7799,1264,786,0
7800,1264,1589,0
7801,1264,966,0
7802,1264,1553,0
7803,1264,1500,0
7804,1264,509,0
7805,1264,270,0
7806,1264,288,0
7807,1264,88,0
7808,1264,535,0
7809,1264,338,0
7810,1264,198,0
7811,1264,784,0
7812,1264,331,0
7813,1264,207,0
7814,1264,383,0
7815,1264,953,0
7816,1264,53,0
7817,1264,467,0
7818,1264,671,0
7819,1264,907,0
7820,1264,863,0
7821,1264,1083,0
7822,1264,484,0
7823,1264,1065,0
7824,1264,115,0
7825,1264,755,0
7826,1264,659,0
7827,1264,1355,0
7828,1264,683,0
7829,1272,33,0
7830,1272,313,0
7831,1272,703,0
7832,1272,1342,0
7833,1273,1563,0
7834,1273,1559,0
7835,1273,1605,0
7836,1273,690,0
7837,1273,330,0
7838,1273,23,0
7839,1273,476,0
7840,1273,181,0
7841,1273,931,0
7842,1273,42,0
7843,1281,359,0
7844,1281,1535,0
7845,1281,1228,0
7846,1281,173,0
7847,1281,102,0
7848,1281,660,0
7849,1281,193,0
7850,1283,937,0
7851,1289,1581,0
7852,1291,496,0
7853,1291,398,0
7854,1291,214,0
7855,1291,259,0
7856,1291,446,0
7857,1291,1224,0
7858,1291,184,0
7859,1291,103,0
7860,1291,1125,0
7861,1291,681,0
7862,1291,1486,0
7863,1291,923,0
7864,1291,1088,0
7865,1291,702,0
7866,1291,127,0
7867,1291,569,0
7868,1291,905,0
7869,1291,1016,0
7870,1291,1515,0
7871,1291,755,0
7872,1291,1065,0
7873,1291,1146,0
7874,1291,466,0
7875,1293,1489,0
7876,1296,1459,0
7877,1301,1458,0
7878,1301,86,0
7879,1301,465,0
7880,1305,8,0
7881,1305,7,0
7882,1308,1327,0
7883,1308,280,0
7884,1308,1285,0
7885,1308,819,0
7886,1308,439,0
7887,1308,865,0
7888,1308,165,0
7889,1308,674,0
7890,1308,1487,0
7891,1308,40,0
7892,1308,174,0
7893,1308,702,0
7894,1308,1124,0
7895,1308,742,0
7896,1308,19,0
7897,1308,158,0
7898,1308,130,0
7899,1308,291,0
7900,1308,1059,0
7901,1308,1607,0
7902,1308,2,0
7903,1308,1469,0
7904,1308,1224,0
7905,1308,1485,0
7906,1308,1276,0
7907,1308,1498,0
7908,1308,1187,0
7909,1308,1509,0
7910,1308,1562,0
7911,1308,1550,0
7912,1308,1053,0
7913,1308,616,0
7914,1308,632,0
7915,1308,83,0
7916,1308,1583,0
7917,1308,1113,0
7918,1308,820,0
7919,1308,1473,0
7920,1308,1442,0
7921,1308,137,0
7922,1308,1418,0
7923,1308,823,0
7924,1308,32,0
7925,1308,1402,0
7926,1308,50,0
7927,1308,470,0
7928,1308,977,0
7929,1312,1069,0
7930,1312,161,0
7931,1312,1127,0
7932,1312,7,0
7933,1312,1105,0
7934,1312,647,0
7935,1312,270,0
7936,1312,155,0
7937,1312,287,0
7938,1312,35,0
7939,1312,1116,0
7940,1312,227,0
7941,1312,461,0
7942,1312,845,0
7943,1312,14,0
7944,1312,778,0
7945,1312,1609,0
7946,1312,1464,0
7947,1312,419,0
7948,1314,909,0
7949,1314,1457,0
7950,1314,1405,0
7951,1314,285,0
7952,1314,162,0
7953,1314,316,0
7954,1314,1383,0
7955,1314,562,0
7956,1314,765,0
7957,1314,564,0
7958,1314,1176,0
7959,1314,1555,0
7960,1314,1112,0
7961,1314,582,0
7962,1314,128,0
7963,1314,1513,0
7964,1314,192,0
7965,1314,1060,0
7966,1314,386,0
7967,1314,262,0
7968,1314,51,0
7969,1314,414,0
7970,1314,844,0
7971,1314,1419,0
7972,1314,1355,0
7973,1314,821,0
7974,1314,139,0
7975,1314,903,0
7976,1315,710,0
7977,1315,870,0
7978,1315,1304,0
7979,1315,266,0
7980,1315,249,0
7981,1315,1039,0
7982,1315,935,0
7983,1315,291,0
7984,1315,286,0
7985,1315,1562,0
7986,1315,849,0
7987,1315,497,0
7988,1315,1202,0
7989,1315,925,0
7990,1315,792,0
7991,1315,774,0
7992,1315,512,0
7993,1315,1223,0
7994,1315,1207,0
7995,1315,315,0
7996,1315,438,0
7997,1315,1607,0
7998,1315,153,0
7999,1315,232,0
8000,1317,1200,0
8001,1317,1413,0
8002,1317,1362,0
8003,1317,231,0
8004,1318,519,0
8005,1318,527,0
8006,1318,1441,0
8007,1318,910,0
8008,1318,698,0
8009,1323,1060,0
8010,1326,133,0
8011,1326,1485,0
8012,1326,722,0
8013,1326,86,0
8014,1326,1542,0
8015,1326,1532,0
8016,1326,688,0
8017,1326,671,0
8018,1326,1586,0
8019,1326,759,0
8020,1326,690,0
8021,1326,597,0
8022,1328,514,0
8023,1328,961,0
8024,1328,1382,0
8025,1328,861,0
8026,1331,425,0
8027,1331,1517,0
8028,1331,1435,0
8029,1331,1468,0
8030,1331,1180,0
8031,1331,698,0
8032,1331,690,0
8033,1331,551,0
8034,1331,209,0
8035,1331,1285,0
8036,1331,1334,0
8037,1331,106,0
8038,1331,1416,0
8039,1331,854,0
8040,1331,924,0
8041,1338,515,0
8042,1338,482,0
8043,1338,18,0
8044,1338,918,0
8045,1338,494,0
8046,1338,1052,0
8047,1338,15,0
8048,1339,611,0
8049,1339,1328,0
8050,1339,828,0
8051,1339,1196,0
8052,1339,831,0
8053,1339,809,0
8054,1339,198,0
8055,1339,492,0
8056,1350,152,0
8057,1354,150,0
8058,1354,214,0
8059,1354,380,0
8060,1354,1183,0
8061,1355,581,0
8062,1355,866,0
8063,1355,12,0
8064,1355,1462,0
8065,1355,837,0
8066,1355,970,0
8067,1355,1025,0
8068,1355,1075,0
8069,1359,572,0
8070,1359,168,0
8071,1359,476,0
8072,1359,1344,0
8073,1359,299,0
8074,1363,705,0
8075,1363,1074,0
8076,1363,1203,0
8077,1363,770,0
8078,1364,265,0
8079,1364,465,0
8080,1364,1475,0
8081,1364,1042,0
8082,1364,1411,0
8083,1364,252,0
8084,1364,756,0
8085,1364,1197,0
8086,1364,1340,0
8087,1364,821,0
8088,1364,1375,0
8089,1364,1184,0
8090,1366,783,0
8091,1366,264,0
8092,1367,1405,0
8093,1367,1591,0
8094,1367,1040,0
8095,1367,749,0
8096,1367,53,0
8097,1367,1537,0
8098,1367,15,0
8099,1367,1013,0
8100,1367,432,0
8101,1367,262,0
8102,1367,145,0
8103,1367,851,0
8104,1367,589,0
8105,1369,1066,0
8106,1369,1002,0
8107,1369,524,0
8108,1369,775,0
8109,1369,812,0
8110,1369,454,0
8111,1369,36,0
8112,1369,850,0
8113,1370,1179,0
8114,1370,774,0
8115,1370,175,0
8116,1370,750,0
8117,1370,581,0
8118,1370,691,0
8119,1370,72,0
8120,1370,1328,0
8121,1370,348,0
8122,1370,1194,0
8123,1370,748,0
8124,1370,624,0
8125,1370,1252,0
8126,1370,335,0
8127,1370,743,0
8128,1370,746,0
8129,1370,381,0
8130,1370,199,0
8131,1370,245,0
8132,1370,1190,0
8133,1370,52,0
8134,1371,710,0
8135,1385,1197,0
8136,1385,1170,0
8137,1385,1552,0
8138,1385,4,0
8139,1385,1329,0
8140,1385,1025,0
8141,1394,26,0
8142,1395,1463,0
8143,1395,1121,0
8144,1395,762,0
8145,1395,414,0
8146,1395,1571,0
8147,1400,450,0
8148,1400,661,0
8149,1400,833,0
8150,1400,154,0
8151,1403,461,0
8152,1404,329,0
8153,1404,1274,0
8154,1407,1359,0
8155,1408,605,0
8156,1408,764,0
8157,1408,646,0
8158,1408,167,0
8159,1408,15,0
8160,1408,1037,0
8161,1408,521,0
8162,1408,1301,0
8163,1408,399,0
8164,1408,1520,0
8165,1408,660,0
8166,1409,1034,0
8167,1419,642,0
8168,1419,1526,0
8169,1419,633,0
8170,1419,710,0
8171,1419,394,0
8172,1419,10,0
8173,1419,1137,0
8174,1419,43,0
8175,1420,746,0
8176,1420,814,0
8177,1423,1618,0
8178,1423,611,0
8179,1423,805,0
8180,1423,1553,0
8181,1423,231,0
8182,1423,1096,0
8183,1424,881,0
8184,1424,338,0
8185,1424,1501,0
8186,1427,471,0
8187,1427,253,0
8188,1433,259,0
8189,1435,397,0
8190,1436,516,0
8191,1436,486,0
8192,1436,895,0
8193,1436,989,0
8194,1438,101,0
8195,1438,658,0
8196,1438,291,0
8197,1438,692,0
8198,1438,141,0
8199,1438,97,0
8200,1438,1257,0
8201,1439,250,0
8202,1439,655,0
8203,1439,634,0
8204,1439,810,0
8205,1445,775,0
8206,1445,690,0
8207,1445,404,0
8208,1445,708,0
8209,1445,1472,0
8210,1445,623,0
8211,1445,117,0
8212,1445,1258,0
8213,1445,1191,0
8214,1445,662,0
8215,1445,825,0
8216,1445,610,0
8217,1445,843,0
8218,1447,906,0
8219,1447,1302,0
8220,1447,1067,0
8221,1447,347,0
8222,1447,1071,0
8223,1447,397,0
8224,1447,1266,0
8225,1447,462,0
8226,1447,107,0
8227,1447,1284,0
8228,1447,1088,0
8229,1447,1565,0
8230,1447,400,0
8231,1447,878,0
8232,1447,1138,0
8233,1447,376,0
8234,1447,1111,0
8235,1447,1450,0
8236,1447,621,0
8237,1447,1020,0
8238,1447,437,0
8239,1447,562,0
8240,1451,504,0
8241,1451,1476,0
8242,1451,49,0
8243,1451,1572,0
8244,1451,516,0
8245,1451,885,0
8246,1451,13,0
8247,1451,774,0
8248,1451,1561,0
8249,1451,736,0
8250,1453,557,0
8251,1453,1357,0
8252,1453,176,0
8253,1453,1130,0
8254,1453,683,0
8255,1453,1506,0
8256,1453,692,0
8257,1453,597,0
8258,1453,474,0
8259,1453,1503,0
8260,1453,65,0
8261,1453,1119,0
8262,1454,478,0
8263,1454,395,0
8264,1454,619,0
8265,1454,1049,0
8266,1454,471,0
8267,1454,1267,0
8268,1454,1291,0
8269,1454,463,0
8270,1454,1256,0
8271,1454,1369,0
8272,1454,86,0
8273,1454,62,0
8274,1454,468,0
8275,1454,655,0
8276,1454,543,0
8277,1454,467,0
8278,1454,883,0
8279,1454,1570,0
8280,1454,1066,0
8281,1454,694,0
8282,1454,153,0
8283,1454,739,0
8284,1454,867,0
8285,1454,1012,0
8286,1454,860,0
8287,1454,378,0
8288,1454,1243,0
8289,1454,1515,0
8290,1454,740,0
8291,1454,589,0
8292,1454,1230,0
8293,1454,1207,0
8294,1454,33,0
8295,1454,1365,0
8296,1454,1289,0
8297,1454,582,0
8298,1454,524,0
8299,1454,108,0
8300,1454,1377,0
8301,1454,184,0
8302,1454,1017,0
8303,1454,1182,0
8304,1454,61,0
8305,1454,287,0
8306,1454,273,0
8307,1454,925,0
8308,1454,726,0
8309,1454,326,0
8310,1454,1320,0
8311,1454,1140,0
8312,1454,697,0
8313,1454,1503,0
8314,1454,628,0
8315,1454,1149,0
8316,1454,201,0
8317,1454,1342,0
8318,1454,1461,0
8319,1454,1277,0
8320,1454,24,0
8321,1454,1201,0
8322,1454,134,0
8323,1454,30,0
8324,1454,230,0
8325,1454,859,0
8326,1454,72,0
8327,1454,1246,0
8328,1454,44,0
8329,1454,389,0
8330,1454,602,0
8331,1454,207,0
8332,1454,818,0
8333,1454,532,0
8334,1454,548,0
8335,1454,1384,0
8336,1454,1059,0
8337,1454,1554,0
8338,1454,1403,0
8339,1454,855,0
8340,1454,797,0
8341,1454,1562,0
8342,1454,1200,0
8343,1454,202,0
8344,1454,523,0
8345,1454,1019,0
8346,1454,812,0
8347,1454,770,0
8348,1454,313,0
8349,1454,1509,0
8350,1454,842,0
8351,1454,1594,0
8352,1454,625,0
8353,1454,754,0
8354,1454,505,0
8355,1454,769,0
8356,1454,1405,0
8357,1454,426,0
8358,1454,330,0
8359,1454,1345,0
8360,1454,42,0
8361,1454,178,0
8362,1454,1498,0
8363,1454,1169,0
8364,1454,380,0
8365,1454,337,0
8366,1454,1514,0
8367,1454,428,0
8368,1454,782,0
8369,1454,1495,0
8370,1454,1464,0
8371,1454,1537,0
8372,1454,629,0
8373,1454,1302,0
8374,1454,139,0
8375,1454,1516,0
8376,1454,1440,0
8377,1454,575,0
8378,1454,1221,0
8379,1454,1027,0
8380,1454,331,0
8381,1454,1195,0
8382,1454,1337,0
8383,1454,12,0
8384,1454,1025,0
8385,1454,203,0
8386,1454,217,0
8387,1454,1520,0
8388,1454,424,0
8389,1454,903,0
8390,1454,514,0
8391,1454,1269,0
8392,1454,396,0
8393,1454,55,0
8394,1454,26,0
8395,1454,664,0
8396,1454,1102,0
8397,1454,897,0
8398,1454,700,0
8399,1454,1251,0
8400,1454,603,0
8401,1454,1466,0
8402,1454,917,0
8403,1454,1288,0
8404,1454,831,0
8405,1454,922,0
8406,1454,668,0
8407,1464,25,0
8408,1464,297,0
8409,1464,1010,0
8410,1464,107,0
8411,1464,871,0
8412,1468,1576,0
8413,1468,230,0
8414,1471,1507,0
8415,1471,423,0
8416,1471,632,0
8417,1471,768,0
8418,1471,596,0
8419,1475,894,0
8420,1476,104,0
8421,1476,1559,0
8422,1476,351,0
8423,1476,730,0
8424,1476,945,0
8425,1476,555,0
8426,1483,633,0
8427,1483,913,0
8428,1483,1342,0
8429,1483,1409,0
8430,1483,1176,0
8431,1483,1361,0
8432,1483,1515,0
8433,1483,1307,0
8434,1483,1368,0
8435,1483,1465,0
8436,1493,1098,0
8437,1494,637,0
8438,1494,242,0
8439,1494,217,0
8440,1495,1026,0
8441,1495,168,0
8442,1495,381,0
8443,1495,822,0
8444,1495,506,0
8445,1495,374,0
8446,1495,1294,0
8447,1495,728,0
8448,1495,190,0
8449,1495,1153,0
8450,1495,1504,0
8451,1495,1342,0
8452,1495,1493,0
8453,1495,1130,0
8454,1495,649,0
8455,1496,861,0
8456,1496,1025,0
8457,1496,710,0
8458,1496,1123,0
8459,1496,490,0
8460,1496,1397,0
8461,1496,740,0
8462,1496,292,0
8463,1496,1597,0
8464,1496,709,0
8465,1496,685,0
8466,1496,313,0
8467,1496,1128,0
8468,1496,1189,0
8469,1496,1514,0
8470,1496,1184,0
8471,1496,1052,0
8472,1496,721,0
8473,1500,167,0
8474,1500,582,0
8475,1500,1177,0
8476,1500,399,0
8477,1501,1440,0
8478,1501,1158,0
8479,1501,1073,0
8480,1501,831,0
8481,1501,1400,0
8482,1501,84,0
8483,1501,54,0
8484,1505,229,0
8485,1505,1053,0
8486,1510,1278,0
8487,1510,577,0
8488,1510,1006,0
8489,1510,1555,0
8490,1510,1159,0
8491,1510,460,0
8492,1517,1358,0
8493,1517,205,0
8494,1517,1389,0
8495,1517,130,0
8496,1517,586,0
8497,1518,915,0
8498,1518,196,0
8499,1518,1353,0
8500,1518,270,0
8501,1518,699,0
8502,1519,1138,0
8503,1519,1132,0
8504,1519,150,0
8505,1519,1495,0
8506,1519,1040,0
8507,1519,1589,0
8508,1519,1509,0
8509,1519,225,0
8510,1519,814,0
8511,1519,1614,0
8512,1519,11,0
8513,1519,1582,0
8514,1519,118,0
8515,1519,637,0
8516,1519,904,0
8517,1519,762,0
8518,1519,956,0
8519,1519,1337,0
8520,1519,1309,0
8521,1519,1045,0
8522,1519,180,0
8523,1519,784,0
8524,1519,887,0
8525,1519,24,0
8526,1527,1358,0
8527,1527,1313,0
8528,1533,47,0
8529,1539,6,0
8530,1539,147,0
8531,1541,496,0
8532,1541,1497,0
8533,1541,1459,0
8534,1541,474,0
8535,1542,1598,0
8536,1542,71,0
8537,1542,358,0
8538,1542,1503,0
8539,1542,810,0
8540,1542,266,0
8541,1542,51,0
8542,1542,721,0
8543,1542,265,0
8544,1543,540,0
8545,1543,694,0
8546,1543,57,0
8547,1543,1246,0
8548,1544,1574,0
8549,1544,135,0
8550,1544,181,0
8551,1544,437,0
8552,1544,14,0
8553,1544,525,0
8554,1544,1591,0
8555,1544,1337,0
8556,1544,350,0
8557,1544,140,0
8558,1544,605,0
8559,1544,485,0
8560,1544,1564,0
8561,1544,35,0
8562,1544,1515,0
8563,1544,1309,0
8564,1544,299,0
8565,1544,1213,0
8566,1544,474,0
8567,1544,1605,0
8568,1544,61,0
8569,1544,319,0
8570,1544,500,0
8571,1544,519,0
8572,1544,85,0
8573,1544,62,0
8574,1544,170,0
8575,1544,823,0
8576,1550,146,0
8577,1550,1240,0
8578,1550,893,0
8579,1550,763,0
8580,1550,977,0
8581,1551,779,0
8582,1551,43,0
8583,1551,1390,0
8584,1551,1338,0
8585,1551,761,0
8586,1551,344,0
8587,1551,677,0
8588,1560,479,0
8589,1560,669,0
8590,1560,1004,0
8591,1563,1294,0
8592,1568,676,0
8593,1573,745,0
8594,1573,332,0
8595,1573,1466,0
8596,1573,68,0
8597,1573,1147,0
8598,1573,1133,0
8599,1573,763,0
8600,1573,890,0
8601,1573,1617,0
8602,1573,7,0
8603,1575,571,0
8604,1575,1239,0
8605,1575,722,0
8606,1575,665,0
8607,1575,967,0
8608,1575,34,0
8609,1575,1086,0
8610,1575,785,0
8611,1576,1518,0
8612,1576,1450,0
8613,1576,327,0
8614,1576,1271,0
8615,1576,964,0
8616,1576,413,0
8617,1576,872,0
8618,1576,229,0
8619,1576,1093,0
8620,1580,519,0
8621,1580,648,0
8622,1580,335,0
8623,1580,78,0
8624,1580,1154,0
8625,1580,1531,0
8626,1580,1077,0
8627,1580,1555,0
8628,1580,1384,0
8629,1580,873,0
8630,1581,1183,0
8631,1581,678,0
8632,1581,147,0
8633,1581,535,0
8634,1585,1236,0
8635,1585,1072,0
8636,1585,1202,0
8637,1585,1495,0
8638,1585,179,0
8639,1585,106,0
8640,1585,880,0
8641,1585,118,0
8642,1590,357,0
8643,1590,129,0
8644,1590,1162,0
8645,1590,1287,0
8646,1591,1523,0
8647,1591,1073,0
8648,1592,754,0
8649,1592,269,0
8650,1599,959,0
8651,1599,376,0
8652,1599,264,0
8653,1599,1368,0
8654,1599,465,0
8655,1599,459,0
8656,1599,1078,0
8657,1599,1273,0
8658,1599,718,0
8659,1599,939,0
8660,1599,345,0
8661,1613,1325,0
8662,1613,1176,0
8663,1614,1151,0
8664,1615,625,0
8665,1615,1600,0
8666,1615,1288,0
8667,1615,1535,0
8668,1615,211,0
8669,1615,1566,0
8670,1615,1107,0
8671,1615,1283,0
