src_idx,dst_idx,src_gene,dst_gene,score
431,28,1700017B05RIK,NFE2,0.8983568
431,357,1700017B05RIK,MEIS1,0.89648044
431,78,1700017B05RIK,MECOM,0.8962374
431,137,1700017B05RIK,MYCN,0.89262396
431,57,1700017B05RIK,OASL2,0.89194083
431,277,1700017B05RIK,RTP4,0.89194053
431,183,1700017B05RIK,XAF1,0.89110327
431,200,1700017B05RIK,IGTP,0.89110327
431,609,1700017B05RIK,UBA7,0.89110327
431,410,1700017B05RIK,SMARCA2,0.8899257
431,283,1700017B05RIK,EGR1,0.88864714
431,136,1700017B05RIK,TACC3,0.8874749
431,514,1700017B05RIK,PAK1,0.88736963
431,0,1700017B05RIK,OTUD6B,0.8873572
431,8,1700017B05RIK,ATAD1,0.8873572
431,128,1700017B05RIK,APLP2,0.8873572
431,150,1700017B05RIK,SORT1,0.8873572
431,396,1700017B05RIK,RUVBL2,0.8873572
431,432,1700017B05RIK,HDC,0.8873572
431,450,1700017B05RIK,MAGED1,0.8873572
431,519,1700017B05RIK,AGPS,0.8873572
431,595,1700017B05RIK,CSF3R,0.8873572
431,518,1700017B05RIK,PHF10,0.8872957
431,524,1700017B05RIK,TBC1D10C,0.8865584
431,81,1700017B05RIK,HDAC11,0.88648236
431,198,1700017B05RIK,NDN,0.88566744
431,404,1700017B05RIK,FTSJ3,0.8855358
431,33,1700017B05RIK,CSTF2,0.8854538
431,263,1700017B05RIK,JUN,0.88500607
431,441,1700017B05RIK,EBF1,0.8849098
431,2,1700017B05RIK,PPP1R15A,0.8849047
431,47,1700017B05RIK,FGL2,0.8849047
431,140,1700017B05RIK,ANXA3,0.8849047
431,362,1700017B05RIK,PTGS1,0.8849047
431,546,1700017B05RIK,PROCR,0.8849047
431,622,1700017B05RIK,KRT18,0.8849047
431,194,1700017B05RIK,GOLPH3,0.8848948
431,564,1700017B05RIK,MFNG,0.88467485
431,553,1700017B05RIK,DHFR,0.8843264
431,367,1700017B05RIK,HCFC1,0.88415396
431,394,1700017B05RIK,MAPK1,0.8838468
431,251,1700017B05RIK,IRF6,0.8836629
431,34,1700017B05RIK,MAML3,0.8834213
431,486,1700017B05RIK,NFKBIA,0.88339585
431,190,1700017B05RIK,RAD51,0.8832667
431,554,1700017B05RIK,CDT1,0.8829184
431,590,1700017B05RIK,IL12A,0.88253915
431,210,1700017B05RIK,PNO1,0.8824361
431,232,1700017B05RIK,ICAM1,0.8822636
431,440,1700017B05RIK,TMEM97,0.8819445
558,595,2610035D17RIK,CSF3R,0.901884
558,28,2610035D17RIK,NFE2,0.8983655
558,357,2610035D17RIK,MEIS1,0.89649427
558,78,2610035D17RIK,MECOM,0.8962374
558,362,2610035D17RIK,PTGS1,0.8935833
558,137,2610035D17RIK,MYCN,0.89262396
558,277,2610035D17RIK,RTP4,0.89194053
558,183,2610035D17RIK,XAF1,0.89110327
558,200,2610035D17RIK,IGTP,0.89110327
558,504,2610035D17RIK,IFI44,0.89110327
558,609,2610035D17RIK,UBA7,0.89110327
558,410,2610035D17RIK,SMARCA2,0.8899257
558,140,2610035D17RIK,ANXA3,0.8874282
558,150,2610035D17RIK,SORT1,0.8874134
558,432,2610035D17RIK,HDC,0.8873755
558,0,2610035D17RIK,OTUD6B,0.8873572
558,128,2610035D17RIK,APLP2,0.8873572
558,514,2610035D17RIK,PAK1,0.8873572
558,524,2610035D17RIK,TBC1D10C,0.8873572
558,136,2610035D17RIK,TACC3,0.8873476
558,396,2610035D17RIK,RUVBL2,0.88726604
558,450,2610035D17RIK,MAGED1,0.8872543
558,519,2610035D17RIK,AGPS,0.8865584
558,283,2610035D17RIK,EGR1,0.8865094
558,81,2610035D17RIK,HDAC11,0.88636285
558,198,2610035D17RIK,NDN,0.8857979
558,404,2610035D17RIK,FTSJ3,0.8855358
558,33,2610035D17RIK,CSTF2,0.8854538
558,2,2610035D17RIK,PPP1R15A,0.88500047
558,263,2610035D17RIK,JUN,0.8849187
558,47,2610035D17RIK,FGL2,0.8849047
558,194,2610035D17RIK,GOLPH3,0.8849047
558,441,2610035D17RIK,EBF1,0.8849047
558,546,2610035D17RIK,PROCR,0.8849047
558,622,2610035D17RIK,KRT18,0.8849047
558,146,2610035D17RIK,SCARF1,0.88476795
558,564,2610035D17RIK,MFNG,0.88467485
558,8,2610035D17RIK,ATAD1,0.88435096
558,190,2610035D17RIK,RAD51,0.8843264
558,553,2610035D17RIK,DHFR,0.8843264
558,367,2610035D17RIK,HCFC1,0.88415396
558,394,2610035D17RIK,MAPK1,0.8838468
558,251,2610035D17RIK,IRF6,0.8836629
558,34,2610035D17RIK,MAML3,0.8834213
558,486,2610035D17RIK,NFKBIA,0.88339585
558,554,2610035D17RIK,CDT1,0.88287765
558,590,2610035D17RIK,IL12A,0.88253915
558,210,2610035D17RIK,PNO1,0.8824361
558,232,2610035D17RIK,ICAM1,0.8822901
558,440,2610035D17RIK,TMEM97,0.8819445
25,622,4833439L19RIK,KRT18,0.8848201
25,410,4833439L19RIK,SMARCA2,0.8840214
25,28,4833439L19RIK,NFE2,0.88266
25,357,4833439L19RIK,MEIS1,0.8807794
25,0,4833439L19RIK,OTUD6B,0.87916875
25,128,4833439L19RIK,APLP2,0.8791
25,136,4833439L19RIK,TACC3,0.8791
25,150,4833439L19RIK,SORT1,0.8791
25,396,4833439L19RIK,RUVBL2,0.8791
25,432,4833439L19RIK,HDC,0.8791
25,450,4833439L19RIK,MAGED1,0.8791
25,514,4833439L19RIK,PAK1,0.8791
25,519,4833439L19RIK,AGPS,0.8791
25,524,4833439L19RIK,TBC1D10C,0.8791
25,8,4833439L19RIK,ATAD1,0.8789622
25,595,4833439L19RIK,CSF3R,0.8789622
25,404,4833439L19RIK,FTSJ3,0.87744045
25,137,4833439L19RIK,MYCN,0.876909
25,81,4833439L19RIK,HDAC11,0.87494975
25,183,4833439L19RIK,XAF1,0.8745376
25,200,4833439L19RIK,IGTP,0.87437195
25,504,4833439L19RIK,IFI44,0.87437195
25,609,4833439L19RIK,UBA7,0.87437195
25,57,4833439L19RIK,OASL2,0.8741784
25,277,4833439L19RIK,RTP4,0.8741783
25,439,4833439L19RIK,DDX20,0.87388295
25,33,4833439L19RIK,CSTF2,0.87315226
25,554,4833439L19RIK,CDT1,0.8724668
25,486,4833439L19RIK,NFKBIA,0.87227404
25,440,4833439L19RIK,TMEM97,0.8722471
25,464,4833439L19RIK,ZNRF2,0.8722471
25,210,4833439L19RIK,PNO1,0.8715053
25,34,4833439L19RIK,MAML3,0.8713579
25,283,4833439L19RIK,EGR1,0.87003636
25,518,4833439L19RIK,PHF10,0.86991334
25,177,4833439L19RIK,RELB,0.8684865
25,367,4833439L19RIK,HCFC1,0.86844563
25,161,4833439L19RIK,JARID2,0.86833847
25,564,4833439L19RIK,MFNG,0.8671295
25,190,4833439L19RIK,RAD51,0.86626714
25,553,4833439L19RIK,DHFR,0.86621135
25,198,4833439L19RIK,NDN,0.86545473
25,255,4833439L19RIK,CD74,0.86539656
25,289,4833439L19RIK,GT(ROSA)26SOR,0.865131
25,146,4833439L19RIK,SCARF1,0.86510587
25,2,4833439L19RIK,PPP1R15A,0.8650242
25,47,4833439L19RIK,FGL2,0.8650242
25,140,4833439L19RIK,ANXA3,0.8650242
25,194,4833439L19RIK,GOLPH3,0.8650242
25,362,4833439L19RIK,PTGS1,0.8650242
257,28,ABCB8,NFE2,0.8983655
257,357,ABCB8,MEIS1,0.89649427
257,78,ABCB8,MECOM,0.8961529
257,263,ABCB8,JUN,0.89538777
257,137,ABCB8,MYCN,0.89262396
257,57,ABCB8,OASL2,0.89194083
257,277,ABCB8,RTP4,0.89193827
257,200,ABCB8,IGTP,0.8911502
257,183,ABCB8,XAF1,0.89110327
257,504,ABCB8,IFI44,0.89110327
257,609,ABCB8,UBA7,0.8910681
257,410,ABCB8,SMARCA2,0.8899257
257,283,ABCB8,EGR1,0.88864714
257,518,ABCB8,PHF10,0.88764507
257,396,ABCB8,RUVBL2,0.8874021
257,136,ABCB8,TACC3,0.8873907
257,0,ABCB8,OTUD6B,0.88736826
257,8,ABCB8,ATAD1,0.8873572
257,128,ABCB8,APLP2,0.8873572
257,150,ABCB8,SORT1,0.8873572
257,432,ABCB8,HDC,0.8873572
257,450,ABCB8,MAGED1,0.8873572
257,519,ABCB8,AGPS,0.8873572
257,524,ABCB8,TBC1D10C,0.8873572
257,595,ABCB8,CSF3R,0.8873572
257,81,ABCB8,HDAC11,0.88636285
257,198,ABCB8,NDN,0.88584685
257,33,ABCB8,CSTF2,0.8854538
257,404,ABCB8,FTSJ3,0.8852285
257,2,ABCB8,PPP1R15A,0.8849047
257,47,ABCB8,FGL2,0.8849047
257,140,ABCB8,ANXA3,0.8849047
257,146,ABCB8,SCARF1,0.8849047
257,194,ABCB8,GOLPH3,0.8849047
257,622,ABCB8,KRT18,0.8849047
257,362,ABCB8,PTGS1,0.88490415
257,441,ABCB8,EBF1,0.8848751
257,564,ABCB8,MFNG,0.88467485
257,190,ABCB8,RAD51,0.8844117
257,553,ABCB8,DHFR,0.8843264
257,367,ABCB8,HCFC1,0.88415396
257,394,ABCB8,MAPK1,0.8838468
257,251,ABCB8,IRF6,0.8836629
257,34,ABCB8,MAML3,0.8834213
257,486,ABCB8,NFKBIA,0.88339585
257,554,ABCB8,CDT1,0.88287765
257,590,ABCB8,IL12A,0.88253915
257,210,ABCB8,PNO1,0.8824361
257,546,ABCB8,PROCR,0.88234997
257,232,ABCB8,ICAM1,0.88227135
466,28,ABCG2,NFE2,0.9004177
466,137,ABCG2,MYCN,0.90031195
466,357,ABCG2,MEIS1,0.89860684
466,78,ABCG2,MECOM,0.8984637
466,410,ABCG2,SMARCA2,0.89609414
466,518,ABCG2,PHF10,0.8950784
466,57,ABCG2,OASL2,0.8946091
466,277,ABCG2,RTP4,0.8946088
466,183,ABCG2,XAF1,0.89407295
466,200,ABCG2,IGTP,0.89402646
466,504,ABCG2,IFI44,0.8939652
466,33,ABCG2,CSTF2,0.8925581
466,609,ABCG2,UBA7,0.892492
466,367,ABCG2,HCFC1,0.8906141
466,564,ABCG2,MFNG,0.89061326
466,283,ABCG2,EGR1,0.89060855
466,81,ABCG2,HDAC11,0.8902849
466,34,ABCG2,MAML3,0.89024657
466,486,ABCG2,NFKBIA,0.89003485
466,8,ABCG2,ATAD1,0.8888615
466,128,ABCG2,APLP2,0.8888615
466,136,ABCG2,TACC3,0.8888615
466,150,ABCG2,SORT1,0.8888615
466,396,ABCG2,RUVBL2,0.8888615
466,432,ABCG2,HDC,0.8888615
466,450,ABCG2,MAGED1,0.8888615
466,514,ABCG2,PAK1,0.8888615
466,519,ABCG2,AGPS,0.8888615
466,524,ABCG2,TBC1D10C,0.8888615
466,595,ABCG2,CSF3R,0.8888615
466,0,ABCG2,OTUD6B,0.8887585
466,232,ABCG2,ICAM1,0.8885075
466,177,ABCG2,RELB,0.8881205
466,440,ABCG2,TMEM97,0.88735974
466,464,ABCG2,ZNRF2,0.88735974
466,263,ABCG2,JUN,0.887308
466,590,ABCG2,IL12A,0.88699263
466,546,ABCG2,PROCR,0.88655066
466,2,ABCG2,PPP1R15A,0.8865492
466,140,ABCG2,ANXA3,0.8865492
466,146,ABCG2,SCARF1,0.8865492
466,194,ABCG2,GOLPH3,0.8865492
466,362,ABCG2,PTGS1,0.8865492
466,441,ABCG2,EBF1,0.8865492
466,622,ABCG2,KRT18,0.8865492
466,47,ABCG2,FGL2,0.88650376
466,251,ABCG2,IRF6,0.88609874
466,394,ABCG2,MAPK1,0.8858227
466,429,ABCG2,GFI1B,0.8855397
466,554,ABCG2,CDT1,0.8854796
120,28,ABHD17B,NFE2,0.8983655
120,78,ABHD17B,MECOM,0.8962374
120,57,ABHD17B,OASL2,0.89194083
120,609,ABHD17B,UBA7,0.8911817
120,183,ABHD17B,XAF1,0.89110327
120,200,ABHD17B,IGTP,0.89110327
120,504,ABHD17B,IFI44,0.89110327
120,255,ABHD17B,CD74,0.89045584
120,318,ABHD17B,GANAB,0.8903655
120,410,ABHD17B,SMARCA2,0.8899257
120,518,ABHD17B,PHF10,0.88764507
120,0,ABHD17B,OTUD6B,0.8873572
120,128,ABHD17B,APLP2,0.8873572
120,136,ABHD17B,TACC3,0.8873572
120,150,ABHD17B,SORT1,0.8873572
120,396,ABHD17B,RUVBL2,0.8873572
120,432,ABHD17B,HDC,0.8873572
120,450,ABHD17B,MAGED1,0.8873572
120,514,ABHD17B,PAK1,0.8873572
120,519,ABHD17B,AGPS,0.8873572
120,524,ABHD17B,TBC1D10C,0.8873572
120,8,ABHD17B,ATAD1,0.8872955
120,81,ABHD17B,HDAC11,0.88636285
120,357,ABHD17B,MEIS1,0.8863255
120,198,ABHD17B,NDN,0.8857979
120,404,ABHD17B,FTSJ3,0.8855358
120,33,ABHD17B,CSTF2,0.8854538
120,441,ABHD17B,EBF1,0.8849636
120,263,ABHD17B,JUN,0.884927
120,2,ABHD17B,PPP1R15A,0.8849047
120,47,ABHD17B,FGL2,0.8849047
120,146,ABHD17B,SCARF1,0.8849047
120,194,ABHD17B,GOLPH3,0.8849047
120,362,ABHD17B,PTGS1,0.8849047
120,546,ABHD17B,PROCR,0.8849047
120,622,ABHD17B,KRT18,0.8849047
120,140,ABHD17B,ANXA3,0.88490415
120,564,ABHD17B,MFNG,0.8846988
120,190,ABHD17B,RAD51,0.8843264
120,595,ABHD17B,CSF3R,0.88427496
120,553,ABHD17B,DHFR,0.88423294
120,367,ABHD17B,HCFC1,0.88415396
120,394,ABHD17B,MAPK1,0.8838468
120,251,ABHD17B,IRF6,0.8836629
120,34,ABHD17B,MAML3,0.8834213
120,486,ABHD17B,NFKBIA,0.88339585
120,554,ABHD17B,CDT1,0.88287765
120,590,ABHD17B,IL12A,0.88253915
120,210,ABHD17B,PNO1,0.8824361
120,232,ABHD17B,ICAM1,0.88227135
485,410,ABL1,SMARCA2,0.9287953
485,210,ABL1,PNO1,0.92687654
485,554,ABL1,CDT1,0.9255369
485,440,ABL1,TMEM97,0.9244642
485,464,ABL1,ZNRF2,0.9244642
485,429,ABL1,GFI1B,0.9239937
485,404,ABL1,FTSJ3,0.92349666
485,161,ABL1,JARID2,0.92290026
485,609,ABL1,UBA7,0.9223598
485,8,ABL1,ATAD1,0.92212886
485,199,ABL1,E2F4,0.92133605
485,183,ABL1,XAF1,0.9213232
485,504,ABL1,IFI44,0.92126197
485,200,ABL1,IGTP,0.9212382
485,73,ABL1,RORC,0.9201813
485,331,ABL1,PIM2,0.9197073
485,0,ABL1,OTUD6B,0.91925657
485,128,ABL1,APLP2,0.91925657
485,136,ABL1,TACC3,0.91925657
485,150,ABL1,SORT1,0.91925657
485,396,ABL1,RUVBL2,0.91925657
485,432,ABL1,HDC,0.91925657
485,450,ABL1,MAGED1,0.91925657
485,514,ABL1,PAK1,0.91925657
485,524,ABL1,TBC1D10C,0.91925657
485,595,ABL1,CSF3R,0.91925657
485,519,ABL1,AGPS,0.9192472
485,255,ABL1,CD74,0.9191727
485,289,ABL1,GT(ROSA)26SOR,0.9191727
485,81,ABL1,HDAC11,0.91732943
485,67,ABL1,HDAC2,0.9170411
485,486,ABL1,NFKBIA,0.91687876
485,78,ABL1,MECOM,0.91632617
485,177,ABL1,RELB,0.91397375
485,33,ABL1,CSTF2,0.91323113
485,50,ABL1,NFAT5,0.9126814
485,318,ABL1,GANAB,0.91253525
485,367,ABL1,HCFC1,0.9123519
485,263,ABL1,JUN,0.91105753
485,165,ABL1,GTF2H1,0.9104388
485,277,ABL1,RTP4,0.9103635
485,57,ABL1,OASL2,0.91029847
485,357,ABL1,MEIS1,0.90976053
485,590,ABL1,IL12A,0.9094388
485,28,ABL1,NFE2,0.90883046
485,488,ABL1,FGFR1OP,0.90758604
485,34,ABL1,MAML3,0.90659213
485,580,ABL1,MLLT3,0.9046195
485,209,ABL1,ZBTB16,0.904041
485,426,ABL1,PRPF4,0.903893
66,200,ACAA2,IGTP,0.90055263
66,28,ACAA2,NFE2,0.8983655
66,357,ACAA2,MEIS1,0.8964492
66,78,ACAA2,MECOM,0.8962374
66,137,ACAA2,MYCN,0.8926834
66,519,ACAA2,AGPS,0.89204526
66,57,ACAA2,OASL2,0.89194083
66,277,ACAA2,RTP4,0.89194053
66,504,ACAA2,IFI44,0.8911268
66,183,ACAA2,XAF1,0.89110327
66,609,ACAA2,UBA7,0.89110327
66,410,ACAA2,SMARCA2,0.8899257
66,283,ACAA2,EGR1,0.88864714
66,518,ACAA2,PHF10,0.88764507
66,194,ACAA2,GOLPH3,0.8875273
66,514,ACAA2,PAK1,0.8874021
66,8,ACAA2,ATAD1,0.8873907
66,432,ACAA2,HDC,0.88736105
66,0,ACAA2,OTUD6B,0.8873572
66,128,ACAA2,APLP2,0.8873572
66,136,ACAA2,TACC3,0.8873572
66,150,ACAA2,SORT1,0.8873572
66,450,ACAA2,MAGED1,0.8873572
66,524,ACAA2,TBC1D10C,0.8873572
66,595,ACAA2,CSF3R,0.8867496
66,81,ACAA2,HDAC11,0.88636285
66,198,ACAA2,NDN,0.8857979
66,404,ACAA2,FTSJ3,0.8855358
66,33,ACAA2,CSTF2,0.8854497
66,2,ACAA2,PPP1R15A,0.8849047
66,47,ACAA2,FGL2,0.8849047
66,140,ACAA2,ANXA3,0.8849047
66,146,ACAA2,SCARF1,0.8849047
66,362,ACAA2,PTGS1,0.8849047
66,441,ACAA2,EBF1,0.8849047
66,546,ACAA2,PROCR,0.8849047
66,564,ACAA2,MFNG,0.88467485
66,190,ACAA2,RAD51,0.8843264
66,553,ACAA2,DHFR,0.8843264
66,367,ACAA2,HCFC1,0.88415396
66,394,ACAA2,MAPK1,0.8838468
66,251,ACAA2,IRF6,0.88368225
66,34,ACAA2,MAML3,0.8834213
66,486,ACAA2,NFKBIA,0.88339585
66,554,ACAA2,CDT1,0.88287765
66,590,ACAA2,IL12A,0.88253915
66,210,ACAA2,PNO1,0.8824361
66,232,ACAA2,ICAM1,0.88227135
66,440,ACAA2,TMEM97,0.8819445
66,464,ACAA2,ZNRF2,0.8819445
335,28,ACOT9,NFE2,0.8983655
335,357,ACOT9,MEIS1,0.8965277
335,78,ACOT9,MECOM,0.8962374
335,137,ACOT9,MYCN,0.89262396
335,277,ACOT9,RTP4,0.8919551
335,57,ACOT9,OASL2,0.8919372
335,183,ACOT9,XAF1,0.89110327
335,200,ACOT9,IGTP,0.89110327
335,504,ACOT9,IFI44,0.89110327
335,609,ACOT9,UBA7,0.89110327
335,34,ACOT9,MAML3,0.89054924
335,283,ACOT9,EGR1,0.88864714
335,518,ACOT9,PHF10,0.88764507
335,524,ACOT9,TBC1D10C,0.88736826
335,0,ACOT9,OTUD6B,0.8873572
335,8,ACOT9,ATAD1,0.8873572
335,128,ACOT9,APLP2,0.8873572
335,136,ACOT9,TACC3,0.8873572
335,150,ACOT9,SORT1,0.8873572
335,396,ACOT9,RUVBL2,0.8873572
335,432,ACOT9,HDC,0.8873572
335,514,ACOT9,PAK1,0.8873572
335,519,ACOT9,AGPS,0.8873572
335,595,ACOT9,CSF3R,0.8873572
335,81,ACOT9,HDAC11,0.88636285
335,198,ACOT9,NDN,0.8857979
335,404,ACOT9,FTSJ3,0.8855358
335,33,ACOT9,CSTF2,0.8854538
335,263,ACOT9,JUN,0.884927
335,441,ACOT9,EBF1,0.88491666
335,2,ACOT9,PPP1R15A,0.8849047
335,47,ACOT9,FGL2,0.8849047
335,140,ACOT9,ANXA3,0.8849047
335,146,ACOT9,SCARF1,0.8849047
335,194,ACOT9,GOLPH3,0.8849047
335,362,ACOT9,PTGS1,0.8849047
335,546,ACOT9,PROCR,0.8849047
335,622,ACOT9,KRT18,0.8849047
335,564,ACOT9,MFNG,0.88467485
335,190,ACOT9,RAD51,0.8843264
335,553,ACOT9,DHFR,0.8843264
335,367,ACOT9,HCFC1,0.88415396
335,394,ACOT9,MAPK1,0.8838468
335,251,ACOT9,IRF6,0.8836092
335,486,ACOT9,NFKBIA,0.88339585
335,554,ACOT9,CDT1,0.88287765
335,590,ACOT9,IL12A,0.88247466
335,210,ACOT9,PNO1,0.8824361
335,232,ACOT9,ICAM1,0.88227135
335,440,ACOT9,TMEM97,0.8819445
369,28,ACOX1,NFE2,0.8982651
369,357,ACOX1,MEIS1,0.89648217
369,78,ACOX1,MECOM,0.8962374
369,137,ACOX1,MYCN,0.89262396
369,57,ACOX1,OASL2,0.89194083
369,277,ACOX1,RTP4,0.89194053
369,183,ACOX1,XAF1,0.89110327
369,200,ACOX1,IGTP,0.89110327
369,504,ACOX1,IFI44,0.89110327
369,609,ACOX1,UBA7,0.89110327
369,81,ACOX1,HDAC11,0.890956
369,410,ACOX1,SMARCA2,0.8899257
369,283,ACOX1,EGR1,0.88864714
369,429,ACOX1,GFI1B,0.8880457
369,518,ACOX1,PHF10,0.8876111
369,0,ACOX1,OTUD6B,0.8873572
369,8,ACOX1,ATAD1,0.8873572
369,128,ACOX1,APLP2,0.8873572
369,150,ACOX1,SORT1,0.8873572
369,396,ACOX1,RUVBL2,0.8873572
369,432,ACOX1,HDC,0.8873572
369,514,ACOX1,PAK1,0.8873572
369,519,ACOX1,AGPS,0.8873572
369,524,ACOX1,TBC1D10C,0.8873572
369,450,ACOX1,MAGED1,0.887242
369,198,ACOX1,NDN,0.8857979
369,404,ACOX1,FTSJ3,0.8855358
369,33,ACOX1,CSTF2,0.8854538
369,2,ACOX1,PPP1R15A,0.8849047
369,47,ACOX1,FGL2,0.8849047
369,140,ACOX1,ANXA3,0.8849047
369,194,ACOX1,GOLPH3,0.8849047
369,362,ACOX1,PTGS1,0.8849047
369,546,ACOX1,PROCR,0.8849047
369,622,ACOX1,KRT18,0.8849047
369,441,ACOX1,EBF1,0.88489646
369,146,ACOX1,SCARF1,0.88488483
369,564,ACOX1,MFNG,0.88467485
369,190,ACOX1,RAD51,0.8843264
369,553,ACOX1,DHFR,0.8843264
369,367,ACOX1,HCFC1,0.88415396
369,394,ACOX1,MAPK1,0.8838468
369,251,ACOX1,IRF6,0.8836629
369,34,ACOX1,MAML3,0.8834213
369,486,ACOX1,NFKBIA,0.88339585
369,554,ACOX1,CDT1,0.88287765
369,590,ACOX1,IL12A,0.88253915
369,210,ACOX1,PNO1,0.8824361
369,232,ACOX1,ICAM1,0.8822963
369,440,ACOX1,TMEM97,0.8819445
123,28,ADA,NFE2,0.89837444
123,357,ADA,MEIS1,0.89649427
123,78,ADA,MECOM,0.8962467
123,367,ADA,HCFC1,0.8941839
123,57,ADA,OASL2,0.8919511
123,277,ADA,RTP4,0.89194053
123,183,ADA,XAF1,0.8911128
123,200,ADA,IGTP,0.8911128
123,504,ADA,IFI44,0.89110327
123,609,ADA,UBA7,0.89110327
123,283,ADA,EGR1,0.88864714
123,518,ADA,PHF10,0.88764507
123,396,ADA,RUVBL2,0.8873572
123,432,ADA,HDC,0.8873572
123,450,ADA,MAGED1,0.8873572
123,514,ADA,PAK1,0.8873572
123,524,ADA,TBC1D10C,0.8873572
123,595,ADA,CSF3R,0.8873572
123,0,ADA,OTUD6B,0.88735664
123,128,ADA,APLP2,0.88735664
123,136,ADA,TACC3,0.88735664
123,150,ADA,SORT1,0.88735664
123,8,ADA,ATAD1,0.88729495
123,81,ADA,HDAC11,0.88636285
123,198,ADA,NDN,0.88581866
123,404,ADA,FTSJ3,0.8855358
123,33,ADA,CSTF2,0.88546
123,263,ADA,JUN,0.884927
123,2,ADA,PPP1R15A,0.8849157
123,47,ADA,FGL2,0.8849157
123,146,ADA,SCARF1,0.8849157
123,194,ADA,GOLPH3,0.8849157
123,140,ADA,ANXA3,0.8849152
123,362,ADA,PTGS1,0.8849047
123,441,ADA,EBF1,0.8849047
123,546,ADA,PROCR,0.8849047
123,622,ADA,KRT18,0.8849047
123,564,ADA,MFNG,0.88449126
123,190,ADA,RAD51,0.88434654
123,553,ADA,DHFR,0.8843264
123,394,ADA,MAPK1,0.88378215
123,251,ADA,IRF6,0.8836629
123,34,ADA,MAML3,0.8834212
123,486,ADA,NFKBIA,0.88339585
123,554,ADA,CDT1,0.88287765
123,590,ADA,IL12A,0.88253915
123,210,ADA,PNO1,0.88243943
123,232,ADA,ICAM1,0.8820425
123,440,ADA,TMEM97,0.8819445
123,177,ADA,RELB,0.8818669
244,28,ADGRG3,NFE2,0.8984156
244,357,ADGRG3,MEIS1,0.8964843
244,78,ADGRG3,MECOM,0.8962374
244,57,ADGRG3,OASL2,0.89194083
244,277,ADGRG3,RTP4,0.89194053
244,183,ADGRG3,XAF1,0.89110327
244,200,ADGRG3,IGTP,0.89110327
244,504,ADGRG3,IFI44,0.89110327
244,410,ADGRG3,SMARCA2,0.8899257
244,283,ADGRG3,EGR1,0.88864714
244,518,ADGRG3,PHF10,0.88764507
244,137,ADGRG3,MYCN,0.88756967
244,0,ADGRG3,OTUD6B,0.8873572
244,8,ADGRG3,ATAD1,0.8873572
244,128,ADGRG3,APLP2,0.8873572
244,136,ADGRG3,TACC3,0.8873572
244,432,ADGRG3,HDC,0.8873572
244,450,ADGRG3,MAGED1,0.8873572
244,514,ADGRG3,PAK1,0.8873572
244,519,ADGRG3,AGPS,0.8873572
244,524,ADGRG3,TBC1D10C,0.8873572
244,150,ADGRG3,SORT1,0.88726604
244,81,ADGRG3,HDAC11,0.88636285
244,198,ADGRG3,NDN,0.8857979
244,362,ADGRG3,PTGS1,0.88569635
244,404,ADGRG3,FTSJ3,0.8855358
244,33,ADGRG3,CSTF2,0.88551617
244,263,ADGRG3,JUN,0.8849929
244,2,ADGRG3,PPP1R15A,0.8849047
244,47,ADGRG3,FGL2,0.8849047
244,140,ADGRG3,ANXA3,0.8849047
244,146,ADGRG3,SCARF1,0.8849047
244,194,ADGRG3,GOLPH3,0.8849047
244,441,ADGRG3,EBF1,0.8849047
244,546,ADGRG3,PROCR,0.8849047
244,564,ADGRG3,MFNG,0.88467485
244,595,ADGRG3,CSF3R,0.88435096
244,190,ADGRG3,RAD51,0.8843264
244,553,ADGRG3,DHFR,0.8843264
244,367,ADGRG3,HCFC1,0.88415396
244,622,ADGRG3,KRT18,0.88380176
244,251,ADGRG3,IRF6,0.8836629
244,34,ADGRG3,MAML3,0.8834213
244,486,ADGRG3,NFKBIA,0.88339585
244,554,ADGRG3,CDT1,0.88287765
244,590,ADGRG3,IL12A,0.88253915
244,210,ADGRG3,PNO1,0.8824361
244,232,ADGRG3,ICAM1,0.88231534
244,631,ADGRG3,ZFP36,0.88201386
244,464,ADGRG3,ZNRF2,0.8819445
215,34,ADO,MAML3,0.92580426
215,81,ADO,HDAC11,0.9197168
215,209,ADO,ZBTB16,0.91782606
215,554,ADO,CDT1,0.91691583
215,292,ADO,HDAC7,0.91638917
215,0,ADO,OTUD6B,0.91551995
215,8,ADO,ATAD1,0.91551995
215,128,ADO,APLP2,0.91551995
215,136,ADO,TACC3,0.91551995
215,150,ADO,SORT1,0.91551995
215,396,ADO,RUVBL2,0.91551995
215,432,ADO,HDC,0.91551995
215,450,ADO,MAGED1,0.91551995
215,514,ADO,PAK1,0.91551995
215,519,ADO,AGPS,0.91551995
215,524,ADO,TBC1D10C,0.91551995
215,595,ADO,CSF3R,0.91551995
215,410,ADO,SMARCA2,0.9116492
215,331,ADO,PIM2,0.9106612
215,475,ADO,BCL2,0.9101604
215,404,ADO,FTSJ3,0.90872484
215,199,ADO,E2F4,0.90803695
215,351,ADO,ERCC8,0.9067803
215,186,ADO,STT3B,0.9063582
215,439,ADO,DDX20,0.90531707
215,429,ADO,GFI1B,0.9046649
215,161,ADO,JARID2,0.89689493
215,289,ADO,GT(ROSA)26SOR,0.8967279
215,82,ADO,RB1,0.89540434
215,200,ADO,IGTP,0.89417875
215,183,ADO,XAF1,0.8940917
215,504,ADO,IFI44,0.8940917
215,609,ADO,UBA7,0.8940917
215,255,ADO,CD74,0.8931007
215,440,ADO,TMEM97,0.88905686
215,464,ADO,ZNRF2,0.88905686
215,73,ADO,RORC,0.8831194
215,210,ADO,PNO1,0.88067067
215,137,ADO,MYCN,0.88055664
215,486,ADO,NFKBIA,0.88038516
215,206,ADO,ZDHHC6,0.8797384
215,402,ADO,EIF1AD,0.87905496
215,50,ADO,NFAT5,0.8784948
215,33,ADO,CSTF2,0.86670434
215,357,ADO,MEIS1,0.86616796
215,537,ADO,TXNDC11,0.8660208
215,611,ADO,ZEB2,0.8660208
215,590,ADO,IL12A,0.86555237
215,363,ADO,MYC,0.862695
215,177,ADO,RELB,0.85859597
158,514,ADSSL1,PAK1,0.90190274
158,28,ADSSL1,NFE2,0.8983655
158,357,ADSSL1,MEIS1,0.89649427
158,78,ADSSL1,MECOM,0.8962374
158,137,ADSSL1,MYCN,0.89262396
158,57,ADSSL1,OASL2,0.89194083
158,277,ADSSL1,RTP4,0.89194053
158,200,ADSSL1,IGTP,0.8912226
158,609,ADSSL1,UBA7,0.8911502
158,504,ADSSL1,IFI44,0.89110327
158,410,ADSSL1,SMARCA2,0.8899257
158,232,ADSSL1,ICAM1,0.8890567
158,283,ADSSL1,EGR1,0.88864714
158,194,ADSSL1,GOLPH3,0.88859123
158,518,ADSSL1,PHF10,0.88764507
158,34,ADSSL1,MAML3,0.8875594
158,432,ADSSL1,HDC,0.8873755
158,0,ADSSL1,OTUD6B,0.8873572
158,136,ADSSL1,TACC3,0.8873572
158,396,ADSSL1,RUVBL2,0.8873572
158,450,ADSSL1,MAGED1,0.8873572
158,524,ADSSL1,TBC1D10C,0.8873572
158,128,ADSSL1,APLP2,0.8873476
158,150,ADSSL1,SORT1,0.8873467
158,595,ADSSL1,CSF3R,0.8872829
158,8,ADSSL1,ATAD1,0.8872543
158,519,ADSSL1,AGPS,0.8867846
158,81,ADSSL1,HDAC11,0.88636285
158,198,ADSSL1,NDN,0.8857979
158,404,ADSSL1,FTSJ3,0.8855358
158,33,ADSSL1,CSTF2,0.8854538
158,263,ADSSL1,JUN,0.884927
158,622,ADSSL1,KRT18,0.8849131
158,47,ADSSL1,FGL2,0.8849047
158,140,ADSSL1,ANXA3,0.8849047
158,146,ADSSL1,SCARF1,0.8849047
158,362,ADSSL1,PTGS1,0.8849047
158,546,ADSSL1,PROCR,0.8848948
158,2,ADSSL1,PPP1R15A,0.88488436
158,564,ADSSL1,MFNG,0.88465476
158,190,ADSSL1,RAD51,0.8843264
158,553,ADSSL1,DHFR,0.8843264
158,367,ADSSL1,HCFC1,0.88415396
158,394,ADSSL1,MAPK1,0.8838468
158,251,ADSSL1,IRF6,0.8836629
158,486,ADSSL1,NFKBIA,0.88339585
158,554,ADSSL1,CDT1,0.88287765
158,590,ADSSL1,IL12A,0.88253915
158,210,ADSSL1,PNO1,0.8824361
158,440,ADSSL1,TMEM97,0.8819445
192,410,AFAP1L1,SMARCA2,0.9250838
192,554,AFAP1L1,CDT1,0.9247971
192,595,AFAP1L1,CSF3R,0.9223004
192,199,AFAP1L1,E2F4,0.9215901
192,81,AFAP1L1,HDAC11,0.9205157
192,429,AFAP1L1,GFI1B,0.9195778
192,0,AFAP1L1,OTUD6B,0.919177
192,8,AFAP1L1,ATAD1,0.9191015
192,128,AFAP1L1,APLP2,0.9191015
192,136,AFAP1L1,TACC3,0.9191015
192,150,AFAP1L1,SORT1,0.9191015
192,396,AFAP1L1,RUVBL2,0.9191015
192,432,AFAP1L1,HDC,0.9191015
192,514,AFAP1L1,PAK1,0.9191015
192,519,AFAP1L1,AGPS,0.9191015
192,524,AFAP1L1,TBC1D10C,0.9191015
192,450,AFAP1L1,MAGED1,0.91903824
192,331,AFAP1L1,PIM2,0.9172491
192,440,AFAP1L1,TMEM97,0.9172281
192,464,AFAP1L1,ZNRF2,0.9172281
192,210,AFAP1L1,PNO1,0.91492283
192,255,AFAP1L1,CD74,0.9143317
192,289,AFAP1L1,GT(ROSA)26SOR,0.9143317
192,200,AFAP1L1,IGTP,0.91262084
192,183,AFAP1L1,XAF1,0.91256326
192,609,AFAP1L1,UBA7,0.91256326
192,73,AFAP1L1,RORC,0.9109954
192,34,AFAP1L1,MAML3,0.9097515
192,209,AFAP1L1,ZBTB16,0.90570694
192,402,AFAP1L1,EIF1AD,0.9043116
192,351,AFAP1L1,ERCC8,0.9040706
192,486,AFAP1L1,NFKBIA,0.9035673
192,50,AFAP1L1,NFAT5,0.90282
192,161,AFAP1L1,JARID2,0.8993456
192,33,AFAP1L1,CSTF2,0.8983875
192,475,AFAP1L1,BCL2,0.8971629
192,292,AFAP1L1,HDAC7,0.8963157
192,67,AFAP1L1,HDAC2,0.8959429
192,186,AFAP1L1,STT3B,0.89527386
192,590,AFAP1L1,IL12A,0.8943215
192,137,AFAP1L1,MYCN,0.89419895
192,177,AFAP1L1,RELB,0.89408857
192,277,AFAP1L1,RTP4,0.89254403
192,57,AFAP1L1,OASL2,0.89254117
192,318,AFAP1L1,GANAB,0.8924211
192,78,AFAP1L1,MECOM,0.89067966
192,357,AFAP1L1,MEIS1,0.8896985
192,363,AFAP1L1,MYC,0.88956624
192,165,AFAP1L1,GTF2H1,0.88947946
192,28,AFAP1L1,NFE2,0.8890768
519,34,AGPS,MAML3,0.9107884
519,292,AGPS,HDAC7,0.9066262
519,81,AGPS,HDAC11,0.8992233
519,439,AGPS,DDX20,0.8988328
519,209,AGPS,ZBTB16,0.8941064
519,128,AGPS,APLP2,0.8893054
519,396,AGPS,RUVBL2,0.8857102
519,450,AGPS,MAGED1,0.88558245
519,0,AGPS,OTUD6B,0.88552964
519,150,AGPS,SORT1,0.88552964
519,514,AGPS,PAK1,0.88552964
519,524,AGPS,TBC1D10C,0.88552964
519,595,AGPS,CSF3R,0.88552964
519,82,AGPS,RB1,0.8816452
519,475,AGPS,BCL2,0.88118315
519,404,AGPS,FTSJ3,0.8804702
519,186,AGPS,STT3B,0.8758739
519,554,AGPS,CDT1,0.8755534
519,432,AGPS,HDC,0.8713707
519,8,AGPS,ATAD1,0.8679735
519,331,AGPS,PIM2,0.86620355
519,410,AGPS,SMARCA2,0.86591476
519,351,AGPS,ERCC8,0.86564934
519,206,AGPS,ZDHHC6,0.86259156
519,91,AGPS,FCHO2,0.8623452
519,537,AGPS,TXNDC11,0.8623452
519,611,AGPS,ZEB2,0.8623452
519,136,AGPS,TACC3,0.8577987
519,429,AGPS,GFI1B,0.8534257
519,534,AGPS,MORC3,0.8442006
519,161,AGPS,JARID2,0.8398343
519,440,AGPS,TMEM97,0.83570683
519,464,AGPS,ZNRF2,0.83570683
519,255,AGPS,CD74,0.83452505
519,289,AGPS,GT(ROSA)26SOR,0.83452505
519,199,AGPS,E2F4,0.8323694
519,402,AGPS,EIF1AD,0.82477814
519,210,AGPS,PNO1,0.8156397
519,73,AGPS,RORC,0.8147692
519,486,AGPS,NFKBIA,0.80696225
519,50,AGPS,NFAT5,0.79986346
519,226,AGPS,POLR2B,0.79675394
519,33,AGPS,CSTF2,0.7948533
519,318,AGPS,GANAB,0.776701
519,183,AGPS,XAF1,0.7766191
519,200,AGPS,IGTP,0.7766191
519,504,AGPS,IFI44,0.7766191
519,216,AGPS,CUL3,0.7741836
519,177,AGPS,RELB,0.77151465
519,363,AGPS,MYC,0.77066284
141,136,AHCYL1,TACC3,0.901884
141,514,AHCYL1,PAK1,0.901884
141,28,AHCYL1,NFE2,0.8983655
141,357,AHCYL1,MEIS1,0.89649427
141,78,AHCYL1,MECOM,0.8962374
141,137,AHCYL1,MYCN,0.89262396
141,277,AHCYL1,RTP4,0.89194053
141,57,AHCYL1,OASL2,0.89192724
141,200,AHCYL1,IGTP,0.89113194
141,504,AHCYL1,IFI44,0.8911102
141,183,AHCYL1,XAF1,0.89110327
141,609,AHCYL1,UBA7,0.89110327
141,410,AHCYL1,SMARCA2,0.8899257
141,518,AHCYL1,PHF10,0.88764507
141,362,AHCYL1,PTGS1,0.8876097
141,0,AHCYL1,OTUD6B,0.8873572
141,8,AHCYL1,ATAD1,0.8873572
141,128,AHCYL1,APLP2,0.8873572
141,150,AHCYL1,SORT1,0.8873572
141,396,AHCYL1,RUVBL2,0.8873572
141,450,AHCYL1,MAGED1,0.8873572
141,519,AHCYL1,AGPS,0.8873572
141,524,AHCYL1,TBC1D10C,0.8873572
141,595,AHCYL1,CSF3R,0.8873467
141,81,AHCYL1,HDAC11,0.88636285
141,198,AHCYL1,NDN,0.88581157
141,404,AHCYL1,FTSJ3,0.8855358
141,33,AHCYL1,CSTF2,0.8854538
141,263,AHCYL1,JUN,0.88490635
141,2,AHCYL1,PPP1R15A,0.8849047
141,47,AHCYL1,FGL2,0.8849047
141,140,AHCYL1,ANXA3,0.8849047
141,146,AHCYL1,SCARF1,0.8849047
141,441,AHCYL1,EBF1,0.8849047
141,546,AHCYL1,PROCR,0.8849047
141,622,AHCYL1,KRT18,0.8849047
141,564,AHCYL1,MFNG,0.88467485
141,553,AHCYL1,DHFR,0.88433087
141,190,AHCYL1,RAD51,0.8843264
141,367,AHCYL1,HCFC1,0.88415396
141,394,AHCYL1,MAPK1,0.88392556
141,34,AHCYL1,MAML3,0.8834213
141,486,AHCYL1,NFKBIA,0.88339585
141,554,AHCYL1,CDT1,0.882895
141,590,AHCYL1,IL12A,0.88253766
141,194,AHCYL1,GOLPH3,0.88229126
141,232,AHCYL1,ICAM1,0.88227135
141,440,AHCYL1,TMEM97,0.8820363
141,464,AHCYL1,ZNRF2,0.8819925
141,177,AHCYL1,RELB,0.8812379
616,78,AKAP8L,MECOM,0.9062596
616,136,AKAP8L,TACC3,0.90148413
616,28,AKAP8L,NFE2,0.8982803
616,357,AKAP8L,MEIS1,0.89649427
616,137,AKAP8L,MYCN,0.89262396
616,57,AKAP8L,OASL2,0.89194083
616,277,AKAP8L,RTP4,0.89194053
616,183,AKAP8L,XAF1,0.89110327
616,200,AKAP8L,IGTP,0.89110327
616,410,AKAP8L,SMARCA2,0.8899257
616,283,AKAP8L,EGR1,0.8889533
616,0,AKAP8L,OTUD6B,0.8873572
616,8,AKAP8L,ATAD1,0.8873572
616,396,AKAP8L,RUVBL2,0.8873572
616,394,AKAP8L,MAPK1,0.88674515
616,198,AKAP8L,NDN,0.8857979
616,404,AKAP8L,FTSJ3,0.8855358
616,33,AKAP8L,CSTF2,0.8854538
616,263,AKAP8L,JUN,0.88500607
616,146,AKAP8L,SCARF1,0.88491666
616,2,AKAP8L,PPP1R15A,0.8849047
616,47,AKAP8L,FGL2,0.8849047
616,140,AKAP8L,ANXA3,0.8849047
616,194,AKAP8L,GOLPH3,0.8849047
616,362,AKAP8L,PTGS1,0.88476795
616,190,AKAP8L,RAD51,0.8843264
616,251,AKAP8L,IRF6,0.8836629
616,34,AKAP8L,MAML3,0.8834213
616,210,AKAP8L,PNO1,0.8823235
616,232,AKAP8L,ICAM1,0.88227135
616,177,AKAP8L,RELB,0.8818608
616,432,AKAP8L,HDC,0.8791
616,450,AKAP8L,MAGED1,0.8791
616,514,AKAP8L,PAK1,0.8791
616,519,AKAP8L,AGPS,0.8791
616,524,AKAP8L,TBC1D10C,0.8791
616,595,AKAP8L,CSF3R,0.8791
616,161,AKAP8L,JARID2,0.87832993
616,347,AKAP8L,RNF4,0.87744975
616,73,AKAP8L,RORC,0.8765409
616,133,AKAP8L,LTB,0.8762606
616,363,AKAP8L,MYC,0.8761714
616,64,AKAP8L,IRF9,0.8753669
616,255,AKAP8L,CD74,0.87527484
616,289,AKAP8L,GT(ROSA)26SOR,0.87527484
616,67,AKAP8L,HDAC2,0.87491274
616,609,AKAP8L,UBA7,0.87437195
616,318,AKAP8L,GANAB,0.8743565
616,504,AKAP8L,IFI44,0.87432325
616,327,AKAP8L,KCTD12,0.87415445
314,28,AKNA,NFE2,0.8983655
314,357,AKNA,MEIS1,0.89649427
314,78,AKNA,MECOM,0.8962374
314,137,AKNA,MYCN,0.89262396
314,57,AKNA,OASL2,0.89194083
314,277,AKNA,RTP4,0.89194053
314,200,AKNA,IGTP,0.89129186
314,183,AKNA,XAF1,0.89110327
314,504,AKNA,IFI44,0.89110327
314,609,AKNA,UBA7,0.89110327
314,410,AKNA,SMARCA2,0.8899257
314,518,AKNA,PHF10,0.88764507
314,0,AKNA,OTUD6B,0.8873572
314,8,AKNA,ATAD1,0.8873572
314,128,AKNA,APLP2,0.8873572
314,396,AKNA,RUVBL2,0.8873572
314,432,AKNA,HDC,0.8873572
314,450,AKNA,MAGED1,0.8873572
314,514,AKNA,PAK1,0.8873572
314,519,AKNA,AGPS,0.8873572
314,524,AKNA,TBC1D10C,0.8873572
314,595,AKNA,CSF3R,0.8873572
314,150,AKNA,SORT1,0.8873476
314,81,AKNA,HDAC11,0.88636285
314,198,AKNA,NDN,0.8857979
314,146,AKNA,SCARF1,0.88568705
314,33,AKNA,CSTF2,0.8854538
314,263,AKNA,JUN,0.884927
314,2,AKNA,PPP1R15A,0.8849047
314,47,AKNA,FGL2,0.8849047
314,140,AKNA,ANXA3,0.8849047
314,194,AKNA,GOLPH3,0.8849047
314,441,AKNA,EBF1,0.8849047
314,546,AKNA,PROCR,0.8849047
314,622,AKNA,KRT18,0.88488483
314,362,AKNA,PTGS1,0.88477767
314,564,AKNA,MFNG,0.88467485
314,190,AKNA,RAD51,0.8843264
314,553,AKNA,DHFR,0.8843264
314,486,AKNA,NFKBIA,0.8842728
314,367,AKNA,HCFC1,0.88415396
314,394,AKNA,MAPK1,0.8838468
314,136,AKNA,TACC3,0.8838291
314,34,AKNA,MAML3,0.8834213
314,554,AKNA,CDT1,0.88277346
314,590,AKNA,IL12A,0.8824988
314,210,AKNA,PNO1,0.88233346
314,232,AKNA,ICAM1,0.88227135
314,440,AKNA,TMEM97,0.8819445
314,464,AKNA,ZNRF2,0.8819445
539,524,ALAS1,TBC1D10C,0.90148413
539,28,ALAS1,NFE2,0.89835584
539,357,ALAS1,MEIS1,0.89649427
539,78,ALAS1,MECOM,0.8962054
539,137,ALAS1,MYCN,0.89261544
539,57,ALAS1,OASL2,0.89194083
539,277,ALAS1,RTP4,0.89194053
539,183,ALAS1,XAF1,0.8912226
539,200,ALAS1,IGTP,0.89110327
539,504,ALAS1,IFI44,0.89110327
539,609,ALAS1,UBA7,0.89110327
539,410,ALAS1,SMARCA2,0.8899257
539,283,ALAS1,EGR1,0.88864714
539,518,ALAS1,PHF10,0.8876483
539,8,ALAS1,ATAD1,0.88736963
539,0,ALAS1,OTUD6B,0.8873572
539,136,ALAS1,TACC3,0.8873572
539,150,ALAS1,SORT1,0.8873572
539,396,ALAS1,RUVBL2,0.8873572
539,432,ALAS1,HDC,0.8873572
539,450,ALAS1,MAGED1,0.8873572
539,514,ALAS1,PAK1,0.8873572
539,519,ALAS1,AGPS,0.8873572
539,595,ALAS1,CSF3R,0.8873572
539,128,ALAS1,APLP2,0.8872954
539,81,ALAS1,HDAC11,0.88636285
539,198,ALAS1,NDN,0.8857979
539,404,ALAS1,FTSJ3,0.8855058
539,33,ALAS1,CSTF2,0.8854538
539,263,ALAS1,JUN,0.884927
539,47,ALAS1,FGL2,0.8849047
539,140,ALAS1,ANXA3,0.8849047
539,146,ALAS1,SCARF1,0.8849047
539,194,ALAS1,GOLPH3,0.8849047
539,441,ALAS1,EBF1,0.8849047
539,546,ALAS1,PROCR,0.8849047
539,622,ALAS1,KRT18,0.8849047
539,564,ALAS1,MFNG,0.88467485
539,190,ALAS1,RAD51,0.8843264
539,553,ALAS1,DHFR,0.88430685
539,367,ALAS1,HCFC1,0.88415396
539,394,ALAS1,MAPK1,0.8838393
539,251,ALAS1,IRF6,0.8836533
539,34,ALAS1,MAML3,0.8834213
539,486,ALAS1,NFKBIA,0.88339585
539,554,ALAS1,CDT1,0.88287765
539,590,ALAS1,IL12A,0.88253915
539,210,ALAS1,PNO1,0.88235426
539,2,ALAS1,PPP1R15A,0.8823133
539,232,ALAS1,ICAM1,0.88227135
211,28,ALDH9A1,NFE2,0.8983655
211,357,ALDH9A1,MEIS1,0.89649427
211,78,ALDH9A1,MECOM,0.8962453
211,486,ALDH9A1,NFKBIA,0.8930408
211,137,ALDH9A1,MYCN,0.89262396
211,57,ALDH9A1,OASL2,0.89194083
211,277,ALDH9A1,RTP4,0.89194053
211,183,ALDH9A1,XAF1,0.89110327
211,504,ALDH9A1,IFI44,0.89110327
211,609,ALDH9A1,UBA7,0.8910684
211,410,ALDH9A1,SMARCA2,0.8899257
211,283,ALDH9A1,EGR1,0.8889629
211,518,ALDH9A1,PHF10,0.88764507
211,396,ALDH9A1,RUVBL2,0.88738984
211,524,ALDH9A1,TBC1D10C,0.88736963
211,0,ALDH9A1,OTUD6B,0.8873572
211,128,ALDH9A1,APLP2,0.8873572
211,136,ALDH9A1,TACC3,0.8873572
211,150,ALDH9A1,SORT1,0.8873572
211,432,ALDH9A1,HDC,0.8873572
211,450,ALDH9A1,MAGED1,0.8873572
211,514,ALDH9A1,PAK1,0.8873572
211,519,ALDH9A1,AGPS,0.8873572
211,595,ALDH9A1,CSF3R,0.8873572
211,8,ALDH9A1,ATAD1,0.8867853
211,81,ALDH9A1,HDAC11,0.8862418
211,198,ALDH9A1,NDN,0.8857979
211,404,ALDH9A1,FTSJ3,0.88552386
211,33,ALDH9A1,CSTF2,0.88545334
211,263,ALDH9A1,JUN,0.88491774
211,2,ALDH9A1,PPP1R15A,0.8849047
211,47,ALDH9A1,FGL2,0.8849047
211,140,ALDH9A1,ANXA3,0.8849047
211,146,ALDH9A1,SCARF1,0.8849047
211,194,ALDH9A1,GOLPH3,0.8849047
211,362,ALDH9A1,PTGS1,0.8849047
211,441,ALDH9A1,EBF1,0.8849047
211,622,ALDH9A1,KRT18,0.8849047
211,564,ALDH9A1,MFNG,0.88467485
211,190,ALDH9A1,RAD51,0.8843264
211,553,ALDH9A1,DHFR,0.8843264
211,367,ALDH9A1,HCFC1,0.88415396
211,394,ALDH9A1,MAPK1,0.8838395
211,251,ALDH9A1,IRF6,0.8836629
211,34,ALDH9A1,MAML3,0.8833414
211,554,ALDH9A1,CDT1,0.88287765
211,590,ALDH9A1,IL12A,0.88253915
211,210,ALDH9A1,PNO1,0.8824361
211,232,ALDH9A1,ICAM1,0.88227135
211,440,ALDH9A1,TMEM97,0.8819445
470,28,ANXA1,NFE2,0.8983655
470,78,ANXA1,MECOM,0.8962374
470,263,ANXA1,JUN,0.89538777
470,137,ANXA1,MYCN,0.89262396
470,57,ANXA1,OASL2,0.89194083
470,277,ANXA1,RTP4,0.89194053
470,183,ANXA1,XAF1,0.89110327
470,200,ANXA1,IGTP,0.89110327
470,504,ANXA1,IFI44,0.89110327
470,609,ANXA1,UBA7,0.89110327
470,410,ANXA1,SMARCA2,0.8899257
470,283,ANXA1,EGR1,0.88864714
470,564,ANXA1,MFNG,0.8884875
470,518,ANXA1,PHF10,0.88761836
470,0,ANXA1,OTUD6B,0.8873572
470,8,ANXA1,ATAD1,0.8873572
470,128,ANXA1,APLP2,0.8873572
470,136,ANXA1,TACC3,0.8873572
470,450,ANXA1,MAGED1,0.8873572
470,514,ANXA1,PAK1,0.8873572
470,519,ANXA1,AGPS,0.8873572
470,524,ANXA1,TBC1D10C,0.8873572
470,595,ANXA1,CSF3R,0.8873572
470,432,ANXA1,HDC,0.88726604
470,150,ANXA1,SORT1,0.88660944
470,81,ANXA1,HDAC11,0.88636285
470,198,ANXA1,NDN,0.8859635
470,404,ANXA1,FTSJ3,0.8855358
470,33,ANXA1,CSTF2,0.8854538
470,47,ANXA1,FGL2,0.88494617
470,2,ANXA1,PPP1R15A,0.8849047
470,140,ANXA1,ANXA3,0.8849047
470,146,ANXA1,SCARF1,0.8849047
470,194,ANXA1,GOLPH3,0.8849047
470,362,ANXA1,PTGS1,0.8849047
470,441,ANXA1,EBF1,0.8849047
470,622,ANXA1,KRT18,0.8849047
470,546,ANXA1,PROCR,0.8848948
470,190,ANXA1,RAD51,0.8843264
470,553,ANXA1,DHFR,0.8843264
470,367,ANXA1,HCFC1,0.88415396
470,394,ANXA1,MAPK1,0.8838468
470,251,ANXA1,IRF6,0.8836629
470,34,ANXA1,MAML3,0.8834213
470,486,ANXA1,NFKBIA,0.88339585
470,554,ANXA1,CDT1,0.8827257
470,590,ANXA1,IL12A,0.8825063
470,210,ANXA1,PNO1,0.8824361
470,232,ANXA1,ICAM1,0.8823109
470,440,ANXA1,TMEM97,0.8819445
492,8,ANXA2,ATAD1,0.90148413
492,28,ANXA2,NFE2,0.8983655
492,357,ANXA2,MEIS1,0.89649427
492,78,ANXA2,MECOM,0.8962374
492,504,ANXA2,IFI44,0.8933047
492,137,ANXA2,MYCN,0.89262396
492,57,ANXA2,OASL2,0.89194083
492,277,ANXA2,RTP4,0.89194053
492,183,ANXA2,XAF1,0.89110327
492,200,ANXA2,IGTP,0.89110327
492,609,ANXA2,UBA7,0.89110327
492,283,ANXA2,EGR1,0.88864714
492,518,ANXA2,PHF10,0.8876415
492,0,ANXA2,OTUD6B,0.8873572
492,128,ANXA2,APLP2,0.8873572
492,136,ANXA2,TACC3,0.8873572
492,150,ANXA2,SORT1,0.8873572
492,432,ANXA2,HDC,0.8873572
492,450,ANXA2,MAGED1,0.8873572
492,514,ANXA2,PAK1,0.8873572
492,524,ANXA2,TBC1D10C,0.8873572
492,519,ANXA2,AGPS,0.8865798
492,81,ANXA2,HDAC11,0.88615227
492,198,ANXA2,NDN,0.8857979
492,404,ANXA2,FTSJ3,0.8855358
492,33,ANXA2,CSTF2,0.8854538
492,2,ANXA2,PPP1R15A,0.88500047
492,47,ANXA2,FGL2,0.88500047
492,263,ANXA2,JUN,0.884927
492,140,ANXA2,ANXA3,0.8849047
492,146,ANXA2,SCARF1,0.8849047
492,194,ANXA2,GOLPH3,0.8849047
492,362,ANXA2,PTGS1,0.8849047
492,441,ANXA2,EBF1,0.8849047
492,546,ANXA2,PROCR,0.8849047
492,622,ANXA2,KRT18,0.8849047
492,410,ANXA2,SMARCA2,0.8848682
492,564,ANXA2,MFNG,0.88467485
492,190,ANXA2,RAD51,0.8843264
492,553,ANXA2,DHFR,0.8843264
492,367,ANXA2,HCFC1,0.88415396
492,394,ANXA2,MAPK1,0.8838468
492,595,ANXA2,CSF3R,0.8838291
492,251,ANXA2,IRF6,0.8836629
492,34,ANXA2,MAML3,0.8834213
492,486,ANXA2,NFKBIA,0.8832411
492,554,ANXA2,CDT1,0.88287765
492,590,ANXA2,IL12A,0.8825385
492,210,ANXA2,PNO1,0.8824361
492,232,ANXA2,ICAM1,0.8822789
140,410,ANXA3,SMARCA2,0.9166429
140,554,ANXA3,CDT1,0.9109784
140,429,ANXA3,GFI1B,0.9095671
140,0,ANXA3,OTUD6B,0.90795124
140,8,ANXA3,ATAD1,0.90795124
140,128,ANXA3,APLP2,0.90795124
140,150,ANXA3,SORT1,0.90795124
140,396,ANXA3,RUVBL2,0.90795124
140,450,ANXA3,MAGED1,0.90795124
140,519,ANXA3,AGPS,0.90795124
140,524,ANXA3,TBC1D10C,0.90795124
140,595,ANXA3,CSF3R,0.907883
140,161,ANXA3,JARID2,0.9070286
140,136,ANXA3,TACC3,0.9067
140,514,ANXA3,PAK1,0.9067
140,255,ANXA3,CD74,0.9062023
140,464,ANXA3,ZNRF2,0.9059655
140,440,ANXA3,TMEM97,0.90591264
140,81,ANXA3,HDAC11,0.90544975
140,289,ANXA3,GT(ROSA)26SOR,0.90515256
140,331,ANXA3,PIM2,0.9024744
140,73,ANXA3,RORC,0.9013177
140,404,ANXA3,FTSJ3,0.8999782
140,504,ANXA3,IFI44,0.8970411
140,183,ANXA3,XAF1,0.8969845
140,609,ANXA3,UBA7,0.8969845
140,200,ANXA3,IGTP,0.89693445
140,199,ANXA3,E2F4,0.8964487
140,34,ANXA3,MAML3,0.8953562
140,486,ANXA3,NFKBIA,0.8936604
140,50,ANXA3,NFAT5,0.8936586
140,78,ANXA3,MECOM,0.8930561
140,209,ANXA3,ZBTB16,0.89039624
140,177,ANXA3,RELB,0.88987476
140,137,ANXA3,MYCN,0.88982695
140,33,ANXA3,CSTF2,0.88764197
140,67,ANXA3,HDAC2,0.8856012
140,357,ANXA3,MEIS1,0.885151
140,318,ANXA3,GANAB,0.884229
140,367,ANXA3,HCFC1,0.8840342
140,28,ANXA3,NFE2,0.8839859
140,590,ANXA3,IL12A,0.8829222
140,277,ANXA3,RTP4,0.8822356
140,57,ANXA3,OASL2,0.88222426
140,263,ANXA3,JUN,0.88148314
140,475,ANXA3,BCL2,0.8810159
140,363,ANXA3,MYC,0.8798844
140,292,ANXA3,HDAC7,0.87980694
140,351,ANXA3,ERCC8,0.87714887
140,488,ANXA3,FGFR1OP,0.87713265
103,28,ANXA5,NFE2,0.8983655
103,357,ANXA5,MEIS1,0.89649427
103,78,ANXA5,MECOM,0.8962367
103,137,ANXA5,MYCN,0.89262396
103,277,ANXA5,RTP4,0.89197725
103,57,ANXA5,OASL2,0.89194083
103,183,ANXA5,XAF1,0.89110327
103,200,ANXA5,IGTP,0.89110327
103,504,ANXA5,IFI44,0.89110327
103,609,ANXA5,UBA7,0.89110327
103,410,ANXA5,SMARCA2,0.88984984
103,194,ANXA5,GOLPH3,0.88983274
103,283,ANXA5,EGR1,0.88853025
103,518,ANXA5,PHF10,0.88764507
103,150,ANXA5,SORT1,0.88738984
103,0,ANXA5,OTUD6B,0.8873572
103,136,ANXA5,TACC3,0.8873572
103,396,ANXA5,RUVBL2,0.8873572
103,432,ANXA5,HDC,0.8873572
103,450,ANXA5,MAGED1,0.8873572
103,514,ANXA5,PAK1,0.8873572
103,519,ANXA5,AGPS,0.8873572
103,524,ANXA5,TBC1D10C,0.8873572
103,8,ANXA5,ATAD1,0.8872829
103,128,ANXA5,APLP2,0.887242
103,595,ANXA5,CSF3R,0.88720065
103,81,ANXA5,HDAC11,0.8863051
103,198,ANXA5,NDN,0.8857979
103,404,ANXA5,FTSJ3,0.8855358
103,33,ANXA5,CSTF2,0.8854538
103,263,ANXA5,JUN,0.884927
103,2,ANXA5,PPP1R15A,0.8849047
103,47,ANXA5,FGL2,0.8849047
103,146,ANXA5,SCARF1,0.8849047
103,362,ANXA5,PTGS1,0.8849047
103,441,ANXA5,EBF1,0.8849047
103,546,ANXA5,PROCR,0.8849047
103,622,ANXA5,KRT18,0.8849047
103,140,ANXA5,ANXA3,0.88490117
103,564,ANXA5,MFNG,0.88467485
103,190,ANXA5,RAD51,0.8843264
103,553,ANXA5,DHFR,0.8843264
103,367,ANXA5,HCFC1,0.88415396
103,394,ANXA5,MAPK1,0.8837269
103,251,ANXA5,IRF6,0.8836629
103,486,ANXA5,NFKBIA,0.8834648
103,34,ANXA5,MAML3,0.883441
103,554,ANXA5,CDT1,0.8828236
103,590,ANXA5,IL12A,0.88253915
103,210,ANXA5,PNO1,0.8822415
469,28,AP3S1,NFE2,0.89837444
469,78,AP3S1,MECOM,0.8962467
469,263,AP3S1,JUN,0.89539707
469,137,AP3S1,MYCN,0.89263034
469,57,AP3S1,OASL2,0.8919511
469,277,AP3S1,RTP4,0.8919508
469,183,AP3S1,XAF1,0.8911128
469,200,AP3S1,IGTP,0.8911128
469,504,AP3S1,IFI44,0.8911128
469,609,AP3S1,UBA7,0.8911128
469,410,AP3S1,SMARCA2,0.88992816
469,283,AP3S1,EGR1,0.8886575
469,564,AP3S1,MFNG,0.8885063
469,518,AP3S1,PHF10,0.8876261
469,0,AP3S1,OTUD6B,0.88735664
469,8,AP3S1,ATAD1,0.88735664
469,128,AP3S1,APLP2,0.88735664
469,136,AP3S1,TACC3,0.88735664
469,450,AP3S1,MAGED1,0.88735664
469,514,AP3S1,PAK1,0.88735664
469,519,AP3S1,AGPS,0.88735664
469,524,AP3S1,TBC1D10C,0.88735664
469,595,AP3S1,CSF3R,0.88735664
469,432,AP3S1,HDC,0.8872655
469,150,AP3S1,SORT1,0.88660884
469,81,AP3S1,HDAC11,0.88636285
469,198,AP3S1,NDN,0.8859842
469,404,AP3S1,FTSJ3,0.8855354
469,33,AP3S1,CSTF2,0.88546
469,47,AP3S1,FGL2,0.88495725
469,2,AP3S1,PPP1R15A,0.8849157
469,140,AP3S1,ANXA3,0.8849157
469,146,AP3S1,SCARF1,0.8849157
469,194,AP3S1,GOLPH3,0.8849157
469,362,AP3S1,PTGS1,0.8849157
469,441,AP3S1,EBF1,0.8849157
469,622,AP3S1,KRT18,0.8849157
469,546,AP3S1,PROCR,0.88490593
469,190,AP3S1,RAD51,0.88434654
469,553,AP3S1,DHFR,0.88434654
469,367,AP3S1,HCFC1,0.8841605
469,394,AP3S1,MAPK1,0.8838582
469,251,AP3S1,IRF6,0.8836737
469,34,AP3S1,MAML3,0.8834212
469,486,AP3S1,NFKBIA,0.8834018
469,554,AP3S1,CDT1,0.8827252
469,590,AP3S1,IL12A,0.88251245
469,210,AP3S1,PNO1,0.88243943
469,232,AP3S1,ICAM1,0.88231814
469,440,AP3S1,TMEM97,0.88194716
445,404,APBB1,FTSJ3,0.934062
445,554,APBB1,CDT1,0.9335242
445,410,APBB1,SMARCA2,0.931731
445,199,APBB1,E2F4,0.93171906
445,450,APBB1,MAGED1,0.93134916
445,81,APBB1,HDAC11,0.9304067
445,8,APBB1,ATAD1,0.9286649
445,0,APBB1,OTUD6B,0.9285849
445,128,APBB1,APLP2,0.9285849
445,136,APBB1,TACC3,0.9285849
445,432,APBB1,HDC,0.9285849
445,514,APBB1,PAK1,0.9285849
445,519,APBB1,AGPS,0.9285849
445,524,APBB1,TBC1D10C,0.9285849
445,595,APBB1,CSF3R,0.9285849
445,150,APBB1,SORT1,0.9284992
445,429,APBB1,GFI1B,0.9273652
445,331,APBB1,PIM2,0.9270217
445,402,APBB1,EIF1AD,0.9222057
445,161,APBB1,JARID2,0.9219055
445,34,APBB1,MAML3,0.9214144
445,396,APBB1,RUVBL2,0.92128456
445,609,APBB1,UBA7,0.9209858
445,504,APBB1,IFI44,0.9209611
445,351,APBB1,ERCC8,0.9202917
445,255,APBB1,CD74,0.919537
445,289,APBB1,GT(ROSA)26SOR,0.919537
445,440,APBB1,TMEM97,0.9180996
445,464,APBB1,ZNRF2,0.9180996
445,209,APBB1,ZBTB16,0.9172483
445,210,APBB1,PNO1,0.9170635
445,73,APBB1,RORC,0.91469765
445,292,APBB1,HDAC7,0.9138394
445,486,APBB1,NFKBIA,0.9094242
445,475,APBB1,BCL2,0.9092803
445,137,APBB1,MYCN,0.9090092
445,186,APBB1,STT3B,0.90885097
445,33,APBB1,CSTF2,0.90073925
445,183,APBB1,XAF1,0.9005732
445,590,APBB1,IL12A,0.8999447
445,67,APBB1,HDAC2,0.8988828
445,78,APBB1,MECOM,0.89839846
445,580,APBB1,MLLT3,0.89760345
445,165,APBB1,GTF2H1,0.89735544
445,57,APBB1,OASL2,0.896351
445,277,APBB1,RTP4,0.8963097
445,363,APBB1,MYC,0.89585435
445,439,APBB1,DDX20,0.89542496
445,200,APBB1,IGTP,0.8951337
445,50,APBB1,NFAT5,0.8950841
128,439,APLP2,DDX20,0.93890244
128,292,APLP2,HDAC7,0.93510187
128,82,APLP2,RB1,0.92868805
128,91,APLP2,FCHO2,0.926722
128,611,APLP2,ZEB2,0.926722
128,537,APLP2,TXNDC11,0.9249047
128,34,APLP2,MAML3,0.91780406
128,621,APLP2,SNRPB,0.9147042
128,226,APLP2,POLR2B,0.910197
128,81,APLP2,HDAC11,0.9064305
128,519,APLP2,AGPS,0.9009711
128,475,APLP2,BCL2,0.8968222
128,206,APLP2,ZDHHC6,0.89354694
128,299,APLP2,ORC2,0.88237613
128,209,APLP2,ZBTB16,0.8819788
128,534,APLP2,MORC3,0.8799389
128,189,APLP2,MCM5,0.8750164
128,290,APLP2,POLD1,0.8737529
128,74,APLP2,TOP2A,0.8735773
128,186,APLP2,STT3B,0.8643893
128,279,APLP2,AURKB,0.8623638
128,86,APLP2,RANGAP1,0.86059475
128,0,APLP2,OTUD6B,0.8573116
128,8,APLP2,ATAD1,0.8573116
128,136,APLP2,TACC3,0.8573116
128,150,APLP2,SORT1,0.8573116
128,396,APLP2,RUVBL2,0.8573116
128,432,APLP2,HDC,0.8573116
128,450,APLP2,MAGED1,0.8573116
128,514,APLP2,PAK1,0.8573116
128,524,APLP2,TBC1D10C,0.8573116
128,595,APLP2,CSF3R,0.8573116
128,246,APLP2,TK1,0.8565072
128,297,APLP2,LIG1,0.85278654
128,500,APLP2,MCM3,0.8520237
128,21,APLP2,RRM1,0.8501586
128,351,APLP2,ERCC8,0.8499184
128,345,APLP2,UHRF1,0.84724957
128,497,APLP2,TYMS,0.84628576
128,323,APLP2,MCM4,0.84415466
128,399,APLP2,RRM2,0.8427071
128,561,APLP2,MCM7,0.8414525
128,204,APLP2,MCM2,0.84105223
128,554,APLP2,CDT1,0.8398868
128,273,APLP2,FIGNL1,0.835439
128,182,APLP2,RPA1,0.8338346
128,53,APLP2,ORC6,0.83383197
128,118,APLP2,MIS12,0.8302928
128,411,APLP2,CDC45,0.8301612
128,331,APLP2,PIM2,0.8301399
374,28,APOE,NFE2,0.8983655
374,357,APOE,MEIS1,0.89649427
374,78,APOE,MECOM,0.8962374
374,137,APOE,MYCN,0.89262396
374,57,APOE,OASL2,0.89194083
374,277,APOE,RTP4,0.89194053
374,183,APOE,XAF1,0.89110327
374,504,APOE,IFI44,0.89110327
374,609,APOE,UBA7,0.89110327
374,200,APOE,IGTP,0.89094
374,410,APOE,SMARCA2,0.8899257
374,283,APOE,EGR1,0.88853025
374,518,APOE,PHF10,0.88764507
374,441,APOE,EBF1,0.8876097
374,622,APOE,KRT18,0.8876097
374,396,APOE,RUVBL2,0.8874228
374,432,APOE,HDC,0.8874134
374,595,APOE,CSF3R,0.8874134
374,0,APOE,OTUD6B,0.8873572
374,8,APOE,ATAD1,0.8873572
374,136,APOE,TACC3,0.8873572
374,150,APOE,SORT1,0.8873572
374,450,APOE,MAGED1,0.8873572
374,519,APOE,AGPS,0.8873572
374,524,APOE,TBC1D10C,0.8873572
374,128,APOE,APLP2,0.887242
374,81,APOE,HDAC11,0.88648236
374,404,APOE,FTSJ3,0.8855358
374,33,APOE,CSTF2,0.8854538
374,394,APOE,MAPK1,0.88523024
374,263,APOE,JUN,0.884927
374,2,APOE,PPP1R15A,0.8849047
374,47,APOE,FGL2,0.8849047
374,140,APOE,ANXA3,0.8849047
374,146,APOE,SCARF1,0.8849047
374,194,APOE,GOLPH3,0.8849047
374,362,APOE,PTGS1,0.8849047
374,546,APOE,PROCR,0.8849047
374,564,APOE,MFNG,0.88467485
374,198,APOE,NDN,0.88450795
374,190,APOE,RAD51,0.8844117
374,553,APOE,DHFR,0.8843264
374,367,APOE,HCFC1,0.8841567
374,251,APOE,IRF6,0.8836629
374,34,APOE,MAML3,0.88338006
374,486,APOE,NFKBIA,0.8832987
374,554,APOE,CDT1,0.88287765
374,590,APOE,IL12A,0.88253915
374,210,APOE,PNO1,0.8824361
374,232,APOE,ICAM1,0.8822701
401,28,ARHGEF18,NFE2,0.8983865
401,357,ARHGEF18,MEIS1,0.8965164
401,78,ARHGEF18,MECOM,0.8962617
401,137,ARHGEF18,MYCN,0.8926427
401,57,ARHGEF18,OASL2,0.8919651
401,277,ARHGEF18,RTP4,0.8919482
401,504,ARHGEF18,IFI44,0.8911543
401,183,ARHGEF18,XAF1,0.8911295
401,609,ARHGEF18,UBA7,0.8911295
401,410,ARHGEF18,SMARCA2,0.88994265
401,283,ARHGEF18,EGR1,0.8888366
401,518,ARHGEF18,PHF10,0.8876628
401,0,ARHGEF18,OTUD6B,0.887391
401,8,ARHGEF18,ATAD1,0.88735753
401,128,ARHGEF18,APLP2,0.88735753
401,136,ARHGEF18,TACC3,0.88735753
401,150,ARHGEF18,SORT1,0.88735753
401,396,ARHGEF18,RUVBL2,0.88735753
401,432,ARHGEF18,HDC,0.88735753
401,450,ARHGEF18,MAGED1,0.88735753
401,514,ARHGEF18,PAK1,0.88735753
401,519,ARHGEF18,AGPS,0.88735753
401,524,ARHGEF18,TBC1D10C,0.88735753
401,595,ARHGEF18,CSF3R,0.88735753
401,81,ARHGEF18,HDAC11,0.8863496
401,198,ARHGEF18,NDN,0.8858259
401,404,ARHGEF18,FTSJ3,0.8855356
401,33,ARHGEF18,CSTF2,0.88546765
401,263,ARHGEF18,JUN,0.8849551
401,2,ARHGEF18,PPP1R15A,0.8849307
401,47,ARHGEF18,FGL2,0.8849307
401,146,ARHGEF18,SCARF1,0.8849307
401,194,ARHGEF18,GOLPH3,0.8849307
401,362,ARHGEF18,PTGS1,0.8849307
401,441,ARHGEF18,EBF1,0.8849307
401,546,ARHGEF18,PROCR,0.8849307
401,140,ARHGEF18,ANXA3,0.8849203
401,190,ARHGEF18,RAD51,0.8844391
401,564,ARHGEF18,MFNG,0.88436955
401,553,ARHGEF18,DHFR,0.8843538
401,367,ARHGEF18,HCFC1,0.8841701
401,394,ARHGEF18,MAPK1,0.8838736
401,622,ARHGEF18,KRT18,0.88382787
401,251,ARHGEF18,IRF6,0.88369095
401,486,ARHGEF18,NFKBIA,0.8834101
401,34,ARHGEF18,MAML3,0.8834074
401,590,ARHGEF18,IL12A,0.88255596
401,210,ARHGEF18,PNO1,0.8824336
401,232,ARHGEF18,ICAM1,0.88228863
401,464,ARHGEF18,ZNRF2,0.8819419
459,28,ARHGEF39,NFE2,0.8983655
459,357,ARHGEF39,MEIS1,0.8964847
459,78,ARHGEF39,MECOM,0.8962374
459,137,ARHGEF39,MYCN,0.89262396
459,57,ARHGEF39,OASL2,0.89194083
459,200,ARHGEF39,IGTP,0.89110327
459,609,ARHGEF39,UBA7,0.89110327
459,504,ARHGEF39,IFI44,0.8910898
459,410,ARHGEF39,SMARCA2,0.88990325
459,283,ARHGEF39,EGR1,0.88864714
459,564,ARHGEF39,MFNG,0.88849646
459,595,ARHGEF39,CSF3R,0.88736826
459,0,ARHGEF39,OTUD6B,0.8873572
459,128,ARHGEF39,APLP2,0.8873572
459,136,ARHGEF39,TACC3,0.8873572
459,150,ARHGEF39,SORT1,0.8873572
459,432,ARHGEF39,HDC,0.8873572
459,450,ARHGEF39,MAGED1,0.8873572
459,514,ARHGEF39,PAK1,0.8873572
459,519,ARHGEF39,AGPS,0.8873467
459,8,ARHGEF39,ATAD1,0.88726604
459,81,ARHGEF39,HDAC11,0.88636285
459,198,ARHGEF39,NDN,0.8857979
459,404,ARHGEF39,FTSJ3,0.8855358
459,33,ARHGEF39,CSTF2,0.8854538
459,263,ARHGEF39,JUN,0.884927
459,2,ARHGEF39,PPP1R15A,0.8849047
459,47,ARHGEF39,FGL2,0.8849047
459,146,ARHGEF39,SCARF1,0.8849047
459,194,ARHGEF39,GOLPH3,0.8849047
459,362,ARHGEF39,PTGS1,0.8849047
459,546,ARHGEF39,PROCR,0.8849047
459,622,ARHGEF39,KRT18,0.8849047
459,190,ARHGEF39,RAD51,0.8843264
459,553,ARHGEF39,DHFR,0.8843264
459,367,ARHGEF39,HCFC1,0.88415396
459,394,ARHGEF39,MAPK1,0.8838468
459,251,ARHGEF39,IRF6,0.8836629
459,486,ARHGEF39,NFKBIA,0.88339585
459,34,ARHGEF39,MAML3,0.88338006
459,554,ARHGEF39,CDT1,0.88287765
459,590,ARHGEF39,IL12A,0.88245153
459,210,ARHGEF39,PNO1,0.8824361
459,140,ARHGEF39,ANXA3,0.88234997
459,232,ARHGEF39,ICAM1,0.8820425
459,464,ARHGEF39,ZNRF2,0.8819445
459,177,ARHGEF39,RELB,0.8818608
459,161,ARHGEF39,JARID2,0.87992513
459,606,ARHGEF39,ELP2,0.8797057
459,429,ARHGEF39,GFI1B,0.8796055
532,404,ARID3B,FTSJ3,0.934062
532,410,ARID3B,SMARCA2,0.931731
532,199,ARID3B,E2F4,0.93171906
532,81,ARID3B,HDAC11,0.9304067
532,0,ARID3B,OTUD6B,0.9285849
532,136,ARID3B,TACC3,0.9285849
532,150,ARID3B,SORT1,0.9285849
532,396,ARID3B,RUVBL2,0.9285849
532,432,ARID3B,HDC,0.9285849
532,450,ARID3B,MAGED1,0.9285849
532,514,ARID3B,PAK1,0.9285849
532,524,ARID3B,TBC1D10C,0.9285849
532,595,ARID3B,CSF3R,0.9285849
532,8,ARID3B,ATAD1,0.92844355
532,429,ARID3B,GFI1B,0.9273365
532,331,ARID3B,PIM2,0.9270217
532,128,ARID3B,APLP2,0.92264
532,161,ARID3B,JARID2,0.9219055
532,34,ARID3B,MAML3,0.9213765
532,200,ARID3B,IGTP,0.9210681
532,504,ARID3B,IFI44,0.9209858
532,609,ARID3B,UBA7,0.9209611
532,183,ARID3B,XAF1,0.92088616
532,351,ARID3B,ERCC8,0.9202917
532,255,ARID3B,CD74,0.919537
532,440,ARID3B,TMEM97,0.9180996
532,464,ARID3B,ZNRF2,0.9180996
532,210,ARID3B,PNO1,0.91709965
532,554,ARID3B,CDT1,0.91709787
532,402,ARID3B,EIF1AD,0.91586417
532,486,ARID3B,NFKBIA,0.9094242
532,475,ARID3B,BCL2,0.90926826
532,137,ARID3B,MYCN,0.9090483
532,186,ARID3B,STT3B,0.90885097
532,50,ARID3B,NFAT5,0.9085205
532,292,ARID3B,HDAC7,0.90834343
532,73,ARID3B,RORC,0.9027947
532,33,ARID3B,CSTF2,0.90272945
532,439,ARID3B,DDX20,0.90090525
532,590,ARID3B,IL12A,0.8999447
532,67,ARID3B,HDAC2,0.8988828
532,580,ARID3B,MLLT3,0.89760345
532,165,ARID3B,GTF2H1,0.89735544
532,277,ARID3B,RTP4,0.8963543
532,57,ARID3B,OASL2,0.896351
532,363,ARID3B,MYC,0.8958561
532,318,ARID3B,GANAB,0.89491916
532,177,ARID3B,RELB,0.89465576
532,293,ARID3B,IRF7,0.8927013
532,28,ARID3B,NFE2,0.89087754
563,595,ARID5A,CSF3R,0.901884
563,28,ARID5A,NFE2,0.89827967
563,357,ARID5A,MEIS1,0.89649427
563,78,ARID5A,MECOM,0.8962374
563,362,ARID5A,PTGS1,0.8935833
563,137,ARID5A,MYCN,0.89262396
563,57,ARID5A,OASL2,0.89194083
563,277,ARID5A,RTP4,0.89194053
563,183,ARID5A,XAF1,0.89110327
563,200,ARID5A,IGTP,0.89110327
563,504,ARID5A,IFI44,0.89110327
563,609,ARID5A,UBA7,0.89110327
563,410,ARID5A,SMARCA2,0.8899257
563,432,ARID5A,HDC,0.8873755
563,8,ARID5A,ATAD1,0.8873572
563,128,ARID5A,APLP2,0.8873572
563,136,ARID5A,TACC3,0.8873572
563,150,ARID5A,SORT1,0.8873572
563,514,ARID5A,PAK1,0.8873572
563,524,ARID5A,TBC1D10C,0.8873572
563,396,ARID5A,RUVBL2,0.88726604
563,450,ARID5A,MAGED1,0.8872543
563,0,ARID5A,OTUD6B,0.88720065
563,519,ARID5A,AGPS,0.8865584
563,283,ARID5A,EGR1,0.8865094
563,33,ARID5A,CSTF2,0.8863679
563,198,ARID5A,NDN,0.8857979
563,404,ARID5A,FTSJ3,0.8855358
563,263,ARID5A,JUN,0.8849187
563,2,ARID5A,PPP1R15A,0.8849047
563,47,ARID5A,FGL2,0.8849047
563,146,ARID5A,SCARF1,0.8849047
563,194,ARID5A,GOLPH3,0.8849047
563,441,ARID5A,EBF1,0.8849047
563,546,ARID5A,PROCR,0.8849047
563,622,ARID5A,KRT18,0.8849047
563,140,ARID5A,ANXA3,0.8848948
563,564,ARID5A,MFNG,0.88467485
563,190,ARID5A,RAD51,0.8843264
563,553,ARID5A,DHFR,0.8843264
563,367,ARID5A,HCFC1,0.88415396
563,394,ARID5A,MAPK1,0.8838468
563,251,ARID5A,IRF6,0.8836629
563,34,ARID5A,MAML3,0.8834213
563,486,ARID5A,NFKBIA,0.88339585
563,554,ARID5A,CDT1,0.88287765
563,590,ARID5A,IL12A,0.88253915
563,210,ARID5A,PNO1,0.8824361
563,232,ARID5A,ICAM1,0.8822901
563,440,ARID5A,TMEM97,0.8819445
106,47,ARL11,FGL2,0.897415
106,357,ARL11,MEIS1,0.89649427
106,78,ARL11,MECOM,0.8962374
106,28,ARL11,NFE2,0.89311856
106,137,ARL11,MYCN,0.89262396
106,57,ARL11,OASL2,0.89194083
106,277,ARL11,RTP4,0.89194053
106,183,ARL11,XAF1,0.89110327
106,200,ARL11,IGTP,0.89110327
106,504,ARL11,IFI44,0.89110327
106,609,ARL11,UBA7,0.89110327
106,410,ARL11,SMARCA2,0.8899257
106,34,ARL11,MAML3,0.8896462
106,283,ARL11,EGR1,0.88860416
106,518,ARL11,PHF10,0.88764507
106,396,ARL11,RUVBL2,0.88738984
106,150,ARL11,SORT1,0.8873755
106,0,ARL11,OTUD6B,0.8873572
106,8,ARL11,ATAD1,0.8873572
106,128,ARL11,APLP2,0.8873572
106,136,ARL11,TACC3,0.8873572
106,432,ARL11,HDC,0.8873572
106,450,ARL11,MAGED1,0.8873572
106,514,ARL11,PAK1,0.8873572
106,519,ARL11,AGPS,0.8873572
106,524,ARL11,TBC1D10C,0.8873572
106,595,ARL11,CSF3R,0.88720065
106,81,ARL11,HDAC11,0.88636285
106,198,ARL11,NDN,0.8857979
106,404,ARL11,FTSJ3,0.8855358
106,2,ARL11,PPP1R15A,0.8849047
106,140,ARL11,ANXA3,0.8849047
106,146,ARL11,SCARF1,0.8849047
106,194,ARL11,GOLPH3,0.8849047
106,441,ARL11,EBF1,0.8849047
106,546,ARL11,PROCR,0.8849047
106,622,ARL11,KRT18,0.8849047
106,564,ARL11,MFNG,0.88467485
106,33,ARL11,CSTF2,0.88436633
106,363,ARL11,MYC,0.88436043
106,190,ARL11,RAD51,0.8843264
106,553,ARL11,DHFR,0.8843264
106,367,ARL11,HCFC1,0.88415396
106,394,ARL11,MAPK1,0.8838468
106,251,ARL11,IRF6,0.8836629
106,486,ARL11,NFKBIA,0.88339585
106,554,ARL11,CDT1,0.8828236
106,590,ARL11,IL12A,0.88253915
106,210,ARL11,PNO1,0.8824361
106,232,ARL11,ICAM1,0.88227135
173,28,ARL6IP6,NFE2,0.8983655
173,357,ARL6IP6,MEIS1,0.89649427
173,78,ARL6IP6,MECOM,0.8962374
173,137,ARL6IP6,MYCN,0.89262396
173,57,ARL6IP6,OASL2,0.89194083
173,277,ARL6IP6,RTP4,0.89193827
173,183,ARL6IP6,XAF1,0.89110327
173,200,ARL6IP6,IGTP,0.89110327
173,504,ARL6IP6,IFI44,0.89110327
173,609,ARL6IP6,UBA7,0.8910898
173,283,ARL6IP6,EGR1,0.88864714
173,518,ARL6IP6,PHF10,0.88755
173,595,ARL6IP6,CSF3R,0.8874677
173,519,ARL6IP6,AGPS,0.88738984
173,136,ARL6IP6,TACC3,0.88735867
173,0,ARL6IP6,OTUD6B,0.8873572
173,8,ARL6IP6,ATAD1,0.8873572
173,128,ARL6IP6,APLP2,0.8873572
173,150,ARL6IP6,SORT1,0.8873572
173,396,ARL6IP6,RUVBL2,0.8873572
173,432,ARL6IP6,HDC,0.8873572
173,450,ARL6IP6,MAGED1,0.8873572
173,514,ARL6IP6,PAK1,0.8873572
173,524,ARL6IP6,TBC1D10C,0.8873572
173,81,ARL6IP6,HDAC11,0.8863051
173,198,ARL6IP6,NDN,0.8857979
173,404,ARL6IP6,FTSJ3,0.8855358
173,33,ARL6IP6,CSTF2,0.8854538
173,190,ARL6IP6,RAD51,0.88524216
173,263,ARL6IP6,JUN,0.884927
173,2,ARL6IP6,PPP1R15A,0.8849047
173,47,ARL6IP6,FGL2,0.8849047
173,146,ARL6IP6,SCARF1,0.8849047
173,194,ARL6IP6,GOLPH3,0.8849047
173,362,ARL6IP6,PTGS1,0.8849047
173,622,ARL6IP6,KRT18,0.8849047
173,564,ARL6IP6,MFNG,0.88467485
173,553,ARL6IP6,DHFR,0.8843264
173,367,ARL6IP6,HCFC1,0.88412535
173,394,ARL6IP6,MAPK1,0.8838202
173,441,ARL6IP6,EBF1,0.88380176
173,34,ARL6IP6,MAML3,0.8834213
173,486,ARL6IP6,NFKBIA,0.88339585
173,554,ARL6IP6,CDT1,0.88287765
173,590,ARL6IP6,IL12A,0.88253915
173,210,ARL6IP6,PNO1,0.8824361
173,232,ARL6IP6,ICAM1,0.88227135
173,440,ARL6IP6,TMEM97,0.8819445
173,464,ARL6IP6,ZNRF2,0.8819445
173,177,ARL6IP6,RELB,0.8818608
379,28,ARL8B,NFE2,0.8983655
379,357,ARL8B,MEIS1,0.89649427
379,78,ARL8B,MECOM,0.8962374
379,137,ARL8B,MYCN,0.89262396
379,57,ARL8B,OASL2,0.89194083
379,277,ARL8B,RTP4,0.89194053
379,200,ARL8B,IGTP,0.89110327
379,504,ARL8B,IFI44,0.89110327
379,609,ARL8B,UBA7,0.89110327
379,410,ARL8B,SMARCA2,0.8899257
379,554,ARL8B,CDT1,0.8894788
379,283,ARL8B,EGR1,0.88864714
379,518,ARL8B,PHF10,0.88764507
379,519,ARL8B,AGPS,0.8873755
379,0,ARL8B,OTUD6B,0.8873572
379,8,ARL8B,ATAD1,0.8873572
379,128,ARL8B,APLP2,0.8873572
379,396,ARL8B,RUVBL2,0.8873572
379,432,ARL8B,HDC,0.8873572
379,450,ARL8B,MAGED1,0.8873572
379,514,ARL8B,PAK1,0.8873572
379,524,ARL8B,TBC1D10C,0.8873572
379,595,ARL8B,CSF3R,0.8873572
379,150,ARL8B,SORT1,0.8873476
379,136,ARL8B,TACC3,0.8872829
379,33,ARL8B,CSTF2,0.8863679
379,81,ARL8B,HDAC11,0.8863253
379,198,ARL8B,NDN,0.8858951
379,404,ARL8B,FTSJ3,0.8855358
379,263,ARL8B,JUN,0.884927
379,2,ARL8B,PPP1R15A,0.8849047
379,47,ARL8B,FGL2,0.8849047
379,140,ARL8B,ANXA3,0.8849047
379,146,ARL8B,SCARF1,0.8849047
379,194,ARL8B,GOLPH3,0.8849047
379,362,ARL8B,PTGS1,0.8849047
379,441,ARL8B,EBF1,0.8849047
379,546,ARL8B,PROCR,0.8849047
379,622,ARL8B,KRT18,0.8849047
379,564,ARL8B,MFNG,0.8847595
379,190,ARL8B,RAD51,0.8843264
379,553,ARL8B,DHFR,0.8843264
379,367,ARL8B,HCFC1,0.88415396
379,251,ARL8B,IRF6,0.8836629
379,34,ARL8B,MAML3,0.8834213
379,486,ARL8B,NFKBIA,0.88339585
379,590,ARL8B,IL12A,0.88253915
379,210,ARL8B,PNO1,0.88240844
379,232,ARL8B,ICAM1,0.88227135
379,440,ARL8B,TMEM97,0.8819445
8,34,ATAD1,MAML3,0.9107884
8,292,ATAD1,HDAC7,0.9066262
8,81,ATAD1,HDAC11,0.8992233
8,439,ATAD1,DDX20,0.8988328
8,0,ATAD1,OTUD6B,0.88552964
8,128,ATAD1,APLP2,0.88552964
8,136,ATAD1,TACC3,0.88552964
8,432,ATAD1,HDC,0.88552964
8,450,ATAD1,MAGED1,0.88552964
8,514,ATAD1,PAK1,0.88552964
8,519,ATAD1,AGPS,0.88552964
8,595,ATAD1,CSF3R,0.88552964
8,524,ATAD1,TBC1D10C,0.8855236
8,396,ATAD1,RUVBL2,0.88545334
8,82,ATAD1,RB1,0.88166493
8,475,ATAD1,BCL2,0.8811512
8,404,ATAD1,FTSJ3,0.8807069
8,186,ATAD1,STT3B,0.8761371
8,554,ATAD1,CDT1,0.8755534
8,209,ATAD1,ZBTB16,0.8715895
8,150,ATAD1,SORT1,0.8713707
8,331,ATAD1,PIM2,0.86620355
8,410,ATAD1,SMARCA2,0.8660584
8,351,ATAD1,ERCC8,0.8657485
8,206,ATAD1,ZDHHC6,0.86248285
8,91,ATAD1,FCHO2,0.8623452
8,611,ATAD1,ZEB2,0.8623452
8,199,ATAD1,E2F4,0.85435295
8,429,ATAD1,GFI1B,0.8534257
8,534,ATAD1,MORC3,0.8442072
8,161,ATAD1,JARID2,0.8397506
8,440,ATAD1,TMEM97,0.83570683
8,464,ATAD1,ZNRF2,0.83555454
8,255,ATAD1,CD74,0.83452505
8,289,ATAD1,GT(ROSA)26SOR,0.83452505
8,402,ATAD1,EIF1AD,0.8247447
8,210,ATAD1,PNO1,0.8156397
8,73,ATAD1,RORC,0.8147692
8,486,ATAD1,NFKBIA,0.80696225
8,50,ATAD1,NFAT5,0.7993526
8,226,ATAD1,POLR2B,0.79675394
8,33,ATAD1,CSTF2,0.7948533
8,537,ATAD1,TXNDC11,0.7934401
8,590,ATAD1,IL12A,0.79060674
8,504,ATAD1,IFI44,0.77694803
8,183,ATAD1,XAF1,0.7766191
8,609,ATAD1,UBA7,0.7766191
8,216,ATAD1,CUL3,0.7750254
8,28,ATAD1,NFE2,0.7729997
8,177,ATAD1,RELB,0.77151465
376,554,ATF7,CDT1,0.92747265
376,81,ATF7,HDAC11,0.92491955
376,410,ATF7,SMARCA2,0.9206828
376,0,ATF7,OTUD6B,0.919706
376,8,ATF7,ATAD1,0.919706
376,136,ATF7,TACC3,0.919706
376,150,ATF7,SORT1,0.919706
376,396,ATF7,RUVBL2,0.919706
376,432,ATF7,HDC,0.919706
376,450,ATF7,MAGED1,0.919706
376,514,ATF7,PAK1,0.919706
376,524,ATF7,TBC1D10C,0.919706
376,595,ATF7,CSF3R,0.919706
376,519,ATF7,AGPS,0.91963583
376,128,ATF7,APLP2,0.9195504
376,34,ATF7,MAML3,0.9186857
376,199,ATF7,E2F4,0.9176056
376,331,ATF7,PIM2,0.9154584
376,404,ATF7,FTSJ3,0.9153777
376,209,ATF7,ZBTB16,0.91371775
376,351,ATF7,ERCC8,0.9131272
376,429,ATF7,GFI1B,0.9130389
376,183,ATF7,XAF1,0.91126215
376,504,ATF7,IFI44,0.91126215
376,609,ATF7,UBA7,0.91126215
376,200,ATF7,IGTP,0.911126
376,292,ATF7,HDAC7,0.9098063
376,475,ATF7,BCL2,0.9079023
376,161,ATF7,JARID2,0.9067696
376,186,ATF7,STT3B,0.9043623
376,289,ATF7,GT(ROSA)26SOR,0.90430605
376,464,ATF7,ZNRF2,0.90355927
376,440,ATF7,TMEM97,0.9033778
376,210,ATF7,PNO1,0.90057766
376,137,ATF7,MYCN,0.8999061
376,73,ATF7,RORC,0.8993226
376,50,ATF7,NFAT5,0.89305055
376,439,ATF7,DDX20,0.8926979
376,486,ATF7,NFKBIA,0.89182293
376,402,ATF7,EIF1AD,0.88912225
376,82,ATF7,RB1,0.88470775
376,33,ATF7,CSTF2,0.88443744
376,590,ATF7,IL12A,0.8831671
376,293,ATF7,IRF7,0.8783575
376,177,ATF7,RELB,0.87808144
376,67,ATF7,HDAC2,0.8775735
376,78,ATF7,MECOM,0.8775579
376,277,ATF7,RTP4,0.8772166
376,57,ATF7,OASL2,0.87721264
376,363,ATF7,MYC,0.877165
110,47,ATG12,FGL2,0.90283304
110,78,ATG12,MECOM,0.90201795
110,137,ATG12,MYCN,0.8989597
110,28,ATG12,NFE2,0.89823925
110,57,ATG12,OASL2,0.8978134
110,183,ATG12,XAF1,0.8972511
110,200,ATG12,IGTP,0.8972511
110,357,ATG12,MEIS1,0.8964886
110,429,ATG12,GFI1B,0.8955829
110,34,ATG12,MAML3,0.8929535
110,396,ATG12,RUVBL2,0.89204526
110,277,ATG12,RTP4,0.8919745
110,198,ATG12,NDN,0.89185786
110,609,ATG12,UBA7,0.89110327
110,2,ATG12,PPP1R15A,0.8910476
110,140,ATG12,ANXA3,0.8910476
110,146,ATG12,SCARF1,0.8910476
110,194,ATG12,GOLPH3,0.8910476
110,504,ATG12,IFI44,0.89094
110,33,ATG12,CSTF2,0.8906374
110,150,ATG12,SORT1,0.8904396
110,0,ATG12,OTUD6B,0.89042115
110,8,ATG12,ATAD1,0.89042115
110,128,ATG12,APLP2,0.89042115
110,136,ATG12,TACC3,0.89042115
110,190,ATG12,RAD51,0.8902602
110,410,ATG12,SMARCA2,0.8899257
110,81,ATG12,HDAC11,0.88948005
110,283,ATG12,EGR1,0.88864714
110,177,ATG12,RELB,0.88801324
110,210,ATG12,PNO1,0.887848
110,518,ATG12,PHF10,0.88764507
110,432,ATG12,HDC,0.8873572
110,450,ATG12,MAGED1,0.8873572
110,514,ATG12,PAK1,0.8873572
110,519,ATG12,AGPS,0.8873572
110,524,ATG12,TBC1D10C,0.8873572
110,595,ATG12,CSF3R,0.8873572
110,161,ATG12,JARID2,0.8859389
110,404,ATG12,FTSJ3,0.8855358
110,263,ATG12,JUN,0.884927
110,441,ATG12,EBF1,0.8849047
110,546,ATG12,PROCR,0.88490415
110,362,ATG12,PTGS1,0.88490117
110,622,ATG12,KRT18,0.88477767
110,564,ATG12,MFNG,0.88467485
110,553,ATG12,DHFR,0.8843264
110,367,ATG12,HCFC1,0.8841686
110,394,ATG12,MAPK1,0.8838468
110,133,ATG12,LTB,0.8838193
598,524,ATP11C,TBC1D10C,0.9014837
598,28,ATP11C,NFE2,0.89790565
598,357,ATP11C,MEIS1,0.89649206
598,78,ATP11C,MECOM,0.89623487
598,137,ATP11C,MYCN,0.89262104
598,57,ATP11C,OASL2,0.89193845
598,277,ATP11C,RTP4,0.8919381
598,183,ATP11C,XAF1,0.8911006
598,200,ATP11C,IGTP,0.8911006
598,504,ATP11C,IFI44,0.8911006
598,609,ATP11C,UBA7,0.8911006
598,410,ATP11C,SMARCA2,0.88992554
598,283,ATP11C,EGR1,0.8886559
598,194,ATP11C,GOLPH3,0.8885206
598,518,ATP11C,PHF10,0.8876421
598,150,ATP11C,SORT1,0.8873692
598,0,ATP11C,OTUD6B,0.8873581
598,8,ATP11C,ATAD1,0.8873581
598,128,ATP11C,APLP2,0.8873581
598,450,ATP11C,MAGED1,0.8873581
598,514,ATP11C,PAK1,0.8873581
598,595,ATP11C,CSF3R,0.8873581
598,432,ATP11C,HDC,0.8873476
598,396,ATP11C,RUVBL2,0.887267
598,519,ATP11C,AGPS,0.887243
598,81,ATP11C,HDAC11,0.8864253
598,198,ATP11C,NDN,0.88579893
598,33,ATP11C,CSTF2,0.8854513
598,263,ATP11C,JUN,0.88492393
598,146,ATP11C,SCARF1,0.88492364
598,622,ATP11C,KRT18,0.88491046
598,2,ATP11C,PPP1R15A,0.88490206
598,47,ATP11C,FGL2,0.88490206
598,441,ATP11C,EBF1,0.88490206
598,546,ATP11C,PROCR,0.88490206
598,362,ATP11C,PTGS1,0.8848923
598,564,ATP11C,MFNG,0.8846722
598,190,ATP11C,RAD51,0.88432723
598,367,ATP11C,HCFC1,0.88415134
598,394,ATP11C,MAPK1,0.88384414
598,486,ATP11C,NFKBIA,0.8837812
598,251,ATP11C,IRF6,0.8836599
598,34,ATP11C,MAML3,0.8834198
598,554,ATP11C,CDT1,0.88287854
598,590,ATP11C,IL12A,0.8825365
598,210,ATP11C,PNO1,0.8824346
598,232,ATP11C,ICAM1,0.8822684
598,440,ATP11C,TMEM97,0.8819433
598,464,ATP11C,ZNRF2,0.8818972
598,177,ATP11C,RELB,0.8817912
90,28,ATP13A1,NFE2,0.9004553
90,137,ATP13A1,MYCN,0.9002746
90,357,ATP13A1,MEIS1,0.89860684
90,78,ATP13A1,MECOM,0.8984637
90,410,ATP13A1,SMARCA2,0.89609414
90,518,ATP13A1,PHF10,0.8950784
90,277,ATP13A1,RTP4,0.8946458
90,57,ATP13A1,OASL2,0.8946091
90,200,ATP13A1,IGTP,0.89402646
90,504,ATP13A1,IFI44,0.89402646
90,183,ATP13A1,XAF1,0.8939791
90,33,ATP13A1,CSTF2,0.8925581
90,609,ATP13A1,UBA7,0.89110327
90,367,ATP13A1,HCFC1,0.8906141
90,283,ATP13A1,EGR1,0.89060855
90,81,ATP13A1,HDAC11,0.8902849
90,34,ATP13A1,MAML3,0.89024657
90,486,ATP13A1,NFKBIA,0.89003485
90,450,ATP13A1,MAGED1,0.88993853
90,0,ATP13A1,OTUD6B,0.88952625
90,580,ATP13A1,MLLT3,0.88906777
90,524,ATP13A1,TBC1D10C,0.8889033
90,514,ATP13A1,PAK1,0.8888722
90,8,ATP13A1,ATAD1,0.8888615
90,128,ATP13A1,APLP2,0.8888615
90,136,ATP13A1,TACC3,0.8888615
90,150,ATP13A1,SORT1,0.8888615
90,396,ATP13A1,RUVBL2,0.8888615
90,432,ATP13A1,HDC,0.8888615
90,519,ATP13A1,AGPS,0.8888615
90,210,ATP13A1,PNO1,0.888579
90,232,ATP13A1,ICAM1,0.8885075
90,404,ATP13A1,FTSJ3,0.888132
90,177,ATP13A1,RELB,0.8881205
90,440,ATP13A1,TMEM97,0.88735974
90,464,ATP13A1,ZNRF2,0.88735974
90,595,ATP13A1,CSF3R,0.8873572
90,263,ATP13A1,JUN,0.887308
90,441,ATP13A1,EBF1,0.8865516
90,2,ATP13A1,PPP1R15A,0.8865492
90,140,ATP13A1,ANXA3,0.8865492
90,146,ATP13A1,SCARF1,0.8865492
90,362,ATP13A1,PTGS1,0.8865492
90,546,ATP13A1,PROCR,0.8865492
90,194,ATP13A1,GOLPH3,0.88653547
90,251,ATP13A1,IRF6,0.88609874
90,394,ATP13A1,MAPK1,0.8858227
90,429,ATP13A1,GFI1B,0.8855403
90,554,ATP13A1,CDT1,0.8854796
90,161,ATP13A1,JARID2,0.88517183
41,28,ATP6AP1,NFE2,0.8983655
41,357,ATP6AP1,MEIS1,0.89649427
41,78,ATP6AP1,MECOM,0.8962374
41,137,ATP6AP1,MYCN,0.89262396
41,57,ATP6AP1,OASL2,0.89194083
41,277,ATP6AP1,RTP4,0.89194053
41,183,ATP6AP1,XAF1,0.89110327
41,200,ATP6AP1,IGTP,0.89110327
41,504,ATP6AP1,IFI44,0.89110327
41,609,ATP6AP1,UBA7,0.89110327
41,410,ATP6AP1,SMARCA2,0.8899257
41,283,ATP6AP1,EGR1,0.88864714
41,518,ATP6AP1,PHF10,0.8876873
41,0,ATP6AP1,OTUD6B,0.88736826
41,8,ATP6AP1,ATAD1,0.8873572
41,128,ATP6AP1,APLP2,0.8873572
41,136,ATP6AP1,TACC3,0.8873572
41,150,ATP6AP1,SORT1,0.8873572
41,396,ATP6AP1,RUVBL2,0.8873572
41,432,ATP6AP1,HDC,0.8873572
41,450,ATP6AP1,MAGED1,0.8873572
41,514,ATP6AP1,PAK1,0.8873572
41,519,ATP6AP1,AGPS,0.8873572
41,524,ATP6AP1,TBC1D10C,0.8873572
41,595,ATP6AP1,CSF3R,0.8873572
41,81,ATP6AP1,HDAC11,0.88636285
41,198,ATP6AP1,NDN,0.8857979
41,404,ATP6AP1,FTSJ3,0.8855358
41,33,ATP6AP1,CSTF2,0.8854538
41,362,ATP6AP1,PTGS1,0.88497007
41,263,ATP6AP1,JUN,0.8849518
41,2,ATP6AP1,PPP1R15A,0.8849047
41,47,ATP6AP1,FGL2,0.8849047
41,140,ATP6AP1,ANXA3,0.8849047
41,146,ATP6AP1,SCARF1,0.8849047
41,194,ATP6AP1,GOLPH3,0.8849047
41,441,ATP6AP1,EBF1,0.8849047
41,546,ATP6AP1,PROCR,0.8849047
41,622,ATP6AP1,KRT18,0.8849047
41,564,ATP6AP1,MFNG,0.88467485
41,553,ATP6AP1,DHFR,0.8843264
41,367,ATP6AP1,HCFC1,0.88415396
41,394,ATP6AP1,MAPK1,0.8838468
41,251,ATP6AP1,IRF6,0.8836629
41,34,ATP6AP1,MAML3,0.8834213
41,486,ATP6AP1,NFKBIA,0.88339585
41,554,ATP6AP1,CDT1,0.88287765
41,590,ATP6AP1,IL12A,0.88253915
41,210,ATP6AP1,PNO1,0.8824892
41,232,ATP6AP1,ICAM1,0.88227135
523,81,ATP6AP2,HDAC11,0.90289044
523,450,ATP6AP2,MAGED1,0.9011407
523,128,ATP6AP2,APLP2,0.9010535
523,136,ATP6AP2,TACC3,0.9010535
523,514,ATP6AP2,PAK1,0.9010535
523,519,ATP6AP2,AGPS,0.9010535
523,524,ATP6AP2,TBC1D10C,0.9010535
523,595,ATP6AP2,CSF3R,0.9010535
523,396,ATP6AP2,RUVBL2,0.90096134
523,554,ATP6AP2,CDT1,0.8953101
523,34,ATP6AP2,MAML3,0.89295286
523,432,ATP6AP2,HDC,0.89133614
523,410,ATP6AP2,SMARCA2,0.8897894
523,209,ATP6AP2,ZBTB16,0.887314
523,331,ATP6AP2,PIM2,0.88650495
523,404,ATP6AP2,FTSJ3,0.8850702
523,292,ATP6AP2,HDAC7,0.88060474
523,8,ATP6AP2,ATAD1,0.8806035
523,429,ATP6AP2,GFI1B,0.8805206
523,475,ATP6AP2,BCL2,0.87657136
523,440,ATP6AP2,TMEM97,0.8723095
523,464,ATP6AP2,ZNRF2,0.8723095
523,161,ATP6AP2,JARID2,0.87210983
523,255,ATP6AP2,CD74,0.86825
523,289,ATP6AP2,GT(ROSA)26SOR,0.86825
523,351,ATP6AP2,ERCC8,0.86721796
523,186,ATP6AP2,STT3B,0.862827
523,210,ATP6AP2,PNO1,0.8617407
523,73,ATP6AP2,RORC,0.8601204
523,199,ATP6AP2,E2F4,0.8525181
523,439,ATP6AP2,DDX20,0.84587854
523,486,ATP6AP2,NFKBIA,0.84568703
523,50,ATP6AP2,NFAT5,0.84378886
523,402,ATP6AP2,EIF1AD,0.8407155
523,150,ATP6AP2,SORT1,0.8369759
523,33,ATP6AP2,CSTF2,0.83652675
523,82,ATP6AP2,RB1,0.8307662
523,183,ATP6AP2,XAF1,0.82773995
523,200,ATP6AP2,IGTP,0.8259787
523,504,ATP6AP2,IFI44,0.8259787
523,363,ATP6AP2,MYC,0.81911904
523,28,ATP6AP2,NFE2,0.81683207
523,357,ATP6AP2,MEIS1,0.8113358
523,590,ATP6AP2,IL12A,0.80976003
523,165,ATP6AP2,GTF2H1,0.80727506
523,216,ATP6AP2,CUL3,0.806532
523,488,ATP6AP2,FGFR1OP,0.8034493
523,277,ATP6AP2,RTP4,0.8033398
523,57,ATP6AP2,OASL2,0.8033355
523,206,ATP6AP2,ZDHHC6,0.8029465
476,28,ATP8B4,NFE2,0.8983865
476,357,ATP8B4,MEIS1,0.8965164
476,78,ATP8B4,MECOM,0.8962623
476,137,ATP8B4,MYCN,0.8926427
476,57,ATP8B4,OASL2,0.8919651
476,277,ATP8B4,RTP4,0.8919611
476,161,ATP8B4,JARID2,0.8915915
476,183,ATP8B4,XAF1,0.8911675
476,200,ATP8B4,IGTP,0.8911295
476,504,ATP8B4,IFI44,0.8911295
476,609,ATP8B4,UBA7,0.8910996
476,410,ATP8B4,SMARCA2,0.88994265
476,283,ATP8B4,EGR1,0.888671
476,518,ATP8B4,PHF10,0.8876628
476,514,ATP8B4,PAK1,0.887391
476,0,ATP8B4,OTUD6B,0.88737875
476,136,ATP8B4,TACC3,0.88737875
476,8,ATP8B4,ATAD1,0.88735753
476,150,ATP8B4,SORT1,0.88735753
476,396,ATP8B4,RUVBL2,0.88735753
476,432,ATP8B4,HDC,0.88735753
476,450,ATP8B4,MAGED1,0.88735753
476,524,ATP8B4,TBC1D10C,0.88735753
476,81,ATP8B4,HDAC11,0.8863496
476,198,ATP8B4,NDN,0.8858259
476,404,ATP8B4,FTSJ3,0.8855356
476,33,ATP8B4,CSTF2,0.88546765
476,2,ATP8B4,PPP1R15A,0.88496834
476,146,ATP8B4,SCARF1,0.88496834
476,47,ATP8B4,FGL2,0.8849307
476,140,ATP8B4,ANXA3,0.8849307
476,194,ATP8B4,GOLPH3,0.8849307
476,362,ATP8B4,PTGS1,0.8849307
476,441,ATP8B4,EBF1,0.8849307
476,546,ATP8B4,PROCR,0.8849307
476,622,ATP8B4,KRT18,0.8849307
476,564,ATP8B4,MFNG,0.8846921
476,190,ATP8B4,RAD51,0.8843538
476,553,ATP8B4,DHFR,0.8843538
476,367,ATP8B4,HCFC1,0.8841701
476,394,ATP8B4,MAPK1,0.8838736
476,251,ATP8B4,IRF6,0.88369095
476,486,ATP8B4,NFKBIA,0.8834101
476,34,ATP8B4,MAML3,0.8834074
476,554,ATP8B4,CDT1,0.88290805
476,590,ATP8B4,IL12A,0.88255596
476,210,ATP8B4,PNO1,0.8824336
476,232,ATP8B4,ICAM1,0.88228863
476,440,ATP8B4,TMEM97,0.8819419
476,464,ATP8B4,ZNRF2,0.8819419
279,189,AURKB,MCM5,0.97023004
279,290,AURKB,POLD1,0.96759963
279,299,AURKB,ORC2,0.9673588
279,21,AURKB,RRM1,0.96705765
279,345,AURKB,UHRF1,0.9664777
279,246,AURKB,TK1,0.9656745
279,500,AURKB,MCM3,0.96563196
279,74,AURKB,TOP2A,0.9655347
279,204,AURKB,MCM2,0.9647404
279,323,AURKB,MCM4,0.9641823
279,399,AURKB,RRM2,0.96415764
279,497,AURKB,TYMS,0.9639027
279,561,AURKB,MCM7,0.96388286
279,240,AURKB,RPA2,0.96385306
279,350,AURKB,MCM6,0.96379936
279,230,AURKB,TOP3B,0.9631685
279,273,AURKB,FIGNL1,0.96300286
279,297,AURKB,LIG1,0.962948
279,226,AURKB,POLR2B,0.9626411
279,42,AURKB,HMGB2,0.9622754
279,266,AURKB,MSH6,0.9621316
279,411,AURKB,CDC45,0.9618726
279,182,AURKB,RPA1,0.9614563
279,53,AURKB,ORC6,0.96142006
279,610,AURKB,PRIM2,0.9614023
279,30,AURKB,PBK,0.96126753
279,478,AURKB,MKI67,0.9612649
279,102,AURKB,PRIM1,0.96088094
279,86,AURKB,RANGAP1,0.96087855
279,118,AURKB,MIS12,0.959996
279,407,AURKB,CDC7,0.9597528
279,510,AURKB,XRCC6,0.959646
279,259,AURKB,NUP107,0.9595679
279,430,AURKB,SEH1L,0.9595679
279,68,AURKB,MIS18BP1,0.959511
279,414,AURKB,CENPK,0.95860285
279,361,AURKB,CCNB2,0.9561696
279,91,AURKB,FCHO2,0.9518181
279,537,AURKB,TXNDC11,0.9518181
279,611,AURKB,ZEB2,0.9518181
279,439,AURKB,DDX20,0.94538945
279,82,AURKB,RB1,0.9403787
279,292,AURKB,HDAC7,0.9393745
279,620,AURKB,TIPIN,0.93895984
279,621,AURKB,SNRPB,0.9362431
279,206,AURKB,ZDHHC6,0.9197621
279,534,AURKB,MORC3,0.9193482
279,34,AURKB,MAML3,0.91454977
279,475,AURKB,BCL2,0.89512056
279,81,AURKB,HDAC11,0.87897485
509,28,B230219D22RIK,NFE2,0.8983655
509,357,B230219D22RIK,MEIS1,0.8966472
509,78,B230219D22RIK,MECOM,0.8962374
509,137,B230219D22RIK,MYCN,0.89262396
509,277,B230219D22RIK,RTP4,0.89196295
509,57,B230219D22RIK,OASL2,0.89194083
509,161,B230219D22RIK,JARID2,0.8915944
509,183,B230219D22RIK,XAF1,0.89110327
509,200,B230219D22RIK,IGTP,0.89110327
509,504,B230219D22RIK,IFI44,0.89110327
509,609,B230219D22RIK,UBA7,0.89110327
509,410,B230219D22RIK,SMARCA2,0.8899257
509,283,B230219D22RIK,EGR1,0.88864714
509,146,B230219D22RIK,SCARF1,0.88852304
509,441,B230219D22RIK,EBF1,0.88852304
509,518,B230219D22RIK,PHF10,0.88764507
509,432,B230219D22RIK,HDC,0.8874228
509,150,B230219D22RIK,SORT1,0.88738984
509,514,B230219D22RIK,PAK1,0.88738984
509,450,B230219D22RIK,MAGED1,0.8873577
509,8,B230219D22RIK,ATAD1,0.8873572
509,128,B230219D22RIK,APLP2,0.8873572
509,136,B230219D22RIK,TACC3,0.8873572
509,396,B230219D22RIK,RUVBL2,0.8873572
509,519,B230219D22RIK,AGPS,0.8873572
509,595,B230219D22RIK,CSF3R,0.8873572
509,0,B230219D22RIK,OTUD6B,0.88730127
509,524,B230219D22RIK,TBC1D10C,0.8872954
509,81,B230219D22RIK,HDAC11,0.8863417
509,198,B230219D22RIK,NDN,0.8857979
509,404,B230219D22RIK,FTSJ3,0.8855358
509,33,B230219D22RIK,CSTF2,0.8854538
509,263,B230219D22RIK,JUN,0.884927
509,2,B230219D22RIK,PPP1R15A,0.8849047
509,47,B230219D22RIK,FGL2,0.8849047
509,140,B230219D22RIK,ANXA3,0.8849047
509,362,B230219D22RIK,PTGS1,0.8849047
509,546,B230219D22RIK,PROCR,0.8849047
509,622,B230219D22RIK,KRT18,0.8849047
509,194,B230219D22RIK,GOLPH3,0.88477767
509,564,B230219D22RIK,MFNG,0.88467485
509,190,B230219D22RIK,RAD51,0.8843264
509,553,B230219D22RIK,DHFR,0.8843264
509,367,B230219D22RIK,HCFC1,0.88415396
509,394,B230219D22RIK,MAPK1,0.8837783
509,251,B230219D22RIK,IRF6,0.88368225
509,34,B230219D22RIK,MAML3,0.8834213
509,486,B230219D22RIK,NFKBIA,0.88339585
509,554,B230219D22RIK,CDT1,0.88287765
509,590,B230219D22RIK,IL12A,0.8825338
372,410,BACE1,SMARCA2,0.9098745
372,440,BACE1,TMEM97,0.90242684
372,464,BACE1,ZNRF2,0.90242684
372,161,BACE1,JARID2,0.9015567
372,73,BACE1,RORC,0.9002942
372,429,BACE1,GFI1B,0.8996701
372,289,BACE1,GT(ROSA)26SOR,0.8975545
372,486,BACE1,NFKBIA,0.89734334
372,396,BACE1,RUVBL2,0.8973017
372,0,BACE1,OTUD6B,0.8972186
372,8,BACE1,ATAD1,0.8972186
372,136,BACE1,TACC3,0.8972186
372,150,BACE1,SORT1,0.8972186
372,450,BACE1,MAGED1,0.8972186
372,519,BACE1,AGPS,0.8972186
372,524,BACE1,TBC1D10C,0.8972186
372,432,BACE1,HDC,0.89719415
372,595,BACE1,CSF3R,0.89719415
372,128,BACE1,APLP2,0.89715815
372,78,BACE1,MECOM,0.89640296
372,50,BACE1,NFAT5,0.89540565
372,183,BACE1,XAF1,0.89538616
372,504,BACE1,IFI44,0.89538616
372,609,BACE1,UBA7,0.89538616
372,554,BACE1,CDT1,0.8953453
372,200,BACE1,IGTP,0.8951472
372,177,BACE1,RELB,0.8938678
372,210,BACE1,PNO1,0.8935342
372,357,BACE1,MEIS1,0.8903569
372,367,BACE1,HCFC1,0.8888636
372,28,BACE1,NFE2,0.88869923
372,33,BACE1,CSTF2,0.88861835
372,590,BACE1,IL12A,0.88850975
372,318,BACE1,GANAB,0.88815576
372,277,BACE1,RTP4,0.8862974
372,57,BACE1,OASL2,0.8862958
372,363,BACE1,MYC,0.8848377
372,263,BACE1,JUN,0.8844226
372,331,BACE1,PIM2,0.8843467
372,29,BACE1,IKZF1,0.8831978
372,81,BACE1,HDAC11,0.88208526
372,137,BACE1,MYCN,0.88142496
372,67,BACE1,HDAC2,0.8801781
372,488,BACE1,FGFR1OP,0.8801451
372,559,BACE1,RUNX1T1,0.8780665
372,283,BACE1,EGR1,0.87675154
372,251,BACE1,IRF6,0.87620693
372,580,BACE1,MLLT3,0.87420005
372,606,BACE1,ELP2,0.87234235
372,64,BACE1,IRF9,0.87212014
89,28,BATF2,NFE2,0.8983969
89,357,BATF2,MEIS1,0.89649427
89,78,BATF2,MECOM,0.8962374
89,137,BATF2,MYCN,0.89262396
89,277,BATF2,RTP4,0.8919745
89,57,BATF2,OASL2,0.89194083
89,200,BATF2,IGTP,0.89110327
89,504,BATF2,IFI44,0.89110327
89,609,BATF2,UBA7,0.89110327
89,183,BATF2,XAF1,0.89105564
89,410,BATF2,SMARCA2,0.8899257
89,283,BATF2,EGR1,0.88864714
89,518,BATF2,PHF10,0.88764507
89,524,BATF2,TBC1D10C,0.8874019
89,514,BATF2,PAK1,0.88736963
89,8,BATF2,ATAD1,0.8873572
89,128,BATF2,APLP2,0.8873572
89,136,BATF2,TACC3,0.8873572
89,150,BATF2,SORT1,0.8873572
89,396,BATF2,RUVBL2,0.8873572
89,432,BATF2,HDC,0.8873572
89,519,BATF2,AGPS,0.8873572
89,595,BATF2,CSF3R,0.8873572
89,0,BATF2,OTUD6B,0.8867853
89,81,BATF2,HDAC11,0.88636285
89,198,BATF2,NDN,0.88574225
89,404,BATF2,FTSJ3,0.8855358
89,33,BATF2,CSTF2,0.8854538
89,263,BATF2,JUN,0.884927
89,441,BATF2,EBF1,0.8849098
89,2,BATF2,PPP1R15A,0.8849047
89,140,BATF2,ANXA3,0.8849047
89,146,BATF2,SCARF1,0.8849047
89,362,BATF2,PTGS1,0.8849047
89,546,BATF2,PROCR,0.8849047
89,622,BATF2,KRT18,0.88488436
89,194,BATF2,GOLPH3,0.8848201
89,564,BATF2,MFNG,0.88467485
89,190,BATF2,RAD51,0.8843264
89,553,BATF2,DHFR,0.8843264
89,367,BATF2,HCFC1,0.88415396
89,394,BATF2,MAPK1,0.8838468
89,450,BATF2,MAGED1,0.8838291
89,47,BATF2,FGL2,0.88380176
89,251,BATF2,IRF6,0.8836629
89,34,BATF2,MAML3,0.8834213
89,486,BATF2,NFKBIA,0.88339585
89,554,BATF2,CDT1,0.88287765
89,590,BATF2,IL12A,0.88253915
89,210,BATF2,PNO1,0.8824361
573,609,BC005561,UBA7,0.9005471
573,357,BC005561,MEIS1,0.89649427
573,78,BC005561,MECOM,0.89623845
573,137,BC005561,MYCN,0.89262396
573,57,BC005561,OASL2,0.89194083
573,277,BC005561,RTP4,0.89194053
573,504,BC005561,IFI44,0.89110327
573,200,BC005561,IGTP,0.8910885
573,183,BC005561,XAF1,0.89105564
573,255,BC005561,CD74,0.89104635
573,410,BC005561,SMARCA2,0.8899257
573,554,BC005561,CDT1,0.8894788
573,283,BC005561,EGR1,0.88864714
573,518,BC005561,PHF10,0.88764507
573,150,BC005561,SORT1,0.88738984
573,0,BC005561,OTUD6B,0.8873572
573,8,BC005561,ATAD1,0.8873572
573,128,BC005561,APLP2,0.8873572
573,136,BC005561,TACC3,0.8873572
573,432,BC005561,HDC,0.8873572
573,450,BC005561,MAGED1,0.8873572
573,514,BC005561,PAK1,0.8873572
573,519,BC005561,AGPS,0.8873572
573,524,BC005561,TBC1D10C,0.8873572
573,595,BC005561,CSF3R,0.8873572
573,396,BC005561,RUVBL2,0.88720065
573,81,BC005561,HDAC11,0.8862958
573,198,BC005561,NDN,0.8857979
573,404,BC005561,FTSJ3,0.8855358
573,33,BC005561,CSTF2,0.8854538
573,263,BC005561,JUN,0.884927
573,2,BC005561,PPP1R15A,0.8849047
573,47,BC005561,FGL2,0.8849047
573,140,BC005561,ANXA3,0.8849047
573,146,BC005561,SCARF1,0.8849047
573,194,BC005561,GOLPH3,0.8849047
573,362,BC005561,PTGS1,0.8849047
573,441,BC005561,EBF1,0.8849047
573,546,BC005561,PROCR,0.8848913
573,622,BC005561,KRT18,0.8848192
573,190,BC005561,RAD51,0.8843399
573,553,BC005561,DHFR,0.8843264
573,367,BC005561,HCFC1,0.88415396
573,394,BC005561,MAPK1,0.8838287
573,251,BC005561,IRF6,0.8836629
573,486,BC005561,NFKBIA,0.88339585
573,590,BC005561,IL12A,0.88253915
573,210,BC005561,PNO1,0.88240844
573,232,BC005561,ICAM1,0.88227135
573,440,BC005561,TMEM97,0.8819445
403,410,BC035044,SMARCA2,0.89509994
403,488,BC035044,FGFR1OP,0.8934673
403,81,BC035044,HDAC11,0.8931007
403,34,BC035044,MAML3,0.89298546
403,28,BC035044,NFE2,0.8915353
403,0,BC035044,OTUD6B,0.8914273
403,8,BC035044,ATAD1,0.8913972
403,524,BC035044,TBC1D10C,0.8913972
403,128,BC035044,APLP2,0.89136165
403,136,BC035044,TACC3,0.89136165
403,396,BC035044,RUVBL2,0.89136165
403,432,BC035044,HDC,0.89136165
403,450,BC035044,MAGED1,0.89136165
403,514,BC035044,PAK1,0.89136165
403,519,BC035044,AGPS,0.89136165
403,595,BC035044,CSF3R,0.89136165
403,404,BC035044,FTSJ3,0.8912031
403,150,BC035044,SORT1,0.8912015
403,210,BC035044,PNO1,0.8905887
403,464,BC035044,ZNRF2,0.8892853
403,440,BC035044,TMEM97,0.8892018
403,357,BC035044,MEIS1,0.8891441
403,367,BC035044,HCFC1,0.8889418
403,292,BC035044,HDAC7,0.8887728
403,137,BC035044,MYCN,0.88819367
403,78,BC035044,MECOM,0.8880491
403,554,BC035044,CDT1,0.8877447
403,429,BC035044,GFI1B,0.88750774
403,518,BC035044,PHF10,0.8870799
403,318,BC035044,GANAB,0.8860569
403,161,BC035044,JARID2,0.8849663
403,521,BC035044,ZFP451,0.8839234
403,277,BC035044,RTP4,0.8839124
403,57,BC035044,OASL2,0.88389236
403,486,BC035044,NFKBIA,0.883355
403,177,BC035044,RELB,0.8828351
403,609,BC035044,UBA7,0.88240176
403,183,BC035044,XAF1,0.88237
403,200,BC035044,IGTP,0.88237
403,504,BC035044,IFI44,0.88237
403,564,BC035044,MFNG,0.8814445
403,199,BC035044,E2F4,0.88115
403,283,BC035044,EGR1,0.88061404
403,331,BC035044,PIM2,0.88052595
403,274,BC035044,NOP2,0.8798014
403,255,BC035044,CD74,0.8796603
403,289,BC035044,GT(ROSA)26SOR,0.8796603
403,439,BC035044,DDX20,0.8790429
403,347,BC035044,RNF4,0.8775448
403,232,BC035044,ICAM1,0.87745035
475,439,BCL2,DDX20,0.9452203
475,292,BCL2,HDAC7,0.9436273
475,82,BCL2,RB1,0.94162494
475,91,BCL2,FCHO2,0.9373972
475,611,BCL2,ZEB2,0.9373972
475,537,BCL2,TXNDC11,0.9373939
475,34,BCL2,MAML3,0.9353262
475,226,BCL2,POLR2B,0.92584616
475,621,BCL2,SNRPB,0.91974413
475,206,BCL2,ZDHHC6,0.9133444
475,81,BCL2,HDAC11,0.9121683
475,209,BCL2,ZBTB16,0.90966356
475,128,BCL2,APLP2,0.9054019
475,86,BCL2,RANGAP1,0.9036048
475,299,BCL2,ORC2,0.9022965
475,534,BCL2,MORC3,0.902197
475,189,BCL2,MCM5,0.89992404
475,519,BCL2,AGPS,0.8984442
475,290,BCL2,POLD1,0.8959189
475,186,BCL2,STT3B,0.89480156
475,74,BCL2,TOP2A,0.8936722
475,21,BCL2,RRM1,0.8919412
475,279,BCL2,AURKB,0.8870269
475,595,BCL2,CSF3R,0.8858058
475,0,BCL2,OTUD6B,0.88287216
475,136,BCL2,TACC3,0.88287216
475,8,BCL2,ATAD1,0.88282883
475,150,BCL2,SORT1,0.88282883
475,396,BCL2,RUVBL2,0.88282883
475,432,BCL2,HDC,0.88282883
475,450,BCL2,MAGED1,0.88282883
475,524,BCL2,TBC1D10C,0.88282883
475,514,BCL2,PAK1,0.882337
475,246,BCL2,TK1,0.8807497
475,351,BCL2,ERCC8,0.880046
475,500,BCL2,MCM3,0.87757134
475,118,BCL2,MIS12,0.8755634
475,345,BCL2,UHRF1,0.8743608
475,404,BCL2,FTSJ3,0.87281525
475,554,BCL2,CDT1,0.8726035
475,497,BCL2,TYMS,0.871598
475,266,BCL2,MSH6,0.87086654
475,323,BCL2,MCM4,0.87082064
475,399,BCL2,RRM2,0.86946034
475,204,BCL2,MCM2,0.8685137
475,561,BCL2,MCM7,0.8682519
475,297,BCL2,LIG1,0.8660398
475,331,BCL2,PIM2,0.8643464
475,350,BCL2,MCM6,0.8635403
475,53,BCL2,ORC6,0.8606227
247,410,BID,SMARCA2,0.8840214
247,210,BID,PNO1,0.8831802
247,28,BID,NFE2,0.8825335
247,357,BID,MEIS1,0.8807794
247,396,BID,RUVBL2,0.8791265
247,8,BID,ATAD1,0.8791
247,128,BID,APLP2,0.8791
247,150,BID,SORT1,0.8791
247,432,BID,HDC,0.8791
247,450,BID,MAGED1,0.8791
247,514,BID,PAK1,0.8791
247,519,BID,AGPS,0.8791
247,524,BID,TBC1D10C,0.8791
247,595,BID,CSF3R,0.8791
247,136,BID,TACC3,0.8790991
247,0,BID,OTUD6B,0.8789703
247,78,BID,MECOM,0.8781504
247,404,BID,FTSJ3,0.87744045
247,137,BID,MYCN,0.876909
247,81,BID,HDAC11,0.87494975
247,183,BID,XAF1,0.87437195
247,200,BID,IGTP,0.87437195
247,504,BID,IFI44,0.87437195
247,609,BID,UBA7,0.87437195
247,57,BID,OASL2,0.8741784
247,277,BID,RTP4,0.8741783
247,33,BID,CSTF2,0.87315226
247,554,BID,CDT1,0.8724668
247,486,BID,NFKBIA,0.8722954
247,440,BID,TMEM97,0.8722471
247,464,BID,ZNRF2,0.8722471
247,518,BID,PHF10,0.8703057
247,283,BID,EGR1,0.870289
247,146,BID,SCARF1,0.8696297
247,177,BID,RELB,0.8685021
247,367,BID,HCFC1,0.86844563
247,161,BID,JARID2,0.868376
247,564,BID,MFNG,0.8670326
247,553,BID,DHFR,0.86627245
247,590,BID,IL12A,0.8661111
247,190,BID,RAD51,0.8656005
247,289,BID,GT(ROSA)26SOR,0.86548066
247,198,BID,NDN,0.86545473
247,255,BID,CD74,0.8653785
247,2,BID,PPP1R15A,0.86506134
247,47,BID,FGL2,0.8650242
247,194,BID,GOLPH3,0.8650242
247,362,BID,PTGS1,0.8650242
247,441,BID,EBF1,0.8650242
247,546,BID,PROCR,0.8650242
31,28,BTAF1,NFE2,0.8983862
31,357,BTAF1,MEIS1,0.89651775
31,137,BTAF1,MYCN,0.8925885
31,57,BTAF1,OASL2,0.8919678
31,277,BTAF1,RTP4,0.8919359
31,200,BTAF1,IGTP,0.89113724
31,609,BTAF1,UBA7,0.89113724
31,504,BTAF1,IFI44,0.8910897
31,410,BTAF1,SMARCA2,0.89052135
31,190,BTAF1,RAD51,0.89049035
31,283,BTAF1,EGR1,0.88867223
31,78,BTAF1,MECOM,0.8879506
31,514,BTAF1,PAK1,0.88733643
31,595,BTAF1,CSF3R,0.88732517
31,0,BTAF1,OTUD6B,0.88729155
31,8,BTAF1,ATAD1,0.88729155
31,128,BTAF1,APLP2,0.88729155
31,136,BTAF1,TACC3,0.88729155
31,150,BTAF1,SORT1,0.88729155
31,432,BTAF1,HDC,0.88729155
31,450,BTAF1,MAGED1,0.88729155
31,519,BTAF1,AGPS,0.88729155
31,524,BTAF1,TBC1D10C,0.88729155
31,396,BTAF1,RUVBL2,0.88717633
31,81,BTAF1,HDAC11,0.88625264
31,198,BTAF1,NDN,0.885766
31,404,BTAF1,FTSJ3,0.88544744
31,33,BTAF1,CSTF2,0.88541347
31,362,BTAF1,PTGS1,0.8851481
31,263,BTAF1,JUN,0.8849573
31,2,BTAF1,PPP1R15A,0.8849256
31,47,BTAF1,FGL2,0.8849256
31,140,BTAF1,ANXA3,0.8849256
31,194,BTAF1,GOLPH3,0.8849256
31,441,BTAF1,EBF1,0.8849256
31,546,BTAF1,PROCR,0.8849256
31,146,BTAF1,SCARF1,0.8849057
31,622,BTAF1,KRT18,0.884841
31,564,BTAF1,MFNG,0.88463277
31,553,BTAF1,DHFR,0.884296
31,367,BTAF1,HCFC1,0.88411456
31,394,BTAF1,MAPK1,0.88386816
31,251,BTAF1,IRF6,0.8836914
31,34,BTAF1,MAML3,0.8834302
31,486,BTAF1,NFKBIA,0.88335747
31,554,BTAF1,CDT1,0.88273966
31,590,BTAF1,IL12A,0.88260484
31,210,BTAF1,PNO1,0.8823118
31,232,BTAF1,ICAM1,0.88222843
31,440,BTAF1,TMEM97,0.8818353
6,128,BTG2,APLP2,0.92546517
6,410,BTG2,SMARCA2,0.9214502
6,210,BTG2,PNO1,0.9212357
6,161,BTG2,JARID2,0.9179577
6,73,BTG2,RORC,0.9173616
6,78,BTG2,MECOM,0.91688347
6,200,BTG2,IGTP,0.91608685
6,183,BTG2,XAF1,0.9160487
6,440,BTG2,TMEM97,0.9157577
6,464,BTG2,ZNRF2,0.91570055
6,429,BTG2,GFI1B,0.9147613
6,554,BTG2,CDT1,0.91416144
6,67,BTG2,HDAC2,0.91404116
6,255,BTG2,CD74,0.91349596
6,289,BTG2,GT(ROSA)26SOR,0.91349596
6,0,BTG2,OTUD6B,0.9124396
6,136,BTG2,TACC3,0.9124396
6,150,BTG2,SORT1,0.9124396
6,609,BTG2,UBA7,0.9123439
6,8,BTG2,ATAD1,0.912304
6,504,BTG2,IFI44,0.9122969
6,177,BTG2,RELB,0.9119176
6,33,BTG2,CSTF2,0.91103786
6,137,BTG2,MYCN,0.91079146
6,486,BTG2,NFKBIA,0.91040516
6,590,BTG2,IL12A,0.9101857
6,81,BTG2,HDAC11,0.9098817
6,396,BTG2,RUVBL2,0.9096142
6,524,BTG2,TBC1D10C,0.9096081
6,432,BTG2,HDC,0.90960646
6,450,BTG2,MAGED1,0.90960646
6,514,BTG2,PAK1,0.90960646
6,519,BTG2,AGPS,0.90960646
6,595,BTG2,CSF3R,0.90960646
6,50,BTG2,NFAT5,0.9095659
6,199,BTG2,E2F4,0.90846246
6,277,BTG2,RTP4,0.90844125
6,57,BTG2,OASL2,0.90843964
6,263,BTG2,JUN,0.90830076
6,28,BTG2,NFE2,0.90705836
6,165,BTG2,GTF2H1,0.90454274
6,367,BTG2,HCFC1,0.90436506
6,331,BTG2,PIM2,0.9043456
6,318,BTG2,GANAB,0.9040355
6,357,BTG2,MEIS1,0.9037628
6,404,BTG2,FTSJ3,0.9036941
6,426,BTG2,PRPF4,0.9013478
6,251,BTG2,IRF6,0.90049267
6,363,BTG2,MYC,0.90010744
6,64,BTG2,IRF9,0.8991168
104,34,BTK,MAML3,0.9323485
104,81,BTK,HDAC11,0.9234371
104,209,BTK,ZBTB16,0.9189912
104,554,BTK,CDT1,0.91881174
104,0,BTK,OTUD6B,0.9163305
104,8,BTK,ATAD1,0.9163305
104,128,BTK,APLP2,0.9163305
104,136,BTK,TACC3,0.9163305
104,432,BTK,HDC,0.9163305
104,450,BTK,MAGED1,0.9163305
104,514,BTK,PAK1,0.9163305
104,519,BTK,AGPS,0.9163305
104,524,BTK,TBC1D10C,0.9163305
104,396,BTK,RUVBL2,0.9163232
104,595,BTK,CSF3R,0.91629946
104,150,BTK,SORT1,0.91628
104,292,BTK,HDAC7,0.9159325
104,410,BTK,SMARCA2,0.9143204
104,331,BTK,PIM2,0.9128384
104,199,BTK,E2F4,0.9123025
104,404,BTK,FTSJ3,0.91132873
104,475,BTK,BCL2,0.9112045
104,351,BTK,ERCC8,0.9091768
104,186,BTK,STT3B,0.90852463
104,429,BTK,GFI1B,0.9082624
104,439,BTK,DDX20,0.90478915
104,183,BTK,XAF1,0.89766216
104,200,BTK,IGTP,0.89766216
104,504,BTK,IFI44,0.89766216
104,609,BTK,UBA7,0.89766216
104,82,BTK,RB1,0.89661527
104,255,BTK,CD74,0.8963839
104,289,BTK,GT(ROSA)26SOR,0.89629847
104,440,BTK,TMEM97,0.89247197
104,464,BTK,ZNRF2,0.89247197
104,73,BTK,RORC,0.8868355
104,210,BTK,PNO1,0.8866588
104,161,BTK,JARID2,0.88521534
104,137,BTK,MYCN,0.8849705
104,486,BTK,NFKBIA,0.8841409
104,402,BTK,EIF1AD,0.8822523
104,50,BTK,NFAT5,0.8817974
104,206,BTK,ZDHHC6,0.8789005
104,67,BTK,HDAC2,0.8717538
104,590,BTK,IL12A,0.86922836
104,91,BTK,FCHO2,0.865528
104,537,BTK,TXNDC11,0.865528
104,611,BTK,ZEB2,0.865528
104,177,BTK,RELB,0.86252016
104,165,BTK,GTF2H1,0.8617014
577,357,CAD,MEIS1,0.89649427
577,78,CAD,MECOM,0.89623845
577,137,CAD,MYCN,0.89262396
577,57,CAD,OASL2,0.89194083
577,277,CAD,RTP4,0.89194053
577,504,CAD,IFI44,0.8911027
577,200,CAD,IGTP,0.8910885
577,183,CAD,XAF1,0.89105564
577,255,CAD,CD74,0.89104635
577,410,CAD,SMARCA2,0.8899257
577,609,CAD,UBA7,0.8896101
577,283,CAD,EGR1,0.88864714
577,546,CAD,PROCR,0.8885198
577,518,CAD,PHF10,0.88771814
577,519,CAD,AGPS,0.8875303
577,514,CAD,PAK1,0.88741267
577,524,CAD,TBC1D10C,0.88741267
577,595,CAD,CSF3R,0.88741267
577,150,CAD,SORT1,0.88738984
577,0,CAD,OTUD6B,0.8873572
577,8,CAD,ATAD1,0.8873572
577,128,CAD,APLP2,0.8873572
577,136,CAD,TACC3,0.8873572
577,432,CAD,HDC,0.8873572
577,450,CAD,MAGED1,0.8873572
577,396,CAD,RUVBL2,0.88720065
577,81,CAD,HDAC11,0.8862958
577,198,CAD,NDN,0.8857979
577,404,CAD,FTSJ3,0.8855358
577,33,CAD,CSTF2,0.8854538
577,263,CAD,JUN,0.884927
577,2,CAD,PPP1R15A,0.8849047
577,47,CAD,FGL2,0.8849047
577,140,CAD,ANXA3,0.8849047
577,146,CAD,SCARF1,0.8849047
577,194,CAD,GOLPH3,0.8849047
577,362,CAD,PTGS1,0.8849047
577,441,CAD,EBF1,0.8849047
577,622,CAD,KRT18,0.88490134
577,564,CAD,MFNG,0.88474137
577,190,CAD,RAD51,0.8843399
577,553,CAD,DHFR,0.88431215
577,367,CAD,HCFC1,0.88415396
577,394,CAD,MAPK1,0.8838287
577,251,CAD,IRF6,0.8836629
577,486,CAD,NFKBIA,0.88346094
577,554,CAD,CDT1,0.8829837
577,590,CAD,IL12A,0.882601
577,210,CAD,PNO1,0.88240844
577,232,CAD,ICAM1,0.88227135
288,28,CALCRL,NFE2,0.8983655
288,357,CALCRL,MEIS1,0.89649427
288,78,CALCRL,MECOM,0.8962374
288,504,CALCRL,IFI44,0.89314204
288,137,CALCRL,MYCN,0.89262396
288,57,CALCRL,OASL2,0.89194083
288,200,CALCRL,IGTP,0.89113486
288,183,CALCRL,XAF1,0.89113456
288,609,CALCRL,UBA7,0.89110327
288,289,CALCRL,GT(ROSA)26SOR,0.89104635
288,410,CALCRL,SMARCA2,0.8899257
288,283,CALCRL,EGR1,0.88864714
288,518,CALCRL,PHF10,0.88764507
288,514,CALCRL,PAK1,0.8874228
288,432,CALCRL,HDC,0.8874134
288,0,CALCRL,OTUD6B,0.8873572
288,8,CALCRL,ATAD1,0.8873572
288,128,CALCRL,APLP2,0.8873572
288,136,CALCRL,TACC3,0.8873572
288,150,CALCRL,SORT1,0.8873572
288,450,CALCRL,MAGED1,0.8873572
288,524,CALCRL,TBC1D10C,0.8873572
288,595,CALCRL,CSF3R,0.8873572
288,519,CALCRL,AGPS,0.887253
288,81,CALCRL,HDAC11,0.88636285
288,198,CALCRL,NDN,0.8857979
288,404,CALCRL,FTSJ3,0.8855358
288,33,CALCRL,CSTF2,0.8854538
288,622,CALCRL,KRT18,0.8849424
288,263,CALCRL,JUN,0.884927
288,2,CALCRL,PPP1R15A,0.8849047
288,47,CALCRL,FGL2,0.8849047
288,140,CALCRL,ANXA3,0.8849047
288,146,CALCRL,SCARF1,0.8849047
288,194,CALCRL,GOLPH3,0.8849047
288,362,CALCRL,PTGS1,0.8849047
288,546,CALCRL,PROCR,0.8849047
288,441,CALCRL,EBF1,0.88477767
288,564,CALCRL,MFNG,0.884665
288,553,CALCRL,DHFR,0.8843264
288,190,CALCRL,RAD51,0.8843165
288,394,CALCRL,MAPK1,0.8838468
288,251,CALCRL,IRF6,0.8836629
288,34,CALCRL,MAML3,0.8834213
288,486,CALCRL,NFKBIA,0.88339585
288,554,CALCRL,CDT1,0.88287765
288,210,CALCRL,PNO1,0.8824361
288,232,CALCRL,ICAM1,0.8823109
288,440,CALCRL,TMEM97,0.8819445
288,464,CALCRL,ZNRF2,0.8819445
4,128,CASP1,APLP2,0.901884
4,28,CASP1,NFE2,0.8983655
4,357,CASP1,MEIS1,0.89649427
4,78,CASP1,MECOM,0.8962374
4,137,CASP1,MYCN,0.89262396
4,57,CASP1,OASL2,0.89194083
4,277,CASP1,RTP4,0.89194053
4,200,CASP1,IGTP,0.89113486
4,183,CASP1,XAF1,0.89111525
4,609,CASP1,UBA7,0.89110327
4,504,CASP1,IFI44,0.8910972
4,410,CASP1,SMARCA2,0.8899257
4,283,CASP1,EGR1,0.88864714
4,518,CASP1,PHF10,0.8876483
4,0,CASP1,OTUD6B,0.8873572
4,136,CASP1,TACC3,0.8873572
4,150,CASP1,SORT1,0.8873572
4,396,CASP1,RUVBL2,0.8873572
4,432,CASP1,HDC,0.8873572
4,450,CASP1,MAGED1,0.8873572
4,514,CASP1,PAK1,0.8873572
4,519,CASP1,AGPS,0.8873572
4,595,CASP1,CSF3R,0.8873572
4,8,CASP1,ATAD1,0.8872954
4,81,CASP1,HDAC11,0.88629526
4,198,CASP1,NDN,0.8857979
4,404,CASP1,FTSJ3,0.8855358
4,33,CASP1,CSTF2,0.8854538
4,263,CASP1,JUN,0.884927
4,2,CASP1,PPP1R15A,0.8849047
4,47,CASP1,FGL2,0.8849047
4,140,CASP1,ANXA3,0.8849047
4,146,CASP1,SCARF1,0.8849047
4,194,CASP1,GOLPH3,0.8849047
4,362,CASP1,PTGS1,0.8849047
4,441,CASP1,EBF1,0.8849047
4,546,CASP1,PROCR,0.8849047
4,622,CASP1,KRT18,0.8849047
4,564,CASP1,MFNG,0.88467485
4,190,CASP1,RAD51,0.8843264
4,367,CASP1,HCFC1,0.88403964
4,394,CASP1,MAPK1,0.8838468
4,251,CASP1,IRF6,0.8836629
4,34,CASP1,MAML3,0.8834213
4,486,CASP1,NFKBIA,0.88339585
4,553,CASP1,DHFR,0.8830442
4,554,CASP1,CDT1,0.88287765
4,590,CASP1,IL12A,0.88253915
4,210,CASP1,PNO1,0.8823255
4,232,CASP1,ICAM1,0.88227135
223,8,CASP12,ATAD1,0.9014407
223,28,CASP12,NFE2,0.8983439
223,357,CASP12,MEIS1,0.89647174
223,78,CASP12,MECOM,0.8962173
223,137,CASP12,MYCN,0.8925828
223,57,CASP12,OASL2,0.8919152
223,277,CASP12,RTP4,0.8919149
223,183,CASP12,XAF1,0.8910779
223,200,CASP12,IGTP,0.8910779
223,504,CASP12,IFI44,0.8910779
223,609,CASP12,UBA7,0.8910779
223,410,CASP12,SMARCA2,0.88987947
223,283,CASP12,EGR1,0.8886239
223,518,CASP12,PHF10,0.8876022
223,128,CASP12,APLP2,0.88735116
223,136,CASP12,TACC3,0.88735116
223,150,CASP12,SORT1,0.88735116
223,432,CASP12,HDC,0.88735116
223,514,CASP12,PAK1,0.88735116
223,519,CASP12,AGPS,0.88735116
223,524,CASP12,TBC1D10C,0.88735116
223,595,CASP12,CSF3R,0.88735116
223,396,CASP12,RUVBL2,0.88728935
223,81,CASP12,HDAC11,0.8862194
223,198,CASP12,NDN,0.88578284
223,546,CASP12,PROCR,0.8856666
223,622,CASP12,KRT18,0.8856666
223,404,CASP12,FTSJ3,0.8855321
223,33,CASP12,CSTF2,0.885415
223,263,CASP12,JUN,0.8849058
223,2,CASP12,PPP1R15A,0.88488406
223,140,CASP12,ANXA3,0.88488406
223,362,CASP12,PTGS1,0.88488406
223,441,CASP12,EBF1,0.88488406
223,47,CASP12,FGL2,0.8848834
223,564,CASP12,MFNG,0.88463604
223,0,CASP12,OTUD6B,0.8843447
223,450,CASP12,MAGED1,0.8843447
223,190,CASP12,RAD51,0.8843126
223,553,CASP12,DHFR,0.8843126
223,367,CASP12,HCFC1,0.8841191
223,394,CASP12,MAPK1,0.88382477
223,251,CASP12,IRF6,0.88364136
223,34,CASP12,MAML3,0.8834298
223,486,CASP12,NFKBIA,0.88335896
223,554,CASP12,CDT1,0.8828703
223,590,CASP12,IL12A,0.88250214
223,232,CASP12,ICAM1,0.8822328
223,464,CASP12,ZNRF2,0.88205457
223,440,CASP12,TMEM97,0.8819455
416,396,CASP4,RUVBL2,0.90148413
416,28,CASP4,NFE2,0.8983655
416,357,CASP4,MEIS1,0.89649427
416,78,CASP4,MECOM,0.8962374
416,137,CASP4,MYCN,0.89262396
416,277,CASP4,RTP4,0.8923096
416,57,CASP4,OASL2,0.89194083
416,183,CASP4,XAF1,0.89113456
416,504,CASP4,IFI44,0.89110327
416,609,CASP4,UBA7,0.89110327
416,410,CASP4,SMARCA2,0.8899257
416,283,CASP4,EGR1,0.88864714
416,518,CASP4,PHF10,0.88764507
416,0,CASP4,OTUD6B,0.8873572
416,8,CASP4,ATAD1,0.8873572
416,128,CASP4,APLP2,0.8873572
416,136,CASP4,TACC3,0.8873572
416,432,CASP4,HDC,0.8873572
416,450,CASP4,MAGED1,0.8873572
416,514,CASP4,PAK1,0.8873572
416,524,CASP4,TBC1D10C,0.8873572
416,595,CASP4,CSF3R,0.8873572
416,519,CASP4,AGPS,0.8872543
416,81,CASP4,HDAC11,0.88636285
416,198,CASP4,NDN,0.8857979
416,50,CASP4,NFAT5,0.8857518
416,404,CASP4,FTSJ3,0.8855358
416,33,CASP4,CSTF2,0.8854538
416,263,CASP4,JUN,0.884927
416,2,CASP4,PPP1R15A,0.8849047
416,47,CASP4,FGL2,0.8849047
416,140,CASP4,ANXA3,0.8849047
416,194,CASP4,GOLPH3,0.8849047
416,362,CASP4,PTGS1,0.8849047
416,546,CASP4,PROCR,0.8849047
416,622,CASP4,KRT18,0.8849047
416,564,CASP4,MFNG,0.8846988
416,190,CASP4,RAD51,0.8843264
416,553,CASP4,DHFR,0.8843264
416,367,CASP4,HCFC1,0.88415396
416,394,CASP4,MAPK1,0.8838468
416,251,CASP4,IRF6,0.8836629
416,34,CASP4,MAML3,0.8834213
416,486,CASP4,NFKBIA,0.883378
416,554,CASP4,CDT1,0.88287765
416,590,CASP4,IL12A,0.88253915
416,210,CASP4,PNO1,0.8824361
416,232,CASP4,ICAM1,0.88227135
416,440,CASP4,TMEM97,0.8819445
416,464,CASP4,ZNRF2,0.8819445
353,28,CBFB,NFE2,0.8983601
353,357,CBFB,MEIS1,0.89649427
353,78,CBFB,MECOM,0.8962682
353,622,CBFB,KRT18,0.8935833
353,137,CBFB,MYCN,0.89262396
353,57,CBFB,OASL2,0.89194083
353,277,CBFB,RTP4,0.89194053
353,504,CBFB,IFI44,0.89110327
353,183,CBFB,XAF1,0.89094
353,410,CBFB,SMARCA2,0.8899257
353,283,CBFB,EGR1,0.88864714
353,47,CBFB,FGL2,0.8876097
353,518,CBFB,PHF10,0.88750607
353,146,CBFB,SCARF1,0.88749105
353,128,CBFB,APLP2,0.8874411
353,0,CBFB,OTUD6B,0.8873572
353,8,CBFB,ATAD1,0.8873572
353,136,CBFB,TACC3,0.8873572
353,150,CBFB,SORT1,0.8873572
353,396,CBFB,RUVBL2,0.8873572
353,432,CBFB,HDC,0.8873572
353,450,CBFB,MAGED1,0.8873572
353,514,CBFB,PAK1,0.8873572
353,519,CBFB,AGPS,0.8873572
353,524,CBFB,TBC1D10C,0.8873572
353,595,CBFB,CSF3R,0.8873572
353,81,CBFB,HDAC11,0.88636285
353,198,CBFB,NDN,0.885806
353,362,CBFB,PTGS1,0.88568705
353,404,CBFB,FTSJ3,0.885481
353,33,CBFB,CSTF2,0.8854538
353,263,CBFB,JUN,0.884927
353,2,CBFB,PPP1R15A,0.8849047
353,140,CBFB,ANXA3,0.8849047
353,194,CBFB,GOLPH3,0.8849047
353,441,CBFB,EBF1,0.8849047
353,546,CBFB,PROCR,0.8849047
353,564,CBFB,MFNG,0.88467485
353,190,CBFB,RAD51,0.8843264
353,553,CBFB,DHFR,0.8843264
353,367,CBFB,HCFC1,0.88415396
353,394,CBFB,MAPK1,0.88385445
353,251,CBFB,IRF6,0.8836629
353,486,CBFB,NFKBIA,0.88339585
353,554,CBFB,CDT1,0.88287765
353,590,CBFB,IL12A,0.88253915
353,210,CBFB,PNO1,0.8824361
353,232,CBFB,ICAM1,0.88227135
353,440,CBFB,TMEM97,0.8819445
353,464,CBFB,ZNRF2,0.8819445
525,8,CBX7,ATAD1,0.9015277
525,28,CBX7,NFE2,0.8983851
525,357,CBX7,MEIS1,0.8965145
525,78,CBX7,MECOM,0.8962604
525,177,CBX7,RELB,0.8938779
525,137,CBX7,MYCN,0.8926802
525,183,CBX7,XAF1,0.8921064
525,57,CBX7,OASL2,0.8919638
525,277,CBX7,RTP4,0.8919635
525,200,CBX7,IGTP,0.8911288
525,504,CBX7,IFI44,0.89110327
525,609,CBX7,UBA7,0.89110327
525,410,CBX7,SMARCA2,0.89001626
525,283,CBX7,EGR1,0.88866806
525,450,CBX7,MAGED1,0.88744146
525,519,CBX7,AGPS,0.88737774
525,128,CBX7,APLP2,0.88737583
525,136,CBX7,TACC3,0.88737583
525,514,CBX7,PAK1,0.8873572
525,524,CBX7,TBC1D10C,0.8873572
525,595,CBX7,CSF3R,0.8873467
525,396,CBX7,RUVBL2,0.8873016
525,81,CBX7,HDAC11,0.88637865
525,198,CBX7,NDN,0.8857953
525,404,CBX7,FTSJ3,0.88555926
525,33,CBX7,CSTF2,0.88550204
525,263,CBX7,JUN,0.8849518
525,2,CBX7,PPP1R15A,0.88492674
525,47,CBX7,FGL2,0.88492674
525,140,CBX7,ANXA3,0.88492674
525,146,CBX7,SCARF1,0.88492674
525,194,CBX7,GOLPH3,0.88492674
525,362,CBX7,PTGS1,0.88492674
525,441,CBX7,EBF1,0.88492674
525,546,CBX7,PROCR,0.8849047
525,622,CBX7,KRT18,0.8849047
525,190,CBX7,RAD51,0.8843236
525,367,CBX7,HCFC1,0.8842017
525,394,CBX7,MAPK1,0.8838701
525,251,CBX7,IRF6,0.88368815
525,486,CBX7,NFKBIA,0.8834431
525,34,CBX7,MAML3,0.88343745
525,564,CBX7,MFNG,0.8832431
525,554,CBX7,CDT1,0.88287765
525,590,CBX7,IL12A,0.88253915
525,210,CBX7,PNO1,0.8824602
525,232,CBX7,ICAM1,0.88232327
525,440,CBX7,TMEM97,0.8819661
525,464,CBX7,ZNRF2,0.8819661
525,606,CBX7,ELP2,0.8797057
75,28,CCDC137,NFE2,0.8983655
75,357,CCDC137,MEIS1,0.8964541
75,57,CCDC137,OASL2,0.89194083
75,277,CCDC137,RTP4,0.89194053
75,183,CCDC137,XAF1,0.89110327
75,200,CCDC137,IGTP,0.89110327
75,504,CCDC137,IFI44,0.89110327
75,609,CCDC137,UBA7,0.89110327
75,464,CCDC137,ZNRF2,0.89018023
75,410,CCDC137,SMARCA2,0.8899257
75,283,CCDC137,EGR1,0.8889533
75,518,CCDC137,PHF10,0.88764507
75,137,CCDC137,MYCN,0.88756967
75,0,CCDC137,OTUD6B,0.8873572
75,8,CCDC137,ATAD1,0.8873572
75,128,CCDC137,APLP2,0.8873572
75,136,CCDC137,TACC3,0.8873572
75,150,CCDC137,SORT1,0.8873572
75,396,CCDC137,RUVBL2,0.8873572
75,432,CCDC137,HDC,0.8873572
75,450,CCDC137,MAGED1,0.8873572
75,514,CCDC137,PAK1,0.8873572
75,519,CCDC137,AGPS,0.8873572
75,524,CCDC137,TBC1D10C,0.8873572
75,595,CCDC137,CSF3R,0.8873572
75,81,CCDC137,HDAC11,0.88636285
75,198,CCDC137,NDN,0.8857979
75,404,CCDC137,FTSJ3,0.88552386
75,33,CCDC137,CSTF2,0.8853858
75,263,CCDC137,JUN,0.884927
75,2,CCDC137,PPP1R15A,0.8849047
75,47,CCDC137,FGL2,0.8849047
75,140,CCDC137,ANXA3,0.8849047
75,146,CCDC137,SCARF1,0.8849047
75,194,CCDC137,GOLPH3,0.8849047
75,362,CCDC137,PTGS1,0.8849047
75,546,CCDC137,PROCR,0.8849047
75,622,CCDC137,KRT18,0.8849047
75,441,CCDC137,EBF1,0.88490415
75,251,CCDC137,IRF6,0.88486606
75,564,CCDC137,MFNG,0.88467485
75,190,CCDC137,RAD51,0.8843264
75,553,CCDC137,DHFR,0.8843264
75,78,CCDC137,MECOM,0.8843045
75,367,CCDC137,HCFC1,0.88415396
75,394,CCDC137,MAPK1,0.8838468
75,34,CCDC137,MAML3,0.8834213
75,486,CCDC137,NFKBIA,0.88339585
75,554,CCDC137,CDT1,0.88287765
75,210,CCDC137,PNO1,0.8824361
501,28,CCDC50,NFE2,0.8983655
501,357,CCDC50,MEIS1,0.89649427
501,78,CCDC50,MECOM,0.8962374
501,137,CCDC50,MYCN,0.89262396
501,486,CCDC50,NFKBIA,0.89233893
501,57,CCDC50,OASL2,0.89194083
501,277,CCDC50,RTP4,0.8919341
501,609,CCDC50,UBA7,0.89113194
501,200,CCDC50,IGTP,0.8911102
501,183,CCDC50,XAF1,0.89110327
501,504,CCDC50,IFI44,0.89110327
501,410,CCDC50,SMARCA2,0.8899257
501,283,CCDC50,EGR1,0.88864714
501,518,CCDC50,PHF10,0.88764507
501,8,CCDC50,ATAD1,0.8874134
501,519,CCDC50,AGPS,0.88736963
501,0,CCDC50,OTUD6B,0.8873572
501,128,CCDC50,APLP2,0.8873572
501,150,CCDC50,SORT1,0.8873572
501,396,CCDC50,RUVBL2,0.8873572
501,432,CCDC50,HDC,0.8873572
501,450,CCDC50,MAGED1,0.8873572
501,524,CCDC50,TBC1D10C,0.8873572
501,595,CCDC50,CSF3R,0.8873572
501,136,CCDC50,TACC3,0.88726604
501,81,CCDC50,HDAC11,0.88636285
501,198,CCDC50,NDN,0.8857979
501,404,CCDC50,FTSJ3,0.8855358
501,33,CCDC50,CSTF2,0.8854538
501,622,CCDC50,KRT18,0.88494617
501,2,CCDC50,PPP1R15A,0.8849264
501,47,CCDC50,FGL2,0.8849047
501,140,CCDC50,ANXA3,0.8849047
501,146,CCDC50,SCARF1,0.8849047
501,362,CCDC50,PTGS1,0.8849047
501,546,CCDC50,PROCR,0.8849047
501,194,CCDC50,GOLPH3,0.88488483
501,564,CCDC50,MFNG,0.88467485
501,190,CCDC50,RAD51,0.8843264
501,553,CCDC50,DHFR,0.8843264
501,367,CCDC50,HCFC1,0.88415396
501,394,CCDC50,MAPK1,0.8838468
501,251,CCDC50,IRF6,0.8836629
501,34,CCDC50,MAML3,0.883441
501,554,CCDC50,CDT1,0.88287765
501,590,CCDC50,IL12A,0.8825541
501,210,CCDC50,PNO1,0.8824361
501,232,CCDC50,ICAM1,0.88227135
501,440,CCDC50,TMEM97,0.8819445
501,464,CCDC50,ZNRF2,0.8819445
543,524,CCL4,TBC1D10C,0.90148413
543,28,CCL4,NFE2,0.89835584
543,357,CCL4,MEIS1,0.89649427
543,78,CCL4,MECOM,0.8962054
543,137,CCL4,MYCN,0.89261544
543,57,CCL4,OASL2,0.89194083
543,277,CCL4,RTP4,0.89194053
543,183,CCL4,XAF1,0.8912226
543,200,CCL4,IGTP,0.89110327
543,504,CCL4,IFI44,0.89110327
543,609,CCL4,UBA7,0.89110327
543,410,CCL4,SMARCA2,0.8899257
543,283,CCL4,EGR1,0.88864714
543,518,CCL4,PHF10,0.8876483
543,8,CCL4,ATAD1,0.88736963
543,0,CCL4,OTUD6B,0.8873572
543,136,CCL4,TACC3,0.8873572
543,150,CCL4,SORT1,0.8873572
543,396,CCL4,RUVBL2,0.8873572
543,432,CCL4,HDC,0.8873572
543,450,CCL4,MAGED1,0.8873572
543,514,CCL4,PAK1,0.8873572
543,519,CCL4,AGPS,0.8873572
543,595,CCL4,CSF3R,0.8873572
543,128,CCL4,APLP2,0.8872954
543,81,CCL4,HDAC11,0.88636285
543,198,CCL4,NDN,0.8857979
543,404,CCL4,FTSJ3,0.8855058
543,33,CCL4,CSTF2,0.8854538
543,263,CCL4,JUN,0.884927
543,47,CCL4,FGL2,0.8849047
543,140,CCL4,ANXA3,0.8849047
543,146,CCL4,SCARF1,0.8849047
543,194,CCL4,GOLPH3,0.8849047
543,441,CCL4,EBF1,0.8849047
543,546,CCL4,PROCR,0.8849047
543,622,CCL4,KRT18,0.8849047
543,564,CCL4,MFNG,0.88467485
543,190,CCL4,RAD51,0.8843264
543,553,CCL4,DHFR,0.88430685
543,367,CCL4,HCFC1,0.88415396
543,394,CCL4,MAPK1,0.8838393
543,251,CCL4,IRF6,0.8836533
543,34,CCL4,MAML3,0.8834213
543,486,CCL4,NFKBIA,0.88339585
543,554,CCL4,CDT1,0.88287765
543,590,CCL4,IL12A,0.88253915
543,210,CCL4,PNO1,0.88235426
543,2,CCL4,PPP1R15A,0.8823133
543,232,CCL4,ICAM1,0.88227135
555,28,CCL9,NFE2,0.8983655
555,357,CCL9,MEIS1,0.89649427
555,78,CCL9,MECOM,0.8962374
555,137,CCL9,MYCN,0.89262396
555,277,CCL9,RTP4,0.89194053
555,183,CCL9,XAF1,0.8912226
555,200,CCL9,IGTP,0.89110327
555,504,CCL9,IFI44,0.89110327
555,609,CCL9,UBA7,0.89110327
555,410,CCL9,SMARCA2,0.8899257
555,283,CCL9,EGR1,0.88864714
555,518,CCL9,PHF10,0.88764507
555,140,CCL9,ANXA3,0.8874282
555,150,CCL9,SORT1,0.8874134
555,524,CCL9,TBC1D10C,0.88737893
555,0,CCL9,OTUD6B,0.8873572
555,128,CCL9,APLP2,0.8873572
555,396,CCL9,RUVBL2,0.8873572
555,432,CCL9,HDC,0.8873572
555,450,CCL9,MAGED1,0.8873572
555,514,CCL9,PAK1,0.8873572
555,519,CCL9,AGPS,0.8873572
555,136,CCL9,TACC3,0.8873476
555,81,CCL9,HDAC11,0.88636285
555,198,CCL9,NDN,0.8857658
555,194,CCL9,GOLPH3,0.88568705
555,404,CCL9,FTSJ3,0.8855358
555,33,CCL9,CSTF2,0.8854538
555,2,CCL9,PPP1R15A,0.88500047
555,47,CCL9,FGL2,0.8849047
555,362,CCL9,PTGS1,0.8849047
555,546,CCL9,PROCR,0.8849047
555,622,CCL9,KRT18,0.8849047
555,146,CCL9,SCARF1,0.88476795
555,8,CCL9,ATAD1,0.88435096
555,190,CCL9,RAD51,0.8843264
555,553,CCL9,DHFR,0.8843264
555,367,CCL9,HCFC1,0.88415396
555,394,CCL9,MAPK1,0.8838468
555,441,CCL9,EBF1,0.88380176
555,251,CCL9,IRF6,0.8836629
555,486,CCL9,NFKBIA,0.8834276
555,34,CCL9,MAML3,0.8834213
555,554,CCL9,CDT1,0.88290006
555,210,CCL9,PNO1,0.8824361
555,232,CCL9,ICAM1,0.88227135
555,440,CCL9,TMEM97,0.8819445
555,177,CCL9,RELB,0.8818608
555,464,CCL9,ZNRF2,0.8818387
555,606,CCL9,ELP2,0.879682
361,189,CCNB2,MCM5,0.9710517
361,299,CCNB2,ORC2,0.96913457
361,290,CCNB2,POLD1,0.9690626
361,21,CCNB2,RRM1,0.9684581
361,345,CCNB2,UHRF1,0.9673464
361,74,CCNB2,TOP2A,0.9669389
361,279,CCNB2,AURKB,0.96665615
361,246,CCNB2,TK1,0.9666409
361,500,CCNB2,MCM3,0.966194
361,204,CCNB2,MCM2,0.965023
361,399,CCNB2,RRM2,0.9645447
361,323,CCNB2,MCM4,0.9645434
361,561,CCNB2,MCM7,0.9642189
361,350,CCNB2,MCM6,0.9640853
361,240,CCNB2,RPA2,0.9635461
361,273,CCNB2,FIGNL1,0.96339965
361,620,CCNB2,TIPIN,0.9633114
361,297,CCNB2,LIG1,0.9632825
361,42,CCNB2,HMGB2,0.96271205
361,266,CCNB2,MSH6,0.96252507
361,411,CCNB2,CDC45,0.96230215
361,30,CCNB2,PBK,0.9619682
361,182,CCNB2,RPA1,0.96178854
361,610,CCNB2,PRIM2,0.96176285
361,53,CCNB2,ORC6,0.9617521
361,478,CCNB2,MKI67,0.96165997
361,102,CCNB2,PRIM1,0.9613146
361,226,CCNB2,POLR2B,0.96095216
361,510,CCNB2,XRCC6,0.960274
361,407,CCNB2,CDC7,0.96009904
361,230,CCNB2,TOP3B,0.9598838
361,497,CCNB2,TYMS,0.9593007
361,414,CCNB2,CENPK,0.9580675
361,68,CCNB2,MIS18BP1,0.95767164
361,430,CCNB2,SEH1L,0.95767164
361,259,CCNB2,NUP107,0.95761675
361,86,CCNB2,RANGAP1,0.956509
361,91,CCNB2,FCHO2,0.9508871
361,537,CCNB2,TXNDC11,0.9508871
361,611,CCNB2,ZEB2,0.9508871
361,118,CCNB2,MIS12,0.94468826
361,292,CCNB2,HDAC7,0.9364004
361,82,CCNB2,RB1,0.935228
361,439,CCNB2,DDX20,0.9263094
361,621,CCNB2,SNRPB,0.9178259
361,534,CCNB2,MORC3,0.91165996
361,206,CCNB2,ZDHHC6,0.91052264
361,34,CCNB2,MAML3,0.90939313
361,475,CCNB2,BCL2,0.88410115
361,81,CCNB2,HDAC11,0.8717704
22,28,CD300A,NFE2,0.8982563
22,357,CD300A,MEIS1,0.8963777
22,137,CD300A,MYCN,0.8926082
22,57,CD300A,OASL2,0.8918141
22,277,CD300A,RTP4,0.8918139
22,183,CD300A,XAF1,0.8910579
22,200,CD300A,IGTP,0.890974
22,504,CD300A,IFI44,0.890974
22,609,CD300A,UBA7,0.890974
22,410,CD300A,SMARCA2,0.88990563
22,283,CD300A,EGR1,0.88882077
22,0,CD300A,OTUD6B,0.88743603
22,128,CD300A,APLP2,0.88740355
22,136,CD300A,TACC3,0.88740355
22,150,CD300A,SORT1,0.88740355
22,396,CD300A,RUVBL2,0.88740355
22,432,CD300A,HDC,0.88740355
22,450,CD300A,MAGED1,0.88740355
22,514,CD300A,PAK1,0.88740355
22,519,CD300A,AGPS,0.88740355
22,524,CD300A,TBC1D10C,0.88740355
22,8,CD300A,ATAD1,0.88730067
22,595,CD300A,CSF3R,0.8872884
22,518,CD300A,PHF10,0.8872771
22,81,CD300A,HDAC11,0.88650507
22,404,CD300A,FTSJ3,0.8856012
22,198,CD300A,NDN,0.88555187
22,33,CD300A,CSTF2,0.88544756
22,146,CD300A,SCARF1,0.8848369
22,263,CD300A,JUN,0.8847856
22,2,CD300A,PPP1R15A,0.88476765
22,47,CD300A,FGL2,0.88476765
22,140,CD300A,ANXA3,0.88476765
22,194,CD300A,GOLPH3,0.88476765
22,362,CD300A,PTGS1,0.88476765
22,441,CD300A,EBF1,0.88476765
22,546,CD300A,PROCR,0.88476765
22,622,CD300A,KRT18,0.88476765
22,564,CD300A,MFNG,0.88474166
22,367,CD300A,HCFC1,0.8841359
22,190,CD300A,RAD51,0.88408625
22,553,CD300A,DHFR,0.8840767
22,394,CD300A,MAPK1,0.88370746
22,34,CD300A,MAML3,0.8835572
22,251,CD300A,IRF6,0.8835227
22,486,CD300A,NFKBIA,0.8833781
22,554,CD300A,CDT1,0.8829333
22,210,CD300A,PNO1,0.8825227
22,232,CD300A,ICAM1,0.8822519
22,440,CD300A,TMEM97,0.88202137
321,128,CD48,APLP2,0.901884
321,28,CD48,NFE2,0.8983655
321,357,CD48,MEIS1,0.89651555
321,78,CD48,MECOM,0.8962374
321,177,CD48,RELB,0.8943816
321,137,CD48,MYCN,0.89262396
321,57,CD48,OASL2,0.89194083
321,277,CD48,RTP4,0.89194053
321,183,CD48,XAF1,0.89110327
321,200,CD48,IGTP,0.89110327
321,504,CD48,IFI44,0.89110327
321,609,CD48,UBA7,0.89110327
321,289,CD48,GT(ROSA)26SOR,0.89104635
321,410,CD48,SMARCA2,0.8899257
321,283,CD48,EGR1,0.88864714
321,518,CD48,PHF10,0.88764507
321,0,CD48,OTUD6B,0.88743484
321,8,CD48,ATAD1,0.8873572
321,136,CD48,TACC3,0.8873572
321,150,CD48,SORT1,0.8873572
321,450,CD48,MAGED1,0.8873572
321,514,CD48,PAK1,0.8873572
321,524,CD48,TBC1D10C,0.8873572
321,595,CD48,CSF3R,0.8873572
321,396,CD48,RUVBL2,0.8873476
321,432,CD48,HDC,0.88732266
321,81,CD48,HDAC11,0.88636285
321,198,CD48,NDN,0.8857979
321,404,CD48,FTSJ3,0.8855358
321,33,CD48,CSTF2,0.8854538
321,263,CD48,JUN,0.884927
321,2,CD48,PPP1R15A,0.8849047
321,47,CD48,FGL2,0.8849047
321,140,CD48,ANXA3,0.8849047
321,146,CD48,SCARF1,0.8849047
321,194,CD48,GOLPH3,0.8849047
321,362,CD48,PTGS1,0.8849047
321,441,CD48,EBF1,0.8849047
321,546,CD48,PROCR,0.8849047
321,622,CD48,KRT18,0.8849047
321,564,CD48,MFNG,0.88467485
321,519,CD48,AGPS,0.88435096
321,190,CD48,RAD51,0.8843264
321,553,CD48,DHFR,0.8843264
321,251,CD48,IRF6,0.8838897
321,394,CD48,MAPK1,0.8838468
321,34,CD48,MAML3,0.8834213
321,486,CD48,NFKBIA,0.88339585
321,554,CD48,CDT1,0.88287765
321,590,CD48,IL12A,0.88253915
236,28,CD52,NFE2,0.89837444
236,357,CD52,MEIS1,0.8965036
236,78,CD52,MECOM,0.8962467
236,137,CD52,MYCN,0.89263034
236,57,CD52,OASL2,0.8919511
236,277,CD52,RTP4,0.8919484
236,183,CD52,XAF1,0.8911966
236,200,CD52,IGTP,0.8911128
236,504,CD52,IFI44,0.8911128
236,609,CD52,UBA7,0.8911128
236,464,CD52,ZNRF2,0.8901827
236,410,CD52,SMARCA2,0.8899057
236,283,CD52,EGR1,0.88865614
236,146,CD52,SCARF1,0.8876969
236,518,CD52,PHF10,0.88765275
236,432,CD52,HDC,0.8873892
236,8,CD52,ATAD1,0.88735664
236,136,CD52,TACC3,0.88735664
236,150,CD52,SORT1,0.88735664
236,450,CD52,MAGED1,0.88735664
236,519,CD52,AGPS,0.88735664
236,524,CD52,TBC1D10C,0.88735664
236,595,CD52,CSF3R,0.88735664
236,514,CD52,PAK1,0.88725364
236,128,CD52,APLP2,0.886558
236,81,CD52,HDAC11,0.88636285
236,198,CD52,NDN,0.88577753
236,404,CD52,FTSJ3,0.8855354
236,263,CD52,JUN,0.88493776
236,194,CD52,GOLPH3,0.88492095
236,2,CD52,PPP1R15A,0.8849157
236,47,CD52,FGL2,0.8849157
236,140,CD52,ANXA3,0.8849157
236,362,CD52,PTGS1,0.8849157
236,441,CD52,EBF1,0.8849157
236,546,CD52,PROCR,0.8849157
236,622,CD52,KRT18,0.8849157
236,564,CD52,MFNG,0.8846822
236,190,CD52,RAD51,0.88434654
236,553,CD52,DHFR,0.88434654
236,367,CD52,HCFC1,0.8841508
236,251,CD52,IRF6,0.8836737
236,34,CD52,MAML3,0.8834212
236,486,CD52,NFKBIA,0.8834018
236,554,CD52,CDT1,0.8828772
236,590,CD52,IL12A,0.8825453
236,210,CD52,PNO1,0.88243943
236,232,CD52,ICAM1,0.8822787
236,440,CD52,TMEM97,0.88194716
236,177,CD52,RELB,0.8818937
151,28,CD53,NFE2,0.8983655
151,357,CD53,MEIS1,0.89649427
151,78,CD53,MECOM,0.8962374
151,137,CD53,MYCN,0.89242125
151,57,CD53,OASL2,0.89194083
151,277,CD53,RTP4,0.89194053
151,183,CD53,XAF1,0.89110327
151,200,CD53,IGTP,0.89110327
151,504,CD53,IFI44,0.89110327
151,609,CD53,UBA7,0.89106596
151,410,CD53,SMARCA2,0.8899257
151,283,CD53,EGR1,0.88864714
151,518,CD53,PHF10,0.88764507
151,0,CD53,OTUD6B,0.8873572
151,8,CD53,ATAD1,0.8873572
151,150,CD53,SORT1,0.8873572
151,396,CD53,RUVBL2,0.8873572
151,450,CD53,MAGED1,0.8873572
151,519,CD53,AGPS,0.8873572
151,524,CD53,TBC1D10C,0.8873572
151,595,CD53,CSF3R,0.8873572
151,128,CD53,APLP2,0.8873564
151,136,CD53,TACC3,0.8871388
151,514,CD53,PAK1,0.88710934
151,232,CD53,ICAM1,0.8870052
151,432,CD53,HDC,0.8865584
151,81,CD53,HDAC11,0.88636285
151,198,CD53,NDN,0.8857979
151,47,CD53,FGL2,0.88568705
151,404,CD53,FTSJ3,0.8855358
151,263,CD53,JUN,0.884927
151,2,CD53,PPP1R15A,0.8849047
151,140,CD53,ANXA3,0.8849047
151,146,CD53,SCARF1,0.8849047
151,194,CD53,GOLPH3,0.8849047
151,362,CD53,PTGS1,0.8849047
151,441,CD53,EBF1,0.8849047
151,546,CD53,PROCR,0.8849047
151,622,CD53,KRT18,0.8849047
151,564,CD53,MFNG,0.8843522
151,190,CD53,RAD51,0.8843264
151,553,CD53,DHFR,0.8842965
151,367,CD53,HCFC1,0.8840827
151,251,CD53,IRF6,0.88364166
151,34,CD53,MAML3,0.8834213
151,486,CD53,NFKBIA,0.88339585
151,590,CD53,IL12A,0.88253915
151,210,CD53,PNO1,0.8824361
151,440,CD53,TMEM97,0.8819445
151,464,CD53,ZNRF2,0.8819445
415,128,CD69,APLP2,0.9019809
415,396,CD69,RUVBL2,0.90148
415,28,CD69,NFE2,0.89906466
415,78,CD69,MECOM,0.8969401
415,357,CD69,MEIS1,0.89648134
415,57,CD69,OASL2,0.89271593
415,277,CD69,RTP4,0.89271563
415,0,CD69,OTUD6B,0.8919227
415,183,CD69,XAF1,0.89188725
415,200,CD69,IGTP,0.89184135
415,137,CD69,MYCN,0.89152485
415,504,CD69,IFI44,0.89108884
415,609,CD69,UBA7,0.89108884
415,410,CD69,SMARCA2,0.88991994
415,198,CD69,NDN,0.88881034
415,283,CD69,EGR1,0.88863266
415,518,CD69,PHF10,0.887633
415,150,CD69,SORT1,0.88754886
415,8,CD69,ATAD1,0.88753694
415,136,CD69,TACC3,0.887421
415,432,CD69,HDC,0.88734627
415,450,CD69,MAGED1,0.88734627
415,514,CD69,PAK1,0.88734627
415,524,CD69,TBC1D10C,0.88734627
415,595,CD69,CSF3R,0.88734627
415,519,CD69,AGPS,0.88724345
415,190,CD69,RAD51,0.8868459
415,263,CD69,JUN,0.88568467
415,47,CD69,FGL2,0.8856466
415,146,CD69,SCARF1,0.8856466
415,194,CD69,GOLPH3,0.8856466
415,140,CD69,ANXA3,0.88556135
415,404,CD69,FTSJ3,0.88552296
415,362,CD69,PTGS1,0.88488984
415,546,CD69,PROCR,0.88488984
415,622,CD69,KRT18,0.88488984
415,564,CD69,MFNG,0.8846874
415,251,CD69,IRF6,0.884658
415,33,CD69,CSTF2,0.88445663
415,81,CD69,HDAC11,0.8843623
415,553,CD69,DHFR,0.8843155
415,367,CD69,HCFC1,0.8841438
415,394,CD69,MAPK1,0.88383144
415,486,CD69,NFKBIA,0.8833676
415,2,CD69,PPP1R15A,0.8830766
415,554,CD69,CDT1,0.88286453
415,590,CD69,IL12A,0.882528
415,440,CD69,TMEM97,0.8819291
415,464,CD69,ZNRF2,0.8819291
415,210,CD69,PNO1,0.88185453
255,34,CD74,MAML3,0.9135627
255,81,CD74,HDAC11,0.90785784
255,292,CD74,HDAC7,0.9050418
255,209,CD74,ZBTB16,0.9031819
255,396,CD74,RUVBL2,0.89919555
255,8,CD74,ATAD1,0.899044
255,128,CD74,APLP2,0.899044
255,150,CD74,SORT1,0.899044
255,432,CD74,HDC,0.899044
255,450,CD74,MAGED1,0.899044
255,519,CD74,AGPS,0.899044
255,524,CD74,TBC1D10C,0.899044
255,595,CD74,CSF3R,0.899044
255,0,CD74,OTUD6B,0.8989208
255,136,CD74,TACC3,0.8986765
255,475,CD74,BCL2,0.8941737
255,554,CD74,CDT1,0.89406085
255,439,CD74,DDX20,0.891302
255,186,CD74,STT3B,0.888541
255,331,CD74,PIM2,0.88579184
255,410,CD74,SMARCA2,0.8838205
255,351,CD74,ERCC8,0.8824662
255,82,CD74,RB1,0.88021564
255,199,CD74,E2F4,0.875577
255,429,CD74,GFI1B,0.8754589
255,514,CD74,PAK1,0.8709863
255,161,CD74,JARID2,0.8648106
255,289,CD74,GT(ROSA)26SOR,0.85996336
255,440,CD74,TMEM97,0.85890085
255,464,CD74,ZNRF2,0.85890085
255,206,CD74,ZDHHC6,0.85837406
255,91,CD74,FCHO2,0.85237813
255,537,CD74,TXNDC11,0.85213053
255,73,CD74,RORC,0.8482391
255,402,CD74,EIF1AD,0.84730095
255,210,CD74,PNO1,0.84604234
255,611,CD74,ZEB2,0.8450576
255,534,CD74,MORC3,0.84427685
255,486,CD74,NFKBIA,0.8416488
255,50,CD74,NFAT5,0.8356126
255,33,CD74,CSTF2,0.8331967
255,404,CD74,FTSJ3,0.8331453
255,200,CD74,IGTP,0.830146
255,609,CD74,UBA7,0.82991546
255,183,CD74,XAF1,0.82989234
255,504,CD74,IFI44,0.82989234
255,363,CD74,MYC,0.81634986
255,177,CD74,RELB,0.814437
255,216,CD74,CUL3,0.8069684
255,28,CD74,NFE2,0.8045972
147,28,CD82,NFE2,0.8983655
147,78,CD82,MECOM,0.8962374
147,137,CD82,MYCN,0.89262396
147,277,CD82,RTP4,0.89194053
147,57,CD82,OASL2,0.89192724
147,183,CD82,XAF1,0.89111525
147,200,CD82,IGTP,0.89110327
147,504,CD82,IFI44,0.89110327
147,609,CD82,UBA7,0.89110327
147,410,CD82,SMARCA2,0.8899257
147,357,CD82,MEIS1,0.88881505
147,283,CD82,EGR1,0.88864714
147,0,CD82,OTUD6B,0.8874021
147,432,CD82,HDC,0.88736963
147,128,CD82,APLP2,0.8873572
147,136,CD82,TACC3,0.8873572
147,150,CD82,SORT1,0.8873572
147,396,CD82,RUVBL2,0.8873572
147,450,CD82,MAGED1,0.8873572
147,519,CD82,AGPS,0.8873572
147,524,CD82,TBC1D10C,0.8873572
147,595,CD82,CSF3R,0.8873572
147,8,CD82,ATAD1,0.8873467
147,514,CD82,PAK1,0.8872954
147,81,CD82,HDAC11,0.88636285
147,198,CD82,NDN,0.8857979
147,404,CD82,FTSJ3,0.8855358
147,33,CD82,CSTF2,0.8854538
147,362,CD82,PTGS1,0.88497007
147,263,CD82,JUN,0.884927
147,140,CD82,ANXA3,0.8849264
147,146,CD82,SCARF1,0.8849264
147,2,CD82,PPP1R15A,0.8849098
147,47,CD82,FGL2,0.8849047
147,194,CD82,GOLPH3,0.8849047
147,441,CD82,EBF1,0.8849047
147,546,CD82,PROCR,0.8849047
147,622,CD82,KRT18,0.8849047
147,564,CD82,MFNG,0.88467485
147,190,CD82,RAD51,0.8843264
147,553,CD82,DHFR,0.8843264
147,367,CD82,HCFC1,0.88415396
147,394,CD82,MAPK1,0.8838468
147,251,CD82,IRF6,0.8836629
147,34,CD82,MAML3,0.8834213
147,486,CD82,NFKBIA,0.88339585
147,554,CD82,CDT1,0.88286567
147,210,CD82,PNO1,0.8824361
147,232,CD82,ICAM1,0.88227135
147,464,CD82,ZNRF2,0.88201284
425,432,CD9,HDC,0.9018833
425,28,CD9,NFE2,0.8983572
425,357,CD9,MEIS1,0.8965332
425,78,CD9,MECOM,0.89622235
425,137,CD9,MYCN,0.89261305
425,57,CD9,OASL2,0.89193135
425,277,CD9,RTP4,0.89193106
425,183,CD9,XAF1,0.8910937
425,200,CD9,IGTP,0.8910937
425,609,CD9,UBA7,0.8910937
425,504,CD9,IFI44,0.89109015
425,410,CD9,SMARCA2,0.88981676
425,554,CD9,CDT1,0.8889975
425,283,CD9,EGR1,0.88863784
425,518,CD9,PHF10,0.8876335
425,0,CD9,OTUD6B,0.88737756
425,8,CD9,ATAD1,0.8873562
425,128,CD9,APLP2,0.8873562
425,136,CD9,TACC3,0.8873562
425,150,CD9,SORT1,0.8873562
425,450,CD9,MAGED1,0.8873562
425,514,CD9,PAK1,0.8873562
425,519,CD9,AGPS,0.8873562
425,524,CD9,TBC1D10C,0.8873562
425,595,CD9,CSF3R,0.8873562
425,396,CD9,RUVBL2,0.887265
425,64,CD9,IRF9,0.8865816
425,81,CD9,HDAC11,0.8863701
425,198,CD9,NDN,0.88577574
425,404,CD9,FTSJ3,0.8855351
425,263,CD9,JUN,0.88492244
425,47,CD9,FGL2,0.88489443
425,140,CD9,ANXA3,0.88489443
425,146,CD9,SCARF1,0.88489443
425,194,CD9,GOLPH3,0.88489443
425,362,CD9,PTGS1,0.88489443
425,441,CD9,EBF1,0.88489443
425,546,CD9,PROCR,0.88489443
425,622,CD9,KRT18,0.88489443
425,2,CD9,PPP1R15A,0.88489085
425,564,CD9,MFNG,0.88466376
425,190,CD9,RAD51,0.8843047
425,553,CD9,DHFR,0.8843047
425,367,CD9,HCFC1,0.8839473
425,394,CD9,MAPK1,0.8838364
425,251,CD9,IRF6,0.88365245
425,34,CD9,MAML3,0.8834291
425,486,CD9,NFKBIA,0.8833863
425,590,CD9,IL12A,0.88252914
425,210,CD9,PNO1,0.8824362
411,189,CDC45,MCM5,0.97203875
411,290,CDC45,POLD1,0.9717136
411,279,CDC45,AURKB,0.9705084
411,299,CDC45,ORC2,0.9704855
411,21,CDC45,RRM1,0.97010124
411,345,CDC45,UHRF1,0.96958256
411,246,CDC45,TK1,0.96890914
411,500,CDC45,MCM3,0.9688756
411,74,CDC45,TOP2A,0.9686366
411,204,CDC45,MCM2,0.96825993
411,399,CDC45,RRM2,0.9677985
411,323,CDC45,MCM4,0.9677548
411,240,CDC45,RPA2,0.9676816
411,561,CDC45,MCM7,0.96750134
411,497,CDC45,TYMS,0.967453
411,350,CDC45,MCM6,0.9674492
411,273,CDC45,FIGNL1,0.9667886
411,297,CDC45,LIG1,0.9666237
411,42,CDC45,HMGB2,0.9662849
411,610,CDC45,PRIM2,0.9657926
411,30,CDC45,PBK,0.9657232
411,478,CDC45,MKI67,0.9653899
411,102,CDC45,PRIM1,0.9653432
411,53,CDC45,ORC6,0.9652897
411,620,CDC45,TIPIN,0.9646266
411,510,CDC45,XRCC6,0.9644234
411,407,CDC45,CDC7,0.96429926
411,230,CDC45,TOP3B,0.9642589
411,414,CDC45,CENPK,0.9634376
411,68,CDC45,MIS18BP1,0.96292394
411,259,CDC45,NUP107,0.96292394
411,430,CDC45,SEH1L,0.96292394
411,226,CDC45,POLR2B,0.96236825
411,182,CDC45,RPA1,0.962142
411,266,CDC45,MSH6,0.96148527
411,361,CDC45,CCNB2,0.96144044
411,86,CDC45,RANGAP1,0.95842105
411,91,CDC45,FCHO2,0.9511707
411,537,CDC45,TXNDC11,0.9511707
411,611,CDC45,ZEB2,0.9511707
411,118,CDC45,MIS12,0.94801337
411,439,CDC45,DDX20,0.9425885
411,82,CDC45,RB1,0.9361807
411,292,CDC45,HDAC7,0.93488926
411,621,CDC45,SNRPB,0.9171894
411,534,CDC45,MORC3,0.91339356
411,206,CDC45,ZDHHC6,0.9114138
411,34,CDC45,MAML3,0.9099008
411,475,CDC45,BCL2,0.88728696
411,81,CDC45,HDAC11,0.87307596
604,519,CDC6,AGPS,0.9142078
604,28,CDC6,NFE2,0.90952826
604,357,CDC6,MEIS1,0.90789604
604,137,CDC6,MYCN,0.90754235
604,78,CDC6,MECOM,0.90541476
604,57,CDC6,OASL2,0.904817
604,277,CDC6,RTP4,0.90481657
604,183,CDC6,XAF1,0.9042896
604,200,CDC6,IGTP,0.9042896
604,504,CDC6,IFI44,0.9042896
604,609,CDC6,UBA7,0.9042896
604,410,CDC6,SMARCA2,0.9029327
604,518,CDC6,PHF10,0.9013247
604,283,CDC6,EGR1,0.9004714
604,404,CDC6,FTSJ3,0.89756215
604,33,CDC6,CSTF2,0.8973689
604,450,CDC6,MAGED1,0.89731485
604,0,CDC6,OTUD6B,0.8972354
604,8,CDC6,ATAD1,0.8972354
604,128,CDC6,APLP2,0.8972354
604,136,CDC6,TACC3,0.8972354
604,150,CDC6,SORT1,0.8972354
604,432,CDC6,HDC,0.8972354
604,514,CDC6,PAK1,0.8972354
604,524,CDC6,TBC1D10C,0.8972354
604,595,CDC6,CSF3R,0.8972354
604,367,CDC6,HCFC1,0.89672023
604,251,CDC6,IRF6,0.89621145
604,394,CDC6,MAPK1,0.8961354
604,590,CDC6,IL12A,0.8955393
604,263,CDC6,JUN,0.8954775
604,232,CDC6,ICAM1,0.8953212
604,486,CDC6,NFKBIA,0.89526063
604,210,CDC6,PNO1,0.8952028
604,81,CDC6,HDAC11,0.8946577
604,177,CDC6,RELB,0.89403605
604,564,CDC6,MFNG,0.8939945
604,440,CDC6,TMEM97,0.8938074
604,464,CDC6,ZNRF2,0.8938074
604,167,CDC6,GNG11,0.8937582
604,554,CDC6,CDT1,0.8936695
604,306,CDC6,MYCT1,0.8935613
604,622,CDC6,KRT18,0.89347136
604,2,CDC6,PPP1R15A,0.8934332
604,47,CDC6,FGL2,0.8934332
604,146,CDC6,SCARF1,0.8934332
604,441,CDC6,EBF1,0.8934332
604,546,CDC6,PROCR,0.8934332
604,140,CDC6,ANXA3,0.8933026
604,606,CDC6,ELP2,0.89250785
407,189,CDC7,MCM5,0.9719681
407,290,CDC7,POLD1,0.97038335
407,279,CDC7,AURKB,0.9702434
407,299,CDC7,ORC2,0.9702088
407,21,CDC7,RRM1,0.9698221
407,246,CDC7,TK1,0.96860784
407,500,CDC7,MCM3,0.9685743
407,74,CDC7,TOP2A,0.9683396
407,266,CDC7,MSH6,0.9679861
407,204,CDC7,MCM2,0.967901
407,345,CDC7,UHRF1,0.9675216
407,399,CDC7,RRM2,0.9674328
407,323,CDC7,MCM4,0.96738887
407,350,CDC7,MCM6,0.96732795
407,240,CDC7,RPA2,0.9673256
407,561,CDC7,MCM7,0.9671309
407,497,CDC7,TYMS,0.9670829
407,297,CDC7,LIG1,0.96623915
407,42,CDC7,HMGB2,0.96589226
407,411,CDC7,CDC45,0.9656822
407,610,CDC7,PRIM2,0.96532947
407,30,CDC7,PBK,0.96531606
407,620,CDC7,TIPIN,0.96526486
407,478,CDC7,MKI67,0.9649839
407,102,CDC7,PRIM1,0.96490055
407,182,CDC7,RPA1,0.9648846
407,53,CDC7,ORC6,0.96488434
407,230,CDC7,TOP3B,0.9642317
407,510,CDC7,XRCC6,0.9639039
407,414,CDC7,CENPK,0.9629108
407,68,CDC7,MIS18BP1,0.96268845
407,259,CDC7,NUP107,0.96268845
407,430,CDC7,SEH1L,0.96268845
407,226,CDC7,POLR2B,0.9621933
407,273,CDC7,FIGNL1,0.96195674
407,361,CDC7,CCNB2,0.9608619
407,86,CDC7,RANGAP1,0.9588848
407,91,CDC7,FCHO2,0.9512853
407,537,CDC7,TXNDC11,0.9512853
407,611,CDC7,ZEB2,0.9512853
407,118,CDC7,MIS12,0.9501708
407,439,CDC7,DDX20,0.94293225
407,82,CDC7,RB1,0.9365754
407,292,CDC7,HDAC7,0.9354925
407,621,CDC7,SNRPB,0.919643
407,534,CDC7,MORC3,0.9136636
407,206,CDC7,ZDHHC6,0.9122675
407,34,CDC7,MAML3,0.9103852
407,475,CDC7,BCL2,0.88807684
407,81,CDC7,HDAC11,0.8736311
565,28,CDCA4,NFE2,0.8983655
565,357,CDCA4,MEIS1,0.89649427
565,78,CDCA4,MECOM,0.8962374
565,137,CDCA4,MYCN,0.89262396
565,564,CDCA4,MFNG,0.8923421
565,57,CDCA4,OASL2,0.89194083
565,277,CDCA4,RTP4,0.89194053
565,183,CDCA4,XAF1,0.89110327
565,200,CDCA4,IGTP,0.89110327
565,504,CDCA4,IFI44,0.89110327
565,609,CDCA4,UBA7,0.89110327
565,410,CDCA4,SMARCA2,0.8899257
565,283,CDCA4,EGR1,0.8889533
565,518,CDCA4,PHF10,0.88764507
565,450,CDCA4,MAGED1,0.8874008
565,136,CDCA4,TACC3,0.8873598
565,0,CDCA4,OTUD6B,0.8873572
565,8,CDCA4,ATAD1,0.8873572
565,128,CDCA4,APLP2,0.8873572
565,150,CDCA4,SORT1,0.8873572
565,396,CDCA4,RUVBL2,0.8873572
565,514,CDCA4,PAK1,0.8873572
565,519,CDCA4,AGPS,0.8873572
565,595,CDCA4,CSF3R,0.8873572
565,432,CDCA4,HDC,0.8873564
565,81,CDCA4,HDAC11,0.88636285
565,33,CDCA4,CSTF2,0.8854538
565,263,CDCA4,JUN,0.884927
565,2,CDCA4,PPP1R15A,0.8849047
565,140,CDCA4,ANXA3,0.8849047
565,146,CDCA4,SCARF1,0.8849047
565,194,CDCA4,GOLPH3,0.8849047
565,362,CDCA4,PTGS1,0.8849047
565,441,CDCA4,EBF1,0.8849047
565,546,CDCA4,PROCR,0.8849047
565,622,CDCA4,KRT18,0.8849047
565,47,CDCA4,FGL2,0.8848808
565,190,CDCA4,RAD51,0.8843287
565,553,CDCA4,DHFR,0.884166
565,367,CDCA4,HCFC1,0.88415396
565,394,CDCA4,MAPK1,0.88385063
565,524,CDCA4,TBC1D10C,0.8838291
565,251,CDCA4,IRF6,0.8836629
565,34,CDCA4,MAML3,0.8834213
565,486,CDCA4,NFKBIA,0.88339585
565,590,CDCA4,IL12A,0.88253915
565,210,CDCA4,PNO1,0.8824361
565,232,CDCA4,ICAM1,0.88227135
565,554,CDCA4,CDT1,0.8820766
565,440,CDCA4,TMEM97,0.8819445
23,410,CDCA8,SMARCA2,0.8840214
23,28,CDCA8,NFE2,0.88266
23,357,CDCA8,MEIS1,0.8807794
23,0,CDCA8,OTUD6B,0.87916875
23,128,CDCA8,APLP2,0.8791
23,136,CDCA8,TACC3,0.8791
23,150,CDCA8,SORT1,0.8791
23,396,CDCA8,RUVBL2,0.8791
23,432,CDCA8,HDC,0.8791
23,450,CDCA8,MAGED1,0.8791
23,514,CDCA8,PAK1,0.8791
23,519,CDCA8,AGPS,0.8791
23,524,CDCA8,TBC1D10C,0.8791
23,8,CDCA8,ATAD1,0.8789622
23,595,CDCA8,CSF3R,0.8789622
23,404,CDCA8,FTSJ3,0.87744045
23,137,CDCA8,MYCN,0.876909
23,81,CDCA8,HDAC11,0.87494975
23,183,CDCA8,XAF1,0.8745376
23,200,CDCA8,IGTP,0.87437195
23,504,CDCA8,IFI44,0.87437195
23,609,CDCA8,UBA7,0.87437195
23,57,CDCA8,OASL2,0.8741784
23,277,CDCA8,RTP4,0.8741783
23,439,CDCA8,DDX20,0.87388295
23,33,CDCA8,CSTF2,0.87315226
23,554,CDCA8,CDT1,0.8724668
23,486,CDCA8,NFKBIA,0.87227404
23,440,CDCA8,TMEM97,0.8722471
23,464,CDCA8,ZNRF2,0.8722471
23,210,CDCA8,PNO1,0.8715053
23,34,CDCA8,MAML3,0.8713579
23,283,CDCA8,EGR1,0.87003636
23,518,CDCA8,PHF10,0.86991334
23,177,CDCA8,RELB,0.8684865
23,367,CDCA8,HCFC1,0.86844563
23,161,CDCA8,JARID2,0.86833847
23,564,CDCA8,MFNG,0.8671295
23,190,CDCA8,RAD51,0.86626714
23,553,CDCA8,DHFR,0.86621135
23,198,CDCA8,NDN,0.86545473
23,255,CDCA8,CD74,0.86539656
23,289,CDCA8,GT(ROSA)26SOR,0.865131
23,146,CDCA8,SCARF1,0.86510587
23,2,CDCA8,PPP1R15A,0.8650242
23,47,CDCA8,FGL2,0.8650242
23,140,CDCA8,ANXA3,0.8650242
23,194,CDCA8,GOLPH3,0.8650242
23,362,CDCA8,PTGS1,0.8650242
23,441,CDCA8,EBF1,0.8650242
554,34,CDT1,MAML3,0.9271444
554,81,CDT1,HDAC11,0.9233938
554,8,CDT1,ATAD1,0.91667885
554,209,CDT1,ZBTB16,0.9165974
554,292,CDT1,HDAC7,0.9160068
554,475,CDT1,BCL2,0.9109722
554,0,CDT1,OTUD6B,0.9105951
554,128,CDT1,APLP2,0.9105951
554,396,CDT1,RUVBL2,0.9105951
554,432,CDT1,HDC,0.9105951
554,450,CDT1,MAGED1,0.9105951
554,514,CDT1,PAK1,0.9105951
554,519,CDT1,AGPS,0.9105951
554,136,CDT1,TACC3,0.910543
554,524,CDT1,TBC1D10C,0.9104233
554,150,CDT1,SORT1,0.9104179
554,404,CDT1,FTSJ3,0.9087889
554,186,CDT1,STT3B,0.908664
554,351,CDT1,ERCC8,0.90484166
554,439,CDT1,DDX20,0.90466815
554,331,CDT1,PIM2,0.90218365
554,410,CDT1,SMARCA2,0.9001026
554,82,CDT1,RB1,0.89716446
554,199,CDT1,E2F4,0.8964504
554,429,CDT1,GFI1B,0.89174503
554,57,CDT1,OASL2,0.88383305
554,289,CDT1,GT(ROSA)26SOR,0.8783006
554,255,CDT1,CD74,0.87820363
554,226,CDT1,POLR2B,0.8775764
554,206,CDT1,ZDHHC6,0.8738382
554,464,CDT1,ZNRF2,0.87364304
554,440,CDT1,TMEM97,0.87342787
554,595,CDT1,CSF3R,0.8731354
554,161,CDT1,JARID2,0.87179077
554,534,CDT1,MORC3,0.8708886
554,537,CDT1,TXNDC11,0.86781675
554,611,CDT1,ZEB2,0.8676198
554,91,CDT1,FCHO2,0.8675472
554,73,CDT1,RORC,0.86508954
554,486,CDT1,NFKBIA,0.86286575
554,210,CDT1,PNO1,0.8618392
554,402,CDT1,EIF1AD,0.8608569
554,50,CDT1,NFAT5,0.8589916
554,183,CDT1,XAF1,0.85744435
554,200,CDT1,IGTP,0.85715306
554,504,CDT1,IFI44,0.85715306
554,609,CDT1,UBA7,0.85715306
554,33,CDT1,CSTF2,0.84974194
554,363,CDT1,MYC,0.8370621
554,177,CDT1,RELB,0.8358328
414,189,CENPK,MCM5,0.9572758
414,299,CENPK,ORC2,0.9569233
414,279,CENPK,AURKB,0.95561713
414,21,CENPK,RRM1,0.95532376
414,74,CENPK,TOP2A,0.9543612
414,246,CENPK,TK1,0.95296824
414,345,CENPK,UHRF1,0.9529518
414,290,CENPK,POLD1,0.95280904
414,500,CENPK,MCM3,0.95211583
414,204,CENPK,MCM2,0.9502845
414,323,CENPK,MCM4,0.9502739
414,497,CENPK,TYMS,0.9502496
414,399,CENPK,RRM2,0.949988
414,226,CENPK,POLR2B,0.9497156
414,561,CENPK,MCM7,0.9496227
414,439,CENPK,DDX20,0.94956017
414,182,CENPK,RPA1,0.94912404
414,297,CENPK,LIG1,0.94869167
414,350,CENPK,MCM6,0.94866747
414,91,CENPK,FCHO2,0.9486608
414,537,CENPK,TXNDC11,0.9486608
414,611,CENPK,ZEB2,0.9486608
414,273,CENPK,FIGNL1,0.94818425
414,42,CENPK,HMGB2,0.9469306
414,53,CENPK,ORC6,0.9468143
414,411,CENPK,CDC45,0.9466931
414,86,CENPK,RANGAP1,0.94645303
414,478,CENPK,MKI67,0.9462205
414,102,CENPK,PRIM1,0.9455622
414,30,CENPK,PBK,0.9455008
414,610,CENPK,PRIM2,0.9451732
414,292,CENPK,HDAC7,0.94481117
414,620,CENPK,TIPIN,0.9447619
414,407,CENPK,CDC7,0.94419205
414,240,CENPK,RPA2,0.9432888
414,82,CENPK,RB1,0.9429865
414,510,CENPK,XRCC6,0.9409612
414,230,CENPK,TOP3B,0.9404251
414,118,CENPK,MIS12,0.93922603
414,361,CENPK,CCNB2,0.9368577
414,266,CENPK,MSH6,0.93513
414,68,CENPK,MIS18BP1,0.93447614
414,259,CENPK,NUP107,0.93447614
414,430,CENPK,SEH1L,0.93447614
414,621,CENPK,SNRPB,0.93385977
414,34,CENPK,MAML3,0.9259185
414,206,CENPK,ZDHHC6,0.9245442
414,534,CENPK,MORC3,0.9146025
414,475,CENPK,BCL2,0.90947574
414,209,CENPK,ZBTB16,0.89185816
20,28,CERK,NFE2,0.8983655
20,357,CERK,MEIS1,0.89649427
20,137,CERK,MYCN,0.89262396
20,57,CERK,OASL2,0.89194083
20,277,CERK,RTP4,0.89194053
20,183,CERK,XAF1,0.89118713
20,200,CERK,IGTP,0.89110327
20,504,CERK,IFI44,0.89110327
20,609,CERK,UBA7,0.89110327
20,410,CERK,SMARCA2,0.8899257
20,283,CERK,EGR1,0.8889533
20,0,CERK,OTUD6B,0.88738984
20,128,CERK,APLP2,0.8873572
20,136,CERK,TACC3,0.8873572
20,150,CERK,SORT1,0.8873572
20,396,CERK,RUVBL2,0.8873572
20,432,CERK,HDC,0.8873572
20,450,CERK,MAGED1,0.8873572
20,514,CERK,PAK1,0.8873572
20,519,CERK,AGPS,0.8873572
20,524,CERK,TBC1D10C,0.8873572
20,518,CERK,PHF10,0.8872957
20,8,CERK,ATAD1,0.8872543
20,595,CERK,CSF3R,0.887242
20,81,CERK,HDAC11,0.88636285
20,198,CERK,NDN,0.8857979
20,404,CERK,FTSJ3,0.8855358
20,33,CERK,CSTF2,0.8854538
20,146,CERK,SCARF1,0.88497376
20,263,CERK,JUN,0.884927
20,2,CERK,PPP1R15A,0.8849047
20,47,CERK,FGL2,0.8849047
20,140,CERK,ANXA3,0.8849047
20,194,CERK,GOLPH3,0.8849047
20,362,CERK,PTGS1,0.8849047
20,441,CERK,EBF1,0.8849047
20,546,CERK,PROCR,0.8849047
20,622,CERK,KRT18,0.8849047
20,564,CERK,MFNG,0.88476443
20,190,CERK,RAD51,0.8843264
20,553,CERK,DHFR,0.8843168
20,367,CERK,HCFC1,0.88415396
20,394,CERK,MAPK1,0.8838468
20,251,CERK,IRF6,0.8836629
20,34,CERK,MAML3,0.8834087
20,486,CERK,NFKBIA,0.8833867
20,554,CERK,CDT1,0.88287765
20,210,CERK,PNO1,0.8824361
20,232,CERK,ICAM1,0.88227135
20,440,CERK,TMEM97,0.8819445
330,28,CERS4,NFE2,0.8983655
330,78,CERS4,MECOM,0.89782435
330,357,CERS4,MEIS1,0.89648074
330,81,CERS4,HDAC11,0.8953806
330,137,CERS4,MYCN,0.89262396
330,57,CERS4,OASL2,0.89197475
330,277,CERS4,RTP4,0.89194053
330,200,CERS4,IGTP,0.89110327
330,504,CERS4,IFI44,0.89110327
330,609,CERS4,UBA7,0.89110327
330,183,CERS4,XAF1,0.89103085
330,410,CERS4,SMARCA2,0.88990325
330,73,CERS4,RORC,0.88936245
330,283,CERS4,EGR1,0.88864714
330,518,CERS4,PHF10,0.88764507
330,362,CERS4,PTGS1,0.8876097
330,0,CERS4,OTUD6B,0.8874749
330,8,CERS4,ATAD1,0.8873572
330,128,CERS4,APLP2,0.8873572
330,136,CERS4,TACC3,0.8873572
330,150,CERS4,SORT1,0.8873572
330,396,CERS4,RUVBL2,0.8873572
330,450,CERS4,MAGED1,0.8873572
330,519,CERS4,AGPS,0.8873572
330,595,CERS4,CSF3R,0.8873572
330,524,CERS4,TBC1D10C,0.8872543
330,198,CERS4,NDN,0.8857979
330,404,CERS4,FTSJ3,0.8855076
330,33,CERS4,CSTF2,0.8854538
330,140,CERS4,ANXA3,0.88500047
330,47,CERS4,FGL2,0.88494617
330,263,CERS4,JUN,0.884927
330,2,CERS4,PPP1R15A,0.8849047
330,194,CERS4,GOLPH3,0.8849047
330,441,CERS4,EBF1,0.8849047
330,546,CERS4,PROCR,0.8849047
330,622,CERS4,KRT18,0.8849047
330,564,CERS4,MFNG,0.88467485
330,190,CERS4,RAD51,0.8843264
330,553,CERS4,DHFR,0.8843264
330,367,CERS4,HCFC1,0.88415396
330,394,CERS4,MAPK1,0.8838468
330,251,CERS4,IRF6,0.8836536
330,34,CERS4,MAML3,0.8834213
330,486,CERS4,NFKBIA,0.88339585
330,554,CERS4,CDT1,0.88287765
330,590,CERS4,IL12A,0.88253915
330,210,CERS4,PNO1,0.8824361
330,232,CERS4,ICAM1,0.88227135
330,440,CERS4,TMEM97,0.8819445
382,28,CFP,NFE2,0.89838856
382,357,CFP,MEIS1,0.8965181
382,78,CFP,MECOM,0.89626575
382,137,CFP,MYCN,0.89264584
382,57,CFP,OASL2,0.8919668
382,277,CFP,RTP4,0.8919665
382,200,CFP,IGTP,0.8911302
382,504,CFP,IFI44,0.8911302
382,609,CFP,UBA7,0.8911302
382,410,CFP,SMARCA2,0.88992393
382,554,CFP,CDT1,0.8895008
382,283,CFP,EGR1,0.88867307
382,518,CFP,PHF10,0.88766664
382,519,CFP,AGPS,0.8873959
382,0,CFP,OTUD6B,0.8873776
382,8,CFP,ATAD1,0.8873776
382,128,CFP,APLP2,0.8873776
382,396,CFP,RUVBL2,0.8873776
382,432,CFP,HDC,0.8873776
382,450,CFP,MAGED1,0.8873776
382,514,CFP,PAK1,0.8873776
382,524,CFP,TBC1D10C,0.8873776
382,595,CFP,CSF3R,0.8873776
382,150,CFP,SORT1,0.8873681
382,136,CFP,TACC3,0.8873035
382,33,CFP,CSTF2,0.88638365
382,81,CFP,HDAC11,0.88636726
382,198,CFP,NDN,0.8859046
382,404,CFP,FTSJ3,0.88556534
382,263,CFP,JUN,0.8849589
382,2,CFP,PPP1R15A,0.88493514
382,47,CFP,FGL2,0.88493514
382,140,CFP,ANXA3,0.88493514
382,146,CFP,SCARF1,0.88493514
382,194,CFP,GOLPH3,0.88493514
382,362,CFP,PTGS1,0.88493514
382,441,CFP,EBF1,0.88493514
382,546,CFP,PROCR,0.88493514
382,622,CFP,KRT18,0.88493514
382,564,CFP,MFNG,0.8847793
382,190,CFP,RAD51,0.88433594
382,553,CFP,DHFR,0.88433594
382,367,CFP,HCFC1,0.88417333
382,251,CFP,IRF6,0.8836947
382,34,CFP,MAML3,0.8834645
382,486,CFP,NFKBIA,0.8834117
382,590,CFP,IL12A,0.88255644
382,210,CFP,PNO1,0.882453
382,232,CFP,ICAM1,0.8822921
382,440,CFP,TMEM97,0.88198197
594,396,CHORDC1,RUVBL2,0.9019733
594,28,CHORDC1,NFE2,0.8983655
594,357,CHORDC1,MEIS1,0.89649427
594,78,CHORDC1,MECOM,0.8962374
594,137,CHORDC1,MYCN,0.89262396
594,277,CHORDC1,RTP4,0.89194053
594,200,CHORDC1,IGTP,0.89113456
594,183,CHORDC1,XAF1,0.89110327
594,504,CHORDC1,IFI44,0.89110327
594,609,CHORDC1,UBA7,0.89110327
594,410,CHORDC1,SMARCA2,0.8899257
594,283,CHORDC1,EGR1,0.88864714
594,518,CHORDC1,PHF10,0.88764507
594,0,CHORDC1,OTUD6B,0.8873572
594,8,CHORDC1,ATAD1,0.8873572
594,128,CHORDC1,APLP2,0.8873572
594,136,CHORDC1,TACC3,0.8873572
594,150,CHORDC1,SORT1,0.8873572
594,432,CHORDC1,HDC,0.8873572
594,450,CHORDC1,MAGED1,0.8873572
594,514,CHORDC1,PAK1,0.8873572
594,519,CHORDC1,AGPS,0.8873572
594,524,CHORDC1,TBC1D10C,0.8873572
594,595,CHORDC1,CSF3R,0.8873572
594,81,CHORDC1,HDAC11,0.88636285
594,564,CHORDC1,MFNG,0.8855843
594,404,CHORDC1,FTSJ3,0.8855358
594,33,CHORDC1,CSTF2,0.8854538
594,146,CHORDC1,SCARF1,0.88500655
594,263,CHORDC1,JUN,0.884927
594,2,CHORDC1,PPP1R15A,0.8849047
594,47,CHORDC1,FGL2,0.8849047
594,140,CHORDC1,ANXA3,0.8849047
594,362,CHORDC1,PTGS1,0.8849047
594,441,CHORDC1,EBF1,0.8849047
594,546,CHORDC1,PROCR,0.8849047
594,622,CHORDC1,KRT18,0.8849047
594,194,CHORDC1,GOLPH3,0.8848913
594,553,CHORDC1,DHFR,0.8843902
594,190,CHORDC1,RAD51,0.8843264
594,367,CHORDC1,HCFC1,0.88415396
594,34,CHORDC1,MAML3,0.8836959
594,251,CHORDC1,IRF6,0.8836629
594,486,CHORDC1,NFKBIA,0.88339585
594,554,CHORDC1,CDT1,0.88287765
594,590,CHORDC1,IL12A,0.88253915
594,210,CHORDC1,PNO1,0.8824361
594,232,CHORDC1,ICAM1,0.8823351
594,440,CHORDC1,TMEM97,0.8819178
594,177,CHORDC1,RELB,0.8818608
227,34,CHRNB1,MAML3,0.9263805
227,81,CHRNB1,HDAC11,0.9234053
227,0,CHRNB1,OTUD6B,0.92281723
227,554,CHRNB1,CDT1,0.92227787
227,209,CHRNB1,ZBTB16,0.9218444
227,404,CHRNB1,FTSJ3,0.9213616
227,331,CHRNB1,PIM2,0.9203633
227,292,CHRNB1,HDAC7,0.9182833
227,396,CHRNB1,RUVBL2,0.91825247
227,128,CHRNB1,APLP2,0.91817135
227,432,CHRNB1,HDC,0.91817135
227,514,CHRNB1,PAK1,0.91817135
227,519,CHRNB1,AGPS,0.91817135
227,524,CHRNB1,TBC1D10C,0.91817135
227,595,CHRNB1,CSF3R,0.91817135
227,150,CHRNB1,SORT1,0.91817075
227,410,CHRNB1,SMARCA2,0.91610074
227,199,CHRNB1,E2F4,0.91511995
227,475,CHRNB1,BCL2,0.91393894
227,351,CHRNB1,ERCC8,0.91303205
227,186,CHRNB1,STT3B,0.9122336
227,429,CHRNB1,GFI1B,0.91064095
227,82,CHRNB1,RB1,0.9105978
227,450,CHRNB1,MAGED1,0.90857977
227,136,CHRNB1,TACC3,0.90857905
227,439,CHRNB1,DDX20,0.90851957
227,161,CHRNB1,JARID2,0.9028286
227,8,CHRNB1,ATAD1,0.90235364
227,504,CHRNB1,IFI44,0.9011318
227,609,CHRNB1,UBA7,0.9011318
227,200,CHRNB1,IGTP,0.90089595
227,255,CHRNB1,CD74,0.8989646
227,289,CHRNB1,GT(ROSA)26SOR,0.8985922
227,183,CHRNB1,XAF1,0.89685357
227,440,CHRNB1,TMEM97,0.8948003
227,464,CHRNB1,ZNRF2,0.8948003
227,137,CHRNB1,MYCN,0.8894164
227,210,CHRNB1,PNO1,0.8880731
227,73,CHRNB1,RORC,0.886739
227,486,CHRNB1,NFKBIA,0.88661456
227,50,CHRNB1,NFAT5,0.88187414
227,206,CHRNB1,ZDHHC6,0.88094807
227,402,CHRNB1,EIF1AD,0.87821555
227,33,CHRNB1,CSTF2,0.8748157
227,590,CHRNB1,IL12A,0.87177366
227,537,CHRNB1,TXNDC11,0.8709293
227,363,CHRNB1,MYC,0.87047946
227,611,CHRNB1,ZEB2,0.868416
227,91,CHRNB1,FCHO2,0.865528
227,216,CHRNB1,CUL3,0.86531377
208,410,CISH,SMARCA2,0.91729957
208,554,CISH,CDT1,0.9161758
208,524,CISH,TBC1D10C,0.91310143
208,396,CISH,RUVBL2,0.91309893
208,0,CISH,OTUD6B,0.913038
208,128,CISH,APLP2,0.913038
208,136,CISH,TACC3,0.913038
208,150,CISH,SORT1,0.913038
208,432,CISH,HDC,0.913038
208,450,CISH,MAGED1,0.913038
208,514,CISH,PAK1,0.913038
208,519,CISH,AGPS,0.913038
208,595,CISH,CSF3R,0.913038
208,8,CISH,ATAD1,0.91274375
208,81,CISH,HDAC11,0.9121355
208,429,CISH,GFI1B,0.9108753
208,199,CISH,E2F4,0.9089751
208,161,CISH,JARID2,0.9067636
208,404,CISH,FTSJ3,0.90561986
208,183,CISH,XAF1,0.90545833
208,504,CISH,IFI44,0.90545833
208,609,CISH,UBA7,0.9053891
208,331,CISH,PIM2,0.9036309
208,34,CISH,MAML3,0.90231335
208,440,CISH,TMEM97,0.9016808
208,464,CISH,ZNRF2,0.9016808
208,289,CISH,GT(ROSA)26SOR,0.9008255
208,255,CISH,CD74,0.9007879
208,137,CISH,MYCN,0.9000634
208,73,CISH,RORC,0.89989406
208,209,CISH,ZBTB16,0.89788806
208,210,CISH,PNO1,0.89664346
208,200,CISH,IGTP,0.8934157
208,50,CISH,NFAT5,0.8917613
208,351,CISH,ERCC8,0.89160514
208,78,CISH,MECOM,0.8905897
208,292,CISH,HDAC7,0.8891399
208,177,CISH,RELB,0.88774616
208,33,CISH,CSTF2,0.88561714
208,486,CISH,NFKBIA,0.8848644
208,475,CISH,BCL2,0.8841157
208,67,CISH,HDAC2,0.88355637
208,357,CISH,MEIS1,0.8831294
208,367,CISH,HCFC1,0.88309455
208,580,CISH,MLLT3,0.8825451
208,318,CISH,GANAB,0.88237196
208,590,CISH,IL12A,0.88214827
208,28,CISH,NFE2,0.8817782
208,186,CISH,STT3B,0.88147074
208,263,CISH,JUN,0.8812848
434,404,CKAP5,FTSJ3,0.92645735
434,410,CKAP5,SMARCA2,0.9250838
434,554,CKAP5,CDT1,0.9248422
434,199,CKAP5,E2F4,0.9215901
434,81,CKAP5,HDAC11,0.9205633
434,524,CKAP5,TBC1D10C,0.9196953
434,429,CKAP5,GFI1B,0.91966546
434,136,CKAP5,TACC3,0.919177
434,514,CKAP5,PAK1,0.9191603
434,0,CKAP5,OTUD6B,0.9191015
434,8,CKAP5,ATAD1,0.9191015
434,128,CKAP5,APLP2,0.9191015
434,150,CKAP5,SORT1,0.9191015
434,396,CKAP5,RUVBL2,0.9191015
434,432,CKAP5,HDC,0.9191015
434,450,CKAP5,MAGED1,0.9191015
434,519,CKAP5,AGPS,0.9191015
434,440,CKAP5,TMEM97,0.9172281
434,609,CKAP5,UBA7,0.91676944
434,595,CKAP5,CSF3R,0.9164646
434,161,CKAP5,JARID2,0.9160832
434,210,CKAP5,PNO1,0.91492283
434,289,CKAP5,GT(ROSA)26SOR,0.9143317
434,255,CKAP5,CD74,0.914313
434,183,CKAP5,XAF1,0.91256326
434,200,CKAP5,IGTP,0.91256326
434,331,CKAP5,PIM2,0.91237456
434,73,CKAP5,RORC,0.9109954
434,464,CKAP5,ZNRF2,0.91085714
434,34,CKAP5,MAML3,0.9097515
434,351,CKAP5,ERCC8,0.9065448
434,209,CKAP5,ZBTB16,0.90570694
434,402,CKAP5,EIF1AD,0.9036869
434,486,CKAP5,NFKBIA,0.9035673
434,50,CKAP5,NFAT5,0.9027992
434,590,CKAP5,IL12A,0.9027765
434,33,CKAP5,CSTF2,0.8983875
434,475,CKAP5,BCL2,0.8972524
434,580,CKAP5,MLLT3,0.8968627
434,292,CKAP5,HDAC7,0.8959851
434,67,CKAP5,HDAC2,0.8959429
434,186,CKAP5,STT3B,0.89527386
434,137,CKAP5,MYCN,0.89419895
434,177,CKAP5,RELB,0.89408857
434,277,CKAP5,RTP4,0.89254403
434,57,CKAP5,OASL2,0.89254117
434,318,CKAP5,GANAB,0.8924211
434,78,CKAP5,MECOM,0.8907467
434,357,CKAP5,MEIS1,0.8896985
434,363,CKAP5,MYC,0.8896078
491,8,CLEC12A,ATAD1,0.9014369
491,28,CLEC12A,NFE2,0.89828455
491,357,CLEC12A,MEIS1,0.89640844
491,78,CLEC12A,MECOM,0.8961458
491,504,CLEC12A,IFI44,0.89321357
491,137,CLEC12A,MYCN,0.8926041
491,57,CLEC12A,OASL2,0.8918475
491,277,CLEC12A,RTP4,0.89184725
491,183,CLEC12A,XAF1,0.89100724
491,200,CLEC12A,IGTP,0.89100724
491,609,CLEC12A,UBA7,0.89100724
491,283,CLEC12A,EGR1,0.8885548
491,518,CLEC12A,PHF10,0.88762146
491,0,CLEC12A,OTUD6B,0.88737124
491,128,CLEC12A,APLP2,0.88737124
491,136,CLEC12A,TACC3,0.88737124
491,150,CLEC12A,SORT1,0.88737124
491,432,CLEC12A,HDC,0.88737124
491,450,CLEC12A,MAGED1,0.88737124
491,514,CLEC12A,PAK1,0.88737124
491,524,CLEC12A,TBC1D10C,0.88737124
491,519,CLEC12A,AGPS,0.8865915
491,81,CLEC12A,HDAC11,0.88625544
491,198,CLEC12A,NDN,0.8856233
491,404,CLEC12A,FTSJ3,0.88556224
491,33,CLEC12A,CSTF2,0.8854442
491,2,CLEC12A,PPP1R15A,0.88490206
491,47,CLEC12A,FGL2,0.88490206
491,410,CLEC12A,SMARCA2,0.8848595
491,263,CLEC12A,JUN,0.8848253
491,140,CLEC12A,ANXA3,0.88480616
491,146,CLEC12A,SCARF1,0.88480616
491,194,CLEC12A,GOLPH3,0.88480616
491,362,CLEC12A,PTGS1,0.88480616
491,441,CLEC12A,EBF1,0.88480616
491,546,CLEC12A,PROCR,0.88480616
491,622,CLEC12A,KRT18,0.88480616
491,564,CLEC12A,MFNG,0.88465244
491,190,CLEC12A,RAD51,0.8841563
491,553,CLEC12A,DHFR,0.8841563
491,367,CLEC12A,HCFC1,0.8841357
491,595,CLEC12A,CSF3R,0.88381827
491,394,CLEC12A,MAPK1,0.88374627
491,251,CLEC12A,IRF6,0.88356245
491,34,CLEC12A,MAML3,0.8835306
491,486,CLEC12A,NFKBIA,0.88323003
491,554,CLEC12A,CDT1,0.8828961
491,590,CLEC12A,IL12A,0.8825177
491,210,CLEC12A,PNO1,0.88249815
491,232,CLEC12A,ICAM1,0.88226026
285,150,CLN5,SORT1,0.901884
285,8,CLN5,ATAD1,0.90184134
285,28,CLN5,NFE2,0.8983655
285,357,CLN5,MEIS1,0.89649427
285,78,CLN5,MECOM,0.8962374
285,504,CLN5,IFI44,0.89314204
285,137,CLN5,MYCN,0.8924237
285,277,CLN5,RTP4,0.89194053
285,183,CLN5,XAF1,0.89110327
285,200,CLN5,IGTP,0.89110327
285,609,CLN5,UBA7,0.89110327
285,410,CLN5,SMARCA2,0.8899257
285,283,CLN5,EGR1,0.8886869
285,57,CLN5,OASL2,0.8882231
285,518,CLN5,PHF10,0.88764507
285,514,CLN5,PAK1,0.8874228
285,432,CLN5,HDC,0.8874134
285,0,CLN5,OTUD6B,0.8873572
285,136,CLN5,TACC3,0.8873572
285,450,CLN5,MAGED1,0.8873572
285,524,CLN5,TBC1D10C,0.8873572
285,595,CLN5,CSF3R,0.8873572
285,519,CLN5,AGPS,0.887253
285,128,CLN5,APLP2,0.8865584
285,81,CLN5,HDAC11,0.8864268
285,198,CLN5,NDN,0.8857979
285,404,CLN5,FTSJ3,0.8855358
285,33,CLN5,CSTF2,0.8854538
285,140,CLN5,ANXA3,0.88500047
285,622,CLN5,KRT18,0.8849424
285,263,CLN5,JUN,0.884927
285,2,CLN5,PPP1R15A,0.8849047
285,47,CLN5,FGL2,0.8849047
285,146,CLN5,SCARF1,0.8849047
285,194,CLN5,GOLPH3,0.8849047
285,362,CLN5,PTGS1,0.8849047
285,546,CLN5,PROCR,0.8849047
285,441,CLN5,EBF1,0.88477767
285,564,CLN5,MFNG,0.884665
285,190,CLN5,RAD51,0.8843264
285,553,CLN5,DHFR,0.8843264
285,367,CLN5,HCFC1,0.88415396
285,394,CLN5,MAPK1,0.8838468
285,251,CLN5,IRF6,0.8836629
285,34,CLN5,MAML3,0.8834396
285,486,CLN5,NFKBIA,0.88339585
285,554,CLN5,CDT1,0.88287765
285,210,CLN5,PNO1,0.8824361
285,232,CLN5,ICAM1,0.88227135
285,440,CLN5,TMEM97,0.8819445
317,81,CLPTM1L,HDAC11,0.9053669
317,410,CLPTM1L,SMARCA2,0.90494984
317,34,CLPTM1L,MAML3,0.90444607
317,0,CLPTM1L,OTUD6B,0.90332067
317,8,CLPTM1L,ATAD1,0.90332067
317,128,CLPTM1L,APLP2,0.90332067
317,396,CLPTM1L,RUVBL2,0.90332067
317,432,CLPTM1L,HDC,0.90332067
317,450,CLPTM1L,MAGED1,0.90332067
317,514,CLPTM1L,PAK1,0.90332067
317,519,CLPTM1L,AGPS,0.90332067
317,524,CLPTM1L,TBC1D10C,0.90332067
317,595,CLPTM1L,CSF3R,0.90332067
317,150,CLPTM1L,SORT1,0.90331453
317,210,CLPTM1L,PNO1,0.90238017
317,554,CLPTM1L,CDT1,0.9013864
317,367,CLPTM1L,HCFC1,0.9009433
317,28,CLPTM1L,NFE2,0.90083975
317,440,CLPTM1L,TMEM97,0.90034163
317,464,CLPTM1L,ZNRF2,0.90034163
317,33,CLPTM1L,CSTF2,0.8998515
317,518,CLPTM1L,PHF10,0.8994492
317,137,CLPTM1L,MYCN,0.89934826
317,357,CLPTM1L,MEIS1,0.89886874
317,429,CLPTM1L,GFI1B,0.8987865
317,78,CLPTM1L,MECOM,0.8985772
317,136,CLPTM1L,TACC3,0.8972522
317,161,CLPTM1L,JARID2,0.8963644
317,177,CLPTM1L,RELB,0.8951564
317,57,CLPTM1L,OASL2,0.8946753
317,277,CLPTM1L,RTP4,0.8946749
317,488,CLPTM1L,FGFR1OP,0.89461213
317,199,CLPTM1L,E2F4,0.89458704
317,564,CLPTM1L,MFNG,0.89457273
317,73,CLPTM1L,RORC,0.89437056
317,292,CLPTM1L,HDAC7,0.89399004
317,331,CLPTM1L,PIM2,0.89370567
317,200,CLPTM1L,IGTP,0.8926335
317,486,CLPTM1L,NFKBIA,0.89257497
317,183,CLPTM1L,XAF1,0.89236355
317,504,CLPTM1L,IFI44,0.89236355
317,609,CLPTM1L,UBA7,0.89236355
317,347,CLPTM1L,RNF4,0.8920754
317,318,CLPTM1L,GANAB,0.89171356
317,255,CLPTM1L,CD74,0.8912999
317,289,CLPTM1L,GT(ROSA)26SOR,0.8912999
317,67,CLPTM1L,HDAC2,0.8894111
317,232,CLPTM1L,ICAM1,0.889177
317,209,CLPTM1L,ZBTB16,0.88912
317,146,CLPTM1L,SCARF1,0.88860303
179,410,CNIH1,SMARCA2,0.9085394
179,150,CNIH1,SORT1,0.90792227
179,81,CNIH1,HDAC11,0.9073703
179,554,CNIH1,CDT1,0.9046022
179,34,CNIH1,MAML3,0.90426844
179,128,CNIH1,APLP2,0.9041819
179,136,CNIH1,TACC3,0.9041819
179,450,CNIH1,MAGED1,0.9041819
179,514,CNIH1,PAK1,0.9041819
179,519,CNIH1,AGPS,0.9041819
179,524,CNIH1,TBC1D10C,0.9041819
179,595,CNIH1,CSF3R,0.9041819
179,8,CNIH1,ATAD1,0.90410596
179,432,CNIH1,HDC,0.90410596
179,404,CNIH1,FTSJ3,0.9036744
179,210,CNIH1,PNO1,0.9035493
179,440,CNIH1,TMEM97,0.9031522
179,464,CNIH1,ZNRF2,0.9031522
179,429,CNIH1,GFI1B,0.9027679
179,161,CNIH1,JARID2,0.8992252
179,33,CNIH1,CSTF2,0.8981121
179,0,CNIH1,OTUD6B,0.8980964
179,292,CNIH1,HDAC7,0.8972889
179,331,CNIH1,PIM2,0.8966441
179,73,CNIH1,RORC,0.8955092
179,255,CNIH1,CD74,0.8938483
179,289,CNIH1,GT(ROSA)26SOR,0.8938483
179,486,CNIH1,NFKBIA,0.8929925
179,199,CNIH1,E2F4,0.89133596
179,209,CNIH1,ZBTB16,0.8910394
179,177,CNIH1,RELB,0.88919926
179,488,CNIH1,FGFR1OP,0.88818145
179,50,CNIH1,NFAT5,0.8860676
179,351,CNIH1,ERCC8,0.8857256
179,67,CNIH1,HDAC2,0.88558954
179,318,CNIH1,GANAB,0.8855446
179,439,CNIH1,DDX20,0.8849971
179,28,CNIH1,NFE2,0.8842059
179,363,CNIH1,MYC,0.8826947
179,475,CNIH1,BCL2,0.88054556
179,367,CNIH1,HCFC1,0.8796904
179,357,CNIH1,MEIS1,0.8796279
179,165,CNIH1,GTF2H1,0.8794153
179,186,CNIH1,STT3B,0.8793504
179,426,CNIH1,PRPF4,0.8777604
179,82,CNIH1,RB1,0.8773578
179,590,CNIH1,IL12A,0.87502366
179,402,CNIH1,EIF1AD,0.8743014
179,57,CNIH1,OASL2,0.87301517
179,277,CNIH1,RTP4,0.87301487
233,410,CNRIP1,SMARCA2,0.8950976
233,81,CNRIP1,HDAC11,0.8931013
233,34,CNRIP1,MAML3,0.89303344
233,28,CNRIP1,NFE2,0.89152575
233,396,CNRIP1,RUVBL2,0.89142793
233,0,CNRIP1,OTUD6B,0.8913623
233,8,CNRIP1,ATAD1,0.8913623
233,128,CNRIP1,APLP2,0.8913623
233,432,CNRIP1,HDC,0.8913623
233,150,CNRIP1,SORT1,0.8913615
233,504,CNRIP1,IFI44,0.89110327
233,609,CNRIP1,UBA7,0.89110327
233,210,CNRIP1,PNO1,0.89058566
233,464,CNRIP1,ZNRF2,0.89018023
233,357,CNRIP1,MEIS1,0.88913405
233,367,CNRIP1,HCFC1,0.8888613
233,292,CNRIP1,HDAC7,0.8887881
233,137,CNRIP1,MYCN,0.88818276
233,33,CNRIP1,CSTF2,0.8881218
233,78,CNRIP1,MECOM,0.88805014
233,518,CNRIP1,PHF10,0.88764507
233,429,CNRIP1,GFI1B,0.8875053
233,450,CNRIP1,MAGED1,0.8873572
233,519,CNRIP1,AGPS,0.8873572
233,524,CNRIP1,TBC1D10C,0.8873572
233,595,CNRIP1,CSF3R,0.8873572
233,514,CNRIP1,PAK1,0.8872543
233,331,CNRIP1,PIM2,0.8867947
233,183,CNRIP1,XAF1,0.88530797
233,161,CNRIP1,JARID2,0.8849637
233,441,CNRIP1,EBF1,0.8849047
233,546,CNRIP1,PROCR,0.8849047
233,622,CNRIP1,KRT18,0.8849047
233,564,CNRIP1,MFNG,0.88467485
233,553,CNRIP1,DHFR,0.8843264
233,277,CNRIP1,RTP4,0.88390756
233,57,CNRIP1,OASL2,0.8839017
233,486,CNRIP1,NFKBIA,0.88339585
233,554,CNRIP1,CDT1,0.88287765
233,177,CNRIP1,RELB,0.88283193
233,255,CNRIP1,CD74,0.88260657
233,590,CNRIP1,IL12A,0.88253915
233,200,CNRIP1,IGTP,0.88227683
233,73,CNRIP1,RORC,0.88217694
233,136,CNRIP1,TACC3,0.882026
233,440,CNRIP1,TMEM97,0.8819445
233,199,CNRIP1,E2F4,0.88114685
233,283,CNRIP1,EGR1,0.88060313
233,606,CNRIP1,ELP2,0.8797057
233,289,CNRIP1,GT(ROSA)26SOR,0.87965757
408,28,COLGALT1,NFE2,0.8983655
408,357,COLGALT1,MEIS1,0.89649427
408,78,COLGALT1,MECOM,0.8962261
408,137,COLGALT1,MYCN,0.89262396
408,277,COLGALT1,RTP4,0.89194053
408,57,COLGALT1,OASL2,0.8919242
408,183,COLGALT1,XAF1,0.89110327
408,200,COLGALT1,IGTP,0.89110327
408,504,COLGALT1,IFI44,0.89110327
408,609,COLGALT1,UBA7,0.89104354
408,410,COLGALT1,SMARCA2,0.8899257
408,283,COLGALT1,EGR1,0.88864714
408,518,COLGALT1,PHF10,0.88764507
408,0,COLGALT1,OTUD6B,0.8874228
408,8,COLGALT1,ATAD1,0.8873907
408,524,COLGALT1,TBC1D10C,0.8873907
408,128,COLGALT1,APLP2,0.8873572
408,136,COLGALT1,TACC3,0.8873572
408,396,COLGALT1,RUVBL2,0.8873572
408,432,COLGALT1,HDC,0.8873572
408,450,COLGALT1,MAGED1,0.8873572
408,514,COLGALT1,PAK1,0.8873572
408,519,COLGALT1,AGPS,0.8873572
408,595,COLGALT1,CSF3R,0.8873572
408,150,COLGALT1,SORT1,0.88666534
408,81,COLGALT1,HDAC11,0.88636285
408,488,COLGALT1,FGFR1OP,0.88602394
408,198,COLGALT1,NDN,0.8857979
408,404,COLGALT1,FTSJ3,0.8855358
408,263,COLGALT1,JUN,0.884927
408,2,COLGALT1,PPP1R15A,0.8849047
408,47,COLGALT1,FGL2,0.8849047
408,140,COLGALT1,ANXA3,0.8849047
408,146,COLGALT1,SCARF1,0.8849047
408,194,COLGALT1,GOLPH3,0.8849047
408,362,COLGALT1,PTGS1,0.8849047
408,441,COLGALT1,EBF1,0.8849047
408,546,COLGALT1,PROCR,0.8849047
408,622,COLGALT1,KRT18,0.8849047
408,564,COLGALT1,MFNG,0.88467485
408,553,COLGALT1,DHFR,0.8843264
408,190,COLGALT1,RAD51,0.8843173
408,367,COLGALT1,HCFC1,0.8841443
408,394,COLGALT1,MAPK1,0.8838468
408,251,COLGALT1,IRF6,0.8836629
408,486,COLGALT1,NFKBIA,0.88339585
408,34,COLGALT1,MAML3,0.88338006
408,554,COLGALT1,CDT1,0.88287765
408,590,COLGALT1,IL12A,0.88253915
408,210,COLGALT1,PNO1,0.8824361
163,28,COPB1,NFE2,0.8983655
163,357,COPB1,MEIS1,0.89649427
163,78,COPB1,MECOM,0.8962374
163,33,COPB1,CSTF2,0.8961461
163,194,COPB1,GOLPH3,0.8935833
163,137,COPB1,MYCN,0.89262396
163,57,COPB1,OASL2,0.89194083
163,277,COPB1,RTP4,0.89194053
163,183,COPB1,XAF1,0.89110327
163,200,COPB1,IGTP,0.89110327
163,504,COPB1,IFI44,0.89110327
163,410,COPB1,SMARCA2,0.8898741
163,609,COPB1,UBA7,0.88961077
163,283,COPB1,EGR1,0.88864714
163,546,COPB1,PROCR,0.88852304
163,518,COPB1,PHF10,0.88764507
163,432,COPB1,HDC,0.8874021
163,595,COPB1,CSF3R,0.88736826
163,0,COPB1,OTUD6B,0.8873572
163,8,COPB1,ATAD1,0.8873572
163,136,COPB1,TACC3,0.8873572
163,396,COPB1,RUVBL2,0.8873572
163,450,COPB1,MAGED1,0.8873572
163,514,COPB1,PAK1,0.8873572
163,519,COPB1,AGPS,0.8873572
163,524,COPB1,TBC1D10C,0.8873572
163,150,COPB1,SORT1,0.8872954
163,128,COPB1,APLP2,0.88720065
163,81,COPB1,HDAC11,0.88636285
163,198,COPB1,NDN,0.8857979
163,404,COPB1,FTSJ3,0.8855358
163,146,COPB1,SCARF1,0.8851272
163,263,COPB1,JUN,0.884927
163,2,COPB1,PPP1R15A,0.8849047
163,47,COPB1,FGL2,0.8849047
163,140,COPB1,ANXA3,0.8849047
163,362,COPB1,PTGS1,0.8849047
163,441,COPB1,EBF1,0.8849047
163,622,COPB1,KRT18,0.8849047
163,564,COPB1,MFNG,0.88467485
163,553,COPB1,DHFR,0.8843264
163,190,COPB1,RAD51,0.8842965
163,367,COPB1,HCFC1,0.88415396
163,394,COPB1,MAPK1,0.8838468
163,251,COPB1,IRF6,0.8836629
163,34,COPB1,MAML3,0.8834213
163,486,COPB1,NFKBIA,0.88339585
163,554,COPB1,CDT1,0.88298965
163,210,COPB1,PNO1,0.8824361
163,232,COPB1,ICAM1,0.8822173
55,28,COQ8A,NFE2,0.8983655
55,357,COQ8A,MEIS1,0.89649427
55,78,COQ8A,MECOM,0.8962374
55,137,COQ8A,MYCN,0.89262396
55,277,COQ8A,RTP4,0.891978
55,57,COQ8A,OASL2,0.89194083
55,183,COQ8A,XAF1,0.89110327
55,200,COQ8A,IGTP,0.89110327
55,504,COQ8A,IFI44,0.89110327
55,609,COQ8A,UBA7,0.89110327
55,410,COQ8A,SMARCA2,0.8899257
55,64,COQ8A,IRF9,0.888774
55,283,COQ8A,EGR1,0.88864714
55,518,COQ8A,PHF10,0.88764507
55,432,COQ8A,HDC,0.8873785
55,0,COQ8A,OTUD6B,0.8873572
55,8,COQ8A,ATAD1,0.8873572
55,128,COQ8A,APLP2,0.8873572
55,136,COQ8A,TACC3,0.8873572
55,450,COQ8A,MAGED1,0.8873572
55,514,COQ8A,PAK1,0.8873572
55,519,COQ8A,AGPS,0.8873572
55,595,COQ8A,CSF3R,0.8873572
55,150,COQ8A,SORT1,0.8872829
55,81,COQ8A,HDAC11,0.88636285
55,198,COQ8A,NDN,0.8857979
55,404,COQ8A,FTSJ3,0.8855358
55,33,COQ8A,CSTF2,0.8854538
55,263,COQ8A,JUN,0.8850158
55,546,COQ8A,PROCR,0.88494617
55,140,COQ8A,ANXA3,0.88492215
55,47,COQ8A,FGL2,0.8849047
55,146,COQ8A,SCARF1,0.8849047
55,194,COQ8A,GOLPH3,0.8849047
55,362,COQ8A,PTGS1,0.8849047
55,441,COQ8A,EBF1,0.8849047
55,622,COQ8A,KRT18,0.8849047
55,2,COQ8A,PPP1R15A,0.88483375
55,394,COQ8A,MAPK1,0.88481694
55,564,COQ8A,MFNG,0.88467485
55,190,COQ8A,RAD51,0.8843264
55,553,COQ8A,DHFR,0.8843264
55,367,COQ8A,HCFC1,0.88415396
55,251,COQ8A,IRF6,0.8836629
55,34,COQ8A,MAML3,0.8834213
55,486,COQ8A,NFKBIA,0.88339585
55,554,COQ8A,CDT1,0.88287765
55,590,COQ8A,IL12A,0.88253915
55,210,COQ8A,PNO1,0.8824361
55,232,COQ8A,ICAM1,0.88227135
265,28,CPA3,NFE2,0.8983655
265,357,CPA3,MEIS1,0.89649427
265,78,CPA3,MECOM,0.8962374
265,137,CPA3,MYCN,0.89262396
265,277,CPA3,RTP4,0.8919558
265,57,CPA3,OASL2,0.8919372
265,183,CPA3,XAF1,0.89110327
265,200,CPA3,IGTP,0.89110327
265,504,CPA3,IFI44,0.89110327
265,609,CPA3,UBA7,0.89110327
265,410,CPA3,SMARCA2,0.8899257
265,283,CPA3,EGR1,0.88864714
265,518,CPA3,PHF10,0.88764507
265,622,CPA3,KRT18,0.8876097
265,450,CPA3,MAGED1,0.88738984
265,136,CPA3,TACC3,0.8873755
265,0,CPA3,OTUD6B,0.8873572
265,128,CPA3,APLP2,0.8873572
265,150,CPA3,SORT1,0.8873572
265,396,CPA3,RUVBL2,0.8873572
265,432,CPA3,HDC,0.8873572
265,519,CPA3,AGPS,0.8873572
265,524,CPA3,TBC1D10C,0.88734674
265,595,CPA3,CSF3R,0.8865584
265,81,CPA3,HDAC11,0.88636285
265,198,CPA3,NDN,0.8857979
265,404,CPA3,FTSJ3,0.8855358
265,33,CPA3,CSTF2,0.8854497
265,263,CPA3,JUN,0.884927
265,2,CPA3,PPP1R15A,0.8849047
265,47,CPA3,FGL2,0.8849047
265,140,CPA3,ANXA3,0.8849047
265,194,CPA3,GOLPH3,0.8849047
265,362,CPA3,PTGS1,0.8849047
265,441,CPA3,EBF1,0.8849047
265,546,CPA3,PROCR,0.8849047
265,146,CPA3,SCARF1,0.88483244
265,564,CPA3,MFNG,0.88467485
265,553,CPA3,DHFR,0.88427114
265,367,CPA3,HCFC1,0.88415396
265,394,CPA3,MAPK1,0.8838468
265,34,CPA3,MAML3,0.8834213
265,486,CPA3,NFKBIA,0.88339585
265,554,CPA3,CDT1,0.88287765
265,590,CPA3,IL12A,0.88253915
265,210,CPA3,PNO1,0.8824361
265,232,CPA3,ICAM1,0.8823246
265,440,CPA3,TMEM97,0.8819445
265,464,CPA3,ZNRF2,0.8819445
265,177,CPA3,RELB,0.8818608
550,410,CREB5,SMARCA2,0.9006327
550,524,CREB5,TBC1D10C,0.8968091
550,161,CREB5,JARID2,0.89130044
550,519,CREB5,AGPS,0.8904752
550,0,CREB5,OTUD6B,0.89047486
550,8,CREB5,ATAD1,0.89047486
550,128,CREB5,APLP2,0.89047486
550,136,CREB5,TACC3,0.89047486
550,150,CREB5,SORT1,0.89047486
550,432,CREB5,HDC,0.89047486
550,450,CREB5,MAGED1,0.89047486
550,514,CREB5,PAK1,0.89047486
550,595,CREB5,CSF3R,0.89047486
550,429,CREB5,GFI1B,0.8896023
550,554,CREB5,CDT1,0.88883746
550,464,CREB5,ZNRF2,0.886006
550,440,CREB5,TMEM97,0.88588554
550,255,CREB5,CD74,0.88531446
550,289,CREB5,GT(ROSA)26SOR,0.88531446
550,73,CREB5,RORC,0.88390297
550,396,CREB5,RUVBL2,0.8808689
550,78,CREB5,MECOM,0.87784153
550,50,CREB5,NFAT5,0.877703
550,183,CREB5,XAF1,0.876692
550,200,CREB5,IGTP,0.876692
550,504,CREB5,IFI44,0.876692
550,486,CREB5,NFKBIA,0.8759494
550,331,CREB5,PIM2,0.87584275
550,81,CREB5,HDAC11,0.87479055
550,177,CREB5,RELB,0.8727374
550,357,CREB5,MEIS1,0.86785895
550,33,CREB5,CSTF2,0.867546
550,28,CREB5,NFE2,0.86702913
550,367,CREB5,HCFC1,0.86635375
550,590,CREB5,IL12A,0.8663139
550,318,CREB5,GANAB,0.8654429
550,209,CREB5,ZBTB16,0.8646318
550,263,CREB5,JUN,0.8643741
550,277,CREB5,RTP4,0.86234635
550,57,CREB5,OASL2,0.8622005
550,363,CREB5,MYC,0.8614793
550,137,CREB5,MYCN,0.86069226
550,34,CREB5,MAML3,0.8577485
550,580,CREB5,MLLT3,0.85699385
550,488,CREB5,FGFR1OP,0.8560175
550,404,CREB5,FTSJ3,0.8549998
550,283,CREB5,EGR1,0.8531162
550,559,CREB5,RUNX1T1,0.8524672
550,293,CREB5,IRF7,0.8509504
550,436,CREB5,RARB,0.8507691
542,524,CSAD,TBC1D10C,0.90148973
542,28,CSAD,NFE2,0.8983605
542,357,CSAD,MEIS1,0.89649904
542,78,CSAD,MECOM,0.89621127
542,137,CSAD,MYCN,0.8926222
542,57,CSAD,OASL2,0.89194626
542,277,CSAD,RTP4,0.89194596
542,183,CSAD,XAF1,0.8912288
542,200,CSAD,IGTP,0.8911094
542,504,CSAD,IFI44,0.8911094
542,609,CSAD,UBA7,0.8911094
542,410,CSAD,SMARCA2,0.88993126
542,283,CSAD,EGR1,0.88865244
542,518,CSAD,PHF10,0.88765436
542,8,CSAD,ATAD1,0.88737285
542,0,CSAD,OTUD6B,0.8873604
542,136,CSAD,TACC3,0.8873604
542,150,CSAD,SORT1,0.8873604
542,396,CSAD,RUVBL2,0.8873604
542,432,CSAD,HDC,0.8873604
542,450,CSAD,MAGED1,0.8873604
542,514,CSAD,PAK1,0.8873604
542,519,CSAD,AGPS,0.8873604
542,595,CSAD,CSF3R,0.8873604
542,128,CSAD,APLP2,0.8872986
542,81,CSAD,HDAC11,0.88636386
542,198,CSAD,NDN,0.8857996
542,404,CSAD,FTSJ3,0.8855097
542,33,CSAD,CSTF2,0.88545895
542,263,CSAD,JUN,0.88493335
542,47,CSAD,FGL2,0.8849103
542,140,CSAD,ANXA3,0.8849103
542,146,CSAD,SCARF1,0.8849103
542,194,CSAD,GOLPH3,0.8849103
542,441,CSAD,EBF1,0.8849103
542,546,CSAD,PROCR,0.8849103
542,622,CSAD,KRT18,0.8849103
542,564,CSAD,MFNG,0.8846806
542,190,CSAD,RAD51,0.88432807
542,553,CSAD,DHFR,0.8843085
542,367,CSAD,HCFC1,0.88415956
542,394,CSAD,MAPK1,0.88384527
542,251,CSAD,IRF6,0.8836595
542,34,CSAD,MAML3,0.8834223
542,486,CSAD,NFKBIA,0.883401
542,554,CSAD,CDT1,0.88288116
542,590,CSAD,IL12A,0.882545
542,210,CSAD,PNO1,0.8823573
542,2,CSAD,PPP1R15A,0.8823191
542,232,CSAD,ICAM1,0.8822773
127,357,CSF2RB,MEIS1,0.89649427
127,78,CSF2RB,MECOM,0.8961529
127,367,CSF2RB,HCFC1,0.8941839
127,28,CSF2RB,NFE2,0.89311856
127,137,CSF2RB,MYCN,0.89262396
127,57,CSF2RB,OASL2,0.89194083
127,277,CSF2RB,RTP4,0.89194053
127,183,CSF2RB,XAF1,0.89110327
127,200,CSF2RB,IGTP,0.89110327
127,504,CSF2RB,IFI44,0.89110327
127,609,CSF2RB,UBA7,0.89110327
127,283,CSF2RB,EGR1,0.88864714
127,518,CSF2RB,PHF10,0.88764507
127,0,CSF2RB,OTUD6B,0.8873572
127,8,CSF2RB,ATAD1,0.8873572
127,128,CSF2RB,APLP2,0.8873572
127,136,CSF2RB,TACC3,0.8873572
127,150,CSF2RB,SORT1,0.8873572
127,396,CSF2RB,RUVBL2,0.8873572
127,432,CSF2RB,HDC,0.8873572
127,450,CSF2RB,MAGED1,0.8873572
127,514,CSF2RB,PAK1,0.8873572
127,524,CSF2RB,TBC1D10C,0.8873572
127,595,CSF2RB,CSF3R,0.8873572
127,404,CSF2RB,FTSJ3,0.8855358
127,33,CSF2RB,CSTF2,0.8854538
127,263,CSF2RB,JUN,0.884927
127,2,CSF2RB,PPP1R15A,0.8849047
127,47,CSF2RB,FGL2,0.8849047
127,140,CSF2RB,ANXA3,0.8849047
127,146,CSF2RB,SCARF1,0.8849047
127,194,CSF2RB,GOLPH3,0.8849047
127,362,CSF2RB,PTGS1,0.8849047
127,441,CSF2RB,EBF1,0.8849047
127,546,CSF2RB,PROCR,0.8849047
127,622,CSF2RB,KRT18,0.8849047
127,198,CSF2RB,NDN,0.88484806
127,564,CSF2RB,MFNG,0.88449126
127,190,CSF2RB,RAD51,0.8843264
127,553,CSF2RB,DHFR,0.8843264
127,394,CSF2RB,MAPK1,0.88378215
127,251,CSF2RB,IRF6,0.8836629
127,34,CSF2RB,MAML3,0.8834213
127,486,CSF2RB,NFKBIA,0.88339585
127,554,CSF2RB,CDT1,0.88287765
127,590,CSF2RB,IL12A,0.88253915
127,210,CSF2RB,PNO1,0.88240844
127,232,CSF2RB,ICAM1,0.8820425
127,440,CSF2RB,TMEM97,0.8819445
127,177,CSF2RB,RELB,0.8818562
595,34,CSF3R,MAML3,0.91068786
595,292,CSF3R,HDAC7,0.9066262
595,81,CSF3R,HDAC11,0.8992233
595,439,CSF3R,DDX20,0.898589
595,209,CSF3R,ZBTB16,0.8941064
595,0,CSF3R,OTUD6B,0.88552964
595,8,CSF3R,ATAD1,0.88552964
595,128,CSF3R,APLP2,0.88552964
595,136,CSF3R,TACC3,0.88552964
595,150,CSF3R,SORT1,0.88552964
595,432,CSF3R,HDC,0.88552964
595,450,CSF3R,MAGED1,0.88552964
595,514,CSF3R,PAK1,0.88552964
595,519,CSF3R,AGPS,0.88552964
595,524,CSF3R,TBC1D10C,0.88552964
595,82,CSF3R,RB1,0.8816452
595,475,CSF3R,BCL2,0.8811512
595,404,CSF3R,FTSJ3,0.8804702
595,186,CSF3R,STT3B,0.8761371
595,554,CSF3R,CDT1,0.8755534
595,331,CSF3R,PIM2,0.86620355
595,410,CSF3R,SMARCA2,0.8660584
595,351,CSF3R,ERCC8,0.86572075
595,206,CSF3R,ZDHHC6,0.86248285
595,91,CSF3R,FCHO2,0.8623452
595,537,CSF3R,TXNDC11,0.8623452
595,611,CSF3R,ZEB2,0.8623452
595,199,CSF3R,E2F4,0.85404336
595,429,CSF3R,GFI1B,0.85338014
595,534,CSF3R,MORC3,0.84451264
595,161,CSF3R,JARID2,0.8398343
595,440,CSF3R,TMEM97,0.8356464
595,255,CSF3R,CD74,0.83452505
595,289,CSF3R,GT(ROSA)26SOR,0.83452505
595,396,CSF3R,RUVBL2,0.82515246
595,402,CSF3R,EIF1AD,0.8247447
595,210,CSF3R,PNO1,0.8156397
595,73,CSF3R,RORC,0.8147692
595,464,CSF3R,ZNRF2,0.8107817
595,486,CSF3R,NFKBIA,0.80696225
595,50,CSF3R,NFAT5,0.7993526
595,226,CSF3R,POLR2B,0.79675394
595,33,CSF3R,CSTF2,0.7948533
595,57,CSF3R,OASL2,0.7917742
595,200,CSF3R,IGTP,0.77713096
595,183,CSF3R,XAF1,0.7766191
595,504,CSF3R,IFI44,0.7766191
595,609,CSF3R,UBA7,0.7766191
595,216,CSF3R,CUL3,0.774617
595,177,CSF3R,RELB,0.77151465
205,200,CSGALNACT1,IGTP,0.9005471
205,28,CSGALNACT1,NFE2,0.89850396
205,78,CSGALNACT1,MECOM,0.89782435
205,357,CSGALNACT1,MEIS1,0.89649427
205,137,CSGALNACT1,MYCN,0.89262396
205,57,CSGALNACT1,OASL2,0.891947
205,277,CSGALNACT1,RTP4,0.89194053
205,609,CSGALNACT1,UBA7,0.89129186
205,183,CSGALNACT1,XAF1,0.89110327
205,504,CSGALNACT1,IFI44,0.89110327
205,410,CSGALNACT1,SMARCA2,0.8899257
205,283,CSGALNACT1,EGR1,0.8885995
205,518,CSGALNACT1,PHF10,0.88764507
205,150,CSGALNACT1,SORT1,0.8873907
205,0,CSGALNACT1,OTUD6B,0.8873572
205,8,CSGALNACT1,ATAD1,0.8873572
205,128,CSGALNACT1,APLP2,0.8873572
205,396,CSGALNACT1,RUVBL2,0.8873572
205,432,CSGALNACT1,HDC,0.8873572
205,450,CSGALNACT1,MAGED1,0.8873572
205,514,CSGALNACT1,PAK1,0.8873572
205,524,CSGALNACT1,TBC1D10C,0.8873572
205,595,CSGALNACT1,CSF3R,0.8873572
205,519,CSGALNACT1,AGPS,0.8872543
205,81,CSGALNACT1,HDAC11,0.88636285
205,198,CSGALNACT1,NDN,0.8857979
205,404,CSGALNACT1,FTSJ3,0.8855358
205,33,CSGALNACT1,CSTF2,0.8853804
205,263,CSGALNACT1,JUN,0.884927
205,441,CSGALNACT1,EBF1,0.8849264
205,362,CSGALNACT1,PTGS1,0.88491666
205,2,CSGALNACT1,PPP1R15A,0.8849047
205,140,CSGALNACT1,ANXA3,0.8849047
205,546,CSGALNACT1,PROCR,0.8849047
205,622,CSGALNACT1,KRT18,0.8849047
205,146,CSGALNACT1,SCARF1,0.8848201
205,564,CSGALNACT1,MFNG,0.88467485
205,136,CSGALNACT1,TACC3,0.88435096
205,553,CSGALNACT1,DHFR,0.8843264
205,367,CSGALNACT1,HCFC1,0.88415396
205,394,CSGALNACT1,MAPK1,0.8838566
205,251,CSGALNACT1,IRF6,0.8835506
205,34,CSGALNACT1,MAML3,0.8834213
205,486,CSGALNACT1,NFKBIA,0.88339585
205,554,CSGALNACT1,CDT1,0.88287765
205,590,CSGALNACT1,IL12A,0.88253915
205,210,CSGALNACT1,PNO1,0.8824361
205,232,CSGALNACT1,ICAM1,0.8822701
205,440,CSGALNACT1,TMEM97,0.88196385
205,464,CSGALNACT1,ZNRF2,0.8819445
135,410,CSGALNACT2,SMARCA2,0.908673
135,81,CSGALNACT2,HDAC11,0.90733755
135,554,CSGALNACT2,CDT1,0.9046022
135,34,CSGALNACT2,MAML3,0.90426844
135,524,CSGALNACT2,TBC1D10C,0.90422153
135,432,CSGALNACT2,HDC,0.9042011
135,8,CSGALNACT2,ATAD1,0.9041819
135,128,CSGALNACT2,APLP2,0.9041819
135,150,CSGALNACT2,SORT1,0.9041819
135,396,CSGALNACT2,RUVBL2,0.9041819
135,450,CSGALNACT2,MAGED1,0.9041819
135,514,CSGALNACT2,PAK1,0.9041819
135,595,CSGALNACT2,CSF3R,0.9041819
135,136,CSGALNACT2,TACC3,0.9041587
135,0,CSGALNACT2,OTUD6B,0.90405434
135,404,CSGALNACT2,FTSJ3,0.9036744
135,210,CSGALNACT2,PNO1,0.90353745
135,519,CSGALNACT2,AGPS,0.9031784
135,440,CSGALNACT2,TMEM97,0.9031522
135,429,CSGALNACT2,GFI1B,0.90276784
135,161,CSGALNACT2,JARID2,0.8992252
135,292,CSGALNACT2,HDAC7,0.8974032
135,331,CSGALNACT2,PIM2,0.89659303
135,73,CSGALNACT2,RORC,0.89559966
135,255,CSGALNACT2,CD74,0.8938483
135,289,CSGALNACT2,GT(ROSA)26SOR,0.8938483
135,486,CSGALNACT2,NFKBIA,0.89302754
135,199,CSGALNACT2,E2F4,0.89216936
135,209,CSGALNACT2,ZBTB16,0.891019
135,177,CSGALNACT2,RELB,0.88919926
135,488,CSGALNACT2,FGFR1OP,0.88838214
135,464,CSGALNACT2,ZNRF2,0.8865138
135,351,CSGALNACT2,ERCC8,0.8857256
135,67,CSGALNACT2,HDAC2,0.8856048
135,318,CSGALNACT2,GANAB,0.8855446
135,439,CSGALNACT2,DDX20,0.8849971
135,28,CSGALNACT2,NFE2,0.8842059
135,363,CSGALNACT2,MYC,0.8826947
135,367,CSGALNACT2,HCFC1,0.8796904
135,357,CSGALNACT2,MEIS1,0.8796279
135,186,CSGALNACT2,STT3B,0.8793504
135,165,CSGALNACT2,GTF2H1,0.87876546
135,426,CSGALNACT2,PRPF4,0.8777604
135,82,CSGALNACT2,RB1,0.8773578
135,590,CSGALNACT2,IL12A,0.87502366
135,402,CSGALNACT2,EIF1AD,0.8743014
135,57,CSGALNACT2,OASL2,0.87301517
135,277,CSGALNACT2,RTP4,0.87301487
135,276,CSGALNACT2,REL,0.87217844
135,475,CSGALNACT2,BCL2,0.87159765
602,524,CSRP3,TBC1D10C,0.9165845
602,410,CSRP3,SMARCA2,0.90504336
602,28,CSRP3,NFE2,0.9049892
602,518,CSRP3,PHF10,0.9036958
602,357,CSRP3,MEIS1,0.9035614
602,33,CSRP3,CSTF2,0.90261006
602,78,CSRP3,MECOM,0.90196526
602,367,CSRP3,HCFC1,0.9011442
602,150,CSRP3,SORT1,0.90092945
602,0,CSRP3,OTUD6B,0.9009122
602,8,CSRP3,ATAD1,0.9009122
602,128,CSRP3,APLP2,0.9009122
602,450,CSRP3,MAGED1,0.9009122
602,514,CSRP3,PAK1,0.9009122
602,595,CSRP3,CSF3R,0.9009122
602,432,CSRP3,HDC,0.90090275
602,396,CSRP3,RUVBL2,0.9008255
602,519,CSRP3,AGPS,0.9008096
602,486,CSRP3,NFKBIA,0.9001336
602,57,CSRP3,OASL2,0.89971906
602,277,CSRP3,RTP4,0.89971876
602,137,CSRP3,MYCN,0.89952224
602,81,CSRP3,HDAC11,0.8995024
602,210,CSRP3,PNO1,0.89863735
602,554,CSRP3,CDT1,0.8982778
602,177,CSRP3,RELB,0.8982606
602,440,CSRP3,TMEM97,0.89684296
602,464,CSRP3,ZNRF2,0.89679945
602,183,CSRP3,XAF1,0.89671075
602,200,CSRP3,IGTP,0.89671075
602,504,CSRP3,IFI44,0.89671075
602,609,CSRP3,UBA7,0.89671075
602,194,CSRP3,GOLPH3,0.89626324
602,306,CSRP3,MYCT1,0.8957829
602,283,CSRP3,EGR1,0.89573514
602,34,CSRP3,MAML3,0.8955573
602,564,CSRP3,MFNG,0.89547163
602,429,CSRP3,GFI1B,0.8951011
602,161,CSRP3,JARID2,0.89474475
602,198,CSRP3,NDN,0.8942717
602,363,CSRP3,MYC,0.89375746
602,190,CSRP3,RAD51,0.8937142
602,73,CSRP3,RORC,0.89354753
602,146,CSRP3,SCARF1,0.8928923
602,622,CSRP3,KRT18,0.89288205
602,2,CSRP3,PPP1R15A,0.892869
602,47,CSRP3,FGL2,0.892869
602,441,CSRP3,EBF1,0.892869
602,546,CSRP3,PROCR,0.892869
602,362,CSRP3,PTGS1,0.89285934
126,357,CST7,MEIS1,0.89647174
126,78,CST7,MECOM,0.8961328
126,367,CST7,HCFC1,0.8941863
126,28,CST7,NFE2,0.8930962
126,137,CST7,MYCN,0.8925828
126,57,CST7,OASL2,0.8919152
126,277,CST7,RTP4,0.8919149
126,183,CST7,XAF1,0.8910779
126,200,CST7,IGTP,0.8910779
126,504,CST7,IFI44,0.8910779
126,609,CST7,UBA7,0.8910779
126,283,CST7,EGR1,0.8886239
126,518,CST7,PHF10,0.8876022
126,0,CST7,OTUD6B,0.88735116
126,8,CST7,ATAD1,0.88735116
126,128,CST7,APLP2,0.88735116
126,136,CST7,TACC3,0.88735116
126,150,CST7,SORT1,0.88735116
126,396,CST7,RUVBL2,0.88735116
126,432,CST7,HDC,0.88735116
126,450,CST7,MAGED1,0.88735116
126,514,CST7,PAK1,0.88735116
126,524,CST7,TBC1D10C,0.88735116
126,595,CST7,CSF3R,0.88735116
126,404,CST7,FTSJ3,0.8855321
126,33,CST7,CSTF2,0.885415
126,263,CST7,JUN,0.8849058
126,2,CST7,PPP1R15A,0.88488406
126,47,CST7,FGL2,0.88488406
126,140,CST7,ANXA3,0.88488406
126,146,CST7,SCARF1,0.88488406
126,194,CST7,GOLPH3,0.88488406
126,362,CST7,PTGS1,0.88488406
126,441,CST7,EBF1,0.88488406
126,546,CST7,PROCR,0.88488406
126,622,CST7,KRT18,0.88488406
126,198,CST7,NDN,0.88483256
126,564,CST7,MFNG,0.88445246
126,190,CST7,RAD51,0.8843126
126,553,CST7,DHFR,0.8843126
126,394,CST7,MAPK1,0.88376
126,251,CST7,IRF6,0.88364136
126,34,CST7,MAML3,0.8834298
126,486,CST7,NFKBIA,0.88335896
126,554,CST7,CDT1,0.8828703
126,590,CST7,IL12A,0.88250214
126,210,CST7,PNO1,0.8824159
126,232,CST7,ICAM1,0.88200396
126,440,CST7,TMEM97,0.88194823
126,177,CST7,RELB,0.8818196
33,439,CSTF2,DDX20,0.9255571
33,292,CSTF2,HDAC7,0.92403746
33,209,CSTF2,ZBTB16,0.9124307
33,82,CSTF2,RB1,0.90719575
33,475,CSTF2,BCL2,0.9060877
33,186,CSTF2,STT3B,0.90340495
33,81,CSTF2,HDAC11,0.90320593
33,595,CSTF2,CSF3R,0.8974749
33,524,CSTF2,TBC1D10C,0.89745694
33,0,CSTF2,OTUD6B,0.89740354
33,8,CSTF2,ATAD1,0.89740354
33,150,CSTF2,SORT1,0.89740354
33,396,CSTF2,RUVBL2,0.89740354
33,432,CSTF2,HDC,0.89740354
33,450,CSTF2,MAGED1,0.89740354
33,514,CSTF2,PAK1,0.89740354
33,519,CSTF2,AGPS,0.89740354
33,136,CSTF2,TACC3,0.8970457
33,34,CSTF2,MAML3,0.89603627
33,554,CSTF2,CDT1,0.89270854
33,206,CSTF2,ZDHHC6,0.891259
33,404,CSTF2,FTSJ3,0.8893846
33,128,CSTF2,APLP2,0.88652277
33,351,CSTF2,ERCC8,0.8860421
33,91,CSTF2,FCHO2,0.88591075
33,537,CSTF2,TXNDC11,0.88591075
33,611,CSTF2,ZEB2,0.88591075
33,331,CSTF2,PIM2,0.8853179
33,410,CSTF2,SMARCA2,0.88091016
33,429,CSTF2,GFI1B,0.87306213
33,534,CSTF2,MORC3,0.8709633
33,199,CSTF2,E2F4,0.8702566
33,161,CSTF2,JARID2,0.8598643
33,255,CSTF2,CD74,0.8525068
33,289,CSTF2,GT(ROSA)26SOR,0.8525068
33,440,CSTF2,TMEM97,0.8522689
33,464,CSTF2,ZNRF2,0.8522689
33,226,CSTF2,POLR2B,0.8522247
33,621,CSTF2,SNRPB,0.8421637
33,402,CSTF2,EIF1AD,0.8386942
33,73,CSTF2,RORC,0.8368447
33,28,CSTF2,NFE2,0.8331041
33,210,CSTF2,PNO1,0.8305015
33,486,CSTF2,NFKBIA,0.8273822
33,50,CSTF2,NFAT5,0.81959707
33,216,CSTF2,CUL3,0.8043248
33,183,CSTF2,XAF1,0.7928449
33,200,CSTF2,IGTP,0.79262924
33,609,CSTF2,UBA7,0.79229957
33,299,CSTF2,ORC2,0.7909944
171,28,CTC1,NFE2,0.8983655
171,357,CTC1,MEIS1,0.89649427
171,78,CTC1,MECOM,0.8962374
171,137,CTC1,MYCN,0.89262396
171,57,CTC1,OASL2,0.89194083
171,277,CTC1,RTP4,0.89193827
171,183,CTC1,XAF1,0.89110327
171,200,CTC1,IGTP,0.89110327
171,504,CTC1,IFI44,0.89110327
171,609,CTC1,UBA7,0.8910898
171,283,CTC1,EGR1,0.88864714
171,518,CTC1,PHF10,0.88755
171,595,CTC1,CSF3R,0.8874677
171,519,CTC1,AGPS,0.88738984
171,136,CTC1,TACC3,0.88735867
171,0,CTC1,OTUD6B,0.8873572
171,8,CTC1,ATAD1,0.8873572
171,128,CTC1,APLP2,0.8873572
171,150,CTC1,SORT1,0.8873572
171,396,CTC1,RUVBL2,0.8873572
171,432,CTC1,HDC,0.8873572
171,450,CTC1,MAGED1,0.8873572
171,514,CTC1,PAK1,0.8873572
171,524,CTC1,TBC1D10C,0.8873572
171,81,CTC1,HDAC11,0.8863051
171,198,CTC1,NDN,0.8857979
171,404,CTC1,FTSJ3,0.8855358
171,33,CTC1,CSTF2,0.8854538
171,190,CTC1,RAD51,0.88524216
171,263,CTC1,JUN,0.884927
171,2,CTC1,PPP1R15A,0.8849047
171,47,CTC1,FGL2,0.8849047
171,146,CTC1,SCARF1,0.8849047
171,194,CTC1,GOLPH3,0.8849047
171,362,CTC1,PTGS1,0.8849047
171,622,CTC1,KRT18,0.8849047
171,564,CTC1,MFNG,0.88467485
171,553,CTC1,DHFR,0.8843264
171,367,CTC1,HCFC1,0.88412535
171,394,CTC1,MAPK1,0.8838202
171,441,CTC1,EBF1,0.88380176
171,34,CTC1,MAML3,0.8834213
171,486,CTC1,NFKBIA,0.88339585
171,554,CTC1,CDT1,0.88287765
171,590,CTC1,IL12A,0.88253915
171,210,CTC1,PNO1,0.8824361
171,232,CTC1,ICAM1,0.88227135
171,440,CTC1,TMEM97,0.8819445
171,464,CTC1,ZNRF2,0.8819445
171,177,CTC1,RELB,0.8818608
346,28,CTLA2A,NFE2,0.8983655
346,357,CTLA2A,MEIS1,0.89649427
346,78,CTLA2A,MECOM,0.8962374
346,137,CTLA2A,MYCN,0.89261115
346,200,CTLA2A,IGTP,0.8922425
346,57,CTLA2A,OASL2,0.89194083
346,277,CTLA2A,RTP4,0.89192396
346,504,CTLA2A,IFI44,0.89129186
346,183,CTLA2A,XAF1,0.89110327
346,609,CTLA2A,UBA7,0.89110327
346,410,CTLA2A,SMARCA2,0.8899257
346,283,CTLA2A,EGR1,0.88864714
346,429,CTLA2A,GFI1B,0.8880457
346,518,CTLA2A,PHF10,0.88764507
346,128,CTLA2A,APLP2,0.8873907
346,136,CTLA2A,TACC3,0.8873907
346,0,CTLA2A,OTUD6B,0.8873572
346,8,CTLA2A,ATAD1,0.8873572
346,150,CTLA2A,SORT1,0.8873572
346,396,CTLA2A,RUVBL2,0.8873572
346,450,CTLA2A,MAGED1,0.8873572
346,514,CTLA2A,PAK1,0.8873572
346,519,CTLA2A,AGPS,0.8873572
346,524,CTLA2A,TBC1D10C,0.8873572
346,81,CTLA2A,HDAC11,0.88636285
346,198,CTLA2A,NDN,0.8857979
346,546,CTLA2A,PROCR,0.88568705
346,404,CTLA2A,FTSJ3,0.8855358
346,33,CTLA2A,CSTF2,0.8854538
346,263,CTLA2A,JUN,0.884927
346,2,CTLA2A,PPP1R15A,0.8849047
346,47,CTLA2A,FGL2,0.8849047
346,140,CTLA2A,ANXA3,0.8849047
346,146,CTLA2A,SCARF1,0.8849047
346,194,CTLA2A,GOLPH3,0.8849047
346,362,CTLA2A,PTGS1,0.8849047
346,441,CTLA2A,EBF1,0.8849047
346,622,CTLA2A,KRT18,0.8849047
346,564,CTLA2A,MFNG,0.88467485
346,190,CTLA2A,RAD51,0.8843264
346,553,CTLA2A,DHFR,0.8843264
346,367,CTLA2A,HCFC1,0.88415396
346,595,CTLA2A,CSF3R,0.8838291
346,251,CTLA2A,IRF6,0.8836629
346,34,CTLA2A,MAML3,0.8834213
346,486,CTLA2A,NFKBIA,0.88339585
346,394,CTLA2A,MAPK1,0.8830809
346,554,CTLA2A,CDT1,0.88286567
346,590,CTLA2A,IL12A,0.88253915
346,210,CTLA2A,PNO1,0.8824361
505,28,CTLA2B,NFE2,0.8983655
505,357,CTLA2B,MEIS1,0.89649427
505,78,CTLA2B,MECOM,0.8962374
505,137,CTLA2B,MYCN,0.89262396
505,486,CTLA2B,NFKBIA,0.89233893
505,57,CTLA2B,OASL2,0.89194083
505,277,CTLA2B,RTP4,0.8919341
505,609,CTLA2B,UBA7,0.89113194
505,200,CTLA2B,IGTP,0.8911102
505,183,CTLA2B,XAF1,0.89110327
505,504,CTLA2B,IFI44,0.89110327
505,410,CTLA2B,SMARCA2,0.8899257
505,283,CTLA2B,EGR1,0.88864714
505,518,CTLA2B,PHF10,0.88764507
505,8,CTLA2B,ATAD1,0.8874134
505,519,CTLA2B,AGPS,0.88736963
505,0,CTLA2B,OTUD6B,0.8873572
505,128,CTLA2B,APLP2,0.8873572
505,150,CTLA2B,SORT1,0.8873572
505,396,CTLA2B,RUVBL2,0.8873572
505,432,CTLA2B,HDC,0.8873572
505,450,CTLA2B,MAGED1,0.8873572
505,524,CTLA2B,TBC1D10C,0.8873572
505,595,CTLA2B,CSF3R,0.8873572
505,136,CTLA2B,TACC3,0.88726604
505,81,CTLA2B,HDAC11,0.88636285
505,198,CTLA2B,NDN,0.8857979
505,404,CTLA2B,FTSJ3,0.8855358
505,33,CTLA2B,CSTF2,0.8854538
505,622,CTLA2B,KRT18,0.88494617
505,2,CTLA2B,PPP1R15A,0.8849264
505,47,CTLA2B,FGL2,0.8849047
505,140,CTLA2B,ANXA3,0.8849047
505,146,CTLA2B,SCARF1,0.8849047
505,362,CTLA2B,PTGS1,0.8849047
505,546,CTLA2B,PROCR,0.8849047
505,194,CTLA2B,GOLPH3,0.88488483
505,564,CTLA2B,MFNG,0.88467485
505,190,CTLA2B,RAD51,0.8843264
505,553,CTLA2B,DHFR,0.8843264
505,367,CTLA2B,HCFC1,0.88415396
505,394,CTLA2B,MAPK1,0.8838468
505,251,CTLA2B,IRF6,0.8836629
505,34,CTLA2B,MAML3,0.883441
505,554,CTLA2B,CDT1,0.88287765
505,590,CTLA2B,IL12A,0.8825541
505,210,CTLA2B,PNO1,0.8824361
505,232,CTLA2B,ICAM1,0.88227135
505,440,CTLA2B,TMEM97,0.8819445
505,464,CTLA2B,ZNRF2,0.8819445
99,78,CTR9,MECOM,0.90274036
99,357,CTR9,MEIS1,0.90053713
99,28,CTR9,NFE2,0.9004527
99,367,CTR9,HCFC1,0.8961731
99,177,CTR9,RELB,0.89472055
99,283,CTR9,EGR1,0.89152384
99,410,CTR9,SMARCA2,0.88990873
99,263,CTR9,JUN,0.8893332
99,590,CTR9,IL12A,0.8886805
99,50,CTR9,NFAT5,0.88804406
99,559,CTR9,RUNX1T1,0.88642335
99,606,CTR9,ELP2,0.88625497
99,486,CTR9,NFKBIA,0.8857886
99,2,CTR9,PPP1R15A,0.8856166
99,47,CTR9,FGL2,0.8856166
99,146,CTR9,SCARF1,0.8856166
99,362,CTR9,PTGS1,0.8856166
99,441,CTR9,EBF1,0.8856166
99,622,CTR9,KRT18,0.8856166
99,140,CTR9,ANXA3,0.88560385
99,277,CTR9,RTP4,0.8855097
99,57,CTR9,OASL2,0.88543886
99,546,CTR9,PROCR,0.8853628
99,183,CTR9,XAF1,0.88392746
99,200,CTR9,IGTP,0.88392746
99,504,CTR9,IFI44,0.88392746
99,609,CTR9,UBA7,0.88392746
99,318,CTR9,GANAB,0.8837075
99,440,CTR9,TMEM97,0.88156784
99,464,CTR9,ZNRF2,0.88135916
99,363,CTR9,MYC,0.8796248
99,33,CTR9,CSTF2,0.87760663
99,73,CTR9,RORC,0.877078
99,29,CTR9,IKZF1,0.87602776
99,161,CTR9,JARID2,0.87584007
99,394,CTR9,MAPK1,0.87530583
99,564,CTR9,MFNG,0.874346
99,150,CTR9,SORT1,0.87416154
99,289,CTR9,GT(ROSA)26SOR,0.8739904
99,0,CTR9,OTUD6B,0.87391675
99,136,CTR9,TACC3,0.87391675
99,396,CTR9,RUVBL2,0.87391675
99,432,CTR9,HDC,0.87391675
99,450,CTR9,MAGED1,0.87391675
99,514,CTR9,PAK1,0.87391675
99,519,CTR9,AGPS,0.87391675
99,524,CTR9,TBC1D10C,0.87391675
99,595,CTR9,CSF3R,0.87391675
99,64,CTR9,IRF9,0.8738958
99,255,CTR9,CD74,0.8738359
417,34,CTSF,MAML3,0.9288792
417,81,CTSF,HDAC11,0.9262677
417,554,CTSF,CDT1,0.922093
417,209,CTSF,ZBTB16,0.92175853
417,0,CTSF,OTUD6B,0.91871417
417,8,CTSF,ATAD1,0.91871417
417,128,CTSF,APLP2,0.91871417
417,136,CTSF,TACC3,0.91871417
417,432,CTSF,HDC,0.91871417
417,450,CTSF,MAGED1,0.91871417
417,514,CTSF,PAK1,0.91871417
417,524,CTSF,TBC1D10C,0.91871417
417,595,CTSF,CSF3R,0.91871417
417,519,CTSF,AGPS,0.918655
417,292,CTSF,HDAC7,0.9176668
417,331,CTSF,PIM2,0.916498
417,410,CTSF,SMARCA2,0.9164898
417,199,CTSF,E2F4,0.9155105
417,404,CTSF,FTSJ3,0.91507554
417,475,CTSF,BCL2,0.9140536
417,351,CTSF,ERCC8,0.9131512
417,186,CTSF,STT3B,0.9124716
417,429,CTSF,GFI1B,0.91103333
417,439,CTSF,DDX20,0.9070119
417,396,CTSF,RUVBL2,0.90598005
417,161,CTSF,JARID2,0.9032623
417,183,CTSF,XAF1,0.90090513
417,504,CTSF,IFI44,0.90072167
417,609,CTSF,UBA7,0.90072167
417,82,CTSF,RB1,0.89976305
417,255,CTSF,CD74,0.899325
417,289,CTSF,GT(ROSA)26SOR,0.8990665
417,200,CTSF,IGTP,0.8986743
417,440,CTSF,TMEM97,0.89529574
417,464,CTSF,ZNRF2,0.89529574
417,73,CTSF,RORC,0.8898113
417,210,CTSF,PNO1,0.8895405
417,137,CTSF,MYCN,0.88878715
417,402,CTSF,EIF1AD,0.88737744
417,486,CTSF,NFKBIA,0.8871346
417,150,CTSF,SORT1,0.8859236
417,206,CTSF,ZDHHC6,0.88167894
417,33,CTSF,CSTF2,0.87803465
417,590,CTSF,IL12A,0.8725534
417,91,CTSF,FCHO2,0.86863214
417,537,CTSF,TXNDC11,0.86863214
417,611,CTSF,ZEB2,0.86840606
417,177,CTSF,RELB,0.86609185
417,165,CTSF,GTF2H1,0.86604625
417,216,CTSF,CUL3,0.86567765
63,28,CTSG,NFE2,0.89834267
63,357,CTSG,MEIS1,0.8965161
63,78,CTSG,MECOM,0.8962374
63,137,CTSG,MYCN,0.89262396
63,57,CTSG,OASL2,0.89194083
63,277,CTSG,RTP4,0.89194053
63,609,CTSG,UBA7,0.8911102
63,183,CTSG,XAF1,0.89110327
63,200,CTSG,IGTP,0.89110327
63,504,CTSG,IFI44,0.89110327
63,410,CTSG,SMARCA2,0.8899257
63,283,CTSG,EGR1,0.88947535
63,518,CTSG,PHF10,0.88764507
63,450,CTSG,MAGED1,0.88741267
63,136,CTSG,TACC3,0.8874021
63,0,CTSG,OTUD6B,0.8873572
63,8,CTSG,ATAD1,0.8873572
63,128,CTSG,APLP2,0.8873572
63,150,CTSG,SORT1,0.8873572
63,396,CTSG,RUVBL2,0.8873572
63,432,CTSG,HDC,0.8873572
63,514,CTSG,PAK1,0.8873572
63,519,CTSG,AGPS,0.8873572
63,524,CTSG,TBC1D10C,0.8873572
63,595,CTSG,CSF3R,0.8873572
63,81,CTSG,HDAC11,0.88636285
63,198,CTSG,NDN,0.88566744
63,404,CTSG,FTSJ3,0.8855358
63,33,CTSG,CSTF2,0.88543254
63,441,CTSG,EBF1,0.88491666
63,2,CTSG,PPP1R15A,0.8849047
63,47,CTSG,FGL2,0.8849047
63,140,CTSG,ANXA3,0.8849047
63,146,CTSG,SCARF1,0.8849047
63,194,CTSG,GOLPH3,0.8849047
63,362,CTSG,PTGS1,0.8849047
63,546,CTSG,PROCR,0.8849047
63,622,CTSG,KRT18,0.8849047
63,263,CTSG,JUN,0.88486415
63,564,CTSG,MFNG,0.88467485
63,553,CTSG,DHFR,0.88427114
63,367,CTSG,HCFC1,0.88415396
63,394,CTSG,MAPK1,0.88376105
63,251,CTSG,IRF6,0.8836629
63,34,CTSG,MAML3,0.8834213
63,486,CTSG,NFKBIA,0.88339585
63,554,CTSG,CDT1,0.88287765
63,590,CTSG,IL12A,0.88253915
63,210,CTSG,PNO1,0.8824361
63,440,CTSG,TMEM97,0.8824061
315,554,CTSL,CDT1,0.93020135
315,199,CTSL,E2F4,0.9285945
315,410,CTSL,SMARCA2,0.92780215
315,81,CTSL,HDAC11,0.92769325
315,150,CTSL,SORT1,0.92554766
315,0,CTSL,OTUD6B,0.9255469
315,8,CTSL,ATAD1,0.9255469
315,128,CTSL,APLP2,0.9255469
315,396,CTSL,RUVBL2,0.9255469
315,432,CTSL,HDC,0.9255469
315,450,CTSL,MAGED1,0.9255469
315,514,CTSL,PAK1,0.9255469
315,519,CTSL,AGPS,0.9255469
315,524,CTSL,TBC1D10C,0.9255469
315,595,CTSL,CSF3R,0.9255469
315,331,CTSL,PIM2,0.9231977
315,429,CTSL,GFI1B,0.92205894
315,200,CTSL,IGTP,0.9210438
315,183,CTSL,XAF1,0.92081845
315,504,CTSL,IFI44,0.92081845
315,609,CTSL,UBA7,0.92081845
315,34,CTSL,MAML3,0.9181468
315,161,CTSL,JARID2,0.9163431
315,351,CTSL,ERCC8,0.91626775
315,209,CTSL,ZBTB16,0.9145292
315,136,CTSL,TACC3,0.9143787
315,440,CTSL,TMEM97,0.91408026
315,464,CTSL,ZNRF2,0.91408026
315,255,CTSL,CD74,0.91387326
315,289,CTSL,GT(ROSA)26SOR,0.91387326
315,210,CTSL,PNO1,0.912392
315,137,CTSL,MYCN,0.90997666
315,73,CTSL,RORC,0.9091975
315,475,CTSL,BCL2,0.90650475
315,292,CTSL,HDAC7,0.9056225
315,186,CTSL,STT3B,0.9044169
315,402,CTSL,EIF1AD,0.9039422
315,50,CTSL,NFAT5,0.9034176
315,580,CTSL,MLLT3,0.8969792
315,33,CTSL,CSTF2,0.8958765
315,590,CTSL,IL12A,0.89562565
315,78,CTSL,MECOM,0.8938407
315,67,CTSL,HDAC2,0.89283425
315,486,CTSL,NFKBIA,0.89205474
315,439,CTSL,DDX20,0.891908
315,277,CTSL,RTP4,0.8911754
315,57,CTSL,OASL2,0.8911719
315,177,CTSL,RELB,0.8903295
315,293,CTSL,IRF7,0.89019996
315,318,CTSL,GANAB,0.89015234
419,396,CTSO,RUVBL2,0.90148413
419,28,CTSO,NFE2,0.8983655
419,357,CTSO,MEIS1,0.89649427
419,78,CTSO,MECOM,0.8962374
419,137,CTSO,MYCN,0.89262396
419,277,CTSO,RTP4,0.8923096
419,57,CTSO,OASL2,0.89194083
419,183,CTSO,XAF1,0.89113456
419,504,CTSO,IFI44,0.89110327
419,609,CTSO,UBA7,0.89110327
419,410,CTSO,SMARCA2,0.8899257
419,283,CTSO,EGR1,0.88864714
419,518,CTSO,PHF10,0.88764507
419,0,CTSO,OTUD6B,0.8873572
419,8,CTSO,ATAD1,0.8873572
419,128,CTSO,APLP2,0.8873572
419,136,CTSO,TACC3,0.8873572
419,432,CTSO,HDC,0.8873572
419,450,CTSO,MAGED1,0.8873572
419,514,CTSO,PAK1,0.8873572
419,524,CTSO,TBC1D10C,0.8873572
419,595,CTSO,CSF3R,0.8873572
419,519,CTSO,AGPS,0.8872543
419,81,CTSO,HDAC11,0.88636285
419,198,CTSO,NDN,0.8857979
419,50,CTSO,NFAT5,0.8857518
419,404,CTSO,FTSJ3,0.8855358
419,33,CTSO,CSTF2,0.8854538
419,263,CTSO,JUN,0.884927
419,2,CTSO,PPP1R15A,0.8849047
419,47,CTSO,FGL2,0.8849047
419,140,CTSO,ANXA3,0.8849047
419,194,CTSO,GOLPH3,0.8849047
419,362,CTSO,PTGS1,0.8849047
419,546,CTSO,PROCR,0.8849047
419,622,CTSO,KRT18,0.8849047
419,564,CTSO,MFNG,0.8846988
419,190,CTSO,RAD51,0.8843264
419,553,CTSO,DHFR,0.8843264
419,367,CTSO,HCFC1,0.88415396
419,394,CTSO,MAPK1,0.8838468
419,251,CTSO,IRF6,0.8836629
419,34,CTSO,MAML3,0.8834213
419,486,CTSO,NFKBIA,0.883378
419,554,CTSO,CDT1,0.88287765
419,590,CTSO,IL12A,0.88253915
419,210,CTSO,PNO1,0.8824361
419,232,CTSO,ICAM1,0.88227135
419,440,CTSO,TMEM97,0.8819445
419,464,CTSO,ZNRF2,0.8819445
178,28,CTSZ,NFE2,0.8995082
178,78,CTSZ,MECOM,0.8980439
178,357,CTSZ,MEIS1,0.8977121
178,137,CTSZ,MYCN,0.89691085
178,150,CTSZ,SORT1,0.8947124
178,410,CTSZ,SMARCA2,0.8938042
178,57,CTSZ,OASL2,0.89334124
178,277,CTSZ,RTP4,0.893341
178,609,CTSZ,UBA7,0.89305264
178,183,CTSZ,XAF1,0.8930278
178,200,CTSZ,IGTP,0.8930278
178,504,CTSZ,IFI44,0.8930278
178,518,CTSZ,PHF10,0.8915329
178,128,CTSZ,APLP2,0.8901379
178,136,CTSZ,TACC3,0.8901379
178,450,CTSZ,MAGED1,0.8901379
178,514,CTSZ,PAK1,0.8901379
178,519,CTSZ,AGPS,0.8901379
178,524,CTSZ,TBC1D10C,0.8901379
178,595,CTSZ,CSF3R,0.8901379
178,8,CTSZ,ATAD1,0.89007616
178,432,CTSZ,HDC,0.89007616
178,283,CTSZ,EGR1,0.88986844
178,404,CTSZ,FTSJ3,0.8889846
178,81,CTSZ,HDAC11,0.88897204
178,33,CTSZ,CSTF2,0.88863504
178,564,CTSZ,MFNG,0.88822687
178,367,CTSZ,HCFC1,0.8875937
178,263,CTSZ,JUN,0.8869663
178,0,CTSZ,OTUD6B,0.8869646
178,559,CTSZ,RUNX1T1,0.88689506
178,486,CTSZ,NFKBIA,0.8866147
178,362,CTSZ,PTGS1,0.88631946
178,2,CTSZ,PPP1R15A,0.8863075
178,194,CTSZ,GOLPH3,0.8862891
178,441,CTSZ,EBF1,0.8862709
178,47,CTSZ,FGL2,0.88626575
178,140,CTSZ,ANXA3,0.88626575
178,146,CTSZ,SCARF1,0.88626575
178,546,CTSZ,PROCR,0.88626575
178,622,CTSZ,KRT18,0.88626575
178,590,CTSZ,IL12A,0.88626367
178,554,CTSZ,CDT1,0.8861086
178,34,CTSZ,MAML3,0.88597697
178,232,CTSZ,ICAM1,0.8858457
178,251,CTSZ,IRF6,0.88533676
178,394,CTSZ,MAPK1,0.8851741
178,177,CTSZ,RELB,0.8851682
178,210,CTSZ,PNO1,0.8850382
178,440,CTSZ,TMEM97,0.88411164
216,34,CUL3,MAML3,0.92888045
216,292,CUL3,HDAC7,0.9223943
216,209,CUL3,ZBTB16,0.9155424
216,439,CUL3,DDX20,0.9118327
216,81,CUL3,HDAC11,0.9101668
216,475,CUL3,BCL2,0.9079733
216,186,CUL3,STT3B,0.90585774
216,82,CUL3,RB1,0.9048871
216,0,CUL3,OTUD6B,0.90173256
216,8,CUL3,ATAD1,0.90173256
216,128,CUL3,APLP2,0.90173256
216,136,CUL3,TACC3,0.90173256
216,150,CUL3,SORT1,0.90173256
216,396,CUL3,RUVBL2,0.90173256
216,432,CUL3,HDC,0.90173256
216,450,CUL3,MAGED1,0.90173256
216,514,CUL3,PAK1,0.90173256
216,519,CUL3,AGPS,0.90173256
216,524,CUL3,TBC1D10C,0.90173256
216,595,CUL3,CSF3R,0.90173256
216,351,CUL3,ERCC8,0.8995099
216,554,CUL3,CDT1,0.89871794
216,404,CUL3,FTSJ3,0.89833933
216,331,CUL3,PIM2,0.8917694
216,410,CUL3,SMARCA2,0.8896138
216,199,CUL3,E2F4,0.88069844
216,429,CUL3,GFI1B,0.880207
216,206,CUL3,ZDHHC6,0.8757459
216,537,CUL3,TXNDC11,0.87187946
216,611,CUL3,ZEB2,0.87187946
216,289,CUL3,GT(ROSA)26SOR,0.86961204
216,161,CUL3,JARID2,0.8694266
216,255,CUL3,CD74,0.8651568
216,440,CUL3,TMEM97,0.859913
216,464,CUL3,ZNRF2,0.859913
216,402,CUL3,EIF1AD,0.85301316
216,73,CUL3,RORC,0.8499155
216,210,CUL3,PNO1,0.8476382
216,486,CUL3,NFKBIA,0.8470123
216,91,CUL3,FCHO2,0.84495896
216,50,CUL3,NFAT5,0.84108347
216,621,CUL3,SNRPB,0.8377263
216,33,CUL3,CSTF2,0.82936364
216,226,CUL3,POLR2B,0.82780415
216,200,CUL3,IGTP,0.8241256
216,183,CUL3,XAF1,0.8239814
216,504,CUL3,IFI44,0.8239814
216,609,CUL3,UBA7,0.8239814
216,177,CUL3,RELB,0.81386566
216,363,CUL3,MYC,0.8138311
105,47,CYB5R1,FGL2,0.897415
105,357,CYB5R1,MEIS1,0.89649427
105,78,CYB5R1,MECOM,0.8962374
105,28,CYB5R1,NFE2,0.89311856
105,137,CYB5R1,MYCN,0.89262396
105,57,CYB5R1,OASL2,0.89194083
105,277,CYB5R1,RTP4,0.89194053
105,183,CYB5R1,XAF1,0.89110327
105,200,CYB5R1,IGTP,0.89110327
105,504,CYB5R1,IFI44,0.89110327
105,609,CYB5R1,UBA7,0.89110327
105,410,CYB5R1,SMARCA2,0.8899257
105,34,CYB5R1,MAML3,0.8896462
105,283,CYB5R1,EGR1,0.88860416
105,518,CYB5R1,PHF10,0.88764507
105,396,CYB5R1,RUVBL2,0.88738984
105,150,CYB5R1,SORT1,0.8873755
105,0,CYB5R1,OTUD6B,0.8873572
105,8,CYB5R1,ATAD1,0.8873572
105,128,CYB5R1,APLP2,0.8873572
105,136,CYB5R1,TACC3,0.8873572
105,432,CYB5R1,HDC,0.8873572
105,450,CYB5R1,MAGED1,0.8873572
105,514,CYB5R1,PAK1,0.8873572
105,519,CYB5R1,AGPS,0.8873572
105,524,CYB5R1,TBC1D10C,0.8873572
105,595,CYB5R1,CSF3R,0.88720065
105,81,CYB5R1,HDAC11,0.88636285
105,198,CYB5R1,NDN,0.8857979
105,404,CYB5R1,FTSJ3,0.8855358
105,2,CYB5R1,PPP1R15A,0.8849047
105,140,CYB5R1,ANXA3,0.8849047
105,146,CYB5R1,SCARF1,0.8849047
105,194,CYB5R1,GOLPH3,0.8849047
105,441,CYB5R1,EBF1,0.8849047
105,546,CYB5R1,PROCR,0.8849047
105,622,CYB5R1,KRT18,0.8849047
105,564,CYB5R1,MFNG,0.88467485
105,33,CYB5R1,CSTF2,0.88436633
105,363,CYB5R1,MYC,0.88436043
105,190,CYB5R1,RAD51,0.8843264
105,553,CYB5R1,DHFR,0.8843264
105,367,CYB5R1,HCFC1,0.88415396
105,394,CYB5R1,MAPK1,0.8838468
105,251,CYB5R1,IRF6,0.8836629
105,486,CYB5R1,NFKBIA,0.88339585
105,554,CYB5R1,CDT1,0.8828236
105,590,CYB5R1,IL12A,0.88253915
105,210,CYB5R1,PNO1,0.8824361
105,232,CYB5R1,ICAM1,0.88227135
584,28,CYBC1,NFE2,0.8983655
584,150,CYBC1,SORT1,0.8981083
584,78,CYBC1,MECOM,0.8962374
584,57,CYBC1,OASL2,0.89185756
584,0,CYBC1,OTUD6B,0.8873572
584,128,CYBC1,APLP2,0.8873572
584,81,CYBC1,HDAC11,0.88636285
584,410,CYBC1,SMARCA2,0.8861624
584,33,CYBC1,CSTF2,0.8854538
584,2,CYBC1,PPP1R15A,0.8849047
584,47,CYBC1,FGL2,0.88477767
584,8,CYBC1,ATAD1,0.8838291
584,34,CYBC1,MAML3,0.8834213
584,357,CYBC1,MEIS1,0.88152486
584,136,CYBC1,TACC3,0.88139534
584,396,CYBC1,RUVBL2,0.88139534
584,432,CYBC1,HDC,0.88139534
584,514,CYBC1,PAK1,0.88139534
584,519,CYBC1,AGPS,0.88139534
584,524,CYBC1,TBC1D10C,0.88139534
584,595,CYBC1,CSF3R,0.88139534
584,622,CYBC1,KRT18,0.8786645
584,404,CYBC1,FTSJ3,0.87809515
584,137,CYBC1,MYCN,0.87807715
584,133,CYBC1,LTB,0.8770103
584,73,CYBC1,RORC,0.8765409
584,200,CYBC1,IGTP,0.8755442
584,504,CYBC1,IFI44,0.8754074
584,183,CYBC1,XAF1,0.8753894
584,64,CYBC1,IRF9,0.8753669
584,554,CYBC1,CDT1,0.8750593
584,67,CYBC1,HDAC2,0.87491274
584,277,CYBC1,RTP4,0.8748612
584,486,CYBC1,NFKBIA,0.8745831
584,440,CYBC1,TMEM97,0.87452364
584,464,CYBC1,ZNRF2,0.87450737
584,84,CYBC1,KLF6,0.8741362
584,210,CYBC1,PNO1,0.87413424
584,50,CYBC1,NFAT5,0.8739216
584,518,CYBC1,PHF10,0.87332916
584,429,CYBC1,GFI1B,0.8720011
584,283,CYBC1,EGR1,0.87170714
584,367,CYBC1,HCFC1,0.87149334
584,177,CYBC1,RELB,0.8707171
584,161,CYBC1,JARID2,0.8706278
584,564,CYBC1,MFNG,0.87013865
584,79,CYBC1,STAT2,0.86777425
584,255,CYBC1,CD74,0.8676714
584,289,CYBC1,GT(ROSA)26SOR,0.8676714
584,190,CYBC1,RAD51,0.8674233
229,28,CYP2J6,NFE2,0.8960846
229,357,CYP2J6,MEIS1,0.8941513
229,78,CYP2J6,MECOM,0.893901
229,183,CYP2J6,XAF1,0.89075
229,277,CYP2J6,RTP4,0.88932604
229,57,CYP2J6,OASL2,0.88932085
229,504,CYP2J6,IFI44,0.8885842
229,609,CYP2J6,UBA7,0.8885842
229,200,CYP2J6,IGTP,0.8885257
229,137,CYP2J6,MYCN,0.88767904
229,410,CYP2J6,SMARCA2,0.88641405
229,283,CYP2J6,EGR1,0.8862161
229,396,CYP2J6,RUVBL2,0.8855862
229,0,CYP2J6,OTUD6B,0.8855211
229,8,CYP2J6,ATAD1,0.8855211
229,128,CYP2J6,APLP2,0.8855211
229,432,CYP2J6,HDC,0.8855211
229,514,CYP2J6,PAK1,0.8855211
229,519,CYP2J6,AGPS,0.8855211
229,524,CYP2J6,TBC1D10C,0.8855211
229,595,CYP2J6,CSF3R,0.8855211
229,150,CYP2J6,SORT1,0.8855204
229,622,CYP2J6,KRT18,0.88485086
229,81,CYP2J6,HDAC11,0.8841106
229,198,CYP2J6,NDN,0.88374704
229,190,CYP2J6,RAD51,0.8829599
229,553,CYP2J6,DHFR,0.8829599
229,518,CYP2J6,PHF10,0.88252693
229,263,CYP2J6,JUN,0.88248855
229,2,CYP2J6,PPP1R15A,0.88245225
229,47,CYP2J6,FGL2,0.88245225
229,140,CYP2J6,ANXA3,0.88245225
229,146,CYP2J6,SCARF1,0.88245225
229,194,CYP2J6,GOLPH3,0.88245225
229,441,CYP2J6,EBF1,0.88245225
229,546,CYP2J6,PROCR,0.88245225
229,362,CYP2J6,PTGS1,0.88138944
229,34,CYP2J6,MAML3,0.8811542
229,251,CYP2J6,IRF6,0.88112223
229,33,CYP2J6,CSTF2,0.8810167
229,554,CYP2J6,CDT1,0.8808122
229,394,CYP2J6,MAPK1,0.8807489
229,564,CYP2J6,MFNG,0.88001764
229,210,CYP2J6,PNO1,0.879915
229,367,CYP2J6,HCFC1,0.8798657
229,440,CYP2J6,TMEM97,0.87961394
229,464,CYP2J6,ZNRF2,0.87961394
229,486,CYP2J6,NFKBIA,0.8790934
229,590,CYP2J6,IL12A,0.8782632
229,177,CYP2J6,RELB,0.8776134
138,136,CYP2J9,TACC3,0.901884
138,514,CYP2J9,PAK1,0.901884
138,28,CYP2J9,NFE2,0.8983655
138,357,CYP2J9,MEIS1,0.89649427
138,78,CYP2J9,MECOM,0.8962374
138,137,CYP2J9,MYCN,0.89262396
138,277,CYP2J9,RTP4,0.89194053
138,57,CYP2J9,OASL2,0.89192724
138,200,CYP2J9,IGTP,0.89113194
138,504,CYP2J9,IFI44,0.8911102
138,183,CYP2J9,XAF1,0.89110327
138,609,CYP2J9,UBA7,0.89110327
138,410,CYP2J9,SMARCA2,0.8899257
138,518,CYP2J9,PHF10,0.88764507
138,362,CYP2J9,PTGS1,0.8876097
138,0,CYP2J9,OTUD6B,0.8873572
138,8,CYP2J9,ATAD1,0.8873572
138,128,CYP2J9,APLP2,0.8873572
138,150,CYP2J9,SORT1,0.8873572
138,396,CYP2J9,RUVBL2,0.8873572
138,450,CYP2J9,MAGED1,0.8873572
138,519,CYP2J9,AGPS,0.8873572
138,524,CYP2J9,TBC1D10C,0.8873572
138,595,CYP2J9,CSF3R,0.8873467
138,81,CYP2J9,HDAC11,0.88636285
138,198,CYP2J9,NDN,0.88581157
138,404,CYP2J9,FTSJ3,0.8855358
138,33,CYP2J9,CSTF2,0.8854538
138,263,CYP2J9,JUN,0.88490635
138,2,CYP2J9,PPP1R15A,0.8849047
138,47,CYP2J9,FGL2,0.8849047
138,140,CYP2J9,ANXA3,0.8849047
138,146,CYP2J9,SCARF1,0.8849047
138,441,CYP2J9,EBF1,0.8849047
138,546,CYP2J9,PROCR,0.8849047
138,622,CYP2J9,KRT18,0.8849047
138,564,CYP2J9,MFNG,0.88467485
138,553,CYP2J9,DHFR,0.88433087
138,190,CYP2J9,RAD51,0.8843264
138,367,CYP2J9,HCFC1,0.88415396
138,394,CYP2J9,MAPK1,0.88392556
138,34,CYP2J9,MAML3,0.8834213
138,486,CYP2J9,NFKBIA,0.88339585
138,554,CYP2J9,CDT1,0.882895
138,590,CYP2J9,IL12A,0.88253766
138,194,CYP2J9,GOLPH3,0.88229126
138,232,CYP2J9,ICAM1,0.88227135
138,440,CYP2J9,TMEM97,0.8820363
138,464,CYP2J9,ZNRF2,0.8819925
138,177,CYP2J9,RELB,0.8812379
114,429,CYP4V3,GFI1B,0.91234636
114,209,CYP4V3,ZBTB16,0.9063026
114,28,CYP4V3,NFE2,0.90543985
114,410,CYP4V3,SMARCA2,0.90504336
114,396,CYP4V3,RUVBL2,0.9048247
114,518,CYP4V3,PHF10,0.9036958
114,357,CYP4V3,MEIS1,0.9035587
114,33,CYP4V3,CSTF2,0.90261006
114,78,CYP4V3,MECOM,0.90196526
114,404,CYP4V3,FTSJ3,0.9019227
114,367,CYP4V3,HCFC1,0.9011589
114,0,CYP4V3,OTUD6B,0.9009122
114,8,CYP4V3,ATAD1,0.9009122
114,128,CYP4V3,APLP2,0.9009122
114,136,CYP4V3,TACC3,0.9009122
114,150,CYP4V3,SORT1,0.9009122
114,432,CYP4V3,HDC,0.9009122
114,450,CYP4V3,MAGED1,0.9009122
114,514,CYP4V3,PAK1,0.9009122
114,519,CYP4V3,AGPS,0.9009122
114,524,CYP4V3,TBC1D10C,0.9009122
114,595,CYP4V3,CSF3R,0.9009122
114,277,CYP4V3,RTP4,0.89975184
114,57,CYP4V3,OASL2,0.89972246
114,137,CYP4V3,MYCN,0.89952224
114,81,CYP4V3,HDAC11,0.8994419
114,210,CYP4V3,PNO1,0.89863735
114,177,CYP4V3,RELB,0.8983204
114,554,CYP4V3,CDT1,0.8982778
114,440,CYP4V3,TMEM97,0.89684296
114,464,CYP4V3,ZNRF2,0.89684296
114,183,CYP4V3,XAF1,0.89671075
114,200,CYP4V3,IGTP,0.89671075
114,609,CYP4V3,UBA7,0.89671075
114,504,CYP4V3,IFI44,0.8965621
114,283,CYP4V3,EGR1,0.89571553
114,34,CYP4V3,MAML3,0.8955573
114,564,CYP4V3,MFNG,0.89547163
114,161,CYP4V3,JARID2,0.89474475
114,198,CYP4V3,NDN,0.8942717
114,363,CYP4V3,MYC,0.8937161
114,190,CYP4V3,RAD51,0.8937142
114,553,CYP4V3,DHFR,0.8937142
114,73,CYP4V3,RORC,0.89354753
114,67,CYP4V3,HDAC2,0.8930697
114,47,CYP4V3,FGL2,0.892869
114,140,CYP4V3,ANXA3,0.892869
114,146,CYP4V3,SCARF1,0.892869
114,194,CYP4V3,GOLPH3,0.892869
114,441,CYP4V3,EBF1,0.892869
392,34,DCAF13,MAML3,0.93464696
392,439,DCAF13,DDX20,0.93355244
392,292,DCAF13,HDAC7,0.93015
392,81,DCAF13,HDAC11,0.92086524
392,82,DCAF13,RB1,0.9169451
392,209,DCAF13,ZBTB16,0.9151509
392,475,DCAF13,BCL2,0.9117749
392,186,DCAF13,STT3B,0.90695804
392,351,DCAF13,ERCC8,0.9042471
392,91,DCAF13,FCHO2,0.9035788
392,611,DCAF13,ZEB2,0.9035256
392,150,DCAF13,SORT1,0.89981836
392,595,DCAF13,CSF3R,0.8997792
392,0,DCAF13,OTUD6B,0.89975697
392,8,DCAF13,ATAD1,0.89975697
392,136,DCAF13,TACC3,0.89975697
392,396,DCAF13,RUVBL2,0.89975697
392,514,DCAF13,PAK1,0.89975697
392,519,DCAF13,AGPS,0.89975697
392,432,DCAF13,HDC,0.89967823
392,450,DCAF13,MAGED1,0.89967823
392,537,DCAF13,TXNDC11,0.8992853
392,206,DCAF13,ZDHHC6,0.8981787
392,554,DCAF13,CDT1,0.89749455
392,404,DCAF13,FTSJ3,0.89523387
392,331,DCAF13,PIM2,0.89085054
392,410,DCAF13,SMARCA2,0.8834768
392,621,DCAF13,SNRPB,0.88039106
392,199,DCAF13,E2F4,0.877644
392,429,DCAF13,GFI1B,0.87753415
392,226,DCAF13,POLR2B,0.8761938
392,534,DCAF13,MORC3,0.875417
392,161,DCAF13,JARID2,0.86386245
392,289,DCAF13,GT(ROSA)26SOR,0.855081
392,255,DCAF13,CD74,0.855071
392,440,DCAF13,TMEM97,0.8548081
392,464,DCAF13,ZNRF2,0.8548081
392,402,DCAF13,EIF1AD,0.84844637
392,128,DCAF13,APLP2,0.84666705
392,524,DCAF13,TBC1D10C,0.8463971
392,73,DCAF13,RORC,0.8412258
392,299,DCAF13,ORC2,0.84115666
392,210,DCAF13,PNO1,0.83447504
392,486,DCAF13,NFKBIA,0.8326715
392,74,DCAF13,TOP2A,0.83093935
392,290,DCAF13,POLD1,0.82445896
392,50,DCAF13,NFAT5,0.82228535
392,21,DCAF13,RRM1,0.81716377
392,189,DCAF13,MCM5,0.8170089
392,33,DCAF13,CSTF2,0.8153638
439,292,DDX20,HDAC7,0.93388426
439,34,DDX20,MAML3,0.93130314
439,82,DDX20,RB1,0.9227395
439,81,DDX20,HDAC11,0.911695
439,209,DDX20,ZBTB16,0.91128933
439,475,DDX20,BCL2,0.9042012
439,186,DDX20,STT3B,0.89707935
439,91,DDX20,FCHO2,0.89499295
439,611,DDX20,ZEB2,0.89499295
439,206,DDX20,ZDHHC6,0.8947234
439,537,DDX20,TXNDC11,0.8946099
439,136,DDX20,TACC3,0.8898805
439,0,DDX20,OTUD6B,0.8898095
439,8,DDX20,ATAD1,0.8898095
439,128,DDX20,APLP2,0.8898095
439,150,DDX20,SORT1,0.8898095
439,396,DDX20,RUVBL2,0.8898095
439,432,DDX20,HDC,0.8898095
439,450,DDX20,MAGED1,0.8898095
439,519,DDX20,AGPS,0.8898095
439,524,DDX20,TBC1D10C,0.8898095
439,595,DDX20,CSF3R,0.8898095
439,514,DDX20,PAK1,0.8896321
439,351,DDX20,ERCC8,0.88879246
439,554,DDX20,CDT1,0.8834761
439,404,DDX20,FTSJ3,0.88009346
439,534,DDX20,MORC3,0.87956005
439,331,DDX20,PIM2,0.87574196
439,410,DDX20,SMARCA2,0.8701712
439,226,DDX20,POLR2B,0.8665368
439,429,DDX20,GFI1B,0.86225533
439,199,DDX20,E2F4,0.8552473
439,299,DDX20,ORC2,0.8534291
439,621,DDX20,SNRPB,0.8530656
439,161,DDX20,JARID2,0.84721816
439,255,DDX20,CD74,0.8387768
439,289,DDX20,GT(ROSA)26SOR,0.8387768
439,440,DDX20,TMEM97,0.83838814
439,464,DDX20,ZNRF2,0.83838814
439,402,DDX20,EIF1AD,0.8236608
439,73,DDX20,RORC,0.81760293
439,74,DDX20,TOP2A,0.81171006
439,486,DDX20,NFKBIA,0.8099499
439,210,DDX20,PNO1,0.8051367
439,290,DDX20,POLD1,0.8021372
439,50,DDX20,NFAT5,0.80077946
439,21,DDX20,RRM1,0.79717475
439,189,DDX20,MCM5,0.79217476
439,33,DDX20,CSTF2,0.7914949
439,279,DDX20,AURKB,0.7849165
149,28,DDX58,NFE2,0.8983655
149,357,DDX58,MEIS1,0.89649427
149,78,DDX58,MECOM,0.8962374
149,137,DDX58,MYCN,0.89262396
149,277,DDX58,RTP4,0.89194053
149,57,DDX58,OASL2,0.89192724
149,183,DDX58,XAF1,0.89111525
149,200,DDX58,IGTP,0.89110327
149,504,DDX58,IFI44,0.89110327
149,609,DDX58,UBA7,0.89106596
149,410,DDX58,SMARCA2,0.8899257
149,283,DDX58,EGR1,0.88864714
149,518,DDX58,PHF10,0.88764507
149,0,DDX58,OTUD6B,0.8874021
149,128,DDX58,APLP2,0.8873572
149,136,DDX58,TACC3,0.8873572
149,150,DDX58,SORT1,0.8873572
149,396,DDX58,RUVBL2,0.8873572
149,450,DDX58,MAGED1,0.8873572
149,519,DDX58,AGPS,0.8873572
149,524,DDX58,TBC1D10C,0.8873572
149,595,DDX58,CSF3R,0.8873572
149,8,DDX58,ATAD1,0.8873467
149,514,DDX58,PAK1,0.88710934
149,232,DDX58,ICAM1,0.8870052
149,432,DDX58,HDC,0.8865584
149,81,DDX58,HDAC11,0.88636285
149,198,DDX58,NDN,0.8857979
149,404,DDX58,FTSJ3,0.8855358
149,33,DDX58,CSTF2,0.8854538
149,263,DDX58,JUN,0.884927
149,140,DDX58,ANXA3,0.8849264
149,146,DDX58,SCARF1,0.8849264
149,2,DDX58,PPP1R15A,0.8849098
149,47,DDX58,FGL2,0.8849047
149,194,DDX58,GOLPH3,0.8849047
149,362,DDX58,PTGS1,0.8849047
149,441,DDX58,EBF1,0.8849047
149,546,DDX58,PROCR,0.8849047
149,622,DDX58,KRT18,0.8849047
149,564,DDX58,MFNG,0.8843522
149,190,DDX58,RAD51,0.8843264
149,553,DDX58,DHFR,0.8842965
149,367,DDX58,HCFC1,0.8840827
149,251,DDX58,IRF6,0.88364166
149,34,DDX58,MAML3,0.8834213
149,486,DDX58,NFKBIA,0.88339585
149,590,DDX58,IL12A,0.88253915
149,210,DDX58,PNO1,0.8824361
149,440,DDX58,TMEM97,0.8819445
458,28,DEF8,NFE2,0.8983655
458,357,DEF8,MEIS1,0.8964847
458,78,DEF8,MECOM,0.8962374
458,137,DEF8,MYCN,0.89262396
458,57,DEF8,OASL2,0.89194083
458,200,DEF8,IGTP,0.89110327
458,609,DEF8,UBA7,0.89110327
458,504,DEF8,IFI44,0.8910898
458,410,DEF8,SMARCA2,0.88990325
458,283,DEF8,EGR1,0.88864714
458,564,DEF8,MFNG,0.88849646
458,595,DEF8,CSF3R,0.88736826
458,0,DEF8,OTUD6B,0.8873572
458,128,DEF8,APLP2,0.8873572
458,136,DEF8,TACC3,0.8873572
458,150,DEF8,SORT1,0.8873572
458,432,DEF8,HDC,0.8873572
458,450,DEF8,MAGED1,0.8873572
458,514,DEF8,PAK1,0.8873572
458,519,DEF8,AGPS,0.8873467
458,8,DEF8,ATAD1,0.88726604
458,81,DEF8,HDAC11,0.88636285
458,198,DEF8,NDN,0.8857979
458,404,DEF8,FTSJ3,0.8855358
458,33,DEF8,CSTF2,0.8854538
458,263,DEF8,JUN,0.884927
458,2,DEF8,PPP1R15A,0.8849047
458,47,DEF8,FGL2,0.8849047
458,146,DEF8,SCARF1,0.8849047
458,194,DEF8,GOLPH3,0.8849047
458,362,DEF8,PTGS1,0.8849047
458,546,DEF8,PROCR,0.8849047
458,622,DEF8,KRT18,0.8849047
458,190,DEF8,RAD51,0.8843264
458,553,DEF8,DHFR,0.8843264
458,367,DEF8,HCFC1,0.88415396
458,394,DEF8,MAPK1,0.8838468
458,251,DEF8,IRF6,0.8836629
458,486,DEF8,NFKBIA,0.88339585
458,34,DEF8,MAML3,0.88338006
458,554,DEF8,CDT1,0.88287765
458,590,DEF8,IL12A,0.88245153
458,210,DEF8,PNO1,0.8824361
458,140,DEF8,ANXA3,0.88234997
458,232,DEF8,ICAM1,0.8820425
458,464,DEF8,ZNRF2,0.8819445
458,177,DEF8,RELB,0.8818608
458,161,DEF8,JARID2,0.87992513
458,606,DEF8,ELP2,0.8797057
458,429,DEF8,GFI1B,0.8796055
535,357,DEK,MEIS1,0.90223205
535,28,DEK,NFE2,0.89777774
535,78,DEK,MECOM,0.8962374
535,137,DEK,MYCN,0.89262396
535,57,DEK,OASL2,0.89194083
535,277,DEK,RTP4,0.89194053
535,200,DEK,IGTP,0.89113456
535,609,DEK,UBA7,0.89110327
535,504,DEK,IFI44,0.8910885
535,183,DEK,XAF1,0.89104354
535,34,DEK,MAML3,0.89054924
535,410,DEK,SMARCA2,0.8899257
535,518,DEK,PHF10,0.8876338
535,150,DEK,SORT1,0.88738984
535,136,DEK,TACC3,0.88736826
535,0,DEK,OTUD6B,0.8873572
535,8,DEK,ATAD1,0.8873572
535,128,DEK,APLP2,0.8873572
535,396,DEK,RUVBL2,0.8873572
535,432,DEK,HDC,0.8873572
535,450,DEK,MAGED1,0.8873572
535,514,DEK,PAK1,0.8873572
535,524,DEK,TBC1D10C,0.8873572
535,595,DEK,CSF3R,0.8873572
535,283,DEK,EGR1,0.8865094
535,81,DEK,HDAC11,0.88636285
535,198,DEK,NDN,0.8857979
535,404,DEK,FTSJ3,0.8855358
535,33,DEK,CSTF2,0.8854538
535,146,DEK,SCARF1,0.88500047
535,546,DEK,PROCR,0.88500047
535,263,DEK,JUN,0.884927
535,47,DEK,FGL2,0.8849047
535,140,DEK,ANXA3,0.8849047
535,194,DEK,GOLPH3,0.8849047
535,622,DEK,KRT18,0.8849047
535,441,DEK,EBF1,0.8848445
535,362,DEK,PTGS1,0.88483244
535,564,DEK,MFNG,0.88467485
535,190,DEK,RAD51,0.8843264
535,553,DEK,DHFR,0.8843264
535,367,DEK,HCFC1,0.88405323
535,394,DEK,MAPK1,0.8838468
535,251,DEK,IRF6,0.8836629
535,486,DEK,NFKBIA,0.88339585
535,590,DEK,IL12A,0.88253915
535,210,DEK,PNO1,0.8824361
535,232,DEK,ICAM1,0.88227135
535,440,DEK,TMEM97,0.8819445
535,464,DEK,ZNRF2,0.8819445
65,200,DENND1C,IGTP,0.9024159
65,28,DENND1C,NFE2,0.8983215
65,357,DENND1C,MEIS1,0.8964612
65,78,DENND1C,MECOM,0.89618415
65,137,DENND1C,MYCN,0.89356303
65,519,DENND1C,AGPS,0.89298743
65,410,DENND1C,SMARCA2,0.89217
65,57,DENND1C,OASL2,0.8920751
65,277,DENND1C,RTP4,0.8920748
65,504,DENND1C,IFI44,0.8915941
65,183,DENND1C,XAF1,0.8915706
65,609,DENND1C,UBA7,0.8915706
65,283,DENND1C,EGR1,0.8886673
65,514,DENND1C,PAK1,0.8883863
65,8,DENND1C,ATAD1,0.8883782
65,432,DENND1C,HDC,0.88834614
65,0,DENND1C,OTUD6B,0.8883433
65,128,DENND1C,APLP2,0.8883433
65,136,DENND1C,TACC3,0.8883433
65,150,DENND1C,SORT1,0.8883433
65,450,DENND1C,MAGED1,0.8883433
65,524,DENND1C,TBC1D10C,0.8883433
65,518,DENND1C,PHF10,0.8882225
65,595,DENND1C,CSF3R,0.8875374
65,194,DENND1C,GOLPH3,0.88714886
65,81,DENND1C,HDAC11,0.886729
65,404,DENND1C,FTSJ3,0.88646466
65,33,DENND1C,CSTF2,0.88608915
65,564,DENND1C,MFNG,0.88513625
65,367,DENND1C,HCFC1,0.88487667
65,2,DENND1C,PPP1R15A,0.8847127
65,47,DENND1C,FGL2,0.8847127
65,140,DENND1C,ANXA3,0.8847127
65,146,DENND1C,SCARF1,0.8847127
65,362,DENND1C,PTGS1,0.8847127
65,441,DENND1C,EBF1,0.8847127
65,546,DENND1C,PROCR,0.8847127
65,486,DENND1C,NFKBIA,0.8840839
65,554,DENND1C,CDT1,0.88405323
65,251,DENND1C,IRF6,0.88394064
65,34,DENND1C,MAML3,0.88373387
65,590,DENND1C,IL12A,0.88350165
65,394,DENND1C,MAPK1,0.88348484
65,232,DENND1C,ICAM1,0.88290274
65,177,DENND1C,RELB,0.8826284
65,210,DENND1C,PNO1,0.88250196
65,440,DENND1C,TMEM97,0.8822148
65,464,DENND1C,ZNRF2,0.8822148
65,606,DENND1C,ELP2,0.88050663
65,198,DENND1C,NDN,0.880444
301,28,DENND2D,NFE2,0.8983601
301,357,DENND2D,MEIS1,0.89649427
301,78,DENND2D,MECOM,0.8962374
301,137,DENND2D,MYCN,0.89262396
301,519,DENND2D,AGPS,0.8920358
301,277,DENND2D,RTP4,0.89194053
301,57,DENND2D,OASL2,0.8918626
301,183,DENND2D,XAF1,0.89110327
301,200,DENND2D,IGTP,0.89110327
301,504,DENND2D,IFI44,0.89110327
301,609,DENND2D,UBA7,0.89110327
301,410,DENND2D,SMARCA2,0.8905263
301,73,DENND2D,RORC,0.88936245
301,283,DENND2D,EGR1,0.88864714
301,518,DENND2D,PHF10,0.8878117
301,8,DENND2D,ATAD1,0.8873572
301,128,DENND2D,APLP2,0.8873572
301,136,DENND2D,TACC3,0.8873572
301,150,DENND2D,SORT1,0.8873572
301,432,DENND2D,HDC,0.8873572
301,524,DENND2D,TBC1D10C,0.8873572
301,595,DENND2D,CSF3R,0.8873572
301,450,DENND2D,MAGED1,0.88726604
301,33,DENND2D,CSTF2,0.8865017
301,81,DENND2D,HDAC11,0.88636285
301,198,DENND2D,NDN,0.8857979
301,404,DENND2D,FTSJ3,0.8855358
301,263,DENND2D,JUN,0.884927
301,2,DENND2D,PPP1R15A,0.8849047
301,47,DENND2D,FGL2,0.8849047
301,140,DENND2D,ANXA3,0.8849047
301,194,DENND2D,GOLPH3,0.8849047
301,362,DENND2D,PTGS1,0.8849047
301,441,DENND2D,EBF1,0.8849047
301,622,DENND2D,KRT18,0.8849047
301,546,DENND2D,PROCR,0.88490117
301,146,DENND2D,SCARF1,0.88488483
301,564,DENND2D,MFNG,0.88467485
301,190,DENND2D,RAD51,0.8843264
301,553,DENND2D,DHFR,0.8843264
301,367,DENND2D,HCFC1,0.88415396
301,394,DENND2D,MAPK1,0.8838468
301,396,DENND2D,RUVBL2,0.8838291
301,251,DENND2D,IRF6,0.8836629
301,34,DENND2D,MAML3,0.8834213
301,486,DENND2D,NFKBIA,0.88339585
301,554,DENND2D,CDT1,0.88287765
301,210,DENND2D,PNO1,0.8824361
301,232,DENND2D,ICAM1,0.88227135
301,440,DENND2D,TMEM97,0.8819445
553,81,DHFR,HDAC11,0.9375841
553,34,DHFR,MAML3,0.93621695
553,8,DHFR,ATAD1,0.9352284
553,554,DHFR,CDT1,0.93352926
553,351,DHFR,ERCC8,0.93276113
553,0,DHFR,OTUD6B,0.9303768
553,128,DHFR,APLP2,0.9303768
553,396,DHFR,RUVBL2,0.9303768
553,432,DHFR,HDC,0.9303768
553,450,DHFR,MAGED1,0.9303768
553,514,DHFR,PAK1,0.9303768
553,519,DHFR,AGPS,0.9303768
553,136,DHFR,TACC3,0.93033683
553,150,DHFR,SORT1,0.93026483
553,524,DHFR,TBC1D10C,0.930258
553,404,DHFR,FTSJ3,0.9302081
553,331,DHFR,PIM2,0.9297874
553,199,DHFR,E2F4,0.92864025
553,209,DHFR,ZBTB16,0.92776334
553,292,DHFR,HDAC7,0.92748517
553,186,DHFR,STT3B,0.9258571
553,410,DHFR,SMARCA2,0.92258704
553,429,DHFR,GFI1B,0.92198765
553,475,DHFR,BCL2,0.92194784
553,439,DHFR,DDX20,0.9216293
553,82,DHFR,RB1,0.9162224
553,57,DHFR,OASL2,0.91504836
553,289,DHFR,GT(ROSA)26SOR,0.90878344
553,255,DHFR,CD74,0.9087203
553,161,DHFR,JARID2,0.90846515
553,464,DHFR,ZNRF2,0.90629965
553,440,DHFR,TMEM97,0.9061636
553,226,DHFR,POLR2B,0.90479463
553,137,DHFR,MYCN,0.9043469
553,402,DHFR,EIF1AD,0.9036681
553,73,DHFR,RORC,0.9030319
553,183,DHFR,XAF1,0.90294915
553,200,DHFR,IGTP,0.9026189
553,504,DHFR,IFI44,0.9026189
553,609,DHFR,UBA7,0.9026189
553,534,DHFR,MORC3,0.8988489
553,210,DHFR,PNO1,0.8986621
553,486,DHFR,NFKBIA,0.89712036
553,595,DHFR,CSF3R,0.8956071
553,50,DHFR,NFAT5,0.89447916
553,33,DHFR,CSTF2,0.8912044
553,216,DHFR,CUL3,0.8863751
553,206,DHFR,ZDHHC6,0.8836624
553,363,DHFR,MYC,0.8818935
553,537,DHFR,TXNDC11,0.8801155
221,8,DHRS3,ATAD1,0.90148413
221,28,DHRS3,NFE2,0.8983655
221,357,DHRS3,MEIS1,0.89649427
221,78,DHRS3,MECOM,0.8962374
221,137,DHRS3,MYCN,0.89262396
221,57,DHRS3,OASL2,0.89194083
221,277,DHRS3,RTP4,0.89194053
221,183,DHRS3,XAF1,0.89110327
221,200,DHRS3,IGTP,0.89110327
221,504,DHRS3,IFI44,0.89110327
221,609,DHRS3,UBA7,0.89110327
221,410,DHRS3,SMARCA2,0.8899257
221,283,DHRS3,EGR1,0.88864714
221,518,DHRS3,PHF10,0.88764507
221,128,DHRS3,APLP2,0.8873572
221,136,DHRS3,TACC3,0.8873572
221,150,DHRS3,SORT1,0.8873572
221,432,DHRS3,HDC,0.8873572
221,514,DHRS3,PAK1,0.8873572
221,519,DHRS3,AGPS,0.8873572
221,524,DHRS3,TBC1D10C,0.8873572
221,595,DHRS3,CSF3R,0.8873572
221,396,DHRS3,RUVBL2,0.8872954
221,81,DHRS3,HDAC11,0.8862119
221,198,DHRS3,NDN,0.8857979
221,546,DHRS3,PROCR,0.88568705
221,622,DHRS3,KRT18,0.88568705
221,404,DHRS3,FTSJ3,0.8855358
221,33,DHRS3,CSTF2,0.8854538
221,263,DHRS3,JUN,0.884927
221,2,DHRS3,PPP1R15A,0.8849047
221,140,DHRS3,ANXA3,0.8849047
221,362,DHRS3,PTGS1,0.8849047
221,441,DHRS3,EBF1,0.8849047
221,47,DHRS3,FGL2,0.88490415
221,564,DHRS3,MFNG,0.88467485
221,0,DHRS3,OTUD6B,0.88435096
221,450,DHRS3,MAGED1,0.88435096
221,190,DHRS3,RAD51,0.8843264
221,553,DHRS3,DHFR,0.8843264
221,367,DHRS3,HCFC1,0.88415396
221,394,DHRS3,MAPK1,0.8838468
221,251,DHRS3,IRF6,0.8836629
221,34,DHRS3,MAML3,0.8834213
221,486,DHRS3,NFKBIA,0.88339585
221,554,DHRS3,CDT1,0.88287765
221,590,DHRS3,IL12A,0.88253915
221,232,DHRS3,ICAM1,0.88227135
221,464,DHRS3,ZNRF2,0.8820509
221,440,DHRS3,TMEM97,0.8819419
222,8,DHX33,ATAD1,0.8958753
222,410,DHX33,SMARCA2,0.8840214
222,28,DHX33,NFE2,0.88266
222,357,DHX33,MEIS1,0.8807794
222,128,DHX33,APLP2,0.8791
222,136,DHX33,TACC3,0.8791
222,150,DHX33,SORT1,0.8791
222,432,DHX33,HDC,0.8791
222,514,DHX33,PAK1,0.8791
222,519,DHX33,AGPS,0.8791
222,524,DHX33,TBC1D10C,0.8791
222,595,DHX33,CSF3R,0.8791
222,396,DHX33,RUVBL2,0.8790232
222,78,DHX33,MECOM,0.8781504
222,404,DHX33,FTSJ3,0.87744045
222,137,DHX33,MYCN,0.876909
222,0,DHX33,OTUD6B,0.8755948
222,450,DHX33,MAGED1,0.8755948
222,81,DHX33,HDAC11,0.8747809
222,183,DHX33,XAF1,0.87437195
222,200,DHX33,IGTP,0.87437195
222,504,DHX33,IFI44,0.87437195
222,609,DHX33,UBA7,0.87437195
222,57,DHX33,OASL2,0.8741784
222,277,DHX33,RTP4,0.8741783
222,33,DHX33,CSTF2,0.87315226
222,554,DHX33,CDT1,0.8724668
222,464,DHX33,ZNRF2,0.8723576
222,486,DHX33,NFKBIA,0.8722954
222,440,DHX33,TMEM97,0.87223804
222,34,DHX33,MAML3,0.87137103
222,518,DHX33,PHF10,0.8703057
222,283,DHX33,EGR1,0.870289
222,429,DHX33,GFI1B,0.8696122
222,177,DHX33,RELB,0.8684865
222,367,DHX33,HCFC1,0.86844563
222,161,DHX33,JARID2,0.86833847
222,564,DHX33,MFNG,0.8670326
222,190,DHX33,RAD51,0.86626714
222,553,DHX33,DHFR,0.86626714
222,590,DHX33,IL12A,0.8661111
222,546,DHX33,PROCR,0.8660482
222,622,DHX33,KRT18,0.8660482
222,198,DHX33,NDN,0.86545473
222,255,DHX33,CD74,0.86539656
222,289,DHX33,GT(ROSA)26SOR,0.86539656
222,2,DHX33,PPP1R15A,0.8650242
222,140,DHX33,ANXA3,0.8650242
222,362,DHX33,PTGS1,0.8650242
222,441,DHX33,EBF1,0.8650242
45,28,DLST,NFE2,0.8983701
45,357,DLST,MEIS1,0.8963777
45,78,DLST,MECOM,0.8962431
45,137,DLST,MYCN,0.89263076
45,57,DLST,OASL2,0.89194626
45,277,DLST,RTP4,0.89194596
45,183,DLST,XAF1,0.8911094
45,200,DLST,IGTP,0.8911094
45,504,DLST,IFI44,0.890974
45,609,DLST,UBA7,0.890974
45,410,DLST,SMARCA2,0.88990563
45,283,DLST,EGR1,0.8885197
45,518,DLST,PHF10,0.8876797
45,396,DLST,RUVBL2,0.88743603
45,432,DLST,HDC,0.88740355
45,450,DLST,MAGED1,0.88740355
45,514,DLST,PAK1,0.88740355
45,519,DLST,AGPS,0.88740355
45,595,DLST,CSF3R,0.8874028
45,0,DLST,OTUD6B,0.8873714
45,8,DLST,ATAD1,0.8873604
45,128,DLST,APLP2,0.8873604
45,136,DLST,TACC3,0.8873604
45,150,DLST,SORT1,0.8873604
45,81,DLST,HDAC11,0.88636386
45,198,DLST,NDN,0.8857996
45,404,DLST,FTSJ3,0.8856012
45,622,DLST,KRT18,0.8855518
45,33,DLST,CSTF2,0.88545895
45,263,DLST,JUN,0.88495797
45,2,DLST,PPP1R15A,0.8849103
45,47,DLST,FGL2,0.8849103
45,140,DLST,ANXA3,0.8849103
45,146,DLST,SCARF1,0.8849103
45,194,DLST,GOLPH3,0.8849103
45,362,DLST,PTGS1,0.88476765
45,441,DLST,EBF1,0.88476765
45,546,DLST,PROCR,0.88476765
45,564,DLST,MFNG,0.88465196
45,367,DLST,HCFC1,0.8841359
45,553,DLST,DHFR,0.88408625
45,394,DLST,MAPK1,0.88370746
45,251,DLST,IRF6,0.8836692
45,34,DLST,MAML3,0.8834223
45,554,DLST,CDT1,0.8829333
45,590,DLST,IL12A,0.8825187
45,486,DLST,NFKBIA,0.8825147
45,210,DLST,PNO1,0.8824923
45,232,DLST,ICAM1,0.8822773
45,464,DLST,ZNRF2,0.88204086
614,78,DNAJC10,MECOM,0.9062596
614,136,DNAJC10,TACC3,0.90148413
614,28,DNAJC10,NFE2,0.8982803
614,357,DNAJC10,MEIS1,0.89649427
614,137,DNAJC10,MYCN,0.89262396
614,57,DNAJC10,OASL2,0.89194083
614,277,DNAJC10,RTP4,0.89194053
614,183,DNAJC10,XAF1,0.89110327
614,200,DNAJC10,IGTP,0.89110327
614,609,DNAJC10,UBA7,0.89110327
614,504,DNAJC10,IFI44,0.8910681
614,410,DNAJC10,SMARCA2,0.8899257
614,283,DNAJC10,EGR1,0.8889533
614,518,DNAJC10,PHF10,0.88764507
614,450,DNAJC10,MAGED1,0.8874021
614,514,DNAJC10,PAK1,0.8874021
614,0,DNAJC10,OTUD6B,0.8873572
614,8,DNAJC10,ATAD1,0.8873572
614,396,DNAJC10,RUVBL2,0.8873572
614,432,DNAJC10,HDC,0.8873572
614,519,DNAJC10,AGPS,0.8873572
614,524,DNAJC10,TBC1D10C,0.8873572
614,394,DNAJC10,MAPK1,0.88674515
614,198,DNAJC10,NDN,0.8857979
614,404,DNAJC10,FTSJ3,0.8855358
614,33,DNAJC10,CSTF2,0.8854538
614,263,DNAJC10,JUN,0.88500607
614,546,DNAJC10,PROCR,0.88497007
614,146,DNAJC10,SCARF1,0.88491666
614,2,DNAJC10,PPP1R15A,0.8849047
614,47,DNAJC10,FGL2,0.8849047
614,140,DNAJC10,ANXA3,0.8849047
614,194,DNAJC10,GOLPH3,0.8849047
614,622,DNAJC10,KRT18,0.8849047
614,441,DNAJC10,EBF1,0.88477767
614,362,DNAJC10,PTGS1,0.88476795
614,564,DNAJC10,MFNG,0.88467485
614,190,DNAJC10,RAD51,0.8843264
614,553,DNAJC10,DHFR,0.8843264
614,251,DNAJC10,IRF6,0.8836629
614,34,DNAJC10,MAML3,0.8834213
614,486,DNAJC10,NFKBIA,0.88339585
614,554,DNAJC10,CDT1,0.882817
614,590,DNAJC10,IL12A,0.88253915
614,210,DNAJC10,PNO1,0.8823235
614,232,DNAJC10,ICAM1,0.88227135
614,429,DNAJC10,GFI1B,0.88213515
614,440,DNAJC10,TMEM97,0.8819445
614,464,DNAJC10,ZNRF2,0.8819445
614,177,DNAJC10,RELB,0.8818608
418,396,DNAJC11,RUVBL2,0.90148413
418,28,DNAJC11,NFE2,0.8983655
418,357,DNAJC11,MEIS1,0.89649427
418,78,DNAJC11,MECOM,0.8962374
418,137,DNAJC11,MYCN,0.89262396
418,277,DNAJC11,RTP4,0.8923096
418,57,DNAJC11,OASL2,0.89194083
418,183,DNAJC11,XAF1,0.89113456
418,504,DNAJC11,IFI44,0.89110327
418,609,DNAJC11,UBA7,0.89110327
418,410,DNAJC11,SMARCA2,0.8899257
418,283,DNAJC11,EGR1,0.88864714
418,518,DNAJC11,PHF10,0.88764507
418,0,DNAJC11,OTUD6B,0.8873572
418,8,DNAJC11,ATAD1,0.8873572
418,128,DNAJC11,APLP2,0.8873572
418,136,DNAJC11,TACC3,0.8873572
418,432,DNAJC11,HDC,0.8873572
418,450,DNAJC11,MAGED1,0.8873572
418,514,DNAJC11,PAK1,0.8873572
418,524,DNAJC11,TBC1D10C,0.8873572
418,595,DNAJC11,CSF3R,0.8873572
418,519,DNAJC11,AGPS,0.8872543
418,81,DNAJC11,HDAC11,0.88636285
418,198,DNAJC11,NDN,0.8857979
418,50,DNAJC11,NFAT5,0.8857518
418,404,DNAJC11,FTSJ3,0.8855358
418,33,DNAJC11,CSTF2,0.8854538
418,263,DNAJC11,JUN,0.884927
418,2,DNAJC11,PPP1R15A,0.8849047
418,47,DNAJC11,FGL2,0.8849047
418,140,DNAJC11,ANXA3,0.8849047
418,194,DNAJC11,GOLPH3,0.8849047
418,362,DNAJC11,PTGS1,0.8849047
418,546,DNAJC11,PROCR,0.8849047
418,622,DNAJC11,KRT18,0.8849047
418,564,DNAJC11,MFNG,0.8846988
418,190,DNAJC11,RAD51,0.8843264
418,553,DNAJC11,DHFR,0.8843264
418,367,DNAJC11,HCFC1,0.88415396
418,394,DNAJC11,MAPK1,0.8838468
418,251,DNAJC11,IRF6,0.8836629
418,34,DNAJC11,MAML3,0.8834213
418,486,DNAJC11,NFKBIA,0.883378
418,554,DNAJC11,CDT1,0.88287765
418,590,DNAJC11,IL12A,0.88253915
418,210,DNAJC11,PNO1,0.8824361
418,232,DNAJC11,ICAM1,0.88227135
418,440,DNAJC11,TMEM97,0.8819445
418,464,DNAJC11,ZNRF2,0.8819445
324,128,DNAJC5,APLP2,0.901884
324,28,DNAJC5,NFE2,0.8983655
324,357,DNAJC5,MEIS1,0.8964785
324,78,DNAJC5,MECOM,0.8962374
324,177,DNAJC5,RELB,0.8943816
324,137,DNAJC5,MYCN,0.89262396
324,57,DNAJC5,OASL2,0.89194083
324,277,DNAJC5,RTP4,0.89194053
324,504,DNAJC5,IFI44,0.89110345
324,609,DNAJC5,UBA7,0.89110345
324,183,DNAJC5,XAF1,0.89110327
324,200,DNAJC5,IGTP,0.89110327
324,289,DNAJC5,GT(ROSA)26SOR,0.89104635
324,410,DNAJC5,SMARCA2,0.8899094
324,283,DNAJC5,EGR1,0.88864714
324,518,DNAJC5,PHF10,0.88765717
324,362,DNAJC5,PTGS1,0.8875973
324,0,DNAJC5,OTUD6B,0.88743484
324,396,DNAJC5,RUVBL2,0.8873699
324,450,DNAJC5,MAGED1,0.8873699
324,519,DNAJC5,AGPS,0.8873699
324,595,DNAJC5,CSF3R,0.8873699
324,8,DNAJC5,ATAD1,0.8873572
324,136,DNAJC5,TACC3,0.8873572
324,150,DNAJC5,SORT1,0.8873572
324,524,DNAJC5,TBC1D10C,0.8872669
324,81,DNAJC5,HDAC11,0.88636285
324,198,DNAJC5,NDN,0.8857979
324,404,DNAJC5,FTSJ3,0.8855274
324,33,DNAJC5,CSTF2,0.8854538
324,263,DNAJC5,JUN,0.884927
324,441,DNAJC5,EBF1,0.8849061
324,546,DNAJC5,PROCR,0.8849061
324,622,DNAJC5,KRT18,0.8849061
324,2,DNAJC5,PPP1R15A,0.8849047
324,47,DNAJC5,FGL2,0.8849047
324,140,DNAJC5,ANXA3,0.8849047
324,146,DNAJC5,SCARF1,0.8849047
324,194,DNAJC5,GOLPH3,0.8849047
324,564,DNAJC5,MFNG,0.8846866
324,190,DNAJC5,RAD51,0.8843264
324,553,DNAJC5,DHFR,0.8843098
324,367,DNAJC5,HCFC1,0.88416684
324,251,DNAJC5,IRF6,0.8838897
324,394,DNAJC5,MAPK1,0.88384795
324,34,DNAJC5,MAML3,0.8834213
324,486,DNAJC5,NFKBIA,0.8834063
324,554,DNAJC5,CDT1,0.88289165
324,590,DNAJC5,IL12A,0.8825506
324,210,DNAJC5,PNO1,0.88242096
356,28,DNM1L,NFE2,0.8983601
356,357,DNM1L,MEIS1,0.89649427
356,78,DNM1L,MECOM,0.8962682
356,622,DNM1L,KRT18,0.8935833
356,137,DNM1L,MYCN,0.89262396
356,57,DNM1L,OASL2,0.89194083
356,277,DNM1L,RTP4,0.89194053
356,504,DNM1L,IFI44,0.89110327
356,183,DNM1L,XAF1,0.89094
356,410,DNM1L,SMARCA2,0.8899257
356,283,DNM1L,EGR1,0.88864714
356,47,DNM1L,FGL2,0.8876097
356,518,DNM1L,PHF10,0.88750607
356,146,DNM1L,SCARF1,0.88749105
356,128,DNM1L,APLP2,0.8874411
356,0,DNM1L,OTUD6B,0.8873572
356,8,DNM1L,ATAD1,0.8873572
356,136,DNM1L,TACC3,0.8873572
356,150,DNM1L,SORT1,0.8873572
356,396,DNM1L,RUVBL2,0.8873572
356,432,DNM1L,HDC,0.8873572
356,450,DNM1L,MAGED1,0.8873572
356,514,DNM1L,PAK1,0.8873572
356,519,DNM1L,AGPS,0.8873572
356,524,DNM1L,TBC1D10C,0.8873572
356,595,DNM1L,CSF3R,0.8873572
356,81,DNM1L,HDAC11,0.88636285
356,198,DNM1L,NDN,0.885806
356,362,DNM1L,PTGS1,0.88568705
356,404,DNM1L,FTSJ3,0.885481
356,33,DNM1L,CSTF2,0.8854538
356,263,DNM1L,JUN,0.884927
356,2,DNM1L,PPP1R15A,0.8849047
356,140,DNM1L,ANXA3,0.8849047
356,194,DNM1L,GOLPH3,0.8849047
356,441,DNM1L,EBF1,0.8849047
356,546,DNM1L,PROCR,0.8849047
356,564,DNM1L,MFNG,0.88467485
356,190,DNM1L,RAD51,0.8843264
356,553,DNM1L,DHFR,0.8843264
356,367,DNM1L,HCFC1,0.88415396
356,394,DNM1L,MAPK1,0.88385445
356,251,DNM1L,IRF6,0.8836629
356,486,DNM1L,NFKBIA,0.88339585
356,554,DNM1L,CDT1,0.88287765
356,590,DNM1L,IL12A,0.88253915
356,210,DNM1L,PNO1,0.8824361
356,232,DNM1L,ICAM1,0.88227135
356,440,DNM1L,TMEM97,0.8819445
356,464,DNM1L,ZNRF2,0.8819445
566,28,DOK2,NFE2,0.8983655
566,357,DOK2,MEIS1,0.89649427
566,78,DOK2,MECOM,0.8962374
566,137,DOK2,MYCN,0.89262396
566,564,DOK2,MFNG,0.8923421
566,57,DOK2,OASL2,0.89194083
566,277,DOK2,RTP4,0.89194053
566,183,DOK2,XAF1,0.89110327
566,200,DOK2,IGTP,0.89110327
566,504,DOK2,IFI44,0.89110327
566,609,DOK2,UBA7,0.89110327
566,410,DOK2,SMARCA2,0.8899257
566,283,DOK2,EGR1,0.8889533
566,518,DOK2,PHF10,0.88764507
566,450,DOK2,MAGED1,0.8874008
566,136,DOK2,TACC3,0.8873598
566,0,DOK2,OTUD6B,0.8873572
566,8,DOK2,ATAD1,0.8873572
566,128,DOK2,APLP2,0.8873572
566,150,DOK2,SORT1,0.8873572
566,396,DOK2,RUVBL2,0.8873572
566,514,DOK2,PAK1,0.8873572
566,519,DOK2,AGPS,0.8873572
566,595,DOK2,CSF3R,0.8873572
566,432,DOK2,HDC,0.8873564
566,81,DOK2,HDAC11,0.88636285
566,33,DOK2,CSTF2,0.8854538
566,263,DOK2,JUN,0.884927
566,2,DOK2,PPP1R15A,0.8849047
566,140,DOK2,ANXA3,0.8849047
566,146,DOK2,SCARF1,0.8849047
566,194,DOK2,GOLPH3,0.8849047
566,362,DOK2,PTGS1,0.8849047
566,441,DOK2,EBF1,0.8849047
566,546,DOK2,PROCR,0.8849047
566,622,DOK2,KRT18,0.8849047
566,47,DOK2,FGL2,0.8848808
566,190,DOK2,RAD51,0.8843287
566,553,DOK2,DHFR,0.884166
566,367,DOK2,HCFC1,0.88415396
566,394,DOK2,MAPK1,0.88385063
566,524,DOK2,TBC1D10C,0.8838291
566,251,DOK2,IRF6,0.8836629
566,34,DOK2,MAML3,0.8834213
566,486,DOK2,NFKBIA,0.88339585
566,590,DOK2,IL12A,0.88253915
566,210,DOK2,PNO1,0.8824361
566,232,DOK2,ICAM1,0.88227135
566,554,DOK2,CDT1,0.8820766
566,440,DOK2,TMEM97,0.8819445
258,81,DPP8,HDAC11,0.9261261
258,554,DPP8,CDT1,0.9239107
258,410,DPP8,SMARCA2,0.92229754
258,34,DPP8,MAML3,0.9214261
258,396,DPP8,RUVBL2,0.92069584
258,8,DPP8,ATAD1,0.92066723
258,128,DPP8,APLP2,0.92066723
258,150,DPP8,SORT1,0.92066723
258,432,DPP8,HDC,0.92066723
258,450,DPP8,MAGED1,0.92066723
258,519,DPP8,AGPS,0.92066723
258,524,DPP8,TBC1D10C,0.92066723
258,595,DPP8,CSF3R,0.92066723
258,0,DPP8,OTUD6B,0.92066646
258,136,DPP8,TACC3,0.92051077
258,199,DPP8,E2F4,0.91992503
258,331,DPP8,PIM2,0.9178584
258,209,DPP8,ZBTB16,0.91720116
258,351,DPP8,ERCC8,0.9159149
258,429,DPP8,GFI1B,0.9159049
258,200,DPP8,IGTP,0.912385
258,183,DPP8,XAF1,0.91235214
258,504,DPP8,IFI44,0.91235214
258,609,DPP8,UBA7,0.91234887
258,475,DPP8,BCL2,0.91123855
258,186,DPP8,STT3B,0.910361
258,161,DPP8,JARID2,0.90968645
258,292,DPP8,HDAC7,0.90918094
258,255,DPP8,CD74,0.90685695
258,289,DPP8,GT(ROSA)26SOR,0.90685695
258,440,DPP8,TMEM97,0.90592986
258,464,DPP8,ZNRF2,0.90592986
258,404,DPP8,FTSJ3,0.9057814
258,137,DPP8,MYCN,0.9037594
258,210,DPP8,PNO1,0.90326875
258,73,DPP8,RORC,0.9024225
258,439,DPP8,DDX20,0.8968193
258,50,DPP8,NFAT5,0.89537936
258,486,DPP8,NFKBIA,0.8946214
258,402,DPP8,EIF1AD,0.89281553
258,82,DPP8,RB1,0.8884342
258,33,DPP8,CSTF2,0.8881237
258,590,DPP8,IL12A,0.88652563
258,263,DPP8,JUN,0.88464916
258,177,DPP8,RELB,0.88272655
258,363,DPP8,MYC,0.8814725
258,318,DPP8,GANAB,0.8812566
258,67,DPP8,HDAC2,0.8806028
258,57,DPP8,OASL2,0.8805278
258,277,DPP8,RTP4,0.8804559
452,28,DUS1L,NFE2,0.89838856
452,357,DUS1L,MEIS1,0.8965181
452,78,DUS1L,MECOM,0.89626575
452,137,DUS1L,MYCN,0.8926373
452,57,DUS1L,OASL2,0.8919668
452,277,DUS1L,RTP4,0.8919665
452,183,DUS1L,XAF1,0.8911302
452,200,DUS1L,IGTP,0.8911302
452,504,DUS1L,IFI44,0.8911302
452,198,DUS1L,NDN,0.89018506
452,410,DUS1L,SMARCA2,0.88992393
452,283,DUS1L,EGR1,0.88867307
452,518,DUS1L,PHF10,0.88764
452,150,DUS1L,SORT1,0.8874226
452,128,DUS1L,APLP2,0.887399
452,8,DUS1L,ATAD1,0.8873776
452,136,DUS1L,TACC3,0.8873776
452,432,DUS1L,HDC,0.8873776
452,450,DUS1L,MAGED1,0.8873776
452,519,DUS1L,AGPS,0.8873776
452,524,DUS1L,TBC1D10C,0.8873776
452,595,DUS1L,CSF3R,0.8873776
452,0,DUS1L,OTUD6B,0.8873431
452,396,DUS1L,RUVBL2,0.88657886
452,514,DUS1L,PAK1,0.88657886
452,81,DUS1L,HDAC11,0.8864047
452,404,DUS1L,FTSJ3,0.88556534
452,33,DUS1L,CSTF2,0.88546973
452,263,DUS1L,JUN,0.88493735
452,47,DUS1L,FGL2,0.88493514
452,140,DUS1L,ANXA3,0.88493514
452,146,DUS1L,SCARF1,0.88493514
452,194,DUS1L,GOLPH3,0.88493514
452,362,DUS1L,PTGS1,0.88493514
452,441,DUS1L,EBF1,0.88493514
452,622,DUS1L,KRT18,0.88493514
452,546,DUS1L,PROCR,0.88491493
452,2,DUS1L,PPP1R15A,0.8848082
452,564,DUS1L,MFNG,0.8846947
452,190,DUS1L,RAD51,0.88433594
452,553,DUS1L,DHFR,0.88433594
452,367,DUS1L,HCFC1,0.88417333
452,394,DUS1L,MAPK1,0.88387805
452,251,DUS1L,IRF6,0.8836947
452,34,DUS1L,MAML3,0.8834645
452,554,DUS1L,CDT1,0.88284755
452,210,DUS1L,PNO1,0.88264495
452,590,DUS1L,IL12A,0.88255644
452,232,DUS1L,ICAM1,0.8822921
452,440,DUS1L,TMEM97,0.8820237
15,81,DUSP1,HDAC11,0.9249371
15,554,DUSP1,CDT1,0.92209107
15,410,DUSP1,SMARCA2,0.9206937
15,0,DUSP1,OTUD6B,0.91972727
15,8,DUSP1,ATAD1,0.91972727
15,128,DUSP1,APLP2,0.91972727
15,136,DUSP1,TACC3,0.91972727
15,150,DUSP1,SORT1,0.91972727
15,396,DUSP1,RUVBL2,0.91972727
15,432,DUSP1,HDC,0.91972727
15,450,DUSP1,MAGED1,0.91972727
15,514,DUSP1,PAK1,0.91972727
15,519,DUSP1,AGPS,0.91972727
15,524,DUSP1,TBC1D10C,0.91972727
15,595,DUSP1,CSF3R,0.91972727
15,199,DUSP1,E2F4,0.917639
15,404,DUSP1,FTSJ3,0.9154102
15,209,DUSP1,ZBTB16,0.9137061
15,351,DUSP1,ERCC8,0.9131674
15,609,DUSP1,UBA7,0.9113644
15,183,DUSP1,XAF1,0.9112743
15,200,DUSP1,IGTP,0.9112743
15,504,DUSP1,IFI44,0.9112743
15,475,DUSP1,BCL2,0.9078813
15,161,DUSP1,JARID2,0.9067883
15,292,DUSP1,HDAC7,0.90637016
15,429,DUSP1,GFI1B,0.90616804
15,331,DUSP1,PIM2,0.9047263
15,255,DUSP1,CD74,0.9043603
15,289,DUSP1,GT(ROSA)26SOR,0.9043603
15,186,DUSP1,STT3B,0.9041374
15,440,DUSP1,TMEM97,0.90341574
15,464,DUSP1,ZNRF2,0.90341574
15,210,DUSP1,PNO1,0.9005654
15,73,DUSP1,RORC,0.8993429
15,34,DUSP1,MAML3,0.8989878
15,137,DUSP1,MYCN,0.8981195
15,50,DUSP1,NFAT5,0.8926959
15,439,DUSP1,DDX20,0.8926754
15,486,DUSP1,NFKBIA,0.8917908
15,402,DUSP1,EIF1AD,0.88916945
15,82,DUSP1,RB1,0.88468844
15,33,DUSP1,CSTF2,0.88423663
15,590,DUSP1,IL12A,0.88318205
15,580,DUSP1,MLLT3,0.8816666
15,177,DUSP1,RELB,0.87916994
15,293,DUSP1,IRF7,0.87836224
15,67,DUSP1,HDAC2,0.8776087
15,78,DUSP1,MECOM,0.8775447
15,277,DUSP1,RTP4,0.8772421
199,410,E2F4,SMARCA2,0.9242591
199,554,E2F4,CDT1,0.91969067
199,440,E2F4,TMEM97,0.9189456
199,464,E2F4,ZNRF2,0.9189456
199,150,E2F4,SORT1,0.918768
199,429,E2F4,GFI1B,0.91811585
199,161,E2F4,JARID2,0.9173078
199,404,E2F4,FTSJ3,0.9165717
199,0,E2F4,OTUD6B,0.9147754
199,8,E2F4,ATAD1,0.9147754
199,128,E2F4,APLP2,0.9147754
199,396,E2F4,RUVBL2,0.9147754
199,450,E2F4,MAGED1,0.9147754
199,514,E2F4,PAK1,0.9147754
199,519,E2F4,AGPS,0.9147754
199,595,E2F4,CSF3R,0.9147754
199,136,E2F4,TACC3,0.91466206
199,73,E2F4,RORC,0.91427
199,255,E2F4,CD74,0.9135573
199,81,E2F4,HDAC11,0.9133983
199,289,E2F4,GT(ROSA)26SOR,0.9130531
199,78,E2F4,MECOM,0.9126826
199,609,E2F4,UBA7,0.91267306
199,183,E2F4,XAF1,0.9125807
199,200,E2F4,IGTP,0.9125807
199,504,E2F4,IFI44,0.9125807
199,177,E2F4,RELB,0.91074777
199,331,E2F4,PIM2,0.9100657
199,486,E2F4,NFKBIA,0.909853
199,67,E2F4,HDAC2,0.9076716
199,432,E2F4,HDC,0.9069538
199,33,E2F4,CSTF2,0.90545017
199,367,E2F4,HCFC1,0.9047047
199,318,E2F4,GANAB,0.90450937
199,263,E2F4,JUN,0.903796
199,357,E2F4,MEIS1,0.90251654
199,277,E2F4,RTP4,0.902074
199,57,E2F4,OASL2,0.9020651
199,34,E2F4,MAML3,0.90205586
199,28,E2F4,NFE2,0.90174866
199,590,E2F4,IL12A,0.90106267
199,363,E2F4,MYC,0.9004517
199,50,E2F4,NFAT5,0.89997536
199,165,E2F4,GTF2H1,0.89949024
199,209,E2F4,ZBTB16,0.89902836
199,488,E2F4,FGFR1OP,0.8985203
199,559,E2F4,RUNX1T1,0.89462787
199,426,E2F4,PRPF4,0.8944674
199,524,E2F4,TBC1D10C,0.8944366
199,580,E2F4,MLLT3,0.89435214
405,28,E2F8,NFE2,0.8983655
405,357,E2F8,MEIS1,0.89649427
405,78,E2F8,MECOM,0.8962261
405,137,E2F8,MYCN,0.89262396
405,277,E2F8,RTP4,0.89194053
405,57,E2F8,OASL2,0.8919242
405,609,E2F8,UBA7,0.8911281
405,183,E2F8,XAF1,0.89110327
405,200,E2F8,IGTP,0.89110327
405,504,E2F8,IFI44,0.89110327
405,410,E2F8,SMARCA2,0.8899257
405,283,E2F8,EGR1,0.88864714
405,518,E2F8,PHF10,0.88764507
405,0,E2F8,OTUD6B,0.8874228
405,8,E2F8,ATAD1,0.8873907
405,524,E2F8,TBC1D10C,0.8873907
405,128,E2F8,APLP2,0.8873572
405,136,E2F8,TACC3,0.8873572
405,396,E2F8,RUVBL2,0.8873572
405,432,E2F8,HDC,0.8873572
405,450,E2F8,MAGED1,0.8873572
405,514,E2F8,PAK1,0.8873572
405,519,E2F8,AGPS,0.8873572
405,595,E2F8,CSF3R,0.8873572
405,150,E2F8,SORT1,0.88666534
405,81,E2F8,HDAC11,0.88636285
405,488,E2F8,FGFR1OP,0.88602394
405,198,E2F8,NDN,0.8857979
405,622,E2F8,KRT18,0.88568705
405,404,E2F8,FTSJ3,0.8855358
405,263,E2F8,JUN,0.884927
405,2,E2F8,PPP1R15A,0.8849047
405,47,E2F8,FGL2,0.8849047
405,140,E2F8,ANXA3,0.8849047
405,146,E2F8,SCARF1,0.8849047
405,194,E2F8,GOLPH3,0.8849047
405,362,E2F8,PTGS1,0.8849047
405,441,E2F8,EBF1,0.8849047
405,546,E2F8,PROCR,0.8849047
405,564,E2F8,MFNG,0.88467485
405,553,E2F8,DHFR,0.8843264
405,190,E2F8,RAD51,0.8843173
405,367,E2F8,HCFC1,0.8841443
405,394,E2F8,MAPK1,0.8838468
405,251,E2F8,IRF6,0.8836629
405,486,E2F8,NFKBIA,0.88339585
405,34,E2F8,MAML3,0.88338006
405,554,E2F8,CDT1,0.88287765
405,590,E2F8,IL12A,0.88253915
405,210,E2F8,PNO1,0.8824361
441,410,EBF1,SMARCA2,0.916747
441,450,EBF1,MAGED1,0.9120473
441,554,EBF1,CDT1,0.91154474
441,429,EBF1,GFI1B,0.91006315
441,432,EBF1,HDC,0.9087427
441,514,EBF1,PAK1,0.9087427
441,519,EBF1,AGPS,0.9087427
441,524,EBF1,TBC1D10C,0.9087427
441,595,EBF1,CSF3R,0.9087427
441,136,EBF1,TACC3,0.90802526
441,0,EBF1,OTUD6B,0.90795124
441,8,EBF1,ATAD1,0.90795124
441,128,EBF1,APLP2,0.90795124
441,150,EBF1,SORT1,0.90795124
441,440,EBF1,TMEM97,0.90770346
441,464,EBF1,ZNRF2,0.90770346
441,161,EBF1,JARID2,0.9069687
441,289,EBF1,GT(ROSA)26SOR,0.9057782
441,81,EBF1,HDAC11,0.90544975
441,255,EBF1,CD74,0.90515256
441,331,EBF1,PIM2,0.9032588
441,404,EBF1,FTSJ3,0.9018704
441,210,EBF1,PNO1,0.9013632
441,73,EBF1,RORC,0.9013177
441,609,EBF1,UBA7,0.89719754
441,504,EBF1,IFI44,0.89713115
441,200,EBF1,IGTP,0.8970622
441,183,EBF1,XAF1,0.8969845
441,199,EBF1,E2F4,0.8964487
441,34,EBF1,MAML3,0.8953562
441,396,EBF1,RUVBL2,0.89499795
441,486,EBF1,NFKBIA,0.89466834
441,50,EBF1,NFAT5,0.8936586
441,78,EBF1,MECOM,0.8930561
441,177,EBF1,RELB,0.8898743
441,137,EBF1,MYCN,0.88982695
441,292,EBF1,HDAC7,0.8896909
441,209,EBF1,ZBTB16,0.889649
441,33,EBF1,CSTF2,0.88764197
441,357,EBF1,MEIS1,0.8861927
441,367,EBF1,HCFC1,0.8857893
441,67,EBF1,HDAC2,0.8856012
441,402,EBF1,EIF1AD,0.88555235
441,318,EBF1,GANAB,0.8854821
441,590,EBF1,IL12A,0.88464415
441,28,EBF1,NFE2,0.8839859
441,263,EBF1,JUN,0.8835738
441,277,EBF1,RTP4,0.88346964
441,475,EBF1,BCL2,0.88280904
441,57,EBF1,OASL2,0.8822336
280,150,EBI3,SORT1,0.901884
280,8,EBI3,ATAD1,0.90184134
280,28,EBI3,NFE2,0.8983655
280,357,EBI3,MEIS1,0.89649427
280,78,EBI3,MECOM,0.8962374
280,137,EBI3,MYCN,0.8924237
280,277,EBI3,RTP4,0.89194053
280,183,EBI3,XAF1,0.89110327
280,200,EBI3,IGTP,0.89110327
280,504,EBI3,IFI44,0.89110327
280,609,EBI3,UBA7,0.89110327
280,410,EBI3,SMARCA2,0.8899257
280,283,EBI3,EGR1,0.8886869
280,57,EBI3,OASL2,0.8882231
280,518,EBI3,PHF10,0.88764507
280,595,EBI3,CSF3R,0.8873755
280,0,EBI3,OTUD6B,0.8873572
280,136,EBI3,TACC3,0.8873572
280,396,EBI3,RUVBL2,0.8873572
280,432,EBI3,HDC,0.8873572
280,450,EBI3,MAGED1,0.8873572
280,514,EBI3,PAK1,0.8873572
280,519,EBI3,AGPS,0.8873572
280,524,EBI3,TBC1D10C,0.8873572
280,128,EBI3,APLP2,0.8865584
280,81,EBI3,HDAC11,0.8864268
280,198,EBI3,NDN,0.8857979
280,404,EBI3,FTSJ3,0.8855358
280,33,EBI3,CSTF2,0.8854538
280,140,EBI3,ANXA3,0.88500047
280,263,EBI3,JUN,0.884927
280,2,EBI3,PPP1R15A,0.8849047
280,47,EBI3,FGL2,0.8849047
280,146,EBI3,SCARF1,0.8849047
280,194,EBI3,GOLPH3,0.8849047
280,362,EBI3,PTGS1,0.8849047
280,441,EBI3,EBF1,0.8849047
280,546,EBI3,PROCR,0.8849047
280,622,EBI3,KRT18,0.8849047
280,564,EBI3,MFNG,0.88467485
280,190,EBI3,RAD51,0.8843264
280,367,EBI3,HCFC1,0.88415396
280,394,EBI3,MAPK1,0.8838468
280,251,EBI3,IRF6,0.8836629
280,34,EBI3,MAML3,0.8834396
280,486,EBI3,NFKBIA,0.88339585
280,554,EBI3,CDT1,0.88287765
280,590,EBI3,IL12A,0.88253915
280,210,EBI3,PNO1,0.8824361
280,232,EBI3,ICAM1,0.88227135
283,554,EGR1,CDT1,0.9187534
283,410,EGR1,SMARCA2,0.91701496
283,81,EGR1,HDAC11,0.9159552
283,595,EGR1,CSF3R,0.9147641
283,0,EGR1,OTUD6B,0.9147597
283,136,EGR1,TACC3,0.9147597
283,396,EGR1,RUVBL2,0.9147597
283,432,EGR1,HDC,0.9147597
283,450,EGR1,MAGED1,0.9147597
283,514,EGR1,PAK1,0.9147597
283,519,EGR1,AGPS,0.9147597
283,524,EGR1,TBC1D10C,0.9147597
283,199,EGR1,E2F4,0.9128485
283,128,EGR1,APLP2,0.9115692
283,429,EGR1,GFI1B,0.9112277
283,331,EGR1,PIM2,0.9108401
283,404,EGR1,FTSJ3,0.9102986
283,34,EGR1,MAML3,0.9063854
283,161,EGR1,JARID2,0.9053149
283,150,EGR1,SORT1,0.9052107
283,8,EGR1,ATAD1,0.9051781
283,183,EGR1,XAF1,0.9048405
283,200,EGR1,IGTP,0.9048405
283,504,EGR1,IFI44,0.9048405
283,609,EGR1,UBA7,0.9048405
283,440,EGR1,TMEM97,0.9036165
283,464,EGR1,ZNRF2,0.9036165
283,255,EGR1,CD74,0.9035822
283,289,EGR1,GT(ROSA)26SOR,0.90264064
283,209,EGR1,ZBTB16,0.9013481
283,351,EGR1,ERCC8,0.9004053
283,210,EGR1,PNO1,0.8991343
283,73,EGR1,RORC,0.898036
283,137,EGR1,MYCN,0.89588445
283,475,EGR1,BCL2,0.8935898
283,292,EGR1,HDAC7,0.89290816
283,486,EGR1,NFKBIA,0.8897444
283,50,EGR1,NFAT5,0.88946664
283,186,EGR1,STT3B,0.8879499
283,318,EGR1,GANAB,0.88726526
283,402,EGR1,EIF1AD,0.88484466
283,177,EGR1,RELB,0.88363737
283,33,EGR1,CSTF2,0.8834462
283,67,EGR1,HDAC2,0.88111585
283,357,EGR1,MEIS1,0.8789774
283,28,EGR1,NFE2,0.87891173
283,78,EGR1,MECOM,0.8783181
283,590,EGR1,IL12A,0.87760246
283,277,EGR1,RTP4,0.8771386
283,580,EGR1,MLLT3,0.8765873
402,439,EIF1AD,DDX20,0.91907054
402,292,EIF1AD,HDAC7,0.9189022
402,34,EIF1AD,MAML3,0.9093821
402,91,EIF1AD,FCHO2,0.90415764
402,537,EIF1AD,TXNDC11,0.90415764
402,611,EIF1AD,ZEB2,0.90415764
402,82,EIF1AD,RB1,0.8974287
402,81,EIF1AD,HDAC11,0.8890583
402,226,EIF1AD,POLR2B,0.8779081
402,209,EIF1AD,ZBTB16,0.87553877
402,475,EIF1AD,BCL2,0.872915
402,206,EIF1AD,ZDHHC6,0.86565053
402,186,EIF1AD,STT3B,0.8610574
402,8,EIF1AD,ATAD1,0.8606312
402,128,EIF1AD,APLP2,0.8606312
402,136,EIF1AD,TACC3,0.8606312
402,150,EIF1AD,SORT1,0.8606312
402,396,EIF1AD,RUVBL2,0.8606312
402,432,EIF1AD,HDC,0.8606312
402,450,EIF1AD,MAGED1,0.8606312
402,514,EIF1AD,PAK1,0.8606312
402,519,EIF1AD,AGPS,0.8606312
402,595,EIF1AD,CSF3R,0.8606312
402,0,EIF1AD,OTUD6B,0.8600802
402,524,EIF1AD,TBC1D10C,0.8600802
402,351,EIF1AD,ERCC8,0.84945256
402,404,EIF1AD,FTSJ3,0.8485579
402,621,EIF1AD,SNRPB,0.8459804
402,554,EIF1AD,CDT1,0.84490144
402,534,EIF1AD,MORC3,0.84182924
402,331,EIF1AD,PIM2,0.8337082
402,410,EIF1AD,SMARCA2,0.8294253
402,429,EIF1AD,GFI1B,0.8112973
402,299,EIF1AD,ORC2,0.8061871
402,74,EIF1AD,TOP2A,0.800269
402,199,EIF1AD,E2F4,0.7984084
402,161,EIF1AD,JARID2,0.7932027
402,290,EIF1AD,POLD1,0.79087466
402,255,EIF1AD,CD74,0.78938824
402,289,EIF1AD,GT(ROSA)26SOR,0.78806204
402,440,EIF1AD,TMEM97,0.78645974
402,464,EIF1AD,ZNRF2,0.7861654
402,21,EIF1AD,RRM1,0.7859835
402,189,EIF1AD,MCM5,0.7791749
402,279,EIF1AD,AURKB,0.77253777
402,246,EIF1AD,TK1,0.7702587
402,350,EIF1AD,MCM6,0.7627586
402,500,EIF1AD,MCM3,0.7623469
402,497,EIF1AD,TYMS,0.7594789
402,210,EIF1AD,PNO1,0.758149
48,410,ELANE,SMARCA2,0.9140038
48,150,ELANE,SORT1,0.91333264
48,464,ELANE,ZNRF2,0.9073756
48,440,ELANE,TMEM97,0.9073239
48,554,ELANE,CDT1,0.9072576
48,429,ELANE,GFI1B,0.90597636
48,396,ELANE,RUVBL2,0.9049472
48,595,ELANE,CSF3R,0.90485054
48,0,ELANE,OTUD6B,0.90485024
48,8,ELANE,ATAD1,0.90485024
48,136,ELANE,TACC3,0.90485024
48,432,ELANE,HDC,0.90485024
48,450,ELANE,MAGED1,0.90485024
48,514,ELANE,PAK1,0.90485024
48,519,ELANE,AGPS,0.90485024
48,128,ELANE,APLP2,0.9046793
48,161,ELANE,JARID2,0.90449774
48,255,ELANE,CD74,0.9019449
48,289,ELANE,GT(ROSA)26SOR,0.9019449
48,81,ELANE,HDAC11,0.90093666
48,73,ELANE,RORC,0.9007344
48,78,ELANE,MECOM,0.90058184
48,331,ELANE,PIM2,0.8989637
48,50,ELANE,NFAT5,0.8938964
48,183,ELANE,XAF1,0.89342666
48,200,ELANE,IGTP,0.89342666
48,504,ELANE,IFI44,0.89342666
48,609,ELANE,UBA7,0.89342666
48,177,ELANE,RELB,0.8929228
48,33,ELANE,CSTF2,0.89019734
48,367,ELANE,HCFC1,0.8895753
48,137,ELANE,MYCN,0.88940555
48,486,ELANE,NFKBIA,0.8891919
48,404,ELANE,FTSJ3,0.8891722
48,318,ELANE,GANAB,0.88890433
48,263,ELANE,JUN,0.88855815
48,357,ELANE,MEIS1,0.88840014
48,67,ELANE,HDAC2,0.8881585
48,28,ELANE,NFE2,0.88761425
48,209,ELANE,ZBTB16,0.8874728
48,590,ELANE,IL12A,0.8871084
48,34,ELANE,MAML3,0.88661486
48,210,ELANE,PNO1,0.8864182
48,199,ELANE,E2F4,0.88602114
48,57,ELANE,OASL2,0.885782
48,277,ELANE,RTP4,0.8857707
48,363,ELANE,MYC,0.8850814
48,524,ELANE,TBC1D10C,0.8841465
48,488,ELANE,FGFR1OP,0.88089955
48,580,ELANE,MLLT3,0.87714446
471,28,ELF1,NFE2,0.8988756
471,78,ELF1,MECOM,0.8969228
471,263,ELF1,JUN,0.89617896
471,137,ELF1,MYCN,0.8948531
471,57,ELF1,OASL2,0.892817
471,277,ELF1,RTP4,0.8928167
471,183,ELF1,XAF1,0.8924484
471,200,ELF1,IGTP,0.8924484
471,504,ELF1,IFI44,0.8924484
471,609,ELF1,UBA7,0.8924484
471,410,ELF1,SMARCA2,0.89177334
471,518,ELF1,PHF10,0.8894934
471,283,ELF1,EGR1,0.8894305
471,0,ELF1,OTUD6B,0.8880991
471,8,ELF1,ATAD1,0.8880991
471,128,ELF1,APLP2,0.8880991
471,136,ELF1,TACC3,0.8880991
471,450,ELF1,MAGED1,0.8880991
471,514,ELF1,PAK1,0.8880991
471,519,ELF1,AGPS,0.8880991
471,524,ELF1,TBC1D10C,0.8880991
471,595,ELF1,CSF3R,0.8880991
471,432,ELF1,HDC,0.8880104
471,81,ELF1,HDAC11,0.887625
471,150,ELF1,SORT1,0.8873554
471,33,ELF1,CSTF2,0.8873549
471,404,ELF1,FTSJ3,0.88621736
471,367,ELF1,HCFC1,0.8860171
471,47,ELF1,FGL2,0.8854787
471,2,ELF1,PPP1R15A,0.8854383
471,140,ELF1,ANXA3,0.8854383
471,146,ELF1,SCARF1,0.8854383
471,194,ELF1,GOLPH3,0.8854383
471,362,ELF1,PTGS1,0.8854383
471,441,ELF1,EBF1,0.8854383
471,622,ELF1,KRT18,0.8854383
471,546,ELF1,PROCR,0.88542926
471,486,ELF1,NFKBIA,0.8854217
471,251,ELF1,IRF6,0.88489723
471,590,ELF1,IL12A,0.8848412
471,34,ELF1,MAML3,0.8847421
471,394,ELF1,MAPK1,0.8844326
471,232,ELF1,ICAM1,0.88424
471,177,ELF1,RELB,0.88389254
471,554,ELF1,CDT1,0.88365376
471,210,ELF1,PNO1,0.8829659
471,440,ELF1,TMEM97,0.8827739
471,464,ELF1,ZNRF2,0.8827739
471,606,ELF1,ELP2,0.88178056
471,161,ELF1,JARID2,0.88050413
603,519,ELMO2,AGPS,0.9014834
603,28,ELMO2,NFE2,0.89790803
603,357,ELMO2,MEIS1,0.8964936
603,78,ELMO2,MECOM,0.8962345
603,137,ELMO2,MYCN,0.8926941
603,57,ELMO2,OASL2,0.89194137
603,277,ELMO2,RTP4,0.8919412
603,504,ELMO2,IFI44,0.89110327
603,609,ELMO2,UBA7,0.89110327
603,183,ELMO2,XAF1,0.8911027
603,200,ELMO2,IGTP,0.8911027
603,410,ELMO2,SMARCA2,0.88997245
603,283,ELMO2,EGR1,0.8886568
603,194,ELMO2,GOLPH3,0.8885198
603,518,ELMO2,PHF10,0.88764507
603,150,ELMO2,SORT1,0.88742375
603,450,ELMO2,MAGED1,0.8874228
603,0,ELMO2,OTUD6B,0.88741267
603,8,ELMO2,ATAD1,0.88741267
603,128,ELMO2,APLP2,0.88741267
603,432,ELMO2,HDC,0.8874021
603,514,ELMO2,PAK1,0.8873572
603,524,ELMO2,TBC1D10C,0.8873572
603,595,ELMO2,CSF3R,0.8873572
603,396,ELMO2,RUVBL2,0.88732153
603,81,ELMO2,HDAC11,0.88650525
603,198,ELMO2,NDN,0.88577
603,33,ELMO2,CSTF2,0.88552123
603,622,ELMO2,KRT18,0.88494617
603,146,ELMO2,SCARF1,0.8849231
603,263,ELMO2,JUN,0.88492197
603,441,ELMO2,EBF1,0.8849047
603,546,ELMO2,PROCR,0.8849047
603,2,ELMO2,PPP1R15A,0.88490134
603,47,ELMO2,FGL2,0.88490134
603,362,ELMO2,PTGS1,0.8848916
603,553,ELMO2,DHFR,0.88442475
603,190,ELMO2,RAD51,0.8842986
603,367,ELMO2,HCFC1,0.88421595
603,394,ELMO2,MAPK1,0.88384485
603,251,ELMO2,IRF6,0.88365895
603,34,ELMO2,MAML3,0.8835029
603,486,ELMO2,NFKBIA,0.88339585
603,564,ELMO2,MFNG,0.8832431
603,554,ELMO2,CDT1,0.88287765
603,590,ELMO2,IL12A,0.88253915
603,210,ELMO2,PNO1,0.8825138
603,232,ELMO2,ICAM1,0.8823394
603,440,ELMO2,TMEM97,0.8819445
603,464,ELMO2,ZNRF2,0.8819445
606,404,ELP2,FTSJ3,0.93060255
606,519,ELP2,AGPS,0.9294868
606,554,ELP2,CDT1,0.92826927
606,410,ELP2,SMARCA2,0.92759365
606,81,ELP2,HDAC11,0.9245796
606,450,ELP2,MAGED1,0.9233186
606,0,ELP2,OTUD6B,0.92323494
606,8,ELP2,ATAD1,0.92323494
606,128,ELP2,APLP2,0.92323494
606,136,ELP2,TACC3,0.92323494
606,150,ELP2,SORT1,0.92323494
606,432,ELP2,HDC,0.92323494
606,514,ELP2,PAK1,0.92323494
606,524,ELP2,TBC1D10C,0.92323494
606,595,ELP2,CSF3R,0.92323494
606,429,ELP2,GFI1B,0.9215007
606,331,ELP2,PIM2,0.9209825
606,440,ELP2,TMEM97,0.91859144
606,464,ELP2,ZNRF2,0.91859144
606,396,ELP2,RUVBL2,0.9185391
606,161,ELP2,JARID2,0.91806924
606,210,ELP2,PNO1,0.91767204
606,255,ELP2,CD74,0.91697466
606,289,ELP2,GT(ROSA)26SOR,0.91697466
606,183,ELP2,XAF1,0.9148528
606,200,ELP2,IGTP,0.9148528
606,504,ELP2,IFI44,0.9148528
606,609,ELP2,UBA7,0.9148528
606,34,ELP2,MAML3,0.9146951
606,73,ELP2,RORC,0.91350275
606,209,ELP2,ZBTB16,0.910767
606,402,ELP2,EIF1AD,0.90911156
606,199,ELP2,E2F4,0.9080863
606,486,ELP2,NFKBIA,0.9077986
606,50,ELP2,NFAT5,0.90706784
606,475,ELP2,BCL2,0.90216124
606,292,ELP2,HDAC7,0.9014442
606,33,ELP2,CSTF2,0.90131027
606,186,ELP2,STT3B,0.9008827
606,590,ELP2,IL12A,0.89897674
606,67,ELP2,HDAC2,0.89820635
606,78,ELP2,MECOM,0.8973301
606,277,ELP2,RTP4,0.89635825
606,57,ELP2,OASL2,0.8963548
606,137,ELP2,MYCN,0.896318
606,177,ELP2,RELB,0.8951819
606,318,ELP2,GANAB,0.89484787
606,165,ELP2,GTF2H1,0.8937532
606,363,ELP2,MYC,0.893664
606,357,ELP2,MEIS1,0.89239484
386,28,EMCN,NFE2,0.8983655
386,357,EMCN,MEIS1,0.89649427
386,78,EMCN,MECOM,0.8962374
386,137,EMCN,MYCN,0.89262396
386,277,EMCN,RTP4,0.89194053
386,57,EMCN,OASL2,0.8919242
386,183,EMCN,XAF1,0.89110327
386,200,EMCN,IGTP,0.89110327
386,504,EMCN,IFI44,0.89110327
386,609,EMCN,UBA7,0.89110327
386,410,EMCN,SMARCA2,0.8899257
386,283,EMCN,EGR1,0.88864714
386,518,EMCN,PHF10,0.88764507
386,0,EMCN,OTUD6B,0.8873907
386,8,EMCN,ATAD1,0.8873572
386,128,EMCN,APLP2,0.8873572
386,136,EMCN,TACC3,0.8873572
386,150,EMCN,SORT1,0.8873572
386,396,EMCN,RUVBL2,0.8873572
386,432,EMCN,HDC,0.8873572
386,450,EMCN,MAGED1,0.8873572
386,514,EMCN,PAK1,0.8873572
386,519,EMCN,AGPS,0.8873572
386,524,EMCN,TBC1D10C,0.8873572
386,595,EMCN,CSF3R,0.8873572
386,81,EMCN,HDAC11,0.88636285
386,198,EMCN,NDN,0.8857979
386,404,EMCN,FTSJ3,0.8855358
386,263,EMCN,JUN,0.884927
386,2,EMCN,PPP1R15A,0.8849047
386,47,EMCN,FGL2,0.8849047
386,146,EMCN,SCARF1,0.8849047
386,194,EMCN,GOLPH3,0.8849047
386,362,EMCN,PTGS1,0.8849047
386,441,EMCN,EBF1,0.8849047
386,546,EMCN,PROCR,0.8849047
386,622,EMCN,KRT18,0.8849047
386,564,EMCN,MFNG,0.88467485
386,190,EMCN,RAD51,0.8843264
386,553,EMCN,DHFR,0.8843264
386,367,EMCN,HCFC1,0.88415396
386,394,EMCN,MAPK1,0.8838468
386,251,EMCN,IRF6,0.8836629
386,34,EMCN,MAML3,0.8834213
386,486,EMCN,NFKBIA,0.88339585
386,590,EMCN,IL12A,0.88253915
386,210,EMCN,PNO1,0.8824361
386,232,EMCN,ICAM1,0.88227135
386,440,EMCN,TMEM97,0.8819445
386,464,EMCN,ZNRF2,0.8819445
447,28,EMID1,NFE2,0.89837444
447,357,EMID1,MEIS1,0.89641935
447,78,EMID1,MECOM,0.8962467
447,137,EMID1,MYCN,0.8926617
447,450,EMID1,MAGED1,0.89204466
447,57,EMID1,OASL2,0.8919511
447,277,EMID1,RTP4,0.8919396
447,504,EMID1,IFI44,0.8911128
447,190,EMID1,RAD51,0.89062035
447,50,EMID1,NFAT5,0.89011
447,410,EMID1,SMARCA2,0.88992816
447,283,EMID1,EGR1,0.8886575
447,518,EMID1,PHF10,0.88765275
447,8,EMID1,ATAD1,0.8874222
447,595,EMID1,CSF3R,0.8873572
447,0,EMID1,OTUD6B,0.88735664
447,128,EMID1,APLP2,0.88735664
447,136,EMID1,TACC3,0.88735664
447,432,EMID1,HDC,0.88735664
447,514,EMID1,PAK1,0.88735664
447,519,EMID1,AGPS,0.88735664
447,524,EMID1,TBC1D10C,0.88735664
447,150,EMID1,SORT1,0.88720006
447,81,EMID1,HDAC11,0.88636285
447,198,EMID1,NDN,0.88581866
447,404,EMID1,FTSJ3,0.8855354
447,263,EMID1,JUN,0.88498837
447,146,EMID1,SCARF1,0.8849535
447,2,EMID1,PPP1R15A,0.8849157
447,47,EMID1,FGL2,0.8849157
447,140,EMID1,ANXA3,0.8849157
447,194,EMID1,GOLPH3,0.8849157
447,362,EMID1,PTGS1,0.8849157
447,441,EMID1,EBF1,0.8849157
447,546,EMID1,PROCR,0.8849157
447,622,EMID1,KRT18,0.8849047
447,564,EMID1,MFNG,0.8844839
447,553,EMID1,DHFR,0.8843969
447,367,EMID1,HCFC1,0.88416076
447,394,EMID1,MAPK1,0.88383144
447,251,EMID1,IRF6,0.8836737
447,34,EMID1,MAML3,0.8834087
447,486,EMID1,NFKBIA,0.8834018
447,554,EMID1,CDT1,0.8828772
447,210,EMID1,PNO1,0.8825969
447,590,EMID1,IL12A,0.88253915
447,232,EMID1,ICAM1,0.8822701
447,440,EMID1,TMEM97,0.88194716
447,464,EMID1,ZNRF2,0.88194716
447,177,EMID1,RELB,0.8818669
72,28,EMILIN1,NFE2,0.8983674
72,357,EMILIN1,MEIS1,0.89645624
72,57,EMILIN1,OASL2,0.8919436
72,277,EMILIN1,RTP4,0.8919433
72,183,EMILIN1,XAF1,0.89110696
72,200,EMILIN1,IGTP,0.89110696
72,504,EMILIN1,IFI44,0.89110696
72,609,EMILIN1,UBA7,0.89110696
72,464,EMILIN1,ZNRF2,0.8901828
72,410,EMILIN1,SMARCA2,0.8899338
72,283,EMILIN1,EGR1,0.8889555
72,518,EMILIN1,PHF10,0.8876568
72,137,EMILIN1,MYCN,0.8875828
72,0,EMILIN1,OTUD6B,0.88735795
72,8,EMILIN1,ATAD1,0.88735795
72,128,EMILIN1,APLP2,0.88735795
72,136,EMILIN1,TACC3,0.88735795
72,150,EMILIN1,SORT1,0.88735795
72,396,EMILIN1,RUVBL2,0.88735795
72,432,EMILIN1,HDC,0.88735795
72,450,EMILIN1,MAGED1,0.88735795
72,514,EMILIN1,PAK1,0.88735795
72,519,EMILIN1,AGPS,0.88735795
72,524,EMILIN1,TBC1D10C,0.88735795
72,595,EMILIN1,CSF3R,0.88735795
72,81,EMILIN1,HDAC11,0.8863662
72,198,EMILIN1,NDN,0.8857864
72,404,EMILIN1,FTSJ3,0.8855249
72,33,EMILIN1,CSTF2,0.88539684
72,263,EMILIN1,JUN,0.8849301
72,2,EMILIN1,PPP1R15A,0.8849065
72,47,EMILIN1,FGL2,0.8849065
72,140,EMILIN1,ANXA3,0.8849065
72,146,EMILIN1,SCARF1,0.8849065
72,194,EMILIN1,GOLPH3,0.8849065
72,362,EMILIN1,PTGS1,0.8849065
72,546,EMILIN1,PROCR,0.8849065
72,622,EMILIN1,KRT18,0.8849065
72,441,EMILIN1,EBF1,0.88490593
72,251,EMILIN1,IRF6,0.8848691
72,564,EMILIN1,MFNG,0.8846856
72,78,EMILIN1,MECOM,0.88431585
72,190,EMILIN1,RAD51,0.8843152
72,553,EMILIN1,DHFR,0.8843152
72,367,EMILIN1,HCFC1,0.8841642
72,394,EMILIN1,MAPK1,0.88384897
72,34,EMILIN1,MAML3,0.8834249
72,486,EMILIN1,NFKBIA,0.88340676
72,554,EMILIN1,CDT1,0.88287854
72,210,EMILIN1,PNO1,0.8824391
19,28,EML4,NFE2,0.8983655
19,357,EML4,MEIS1,0.89649427
19,78,EML4,MECOM,0.8962748
19,137,EML4,MYCN,0.892938
19,57,EML4,OASL2,0.89194083
19,277,EML4,RTP4,0.89194053
19,183,EML4,XAF1,0.89110327
19,200,EML4,IGTP,0.89110327
19,504,EML4,IFI44,0.89110327
19,609,EML4,UBA7,0.89110327
19,410,EML4,SMARCA2,0.8899257
19,283,EML4,EGR1,0.88864714
19,0,EML4,OTUD6B,0.8873572
19,8,EML4,ATAD1,0.8873572
19,128,EML4,APLP2,0.8873572
19,136,EML4,TACC3,0.8873572
19,150,EML4,SORT1,0.8873572
19,396,EML4,RUVBL2,0.8873572
19,432,EML4,HDC,0.8873572
19,450,EML4,MAGED1,0.8873572
19,514,EML4,PAK1,0.8873572
19,519,EML4,AGPS,0.8873572
19,524,EML4,TBC1D10C,0.8873572
19,518,EML4,PHF10,0.8872957
19,595,EML4,CSF3R,0.887242
19,81,EML4,HDAC11,0.88636285
19,198,EML4,NDN,0.8857889
19,404,EML4,FTSJ3,0.8855358
19,33,EML4,CSTF2,0.88550335
19,263,EML4,JUN,0.884927
19,2,EML4,PPP1R15A,0.8849047
19,47,EML4,FGL2,0.8849047
19,140,EML4,ANXA3,0.8849047
19,146,EML4,SCARF1,0.8849047
19,194,EML4,GOLPH3,0.8849047
19,362,EML4,PTGS1,0.8849047
19,441,EML4,EBF1,0.8849047
19,546,EML4,PROCR,0.8849047
19,622,EML4,KRT18,0.8849047
19,564,EML4,MFNG,0.88476443
19,190,EML4,RAD51,0.8843264
19,553,EML4,DHFR,0.8843168
19,367,EML4,HCFC1,0.88415396
19,394,EML4,MAPK1,0.8838468
19,251,EML4,IRF6,0.8836629
19,486,EML4,NFKBIA,0.8833867
19,554,EML4,CDT1,0.88287765
19,210,EML4,PNO1,0.88235617
19,232,EML4,ICAM1,0.88227135
19,440,EML4,TMEM97,0.8819445
333,28,EPAS1,NFE2,0.8983701
333,357,EPAS1,MEIS1,0.8965325
333,78,EPAS1,MECOM,0.8962431
333,137,EPAS1,MYCN,0.89263076
333,277,EPAS1,RTP4,0.89196044
333,57,EPAS1,OASL2,0.8919425
333,183,EPAS1,XAF1,0.8911094
333,200,EPAS1,IGTP,0.8911094
333,504,EPAS1,IFI44,0.8911094
333,609,EPAS1,UBA7,0.8911094
333,34,EPAS1,MAML3,0.89055306
333,283,EPAS1,EGR1,0.88865244
333,518,EPAS1,PHF10,0.88765126
333,524,EPAS1,TBC1D10C,0.8873714
333,0,EPAS1,OTUD6B,0.8873604
333,8,EPAS1,ATAD1,0.8873604
333,128,EPAS1,APLP2,0.8873604
333,136,EPAS1,TACC3,0.8873604
333,150,EPAS1,SORT1,0.8873604
333,396,EPAS1,RUVBL2,0.8873604
333,432,EPAS1,HDC,0.8873604
333,514,EPAS1,PAK1,0.8873604
333,519,EPAS1,AGPS,0.8873604
333,595,EPAS1,CSF3R,0.8873604
333,81,EPAS1,HDAC11,0.88636386
333,198,EPAS1,NDN,0.8857996
333,404,EPAS1,FTSJ3,0.88553965
333,33,EPAS1,CSTF2,0.88545895
333,263,EPAS1,JUN,0.88493335
333,441,EPAS1,EBF1,0.8849223
333,2,EPAS1,PPP1R15A,0.8849103
333,47,EPAS1,FGL2,0.8849103
333,140,EPAS1,ANXA3,0.8849103
333,146,EPAS1,SCARF1,0.8849103
333,194,EPAS1,GOLPH3,0.8849103
333,362,EPAS1,PTGS1,0.8849103
333,546,EPAS1,PROCR,0.8849103
333,622,EPAS1,KRT18,0.8849103
333,564,EPAS1,MFNG,0.8846806
333,190,EPAS1,RAD51,0.88432807
333,553,EPAS1,DHFR,0.88432807
333,367,EPAS1,HCFC1,0.88415956
333,394,EPAS1,MAPK1,0.8838527
333,251,EPAS1,IRF6,0.8836155
333,486,EPAS1,NFKBIA,0.883401
333,554,EPAS1,CDT1,0.88288116
333,590,EPAS1,IL12A,0.8824805
333,210,EPAS1,PNO1,0.8824392
333,232,EPAS1,ICAM1,0.8822773
333,440,EPAS1,TMEM97,0.88194716
626,28,EPB41L4B,NFE2,0.89777774
626,78,EPB41L4B,MECOM,0.8962374
626,137,EPB41L4B,MYCN,0.89262396
626,57,EPB41L4B,OASL2,0.89194083
626,277,EPB41L4B,RTP4,0.89194053
626,183,EPB41L4B,XAF1,0.89110327
626,200,EPB41L4B,IGTP,0.89110327
626,504,EPB41L4B,IFI44,0.89110327
626,609,EPB41L4B,UBA7,0.89110327
626,410,EPB41L4B,SMARCA2,0.8899257
626,73,EPB41L4B,RORC,0.88916135
626,283,EPB41L4B,EGR1,0.8889533
626,518,EPB41L4B,PHF10,0.88764507
626,519,EPB41L4B,AGPS,0.8874411
626,396,EPB41L4B,RUVBL2,0.88736826
626,0,EPB41L4B,OTUD6B,0.8873572
626,8,EPB41L4B,ATAD1,0.8873572
626,128,EPB41L4B,APLP2,0.8873572
626,136,EPB41L4B,TACC3,0.8873572
626,150,EPB41L4B,SORT1,0.8873572
626,432,EPB41L4B,HDC,0.8873572
626,450,EPB41L4B,MAGED1,0.8873572
626,514,EPB41L4B,PAK1,0.8873572
626,394,EPB41L4B,MAPK1,0.8871252
626,198,EPB41L4B,NDN,0.8857979
626,404,EPB41L4B,FTSJ3,0.8855358
626,33,EPB41L4B,CSTF2,0.8854538
626,263,EPB41L4B,JUN,0.884927
626,2,EPB41L4B,PPP1R15A,0.8849047
626,47,EPB41L4B,FGL2,0.8849047
626,140,EPB41L4B,ANXA3,0.8849047
626,146,EPB41L4B,SCARF1,0.8849047
626,194,EPB41L4B,GOLPH3,0.8849047
626,362,EPB41L4B,PTGS1,0.8849047
626,441,EPB41L4B,EBF1,0.8849047
626,546,EPB41L4B,PROCR,0.8849047
626,622,EPB41L4B,KRT18,0.8849047
626,564,EPB41L4B,MFNG,0.88467485
626,190,EPB41L4B,RAD51,0.8843264
626,553,EPB41L4B,DHFR,0.8843264
626,367,EPB41L4B,HCFC1,0.88415414
626,251,EPB41L4B,IRF6,0.8836629
626,34,EPB41L4B,MAML3,0.8834213
626,486,EPB41L4B,NFKBIA,0.88339585
626,554,EPB41L4B,CDT1,0.88287765
626,590,EPB41L4B,IL12A,0.88253915
626,210,EPB41L4B,PNO1,0.8824361
626,232,EPB41L4B,ICAM1,0.88227135
626,464,EPB41L4B,ZNRF2,0.88201267
626,440,EPB41L4B,TMEM97,0.8819445
320,128,EPSTI1,APLP2,0.901884
320,28,EPSTI1,NFE2,0.8983655
320,357,EPSTI1,MEIS1,0.89651555
320,78,EPSTI1,MECOM,0.8962374
320,177,EPSTI1,RELB,0.8943816
320,137,EPSTI1,MYCN,0.89262396
320,57,EPSTI1,OASL2,0.89194083
320,277,EPSTI1,RTP4,0.89194053
320,183,EPSTI1,XAF1,0.89110327
320,200,EPSTI1,IGTP,0.89110327
320,504,EPSTI1,IFI44,0.89110327
320,609,EPSTI1,UBA7,0.89110327
320,289,EPSTI1,GT(ROSA)26SOR,0.89104635
320,410,EPSTI1,SMARCA2,0.8899257
320,283,EPSTI1,EGR1,0.88864714
320,518,EPSTI1,PHF10,0.88764507
320,0,EPSTI1,OTUD6B,0.88743484
320,8,EPSTI1,ATAD1,0.8873572
320,136,EPSTI1,TACC3,0.8873572
320,150,EPSTI1,SORT1,0.8873572
320,450,EPSTI1,MAGED1,0.8873572
320,514,EPSTI1,PAK1,0.8873572
320,524,EPSTI1,TBC1D10C,0.8873572
320,595,EPSTI1,CSF3R,0.8873572
320,396,EPSTI1,RUVBL2,0.8873476
320,432,EPSTI1,HDC,0.88732266
320,81,EPSTI1,HDAC11,0.88636285
320,198,EPSTI1,NDN,0.8857979
320,404,EPSTI1,FTSJ3,0.8855358
320,33,EPSTI1,CSTF2,0.8854538
320,263,EPSTI1,JUN,0.884927
320,2,EPSTI1,PPP1R15A,0.8849047
320,47,EPSTI1,FGL2,0.8849047
320,140,EPSTI1,ANXA3,0.8849047
320,146,EPSTI1,SCARF1,0.8849047
320,194,EPSTI1,GOLPH3,0.8849047
320,362,EPSTI1,PTGS1,0.8849047
320,441,EPSTI1,EBF1,0.8849047
320,546,EPSTI1,PROCR,0.8849047
320,622,EPSTI1,KRT18,0.8849047
320,564,EPSTI1,MFNG,0.88467485
320,519,EPSTI1,AGPS,0.88435096
320,190,EPSTI1,RAD51,0.8843264
320,553,EPSTI1,DHFR,0.8843264
320,251,EPSTI1,IRF6,0.8838897
320,394,EPSTI1,MAPK1,0.8838468
320,34,EPSTI1,MAML3,0.8834213
320,486,EPSTI1,NFKBIA,0.88339585
320,554,EPSTI1,CDT1,0.88287765
320,590,EPSTI1,IL12A,0.88253915
351,292,ERCC8,HDAC7,0.95458376
351,537,ERCC8,TXNDC11,0.95372736
351,611,ERCC8,ZEB2,0.95372736
351,91,ERCC8,FCHO2,0.9523262
351,478,ERCC8,MKI67,0.9513739
351,439,ERCC8,DDX20,0.9510456
351,226,ERCC8,POLR2B,0.95068985
351,189,ERCC8,MCM5,0.9504419
351,621,ERCC8,SNRPB,0.95005774
351,118,ERCC8,MIS12,0.9498424
351,86,ERCC8,RANGAP1,0.94940186
351,82,ERCC8,RB1,0.9456492
351,299,ERCC8,ORC2,0.9451232
351,290,ERCC8,POLD1,0.94505054
351,279,ERCC8,AURKB,0.94329965
351,21,ERCC8,RRM1,0.94015616
351,74,ERCC8,TOP2A,0.9375798
351,246,ERCC8,TK1,0.93215805
351,500,ERCC8,MCM3,0.9309646
351,345,ERCC8,UHRF1,0.93045455
351,206,ERCC8,ZDHHC6,0.92971694
351,204,ERCC8,MCM2,0.92559344
351,323,ERCC8,MCM4,0.9253977
351,497,ERCC8,TYMS,0.925173
351,399,ERCC8,RRM2,0.9251005
351,561,ERCC8,MCM7,0.9240174
351,350,ERCC8,MCM6,0.9220561
351,297,ERCC8,LIG1,0.9215392
351,273,ERCC8,FIGNL1,0.92062014
351,475,ERCC8,BCL2,0.9201819
351,266,ERCC8,MSH6,0.9189587
351,42,ERCC8,HMGB2,0.9181227
351,411,ERCC8,CDC45,0.91785425
351,53,ERCC8,ORC6,0.9169506
351,182,ERCC8,RPA1,0.9169392
351,620,ERCC8,TIPIN,0.91605103
351,30,ERCC8,PBK,0.91496813
351,102,ERCC8,PRIM1,0.91477823
351,240,ERCC8,RPA2,0.9137338
351,610,ERCC8,PRIM2,0.9131848
351,407,ERCC8,CDC7,0.9112152
351,510,ERCC8,XRCC6,0.9104505
351,534,ERCC8,MORC3,0.9087962
351,230,ERCC8,TOP3B,0.9034184
351,81,ERCC8,HDAC11,0.90298396
351,209,ERCC8,ZBTB16,0.90116674
351,34,ERCC8,MAML3,0.89951074
351,361,ERCC8,CCNB2,0.89759916
351,414,ERCC8,CENPK,0.89492834
351,186,ERCC8,STT3B,0.89160305
201,200,ERLIN1,IGTP,0.9004572
201,28,ERLIN1,NFE2,0.8983655
201,357,ERLIN1,MEIS1,0.89640164
201,78,ERLIN1,MECOM,0.896217
201,57,ERLIN1,OASL2,0.89194083
201,277,ERLIN1,RTP4,0.8918399
201,609,ERLIN1,UBA7,0.8911897
201,183,ERLIN1,XAF1,0.8910009
201,504,ERLIN1,IFI44,0.8910009
201,410,ERLIN1,SMARCA2,0.88991994
201,283,ERLIN1,EGR1,0.88849777
201,518,ERLIN1,PHF10,0.88764805
201,150,ERLIN1,SORT1,0.8874576
201,396,ERLIN1,RUVBL2,0.887424
201,432,ERLIN1,HDC,0.887424
201,450,ERLIN1,MAGED1,0.887424
201,514,ERLIN1,PAK1,0.887424
201,524,ERLIN1,TBC1D10C,0.887424
201,595,ERLIN1,CSF3R,0.887424
201,0,ERLIN1,OTUD6B,0.8873572
201,8,ERLIN1,ATAD1,0.8873572
201,128,ERLIN1,APLP2,0.8873572
201,519,ERLIN1,AGPS,0.8873211
201,136,ERLIN1,TACC3,0.8872829
201,81,ERLIN1,HDAC11,0.88634646
201,404,ERLIN1,FTSJ3,0.88563067
201,198,ERLIN1,NDN,0.88556135
201,33,ERLIN1,CSTF2,0.88545334
201,47,ERLIN1,FGL2,0.8849047
201,140,ERLIN1,ANXA3,0.8849047
201,2,ERLIN1,PPP1R15A,0.88490415
201,441,ERLIN1,EBF1,0.8848199
201,263,ERLIN1,JUN,0.88481754
201,362,ERLIN1,PTGS1,0.8848103
201,546,ERLIN1,PROCR,0.8847983
201,622,ERLIN1,KRT18,0.8847983
201,146,ERLIN1,SCARF1,0.88471365
201,564,ERLIN1,MFNG,0.8846719
201,367,ERLIN1,HCFC1,0.8841554
201,553,ERLIN1,DHFR,0.8840957
201,394,ERLIN1,MAPK1,0.8837484
201,251,ERLIN1,IRF6,0.8834422
201,34,ERLIN1,MAML3,0.8834213
201,486,ERLIN1,NFKBIA,0.8834031
201,554,ERLIN1,CDT1,0.88295716
201,210,ERLIN1,PNO1,0.8825673
201,590,ERLIN1,IL12A,0.882536
201,232,ERLIN1,ICAM1,0.88227135
201,440,ERLIN1,TMEM97,0.8820784
201,464,ERLIN1,ZNRF2,0.8820589
176,28,ESAM,NFE2,0.8983655
176,357,ESAM,MEIS1,0.89649427
176,78,ESAM,MECOM,0.8962374
176,137,ESAM,MYCN,0.89261484
176,150,ESAM,SORT1,0.89204526
176,57,ESAM,OASL2,0.89194083
176,277,ESAM,RTP4,0.89194053
176,609,ESAM,UBA7,0.8911281
176,183,ESAM,XAF1,0.89110327
176,200,ESAM,IGTP,0.89110327
176,504,ESAM,IFI44,0.89110327
176,410,ESAM,SMARCA2,0.8897666
176,283,ESAM,EGR1,0.88864714
176,518,ESAM,PHF10,0.88764507
176,128,ESAM,APLP2,0.8873572
176,136,ESAM,TACC3,0.8873572
176,450,ESAM,MAGED1,0.8873572
176,514,ESAM,PAK1,0.8873572
176,519,ESAM,AGPS,0.8873572
176,524,ESAM,TBC1D10C,0.8873572
176,595,ESAM,CSF3R,0.8873572
176,8,ESAM,ATAD1,0.8872954
176,432,ESAM,HDC,0.8872954
176,81,ESAM,HDAC11,0.8864017
176,198,ESAM,NDN,0.8857979
176,404,ESAM,FTSJ3,0.8855358
176,33,ESAM,CSTF2,0.8854538
176,559,ESAM,RUNX1T1,0.88544506
176,263,ESAM,JUN,0.88511646
176,362,ESAM,PTGS1,0.8849568
176,2,ESAM,PPP1R15A,0.88494617
176,194,ESAM,GOLPH3,0.8849264
176,441,ESAM,EBF1,0.8849098
176,47,ESAM,FGL2,0.8849047
176,140,ESAM,ANXA3,0.8849047
176,146,ESAM,SCARF1,0.8849047
176,546,ESAM,PROCR,0.8849047
176,622,ESAM,KRT18,0.8849047
176,564,ESAM,MFNG,0.88467485
176,190,ESAM,RAD51,0.8843264
176,553,ESAM,DHFR,0.8843264
176,367,ESAM,HCFC1,0.88415396
176,0,ESAM,OTUD6B,0.8838675
176,394,ESAM,MAPK1,0.8838468
176,251,ESAM,IRF6,0.8836629
176,34,ESAM,MAML3,0.8834213
176,486,ESAM,NFKBIA,0.8833867
176,554,ESAM,CDT1,0.88287765
176,590,ESAM,IL12A,0.88253915
176,210,ESAM,PNO1,0.8824442
284,150,EYA2,SORT1,0.901884
284,8,EYA2,ATAD1,0.90184134
284,28,EYA2,NFE2,0.8983655
284,357,EYA2,MEIS1,0.89649427
284,78,EYA2,MECOM,0.8962374
284,137,EYA2,MYCN,0.8924237
284,277,EYA2,RTP4,0.89194053
284,183,EYA2,XAF1,0.89110327
284,200,EYA2,IGTP,0.89110327
284,504,EYA2,IFI44,0.89110327
284,609,EYA2,UBA7,0.89110327
284,410,EYA2,SMARCA2,0.8899257
284,283,EYA2,EGR1,0.8886869
284,57,EYA2,OASL2,0.8882231
284,518,EYA2,PHF10,0.88764507
284,595,EYA2,CSF3R,0.8873755
284,0,EYA2,OTUD6B,0.8873572
284,136,EYA2,TACC3,0.8873572
284,396,EYA2,RUVBL2,0.8873572
284,432,EYA2,HDC,0.8873572
284,450,EYA2,MAGED1,0.8873572
284,514,EYA2,PAK1,0.8873572
284,519,EYA2,AGPS,0.8873572
284,524,EYA2,TBC1D10C,0.8873572
284,128,EYA2,APLP2,0.8865584
284,81,EYA2,HDAC11,0.8864268
284,198,EYA2,NDN,0.8857979
284,404,EYA2,FTSJ3,0.8855358
284,33,EYA2,CSTF2,0.8854538
284,140,EYA2,ANXA3,0.88500047
284,263,EYA2,JUN,0.884927
284,2,EYA2,PPP1R15A,0.8849047
284,47,EYA2,FGL2,0.8849047
284,146,EYA2,SCARF1,0.8849047
284,194,EYA2,GOLPH3,0.8849047
284,362,EYA2,PTGS1,0.8849047
284,441,EYA2,EBF1,0.8849047
284,546,EYA2,PROCR,0.8849047
284,622,EYA2,KRT18,0.8849047
284,564,EYA2,MFNG,0.88467485
284,190,EYA2,RAD51,0.8843264
284,367,EYA2,HCFC1,0.88415396
284,394,EYA2,MAPK1,0.8838468
284,251,EYA2,IRF6,0.8836629
284,34,EYA2,MAML3,0.8834396
284,486,EYA2,NFKBIA,0.88339585
284,554,EYA2,CDT1,0.88287765
284,590,EYA2,IL12A,0.88253915
284,210,EYA2,PNO1,0.8824361
284,232,EYA2,ICAM1,0.88227135
261,28,EZR,NFE2,0.8983655
261,357,EZR,MEIS1,0.89649427
261,78,EZR,MECOM,0.8962374
261,137,EZR,MYCN,0.89262396
261,277,EZR,RTP4,0.8919558
261,57,EZR,OASL2,0.8919372
261,183,EZR,XAF1,0.89110327
261,200,EZR,IGTP,0.89110327
261,504,EZR,IFI44,0.89110327
261,609,EZR,UBA7,0.89110327
261,410,EZR,SMARCA2,0.8899257
261,283,EZR,EGR1,0.88864714
261,518,EZR,PHF10,0.88764507
261,622,EZR,KRT18,0.8876097
261,450,EZR,MAGED1,0.88738984
261,136,EZR,TACC3,0.8873755
261,0,EZR,OTUD6B,0.8873572
261,128,EZR,APLP2,0.8873572
261,150,EZR,SORT1,0.8873572
261,396,EZR,RUVBL2,0.8873572
261,432,EZR,HDC,0.8873572
261,519,EZR,AGPS,0.8873572
261,524,EZR,TBC1D10C,0.88734674
261,595,EZR,CSF3R,0.8865584
261,81,EZR,HDAC11,0.88636285
261,198,EZR,NDN,0.8857979
261,404,EZR,FTSJ3,0.8855358
261,33,EZR,CSTF2,0.8854497
261,263,EZR,JUN,0.884927
261,2,EZR,PPP1R15A,0.8849047
261,47,EZR,FGL2,0.8849047
261,140,EZR,ANXA3,0.8849047
261,194,EZR,GOLPH3,0.8849047
261,362,EZR,PTGS1,0.8849047
261,441,EZR,EBF1,0.8849047
261,546,EZR,PROCR,0.8849047
261,146,EZR,SCARF1,0.88483244
261,564,EZR,MFNG,0.88467485
261,553,EZR,DHFR,0.88427114
261,367,EZR,HCFC1,0.88415396
261,394,EZR,MAPK1,0.8838468
261,34,EZR,MAML3,0.8834213
261,486,EZR,NFKBIA,0.88339585
261,554,EZR,CDT1,0.88287765
261,590,EZR,IL12A,0.88253915
261,210,EZR,PNO1,0.8824361
261,232,EZR,ICAM1,0.8823246
261,440,EZR,TMEM97,0.8819445
261,464,EZR,ZNRF2,0.8819445
261,177,EZR,RELB,0.8818608
387,81,F11R,HDAC11,0.90356493
387,404,F11R,FTSJ3,0.90352637
387,34,F11R,MAML3,0.9034513
387,410,F11R,SMARCA2,0.9022634
387,0,F11R,OTUD6B,0.901312
387,8,F11R,ATAD1,0.9012698
387,128,F11R,APLP2,0.9012698
387,136,F11R,TACC3,0.9012698
387,150,F11R,SORT1,0.9012698
387,396,F11R,RUVBL2,0.9012698
387,432,F11R,HDC,0.9012698
387,450,F11R,MAGED1,0.9012698
387,514,F11R,PAK1,0.9012698
387,519,F11R,AGPS,0.9012698
387,524,F11R,TBC1D10C,0.9012698
387,595,F11R,CSF3R,0.9012698
387,210,F11R,PNO1,0.8988019
387,440,F11R,TMEM97,0.89635515
387,464,F11R,ZNRF2,0.89635515
387,292,F11R,HDAC7,0.89581674
387,367,F11R,HCFC1,0.89531535
387,429,F11R,GFI1B,0.89507157
387,518,F11R,PHF10,0.8940232
387,28,F11R,NFE2,0.89342016
387,554,F11R,CDT1,0.8932586
387,199,F11R,E2F4,0.8919381
387,161,F11R,JARID2,0.89188904
387,331,F11R,PIM2,0.89096355
387,357,F11R,MEIS1,0.89012617
387,177,F11R,RELB,0.8900487
387,73,F11R,RORC,0.88951266
387,78,F11R,MECOM,0.8893518
387,137,F11R,MYCN,0.88934153
387,488,F11R,FGFR1OP,0.8893054
387,274,F11R,NOP2,0.88927686
387,209,F11R,ZBTB16,0.88839954
387,439,F11R,DDX20,0.8869839
387,486,F11R,NFKBIA,0.88659656
387,564,F11R,MFNG,0.88651884
387,289,F11R,GT(ROSA)26SOR,0.8862963
387,318,F11R,GANAB,0.8861735
387,255,F11R,CD74,0.8861562
387,277,F11R,RTP4,0.8849246
387,57,F11R,OASL2,0.88490665
387,347,F11R,RNF4,0.8844513
387,67,F11R,HDAC2,0.88315946
387,392,F11R,DCAF13,0.8830738
387,183,F11R,XAF1,0.8829738
387,200,F11R,IGTP,0.8829738
387,504,F11R,IFI44,0.8829738
473,28,F630028O10RIK,NFE2,0.8983655
473,78,F630028O10RIK,MECOM,0.8962374
473,263,F630028O10RIK,JUN,0.89538777
473,137,F630028O10RIK,MYCN,0.89262396
473,57,F630028O10RIK,OASL2,0.89194083
473,277,F630028O10RIK,RTP4,0.89194053
473,183,F630028O10RIK,XAF1,0.89110327
473,200,F630028O10RIK,IGTP,0.89110327
473,504,F630028O10RIK,IFI44,0.89110327
473,609,F630028O10RIK,UBA7,0.8910734
473,410,F630028O10RIK,SMARCA2,0.8899257
473,283,F630028O10RIK,EGR1,0.88864714
473,518,F630028O10RIK,PHF10,0.88761836
473,0,F630028O10RIK,OTUD6B,0.8873572
473,8,F630028O10RIK,ATAD1,0.8873572
473,128,F630028O10RIK,APLP2,0.8873572
473,136,F630028O10RIK,TACC3,0.8873572
473,450,F630028O10RIK,MAGED1,0.8873572
473,514,F630028O10RIK,PAK1,0.8873572
473,519,F630028O10RIK,AGPS,0.8873572
473,524,F630028O10RIK,TBC1D10C,0.8873572
473,432,F630028O10RIK,HDC,0.88726604
473,150,F630028O10RIK,SORT1,0.88660944
473,81,F630028O10RIK,HDAC11,0.88636285
473,198,F630028O10RIK,NDN,0.8859635
473,404,F630028O10RIK,FTSJ3,0.8855358
473,33,F630028O10RIK,CSTF2,0.8854538
473,47,F630028O10RIK,FGL2,0.88494617
473,2,F630028O10RIK,PPP1R15A,0.8849047
473,140,F630028O10RIK,ANXA3,0.8849047
473,146,F630028O10RIK,SCARF1,0.8849047
473,194,F630028O10RIK,GOLPH3,0.8849047
473,362,F630028O10RIK,PTGS1,0.8849047
473,441,F630028O10RIK,EBF1,0.8849047
473,546,F630028O10RIK,PROCR,0.8849047
473,622,F630028O10RIK,KRT18,0.8849047
473,564,F630028O10RIK,MFNG,0.88467485
473,190,F630028O10RIK,RAD51,0.8843264
473,553,F630028O10RIK,DHFR,0.8843264
473,367,F630028O10RIK,HCFC1,0.88415396
473,394,F630028O10RIK,MAPK1,0.8838468
473,251,F630028O10RIK,IRF6,0.8836629
473,34,F630028O10RIK,MAML3,0.8834213
473,486,F630028O10RIK,NFKBIA,0.88339585
473,554,F630028O10RIK,CDT1,0.88290805
473,590,F630028O10RIK,IL12A,0.88253915
473,210,F630028O10RIK,PNO1,0.8824361
473,232,F630028O10RIK,ICAM1,0.8823109
473,440,F630028O10RIK,TMEM97,0.8819445
473,464,F630028O10RIK,ZNRF2,0.8819445
264,28,FAM111A,NFE2,0.8983655
264,357,FAM111A,MEIS1,0.89649427
264,78,FAM111A,MECOM,0.8962374
264,137,FAM111A,MYCN,0.89262396
264,277,FAM111A,RTP4,0.8919558
264,57,FAM111A,OASL2,0.8919372
264,183,FAM111A,XAF1,0.89110327
264,200,FAM111A,IGTP,0.89110327
264,504,FAM111A,IFI44,0.89110327
264,609,FAM111A,UBA7,0.89110327
264,410,FAM111A,SMARCA2,0.8899257
264,283,FAM111A,EGR1,0.88864714
264,518,FAM111A,PHF10,0.88764507
264,622,FAM111A,KRT18,0.8876097
264,450,FAM111A,MAGED1,0.88738984
264,136,FAM111A,TACC3,0.8873755
264,0,FAM111A,OTUD6B,0.8873572
264,128,FAM111A,APLP2,0.8873572
264,150,FAM111A,SORT1,0.8873572
264,396,FAM111A,RUVBL2,0.8873572
264,432,FAM111A,HDC,0.8873572
264,519,FAM111A,AGPS,0.8873572
264,524,FAM111A,TBC1D10C,0.88734674
264,595,FAM111A,CSF3R,0.8865584
264,81,FAM111A,HDAC11,0.88636285
264,198,FAM111A,NDN,0.8857979
264,404,FAM111A,FTSJ3,0.8855358
264,33,FAM111A,CSTF2,0.8854497
264,263,FAM111A,JUN,0.884927
264,2,FAM111A,PPP1R15A,0.8849047
264,47,FAM111A,FGL2,0.8849047
264,140,FAM111A,ANXA3,0.8849047
264,194,FAM111A,GOLPH3,0.8849047
264,362,FAM111A,PTGS1,0.8849047
264,441,FAM111A,EBF1,0.8849047
264,546,FAM111A,PROCR,0.8849047
264,146,FAM111A,SCARF1,0.88483244
264,564,FAM111A,MFNG,0.88467485
264,553,FAM111A,DHFR,0.88427114
264,367,FAM111A,HCFC1,0.88415396
264,394,FAM111A,MAPK1,0.8838468
264,34,FAM111A,MAML3,0.8834213
264,486,FAM111A,NFKBIA,0.88339585
264,554,FAM111A,CDT1,0.88287765
264,590,FAM111A,IL12A,0.88253915
264,210,FAM111A,PNO1,0.8824361
264,232,FAM111A,ICAM1,0.8823246
264,440,FAM111A,TMEM97,0.8819445
264,464,FAM111A,ZNRF2,0.8819445
264,177,FAM111A,RELB,0.8818608
228,28,FAM136A,NFE2,0.8960846
228,357,FAM136A,MEIS1,0.8941513
228,78,FAM136A,MECOM,0.893901
228,183,FAM136A,XAF1,0.89075
228,277,FAM136A,RTP4,0.88932604
228,57,FAM136A,OASL2,0.88932085
228,504,FAM136A,IFI44,0.8885842
228,609,FAM136A,UBA7,0.8885842
228,200,FAM136A,IGTP,0.8885257
228,137,FAM136A,MYCN,0.88767904
228,410,FAM136A,SMARCA2,0.88641405
228,283,FAM136A,EGR1,0.8862161
228,396,FAM136A,RUVBL2,0.8855862
228,0,FAM136A,OTUD6B,0.8855211
228,8,FAM136A,ATAD1,0.8855211
228,128,FAM136A,APLP2,0.8855211
228,432,FAM136A,HDC,0.8855211
228,514,FAM136A,PAK1,0.8855211
228,519,FAM136A,AGPS,0.8855211
228,524,FAM136A,TBC1D10C,0.8855211
228,595,FAM136A,CSF3R,0.8855211
228,150,FAM136A,SORT1,0.8855204
228,622,FAM136A,KRT18,0.88485086
228,81,FAM136A,HDAC11,0.8841106
228,198,FAM136A,NDN,0.88374704
228,190,FAM136A,RAD51,0.8829599
228,553,FAM136A,DHFR,0.8829599
228,518,FAM136A,PHF10,0.88252693
228,263,FAM136A,JUN,0.88248855
228,2,FAM136A,PPP1R15A,0.88245225
228,47,FAM136A,FGL2,0.88245225
228,140,FAM136A,ANXA3,0.88245225
228,146,FAM136A,SCARF1,0.88245225
228,194,FAM136A,GOLPH3,0.88245225
228,441,FAM136A,EBF1,0.88245225
228,546,FAM136A,PROCR,0.88245225
228,362,FAM136A,PTGS1,0.88138944
228,34,FAM136A,MAML3,0.8811542
228,251,FAM136A,IRF6,0.88112223
228,33,FAM136A,CSTF2,0.8810167
228,554,FAM136A,CDT1,0.8808122
228,394,FAM136A,MAPK1,0.8807489
228,564,FAM136A,MFNG,0.88001764
228,210,FAM136A,PNO1,0.879915
228,367,FAM136A,HCFC1,0.8798657
228,440,FAM136A,TMEM97,0.87961394
228,464,FAM136A,ZNRF2,0.87961394
228,486,FAM136A,NFKBIA,0.8790934
228,590,FAM136A,IL12A,0.8782632
228,177,FAM136A,RELB,0.8776134
62,34,FAM76B,MAML3,0.9265681
62,81,FAM76B,HDAC11,0.92364025
62,209,FAM76B,ZBTB16,0.91920763
62,554,FAM76B,CDT1,0.9190347
62,136,FAM76B,TACC3,0.9167014
62,0,FAM76B,OTUD6B,0.91659415
62,8,FAM76B,ATAD1,0.91659415
62,128,FAM76B,APLP2,0.91659415
62,150,FAM76B,SORT1,0.91659415
62,396,FAM76B,RUVBL2,0.91659415
62,432,FAM76B,HDC,0.91659415
62,514,FAM76B,PAK1,0.91659415
62,519,FAM76B,AGPS,0.91659415
62,524,FAM76B,TBC1D10C,0.91659415
62,595,FAM76B,CSF3R,0.91659415
62,450,FAM76B,MAGED1,0.9164317
62,292,FAM76B,HDAC7,0.9159493
62,410,FAM76B,SMARCA2,0.9145646
62,331,FAM76B,PIM2,0.9130873
62,199,FAM76B,E2F4,0.9125375
62,404,FAM76B,FTSJ3,0.91157436
62,351,FAM76B,ERCC8,0.909427
62,186,FAM76B,STT3B,0.9087992
62,429,FAM76B,GFI1B,0.90837985
62,439,FAM76B,DDX20,0.90481025
62,161,FAM76B,JARID2,0.9008643
62,183,FAM76B,XAF1,0.89815146
62,200,FAM76B,IGTP,0.89815146
62,504,FAM76B,IFI44,0.89815146
62,609,FAM76B,UBA7,0.89812845
62,255,FAM76B,CD74,0.8966857
62,289,FAM76B,GT(ROSA)26SOR,0.8966857
62,82,FAM76B,RB1,0.89642185
62,464,FAM76B,ZNRF2,0.89279205
62,73,FAM76B,RORC,0.8871814
62,210,FAM76B,PNO1,0.8869995
62,137,FAM76B,MYCN,0.88560694
62,486,FAM76B,NFKBIA,0.88449115
62,402,FAM76B,EIF1AD,0.88260204
62,50,FAM76B,NFAT5,0.88223016
62,206,FAM76B,ZDHHC6,0.87897253
62,33,FAM76B,CSTF2,0.8750021
62,440,FAM76B,TMEM97,0.87079126
62,590,FAM76B,IL12A,0.8696485
62,363,FAM76B,MYC,0.8675083
62,91,FAM76B,FCHO2,0.86561185
62,537,FAM76B,TXNDC11,0.86561185
62,611,FAM76B,ZEB2,0.86561185
62,475,FAM76B,BCL2,0.8654238
62,177,FAM76B,RELB,0.862944
624,28,FAM91A1,NFE2,0.89780086
624,78,FAM91A1,MECOM,0.89626575
624,137,FAM91A1,MYCN,0.89264584
624,57,FAM91A1,OASL2,0.8919668
624,277,FAM91A1,RTP4,0.8919665
624,183,FAM91A1,XAF1,0.8911302
624,200,FAM91A1,IGTP,0.8911302
624,504,FAM91A1,IFI44,0.8911302
624,609,FAM91A1,UBA7,0.8911302
624,410,FAM91A1,SMARCA2,0.88992393
624,73,FAM91A1,RORC,0.8891926
624,283,FAM91A1,EGR1,0.88897943
624,518,FAM91A1,PHF10,0.88766664
624,519,FAM91A1,AGPS,0.88746154
624,396,FAM91A1,RUVBL2,0.8873888
624,0,FAM91A1,OTUD6B,0.8873776
624,8,FAM91A1,ATAD1,0.8873776
624,128,FAM91A1,APLP2,0.8873776
624,136,FAM91A1,TACC3,0.8873776
624,150,FAM91A1,SORT1,0.8873776
624,432,FAM91A1,HDC,0.8873776
624,450,FAM91A1,MAGED1,0.8873776
624,514,FAM91A1,PAK1,0.8873776
624,394,FAM91A1,MAPK1,0.88715523
624,198,FAM91A1,NDN,0.88580745
624,404,FAM91A1,FTSJ3,0.88556534
624,33,FAM91A1,CSTF2,0.88546973
624,263,FAM91A1,JUN,0.8849589
624,2,FAM91A1,PPP1R15A,0.88493514
624,47,FAM91A1,FGL2,0.88493514
624,140,FAM91A1,ANXA3,0.88493514
624,146,FAM91A1,SCARF1,0.88493514
624,194,FAM91A1,GOLPH3,0.88493514
624,362,FAM91A1,PTGS1,0.88493514
624,441,FAM91A1,EBF1,0.88493514
624,546,FAM91A1,PROCR,0.88493514
624,622,FAM91A1,KRT18,0.88493514
624,564,FAM91A1,MFNG,0.8846947
624,190,FAM91A1,RAD51,0.88433594
624,553,FAM91A1,DHFR,0.88433594
624,367,FAM91A1,HCFC1,0.88417363
624,251,FAM91A1,IRF6,0.8836947
624,34,FAM91A1,MAML3,0.8834645
624,486,FAM91A1,NFKBIA,0.8834117
624,554,FAM91A1,CDT1,0.8829015
624,590,FAM91A1,IL12A,0.88255644
624,210,FAM91A1,PNO1,0.8824807
624,232,FAM91A1,ICAM1,0.8822921
624,464,FAM91A1,ZNRF2,0.8820502
624,440,FAM91A1,TMEM97,0.88198197
169,28,FAR1,NFE2,0.8983655
169,357,FAR1,MEIS1,0.89649427
169,78,FAR1,MECOM,0.8962374
169,137,FAR1,MYCN,0.89262396
169,57,FAR1,OASL2,0.89194083
169,277,FAR1,RTP4,0.89193827
169,183,FAR1,XAF1,0.89110327
169,200,FAR1,IGTP,0.89110327
169,504,FAR1,IFI44,0.89110327
169,609,FAR1,UBA7,0.8910898
169,283,FAR1,EGR1,0.88864714
169,518,FAR1,PHF10,0.88755
169,595,FAR1,CSF3R,0.8874677
169,519,FAR1,AGPS,0.88738984
169,136,FAR1,TACC3,0.88735867
169,0,FAR1,OTUD6B,0.8873572
169,8,FAR1,ATAD1,0.8873572
169,128,FAR1,APLP2,0.8873572
169,150,FAR1,SORT1,0.8873572
169,396,FAR1,RUVBL2,0.8873572
169,432,FAR1,HDC,0.8873572
169,450,FAR1,MAGED1,0.8873572
169,514,FAR1,PAK1,0.8873572
169,524,FAR1,TBC1D10C,0.8873572
169,81,FAR1,HDAC11,0.8863051
169,198,FAR1,NDN,0.8857979
169,404,FAR1,FTSJ3,0.8855358
169,33,FAR1,CSTF2,0.8854538
169,190,FAR1,RAD51,0.88524216
169,263,FAR1,JUN,0.884927
169,2,FAR1,PPP1R15A,0.8849047
169,47,FAR1,FGL2,0.8849047
169,146,FAR1,SCARF1,0.8849047
169,194,FAR1,GOLPH3,0.8849047
169,362,FAR1,PTGS1,0.8849047
169,622,FAR1,KRT18,0.8849047
169,564,FAR1,MFNG,0.88467485
169,553,FAR1,DHFR,0.8843264
169,367,FAR1,HCFC1,0.88412535
169,394,FAR1,MAPK1,0.8838202
169,441,FAR1,EBF1,0.88380176
169,34,FAR1,MAML3,0.8834213
169,486,FAR1,NFKBIA,0.88339585
169,554,FAR1,CDT1,0.88287765
169,590,FAR1,IL12A,0.88253915
169,210,FAR1,PNO1,0.8824361
169,232,FAR1,ICAM1,0.88227135
169,440,FAR1,TMEM97,0.8819445
169,464,FAR1,ZNRF2,0.8819445
169,177,FAR1,RELB,0.8818608
310,34,FASTKD2,MAML3,0.9263805
310,81,FASTKD2,HDAC11,0.9234371
310,128,FASTKD2,APLP2,0.92281723
310,209,FASTKD2,ZBTB16,0.9189912
310,554,FASTKD2,CDT1,0.91880715
310,396,FASTKD2,RUVBL2,0.91645354
310,0,FASTKD2,OTUD6B,0.9163305
310,8,FASTKD2,ATAD1,0.9163305
310,150,FASTKD2,SORT1,0.9163305
310,432,FASTKD2,HDC,0.9163305
310,450,FASTKD2,MAGED1,0.9163305
310,514,FASTKD2,PAK1,0.9163305
310,519,FASTKD2,AGPS,0.9163305
310,524,FASTKD2,TBC1D10C,0.9163305
310,595,FASTKD2,CSF3R,0.9163305
310,136,FASTKD2,TACC3,0.916235
310,292,FASTKD2,HDAC7,0.9159325
310,410,FASTKD2,SMARCA2,0.9143204
310,331,FASTKD2,PIM2,0.9128384
310,199,FASTKD2,E2F4,0.9123305
310,404,FASTKD2,FTSJ3,0.91132873
310,475,FASTKD2,BCL2,0.9112045
310,351,FASTKD2,ERCC8,0.9091768
310,186,FASTKD2,STT3B,0.90852463
310,429,FASTKD2,GFI1B,0.90816927
310,439,FASTKD2,DDX20,0.90478915
310,161,FASTKD2,JARID2,0.9005643
310,183,FASTKD2,XAF1,0.89766216
310,200,FASTKD2,IGTP,0.89766216
310,504,FASTKD2,IFI44,0.89766216
310,609,FASTKD2,UBA7,0.89766216
310,82,FASTKD2,RB1,0.8964463
310,255,FASTKD2,CD74,0.8963839
310,289,FASTKD2,GT(ROSA)26SOR,0.8963839
310,440,FASTKD2,TMEM97,0.89627683
310,464,FASTKD2,ZNRF2,0.89247197
310,73,FASTKD2,RORC,0.8868355
310,210,FASTKD2,PNO1,0.8866588
310,137,FASTKD2,MYCN,0.8849705
310,486,FASTKD2,NFKBIA,0.8841409
310,402,FASTKD2,EIF1AD,0.8822523
310,50,FASTKD2,NFAT5,0.88187414
310,206,FASTKD2,ZDHHC6,0.8789005
310,33,FASTKD2,CSTF2,0.8748157
310,590,FASTKD2,IL12A,0.8683097
310,363,FASTKD2,MYC,0.8671873
310,537,FASTKD2,TXNDC11,0.865528
310,611,FASTKD2,ZEB2,0.865528
310,177,FASTKD2,RELB,0.86252016
310,165,FASTKD2,GTF2H1,0.86162066
477,210,FCER1G,PNO1,0.9315063
477,410,FCER1G,SMARCA2,0.929324
477,404,FCER1G,FTSJ3,0.9271807
477,161,FCER1G,JARID2,0.927076
477,440,FCER1G,TMEM97,0.9260788
477,464,FCER1G,ZNRF2,0.9260788
477,429,FCER1G,GFI1B,0.92546356
477,554,FCER1G,CDT1,0.92493314
477,33,FCER1G,CSTF2,0.92359066
477,73,FCER1G,RORC,0.9235557
477,486,FCER1G,NFKBIA,0.92255
477,67,FCER1G,HDAC2,0.92233175
477,255,FCER1G,CD74,0.92086613
477,289,FCER1G,GT(ROSA)26SOR,0.92086613
477,183,FCER1G,XAF1,0.9204359
477,514,FCER1G,PAK1,0.9204109
477,200,FCER1G,IGTP,0.92034847
477,504,FCER1G,IFI44,0.92034847
477,609,FCER1G,UBA7,0.9203324
477,0,FCER1G,OTUD6B,0.9203316
477,136,FCER1G,TACC3,0.9203316
477,8,FCER1G,ATAD1,0.9202903
477,150,FCER1G,SORT1,0.9202903
477,396,FCER1G,RUVBL2,0.9202903
477,432,FCER1G,HDC,0.9202903
477,450,FCER1G,MAGED1,0.9202903
477,524,FCER1G,TBC1D10C,0.9202903
477,199,FCER1G,E2F4,0.92023236
477,57,FCER1G,OASL2,0.9190654
477,277,FCER1G,RTP4,0.9190608
477,318,FCER1G,GANAB,0.91829807
477,81,FCER1G,HDAC11,0.9182658
477,488,FCER1G,FGFR1OP,0.9181785
477,28,FCER1G,NFE2,0.9174147
477,357,FCER1G,MEIS1,0.91673285
477,367,FCER1G,HCFC1,0.9163472
477,331,FCER1G,PIM2,0.91625595
477,50,FCER1G,NFAT5,0.9150661
477,363,FCER1G,MYC,0.914719
477,78,FCER1G,MECOM,0.9126647
477,426,FCER1G,PRPF4,0.9124362
477,251,FCER1G,IRF6,0.9120456
477,518,FCER1G,PHF10,0.9114041
477,137,FCER1G,MYCN,0.9110356
477,276,FCER1G,REL,0.91071165
477,590,FCER1G,IL12A,0.91007835
477,559,FCER1G,RUNX1T1,0.91001296
477,34,FCER1G,MAML3,0.90888405
477,283,FCER1G,EGR1,0.9082802
477,177,FCER1G,RELB,0.90610784
52,357,FCGR2B,MEIS1,0.91465515
52,28,FCGR2B,NFE2,0.91440153
52,78,FCGR2B,MECOM,0.91052
52,283,FCGR2B,EGR1,0.9084986
52,177,FCGR2B,RELB,0.9079616
52,367,FCGR2B,HCFC1,0.906709
52,410,FCGR2B,SMARCA2,0.9059333
52,546,FCGR2B,PROCR,0.904962
52,47,FCGR2B,FGL2,0.90492725
52,146,FCGR2B,SCARF1,0.90492725
52,194,FCGR2B,GOLPH3,0.90492725
52,362,FCGR2B,PTGS1,0.90492725
52,441,FCGR2B,EBF1,0.90492725
52,622,FCGR2B,KRT18,0.90492725
52,140,FCGR2B,ANXA3,0.9049084
52,2,FCGR2B,PPP1R15A,0.9048828
52,486,FCGR2B,NFKBIA,0.90343255
52,50,FCGR2B,NFAT5,0.9022629
52,277,FCGR2B,RTP4,0.90164405
52,57,FCGR2B,OASL2,0.9016096
52,590,FCGR2B,IL12A,0.9013238
52,606,FCGR2B,ELP2,0.9012134
52,263,FCGR2B,JUN,0.90112823
52,183,FCGR2B,XAF1,0.8997753
52,200,FCGR2B,IGTP,0.8997753
52,504,FCGR2B,IFI44,0.8997753
52,609,FCGR2B,UBA7,0.8997753
52,440,FCGR2B,TMEM97,0.89957106
52,464,FCGR2B,ZNRF2,0.89957106
52,318,FCGR2B,GANAB,0.89945686
52,559,FCGR2B,RUNX1T1,0.89768463
52,64,FCGR2B,IRF9,0.8973089
52,394,FCGR2B,MAPK1,0.89724135
52,33,FCGR2B,CSTF2,0.8971572
52,363,FCGR2B,MYC,0.8960309
52,73,FCGR2B,RORC,0.8956779
52,161,FCGR2B,JARID2,0.894635
52,564,FCGR2B,MFNG,0.89402384
52,190,FCGR2B,RAD51,0.89311373
52,553,FCGR2B,DHFR,0.89311373
52,255,FCGR2B,CD74,0.8926393
52,289,FCGR2B,GT(ROSA)26SOR,0.8926385
52,432,FCGR2B,HDC,0.8918619
52,0,FCGR2B,OTUD6B,0.89181155
52,8,FCGR2B,ATAD1,0.89181155
52,128,FCGR2B,APLP2,0.89181155
52,136,FCGR2B,TACC3,0.89181155
52,450,FCGR2B,MAGED1,0.89181155
52,514,FCGR2B,PAK1,0.89181155
52,519,FCGR2B,AGPS,0.89181155
583,410,FCGR3,SMARCA2,0.90429026
583,432,FCGR3,HDC,0.90201014
583,28,FCGR3,NFE2,0.89906466
583,357,FCGR3,MEIS1,0.8972305
583,78,FCGR3,MECOM,0.8969401
583,277,FCGR3,RTP4,0.89271563
583,57,FCGR3,OASL2,0.892633
583,183,FCGR3,XAF1,0.8920276
583,200,FCGR3,IGTP,0.89184135
583,504,FCGR3,IFI44,0.89184135
583,137,FCGR3,MYCN,0.89161235
583,609,FCGR3,UBA7,0.89034766
583,283,FCGR3,EGR1,0.8894117
583,546,FCGR3,PROCR,0.8892889
583,519,FCGR3,AGPS,0.88765514
583,136,FCGR3,TACC3,0.88757086
583,0,FCGR3,OTUD6B,0.88753694
583,128,FCGR3,APLP2,0.88753694
583,450,FCGR3,MAGED1,0.88753694
583,514,FCGR3,PAK1,0.88753694
583,524,FCGR3,TBC1D10C,0.88753694
583,595,FCGR3,CSF3R,0.88753694
583,150,FCGR3,SORT1,0.887421
583,198,FCGR3,NDN,0.8870969
583,553,FCGR3,DHFR,0.88685894
583,190,FCGR3,RAD51,0.8868459
583,518,FCGR3,PHF10,0.8866511
583,394,FCGR3,MAPK1,0.8860397
583,263,FCGR3,JUN,0.88566256
583,362,FCGR3,PTGS1,0.8856517
583,2,FCGR3,PPP1R15A,0.8856466
583,140,FCGR3,ANXA3,0.8856466
583,146,FCGR3,SCARF1,0.8856466
583,194,FCGR3,GOLPH3,0.8856466
583,622,FCGR3,KRT18,0.8856466
583,47,FCGR3,FGL2,0.8855199
583,404,FCGR3,FTSJ3,0.8854083
583,251,FCGR3,IRF6,0.884658
583,33,FCGR3,CSTF2,0.88445663
583,81,FCGR3,HDAC11,0.8843623
583,564,FCGR3,MFNG,0.8838059
583,367,FCGR3,HCFC1,0.88327163
583,8,FCGR3,ATAD1,0.88314205
583,554,FCGR3,CDT1,0.8826403
583,486,FCGR3,NFKBIA,0.8824191
583,318,FCGR3,GANAB,0.8823473
583,210,FCGR3,PNO1,0.88175595
583,590,FCGR3,IL12A,0.8816716
583,464,FCGR3,ZNRF2,0.88136035
583,34,FCGR3,MAML3,0.88127565
91,537,FCHO2,TXNDC11,0.9320551
91,611,FCHO2,ZEB2,0.9320551
91,292,FCHO2,HDAC7,0.9231273
91,226,FCHO2,POLR2B,0.9216235
91,82,FCHO2,RB1,0.912661
91,299,FCHO2,ORC2,0.90559685
91,439,FCHO2,DDX20,0.9030425
91,189,FCHO2,MCM5,0.90060306
91,290,FCHO2,POLD1,0.9003418
91,74,FCHO2,TOP2A,0.8985608
91,34,FCHO2,MAML3,0.8973455
91,21,FCHO2,RRM1,0.8968373
91,279,FCHO2,AURKB,0.89289033
91,246,FCHO2,TK1,0.88651854
91,500,FCHO2,MCM3,0.8835296
91,345,FCHO2,UHRF1,0.880583
91,497,FCHO2,TYMS,0.87813777
91,323,FCHO2,MCM4,0.8773347
91,399,FCHO2,RRM2,0.87596893
91,620,FCHO2,TIPIN,0.87553227
91,206,FCHO2,ZDHHC6,0.87528044
91,204,FCHO2,MCM2,0.87500334
91,561,FCHO2,MCM7,0.87496156
91,475,FCHO2,BCL2,0.8741346
91,297,FCHO2,LIG1,0.87278664
91,350,FCHO2,MCM6,0.87009233
91,273,FCHO2,FIGNL1,0.869751
91,266,FCHO2,MSH6,0.86921364
91,86,FCHO2,RANGAP1,0.8687823
91,182,FCHO2,RPA1,0.86756355
91,53,FCHO2,ORC6,0.86756146
91,42,FCHO2,HMGB2,0.8655079
91,411,FCHO2,CDC45,0.86531174
91,478,FCHO2,MKI67,0.8644552
91,534,FCHO2,MORC3,0.8622131
91,102,FCHO2,PRIM1,0.86183375
91,407,FCHO2,CDC7,0.8578123
91,30,FCHO2,PBK,0.85734063
91,610,FCHO2,PRIM2,0.857034
91,81,FCHO2,HDAC11,0.8564176
91,209,FCHO2,ZBTB16,0.84565306
91,510,FCHO2,XRCC6,0.8439679
91,621,FCHO2,SNRPB,0.84007597
91,240,FCHO2,RPA2,0.8388924
91,361,FCHO2,CCNB2,0.83031917
91,0,FCHO2,OTUD6B,0.8227414
91,8,FCHO2,ATAD1,0.8227414
91,128,FCHO2,APLP2,0.8227414
91,136,FCHO2,TACC3,0.8227414
91,150,FCHO2,SORT1,0.8227414
420,396,FDFT1,RUVBL2,0.90148413
420,28,FDFT1,NFE2,0.8983655
420,357,FDFT1,MEIS1,0.89649427
420,78,FDFT1,MECOM,0.8962374
420,137,FDFT1,MYCN,0.89262396
420,277,FDFT1,RTP4,0.8923096
420,57,FDFT1,OASL2,0.89194083
420,183,FDFT1,XAF1,0.89113456
420,504,FDFT1,IFI44,0.89110327
420,609,FDFT1,UBA7,0.89110327
420,410,FDFT1,SMARCA2,0.8899257
420,283,FDFT1,EGR1,0.88864714
420,518,FDFT1,PHF10,0.88764507
420,0,FDFT1,OTUD6B,0.8873572
420,8,FDFT1,ATAD1,0.8873572
420,128,FDFT1,APLP2,0.8873572
420,136,FDFT1,TACC3,0.8873572
420,432,FDFT1,HDC,0.8873572
420,450,FDFT1,MAGED1,0.8873572
420,514,FDFT1,PAK1,0.8873572
420,524,FDFT1,TBC1D10C,0.8873572
420,595,FDFT1,CSF3R,0.8873572
420,519,FDFT1,AGPS,0.8872543
420,81,FDFT1,HDAC11,0.88636285
420,198,FDFT1,NDN,0.8857979
420,50,FDFT1,NFAT5,0.8857518
420,404,FDFT1,FTSJ3,0.8855358
420,33,FDFT1,CSTF2,0.8854538
420,263,FDFT1,JUN,0.884927
420,2,FDFT1,PPP1R15A,0.8849047
420,47,FDFT1,FGL2,0.8849047
420,140,FDFT1,ANXA3,0.8849047
420,194,FDFT1,GOLPH3,0.8849047
420,362,FDFT1,PTGS1,0.8849047
420,546,FDFT1,PROCR,0.8849047
420,622,FDFT1,KRT18,0.8849047
420,564,FDFT1,MFNG,0.8846988
420,190,FDFT1,RAD51,0.8843264
420,553,FDFT1,DHFR,0.8843264
420,367,FDFT1,HCFC1,0.88415396
420,394,FDFT1,MAPK1,0.8838468
420,251,FDFT1,IRF6,0.8836629
420,34,FDFT1,MAML3,0.8834213
420,486,FDFT1,NFKBIA,0.883378
420,554,FDFT1,CDT1,0.88287765
420,590,FDFT1,IL12A,0.88253915
420,210,FDFT1,PNO1,0.8824361
420,232,FDFT1,ICAM1,0.88227135
420,440,FDFT1,TMEM97,0.8819445
420,464,FDFT1,ZNRF2,0.8819445
527,28,FEM1B,NFE2,0.89821476
527,357,FEM1B,MEIS1,0.8963379
527,137,FEM1B,MYCN,0.8923953
527,57,FEM1B,OASL2,0.8917678
527,277,FEM1B,RTP4,0.89165676
527,200,FEM1B,IGTP,0.8909328
527,504,FEM1B,IFI44,0.8909328
527,609,FEM1B,UBA7,0.8909328
527,183,FEM1B,XAF1,0.8909029
527,6,FEM1B,BTG2,0.89006406
527,410,FEM1B,SMARCA2,0.88978255
527,283,FEM1B,EGR1,0.88846403
527,78,FEM1B,MECOM,0.8872855
527,519,FEM1B,AGPS,0.8872743
527,0,FEM1B,OTUD6B,0.8872538
527,136,FEM1B,TACC3,0.8872538
527,150,FEM1B,SORT1,0.8872538
527,396,FEM1B,RUVBL2,0.8872538
527,432,FEM1B,HDC,0.8872538
527,450,FEM1B,MAGED1,0.8872538
527,514,FEM1B,PAK1,0.8872538
527,524,FEM1B,TBC1D10C,0.8872538
527,595,FEM1B,CSF3R,0.88724333
527,8,FEM1B,ATAD1,0.88648444
527,81,FEM1B,HDAC11,0.88625026
527,198,FEM1B,NDN,0.88557965
527,33,FEM1B,CSTF2,0.88520604
527,404,FEM1B,FTSJ3,0.88515365
527,146,FEM1B,SCARF1,0.8847912
527,2,FEM1B,PPP1R15A,0.8847257
527,47,FEM1B,FGL2,0.8847257
527,140,FEM1B,ANXA3,0.8847257
527,194,FEM1B,GOLPH3,0.8847257
527,362,FEM1B,PTGS1,0.8847257
527,441,FEM1B,EBF1,0.8847257
527,546,FEM1B,PROCR,0.8847257
527,622,FEM1B,KRT18,0.8847257
527,263,FEM1B,JUN,0.8847024
527,190,FEM1B,RAD51,0.8841121
527,367,FEM1B,HCFC1,0.88390744
527,394,FEM1B,MAPK1,0.8836604
527,251,FEM1B,IRF6,0.88348055
527,34,FEM1B,MAML3,0.883305
527,486,FEM1B,NFKBIA,0.88322157
527,564,FEM1B,MFNG,0.88297373
527,554,FEM1B,CDT1,0.882756
527,590,FEM1B,IL12A,0.8822969
527,210,FEM1B,PNO1,0.88226
527,464,FEM1B,ZNRF2,0.88215417
527,232,FEM1B,ICAM1,0.88193774
162,28,FES,NFE2,0.8983655
162,357,FES,MEIS1,0.89649427
162,78,FES,MECOM,0.8962374
162,194,FES,GOLPH3,0.8935833
162,137,FES,MYCN,0.89262396
162,57,FES,OASL2,0.89194083
162,277,FES,RTP4,0.89194053
162,183,FES,XAF1,0.89110327
162,200,FES,IGTP,0.89110327
162,504,FES,IFI44,0.89110327
162,410,FES,SMARCA2,0.8898741
162,609,FES,UBA7,0.88961077
162,283,FES,EGR1,0.88864714
162,546,FES,PROCR,0.88852304
162,518,FES,PHF10,0.88764507
162,34,FES,MAML3,0.8875594
162,432,FES,HDC,0.8874021
162,595,FES,CSF3R,0.88736826
162,0,FES,OTUD6B,0.8873572
162,136,FES,TACC3,0.8873572
162,396,FES,RUVBL2,0.8873572
162,450,FES,MAGED1,0.8873572
162,514,FES,PAK1,0.8873572
162,519,FES,AGPS,0.8873572
162,524,FES,TBC1D10C,0.8873572
162,128,FES,APLP2,0.8873476
162,150,FES,SORT1,0.8873467
162,8,FES,ATAD1,0.8872543
162,81,FES,HDAC11,0.88636285
162,198,FES,NDN,0.8857979
162,404,FES,FTSJ3,0.8855358
162,33,FES,CSTF2,0.8854538
162,263,FES,JUN,0.884927
162,47,FES,FGL2,0.8849047
162,140,FES,ANXA3,0.8849047
162,146,FES,SCARF1,0.8849047
162,362,FES,PTGS1,0.8849047
162,441,FES,EBF1,0.8849047
162,622,FES,KRT18,0.8849047
162,2,FES,PPP1R15A,0.88488436
162,564,FES,MFNG,0.88467485
162,553,FES,DHFR,0.8843264
162,190,FES,RAD51,0.8842965
162,367,FES,HCFC1,0.88415396
162,394,FES,MAPK1,0.8838468
162,251,FES,IRF6,0.8836629
162,486,FES,NFKBIA,0.88339585
162,554,FES,CDT1,0.88298965
162,210,FES,PNO1,0.8824361
162,232,FES,ICAM1,0.8822173
488,34,FGFR1OP,MAML3,0.9081608
488,81,FGFR1OP,HDAC11,0.9026545
488,292,FGFR1OP,HDAC7,0.902302
488,209,FGFR1OP,ZBTB16,0.8985298
488,0,FGFR1OP,OTUD6B,0.8951643
488,128,FGFR1OP,APLP2,0.8951643
488,136,FGFR1OP,TACC3,0.8951643
488,150,FGFR1OP,SORT1,0.8951643
488,432,FGFR1OP,HDC,0.8951643
488,450,FGFR1OP,MAGED1,0.8951643
488,514,FGFR1OP,PAK1,0.8951643
488,524,FGFR1OP,TBC1D10C,0.8951643
488,554,FGFR1OP,CDT1,0.8934284
488,439,FGFR1OP,DDX20,0.8932767
488,475,FGFR1OP,BCL2,0.88800955
488,331,FGFR1OP,PIM2,0.8850642
488,519,FGFR1OP,AGPS,0.8840997
488,404,FGFR1OP,FTSJ3,0.88357097
488,351,FGFR1OP,ERCC8,0.8822724
488,186,FGFR1OP,STT3B,0.8813003
488,410,FGFR1OP,SMARCA2,0.8778215
488,429,FGFR1OP,GFI1B,0.8761567
488,82,FGFR1OP,RB1,0.8755883
488,8,FGFR1OP,ATAD1,0.87548196
488,396,FGFR1OP,RUVBL2,0.87413037
488,464,FGFR1OP,ZNRF2,0.8692013
488,161,FGFR1OP,JARID2,0.8668969
488,206,FGFR1OP,ZDHHC6,0.86281747
488,289,FGFR1OP,GT(ROSA)26SOR,0.8621365
488,255,FGFR1OP,CD74,0.862107
488,595,FGFR1OP,CSF3R,0.86181074
488,440,FGFR1OP,TMEM97,0.85979265
488,537,FGFR1OP,TXNDC11,0.85463846
488,611,FGFR1OP,ZEB2,0.85126805
488,73,FGFR1OP,RORC,0.8508875
488,91,FGFR1OP,FCHO2,0.8508283
488,210,FGFR1OP,PNO1,0.84712845
488,402,FGFR1OP,EIF1AD,0.84513706
488,486,FGFR1OP,NFKBIA,0.8443206
488,504,FGFR1OP,IFI44,0.8424292
488,50,FGFR1OP,NFAT5,0.8402092
488,183,FGFR1OP,XAF1,0.8396483
488,200,FGFR1OP,IGTP,0.8396483
488,609,FGFR1OP,UBA7,0.8396483
488,33,FGFR1OP,CSTF2,0.8364456
488,534,FGFR1OP,MORC3,0.83546644
488,363,FGFR1OP,MYC,0.8222161
488,177,FGFR1OP,RELB,0.8192453
488,216,FGFR1OP,CUL3,0.81161624
488,28,FGFR1OP,NFE2,0.81036973
47,410,FGL2,SMARCA2,0.9166429
47,554,FGL2,CDT1,0.91091007
47,150,FGL2,SORT1,0.9106574
47,429,FGL2,GFI1B,0.9095671
47,396,FGL2,RUVBL2,0.90804374
47,595,FGL2,CSF3R,0.9079515
47,0,FGL2,OTUD6B,0.90795124
47,8,FGL2,ATAD1,0.90795124
47,136,FGL2,TACC3,0.90795124
47,432,FGL2,HDC,0.90795124
47,450,FGL2,MAGED1,0.90795124
47,514,FGL2,PAK1,0.90795124
47,519,FGL2,AGPS,0.90795124
47,128,FGL2,APLP2,0.90778
47,161,FGL2,JARID2,0.9070286
47,464,FGL2,ZNRF2,0.90590423
47,440,FGL2,TMEM97,0.9058867
47,81,FGL2,HDAC11,0.90544975
47,255,FGL2,CD74,0.90515256
47,289,FGL2,GT(ROSA)26SOR,0.90515256
47,331,FGL2,PIM2,0.90260065
47,73,FGL2,RORC,0.9013177
47,404,FGL2,FTSJ3,0.8999782
47,183,FGL2,XAF1,0.8969845
47,200,FGL2,IGTP,0.8969845
47,504,FGL2,IFI44,0.8969845
47,609,FGL2,UBA7,0.8969845
47,199,FGL2,E2F4,0.8964487
47,34,FGL2,MAML3,0.89515525
47,50,FGL2,NFAT5,0.8936586
47,78,FGL2,MECOM,0.8930561
47,209,FGL2,ZBTB16,0.89039624
47,177,FGL2,RELB,0.8898743
47,137,FGL2,MYCN,0.88982695
47,33,FGL2,CSTF2,0.88764197
47,524,FGL2,TBC1D10C,0.8866769
47,486,FGL2,NFKBIA,0.8864904
47,67,FGL2,HDAC2,0.8856012
47,357,FGL2,MEIS1,0.885151
47,318,FGL2,GANAB,0.884229
47,367,FGL2,HCFC1,0.8840342
47,28,FGL2,NFE2,0.8839859
47,590,FGL2,IL12A,0.8829232
47,57,FGL2,OASL2,0.8822505
47,277,FGL2,RTP4,0.8822356
47,210,FGL2,PNO1,0.8820352
47,263,FGL2,JUN,0.881518
47,475,FGL2,BCL2,0.8809914
47,363,FGL2,MYC,0.87992185
47,351,FGL2,ERCC8,0.87714887
273,189,FIGNL1,MCM5,0.9715341
273,290,FIGNL1,POLD1,0.9697034
273,279,FIGNL1,AURKB,0.9695515
273,299,FIGNL1,ORC2,0.96946836
273,21,FIGNL1,RRM1,0.9691279
273,345,FIGNL1,UHRF1,0.9685754
273,246,FIGNL1,TK1,0.9678702
273,74,FIGNL1,TOP2A,0.9675473
273,204,FIGNL1,MCM2,0.9672149
273,399,FIGNL1,RRM2,0.966691
273,323,FIGNL1,MCM4,0.96664745
273,240,FIGNL1,RPA2,0.9666226
273,561,FIGNL1,MCM7,0.9663806
273,497,FIGNL1,TYMS,0.96633464
273,350,FIGNL1,MCM6,0.9663231
273,297,FIGNL1,LIG1,0.9654667
273,42,FIGNL1,HMGB2,0.9651056
273,500,FIGNL1,MCM3,0.9649333
273,411,FIGNL1,CDC45,0.96489054
273,266,FIGNL1,MSH6,0.9648192
273,610,FIGNL1,PRIM2,0.96452326
273,30,FIGNL1,PBK,0.9644734
273,620,FIGNL1,TIPIN,0.9644564
273,478,FIGNL1,MKI67,0.9641748
273,182,FIGNL1,RPA1,0.96407664
273,53,FIGNL1,ORC6,0.9640764
273,510,FIGNL1,XRCC6,0.9630328
273,407,FIGNL1,CDC7,0.96289176
273,430,FIGNL1,SEH1L,0.9623901
273,68,FIGNL1,MIS18BP1,0.96231616
273,259,FIGNL1,NUP107,0.96231616
273,102,FIGNL1,PRIM1,0.9622703
273,226,FIGNL1,POLR2B,0.9620728
273,414,FIGNL1,CENPK,0.9620561
273,86,FIGNL1,RANGAP1,0.95990664
273,361,FIGNL1,CCNB2,0.959428
273,230,FIGNL1,TOP3B,0.95879567
273,118,FIGNL1,MIS12,0.9529347
273,91,FIGNL1,FCHO2,0.9513527
273,537,FIGNL1,TXNDC11,0.9513527
273,611,FIGNL1,ZEB2,0.9513527
273,439,FIGNL1,DDX20,0.9439601
273,82,FIGNL1,RB1,0.9377527
273,292,FIGNL1,HDAC7,0.93609256
273,621,FIGNL1,SNRPB,0.92553204
273,206,FIGNL1,ZDHHC6,0.9154556
273,534,FIGNL1,MORC3,0.9153821
273,34,FIGNL1,MAML3,0.9115793
273,475,FIGNL1,BCL2,0.8905679
273,81,FIGNL1,HDAC11,0.875132
49,150,FLNB,SORT1,0.90148413
49,28,FLNB,NFE2,0.8983655
49,357,FLNB,MEIS1,0.89649427
49,78,FLNB,MECOM,0.8962374
49,137,FLNB,MYCN,0.89262396
49,277,FLNB,RTP4,0.89194053
49,57,FLNB,OASL2,0.89185756
49,183,FLNB,XAF1,0.89110327
49,200,FLNB,IGTP,0.89110327
49,504,FLNB,IFI44,0.89110327
49,609,FLNB,UBA7,0.89110327
49,410,FLNB,SMARCA2,0.8899257
49,283,FLNB,EGR1,0.88864714
49,518,FLNB,PHF10,0.88769823
49,396,FLNB,RUVBL2,0.88738984
49,0,FLNB,OTUD6B,0.8873572
49,8,FLNB,ATAD1,0.8873572
49,136,FLNB,TACC3,0.8873572
49,432,FLNB,HDC,0.8873572
49,450,FLNB,MAGED1,0.8873572
49,514,FLNB,PAK1,0.8873572
49,519,FLNB,AGPS,0.8873572
49,595,FLNB,CSF3R,0.8873564
49,128,FLNB,APLP2,0.8872543
49,81,FLNB,HDAC11,0.88636285
49,198,FLNB,NDN,0.8857979
49,622,FLNB,KRT18,0.88568705
49,404,FLNB,FTSJ3,0.8855358
49,33,FLNB,CSTF2,0.8854538
49,2,FLNB,PPP1R15A,0.8849047
49,47,FLNB,FGL2,0.8849047
49,140,FLNB,ANXA3,0.8849047
49,146,FLNB,SCARF1,0.8849047
49,194,FLNB,GOLPH3,0.8849047
49,362,FLNB,PTGS1,0.8849047
49,441,FLNB,EBF1,0.8849047
49,546,FLNB,PROCR,0.8849047
49,263,FLNB,JUN,0.88485944
49,564,FLNB,MFNG,0.88467485
49,553,FLNB,DHFR,0.8843264
49,190,FLNB,RAD51,0.88427114
49,367,FLNB,HCFC1,0.88415396
49,394,FLNB,MAPK1,0.8838468
49,251,FLNB,IRF6,0.8836629
49,34,FLNB,MAML3,0.883361
49,554,FLNB,CDT1,0.88287765
49,590,FLNB,IL12A,0.88253915
49,486,FLNB,NFKBIA,0.88252586
49,232,FLNB,ICAM1,0.88227135
49,464,FLNB,ZNRF2,0.88196385
237,28,FLOT2,NFE2,0.8983655
237,357,FLOT2,MEIS1,0.89649427
237,78,FLOT2,MECOM,0.8962374
237,137,FLOT2,MYCN,0.89262396
237,57,FLOT2,OASL2,0.89194083
237,277,FLOT2,RTP4,0.89193827
237,183,FLOT2,XAF1,0.89118713
237,200,FLOT2,IGTP,0.89110327
237,504,FLOT2,IFI44,0.89110327
237,609,FLOT2,UBA7,0.89110327
237,464,FLOT2,ZNRF2,0.89018023
237,410,FLOT2,SMARCA2,0.88990325
237,283,FLOT2,EGR1,0.88864595
237,146,FLOT2,SCARF1,0.8876848
237,518,FLOT2,PHF10,0.88764507
237,432,FLOT2,HDC,0.88738984
237,8,FLOT2,ATAD1,0.8873572
237,136,FLOT2,TACC3,0.8873572
237,150,FLOT2,SORT1,0.8873572
237,450,FLOT2,MAGED1,0.8873572
237,519,FLOT2,AGPS,0.8873572
237,524,FLOT2,TBC1D10C,0.8873572
237,595,FLOT2,CSF3R,0.8873572
237,514,FLOT2,PAK1,0.8872543
237,128,FLOT2,APLP2,0.8865584
237,81,FLOT2,HDAC11,0.88636285
237,198,FLOT2,NDN,0.88575673
237,404,FLOT2,FTSJ3,0.8855358
237,263,FLOT2,JUN,0.884927
237,194,FLOT2,GOLPH3,0.8849098
237,2,FLOT2,PPP1R15A,0.8849047
237,47,FLOT2,FGL2,0.8849047
237,140,FLOT2,ANXA3,0.8849047
237,362,FLOT2,PTGS1,0.8849047
237,441,FLOT2,EBF1,0.8849047
237,546,FLOT2,PROCR,0.8849047
237,622,FLOT2,KRT18,0.8849047
237,564,FLOT2,MFNG,0.88467485
237,190,FLOT2,RAD51,0.8843264
237,553,FLOT2,DHFR,0.8843264
237,367,FLOT2,HCFC1,0.8841443
237,251,FLOT2,IRF6,0.8836629
237,34,FLOT2,MAML3,0.8834213
237,486,FLOT2,NFKBIA,0.88339585
237,554,FLOT2,CDT1,0.88287765
237,590,FLOT2,IL12A,0.88253915
237,210,FLOT2,PNO1,0.8824361
237,232,FLOT2,ICAM1,0.88227135
237,440,FLOT2,TMEM97,0.8819445
237,177,FLOT2,RELB,0.88188756
212,81,FLT3,HDAC11,0.92424905
212,554,FLT3,CDT1,0.92039883
212,524,FLT3,TBC1D10C,0.9198303
212,396,FLT3,RUVBL2,0.9197334
212,0,FLT3,OTUD6B,0.91966635
212,128,FLT3,APLP2,0.91966635
212,136,FLT3,TACC3,0.91966635
212,150,FLT3,SORT1,0.91966635
212,432,FLT3,HDC,0.91966635
212,450,FLT3,MAGED1,0.91966635
212,514,FLT3,PAK1,0.91966635
212,519,FLT3,AGPS,0.91966635
212,595,FLT3,CSF3R,0.91966635
212,34,FLT3,MAML3,0.9163241
212,8,FLT3,ATAD1,0.91563994
212,410,FLT3,SMARCA2,0.9144427
212,404,FLT3,FTSJ3,0.91419184
212,209,FLT3,ZBTB16,0.91198725
212,199,FLT3,E2F4,0.9112408
212,351,FLT3,ERCC8,0.9104781
212,331,FLT3,PIM2,0.90909994
212,429,FLT3,GFI1B,0.90812767
212,292,FLT3,HDAC7,0.9044985
212,183,FLT3,XAF1,0.90224475
212,504,FLT3,IFI44,0.90224475
212,161,FLT3,JARID2,0.90214455
212,609,FLT3,UBA7,0.9020862
212,440,FLT3,TMEM97,0.9020812
212,464,FLT3,ZNRF2,0.9020812
212,475,FLT3,BCL2,0.89976025
212,289,FLT3,GT(ROSA)26SOR,0.8991523
212,255,FLT3,CD74,0.899074
212,186,FLT3,STT3B,0.8987929
212,137,FLT3,MYCN,0.8974716
212,210,FLT3,PNO1,0.8962937
212,73,FLT3,RORC,0.8944638
212,402,FLT3,EIF1AD,0.8896069
212,200,FLT3,IGTP,0.8893684
212,439,FLT3,DDX20,0.88900775
212,50,FLT3,NFAT5,0.8864966
212,33,FLT3,CSTF2,0.87915593
212,486,FLT3,NFKBIA,0.87783337
212,177,FLT3,RELB,0.877823
212,318,FLT3,GANAB,0.8764319
212,590,FLT3,IL12A,0.87635744
212,82,FLT3,RB1,0.8762095
212,78,FLT3,MECOM,0.87606776
212,580,FLT3,MLLT3,0.8756277
212,67,FLT3,HDAC2,0.8752949
212,28,FLT3,NFE2,0.8734572
360,410,FOXO1,SMARCA2,0.91729546
360,554,FOXO1,CDT1,0.91045505
360,429,FOXO1,GFI1B,0.90988845
360,440,FOXO1,TMEM97,0.9070557
360,464,FOXO1,ZNRF2,0.90685517
360,73,FOXO1,RORC,0.906742
360,595,FOXO1,CSF3R,0.9065544
360,0,FOXO1,OTUD6B,0.9065479
360,8,FOXO1,ATAD1,0.9065479
360,136,FOXO1,TACC3,0.9065479
360,150,FOXO1,SORT1,0.9065479
360,396,FOXO1,RUVBL2,0.9065479
360,432,FOXO1,HDC,0.9065479
360,450,FOXO1,MAGED1,0.9065479
360,519,FOXO1,AGPS,0.9065479
360,524,FOXO1,TBC1D10C,0.9065479
360,514,FOXO1,PAK1,0.9064619
360,289,FOXO1,GT(ROSA)26SOR,0.90598047
360,128,FOXO1,APLP2,0.9059774
360,255,FOXO1,CD74,0.9058787
360,81,FOXO1,HDAC11,0.90370536
360,161,FOXO1,JARID2,0.90291214
360,78,FOXO1,MECOM,0.9027776
360,200,FOXO1,IGTP,0.9026024
360,183,FOXO1,XAF1,0.9025008
360,609,FOXO1,UBA7,0.9025008
360,210,FOXO1,PNO1,0.90243345
360,504,FOXO1,IFI44,0.902408
360,331,FOXO1,PIM2,0.90085
360,486,FOXO1,NFKBIA,0.8995023
360,50,FOXO1,NFAT5,0.89942336
360,137,FOXO1,MYCN,0.89865595
360,177,FOXO1,RELB,0.89604723
360,404,FOXO1,FTSJ3,0.8959882
360,33,FOXO1,CSTF2,0.8939539
360,67,FOXO1,HDAC2,0.893166
360,209,FOXO1,ZBTB16,0.8925184
360,199,FOXO1,E2F4,0.8921272
360,357,FOXO1,MEIS1,0.89207256
360,367,FOXO1,HCFC1,0.891344
360,34,FOXO1,MAML3,0.8912772
360,318,FOXO1,GANAB,0.89117134
360,28,FOXO1,NFE2,0.890571
360,590,FOXO1,IL12A,0.89056975
360,263,FOXO1,JUN,0.89008045
360,277,FOXO1,RTP4,0.88987416
360,57,FOXO1,OASL2,0.8898723
360,363,FOXO1,MYC,0.8870263
360,488,FOXO1,FGFR1OP,0.88457483
360,559,FOXO1,RUNX1T1,0.8802009
389,524,FOXRED1,TBC1D10C,0.90188694
389,28,FOXRED1,NFE2,0.8983655
389,357,FOXRED1,MEIS1,0.89649427
389,78,FOXRED1,MECOM,0.8962374
389,137,FOXRED1,MYCN,0.89262396
389,277,FOXRED1,RTP4,0.89194053
389,57,FOXRED1,OASL2,0.8919242
389,183,FOXRED1,XAF1,0.89110327
389,200,FOXRED1,IGTP,0.89110327
389,504,FOXRED1,IFI44,0.89110327
389,609,FOXRED1,UBA7,0.89110327
389,410,FOXRED1,SMARCA2,0.8899257
389,283,FOXRED1,EGR1,0.88864714
389,486,FOXRED1,NFKBIA,0.88805926
389,518,FOXRED1,PHF10,0.88764507
389,595,FOXRED1,CSF3R,0.8874749
389,0,FOXRED1,OTUD6B,0.8873907
389,432,FOXRED1,HDC,0.88738984
389,450,FOXRED1,MAGED1,0.88738984
389,8,FOXRED1,ATAD1,0.8873572
389,128,FOXRED1,APLP2,0.8873572
389,136,FOXRED1,TACC3,0.8873572
389,150,FOXRED1,SORT1,0.8873572
389,396,FOXRED1,RUVBL2,0.8873572
389,514,FOXRED1,PAK1,0.8873572
389,519,FOXRED1,AGPS,0.8873572
389,81,FOXRED1,HDAC11,0.88636285
389,198,FOXRED1,NDN,0.8857979
389,404,FOXRED1,FTSJ3,0.8855358
389,263,FOXRED1,JUN,0.884927
389,622,FOXRED1,KRT18,0.8849098
389,2,FOXRED1,PPP1R15A,0.8849047
389,47,FOXRED1,FGL2,0.8849047
389,146,FOXRED1,SCARF1,0.8849047
389,194,FOXRED1,GOLPH3,0.8849047
389,441,FOXRED1,EBF1,0.8849047
389,546,FOXRED1,PROCR,0.8849047
389,564,FOXRED1,MFNG,0.88467485
389,190,FOXRED1,RAD51,0.8843264
389,553,FOXRED1,DHFR,0.8843264
389,367,FOXRED1,HCFC1,0.88415396
389,394,FOXRED1,MAPK1,0.8838398
389,251,FOXRED1,IRF6,0.8836629
389,34,FOXRED1,MAML3,0.8834213
389,554,FOXRED1,CDT1,0.88287765
389,590,FOXRED1,IL12A,0.88253915
389,210,FOXRED1,PNO1,0.8824361
389,362,FOXRED1,PTGS1,0.8823133
389,232,FOXRED1,ICAM1,0.88227135
389,440,FOXRED1,TMEM97,0.8819445
499,28,FRRS1,NFE2,0.9004177
499,137,FRRS1,MYCN,0.9002746
499,357,FRRS1,MEIS1,0.89860684
499,78,FRRS1,MECOM,0.8984637
499,410,FRRS1,SMARCA2,0.89609414
499,518,FRRS1,PHF10,0.8950784
499,57,FRRS1,OASL2,0.8946091
499,277,FRRS1,RTP4,0.8946088
499,183,FRRS1,XAF1,0.89402646
499,200,FRRS1,IGTP,0.89402646
499,504,FRRS1,IFI44,0.89402646
499,33,FRRS1,CSTF2,0.8925581
499,609,FRRS1,UBA7,0.89113194
499,367,FRRS1,HCFC1,0.8906141
499,283,FRRS1,EGR1,0.89060855
499,81,FRRS1,HDAC11,0.8902849
499,34,FRRS1,MAML3,0.89016956
499,486,FRRS1,NFKBIA,0.89003485
499,396,FRRS1,RUVBL2,0.88952625
499,292,FRRS1,HDAC7,0.88944626
499,0,FRRS1,OTUD6B,0.8888615
499,8,FRRS1,ATAD1,0.8888615
499,128,FRRS1,APLP2,0.8888615
499,136,FRRS1,TACC3,0.8888615
499,150,FRRS1,SORT1,0.8888615
499,432,FRRS1,HDC,0.8888615
499,450,FRRS1,MAGED1,0.8888615
499,514,FRRS1,PAK1,0.8888615
499,519,FRRS1,AGPS,0.8888498
499,210,FRRS1,PNO1,0.888579
499,232,FRRS1,ICAM1,0.8885075
499,404,FRRS1,FTSJ3,0.888132
499,177,FRRS1,RELB,0.8881205
499,440,FRRS1,TMEM97,0.8873776
499,464,FRRS1,ZNRF2,0.88735974
499,524,FRRS1,TBC1D10C,0.8873572
499,595,FRRS1,CSF3R,0.8873572
499,2,FRRS1,PPP1R15A,0.8865492
499,47,FRRS1,FGL2,0.8865492
499,140,FRRS1,ANXA3,0.8865492
499,146,FRRS1,SCARF1,0.8865492
499,194,FRRS1,GOLPH3,0.8865492
499,362,FRRS1,PTGS1,0.8865492
499,441,FRRS1,EBF1,0.8865492
499,251,FRRS1,IRF6,0.88609874
499,347,FRRS1,RNF4,0.88507444
499,429,FRRS1,GFI1B,0.8850241
499,622,FRRS1,KRT18,0.88494617
499,546,FRRS1,PROCR,0.8849047
499,427,FRRS1,ST8SIA4,0.8848496
404,439,FTSJ3,DDX20,0.94291496
404,292,FTSJ3,HDAC7,0.9388713
404,34,FTSJ3,MAML3,0.9362508
404,82,FTSJ3,RB1,0.93294907
404,475,FTSJ3,BCL2,0.9159914
404,91,FTSJ3,FCHO2,0.91550463
404,537,FTSJ3,TXNDC11,0.91550463
404,611,FTSJ3,ZEB2,0.91550463
404,81,FTSJ3,HDAC11,0.91537476
404,206,FTSJ3,ZDHHC6,0.91374815
404,209,FTSJ3,ZBTB16,0.91181684
404,186,FTSJ3,STT3B,0.9030165
404,351,FTSJ3,ERCC8,0.89641166
404,226,FTSJ3,POLR2B,0.89389145
404,0,FTSJ3,OTUD6B,0.89325386
404,128,FTSJ3,APLP2,0.8931895
404,136,FTSJ3,TACC3,0.8931895
404,396,FTSJ3,RUVBL2,0.8931895
404,432,FTSJ3,HDC,0.8931895
404,450,FTSJ3,MAGED1,0.8931895
404,514,FTSJ3,PAK1,0.8931895
404,519,FTSJ3,AGPS,0.8931895
404,595,FTSJ3,CSF3R,0.8931895
404,8,FTSJ3,ATAD1,0.8927906
404,524,FTSJ3,TBC1D10C,0.8927906
404,534,FTSJ3,MORC3,0.89235145
404,621,FTSJ3,SNRPB,0.88962126
404,554,FTSJ3,CDT1,0.88818836
404,150,FTSJ3,SORT1,0.8875446
404,331,FTSJ3,PIM2,0.8803409
404,410,FTSJ3,SMARCA2,0.8738113
404,429,FTSJ3,GFI1B,0.8654416
404,299,FTSJ3,ORC2,0.8650758
404,199,FTSJ3,E2F4,0.8631467
404,86,FTSJ3,RANGAP1,0.855089
404,74,FTSJ3,TOP2A,0.8542091
404,290,FTSJ3,POLD1,0.8507369
404,161,FTSJ3,JARID2,0.85068333
404,189,FTSJ3,MCM5,0.8475751
404,21,FTSJ3,RRM1,0.8438721
404,440,FTSJ3,TMEM97,0.84179497
404,255,FTSJ3,CD74,0.84157085
404,289,FTSJ3,GT(ROSA)26SOR,0.84157085
404,464,FTSJ3,ZNRF2,0.84150344
404,266,FTSJ3,MSH6,0.83924246
404,279,FTSJ3,AURKB,0.8351398
404,402,FTSJ3,EIF1AD,0.83113587
404,246,FTSJ3,TK1,0.8298892
404,500,FTSJ3,MCM3,0.8249976
404,350,FTSJ3,MCM6,0.8216128
148,28,FUCA2,NFE2,0.8983655
148,78,FUCA2,MECOM,0.8962374
148,137,FUCA2,MYCN,0.89262396
148,277,FUCA2,RTP4,0.89194053
148,57,FUCA2,OASL2,0.89192724
148,183,FUCA2,XAF1,0.89111525
148,200,FUCA2,IGTP,0.89110327
148,504,FUCA2,IFI44,0.89110327
148,609,FUCA2,UBA7,0.89110327
148,410,FUCA2,SMARCA2,0.8899257
148,357,FUCA2,MEIS1,0.88881505
148,283,FUCA2,EGR1,0.88864714
148,0,FUCA2,OTUD6B,0.8874021
148,432,FUCA2,HDC,0.88736963
148,128,FUCA2,APLP2,0.8873572
148,136,FUCA2,TACC3,0.8873572
148,150,FUCA2,SORT1,0.8873572
148,396,FUCA2,RUVBL2,0.8873572
148,450,FUCA2,MAGED1,0.8873572
148,519,FUCA2,AGPS,0.8873572
148,524,FUCA2,TBC1D10C,0.8873572
148,595,FUCA2,CSF3R,0.8873572
148,8,FUCA2,ATAD1,0.8873467
148,514,FUCA2,PAK1,0.8872954
148,81,FUCA2,HDAC11,0.88636285
148,198,FUCA2,NDN,0.8857979
148,404,FUCA2,FTSJ3,0.8855358
148,33,FUCA2,CSTF2,0.8854538
148,362,FUCA2,PTGS1,0.88497007
148,263,FUCA2,JUN,0.884927
148,140,FUCA2,ANXA3,0.8849264
148,146,FUCA2,SCARF1,0.8849264
148,2,FUCA2,PPP1R15A,0.8849098
148,47,FUCA2,FGL2,0.8849047
148,194,FUCA2,GOLPH3,0.8849047
148,441,FUCA2,EBF1,0.8849047
148,546,FUCA2,PROCR,0.8849047
148,622,FUCA2,KRT18,0.8849047
148,564,FUCA2,MFNG,0.88467485
148,190,FUCA2,RAD51,0.8843264
148,553,FUCA2,DHFR,0.8843264
148,367,FUCA2,HCFC1,0.88415396
148,394,FUCA2,MAPK1,0.8838468
148,251,FUCA2,IRF6,0.8836629
148,34,FUCA2,MAML3,0.8834213
148,486,FUCA2,NFKBIA,0.88339585
148,554,FUCA2,CDT1,0.88286567
148,210,FUCA2,PNO1,0.8824361
148,232,FUCA2,ICAM1,0.88227135
148,464,FUCA2,ZNRF2,0.88201284
113,28,FUT7,NFE2,0.89906466
113,357,FUT7,MEIS1,0.8972252
113,78,FUT7,MECOM,0.8969401
113,429,FUT7,GFI1B,0.8954818
113,277,FUT7,RTP4,0.89274883
113,57,FUT7,OASL2,0.89271426
113,396,FUT7,RUVBL2,0.8919227
113,183,FUT7,XAF1,0.89184135
113,200,FUT7,IGTP,0.89184135
113,609,FUT7,UBA7,0.89184135
113,504,FUT7,IFI44,0.89167774
113,137,FUT7,MYCN,0.89161235
113,410,FUT7,SMARCA2,0.8906491
113,283,FUT7,EGR1,0.8894117
113,209,FUT7,ZBTB16,0.88858163
113,0,FUT7,OTUD6B,0.88753694
113,8,FUT7,ATAD1,0.88753694
113,128,FUT7,APLP2,0.88753694
113,136,FUT7,TACC3,0.88753694
113,150,FUT7,SORT1,0.88753694
113,432,FUT7,HDC,0.88753694
113,450,FUT7,MAGED1,0.88753694
113,514,FUT7,PAK1,0.88753694
113,519,FUT7,AGPS,0.88753694
113,524,FUT7,TBC1D10C,0.88753694
113,595,FUT7,CSF3R,0.88753694
113,198,FUT7,NDN,0.8870969
113,190,FUT7,RAD51,0.8868459
113,553,FUT7,DHFR,0.8868459
113,518,FUT7,PHF10,0.8866511
113,263,FUT7,JUN,0.88568467
113,47,FUT7,FGL2,0.8856466
113,140,FUT7,ANXA3,0.8856466
113,146,FUT7,SCARF1,0.8856466
113,194,FUT7,GOLPH3,0.8856466
113,441,FUT7,EBF1,0.8856466
113,546,FUT7,PROCR,0.88564605
113,362,FUT7,PTGS1,0.88564324
113,2,FUT7,PPP1R15A,0.8855622
113,622,FUT7,KRT18,0.8855199
113,404,FUT7,FTSJ3,0.8854083
113,394,FUT7,MAPK1,0.8844615
113,33,FUT7,CSTF2,0.88445663
113,251,FUT7,IRF6,0.8844404
113,81,FUT7,HDAC11,0.8843623
113,564,FUT7,MFNG,0.8838059
113,367,FUT7,HCFC1,0.88328594
113,554,FUT7,CDT1,0.8825633
113,210,FUT7,PNO1,0.88185453
113,590,FUT7,IL12A,0.8816716
507,28,G6PDX,NFE2,0.8983851
507,357,G6PDX,MEIS1,0.8966674
507,78,G6PDX,MECOM,0.8962604
507,137,G6PDX,MYCN,0.8926802
507,277,G6PDX,RTP4,0.8919858
507,57,G6PDX,OASL2,0.8919638
507,161,G6PDX,JARID2,0.89161813
507,183,G6PDX,XAF1,0.8911288
507,200,G6PDX,IGTP,0.8911288
507,504,G6PDX,IFI44,0.8911288
507,609,G6PDX,UBA7,0.8911288
507,410,G6PDX,SMARCA2,0.8899686
507,283,G6PDX,EGR1,0.88866806
507,146,G6PDX,SCARF1,0.8885442
507,441,G6PDX,EBF1,0.8885442
507,518,G6PDX,PHF10,0.8877
507,432,G6PDX,HDC,0.88744146
507,150,G6PDX,SORT1,0.88740844
507,514,G6PDX,PAK1,0.88740844
507,450,G6PDX,MAGED1,0.8873764
507,8,G6PDX,ATAD1,0.88737583
507,128,G6PDX,APLP2,0.88737583
507,136,G6PDX,TACC3,0.88737583
507,396,G6PDX,RUVBL2,0.88737583
507,519,G6PDX,AGPS,0.88737583
507,595,G6PDX,CSF3R,0.88737583
507,0,G6PDX,OTUD6B,0.88732
507,524,G6PDX,TBC1D10C,0.887314
507,81,G6PDX,HDAC11,0.8863576
507,198,G6PDX,NDN,0.8857953
507,404,G6PDX,FTSJ3,0.88555926
507,33,G6PDX,CSTF2,0.88550204
507,263,G6PDX,JUN,0.8849518
507,2,G6PDX,PPP1R15A,0.88492674
507,47,G6PDX,FGL2,0.88492674
507,140,G6PDX,ANXA3,0.88492674
507,362,G6PDX,PTGS1,0.88492674
507,546,G6PDX,PROCR,0.88492674
507,622,G6PDX,KRT18,0.88492674
507,194,G6PDX,GOLPH3,0.8847998
507,564,G6PDX,MFNG,0.8847254
507,190,G6PDX,RAD51,0.8843236
507,553,G6PDX,DHFR,0.8843236
507,367,G6PDX,HCFC1,0.8842017
507,394,G6PDX,MAPK1,0.8838016
507,251,G6PDX,IRF6,0.8837075
507,486,G6PDX,NFKBIA,0.8834431
507,34,G6PDX,MAML3,0.88343745
507,554,G6PDX,CDT1,0.882899
507,590,G6PDX,IL12A,0.88258237
359,28,GALNT6,NFE2,0.89835584
359,357,GALNT6,MEIS1,0.89649427
359,78,GALNT6,MECOM,0.8961529
359,137,GALNT6,MYCN,0.89262396
359,57,GALNT6,OASL2,0.89194083
359,277,GALNT6,RTP4,0.89194053
359,200,GALNT6,IGTP,0.89118713
359,183,GALNT6,XAF1,0.89110327
359,609,GALNT6,UBA7,0.89110327
359,504,GALNT6,IFI44,0.8911003
359,410,GALNT6,SMARCA2,0.8899257
359,209,GALNT6,ZBTB16,0.88972616
359,283,GALNT6,EGR1,0.88864714
359,518,GALNT6,PHF10,0.8876338
359,0,GALNT6,OTUD6B,0.8873572
359,8,GALNT6,ATAD1,0.8873572
359,136,GALNT6,TACC3,0.8873572
359,150,GALNT6,SORT1,0.8873572
359,396,GALNT6,RUVBL2,0.8873572
359,432,GALNT6,HDC,0.8873572
359,450,GALNT6,MAGED1,0.8873572
359,519,GALNT6,AGPS,0.8873572
359,524,GALNT6,TBC1D10C,0.8873572
359,595,GALNT6,CSF3R,0.8873476
359,514,GALNT6,PAK1,0.88720065
359,81,GALNT6,HDAC11,0.88636285
359,198,GALNT6,NDN,0.8858344
359,140,GALNT6,ANXA3,0.88568705
359,404,GALNT6,FTSJ3,0.8855358
359,33,GALNT6,CSTF2,0.88552904
359,146,GALNT6,SCARF1,0.8851272
359,194,GALNT6,GOLPH3,0.8851272
359,263,GALNT6,JUN,0.884927
359,2,GALNT6,PPP1R15A,0.8849047
359,47,GALNT6,FGL2,0.8849047
359,362,GALNT6,PTGS1,0.8849047
359,546,GALNT6,PROCR,0.8849047
359,622,GALNT6,KRT18,0.8849047
359,441,GALNT6,EBF1,0.88490117
359,564,GALNT6,MFNG,0.88467485
359,190,GALNT6,RAD51,0.8844923
359,128,GALNT6,APLP2,0.88435096
359,553,GALNT6,DHFR,0.8843264
359,367,GALNT6,HCFC1,0.88415396
359,394,GALNT6,MAPK1,0.8838468
359,251,GALNT6,IRF6,0.8836629
359,34,GALNT6,MAML3,0.8834213
359,486,GALNT6,NFKBIA,0.88339585
359,554,GALNT6,CDT1,0.8829154
359,590,GALNT6,IL12A,0.88253915
318,81,GANAB,HDAC11,0.91333973
318,519,GANAB,AGPS,0.9098671
318,0,GANAB,OTUD6B,0.90760165
318,8,GANAB,ATAD1,0.90760165
318,432,GANAB,HDC,0.9075932
318,136,GANAB,TACC3,0.9075861
318,150,GANAB,SORT1,0.9075861
318,450,GANAB,MAGED1,0.9075861
318,514,GANAB,PAK1,0.9075861
318,524,GANAB,TBC1D10C,0.9075861
318,595,GANAB,CSF3R,0.9075861
318,396,GANAB,RUVBL2,0.90754265
318,554,GANAB,CDT1,0.90724593
318,34,GANAB,MAML3,0.9047202
318,292,GANAB,HDAC7,0.90432197
318,410,GANAB,SMARCA2,0.9022044
318,331,GANAB,PIM2,0.900027
318,209,GANAB,ZBTB16,0.8992827
318,404,GANAB,FTSJ3,0.89761585
318,351,GANAB,ERCC8,0.89618164
318,429,GANAB,GFI1B,0.8937202
318,199,GANAB,E2F4,0.8934053
318,128,GANAB,APLP2,0.88814044
318,440,GANAB,TMEM97,0.8875611
318,464,GANAB,ZNRF2,0.8875611
318,161,GANAB,JARID2,0.88719875
318,186,GANAB,STT3B,0.8858457
318,255,GANAB,CD74,0.8845576
318,210,GANAB,PNO1,0.87875265
318,73,GANAB,RORC,0.8778809
318,183,GANAB,XAF1,0.8761712
318,200,GANAB,IGTP,0.8761712
318,504,GANAB,IFI44,0.8761712
318,609,GANAB,UBA7,0.8761712
318,439,GANAB,DDX20,0.8718209
318,50,GANAB,NFAT5,0.8694236
318,475,GANAB,BCL2,0.86884195
318,486,GANAB,NFKBIA,0.86862934
318,402,GANAB,EIF1AD,0.8672315
318,137,GANAB,MYCN,0.8628239
318,33,GANAB,CSTF2,0.8603732
318,82,GANAB,RB1,0.8579495
318,28,GANAB,NFE2,0.85326475
318,590,GANAB,IL12A,0.85204935
318,357,GANAB,MEIS1,0.851825
318,277,GANAB,RTP4,0.85041994
318,57,GANAB,OASL2,0.85041744
318,363,GANAB,MYC,0.8499802
318,67,GANAB,HDAC2,0.84950304
318,216,GANAB,CUL3,0.8405567
453,410,GATA2,SMARCA2,0.8640076
453,0,GATA2,OTUD6B,0.8546117
453,128,GATA2,APLP2,0.8545649
453,8,GATA2,ATAD1,0.85453564
453,136,GATA2,TACC3,0.85453564
453,432,GATA2,HDC,0.85453564
453,450,GATA2,MAGED1,0.85453564
453,519,GATA2,AGPS,0.85453564
453,524,GATA2,TBC1D10C,0.85453564
453,595,GATA2,CSF3R,0.85453564
453,150,GATA2,SORT1,0.8543912
453,396,GATA2,RUVBL2,0.8504573
453,514,GATA2,PAK1,0.8504573
453,161,GATA2,JARID2,0.8430472
453,50,GATA2,NFAT5,0.84104514
453,440,GATA2,TMEM97,0.83961064
453,255,GATA2,CD74,0.8386139
453,289,GATA2,GT(ROSA)26SOR,0.8386139
453,429,GATA2,GFI1B,0.83800745
453,554,GATA2,CDT1,0.8362449
453,73,GATA2,RORC,0.8350228
453,177,GATA2,RELB,0.834
453,28,GATA2,NFE2,0.82769525
453,464,GATA2,ZNRF2,0.82630414
453,331,GATA2,PIM2,0.82598096
453,486,GATA2,NFKBIA,0.82566553
453,357,GATA2,MEIS1,0.8251716
453,590,GATA2,IL12A,0.82278544
453,81,GATA2,HDAC11,0.822578
453,78,GATA2,MECOM,0.8217136
453,318,GATA2,GANAB,0.81796676
453,367,GATA2,HCFC1,0.8174904
453,183,GATA2,XAF1,0.81740874
453,200,GATA2,IGTP,0.81740874
453,504,GATA2,IFI44,0.81740874
453,209,GATA2,ZBTB16,0.81392473
453,33,GATA2,CSTF2,0.8116761
453,283,GATA2,EGR1,0.8113465
453,210,GATA2,PNO1,0.8069788
453,363,GATA2,MYC,0.80682003
453,277,GATA2,RTP4,0.80314916
453,57,GATA2,OASL2,0.8031475
453,263,GATA2,JUN,0.80264497
453,606,GATA2,ELP2,0.80172306
453,34,GATA2,MAML3,0.8009088
453,559,GATA2,RUNX1T1,0.7993645
453,82,GATA2,RB1,0.7980801
453,2,GATA2,PPP1R15A,0.7941552
453,47,GATA2,FGL2,0.79403365
453,140,GATA2,ANXA3,0.79403365
7,357,GBP2,MEIS1,0.89649427
7,78,GBP2,MECOM,0.8962374
7,137,GBP2,MYCN,0.8925402
7,57,GBP2,OASL2,0.89194083
7,277,GBP2,RTP4,0.89194053
7,504,GBP2,IFI44,0.89113194
7,183,GBP2,XAF1,0.89110327
7,609,GBP2,UBA7,0.89110327
7,410,GBP2,SMARCA2,0.8899257
7,590,GBP2,IL12A,0.8894083
7,606,GBP2,ELP2,0.88905555
7,283,GBP2,EGR1,0.88864714
7,518,GBP2,PHF10,0.8876111
7,524,GBP2,TBC1D10C,0.8873755
7,0,GBP2,OTUD6B,0.8873572
7,8,GBP2,ATAD1,0.8873572
7,128,GBP2,APLP2,0.8873572
7,136,GBP2,TACC3,0.8873572
7,432,GBP2,HDC,0.8873572
7,450,GBP2,MAGED1,0.8873572
7,514,GBP2,PAK1,0.8873572
7,519,GBP2,AGPS,0.8873572
7,595,GBP2,CSF3R,0.8873572
7,396,GBP2,RUVBL2,0.8873476
7,81,GBP2,HDAC11,0.88636285
7,198,GBP2,NDN,0.8857472
7,194,GBP2,GOLPH3,0.88568705
7,546,GBP2,PROCR,0.88568705
7,404,GBP2,FTSJ3,0.8855058
7,33,GBP2,CSTF2,0.8854538
7,263,GBP2,JUN,0.884927
7,2,GBP2,PPP1R15A,0.8849264
7,47,GBP2,FGL2,0.8849047
7,140,GBP2,ANXA3,0.8849047
7,146,GBP2,SCARF1,0.8849047
7,362,GBP2,PTGS1,0.8849047
7,441,GBP2,EBF1,0.8849047
7,564,GBP2,MFNG,0.8847595
7,553,GBP2,DHFR,0.8843264
7,190,GBP2,RAD51,0.8842525
7,367,GBP2,HCFC1,0.88415396
7,394,GBP2,MAPK1,0.8838468
7,251,GBP2,IRF6,0.8835646
7,28,GBP2,NFE2,0.8835046
7,34,GBP2,MAML3,0.8834213
7,486,GBP2,NFKBIA,0.88339585
7,347,GBP2,RNF4,0.883107
7,554,GBP2,CDT1,0.88287765
7,210,GBP2,PNO1,0.8824361
7,440,GBP2,TMEM97,0.8819445
268,28,GBP3,NFE2,0.8983655
268,357,GBP3,MEIS1,0.8964544
268,137,GBP3,MYCN,0.89262396
268,150,GBP3,SORT1,0.89204526
268,57,GBP3,OASL2,0.89194083
268,277,GBP3,RTP4,0.89182997
268,200,GBP3,IGTP,0.89128894
268,183,GBP3,XAF1,0.89110327
268,609,GBP3,UBA7,0.89110327
268,504,GBP3,IFI44,0.89106596
268,410,GBP3,SMARCA2,0.8899257
268,283,GBP3,EGR1,0.88864595
268,518,GBP3,PHF10,0.88764507
268,0,GBP3,OTUD6B,0.8873572
268,128,GBP3,APLP2,0.8873572
268,396,GBP3,RUVBL2,0.8873572
268,450,GBP3,MAGED1,0.8873572
268,514,GBP3,PAK1,0.8873572
268,519,GBP3,AGPS,0.8873572
268,524,GBP3,TBC1D10C,0.8873572
268,595,GBP3,CSF3R,0.8873572
268,8,GBP3,ATAD1,0.887242
268,79,GBP3,STAT2,0.8867302
268,81,GBP3,HDAC11,0.88636285
268,198,GBP3,NDN,0.8857979
268,404,GBP3,FTSJ3,0.8855341
268,33,GBP3,CSTF2,0.8854538
268,263,GBP3,JUN,0.884927
268,2,GBP3,PPP1R15A,0.8849047
268,47,GBP3,FGL2,0.8849047
268,140,GBP3,ANXA3,0.8849047
268,146,GBP3,SCARF1,0.8849047
268,194,GBP3,GOLPH3,0.8849047
268,441,GBP3,EBF1,0.8849047
268,546,GBP3,PROCR,0.8849047
268,622,GBP3,KRT18,0.88490117
268,362,GBP3,PTGS1,0.8848948
268,564,GBP3,MFNG,0.88467485
268,190,GBP3,RAD51,0.8843264
268,553,GBP3,DHFR,0.8843264
268,367,GBP3,HCFC1,0.88415396
268,394,GBP3,MAPK1,0.8838468
268,34,GBP3,MAML3,0.88346165
268,554,GBP3,CDT1,0.88287765
268,590,GBP3,IL12A,0.88253915
268,210,GBP3,PNO1,0.8824361
268,232,GBP3,ICAM1,0.88227135
268,440,GBP3,TMEM97,0.8819445
268,464,GBP3,ZNRF2,0.8819445
268,177,GBP3,RELB,0.8818608
302,28,GBP7,NFE2,0.8983601
302,357,GBP7,MEIS1,0.89649427
302,78,GBP7,MECOM,0.8962374
302,137,GBP7,MYCN,0.89262396
302,519,GBP7,AGPS,0.8920358
302,277,GBP7,RTP4,0.89194053
302,57,GBP7,OASL2,0.8918626
302,183,GBP7,XAF1,0.89110327
302,200,GBP7,IGTP,0.89110327
302,504,GBP7,IFI44,0.89110327
302,609,GBP7,UBA7,0.89110327
302,410,GBP7,SMARCA2,0.8905263
302,73,GBP7,RORC,0.88936245
302,283,GBP7,EGR1,0.88864714
302,518,GBP7,PHF10,0.8878117
302,8,GBP7,ATAD1,0.8873572
302,128,GBP7,APLP2,0.8873572
302,136,GBP7,TACC3,0.8873572
302,150,GBP7,SORT1,0.8873572
302,432,GBP7,HDC,0.8873572
302,524,GBP7,TBC1D10C,0.8873572
302,595,GBP7,CSF3R,0.8873572
302,450,GBP7,MAGED1,0.88726604
302,33,GBP7,CSTF2,0.8865017
302,81,GBP7,HDAC11,0.88636285
302,198,GBP7,NDN,0.8857979
302,404,GBP7,FTSJ3,0.8855358
302,263,GBP7,JUN,0.884927
302,2,GBP7,PPP1R15A,0.8849047
302,47,GBP7,FGL2,0.8849047
302,140,GBP7,ANXA3,0.8849047
302,194,GBP7,GOLPH3,0.8849047
302,362,GBP7,PTGS1,0.8849047
302,441,GBP7,EBF1,0.8849047
302,622,GBP7,KRT18,0.8849047
302,546,GBP7,PROCR,0.88490117
302,146,GBP7,SCARF1,0.88488483
302,564,GBP7,MFNG,0.88467485
302,190,GBP7,RAD51,0.8843264
302,553,GBP7,DHFR,0.8843264
302,367,GBP7,HCFC1,0.88415396
302,394,GBP7,MAPK1,0.8838468
302,396,GBP7,RUVBL2,0.8838291
302,251,GBP7,IRF6,0.8836629
302,34,GBP7,MAML3,0.8834213
302,486,GBP7,NFKBIA,0.88339585
302,554,GBP7,CDT1,0.88287765
302,210,GBP7,PNO1,0.8824361
302,232,GBP7,ICAM1,0.88227135
302,440,GBP7,TMEM97,0.8819445
544,524,GCNT2,TBC1D10C,0.90148413
544,28,GCNT2,NFE2,0.89835584
544,357,GCNT2,MEIS1,0.89649427
544,78,GCNT2,MECOM,0.8962054
544,137,GCNT2,MYCN,0.89261544
544,57,GCNT2,OASL2,0.89194083
544,277,GCNT2,RTP4,0.89194053
544,183,GCNT2,XAF1,0.8912226
544,200,GCNT2,IGTP,0.89110327
544,504,GCNT2,IFI44,0.89110327
544,609,GCNT2,UBA7,0.89110327
544,410,GCNT2,SMARCA2,0.8899257
544,283,GCNT2,EGR1,0.88864714
544,518,GCNT2,PHF10,0.8876483
544,8,GCNT2,ATAD1,0.88736963
544,0,GCNT2,OTUD6B,0.8873572
544,136,GCNT2,TACC3,0.8873572
544,150,GCNT2,SORT1,0.8873572
544,396,GCNT2,RUVBL2,0.8873572
544,432,GCNT2,HDC,0.8873572
544,450,GCNT2,MAGED1,0.8873572
544,514,GCNT2,PAK1,0.8873572
544,519,GCNT2,AGPS,0.8873572
544,595,GCNT2,CSF3R,0.8873572
544,128,GCNT2,APLP2,0.8872954
544,81,GCNT2,HDAC11,0.88636285
544,198,GCNT2,NDN,0.8857979
544,404,GCNT2,FTSJ3,0.8855058
544,33,GCNT2,CSTF2,0.8854538
544,263,GCNT2,JUN,0.884927
544,47,GCNT2,FGL2,0.8849047
544,140,GCNT2,ANXA3,0.8849047
544,146,GCNT2,SCARF1,0.8849047
544,194,GCNT2,GOLPH3,0.8849047
544,441,GCNT2,EBF1,0.8849047
544,546,GCNT2,PROCR,0.8849047
544,622,GCNT2,KRT18,0.8849047
544,564,GCNT2,MFNG,0.88467485
544,190,GCNT2,RAD51,0.8843264
544,553,GCNT2,DHFR,0.88430685
544,367,GCNT2,HCFC1,0.88415396
544,394,GCNT2,MAPK1,0.8838393
544,251,GCNT2,IRF6,0.8836533
544,34,GCNT2,MAML3,0.8834213
544,486,GCNT2,NFKBIA,0.88339585
544,554,GCNT2,CDT1,0.88287765
544,590,GCNT2,IL12A,0.88253915
544,210,GCNT2,PNO1,0.88235426
544,2,GCNT2,PPP1R15A,0.8823133
544,232,GCNT2,ICAM1,0.88227135
429,34,GFI1B,MAML3,0.9026051
429,292,GFI1B,HDAC7,0.9000248
429,439,GFI1B,DDX20,0.8940095
429,81,GFI1B,HDAC11,0.89064384
429,209,GFI1B,ZBTB16,0.8867192
429,514,GFI1B,PAK1,0.8789859
429,136,GFI1B,TACC3,0.8789475
429,0,GFI1B,OTUD6B,0.87892723
429,8,GFI1B,ATAD1,0.87892723
429,128,GFI1B,APLP2,0.87892723
429,150,GFI1B,SORT1,0.87892723
429,396,GFI1B,RUVBL2,0.87892723
429,432,GFI1B,HDC,0.87892723
429,450,GFI1B,MAGED1,0.87892723
429,519,GFI1B,AGPS,0.87892723
429,595,GFI1B,CSF3R,0.87892723
429,475,GFI1B,BCL2,0.8734969
429,82,GFI1B,RB1,0.8728429
429,404,GFI1B,FTSJ3,0.87173545
429,554,GFI1B,CDT1,0.86975765
429,186,GFI1B,STT3B,0.8670393
429,524,GFI1B,TBC1D10C,0.86516976
429,410,GFI1B,SMARCA2,0.8579402
429,91,GFI1B,FCHO2,0.8571617
429,537,GFI1B,TXNDC11,0.8571617
429,611,GFI1B,ZEB2,0.8571617
429,351,GFI1B,ERCC8,0.8564143
429,199,GFI1B,E2F4,0.8453269
429,206,GFI1B,ZDHHC6,0.833073
429,161,GFI1B,JARID2,0.832385
429,534,GFI1B,MORC3,0.83179003
429,440,GFI1B,TMEM97,0.82894784
429,289,GFI1B,GT(ROSA)26SOR,0.8277784
429,255,GFI1B,CD74,0.827498
429,402,GFI1B,EIF1AD,0.8148653
429,464,GFI1B,ZNRF2,0.8113767
429,210,GFI1B,PNO1,0.80722874
429,73,GFI1B,RORC,0.8066498
429,486,GFI1B,NFKBIA,0.80025804
429,226,GFI1B,POLR2B,0.79269683
429,50,GFI1B,NFAT5,0.7912845
429,331,GFI1B,PIM2,0.79022545
429,33,GFI1B,CSTF2,0.7882749
429,183,GFI1B,XAF1,0.7704394
429,200,GFI1B,IGTP,0.7704394
429,609,GFI1B,UBA7,0.7704394
429,177,GFI1B,RELB,0.76534563
429,363,GFI1B,MYC,0.76453996
429,216,GFI1B,CUL3,0.76278627
429,621,GFI1B,SNRPB,0.7566923
355,28,GIMAP1,NFE2,0.8983601
355,357,GIMAP1,MEIS1,0.89649427
355,78,GIMAP1,MECOM,0.8962682
355,622,GIMAP1,KRT18,0.8935833
355,137,GIMAP1,MYCN,0.89262396
355,57,GIMAP1,OASL2,0.89194083
355,277,GIMAP1,RTP4,0.89194053
355,504,GIMAP1,IFI44,0.89110327
355,183,GIMAP1,XAF1,0.89094
355,410,GIMAP1,SMARCA2,0.8899257
355,283,GIMAP1,EGR1,0.88864714
355,47,GIMAP1,FGL2,0.8876097
355,518,GIMAP1,PHF10,0.88750607
355,146,GIMAP1,SCARF1,0.88749105
355,128,GIMAP1,APLP2,0.8874411
355,0,GIMAP1,OTUD6B,0.8873572
355,8,GIMAP1,ATAD1,0.8873572
355,136,GIMAP1,TACC3,0.8873572
355,150,GIMAP1,SORT1,0.8873572
355,396,GIMAP1,RUVBL2,0.8873572
355,432,GIMAP1,HDC,0.8873572
355,450,GIMAP1,MAGED1,0.8873572
355,514,GIMAP1,PAK1,0.8873572
355,519,GIMAP1,AGPS,0.8873572
355,524,GIMAP1,TBC1D10C,0.8873572
355,595,GIMAP1,CSF3R,0.8873572
355,81,GIMAP1,HDAC11,0.88636285
355,198,GIMAP1,NDN,0.885806
355,362,GIMAP1,PTGS1,0.88568705
355,404,GIMAP1,FTSJ3,0.885481
355,33,GIMAP1,CSTF2,0.8854538
355,263,GIMAP1,JUN,0.884927
355,2,GIMAP1,PPP1R15A,0.8849047
355,140,GIMAP1,ANXA3,0.8849047
355,194,GIMAP1,GOLPH3,0.8849047
355,441,GIMAP1,EBF1,0.8849047
355,546,GIMAP1,PROCR,0.8849047
355,564,GIMAP1,MFNG,0.88467485
355,190,GIMAP1,RAD51,0.8843264
355,553,GIMAP1,DHFR,0.8843264
355,367,GIMAP1,HCFC1,0.88415396
355,394,GIMAP1,MAPK1,0.88385445
355,251,GIMAP1,IRF6,0.8836629
355,486,GIMAP1,NFKBIA,0.88339585
355,554,GIMAP1,CDT1,0.88287765
355,590,GIMAP1,IL12A,0.88253915
355,210,GIMAP1,PNO1,0.8824361
355,232,GIMAP1,ICAM1,0.88227135
355,440,GIMAP1,TMEM97,0.8819445
355,464,GIMAP1,ZNRF2,0.8819445
250,28,GIMAP1OS,NFE2,0.89829004
250,357,GIMAP1OS,MEIS1,0.8965181
250,78,GIMAP1OS,MECOM,0.89626575
250,210,GIMAP1OS,PNO1,0.8939934
250,137,GIMAP1OS,MYCN,0.89264584
250,57,GIMAP1OS,OASL2,0.8919668
250,277,GIMAP1OS,RTP4,0.8919665
250,183,GIMAP1OS,XAF1,0.8911302
250,200,GIMAP1OS,IGTP,0.8911302
250,504,GIMAP1OS,IFI44,0.8911302
250,609,GIMAP1OS,UBA7,0.8911302
250,410,GIMAP1OS,SMARCA2,0.88992393
250,283,GIMAP1OS,EGR1,0.88867307
250,146,GIMAP1OS,SCARF1,0.8885522
250,518,GIMAP1OS,PHF10,0.88766664
250,396,GIMAP1OS,RUVBL2,0.8873796
250,8,GIMAP1OS,ATAD1,0.8873776
250,128,GIMAP1OS,APLP2,0.8873776
250,150,GIMAP1OS,SORT1,0.8873776
250,432,GIMAP1OS,HDC,0.8873776
250,450,GIMAP1OS,MAGED1,0.8873776
250,514,GIMAP1OS,PAK1,0.8873776
250,519,GIMAP1OS,AGPS,0.8873776
250,524,GIMAP1OS,TBC1D10C,0.8873776
250,595,GIMAP1OS,CSF3R,0.8873776
250,136,GIMAP1OS,TACC3,0.8873769
250,0,GIMAP1OS,OTUD6B,0.8873035
250,81,GIMAP1OS,HDAC11,0.8864047
250,198,GIMAP1OS,NDN,0.88580745
250,404,GIMAP1OS,FTSJ3,0.88556534
250,33,GIMAP1OS,CSTF2,0.88546973
250,2,GIMAP1OS,PPP1R15A,0.88497293
250,263,GIMAP1OS,JUN,0.8849589
250,47,GIMAP1OS,FGL2,0.88493514
250,194,GIMAP1OS,GOLPH3,0.88493514
250,362,GIMAP1OS,PTGS1,0.88493514
250,441,GIMAP1OS,EBF1,0.88493514
250,546,GIMAP1OS,PROCR,0.88493514
250,622,GIMAP1OS,KRT18,0.88493514
250,564,GIMAP1OS,MFNG,0.8846947
250,553,GIMAP1OS,DHFR,0.8843403
250,367,GIMAP1OS,HCFC1,0.88417333
250,394,GIMAP1OS,MAPK1,0.88387805
250,251,GIMAP1OS,IRF6,0.8836947
250,486,GIMAP1OS,NFKBIA,0.8834117
250,190,GIMAP1OS,RAD51,0.8830538
250,554,GIMAP1OS,CDT1,0.8829015
250,590,GIMAP1OS,IL12A,0.88255644
250,232,GIMAP1OS,ICAM1,0.88228977
250,440,GIMAP1OS,TMEM97,0.88198197
612,78,GIMAP5,MECOM,0.90628004
612,136,GIMAP5,TACC3,0.9015277
612,28,GIMAP5,NFE2,0.89829993
612,357,GIMAP5,MEIS1,0.8965145
612,137,GIMAP5,MYCN,0.8926802
612,57,GIMAP5,OASL2,0.8919638
612,277,GIMAP5,RTP4,0.8919635
612,183,GIMAP5,XAF1,0.8911288
612,200,GIMAP5,IGTP,0.8911288
612,609,GIMAP5,UBA7,0.8911288
612,504,GIMAP5,IFI44,0.8910936
612,410,GIMAP5,SMARCA2,0.8899686
612,283,GIMAP5,EGR1,0.8889743
612,518,GIMAP5,PHF10,0.8877
612,450,GIMAP5,MAGED1,0.8874207
612,514,GIMAP5,PAK1,0.8874207
612,0,GIMAP5,OTUD6B,0.88737583
612,8,GIMAP5,ATAD1,0.88737583
612,396,GIMAP5,RUVBL2,0.88737583
612,432,GIMAP5,HDC,0.88737583
612,519,GIMAP5,AGPS,0.88737583
612,524,GIMAP5,TBC1D10C,0.88737583
612,394,GIMAP5,MAPK1,0.8867938
612,198,GIMAP5,NDN,0.8857953
612,404,GIMAP5,FTSJ3,0.88555926
612,33,GIMAP5,CSTF2,0.88550204
612,263,GIMAP5,JUN,0.8850309
612,546,GIMAP5,PROCR,0.88499206
612,146,GIMAP5,SCARF1,0.8849388
612,2,GIMAP5,PPP1R15A,0.88492674
612,47,GIMAP5,FGL2,0.88492674
612,140,GIMAP5,ANXA3,0.88492674
612,194,GIMAP5,GOLPH3,0.88492674
612,622,GIMAP5,KRT18,0.88492674
612,441,GIMAP5,EBF1,0.8847998
612,362,GIMAP5,PTGS1,0.88479
612,564,GIMAP5,MFNG,0.8847254
612,190,GIMAP5,RAD51,0.8843236
612,553,GIMAP5,DHFR,0.8843236
612,251,GIMAP5,IRF6,0.88368815
612,486,GIMAP5,NFKBIA,0.8834431
612,34,GIMAP5,MAML3,0.88343745
612,554,GIMAP5,CDT1,0.8828383
612,590,GIMAP5,IL12A,0.88258773
612,210,GIMAP5,PNO1,0.8823476
612,232,GIMAP5,ICAM1,0.88232327
612,429,GIMAP5,GFI1B,0.88215774
612,440,GIMAP5,TMEM97,0.8819661
612,464,GIMAP5,ZNRF2,0.8819661
612,177,GIMAP5,RELB,0.8819073
627,28,GIMAP6,NFE2,0.89777774
627,78,GIMAP6,MECOM,0.8962374
627,137,GIMAP6,MYCN,0.89262396
627,57,GIMAP6,OASL2,0.89194083
627,277,GIMAP6,RTP4,0.89194053
627,183,GIMAP6,XAF1,0.89110327
627,200,GIMAP6,IGTP,0.89110327
627,504,GIMAP6,IFI44,0.89110327
627,609,GIMAP6,UBA7,0.89110327
627,410,GIMAP6,SMARCA2,0.8899257
627,73,GIMAP6,RORC,0.88916135
627,283,GIMAP6,EGR1,0.8889533
627,518,GIMAP6,PHF10,0.88764507
627,519,GIMAP6,AGPS,0.8874411
627,396,GIMAP6,RUVBL2,0.88736826
627,0,GIMAP6,OTUD6B,0.8873572
627,8,GIMAP6,ATAD1,0.8873572
627,128,GIMAP6,APLP2,0.8873572
627,136,GIMAP6,TACC3,0.8873572
627,150,GIMAP6,SORT1,0.8873572
627,432,GIMAP6,HDC,0.8873572
627,450,GIMAP6,MAGED1,0.8873572
627,514,GIMAP6,PAK1,0.8873572
627,394,GIMAP6,MAPK1,0.8871252
627,198,GIMAP6,NDN,0.8857979
627,404,GIMAP6,FTSJ3,0.8855358
627,33,GIMAP6,CSTF2,0.8854538
627,263,GIMAP6,JUN,0.884927
627,2,GIMAP6,PPP1R15A,0.8849047
627,47,GIMAP6,FGL2,0.8849047
627,140,GIMAP6,ANXA3,0.8849047
627,146,GIMAP6,SCARF1,0.8849047
627,194,GIMAP6,GOLPH3,0.8849047
627,362,GIMAP6,PTGS1,0.8849047
627,441,GIMAP6,EBF1,0.8849047
627,546,GIMAP6,PROCR,0.8849047
627,622,GIMAP6,KRT18,0.8849047
627,564,GIMAP6,MFNG,0.88467485
627,190,GIMAP6,RAD51,0.8843264
627,553,GIMAP6,DHFR,0.8843264
627,367,GIMAP6,HCFC1,0.88415414
627,251,GIMAP6,IRF6,0.8836629
627,34,GIMAP6,MAML3,0.8834213
627,486,GIMAP6,NFKBIA,0.88339585
627,554,GIMAP6,CDT1,0.88287765
627,590,GIMAP6,IL12A,0.88253915
627,210,GIMAP6,PNO1,0.8824361
627,232,GIMAP6,ICAM1,0.88227135
627,464,GIMAP6,ZNRF2,0.88201267
627,440,GIMAP6,TMEM97,0.8819445
512,34,GLB1,MAML3,0.9263805
512,81,GLB1,HDAC11,0.9236094
512,209,GLB1,ZBTB16,0.91901267
512,554,GLB1,CDT1,0.91880715
512,432,GLB1,HDC,0.91641146
512,0,GLB1,OTUD6B,0.916403
512,8,GLB1,ATAD1,0.9163305
512,128,GLB1,APLP2,0.9163305
512,136,GLB1,TACC3,0.9163305
512,396,GLB1,RUVBL2,0.9163305
512,514,GLB1,PAK1,0.9163305
512,519,GLB1,AGPS,0.9163305
512,524,GLB1,TBC1D10C,0.9163305
512,595,GLB1,CSF3R,0.9163305
512,150,GLB1,SORT1,0.9163232
512,450,GLB1,MAGED1,0.9162116
512,292,GLB1,HDAC7,0.9159325
512,410,GLB1,SMARCA2,0.9143204
512,331,GLB1,PIM2,0.9127973
512,199,GLB1,E2F4,0.9123305
512,404,GLB1,FTSJ3,0.91132873
512,475,GLB1,BCL2,0.91123295
512,351,GLB1,ERCC8,0.9091768
512,186,GLB1,STT3B,0.90852463
512,429,GLB1,GFI1B,0.90816927
512,183,GLB1,XAF1,0.89766216
512,200,GLB1,IGTP,0.89766216
512,504,GLB1,IFI44,0.89766216
512,609,GLB1,UBA7,0.89766216
512,255,GLB1,CD74,0.8963839
512,289,GLB1,GT(ROSA)26SOR,0.8963839
512,440,GLB1,TMEM97,0.89627683
512,82,GLB1,RB1,0.89625996
512,464,GLB1,ZNRF2,0.8924438
512,73,GLB1,RORC,0.8868355
512,210,GLB1,PNO1,0.8866588
512,137,GLB1,MYCN,0.8849705
512,486,GLB1,NFKBIA,0.8841409
512,439,GLB1,DDX20,0.88381845
512,402,GLB1,EIF1AD,0.8822523
512,50,GLB1,NFAT5,0.8818565
512,206,GLB1,ZDHHC6,0.8789005
512,33,GLB1,CSTF2,0.8748157
512,534,GLB1,MORC3,0.87031794
512,590,GLB1,IL12A,0.86922836
512,161,GLB1,JARID2,0.86880654
512,363,GLB1,MYC,0.8671873
512,91,GLB1,FCHO2,0.865528
512,537,GLB1,TXNDC11,0.865528
512,611,GLB1,ZEB2,0.865528
43,28,GLIPR2,NFE2,0.8983655
43,357,GLIPR2,MEIS1,0.89649427
43,78,GLIPR2,MECOM,0.8962374
43,137,GLIPR2,MYCN,0.89262396
43,57,GLIPR2,OASL2,0.89194083
43,277,GLIPR2,RTP4,0.89194053
43,183,GLIPR2,XAF1,0.89110327
43,200,GLIPR2,IGTP,0.89110327
43,504,GLIPR2,IFI44,0.89110327
43,609,GLIPR2,UBA7,0.89110327
43,410,GLIPR2,SMARCA2,0.8899257
43,283,GLIPR2,EGR1,0.88864714
43,518,GLIPR2,PHF10,0.8876873
43,0,GLIPR2,OTUD6B,0.88736826
43,8,GLIPR2,ATAD1,0.8873572
43,128,GLIPR2,APLP2,0.8873572
43,136,GLIPR2,TACC3,0.8873572
43,150,GLIPR2,SORT1,0.8873572
43,396,GLIPR2,RUVBL2,0.8873572
43,432,GLIPR2,HDC,0.8873572
43,450,GLIPR2,MAGED1,0.8873572
43,514,GLIPR2,PAK1,0.8873572
43,519,GLIPR2,AGPS,0.8873572
43,524,GLIPR2,TBC1D10C,0.8873572
43,595,GLIPR2,CSF3R,0.8873572
43,81,GLIPR2,HDAC11,0.88636285
43,198,GLIPR2,NDN,0.8857979
43,404,GLIPR2,FTSJ3,0.8855358
43,33,GLIPR2,CSTF2,0.8854538
43,362,GLIPR2,PTGS1,0.88497007
43,263,GLIPR2,JUN,0.8849518
43,2,GLIPR2,PPP1R15A,0.8849047
43,47,GLIPR2,FGL2,0.8849047
43,140,GLIPR2,ANXA3,0.8849047
43,146,GLIPR2,SCARF1,0.8849047
43,194,GLIPR2,GOLPH3,0.8849047
43,441,GLIPR2,EBF1,0.8849047
43,546,GLIPR2,PROCR,0.8849047
43,622,GLIPR2,KRT18,0.8849047
43,564,GLIPR2,MFNG,0.88467485
43,553,GLIPR2,DHFR,0.8843264
43,367,GLIPR2,HCFC1,0.88415396
43,394,GLIPR2,MAPK1,0.8838468
43,251,GLIPR2,IRF6,0.8836629
43,34,GLIPR2,MAML3,0.8834213
43,486,GLIPR2,NFKBIA,0.88339585
43,554,GLIPR2,CDT1,0.88287765
43,590,GLIPR2,IL12A,0.88253915
43,210,GLIPR2,PNO1,0.8824892
43,232,GLIPR2,ICAM1,0.88227135
10,357,GM1966,MEIS1,0.89649427
10,78,GM1966,MECOM,0.8962374
10,137,GM1966,MYCN,0.8925402
10,57,GM1966,OASL2,0.89194083
10,277,GM1966,RTP4,0.89194053
10,504,GM1966,IFI44,0.89113194
10,183,GM1966,XAF1,0.89110327
10,609,GM1966,UBA7,0.89110327
10,410,GM1966,SMARCA2,0.8899257
10,590,GM1966,IL12A,0.8894083
10,606,GM1966,ELP2,0.88905555
10,283,GM1966,EGR1,0.88864714
10,518,GM1966,PHF10,0.8876111
10,524,GM1966,TBC1D10C,0.8873755
10,0,GM1966,OTUD6B,0.8873572
10,8,GM1966,ATAD1,0.8873572
10,128,GM1966,APLP2,0.8873572
10,136,GM1966,TACC3,0.8873572
10,432,GM1966,HDC,0.8873572
10,450,GM1966,MAGED1,0.8873572
10,514,GM1966,PAK1,0.8873572
10,519,GM1966,AGPS,0.8873572
10,595,GM1966,CSF3R,0.8873572
10,396,GM1966,RUVBL2,0.8873476
10,81,GM1966,HDAC11,0.88636285
10,198,GM1966,NDN,0.8857472
10,194,GM1966,GOLPH3,0.88568705
10,546,GM1966,PROCR,0.88568705
10,404,GM1966,FTSJ3,0.8855058
10,33,GM1966,CSTF2,0.8854538
10,263,GM1966,JUN,0.884927
10,2,GM1966,PPP1R15A,0.8849264
10,47,GM1966,FGL2,0.8849047
10,140,GM1966,ANXA3,0.8849047
10,146,GM1966,SCARF1,0.8849047
10,362,GM1966,PTGS1,0.8849047
10,441,GM1966,EBF1,0.8849047
10,564,GM1966,MFNG,0.8847595
10,553,GM1966,DHFR,0.8843264
10,190,GM1966,RAD51,0.8842525
10,367,GM1966,HCFC1,0.88415396
10,394,GM1966,MAPK1,0.8838468
10,251,GM1966,IRF6,0.8835646
10,28,GM1966,NFE2,0.8835046
10,34,GM1966,MAML3,0.8834213
10,486,GM1966,NFKBIA,0.88339585
10,347,GM1966,RNF4,0.883107
10,554,GM1966,CDT1,0.88287765
10,210,GM1966,PNO1,0.8824361
10,440,GM1966,TMEM97,0.8819445
153,28,GM4759,NFE2,0.8983655
153,357,GM4759,MEIS1,0.89649427
153,78,GM4759,MECOM,0.8962374
153,137,GM4759,MYCN,0.89242125
153,57,GM4759,OASL2,0.89194083
153,277,GM4759,RTP4,0.89194053
153,183,GM4759,XAF1,0.89110327
153,200,GM4759,IGTP,0.89110327
153,504,GM4759,IFI44,0.89110327
153,609,GM4759,UBA7,0.89106596
153,410,GM4759,SMARCA2,0.8899257
153,283,GM4759,EGR1,0.88864714
153,518,GM4759,PHF10,0.88764507
153,0,GM4759,OTUD6B,0.8873572
153,8,GM4759,ATAD1,0.8873572
153,150,GM4759,SORT1,0.8873572
153,396,GM4759,RUVBL2,0.8873572
153,450,GM4759,MAGED1,0.8873572
153,519,GM4759,AGPS,0.8873572
153,524,GM4759,TBC1D10C,0.8873572
153,595,GM4759,CSF3R,0.8873572
153,128,GM4759,APLP2,0.8873564
153,136,GM4759,TACC3,0.8871388
153,514,GM4759,PAK1,0.88710934
153,232,GM4759,ICAM1,0.8870052
153,432,GM4759,HDC,0.8865584
153,81,GM4759,HDAC11,0.88636285
153,198,GM4759,NDN,0.8857979
153,47,GM4759,FGL2,0.88568705
153,404,GM4759,FTSJ3,0.8855358
153,263,GM4759,JUN,0.884927
153,2,GM4759,PPP1R15A,0.8849047
153,140,GM4759,ANXA3,0.8849047
153,146,GM4759,SCARF1,0.8849047
153,194,GM4759,GOLPH3,0.8849047
153,362,GM4759,PTGS1,0.8849047
153,441,GM4759,EBF1,0.8849047
153,546,GM4759,PROCR,0.8849047
153,622,GM4759,KRT18,0.8849047
153,564,GM4759,MFNG,0.8843522
153,190,GM4759,RAD51,0.8843264
153,553,GM4759,DHFR,0.8842965
153,367,GM4759,HCFC1,0.8840827
153,251,GM4759,IRF6,0.88364166
153,34,GM4759,MAML3,0.8834213
153,486,GM4759,NFKBIA,0.88339585
153,590,GM4759,IL12A,0.88253915
153,210,GM4759,PNO1,0.8824361
153,440,GM4759,TMEM97,0.8819445
153,464,GM4759,ZNRF2,0.8819445
54,28,GM5111,NFE2,0.89835346
54,357,GM5111,MEIS1,0.89648134
54,78,GM5111,MECOM,0.89622474
54,137,GM5111,MYCN,0.89261335
54,277,GM5111,RTP4,0.8919633
54,57,GM5111,OASL2,0.8919263
54,183,GM5111,XAF1,0.89108884
54,200,GM5111,IGTP,0.89108884
54,504,GM5111,IFI44,0.89108884
54,609,GM5111,UBA7,0.89108884
54,410,GM5111,SMARCA2,0.88991994
54,64,GM5111,IRF9,0.8887598
54,283,GM5111,EGR1,0.88863266
54,518,GM5111,PHF10,0.887633
54,432,GM5111,HDC,0.8873676
54,0,GM5111,OTUD6B,0.88734627
54,8,GM5111,ATAD1,0.88734627
54,128,GM5111,APLP2,0.88734627
54,136,GM5111,TACC3,0.88734627
54,450,GM5111,MAGED1,0.88734627
54,514,GM5111,PAK1,0.88734627
54,519,GM5111,AGPS,0.88734627
54,595,GM5111,CSF3R,0.88734627
54,150,GM5111,SORT1,0.8872721
54,81,GM5111,HDAC11,0.88634795
54,198,GM5111,NDN,0.8857868
54,404,GM5111,FTSJ3,0.88552296
54,33,GM5111,CSTF2,0.88544357
54,263,GM5111,JUN,0.88500077
54,546,GM5111,PROCR,0.8849314
54,140,GM5111,ANXA3,0.8849073
54,47,GM5111,FGL2,0.88488984
54,146,GM5111,SCARF1,0.88488984
54,194,GM5111,GOLPH3,0.88488984
54,362,GM5111,PTGS1,0.88488984
54,441,GM5111,EBF1,0.88488984
54,622,GM5111,KRT18,0.88488984
54,2,GM5111,PPP1R15A,0.8848189
54,394,GM5111,MAPK1,0.8848018
54,564,GM5111,MFNG,0.8846635
54,190,GM5111,RAD51,0.8843155
54,553,GM5111,DHFR,0.8843155
54,367,GM5111,HCFC1,0.8841438
54,251,GM5111,IRF6,0.883648
54,34,GM5111,MAML3,0.8834056
54,486,GM5111,NFKBIA,0.8833855
54,554,GM5111,CDT1,0.88286453
54,590,GM5111,IL12A,0.882528
54,210,GM5111,PNO1,0.88242036
54,232,GM5111,ICAM1,0.88225985
334,28,GMCL1,NFE2,0.8983655
334,357,GMCL1,MEIS1,0.8965277
334,78,GMCL1,MECOM,0.8962374
334,137,GMCL1,MYCN,0.89262396
334,277,GMCL1,RTP4,0.8919551
334,57,GMCL1,OASL2,0.8919372
334,183,GMCL1,XAF1,0.89110327
334,200,GMCL1,IGTP,0.89110327
334,504,GMCL1,IFI44,0.89110327
334,609,GMCL1,UBA7,0.89110327
334,34,GMCL1,MAML3,0.89054924
334,283,GMCL1,EGR1,0.88864714
334,518,GMCL1,PHF10,0.88764507
334,524,GMCL1,TBC1D10C,0.88736826
334,0,GMCL1,OTUD6B,0.8873572
334,8,GMCL1,ATAD1,0.8873572
334,128,GMCL1,APLP2,0.8873572
334,136,GMCL1,TACC3,0.8873572
334,150,GMCL1,SORT1,0.8873572
334,396,GMCL1,RUVBL2,0.8873572
334,432,GMCL1,HDC,0.8873572
334,514,GMCL1,PAK1,0.8873572
334,519,GMCL1,AGPS,0.8873572
334,595,GMCL1,CSF3R,0.8873572
334,81,GMCL1,HDAC11,0.88636285
334,198,GMCL1,NDN,0.8857979
334,404,GMCL1,FTSJ3,0.8855358
334,33,GMCL1,CSTF2,0.8854538
334,263,GMCL1,JUN,0.884927
334,441,GMCL1,EBF1,0.88491666
334,2,GMCL1,PPP1R15A,0.8849047
334,47,GMCL1,FGL2,0.8849047
334,140,GMCL1,ANXA3,0.8849047
334,146,GMCL1,SCARF1,0.8849047
334,194,GMCL1,GOLPH3,0.8849047
334,362,GMCL1,PTGS1,0.8849047
334,546,GMCL1,PROCR,0.8849047
334,622,GMCL1,KRT18,0.8849047
334,564,GMCL1,MFNG,0.88467485
334,190,GMCL1,RAD51,0.8843264
334,553,GMCL1,DHFR,0.8843264
334,367,GMCL1,HCFC1,0.88415396
334,394,GMCL1,MAPK1,0.8838468
334,251,GMCL1,IRF6,0.8836092
334,486,GMCL1,NFKBIA,0.88339585
334,554,GMCL1,CDT1,0.88287765
334,590,GMCL1,IL12A,0.88247466
334,210,GMCL1,PNO1,0.8824361
334,232,GMCL1,ICAM1,0.88227135
334,440,GMCL1,TMEM97,0.8819445
421,621,GMFB,SNRPB,0.94058794
421,34,GMFB,MAML3,0.9263805
421,81,GMFB,HDAC11,0.9234371
421,611,GMFB,ZEB2,0.9199414
421,209,GMFB,ZBTB16,0.9189912
421,554,GMFB,CDT1,0.91880715
421,0,GMFB,OTUD6B,0.9163305
421,8,GMFB,ATAD1,0.9163305
421,128,GMFB,APLP2,0.9163305
421,136,GMFB,TACC3,0.9163305
421,432,GMFB,HDC,0.9163305
421,450,GMFB,MAGED1,0.9163305
421,514,GMFB,PAK1,0.9163305
421,524,GMFB,TBC1D10C,0.9163305
421,519,GMFB,AGPS,0.91626936
421,292,GMFB,HDAC7,0.9159325
421,410,GMFB,SMARCA2,0.9143204
421,331,GMFB,PIM2,0.9128384
421,199,GMFB,E2F4,0.9123305
421,404,GMFB,FTSJ3,0.91132873
421,475,GMFB,BCL2,0.9112045
421,351,GMFB,ERCC8,0.9091768
421,186,GMFB,STT3B,0.90852463
421,429,GMFB,GFI1B,0.90816927
421,439,GMFB,DDX20,0.90478915
421,396,GMFB,RUVBL2,0.90235364
421,161,GMFB,JARID2,0.9005643
421,183,GMFB,XAF1,0.89784396
421,504,GMFB,IFI44,0.89766216
421,255,GMFB,CD74,0.8966436
421,595,GMFB,CSF3R,0.8966239
421,289,GMFB,GT(ROSA)26SOR,0.8963839
421,82,GMFB,RB1,0.8961121
421,200,GMFB,IGTP,0.8956045
421,440,GMFB,TMEM97,0.89247197
421,464,GMFB,ZNRF2,0.89247197
421,73,GMFB,RORC,0.8868355
421,210,GMFB,PNO1,0.8866588
421,137,GMFB,MYCN,0.8849705
421,486,GMFB,NFKBIA,0.88413554
421,150,GMFB,SORT1,0.8833917
421,402,GMFB,EIF1AD,0.8822523
421,206,GMFB,ZDHHC6,0.8789005
421,33,GMFB,CSTF2,0.8748157
421,91,GMFB,FCHO2,0.865528
421,537,GMFB,TXNDC11,0.865528
421,177,GMFB,RELB,0.86252016
421,165,GMFB,GTF2H1,0.86162066
421,216,GMFB,CUL3,0.8612878
421,57,GMFB,OASL2,0.8608917
170,28,GMIP,NFE2,0.8983655
170,357,GMIP,MEIS1,0.89649427
170,78,GMIP,MECOM,0.8962374
170,137,GMIP,MYCN,0.89262396
170,57,GMIP,OASL2,0.89194083
170,277,GMIP,RTP4,0.89193827
170,183,GMIP,XAF1,0.89110327
170,200,GMIP,IGTP,0.89110327
170,504,GMIP,IFI44,0.89110327
170,609,GMIP,UBA7,0.8910898
170,283,GMIP,EGR1,0.88864714
170,518,GMIP,PHF10,0.88755
170,595,GMIP,CSF3R,0.8874677
170,519,GMIP,AGPS,0.88738984
170,136,GMIP,TACC3,0.88735867
170,0,GMIP,OTUD6B,0.8873572
170,8,GMIP,ATAD1,0.8873572
170,128,GMIP,APLP2,0.8873572
170,150,GMIP,SORT1,0.8873572
170,396,GMIP,RUVBL2,0.8873572
170,432,GMIP,HDC,0.8873572
170,450,GMIP,MAGED1,0.8873572
170,514,GMIP,PAK1,0.8873572
170,524,GMIP,TBC1D10C,0.8873572
170,81,GMIP,HDAC11,0.8863051
170,198,GMIP,NDN,0.8857979
170,404,GMIP,FTSJ3,0.8855358
170,33,GMIP,CSTF2,0.8854538
170,190,GMIP,RAD51,0.88524216
170,263,GMIP,JUN,0.884927
170,2,GMIP,PPP1R15A,0.8849047
170,47,GMIP,FGL2,0.8849047
170,146,GMIP,SCARF1,0.8849047
170,194,GMIP,GOLPH3,0.8849047
170,362,GMIP,PTGS1,0.8849047
170,622,GMIP,KRT18,0.8849047
170,564,GMIP,MFNG,0.88467485
170,553,GMIP,DHFR,0.8843264
170,367,GMIP,HCFC1,0.88412535
170,394,GMIP,MAPK1,0.8838202
170,441,GMIP,EBF1,0.88380176
170,34,GMIP,MAML3,0.8834213
170,486,GMIP,NFKBIA,0.88339585
170,554,GMIP,CDT1,0.88287765
170,590,GMIP,IL12A,0.88253915
170,210,GMIP,PNO1,0.8824361
170,232,GMIP,ICAM1,0.88227135
170,440,GMIP,TMEM97,0.8819445
170,464,GMIP,ZNRF2,0.8819445
170,177,GMIP,RELB,0.8818608
568,28,GMNN,NFE2,0.8983655
568,357,GMNN,MEIS1,0.89649427
568,78,GMNN,MECOM,0.8962374
568,137,GMNN,MYCN,0.89262396
568,564,GMNN,MFNG,0.8923421
568,57,GMNN,OASL2,0.89194083
568,277,GMNN,RTP4,0.89194053
568,183,GMNN,XAF1,0.89110327
568,200,GMNN,IGTP,0.89110327
568,504,GMNN,IFI44,0.89110327
568,609,GMNN,UBA7,0.89110327
568,410,GMNN,SMARCA2,0.8899257
568,283,GMNN,EGR1,0.8889533
568,518,GMNN,PHF10,0.88764507
568,450,GMNN,MAGED1,0.8874008
568,136,GMNN,TACC3,0.8873598
568,0,GMNN,OTUD6B,0.8873572
568,8,GMNN,ATAD1,0.8873572
568,128,GMNN,APLP2,0.8873572
568,150,GMNN,SORT1,0.8873572
568,396,GMNN,RUVBL2,0.8873572
568,514,GMNN,PAK1,0.8873572
568,519,GMNN,AGPS,0.8873572
568,595,GMNN,CSF3R,0.8873572
568,432,GMNN,HDC,0.8873564
568,81,GMNN,HDAC11,0.88636285
568,33,GMNN,CSTF2,0.8854538
568,263,GMNN,JUN,0.884927
568,2,GMNN,PPP1R15A,0.8849047
568,140,GMNN,ANXA3,0.8849047
568,146,GMNN,SCARF1,0.8849047
568,194,GMNN,GOLPH3,0.8849047
568,362,GMNN,PTGS1,0.8849047
568,441,GMNN,EBF1,0.8849047
568,546,GMNN,PROCR,0.8849047
568,622,GMNN,KRT18,0.8849047
568,47,GMNN,FGL2,0.8848808
568,190,GMNN,RAD51,0.8843287
568,553,GMNN,DHFR,0.884166
568,367,GMNN,HCFC1,0.88415396
568,394,GMNN,MAPK1,0.88385063
568,524,GMNN,TBC1D10C,0.8838291
568,251,GMNN,IRF6,0.8836629
568,34,GMNN,MAML3,0.8834213
568,486,GMNN,NFKBIA,0.88339585
568,590,GMNN,IL12A,0.88253915
568,210,GMNN,PNO1,0.8824361
568,232,GMNN,ICAM1,0.88227135
568,554,GMNN,CDT1,0.8820766
568,440,GMNN,TMEM97,0.8819445
167,404,GNG11,FTSJ3,0.92645735
167,410,GNG11,SMARCA2,0.92512286
167,554,GNG11,CDT1,0.9248753
167,199,GNG11,E2F4,0.92158663
167,81,GNG11,HDAC11,0.9205157
167,429,GNG11,GFI1B,0.91966546
167,595,GNG11,CSF3R,0.919173
167,0,GNG11,OTUD6B,0.9191015
167,8,GNG11,ATAD1,0.9191015
167,136,GNG11,TACC3,0.9191015
167,396,GNG11,RUVBL2,0.9191015
167,450,GNG11,MAGED1,0.9191015
167,514,GNG11,PAK1,0.9191015
167,519,GNG11,AGPS,0.9191015
167,524,GNG11,TBC1D10C,0.9191015
167,432,GNG11,HDC,0.9190978
167,128,GNG11,APLP2,0.9190118
167,150,GNG11,SORT1,0.9190106
167,440,GNG11,TMEM97,0.91737145
167,331,GNG11,PIM2,0.9172491
167,209,GNG11,ZBTB16,0.91612256
167,161,GNG11,JARID2,0.91606104
167,210,GNG11,PNO1,0.91492283
167,289,GNG11,GT(ROSA)26SOR,0.91438925
167,255,GNG11,CD74,0.9143317
167,183,GNG11,XAF1,0.91256326
167,200,GNG11,IGTP,0.91256326
167,504,GNG11,IFI44,0.91256326
167,464,GNG11,ZNRF2,0.91238886
167,73,GNG11,RORC,0.9109954
167,609,GNG11,UBA7,0.910716
167,34,GNG11,MAML3,0.9097515
167,402,GNG11,EIF1AD,0.9036869
167,486,GNG11,NFKBIA,0.9035673
167,50,GNG11,NFAT5,0.90282816
167,475,GNG11,BCL2,0.8971629
167,292,GNG11,HDAC7,0.8959851
167,67,GNG11,HDAC2,0.8959429
167,186,GNG11,STT3B,0.8950968
167,137,GNG11,MYCN,0.89419895
167,177,GNG11,RELB,0.89408857
167,277,GNG11,RTP4,0.89254403
167,57,GNG11,OASL2,0.89254117
167,318,GNG11,GANAB,0.8924211
167,78,GNG11,MECOM,0.8907467
167,357,GNG11,MEIS1,0.8898253
167,363,GNG11,MYC,0.8896078
167,165,GNG11,GTF2H1,0.88947946
167,28,GNG11,NFE2,0.88920206
167,367,GNG11,HCFC1,0.8860663
145,28,GNG12,NFE2,0.8983655
145,78,GNG12,MECOM,0.8962374
145,137,GNG12,MYCN,0.89262396
145,277,GNG12,RTP4,0.89194053
145,57,GNG12,OASL2,0.89192724
145,183,GNG12,XAF1,0.89111525
145,200,GNG12,IGTP,0.89110327
145,504,GNG12,IFI44,0.89110327
145,609,GNG12,UBA7,0.89110327
145,410,GNG12,SMARCA2,0.8899257
145,357,GNG12,MEIS1,0.88881505
145,283,GNG12,EGR1,0.88864714
145,0,GNG12,OTUD6B,0.8874021
145,432,GNG12,HDC,0.88736963
145,128,GNG12,APLP2,0.8873572
145,136,GNG12,TACC3,0.8873572
145,150,GNG12,SORT1,0.8873572
145,396,GNG12,RUVBL2,0.8873572
145,450,GNG12,MAGED1,0.8873572
145,519,GNG12,AGPS,0.8873572
145,524,GNG12,TBC1D10C,0.8873572
145,595,GNG12,CSF3R,0.8873572
145,8,GNG12,ATAD1,0.8873467
145,514,GNG12,PAK1,0.8872954
145,81,GNG12,HDAC11,0.88636285
145,198,GNG12,NDN,0.8857979
145,404,GNG12,FTSJ3,0.8855358
145,33,GNG12,CSTF2,0.8854538
145,362,GNG12,PTGS1,0.88497007
145,263,GNG12,JUN,0.884927
145,140,GNG12,ANXA3,0.8849264
145,146,GNG12,SCARF1,0.8849264
145,2,GNG12,PPP1R15A,0.8849098
145,47,GNG12,FGL2,0.8849047
145,194,GNG12,GOLPH3,0.8849047
145,441,GNG12,EBF1,0.8849047
145,546,GNG12,PROCR,0.8849047
145,622,GNG12,KRT18,0.8849047
145,564,GNG12,MFNG,0.88467485
145,190,GNG12,RAD51,0.8843264
145,553,GNG12,DHFR,0.8843264
145,367,GNG12,HCFC1,0.88415396
145,394,GNG12,MAPK1,0.8838468
145,251,GNG12,IRF6,0.8836629
145,34,GNG12,MAML3,0.8834213
145,486,GNG12,NFKBIA,0.88339585
145,554,GNG12,CDT1,0.88286567
145,210,GNG12,PNO1,0.8824361
145,232,GNG12,ICAM1,0.88227135
145,464,GNG12,ZNRF2,0.88201284
489,8,GNS,ATAD1,0.90148413
489,28,GNS,NFE2,0.8983655
489,357,GNS,MEIS1,0.89649427
489,78,GNS,MECOM,0.8962374
489,504,GNS,IFI44,0.8933047
489,137,GNS,MYCN,0.89262396
489,57,GNS,OASL2,0.89194083
489,277,GNS,RTP4,0.89194053
489,183,GNS,XAF1,0.89110327
489,200,GNS,IGTP,0.89110327
489,609,GNS,UBA7,0.89110327
489,283,GNS,EGR1,0.88864714
489,518,GNS,PHF10,0.8876415
489,0,GNS,OTUD6B,0.8873572
489,128,GNS,APLP2,0.8873572
489,136,GNS,TACC3,0.8873572
489,150,GNS,SORT1,0.8873572
489,432,GNS,HDC,0.8873572
489,450,GNS,MAGED1,0.8873572
489,514,GNS,PAK1,0.8873572
489,524,GNS,TBC1D10C,0.8873572
489,519,GNS,AGPS,0.8865798
489,81,GNS,HDAC11,0.88615227
489,198,GNS,NDN,0.8857979
489,404,GNS,FTSJ3,0.8855358
489,33,GNS,CSTF2,0.8854538
489,2,GNS,PPP1R15A,0.88500047
489,47,GNS,FGL2,0.88500047
489,263,GNS,JUN,0.884927
489,140,GNS,ANXA3,0.8849047
489,146,GNS,SCARF1,0.8849047
489,194,GNS,GOLPH3,0.8849047
489,362,GNS,PTGS1,0.8849047
489,441,GNS,EBF1,0.8849047
489,546,GNS,PROCR,0.8849047
489,622,GNS,KRT18,0.8849047
489,410,GNS,SMARCA2,0.8848682
489,564,GNS,MFNG,0.88467485
489,190,GNS,RAD51,0.8843264
489,553,GNS,DHFR,0.8843264
489,367,GNS,HCFC1,0.88415396
489,394,GNS,MAPK1,0.8838468
489,595,GNS,CSF3R,0.8838291
489,251,GNS,IRF6,0.8836629
489,34,GNS,MAML3,0.8834213
489,486,GNS,NFKBIA,0.8832411
489,554,GNS,CDT1,0.88287765
489,590,GNS,IL12A,0.8825385
489,210,GNS,PNO1,0.8824361
489,232,GNS,ICAM1,0.8822789
194,410,GOLPH3,SMARCA2,0.9166429
194,554,GOLPH3,CDT1,0.91091007
194,429,GOLPH3,GFI1B,0.90947914
194,0,GOLPH3,OTUD6B,0.9080354
194,8,GOLPH3,ATAD1,0.90795124
194,128,GOLPH3,APLP2,0.90795124
194,136,GOLPH3,TACC3,0.90795124
194,150,GOLPH3,SORT1,0.90795124
194,396,GOLPH3,RUVBL2,0.90795124
194,432,GOLPH3,HDC,0.90795124
194,514,GOLPH3,PAK1,0.90795124
194,519,GOLPH3,AGPS,0.90795124
194,595,GOLPH3,CSF3R,0.90795124
194,450,GOLPH3,MAGED1,0.9078751
194,440,GOLPH3,TMEM97,0.9058867
194,464,GOLPH3,ZNRF2,0.9058867
194,81,GOLPH3,HDAC11,0.90544975
194,255,GOLPH3,CD74,0.90515256
194,289,GOLPH3,GT(ROSA)26SOR,0.90515256
194,331,GOLPH3,PIM2,0.9026736
194,210,GOLPH3,PNO1,0.9013632
194,73,GOLPH3,RORC,0.9013177
194,609,GOLPH3,UBA7,0.89707094
194,200,GOLPH3,IGTP,0.8970411
194,183,GOLPH3,XAF1,0.8969845
194,504,GOLPH3,IFI44,0.8969845
194,199,GOLPH3,E2F4,0.8964487
194,34,GOLPH3,MAML3,0.8953562
194,50,GOLPH3,NFAT5,0.8936586
194,486,GOLPH3,NFKBIA,0.89361453
194,78,GOLPH3,MECOM,0.8930187
194,209,GOLPH3,ZBTB16,0.89039624
194,177,GOLPH3,RELB,0.8898743
194,137,GOLPH3,MYCN,0.88982695
194,161,GOLPH3,JARID2,0.8895369
194,33,GOLPH3,CSTF2,0.88764197
194,524,GOLPH3,TBC1D10C,0.88677275
194,67,GOLPH3,HDAC2,0.8856012
194,357,GOLPH3,MEIS1,0.88507974
194,318,GOLPH3,GANAB,0.884229
194,367,GOLPH3,HCFC1,0.8840342
194,28,GOLPH3,NFE2,0.8838841
194,590,GOLPH3,IL12A,0.8829232
194,277,GOLPH3,RTP4,0.8822356
194,57,GOLPH3,OASL2,0.8822336
194,263,GOLPH3,JUN,0.8815182
194,475,GOLPH3,BCL2,0.8810159
194,292,GOLPH3,HDAC7,0.88005847
194,363,GOLPH3,MYC,0.8798189
194,488,GOLPH3,FGFR1OP,0.87713265
352,410,GOLT1B,SMARCA2,0.8840214
352,28,GOLT1B,NFE2,0.88265485
352,357,GOLT1B,MEIS1,0.8807794
352,128,GOLT1B,APLP2,0.879213
352,0,GOLT1B,OTUD6B,0.8791
352,8,GOLT1B,ATAD1,0.8791
352,136,GOLT1B,TACC3,0.8791
352,150,GOLT1B,SORT1,0.8791
352,396,GOLT1B,RUVBL2,0.8791
352,432,GOLT1B,HDC,0.8791
352,450,GOLT1B,MAGED1,0.8791
352,514,GOLT1B,PAK1,0.8791
352,519,GOLT1B,AGPS,0.8791
352,524,GOLT1B,TBC1D10C,0.8791
352,595,GOLT1B,CSF3R,0.8791
352,78,GOLT1B,MECOM,0.8781842
352,404,GOLT1B,FTSJ3,0.87738997
352,137,GOLT1B,MYCN,0.876909
352,622,GOLT1B,KRT18,0.8769031
352,81,GOLT1B,HDAC11,0.87494975
352,504,GOLT1B,IFI44,0.87437195
352,57,GOLT1B,OASL2,0.8741784
352,277,GOLT1B,RTP4,0.8741783
352,183,GOLT1B,XAF1,0.87414515
352,33,GOLT1B,CSTF2,0.87315226
352,554,GOLT1B,CDT1,0.8724668
352,486,GOLT1B,NFKBIA,0.8722954
352,440,GOLT1B,TMEM97,0.8722471
352,464,GOLT1B,ZNRF2,0.8722471
352,210,GOLT1B,PNO1,0.8715053
352,283,GOLT1B,EGR1,0.870289
352,518,GOLT1B,PHF10,0.8701433
352,429,GOLT1B,GFI1B,0.8697424
352,47,GOLT1B,FGL2,0.8688405
352,177,GOLT1B,RELB,0.8684865
352,367,GOLT1B,HCFC1,0.86844563
352,161,GOLT1B,JARID2,0.86833847
352,564,GOLT1B,MFNG,0.8670326
352,331,GOLT1B,PIM2,0.86629623
352,190,GOLT1B,RAD51,0.86626714
352,553,GOLT1B,DHFR,0.86626714
352,590,GOLT1B,IL12A,0.8661111
352,362,GOLT1B,PTGS1,0.8660482
352,146,GOLT1B,SCARF1,0.8657766
352,198,GOLT1B,NDN,0.8654977
352,289,GOLT1B,GT(ROSA)26SOR,0.86539656
352,255,GOLT1B,CD74,0.8653785
352,2,GOLT1B,PPP1R15A,0.8650242
352,140,GOLT1B,ANXA3,0.8650242
352,194,GOLT1B,GOLPH3,0.8650242
597,524,GPR160,TBC1D10C,0.90148413
597,28,GPR160,NFE2,0.8983655
597,357,GPR160,MEIS1,0.89649427
597,78,GPR160,MECOM,0.8962374
597,137,GPR160,MYCN,0.89262396
597,277,GPR160,RTP4,0.89194053
597,183,GPR160,XAF1,0.89110327
597,200,GPR160,IGTP,0.89110327
597,504,GPR160,IFI44,0.89110327
597,609,GPR160,UBA7,0.89110327
597,410,GPR160,SMARCA2,0.8899257
597,283,GPR160,EGR1,0.8886583
597,194,GPR160,GOLPH3,0.88852304
597,518,GPR160,PHF10,0.88764507
597,150,GPR160,SORT1,0.88736826
597,0,GPR160,OTUD6B,0.8873572
597,8,GPR160,ATAD1,0.8873572
597,128,GPR160,APLP2,0.8873572
597,450,GPR160,MAGED1,0.8873572
597,514,GPR160,PAK1,0.8873572
597,595,GPR160,CSF3R,0.8873572
597,432,GPR160,HDC,0.8873467
597,396,GPR160,RUVBL2,0.88726604
597,519,GPR160,AGPS,0.887242
597,81,GPR160,HDAC11,0.88636285
597,198,GPR160,NDN,0.8857979
597,33,GPR160,CSTF2,0.8854538
597,263,GPR160,JUN,0.884927
597,146,GPR160,SCARF1,0.8849264
597,622,GPR160,KRT18,0.8849131
597,2,GPR160,PPP1R15A,0.8849047
597,47,GPR160,FGL2,0.8849047
597,441,GPR160,EBF1,0.8849047
597,546,GPR160,PROCR,0.8849047
597,362,GPR160,PTGS1,0.8848948
597,564,GPR160,MFNG,0.88467485
597,190,GPR160,RAD51,0.8843264
597,367,GPR160,HCFC1,0.88415396
597,394,GPR160,MAPK1,0.8838468
597,486,GPR160,NFKBIA,0.8837837
597,34,GPR160,MAML3,0.8836959
597,251,GPR160,IRF6,0.8836629
597,554,GPR160,CDT1,0.88287765
597,590,GPR160,IL12A,0.88253915
597,210,GPR160,PNO1,0.8824361
597,232,GPR160,ICAM1,0.88227135
597,440,GPR160,TMEM97,0.8819445
597,464,GPR160,ZNRF2,0.88189834
597,177,GPR160,RELB,0.88179356
597,306,GPR160,MYCT1,0.88122135
93,28,GPR65,NFE2,0.8983655
93,357,GPR65,MEIS1,0.89642894
93,78,GPR65,MECOM,0.8962374
93,429,GPR65,GFI1B,0.8955829
93,137,GPR65,MYCN,0.89262396
93,57,GPR65,OASL2,0.89197755
93,277,GPR65,RTP4,0.89194053
93,183,GPR65,XAF1,0.89110327
93,200,GPR65,IGTP,0.89110327
93,504,GPR65,IFI44,0.89110327
93,609,GPR65,UBA7,0.89110327
93,410,GPR65,SMARCA2,0.8899257
93,580,GPR65,MLLT3,0.88906777
93,331,GPR65,PIM2,0.88873565
93,283,GPR65,EGR1,0.88864714
93,518,GPR65,PHF10,0.88764507
93,0,GPR65,OTUD6B,0.8873572
93,8,GPR65,ATAD1,0.8873572
93,128,GPR65,APLP2,0.8873572
93,136,GPR65,TACC3,0.8873572
93,150,GPR65,SORT1,0.8873572
93,396,GPR65,RUVBL2,0.8873572
93,450,GPR65,MAGED1,0.8873572
93,514,GPR65,PAK1,0.8873572
93,519,GPR65,AGPS,0.8873572
93,524,GPR65,TBC1D10C,0.8873572
93,595,GPR65,CSF3R,0.8873572
93,432,GPR65,HDC,0.8873564
93,81,GPR65,HDAC11,0.88636285
93,198,GPR65,NDN,0.8857787
93,404,GPR65,FTSJ3,0.8855358
93,33,GPR65,CSTF2,0.88539034
93,47,GPR65,FGL2,0.8851272
93,263,GPR65,JUN,0.884927
93,2,GPR65,PPP1R15A,0.8849047
93,146,GPR65,SCARF1,0.8849047
93,194,GPR65,GOLPH3,0.8849047
93,362,GPR65,PTGS1,0.8849047
93,441,GPR65,EBF1,0.8849047
93,546,GPR65,PROCR,0.8849047
93,622,GPR65,KRT18,0.8849047
93,564,GPR65,MFNG,0.88467485
93,190,GPR65,RAD51,0.8843264
93,553,GPR65,DHFR,0.8843264
93,367,GPR65,HCFC1,0.88415396
93,394,GPR65,MAPK1,0.8838468
93,140,GPR65,ANXA3,0.88380176
93,251,GPR65,IRF6,0.8836629
93,34,GPR65,MAML3,0.8834213
93,486,GPR65,NFKBIA,0.88339585
548,28,GRIA3,NFE2,0.8983655
548,357,GRIA3,MEIS1,0.89649427
548,78,GRIA3,MECOM,0.8962374
548,137,GRIA3,MYCN,0.89262396
548,277,GRIA3,RTP4,0.8920464
548,57,GRIA3,OASL2,0.89194083
548,183,GRIA3,XAF1,0.89110327
548,200,GRIA3,IGTP,0.89110327
548,504,GRIA3,IFI44,0.89110327
548,410,GRIA3,SMARCA2,0.8899257
548,283,GRIA3,EGR1,0.88864714
548,0,GRIA3,OTUD6B,0.8873572
548,8,GRIA3,ATAD1,0.8873572
548,128,GRIA3,APLP2,0.8873572
548,136,GRIA3,TACC3,0.8873572
548,150,GRIA3,SORT1,0.8873572
548,432,GRIA3,HDC,0.8873572
548,450,GRIA3,MAGED1,0.8873572
548,514,GRIA3,PAK1,0.8873572
548,595,GRIA3,CSF3R,0.8873572
548,519,GRIA3,AGPS,0.8873564
548,81,GRIA3,HDAC11,0.88636285
548,198,GRIA3,NDN,0.8857979
548,404,GRIA3,FTSJ3,0.8855358
548,33,GRIA3,CSTF2,0.8854538
548,362,GRIA3,PTGS1,0.88500655
548,263,GRIA3,JUN,0.884927
548,622,GRIA3,KRT18,0.88491666
548,2,GRIA3,PPP1R15A,0.8849047
548,47,GRIA3,FGL2,0.8849047
548,140,GRIA3,ANXA3,0.8849047
548,194,GRIA3,GOLPH3,0.8849047
548,441,GRIA3,EBF1,0.8849047
548,546,GRIA3,PROCR,0.8849047
548,564,GRIA3,MFNG,0.88467485
548,190,GRIA3,RAD51,0.8843264
548,553,GRIA3,DHFR,0.8843264
548,367,GRIA3,HCFC1,0.88415396
548,518,GRIA3,PHF10,0.88394666
548,394,GRIA3,MAPK1,0.8838468
548,524,GRIA3,TBC1D10C,0.8838286
548,251,GRIA3,IRF6,0.8836629
548,34,GRIA3,MAML3,0.8834213
548,486,GRIA3,NFKBIA,0.88339585
548,554,GRIA3,CDT1,0.88287765
548,590,GRIA3,IL12A,0.88253915
548,232,GRIA3,ICAM1,0.88227135
548,440,GRIA3,TMEM97,0.8819445
548,464,GRIA3,ZNRF2,0.8818475
548,177,GRIA3,RELB,0.8816551
253,410,GRINA,SMARCA2,0.908673
253,554,GRINA,CDT1,0.9046022
253,136,GRINA,TACC3,0.9042267
253,396,GRINA,RUVBL2,0.90420157
253,128,GRINA,APLP2,0.9041819
253,150,GRINA,SORT1,0.9041819
253,432,GRINA,HDC,0.9041819
253,450,GRINA,MAGED1,0.9041819
253,519,GRINA,AGPS,0.9041819
253,524,GRINA,TBC1D10C,0.9041819
253,595,GRINA,CSF3R,0.9041819
253,210,GRINA,PNO1,0.90353745
253,440,GRINA,TMEM97,0.9031522
253,464,GRINA,ZNRF2,0.9031522
253,429,GRINA,GFI1B,0.9027679
253,161,GRINA,JARID2,0.8992252
253,28,GRINA,NFE2,0.898267
253,292,GRINA,HDAC7,0.897564
253,331,GRINA,PIM2,0.89645994
253,78,GRINA,MECOM,0.8962374
253,404,GRINA,FTSJ3,0.89515984
253,255,GRINA,CD74,0.8938483
253,289,GRINA,GT(ROSA)26SOR,0.8938483
253,486,GRINA,NFKBIA,0.89302754
253,199,GRINA,E2F4,0.89216936
253,57,GRINA,OASL2,0.89194083
253,209,GRINA,ZBTB16,0.891019
253,177,GRINA,RELB,0.88919926
253,488,GRINA,FGFR1OP,0.8884229
253,8,GRINA,ATAD1,0.8873572
253,0,GRINA,OTUD6B,0.8872829
253,81,GRINA,HDAC11,0.88636285
253,351,GRINA,ERCC8,0.8857256
253,318,GRINA,GANAB,0.8855446
253,33,GRINA,CSTF2,0.8854538
253,439,GRINA,DDX20,0.8849971
253,2,GRINA,PPP1R15A,0.8849424
253,47,GRINA,FGL2,0.8849047
253,363,GRINA,MYC,0.8826947
253,475,GRINA,BCL2,0.88054556
253,367,GRINA,HCFC1,0.8796904
253,357,GRINA,MEIS1,0.8796279
253,186,GRINA,STT3B,0.8793504
253,165,GRINA,GTF2H1,0.87876546
253,426,GRINA,PRPF4,0.8777604
253,73,GRINA,RORC,0.8765409
253,64,GRINA,IRF9,0.8753669
253,590,GRINA,IL12A,0.87502366
253,67,GRINA,HDAC2,0.87491274
253,402,GRINA,EIF1AD,0.8743014
586,150,GRK3,SORT1,0.90148413
586,28,GRK3,NFE2,0.89850396
586,357,GRK3,MEIS1,0.89649427
586,78,GRK3,MECOM,0.8962374
586,622,GRK3,KRT18,0.8935833
586,137,GRK3,MYCN,0.89262396
586,277,GRK3,RTP4,0.89194053
586,57,GRK3,OASL2,0.8918813
586,200,GRK3,IGTP,0.8912226
586,504,GRK3,IFI44,0.89111525
586,183,GRK3,XAF1,0.89110327
586,410,GRK3,SMARCA2,0.8899257
586,283,GRK3,EGR1,0.88864714
586,518,GRK3,PHF10,0.8875007
586,0,GRK3,OTUD6B,0.8873572
586,8,GRK3,ATAD1,0.8873572
586,128,GRK3,APLP2,0.8873572
586,136,GRK3,TACC3,0.8873572
586,396,GRK3,RUVBL2,0.8873572
586,432,GRK3,HDC,0.8873572
586,514,GRK3,PAK1,0.8873572
586,519,GRK3,AGPS,0.8873572
586,524,GRK3,TBC1D10C,0.8873572
586,595,GRK3,CSF3R,0.8873572
586,81,GRK3,HDAC11,0.88636285
586,198,GRK3,NDN,0.8857979
586,404,GRK3,FTSJ3,0.8855358
586,33,GRK3,CSTF2,0.8854538
586,263,GRK3,JUN,0.884927
586,2,GRK3,PPP1R15A,0.8849047
586,47,GRK3,FGL2,0.8849047
586,140,GRK3,ANXA3,0.8849047
586,146,GRK3,SCARF1,0.8849047
586,194,GRK3,GOLPH3,0.8849047
586,362,GRK3,PTGS1,0.8849047
586,441,GRK3,EBF1,0.8849047
586,546,GRK3,PROCR,0.8848948
586,564,GRK3,MFNG,0.88467485
586,190,GRK3,RAD51,0.8843264
586,553,GRK3,DHFR,0.8843264
586,367,GRK3,HCFC1,0.88415396
586,394,GRK3,MAPK1,0.8838468
586,251,GRK3,IRF6,0.8836629
586,34,GRK3,MAML3,0.8834087
586,486,GRK3,NFKBIA,0.88339585
586,554,GRK3,CDT1,0.88287765
586,590,GRK3,IL12A,0.88253915
586,210,GRK3,PNO1,0.8824361
586,232,GRK3,ICAM1,0.88227135
586,440,GRK3,TMEM97,0.88201267
291,28,GSR,NFE2,0.89837444
291,357,GSR,MEIS1,0.8965036
291,78,GSR,MECOM,0.8962467
291,504,GSR,IFI44,0.8931516
291,137,GSR,MYCN,0.89263034
291,57,GSR,OASL2,0.8919511
291,200,GSR,IGTP,0.89114434
291,183,GSR,XAF1,0.89114404
291,609,GSR,UBA7,0.8911128
291,289,GSR,GT(ROSA)26SOR,0.8910497
291,410,GSR,SMARCA2,0.88992816
291,283,GSR,EGR1,0.8886575
291,518,GSR,PHF10,0.88765275
291,514,GSR,PAK1,0.8874222
291,432,GSR,HDC,0.88741285
291,0,GSR,OTUD6B,0.88735664
291,8,GSR,ATAD1,0.88735664
291,128,GSR,APLP2,0.88735664
291,136,GSR,TACC3,0.88735664
291,150,GSR,SORT1,0.88735664
291,450,GSR,MAGED1,0.88735664
291,524,GSR,TBC1D10C,0.88735664
291,595,GSR,CSF3R,0.88735664
291,519,GSR,AGPS,0.88725245
291,81,GSR,HDAC11,0.88636285
291,198,GSR,NDN,0.88581866
291,404,GSR,FTSJ3,0.8855354
291,33,GSR,CSTF2,0.88546
291,622,GSR,KRT18,0.8849535
291,263,GSR,JUN,0.88493776
291,2,GSR,PPP1R15A,0.8849157
291,47,GSR,FGL2,0.8849157
291,140,GSR,ANXA3,0.8849157
291,146,GSR,SCARF1,0.8849157
291,194,GSR,GOLPH3,0.8849157
291,362,GSR,PTGS1,0.8849157
291,546,GSR,PROCR,0.8849157
291,441,GSR,EBF1,0.88478875
291,564,GSR,MFNG,0.88467234
291,553,GSR,DHFR,0.88434654
291,190,GSR,RAD51,0.88433665
291,394,GSR,MAPK1,0.8838582
291,251,GSR,IRF6,0.8836737
291,34,GSR,MAML3,0.8834212
291,486,GSR,NFKBIA,0.8834018
291,554,GSR,CDT1,0.8828772
291,210,GSR,PNO1,0.88243943
291,232,GSR,ICAM1,0.88231814
291,440,GSR,TMEM97,0.88194716
291,464,GSR,ZNRF2,0.88194716
289,34,GT(ROSA)26SOR,MAML3,0.9135627
289,81,GT(ROSA)26SOR,HDAC11,0.90785784
289,292,GT(ROSA)26SOR,HDAC7,0.90491724
289,209,GT(ROSA)26SOR,ZBTB16,0.9031819
289,514,GT(ROSA)26SOR,PAK1,0.89909446
289,0,GT(ROSA)26SOR,OTUD6B,0.899044
289,8,GT(ROSA)26SOR,ATAD1,0.899044
289,128,GT(ROSA)26SOR,APLP2,0.899044
289,136,GT(ROSA)26SOR,TACC3,0.899044
289,150,GT(ROSA)26SOR,SORT1,0.899044
289,450,GT(ROSA)26SOR,MAGED1,0.899044
289,524,GT(ROSA)26SOR,TBC1D10C,0.899044
289,595,GT(ROSA)26SOR,CSF3R,0.899044
289,432,GT(ROSA)26SOR,HDC,0.8989075
289,519,GT(ROSA)26SOR,AGPS,0.8988009
289,554,GT(ROSA)26SOR,CDT1,0.89406085
289,439,GT(ROSA)26SOR,DDX20,0.891302
289,404,GT(ROSA)26SOR,FTSJ3,0.89100236
289,186,GT(ROSA)26SOR,STT3B,0.888541
289,396,GT(ROSA)26SOR,RUVBL2,0.8867025
289,331,GT(ROSA)26SOR,PIM2,0.88558626
289,410,GT(ROSA)26SOR,SMARCA2,0.8838205
289,351,GT(ROSA)26SOR,ERCC8,0.8824662
289,82,GT(ROSA)26SOR,RB1,0.8818021
289,199,GT(ROSA)26SOR,E2F4,0.8755742
289,429,GT(ROSA)26SOR,GFI1B,0.8754589
289,161,GT(ROSA)26SOR,JARID2,0.8660923
289,255,GT(ROSA)26SOR,CD74,0.85996336
289,440,GT(ROSA)26SOR,TMEM97,0.85890085
289,464,GT(ROSA)26SOR,ZNRF2,0.85890085
289,206,GT(ROSA)26SOR,ZDHHC6,0.85840243
289,91,GT(ROSA)26SOR,FCHO2,0.85237813
289,537,GT(ROSA)26SOR,TXNDC11,0.85237813
289,611,GT(ROSA)26SOR,ZEB2,0.85237813
289,73,GT(ROSA)26SOR,RORC,0.8482391
289,402,GT(ROSA)26SOR,EIF1AD,0.84730095
289,210,GT(ROSA)26SOR,PNO1,0.84604234
289,534,GT(ROSA)26SOR,MORC3,0.84427685
289,486,GT(ROSA)26SOR,NFKBIA,0.8416488
289,504,GT(ROSA)26SOR,IFI44,0.83665913
289,50,GT(ROSA)26SOR,NFAT5,0.8356126
289,33,GT(ROSA)26SOR,CSTF2,0.8331967
289,183,GT(ROSA)26SOR,XAF1,0.8303322
289,200,GT(ROSA)26SOR,IGTP,0.83012784
289,609,GT(ROSA)26SOR,UBA7,0.82989234
289,363,GT(ROSA)26SOR,MYC,0.81634986
289,177,GT(ROSA)26SOR,RELB,0.814437
289,216,GT(ROSA)26SOR,CUL3,0.8070797
289,28,GT(ROSA)26SOR,NFE2,0.8045972
289,277,GT(ROSA)26SOR,RTP4,0.799784
575,404,GTF2F1,FTSJ3,0.9242316
575,554,GTF2F1,CDT1,0.9233433
575,81,GTF2F1,HDAC11,0.92104924
575,410,GTF2F1,SMARCA2,0.91880745
575,150,GTF2F1,SORT1,0.9187076
575,0,GTF2F1,OTUD6B,0.91866636
575,8,GTF2F1,ATAD1,0.91866636
575,128,GTF2F1,APLP2,0.91866636
575,136,GTF2F1,TACC3,0.91866636
575,432,GTF2F1,HDC,0.91866636
575,450,GTF2F1,MAGED1,0.91866636
575,514,GTF2F1,PAK1,0.91866636
575,519,GTF2F1,AGPS,0.91866636
575,524,GTF2F1,TBC1D10C,0.91866636
575,595,GTF2F1,CSF3R,0.91866636
575,396,GTF2F1,RUVBL2,0.9185752
575,34,GTF2F1,MAML3,0.9159344
575,331,GTF2F1,PIM2,0.9145951
575,429,GTF2F1,GFI1B,0.91294104
575,440,GTF2F1,TMEM97,0.91026723
575,464,GTF2F1,ZNRF2,0.91026723
575,161,GTF2F1,JARID2,0.9080877
575,210,GTF2F1,PNO1,0.90750176
575,209,GTF2F1,ZBTB16,0.90636015
575,289,GTF2F1,GT(ROSA)26SOR,0.9063396
575,186,GTF2F1,STT3B,0.90412146
575,351,GTF2F1,ERCC8,0.9033486
575,200,GTF2F1,IGTP,0.9012233
575,504,GTF2F1,IFI44,0.9011562
575,183,GTF2F1,XAF1,0.90098304
575,402,GTF2F1,EIF1AD,0.90034914
575,475,GTF2F1,BCL2,0.8988437
575,292,GTF2F1,HDAC7,0.89791304
575,73,GTF2F1,RORC,0.897862
575,486,GTF2F1,NFKBIA,0.8945327
575,50,GTF2F1,NFAT5,0.8941174
575,33,GTF2F1,CSTF2,0.888629
575,590,GTF2F1,IL12A,0.8834799
575,177,GTF2F1,RELB,0.8833545
575,439,GTF2F1,DDX20,0.883305
575,67,GTF2F1,HDAC2,0.88100463
575,318,GTF2F1,GANAB,0.8807745
575,277,GTF2F1,RTP4,0.88029194
575,57,GTF2F1,OASL2,0.8802881
575,363,GTF2F1,MYC,0.879216
575,357,GTF2F1,MEIS1,0.878298
575,137,GTF2F1,MYCN,0.87689674
575,78,GTF2F1,MECOM,0.87674147
575,165,GTF2F1,GTF2H1,0.8766069
575,367,GTF2F1,HCFC1,0.8733343
165,34,GTF2H1,MAML3,0.93403673
165,292,GTF2H1,HDAC7,0.9293736
165,439,GTF2H1,DDX20,0.92745256
165,81,GTF2H1,HDAC11,0.9242383
165,186,GTF2H1,STT3B,0.9150822
165,475,GTF2H1,BCL2,0.9149714
165,82,GTF2H1,RB1,0.9146861
165,432,GTF2H1,HDC,0.9065313
165,150,GTF2H1,SORT1,0.90647143
165,0,GTF2H1,OTUD6B,0.90636116
165,8,GTF2H1,ATAD1,0.90636116
165,136,GTF2H1,TACC3,0.90636116
165,396,GTF2H1,RUVBL2,0.90636116
165,450,GTF2H1,MAGED1,0.90636116
165,514,GTF2H1,PAK1,0.90636116
165,519,GTF2H1,AGPS,0.90636116
165,524,GTF2H1,TBC1D10C,0.90636116
165,128,GTF2H1,APLP2,0.9063469
165,595,GTF2H1,CSF3R,0.9062846
165,554,GTF2H1,CDT1,0.904868
165,404,GTF2H1,FTSJ3,0.90244305
165,331,GTF2H1,PIM2,0.8986461
165,206,GTF2H1,ZDHHC6,0.8946334
165,351,GTF2H1,ERCC8,0.8921253
165,410,GTF2H1,SMARCA2,0.8918974
165,91,GTF2H1,FCHO2,0.8892124
165,537,GTF2H1,TXNDC11,0.8892124
165,611,GTF2H1,ZEB2,0.8892124
165,199,GTF2H1,E2F4,0.8878821
165,429,GTF2H1,GFI1B,0.88721144
165,209,GTF2H1,ZBTB16,0.88403445
165,161,GTF2H1,JARID2,0.8743155
165,440,GTF2H1,TMEM97,0.8665527
165,255,GTF2H1,CD74,0.86616534
165,289,GTF2H1,GT(ROSA)26SOR,0.86615723
165,402,GTF2H1,EIF1AD,0.8611195
165,464,GTF2H1,ZNRF2,0.8569249
165,73,GTF2H1,RORC,0.85386163
165,534,GTF2H1,MORC3,0.8517811
165,210,GTF2H1,PNO1,0.84907347
165,226,GTF2H1,POLR2B,0.84269965
165,486,GTF2H1,NFKBIA,0.8412137
165,50,GTF2H1,NFAT5,0.8377563
165,621,GTF2H1,SNRPB,0.8321089
165,216,GTF2H1,CUL3,0.82135534
165,177,GTF2H1,RELB,0.81403476
165,183,GTF2H1,XAF1,0.81376195
165,200,GTF2H1,IGTP,0.81376195
165,504,GTF2H1,IFI44,0.81376195
165,363,GTF2H1,MYC,0.8123026
618,410,GUSB,SMARCA2,0.8950976
618,81,GUSB,HDAC11,0.8931013
618,34,GUSB,MAML3,0.89303344
618,292,GUSB,HDAC7,0.8925498
618,28,GUSB,NFE2,0.89151555
618,136,GUSB,TACC3,0.8914162
618,396,GUSB,RUVBL2,0.8913977
618,0,GUSB,OTUD6B,0.8913623
618,8,GUSB,ATAD1,0.8913623
618,128,GUSB,APLP2,0.8913623
618,150,GUSB,SORT1,0.8913623
618,432,GUSB,HDC,0.8913623
618,450,GUSB,MAGED1,0.8913623
618,514,GUSB,PAK1,0.8913623
618,519,GUSB,AGPS,0.8913623
618,524,GUSB,TBC1D10C,0.8913623
618,595,GUSB,CSF3R,0.8913623
618,404,GUSB,FTSJ3,0.8912037
618,210,GUSB,PNO1,0.89058566
618,440,GUSB,TMEM97,0.88928276
618,464,GUSB,ZNRF2,0.88928276
618,357,GUSB,MEIS1,0.88913405
618,367,GUSB,HCFC1,0.8888403
618,33,GUSB,CSTF2,0.8881325
618,78,GUSB,MECOM,0.88805014
618,137,GUSB,MYCN,0.88802546
618,554,GUSB,CDT1,0.8877453
618,429,GUSB,GFI1B,0.8875053
618,518,GUSB,PHF10,0.8870721
618,161,GUSB,JARID2,0.8849637
618,277,GUSB,RTP4,0.8839014
618,486,GUSB,NFKBIA,0.883349
618,177,GUSB,RELB,0.88283193
618,183,GUSB,XAF1,0.8823561
618,609,GUSB,UBA7,0.8823561
618,200,GUSB,IGTP,0.882346
618,504,GUSB,IFI44,0.88232565
618,73,GUSB,RORC,0.8822483
618,564,GUSB,MFNG,0.8814345
618,488,GUSB,FGFR1OP,0.88117826
618,199,GUSB,E2F4,0.88114685
618,331,GUSB,PIM2,0.8805234
618,255,GUSB,CD74,0.87965757
618,289,GUSB,GT(ROSA)26SOR,0.87965757
618,274,GUSB,NOP2,0.87965626
618,427,GUSB,ST8SIA4,0.879071
618,439,GUSB,DDX20,0.879043
618,318,GUSB,GANAB,0.8782862
618,232,GUSB,ICAM1,0.8775338
618,347,GUSB,RNF4,0.8775338
517,410,H1F0,SMARCA2,0.87192637
517,450,H1F0,MAGED1,0.8683447
517,0,H1F0,OTUD6B,0.85654676
517,150,H1F0,SORT1,0.85654676
517,514,H1F0,PAK1,0.85654676
517,519,H1F0,AGPS,0.85654676
517,524,H1F0,TBC1D10C,0.85654676
517,595,H1F0,CSF3R,0.85654676
517,432,H1F0,HDC,0.85639757
517,396,H1F0,RUVBL2,0.85630697
517,50,H1F0,NFAT5,0.85623133
517,161,H1F0,JARID2,0.85297334
517,440,H1F0,TMEM97,0.8499092
517,464,H1F0,ZNRF2,0.8499092
517,255,H1F0,CD74,0.848719
517,289,H1F0,GT(ROSA)26SOR,0.848719
517,177,H1F0,RELB,0.84818894
517,429,H1F0,GFI1B,0.8474622
517,73,H1F0,RORC,0.8471307
517,486,H1F0,NFKBIA,0.84529084
517,28,H1F0,NFE2,0.84417266
517,357,H1F0,MEIS1,0.8431784
517,554,H1F0,CDT1,0.84048545
517,590,H1F0,IL12A,0.8402909
517,78,H1F0,MECOM,0.8401234
517,367,H1F0,HCFC1,0.83544034
517,318,H1F0,GANAB,0.8353483
517,183,H1F0,XAF1,0.83087194
517,200,H1F0,IGTP,0.83087194
517,609,H1F0,UBA7,0.83087194
517,283,H1F0,EGR1,0.8298482
517,363,H1F0,MYC,0.8285704
517,128,H1F0,APLP2,0.8281407
517,331,H1F0,PIM2,0.82806075
517,33,H1F0,CSTF2,0.8263906
517,8,H1F0,ATAD1,0.82597345
517,81,H1F0,HDAC11,0.8250305
517,404,H1F0,FTSJ3,0.82484
517,277,H1F0,RTP4,0.82321703
517,57,H1F0,OASL2,0.82321584
517,263,H1F0,JUN,0.8224501
517,606,H1F0,ELP2,0.8198456
517,559,H1F0,RUNX1T1,0.8187313
517,210,H1F0,PNO1,0.8180991
517,209,H1F0,ZBTB16,0.81517446
517,546,H1F0,PROCR,0.81325775
517,194,H1F0,GOLPH3,0.8131998
517,47,H1F0,FGL2,0.8131918
517,140,H1F0,ANXA3,0.8131918
517,146,H1F0,SCARF1,0.8131918
109,410,H2-AA,SMARCA2,0.8990534
109,396,H2-AA,RUVBL2,0.8968442
109,595,H2-AA,CSF3R,0.896759
109,0,H2-AA,OTUD6B,0.89675725
109,8,H2-AA,ATAD1,0.89675725
109,128,H2-AA,APLP2,0.89675725
109,136,H2-AA,TACC3,0.89675725
109,432,H2-AA,HDC,0.89675725
109,450,H2-AA,MAGED1,0.89675725
109,514,H2-AA,PAK1,0.89675725
109,519,H2-AA,AGPS,0.89675725
109,524,H2-AA,TBC1D10C,0.89675725
109,150,H2-AA,SORT1,0.89668834
109,81,H2-AA,HDAC11,0.89618206
109,554,H2-AA,CDT1,0.8957532
109,34,H2-AA,MAML3,0.88972986
109,429,H2-AA,GFI1B,0.88917285
109,331,H2-AA,PIM2,0.888134
109,209,H2-AA,ZBTB16,0.88395727
109,440,H2-AA,TMEM97,0.87981945
109,464,H2-AA,ZNRF2,0.87981945
109,255,H2-AA,CD74,0.87927324
109,183,H2-AA,XAF1,0.87916213
109,200,H2-AA,IGTP,0.87916213
109,504,H2-AA,IFI44,0.87916213
109,609,H2-AA,UBA7,0.87916213
109,289,H2-AA,GT(ROSA)26SOR,0.87909716
109,73,H2-AA,RORC,0.8790254
109,161,H2-AA,JARID2,0.875357
109,137,H2-AA,MYCN,0.87450325
109,50,H2-AA,NFAT5,0.8719849
109,199,H2-AA,E2F4,0.8715001
109,292,H2-AA,HDAC7,0.87043804
109,486,H2-AA,NFKBIA,0.8704055
109,210,H2-AA,PNO1,0.8703963
109,475,H2-AA,BCL2,0.86923003
109,78,H2-AA,MECOM,0.86716187
109,404,H2-AA,FTSJ3,0.86662793
109,177,H2-AA,RELB,0.86650795
109,357,H2-AA,MEIS1,0.86114895
109,351,H2-AA,ERCC8,0.8608318
109,367,H2-AA,HCFC1,0.8587249
109,590,H2-AA,IL12A,0.8586698
109,318,H2-AA,GANAB,0.85854745
109,277,H2-AA,RTP4,0.85541785
109,57,H2-AA,OASL2,0.8554156
109,33,H2-AA,CSTF2,0.8521464
109,580,H2-AA,MLLT3,0.85160214
109,186,H2-AA,STT3B,0.85069233
109,28,H2-AA,NFE2,0.8506237
286,28,H2-OB,NFE2,0.8983655
286,357,H2-OB,MEIS1,0.89649427
286,78,H2-OB,MECOM,0.8962374
286,504,H2-OB,IFI44,0.89314204
286,137,H2-OB,MYCN,0.89262396
286,57,H2-OB,OASL2,0.89194083
286,200,H2-OB,IGTP,0.89113486
286,183,H2-OB,XAF1,0.89113456
286,609,H2-OB,UBA7,0.89110327
286,289,H2-OB,GT(ROSA)26SOR,0.89104635
286,410,H2-OB,SMARCA2,0.8899257
286,283,H2-OB,EGR1,0.88864714
286,518,H2-OB,PHF10,0.88764507
286,514,H2-OB,PAK1,0.8874228
286,432,H2-OB,HDC,0.8874134
286,0,H2-OB,OTUD6B,0.8873572
286,8,H2-OB,ATAD1,0.8873572
286,128,H2-OB,APLP2,0.8873572
286,136,H2-OB,TACC3,0.8873572
286,150,H2-OB,SORT1,0.8873572
286,450,H2-OB,MAGED1,0.8873572
286,524,H2-OB,TBC1D10C,0.8873572
286,595,H2-OB,CSF3R,0.8873572
286,519,H2-OB,AGPS,0.887253
286,81,H2-OB,HDAC11,0.88636285
286,198,H2-OB,NDN,0.8857979
286,404,H2-OB,FTSJ3,0.8855358
286,33,H2-OB,CSTF2,0.8854538
286,622,H2-OB,KRT18,0.8849424
286,263,H2-OB,JUN,0.884927
286,2,H2-OB,PPP1R15A,0.8849047
286,47,H2-OB,FGL2,0.8849047
286,140,H2-OB,ANXA3,0.8849047
286,146,H2-OB,SCARF1,0.8849047
286,194,H2-OB,GOLPH3,0.8849047
286,362,H2-OB,PTGS1,0.8849047
286,546,H2-OB,PROCR,0.8849047
286,441,H2-OB,EBF1,0.88477767
286,564,H2-OB,MFNG,0.884665
286,553,H2-OB,DHFR,0.8843264
286,190,H2-OB,RAD51,0.8843165
286,394,H2-OB,MAPK1,0.8838468
286,251,H2-OB,IRF6,0.8836629
286,34,H2-OB,MAML3,0.8834213
286,486,H2-OB,NFKBIA,0.88339585
286,554,H2-OB,CDT1,0.88287765
286,210,H2-OB,PNO1,0.8824361
286,232,H2-OB,ICAM1,0.8823109
286,440,H2-OB,TMEM97,0.8819445
286,464,H2-OB,ZNRF2,0.8819445
242,28,HACD3,NFE2,0.8984156
242,357,HACD3,MEIS1,0.8964843
242,78,HACD3,MECOM,0.8962374
242,57,HACD3,OASL2,0.89194083
242,277,HACD3,RTP4,0.89194053
242,183,HACD3,XAF1,0.89110327
242,200,HACD3,IGTP,0.89110327
242,504,HACD3,IFI44,0.89110327
242,410,HACD3,SMARCA2,0.8899257
242,283,HACD3,EGR1,0.88864714
242,518,HACD3,PHF10,0.88764507
242,137,HACD3,MYCN,0.88756967
242,0,HACD3,OTUD6B,0.8873572
242,8,HACD3,ATAD1,0.8873572
242,128,HACD3,APLP2,0.8873572
242,136,HACD3,TACC3,0.8873572
242,432,HACD3,HDC,0.8873572
242,450,HACD3,MAGED1,0.8873572
242,514,HACD3,PAK1,0.8873572
242,519,HACD3,AGPS,0.8873572
242,524,HACD3,TBC1D10C,0.8873572
242,150,HACD3,SORT1,0.88726604
242,81,HACD3,HDAC11,0.88636285
242,198,HACD3,NDN,0.8857979
242,362,HACD3,PTGS1,0.88569635
242,404,HACD3,FTSJ3,0.8855358
242,33,HACD3,CSTF2,0.88551617
242,263,HACD3,JUN,0.8849929
242,2,HACD3,PPP1R15A,0.8849047
242,47,HACD3,FGL2,0.8849047
242,140,HACD3,ANXA3,0.8849047
242,146,HACD3,SCARF1,0.8849047
242,194,HACD3,GOLPH3,0.8849047
242,441,HACD3,EBF1,0.8849047
242,546,HACD3,PROCR,0.8849047
242,564,HACD3,MFNG,0.88467485
242,595,HACD3,CSF3R,0.88435096
242,190,HACD3,RAD51,0.8843264
242,553,HACD3,DHFR,0.8843264
242,367,HACD3,HCFC1,0.88415396
242,622,HACD3,KRT18,0.88380176
242,251,HACD3,IRF6,0.8836629
242,34,HACD3,MAML3,0.8834213
242,486,HACD3,NFKBIA,0.88339585
242,554,HACD3,CDT1,0.88287765
242,590,HACD3,IL12A,0.88253915
242,210,HACD3,PNO1,0.8824361
242,232,HACD3,ICAM1,0.88231534
242,631,HACD3,ZFP36,0.88201386
242,464,HACD3,ZNRF2,0.8819445
5,128,HACD4,APLP2,0.901884
5,28,HACD4,NFE2,0.8983655
5,357,HACD4,MEIS1,0.89649427
5,78,HACD4,MECOM,0.8962374
5,137,HACD4,MYCN,0.89262396
5,57,HACD4,OASL2,0.89194083
5,277,HACD4,RTP4,0.89194053
5,200,HACD4,IGTP,0.89113486
5,183,HACD4,XAF1,0.89111525
5,609,HACD4,UBA7,0.89110327
5,504,HACD4,IFI44,0.8910972
5,410,HACD4,SMARCA2,0.8899257
5,283,HACD4,EGR1,0.88864714
5,518,HACD4,PHF10,0.8876483
5,0,HACD4,OTUD6B,0.8873572
5,136,HACD4,TACC3,0.8873572
5,150,HACD4,SORT1,0.8873572
5,396,HACD4,RUVBL2,0.8873572
5,432,HACD4,HDC,0.8873572
5,450,HACD4,MAGED1,0.8873572
5,514,HACD4,PAK1,0.8873572
5,519,HACD4,AGPS,0.8873572
5,595,HACD4,CSF3R,0.8873572
5,8,HACD4,ATAD1,0.8872954
5,81,HACD4,HDAC11,0.88629526
5,198,HACD4,NDN,0.8857979
5,404,HACD4,FTSJ3,0.8855358
5,33,HACD4,CSTF2,0.8854538
5,263,HACD4,JUN,0.884927
5,2,HACD4,PPP1R15A,0.8849047
5,47,HACD4,FGL2,0.8849047
5,140,HACD4,ANXA3,0.8849047
5,146,HACD4,SCARF1,0.8849047
5,194,HACD4,GOLPH3,0.8849047
5,362,HACD4,PTGS1,0.8849047
5,441,HACD4,EBF1,0.8849047
5,546,HACD4,PROCR,0.8849047
5,622,HACD4,KRT18,0.8849047
5,564,HACD4,MFNG,0.88467485
5,190,HACD4,RAD51,0.8843264
5,367,HACD4,HCFC1,0.88403964
5,394,HACD4,MAPK1,0.8838468
5,251,HACD4,IRF6,0.8836629
5,34,HACD4,MAML3,0.8834213
5,486,HACD4,NFKBIA,0.88339585
5,553,HACD4,DHFR,0.8830442
5,554,HACD4,CDT1,0.88287765
5,590,HACD4,IL12A,0.88253915
5,210,HACD4,PNO1,0.8823255
5,232,HACD4,ICAM1,0.88227135
367,410,HCFC1,SMARCA2,0.92149603
367,554,HCFC1,CDT1,0.9192466
367,81,HCFC1,HDAC11,0.9188762
367,404,HCFC1,FTSJ3,0.9187013
367,0,HCFC1,OTUD6B,0.91571355
367,8,HCFC1,ATAD1,0.91571355
367,128,HCFC1,APLP2,0.91571355
367,150,HCFC1,SORT1,0.91571355
367,396,HCFC1,RUVBL2,0.91571355
367,432,HCFC1,HDC,0.91571355
367,514,HCFC1,PAK1,0.91571355
367,519,HCFC1,AGPS,0.91571355
367,524,HCFC1,TBC1D10C,0.91571355
367,450,HCFC1,MAGED1,0.91566044
367,440,HCFC1,TMEM97,0.9143464
367,464,HCFC1,ZNRF2,0.9143464
367,199,HCFC1,E2F4,0.91368115
367,161,HCFC1,JARID2,0.91268826
367,331,HCFC1,PIM2,0.9111501
367,289,HCFC1,GT(ROSA)26SOR,0.91091967
367,255,HCFC1,CD74,0.910845
367,210,HCFC1,PNO1,0.9107635
367,73,HCFC1,RORC,0.9080068
367,595,HCFC1,CSF3R,0.9074292
367,183,HCFC1,XAF1,0.90670276
367,200,HCFC1,IGTP,0.90670276
367,504,HCFC1,IFI44,0.90670276
367,609,HCFC1,UBA7,0.90670276
367,209,HCFC1,ZBTB16,0.9062814
367,429,HCFC1,GFI1B,0.9059189
367,34,HCFC1,MAML3,0.9058887
367,137,HCFC1,MYCN,0.9023643
367,78,HCFC1,MECOM,0.90153575
367,50,HCFC1,NFAT5,0.9008322
367,486,HCFC1,NFKBIA,0.90018547
367,351,HCFC1,ERCC8,0.8988744
367,177,HCFC1,RELB,0.8968965
367,33,HCFC1,CSTF2,0.8949176
367,67,HCFC1,HDAC2,0.89486265
367,402,HCFC1,EIF1AD,0.89445466
367,318,HCFC1,GANAB,0.89363426
367,475,HCFC1,BCL2,0.8936217
367,590,HCFC1,IL12A,0.89249575
367,357,HCFC1,MEIS1,0.8916357
367,28,HCFC1,NFE2,0.8910703
367,277,HCFC1,RTP4,0.89020836
367,57,HCFC1,OASL2,0.89020646
367,363,HCFC1,MYC,0.8894817
367,186,HCFC1,STT3B,0.8891804
367,580,HCFC1,MLLT3,0.88725007
81,439,HDAC11,DDX20,0.94147044
81,292,HDAC11,HDAC7,0.9367553
81,82,HDAC11,RB1,0.9327775
81,537,HDAC11,TXNDC11,0.9284849
81,91,HDAC11,FCHO2,0.9284749
81,611,HDAC11,ZEB2,0.9284749
81,500,HDAC11,MCM3,0.928149
81,34,HDAC11,MAML3,0.9250357
81,226,HDAC11,POLR2B,0.9111597
81,475,HDAC11,BCL2,0.90987116
81,206,HDAC11,ZDHHC6,0.908989
81,136,HDAC11,TACC3,0.8982521
81,209,HDAC11,ZBTB16,0.8923647
81,534,HDAC11,MORC3,0.8909787
81,299,HDAC11,ORC2,0.8907989
81,189,HDAC11,MCM5,0.8822429
81,74,HDAC11,TOP2A,0.879662
81,290,HDAC11,POLD1,0.87951076
81,186,HDAC11,STT3B,0.8792823
81,86,HDAC11,RANGAP1,0.87867606
81,21,HDAC11,RRM1,0.87499684
81,396,HDAC11,RUVBL2,0.8748293
81,351,HDAC11,ERCC8,0.86906445
81,279,HDAC11,AURKB,0.8687677
81,595,HDAC11,CSF3R,0.8677442
81,0,HDAC11,OTUD6B,0.86756945
81,8,HDAC11,ATAD1,0.86756945
81,128,HDAC11,APLP2,0.86756945
81,150,HDAC11,SORT1,0.86756945
81,432,HDAC11,HDC,0.86756945
81,519,HDAC11,AGPS,0.86756945
81,514,HDAC11,PAK1,0.86742544
81,246,HDAC11,TK1,0.86255217
81,554,HDAC11,CDT1,0.85634446
81,345,HDAC11,UHRF1,0.85432005
81,118,HDAC11,MIS12,0.85366213
81,621,HDAC11,SNRPB,0.85358185
81,497,HDAC11,TYMS,0.852924
81,323,HDAC11,MCM4,0.8516584
81,404,HDAC11,FTSJ3,0.85113853
81,399,HDAC11,RRM2,0.84976906
81,331,HDAC11,PIM2,0.8494637
81,450,HDAC11,MAGED1,0.8492168
81,524,HDAC11,TBC1D10C,0.8492168
81,561,HDAC11,MCM7,0.84846836
81,204,HDAC11,MCM2,0.848348
81,297,HDAC11,LIG1,0.8465477
81,273,HDAC11,FIGNL1,0.8427023
81,266,HDAC11,MSH6,0.84265935
81,350,HDAC11,MCM6,0.842608
67,81,HDAC2,HDAC11,0.9171087
67,519,HDAC2,AGPS,0.914718
67,34,HDAC2,MAML3,0.91458195
67,554,HDAC2,CDT1,0.9115507
67,514,HDAC2,PAK1,0.9104193
67,432,HDAC2,HDC,0.91035557
67,0,HDAC2,OTUD6B,0.9103117
67,128,HDAC2,APLP2,0.9103117
67,136,HDAC2,TACC3,0.9103117
67,150,HDAC2,SORT1,0.9103117
67,450,HDAC2,MAGED1,0.9103117
67,524,HDAC2,TBC1D10C,0.9103117
67,8,HDAC2,ATAD1,0.91004854
67,595,HDAC2,CSF3R,0.9076056
67,209,HDAC2,ZBTB16,0.90692097
67,404,HDAC2,FTSJ3,0.9045833
67,410,HDAC2,SMARCA2,0.90446717
67,331,HDAC2,PIM2,0.904349
67,351,HDAC2,ERCC8,0.9022143
67,292,HDAC2,HDAC7,0.9019124
67,475,HDAC2,BCL2,0.90074956
67,199,HDAC2,E2F4,0.9000913
67,186,HDAC2,STT3B,0.89759034
67,429,HDAC2,GFI1B,0.89745146
67,161,HDAC2,JARID2,0.8887892
67,439,HDAC2,DDX20,0.8873476
67,255,HDAC2,CD74,0.884397
67,289,HDAC2,GT(ROSA)26SOR,0.884397
67,440,HDAC2,TMEM97,0.88249636
67,464,HDAC2,ZNRF2,0.88249636
67,82,HDAC2,RB1,0.87855595
67,73,HDAC2,RORC,0.8755262
67,210,HDAC2,PNO1,0.8746922
67,402,HDAC2,EIF1AD,0.8734484
67,396,HDAC2,RUVBL2,0.87320083
67,183,HDAC2,XAF1,0.8722716
67,609,HDAC2,UBA7,0.8722716
67,504,HDAC2,IFI44,0.8722276
67,486,HDAC2,NFKBIA,0.87059194
67,50,HDAC2,NFAT5,0.86747265
67,33,HDAC2,CSTF2,0.8627564
67,206,HDAC2,ZDHHC6,0.858291
67,363,HDAC2,MYC,0.85119617
67,534,HDAC2,MORC3,0.84960645
67,177,HDAC2,RELB,0.84929854
67,537,HDAC2,TXNDC11,0.8478778
67,91,HDAC2,FCHO2,0.8478608
67,611,HDAC2,ZEB2,0.8477217
67,590,HDAC2,IL12A,0.8449712
67,137,HDAC2,MYCN,0.84422195
292,439,HDAC7,DDX20,0.9189577
292,34,HDAC7,MAML3,0.9180055
292,81,HDAC7,HDAC11,0.90122443
292,82,HDAC7,RB1,0.9000835
292,91,HDAC7,FCHO2,0.89373404
292,537,HDAC7,TXNDC11,0.89373404
292,611,HDAC7,ZEB2,0.89373404
292,209,HDAC7,ZBTB16,0.8914946
292,475,HDAC7,BCL2,0.88556564
292,595,HDAC7,CSF3R,0.87980276
292,186,HDAC7,STT3B,0.8782525
292,0,HDAC7,OTUD6B,0.8763214
292,8,HDAC7,ATAD1,0.8763214
292,128,HDAC7,APLP2,0.8763214
292,150,HDAC7,SORT1,0.8763214
292,396,HDAC7,RUVBL2,0.8763214
292,432,HDAC7,HDC,0.8763214
292,450,HDAC7,MAGED1,0.8763214
292,514,HDAC7,PAK1,0.8763214
292,519,HDAC7,AGPS,0.8763214
292,524,HDAC7,TBC1D10C,0.8763214
292,136,HDAC7,TACC3,0.87629014
292,206,HDAC7,ZDHHC6,0.87459844
292,621,HDAC7,SNRPB,0.87012565
292,351,HDAC7,ERCC8,0.86774296
292,404,HDAC7,FTSJ3,0.8657752
292,226,HDAC7,POLR2B,0.86460894
292,554,HDAC7,CDT1,0.86293405
292,331,HDAC7,PIM2,0.85250837
292,534,HDAC7,MORC3,0.85191363
292,410,HDAC7,SMARCA2,0.85030246
292,429,HDAC7,GFI1B,0.8353718
292,199,HDAC7,E2F4,0.82913554
292,161,HDAC7,JARID2,0.81839234
292,255,HDAC7,CD74,0.81502706
292,289,HDAC7,GT(ROSA)26SOR,0.81502706
292,440,HDAC7,TMEM97,0.8114564
292,464,HDAC7,ZNRF2,0.8114564
292,299,HDAC7,ORC2,0.7993829
292,402,HDAC7,EIF1AD,0.79562056
292,74,HDAC7,TOP2A,0.7907392
292,486,HDAC7,NFKBIA,0.7849087
292,73,HDAC7,RORC,0.78466976
292,210,HDAC7,PNO1,0.78183234
292,290,HDAC7,POLD1,0.77937746
292,50,HDAC7,NFAT5,0.7759911
292,21,HDAC7,RRM1,0.77443856
292,189,HDAC7,MCM5,0.7654488
292,216,HDAC7,CUL3,0.7611345
292,279,HDAC7,AURKB,0.76026267
432,34,HDC,MAML3,0.91063374
432,292,HDC,HDAC7,0.90649015
432,81,HDC,HDAC11,0.8990873
432,439,HDC,DDX20,0.89881325
432,209,HDC,ZBTB16,0.893963
432,514,HDC,PAK1,0.8854538
432,136,HDC,TACC3,0.8854206
432,0,HDC,OTUD6B,0.8854
432,8,HDC,ATAD1,0.8854
432,128,HDC,APLP2,0.8854
432,150,HDC,SORT1,0.8854
432,396,HDC,RUVBL2,0.8854
432,450,HDC,MAGED1,0.8854
432,519,HDC,AGPS,0.8854
432,595,HDC,CSF3R,0.8854
432,82,HDC,RB1,0.88142407
432,475,HDC,BCL2,0.8810388
432,404,HDC,FTSJ3,0.8803133
432,186,HDC,STT3B,0.87597203
432,554,HDC,CDT1,0.87533146
432,524,HDC,TBC1D10C,0.87212443
432,410,HDC,SMARCA2,0.86591226
432,351,HDC,ERCC8,0.8654846
432,91,HDC,FCHO2,0.8623539
432,537,HDC,TXNDC11,0.8623539
432,611,HDC,ZEB2,0.8623539
432,199,HDC,E2F4,0.85416627
432,429,HDC,GFI1B,0.8532208
432,534,HDC,MORC3,0.8440015
432,206,HDC,ZDHHC6,0.8408272
432,161,HDC,JARID2,0.83966047
432,440,HDC,TMEM97,0.83556044
432,289,HDC,GT(ROSA)26SOR,0.8343502
432,255,HDC,CD74,0.83414686
432,402,HDC,EIF1AD,0.8245283
432,464,HDC,ZNRF2,0.8190602
432,210,HDC,PNO1,0.815448
432,73,HDC,RORC,0.8145749
432,486,HDC,NFKBIA,0.80683595
432,50,HDC,NFAT5,0.7992894
432,331,HDC,PIM2,0.7970798
432,226,HDC,POLR2B,0.79684645
432,33,HDC,CSTF2,0.7947332
432,183,HDC,XAF1,0.77656484
432,200,HDC,IGTP,0.77656484
432,609,HDC,UBA7,0.77656484
432,216,HDC,CUL3,0.77485555
432,177,HDC,RELB,0.7713959
432,363,HDC,MYC,0.770553
432,621,HDC,SNRPB,0.76255035
154,81,HDGF,HDAC11,0.92968696
154,514,HDGF,PAK1,0.9241154
154,0,HDGF,OTUD6B,0.9241014
154,8,HDGF,ATAD1,0.9241014
154,150,HDGF,SORT1,0.9241014
154,396,HDGF,RUVBL2,0.9241014
154,450,HDGF,MAGED1,0.9241014
154,519,HDGF,AGPS,0.9241014
154,524,HDGF,TBC1D10C,0.9241014
154,595,HDGF,CSF3R,0.9241014
154,128,HDGF,APLP2,0.9241007
154,136,HDGF,TACC3,0.9240268
154,34,HDGF,MAML3,0.92323184
154,410,HDGF,SMARCA2,0.92297584
154,199,HDGF,E2F4,0.9212097
154,331,HDGF,PIM2,0.9207208
154,404,HDGF,FTSJ3,0.92055386
154,432,HDGF,HDC,0.91912264
154,351,HDGF,ERCC8,0.9179671
154,209,HDGF,ZBTB16,0.91713023
154,429,HDGF,GFI1B,0.9155994
154,186,HDGF,STT3B,0.9150664
154,183,HDGF,XAF1,0.91471434
154,200,HDGF,IGTP,0.91471434
154,504,HDGF,IFI44,0.91471434
154,609,HDGF,UBA7,0.91470456
154,475,HDGF,BCL2,0.9121701
154,292,HDGF,HDAC7,0.9111924
154,161,HDGF,JARID2,0.9096188
154,255,HDGF,CD74,0.90714055
154,440,HDGF,TMEM97,0.9064104
154,464,HDGF,ZNRF2,0.9064104
154,137,HDGF,MYCN,0.9043461
154,210,HDGF,PNO1,0.90323216
154,73,HDGF,RORC,0.901436
154,439,HDGF,DDX20,0.8983591
154,289,HDGF,GT(ROSA)26SOR,0.8966356
154,50,HDGF,NFAT5,0.89638054
154,402,HDGF,EIF1AD,0.89619744
154,486,HDGF,NFKBIA,0.894908
154,554,HDGF,CDT1,0.8912761
154,82,HDGF,RB1,0.8911144
154,590,HDGF,IL12A,0.8868519
154,580,HDGF,MLLT3,0.8840934
154,33,HDGF,CSTF2,0.8828368
154,78,HDGF,MECOM,0.88159174
154,293,HDGF,IRF7,0.88137126
154,177,HDGF,RELB,0.8808798
154,363,HDGF,MYC,0.88046855
154,277,HDGF,RTP4,0.880388
395,28,HELLS,NFE2,0.90266407
395,524,HELLS,TBC1D10C,0.90177387
395,128,HELLS,APLP2,0.9017709
395,357,HELLS,MEIS1,0.8963379
395,78,HELLS,MECOM,0.89607596
395,137,HELLS,MYCN,0.8923527
395,277,HELLS,RTP4,0.89176756
395,57,HELLS,OASL2,0.8917613
395,200,HELLS,IGTP,0.8910524
395,504,HELLS,IFI44,0.8909328
395,609,HELLS,UBA7,0.8909328
395,410,HELLS,SMARCA2,0.8897463
395,283,HELLS,EGR1,0.8884799
395,486,HELLS,NFKBIA,0.88782936
395,595,HELLS,CSF3R,0.88737166
395,518,HELLS,PHF10,0.887358
395,150,HELLS,SORT1,0.88731945
395,432,HELLS,HDC,0.8872864
395,450,HELLS,MAGED1,0.8872864
395,0,HELLS,OTUD6B,0.8872538
395,8,HELLS,ATAD1,0.8872538
395,136,HELLS,TACC3,0.8872538
395,396,HELLS,RUVBL2,0.8872538
395,514,HELLS,PAK1,0.8872538
395,519,HELLS,AGPS,0.8872538
395,81,HELLS,HDAC11,0.88625026
395,198,HELLS,NDN,0.8855571
395,404,HELLS,FTSJ3,0.8854041
395,33,HELLS,CSTF2,0.8852018
395,263,HELLS,JUN,0.88474816
395,47,HELLS,FGL2,0.8847257
395,140,HELLS,ANXA3,0.8847257
395,146,HELLS,SCARF1,0.8847257
395,194,HELLS,GOLPH3,0.8847257
395,441,HELLS,EBF1,0.8847257
395,546,HELLS,PROCR,0.8847257
395,564,HELLS,MFNG,0.8844079
395,190,HELLS,RAD51,0.88412565
395,553,HELLS,DHFR,0.8841121
395,367,HELLS,HCFC1,0.88390744
395,622,HELLS,KRT18,0.88380176
395,394,HELLS,MAPK1,0.88365334
395,251,HELLS,IRF6,0.88348055
395,34,HELLS,MAML3,0.883305
395,554,HELLS,CDT1,0.882756
395,590,HELLS,IL12A,0.8822969
395,210,HELLS,PNO1,0.8822682
395,362,HELLS,PTGS1,0.8821321
395,232,HELLS,ICAM1,0.8820007
395,440,HELLS,TMEM97,0.8817857
442,34,HEXA,MAML3,0.92652756
442,81,HEXA,HDAC11,0.9234371
442,396,HEXA,RUVBL2,0.9228276
442,292,HEXA,HDAC7,0.9215989
442,450,HEXA,MAGED1,0.92039895
442,209,HEXA,ZBTB16,0.9189912
442,554,HEXA,CDT1,0.91880715
442,8,HEXA,ATAD1,0.91641146
442,0,HEXA,OTUD6B,0.9163305
442,128,HEXA,APLP2,0.9163305
442,136,HEXA,TACC3,0.9163305
442,432,HEXA,HDC,0.9163305
442,514,HEXA,PAK1,0.9163305
442,519,HEXA,AGPS,0.9163305
442,524,HEXA,TBC1D10C,0.9163305
442,595,HEXA,CSF3R,0.9163305
442,150,HEXA,SORT1,0.91629946
442,410,HEXA,SMARCA2,0.9143204
442,331,HEXA,PIM2,0.9128384
442,199,HEXA,E2F4,0.9123305
442,404,HEXA,FTSJ3,0.91132873
442,475,HEXA,BCL2,0.9111801
442,351,HEXA,ERCC8,0.9091768
442,186,HEXA,STT3B,0.90852463
442,429,HEXA,GFI1B,0.90816927
442,439,HEXA,DDX20,0.90478915
442,161,HEXA,JARID2,0.9005643
442,504,HEXA,IFI44,0.89766216
442,609,HEXA,UBA7,0.8976472
442,255,HEXA,CD74,0.8963839
442,289,HEXA,GT(ROSA)26SOR,0.8963839
442,82,HEXA,RB1,0.89625996
442,402,HEXA,EIF1AD,0.89571977
442,575,HEXA,GTF2F1,0.8952019
442,440,HEXA,TMEM97,0.89247197
442,464,HEXA,ZNRF2,0.89247197
442,200,HEXA,IGTP,0.8912536
442,73,HEXA,RORC,0.8868355
442,210,HEXA,PNO1,0.8866348
442,137,HEXA,MYCN,0.88494486
442,486,HEXA,NFKBIA,0.8841409
442,183,HEXA,XAF1,0.8800217
442,206,HEXA,ZDHHC6,0.87888986
442,33,HEXA,CSTF2,0.8692291
442,590,HEXA,IL12A,0.86922836
442,363,HEXA,MYC,0.86716723
442,91,HEXA,FCHO2,0.865528
442,537,HEXA,TXNDC11,0.865528
442,177,HEXA,RELB,0.86252016
442,165,HEXA,GTF2H1,0.86162066
463,28,HIF3A,NFE2,0.8982563
463,357,HIF3A,MEIS1,0.8963777
463,78,HIF3A,MECOM,0.8961139
463,137,HIF3A,MYCN,0.89240557
463,57,HIF3A,OASL2,0.8918141
463,277,HIF3A,RTP4,0.8918139
463,183,HIF3A,XAF1,0.891021
463,200,HIF3A,IGTP,0.890974
463,504,HIF3A,IFI44,0.8909141
463,410,HIF3A,SMARCA2,0.88990563
463,609,HIF3A,UBA7,0.88948005
463,283,HIF3A,EGR1,0.8885197
463,518,HIF3A,PHF10,0.88762647
463,8,HIF3A,ATAD1,0.88740355
463,128,HIF3A,APLP2,0.88740355
463,136,HIF3A,TACC3,0.88740355
463,150,HIF3A,SORT1,0.88740355
463,396,HIF3A,RUVBL2,0.88740355
463,432,HIF3A,HDC,0.88740355
463,450,HIF3A,MAGED1,0.88740355
463,514,HIF3A,PAK1,0.88740355
463,519,HIF3A,AGPS,0.88740355
463,524,HIF3A,TBC1D10C,0.88740355
463,595,HIF3A,CSF3R,0.88740355
463,0,HIF3A,OTUD6B,0.88730067
463,81,HIF3A,HDAC11,0.88650507
463,198,HIF3A,NDN,0.88555187
463,33,HIF3A,CSTF2,0.88544756
463,263,HIF3A,JUN,0.8847856
463,2,HIF3A,PPP1R15A,0.88476765
463,140,HIF3A,ANXA3,0.88476765
463,146,HIF3A,SCARF1,0.88476765
463,194,HIF3A,GOLPH3,0.88476765
463,362,HIF3A,PTGS1,0.88476765
463,441,HIF3A,EBF1,0.88476765
463,622,HIF3A,KRT18,0.88476765
463,546,HIF3A,PROCR,0.884767
463,47,HIF3A,FGL2,0.8846968
463,564,HIF3A,MFNG,0.88465196
463,367,HIF3A,HCFC1,0.8841359
463,553,HIF3A,DHFR,0.8840767
463,190,HIF3A,RAD51,0.8840123
463,394,HIF3A,MAPK1,0.88370746
463,34,HIF3A,MAML3,0.88357025
463,251,HIF3A,IRF6,0.8835227
463,486,HIF3A,NFKBIA,0.8833872
463,554,HIF3A,CDT1,0.8829333
463,590,HIF3A,IL12A,0.8825187
463,232,HIF3A,ICAM1,0.8822519
463,440,HIF3A,TMEM97,0.88202137
142,136,HK3,TACC3,0.901884
142,28,HK3,NFE2,0.8983655
142,357,HK3,MEIS1,0.89649427
142,78,HK3,MECOM,0.8962374
142,137,HK3,MYCN,0.89262396
142,277,HK3,RTP4,0.89194053
142,57,HK3,OASL2,0.89192724
142,200,HK3,IGTP,0.89113194
142,504,HK3,IFI44,0.8911102
142,183,HK3,XAF1,0.89110327
142,609,HK3,UBA7,0.89110327
142,410,HK3,SMARCA2,0.8899257
142,362,HK3,PTGS1,0.8876097
142,0,HK3,OTUD6B,0.8873572
142,8,HK3,ATAD1,0.8873572
142,128,HK3,APLP2,0.8873572
142,150,HK3,SORT1,0.8873572
142,396,HK3,RUVBL2,0.8873572
142,450,HK3,MAGED1,0.8873572
142,519,HK3,AGPS,0.8873572
142,524,HK3,TBC1D10C,0.8873572
142,595,HK3,CSF3R,0.8873572
142,514,HK3,PAK1,0.8872954
142,81,HK3,HDAC11,0.88636285
142,198,HK3,NDN,0.88581157
142,404,HK3,FTSJ3,0.8855358
142,33,HK3,CSTF2,0.8854538
142,263,HK3,JUN,0.88490635
142,2,HK3,PPP1R15A,0.8849047
142,47,HK3,FGL2,0.8849047
142,140,HK3,ANXA3,0.8849047
142,146,HK3,SCARF1,0.8849047
142,441,HK3,EBF1,0.8849047
142,546,HK3,PROCR,0.8849047
142,622,HK3,KRT18,0.8849047
142,564,HK3,MFNG,0.88467485
142,190,HK3,RAD51,0.8843264
142,553,HK3,DHFR,0.8843264
142,367,HK3,HCFC1,0.88415396
142,394,HK3,MAPK1,0.88392556
142,34,HK3,MAML3,0.8834213
142,486,HK3,NFKBIA,0.88339585
142,554,HK3,CDT1,0.88286567
142,194,HK3,GOLPH3,0.88229126
142,232,HK3,ICAM1,0.88227135
142,440,HK3,TMEM97,0.8820363
142,464,HK3,ZNRF2,0.8819925
142,590,HK3,IL12A,0.881751
142,177,HK3,RELB,0.8812379
142,29,HK3,IKZF1,0.88097
304,396,HLF,RUVBL2,0.9055837
304,410,HLF,SMARCA2,0.9021948
304,177,HLF,RELB,0.89762855
304,357,HLF,MEIS1,0.89728516
304,28,HLF,NFE2,0.89684975
304,50,HLF,NFAT5,0.8949426
304,78,HLF,MECOM,0.89483905
304,367,HLF,HCFC1,0.893868
304,486,HLF,NFKBIA,0.8918669
304,440,HLF,TMEM97,0.891106
304,464,HLF,ZNRF2,0.891106
304,519,HLF,AGPS,0.89090043
304,318,HLF,GANAB,0.88839203
304,283,HLF,EGR1,0.8883457
304,161,HLF,JARID2,0.8871494
304,255,HLF,CD74,0.8853233
304,289,HLF,GT(ROSA)26SOR,0.8853233
304,8,HLF,ATAD1,0.88529694
304,128,HLF,APLP2,0.88529694
304,136,HLF,TACC3,0.88529694
304,150,HLF,SORT1,0.88529694
304,432,HLF,HDC,0.88529694
304,524,HLF,TBC1D10C,0.88529694
304,595,HLF,CSF3R,0.88529694
304,450,HLF,MAGED1,0.88527113
304,606,HLF,ELP2,0.88467854
304,183,HLF,XAF1,0.8845755
304,200,HLF,IGTP,0.8845755
304,504,HLF,IFI44,0.8845755
304,609,HLF,UBA7,0.8845755
304,263,HLF,JUN,0.883831
304,559,HLF,RUNX1T1,0.88327104
304,57,HLF,OASL2,0.88318056
304,277,HLF,RTP4,0.88304836
304,363,HLF,MYC,0.8802288
304,33,HLF,CSTF2,0.8799751
304,2,HLF,PPP1R15A,0.87986785
304,47,HLF,FGL2,0.87986785
304,140,HLF,ANXA3,0.87986785
304,194,HLF,GOLPH3,0.87986785
304,362,HLF,PTGS1,0.87986785
304,441,HLF,EBF1,0.87986785
304,622,HLF,KRT18,0.87986785
304,546,HLF,PROCR,0.87983537
304,146,HLF,SCARF1,0.8797681
304,488,HLF,FGFR1OP,0.8765368
304,210,HLF,PNO1,0.8757139
304,251,HLF,IRF6,0.8731213
304,554,HLF,CDT1,0.87284356
304,29,HLF,IKZF1,0.87168145
42,189,HMGB2,MCM5,0.9718953
42,290,HMGB2,POLD1,0.9699588
42,279,HMGB2,AURKB,0.96981066
42,299,HMGB2,ORC2,0.9697725
42,21,HMGB2,RRM1,0.9693783
42,345,HMGB2,UHRF1,0.96882445
42,246,HMGB2,TK1,0.968122
42,500,HMGB2,MCM3,0.9680857
42,74,HMGB2,TOP2A,0.96781766
42,204,HMGB2,MCM2,0.9673024
42,399,HMGB2,RRM2,0.9668231
42,240,HMGB2,RPA2,0.9667565
42,561,HMGB2,MCM7,0.9665622
42,350,HMGB2,MCM6,0.96650165
42,497,HMGB2,TYMS,0.96646565
42,273,HMGB2,FIGNL1,0.96576434
42,297,HMGB2,LIG1,0.96559715
42,266,HMGB2,MSH6,0.9649487
42,411,HMGB2,CDC45,0.96490896
42,610,HMGB2,PRIM2,0.9645649
42,30,HMGB2,PBK,0.9644555
42,620,HMGB2,TIPIN,0.96444136
42,478,HMGB2,MKI67,0.96430504
42,182,HMGB2,RPA1,0.96420693
42,53,HMGB2,ORC6,0.9642067
42,230,HMGB2,TOP3B,0.96420425
42,102,HMGB2,PRIM1,0.9640334
42,510,HMGB2,XRCC6,0.96300083
42,226,HMGB2,POLR2B,0.9623784
42,323,HMGB2,MCM4,0.9622143
42,68,HMGB2,MIS18BP1,0.962152
42,259,HMGB2,NUP107,0.962152
42,430,HMGB2,SEH1L,0.9620903
42,414,HMGB2,CENPK,0.9619898
42,361,HMGB2,CCNB2,0.9598545
42,407,HMGB2,CDC7,0.9571096
42,118,HMGB2,MIS12,0.952598
42,537,HMGB2,TXNDC11,0.9514846
42,91,HMGB2,FCHO2,0.951448
42,611,HMGB2,ZEB2,0.951448
42,82,HMGB2,RB1,0.949235
42,439,HMGB2,DDX20,0.94357795
42,292,HMGB2,HDAC7,0.93614864
42,621,HMGB2,SNRPB,0.9237557
42,534,HMGB2,MORC3,0.91496634
42,206,HMGB2,ZDHHC6,0.9136458
42,34,HMGB2,MAML3,0.91132855
42,475,HMGB2,BCL2,0.88958937
42,81,HMGB2,HDAC11,0.8747326
42,209,HMGB2,ZBTB16,0.8693991
472,81,HNRNPAB,HDAC11,0.9300864
472,554,HNRNPAB,CDT1,0.9300643
472,199,HNRNPAB,E2F4,0.92781454
472,410,HNRNPAB,SMARCA2,0.92744064
472,432,HNRNPAB,HDC,0.92693806
472,0,HNRNPAB,OTUD6B,0.92693174
472,8,HNRNPAB,ATAD1,0.92693174
472,128,HNRNPAB,APLP2,0.92693174
472,136,HNRNPAB,TACC3,0.92693174
472,450,HNRNPAB,MAGED1,0.92693174
472,514,HNRNPAB,PAK1,0.92693174
472,519,HNRNPAB,AGPS,0.92693174
472,524,HNRNPAB,TBC1D10C,0.92693174
472,595,HNRNPAB,CSF3R,0.92693174
472,331,HNRNPAB,PIM2,0.9250434
472,404,HNRNPAB,FTSJ3,0.9247916
472,150,HNRNPAB,SORT1,0.921828
472,429,HNRNPAB,GFI1B,0.9217363
472,34,HNRNPAB,MAML3,0.92158616
472,183,HNRNPAB,XAF1,0.9207027
472,200,HNRNPAB,IGTP,0.9207027
472,504,HNRNPAB,IFI44,0.9207027
472,609,HNRNPAB,UBA7,0.9207027
472,396,HNRNPAB,RUVBL2,0.919897
472,351,HNRNPAB,ERCC8,0.9195892
472,289,HNRNPAB,GT(ROSA)26SOR,0.9173793
472,209,HNRNPAB,ZBTB16,0.9172156
472,161,HNRNPAB,JARID2,0.9159137
472,91,HNRNPAB,FCHO2,0.9141975
472,255,HNRNPAB,CD74,0.9133823
472,439,HNRNPAB,DDX20,0.91273403
472,137,HNRNPAB,MYCN,0.9120039
472,440,HNRNPAB,TMEM97,0.91139007
472,464,HNRNPAB,ZNRF2,0.91139007
472,186,HNRNPAB,STT3B,0.9099535
472,475,HNRNPAB,BCL2,0.90971524
472,210,HNRNPAB,PNO1,0.9094418
472,292,HNRNPAB,HDAC7,0.9092366
472,73,HNRNPAB,RORC,0.90767837
472,50,HNRNPAB,NFAT5,0.90266234
472,402,HNRNPAB,EIF1AD,0.90239084
472,486,HNRNPAB,NFKBIA,0.9022517
472,263,HNRNPAB,JUN,0.8965852
472,33,HNRNPAB,CSTF2,0.8940875
472,580,HNRNPAB,MLLT3,0.8938542
472,590,HNRNPAB,IL12A,0.8935635
472,293,HNRNPAB,IRF7,0.891244
472,78,HNRNPAB,MECOM,0.89123446
472,67,HNRNPAB,HDAC2,0.88869125
472,277,HNRNPAB,RTP4,0.8884466
397,28,HP,NFE2,0.8983635
397,357,HP,MEIS1,0.89649206
397,78,HP,MECOM,0.8962344
397,137,HP,MYCN,0.89262104
397,57,HP,OASL2,0.89193845
397,277,HP,RTP4,0.89192146
397,504,HP,IFI44,0.8911255
397,183,HP,XAF1,0.8911006
397,609,HP,UBA7,0.8911006
397,410,HP,SMARCA2,0.88992554
397,283,HP,EGR1,0.88881046
397,518,HP,PHF10,0.8876421
397,0,HP,OTUD6B,0.8873916
397,8,HP,ATAD1,0.8873581
397,128,HP,APLP2,0.8873581
397,136,HP,TACC3,0.8873581
397,150,HP,SORT1,0.8873581
397,396,HP,RUVBL2,0.8873581
397,432,HP,HDC,0.8873581
397,450,HP,MAGED1,0.8873581
397,514,HP,PAK1,0.8873581
397,519,HP,AGPS,0.8873581
397,524,HP,TBC1D10C,0.8873581
397,595,HP,CSF3R,0.8873581
397,81,HP,HDAC11,0.8863614
397,198,HP,NDN,0.88579893
397,404,HP,FTSJ3,0.88553655
397,33,HP,CSTF2,0.8854513
397,263,HP,JUN,0.88492393
397,2,HP,PPP1R15A,0.88490206
397,47,HP,FGL2,0.88490206
397,146,HP,SCARF1,0.88490206
397,194,HP,GOLPH3,0.88490206
397,362,HP,PTGS1,0.88490206
397,441,HP,EBF1,0.88490206
397,546,HP,PROCR,0.88490206
397,140,HP,ANXA3,0.8848916
397,190,HP,RAD51,0.88441265
397,564,HP,MFNG,0.88434964
397,553,HP,DHFR,0.88432723
397,367,HP,HCFC1,0.88415134
397,394,HP,MAPK1,0.88384414
397,622,HP,KRT18,0.88379914
397,251,HP,IRF6,0.8836599
397,34,HP,MAML3,0.8834198
397,486,HP,NFKBIA,0.88339335
397,590,HP,IL12A,0.8825365
397,210,HP,PNO1,0.8824346
397,232,HP,ICAM1,0.8822684
397,464,HP,ZNRF2,0.8819433
256,34,IARS,MAML3,0.9263805
256,81,IARS,HDAC11,0.9234371
256,209,IARS,ZBTB16,0.9189912
256,554,IARS,CDT1,0.91880715
256,396,IARS,RUVBL2,0.9164379
256,8,IARS,ATAD1,0.9163305
256,128,IARS,APLP2,0.9163305
256,150,IARS,SORT1,0.9163305
256,432,IARS,HDC,0.9163305
256,450,IARS,MAGED1,0.9163305
256,519,IARS,AGPS,0.9163305
256,524,IARS,TBC1D10C,0.9163305
256,595,IARS,CSF3R,0.9163305
256,0,IARS,OTUD6B,0.9163098
256,136,IARS,TACC3,0.91609174
256,292,IARS,HDAC7,0.9160478
256,410,IARS,SMARCA2,0.9143204
256,331,IARS,PIM2,0.91300446
256,199,IARS,E2F4,0.9123305
256,475,IARS,BCL2,0.9112045
256,351,IARS,ERCC8,0.9091768
256,186,IARS,STT3B,0.90852463
256,429,IARS,GFI1B,0.90816927
256,439,IARS,DDX20,0.90478915
256,161,IARS,JARID2,0.9005643
256,200,IARS,IGTP,0.8976997
256,183,IARS,XAF1,0.89766216
256,504,IARS,IFI44,0.89766216
256,609,IARS,UBA7,0.8976526
256,255,IARS,CD74,0.8963839
256,289,IARS,GT(ROSA)26SOR,0.8963839
256,82,IARS,RB1,0.8949442
256,440,IARS,TMEM97,0.89247197
256,464,IARS,ZNRF2,0.89247197
256,404,IARS,FTSJ3,0.88874763
256,73,IARS,RORC,0.8868355
256,210,IARS,PNO1,0.8866588
256,137,IARS,MYCN,0.8849705
256,486,IARS,NFKBIA,0.8841409
256,514,IARS,PAK1,0.8833917
256,402,IARS,EIF1AD,0.8822523
256,50,IARS,NFAT5,0.88187414
256,206,IARS,ZDHHC6,0.87886757
256,611,IARS,ZEB2,0.8755307
256,33,IARS,CSTF2,0.8748157
256,590,IARS,IL12A,0.86922836
256,263,IARS,JUN,0.86742616
256,363,IARS,MYC,0.8671873
256,91,IARS,FCHO2,0.865528
256,537,IARS,TXNDC11,0.8652911
101,28,IARS2,NFE2,0.8983655
101,357,IARS2,MEIS1,0.89649427
101,78,IARS2,MECOM,0.8962367
101,137,IARS2,MYCN,0.89262396
101,277,IARS2,RTP4,0.89197725
101,57,IARS2,OASL2,0.89194083
101,183,IARS2,XAF1,0.89110327
101,200,IARS2,IGTP,0.89110327
101,504,IARS2,IFI44,0.89110327
101,609,IARS2,UBA7,0.89110327
101,410,IARS2,SMARCA2,0.88984984
101,194,IARS2,GOLPH3,0.88983274
101,283,IARS2,EGR1,0.88853025
101,518,IARS2,PHF10,0.88764507
101,150,IARS2,SORT1,0.88738984
101,0,IARS2,OTUD6B,0.8873572
101,136,IARS2,TACC3,0.8873572
101,396,IARS2,RUVBL2,0.8873572
101,432,IARS2,HDC,0.8873572
101,450,IARS2,MAGED1,0.8873572
101,514,IARS2,PAK1,0.8873572
101,519,IARS2,AGPS,0.8873572
101,524,IARS2,TBC1D10C,0.8873572
101,595,IARS2,CSF3R,0.8873572
101,8,IARS2,ATAD1,0.8872829
101,128,IARS2,APLP2,0.887242
101,81,IARS2,HDAC11,0.8863051
101,198,IARS2,NDN,0.8857979
101,404,IARS2,FTSJ3,0.8855358
101,33,IARS2,CSTF2,0.8854538
101,263,IARS2,JUN,0.884927
101,2,IARS2,PPP1R15A,0.8849047
101,47,IARS2,FGL2,0.8849047
101,146,IARS2,SCARF1,0.8849047
101,362,IARS2,PTGS1,0.8849047
101,441,IARS2,EBF1,0.8849047
101,622,IARS2,KRT18,0.8849047
101,140,IARS2,ANXA3,0.88490117
101,546,IARS2,PROCR,0.88483244
101,564,IARS2,MFNG,0.8845927
101,190,IARS2,RAD51,0.8843264
101,367,IARS2,HCFC1,0.88415396
101,394,IARS2,MAPK1,0.8837269
101,251,IARS2,IRF6,0.8836629
101,486,IARS2,NFKBIA,0.8834648
101,34,IARS2,MAML3,0.883441
101,553,IARS2,DHFR,0.8830442
101,554,IARS2,CDT1,0.88287765
101,590,IARS2,IL12A,0.88253915
101,210,IARS2,PNO1,0.8822415
232,81,ICAM1,HDAC11,0.9236564
232,554,ICAM1,CDT1,0.9214487
232,396,ICAM1,RUVBL2,0.9188469
232,0,ICAM1,OTUD6B,0.9188028
232,8,ICAM1,ATAD1,0.9188028
232,128,ICAM1,APLP2,0.9188028
232,432,ICAM1,HDC,0.9188028
232,514,ICAM1,PAK1,0.9188028
232,519,ICAM1,AGPS,0.9188028
232,524,ICAM1,TBC1D10C,0.9188028
232,595,ICAM1,CSF3R,0.9188028
232,150,ICAM1,SORT1,0.9188019
232,331,ICAM1,PIM2,0.9187888
232,410,ICAM1,SMARCA2,0.9177593
232,199,ICAM1,E2F4,0.9153169
232,34,ICAM1,MAML3,0.9150812
232,351,ICAM1,ERCC8,0.91132283
232,136,ICAM1,TACC3,0.9113068
232,450,ICAM1,MAGED1,0.91123146
232,429,ICAM1,GFI1B,0.91082865
232,209,ICAM1,ZBTB16,0.91047096
232,404,ICAM1,FTSJ3,0.9093453
232,504,ICAM1,IFI44,0.9071744
232,609,ICAM1,UBA7,0.9071744
232,200,ICAM1,IGTP,0.90695065
232,161,ICAM1,JARID2,0.9045049
232,475,ICAM1,BCL2,0.904002
232,440,ICAM1,TMEM97,0.9031773
232,464,ICAM1,ZNRF2,0.9031773
232,255,ICAM1,CD74,0.902478
232,292,ICAM1,HDAC7,0.90224445
232,289,ICAM1,GT(ROSA)26SOR,0.90144825
232,183,ICAM1,XAF1,0.90106094
232,186,ICAM1,STT3B,0.8994742
232,210,ICAM1,PNO1,0.8992775
232,73,ICAM1,RORC,0.8978578
232,137,ICAM1,MYCN,0.89509743
232,439,ICAM1,DDX20,0.8897375
232,50,ICAM1,NFAT5,0.8882536
232,486,ICAM1,NFKBIA,0.88796526
232,33,ICAM1,CSTF2,0.88169837
232,402,ICAM1,EIF1AD,0.8798477
232,82,ICAM1,RB1,0.8797484
232,590,ICAM1,IL12A,0.8784487
232,177,ICAM1,RELB,0.87627405
232,67,ICAM1,HDAC2,0.87494
232,318,ICAM1,GANAB,0.8738866
232,277,ICAM1,RTP4,0.87330425
232,57,ICAM1,OASL2,0.8732677
232,363,ICAM1,MYC,0.8730814
39,28,IDH1,NFE2,0.8983655
39,357,IDH1,MEIS1,0.89649427
39,78,IDH1,MECOM,0.8962374
39,137,IDH1,MYCN,0.89262396
39,57,IDH1,OASL2,0.89194083
39,277,IDH1,RTP4,0.89194053
39,183,IDH1,XAF1,0.89110327
39,200,IDH1,IGTP,0.89110327
39,504,IDH1,IFI44,0.89110327
39,609,IDH1,UBA7,0.89110327
39,410,IDH1,SMARCA2,0.8899257
39,283,IDH1,EGR1,0.88864714
39,518,IDH1,PHF10,0.8876873
39,0,IDH1,OTUD6B,0.88736826
39,8,IDH1,ATAD1,0.8873572
39,128,IDH1,APLP2,0.8873572
39,136,IDH1,TACC3,0.8873572
39,150,IDH1,SORT1,0.8873572
39,396,IDH1,RUVBL2,0.8873572
39,432,IDH1,HDC,0.8873572
39,450,IDH1,MAGED1,0.8873572
39,514,IDH1,PAK1,0.8873572
39,519,IDH1,AGPS,0.8873572
39,524,IDH1,TBC1D10C,0.8873572
39,595,IDH1,CSF3R,0.8873572
39,81,IDH1,HDAC11,0.88636285
39,198,IDH1,NDN,0.8857979
39,404,IDH1,FTSJ3,0.8855358
39,33,IDH1,CSTF2,0.8854538
39,362,IDH1,PTGS1,0.88497007
39,263,IDH1,JUN,0.8849518
39,2,IDH1,PPP1R15A,0.8849047
39,47,IDH1,FGL2,0.8849047
39,140,IDH1,ANXA3,0.8849047
39,146,IDH1,SCARF1,0.8849047
39,194,IDH1,GOLPH3,0.8849047
39,441,IDH1,EBF1,0.8849047
39,546,IDH1,PROCR,0.8849047
39,622,IDH1,KRT18,0.8849047
39,564,IDH1,MFNG,0.88467485
39,553,IDH1,DHFR,0.8843264
39,367,IDH1,HCFC1,0.88415396
39,394,IDH1,MAPK1,0.8838468
39,251,IDH1,IRF6,0.8836629
39,34,IDH1,MAML3,0.8834213
39,486,IDH1,NFKBIA,0.88339585
39,554,IDH1,CDT1,0.88287765
39,590,IDH1,IL12A,0.88253915
39,210,IDH1,PNO1,0.8824892
39,232,IDH1,ICAM1,0.88227135
504,404,IFI44,FTSJ3,0.9306261
504,410,IFI44,SMARCA2,0.93061125
504,554,IFI44,CDT1,0.92811644
504,199,IFI44,E2F4,0.92756534
504,429,IFI44,GFI1B,0.92725354
504,137,IFI44,MYCN,0.92654985
504,161,IFI44,JARID2,0.92596686
504,81,IFI44,HDAC11,0.92457217
504,200,IFI44,IGTP,0.9233658
504,183,IFI44,XAF1,0.9233472
504,609,IFI44,UBA7,0.9233438
504,519,IFI44,AGPS,0.92240214
504,0,IFI44,OTUD6B,0.9223656
504,128,IFI44,APLP2,0.9223656
504,150,IFI44,SORT1,0.9223656
504,396,IFI44,RUVBL2,0.9223656
504,432,IFI44,HDC,0.9223656
504,450,IFI44,MAGED1,0.9223656
504,524,IFI44,TBC1D10C,0.9223656
504,595,IFI44,CSF3R,0.9223656
504,8,IFI44,ATAD1,0.9223519
504,73,IFI44,RORC,0.922322
504,136,IFI44,TACC3,0.92230284
504,210,IFI44,PNO1,0.9220202
504,440,IFI44,TMEM97,0.9217668
504,464,IFI44,ZNRF2,0.9217668
504,289,IFI44,GT(ROSA)26SOR,0.9204823
504,255,IFI44,CD74,0.9204682
504,67,IFI44,HDAC2,0.91827977
504,34,IFI44,MAML3,0.9159968
504,514,IFI44,PAK1,0.9157591
504,50,IFI44,NFAT5,0.9150436
504,78,IFI44,MECOM,0.9142977
504,33,IFI44,CSTF2,0.9133967
504,177,IFI44,RELB,0.9123963
504,318,IFI44,GANAB,0.9113582
504,351,IFI44,ERCC8,0.9112348
504,580,IFI44,MLLT3,0.91122043
504,402,IFI44,EIF1AD,0.9104699
504,590,IFI44,IL12A,0.90851283
504,367,IFI44,HCFC1,0.90830624
504,363,IFI44,MYC,0.90772617
504,165,IFI44,GTF2H1,0.9074189
504,488,IFI44,FGFR1OP,0.90689635
504,57,IFI44,OASL2,0.90666837
504,277,IFI44,RTP4,0.9066629
504,209,IFI44,ZBTB16,0.9052984
504,28,IFI44,NFE2,0.90478605
504,357,IFI44,MEIS1,0.90476674
504,426,IFI44,PRPF4,0.90216964
515,410,IGHM,SMARCA2,0.901913
515,450,IGHM,MAGED1,0.8959594
515,440,IGHM,TMEM97,0.8926638
515,464,IGHM,ZNRF2,0.8926638
515,0,IGHM,OTUD6B,0.89004487
515,150,IGHM,SORT1,0.89004487
515,514,IGHM,PAK1,0.89004487
515,519,IGHM,AGPS,0.89004487
515,524,IGHM,TBC1D10C,0.89004487
515,595,IGHM,CSF3R,0.89004487
515,432,IGHM,HDC,0.88992196
515,161,IGHM,JARID2,0.8898649
515,396,IGHM,RUVBL2,0.88983744
515,78,IGHM,MECOM,0.88878715
515,255,IGHM,CD74,0.887154
515,289,IGHM,GT(ROSA)26SOR,0.887154
515,73,IGHM,RORC,0.88649726
515,429,IGHM,GFI1B,0.8863297
515,177,IGHM,RELB,0.8845055
515,50,IGHM,NFAT5,0.8839652
515,486,IGHM,NFKBIA,0.8833135
515,210,IGHM,PNO1,0.8825647
515,554,IGHM,CDT1,0.88137025
515,404,IGHM,FTSJ3,0.8810383
515,357,IGHM,MEIS1,0.8805737
515,367,IGHM,HCFC1,0.87988603
515,28,IGHM,NFE2,0.8792695
515,263,IGHM,JUN,0.8777438
515,318,IGHM,GANAB,0.8770945
515,590,IGHM,IL12A,0.8765801
515,183,IGHM,XAF1,0.87580353
515,200,IGHM,IGTP,0.87580353
515,609,IGHM,UBA7,0.87580353
515,33,IGHM,CSTF2,0.87283355
515,363,IGHM,MYC,0.8704159
515,331,IGHM,PIM2,0.8703599
515,128,IGHM,APLP2,0.86990774
515,277,IGHM,RTP4,0.8685654
515,57,IGHM,OASL2,0.8685636
515,559,IGHM,RUNX1T1,0.8685287
515,504,IGHM,IFI44,0.8684976
515,283,IGHM,EGR1,0.8680526
515,81,IGHM,HDAC11,0.86722946
515,64,IGHM,IRF9,0.8644941
515,8,IGHM,ATAD1,0.8641766
515,606,IGHM,ELP2,0.86370766
515,488,IGHM,FGFR1OP,0.8636105
515,29,IGHM,IKZF1,0.8629026
515,580,IGHM,MLLT3,0.86239636
515,546,IGHM,PROCR,0.86062825
61,28,IGKC,NFE2,0.9054131
61,410,IGKC,SMARCA2,0.90504336
61,518,IGKC,PHF10,0.9036958
61,357,IGKC,MEIS1,0.9035837
61,33,IGKC,CSTF2,0.9025914
61,78,IGKC,MECOM,0.90196526
61,404,IGKC,FTSJ3,0.9019227
61,367,IGKC,HCFC1,0.9011442
61,450,IGKC,MAGED1,0.90096396
61,136,IGKC,TACC3,0.9009163
61,0,IGKC,OTUD6B,0.9009122
61,8,IGKC,ATAD1,0.9009122
61,128,IGKC,APLP2,0.9009122
61,150,IGKC,SORT1,0.9009122
61,396,IGKC,RUVBL2,0.9009122
61,432,IGKC,HDC,0.9009122
61,514,IGKC,PAK1,0.9009122
61,519,IGKC,AGPS,0.9009122
61,524,IGKC,TBC1D10C,0.9009122
61,595,IGKC,CSF3R,0.9009122
61,486,IGKC,NFKBIA,0.89979
61,57,IGKC,OASL2,0.89971906
61,277,IGKC,RTP4,0.89971876
61,137,IGKC,MYCN,0.89952224
61,81,IGKC,HDAC11,0.8994419
61,210,IGKC,PNO1,0.89863735
61,440,IGKC,TMEM97,0.8985877
61,177,IGKC,RELB,0.8983204
61,554,IGKC,CDT1,0.8982778
61,464,IGKC,ZNRF2,0.89684296
61,183,IGKC,XAF1,0.89671075
61,200,IGKC,IGTP,0.89671075
61,504,IGKC,IFI44,0.89671075
61,609,IGKC,UBA7,0.89668477
61,283,IGKC,EGR1,0.89640075
61,34,IGKC,MAML3,0.8955573
61,564,IGKC,MFNG,0.89547163
61,190,IGKC,RAD51,0.89517635
61,429,IGKC,GFI1B,0.8951011
61,161,IGKC,JARID2,0.89474475
61,198,IGKC,NDN,0.8942466
61,553,IGKC,DHFR,0.89375484
61,363,IGKC,MYC,0.8937161
61,73,IGKC,RORC,0.89354753
61,67,IGKC,HDAC2,0.8930697
61,441,IGKC,EBF1,0.89288235
61,2,IGKC,PPP1R15A,0.892869
61,47,IGKC,FGL2,0.892869
61,140,IGKC,ANXA3,0.892869
61,146,IGKC,SCARF1,0.892869
14,28,IGSF6,NFE2,0.8983655
14,357,IGSF6,MEIS1,0.89649427
14,78,IGSF6,MECOM,0.8962748
14,137,IGSF6,MYCN,0.892938
14,57,IGSF6,OASL2,0.89194083
14,277,IGSF6,RTP4,0.89194053
14,609,IGSF6,UBA7,0.89113456
14,183,IGSF6,XAF1,0.89110327
14,200,IGSF6,IGTP,0.89110327
14,504,IGSF6,IFI44,0.89110327
14,410,IGSF6,SMARCA2,0.8899257
14,283,IGSF6,EGR1,0.88864714
14,518,IGSF6,PHF10,0.88764507
14,0,IGSF6,OTUD6B,0.8873572
14,8,IGSF6,ATAD1,0.8873572
14,128,IGSF6,APLP2,0.8873572
14,136,IGSF6,TACC3,0.8873572
14,150,IGSF6,SORT1,0.8873572
14,396,IGSF6,RUVBL2,0.8873572
14,432,IGSF6,HDC,0.8873572
14,450,IGSF6,MAGED1,0.8873572
14,514,IGSF6,PAK1,0.8873572
14,519,IGSF6,AGPS,0.8873572
14,524,IGSF6,TBC1D10C,0.8873572
14,595,IGSF6,CSF3R,0.8873572
14,81,IGSF6,HDAC11,0.88636285
14,198,IGSF6,NDN,0.8857889
14,404,IGSF6,FTSJ3,0.8855358
14,33,IGSF6,CSTF2,0.88550335
14,263,IGSF6,JUN,0.884927
14,2,IGSF6,PPP1R15A,0.8849047
14,47,IGSF6,FGL2,0.8849047
14,140,IGSF6,ANXA3,0.8849047
14,146,IGSF6,SCARF1,0.8849047
14,194,IGSF6,GOLPH3,0.8849047
14,362,IGSF6,PTGS1,0.8849047
14,441,IGSF6,EBF1,0.8849047
14,546,IGSF6,PROCR,0.8849047
14,622,IGSF6,KRT18,0.8849047
14,564,IGSF6,MFNG,0.88467485
14,553,IGSF6,DHFR,0.88433087
14,190,IGSF6,RAD51,0.8843264
14,367,IGSF6,HCFC1,0.88415396
14,394,IGSF6,MAPK1,0.8838468
14,251,IGSF6,IRF6,0.8836629
14,486,IGSF6,NFKBIA,0.8834034
14,554,IGSF6,CDT1,0.88287765
14,590,IGSF6,IL12A,0.88253915
14,210,IGSF6,PNO1,0.88235617
14,232,IGSF6,ICAM1,0.88227135
200,404,IGTP,FTSJ3,0.930635
200,410,IGTP,SMARCA2,0.9306285
200,554,IGTP,CDT1,0.92817533
200,199,IGTP,E2F4,0.9276382
200,429,IGTP,GFI1B,0.92725825
200,150,IGTP,SORT1,0.9266452
200,161,IGTP,JARID2,0.92597646
200,81,IGTP,HDAC11,0.9246385
200,609,IGTP,UBA7,0.9235724
200,183,IGTP,XAF1,0.92336625
200,504,IGTP,IFI44,0.92336625
200,0,IGTP,OTUD6B,0.92241895
200,8,IGTP,ATAD1,0.92241895
200,128,IGTP,APLP2,0.92241895
200,396,IGTP,RUVBL2,0.92241895
200,450,IGTP,MAGED1,0.92241895
200,514,IGTP,PAK1,0.92241895
200,519,IGTP,AGPS,0.92241895
200,595,IGTP,CSF3R,0.92241895
200,136,IGTP,TACC3,0.9223387
200,73,IGTP,RORC,0.9223097
200,289,IGTP,GT(ROSA)26SOR,0.9219028
200,440,IGTP,TMEM97,0.9217746
200,464,IGTP,ZNRF2,0.9217746
200,331,IGTP,PIM2,0.9205729
200,255,IGTP,CD74,0.9204913
200,67,IGTP,HDAC2,0.91840917
200,486,IGTP,NFKBIA,0.9160654
200,34,IGTP,MAML3,0.91606253
200,432,IGTP,HDC,0.9159065
200,50,IGTP,NFAT5,0.9148136
200,78,IGTP,MECOM,0.91423637
200,177,IGTP,RELB,0.9141052
200,33,IGTP,CSTF2,0.91336787
200,137,IGTP,MYCN,0.91152555
200,318,IGTP,GANAB,0.91133773
200,580,IGTP,MLLT3,0.91120857
200,534,IGTP,MORC3,0.91100186
200,402,IGTP,EIF1AD,0.9106038
200,590,IGTP,IL12A,0.9084623
200,263,IGTP,JUN,0.9082803
200,367,IGTP,HCFC1,0.90825003
200,363,IGTP,MYC,0.9077101
200,165,IGTP,GTF2H1,0.90743417
200,488,IGTP,FGFR1OP,0.9074114
200,277,IGTP,RTP4,0.9066527
200,57,IGTP,OASL2,0.9066457
200,351,IGTP,ERCC8,0.90569735
200,209,IGTP,ZBTB16,0.9055628
200,28,IGTP,NFE2,0.9047672
354,28,IIGP1,NFE2,0.8983601
354,357,IIGP1,MEIS1,0.89649427
354,78,IIGP1,MECOM,0.8962682
354,622,IIGP1,KRT18,0.8935833
354,137,IIGP1,MYCN,0.89262396
354,57,IIGP1,OASL2,0.89194083
354,277,IIGP1,RTP4,0.89194053
354,504,IIGP1,IFI44,0.89110327
354,183,IIGP1,XAF1,0.89094
354,410,IIGP1,SMARCA2,0.8899257
354,283,IIGP1,EGR1,0.88864714
354,47,IIGP1,FGL2,0.8876097
354,518,IIGP1,PHF10,0.88750607
354,146,IIGP1,SCARF1,0.88749105
354,128,IIGP1,APLP2,0.8874411
354,0,IIGP1,OTUD6B,0.8873572
354,8,IIGP1,ATAD1,0.8873572
354,136,IIGP1,TACC3,0.8873572
354,150,IIGP1,SORT1,0.8873572
354,396,IIGP1,RUVBL2,0.8873572
354,432,IIGP1,HDC,0.8873572
354,450,IIGP1,MAGED1,0.8873572
354,514,IIGP1,PAK1,0.8873572
354,519,IIGP1,AGPS,0.8873572
354,524,IIGP1,TBC1D10C,0.8873572
354,595,IIGP1,CSF3R,0.8873572
354,81,IIGP1,HDAC11,0.88636285
354,198,IIGP1,NDN,0.885806
354,362,IIGP1,PTGS1,0.88568705
354,404,IIGP1,FTSJ3,0.885481
354,33,IIGP1,CSTF2,0.8854538
354,263,IIGP1,JUN,0.884927
354,2,IIGP1,PPP1R15A,0.8849047
354,140,IIGP1,ANXA3,0.8849047
354,194,IIGP1,GOLPH3,0.8849047
354,441,IIGP1,EBF1,0.8849047
354,546,IIGP1,PROCR,0.8849047
354,564,IIGP1,MFNG,0.88467485
354,190,IIGP1,RAD51,0.8843264
354,553,IIGP1,DHFR,0.8843264
354,367,IIGP1,HCFC1,0.88415396
354,394,IIGP1,MAPK1,0.88385445
354,251,IIGP1,IRF6,0.8836629
354,486,IIGP1,NFKBIA,0.88339585
354,554,IIGP1,CDT1,0.88287765
354,590,IIGP1,IL12A,0.88253915
354,210,IIGP1,PNO1,0.8824361
354,232,IIGP1,ICAM1,0.88227135
354,440,IIGP1,TMEM97,0.8819445
354,464,IIGP1,ZNRF2,0.8819445
29,81,IKZF1,HDAC11,0.8882803
29,514,IKZF1,PAK1,0.8856233
29,0,IKZF1,OTUD6B,0.88556385
29,8,IKZF1,ATAD1,0.88556385
29,128,IKZF1,APLP2,0.88556385
29,136,IKZF1,TACC3,0.88556385
29,150,IKZF1,SORT1,0.88556385
29,432,IKZF1,HDC,0.88556385
29,450,IKZF1,MAGED1,0.88556385
29,519,IKZF1,AGPS,0.88556385
29,524,IKZF1,TBC1D10C,0.88556385
29,595,IKZF1,CSF3R,0.88537496
29,396,IKZF1,RUVBL2,0.8853488
29,554,IKZF1,CDT1,0.8824014
29,209,IKZF1,ZBTB16,0.8814889
29,34,IKZF1,MAML3,0.88006204
29,331,IKZF1,PIM2,0.87381
29,410,IKZF1,SMARCA2,0.87096864
29,292,IKZF1,HDAC7,0.86875755
29,429,IKZF1,GFI1B,0.86767787
29,440,IKZF1,TMEM97,0.86230123
29,464,IKZF1,ZNRF2,0.86230123
29,161,IKZF1,JARID2,0.861214
29,255,IKZF1,CD74,0.85918576
29,289,IKZF1,GT(ROSA)26SOR,0.8591802
29,404,IKZF1,FTSJ3,0.8547567
29,351,IKZF1,ERCC8,0.8509355
29,183,IKZF1,XAF1,0.85020167
29,199,IKZF1,E2F4,0.84992504
29,210,IKZF1,PNO1,0.84793746
29,186,IKZF1,STT3B,0.843991
29,50,IKZF1,NFAT5,0.8434356
29,486,IKZF1,NFKBIA,0.8406579
29,73,IKZF1,RORC,0.83728737
29,177,IKZF1,RELB,0.835255
29,200,IKZF1,IGTP,0.83227235
29,609,IKZF1,UBA7,0.83227235
29,504,IKZF1,IFI44,0.83197176
29,439,IKZF1,DDX20,0.83073837
29,33,IKZF1,CSTF2,0.82972354
29,28,IKZF1,NFE2,0.82562333
29,357,IKZF1,MEIS1,0.82310224
29,318,IKZF1,GANAB,0.82072574
29,363,IKZF1,MYC,0.8194945
29,137,IKZF1,MYCN,0.81922734
29,475,IKZF1,BCL2,0.8180557
29,590,IKZF1,IL12A,0.8176919
29,402,IKZF1,EIF1AD,0.8158117
29,67,IKZF1,HDAC2,0.8135826
29,367,IKZF1,HCFC1,0.8123607
590,410,IL12A,SMARCA2,0.9096473
590,554,IL12A,CDT1,0.90600795
590,0,IL12A,OTUD6B,0.9044497
590,8,IL12A,ATAD1,0.9044497
590,128,IL12A,APLP2,0.9044497
590,136,IL12A,TACC3,0.9044497
590,396,IL12A,RUVBL2,0.9044497
590,432,IL12A,HDC,0.9044497
590,450,IL12A,MAGED1,0.9044497
590,514,IL12A,PAK1,0.9044497
590,519,IL12A,AGPS,0.9044497
590,524,IL12A,TBC1D10C,0.9044497
590,595,IL12A,CSF3R,0.9044497
590,150,IL12A,SORT1,0.9027523
590,429,IL12A,GFI1B,0.9014758
590,81,IL12A,HDAC11,0.9014355
590,331,IL12A,PIM2,0.89740777
590,161,IL12A,JARID2,0.8972963
590,440,IL12A,TMEM97,0.8972815
590,255,IL12A,CD74,0.8948795
590,289,IL12A,GT(ROSA)26SOR,0.8948795
590,404,IL12A,FTSJ3,0.8921125
590,464,IL12A,ZNRF2,0.8912372
590,210,IL12A,PNO1,0.89062935
590,34,IL12A,MAML3,0.8894645
590,73,IL12A,RORC,0.88938105
590,199,IL12A,E2F4,0.8883524
590,209,IL12A,ZBTB16,0.8859353
590,200,IL12A,IGTP,0.883626
590,183,IL12A,XAF1,0.88342845
590,504,IL12A,IFI44,0.88342845
590,609,IL12A,UBA7,0.88342845
590,486,IL12A,NFKBIA,0.8813642
590,177,IL12A,RELB,0.8769827
590,292,IL12A,HDAC7,0.8752563
590,33,IL12A,CSTF2,0.8738083
590,475,IL12A,BCL2,0.873567
590,137,IL12A,MYCN,0.87225264
590,50,IL12A,NFAT5,0.87119085
590,357,IL12A,MEIS1,0.8711326
590,28,IL12A,NFE2,0.8703032
590,318,IL12A,GANAB,0.8695289
590,351,IL12A,ERCC8,0.86911243
590,67,IL12A,HDAC2,0.8672103
590,367,IL12A,HCFC1,0.86691135
590,277,IL12A,RTP4,0.8665782
590,78,IL12A,MECOM,0.8665393
590,57,IL12A,OASL2,0.86634725
590,363,IL12A,MYC,0.8646369
590,186,IL12A,STT3B,0.8596957
96,28,IL21R,NFE2,0.8983655
96,357,IL21R,MEIS1,0.89642894
96,78,IL21R,MECOM,0.8962374
96,429,IL21R,GFI1B,0.8955829
96,137,IL21R,MYCN,0.89262396
96,57,IL21R,OASL2,0.89197755
96,277,IL21R,RTP4,0.89194053
96,183,IL21R,XAF1,0.89110327
96,200,IL21R,IGTP,0.89110327
96,504,IL21R,IFI44,0.89110327
96,609,IL21R,UBA7,0.89110327
96,410,IL21R,SMARCA2,0.8899257
96,580,IL21R,MLLT3,0.88906777
96,331,IL21R,PIM2,0.88873565
96,283,IL21R,EGR1,0.88864714
96,518,IL21R,PHF10,0.88764507
96,0,IL21R,OTUD6B,0.8873572
96,8,IL21R,ATAD1,0.8873572
96,128,IL21R,APLP2,0.8873572
96,136,IL21R,TACC3,0.8873572
96,150,IL21R,SORT1,0.8873572
96,396,IL21R,RUVBL2,0.8873572
96,450,IL21R,MAGED1,0.8873572
96,514,IL21R,PAK1,0.8873572
96,519,IL21R,AGPS,0.8873572
96,524,IL21R,TBC1D10C,0.8873572
96,595,IL21R,CSF3R,0.8873572
96,432,IL21R,HDC,0.8873564
96,81,IL21R,HDAC11,0.88636285
96,198,IL21R,NDN,0.8857787
96,404,IL21R,FTSJ3,0.8855358
96,33,IL21R,CSTF2,0.88539034
96,47,IL21R,FGL2,0.8851272
96,263,IL21R,JUN,0.884927
96,2,IL21R,PPP1R15A,0.8849047
96,146,IL21R,SCARF1,0.8849047
96,194,IL21R,GOLPH3,0.8849047
96,362,IL21R,PTGS1,0.8849047
96,441,IL21R,EBF1,0.8849047
96,546,IL21R,PROCR,0.8849047
96,622,IL21R,KRT18,0.8849047
96,564,IL21R,MFNG,0.88467485
96,190,IL21R,RAD51,0.8843264
96,553,IL21R,DHFR,0.8843264
96,367,IL21R,HCFC1,0.88415396
96,394,IL21R,MAPK1,0.8838468
96,140,IL21R,ANXA3,0.88380176
96,251,IL21R,IRF6,0.8836629
96,34,IL21R,MAML3,0.8834213
96,486,IL21R,NFKBIA,0.88339585
383,28,IL27RA,NFE2,0.8983655
383,357,IL27RA,MEIS1,0.89649427
383,78,IL27RA,MECOM,0.8962374
383,137,IL27RA,MYCN,0.89262396
383,277,IL27RA,RTP4,0.89194053
383,57,IL27RA,OASL2,0.8919242
383,183,IL27RA,XAF1,0.89110327
383,200,IL27RA,IGTP,0.89110327
383,504,IL27RA,IFI44,0.89110327
383,609,IL27RA,UBA7,0.89110327
383,410,IL27RA,SMARCA2,0.8899257
383,283,IL27RA,EGR1,0.88864714
383,518,IL27RA,PHF10,0.88764507
383,0,IL27RA,OTUD6B,0.8873907
383,8,IL27RA,ATAD1,0.8873572
383,128,IL27RA,APLP2,0.8873572
383,136,IL27RA,TACC3,0.8873572
383,150,IL27RA,SORT1,0.8873572
383,396,IL27RA,RUVBL2,0.8873572
383,432,IL27RA,HDC,0.8873572
383,450,IL27RA,MAGED1,0.8873572
383,514,IL27RA,PAK1,0.8873572
383,519,IL27RA,AGPS,0.8873572
383,524,IL27RA,TBC1D10C,0.8873572
383,595,IL27RA,CSF3R,0.8873572
383,81,IL27RA,HDAC11,0.88636285
383,198,IL27RA,NDN,0.8857979
383,404,IL27RA,FTSJ3,0.8855358
383,263,IL27RA,JUN,0.884927
383,2,IL27RA,PPP1R15A,0.8849047
383,47,IL27RA,FGL2,0.8849047
383,146,IL27RA,SCARF1,0.8849047
383,194,IL27RA,GOLPH3,0.8849047
383,362,IL27RA,PTGS1,0.8849047
383,441,IL27RA,EBF1,0.8849047
383,546,IL27RA,PROCR,0.8849047
383,622,IL27RA,KRT18,0.8849047
383,564,IL27RA,MFNG,0.88467485
383,190,IL27RA,RAD51,0.8843264
383,553,IL27RA,DHFR,0.8843264
383,367,IL27RA,HCFC1,0.88415396
383,394,IL27RA,MAPK1,0.8838468
383,251,IL27RA,IRF6,0.8836629
383,34,IL27RA,MAML3,0.8834213
383,486,IL27RA,NFKBIA,0.88339585
383,590,IL27RA,IL12A,0.88253915
383,210,IL27RA,PNO1,0.8824361
383,232,IL27RA,ICAM1,0.88227135
383,440,IL27RA,TMEM97,0.8819445
383,464,IL27RA,ZNRF2,0.8819445
248,28,INO80D,NFE2,0.898267
248,357,INO80D,MEIS1,0.89649427
248,78,INO80D,MECOM,0.8962374
248,210,INO80D,PNO1,0.89395386
248,137,INO80D,MYCN,0.89262396
248,57,INO80D,OASL2,0.89194083
248,277,INO80D,RTP4,0.89194053
248,183,INO80D,XAF1,0.89110327
248,200,INO80D,IGTP,0.89110327
248,504,INO80D,IFI44,0.89110327
248,609,INO80D,UBA7,0.89110327
248,410,INO80D,SMARCA2,0.8899257
248,283,INO80D,EGR1,0.88864714
248,146,INO80D,SCARF1,0.88852304
248,518,INO80D,PHF10,0.88764507
248,396,INO80D,RUVBL2,0.88735914
248,8,INO80D,ATAD1,0.8873572
248,128,INO80D,APLP2,0.8873572
248,150,INO80D,SORT1,0.8873572
248,432,INO80D,HDC,0.8873572
248,450,INO80D,MAGED1,0.8873572
248,514,INO80D,PAK1,0.8873572
248,519,INO80D,AGPS,0.8873572
248,524,INO80D,TBC1D10C,0.8873572
248,595,INO80D,CSF3R,0.8873572
248,136,INO80D,TACC3,0.8873564
248,0,INO80D,OTUD6B,0.8872829
248,81,INO80D,HDAC11,0.88636285
248,198,INO80D,NDN,0.8857979
248,404,INO80D,FTSJ3,0.8855358
248,33,INO80D,CSTF2,0.8854538
248,2,INO80D,PPP1R15A,0.8849424
248,263,INO80D,JUN,0.884927
248,47,INO80D,FGL2,0.8849047
248,194,INO80D,GOLPH3,0.8849047
248,362,INO80D,PTGS1,0.8849047
248,441,INO80D,EBF1,0.8849047
248,546,INO80D,PROCR,0.8849047
248,622,INO80D,KRT18,0.8849047
248,564,INO80D,MFNG,0.88467485
248,553,INO80D,DHFR,0.88433087
248,367,INO80D,HCFC1,0.88415396
248,394,INO80D,MAPK1,0.8838468
248,251,INO80D,IRF6,0.8836629
248,486,INO80D,NFKBIA,0.88339585
248,190,INO80D,RAD51,0.8830442
248,554,INO80D,CDT1,0.88287765
248,590,INO80D,IL12A,0.88253915
248,232,INO80D,ICAM1,0.88226897
248,440,INO80D,TMEM97,0.8819445
461,28,INPP5B,NFE2,0.8983655
461,357,INPP5B,MEIS1,0.89649427
461,78,INPP5B,MECOM,0.8962374
461,137,INPP5B,MYCN,0.89242125
461,57,INPP5B,OASL2,0.89194083
461,277,INPP5B,RTP4,0.89194053
461,183,INPP5B,XAF1,0.8911502
461,200,INPP5B,IGTP,0.89110327
461,504,INPP5B,IFI44,0.89104354
461,410,INPP5B,SMARCA2,0.8899257
461,609,INPP5B,UBA7,0.88961077
461,283,INPP5B,EGR1,0.88864714
461,518,INPP5B,PHF10,0.88764507
461,8,INPP5B,ATAD1,0.8873572
461,128,INPP5B,APLP2,0.8873572
461,136,INPP5B,TACC3,0.8873572
461,150,INPP5B,SORT1,0.8873572
461,396,INPP5B,RUVBL2,0.8873572
461,432,INPP5B,HDC,0.8873572
461,450,INPP5B,MAGED1,0.8873572
461,514,INPP5B,PAK1,0.8873572
461,519,INPP5B,AGPS,0.8873572
461,524,INPP5B,TBC1D10C,0.8873572
461,595,INPP5B,CSF3R,0.8873572
461,0,INPP5B,OTUD6B,0.8872543
461,81,INPP5B,HDAC11,0.88636285
461,198,INPP5B,NDN,0.8857979
461,33,INPP5B,CSTF2,0.8854538
461,263,INPP5B,JUN,0.884927
461,2,INPP5B,PPP1R15A,0.8849047
461,140,INPP5B,ANXA3,0.8849047
461,146,INPP5B,SCARF1,0.8849047
461,194,INPP5B,GOLPH3,0.8849047
461,362,INPP5B,PTGS1,0.8849047
461,441,INPP5B,EBF1,0.8849047
461,622,INPP5B,KRT18,0.8849047
461,546,INPP5B,PROCR,0.88490415
461,47,INPP5B,FGL2,0.88483375
461,564,INPP5B,MFNG,0.88467485
461,553,INPP5B,DHFR,0.8843168
461,190,INPP5B,RAD51,0.8842525
461,367,INPP5B,HCFC1,0.88415396
461,394,INPP5B,MAPK1,0.8838468
461,251,INPP5B,IRF6,0.8836629
461,34,INPP5B,MAML3,0.8834213
461,486,INPP5B,NFKBIA,0.88339585
461,554,INPP5B,CDT1,0.88287765
461,590,INPP5B,IL12A,0.88253915
461,232,INPP5B,ICAM1,0.88227135
461,440,INPP5B,TMEM97,0.8819445
393,28,INTS13,NFE2,0.9027412
393,524,INTS13,TBC1D10C,0.9018872
393,128,INTS13,APLP2,0.9018843
393,357,INTS13,MEIS1,0.89649636
393,78,INTS13,MECOM,0.8962397
393,137,INTS13,MYCN,0.8926364
393,277,INTS13,RTP4,0.8919433
393,57,INTS13,OASL2,0.891937
393,200,INTS13,IGTP,0.8912263
393,504,INTS13,IFI44,0.89110696
393,609,INTS13,UBA7,0.89110696
393,410,INTS13,SMARCA2,0.8899338
393,283,INTS13,EGR1,0.8886494
393,486,INTS13,NFKBIA,0.88806945
393,518,INTS13,PHF10,0.8876568
393,595,INTS13,CSF3R,0.88747567
393,150,INTS13,SORT1,0.8874235
393,432,INTS13,HDC,0.8873905
393,450,INTS13,MAGED1,0.8873905
393,0,INTS13,OTUD6B,0.88735795
393,8,INTS13,ATAD1,0.88735795
393,136,INTS13,TACC3,0.88735795
393,396,INTS13,RUVBL2,0.88735795
393,514,INTS13,PAK1,0.88735795
393,519,INTS13,AGPS,0.88735795
393,81,INTS13,HDAC11,0.8863662
393,198,INTS13,NDN,0.8857672
393,404,INTS13,FTSJ3,0.8855369
393,33,INTS13,CSTF2,0.8854607
393,263,INTS13,JUN,0.8849301
393,622,INTS13,KRT18,0.8849117
393,47,INTS13,FGL2,0.8849065
393,140,INTS13,ANXA3,0.8849065
393,146,INTS13,SCARF1,0.8849065
393,194,INTS13,GOLPH3,0.8849065
393,441,INTS13,EBF1,0.8849065
393,546,INTS13,PROCR,0.8849065
393,564,INTS13,MFNG,0.8846856
393,190,INTS13,RAD51,0.8843287
393,553,INTS13,DHFR,0.8843152
393,367,INTS13,HCFC1,0.8841642
393,394,INTS13,MAPK1,0.883842
393,251,INTS13,IRF6,0.8836661
393,34,INTS13,MAML3,0.8834249
393,554,INTS13,CDT1,0.88287854
393,590,INTS13,IL12A,0.8825504
393,210,INTS13,PNO1,0.88244724
393,362,INTS13,PTGS1,0.8823153
393,232,INTS13,ICAM1,0.8822828
393,440,INTS13,TMEM97,0.8819474
143,28,IPO9,NFE2,0.8983655
143,78,IPO9,MECOM,0.8962374
143,137,IPO9,MYCN,0.89262396
143,277,IPO9,RTP4,0.89194053
143,57,IPO9,OASL2,0.89192724
143,183,IPO9,XAF1,0.89111525
143,200,IPO9,IGTP,0.89110327
143,504,IPO9,IFI44,0.89110327
143,609,IPO9,UBA7,0.89110327
143,410,IPO9,SMARCA2,0.8899257
143,357,IPO9,MEIS1,0.88881505
143,283,IPO9,EGR1,0.88864714
143,0,IPO9,OTUD6B,0.8874021
143,432,IPO9,HDC,0.88736963
143,128,IPO9,APLP2,0.8873572
143,136,IPO9,TACC3,0.8873572
143,150,IPO9,SORT1,0.8873572
143,396,IPO9,RUVBL2,0.8873572
143,450,IPO9,MAGED1,0.8873572
143,519,IPO9,AGPS,0.8873572
143,524,IPO9,TBC1D10C,0.8873572
143,595,IPO9,CSF3R,0.8873572
143,8,IPO9,ATAD1,0.8873467
143,514,IPO9,PAK1,0.8872954
143,81,IPO9,HDAC11,0.88636285
143,198,IPO9,NDN,0.8857979
143,404,IPO9,FTSJ3,0.8855358
143,33,IPO9,CSTF2,0.8854538
143,362,IPO9,PTGS1,0.88497007
143,263,IPO9,JUN,0.884927
143,140,IPO9,ANXA3,0.8849264
143,146,IPO9,SCARF1,0.8849264
143,2,IPO9,PPP1R15A,0.8849098
143,47,IPO9,FGL2,0.8849047
143,194,IPO9,GOLPH3,0.8849047
143,441,IPO9,EBF1,0.8849047
143,546,IPO9,PROCR,0.8849047
143,622,IPO9,KRT18,0.8849047
143,564,IPO9,MFNG,0.88467485
143,190,IPO9,RAD51,0.8843264
143,553,IPO9,DHFR,0.8843264
143,367,IPO9,HCFC1,0.88415396
143,394,IPO9,MAPK1,0.8838468
143,251,IPO9,IRF6,0.8836629
143,34,IPO9,MAML3,0.8834213
143,486,IPO9,NFKBIA,0.88339585
143,554,IPO9,CDT1,0.88286567
143,210,IPO9,PNO1,0.8824361
143,232,IPO9,ICAM1,0.88227135
143,464,IPO9,ZNRF2,0.88201284
251,410,IRF6,SMARCA2,0.92834353
251,554,IRF6,CDT1,0.9275316
251,199,IRF6,E2F4,0.9262596
251,404,IRF6,FTSJ3,0.9236705
251,81,IRF6,HDAC11,0.92312115
251,396,IRF6,RUVBL2,0.92282873
251,8,IRF6,ATAD1,0.9228065
251,128,IRF6,APLP2,0.9228065
251,150,IRF6,SORT1,0.9228065
251,432,IRF6,HDC,0.9228065
251,450,IRF6,MAGED1,0.9228065
251,514,IRF6,PAK1,0.9228065
251,519,IRF6,AGPS,0.9228065
251,524,IRF6,TBC1D10C,0.9228065
251,595,IRF6,CSF3R,0.9228065
251,136,IRF6,TACC3,0.92280626
251,0,IRF6,OTUD6B,0.9227149
251,183,IRF6,XAF1,0.9222925
251,200,IRF6,IGTP,0.9222925
251,504,IRF6,IFI44,0.9222925
251,609,IRF6,UBA7,0.9222925
251,331,IRF6,PIM2,0.92015797
251,210,IRF6,PNO1,0.91758955
251,161,IRF6,JARID2,0.91756064
251,289,IRF6,GT(ROSA)26SOR,0.91429925
251,255,IRF6,CD74,0.91420996
251,440,IRF6,TMEM97,0.9133042
251,464,IRF6,ZNRF2,0.9133042
251,73,IRF6,RORC,0.91141045
251,137,IRF6,MYCN,0.90975213
251,351,IRF6,ERCC8,0.90961134
251,209,IRF6,ZBTB16,0.90905446
251,486,IRF6,NFKBIA,0.90522337
251,50,IRF6,NFAT5,0.9048015
251,475,IRF6,BCL2,0.8998629
251,186,IRF6,STT3B,0.8993056
251,292,IRF6,HDAC7,0.89917743
251,33,IRF6,CSTF2,0.8988869
251,580,IRF6,MLLT3,0.8982381
251,67,IRF6,HDAC2,0.89718306
251,590,IRF6,IL12A,0.89670545
251,78,IRF6,MECOM,0.89466554
251,277,IRF6,RTP4,0.8940392
251,57,IRF6,OASL2,0.89403576
251,177,IRF6,RELB,0.8935538
251,318,IRF6,GANAB,0.8920424
251,293,IRF6,IRF7,0.89203006
251,165,IRF6,GTF2H1,0.89143753
251,363,IRF6,MYC,0.8907226
251,357,IRF6,MEIS1,0.88985956
293,410,IRF7,SMARCA2,0.9249954
293,137,IRF7,MYCN,0.92473704
293,183,IRF7,XAF1,0.9247237
293,200,IRF7,IGTP,0.9247237
293,609,IRF7,UBA7,0.9247237
293,504,IRF7,IFI44,0.9247075
293,78,IRF7,MECOM,0.9236618
293,161,IRF7,JARID2,0.9210771
293,73,IRF7,RORC,0.9203951
293,429,IRF7,GFI1B,0.92013717
293,404,IRF7,FTSJ3,0.9191048
293,486,IRF7,NFKBIA,0.919075
293,554,IRF7,CDT1,0.91880816
293,440,IRF7,TMEM97,0.9186779
293,464,IRF7,ZNRF2,0.9186779
293,210,IRF7,PNO1,0.9181138
293,50,IRF7,NFAT5,0.9180581
293,595,IRF7,CSF3R,0.91682905
293,255,IRF7,CD74,0.916754
293,289,IRF7,GT(ROSA)26SOR,0.916754
293,67,IRF7,HDAC2,0.9164312
293,177,IRF7,RELB,0.91485846
293,33,IRF7,CSTF2,0.91446555
293,0,IRF7,OTUD6B,0.9141568
293,8,IRF7,ATAD1,0.9141568
293,128,IRF7,APLP2,0.9141568
293,150,IRF7,SORT1,0.9141568
293,396,IRF7,RUVBL2,0.9141568
293,432,IRF7,HDC,0.9141568
293,450,IRF7,MAGED1,0.9141568
293,514,IRF7,PAK1,0.9141568
293,519,IRF7,AGPS,0.9141568
293,524,IRF7,TBC1D10C,0.9141568
293,136,IRF7,TACC3,0.91409403
293,263,IRF7,JUN,0.91363496
293,57,IRF7,OASL2,0.91353995
293,199,IRF7,E2F4,0.91316247
293,367,IRF7,HCFC1,0.91315025
293,318,IRF7,GANAB,0.912431
293,590,IRF7,IL12A,0.91226053
293,357,IRF7,MEIS1,0.9120128
293,28,IRF7,NFE2,0.91154927
293,81,IRF7,HDAC11,0.9114277
293,518,IRF7,PHF10,0.9106789
293,331,IRF7,PIM2,0.910176
293,580,IRF7,MLLT3,0.90985864
293,363,IRF7,MYC,0.90985316
293,251,IRF7,IRF6,0.90603906
293,559,IRF7,RUNX1T1,0.90497816
293,426,IRF7,PRPF4,0.9046389
27,81,IRF8,HDAC11,0.9170205
27,554,IRF8,CDT1,0.9156517
27,514,IRF8,PAK1,0.91389596
27,0,IRF8,OTUD6B,0.9138427
27,8,IRF8,ATAD1,0.9138427
27,128,IRF8,APLP2,0.9138427
27,136,IRF8,TACC3,0.9138427
27,150,IRF8,SORT1,0.9138427
27,432,IRF8,HDC,0.9138427
27,450,IRF8,MAGED1,0.9138427
27,519,IRF8,AGPS,0.9138427
27,524,IRF8,TBC1D10C,0.9138427
27,595,IRF8,CSF3R,0.9137132
27,396,IRF8,RUVBL2,0.91367286
27,331,IRF8,PIM2,0.9087093
27,199,IRF8,E2F4,0.90818167
27,34,IRF8,MAML3,0.9080599
27,404,IRF8,FTSJ3,0.9061095
27,429,IRF8,GFI1B,0.90600455
27,410,IRF8,SMARCA2,0.9050512
27,209,IRF8,ZBTB16,0.90185064
27,351,IRF8,ERCC8,0.9007076
27,161,IRF8,JARID2,0.9001188
27,200,IRF8,IGTP,0.89959836
27,609,IRF8,UBA7,0.89959836
27,440,IRF8,TMEM97,0.8995264
27,464,IRF8,ZNRF2,0.8995264
27,504,IRF8,IFI44,0.89937305
27,183,IRF8,XAF1,0.89862406
27,255,IRF8,CD74,0.8972235
27,289,IRF8,GT(ROSA)26SOR,0.89721763
27,292,IRF8,HDAC7,0.8959508
27,137,IRF8,MYCN,0.8947763
27,210,IRF8,PNO1,0.8939601
27,186,IRF8,STT3B,0.892637
27,50,IRF8,NFAT5,0.88434255
27,486,IRF8,NFKBIA,0.88367903
27,177,IRF8,RELB,0.8791482
27,402,IRF8,EIF1AD,0.8790375
27,73,IRF8,RORC,0.8782575
27,33,IRF8,CSTF2,0.87687665
27,439,IRF8,DDX20,0.87536657
27,318,IRF8,GANAB,0.87403375
27,590,IRF8,IL12A,0.87399435
27,357,IRF8,MEIS1,0.8737165
27,367,IRF8,HCFC1,0.87307084
27,67,IRF8,HDAC2,0.87299335
27,28,IRF8,NFE2,0.87295336
27,580,IRF8,MLLT3,0.8719888
27,57,IRF8,OASL2,0.8703139
64,410,IRF9,SMARCA2,0.9215802
64,595,IRF9,CSF3R,0.9153373
64,161,IRF9,JARID2,0.9149798
64,429,IRF9,GFI1B,0.9149122
64,554,IRF9,CDT1,0.9143194
64,183,IRF9,XAF1,0.9139162
64,200,IRF9,IGTP,0.9139162
64,504,IRF9,IFI44,0.9139162
64,609,IRF9,UBA7,0.9139162
64,73,IRF9,RORC,0.9122781
64,464,IRF9,ZNRF2,0.91183853
64,255,IRF9,CD74,0.9108267
64,289,IRF9,GT(ROSA)26SOR,0.9108267
64,78,IRF9,MECOM,0.9107821
64,137,IRF9,MYCN,0.9096902
64,0,IRF9,OTUD6B,0.90965426
64,8,IRF9,ATAD1,0.90965426
64,128,IRF9,APLP2,0.90965426
64,150,IRF9,SORT1,0.90965426
64,396,IRF9,RUVBL2,0.90965426
64,432,IRF9,HDC,0.90965426
64,514,IRF9,PAK1,0.90965426
64,519,IRF9,AGPS,0.90965426
64,524,IRF9,TBC1D10C,0.90965426
64,450,IRF9,MAGED1,0.90963316
64,136,IRF9,TACC3,0.9096041
64,440,IRF9,TMEM97,0.908631
64,210,IRF9,PNO1,0.90845895
64,486,IRF9,NFKBIA,0.9074548
64,81,IRF9,HDAC11,0.90730363
64,50,IRF9,NFAT5,0.90692025
64,331,IRF9,PIM2,0.904993
64,404,IRF9,FTSJ3,0.9041959
64,177,IRF9,RELB,0.9041317
64,67,IRF9,HDAC2,0.9039461
64,33,IRF9,CSTF2,0.9025792
64,357,IRF9,MEIS1,0.900746
64,199,IRF9,E2F4,0.9006187
64,367,IRF9,HCFC1,0.90024936
64,318,IRF9,GANAB,0.9001932
64,263,IRF9,JUN,0.8997058
64,277,IRF9,RTP4,0.89960605
64,57,IRF9,OASL2,0.8996043
64,590,IRF9,IL12A,0.89931107
64,28,IRF9,NFE2,0.89896053
64,363,IRF9,MYC,0.89607483
64,34,IRF9,MAML3,0.8951109
64,580,IRF9,MLLT3,0.8934777
64,436,IRF9,RARB,0.89252645
64,209,IRF9,ZBTB16,0.8921205
588,150,IRGM2,SORT1,0.90149224
588,28,IRGM2,NFE2,0.89850587
588,357,IRGM2,MEIS1,0.89649636
588,78,IRGM2,MECOM,0.8962397
588,622,IRGM2,KRT18,0.89359236
588,137,IRGM2,MYCN,0.8926364
588,277,IRGM2,RTP4,0.8919433
588,57,IRGM2,OASL2,0.891884
588,200,IRGM2,IGTP,0.8912263
588,504,IRGM2,IFI44,0.8911189
588,183,IRGM2,XAF1,0.89110696
588,410,IRGM2,SMARCA2,0.8899338
588,283,IRGM2,EGR1,0.8886494
588,518,IRGM2,PHF10,0.88751256
588,0,IRGM2,OTUD6B,0.88735795
588,8,IRGM2,ATAD1,0.88735795
588,128,IRGM2,APLP2,0.88735795
588,136,IRGM2,TACC3,0.88735795
588,396,IRGM2,RUVBL2,0.88735795
588,432,IRGM2,HDC,0.88735795
588,514,IRGM2,PAK1,0.88735795
588,519,IRGM2,AGPS,0.88735795
588,524,IRGM2,TBC1D10C,0.88735795
588,595,IRGM2,CSF3R,0.88735795
588,81,IRGM2,HDAC11,0.8863662
588,198,IRGM2,NDN,0.8857864
588,404,IRGM2,FTSJ3,0.8855369
588,33,IRGM2,CSTF2,0.8854648
588,263,IRGM2,JUN,0.8849301
588,2,IRGM2,PPP1R15A,0.8849065
588,47,IRGM2,FGL2,0.8849065
588,140,IRGM2,ANXA3,0.8849065
588,146,IRGM2,SCARF1,0.8849065
588,194,IRGM2,GOLPH3,0.8849065
588,362,IRGM2,PTGS1,0.8849065
588,441,IRGM2,EBF1,0.8849065
588,546,IRGM2,PROCR,0.88489676
588,564,IRGM2,MFNG,0.8846856
588,190,IRGM2,RAD51,0.8843152
588,553,IRGM2,DHFR,0.8843152
588,367,IRGM2,HCFC1,0.8841642
588,394,IRGM2,MAPK1,0.88384897
588,251,IRGM2,IRF6,0.8836661
588,34,IRGM2,MAML3,0.88341236
588,486,IRGM2,NFKBIA,0.88340676
588,554,IRGM2,CDT1,0.88287854
588,590,IRGM2,IL12A,0.8825504
588,210,IRGM2,PNO1,0.8824391
588,232,IRGM2,ICAM1,0.8822828
588,440,IRGM2,TMEM97,0.88201565
129,357,ISYNA1,MEIS1,0.89649427
129,78,ISYNA1,MECOM,0.8961529
129,367,ISYNA1,HCFC1,0.8941839
129,622,ISYNA1,KRT18,0.8935833
129,28,ISYNA1,NFE2,0.89311856
129,137,ISYNA1,MYCN,0.89262396
129,57,ISYNA1,OASL2,0.89194083
129,277,ISYNA1,RTP4,0.89194053
129,609,ISYNA1,UBA7,0.8911281
129,183,ISYNA1,XAF1,0.89110327
129,200,ISYNA1,IGTP,0.89110327
129,504,ISYNA1,IFI44,0.89110327
129,283,ISYNA1,EGR1,0.88864714
129,518,ISYNA1,PHF10,0.88764507
129,524,ISYNA1,TBC1D10C,0.88735867
129,0,ISYNA1,OTUD6B,0.8873572
129,8,ISYNA1,ATAD1,0.8873572
129,128,ISYNA1,APLP2,0.8873572
129,136,ISYNA1,TACC3,0.8873572
129,150,ISYNA1,SORT1,0.8873572
129,396,ISYNA1,RUVBL2,0.8873572
129,432,ISYNA1,HDC,0.8873572
129,450,ISYNA1,MAGED1,0.8873572
129,514,ISYNA1,PAK1,0.8873572
129,595,ISYNA1,CSF3R,0.8873572
129,404,ISYNA1,FTSJ3,0.8855358
129,33,ISYNA1,CSTF2,0.8854538
129,263,ISYNA1,JUN,0.884927
129,2,ISYNA1,PPP1R15A,0.8849047
129,47,ISYNA1,FGL2,0.8849047
129,140,ISYNA1,ANXA3,0.8849047
129,146,ISYNA1,SCARF1,0.8849047
129,194,ISYNA1,GOLPH3,0.8849047
129,362,ISYNA1,PTGS1,0.8849047
129,441,ISYNA1,EBF1,0.8849047
129,546,ISYNA1,PROCR,0.8849047
129,198,ISYNA1,NDN,0.88484806
129,564,ISYNA1,MFNG,0.88467485
129,190,ISYNA1,RAD51,0.8843264
129,553,ISYNA1,DHFR,0.8843264
129,394,ISYNA1,MAPK1,0.88378215
129,251,ISYNA1,IRF6,0.8836629
129,34,ISYNA1,MAML3,0.8834213
129,486,ISYNA1,NFKBIA,0.88339585
129,554,ISYNA1,CDT1,0.88287765
129,590,ISYNA1,IL12A,0.88253915
129,210,ISYNA1,PNO1,0.88240844
129,232,ISYNA1,ICAM1,0.8820425
129,440,ISYNA1,TMEM97,0.8819445
129,177,ISYNA1,RELB,0.8818562
313,28,ITGAL,NFE2,0.8983655
313,357,ITGAL,MEIS1,0.89649427
313,78,ITGAL,MECOM,0.8962374
313,137,ITGAL,MYCN,0.89262396
313,57,ITGAL,OASL2,0.89194083
313,277,ITGAL,RTP4,0.89194053
313,200,ITGAL,IGTP,0.89129186
313,183,ITGAL,XAF1,0.89110327
313,504,ITGAL,IFI44,0.89110327
313,609,ITGAL,UBA7,0.89110327
313,410,ITGAL,SMARCA2,0.8899257
313,518,ITGAL,PHF10,0.88764507
313,0,ITGAL,OTUD6B,0.8873572
313,8,ITGAL,ATAD1,0.8873572
313,128,ITGAL,APLP2,0.8873572
313,396,ITGAL,RUVBL2,0.8873572
313,432,ITGAL,HDC,0.8873572
313,450,ITGAL,MAGED1,0.8873572
313,514,ITGAL,PAK1,0.8873572
313,519,ITGAL,AGPS,0.8873572
313,524,ITGAL,TBC1D10C,0.8873572
313,595,ITGAL,CSF3R,0.8873572
313,150,ITGAL,SORT1,0.8873476
313,81,ITGAL,HDAC11,0.88636285
313,198,ITGAL,NDN,0.8857979
313,146,ITGAL,SCARF1,0.88568705
313,33,ITGAL,CSTF2,0.8854538
313,263,ITGAL,JUN,0.884927
313,2,ITGAL,PPP1R15A,0.8849047
313,47,ITGAL,FGL2,0.8849047
313,140,ITGAL,ANXA3,0.8849047
313,194,ITGAL,GOLPH3,0.8849047
313,441,ITGAL,EBF1,0.8849047
313,546,ITGAL,PROCR,0.8849047
313,622,ITGAL,KRT18,0.88488483
313,362,ITGAL,PTGS1,0.88477767
313,564,ITGAL,MFNG,0.88467485
313,190,ITGAL,RAD51,0.8843264
313,553,ITGAL,DHFR,0.8843264
313,486,ITGAL,NFKBIA,0.8842728
313,367,ITGAL,HCFC1,0.88415396
313,394,ITGAL,MAPK1,0.8838468
313,136,ITGAL,TACC3,0.8838291
313,34,ITGAL,MAML3,0.8834213
313,554,ITGAL,CDT1,0.88277346
313,590,ITGAL,IL12A,0.8824988
313,210,ITGAL,PNO1,0.88233346
313,232,ITGAL,ICAM1,0.88227135
313,440,ITGAL,TMEM97,0.8819445
313,464,ITGAL,ZNRF2,0.8819445
456,28,ITIH5,NFE2,0.8983655
456,357,ITIH5,MEIS1,0.8964847
456,78,ITIH5,MECOM,0.8962374
456,137,ITIH5,MYCN,0.89262396
456,57,ITIH5,OASL2,0.89194083
456,200,ITIH5,IGTP,0.89110327
456,609,ITIH5,UBA7,0.89110327
456,504,ITIH5,IFI44,0.8910898
456,410,ITIH5,SMARCA2,0.88990325
456,283,ITIH5,EGR1,0.88864714
456,564,ITIH5,MFNG,0.88849646
456,595,ITIH5,CSF3R,0.88736826
456,0,ITIH5,OTUD6B,0.8873572
456,128,ITIH5,APLP2,0.8873572
456,136,ITIH5,TACC3,0.8873572
456,150,ITIH5,SORT1,0.8873572
456,432,ITIH5,HDC,0.8873572
456,450,ITIH5,MAGED1,0.8873572
456,514,ITIH5,PAK1,0.8873572
456,519,ITIH5,AGPS,0.8873467
456,8,ITIH5,ATAD1,0.88726604
456,81,ITIH5,HDAC11,0.88636285
456,198,ITIH5,NDN,0.8857979
456,404,ITIH5,FTSJ3,0.8855358
456,33,ITIH5,CSTF2,0.8854538
456,263,ITIH5,JUN,0.884927
456,2,ITIH5,PPP1R15A,0.8849047
456,47,ITIH5,FGL2,0.8849047
456,146,ITIH5,SCARF1,0.8849047
456,194,ITIH5,GOLPH3,0.8849047
456,362,ITIH5,PTGS1,0.8849047
456,546,ITIH5,PROCR,0.8849047
456,622,ITIH5,KRT18,0.8849047
456,190,ITIH5,RAD51,0.8843264
456,553,ITIH5,DHFR,0.8843264
456,367,ITIH5,HCFC1,0.88415396
456,394,ITIH5,MAPK1,0.8838468
456,251,ITIH5,IRF6,0.8836629
456,486,ITIH5,NFKBIA,0.88339585
456,34,ITIH5,MAML3,0.88338006
456,554,ITIH5,CDT1,0.88287765
456,590,ITIH5,IL12A,0.88245153
456,210,ITIH5,PNO1,0.8824361
456,140,ITIH5,ANXA3,0.88234997
456,232,ITIH5,ICAM1,0.8820425
456,464,ITIH5,ZNRF2,0.8819445
456,177,ITIH5,RELB,0.8818608
456,161,ITIH5,JARID2,0.87992513
456,606,ITIH5,ELP2,0.8797057
456,429,ITIH5,GFI1B,0.8796055
406,28,ITM2A,NFE2,0.9032888
406,78,ITM2A,MECOM,0.90202683
406,357,ITM2A,MEIS1,0.9016604
406,137,ITM2A,MYCN,0.89898616
406,277,ITM2A,RTP4,0.89783454
406,57,ITM2A,OASL2,0.8978226
406,609,ITM2A,UBA7,0.8972964
406,183,ITM2A,XAF1,0.8972724
406,200,ITM2A,IGTP,0.8972724
406,504,ITM2A,IFI44,0.8972724
406,410,ITM2A,SMARCA2,0.8952277
406,518,ITM2A,PHF10,0.8949628
406,283,ITM2A,EGR1,0.8940903
406,198,ITM2A,NDN,0.8918738
406,622,ITM2A,KRT18,0.89181983
406,564,ITM2A,MFNG,0.89154106
406,263,ITM2A,JUN,0.89133483
406,2,ITM2A,PPP1R15A,0.89107066
406,47,ITM2A,FGL2,0.89107066
406,140,ITM2A,ANXA3,0.89107066
406,146,ITM2A,SCARF1,0.89107066
406,194,ITM2A,GOLPH3,0.89107066
406,362,ITM2A,PTGS1,0.89107066
406,441,ITM2A,EBF1,0.89107066
406,546,ITM2A,PROCR,0.89107066
406,367,ITM2A,HCFC1,0.89066094
406,0,ITM2A,OTUD6B,0.8904985
406,8,ITM2A,ATAD1,0.8904673
406,524,ITM2A,TBC1D10C,0.8904673
406,128,ITM2A,APLP2,0.8904329
406,136,ITM2A,TACC3,0.8904329
406,396,ITM2A,RUVBL2,0.8904329
406,432,ITM2A,HDC,0.8904329
406,450,ITM2A,MAGED1,0.8904329
406,514,ITM2A,PAK1,0.8904329
406,519,ITM2A,AGPS,0.8904329
406,595,ITM2A,CSF3R,0.8904329
406,553,ITM2A,DHFR,0.8902757
406,190,ITM2A,RAD51,0.8902668
406,394,ITM2A,MAPK1,0.89016587
406,251,ITM2A,IRF6,0.8901007
406,150,ITM2A,SORT1,0.8897617
406,404,ITM2A,FTSJ3,0.8896653
406,81,ITM2A,HDAC11,0.8894998
406,486,ITM2A,NFKBIA,0.8893675
406,232,ITM2A,ICAM1,0.88927174
406,306,ITM2A,MYCT1,0.8888339
406,590,ITM2A,IL12A,0.88881373
406,488,ITM2A,FGFR1OP,0.888153
406,177,ITM2A,RELB,0.88803434
381,28,ITSN1,NFE2,0.8983655
381,357,ITSN1,MEIS1,0.89649427
381,78,ITSN1,MECOM,0.8962374
381,137,ITSN1,MYCN,0.89262396
381,57,ITSN1,OASL2,0.89194083
381,277,ITSN1,RTP4,0.89194053
381,200,ITSN1,IGTP,0.89110327
381,504,ITSN1,IFI44,0.89110327
381,609,ITSN1,UBA7,0.89110327
381,410,ITSN1,SMARCA2,0.8899257
381,554,ITSN1,CDT1,0.8894788
381,283,ITSN1,EGR1,0.88864714
381,518,ITSN1,PHF10,0.88764507
381,519,ITSN1,AGPS,0.8873755
381,0,ITSN1,OTUD6B,0.8873572
381,8,ITSN1,ATAD1,0.8873572
381,128,ITSN1,APLP2,0.8873572
381,396,ITSN1,RUVBL2,0.8873572
381,432,ITSN1,HDC,0.8873572
381,450,ITSN1,MAGED1,0.8873572
381,514,ITSN1,PAK1,0.8873572
381,524,ITSN1,TBC1D10C,0.8873572
381,595,ITSN1,CSF3R,0.8873572
381,150,ITSN1,SORT1,0.8873476
381,136,ITSN1,TACC3,0.8872829
381,33,ITSN1,CSTF2,0.8863679
381,81,ITSN1,HDAC11,0.8863253
381,198,ITSN1,NDN,0.8858951
381,404,ITSN1,FTSJ3,0.8855358
381,263,ITSN1,JUN,0.884927
381,2,ITSN1,PPP1R15A,0.8849047
381,47,ITSN1,FGL2,0.8849047
381,140,ITSN1,ANXA3,0.8849047
381,146,ITSN1,SCARF1,0.8849047
381,194,ITSN1,GOLPH3,0.8849047
381,362,ITSN1,PTGS1,0.8849047
381,441,ITSN1,EBF1,0.8849047
381,546,ITSN1,PROCR,0.8849047
381,622,ITSN1,KRT18,0.8849047
381,564,ITSN1,MFNG,0.8847595
381,190,ITSN1,RAD51,0.8843264
381,553,ITSN1,DHFR,0.8843264
381,367,ITSN1,HCFC1,0.88415396
381,251,ITSN1,IRF6,0.8836629
381,34,ITSN1,MAML3,0.8834213
381,486,ITSN1,NFKBIA,0.88339585
381,590,ITSN1,IL12A,0.88253915
381,210,ITSN1,PNO1,0.88240844
381,232,ITSN1,ICAM1,0.88227135
381,440,ITSN1,TMEM97,0.8819445
161,81,JARID2,HDAC11,0.9233753
161,595,JARID2,CSF3R,0.91765106
161,0,JARID2,OTUD6B,0.91753143
161,136,JARID2,TACC3,0.91753143
161,396,JARID2,RUVBL2,0.91753143
161,450,JARID2,MAGED1,0.91753143
161,524,JARID2,TBC1D10C,0.91753143
161,128,JARID2,APLP2,0.91748434
161,432,JARID2,HDC,0.91748136
161,8,JARID2,ATAD1,0.9174708
161,150,JARID2,SORT1,0.91743314
161,34,JARID2,MAML3,0.91722953
161,554,JARID2,CDT1,0.9140467
161,404,JARID2,FTSJ3,0.91127056
161,209,JARID2,ZBTB16,0.91110295
161,519,JARID2,AGPS,0.9099038
161,410,JARID2,SMARCA2,0.90814835
161,292,JARID2,HDAC7,0.9075753
161,351,JARID2,ERCC8,0.90755343
161,331,JARID2,PIM2,0.9070567
161,475,JARID2,BCL2,0.9049714
161,199,JARID2,E2F4,0.903571
161,186,JARID2,STT3B,0.9017056
161,429,JARID2,GFI1B,0.90025765
161,439,JARID2,DDX20,0.8943474
161,255,JARID2,CD74,0.8890543
161,289,JARID2,GT(ROSA)26SOR,0.88904935
161,82,JARID2,RB1,0.88742113
161,514,JARID2,PAK1,0.8873569
161,440,JARID2,TMEM97,0.88716567
161,200,JARID2,IGTP,0.8835394
161,609,JARID2,UBA7,0.8834555
161,504,JARID2,IFI44,0.8833278
161,73,JARID2,RORC,0.8807756
161,210,JARID2,PNO1,0.8804473
161,402,JARID2,EIF1AD,0.87990546
161,206,JARID2,ZDHHC6,0.87732023
161,486,JARID2,NFKBIA,0.87528735
161,50,JARID2,NFAT5,0.87260026
161,33,JARID2,CSTF2,0.8667089
161,183,JARID2,XAF1,0.86656076
161,464,JARID2,ZNRF2,0.86441517
161,137,JARID2,MYCN,0.86179703
161,534,JARID2,MORC3,0.8595771
161,590,JARID2,IL12A,0.8559335
161,363,JARID2,MYC,0.8556968
161,537,JARID2,TXNDC11,0.85516846
161,611,JARID2,ZEB2,0.85516846
161,91,JARID2,FCHO2,0.8551488
161,177,JARID2,RELB,0.85512155
468,28,JPT2,NFE2,0.8983655
468,78,JPT2,MECOM,0.8962374
468,263,JPT2,JUN,0.89538777
468,137,JPT2,MYCN,0.89262396
468,57,JPT2,OASL2,0.89194083
468,277,JPT2,RTP4,0.89194053
468,183,JPT2,XAF1,0.89110327
468,200,JPT2,IGTP,0.89110327
468,504,JPT2,IFI44,0.89110327
468,609,JPT2,UBA7,0.89110327
468,410,JPT2,SMARCA2,0.8899257
468,283,JPT2,EGR1,0.88864714
468,564,JPT2,MFNG,0.8884875
468,518,JPT2,PHF10,0.88761836
468,0,JPT2,OTUD6B,0.8873572
468,8,JPT2,ATAD1,0.8873572
468,128,JPT2,APLP2,0.8873572
468,136,JPT2,TACC3,0.8873572
468,450,JPT2,MAGED1,0.8873572
468,514,JPT2,PAK1,0.8873572
468,519,JPT2,AGPS,0.8873572
468,524,JPT2,TBC1D10C,0.8873572
468,595,JPT2,CSF3R,0.8873572
468,432,JPT2,HDC,0.88726604
468,150,JPT2,SORT1,0.88660944
468,81,JPT2,HDAC11,0.88636285
468,198,JPT2,NDN,0.8859635
468,404,JPT2,FTSJ3,0.8855358
468,33,JPT2,CSTF2,0.8854538
468,47,JPT2,FGL2,0.88494617
468,2,JPT2,PPP1R15A,0.8849047
468,140,JPT2,ANXA3,0.8849047
468,146,JPT2,SCARF1,0.8849047
468,194,JPT2,GOLPH3,0.8849047
468,362,JPT2,PTGS1,0.8849047
468,441,JPT2,EBF1,0.8849047
468,622,JPT2,KRT18,0.8849047
468,546,JPT2,PROCR,0.8848948
468,190,JPT2,RAD51,0.8843264
468,553,JPT2,DHFR,0.8843264
468,367,JPT2,HCFC1,0.88415396
468,394,JPT2,MAPK1,0.8838468
468,251,JPT2,IRF6,0.8836629
468,34,JPT2,MAML3,0.8834213
468,486,JPT2,NFKBIA,0.88339585
468,554,JPT2,CDT1,0.8827257
468,590,JPT2,IL12A,0.8825063
468,210,JPT2,PNO1,0.8824361
468,232,JPT2,ICAM1,0.8823109
468,440,JPT2,TMEM97,0.8819445
263,410,JUN,SMARCA2,0.92362624
263,183,JUN,XAF1,0.9195224
263,200,JUN,IGTP,0.9195224
263,504,JUN,IFI44,0.9195224
263,609,JUN,UBA7,0.9195224
263,429,JUN,GFI1B,0.9181366
263,161,JUN,JARID2,0.9180726
263,73,JUN,RORC,0.9174676
263,440,JUN,TMEM97,0.91687506
263,464,JUN,ZNRF2,0.91687506
263,554,JUN,CDT1,0.9168723
263,78,JUN,MECOM,0.9157593
263,137,JUN,MYCN,0.91504127
263,210,JUN,PNO1,0.91444707
263,595,JUN,CSF3R,0.9143385
263,255,JUN,CD74,0.9139566
263,289,JUN,GT(ROSA)26SOR,0.9139566
263,486,JUN,NFKBIA,0.91306734
263,50,JUN,NFAT5,0.9121763
263,450,JUN,MAGED1,0.9118016
263,524,JUN,TBC1D10C,0.9117198
263,136,JUN,TACC3,0.91171354
263,0,JUN,OTUD6B,0.91171056
263,128,JUN,APLP2,0.91171056
263,150,JUN,SORT1,0.91171056
263,396,JUN,RUVBL2,0.91171056
263,432,JUN,HDC,0.91171056
263,519,JUN,AGPS,0.91171056
263,67,JUN,HDAC2,0.911446
263,177,JUN,RELB,0.9098167
263,404,JUN,FTSJ3,0.9094618
263,81,JUN,HDAC11,0.9086839
263,33,JUN,CSTF2,0.9086661
263,331,JUN,PIM2,0.90781057
263,367,JUN,HCFC1,0.90651345
263,318,JUN,GANAB,0.9065002
263,357,JUN,MEIS1,0.9064737
263,277,JUN,RTP4,0.9062489
263,57,JUN,OASL2,0.9062403
263,590,JUN,IL12A,0.9054385
263,28,JUN,NFE2,0.9047879
263,363,JUN,MYC,0.90244955
263,580,JUN,MLLT3,0.9014405
263,518,JUN,PHF10,0.90026087
263,514,JUN,PAK1,0.8990415
263,488,JUN,FGFR1OP,0.8988386
263,559,JUN,RUNX1T1,0.89721775
263,165,JUN,GTF2H1,0.8967339
263,426,JUN,PRPF4,0.89666617
263,34,JUN,MAML3,0.8966543
195,28,KAT7,NFE2,0.90317637
195,78,KAT7,MECOM,0.9018967
195,357,KAT7,MEIS1,0.9015401
195,277,KAT7,RTP4,0.8977222
195,57,KAT7,OASL2,0.8977075
195,609,KAT7,UBA7,0.8973617
195,183,KAT7,XAF1,0.8971481
195,200,KAT7,IGTP,0.8971481
195,504,KAT7,IFI44,0.8971481
195,232,KAT7,ICAM1,0.8956032
195,410,KAT7,SMARCA2,0.89522475
195,283,KAT7,EGR1,0.8945284
195,177,KAT7,RELB,0.89315516
195,33,KAT7,CSTF2,0.89171904
195,198,KAT7,NDN,0.89163154
195,263,KAT7,JUN,0.89119595
195,622,KAT7,KRT18,0.89114904
195,47,KAT7,FGL2,0.89093035
195,140,KAT7,ANXA3,0.89093035
195,146,KAT7,SCARF1,0.89093035
195,362,KAT7,PTGS1,0.89093035
195,441,KAT7,EBF1,0.89093035
195,546,KAT7,PROCR,0.89093035
195,2,KAT7,PPP1R15A,0.8909297
195,194,KAT7,GOLPH3,0.89084923
195,367,KAT7,HCFC1,0.89065343
195,0,KAT7,OTUD6B,0.8904282
195,8,KAT7,ATAD1,0.8904282
195,128,KAT7,APLP2,0.8904282
195,396,KAT7,RUVBL2,0.8904282
195,450,KAT7,MAGED1,0.8904282
195,514,KAT7,PAK1,0.8904282
195,519,KAT7,AGPS,0.8904282
195,595,KAT7,CSF3R,0.8904282
195,136,KAT7,TACC3,0.89035624
195,553,KAT7,DHFR,0.89008814
195,190,KAT7,RAD51,0.8900392
195,394,KAT7,MAPK1,0.8900221
195,251,KAT7,IRF6,0.88996243
195,404,KAT7,FTSJ3,0.8896656
195,81,KAT7,HDAC11,0.889528
195,150,KAT7,SORT1,0.8893866
195,486,KAT7,NFKBIA,0.8893519
195,327,KAT7,KCTD12,0.88880986
195,590,KAT7,IL12A,0.88879997
195,34,KAT7,MAML3,0.88695943
195,440,KAT7,TMEM97,0.88679624
195,464,KAT7,ZNRF2,0.88679624
195,554,KAT7,CDT1,0.8867617
195,606,KAT7,ELP2,0.88620406
327,81,KCTD12,HDAC11,0.9276841
327,404,KCTD12,FTSJ3,0.92649734
327,410,KCTD12,SMARCA2,0.9250654
327,554,KCTD12,CDT1,0.9247971
327,199,KCTD12,E2F4,0.9215901
327,429,KCTD12,GFI1B,0.91966546
327,0,KCTD12,OTUD6B,0.919177
327,8,KCTD12,ATAD1,0.9191015
327,128,KCTD12,APLP2,0.9191015
327,136,KCTD12,TACC3,0.9191015
327,150,KCTD12,SORT1,0.9191015
327,396,KCTD12,RUVBL2,0.9191015
327,450,KCTD12,MAGED1,0.9191015
327,519,KCTD12,AGPS,0.9191015
327,595,KCTD12,CSF3R,0.9191015
327,524,KCTD12,TBC1D10C,0.91897917
327,331,KCTD12,PIM2,0.9172491
327,440,KCTD12,TMEM97,0.9172281
327,464,KCTD12,ZNRF2,0.9172281
327,161,KCTD12,JARID2,0.9160692
327,210,KCTD12,PNO1,0.91492283
327,289,KCTD12,GT(ROSA)26SOR,0.9143317
327,255,KCTD12,CD74,0.91426337
327,200,KCTD12,IGTP,0.91256326
327,504,KCTD12,IFI44,0.91256326
327,609,KCTD12,UBA7,0.91256326
327,183,KCTD12,XAF1,0.912532
327,432,KCTD12,HDC,0.91071457
327,34,KCTD12,MAML3,0.9097515
327,209,KCTD12,ZBTB16,0.9055625
327,402,KCTD12,EIF1AD,0.90369135
327,486,KCTD12,NFKBIA,0.9035673
327,50,KCTD12,NFAT5,0.90282
327,514,KCTD12,PAK1,0.90041053
327,33,KCTD12,CSTF2,0.8983875
327,475,KCTD12,BCL2,0.8971629
327,292,KCTD12,HDAC7,0.8959851
327,67,KCTD12,HDAC2,0.8959429
327,186,KCTD12,STT3B,0.89527386
327,137,KCTD12,MYCN,0.89419895
327,177,KCTD12,RELB,0.89408857
327,590,KCTD12,IL12A,0.89405036
327,57,KCTD12,OASL2,0.892653
327,277,KCTD12,RTP4,0.89254403
327,318,KCTD12,GANAB,0.8924211
327,78,KCTD12,MECOM,0.89144754
327,357,KCTD12,MEIS1,0.88983595
327,363,KCTD12,MYC,0.8896078
327,165,KCTD12,GTF2H1,0.88947946
327,28,KCTD12,NFE2,0.88920206
84,404,KLF6,FTSJ3,0.92645735
84,410,KLF6,SMARCA2,0.9250838
84,554,KLF6,CDT1,0.9247971
84,199,KLF6,E2F4,0.9215901
84,81,KLF6,HDAC11,0.9205157
84,429,KLF6,GFI1B,0.91966546
84,524,KLF6,TBC1D10C,0.9191987
84,514,KLF6,PAK1,0.9191603
84,0,KLF6,OTUD6B,0.9191015
84,8,KLF6,ATAD1,0.9191015
84,128,KLF6,APLP2,0.9191015
84,150,KLF6,SORT1,0.9191015
84,396,KLF6,RUVBL2,0.9191015
84,432,KLF6,HDC,0.9191015
84,519,KLF6,AGPS,0.9191015
84,595,KLF6,CSF3R,0.9191015
84,440,KLF6,TMEM97,0.9172281
84,464,KLF6,ZNRF2,0.9172281
84,161,KLF6,JARID2,0.9160692
84,210,KLF6,PNO1,0.91492283
84,331,KLF6,PIM2,0.9143885
84,255,KLF6,CD74,0.9143317
84,289,KLF6,GT(ROSA)26SOR,0.9143317
84,450,KLF6,MAGED1,0.9136867
84,200,KLF6,IGTP,0.91256326
84,504,KLF6,IFI44,0.91256326
84,609,KLF6,UBA7,0.91256326
84,183,KLF6,XAF1,0.91242784
84,73,KLF6,RORC,0.9109954
84,34,KLF6,MAML3,0.9097515
84,351,KLF6,ERCC8,0.9065448
84,209,KLF6,ZBTB16,0.90570694
84,402,KLF6,EIF1AD,0.90370023
84,486,KLF6,NFKBIA,0.9035673
84,50,KLF6,NFAT5,0.90282
84,33,KLF6,CSTF2,0.8983875
84,475,KLF6,BCL2,0.8971629
84,292,KLF6,HDAC7,0.8959851
84,67,KLF6,HDAC2,0.8959429
84,186,KLF6,STT3B,0.89527386
84,137,KLF6,MYCN,0.89419895
84,590,KLF6,IL12A,0.89405036
84,177,KLF6,RELB,0.89402694
84,277,KLF6,RTP4,0.89265573
84,57,KLF6,OASL2,0.89254117
84,318,KLF6,GANAB,0.8924211
84,78,KLF6,MECOM,0.89070076
84,357,KLF6,MEIS1,0.8898253
84,363,KLF6,MYC,0.8896078
84,28,KLF6,NFE2,0.88920206
619,28,KPNA3,NFE2,0.8983568
619,357,KPNA3,MEIS1,0.89649427
619,78,KPNA3,MECOM,0.8962374
619,137,KPNA3,MYCN,0.8924237
619,277,KPNA3,RTP4,0.89194053
619,183,KPNA3,XAF1,0.89110327
619,609,KPNA3,UBA7,0.89110327
619,200,KPNA3,IGTP,0.8910898
619,504,KPNA3,IFI44,0.89108557
619,410,KPNA3,SMARCA2,0.8899257
619,518,KPNA3,PHF10,0.88764507
619,136,KPNA3,TACC3,0.8874021
619,396,KPNA3,RUVBL2,0.8873907
619,0,KPNA3,OTUD6B,0.8873572
619,8,KPNA3,ATAD1,0.8873572
619,128,KPNA3,APLP2,0.8873572
619,150,KPNA3,SORT1,0.8873572
619,432,KPNA3,HDC,0.8873572
619,450,KPNA3,MAGED1,0.8873572
619,514,KPNA3,PAK1,0.8873572
619,519,KPNA3,AGPS,0.8873572
619,524,KPNA3,TBC1D10C,0.8873572
619,595,KPNA3,CSF3R,0.8873572
619,81,KPNA3,HDAC11,0.88636285
619,198,KPNA3,NDN,0.8857979
619,404,KPNA3,FTSJ3,0.8855358
619,33,KPNA3,CSTF2,0.8854538
619,263,KPNA3,JUN,0.884927
619,2,KPNA3,PPP1R15A,0.8849047
619,47,KPNA3,FGL2,0.8849047
619,140,KPNA3,ANXA3,0.8849047
619,146,KPNA3,SCARF1,0.8849047
619,194,KPNA3,GOLPH3,0.8849047
619,362,KPNA3,PTGS1,0.8849047
619,441,KPNA3,EBF1,0.8849047
619,546,KPNA3,PROCR,0.8849047
619,622,KPNA3,KRT18,0.8849047
619,564,KPNA3,MFNG,0.88467485
619,190,KPNA3,RAD51,0.8843264
619,553,KPNA3,DHFR,0.8843264
619,367,KPNA3,HCFC1,0.8840997
619,394,KPNA3,MAPK1,0.8838393
619,251,KPNA3,IRF6,0.8837103
619,34,KPNA3,MAML3,0.8834213
619,486,KPNA3,NFKBIA,0.88339585
619,57,KPNA3,OASL2,0.8832624
619,554,KPNA3,CDT1,0.88287765
619,590,KPNA3,IL12A,0.88253915
619,210,KPNA3,PNO1,0.8824361
619,232,KPNA3,ICAM1,0.8823344
622,410,KRT18,SMARCA2,0.9166429
622,554,KRT18,CDT1,0.91091007
622,429,KRT18,GFI1B,0.9095671
622,396,KRT18,RUVBL2,0.90808344
622,0,KRT18,OTUD6B,0.90795124
622,8,KRT18,ATAD1,0.90795124
622,128,KRT18,APLP2,0.90795124
622,150,KRT18,SORT1,0.90795124
622,432,KRT18,HDC,0.90795124
622,450,KRT18,MAGED1,0.90795124
622,514,KRT18,PAK1,0.90795124
622,519,KRT18,AGPS,0.90795124
622,524,KRT18,TBC1D10C,0.90795124
622,595,KRT18,CSF3R,0.90795124
622,136,KRT18,TACC3,0.9079136
622,161,KRT18,JARID2,0.9070286
622,440,KRT18,TMEM97,0.9058867
622,464,KRT18,ZNRF2,0.9058867
622,81,KRT18,HDAC11,0.90544975
622,255,KRT18,CD74,0.90515256
622,289,KRT18,GT(ROSA)26SOR,0.90515256
622,82,KRT18,RB1,0.9027299
622,331,KRT18,PIM2,0.9026736
622,210,KRT18,PNO1,0.9013632
622,73,KRT18,RORC,0.9013177
622,404,KRT18,FTSJ3,0.8999782
622,183,KRT18,XAF1,0.8969845
622,609,KRT18,UBA7,0.8969845
622,504,KRT18,IFI44,0.8969543
622,200,KRT18,IGTP,0.8969474
622,199,KRT18,E2F4,0.8964487
622,34,KRT18,MAML3,0.8953562
622,486,KRT18,NFKBIA,0.8936604
622,50,KRT18,NFAT5,0.8936586
622,78,KRT18,MECOM,0.8930561
622,209,KRT18,ZBTB16,0.89039993
622,177,KRT18,RELB,0.8898743
622,137,KRT18,MYCN,0.8896216
622,33,KRT18,CSTF2,0.88764197
622,67,KRT18,HDAC2,0.8856012
622,357,KRT18,MEIS1,0.885151
622,318,KRT18,GANAB,0.884229
622,367,KRT18,HCFC1,0.8841195
622,28,KRT18,NFE2,0.8839657
622,590,KRT18,IL12A,0.8829232
622,277,KRT18,RTP4,0.8822356
622,263,KRT18,JUN,0.88149494
622,292,KRT18,HDAC7,0.881277
622,475,KRT18,BCL2,0.8810159
622,363,KRT18,MYC,0.8798844
298,34,LAP3,MAML3,0.9263805
298,81,LAP3,HDAC11,0.9234371
298,519,LAP3,AGPS,0.9196821
298,554,LAP3,CDT1,0.9193022
298,209,LAP3,ZBTB16,0.9189912
298,0,LAP3,OTUD6B,0.9163305
298,8,LAP3,ATAD1,0.9163305
298,128,LAP3,APLP2,0.9163305
298,150,LAP3,SORT1,0.9163305
298,136,LAP3,TACC3,0.91630816
298,292,LAP3,HDAC7,0.9159325
298,432,LAP3,HDC,0.91572595
298,524,LAP3,TBC1D10C,0.91572595
298,595,LAP3,CSF3R,0.91572595
298,450,LAP3,MAGED1,0.9157061
298,475,LAP3,BCL2,0.9153305
298,404,LAP3,FTSJ3,0.91510665
298,439,LAP3,DDX20,0.9134394
298,331,LAP3,PIM2,0.9128384
298,199,LAP3,E2F4,0.9123305
298,351,LAP3,ERCC8,0.9091768
298,186,LAP3,STT3B,0.90878206
298,161,LAP3,JARID2,0.9005643
298,183,LAP3,XAF1,0.89766216
298,200,LAP3,IGTP,0.89766216
298,255,LAP3,CD74,0.8963839
298,289,LAP3,GT(ROSA)26SOR,0.8963839
298,82,LAP3,RB1,0.89625996
298,410,LAP3,SMARCA2,0.8951431
298,514,LAP3,PAK1,0.8930233
298,429,LAP3,GFI1B,0.889966
298,440,LAP3,TMEM97,0.88958293
298,464,LAP3,ZNRF2,0.88958293
298,402,LAP3,EIF1AD,0.8893135
298,396,LAP3,RUVBL2,0.8870478
298,73,LAP3,RORC,0.8868355
298,210,LAP3,PNO1,0.8866588
298,137,LAP3,MYCN,0.8849705
298,611,LAP3,ZEB2,0.8838595
298,50,LAP3,NFAT5,0.88187414
298,537,LAP3,TXNDC11,0.8814937
298,206,LAP3,ZDHHC6,0.8788666
298,504,LAP3,IFI44,0.877353
298,609,LAP3,UBA7,0.877353
298,486,LAP3,NFKBIA,0.8753342
298,33,LAP3,CSTF2,0.8748157
298,363,LAP3,MYC,0.8672238
298,91,LAP3,FCHO2,0.865528
298,534,LAP3,MORC3,0.86350995
298,177,LAP3,RELB,0.86252016
319,128,LAPTM4B,APLP2,0.901884
319,28,LAPTM4B,NFE2,0.8983655
319,357,LAPTM4B,MEIS1,0.89651555
319,78,LAPTM4B,MECOM,0.8962374
319,177,LAPTM4B,RELB,0.8943816
319,137,LAPTM4B,MYCN,0.89262396
319,57,LAPTM4B,OASL2,0.89194083
319,277,LAPTM4B,RTP4,0.89194053
319,183,LAPTM4B,XAF1,0.89110327
319,200,LAPTM4B,IGTP,0.89110327
319,504,LAPTM4B,IFI44,0.89110327
319,609,LAPTM4B,UBA7,0.89110327
319,289,LAPTM4B,GT(ROSA)26SOR,0.89104635
319,410,LAPTM4B,SMARCA2,0.8899257
319,283,LAPTM4B,EGR1,0.88864714
319,518,LAPTM4B,PHF10,0.88764507
319,0,LAPTM4B,OTUD6B,0.88743484
319,8,LAPTM4B,ATAD1,0.8873572
319,136,LAPTM4B,TACC3,0.8873572
319,150,LAPTM4B,SORT1,0.8873572
319,450,LAPTM4B,MAGED1,0.8873572
319,514,LAPTM4B,PAK1,0.8873572
319,524,LAPTM4B,TBC1D10C,0.8873572
319,595,LAPTM4B,CSF3R,0.8873572
319,396,LAPTM4B,RUVBL2,0.8873476
319,432,LAPTM4B,HDC,0.88732266
319,81,LAPTM4B,HDAC11,0.88636285
319,198,LAPTM4B,NDN,0.8857979
319,404,LAPTM4B,FTSJ3,0.8855358
319,33,LAPTM4B,CSTF2,0.8854538
319,263,LAPTM4B,JUN,0.884927
319,2,LAPTM4B,PPP1R15A,0.8849047
319,47,LAPTM4B,FGL2,0.8849047
319,140,LAPTM4B,ANXA3,0.8849047
319,146,LAPTM4B,SCARF1,0.8849047
319,194,LAPTM4B,GOLPH3,0.8849047
319,362,LAPTM4B,PTGS1,0.8849047
319,441,LAPTM4B,EBF1,0.8849047
319,546,LAPTM4B,PROCR,0.8849047
319,622,LAPTM4B,KRT18,0.8849047
319,564,LAPTM4B,MFNG,0.88467485
319,519,LAPTM4B,AGPS,0.88435096
319,190,LAPTM4B,RAD51,0.8843264
319,553,LAPTM4B,DHFR,0.8843264
319,251,LAPTM4B,IRF6,0.8838897
319,394,LAPTM4B,MAPK1,0.8838468
319,34,LAPTM4B,MAML3,0.8834213
319,486,LAPTM4B,NFKBIA,0.88339585
319,554,LAPTM4B,CDT1,0.88287765
319,590,LAPTM4B,IL12A,0.88253915
556,28,LCP2,NFE2,0.8983655
556,357,LCP2,MEIS1,0.89649427
556,78,LCP2,MECOM,0.8962374
556,137,LCP2,MYCN,0.89262396
556,277,LCP2,RTP4,0.89194053
556,183,LCP2,XAF1,0.8912226
556,200,LCP2,IGTP,0.89110327
556,504,LCP2,IFI44,0.89110327
556,609,LCP2,UBA7,0.89110327
556,410,LCP2,SMARCA2,0.8899257
556,283,LCP2,EGR1,0.88864714
556,518,LCP2,PHF10,0.88764507
556,140,LCP2,ANXA3,0.8874282
556,150,LCP2,SORT1,0.8874134
556,524,LCP2,TBC1D10C,0.88737893
556,0,LCP2,OTUD6B,0.8873572
556,128,LCP2,APLP2,0.8873572
556,396,LCP2,RUVBL2,0.8873572
556,432,LCP2,HDC,0.8873572
556,450,LCP2,MAGED1,0.8873572
556,514,LCP2,PAK1,0.8873572
556,519,LCP2,AGPS,0.8873572
556,136,LCP2,TACC3,0.8873476
556,81,LCP2,HDAC11,0.88636285
556,198,LCP2,NDN,0.8857658
556,194,LCP2,GOLPH3,0.88568705
556,404,LCP2,FTSJ3,0.8855358
556,33,LCP2,CSTF2,0.8854538
556,2,LCP2,PPP1R15A,0.88500047
556,47,LCP2,FGL2,0.8849047
556,362,LCP2,PTGS1,0.8849047
556,546,LCP2,PROCR,0.8849047
556,622,LCP2,KRT18,0.8849047
556,146,LCP2,SCARF1,0.88476795
556,8,LCP2,ATAD1,0.88435096
556,190,LCP2,RAD51,0.8843264
556,553,LCP2,DHFR,0.8843264
556,367,LCP2,HCFC1,0.88415396
556,394,LCP2,MAPK1,0.8838468
556,441,LCP2,EBF1,0.88380176
556,251,LCP2,IRF6,0.8836629
556,486,LCP2,NFKBIA,0.8834276
556,34,LCP2,MAML3,0.8834213
556,554,LCP2,CDT1,0.88290006
556,210,LCP2,PNO1,0.8824361
556,232,LCP2,ICAM1,0.88227135
556,440,LCP2,TMEM97,0.8819445
556,177,LCP2,RELB,0.8818608
556,464,LCP2,ZNRF2,0.8818387
556,606,LCP2,ELP2,0.879682
238,28,LDHB,NFE2,0.8983655
238,357,LDHB,MEIS1,0.89649427
238,78,LDHB,MECOM,0.8962374
238,137,LDHB,MYCN,0.89262396
238,57,LDHB,OASL2,0.89194083
238,277,LDHB,RTP4,0.89193827
238,183,LDHB,XAF1,0.89118713
238,200,LDHB,IGTP,0.89110327
238,504,LDHB,IFI44,0.89110327
238,609,LDHB,UBA7,0.89110327
238,464,LDHB,ZNRF2,0.89018023
238,410,LDHB,SMARCA2,0.88990325
238,283,LDHB,EGR1,0.88864595
238,146,LDHB,SCARF1,0.8876848
238,518,LDHB,PHF10,0.88764507
238,432,LDHB,HDC,0.88738984
238,8,LDHB,ATAD1,0.8873572
238,136,LDHB,TACC3,0.8873572
238,150,LDHB,SORT1,0.8873572
238,450,LDHB,MAGED1,0.8873572
238,519,LDHB,AGPS,0.8873572
238,524,LDHB,TBC1D10C,0.8873572
238,595,LDHB,CSF3R,0.8873572
238,514,LDHB,PAK1,0.8872543
238,128,LDHB,APLP2,0.8865584
238,81,LDHB,HDAC11,0.88636285
238,198,LDHB,NDN,0.88575673
238,404,LDHB,FTSJ3,0.8855358
238,263,LDHB,JUN,0.884927
238,194,LDHB,GOLPH3,0.8849098
238,2,LDHB,PPP1R15A,0.8849047
238,47,LDHB,FGL2,0.8849047
238,140,LDHB,ANXA3,0.8849047
238,362,LDHB,PTGS1,0.8849047
238,441,LDHB,EBF1,0.8849047
238,546,LDHB,PROCR,0.8849047
238,622,LDHB,KRT18,0.8849047
238,564,LDHB,MFNG,0.88467485
238,190,LDHB,RAD51,0.8843264
238,553,LDHB,DHFR,0.8843264
238,367,LDHB,HCFC1,0.8841443
238,251,LDHB,IRF6,0.8836629
238,34,LDHB,MAML3,0.8834213
238,486,LDHB,NFKBIA,0.88339585
238,554,LDHB,CDT1,0.88287765
238,590,LDHB,IL12A,0.88253915
238,210,LDHB,PNO1,0.8824361
238,232,LDHB,ICAM1,0.88227135
238,440,LDHB,TMEM97,0.8819445
238,177,LDHB,RELB,0.88188756
365,28,LGALS1,NFE2,0.8982651
365,357,LGALS1,MEIS1,0.89648217
365,78,LGALS1,MECOM,0.8962374
365,137,LGALS1,MYCN,0.89262396
365,57,LGALS1,OASL2,0.89194083
365,277,LGALS1,RTP4,0.89194053
365,183,LGALS1,XAF1,0.89110327
365,200,LGALS1,IGTP,0.89110327
365,504,LGALS1,IFI44,0.89110327
365,609,LGALS1,UBA7,0.89110327
365,81,LGALS1,HDAC11,0.890956
365,410,LGALS1,SMARCA2,0.8899257
365,283,LGALS1,EGR1,0.88864714
365,429,LGALS1,GFI1B,0.8880457
365,518,LGALS1,PHF10,0.8876111
365,0,LGALS1,OTUD6B,0.8873572
365,8,LGALS1,ATAD1,0.8873572
365,128,LGALS1,APLP2,0.8873572
365,150,LGALS1,SORT1,0.8873572
365,396,LGALS1,RUVBL2,0.8873572
365,432,LGALS1,HDC,0.8873572
365,514,LGALS1,PAK1,0.8873572
365,519,LGALS1,AGPS,0.8873572
365,524,LGALS1,TBC1D10C,0.8873572
365,450,LGALS1,MAGED1,0.887242
365,198,LGALS1,NDN,0.8857979
365,404,LGALS1,FTSJ3,0.8855358
365,33,LGALS1,CSTF2,0.8854538
365,2,LGALS1,PPP1R15A,0.8849047
365,47,LGALS1,FGL2,0.8849047
365,140,LGALS1,ANXA3,0.8849047
365,194,LGALS1,GOLPH3,0.8849047
365,362,LGALS1,PTGS1,0.8849047
365,546,LGALS1,PROCR,0.8849047
365,622,LGALS1,KRT18,0.8849047
365,441,LGALS1,EBF1,0.88489646
365,146,LGALS1,SCARF1,0.88488483
365,564,LGALS1,MFNG,0.88467485
365,190,LGALS1,RAD51,0.8843264
365,553,LGALS1,DHFR,0.8843264
365,367,LGALS1,HCFC1,0.88415396
365,394,LGALS1,MAPK1,0.8838468
365,251,LGALS1,IRF6,0.8836629
365,34,LGALS1,MAML3,0.8834213
365,486,LGALS1,NFKBIA,0.88339585
365,554,LGALS1,CDT1,0.88287765
365,590,LGALS1,IL12A,0.88253915
365,210,LGALS1,PNO1,0.8824361
365,232,LGALS1,ICAM1,0.8822963
365,440,LGALS1,TMEM97,0.8819445
297,189,LIG1,MCM5,0.9721591
297,290,LIG1,POLD1,0.9705568
297,279,LIG1,AURKB,0.97043633
297,299,LIG1,ORC2,0.9703081
297,21,LIG1,RRM1,0.9700346
297,345,LIG1,UHRF1,0.96952033
297,246,LIG1,TK1,0.9688278
297,500,LIG1,MCM3,0.9688042
297,74,LIG1,TOP2A,0.968441
297,204,LIG1,MCM2,0.9683318
297,399,LIG1,RRM2,0.96799076
297,323,LIG1,MCM4,0.96783084
297,561,LIG1,MCM7,0.9677247
297,497,LIG1,TYMS,0.9675281
297,273,LIG1,FIGNL1,0.9670182
297,42,LIG1,HMGB2,0.96652734
297,411,LIG1,CDC45,0.96631515
297,266,LIG1,MSH6,0.96622723
297,30,LIG1,PBK,0.9659747
297,610,LIG1,PRIM2,0.965966
297,620,LIG1,TIPIN,0.9659037
297,478,LIG1,MKI67,0.9656236
297,102,LIG1,PRIM1,0.96558285
297,182,LIG1,RPA1,0.96551025
297,53,LIG1,ORC6,0.96551
297,230,LIG1,TOP3B,0.96534157
297,350,LIG1,MCM6,0.9649361
297,510,LIG1,XRCC6,0.9647441
297,407,LIG1,CDC7,0.9645389
297,414,LIG1,CENPK,0.9639435
297,68,LIG1,MIS18BP1,0.963812
297,259,LIG1,NUP107,0.963812
297,430,LIG1,SEH1L,0.963812
297,226,LIG1,POLR2B,0.96286875
297,240,LIG1,RPA2,0.96260744
297,361,LIG1,CCNB2,0.96178126
297,86,LIG1,RANGAP1,0.9597013
297,91,LIG1,FCHO2,0.9515508
297,537,LIG1,TXNDC11,0.9515508
297,611,LIG1,ZEB2,0.9515508
297,118,LIG1,MIS12,0.9505413
297,439,LIG1,DDX20,0.94328564
297,82,LIG1,RB1,0.9370319
297,292,LIG1,HDAC7,0.9355615
297,621,LIG1,SNRPB,0.92161316
297,534,LIG1,MORC3,0.9146649
297,206,LIG1,ZDHHC6,0.9130663
297,34,LIG1,MAML3,0.9109845
297,475,LIG1,BCL2,0.88975173
297,81,LIG1,HDAC11,0.8744555
187,136,LMO4,TACC3,0.90148413
187,28,LMO4,NFE2,0.8983655
187,357,LMO4,MEIS1,0.89649427
187,78,LMO4,MECOM,0.8962374
187,362,LMO4,PTGS1,0.8935833
187,137,LMO4,MYCN,0.89262396
187,57,LMO4,OASL2,0.89194083
187,277,LMO4,RTP4,0.89194053
187,183,LMO4,XAF1,0.89110327
187,200,LMO4,IGTP,0.89110327
187,504,LMO4,IFI44,0.89110327
187,609,LMO4,UBA7,0.89110327
187,410,LMO4,SMARCA2,0.8899257
187,283,LMO4,EGR1,0.88865834
187,8,LMO4,ATAD1,0.8873572
187,150,LMO4,SORT1,0.8873572
187,450,LMO4,MAGED1,0.8873572
187,514,LMO4,PAK1,0.8873572
187,519,LMO4,AGPS,0.8873572
187,524,LMO4,TBC1D10C,0.8873572
187,595,LMO4,CSF3R,0.8873572
187,128,LMO4,APLP2,0.88732266
187,432,LMO4,HDC,0.88660944
187,81,LMO4,HDAC11,0.88636285
187,198,LMO4,NDN,0.8857979
187,33,LMO4,CSTF2,0.8854538
187,404,LMO4,FTSJ3,0.8851651
187,263,LMO4,JUN,0.88511646
187,622,LMO4,KRT18,0.8849131
187,2,LMO4,PPP1R15A,0.8849047
187,47,LMO4,FGL2,0.8849047
187,140,LMO4,ANXA3,0.8849047
187,146,LMO4,SCARF1,0.8849047
187,194,LMO4,GOLPH3,0.8849047
187,546,LMO4,PROCR,0.8849047
187,190,LMO4,RAD51,0.8843264
187,553,LMO4,DHFR,0.8843264
187,367,LMO4,HCFC1,0.88415396
187,394,LMO4,MAPK1,0.8838468
187,396,LMO4,RUVBL2,0.8838291
187,251,LMO4,IRF6,0.8836629
187,34,LMO4,MAML3,0.8834213
187,486,LMO4,NFKBIA,0.88339585
187,554,LMO4,CDT1,0.88287765
187,590,LMO4,IL12A,0.88253915
187,210,LMO4,PNO1,0.8824361
187,232,LMO4,ICAM1,0.88227135
187,440,LMO4,TMEM97,0.8819445
187,177,LMO4,RELB,0.8819017
187,606,LMO4,ELP2,0.8797057
235,34,LONP1,MAML3,0.92580426
235,81,LONP1,HDAC11,0.9223083
235,209,LONP1,ZBTB16,0.92100513
235,554,LONP1,CDT1,0.91691583
235,292,LONP1,HDAC7,0.91638917
235,8,LONP1,ATAD1,0.91551995
235,136,LONP1,TACC3,0.91551995
235,150,LONP1,SORT1,0.91551995
235,432,LONP1,HDC,0.91551995
235,450,LONP1,MAGED1,0.91551995
235,519,LONP1,AGPS,0.91551995
235,524,LONP1,TBC1D10C,0.91551995
235,595,LONP1,CSF3R,0.91551995
235,514,LONP1,PAK1,0.9154527
235,410,LONP1,SMARCA2,0.91155976
235,331,LONP1,PIM2,0.9106612
235,475,LONP1,BCL2,0.9101604
235,404,LONP1,FTSJ3,0.90872484
235,199,LONP1,E2F4,0.90803695
235,128,LONP1,APLP2,0.9071741
235,351,LONP1,ERCC8,0.9068835
235,186,LONP1,STT3B,0.9063243
235,439,LONP1,DDX20,0.9052992
235,429,LONP1,GFI1B,0.9045702
235,161,LONP1,JARID2,0.8973029
235,82,LONP1,RB1,0.89540434
235,183,LONP1,XAF1,0.89431244
235,200,LONP1,IGTP,0.8940917
235,504,LONP1,IFI44,0.8940917
235,609,LONP1,UBA7,0.8940917
235,255,LONP1,CD74,0.89336526
235,464,LONP1,ZNRF2,0.89310324
235,289,LONP1,GT(ROSA)26SOR,0.8901935
235,440,LONP1,TMEM97,0.88905686
235,73,LONP1,RORC,0.8831194
235,210,LONP1,PNO1,0.88271415
235,137,LONP1,MYCN,0.88055664
235,486,LONP1,NFKBIA,0.88038516
235,206,LONP1,ZDHHC6,0.8797384
235,50,LONP1,NFAT5,0.8784948
235,0,LONP1,OTUD6B,0.87695605
235,33,LONP1,CSTF2,0.8739489
235,396,LONP1,RUVBL2,0.8726212
235,91,LONP1,FCHO2,0.8660208
235,537,LONP1,TXNDC11,0.8660208
235,611,LONP1,ZEB2,0.8660208
235,590,LONP1,IL12A,0.86555237
235,363,LONP1,MYC,0.862695
235,177,LONP1,RELB,0.85869676
235,534,LONP1,MORC3,0.8577584
241,28,LONP2,NFE2,0.8984156
241,357,LONP2,MEIS1,0.8964843
241,78,LONP2,MECOM,0.8962374
241,57,LONP2,OASL2,0.89194083
241,277,LONP2,RTP4,0.89194053
241,183,LONP2,XAF1,0.89110327
241,200,LONP2,IGTP,0.89110327
241,504,LONP2,IFI44,0.89110327
241,410,LONP2,SMARCA2,0.8899257
241,283,LONP2,EGR1,0.88864714
241,518,LONP2,PHF10,0.88764507
241,137,LONP2,MYCN,0.88756967
241,0,LONP2,OTUD6B,0.8873572
241,8,LONP2,ATAD1,0.8873572
241,128,LONP2,APLP2,0.8873572
241,136,LONP2,TACC3,0.8873572
241,432,LONP2,HDC,0.8873572
241,450,LONP2,MAGED1,0.8873572
241,514,LONP2,PAK1,0.8873572
241,519,LONP2,AGPS,0.8873572
241,524,LONP2,TBC1D10C,0.8873572
241,150,LONP2,SORT1,0.88726604
241,81,LONP2,HDAC11,0.88636285
241,198,LONP2,NDN,0.8857979
241,362,LONP2,PTGS1,0.88569635
241,404,LONP2,FTSJ3,0.8855358
241,33,LONP2,CSTF2,0.88551617
241,263,LONP2,JUN,0.8849929
241,2,LONP2,PPP1R15A,0.8849047
241,47,LONP2,FGL2,0.8849047
241,140,LONP2,ANXA3,0.8849047
241,146,LONP2,SCARF1,0.8849047
241,194,LONP2,GOLPH3,0.8849047
241,441,LONP2,EBF1,0.8849047
241,546,LONP2,PROCR,0.8849047
241,564,LONP2,MFNG,0.88467485
241,595,LONP2,CSF3R,0.88435096
241,190,LONP2,RAD51,0.8843264
241,553,LONP2,DHFR,0.8843264
241,367,LONP2,HCFC1,0.88415396
241,622,LONP2,KRT18,0.88380176
241,251,LONP2,IRF6,0.8836629
241,34,LONP2,MAML3,0.8834213
241,486,LONP2,NFKBIA,0.88339585
241,554,LONP2,CDT1,0.88287765
241,590,LONP2,IL12A,0.88253915
241,210,LONP2,PNO1,0.8824361
241,232,LONP2,ICAM1,0.88231534
241,631,LONP2,ZFP36,0.88201386
241,464,LONP2,ZNRF2,0.8819445
133,404,LTB,FTSJ3,0.934062
133,554,LTB,CDT1,0.9335242
133,410,LTB,SMARCA2,0.931731
133,199,LTB,E2F4,0.93171906
133,81,LTB,HDAC11,0.9304067
133,519,LTB,AGPS,0.9301039
133,524,LTB,TBC1D10C,0.92865384
133,8,LTB,ATAD1,0.9285849
133,128,LTB,APLP2,0.9285849
133,150,LTB,SORT1,0.9285849
133,396,LTB,RUVBL2,0.9285849
133,450,LTB,MAGED1,0.9285849
133,514,LTB,PAK1,0.9285849
133,595,LTB,CSF3R,0.9285849
133,432,LTB,HDC,0.92858267
133,136,LTB,TACC3,0.9285723
133,0,LTB,OTUD6B,0.92847466
133,429,LTB,GFI1B,0.9273603
133,331,LTB,PIM2,0.9270217
133,161,LTB,JARID2,0.9219055
133,34,LTB,MAML3,0.9213765
133,504,LTB,IFI44,0.9210163
133,183,LTB,XAF1,0.9209611
133,200,LTB,IGTP,0.9209611
133,609,LTB,UBA7,0.92095286
133,351,LTB,ERCC8,0.9202917
133,255,LTB,CD74,0.919537
133,289,LTB,GT(ROSA)26SOR,0.919537
133,440,LTB,TMEM97,0.9180996
133,209,LTB,ZBTB16,0.9172483
133,210,LTB,PNO1,0.91709965
133,402,LTB,EIF1AD,0.91586417
133,73,LTB,RORC,0.91469765
133,475,LTB,BCL2,0.9143726
133,486,LTB,NFKBIA,0.9094242
133,137,LTB,MYCN,0.90902025
133,186,LTB,STT3B,0.90885097
133,292,LTB,HDAC7,0.90834343
133,464,LTB,ZNRF2,0.90729135
133,590,LTB,IL12A,0.8999447
133,67,LTB,HDAC2,0.8988828
133,78,LTB,MECOM,0.8985655
133,580,LTB,MLLT3,0.897673
133,165,LTB,GTF2H1,0.89735544
133,277,LTB,RTP4,0.8963543
133,57,LTB,OASL2,0.896351
133,363,LTB,MYC,0.8958561
133,439,LTB,DDX20,0.89542496
133,318,LTB,GANAB,0.89491916
133,177,LTB,RELB,0.89465576
77,28,LY6A,NFE2,0.8983655
77,357,LY6A,MEIS1,0.8964541
77,57,LY6A,OASL2,0.89194083
77,277,LY6A,RTP4,0.89194053
77,183,LY6A,XAF1,0.89110327
77,200,LY6A,IGTP,0.89110327
77,504,LY6A,IFI44,0.89110327
77,609,LY6A,UBA7,0.89110327
77,464,LY6A,ZNRF2,0.89018023
77,410,LY6A,SMARCA2,0.8899257
77,283,LY6A,EGR1,0.8889533
77,622,LY6A,KRT18,0.88852304
77,518,LY6A,PHF10,0.88764507
77,137,LY6A,MYCN,0.88756967
77,0,LY6A,OTUD6B,0.8873572
77,8,LY6A,ATAD1,0.8873572
77,128,LY6A,APLP2,0.8873572
77,136,LY6A,TACC3,0.8873572
77,150,LY6A,SORT1,0.8873572
77,396,LY6A,RUVBL2,0.8873572
77,432,LY6A,HDC,0.8873572
77,450,LY6A,MAGED1,0.8873572
77,514,LY6A,PAK1,0.8873572
77,519,LY6A,AGPS,0.8873572
77,524,LY6A,TBC1D10C,0.8873572
77,595,LY6A,CSF3R,0.8872954
77,81,LY6A,HDAC11,0.88636285
77,198,LY6A,NDN,0.8857979
77,404,LY6A,FTSJ3,0.88552386
77,33,LY6A,CSTF2,0.8853858
77,263,LY6A,JUN,0.884927
77,2,LY6A,PPP1R15A,0.8849047
77,47,LY6A,FGL2,0.8849047
77,140,LY6A,ANXA3,0.8849047
77,146,LY6A,SCARF1,0.8849047
77,194,LY6A,GOLPH3,0.8849047
77,362,LY6A,PTGS1,0.8849047
77,546,LY6A,PROCR,0.8849047
77,441,LY6A,EBF1,0.88490415
77,251,LY6A,IRF6,0.88486606
77,564,LY6A,MFNG,0.88467485
77,190,LY6A,RAD51,0.8843264
77,553,LY6A,DHFR,0.8843264
77,78,LY6A,MECOM,0.8843045
77,367,LY6A,HCFC1,0.88415396
77,394,LY6A,MAPK1,0.8838468
77,34,LY6A,MAML3,0.8834213
77,486,LY6A,NFKBIA,0.88339585
77,554,LY6A,CDT1,0.88287765
77,590,LY6A,IL12A,0.88253915
51,150,LY6C2,SORT1,0.90148413
51,28,LY6C2,NFE2,0.8983655
51,357,LY6C2,MEIS1,0.89649427
51,78,LY6C2,MECOM,0.8962374
51,137,LY6C2,MYCN,0.89262396
51,277,LY6C2,RTP4,0.89194053
51,57,LY6C2,OASL2,0.89185756
51,183,LY6C2,XAF1,0.89110327
51,200,LY6C2,IGTP,0.89110327
51,504,LY6C2,IFI44,0.89110327
51,609,LY6C2,UBA7,0.89110327
51,410,LY6C2,SMARCA2,0.8899257
51,283,LY6C2,EGR1,0.88864714
51,518,LY6C2,PHF10,0.88769823
51,396,LY6C2,RUVBL2,0.88738984
51,0,LY6C2,OTUD6B,0.8873572
51,8,LY6C2,ATAD1,0.8873572
51,136,LY6C2,TACC3,0.8873572
51,432,LY6C2,HDC,0.8873572
51,450,LY6C2,MAGED1,0.8873572
51,514,LY6C2,PAK1,0.8873572
51,519,LY6C2,AGPS,0.8873572
51,595,LY6C2,CSF3R,0.8873572
51,128,LY6C2,APLP2,0.8872543
51,81,LY6C2,HDAC11,0.88636285
51,198,LY6C2,NDN,0.8857979
51,404,LY6C2,FTSJ3,0.8855358
51,33,LY6C2,CSTF2,0.8854538
51,2,LY6C2,PPP1R15A,0.8849047
51,47,LY6C2,FGL2,0.8849047
51,140,LY6C2,ANXA3,0.8849047
51,146,LY6C2,SCARF1,0.8849047
51,194,LY6C2,GOLPH3,0.8849047
51,362,LY6C2,PTGS1,0.8849047
51,441,LY6C2,EBF1,0.8849047
51,546,LY6C2,PROCR,0.8849047
51,622,LY6C2,KRT18,0.8849047
51,263,LY6C2,JUN,0.88485944
51,564,LY6C2,MFNG,0.88467485
51,553,LY6C2,DHFR,0.8843264
51,190,LY6C2,RAD51,0.88427114
51,367,LY6C2,HCFC1,0.88415396
51,394,LY6C2,MAPK1,0.8838468
51,251,LY6C2,IRF6,0.8836629
51,34,LY6C2,MAML3,0.883361
51,554,LY6C2,CDT1,0.88287765
51,590,LY6C2,IL12A,0.88253915
51,486,LY6C2,NFKBIA,0.88252586
51,232,LY6C2,ICAM1,0.88227135
51,464,LY6C2,ZNRF2,0.88196385
17,28,LYN,NFE2,0.8983655
17,357,LYN,MEIS1,0.89649427
17,78,LYN,MECOM,0.8962748
17,137,LYN,MYCN,0.892938
17,57,LYN,OASL2,0.89194083
17,277,LYN,RTP4,0.89194053
17,609,LYN,UBA7,0.89113456
17,183,LYN,XAF1,0.89110327
17,200,LYN,IGTP,0.89110327
17,504,LYN,IFI44,0.89110327
17,410,LYN,SMARCA2,0.8899257
17,283,LYN,EGR1,0.88864714
17,518,LYN,PHF10,0.88764507
17,0,LYN,OTUD6B,0.8873572
17,8,LYN,ATAD1,0.8873572
17,128,LYN,APLP2,0.8873572
17,136,LYN,TACC3,0.8873572
17,150,LYN,SORT1,0.8873572
17,396,LYN,RUVBL2,0.8873572
17,432,LYN,HDC,0.8873572
17,450,LYN,MAGED1,0.8873572
17,514,LYN,PAK1,0.8873572
17,519,LYN,AGPS,0.8873572
17,524,LYN,TBC1D10C,0.8873572
17,595,LYN,CSF3R,0.8873572
17,81,LYN,HDAC11,0.88636285
17,198,LYN,NDN,0.8857889
17,404,LYN,FTSJ3,0.8855358
17,33,LYN,CSTF2,0.88550335
17,263,LYN,JUN,0.884927
17,2,LYN,PPP1R15A,0.8849047
17,47,LYN,FGL2,0.8849047
17,140,LYN,ANXA3,0.8849047
17,146,LYN,SCARF1,0.8849047
17,194,LYN,GOLPH3,0.8849047
17,362,LYN,PTGS1,0.8849047
17,441,LYN,EBF1,0.8849047
17,546,LYN,PROCR,0.8849047
17,622,LYN,KRT18,0.8849047
17,564,LYN,MFNG,0.88467485
17,553,LYN,DHFR,0.88433087
17,190,LYN,RAD51,0.8843264
17,367,LYN,HCFC1,0.88415396
17,394,LYN,MAPK1,0.8838468
17,251,LYN,IRF6,0.8836629
17,486,LYN,NFKBIA,0.8834034
17,554,LYN,CDT1,0.88287765
17,590,LYN,IL12A,0.88253915
17,210,LYN,PNO1,0.88235617
17,232,LYN,ICAM1,0.88227135
156,514,LZTS1,PAK1,0.9134931
156,28,LZTS1,NFE2,0.90543985
156,410,LZTS1,SMARCA2,0.90504336
156,518,LZTS1,PHF10,0.9036958
156,357,LZTS1,MEIS1,0.9035614
156,33,LZTS1,CSTF2,0.90261006
156,34,LZTS1,MAML3,0.9025858
156,78,LZTS1,MECOM,0.90196526
156,404,LZTS1,FTSJ3,0.9019227
156,367,LZTS1,HCFC1,0.9011442
156,432,LZTS1,HDC,0.9009292
156,0,LZTS1,OTUD6B,0.9009122
156,136,LZTS1,TACC3,0.9009122
156,396,LZTS1,RUVBL2,0.9009122
156,450,LZTS1,MAGED1,0.9009122
156,524,LZTS1,TBC1D10C,0.9009122
156,128,LZTS1,APLP2,0.90090543
156,150,LZTS1,SORT1,0.90090275
156,595,LZTS1,CSF3R,0.9008419
156,8,LZTS1,ATAD1,0.90081394
156,486,LZTS1,NFKBIA,0.89979
156,57,LZTS1,OASL2,0.89971906
156,277,LZTS1,RTP4,0.89971876
156,137,LZTS1,MYCN,0.89952224
156,81,LZTS1,HDAC11,0.8994419
156,519,LZTS1,AGPS,0.8992057
156,210,LZTS1,PNO1,0.89863735
156,177,LZTS1,RELB,0.8983204
156,554,LZTS1,CDT1,0.8982778
156,232,LZTS1,ICAM1,0.89791465
156,200,LZTS1,IGTP,0.8968486
156,440,LZTS1,TMEM97,0.89684296
156,609,LZTS1,UBA7,0.8967886
156,504,LZTS1,IFI44,0.89671075
156,283,LZTS1,EGR1,0.89571553
156,564,LZTS1,MFNG,0.8954498
156,429,LZTS1,GFI1B,0.8951011
156,161,LZTS1,JARID2,0.89474475
156,198,LZTS1,NDN,0.8942717
156,194,LZTS1,GOLPH3,0.89391375
156,363,LZTS1,MYC,0.8937161
156,190,LZTS1,RAD51,0.8937142
156,553,LZTS1,DHFR,0.8937142
156,73,LZTS1,RORC,0.89354753
156,67,LZTS1,HDAC2,0.8930697
156,622,LZTS1,KRT18,0.89288205
156,47,LZTS1,FGL2,0.892869
156,140,LZTS1,ANXA3,0.892869
156,146,LZTS1,SCARF1,0.892869
156,362,LZTS1,PTGS1,0.892869
443,28,MAD2L1,NFE2,0.8983655
443,357,MAD2L1,MEIS1,0.89641
443,78,MAD2L1,MECOM,0.8962374
443,137,MAD2L1,MYCN,0.89265543
443,450,MAD2L1,MAGED1,0.89204526
443,57,MAD2L1,OASL2,0.89194083
443,277,MAD2L1,RTP4,0.89192945
443,504,MAD2L1,IFI44,0.89110327
443,609,MAD2L1,UBA7,0.8910885
443,190,MAD2L1,RAD51,0.89060146
443,50,MAD2L1,NFAT5,0.8901037
443,410,MAD2L1,SMARCA2,0.8899257
443,283,MAD2L1,EGR1,0.88864714
443,518,MAD2L1,PHF10,0.88764507
443,8,MAD2L1,ATAD1,0.8874228
443,0,MAD2L1,OTUD6B,0.8873572
443,128,MAD2L1,APLP2,0.8873572
443,136,MAD2L1,TACC3,0.8873572
443,432,MAD2L1,HDC,0.8873572
443,514,MAD2L1,PAK1,0.8873572
443,519,MAD2L1,AGPS,0.8873572
443,524,MAD2L1,TBC1D10C,0.8873572
443,595,MAD2L1,CSF3R,0.8873572
443,150,MAD2L1,SORT1,0.88720065
443,81,MAD2L1,HDAC11,0.88636285
443,198,MAD2L1,NDN,0.8857979
443,404,MAD2L1,FTSJ3,0.8855358
443,263,MAD2L1,JUN,0.8849775
443,146,MAD2L1,SCARF1,0.8849424
443,2,MAD2L1,PPP1R15A,0.8849047
443,47,MAD2L1,FGL2,0.8849047
443,140,MAD2L1,ANXA3,0.8849047
443,194,MAD2L1,GOLPH3,0.8849047
443,362,MAD2L1,PTGS1,0.8849047
443,441,MAD2L1,EBF1,0.8849047
443,546,MAD2L1,PROCR,0.8849047
443,622,MAD2L1,KRT18,0.8849047
443,564,MAD2L1,MFNG,0.88447654
443,553,MAD2L1,DHFR,0.88437665
443,367,MAD2L1,HCFC1,0.88415414
443,394,MAD2L1,MAPK1,0.8838202
443,251,MAD2L1,IRF6,0.8836629
443,34,MAD2L1,MAML3,0.8834087
443,486,MAD2L1,NFKBIA,0.88339585
443,554,MAD2L1,CDT1,0.88287765
443,210,MAD2L1,PNO1,0.8825937
443,590,MAD2L1,IL12A,0.88253915
443,232,MAD2L1,ICAM1,0.88226277
443,440,MAD2L1,TMEM97,0.8819445
443,464,MAD2L1,ZNRF2,0.8819445
450,34,MAGED1,MAML3,0.91095823
450,81,MAGED1,HDAC11,0.8993261
450,439,MAGED1,DDX20,0.89893895
450,209,MAGED1,ZBTB16,0.89426136
450,150,MAGED1,SORT1,0.8858295
450,128,MAGED1,APLP2,0.8856786
450,8,MAGED1,ATAD1,0.885661
450,136,MAGED1,TACC3,0.885661
450,432,MAGED1,HDC,0.885661
450,519,MAGED1,AGPS,0.885661
450,524,MAGED1,TBC1D10C,0.885661
450,595,MAGED1,CSF3R,0.885661
450,0,MAGED1,OTUD6B,0.8856434
450,292,MAGED1,HDAC7,0.88278484
450,475,MAGED1,BCL2,0.88123655
450,404,MAGED1,FTSJ3,0.8805556
450,186,MAGED1,STT3B,0.8762358
450,554,MAGED1,CDT1,0.8756492
450,396,MAGED1,RUVBL2,0.8724077
450,514,MAGED1,PAK1,0.8724077
450,331,MAGED1,PIM2,0.8663784
450,410,MAGED1,SMARCA2,0.86620605
450,351,MAGED1,ERCC8,0.86581874
450,206,MAGED1,ZDHHC6,0.86258906
450,91,MAGED1,FCHO2,0.86243975
450,537,MAGED1,TXNDC11,0.86243975
450,611,MAGED1,ZEB2,0.86243975
450,199,MAGED1,E2F4,0.8544539
450,429,MAGED1,GFI1B,0.85365456
450,82,MAGED1,RB1,0.8535747
450,534,MAGED1,MORC3,0.8445231
450,161,MAGED1,JARID2,0.8400183
450,440,MAGED1,TMEM97,0.8356419
450,255,MAGED1,CD74,0.83470374
450,289,MAGED1,GT(ROSA)26SOR,0.83470374
450,402,MAGED1,EIF1AD,0.82485753
450,210,MAGED1,PNO1,0.81577224
450,73,MAGED1,RORC,0.8149758
450,464,MAGED1,ZNRF2,0.8110228
450,486,MAGED1,NFKBIA,0.80305517
450,50,MAGED1,NFAT5,0.7995348
450,226,MAGED1,POLR2B,0.79695165
450,33,MAGED1,CSTF2,0.795022
450,183,MAGED1,XAF1,0.7768559
450,200,MAGED1,IGTP,0.7768559
450,504,MAGED1,IFI44,0.7768559
450,216,MAGED1,CUL3,0.77515894
450,177,MAGED1,RELB,0.7716682
450,363,MAGED1,MYC,0.7647383
450,621,MAGED1,SNRPB,0.7624348
76,28,MAGED2,NFE2,0.8983655
76,357,MAGED2,MEIS1,0.8964541
76,57,MAGED2,OASL2,0.89194083
76,277,MAGED2,RTP4,0.89194053
76,183,MAGED2,XAF1,0.89110327
76,200,MAGED2,IGTP,0.89110327
76,504,MAGED2,IFI44,0.89110327
76,609,MAGED2,UBA7,0.89110327
76,464,MAGED2,ZNRF2,0.89018023
76,410,MAGED2,SMARCA2,0.8899257
76,283,MAGED2,EGR1,0.8889533
76,518,MAGED2,PHF10,0.88764507
76,137,MAGED2,MYCN,0.88756967
76,0,MAGED2,OTUD6B,0.8873572
76,8,MAGED2,ATAD1,0.8873572
76,128,MAGED2,APLP2,0.8873572
76,136,MAGED2,TACC3,0.8873572
76,150,MAGED2,SORT1,0.8873572
76,396,MAGED2,RUVBL2,0.8873572
76,432,MAGED2,HDC,0.8873572
76,450,MAGED2,MAGED1,0.8873572
76,514,MAGED2,PAK1,0.8873572
76,519,MAGED2,AGPS,0.8873572
76,524,MAGED2,TBC1D10C,0.8873572
76,595,MAGED2,CSF3R,0.8873572
76,81,MAGED2,HDAC11,0.88636285
76,198,MAGED2,NDN,0.8857979
76,404,MAGED2,FTSJ3,0.88552386
76,33,MAGED2,CSTF2,0.8853858
76,263,MAGED2,JUN,0.884927
76,2,MAGED2,PPP1R15A,0.8849047
76,47,MAGED2,FGL2,0.8849047
76,140,MAGED2,ANXA3,0.8849047
76,146,MAGED2,SCARF1,0.8849047
76,194,MAGED2,GOLPH3,0.8849047
76,362,MAGED2,PTGS1,0.8849047
76,546,MAGED2,PROCR,0.8849047
76,622,MAGED2,KRT18,0.8849047
76,441,MAGED2,EBF1,0.88490415
76,251,MAGED2,IRF6,0.88486606
76,564,MAGED2,MFNG,0.88467485
76,190,MAGED2,RAD51,0.8843264
76,553,MAGED2,DHFR,0.8843264
76,78,MAGED2,MECOM,0.8843045
76,367,MAGED2,HCFC1,0.88415396
76,394,MAGED2,MAPK1,0.8838468
76,34,MAGED2,MAML3,0.8834213
76,486,MAGED2,NFKBIA,0.88339585
76,554,MAGED2,CDT1,0.88287765
76,210,MAGED2,PNO1,0.8824361
34,439,MAML3,DDX20,0.9415027
34,292,MAML3,HDAC7,0.9367236
34,82,MAML3,RB1,0.93281245
34,91,MAML3,FCHO2,0.9204019
34,537,MAML3,TXNDC11,0.9204019
34,611,MAML3,ZEB2,0.9204019
34,81,MAML3,HDAC11,0.91930956
34,475,MAML3,BCL2,0.91500163
34,621,MAML3,SNRPB,0.91211903
34,206,MAML3,ZDHHC6,0.9079997
34,209,MAML3,ZBTB16,0.89901567
34,226,MAML3,POLR2B,0.8988129
34,128,MAML3,APLP2,0.89747256
34,534,MAML3,MORC3,0.8924104
34,186,MAML3,STT3B,0.8880687
34,299,MAML3,ORC2,0.87586385
34,595,MAML3,CSF3R,0.8741446
34,524,MAML3,TBC1D10C,0.8741286
34,0,MAML3,OTUD6B,0.8740599
34,8,MAML3,ATAD1,0.8740599
34,150,MAML3,SORT1,0.8740599
34,396,MAML3,RUVBL2,0.8740599
34,432,MAML3,HDC,0.8740599
34,450,MAML3,MAGED1,0.8740599
34,514,MAML3,PAK1,0.8740599
34,519,MAML3,AGPS,0.8740599
34,136,MAML3,TACC3,0.87357837
34,86,MAML3,RANGAP1,0.8717109
34,189,MAML3,MCM5,0.8674557
34,74,MAML3,TOP2A,0.8670379
34,290,MAML3,POLD1,0.8668848
34,351,MAML3,ERCC8,0.86562425
34,554,MAML3,CDT1,0.865275
34,21,MAML3,RRM1,0.8623319
34,331,MAML3,PIM2,0.85919344
34,404,MAML3,FTSJ3,0.85827875
34,279,MAML3,AURKB,0.85518664
34,246,MAML3,TK1,0.8494978
34,500,MAML3,MCM3,0.8452459
34,410,MAML3,SMARCA2,0.84375226
34,345,MAML3,UHRF1,0.8399604
34,497,MAML3,TYMS,0.83957505
34,323,MAML3,MCM4,0.8379655
34,399,MAML3,RRM2,0.83569217
34,429,MAML3,GFI1B,0.8347781
34,297,MAML3,LIG1,0.8327902
34,266,MAML3,MSH6,0.82872313
34,273,MAML3,FIGNL1,0.8282022
34,350,MAML3,MCM6,0.8274942
34,182,MAML3,RPA1,0.8268516
390,28,MAN2A2,NFE2,0.90275615
390,524,MAN2A2,TBC1D10C,0.90188694
390,128,MAN2A2,APLP2,0.901884
390,357,MAN2A2,MEIS1,0.89649427
390,78,MAN2A2,MECOM,0.8962374
390,137,MAN2A2,MYCN,0.89262396
390,277,MAN2A2,RTP4,0.89194053
390,57,MAN2A2,OASL2,0.89193445
390,200,MAN2A2,IGTP,0.8912226
390,504,MAN2A2,IFI44,0.89110327
390,609,MAN2A2,UBA7,0.89110327
390,410,MAN2A2,SMARCA2,0.8899257
390,283,MAN2A2,EGR1,0.88864714
390,486,MAN2A2,NFKBIA,0.88805926
390,518,MAN2A2,PHF10,0.88764507
390,595,MAN2A2,CSF3R,0.8874749
390,150,MAN2A2,SORT1,0.8874228
390,432,MAN2A2,HDC,0.88738984
390,450,MAN2A2,MAGED1,0.88738984
390,0,MAN2A2,OTUD6B,0.8873572
390,8,MAN2A2,ATAD1,0.8873572
390,136,MAN2A2,TACC3,0.8873572
390,396,MAN2A2,RUVBL2,0.8873572
390,514,MAN2A2,PAK1,0.8873572
390,519,MAN2A2,AGPS,0.8873572
390,81,MAN2A2,HDAC11,0.88636285
390,198,MAN2A2,NDN,0.8857787
390,404,MAN2A2,FTSJ3,0.8855358
390,33,MAN2A2,CSTF2,0.8854497
390,263,MAN2A2,JUN,0.884927
390,622,MAN2A2,KRT18,0.8849098
390,47,MAN2A2,FGL2,0.8849047
390,140,MAN2A2,ANXA3,0.8849047
390,146,MAN2A2,SCARF1,0.8849047
390,194,MAN2A2,GOLPH3,0.8849047
390,441,MAN2A2,EBF1,0.8849047
390,546,MAN2A2,PROCR,0.8849047
390,564,MAN2A2,MFNG,0.88467485
390,190,MAN2A2,RAD51,0.8843399
390,553,MAN2A2,DHFR,0.8843264
390,367,MAN2A2,HCFC1,0.88415396
390,394,MAN2A2,MAPK1,0.8838398
390,251,MAN2A2,IRF6,0.8836629
390,34,MAN2A2,MAML3,0.8834213
390,554,MAN2A2,CDT1,0.88287765
390,590,MAN2A2,IL12A,0.88253915
390,210,MAN2A2,PNO1,0.8824442
390,362,MAN2A2,PTGS1,0.8823133
390,232,MAN2A2,ICAM1,0.88227135
390,440,MAN2A2,TMEM97,0.8819445
629,450,MAP4K2,MAGED1,0.90148413
629,595,MAP4K2,CSF3R,0.90148413
629,28,MAP4K2,NFE2,0.89773923
629,78,MAP4K2,MECOM,0.89618415
629,137,MAP4K2,MYCN,0.89350516
629,410,MAP4K2,SMARCA2,0.89217
629,57,MAP4K2,OASL2,0.8920751
629,277,MAP4K2,RTP4,0.8920748
629,183,MAP4K2,XAF1,0.8915706
629,200,MAP4K2,IGTP,0.8915706
629,504,MAP4K2,IFI44,0.89110327
629,609,MAP4K2,UBA7,0.89110327
629,283,MAP4K2,EGR1,0.8889713
629,73,MAP4K2,RORC,0.8883702
629,396,MAP4K2,RUVBL2,0.8883546
629,0,MAP4K2,OTUD6B,0.8883433
629,8,MAP4K2,ATAD1,0.8883433
629,128,MAP4K2,APLP2,0.8883433
629,136,MAP4K2,TACC3,0.8883433
629,150,MAP4K2,SORT1,0.8883433
629,518,MAP4K2,PHF10,0.88764507
629,514,MAP4K2,PAK1,0.8874861
629,432,MAP4K2,HDC,0.8873572
629,519,MAP4K2,AGPS,0.8873572
629,524,MAP4K2,TBC1D10C,0.8873572
629,394,MAP4K2,MAPK1,0.8867617
629,404,MAP4K2,FTSJ3,0.88646466
629,33,MAP4K2,CSTF2,0.886093
629,263,MAP4K2,JUN,0.8852389
629,441,MAP4K2,EBF1,0.8849047
629,546,MAP4K2,PROCR,0.8849047
629,622,MAP4K2,KRT18,0.8849047
629,367,MAP4K2,HCFC1,0.88487726
629,2,MAP4K2,PPP1R15A,0.8847127
629,47,MAP4K2,FGL2,0.8847127
629,140,MAP4K2,ANXA3,0.8847127
629,146,MAP4K2,SCARF1,0.8847127
629,194,MAP4K2,GOLPH3,0.8847127
629,362,MAP4K2,PTGS1,0.8847127
629,564,MAP4K2,MFNG,0.88467485
629,553,MAP4K2,DHFR,0.8843264
629,251,MAP4K2,IRF6,0.883922
629,34,MAP4K2,MAML3,0.88373387
629,486,MAP4K2,NFKBIA,0.8832411
629,232,MAP4K2,ICAM1,0.88290274
629,554,MAP4K2,CDT1,0.88287765
629,177,MAP4K2,RELB,0.8826959
629,590,MAP4K2,IL12A,0.88253915
629,210,MAP4K2,PNO1,0.88250196
629,440,MAP4K2,TMEM97,0.8819445
394,410,MAPK1,SMARCA2,0.92299706
394,404,MAPK1,FTSJ3,0.9220426
394,554,MAPK1,CDT1,0.9218519
394,81,MAPK1,HDAC11,0.918485
394,429,MAPK1,GFI1B,0.9177269
394,199,MAPK1,E2F4,0.91731346
394,150,MAPK1,SORT1,0.9172751
394,595,MAPK1,CSF3R,0.9172657
394,432,MAPK1,HDC,0.9172436
394,450,MAPK1,MAGED1,0.9172436
394,0,MAPK1,OTUD6B,0.917189
394,8,MAPK1,ATAD1,0.917189
394,136,MAPK1,TACC3,0.917189
394,396,MAPK1,RUVBL2,0.917189
394,514,MAPK1,PAK1,0.917189
394,519,MAPK1,AGPS,0.917189
394,524,MAPK1,TBC1D10C,0.91660124
394,128,MAPK1,APLP2,0.9164376
394,331,MAPK1,PIM2,0.9140265
394,161,MAPK1,JARID2,0.9137535
394,440,MAPK1,TMEM97,0.91366494
394,464,MAPK1,ZNRF2,0.91366494
394,289,MAPK1,GT(ROSA)26SOR,0.9108933
394,255,MAPK1,CD74,0.9108819
394,210,MAPK1,PNO1,0.91030204
394,200,MAPK1,IGTP,0.90995276
394,504,MAPK1,IFI44,0.90982795
394,609,MAPK1,UBA7,0.90982795
394,34,MAPK1,MAML3,0.90834326
394,73,MAPK1,RORC,0.90728045
394,209,MAPK1,ZBTB16,0.9042033
394,137,MAPK1,MYCN,0.90341896
394,351,MAPK1,ERCC8,0.9032069
394,486,MAPK1,NFKBIA,0.90185606
394,50,MAPK1,NFAT5,0.8988653
394,402,MAPK1,EIF1AD,0.8986319
394,475,MAPK1,BCL2,0.8968607
394,537,MAPK1,TXNDC11,0.8963378
394,78,MAPK1,MECOM,0.895669
394,292,MAPK1,HDAC7,0.89498323
394,177,MAPK1,RELB,0.8944307
394,67,MAPK1,HDAC2,0.8940414
394,33,MAPK1,CSTF2,0.89386404
394,590,MAPK1,IL12A,0.8908521
394,186,MAPK1,STT3B,0.8906443
394,357,MAPK1,MEIS1,0.8902411
394,367,MAPK1,HCFC1,0.88931954
394,580,MAPK1,MLLT3,0.8888748
394,277,MAPK1,RTP4,0.8888043
394,57,MAPK1,OASL2,0.8887925
224,554,MAPK12,CDT1,0.9230975
224,410,MAPK12,SMARCA2,0.9228041
224,0,MAPK12,OTUD6B,0.9191165
224,450,MAPK12,MAGED1,0.9191165
224,81,MAPK12,HDAC11,0.91909724
224,199,MAPK12,E2F4,0.91825426
224,128,MAPK12,APLP2,0.9176989
224,136,MAPK12,TACC3,0.9176989
224,150,MAPK12,SORT1,0.9176989
224,432,MAPK12,HDC,0.9176989
224,514,MAPK12,PAK1,0.9176989
224,519,MAPK12,AGPS,0.9176989
224,524,MAPK12,TBC1D10C,0.9176989
224,595,MAPK12,CSF3R,0.9176989
224,396,MAPK12,RUVBL2,0.91760486
224,429,MAPK12,GFI1B,0.91716224
224,331,MAPK12,PIM2,0.9153553
224,183,MAPK12,XAF1,0.91531956
224,200,MAPK12,IGTP,0.91531956
224,504,MAPK12,IFI44,0.91531956
224,609,MAPK12,UBA7,0.91531956
224,404,MAPK12,FTSJ3,0.91459435
224,8,MAPK12,ATAD1,0.91366094
224,161,MAPK12,JARID2,0.9125199
224,137,MAPK12,MYCN,0.909496
224,34,MAPK12,MAML3,0.90853477
224,464,MAPK12,ZNRF2,0.9080145
224,440,MAPK12,TMEM97,0.9079827
224,255,MAPK12,CD74,0.90704423
224,289,MAPK12,GT(ROSA)26SOR,0.90704423
224,73,MAPK12,RORC,0.90599984
224,209,MAPK12,ZBTB16,0.9050457
224,486,MAPK12,NFKBIA,0.8979521
224,50,MAPK12,NFAT5,0.8972857
224,475,MAPK12,BCL2,0.8972766
224,292,MAPK12,HDAC7,0.8949567
224,580,MAPK12,MLLT3,0.8943811
224,78,MAPK12,MECOM,0.89366025
224,177,MAPK12,RELB,0.8924965
224,33,MAPK12,CSTF2,0.89243084
224,67,MAPK12,HDAC2,0.8923362
224,402,MAPK12,EIF1AD,0.8913461
224,590,MAPK12,IL12A,0.8899503
224,318,MAPK12,GANAB,0.88954157
224,357,MAPK12,MEIS1,0.88839906
224,293,MAPK12,IRF7,0.8882446
224,277,MAPK12,RTP4,0.887699
224,57,MAPK12,OASL2,0.887697
224,28,MAPK12,NFE2,0.88768417
224,367,MAPK12,HCFC1,0.8868367
585,150,MAPKAPK3,SORT1,0.9122756
585,410,MAPKAPK3,SMARCA2,0.908673
585,81,MAPKAPK3,HDAC11,0.90733755
585,554,MAPKAPK3,CDT1,0.9046022
585,34,MAPKAPK3,MAML3,0.90426075
585,0,MAPKAPK3,OTUD6B,0.9041819
585,8,MAPKAPK3,ATAD1,0.9041819
585,128,MAPKAPK3,APLP2,0.9041819
585,136,MAPKAPK3,TACC3,0.9041819
585,396,MAPKAPK3,RUVBL2,0.9041819
585,432,MAPKAPK3,HDC,0.9041819
585,514,MAPKAPK3,PAK1,0.9041819
585,519,MAPKAPK3,AGPS,0.9041819
585,524,MAPKAPK3,TBC1D10C,0.9041819
585,595,MAPKAPK3,CSF3R,0.9041819
585,404,MAPKAPK3,FTSJ3,0.9036744
585,210,MAPKAPK3,PNO1,0.90353745
585,464,MAPKAPK3,ZNRF2,0.9031522
585,440,MAPKAPK3,TMEM97,0.90309834
585,429,MAPKAPK3,GFI1B,0.90276015
585,161,MAPKAPK3,JARID2,0.8992252
585,33,MAPKAPK3,CSTF2,0.8981121
585,292,MAPKAPK3,HDAC7,0.897419
585,331,MAPKAPK3,PIM2,0.89659303
585,73,MAPKAPK3,RORC,0.89559966
585,255,MAPKAPK3,CD74,0.8938483
585,289,MAPKAPK3,GT(ROSA)26SOR,0.8938483
585,486,MAPKAPK3,NFKBIA,0.89302754
585,199,MAPKAPK3,E2F4,0.89216936
585,209,MAPKAPK3,ZBTB16,0.89107543
585,177,MAPKAPK3,RELB,0.88919926
585,50,MAPKAPK3,NFAT5,0.88673264
585,351,MAPKAPK3,ERCC8,0.8857256
585,67,MAPKAPK3,HDAC2,0.8856048
585,318,MAPKAPK3,GANAB,0.8855446
585,439,MAPKAPK3,DDX20,0.8849971
585,28,MAPKAPK3,NFE2,0.8846884
585,363,MAPKAPK3,MYC,0.88268405
585,475,MAPKAPK3,BCL2,0.88054556
585,367,MAPKAPK3,HCFC1,0.8796904
585,357,MAPKAPK3,MEIS1,0.8796279
585,186,MAPKAPK3,STT3B,0.8793504
585,165,MAPKAPK3,GTF2H1,0.87876546
585,426,MAPKAPK3,PRPF4,0.8777604
585,82,MAPKAPK3,RB1,0.8773578
585,402,MAPKAPK3,EIF1AD,0.8769947
585,590,MAPKAPK3,IL12A,0.87502366
585,277,MAPKAPK3,RTP4,0.87301487
585,57,MAPKAPK3,OASL2,0.87298965
585,276,MAPKAPK3,REL,0.87031686
239,28,MARS,NFE2,0.8983655
239,357,MARS,MEIS1,0.89649427
239,78,MARS,MECOM,0.8962374
239,137,MARS,MYCN,0.89262396
239,57,MARS,OASL2,0.89194083
239,277,MARS,RTP4,0.89193827
239,183,MARS,XAF1,0.89118713
239,200,MARS,IGTP,0.89110327
239,504,MARS,IFI44,0.89110327
239,609,MARS,UBA7,0.89110327
239,464,MARS,ZNRF2,0.89018023
239,410,MARS,SMARCA2,0.88990325
239,283,MARS,EGR1,0.88864595
239,146,MARS,SCARF1,0.8876848
239,518,MARS,PHF10,0.88764507
239,432,MARS,HDC,0.88738984
239,8,MARS,ATAD1,0.8873572
239,136,MARS,TACC3,0.8873572
239,150,MARS,SORT1,0.8873572
239,450,MARS,MAGED1,0.8873572
239,519,MARS,AGPS,0.8873572
239,524,MARS,TBC1D10C,0.8873572
239,595,MARS,CSF3R,0.8873572
239,514,MARS,PAK1,0.8872543
239,128,MARS,APLP2,0.8865584
239,81,MARS,HDAC11,0.88636285
239,198,MARS,NDN,0.88575673
239,404,MARS,FTSJ3,0.8855358
239,263,MARS,JUN,0.884927
239,194,MARS,GOLPH3,0.8849098
239,2,MARS,PPP1R15A,0.8849047
239,47,MARS,FGL2,0.8849047
239,140,MARS,ANXA3,0.8849047
239,362,MARS,PTGS1,0.8849047
239,441,MARS,EBF1,0.8849047
239,546,MARS,PROCR,0.8849047
239,622,MARS,KRT18,0.8849047
239,564,MARS,MFNG,0.88467485
239,190,MARS,RAD51,0.8843264
239,553,MARS,DHFR,0.8843264
239,367,MARS,HCFC1,0.8841443
239,251,MARS,IRF6,0.8836629
239,34,MARS,MAML3,0.8834213
239,486,MARS,NFKBIA,0.88339585
239,554,MARS,CDT1,0.88287765
239,590,MARS,IL12A,0.88253915
239,210,MARS,PNO1,0.8824361
239,232,MARS,ICAM1,0.88227135
239,440,MARS,TMEM97,0.8819445
239,177,MARS,RELB,0.88188756
204,189,MCM2,MCM5,0.97108424
204,290,MCM2,POLD1,0.96871793
204,299,MCM2,ORC2,0.968575
204,279,MCM2,AURKB,0.96852565
204,21,MCM2,RRM1,0.968093
204,345,MCM2,UHRF1,0.9674521
204,246,MCM2,TK1,0.9667283
204,74,MCM2,TOP2A,0.96652424
204,500,MCM2,MCM3,0.96649885
204,297,MCM2,LIG1,0.9655608
204,323,MCM2,MCM4,0.964775
204,561,MCM2,MCM7,0.964489
204,350,MCM2,MCM6,0.96435624
204,240,MCM2,RPA2,0.9641646
204,42,MCM2,HMGB2,0.9628567
204,266,MCM2,MSH6,0.9626196
204,411,MCM2,CDC45,0.96243155
204,230,MCM2,TOP3B,0.9621817
204,610,MCM2,PRIM2,0.96194404
204,620,MCM2,TIPIN,0.9619111
204,30,MCM2,PBK,0.9618494
204,182,MCM2,RPA1,0.96178424
204,478,MCM2,MKI67,0.96176547
204,226,MCM2,POLR2B,0.9615103
204,102,MCM2,PRIM1,0.9614718
204,407,MCM2,CDC7,0.9602112
204,510,MCM2,XRCC6,0.9601462
204,399,MCM2,RRM2,0.9601234
204,86,MCM2,RANGAP1,0.9598222
204,68,MCM2,MIS18BP1,0.95971394
204,259,MCM2,NUP107,0.95971394
204,430,MCM2,SEH1L,0.95971394
204,497,MCM2,TYMS,0.9595442
204,414,MCM2,CENPK,0.9589148
204,273,MCM2,FIGNL1,0.9587835
204,361,MCM2,CCNB2,0.9567197
204,53,MCM2,ORC6,0.9562589
204,91,MCM2,FCHO2,0.9518502
204,537,MCM2,TXNDC11,0.9518502
204,611,MCM2,ZEB2,0.9518502
204,439,MCM2,DDX20,0.944193
204,292,MCM2,HDAC7,0.9384194
204,82,MCM2,RB1,0.9381664
204,118,MCM2,MIS12,0.93746257
204,621,MCM2,SNRPB,0.9295607
204,534,MCM2,MORC3,0.9163783
204,206,MCM2,ZDHHC6,0.91549283
204,34,MCM2,MAML3,0.91251105
204,475,MCM2,BCL2,0.8908474
204,81,MCM2,HDAC11,0.87593645
500,189,MCM3,MCM5,0.97138196
500,290,MCM3,POLD1,0.96900004
500,279,MCM3,AURKB,0.96893734
500,299,MCM3,ORC2,0.968764
500,21,MCM3,RRM1,0.9684248
500,345,MCM3,UHRF1,0.96783566
500,246,MCM3,TK1,0.96712697
500,74,MCM3,TOP2A,0.96671027
500,204,MCM3,MCM2,0.96628743
500,561,MCM3,MCM7,0.96589625
500,323,MCM3,MCM4,0.9657435
500,240,MCM3,RPA2,0.96563643
500,497,MCM3,TYMS,0.9654195
500,350,MCM3,MCM6,0.9654026
500,297,MCM3,LIG1,0.96451455
500,42,MCM3,HMGB2,0.96412325
500,266,MCM3,MSH6,0.9638351
500,411,MCM3,CDC45,0.96368533
500,610,MCM3,PRIM2,0.963266
500,30,MCM3,PBK,0.9631931
500,620,MCM3,TIPIN,0.9631495
500,53,MCM3,ORC6,0.9630578
500,478,MCM3,MKI67,0.963025
500,182,MCM3,RPA1,0.9630118
500,102,MCM3,PRIM1,0.9627243
500,407,MCM3,CDC7,0.96204257
500,510,MCM3,XRCC6,0.9616413
500,68,MCM3,MIS18BP1,0.96157575
500,259,MCM3,NUP107,0.96157575
500,430,MCM3,SEH1L,0.96157575
500,399,MCM3,RRM2,0.9615368
500,86,MCM3,RANGAP1,0.9608431
500,414,MCM3,CENPK,0.9606149
500,273,MCM3,FIGNL1,0.96046585
500,230,MCM3,TOP3B,0.95971966
500,361,MCM3,CCNB2,0.95835316
500,118,MCM3,MIS12,0.9570119
500,91,MCM3,FCHO2,0.9557185
500,226,MCM3,POLR2B,0.9546172
500,537,MCM3,TXNDC11,0.9515143
500,611,MCM3,ZEB2,0.9515143
500,439,MCM3,DDX20,0.9447135
500,82,MCM3,RB1,0.93888724
500,292,MCM3,HDAC7,0.938064
500,534,MCM3,MORC3,0.9176421
500,621,MCM3,SNRPB,0.917104
500,206,MCM3,ZDHHC6,0.9167924
500,34,MCM3,MAML3,0.9132227
500,475,MCM3,BCL2,0.8929808
500,81,MCM3,HDAC11,0.8770844
323,189,MCM4,MCM5,0.97184
323,290,MCM4,POLD1,0.96948785
323,279,MCM4,AURKB,0.9693624
323,299,MCM4,ORC2,0.9692342
323,21,MCM4,RRM1,0.96890724
323,345,MCM4,UHRF1,0.96833557
323,246,MCM4,TK1,0.9676032
323,500,MCM4,MCM3,0.9675702
323,74,MCM4,TOP2A,0.96721107
323,204,MCM4,MCM2,0.9668611
323,399,MCM4,RRM2,0.96636623
323,240,MCM4,RPA2,0.96619684
323,561,MCM4,MCM7,0.96604264
323,350,MCM4,MCM6,0.9659927
323,497,MCM4,TYMS,0.96599066
323,297,MCM4,LIG1,0.9651024
323,230,MCM4,TOP3B,0.96496135
323,42,MCM4,HMGB2,0.96463877
323,266,MCM4,MSH6,0.96435803
323,411,MCM4,CDC45,0.9642197
323,610,MCM4,PRIM2,0.96382153
323,30,MCM4,PBK,0.9637077
323,620,MCM4,TIPIN,0.9636904
323,182,MCM4,RPA1,0.9635888
323,53,MCM4,ORC6,0.9635885
323,478,MCM4,MKI67,0.96351886
323,102,MCM4,PRIM1,0.96327144
323,226,MCM4,POLR2B,0.96246874
323,510,MCM4,XRCC6,0.96227914
323,259,MCM4,NUP107,0.962185
323,68,MCM4,MIS18BP1,0.962177
323,430,MCM4,SEH1L,0.962177
323,407,MCM4,CDC7,0.9620996
323,414,MCM4,CENPK,0.9614244
323,273,MCM4,FIGNL1,0.96090454
323,86,MCM4,RANGAP1,0.9608762
323,361,MCM4,CCNB2,0.9589937
323,91,MCM4,FCHO2,0.95835745
323,118,MCM4,MIS12,0.956466
323,537,MCM4,TXNDC11,0.9516679
323,611,MCM4,ZEB2,0.95166594
323,439,MCM4,DDX20,0.94452935
323,82,MCM4,RB1,0.9383707
323,621,MCM4,SNRPB,0.93011564
323,534,MCM4,MORC3,0.9173049
323,206,MCM4,ZDHHC6,0.91558987
323,34,MCM4,MAML3,0.91295326
323,475,MCM4,BCL2,0.9118777
323,81,MCM4,HDAC11,0.87676126
323,209,MCM4,ZBTB16,0.8719375
189,290,MCM5,POLD1,0.9622282
189,299,MCM5,ORC2,0.962138
189,279,MCM5,AURKB,0.96172434
189,21,MCM5,RRM1,0.9615446
189,74,MCM5,TOP2A,0.95999116
189,345,MCM5,UHRF1,0.9593388
189,246,MCM5,TK1,0.959102
189,500,MCM5,MCM3,0.9583596
189,86,MCM5,RANGAP1,0.9572211
189,323,MCM5,MCM4,0.956309
189,497,MCM5,TYMS,0.9561781
189,399,MCM5,RRM2,0.95616394
189,561,MCM5,MCM7,0.955822
189,226,MCM5,POLR2B,0.9557646
189,118,MCM5,MIS12,0.95555663
189,204,MCM5,MCM2,0.955198
189,350,MCM5,MCM6,0.9549128
189,297,MCM5,LIG1,0.95460993
189,91,MCM5,FCHO2,0.95417994
189,611,MCM5,ZEB2,0.95417994
189,537,MCM5,TXNDC11,0.954023
189,266,MCM5,MSH6,0.95350295
189,42,MCM5,HMGB2,0.9532063
189,411,MCM5,CDC45,0.9529043
189,273,MCM5,FIGNL1,0.95290375
189,182,MCM5,RPA1,0.9527534
189,53,MCM5,ORC6,0.95274466
189,620,MCM5,TIPIN,0.952357
189,240,MCM5,RPA2,0.95198023
189,30,MCM5,PBK,0.9519067
189,102,MCM5,PRIM1,0.9517895
189,610,MCM5,PRIM2,0.95167667
189,230,MCM5,TOP3B,0.9512136
189,407,MCM5,CDC7,0.9507238
189,510,MCM5,XRCC6,0.9484048
189,439,MCM5,DDX20,0.94732016
189,68,MCM5,MIS18BP1,0.9457158
189,259,MCM5,NUP107,0.9457158
189,430,MCM5,SEH1L,0.9457158
189,414,MCM5,CENPK,0.9451075
189,478,MCM5,MKI67,0.9449623
189,361,MCM5,CCNB2,0.944402
189,292,MCM5,HDAC7,0.94218516
189,621,MCM5,SNRPB,0.9416929
189,82,MCM5,RB1,0.9410232
189,404,MCM5,FTSJ3,0.9338662
189,206,MCM5,ZDHHC6,0.9221898
189,34,MCM5,MAML3,0.91885954
189,534,MCM5,MORC3,0.916319
189,475,MCM5,BCL2,0.9015099
350,189,MCM6,MCM5,0.9715597
350,290,MCM6,POLD1,0.9692497
350,279,MCM6,AURKB,0.96909654
350,299,MCM6,ORC2,0.9690479
350,21,MCM6,RRM1,0.9686462
350,345,MCM6,UHRF1,0.9680347
350,246,MCM6,TK1,0.96733177
350,500,MCM6,MCM3,0.9672705
350,204,MCM6,MCM2,0.96634
350,323,MCM6,MCM4,0.96587557
350,399,MCM6,RRM2,0.96582395
350,42,MCM6,HMGB2,0.96581763
350,561,MCM6,MCM7,0.96550316
350,497,MCM6,TYMS,0.9654617
350,240,MCM6,RPA2,0.9653999
350,74,MCM6,TOP2A,0.9651186
350,273,MCM6,FIGNL1,0.96474373
350,266,MCM6,MSH6,0.9638759
350,411,MCM6,CDC45,0.9636903
350,610,MCM6,PRIM2,0.9632597
350,30,MCM6,PBK,0.9631882
350,620,MCM6,TIPIN,0.96315575
350,53,MCM6,ORC6,0.963107
350,182,MCM6,RPA1,0.96310323
350,297,MCM6,LIG1,0.9630966
350,478,MCM6,MKI67,0.9629642
350,102,MCM6,PRIM1,0.96276027
350,226,MCM6,POLR2B,0.96201056
350,510,MCM6,XRCC6,0.9616056
350,407,MCM6,CDC7,0.96154535
350,230,MCM6,TOP3B,0.96150094
350,68,MCM6,MIS18BP1,0.96126217
350,259,MCM6,NUP107,0.96126217
350,430,MCM6,SEH1L,0.9612483
350,414,MCM6,CENPK,0.96055
350,86,MCM6,RANGAP1,0.9602175
350,361,MCM6,CCNB2,0.95831025
350,118,MCM6,MIS12,0.9553974
350,537,MCM6,TXNDC11,0.95146185
350,611,MCM6,ZEB2,0.95146185
350,91,MCM6,FCHO2,0.9514613
350,439,MCM6,DDX20,0.9443454
350,82,MCM6,RB1,0.9382228
350,292,MCM6,HDAC7,0.937744
350,621,MCM6,SNRPB,0.9291668
350,534,MCM6,MORC3,0.91654694
350,206,MCM6,ZDHHC6,0.9155727
350,34,MCM6,MAML3,0.912476
350,475,MCM6,BCL2,0.89145744
350,81,MCM6,HDAC11,0.8760833
561,189,MCM7,MCM5,0.97153836
561,290,MCM7,POLD1,0.9695602
561,299,MCM7,ORC2,0.9695109
561,279,MCM7,AURKB,0.9693998
561,21,MCM7,RRM1,0.96897084
561,345,MCM7,UHRF1,0.9683681
561,246,MCM7,TK1,0.9676788
561,74,MCM7,TOP2A,0.9674685
561,500,MCM7,MCM3,0.96742994
561,204,MCM7,MCM2,0.96629745
561,399,MCM7,RRM2,0.9658054
561,323,MCM7,MCM4,0.96577436
561,497,MCM7,TYMS,0.96546894
561,350,MCM7,MCM6,0.9653962
561,240,MCM7,RPA2,0.96536714
561,297,MCM7,LIG1,0.9645618
561,266,MCM7,MSH6,0.9638866
561,411,MCM7,CDC45,0.9637695
561,273,MCM7,FIGNL1,0.963584
561,610,MCM7,PRIM2,0.96331424
561,620,MCM7,TIPIN,0.96324414
561,30,MCM7,PBK,0.9632259
561,182,MCM7,RPA1,0.9631345
561,53,MCM7,ORC6,0.96313417
561,478,MCM7,MKI67,0.96312886
561,102,MCM7,PRIM1,0.9628179
561,230,MCM7,TOP3B,0.9623194
561,226,MCM7,POLR2B,0.9618
561,407,MCM7,CDC7,0.96164334
561,414,MCM7,CENPK,0.9603164
561,68,MCM7,MIS18BP1,0.9601885
561,259,MCM7,NUP107,0.9601885
561,430,MCM7,SEH1L,0.9601885
561,42,MCM7,HMGB2,0.9588701
561,361,MCM7,CCNB2,0.958325
561,86,MCM7,RANGAP1,0.95829713
561,510,MCM7,XRCC6,0.9579936
561,81,MCM7,HDAC11,0.95428705
561,537,MCM7,TXNDC11,0.9510969
561,611,MCM7,ZEB2,0.9510969
561,91,MCM7,FCHO2,0.9510088
561,118,MCM7,MIS12,0.9492351
561,439,MCM7,DDX20,0.94311714
561,82,MCM7,RB1,0.9364495
561,292,MCM7,HDAC7,0.93630767
561,621,MCM7,SNRPB,0.9200054
561,534,MCM7,MORC3,0.91355306
561,206,MCM7,ZDHHC6,0.9129614
561,34,MCM7,MAML3,0.9105038
561,475,MCM7,BCL2,0.88716894
116,34,ME2,MAML3,0.9263805
116,81,ME2,HDAC11,0.9234371
116,595,ME2,CSF3R,0.9229145
116,396,ME2,RUVBL2,0.92039895
116,554,ME2,CDT1,0.91880715
116,0,ME2,OTUD6B,0.9163305
116,8,ME2,ATAD1,0.9163305
116,128,ME2,APLP2,0.9163305
116,136,ME2,TACC3,0.9163305
116,150,ME2,SORT1,0.9163305
116,432,ME2,HDC,0.9163305
116,450,ME2,MAGED1,0.9163305
116,514,ME2,PAK1,0.9163305
116,519,ME2,AGPS,0.9163305
116,524,ME2,TBC1D10C,0.9163305
116,292,ME2,HDAC7,0.9159325
116,410,ME2,SMARCA2,0.9143204
116,331,ME2,PIM2,0.9128384
116,199,ME2,E2F4,0.9123305
116,404,ME2,FTSJ3,0.91132873
116,475,ME2,BCL2,0.9112045
116,351,ME2,ERCC8,0.9091768
116,186,ME2,STT3B,0.90846914
116,209,ME2,ZBTB16,0.90799576
116,439,ME2,DDX20,0.90478915
116,161,ME2,JARID2,0.9005643
116,609,ME2,UBA7,0.89785135
116,183,ME2,XAF1,0.89766216
116,200,ME2,IGTP,0.89766216
116,504,ME2,IFI44,0.89753807
116,289,ME2,GT(ROSA)26SOR,0.8963839
116,255,ME2,CD74,0.8963496
116,82,ME2,RB1,0.89625996
116,429,ME2,GFI1B,0.8956443
116,440,ME2,TMEM97,0.89247197
116,464,ME2,ZNRF2,0.89247197
116,73,ME2,RORC,0.8868355
116,210,ME2,PNO1,0.8866588
116,137,ME2,MYCN,0.8849705
116,402,ME2,EIF1AD,0.8822523
116,50,ME2,NFAT5,0.88187414
116,206,ME2,ZDHHC6,0.879189
116,33,ME2,CSTF2,0.8748157
116,486,ME2,NFKBIA,0.8712534
116,590,ME2,IL12A,0.86922836
116,363,ME2,MYC,0.8671873
116,91,ME2,FCHO2,0.865528
116,537,ME2,TXNDC11,0.865528
116,611,ME2,ZEB2,0.865528
116,177,ME2,RELB,0.86252016
78,199,MECOM,E2F4,0.93425727
78,554,MECOM,CDT1,0.93338364
78,404,MECOM,FTSJ3,0.93241584
78,81,MECOM,HDAC11,0.93031806
78,429,MECOM,GFI1B,0.9295796
78,410,MECOM,SMARCA2,0.92850447
78,396,MECOM,RUVBL2,0.92768884
78,514,MECOM,PAK1,0.9271585
78,0,MECOM,OTUD6B,0.9270927
78,8,MECOM,ATAD1,0.9270927
78,128,MECOM,APLP2,0.9270927
78,150,MECOM,SORT1,0.9270927
78,432,MECOM,HDC,0.9270927
78,519,MECOM,AGPS,0.9270927
78,595,MECOM,CSF3R,0.9270053
78,331,MECOM,PIM2,0.92684793
78,200,MECOM,IGTP,0.92585945
78,504,MECOM,IFI44,0.92585945
78,609,MECOM,UBA7,0.92585945
78,183,MECOM,XAF1,0.9257622
78,161,MECOM,JARID2,0.92487043
78,137,MECOM,MYCN,0.9240314
78,210,MECOM,PNO1,0.92346174
78,440,MECOM,TMEM97,0.9230307
78,464,MECOM,ZNRF2,0.9230307
78,34,MECOM,MAML3,0.9225696
78,289,MECOM,GT(ROSA)26SOR,0.92126095
78,255,MECOM,CD74,0.92124313
78,450,MECOM,MAGED1,0.92086977
78,524,MECOM,TBC1D10C,0.92086977
78,73,MECOM,RORC,0.9206924
78,351,MECOM,ERCC8,0.91893256
78,402,MECOM,EIF1AD,0.9158376
78,209,MECOM,ZBTB16,0.9153449
78,67,MECOM,HDAC2,0.9131043
78,50,MECOM,NFAT5,0.9122508
78,33,MECOM,CSTF2,0.90997547
78,580,MECOM,MLLT3,0.9097833
78,186,MECOM,STT3B,0.9091598
78,292,MECOM,HDAC7,0.90857416
78,165,MECOM,GTF2H1,0.90746164
78,475,MECOM,BCL2,0.90696627
78,177,MECOM,RELB,0.90666944
78,318,MECOM,GANAB,0.9061985
78,590,MECOM,IL12A,0.9050675
78,277,MECOM,RTP4,0.90387034
78,57,MECOM,OASL2,0.9038687
78,363,MECOM,MYC,0.9029732
78,357,MECOM,MEIS1,0.90199924
78,28,MECOM,NFE2,0.9019769
495,28,MED16,NFE2,0.8983655
495,357,MED16,MEIS1,0.89649427
495,78,MED16,MECOM,0.8962374
495,137,MED16,MYCN,0.89262396
495,57,MED16,OASL2,0.89194083
495,277,MED16,RTP4,0.89194053
495,183,MED16,XAF1,0.89110327
495,200,MED16,IGTP,0.89110327
495,504,MED16,IFI44,0.89110327
495,609,MED16,UBA7,0.89110327
495,410,MED16,SMARCA2,0.8899257
495,283,MED16,EGR1,0.88864714
495,518,MED16,PHF10,0.88764507
495,0,MED16,OTUD6B,0.8873572
495,8,MED16,ATAD1,0.8873572
495,128,MED16,APLP2,0.8873572
495,136,MED16,TACC3,0.8873572
495,150,MED16,SORT1,0.8873572
495,432,MED16,HDC,0.8873572
495,450,MED16,MAGED1,0.8873572
495,514,MED16,PAK1,0.8873572
495,595,MED16,CSF3R,0.8873572
495,519,MED16,AGPS,0.8873467
495,524,MED16,TBC1D10C,0.88720065
495,396,MED16,RUVBL2,0.8867853
495,81,MED16,HDAC11,0.88636285
495,198,MED16,NDN,0.8857979
495,404,MED16,FTSJ3,0.8855358
495,33,MED16,CSTF2,0.8854538
495,546,MED16,PROCR,0.8849264
495,2,MED16,PPP1R15A,0.8849047
495,47,MED16,FGL2,0.8849047
495,140,MED16,ANXA3,0.8849047
495,146,MED16,SCARF1,0.8849047
495,194,MED16,GOLPH3,0.8849047
495,362,MED16,PTGS1,0.8849047
495,441,MED16,EBF1,0.8849047
495,622,MED16,KRT18,0.88483375
495,564,MED16,MFNG,0.88467485
495,190,MED16,RAD51,0.8843264
495,553,MED16,DHFR,0.8843264
495,367,MED16,HCFC1,0.88415396
495,251,MED16,IRF6,0.8836629
495,486,MED16,NFKBIA,0.88339585
495,34,MED16,MAML3,0.88334125
495,554,MED16,CDT1,0.88287765
495,590,MED16,IL12A,0.88253915
495,210,MED16,PNO1,0.8824361
495,292,MED16,HDAC7,0.8823588
495,232,MED16,ICAM1,0.88227135
357,81,MEIS1,HDAC11,0.9210148
357,128,MEIS1,APLP2,0.92069703
357,34,MEIS1,MAML3,0.91779304
357,554,MEIS1,CDT1,0.91718924
357,0,MEIS1,OTUD6B,0.9131339
357,8,MEIS1,ATAD1,0.9131339
357,136,MEIS1,TACC3,0.9131339
357,150,MEIS1,SORT1,0.9131339
357,396,MEIS1,RUVBL2,0.9131339
357,432,MEIS1,HDC,0.9131339
357,450,MEIS1,MAGED1,0.9131339
357,519,MEIS1,AGPS,0.9131339
357,524,MEIS1,TBC1D10C,0.9131339
357,514,MEIS1,PAK1,0.913094
357,595,MEIS1,CSF3R,0.9130899
357,404,MEIS1,FTSJ3,0.9122286
357,331,MEIS1,PIM2,0.9104522
357,410,MEIS1,SMARCA2,0.9083802
357,199,MEIS1,E2F4,0.9079247
357,351,MEIS1,ERCC8,0.90772164
357,209,MEIS1,ZBTB16,0.90749204
357,292,MEIS1,HDAC7,0.9034724
357,475,MEIS1,BCL2,0.90291005
357,429,MEIS1,GFI1B,0.90290123
357,186,MEIS1,STT3B,0.90058964
357,439,MEIS1,DDX20,0.8946347
357,255,MEIS1,CD74,0.88979906
357,289,MEIS1,GT(ROSA)26SOR,0.8897286
357,440,MEIS1,TMEM97,0.8883873
357,464,MEIS1,ZNRF2,0.8883649
357,82,MEIS1,RB1,0.884549
357,73,MEIS1,RORC,0.88192296
357,210,MEIS1,PNO1,0.8819091
357,200,MEIS1,IGTP,0.87885225
357,183,MEIS1,XAF1,0.8785231
357,609,MEIS1,UBA7,0.8785231
357,504,MEIS1,IFI44,0.87832874
357,486,MEIS1,NFKBIA,0.87667274
357,161,MEIS1,JARID2,0.87555385
357,50,MEIS1,NFAT5,0.87312
357,33,MEIS1,CSTF2,0.8705329
357,206,MEIS1,ZDHHC6,0.859612
357,363,MEIS1,MYC,0.8584136
357,534,MEIS1,MORC3,0.8577228
357,177,MEIS1,RELB,0.8563567
357,137,MEIS1,MYCN,0.85519016
357,590,MEIS1,IL12A,0.85380095
357,216,MEIS1,CUL3,0.85265595
357,318,MEIS1,GANAB,0.8499898
357,28,MEIS1,NFE2,0.8495535
24,28,METAP1,NFE2,0.90543985
24,410,METAP1,SMARCA2,0.90504336
24,518,METAP1,PHF10,0.9036076
24,357,METAP1,MEIS1,0.9035614
24,33,METAP1,CSTF2,0.90261006
24,404,METAP1,FTSJ3,0.9019227
24,367,METAP1,HCFC1,0.9011442
24,0,METAP1,OTUD6B,0.90094095
24,128,METAP1,APLP2,0.9009122
24,136,METAP1,TACC3,0.9009122
24,150,METAP1,SORT1,0.9009122
24,396,METAP1,RUVBL2,0.9009122
24,432,METAP1,HDC,0.9009122
24,450,METAP1,MAGED1,0.9009122
24,514,METAP1,PAK1,0.9009122
24,519,METAP1,AGPS,0.9009122
24,524,METAP1,TBC1D10C,0.9009122
24,8,METAP1,ATAD1,0.90081394
24,595,METAP1,CSF3R,0.9008096
24,486,METAP1,NFKBIA,0.8997839
24,57,METAP1,OASL2,0.89971906
24,277,METAP1,RTP4,0.89971876
24,137,METAP1,MYCN,0.89952224
24,81,METAP1,HDAC11,0.8994419
24,210,METAP1,PNO1,0.89863735
24,177,METAP1,RELB,0.8983204
24,554,METAP1,CDT1,0.8982778
24,440,METAP1,TMEM97,0.89684296
24,464,METAP1,ZNRF2,0.89684296
24,183,METAP1,XAF1,0.8968308
24,200,METAP1,IGTP,0.89671075
24,504,METAP1,IFI44,0.89671075
24,609,METAP1,UBA7,0.89671075
24,439,METAP1,DDX20,0.8958771
24,34,METAP1,MAML3,0.89556193
24,283,METAP1,EGR1,0.8955479
24,564,METAP1,MFNG,0.8955476
24,161,METAP1,JARID2,0.89474475
24,198,METAP1,NDN,0.8942717
24,190,METAP1,RAD51,0.8937142
24,553,METAP1,DHFR,0.8936671
24,73,METAP1,RORC,0.89354753
24,363,METAP1,MYC,0.89353323
24,67,METAP1,HDAC2,0.8930697
24,146,METAP1,SCARF1,0.892939
24,2,METAP1,PPP1R15A,0.892869
24,47,METAP1,FGL2,0.892869
24,140,METAP1,ANXA3,0.892869
24,194,METAP1,GOLPH3,0.892869
24,362,METAP1,PTGS1,0.892869
343,8,METTL27,ATAD1,0.901884
343,28,METTL27,NFE2,0.8983655
343,357,METTL27,MEIS1,0.89649427
343,78,METTL27,MECOM,0.8962374
343,137,METTL27,MYCN,0.89262396
343,57,METTL27,OASL2,0.89194083
343,277,METTL27,RTP4,0.89194053
343,504,METTL27,IFI44,0.89128894
343,200,METTL27,IGTP,0.89110327
343,609,METTL27,UBA7,0.89110327
343,183,METTL27,XAF1,0.8910734
343,410,METTL27,SMARCA2,0.8899257
343,283,METTL27,EGR1,0.88864714
343,518,METTL27,PHF10,0.88764507
343,441,METTL27,EBF1,0.88756645
343,524,METTL27,TBC1D10C,0.8874228
343,0,METTL27,OTUD6B,0.8873572
343,150,METTL27,SORT1,0.8873572
343,432,METTL27,HDC,0.8873572
343,514,METTL27,PAK1,0.8873572
343,519,METTL27,AGPS,0.88726604
343,136,METTL27,TACC3,0.8865584
343,450,METTL27,MAGED1,0.8865584
343,396,METTL27,RUVBL2,0.88654757
343,81,METTL27,HDAC11,0.88636285
343,198,METTL27,NDN,0.8857979
343,33,METTL27,CSTF2,0.8854538
343,2,METTL27,PPP1R15A,0.88500047
343,622,METTL27,KRT18,0.88494617
343,263,METTL27,JUN,0.884927
343,47,METTL27,FGL2,0.8849047
343,140,METTL27,ANXA3,0.8849047
343,146,METTL27,SCARF1,0.8849047
343,194,METTL27,GOLPH3,0.8849047
343,546,METTL27,PROCR,0.8849047
343,362,METTL27,PTGS1,0.8848201
343,363,METTL27,MYC,0.88436043
343,190,METTL27,RAD51,0.8843264
343,553,METTL27,DHFR,0.8843264
343,367,METTL27,HCFC1,0.8839234
343,394,METTL27,MAPK1,0.8838468
343,251,METTL27,IRF6,0.8836629
343,486,METTL27,NFKBIA,0.88339585
343,34,METTL27,MAML3,0.88338184
343,232,METTL27,ICAM1,0.88317394
343,554,METTL27,CDT1,0.88287765
343,590,METTL27,IL12A,0.88253915
343,429,METTL27,GFI1B,0.8822198
343,440,METTL27,TMEM97,0.8819445
343,464,METTL27,ZNRF2,0.8819445
605,519,METTL7A1,AGPS,0.9014834
605,28,METTL7A1,NFE2,0.89791244
605,357,METTL7A1,MEIS1,0.89649427
605,78,METTL7A1,MECOM,0.8963756
605,137,METTL7A1,MYCN,0.89262396
605,57,METTL7A1,OASL2,0.89194083
605,277,METTL7A1,RTP4,0.89194053
605,183,METTL7A1,XAF1,0.89110327
605,200,METTL7A1,IGTP,0.89110327
605,504,METTL7A1,IFI44,0.89110327
605,609,METTL7A1,UBA7,0.89110327
605,410,METTL7A1,SMARCA2,0.8899257
605,283,METTL7A1,EGR1,0.88864714
605,518,METTL7A1,PHF10,0.88764507
605,450,METTL7A1,MAGED1,0.8874228
605,0,METTL7A1,OTUD6B,0.8873572
605,8,METTL7A1,ATAD1,0.8873572
605,128,METTL7A1,APLP2,0.8873572
605,136,METTL7A1,TACC3,0.8873572
605,150,METTL7A1,SORT1,0.8873572
605,432,METTL7A1,HDC,0.8873572
605,514,METTL7A1,PAK1,0.8873572
605,524,METTL7A1,TBC1D10C,0.8873572
605,595,METTL7A1,CSF3R,0.8873572
605,394,METTL7A1,MAPK1,0.88674515
605,81,METTL7A1,HDAC11,0.88636285
605,198,METTL7A1,NDN,0.88566744
605,404,METTL7A1,FTSJ3,0.8855358
605,33,METTL7A1,CSTF2,0.8854538
605,622,METTL7A1,KRT18,0.88494617
605,263,METTL7A1,JUN,0.88492054
605,140,METTL7A1,ANXA3,0.8849131
605,2,METTL7A1,PPP1R15A,0.8849047
605,47,METTL7A1,FGL2,0.8849047
605,146,METTL7A1,SCARF1,0.8849047
605,441,METTL7A1,EBF1,0.8849047
605,546,METTL7A1,PROCR,0.8849047
605,553,METTL7A1,DHFR,0.88442475
605,190,METTL7A1,RAD51,0.8843264
605,367,METTL7A1,HCFC1,0.88404924
605,251,METTL7A1,IRF6,0.8836629
605,34,METTL7A1,MAML3,0.8834213
605,486,METTL7A1,NFKBIA,0.88339585
605,564,METTL7A1,MFNG,0.8832431
605,554,METTL7A1,CDT1,0.88287765
605,590,METTL7A1,IL12A,0.88253915
605,210,METTL7A1,PNO1,0.8824361
605,232,METTL7A1,ICAM1,0.88227135
605,440,METTL7A1,TMEM97,0.8819445
605,464,METTL7A1,ZNRF2,0.8819445
564,410,MFNG,SMARCA2,0.9179806
564,554,MFNG,CDT1,0.91667736
564,432,MFNG,HDC,0.9142913
564,8,MFNG,ATAD1,0.9142878
564,128,MFNG,APLP2,0.9142878
564,136,MFNG,TACC3,0.9142878
564,150,MFNG,SORT1,0.9142878
564,514,MFNG,PAK1,0.9142878
564,519,MFNG,AGPS,0.9142878
564,595,MFNG,CSF3R,0.9142878
564,396,MFNG,RUVBL2,0.914216
564,0,MFNG,OTUD6B,0.91419286
564,450,MFNG,MAGED1,0.91414565
564,429,MFNG,GFI1B,0.9123117
564,199,MFNG,E2F4,0.9115317
564,404,MFNG,FTSJ3,0.9113125
564,331,MFNG,PIM2,0.90960014
564,524,MFNG,TBC1D10C,0.9091461
564,161,MFNG,JARID2,0.9065787
564,34,MFNG,MAML3,0.9053574
564,440,MFNG,TMEM97,0.9048677
564,464,MFNG,ZNRF2,0.9048677
564,183,MFNG,XAF1,0.9038456
564,200,MFNG,IGTP,0.9038456
564,504,MFNG,IFI44,0.9038456
564,609,MFNG,UBA7,0.9038456
564,255,MFNG,CD74,0.90374994
564,289,MFNG,GT(ROSA)26SOR,0.90374994
564,210,MFNG,PNO1,0.9004852
564,209,MFNG,ZBTB16,0.90038687
564,351,MFNG,ERCC8,0.89760107
564,137,MFNG,MYCN,0.8971876
564,73,MFNG,RORC,0.89461225
564,475,MFNG,BCL2,0.89263034
564,292,MFNG,HDAC7,0.89210063
564,486,MFNG,NFKBIA,0.8911963
564,50,MFNG,NFAT5,0.89098305
564,177,MFNG,RELB,0.8869216
564,402,MFNG,EIF1AD,0.88615936
564,78,MFNG,MECOM,0.8858806
564,33,MFNG,CSTF2,0.8856278
564,186,MFNG,STT3B,0.88561547
564,67,MFNG,HDAC2,0.88290876
564,357,MFNG,MEIS1,0.88196063
564,318,MFNG,GANAB,0.8815192
564,367,MFNG,HCFC1,0.8810936
564,590,MFNG,IL12A,0.8808133
564,28,MFNG,NFE2,0.8805392
564,277,MFNG,RTP4,0.87926155
564,57,MFNG,OASL2,0.8792594
174,28,MFSD1,NFE2,0.8983655
174,357,MFSD1,MEIS1,0.89649427
174,78,MFSD1,MECOM,0.8962374
174,137,MFSD1,MYCN,0.89262396
174,57,MFSD1,OASL2,0.89194083
174,277,MFSD1,RTP4,0.89193827
174,183,MFSD1,XAF1,0.89110327
174,200,MFSD1,IGTP,0.89110327
174,504,MFSD1,IFI44,0.89110327
174,609,MFSD1,UBA7,0.8910898
174,283,MFSD1,EGR1,0.88864714
174,518,MFSD1,PHF10,0.88755
174,595,MFSD1,CSF3R,0.8874677
174,519,MFSD1,AGPS,0.88738984
174,136,MFSD1,TACC3,0.88735867
174,0,MFSD1,OTUD6B,0.8873572
174,8,MFSD1,ATAD1,0.8873572
174,128,MFSD1,APLP2,0.8873572
174,150,MFSD1,SORT1,0.8873572
174,396,MFSD1,RUVBL2,0.8873572
174,432,MFSD1,HDC,0.8873572
174,450,MFSD1,MAGED1,0.8873572
174,514,MFSD1,PAK1,0.8873572
174,524,MFSD1,TBC1D10C,0.8873572
174,81,MFSD1,HDAC11,0.8863051
174,198,MFSD1,NDN,0.8857979
174,404,MFSD1,FTSJ3,0.8855358
174,33,MFSD1,CSTF2,0.8854538
174,190,MFSD1,RAD51,0.88524216
174,263,MFSD1,JUN,0.884927
174,2,MFSD1,PPP1R15A,0.8849047
174,47,MFSD1,FGL2,0.8849047
174,146,MFSD1,SCARF1,0.8849047
174,194,MFSD1,GOLPH3,0.8849047
174,362,MFSD1,PTGS1,0.8849047
174,622,MFSD1,KRT18,0.8849047
174,564,MFSD1,MFNG,0.88467485
174,553,MFSD1,DHFR,0.8843264
174,367,MFSD1,HCFC1,0.88412535
174,394,MFSD1,MAPK1,0.8838202
174,441,MFSD1,EBF1,0.88380176
174,34,MFSD1,MAML3,0.8834213
174,486,MFSD1,NFKBIA,0.88339585
174,554,MFSD1,CDT1,0.88287765
174,590,MFSD1,IL12A,0.88253915
174,210,MFSD1,PNO1,0.8824361
174,232,MFSD1,ICAM1,0.88227135
174,440,MFSD1,TMEM97,0.8819445
174,464,MFSD1,ZNRF2,0.8819445
174,177,MFSD1,RELB,0.8818608
231,28,MFSD14B,NFE2,0.8983655
231,357,MFSD14B,MEIS1,0.89649427
231,78,MFSD14B,MECOM,0.8962374
231,183,MFSD14B,XAF1,0.893381
231,137,MFSD14B,MYCN,0.89262396
231,277,MFSD14B,RTP4,0.8919467
231,57,MFSD14B,OASL2,0.89194083
231,504,MFSD14B,IFI44,0.89110327
231,609,MFSD14B,UBA7,0.89110327
231,200,MFSD14B,IGTP,0.89104354
231,410,MFSD14B,SMARCA2,0.8899257
231,283,MFSD14B,EGR1,0.88864714
231,518,MFSD14B,PHF10,0.88764507
231,622,MFSD14B,KRT18,0.88749105
231,396,MFSD14B,RUVBL2,0.8874228
231,0,MFSD14B,OTUD6B,0.8873572
231,8,MFSD14B,ATAD1,0.8873572
231,128,MFSD14B,APLP2,0.8873572
231,432,MFSD14B,HDC,0.8873572
231,514,MFSD14B,PAK1,0.8873572
231,519,MFSD14B,AGPS,0.8873572
231,524,MFSD14B,TBC1D10C,0.8873572
231,595,MFSD14B,CSF3R,0.8873572
231,150,MFSD14B,SORT1,0.8873564
231,81,MFSD14B,HDAC11,0.88636285
231,198,MFSD14B,NDN,0.885854
231,33,MFSD14B,CSTF2,0.8855147
231,263,MFSD14B,JUN,0.88497245
231,2,MFSD14B,PPP1R15A,0.8849047
231,47,MFSD14B,FGL2,0.8849047
231,140,MFSD14B,ANXA3,0.8849047
231,146,MFSD14B,SCARF1,0.8849047
231,194,MFSD14B,GOLPH3,0.8849047
231,441,MFSD14B,EBF1,0.8849047
231,546,MFSD14B,PROCR,0.8849047
231,564,MFSD14B,MFNG,0.88467485
231,190,MFSD14B,RAD51,0.8843264
231,553,MFSD14B,DHFR,0.8843264
231,367,MFSD14B,HCFC1,0.88415396
231,394,MFSD14B,MAPK1,0.8838468
231,362,MFSD14B,PTGS1,0.8838405
231,251,MFSD14B,IRF6,0.8836629
231,34,MFSD14B,MAML3,0.8834213
231,486,MFSD14B,NFKBIA,0.88339585
231,554,MFSD14B,CDT1,0.88287765
231,590,MFSD14B,IL12A,0.88253915
231,210,MFSD14B,PNO1,0.8824361
231,232,MFSD14B,ICAM1,0.88227135
231,440,MFSD14B,TMEM97,0.8819445
231,464,MFSD14B,ZNRF2,0.8819445
378,28,MGAT5,NFE2,0.8983655
378,357,MGAT5,MEIS1,0.89649427
378,78,MGAT5,MECOM,0.8962374
378,137,MGAT5,MYCN,0.89262396
378,57,MGAT5,OASL2,0.89194083
378,277,MGAT5,RTP4,0.89194053
378,200,MGAT5,IGTP,0.89110327
378,504,MGAT5,IFI44,0.89110327
378,609,MGAT5,UBA7,0.89110327
378,410,MGAT5,SMARCA2,0.8899257
378,554,MGAT5,CDT1,0.8894788
378,283,MGAT5,EGR1,0.88864714
378,518,MGAT5,PHF10,0.88764507
378,519,MGAT5,AGPS,0.8873755
378,0,MGAT5,OTUD6B,0.8873572
378,8,MGAT5,ATAD1,0.8873572
378,128,MGAT5,APLP2,0.8873572
378,396,MGAT5,RUVBL2,0.8873572
378,432,MGAT5,HDC,0.8873572
378,450,MGAT5,MAGED1,0.8873572
378,514,MGAT5,PAK1,0.8873572
378,524,MGAT5,TBC1D10C,0.8873572
378,595,MGAT5,CSF3R,0.8873572
378,150,MGAT5,SORT1,0.8873476
378,136,MGAT5,TACC3,0.8872829
378,33,MGAT5,CSTF2,0.8863679
378,81,MGAT5,HDAC11,0.8863253
378,198,MGAT5,NDN,0.8858951
378,404,MGAT5,FTSJ3,0.8855358
378,263,MGAT5,JUN,0.884927
378,2,MGAT5,PPP1R15A,0.8849047
378,47,MGAT5,FGL2,0.8849047
378,140,MGAT5,ANXA3,0.8849047
378,146,MGAT5,SCARF1,0.8849047
378,194,MGAT5,GOLPH3,0.8849047
378,362,MGAT5,PTGS1,0.8849047
378,441,MGAT5,EBF1,0.8849047
378,546,MGAT5,PROCR,0.8849047
378,622,MGAT5,KRT18,0.8849047
378,564,MGAT5,MFNG,0.8847595
378,190,MGAT5,RAD51,0.8843264
378,553,MGAT5,DHFR,0.8843264
378,367,MGAT5,HCFC1,0.88415396
378,251,MGAT5,IRF6,0.8836629
378,34,MGAT5,MAML3,0.8834213
378,486,MGAT5,NFKBIA,0.88339585
378,590,MGAT5,IL12A,0.88253915
378,210,MGAT5,PNO1,0.88240844
378,232,MGAT5,ICAM1,0.88227135
378,440,MGAT5,TMEM97,0.8819445
124,357,MICU1,MEIS1,0.89649427
124,78,MICU1,MECOM,0.8961529
124,367,MICU1,HCFC1,0.8941839
124,28,MICU1,NFE2,0.89311856
124,137,MICU1,MYCN,0.89262396
124,57,MICU1,OASL2,0.89194083
124,277,MICU1,RTP4,0.89194053
124,183,MICU1,XAF1,0.89110327
124,200,MICU1,IGTP,0.89110327
124,504,MICU1,IFI44,0.89110327
124,609,MICU1,UBA7,0.89110327
124,283,MICU1,EGR1,0.88864714
124,518,MICU1,PHF10,0.88764507
124,0,MICU1,OTUD6B,0.8873572
124,8,MICU1,ATAD1,0.8873572
124,128,MICU1,APLP2,0.8873572
124,136,MICU1,TACC3,0.8873572
124,150,MICU1,SORT1,0.8873572
124,396,MICU1,RUVBL2,0.8873572
124,432,MICU1,HDC,0.8873572
124,450,MICU1,MAGED1,0.8873572
124,514,MICU1,PAK1,0.8873572
124,524,MICU1,TBC1D10C,0.8873572
124,595,MICU1,CSF3R,0.8873572
124,404,MICU1,FTSJ3,0.8855358
124,33,MICU1,CSTF2,0.8854538
124,263,MICU1,JUN,0.884927
124,2,MICU1,PPP1R15A,0.8849047
124,47,MICU1,FGL2,0.8849047
124,140,MICU1,ANXA3,0.8849047
124,146,MICU1,SCARF1,0.8849047
124,194,MICU1,GOLPH3,0.8849047
124,362,MICU1,PTGS1,0.8849047
124,441,MICU1,EBF1,0.8849047
124,546,MICU1,PROCR,0.8849047
124,622,MICU1,KRT18,0.8849047
124,198,MICU1,NDN,0.88484806
124,564,MICU1,MFNG,0.88449126
124,190,MICU1,RAD51,0.8843264
124,553,MICU1,DHFR,0.8843264
124,394,MICU1,MAPK1,0.88378215
124,251,MICU1,IRF6,0.8836629
124,34,MICU1,MAML3,0.8834213
124,486,MICU1,NFKBIA,0.88339585
124,554,MICU1,CDT1,0.88287765
124,590,MICU1,IL12A,0.88253915
124,210,MICU1,PNO1,0.88240844
124,232,MICU1,ICAM1,0.8820425
124,440,MICU1,TMEM97,0.8819445
124,177,MICU1,RELB,0.8818562
380,28,MILR1,NFE2,0.8983655
380,357,MILR1,MEIS1,0.89649427
380,78,MILR1,MECOM,0.8962374
380,137,MILR1,MYCN,0.89262396
380,57,MILR1,OASL2,0.89194083
380,277,MILR1,RTP4,0.89194053
380,200,MILR1,IGTP,0.89110327
380,504,MILR1,IFI44,0.89110327
380,609,MILR1,UBA7,0.89110327
380,410,MILR1,SMARCA2,0.8899257
380,554,MILR1,CDT1,0.8894788
380,283,MILR1,EGR1,0.88864714
380,518,MILR1,PHF10,0.88764507
380,519,MILR1,AGPS,0.8873755
380,0,MILR1,OTUD6B,0.8873572
380,8,MILR1,ATAD1,0.8873572
380,128,MILR1,APLP2,0.8873572
380,396,MILR1,RUVBL2,0.8873572
380,432,MILR1,HDC,0.8873572
380,450,MILR1,MAGED1,0.8873572
380,514,MILR1,PAK1,0.8873572
380,524,MILR1,TBC1D10C,0.8873572
380,595,MILR1,CSF3R,0.8873572
380,150,MILR1,SORT1,0.8873476
380,136,MILR1,TACC3,0.8872829
380,33,MILR1,CSTF2,0.8863679
380,81,MILR1,HDAC11,0.8863253
380,198,MILR1,NDN,0.8858951
380,404,MILR1,FTSJ3,0.8855358
380,263,MILR1,JUN,0.884927
380,2,MILR1,PPP1R15A,0.8849047
380,47,MILR1,FGL2,0.8849047
380,140,MILR1,ANXA3,0.8849047
380,146,MILR1,SCARF1,0.8849047
380,194,MILR1,GOLPH3,0.8849047
380,362,MILR1,PTGS1,0.8849047
380,441,MILR1,EBF1,0.8849047
380,546,MILR1,PROCR,0.8849047
380,622,MILR1,KRT18,0.8849047
380,564,MILR1,MFNG,0.8847595
380,190,MILR1,RAD51,0.8843264
380,553,MILR1,DHFR,0.8843264
380,367,MILR1,HCFC1,0.88415396
380,251,MILR1,IRF6,0.8836629
380,34,MILR1,MAML3,0.8834213
380,486,MILR1,NFKBIA,0.88339585
380,590,MILR1,IL12A,0.88253915
380,210,MILR1,PNO1,0.88240844
380,232,MILR1,ICAM1,0.88227135
380,440,MILR1,TMEM97,0.8819445
118,34,MIS12,MAML3,0.9342002
118,292,MIS12,HDAC7,0.93332577
118,439,MIS12,DDX20,0.9323054
118,82,MIS12,RB1,0.92504144
118,475,MIS12,BCL2,0.91552097
118,81,MIS12,HDAC11,0.9144713
118,186,MIS12,STT3B,0.9038796
118,595,MIS12,CSF3R,0.9003532
118,351,MIS12,ERCC8,0.89743686
118,91,MIS12,FCHO2,0.8956176
118,537,MIS12,TXNDC11,0.8956176
118,611,MIS12,ZEB2,0.8956176
118,8,MIS12,ATAD1,0.8945821
118,0,MIS12,OTUD6B,0.8943258
118,128,MIS12,APLP2,0.8943258
118,136,MIS12,TACC3,0.8943258
118,150,MIS12,SORT1,0.8943258
118,396,MIS12,RUVBL2,0.8943258
118,432,MIS12,HDC,0.8943258
118,450,MIS12,MAGED1,0.8943258
118,514,MIS12,PAK1,0.8943258
118,519,MIS12,AGPS,0.8943258
118,524,MIS12,TBC1D10C,0.8943258
118,621,MIS12,SNRPB,0.8943151
118,554,MIS12,CDT1,0.89076346
118,534,MIS12,MORC3,0.88898873
118,404,MIS12,FTSJ3,0.8864386
118,331,MIS12,PIM2,0.8839478
118,209,MIS12,ZBTB16,0.8797736
118,410,MIS12,SMARCA2,0.87818843
118,102,MIS12,PRIM1,0.8751275
118,429,MIS12,GFI1B,0.86880034
118,226,MIS12,POLR2B,0.86333054
118,199,MIS12,E2F4,0.8591754
118,206,MIS12,ZDHHC6,0.85853076
118,161,MIS12,JARID2,0.8544312
118,289,MIS12,GT(ROSA)26SOR,0.8514068
118,464,MIS12,ZNRF2,0.8414192
118,440,MIS12,TMEM97,0.84117705
118,402,MIS12,EIF1AD,0.83553934
118,299,MIS12,ORC2,0.8339537
118,74,MIS12,TOP2A,0.8245335
118,73,MIS12,RORC,0.82218933
118,290,MIS12,POLD1,0.8188106
118,486,MIS12,NFKBIA,0.8157506
118,216,MIS12,CUL3,0.81429064
118,21,MIS12,RRM1,0.81392694
118,50,MIS12,NFAT5,0.81181455
118,189,MIS12,MCM5,0.81157416
118,255,MIS12,CD74,0.81143576
68,189,MIS18BP1,MCM5,0.96089
68,299,MIS18BP1,ORC2,0.95944107
68,290,MIS18BP1,POLD1,0.9586397
68,21,MIS18BP1,RRM1,0.957266
68,279,MIS18BP1,AURKB,0.9569363
68,74,MIS18BP1,TOP2A,0.95623815
68,86,MIS18BP1,RANGAP1,0.9561452
68,226,MIS18BP1,POLR2B,0.9560541
68,411,MIS18BP1,CDC45,0.9557624
68,611,MIS18BP1,ZEB2,0.9546737
68,91,MIS18BP1,FCHO2,0.95464957
68,537,MIS18BP1,TXNDC11,0.9545969
68,246,MIS18BP1,TK1,0.95359117
68,345,MIS18BP1,UHRF1,0.9531528
68,439,MIS18BP1,DDX20,0.95285654
68,500,MIS18BP1,MCM3,0.9522522
68,118,MIS18BP1,MIS12,0.95162976
68,204,MIS18BP1,MCM2,0.9500138
68,323,MIS18BP1,MCM4,0.95001274
68,497,MIS18BP1,TYMS,0.94996166
68,399,MIS18BP1,RRM2,0.9497689
68,561,MIS18BP1,MCM7,0.9494042
68,350,MIS18BP1,MCM6,0.9482075
68,297,MIS18BP1,LIG1,0.94796
68,273,MIS18BP1,FIGNL1,0.94764304
68,42,MIS18BP1,HMGB2,0.94632286
68,292,MIS18BP1,HDAC7,0.94625777
68,266,MIS18BP1,MSH6,0.9461972
68,82,MIS18BP1,RB1,0.9454728
68,620,MIS18BP1,TIPIN,0.944613
68,182,MIS18BP1,RPA1,0.9445065
68,53,MIS18BP1,ORC6,0.9445055
68,30,MIS18BP1,PBK,0.94442123
68,478,MIS18BP1,MKI67,0.94427365
68,102,MIS18BP1,PRIM1,0.9437863
68,240,MIS18BP1,RPA2,0.94234085
68,407,MIS18BP1,CDC7,0.941115
68,230,MIS18BP1,TOP3B,0.94068676
68,510,MIS18BP1,XRCC6,0.9400726
68,621,MIS18BP1,SNRPB,0.9388659
68,610,MIS18BP1,PRIM2,0.93561184
68,414,MIS18BP1,CENPK,0.9345325
68,361,MIS18BP1,CCNB2,0.9343582
68,259,MIS18BP1,NUP107,0.93410236
68,430,MIS18BP1,SEH1L,0.93410087
68,34,MIS18BP1,MAML3,0.9310145
68,206,MIS18BP1,ZDHHC6,0.9281987
68,475,MIS18BP1,BCL2,0.9158213
68,396,MIS18BP1,RUVBL2,0.9151327
68,534,MIS18BP1,MORC3,0.91331947
478,189,MKI67,MCM5,0.97182345
478,290,MKI67,POLD1,0.9698766
478,279,MKI67,AURKB,0.96973205
478,299,MKI67,ORC2,0.9696788
478,21,MKI67,RRM1,0.9693002
478,345,MKI67,UHRF1,0.96874624
478,246,MKI67,TK1,0.968042
478,500,MKI67,MCM3,0.9680074
478,74,MKI67,TOP2A,0.9677384
478,204,MKI67,MCM2,0.967246
478,399,MKI67,RRM2,0.9667664
478,323,MKI67,MCM4,0.9667225
478,240,MKI67,RPA2,0.966684
478,561,MKI67,MCM7,0.96645623
478,497,MKI67,TYMS,0.96641
478,350,MKI67,MCM6,0.9663961
478,297,MKI67,LIG1,0.96554106
478,42,MKI67,HMGB2,0.96517843
478,411,MKI67,CDC45,0.96486413
478,610,MKI67,PRIM2,0.9645594
478,30,MKI67,PBK,0.9644498
478,620,MKI67,TIPIN,0.96443295
478,273,MKI67,FIGNL1,0.9641805
478,53,MKI67,ORC6,0.9641635
478,182,MKI67,RPA1,0.9641503
478,102,MKI67,PRIM1,0.9640611
478,266,MKI67,MSH6,0.9630819
478,510,MKI67,XRCC6,0.962988
478,407,MKI67,CDC7,0.96288824
478,226,MKI67,POLR2B,0.9622741
478,259,MKI67,NUP107,0.9621637
478,430,MKI67,SEH1L,0.9621637
478,68,MKI67,MIS18BP1,0.9621489
478,414,MKI67,CENPK,0.96198064
478,361,MKI67,CCNB2,0.9614403
478,86,MKI67,RANGAP1,0.95971084
478,230,MKI67,TOP3B,0.9566502
478,118,MKI67,MIS12,0.95270884
478,537,MKI67,TXNDC11,0.9515415
478,91,MKI67,FCHO2,0.9513914
478,611,MKI67,ZEB2,0.9513914
478,439,MKI67,DDX20,0.9436448
478,82,MKI67,RB1,0.93752813
478,292,MKI67,HDAC7,0.93604094
478,621,MKI67,SNRPB,0.9240715
478,534,MKI67,MORC3,0.9149425
478,206,MKI67,ZDHHC6,0.9139028
478,34,MKI67,MAML3,0.91131705
478,128,MKI67,APLP2,0.90291464
478,519,MKI67,AGPS,0.8993562
574,609,MLKL,UBA7,0.9005471
574,357,MLKL,MEIS1,0.89649427
574,78,MLKL,MECOM,0.89623845
574,137,MLKL,MYCN,0.89262396
574,57,MLKL,OASL2,0.89194083
574,277,MLKL,RTP4,0.89194053
574,504,MLKL,IFI44,0.89110327
574,200,MLKL,IGTP,0.8910885
574,183,MLKL,XAF1,0.89105564
574,255,MLKL,CD74,0.89104635
574,410,MLKL,SMARCA2,0.8899257
574,554,MLKL,CDT1,0.8894788
574,283,MLKL,EGR1,0.88864714
574,518,MLKL,PHF10,0.88764507
574,150,MLKL,SORT1,0.88738984
574,0,MLKL,OTUD6B,0.8873572
574,8,MLKL,ATAD1,0.8873572
574,128,MLKL,APLP2,0.8873572
574,136,MLKL,TACC3,0.8873572
574,432,MLKL,HDC,0.8873572
574,450,MLKL,MAGED1,0.8873572
574,514,MLKL,PAK1,0.8873572
574,519,MLKL,AGPS,0.8873572
574,524,MLKL,TBC1D10C,0.8873572
574,595,MLKL,CSF3R,0.8873572
574,396,MLKL,RUVBL2,0.88720065
574,81,MLKL,HDAC11,0.8862958
574,198,MLKL,NDN,0.8857979
574,404,MLKL,FTSJ3,0.8855358
574,33,MLKL,CSTF2,0.8854538
574,263,MLKL,JUN,0.884927
574,2,MLKL,PPP1R15A,0.8849047
574,47,MLKL,FGL2,0.8849047
574,140,MLKL,ANXA3,0.8849047
574,146,MLKL,SCARF1,0.8849047
574,194,MLKL,GOLPH3,0.8849047
574,362,MLKL,PTGS1,0.8849047
574,441,MLKL,EBF1,0.8849047
574,546,MLKL,PROCR,0.8848913
574,622,MLKL,KRT18,0.8848192
574,190,MLKL,RAD51,0.8843399
574,553,MLKL,DHFR,0.8843264
574,367,MLKL,HCFC1,0.88415396
574,394,MLKL,MAPK1,0.8838287
574,251,MLKL,IRF6,0.8836629
574,486,MLKL,NFKBIA,0.88339585
574,590,MLKL,IL12A,0.88253915
574,210,MLKL,PNO1,0.88240844
574,232,MLKL,ICAM1,0.88227135
574,440,MLKL,TMEM97,0.8819445
580,554,MLLT3,CDT1,0.928262
580,199,MLLT3,E2F4,0.9272407
580,81,MLLT3,HDAC11,0.9252207
580,404,MLLT3,FTSJ3,0.9248765
580,429,MLLT3,GFI1B,0.9239825
580,410,MLLT3,SMARCA2,0.9233811
580,136,MLLT3,TACC3,0.92254514
580,519,MLLT3,AGPS,0.92253447
580,0,MLLT3,OTUD6B,0.9224596
580,128,MLLT3,APLP2,0.9224596
580,450,MLLT3,MAGED1,0.9224596
580,514,MLLT3,PAK1,0.9224596
580,524,MLLT3,TBC1D10C,0.9224596
580,595,MLLT3,CSF3R,0.9224596
580,150,MLLT3,SORT1,0.9224142
580,137,MLLT3,MYCN,0.9222592
580,8,MLLT3,ATAD1,0.9217895
580,183,MLLT3,XAF1,0.92123747
580,331,MLLT3,PIM2,0.9210418
580,200,MLLT3,IGTP,0.9210263
580,504,MLLT3,IFI44,0.9210263
580,161,MLLT3,JARID2,0.9209742
580,609,MLLT3,UBA7,0.9197902
580,432,MLLT3,HDC,0.91816247
580,73,MLLT3,RORC,0.9174842
580,34,MLLT3,MAML3,0.9166432
580,464,MLLT3,ZNRF2,0.91647613
580,210,MLLT3,PNO1,0.9158455
580,255,MLLT3,CD74,0.9152854
580,289,MLLT3,GT(ROSA)26SOR,0.9152854
580,486,MLLT3,NFKBIA,0.9106861
580,351,MLLT3,ERCC8,0.91049033
580,67,MLLT3,HDAC2,0.9098659
580,50,MLLT3,NFAT5,0.9095305
580,209,MLLT3,ZBTB16,0.9084545
580,33,MLLT3,CSTF2,0.9065696
580,177,MLLT3,RELB,0.90607655
580,78,MLLT3,MECOM,0.9055342
580,396,MLLT3,RUVBL2,0.9051199
580,402,MLLT3,EIF1AD,0.9040192
580,292,MLLT3,HDAC7,0.90218014
580,590,MLLT3,IL12A,0.9009003
580,186,MLLT3,STT3B,0.9002799
580,57,MLLT3,OASL2,0.9002575
580,277,MLLT3,RTP4,0.9002522
580,440,MLLT3,TMEM97,0.90009636
580,363,MLLT3,MYC,0.89963067
580,475,MLLT3,BCL2,0.8990812
580,28,MLLT3,NFE2,0.8990663
580,367,MLLT3,HCFC1,0.8990562
85,28,MMRN1,NFE2,0.8983969
85,357,MMRN1,MEIS1,0.89649427
85,78,MMRN1,MECOM,0.8962374
85,137,MMRN1,MYCN,0.89262396
85,277,MMRN1,RTP4,0.8919745
85,57,MMRN1,OASL2,0.89194083
85,200,MMRN1,IGTP,0.89110327
85,504,MMRN1,IFI44,0.89110327
85,609,MMRN1,UBA7,0.89110327
85,183,MMRN1,XAF1,0.89105564
85,410,MMRN1,SMARCA2,0.8899257
85,283,MMRN1,EGR1,0.88864714
85,518,MMRN1,PHF10,0.88764507
85,524,MMRN1,TBC1D10C,0.8874019
85,514,MMRN1,PAK1,0.88736963
85,8,MMRN1,ATAD1,0.8873572
85,128,MMRN1,APLP2,0.8873572
85,136,MMRN1,TACC3,0.8873572
85,150,MMRN1,SORT1,0.8873572
85,396,MMRN1,RUVBL2,0.8873572
85,432,MMRN1,HDC,0.8873572
85,519,MMRN1,AGPS,0.8873572
85,595,MMRN1,CSF3R,0.8873572
85,0,MMRN1,OTUD6B,0.8867853
85,81,MMRN1,HDAC11,0.88636285
85,198,MMRN1,NDN,0.88574225
85,404,MMRN1,FTSJ3,0.8855358
85,33,MMRN1,CSTF2,0.8854538
85,263,MMRN1,JUN,0.884927
85,441,MMRN1,EBF1,0.8849098
85,2,MMRN1,PPP1R15A,0.8849047
85,140,MMRN1,ANXA3,0.8849047
85,146,MMRN1,SCARF1,0.8849047
85,362,MMRN1,PTGS1,0.8849047
85,546,MMRN1,PROCR,0.8849047
85,622,MMRN1,KRT18,0.88488436
85,194,MMRN1,GOLPH3,0.8848201
85,564,MMRN1,MFNG,0.88467485
85,190,MMRN1,RAD51,0.8843264
85,553,MMRN1,DHFR,0.8843264
85,367,MMRN1,HCFC1,0.88415396
85,394,MMRN1,MAPK1,0.8838468
85,450,MMRN1,MAGED1,0.8838291
85,47,MMRN1,FGL2,0.88380176
85,251,MMRN1,IRF6,0.8836629
85,34,MMRN1,MAML3,0.8834213
85,486,MMRN1,NFKBIA,0.88339585
85,554,MMRN1,CDT1,0.88287765
85,590,MMRN1,IL12A,0.88253915
85,210,MMRN1,PNO1,0.8824361
267,28,MOB3C,NFE2,0.8983655
267,357,MOB3C,MEIS1,0.8964544
267,137,MOB3C,MYCN,0.89262396
267,150,MOB3C,SORT1,0.89204526
267,57,MOB3C,OASL2,0.89194083
267,277,MOB3C,RTP4,0.89182997
267,200,MOB3C,IGTP,0.89128894
267,183,MOB3C,XAF1,0.89110327
267,609,MOB3C,UBA7,0.89110327
267,504,MOB3C,IFI44,0.89106596
267,410,MOB3C,SMARCA2,0.8899257
267,283,MOB3C,EGR1,0.88864595
267,518,MOB3C,PHF10,0.88764507
267,0,MOB3C,OTUD6B,0.8873572
267,128,MOB3C,APLP2,0.8873572
267,396,MOB3C,RUVBL2,0.8873572
267,450,MOB3C,MAGED1,0.8873572
267,514,MOB3C,PAK1,0.8873572
267,519,MOB3C,AGPS,0.8873572
267,524,MOB3C,TBC1D10C,0.8873572
267,595,MOB3C,CSF3R,0.8873572
267,8,MOB3C,ATAD1,0.887242
267,79,MOB3C,STAT2,0.8867302
267,81,MOB3C,HDAC11,0.88636285
267,198,MOB3C,NDN,0.8857979
267,404,MOB3C,FTSJ3,0.8855341
267,33,MOB3C,CSTF2,0.8854538
267,263,MOB3C,JUN,0.884927
267,2,MOB3C,PPP1R15A,0.8849047
267,47,MOB3C,FGL2,0.8849047
267,140,MOB3C,ANXA3,0.8849047
267,146,MOB3C,SCARF1,0.8849047
267,194,MOB3C,GOLPH3,0.8849047
267,441,MOB3C,EBF1,0.8849047
267,546,MOB3C,PROCR,0.8849047
267,622,MOB3C,KRT18,0.88490117
267,362,MOB3C,PTGS1,0.8848948
267,564,MOB3C,MFNG,0.88467485
267,190,MOB3C,RAD51,0.8843264
267,553,MOB3C,DHFR,0.8843264
267,367,MOB3C,HCFC1,0.88415396
267,394,MOB3C,MAPK1,0.8838468
267,34,MOB3C,MAML3,0.88346165
267,554,MOB3C,CDT1,0.88287765
267,590,MOB3C,IL12A,0.88253915
267,210,MOB3C,PNO1,0.8824361
267,232,MOB3C,ICAM1,0.88227135
267,440,MOB3C,TMEM97,0.8819445
267,464,MOB3C,ZNRF2,0.8819445
267,177,MOB3C,RELB,0.8818608
262,28,MOGS,NFE2,0.8983655
262,357,MOGS,MEIS1,0.89649427
262,78,MOGS,MECOM,0.8962374
262,137,MOGS,MYCN,0.89262396
262,277,MOGS,RTP4,0.8919558
262,57,MOGS,OASL2,0.8919372
262,183,MOGS,XAF1,0.89110327
262,200,MOGS,IGTP,0.89110327
262,504,MOGS,IFI44,0.89110327
262,609,MOGS,UBA7,0.89110327
262,410,MOGS,SMARCA2,0.8899257
262,283,MOGS,EGR1,0.88864714
262,518,MOGS,PHF10,0.88764507
262,622,MOGS,KRT18,0.8876097
262,450,MOGS,MAGED1,0.88738984
262,136,MOGS,TACC3,0.8873755
262,0,MOGS,OTUD6B,0.8873572
262,128,MOGS,APLP2,0.8873572
262,150,MOGS,SORT1,0.8873572
262,396,MOGS,RUVBL2,0.8873572
262,432,MOGS,HDC,0.8873572
262,519,MOGS,AGPS,0.8873572
262,524,MOGS,TBC1D10C,0.88734674
262,595,MOGS,CSF3R,0.8865584
262,81,MOGS,HDAC11,0.88636285
262,198,MOGS,NDN,0.8857979
262,404,MOGS,FTSJ3,0.8855358
262,33,MOGS,CSTF2,0.8854497
262,263,MOGS,JUN,0.884927
262,2,MOGS,PPP1R15A,0.8849047
262,47,MOGS,FGL2,0.8849047
262,140,MOGS,ANXA3,0.8849047
262,194,MOGS,GOLPH3,0.8849047
262,362,MOGS,PTGS1,0.8849047
262,441,MOGS,EBF1,0.8849047
262,546,MOGS,PROCR,0.8849047
262,146,MOGS,SCARF1,0.88483244
262,564,MOGS,MFNG,0.88467485
262,553,MOGS,DHFR,0.88427114
262,367,MOGS,HCFC1,0.88415396
262,394,MOGS,MAPK1,0.8838468
262,34,MOGS,MAML3,0.8834213
262,486,MOGS,NFKBIA,0.88339585
262,554,MOGS,CDT1,0.88287765
262,590,MOGS,IL12A,0.88253915
262,210,MOGS,PNO1,0.8824361
262,232,MOGS,ICAM1,0.8823246
262,440,MOGS,TMEM97,0.8819445
262,464,MOGS,ZNRF2,0.8819445
262,177,MOGS,RELB,0.8818608
534,91,MORC3,FCHO2,0.9433934
534,537,MORC3,TXNDC11,0.9433934
534,611,MORC3,ZEB2,0.9433934
534,292,MORC3,HDAC7,0.94157887
534,82,MORC3,RB1,0.9410349
534,439,MORC3,DDX20,0.93775946
534,226,MORC3,POLR2B,0.9317162
534,118,MORC3,MIS12,0.92728585
534,209,MORC3,ZBTB16,0.92419344
534,206,MORC3,ZDHHC6,0.9238851
534,189,MORC3,MCM5,0.9234853
534,299,MORC3,ORC2,0.9226172
534,475,MORC3,BCL2,0.92246836
534,519,MORC3,AGPS,0.921265
534,86,MORC3,RANGAP1,0.91908044
534,290,MORC3,POLD1,0.9172771
534,21,MORC3,RRM1,0.9133277
534,74,MORC3,TOP2A,0.9133051
534,81,MORC3,HDAC11,0.9117892
534,246,MORC3,TK1,0.9044657
534,500,MORC3,MCM3,0.90213764
534,279,MORC3,AURKB,0.9004634
534,345,MORC3,UHRF1,0.9003533
534,186,MORC3,STT3B,0.8975656
534,497,MORC3,TYMS,0.8957582
534,323,MORC3,MCM4,0.8954799
534,399,MORC3,RRM2,0.89457834
534,204,MORC3,MCM2,0.8942459
534,561,MORC3,MCM7,0.8933135
534,621,MORC3,SNRPB,0.8924025
534,297,MORC3,LIG1,0.89087254
534,273,MORC3,FIGNL1,0.88886386
534,266,MORC3,MSH6,0.8875367
534,182,MORC3,RPA1,0.885441
534,53,MORC3,ORC6,0.88538104
534,42,MORC3,HMGB2,0.88507706
534,411,MORC3,CDC45,0.8850565
534,478,MORC3,MKI67,0.88319916
534,620,MORC3,TIPIN,0.88305527
534,351,MORC3,ERCC8,0.8821106
534,102,MORC3,PRIM1,0.8813704
534,30,MORC3,PBK,0.8806553
534,610,MORC3,PRIM2,0.8776134
534,407,MORC3,CDC7,0.87713695
534,554,MORC3,CDT1,0.8756806
534,0,MORC3,OTUD6B,0.8756323
534,8,MORC3,ATAD1,0.8756323
534,128,MORC3,APLP2,0.8756323
534,396,MORC3,RUVBL2,0.8756323
534,432,MORC3,HDC,0.8756323
576,609,MPL,UBA7,0.9005471
576,357,MPL,MEIS1,0.89649427
576,78,MPL,MECOM,0.89623845
576,137,MPL,MYCN,0.89262396
576,57,MPL,OASL2,0.89194083
576,277,MPL,RTP4,0.89194053
576,504,MPL,IFI44,0.89110327
576,200,MPL,IGTP,0.8910885
576,183,MPL,XAF1,0.89105564
576,255,MPL,CD74,0.89104635
576,410,MPL,SMARCA2,0.8899257
576,554,MPL,CDT1,0.8894788
576,283,MPL,EGR1,0.88864714
576,518,MPL,PHF10,0.88764507
576,150,MPL,SORT1,0.88738984
576,0,MPL,OTUD6B,0.8873572
576,8,MPL,ATAD1,0.8873572
576,128,MPL,APLP2,0.8873572
576,136,MPL,TACC3,0.8873572
576,432,MPL,HDC,0.8873572
576,450,MPL,MAGED1,0.8873572
576,514,MPL,PAK1,0.8873572
576,519,MPL,AGPS,0.8873572
576,524,MPL,TBC1D10C,0.8873572
576,595,MPL,CSF3R,0.8873572
576,396,MPL,RUVBL2,0.88720065
576,81,MPL,HDAC11,0.8862958
576,198,MPL,NDN,0.8857979
576,404,MPL,FTSJ3,0.8855358
576,33,MPL,CSTF2,0.8854538
576,263,MPL,JUN,0.884927
576,2,MPL,PPP1R15A,0.8849047
576,47,MPL,FGL2,0.8849047
576,140,MPL,ANXA3,0.8849047
576,146,MPL,SCARF1,0.8849047
576,194,MPL,GOLPH3,0.8849047
576,362,MPL,PTGS1,0.8849047
576,441,MPL,EBF1,0.8849047
576,546,MPL,PROCR,0.8848913
576,622,MPL,KRT18,0.8848192
576,190,MPL,RAD51,0.8843399
576,553,MPL,DHFR,0.8843264
576,367,MPL,HCFC1,0.88415396
576,394,MPL,MAPK1,0.8838287
576,251,MPL,IRF6,0.8836629
576,486,MPL,NFKBIA,0.88339585
576,590,MPL,IL12A,0.88253915
576,210,MPL,PNO1,0.88240844
576,232,MPL,ICAM1,0.88227135
576,440,MPL,TMEM97,0.8819445
516,28,MPO,NFE2,0.89835346
516,357,MPO,MEIS1,0.8965146
516,78,MPO,MECOM,0.8962514
516,137,MPO,MYCN,0.89261335
516,57,MPO,OASL2,0.8919263
516,277,MPO,RTP4,0.89192605
516,183,MPO,XAF1,0.89108884
516,200,MPO,IGTP,0.89108884
516,609,MPO,UBA7,0.89108884
516,410,MPO,SMARCA2,0.88991994
516,283,MPO,EGR1,0.88863266
516,518,MPO,PHF10,0.887633
516,0,MPO,OTUD6B,0.88734627
516,150,MPO,SORT1,0.88734627
516,514,MPO,PAK1,0.88734627
516,519,MPO,AGPS,0.88734627
516,524,MPO,TBC1D10C,0.88734627
516,595,MPO,CSF3R,0.88734627
516,396,MPO,RUVBL2,0.88728446
516,432,MPO,HDC,0.88723105
516,81,MPO,HDAC11,0.88634795
516,198,MPO,NDN,0.8857868
516,33,MPO,CSTF2,0.88544357
516,404,MPO,FTSJ3,0.8852178
516,546,MPO,PROCR,0.8849314
516,263,MPO,JUN,0.88491195
516,194,MPO,GOLPH3,0.88489497
516,47,MPO,FGL2,0.88488984
516,140,MPO,ANXA3,0.88488984
516,146,MPO,SCARF1,0.88488984
516,441,MPO,EBF1,0.88488984
516,622,MPO,KRT18,0.88488984
516,564,MPO,MFNG,0.8846635
516,553,MPO,DHFR,0.88431996
516,190,MPO,RAD51,0.8843155
516,367,MPO,HCFC1,0.8841438
516,394,MPO,MAPK1,0.88383144
516,362,MPO,PTGS1,0.88378686
516,251,MPO,IRF6,0.883648
516,34,MPO,MAML3,0.8834056
516,486,MPO,NFKBIA,0.8833855
516,450,MPO,MAGED1,0.882938
516,554,MPO,CDT1,0.88286453
516,590,MPO,IL12A,0.882528
516,210,MPO,PNO1,0.88242036
516,232,MPO,ICAM1,0.88225216
516,440,MPO,TMEM97,0.8819291
516,464,MPO,ZNRF2,0.8819291
516,177,MPO,RELB,0.8818498
516,504,MPO,IFI44,0.8802585
254,28,MRPL37,NFE2,0.8983655
254,357,MRPL37,MEIS1,0.89649427
254,78,MRPL37,MECOM,0.8961529
254,263,MRPL37,JUN,0.89538777
254,137,MRPL37,MYCN,0.89262396
254,57,MRPL37,OASL2,0.89194083
254,277,MRPL37,RTP4,0.89193827
254,200,MRPL37,IGTP,0.8911502
254,183,MRPL37,XAF1,0.89110327
254,504,MRPL37,IFI44,0.89110327
254,609,MRPL37,UBA7,0.8910681
254,410,MRPL37,SMARCA2,0.8899257
254,283,MRPL37,EGR1,0.88864714
254,518,MRPL37,PHF10,0.88764507
254,396,MRPL37,RUVBL2,0.8874021
254,136,MRPL37,TACC3,0.8873907
254,0,MRPL37,OTUD6B,0.88736826
254,8,MRPL37,ATAD1,0.8873572
254,128,MRPL37,APLP2,0.8873572
254,150,MRPL37,SORT1,0.8873572
254,432,MRPL37,HDC,0.8873572
254,450,MRPL37,MAGED1,0.8873572
254,519,MRPL37,AGPS,0.8873572
254,524,MRPL37,TBC1D10C,0.8873572
254,595,MRPL37,CSF3R,0.8873572
254,81,MRPL37,HDAC11,0.88636285
254,198,MRPL37,NDN,0.88584685
254,33,MRPL37,CSTF2,0.8854538
254,404,MRPL37,FTSJ3,0.8852285
254,2,MRPL37,PPP1R15A,0.8849047
254,47,MRPL37,FGL2,0.8849047
254,140,MRPL37,ANXA3,0.8849047
254,146,MRPL37,SCARF1,0.8849047
254,194,MRPL37,GOLPH3,0.8849047
254,622,MRPL37,KRT18,0.8849047
254,362,MRPL37,PTGS1,0.88490415
254,441,MRPL37,EBF1,0.8848751
254,564,MRPL37,MFNG,0.88467485
254,190,MRPL37,RAD51,0.8844117
254,553,MRPL37,DHFR,0.8843264
254,367,MRPL37,HCFC1,0.88415396
254,394,MRPL37,MAPK1,0.8838468
254,251,MRPL37,IRF6,0.8836629
254,34,MRPL37,MAML3,0.8834213
254,486,MRPL37,NFKBIA,0.88339585
254,554,MRPL37,CDT1,0.88287765
254,590,MRPL37,IL12A,0.88253915
254,210,MRPL37,PNO1,0.8824361
254,546,MRPL37,PROCR,0.88234997
254,232,MRPL37,ICAM1,0.88227135
455,28,MS4A3,NFE2,0.8983655
455,357,MS4A3,MEIS1,0.8964847
455,78,MS4A3,MECOM,0.8962374
455,137,MS4A3,MYCN,0.89262396
455,57,MS4A3,OASL2,0.89194083
455,200,MS4A3,IGTP,0.89110327
455,609,MS4A3,UBA7,0.89110327
455,504,MS4A3,IFI44,0.8910898
455,410,MS4A3,SMARCA2,0.88990325
455,283,MS4A3,EGR1,0.88864714
455,564,MS4A3,MFNG,0.88849646
455,595,MS4A3,CSF3R,0.88736826
455,0,MS4A3,OTUD6B,0.8873572
455,128,MS4A3,APLP2,0.8873572
455,136,MS4A3,TACC3,0.8873572
455,150,MS4A3,SORT1,0.8873572
455,432,MS4A3,HDC,0.8873572
455,450,MS4A3,MAGED1,0.8873572
455,514,MS4A3,PAK1,0.8873572
455,519,MS4A3,AGPS,0.8873467
455,8,MS4A3,ATAD1,0.88726604
455,81,MS4A3,HDAC11,0.88636285
455,198,MS4A3,NDN,0.8857979
455,404,MS4A3,FTSJ3,0.8855358
455,33,MS4A3,CSTF2,0.8854538
455,263,MS4A3,JUN,0.884927
455,2,MS4A3,PPP1R15A,0.8849047
455,47,MS4A3,FGL2,0.8849047
455,146,MS4A3,SCARF1,0.8849047
455,194,MS4A3,GOLPH3,0.8849047
455,362,MS4A3,PTGS1,0.8849047
455,546,MS4A3,PROCR,0.8849047
455,622,MS4A3,KRT18,0.8849047
455,190,MS4A3,RAD51,0.8843264
455,553,MS4A3,DHFR,0.8843264
455,367,MS4A3,HCFC1,0.88415396
455,394,MS4A3,MAPK1,0.8838468
455,251,MS4A3,IRF6,0.8836629
455,486,MS4A3,NFKBIA,0.88339585
455,34,MS4A3,MAML3,0.88338006
455,554,MS4A3,CDT1,0.88287765
455,590,MS4A3,IL12A,0.88245153
455,210,MS4A3,PNO1,0.8824361
455,140,MS4A3,ANXA3,0.88234997
455,232,MS4A3,ICAM1,0.8820425
455,464,MS4A3,ZNRF2,0.8819445
455,177,MS4A3,RELB,0.8818608
455,161,MS4A3,JARID2,0.87992513
455,606,MS4A3,ELP2,0.8797057
455,429,MS4A3,GFI1B,0.8796055
332,28,MS4A6C,NFE2,0.8983655
332,357,MS4A6C,MEIS1,0.8965277
332,78,MS4A6C,MECOM,0.8962374
332,137,MS4A6C,MYCN,0.89262396
332,277,MS4A6C,RTP4,0.8919551
332,57,MS4A6C,OASL2,0.8919372
332,183,MS4A6C,XAF1,0.89110327
332,200,MS4A6C,IGTP,0.89110327
332,504,MS4A6C,IFI44,0.89110327
332,609,MS4A6C,UBA7,0.89110327
332,34,MS4A6C,MAML3,0.89054924
332,283,MS4A6C,EGR1,0.88864714
332,518,MS4A6C,PHF10,0.88764507
332,524,MS4A6C,TBC1D10C,0.88736826
332,0,MS4A6C,OTUD6B,0.8873572
332,8,MS4A6C,ATAD1,0.8873572
332,128,MS4A6C,APLP2,0.8873572
332,136,MS4A6C,TACC3,0.8873572
332,150,MS4A6C,SORT1,0.8873572
332,396,MS4A6C,RUVBL2,0.8873572
332,432,MS4A6C,HDC,0.8873572
332,514,MS4A6C,PAK1,0.8873572
332,519,MS4A6C,AGPS,0.8873572
332,595,MS4A6C,CSF3R,0.8873572
332,81,MS4A6C,HDAC11,0.88636285
332,198,MS4A6C,NDN,0.8857979
332,404,MS4A6C,FTSJ3,0.8855358
332,33,MS4A6C,CSTF2,0.8854538
332,263,MS4A6C,JUN,0.884927
332,441,MS4A6C,EBF1,0.88491666
332,2,MS4A6C,PPP1R15A,0.8849047
332,47,MS4A6C,FGL2,0.8849047
332,140,MS4A6C,ANXA3,0.8849047
332,146,MS4A6C,SCARF1,0.8849047
332,194,MS4A6C,GOLPH3,0.8849047
332,362,MS4A6C,PTGS1,0.8849047
332,546,MS4A6C,PROCR,0.8849047
332,622,MS4A6C,KRT18,0.8849047
332,564,MS4A6C,MFNG,0.88467485
332,190,MS4A6C,RAD51,0.8843264
332,553,MS4A6C,DHFR,0.8843264
332,367,MS4A6C,HCFC1,0.88415396
332,394,MS4A6C,MAPK1,0.8838468
332,251,MS4A6C,IRF6,0.8836092
332,486,MS4A6C,NFKBIA,0.88339585
332,554,MS4A6C,CDT1,0.88287765
332,590,MS4A6C,IL12A,0.88247466
332,210,MS4A6C,PNO1,0.8824361
332,232,MS4A6C,ICAM1,0.88227135
332,440,MS4A6C,TMEM97,0.8819445
266,189,MSH6,MCM5,0.97219986
266,279,MSH6,AURKB,0.97027504
266,290,MSH6,POLD1,0.9702734
266,299,MSH6,ORC2,0.9700209
266,21,MSH6,RRM1,0.9698341
266,345,MSH6,UHRF1,0.9693164
266,246,MSH6,TK1,0.9688784
266,500,MSH6,MCM3,0.9685877
266,240,MSH6,RPA2,0.9682007
266,74,MSH6,TOP2A,0.968123
266,204,MSH6,MCM2,0.9681125
266,439,MSH6,DDX20,0.9681046
266,399,MSH6,RRM2,0.96776485
266,478,MSH6,MKI67,0.96774596
266,350,MSH6,MCM6,0.9676567
266,323,MSH6,MCM4,0.9676009
266,561,MSH6,MCM7,0.96758515
266,497,MSH6,TYMS,0.9673033
266,273,MSH6,FIGNL1,0.96699464
266,297,MSH6,LIG1,0.9667768
266,42,MSH6,HMGB2,0.9665091
266,411,MSH6,CDC45,0.96629137
266,230,MSH6,TOP3B,0.96613544
266,610,MSH6,PRIM2,0.9659886
266,30,MSH6,PBK,0.965958
266,102,MSH6,PRIM1,0.9655444
266,182,MSH6,RPA1,0.9654688
266,53,MSH6,ORC6,0.9654686
266,510,MSH6,XRCC6,0.96471846
266,407,MSH6,CDC7,0.96445227
266,68,MSH6,MIS18BP1,0.9643764
266,430,MSH6,SEH1L,0.9643764
266,259,MSH6,NUP107,0.96429396
266,414,MSH6,CENPK,0.963976
266,226,MSH6,POLR2B,0.96298194
266,361,MSH6,CCNB2,0.9617667
266,620,MSH6,TIPIN,0.9612592
266,86,MSH6,RANGAP1,0.96075827
266,537,MSH6,TXNDC11,0.95949835
266,118,MSH6,MIS12,0.95299405
266,611,MSH6,ZEB2,0.95173454
266,91,MSH6,FCHO2,0.9517326
266,82,MSH6,RB1,0.9379417
266,292,MSH6,HDAC7,0.9352569
266,621,MSH6,SNRPB,0.92557526
266,534,MSH6,MORC3,0.9162207
266,206,MSH6,ZDHHC6,0.91442597
266,34,MSH6,MAML3,0.91211534
266,8,MSH6,ATAD1,0.90380675
266,432,MSH6,HDC,0.90380675
349,28,MSMO1,NFE2,0.8983655
349,357,MSMO1,MEIS1,0.89649427
349,78,MSMO1,MECOM,0.8962374
349,137,MSMO1,MYCN,0.89261115
349,200,MSMO1,IGTP,0.8922425
349,57,MSMO1,OASL2,0.89194083
349,277,MSMO1,RTP4,0.89192396
349,504,MSMO1,IFI44,0.89129186
349,183,MSMO1,XAF1,0.89110327
349,609,MSMO1,UBA7,0.89110327
349,410,MSMO1,SMARCA2,0.8899257
349,283,MSMO1,EGR1,0.88864714
349,429,MSMO1,GFI1B,0.8880457
349,518,MSMO1,PHF10,0.88764507
349,128,MSMO1,APLP2,0.8873907
349,136,MSMO1,TACC3,0.8873907
349,0,MSMO1,OTUD6B,0.8873572
349,8,MSMO1,ATAD1,0.8873572
349,150,MSMO1,SORT1,0.8873572
349,396,MSMO1,RUVBL2,0.8873572
349,450,MSMO1,MAGED1,0.8873572
349,514,MSMO1,PAK1,0.8873572
349,519,MSMO1,AGPS,0.8873572
349,524,MSMO1,TBC1D10C,0.8873572
349,81,MSMO1,HDAC11,0.88636285
349,198,MSMO1,NDN,0.8857979
349,546,MSMO1,PROCR,0.88568705
349,404,MSMO1,FTSJ3,0.8855358
349,33,MSMO1,CSTF2,0.8854538
349,263,MSMO1,JUN,0.884927
349,2,MSMO1,PPP1R15A,0.8849047
349,47,MSMO1,FGL2,0.8849047
349,140,MSMO1,ANXA3,0.8849047
349,146,MSMO1,SCARF1,0.8849047
349,194,MSMO1,GOLPH3,0.8849047
349,362,MSMO1,PTGS1,0.8849047
349,441,MSMO1,EBF1,0.8849047
349,622,MSMO1,KRT18,0.8849047
349,564,MSMO1,MFNG,0.88467485
349,190,MSMO1,RAD51,0.8843264
349,553,MSMO1,DHFR,0.8843264
349,367,MSMO1,HCFC1,0.88415396
349,595,MSMO1,CSF3R,0.8838291
349,251,MSMO1,IRF6,0.8836629
349,34,MSMO1,MAML3,0.8834213
349,486,MSMO1,NFKBIA,0.88339585
349,394,MSMO1,MAPK1,0.8830809
349,554,MSMO1,CDT1,0.88286567
349,590,MSMO1,IL12A,0.88253915
349,210,MSMO1,PNO1,0.8824361
569,28,MTFR1,NFE2,0.8983655
569,357,MTFR1,MEIS1,0.89649427
569,78,MTFR1,MECOM,0.8962374
569,137,MTFR1,MYCN,0.89262396
569,564,MTFR1,MFNG,0.8923421
569,57,MTFR1,OASL2,0.89194083
569,277,MTFR1,RTP4,0.89194053
569,183,MTFR1,XAF1,0.89110327
569,200,MTFR1,IGTP,0.89110327
569,504,MTFR1,IFI44,0.89110327
569,609,MTFR1,UBA7,0.89110327
569,410,MTFR1,SMARCA2,0.8899257
569,283,MTFR1,EGR1,0.8889533
569,518,MTFR1,PHF10,0.88764507
569,450,MTFR1,MAGED1,0.8874008
569,136,MTFR1,TACC3,0.8873598
569,0,MTFR1,OTUD6B,0.8873572
569,8,MTFR1,ATAD1,0.8873572
569,128,MTFR1,APLP2,0.8873572
569,150,MTFR1,SORT1,0.8873572
569,396,MTFR1,RUVBL2,0.8873572
569,514,MTFR1,PAK1,0.8873572
569,519,MTFR1,AGPS,0.8873572
569,595,MTFR1,CSF3R,0.8873572
569,432,MTFR1,HDC,0.8873564
569,81,MTFR1,HDAC11,0.88636285
569,33,MTFR1,CSTF2,0.8854538
569,263,MTFR1,JUN,0.884927
569,2,MTFR1,PPP1R15A,0.8849047
569,140,MTFR1,ANXA3,0.8849047
569,146,MTFR1,SCARF1,0.8849047
569,194,MTFR1,GOLPH3,0.8849047
569,362,MTFR1,PTGS1,0.8849047
569,441,MTFR1,EBF1,0.8849047
569,546,MTFR1,PROCR,0.8849047
569,622,MTFR1,KRT18,0.8849047
569,47,MTFR1,FGL2,0.8848808
569,190,MTFR1,RAD51,0.8843287
569,553,MTFR1,DHFR,0.884166
569,367,MTFR1,HCFC1,0.88415396
569,394,MTFR1,MAPK1,0.88385063
569,524,MTFR1,TBC1D10C,0.8838291
569,251,MTFR1,IRF6,0.8836629
569,34,MTFR1,MAML3,0.8834213
569,486,MTFR1,NFKBIA,0.88339585
569,590,MTFR1,IL12A,0.88253915
569,210,MTFR1,PNO1,0.8824361
569,232,MTFR1,ICAM1,0.88227135
569,554,MTFR1,CDT1,0.8820766
569,440,MTFR1,TMEM97,0.8819445
541,524,MTMR6,TBC1D10C,0.90148413
541,28,MTMR6,NFE2,0.89835584
541,357,MTMR6,MEIS1,0.89649427
541,78,MTMR6,MECOM,0.8962054
541,137,MTMR6,MYCN,0.89261544
541,57,MTMR6,OASL2,0.89194083
541,277,MTMR6,RTP4,0.89194053
541,183,MTMR6,XAF1,0.8912226
541,200,MTMR6,IGTP,0.89110327
541,504,MTMR6,IFI44,0.89110327
541,609,MTMR6,UBA7,0.89110327
541,410,MTMR6,SMARCA2,0.8899257
541,283,MTMR6,EGR1,0.88864714
541,518,MTMR6,PHF10,0.8876483
541,8,MTMR6,ATAD1,0.88736963
541,0,MTMR6,OTUD6B,0.8873572
541,136,MTMR6,TACC3,0.8873572
541,150,MTMR6,SORT1,0.8873572
541,396,MTMR6,RUVBL2,0.8873572
541,432,MTMR6,HDC,0.8873572
541,450,MTMR6,MAGED1,0.8873572
541,514,MTMR6,PAK1,0.8873572
541,519,MTMR6,AGPS,0.8873572
541,595,MTMR6,CSF3R,0.8873572
541,128,MTMR6,APLP2,0.8872954
541,81,MTMR6,HDAC11,0.88636285
541,198,MTMR6,NDN,0.8857979
541,404,MTMR6,FTSJ3,0.8855058
541,33,MTMR6,CSTF2,0.8854538
541,263,MTMR6,JUN,0.884927
541,47,MTMR6,FGL2,0.8849047
541,140,MTMR6,ANXA3,0.8849047
541,146,MTMR6,SCARF1,0.8849047
541,194,MTMR6,GOLPH3,0.8849047
541,441,MTMR6,EBF1,0.8849047
541,546,MTMR6,PROCR,0.8849047
541,622,MTMR6,KRT18,0.8849047
541,564,MTMR6,MFNG,0.88467485
541,190,MTMR6,RAD51,0.8843264
541,553,MTMR6,DHFR,0.88430685
541,367,MTMR6,HCFC1,0.88415396
541,394,MTMR6,MAPK1,0.8838393
541,251,MTMR6,IRF6,0.8836533
541,34,MTMR6,MAML3,0.8834213
541,486,MTMR6,NFKBIA,0.88339585
541,554,MTMR6,CDT1,0.88287765
541,590,MTMR6,IL12A,0.88253915
541,210,MTMR6,PNO1,0.88235426
541,2,MTMR6,PPP1R15A,0.8823133
541,232,MTMR6,ICAM1,0.88227135
309,28,MTREX,NFE2,0.892394
309,357,MTREX,MEIS1,0.8902571
309,410,MTREX,SMARCA2,0.8889139
309,78,MTREX,MECOM,0.88876295
309,137,MTREX,MYCN,0.88854927
309,277,MTREX,RTP4,0.8851827
309,0,MTREX,OTUD6B,0.8851362
309,8,MTREX,ATAD1,0.8851362
309,150,MTREX,SORT1,0.8851362
309,432,MTREX,HDC,0.8851362
309,450,MTREX,MAGED1,0.8851362
309,514,MTREX,PAK1,0.8851362
309,519,MTREX,AGPS,0.8851362
309,524,MTREX,TBC1D10C,0.8851362
309,595,MTREX,CSF3R,0.8851362
309,57,MTREX,OASL2,0.88513446
309,396,MTREX,RUVBL2,0.88506097
309,136,MTREX,TACC3,0.8850189
309,81,MTREX,HDAC11,0.88377905
309,518,MTREX,PHF10,0.88344926
309,404,MTREX,FTSJ3,0.8825924
309,33,MTREX,CSTF2,0.8825699
309,183,MTREX,XAF1,0.8825213
309,200,MTREX,IGTP,0.8825213
309,504,MTREX,IFI44,0.8825213
309,609,MTREX,UBA7,0.8825213
309,128,MTREX,APLP2,0.8820735
309,283,MTREX,EGR1,0.88122916
309,367,MTREX,HCFC1,0.8809142
309,34,MTREX,MAML3,0.8807742
309,564,MTREX,MFNG,0.88067657
309,486,MTREX,NFKBIA,0.88050693
309,554,MTREX,CDT1,0.88035667
309,177,MTREX,RELB,0.87885445
309,232,MTREX,ICAM1,0.87857836
309,464,MTREX,ZNRF2,0.878488
309,210,MTREX,PNO1,0.87838846
309,622,MTREX,KRT18,0.8775485
309,2,MTREX,PPP1R15A,0.8774488
309,47,MTREX,FGL2,0.8774488
309,140,MTREX,ANXA3,0.8774488
309,146,MTREX,SCARF1,0.8774488
309,194,MTREX,GOLPH3,0.8774488
309,362,MTREX,PTGS1,0.8774488
309,546,MTREX,PROCR,0.8774488
309,441,MTREX,EBF1,0.877376
309,198,MTREX,NDN,0.87649924
309,429,MTREX,GFI1B,0.87629306
309,394,MTREX,MAPK1,0.8760194
309,190,MTREX,RAD51,0.87557864
87,81,MUC13,HDAC11,0.90356493
87,404,MUC13,FTSJ3,0.90352637
87,34,MUC13,MAML3,0.9034513
87,410,MUC13,SMARCA2,0.9022634
87,524,MUC13,TBC1D10C,0.9013275
87,514,MUC13,PAK1,0.90128005
87,8,MUC13,ATAD1,0.9012698
87,128,MUC13,APLP2,0.9012698
87,136,MUC13,TACC3,0.9012698
87,150,MUC13,SORT1,0.9012698
87,396,MUC13,RUVBL2,0.9012698
87,432,MUC13,HDC,0.9012698
87,519,MUC13,AGPS,0.9012698
87,595,MUC13,CSF3R,0.9012698
87,0,MUC13,OTUD6B,0.9007998
87,554,MUC13,CDT1,0.8992532
87,210,MUC13,PNO1,0.8988019
87,440,MUC13,TMEM97,0.89635515
87,464,MUC13,ZNRF2,0.89635515
87,292,MUC13,HDAC7,0.89581674
87,33,MUC13,CSTF2,0.8956413
87,367,MUC13,HCFC1,0.89531535
87,429,MUC13,GFI1B,0.89507157
87,518,MUC13,PHF10,0.8940232
87,28,MUC13,NFE2,0.8934796
87,450,MUC13,MAGED1,0.8927491
87,199,MUC13,E2F4,0.8919381
87,161,MUC13,JARID2,0.89186925
87,357,MUC13,MEIS1,0.89012617
87,177,MUC13,RELB,0.8900487
87,73,MUC13,RORC,0.88951266
87,78,MUC13,MECOM,0.8893518
87,137,MUC13,MYCN,0.88934153
87,488,MUC13,FGFR1OP,0.8893054
87,274,MUC13,NOP2,0.8892048
87,209,MUC13,ZBTB16,0.88839954
87,439,MUC13,DDX20,0.88701725
87,486,MUC13,NFKBIA,0.88659656
87,564,MUC13,MFNG,0.88651884
87,331,MUC13,PIM2,0.8863312
87,255,MUC13,CD74,0.8862963
87,289,MUC13,GT(ROSA)26SOR,0.8862963
87,318,MUC13,GANAB,0.8861735
87,277,MUC13,RTP4,0.8849622
87,57,MUC13,OASL2,0.8849248
87,347,MUC13,RNF4,0.8844513
87,165,MUC13,GTF2H1,0.8841194
87,67,MUC13,HDAC2,0.88315946
87,392,MUC13,DCAF13,0.8830738
87,200,MUC13,IGTP,0.8829738
533,81,MXD3,HDAC11,0.9234371
533,0,MXD3,OTUD6B,0.9163305
533,8,MXD3,ATAD1,0.9163305
533,128,MXD3,APLP2,0.9163305
533,396,MXD3,RUVBL2,0.9163305
533,432,MXD3,HDC,0.9163305
533,450,MXD3,MAGED1,0.9163305
533,514,MXD3,PAK1,0.9163305
533,524,MXD3,TBC1D10C,0.9163305
533,595,MXD3,CSF3R,0.9163305
533,150,MXD3,SORT1,0.9163232
533,136,MXD3,TACC3,0.9163098
533,292,MXD3,HDAC7,0.9159325
533,34,MXD3,MAML3,0.91504097
533,410,MXD3,SMARCA2,0.9143204
533,331,MXD3,PIM2,0.9128384
533,199,MXD3,E2F4,0.9123305
533,404,MXD3,FTSJ3,0.91132873
533,475,MXD3,BCL2,0.9112045
533,351,MXD3,ERCC8,0.9091768
533,439,MXD3,DDX20,0.9088477
533,186,MXD3,STT3B,0.90852463
533,429,MXD3,GFI1B,0.9082218
533,554,MXD3,CDT1,0.9021305
533,161,MXD3,JARID2,0.9005643
533,200,MXD3,IGTP,0.89784396
533,609,MXD3,UBA7,0.89766216
533,504,MXD3,IFI44,0.8976472
533,183,MXD3,XAF1,0.89742196
533,255,MXD3,CD74,0.8963839
533,82,MXD3,RB1,0.89625996
533,440,MXD3,TMEM97,0.89247197
533,464,MXD3,ZNRF2,0.89247197
533,73,MXD3,RORC,0.8867966
533,210,MXD3,PNO1,0.8866588
533,137,MXD3,MYCN,0.8849705
533,486,MXD3,NFKBIA,0.8841409
533,402,MXD3,EIF1AD,0.8822523
533,50,MXD3,NFAT5,0.88187414
533,206,MXD3,ZDHHC6,0.8789005
533,289,MXD3,GT(ROSA)26SOR,0.8758579
533,33,MXD3,CSTF2,0.8748157
533,519,MXD3,AGPS,0.87358266
533,590,MXD3,IL12A,0.86922836
533,363,MXD3,MYC,0.8671873
533,91,MXD3,FCHO2,0.865528
533,537,MXD3,TXNDC11,0.865528
533,611,MXD3,ZEB2,0.865528
533,177,MXD3,RELB,0.86249894
533,209,MXD3,ZBTB16,0.8619721
437,404,MYB,FTSJ3,0.9393699
437,554,MYB,CDT1,0.9369473
437,81,MYB,HDAC11,0.9349445
437,199,MYB,E2F4,0.93482935
437,136,MYB,TACC3,0.9328168
437,331,MYB,PIM2,0.9328164
437,0,MYB,OTUD6B,0.93277
437,8,MYB,ATAD1,0.93277
437,128,MYB,APLP2,0.93277
437,150,MYB,SORT1,0.93277
437,396,MYB,RUVBL2,0.93277
437,432,MYB,HDC,0.93277
437,450,MYB,MAGED1,0.93277
437,519,MYB,AGPS,0.93277
437,524,MYB,TBC1D10C,0.93277
437,595,MYB,CSF3R,0.93277
437,514,MYB,PAK1,0.9327477
437,410,MYB,SMARCA2,0.9326364
437,429,MYB,GFI1B,0.9316171
437,34,MYB,MAML3,0.9295911
437,161,MYB,JARID2,0.9285289
437,351,MYB,ERCC8,0.92597383
437,402,MYB,EIF1AD,0.9245336
437,440,MYB,TMEM97,0.9244396
437,464,MYB,ZNRF2,0.9244396
437,255,MYB,CD74,0.92436635
437,289,MYB,GT(ROSA)26SOR,0.92436635
437,73,MYB,RORC,0.92349803
437,210,MYB,PNO1,0.923467
437,209,MYB,ZBTB16,0.9227483
437,200,MYB,IGTP,0.9193255
437,183,MYB,XAF1,0.91888714
437,504,MYB,IFI44,0.91888714
437,609,MYB,UBA7,0.91888714
437,486,MYB,NFKBIA,0.9186547
437,292,MYB,HDAC7,0.9184443
437,50,MYB,NFAT5,0.91648525
437,186,MYB,STT3B,0.9158973
437,33,MYB,CSTF2,0.9146898
437,165,MYB,GTF2H1,0.913877
437,475,MYB,BCL2,0.9130711
437,137,MYB,MYCN,0.91237915
437,363,MYB,MYC,0.9084006
437,439,MYB,DDX20,0.90785307
437,67,MYB,HDAC2,0.90579724
437,590,MYB,IL12A,0.9056482
437,78,MYB,MECOM,0.90549636
437,177,MYB,RELB,0.9051748
437,82,MYB,RB1,0.90282357
437,318,MYB,GANAB,0.90245074
363,81,MYC,HDAC11,0.92748016
363,128,MYC,APLP2,0.92569405
363,0,MYC,OTUD6B,0.92235464
363,8,MYC,ATAD1,0.92235464
363,136,MYC,TACC3,0.92235464
363,150,MYC,SORT1,0.92235464
363,554,MYC,CDT1,0.92153066
363,34,MYC,MAML3,0.9208246
363,396,MYC,RUVBL2,0.9207311
363,432,MYC,HDC,0.9207311
363,514,MYC,PAK1,0.9207311
363,519,MYC,AGPS,0.9207311
363,524,MYC,TBC1D10C,0.9207311
363,450,MYC,MAGED1,0.9206841
363,404,MYC,FTSJ3,0.91637903
363,410,MYC,SMARCA2,0.916195
363,331,MYC,PIM2,0.9148906
363,199,MYC,E2F4,0.91358423
363,595,MYC,CSF3R,0.91280115
363,292,MYC,HDAC7,0.90901816
363,209,MYC,ZBTB16,0.90634185
363,475,MYC,BCL2,0.9047862
363,186,MYC,STT3B,0.9044766
363,504,MYC,IFI44,0.9038979
363,609,MYC,UBA7,0.9038979
363,440,MYC,TMEM97,0.9013193
363,464,MYC,ZNRF2,0.9013193
363,200,MYC,IGTP,0.90118116
363,183,MYC,XAF1,0.9009778
363,351,MYC,ERCC8,0.89994484
363,255,MYC,CD74,0.8971111
363,289,MYC,GT(ROSA)26SOR,0.8970763
363,210,MYC,PNO1,0.8959203
363,73,MYC,RORC,0.89238733
363,402,MYC,EIF1AD,0.891104
363,439,MYC,DDX20,0.8905408
363,137,MYC,MYCN,0.88864565
363,429,MYC,GFI1B,0.8883471
363,161,MYC,JARID2,0.8876937
363,82,MYC,RB1,0.8873423
363,486,MYC,NFKBIA,0.88558674
363,50,MYC,NFAT5,0.8846811
363,590,MYC,IL12A,0.87607825
363,33,MYC,CSTF2,0.875387
363,206,MYC,ZDHHC6,0.8708642
363,580,MYC,MLLT3,0.87062496
363,177,MYC,RELB,0.8692952
363,318,MYC,GANAB,0.86854184
363,357,MYC,MEIS1,0.868468
363,165,MYC,GTF2H1,0.8663517
137,292,MYCN,HDAC7,0.93568116
137,439,MYCN,DDX20,0.9351229
137,34,MYCN,MAML3,0.93422383
137,91,MYCN,FCHO2,0.9297413
137,537,MYCN,TXNDC11,0.92972106
137,611,MYCN,ZEB2,0.92972106
137,226,MYCN,POLR2B,0.9259258
137,299,MYCN,ORC2,0.9218773
137,81,MYCN,HDAC11,0.92185056
137,189,MYCN,MCM5,0.92128056
137,279,MYCN,AURKB,0.92114097
137,290,MYCN,POLD1,0.92049295
137,21,MYCN,RRM1,0.9198584
137,209,MYCN,ZBTB16,0.9196621
137,86,MYCN,RANGAP1,0.91859984
137,246,MYCN,TK1,0.917735
137,500,MYCN,MCM3,0.9174356
137,297,MYCN,LIG1,0.9167845
137,186,MYCN,STT3B,0.9166825
137,345,MYCN,UHRF1,0.91665214
137,497,MYCN,TYMS,0.91613734
137,323,MYCN,MCM4,0.9160356
137,399,MYCN,RRM2,0.9158822
137,404,MYCN,FTSJ3,0.915851
137,204,MYCN,MCM2,0.91572744
137,74,MYCN,TOP2A,0.9156062
137,561,MYCN,MCM7,0.91556174
137,350,MYCN,MCM6,0.91489
137,273,MYCN,FIGNL1,0.91478664
137,621,MYCN,SNRPB,0.9146424
137,266,MYCN,MSH6,0.91448504
137,411,MYCN,CDC45,0.91404
137,42,MYCN,HMGB2,0.9139574
137,118,MYCN,MIS12,0.9136278
137,475,MYCN,BCL2,0.9133633
137,620,MYCN,TIPIN,0.9133119
137,478,MYCN,MKI67,0.91311574
137,182,MYCN,RPA1,0.9130952
137,53,MYCN,ORC6,0.91309446
137,102,MYCN,PRIM1,0.91279095
137,30,MYCN,PBK,0.9127777
137,407,MYCN,CDC7,0.9124746
137,610,MYCN,PRIM2,0.91186786
137,240,MYCN,RPA2,0.9104917
137,510,MYCN,XRCC6,0.91046655
137,206,MYCN,ZDHHC6,0.90864325
137,351,MYCN,ERCC8,0.90723
137,0,MYCN,OTUD6B,0.9066962
137,8,MYCN,ATAD1,0.9066962
137,128,MYCN,APLP2,0.9066962
306,404,MYCT1,FTSJ3,0.92645735
306,410,MYCT1,SMARCA2,0.9250838
306,554,MYCT1,CDT1,0.9247971
306,199,MYCT1,E2F4,0.9215901
306,128,MYCT1,APLP2,0.9205733
306,81,MYCT1,HDAC11,0.9205157
306,429,MYCT1,GFI1B,0.91966546
306,0,MYCT1,OTUD6B,0.9191015
306,8,MYCT1,ATAD1,0.9191015
306,150,MYCT1,SORT1,0.9191015
306,432,MYCT1,HDC,0.9191015
306,450,MYCT1,MAGED1,0.9191015
306,514,MYCT1,PAK1,0.9191015
306,519,MYCT1,AGPS,0.9191015
306,524,MYCT1,TBC1D10C,0.9191015
306,595,MYCT1,CSF3R,0.9191015
306,136,MYCT1,TACC3,0.91905296
306,396,MYCT1,RUVBL2,0.9190033
306,331,MYCT1,PIM2,0.9172491
306,464,MYCT1,ZNRF2,0.9172281
306,161,MYCT1,JARID2,0.9160832
306,210,MYCT1,PNO1,0.91492283
306,255,MYCT1,CD74,0.9143317
306,289,MYCT1,GT(ROSA)26SOR,0.9143317
306,183,MYCT1,XAF1,0.91256326
306,200,MYCT1,IGTP,0.91256326
306,504,MYCT1,IFI44,0.91256326
306,609,MYCT1,UBA7,0.91256326
306,73,MYCT1,RORC,0.9109954
306,34,MYCT1,MAML3,0.9097515
306,440,MYCT1,TMEM97,0.90971625
306,351,MYCT1,ERCC8,0.9065448
306,209,MYCT1,ZBTB16,0.90570694
306,402,MYCT1,EIF1AD,0.9036869
306,486,MYCT1,NFKBIA,0.9035673
306,50,MYCT1,NFAT5,0.90282
306,33,MYCT1,CSTF2,0.8983875
306,475,MYCT1,BCL2,0.8971629
306,292,MYCT1,HDAC7,0.8959851
306,186,MYCT1,STT3B,0.89527386
306,137,MYCT1,MYCN,0.89419895
306,177,MYCT1,RELB,0.89408857
306,590,MYCT1,IL12A,0.8933593
306,277,MYCT1,RTP4,0.89254403
306,318,MYCT1,GANAB,0.8924211
306,57,MYCT1,OASL2,0.8922633
306,78,MYCT1,MECOM,0.8907467
306,357,MYCT1,MEIS1,0.8898253
306,363,MYCT1,MYC,0.8896078
306,165,MYCT1,GTF2H1,0.88947946
412,128,MYL10,APLP2,0.9013032
412,524,MYL10,TBC1D10C,0.9011813
412,28,MYL10,NFE2,0.89821476
412,357,MYL10,MEIS1,0.8963379
412,78,MYL10,MECOM,0.89607596
412,137,MYL10,MYCN,0.8922665
412,0,MYL10,OTUD6B,0.8919466
412,57,MYL10,OASL2,0.8917678
412,277,MYL10,RTP4,0.89176756
412,183,MYL10,XAF1,0.8909797
412,200,MYL10,IGTP,0.8909328
412,609,MYL10,UBA7,0.8908729
412,504,MYL10,IFI44,0.8907693
412,410,MYL10,SMARCA2,0.8897463
412,283,MYL10,EGR1,0.8885611
412,198,MYL10,NDN,0.88783354
412,518,MYL10,PHF10,0.887358
412,514,MYL10,PAK1,0.88727516
412,150,MYL10,SORT1,0.88726485
412,8,MYL10,ATAD1,0.8872538
412,396,MYL10,RUVBL2,0.8872538
412,432,MYL10,HDC,0.8872538
412,450,MYL10,MAGED1,0.8872538
412,595,MYL10,CSF3R,0.8872425
412,136,MYL10,TACC3,0.88713855
412,81,MYL10,HDAC11,0.88625026
412,33,MYL10,CSTF2,0.88520604
412,441,MYL10,EBF1,0.88482153
412,263,MYL10,JUN,0.88474816
412,47,MYL10,FGL2,0.8847257
412,146,MYL10,SCARF1,0.8847257
412,194,MYL10,GOLPH3,0.8847257
412,546,MYL10,PROCR,0.8847257
412,622,MYL10,KRT18,0.8847257
412,140,MYL10,ANXA3,0.8846402
412,564,MYL10,MFNG,0.8844079
412,519,MYL10,AGPS,0.88424385
412,190,MYL10,RAD51,0.8841121
412,553,MYL10,DHFR,0.8841121
412,367,MYL10,HCFC1,0.88390744
412,251,MYL10,IRF6,0.88370746
412,394,MYL10,MAPK1,0.883668
412,34,MYL10,MAML3,0.883305
412,554,MYL10,CDT1,0.882756
412,590,MYL10,IL12A,0.8822969
412,485,MYL10,ABL1,0.8822636
412,210,MYL10,PNO1,0.88226
412,2,MYL10,PPP1R15A,0.8821321
412,486,MYL10,NFKBIA,0.8821107
412,232,MYL10,ICAM1,0.8820007
444,28,MYO1F,NFE2,0.8983655
444,357,MYO1F,MEIS1,0.89641
444,78,MYO1F,MECOM,0.8962374
444,137,MYO1F,MYCN,0.89265543
444,450,MYO1F,MAGED1,0.89204526
444,57,MYO1F,OASL2,0.89194083
444,277,MYO1F,RTP4,0.89192945
444,504,MYO1F,IFI44,0.89110327
444,609,MYO1F,UBA7,0.8910885
444,190,MYO1F,RAD51,0.89060146
444,50,MYO1F,NFAT5,0.8901037
444,410,MYO1F,SMARCA2,0.8899257
444,283,MYO1F,EGR1,0.88864714
444,518,MYO1F,PHF10,0.88764507
444,8,MYO1F,ATAD1,0.8874228
444,0,MYO1F,OTUD6B,0.8873572
444,128,MYO1F,APLP2,0.8873572
444,136,MYO1F,TACC3,0.8873572
444,432,MYO1F,HDC,0.8873572
444,514,MYO1F,PAK1,0.8873572
444,519,MYO1F,AGPS,0.8873572
444,524,MYO1F,TBC1D10C,0.8873572
444,595,MYO1F,CSF3R,0.8873572
444,150,MYO1F,SORT1,0.88720065
444,81,MYO1F,HDAC11,0.88636285
444,198,MYO1F,NDN,0.8857979
444,404,MYO1F,FTSJ3,0.8855358
444,263,MYO1F,JUN,0.8849775
444,146,MYO1F,SCARF1,0.8849424
444,2,MYO1F,PPP1R15A,0.8849047
444,47,MYO1F,FGL2,0.8849047
444,140,MYO1F,ANXA3,0.8849047
444,194,MYO1F,GOLPH3,0.8849047
444,362,MYO1F,PTGS1,0.8849047
444,441,MYO1F,EBF1,0.8849047
444,546,MYO1F,PROCR,0.8849047
444,622,MYO1F,KRT18,0.8849047
444,564,MYO1F,MFNG,0.88447654
444,553,MYO1F,DHFR,0.88437665
444,367,MYO1F,HCFC1,0.88415414
444,394,MYO1F,MAPK1,0.8838202
444,251,MYO1F,IRF6,0.8836629
444,34,MYO1F,MAML3,0.8834087
444,486,MYO1F,NFKBIA,0.88339585
444,554,MYO1F,CDT1,0.88287765
444,210,MYO1F,PNO1,0.8825937
444,590,MYO1F,IL12A,0.88253915
444,232,MYO1F,ICAM1,0.88226277
444,440,MYO1F,TMEM97,0.8819445
444,464,MYO1F,ZNRF2,0.8819445
155,514,MYO1G,PAK1,0.91313285
155,609,MYO1G,UBA7,0.9043395
155,504,MYO1G,IFI44,0.9042896
155,518,MYO1G,PHF10,0.9013247
155,28,MYO1G,NFE2,0.8983655
155,524,MYO1G,TBC1D10C,0.8972354
155,595,MYO1G,CSF3R,0.8971308
155,357,MYO1G,MEIS1,0.89649427
155,78,MYO1G,MECOM,0.8962374
155,590,MYO1G,IL12A,0.8955393
155,564,MYO1G,MFNG,0.8952261
155,519,MYO1G,AGPS,0.8951194
155,554,MYO1G,CDT1,0.8936695
155,546,MYO1G,PROCR,0.89338577
155,622,MYO1G,KRT18,0.8933026
155,606,MYO1G,ELP2,0.89250785
155,137,MYO1G,MYCN,0.89242125
155,57,MYO1G,OASL2,0.89194083
155,277,MYO1G,RTP4,0.89194053
155,580,MYO1G,MLLT3,0.8915456
155,183,MYO1G,XAF1,0.89110327
155,200,MYO1G,IGTP,0.89110327
155,410,MYO1G,SMARCA2,0.8899257
155,283,MYO1G,EGR1,0.88864714
155,532,MYO1G,ARID3B,0.88844746
155,572,MYO1G,USP37,0.8882272
155,559,MYO1G,RUNX1T1,0.88783914
155,0,MYO1G,OTUD6B,0.8873572
155,8,MYO1G,ATAD1,0.8873572
155,150,MYO1G,SORT1,0.8873572
155,396,MYO1G,RUVBL2,0.8873572
155,450,MYO1G,MAGED1,0.8873572
155,128,MYO1G,APLP2,0.8873564
155,136,MYO1G,TACC3,0.8871388
155,232,MYO1G,ICAM1,0.8870052
155,432,MYO1G,HDC,0.8865584
155,81,MYO1G,HDAC11,0.88636285
155,198,MYO1G,NDN,0.8857979
155,47,MYO1G,FGL2,0.88568705
155,404,MYO1G,FTSJ3,0.8855358
155,263,MYO1G,JUN,0.884927
155,2,MYO1G,PPP1R15A,0.8849047
155,140,MYO1G,ANXA3,0.8849047
155,146,MYO1G,SCARF1,0.8849047
155,194,MYO1G,GOLPH3,0.8849047
155,362,MYO1G,PTGS1,0.8849047
155,441,MYO1G,EBF1,0.8849047
155,190,MYO1G,RAD51,0.8843264
155,367,MYO1G,HCFC1,0.8840827
155,251,MYO1G,IRF6,0.88364166
132,28,MYO5A,NFE2,0.8983655
132,357,MYO5A,MEIS1,0.89649427
132,78,MYO5A,MECOM,0.8963554
132,622,MYO5A,KRT18,0.8935833
132,137,MYO5A,MYCN,0.892618
132,57,MYO5A,OASL2,0.89194083
132,277,MYO5A,RTP4,0.89194053
132,504,MYO5A,IFI44,0.89113486
132,609,MYO5A,UBA7,0.8911281
132,183,MYO5A,XAF1,0.89110327
132,200,MYO5A,IGTP,0.89110327
132,410,MYO5A,SMARCA2,0.8899257
132,283,MYO5A,EGR1,0.88864714
132,518,MYO5A,PHF10,0.88764507
132,432,MYO5A,HDC,0.8873755
132,524,MYO5A,TBC1D10C,0.88735867
132,8,MYO5A,ATAD1,0.8873572
132,128,MYO5A,APLP2,0.8873572
132,150,MYO5A,SORT1,0.8873572
132,396,MYO5A,RUVBL2,0.8873572
132,450,MYO5A,MAGED1,0.8873572
132,514,MYO5A,PAK1,0.8873572
132,595,MYO5A,CSF3R,0.8873572
132,136,MYO5A,TACC3,0.88732266
132,0,MYO5A,OTUD6B,0.8872543
132,81,MYO5A,HDAC11,0.88636285
132,198,MYO5A,NDN,0.8857979
132,404,MYO5A,FTSJ3,0.8855358
132,263,MYO5A,JUN,0.884927
132,2,MYO5A,PPP1R15A,0.8849047
132,47,MYO5A,FGL2,0.8849047
132,140,MYO5A,ANXA3,0.8849047
132,146,MYO5A,SCARF1,0.8849047
132,194,MYO5A,GOLPH3,0.8849047
132,441,MYO5A,EBF1,0.8849047
132,546,MYO5A,PROCR,0.8849047
132,362,MYO5A,PTGS1,0.88490117
132,251,MYO5A,IRF6,0.88486606
132,564,MYO5A,MFNG,0.88467485
132,519,MYO5A,AGPS,0.88435096
132,190,MYO5A,RAD51,0.8843264
132,553,MYO5A,DHFR,0.8843264
132,367,MYO5A,HCFC1,0.88415396
132,394,MYO5A,MAPK1,0.8838468
132,34,MYO5A,MAML3,0.8834213
132,486,MYO5A,NFKBIA,0.88339585
132,554,MYO5A,CDT1,0.88287765
132,590,MYO5A,IL12A,0.88253915
132,210,MYO5A,PNO1,0.8824361
132,232,MYO5A,ICAM1,0.88227135
338,357,NADK,MEIS1,0.91465515
338,28,NADK,NFE2,0.91440153
338,78,NADK,MECOM,0.91052
338,283,NADK,EGR1,0.9084986
338,177,NADK,RELB,0.9079616
338,367,NADK,HCFC1,0.9066387
338,410,NADK,SMARCA2,0.9059333
338,2,NADK,PPP1R15A,0.90498674
338,622,NADK,KRT18,0.904962
338,47,NADK,FGL2,0.90492725
338,140,NADK,ANXA3,0.90492725
338,146,NADK,SCARF1,0.90492725
338,194,NADK,GOLPH3,0.90492725
338,546,NADK,PROCR,0.90492725
338,362,NADK,PTGS1,0.90487486
338,486,NADK,NFKBIA,0.90343255
338,50,NADK,NFAT5,0.90234
338,57,NADK,OASL2,0.9016096
338,277,NADK,RTP4,0.90160936
338,590,NADK,IL12A,0.9013238
338,263,NADK,JUN,0.9010732
338,606,NADK,ELP2,0.9009439
338,183,NADK,XAF1,0.8998084
338,200,NADK,IGTP,0.8997753
338,609,NADK,UBA7,0.8997753
338,440,NADK,TMEM97,0.89957106
338,464,NADK,ZNRF2,0.89957106
338,504,NADK,IFI44,0.89953786
338,318,NADK,GANAB,0.89945686
338,559,NADK,RUNX1T1,0.89768463
338,33,NADK,CSTF2,0.8971572
338,394,NADK,MAPK1,0.89582783
338,73,NADK,RORC,0.8957606
338,136,NADK,TACC3,0.89517903
338,450,NADK,MAGED1,0.89517903
338,396,NADK,RUVBL2,0.8951065
338,161,NADK,JARID2,0.894635
338,190,NADK,RAD51,0.89311373
338,553,NADK,DHFR,0.89311373
338,255,NADK,CD74,0.8926393
338,289,NADK,GT(ROSA)26SOR,0.8926393
338,429,NADK,GFI1B,0.8921963
338,524,NADK,TBC1D10C,0.89186144
338,0,NADK,OTUD6B,0.89181155
338,150,NADK,SORT1,0.89181155
338,432,NADK,HDC,0.89181155
338,514,NADK,PAK1,0.89181155
338,519,NADK,AGPS,0.8917834
338,441,NADK,EBF1,0.89090204
338,251,NADK,IRF6,0.8902216
522,8,NAMPT,ATAD1,0.90148413
522,28,NAMPT,NFE2,0.8983655
522,357,NAMPT,MEIS1,0.89649427
522,78,NAMPT,MECOM,0.8962374
522,177,NAMPT,RELB,0.89383173
522,137,NAMPT,MYCN,0.89262396
522,183,NAMPT,XAF1,0.8920809
522,57,NAMPT,OASL2,0.89194083
522,277,NAMPT,RTP4,0.89194053
522,200,NAMPT,IGTP,0.89110327
522,504,NAMPT,IFI44,0.89110327
522,410,NAMPT,SMARCA2,0.88997346
522,283,NAMPT,EGR1,0.88864714
522,518,NAMPT,PHF10,0.88764507
522,450,NAMPT,MAGED1,0.8874228
522,128,NAMPT,APLP2,0.8873572
522,136,NAMPT,TACC3,0.8873572
522,514,NAMPT,PAK1,0.8873572
522,519,NAMPT,AGPS,0.8873572
522,524,NAMPT,TBC1D10C,0.8873572
522,595,NAMPT,CSF3R,0.8873572
522,396,NAMPT,RUVBL2,0.8872829
522,81,NAMPT,HDAC11,0.88636285
522,198,NAMPT,NDN,0.8857979
522,404,NAMPT,FTSJ3,0.8855358
522,33,NAMPT,CSTF2,0.8854538
522,263,NAMPT,JUN,0.884927
522,2,NAMPT,PPP1R15A,0.8849047
522,47,NAMPT,FGL2,0.8849047
522,140,NAMPT,ANXA3,0.8849047
522,146,NAMPT,SCARF1,0.8849047
522,194,NAMPT,GOLPH3,0.8849047
522,362,NAMPT,PTGS1,0.8849047
522,441,NAMPT,EBF1,0.8849047
522,546,NAMPT,PROCR,0.8849047
522,622,NAMPT,KRT18,0.8849047
522,564,NAMPT,MFNG,0.88467485
522,190,NAMPT,RAD51,0.8843264
522,553,NAMPT,DHFR,0.8843264
522,367,NAMPT,HCFC1,0.88415396
522,394,NAMPT,MAPK1,0.8838468
522,251,NAMPT,IRF6,0.8836629
522,34,NAMPT,MAML3,0.8834213
522,486,NAMPT,NFKBIA,0.88339585
522,554,NAMPT,CDT1,0.88287765
522,590,NAMPT,IL12A,0.88253915
522,210,NAMPT,PNO1,0.8824361
522,232,NAMPT,ICAM1,0.88227135
522,440,NAMPT,TMEM97,0.8819445
522,464,NAMPT,ZNRF2,0.8819445
69,200,NAP1L3,IGTP,0.9016242
69,28,NAP1L3,NFE2,0.9004177
69,137,NAP1L3,MYCN,0.90033966
69,357,NAP1L3,MEIS1,0.89856035
69,78,NAP1L3,MECOM,0.8984637
69,410,NAP1L3,SMARCA2,0.89609414
69,518,NAP1L3,PHF10,0.8950784
69,57,NAP1L3,OASL2,0.8946091
69,277,NAP1L3,RTP4,0.8946088
69,519,NAP1L3,AGPS,0.8940849
69,504,NAP1L3,IFI44,0.89405185
69,183,NAP1L3,XAF1,0.89402646
69,609,NAP1L3,UBA7,0.89402646
69,33,NAP1L3,CSTF2,0.8925546
69,367,NAP1L3,HCFC1,0.8906141
69,564,NAP1L3,MFNG,0.89061326
69,283,NAP1L3,EGR1,0.89060855
69,81,NAP1L3,HDAC11,0.8902849
69,34,NAP1L3,MAML3,0.89024657
69,486,NAP1L3,NFKBIA,0.89003485
69,595,NAP1L3,CSF3R,0.8894939
69,514,NAP1L3,PAK1,0.8889129
69,8,NAP1L3,ATAD1,0.8888954
69,432,NAP1L3,HDC,0.8888679
69,0,NAP1L3,OTUD6B,0.8888615
69,128,NAP1L3,APLP2,0.8888615
69,136,NAP1L3,TACC3,0.8888615
69,150,NAP1L3,SORT1,0.8888615
69,450,NAP1L3,MAGED1,0.8888615
69,524,NAP1L3,TBC1D10C,0.8888615
69,210,NAP1L3,PNO1,0.888579
69,232,NAP1L3,ICAM1,0.8885075
69,194,NAP1L3,GOLPH3,0.8882523
69,404,NAP1L3,FTSJ3,0.888132
69,177,NAP1L3,RELB,0.8881205
69,440,NAP1L3,TMEM97,0.88735974
69,464,NAP1L3,ZNRF2,0.88735974
69,590,NAP1L3,IL12A,0.88699263
69,2,NAP1L3,PPP1R15A,0.8865492
69,47,NAP1L3,FGL2,0.8865492
69,140,NAP1L3,ANXA3,0.8865492
69,146,NAP1L3,SCARF1,0.8865492
69,362,NAP1L3,PTGS1,0.8865492
69,441,NAP1L3,EBF1,0.8865492
69,546,NAP1L3,PROCR,0.8865492
69,251,NAP1L3,IRF6,0.88611794
69,394,NAP1L3,MAPK1,0.8858227
69,429,NAP1L3,GFI1B,0.8855403
69,554,NAP1L3,CDT1,0.8854796
69,161,NAP1L3,JARID2,0.8851731
587,150,NCAPD2,SORT1,0.92362523
587,410,NCAPD2,SMARCA2,0.9232053
587,554,NCAPD2,CDT1,0.91972333
587,404,NCAPD2,FTSJ3,0.9179426
587,464,NCAPD2,ZNRF2,0.9178743
587,440,NCAPD2,TMEM97,0.91772866
587,429,NCAPD2,GFI1B,0.91772753
587,0,NCAPD2,OTUD6B,0.91616476
587,8,NCAPD2,ATAD1,0.91616476
587,128,NCAPD2,APLP2,0.91616476
587,136,NCAPD2,TACC3,0.91616476
587,396,NCAPD2,RUVBL2,0.91616476
587,432,NCAPD2,HDC,0.91616476
587,514,NCAPD2,PAK1,0.91616476
587,519,NCAPD2,AGPS,0.91616476
587,524,NCAPD2,TBC1D10C,0.91616476
587,595,NCAPD2,CSF3R,0.91616476
587,81,NCAPD2,HDAC11,0.9151988
587,210,NCAPD2,PNO1,0.9151102
587,161,NCAPD2,JARID2,0.91477823
587,199,NCAPD2,E2F4,0.9142297
587,255,NCAPD2,CD74,0.91325223
587,289,NCAPD2,GT(ROSA)26SOR,0.91325223
587,331,NCAPD2,PIM2,0.91200405
587,73,NCAPD2,RORC,0.9113895
587,200,NCAPD2,IGTP,0.90810114
587,183,NCAPD2,XAF1,0.9079888
587,504,NCAPD2,IFI44,0.9079824
587,78,NCAPD2,MECOM,0.9072675
587,34,NCAPD2,MAML3,0.90505284
587,486,NCAPD2,NFKBIA,0.9049996
587,137,NCAPD2,MYCN,0.90457255
587,177,NCAPD2,RELB,0.9020478
587,209,NCAPD2,ZBTB16,0.9011467
587,67,NCAPD2,HDAC2,0.9008498
587,33,NCAPD2,CSTF2,0.9000916
587,50,NCAPD2,NFAT5,0.8995477
587,367,NCAPD2,HCFC1,0.89896816
587,318,NCAPD2,GANAB,0.89891475
587,590,NCAPD2,IL12A,0.89812136
587,263,NCAPD2,JUN,0.8977563
587,402,NCAPD2,EIF1AD,0.8973903
587,351,NCAPD2,ERCC8,0.8971017
587,357,NCAPD2,MEIS1,0.8969132
587,28,NCAPD2,NFE2,0.89665043
587,277,NCAPD2,RTP4,0.8962076
587,57,NCAPD2,OASL2,0.8959347
587,363,NCAPD2,MYC,0.8950705
587,475,NCAPD2,BCL2,0.8932026
587,165,NCAPD2,GTF2H1,0.89280486
567,28,NCEH1,NFE2,0.89835346
567,357,NCEH1,MEIS1,0.89648134
567,78,NCEH1,MECOM,0.89622474
567,137,NCEH1,MYCN,0.89261335
567,564,NCEH1,MFNG,0.8923323
567,57,NCEH1,OASL2,0.8919263
567,277,NCEH1,RTP4,0.89192605
567,183,NCEH1,XAF1,0.89108884
567,200,NCEH1,IGTP,0.89108884
567,504,NCEH1,IFI44,0.89108884
567,609,NCEH1,UBA7,0.89108884
567,410,NCEH1,SMARCA2,0.88991994
567,283,NCEH1,EGR1,0.8889381
567,518,NCEH1,PHF10,0.887633
567,450,NCEH1,MAGED1,0.88738996
567,136,NCEH1,TACC3,0.8873489
567,0,NCEH1,OTUD6B,0.88734627
567,8,NCEH1,ATAD1,0.88734627
567,128,NCEH1,APLP2,0.88734627
567,150,NCEH1,SORT1,0.88734627
567,396,NCEH1,RUVBL2,0.88734627
567,514,NCEH1,PAK1,0.88734627
567,519,NCEH1,AGPS,0.88734627
567,595,NCEH1,CSF3R,0.88734627
567,432,NCEH1,HDC,0.88734543
567,81,NCEH1,HDAC11,0.88634795
567,33,NCEH1,CSTF2,0.88544357
567,263,NCEH1,JUN,0.88491195
567,2,NCEH1,PPP1R15A,0.88488984
567,140,NCEH1,ANXA3,0.88488984
567,146,NCEH1,SCARF1,0.88488984
567,194,NCEH1,GOLPH3,0.88488984
567,362,NCEH1,PTGS1,0.88488984
567,441,NCEH1,EBF1,0.88488984
567,546,NCEH1,PROCR,0.88488984
567,622,NCEH1,KRT18,0.88488984
567,47,NCEH1,FGL2,0.88486606
567,190,NCEH1,RAD51,0.88431793
567,553,NCEH1,DHFR,0.8841551
567,367,NCEH1,HCFC1,0.8841438
567,394,NCEH1,MAPK1,0.8838353
567,524,NCEH1,TBC1D10C,0.8838196
567,251,NCEH1,IRF6,0.883648
567,34,NCEH1,MAML3,0.8834056
567,486,NCEH1,NFKBIA,0.8833855
567,590,NCEH1,IL12A,0.882528
567,210,NCEH1,PNO1,0.88242036
567,232,NCEH1,ICAM1,0.88225985
567,554,NCEH1,CDT1,0.88206357
567,440,NCEH1,TMEM97,0.8819291
278,410,NCF1,SMARCA2,0.90342283
278,450,NCF1,MAGED1,0.89632106
278,440,NCF1,TMEM97,0.8952272
278,464,NCF1,ZNRF2,0.8952272
278,396,NCF1,RUVBL2,0.8925479
278,161,NCF1,JARID2,0.89246637
278,0,NCF1,OTUD6B,0.8924651
278,8,NCF1,ATAD1,0.8924651
278,128,NCF1,APLP2,0.8924651
278,136,NCF1,TACC3,0.8924651
278,150,NCF1,SORT1,0.8924651
278,519,NCF1,AGPS,0.8924651
278,524,NCF1,TBC1D10C,0.8924651
278,514,NCF1,PAK1,0.8924291
278,432,NCF1,HDC,0.89238566
278,78,NCF1,MECOM,0.89054877
278,255,NCF1,CD74,0.8897344
278,289,NCF1,GT(ROSA)26SOR,0.8897344
278,595,NCF1,CSF3R,0.8896637
278,429,NCF1,GFI1B,0.8890588
278,73,NCF1,RORC,0.8876049
278,177,NCF1,RELB,0.8868457
278,210,NCF1,PNO1,0.88683885
278,486,NCF1,NFKBIA,0.886482
278,50,NCF1,NFAT5,0.88529056
278,554,NCF1,CDT1,0.88488835
278,367,NCF1,HCFC1,0.88264054
278,28,NCF1,NFE2,0.8818229
278,318,NCF1,GANAB,0.8807817
278,263,NCF1,JUN,0.8796869
278,183,NCF1,XAF1,0.8786185
278,200,NCF1,IGTP,0.8786185
278,504,NCF1,IFI44,0.8786185
278,609,NCF1,UBA7,0.8786185
278,590,NCF1,IL12A,0.8784262
278,33,NCF1,CSTF2,0.8763259
278,363,NCF1,MYC,0.8741852
278,331,NCF1,PIM2,0.8738415
278,277,NCF1,RTP4,0.87233835
278,57,NCF1,OASL2,0.872329
278,559,NCF1,RUNX1T1,0.871556
278,283,NCF1,EGR1,0.8708921
278,81,NCF1,HDAC11,0.870721
278,441,NCF1,EBF1,0.8684266
278,64,NCF1,IRF9,0.8683116
278,488,NCF1,FGFR1OP,0.867743
278,29,NCF1,IKZF1,0.86691505
278,606,NCF1,ELP2,0.8665781
278,580,NCF1,MLLT3,0.8656819
278,67,NCF1,HDAC2,0.8646904
202,200,NCLN,IGTP,0.9005471
202,28,NCLN,NFE2,0.89850396
202,78,NCLN,MECOM,0.89782435
202,357,NCLN,MEIS1,0.89649427
202,137,NCLN,MYCN,0.89262396
202,57,NCLN,OASL2,0.891947
202,277,NCLN,RTP4,0.89194053
202,609,NCLN,UBA7,0.89129186
202,183,NCLN,XAF1,0.89110327
202,504,NCLN,IFI44,0.89110327
202,410,NCLN,SMARCA2,0.8899257
202,283,NCLN,EGR1,0.8885995
202,518,NCLN,PHF10,0.88764507
202,150,NCLN,SORT1,0.8873907
202,0,NCLN,OTUD6B,0.8873572
202,8,NCLN,ATAD1,0.8873572
202,128,NCLN,APLP2,0.8873572
202,396,NCLN,RUVBL2,0.8873572
202,432,NCLN,HDC,0.8873572
202,450,NCLN,MAGED1,0.8873572
202,514,NCLN,PAK1,0.8873572
202,524,NCLN,TBC1D10C,0.8873572
202,595,NCLN,CSF3R,0.8873572
202,519,NCLN,AGPS,0.8872543
202,81,NCLN,HDAC11,0.88636285
202,198,NCLN,NDN,0.8857979
202,404,NCLN,FTSJ3,0.8855358
202,33,NCLN,CSTF2,0.8853804
202,263,NCLN,JUN,0.884927
202,441,NCLN,EBF1,0.8849264
202,362,NCLN,PTGS1,0.88491666
202,2,NCLN,PPP1R15A,0.8849047
202,140,NCLN,ANXA3,0.8849047
202,546,NCLN,PROCR,0.8849047
202,622,NCLN,KRT18,0.8849047
202,146,NCLN,SCARF1,0.8848201
202,564,NCLN,MFNG,0.88467485
202,136,NCLN,TACC3,0.88435096
202,553,NCLN,DHFR,0.8843264
202,367,NCLN,HCFC1,0.88415396
202,394,NCLN,MAPK1,0.8838566
202,251,NCLN,IRF6,0.8835506
202,34,NCLN,MAML3,0.8834213
202,486,NCLN,NFKBIA,0.88339585
202,554,NCLN,CDT1,0.88287765
202,590,NCLN,IL12A,0.88253915
202,210,NCLN,PNO1,0.8824361
202,232,NCLN,ICAM1,0.8822701
202,440,NCLN,TMEM97,0.88196385
202,464,NCLN,ZNRF2,0.8819445
547,28,NDE1,NFE2,0.8983655
547,357,NDE1,MEIS1,0.89649427
547,78,NDE1,MECOM,0.8962374
547,137,NDE1,MYCN,0.89262396
547,277,NDE1,RTP4,0.8920464
547,57,NDE1,OASL2,0.89194083
547,183,NDE1,XAF1,0.89110327
547,200,NDE1,IGTP,0.89110327
547,504,NDE1,IFI44,0.89110327
547,410,NDE1,SMARCA2,0.8899257
547,283,NDE1,EGR1,0.88864714
547,0,NDE1,OTUD6B,0.8873572
547,8,NDE1,ATAD1,0.8873572
547,128,NDE1,APLP2,0.8873572
547,136,NDE1,TACC3,0.8873572
547,150,NDE1,SORT1,0.8873572
547,432,NDE1,HDC,0.8873572
547,450,NDE1,MAGED1,0.8873572
547,514,NDE1,PAK1,0.8873572
547,595,NDE1,CSF3R,0.8873572
547,519,NDE1,AGPS,0.8873564
547,81,NDE1,HDAC11,0.88636285
547,198,NDE1,NDN,0.8857979
547,404,NDE1,FTSJ3,0.8855358
547,33,NDE1,CSTF2,0.8854538
547,362,NDE1,PTGS1,0.88500655
547,263,NDE1,JUN,0.884927
547,622,NDE1,KRT18,0.88491666
547,2,NDE1,PPP1R15A,0.8849047
547,47,NDE1,FGL2,0.8849047
547,140,NDE1,ANXA3,0.8849047
547,194,NDE1,GOLPH3,0.8849047
547,441,NDE1,EBF1,0.8849047
547,546,NDE1,PROCR,0.8849047
547,564,NDE1,MFNG,0.88467485
547,190,NDE1,RAD51,0.8843264
547,553,NDE1,DHFR,0.8843264
547,367,NDE1,HCFC1,0.88415396
547,518,NDE1,PHF10,0.88394666
547,394,NDE1,MAPK1,0.8838468
547,524,NDE1,TBC1D10C,0.8838286
547,251,NDE1,IRF6,0.8836629
547,34,NDE1,MAML3,0.8834213
547,486,NDE1,NFKBIA,0.88339585
547,554,NDE1,CDT1,0.88287765
547,590,NDE1,IL12A,0.88253915
547,232,NDE1,ICAM1,0.88227135
547,440,NDE1,TMEM97,0.8819445
547,464,NDE1,ZNRF2,0.8818475
547,177,NDE1,RELB,0.8816551
198,554,NDN,CDT1,0.93838316
198,199,NDN,E2F4,0.9365526
198,404,NDN,FTSJ3,0.93571895
198,81,NDN,HDAC11,0.9352059
198,0,NDN,OTUD6B,0.93303573
198,8,NDN,ATAD1,0.93303573
198,128,NDN,APLP2,0.93303573
198,396,NDN,RUVBL2,0.93303573
198,450,NDN,MAGED1,0.93303573
198,514,NDN,PAK1,0.93303573
198,519,NDN,AGPS,0.93303573
198,595,NDN,CSF3R,0.93303573
198,136,NDN,TACC3,0.93296206
198,331,NDN,PIM2,0.93273675
198,410,NDN,SMARCA2,0.9312707
198,429,NDN,GFI1B,0.93078935
198,34,NDN,MAML3,0.92962027
198,432,NDN,HDC,0.92608696
198,351,NDN,ERCC8,0.9250976
198,161,NDN,JARID2,0.92485726
198,609,NDN,UBA7,0.9244947
198,183,NDN,XAF1,0.9242245
198,200,NDN,IGTP,0.9242245
198,504,NDN,IFI44,0.9242245
198,209,NDN,ZBTB16,0.9221699
198,289,NDN,GT(ROSA)26SOR,0.9221393
198,255,NDN,CD74,0.91988814
198,150,NDN,SORT1,0.9180952
198,402,NDN,EIF1AD,0.9180918
198,440,NDN,TMEM97,0.9176097
198,464,NDN,ZNRF2,0.9176097
198,292,NDN,HDAC7,0.91638005
198,186,NDN,STT3B,0.91613716
198,73,NDN,RORC,0.9150501
198,475,NDN,BCL2,0.9140918
198,524,NDN,TBC1D10C,0.91361815
198,486,NDN,NFKBIA,0.9122593
198,439,NDN,DDX20,0.9120961
198,534,NDN,MORC3,0.9074844
198,210,NDN,PNO1,0.90534693
198,33,NDN,CSTF2,0.90453845
198,50,NDN,NFAT5,0.90423566
198,165,NDN,GTF2H1,0.9008237
198,82,NDN,RB1,0.9002703
198,590,NDN,IL12A,0.90012753
198,363,NDN,MYC,0.8996662
198,78,NDN,MECOM,0.89831257
198,177,NDN,RELB,0.8971245
198,67,NDN,HDAC2,0.8967284
198,216,NDN,CUL3,0.8961243
508,81,NDRG1,HDAC11,0.9250836
508,554,NDRG1,CDT1,0.92206335
508,410,NDRG1,SMARCA2,0.9206828
508,150,NDRG1,SORT1,0.919766
508,514,NDRG1,PAK1,0.919766
508,432,NDRG1,HDC,0.919751
508,0,NDRG1,OTUD6B,0.91971546
508,8,NDRG1,ATAD1,0.919706
508,128,NDRG1,APLP2,0.919706
508,136,NDRG1,TACC3,0.919706
508,396,NDRG1,RUVBL2,0.919706
508,519,NDRG1,AGPS,0.919706
508,595,NDRG1,CSF3R,0.919706
508,450,NDRG1,MAGED1,0.919634
508,524,NDRG1,TBC1D10C,0.9196206
508,34,NDRG1,MAML3,0.9187053
508,199,NDRG1,E2F4,0.9176056
508,331,NDRG1,PIM2,0.91542464
508,404,NDRG1,FTSJ3,0.9153777
508,209,NDRG1,ZBTB16,0.9137605
508,351,NDRG1,ERCC8,0.9131272
508,429,NDRG1,GFI1B,0.9130389
508,183,NDRG1,XAF1,0.91126215
508,200,NDRG1,IGTP,0.91126215
508,504,NDRG1,IFI44,0.91126215
508,609,NDRG1,UBA7,0.91126215
508,440,NDRG1,TMEM97,0.91019356
508,475,NDRG1,BCL2,0.90790457
508,292,NDRG1,HDAC7,0.90639305
508,255,NDRG1,CD74,0.9043453
508,289,NDRG1,GT(ROSA)26SOR,0.9043453
508,186,NDRG1,STT3B,0.9041575
508,464,NDRG1,ZNRF2,0.9033194
508,210,NDRG1,PNO1,0.90057766
508,137,NDRG1,MYCN,0.8999061
508,73,NDRG1,RORC,0.8993226
508,50,NDRG1,NFAT5,0.8926274
508,486,NDRG1,NFKBIA,0.89182293
508,402,NDRG1,EIF1AD,0.88912225
508,161,NDRG1,JARID2,0.8860226
508,82,NDRG1,RB1,0.88470775
508,33,NDRG1,CSTF2,0.88443744
508,590,NDRG1,IL12A,0.8830465
508,580,NDRG1,MLLT3,0.8816514
508,293,NDRG1,IRF7,0.87872267
508,177,NDRG1,RELB,0.87808144
508,67,NDRG1,HDAC2,0.8775735
508,78,NDRG1,MECOM,0.8775579
508,277,NDRG1,RTP4,0.87722737
508,57,NDRG1,OASL2,0.87721264
308,28,NEAT1,NFE2,0.8983655
308,357,NEAT1,MEIS1,0.89649427
308,78,NEAT1,MECOM,0.8962374
308,137,NEAT1,MYCN,0.89262396
308,277,NEAT1,RTP4,0.89194053
308,57,NEAT1,OASL2,0.8918977
308,183,NEAT1,XAF1,0.89110327
308,200,NEAT1,IGTP,0.89110327
308,504,NEAT1,IFI44,0.89110327
308,609,NEAT1,UBA7,0.89110327
308,410,NEAT1,SMARCA2,0.8899257
308,283,NEAT1,EGR1,0.8886568
308,518,NEAT1,PHF10,0.88764507
308,0,NEAT1,OTUD6B,0.8873572
308,8,NEAT1,ATAD1,0.8873572
308,150,NEAT1,SORT1,0.8873572
308,432,NEAT1,HDC,0.8873572
308,450,NEAT1,MAGED1,0.8873572
308,514,NEAT1,PAK1,0.8873572
308,519,NEAT1,AGPS,0.8873572
308,524,NEAT1,TBC1D10C,0.8873572
308,595,NEAT1,CSF3R,0.8873572
308,396,NEAT1,RUVBL2,0.8872829
308,136,NEAT1,TACC3,0.887242
308,81,NEAT1,HDAC11,0.88636285
308,198,NEAT1,NDN,0.88572943
308,404,NEAT1,FTSJ3,0.8855358
308,33,NEAT1,CSTF2,0.8854538
308,622,NEAT1,KRT18,0.88499695
308,263,NEAT1,JUN,0.884927
308,2,NEAT1,PPP1R15A,0.8849047
308,47,NEAT1,FGL2,0.8849047
308,140,NEAT1,ANXA3,0.8849047
308,146,NEAT1,SCARF1,0.8849047
308,194,NEAT1,GOLPH3,0.8849047
308,362,NEAT1,PTGS1,0.8849047
308,546,NEAT1,PROCR,0.8849047
308,441,NEAT1,EBF1,0.88483375
308,564,NEAT1,MFNG,0.88467485
308,128,NEAT1,APLP2,0.88435096
308,190,NEAT1,RAD51,0.8843264
308,553,NEAT1,DHFR,0.8843264
308,367,NEAT1,HCFC1,0.88415396
308,394,NEAT1,MAPK1,0.8838468
308,251,NEAT1,IRF6,0.8836629
308,34,NEAT1,MAML3,0.8834213
308,486,NEAT1,NFKBIA,0.88339585
308,554,NEAT1,CDT1,0.88287765
308,210,NEAT1,PNO1,0.8824361
308,232,NEAT1,ICAM1,0.8823246
40,28,NEURL3,NFE2,0.8983655
40,357,NEURL3,MEIS1,0.89649427
40,78,NEURL3,MECOM,0.8962374
40,137,NEURL3,MYCN,0.89262396
40,57,NEURL3,OASL2,0.89194083
40,277,NEURL3,RTP4,0.89194053
40,183,NEURL3,XAF1,0.89110327
40,200,NEURL3,IGTP,0.89110327
40,504,NEURL3,IFI44,0.89110327
40,609,NEURL3,UBA7,0.89110327
40,410,NEURL3,SMARCA2,0.8899257
40,283,NEURL3,EGR1,0.88864714
40,518,NEURL3,PHF10,0.8876873
40,0,NEURL3,OTUD6B,0.88736826
40,8,NEURL3,ATAD1,0.8873572
40,128,NEURL3,APLP2,0.8873572
40,136,NEURL3,TACC3,0.8873572
40,150,NEURL3,SORT1,0.8873572
40,396,NEURL3,RUVBL2,0.8873572
40,432,NEURL3,HDC,0.8873572
40,450,NEURL3,MAGED1,0.8873572
40,514,NEURL3,PAK1,0.8873572
40,519,NEURL3,AGPS,0.8873572
40,524,NEURL3,TBC1D10C,0.8873572
40,595,NEURL3,CSF3R,0.8873572
40,81,NEURL3,HDAC11,0.88636285
40,198,NEURL3,NDN,0.8857979
40,404,NEURL3,FTSJ3,0.8855358
40,33,NEURL3,CSTF2,0.8854538
40,362,NEURL3,PTGS1,0.88497007
40,263,NEURL3,JUN,0.8849518
40,2,NEURL3,PPP1R15A,0.8849047
40,47,NEURL3,FGL2,0.8849047
40,140,NEURL3,ANXA3,0.8849047
40,146,NEURL3,SCARF1,0.8849047
40,194,NEURL3,GOLPH3,0.8849047
40,441,NEURL3,EBF1,0.8849047
40,546,NEURL3,PROCR,0.8849047
40,622,NEURL3,KRT18,0.8849047
40,564,NEURL3,MFNG,0.88467485
40,553,NEURL3,DHFR,0.8843264
40,367,NEURL3,HCFC1,0.88415396
40,394,NEURL3,MAPK1,0.8838468
40,251,NEURL3,IRF6,0.8836629
40,34,NEURL3,MAML3,0.8834213
40,486,NEURL3,NFKBIA,0.88339585
40,554,NEURL3,CDT1,0.88287765
40,590,NEURL3,IL12A,0.88253915
40,210,NEURL3,PNO1,0.8824892
40,232,NEURL3,ICAM1,0.88227135
337,28,NFAM1,NFE2,0.8983655
337,357,NFAM1,MEIS1,0.89649427
337,78,NFAM1,MECOM,0.8962374
337,137,NFAM1,MYCN,0.89262396
337,277,NFAM1,RTP4,0.8919551
337,57,NFAM1,OASL2,0.8919372
337,504,NFAM1,IFI44,0.89128894
337,183,NFAM1,XAF1,0.89110327
337,200,NFAM1,IGTP,0.89110327
337,609,NFAM1,UBA7,0.89110327
337,34,NFAM1,MAML3,0.89054924
337,410,NFAM1,SMARCA2,0.8899257
337,283,NFAM1,EGR1,0.88864714
337,518,NFAM1,PHF10,0.88764507
337,441,NFAM1,EBF1,0.88756645
337,524,NFAM1,TBC1D10C,0.8874228
337,0,NFAM1,OTUD6B,0.8873572
337,8,NFAM1,ATAD1,0.8873572
337,128,NFAM1,APLP2,0.8873572
337,136,NFAM1,TACC3,0.8873572
337,150,NFAM1,SORT1,0.8873572
337,432,NFAM1,HDC,0.8873572
337,514,NFAM1,PAK1,0.8873572
337,519,NFAM1,AGPS,0.88726604
337,450,NFAM1,MAGED1,0.8865584
337,396,NFAM1,RUVBL2,0.88654757
337,81,NFAM1,HDAC11,0.88636285
337,198,NFAM1,NDN,0.8857979
337,33,NFAM1,CSTF2,0.8854538
337,622,NFAM1,KRT18,0.88494617
337,263,NFAM1,JUN,0.884927
337,2,NFAM1,PPP1R15A,0.8849047
337,47,NFAM1,FGL2,0.8849047
337,140,NFAM1,ANXA3,0.8849047
337,146,NFAM1,SCARF1,0.8849047
337,194,NFAM1,GOLPH3,0.8849047
337,546,NFAM1,PROCR,0.8849047
337,362,NFAM1,PTGS1,0.8848201
337,363,NFAM1,MYC,0.88436043
337,190,NFAM1,RAD51,0.8843264
337,553,NFAM1,DHFR,0.8843264
337,367,NFAM1,HCFC1,0.8839234
337,394,NFAM1,MAPK1,0.8838468
337,251,NFAM1,IRF6,0.8836092
337,486,NFAM1,NFKBIA,0.88339585
337,554,NFAM1,CDT1,0.88287765
337,590,NFAM1,IL12A,0.88253915
337,210,NFAM1,PNO1,0.8824361
337,232,NFAM1,ICAM1,0.88227135
337,429,NFAM1,GFI1B,0.8822198
50,81,NFAT5,HDAC11,0.9085964
50,396,NFAT5,RUVBL2,0.90317905
50,0,NFAT5,OTUD6B,0.9031048
50,8,NFAT5,ATAD1,0.9031048
50,136,NFAT5,TACC3,0.9031048
50,432,NFAT5,HDC,0.9031048
50,450,NFAT5,MAGED1,0.9031048
50,514,NFAT5,PAK1,0.9031048
50,519,NFAT5,AGPS,0.9031048
50,595,NFAT5,CSF3R,0.903104
50,128,NFAT5,APLP2,0.90304196
50,34,NFAT5,MAML3,0.8998974
50,554,NFAT5,CDT1,0.8998713
50,410,NFAT5,SMARCA2,0.89491904
50,209,NFAT5,ZBTB16,0.89416957
50,404,NFAT5,FTSJ3,0.8910241
50,150,NFAT5,SORT1,0.8907659
50,524,NFAT5,TBC1D10C,0.8868786
50,351,NFAT5,ERCC8,0.88687694
50,475,NFAT5,BCL2,0.8857304
50,429,NFAT5,GFI1B,0.88550365
50,331,NFAT5,PIM2,0.88514936
50,199,NFAT5,E2F4,0.8830073
50,186,NFAT5,STT3B,0.8798287
50,292,NFAT5,HDAC7,0.87982446
50,464,NFAT5,ZNRF2,0.8781552
50,440,NFAT5,TMEM97,0.8781275
50,161,NFAT5,JARID2,0.87811613
50,255,NFAT5,CD74,0.87559134
50,289,NFAT5,GT(ROSA)26SOR,0.87559134
50,73,NFAT5,RORC,0.8677806
50,183,NFAT5,XAF1,0.8578264
50,200,NFAT5,IGTP,0.8578264
50,504,NFAT5,IFI44,0.8578264
50,609,NFAT5,UBA7,0.8578264
50,402,NFAT5,EIF1AD,0.8571711
50,210,NFAT5,PNO1,0.8544133
50,486,NFAT5,NFKBIA,0.84899396
50,33,NFAT5,CSTF2,0.8484345
50,82,NFAT5,RB1,0.84639305
50,177,NFAT5,RELB,0.8452597
50,439,NFAT5,DDX20,0.8451146
50,28,NFAT5,NFE2,0.8383981
50,318,NFAT5,GANAB,0.8373973
50,363,NFAT5,MYC,0.83703023
50,137,NFAT5,MYCN,0.835113
50,590,NFAT5,IL12A,0.83457327
50,357,NFAT5,MEIS1,0.8344203
50,277,NFAT5,RTP4,0.83115864
50,57,NFAT5,OASL2,0.831022
482,78,NFATC2,MECOM,0.9190913
482,609,NFATC2,UBA7,0.91680557
482,410,NFATC2,SMARCA2,0.916076
482,183,NFATC2,XAF1,0.9159559
482,504,NFATC2,IFI44,0.9159415
482,200,NFATC2,IGTP,0.9159201
482,486,NFATC2,NFKBIA,0.9158616
482,33,NFATC2,CSTF2,0.91528296
482,277,NFATC2,RTP4,0.91515106
482,57,NFATC2,OASL2,0.9150892
482,367,NFATC2,HCFC1,0.9148823
482,177,NFATC2,RELB,0.9146273
482,357,NFATC2,MEIS1,0.9132262
482,28,NFATC2,NFE2,0.9132202
482,210,NFATC2,PNO1,0.9126613
482,518,NFATC2,PHF10,0.9123198
482,67,NFATC2,HDAC2,0.9120217
482,318,NFATC2,GANAB,0.91170156
482,440,NFATC2,TMEM97,0.91019845
482,464,NFATC2,ZNRF2,0.91019845
482,263,NFATC2,JUN,0.9097687
482,73,NFATC2,RORC,0.9091746
482,161,NFATC2,JARID2,0.9090682
482,429,NFATC2,GFI1B,0.9089924
482,554,NFATC2,CDT1,0.90892696
482,8,NFATC2,ATAD1,0.90887904
482,50,NFATC2,NFAT5,0.908769
482,404,NFATC2,FTSJ3,0.90845305
482,251,NFATC2,IRF6,0.9083651
482,426,NFATC2,PRPF4,0.9076822
482,363,NFATC2,MYC,0.9072484
482,590,NFATC2,IL12A,0.9071839
482,488,NFATC2,FGFR1OP,0.9068906
482,0,NFATC2,OTUD6B,0.90601003
482,128,NFATC2,APLP2,0.90601003
482,136,NFATC2,TACC3,0.90601003
482,150,NFATC2,SORT1,0.90601003
482,396,NFATC2,RUVBL2,0.90601003
482,432,NFATC2,HDC,0.90601003
482,450,NFATC2,MAGED1,0.90601003
482,514,NFATC2,PAK1,0.90601003
482,524,NFATC2,TBC1D10C,0.90601003
482,595,NFATC2,CSF3R,0.90601003
482,519,NFATC2,AGPS,0.9059997
482,255,NFATC2,CD74,0.90578336
482,289,NFATC2,GT(ROSA)26SOR,0.90578336
482,81,NFATC2,HDAC11,0.90446615
482,331,NFATC2,PIM2,0.9038713
482,283,NFATC2,EGR1,0.90309983
482,485,NFATC2,ABL1,0.9029763
28,81,NFE2,HDAC11,0.9216438
28,34,NFE2,MAML3,0.9196335
28,554,NFE2,CDT1,0.9163827
28,514,NFE2,PAK1,0.9134161
28,0,NFE2,OTUD6B,0.9133095
28,8,NFE2,ATAD1,0.9133095
28,128,NFE2,APLP2,0.9133095
28,136,NFE2,TACC3,0.9133095
28,150,NFE2,SORT1,0.9133095
28,432,NFE2,HDC,0.9133095
28,450,NFE2,MAGED1,0.9133095
28,519,NFE2,AGPS,0.9133095
28,524,NFE2,TBC1D10C,0.9133095
28,396,NFE2,RUVBL2,0.9132104
28,595,NFE2,CSF3R,0.9130553
28,209,NFE2,ZBTB16,0.9128236
28,404,NFE2,FTSJ3,0.9104654
28,331,NFE2,PIM2,0.9103327
28,351,NFE2,ERCC8,0.9071149
28,199,NFE2,E2F4,0.90696657
28,292,NFE2,HDAC7,0.9063007
28,429,NFE2,GFI1B,0.9020172
28,410,NFE2,SMARCA2,0.8946266
28,161,NFE2,JARID2,0.8934278
28,439,NFE2,DDX20,0.8923493
28,255,NFE2,CD74,0.88954633
28,289,NFE2,GT(ROSA)26SOR,0.88954324
28,186,NFE2,STT3B,0.8866465
28,440,NFE2,TMEM97,0.88618314
28,464,NFE2,ZNRF2,0.88618314
28,82,NFE2,RB1,0.88506156
28,183,NFE2,XAF1,0.8833677
28,537,NFE2,TXNDC11,0.8808897
28,402,NFE2,EIF1AD,0.880614
28,210,NFE2,PNO1,0.8794114
28,200,NFE2,IGTP,0.87922055
28,609,NFE2,UBA7,0.87922055
28,504,NFE2,IFI44,0.87883866
28,486,NFE2,NFKBIA,0.87655056
28,50,NFE2,NFAT5,0.87278193
28,475,NFE2,BCL2,0.8717759
28,33,NFE2,CSTF2,0.8679761
28,73,NFE2,RORC,0.8679031
28,534,NFE2,MORC3,0.86609036
28,206,NFE2,ZDHHC6,0.86277646
28,137,NFE2,MYCN,0.8554485
28,363,NFE2,MYC,0.85539657
28,91,NFE2,FCHO2,0.8540567
28,590,NFE2,IL12A,0.85308826
28,177,NFE2,RELB,0.85292345
562,595,NFIA,CSF3R,0.901884
562,28,NFIA,NFE2,0.89827967
562,357,NFIA,MEIS1,0.89649427
562,78,NFIA,MECOM,0.8962374
562,362,NFIA,PTGS1,0.8935833
562,137,NFIA,MYCN,0.89262396
562,57,NFIA,OASL2,0.89194083
562,277,NFIA,RTP4,0.89194053
562,183,NFIA,XAF1,0.89110327
562,200,NFIA,IGTP,0.89110327
562,504,NFIA,IFI44,0.89110327
562,609,NFIA,UBA7,0.89110327
562,410,NFIA,SMARCA2,0.8899257
562,432,NFIA,HDC,0.8873755
562,8,NFIA,ATAD1,0.8873572
562,128,NFIA,APLP2,0.8873572
562,136,NFIA,TACC3,0.8873572
562,150,NFIA,SORT1,0.8873572
562,514,NFIA,PAK1,0.8873572
562,524,NFIA,TBC1D10C,0.8873572
562,396,NFIA,RUVBL2,0.88726604
562,450,NFIA,MAGED1,0.8872543
562,0,NFIA,OTUD6B,0.88720065
562,519,NFIA,AGPS,0.8865584
562,283,NFIA,EGR1,0.8865094
562,33,NFIA,CSTF2,0.8863679
562,198,NFIA,NDN,0.8857979
562,404,NFIA,FTSJ3,0.8855358
562,263,NFIA,JUN,0.8849187
562,2,NFIA,PPP1R15A,0.8849047
562,47,NFIA,FGL2,0.8849047
562,146,NFIA,SCARF1,0.8849047
562,194,NFIA,GOLPH3,0.8849047
562,441,NFIA,EBF1,0.8849047
562,546,NFIA,PROCR,0.8849047
562,622,NFIA,KRT18,0.8849047
562,140,NFIA,ANXA3,0.8848948
562,564,NFIA,MFNG,0.88467485
562,190,NFIA,RAD51,0.8843264
562,553,NFIA,DHFR,0.8843264
562,367,NFIA,HCFC1,0.88415396
562,394,NFIA,MAPK1,0.8838468
562,251,NFIA,IRF6,0.8836629
562,34,NFIA,MAML3,0.8834213
562,486,NFIA,NFKBIA,0.88339585
562,554,NFIA,CDT1,0.88287765
562,590,NFIA,IL12A,0.88253915
562,210,NFIA,PNO1,0.8824361
562,232,NFIA,ICAM1,0.8822901
562,440,NFIA,TMEM97,0.8819445
486,34,NFKBIA,MAML3,0.92584646
486,292,NFKBIA,HDAC7,0.9188816
486,81,NFKBIA,HDAC11,0.91832554
486,209,NFKBIA,ZBTB16,0.91396505
486,439,NFKBIA,DDX20,0.90880656
486,475,NFKBIA,BCL2,0.9051214
486,8,NFKBIA,ATAD1,0.90491056
486,0,NFKBIA,OTUD6B,0.9032834
486,128,NFKBIA,APLP2,0.9032834
486,136,NFKBIA,TACC3,0.9032834
486,150,NFKBIA,SORT1,0.9032834
486,396,NFKBIA,RUVBL2,0.9032834
486,432,NFKBIA,HDC,0.9032834
486,450,NFKBIA,MAGED1,0.9032834
486,514,NFKBIA,PAK1,0.9032834
486,524,NFKBIA,TBC1D10C,0.9032834
486,519,NFKBIA,AGPS,0.9032708
486,186,NFKBIA,STT3B,0.9022525
486,404,NFKBIA,FTSJ3,0.8997443
486,82,NFKBIA,RB1,0.89635277
486,554,NFKBIA,CDT1,0.89619035
486,351,NFKBIA,ERCC8,0.89549285
486,331,NFKBIA,PIM2,0.8941895
486,410,NFKBIA,SMARCA2,0.8902967
486,199,NFKBIA,E2F4,0.88220984
486,429,NFKBIA,GFI1B,0.8798839
486,206,NFKBIA,ZDHHC6,0.87772846
486,91,NFKBIA,FCHO2,0.87261486
486,537,NFKBIA,TXNDC11,0.87251145
486,161,NFKBIA,JARID2,0.8701296
486,611,NFKBIA,ZEB2,0.8690691
486,534,NFKBIA,MORC3,0.86702836
486,255,NFKBIA,CD74,0.86599314
486,289,NFKBIA,GT(ROSA)26SOR,0.86599314
486,595,NFKBIA,CSF3R,0.86333615
486,440,NFKBIA,TMEM97,0.86047727
486,464,NFKBIA,ZNRF2,0.86047727
486,402,NFKBIA,EIF1AD,0.8553296
486,73,NFKBIA,RORC,0.8507597
486,210,NFKBIA,PNO1,0.8457182
486,50,NFKBIA,NFAT5,0.8437324
486,183,NFKBIA,XAF1,0.83643764
486,504,NFKBIA,IFI44,0.836398
486,200,NFKBIA,IGTP,0.83634293
486,33,NFKBIA,CSTF2,0.83331084
486,609,NFKBIA,UBA7,0.8327821
486,621,NFKBIA,SNRPB,0.82460773
486,226,NFKBIA,POLR2B,0.82445174
486,216,NFKBIA,CUL3,0.8189244
486,177,NFKBIA,RELB,0.81656545
325,28,NKG7,NFE2,0.8982563
325,78,NKG7,MECOM,0.89770085
325,357,NKG7,MEIS1,0.8963643
325,81,NKG7,HDAC11,0.895449
325,137,NKG7,MYCN,0.8926082
325,57,NKG7,OASL2,0.89184815
325,277,NKG7,RTP4,0.8918139
325,200,NKG7,IGTP,0.890974
325,504,NKG7,IFI44,0.890974
325,609,NKG7,UBA7,0.890974
325,183,NKG7,XAF1,0.8909014
325,410,NKG7,SMARCA2,0.889896
325,73,NKG7,RORC,0.8894697
325,283,NKG7,EGR1,0.8885197
325,518,NKG7,PHF10,0.88762647
325,0,NKG7,OTUD6B,0.88752127
325,362,NKG7,PTGS1,0.8874071
325,8,NKG7,ATAD1,0.88740355
325,128,NKG7,APLP2,0.88740355
325,136,NKG7,TACC3,0.88740355
325,150,NKG7,SORT1,0.88740355
325,396,NKG7,RUVBL2,0.88740355
325,450,NKG7,MAGED1,0.88740355
325,519,NKG7,AGPS,0.88740355
325,595,NKG7,CSF3R,0.88740355
325,524,NKG7,TBC1D10C,0.88730067
325,404,NKG7,FTSJ3,0.8855729
325,198,NKG7,NDN,0.88555187
325,33,NKG7,CSTF2,0.88544756
325,140,NKG7,ANXA3,0.88486373
325,47,NKG7,FGL2,0.8848093
325,263,NKG7,JUN,0.8847856
325,2,NKG7,PPP1R15A,0.88476765
325,194,NKG7,GOLPH3,0.88476765
325,441,NKG7,EBF1,0.88476765
325,546,NKG7,PROCR,0.88476765
325,622,NKG7,KRT18,0.88476765
325,564,NKG7,MFNG,0.88465196
325,367,NKG7,HCFC1,0.8841359
325,190,NKG7,RAD51,0.88408625
325,553,NKG7,DHFR,0.88408625
325,394,NKG7,MAPK1,0.88370746
325,34,NKG7,MAML3,0.88357025
325,251,NKG7,IRF6,0.8835134
325,486,NKG7,NFKBIA,0.8833872
325,554,NKG7,CDT1,0.8829333
325,210,NKG7,PNO1,0.8825227
325,590,NKG7,IL12A,0.8825187
325,232,NKG7,ICAM1,0.8822519
325,440,NKG7,TMEM97,0.88202137
274,34,NOP2,MAML3,0.9311936
274,81,NOP2,HDAC11,0.92746556
274,292,NOP2,HDAC7,0.92357713
274,450,NOP2,MAGED1,0.9191526
274,554,NOP2,CDT1,0.91866666
274,514,NOP2,PAK1,0.9151904
274,396,NOP2,RUVBL2,0.9151228
274,439,NOP2,DDX20,0.9151173
274,0,NOP2,OTUD6B,0.91510296
274,8,NOP2,ATAD1,0.91510296
274,128,NOP2,APLP2,0.91510296
274,136,NOP2,TACC3,0.91510296
274,150,NOP2,SORT1,0.91510296
274,519,NOP2,AGPS,0.91510296
274,524,NOP2,TBC1D10C,0.91510296
274,432,NOP2,HDC,0.91505665
274,475,NOP2,BCL2,0.914898
274,404,NOP2,FTSJ3,0.9143234
274,186,NOP2,STT3B,0.9142652
274,209,NOP2,ZBTB16,0.913469
274,331,NOP2,PIM2,0.9130252
274,351,NOP2,ERCC8,0.91202587
274,199,NOP2,E2F4,0.90789616
274,410,NOP2,SMARCA2,0.9072357
274,82,NOP2,RB1,0.905874
274,429,NOP2,GFI1B,0.90340143
274,161,NOP2,JARID2,0.8926426
274,595,NOP2,CSF3R,0.89134556
274,255,NOP2,CD74,0.8875193
274,289,NOP2,GT(ROSA)26SOR,0.8875193
274,440,NOP2,TMEM97,0.8862069
274,464,NOP2,ZNRF2,0.8862069
274,206,NOP2,ZDHHC6,0.8860243
274,402,NOP2,EIF1AD,0.8834676
274,183,NOP2,XAF1,0.8781958
274,200,NOP2,IGTP,0.8781958
274,504,NOP2,IFI44,0.8781958
274,609,NOP2,UBA7,0.8781958
274,91,NOP2,FCHO2,0.87738776
274,537,NOP2,TXNDC11,0.87738776
274,611,NOP2,ZEB2,0.87738776
274,210,NOP2,PNO1,0.8745223
274,486,NOP2,NFKBIA,0.8729383
274,50,NOP2,NFAT5,0.86977917
274,73,NOP2,RORC,0.867055
274,534,NOP2,MORC3,0.86588883
274,137,NOP2,MYCN,0.8629839
274,33,NOP2,CSTF2,0.85965127
274,590,NOP2,IL12A,0.85382986
274,363,NOP2,MYC,0.85277647
435,210,NR3C2,PNO1,0.9341554
435,404,NR3C2,FTSJ3,0.93270016
435,410,NR3C2,SMARCA2,0.9306672
435,67,NR3C2,HDAC2,0.9304262
435,137,NR3C2,MYCN,0.93016297
435,440,NR3C2,TMEM97,0.9292002
435,464,NR3C2,ZNRF2,0.9292002
435,554,NR3C2,CDT1,0.928789
435,199,NR3C2,E2F4,0.92870104
435,429,NR3C2,GFI1B,0.9284657
435,161,NR3C2,JARID2,0.9277167
435,81,NR3C2,HDAC11,0.92700714
435,73,NR3C2,RORC,0.92643976
435,33,NR3C2,CSTF2,0.9244082
435,255,NR3C2,CD74,0.92435986
435,289,NR3C2,GT(ROSA)26SOR,0.92435986
435,165,NR3C2,GTF2H1,0.92411363
435,518,NR3C2,PHF10,0.92403525
435,486,NR3C2,NFKBIA,0.92389745
435,136,NR3C2,TACC3,0.9234537
435,0,NR3C2,OTUD6B,0.9234259
435,8,NR3C2,ATAD1,0.9234259
435,128,NR3C2,APLP2,0.9234259
435,150,NR3C2,SORT1,0.9234259
435,396,NR3C2,RUVBL2,0.9234259
435,432,NR3C2,HDC,0.9234259
435,450,NR3C2,MAGED1,0.9234259
435,519,NR3C2,AGPS,0.9234259
435,524,NR3C2,TBC1D10C,0.9234259
435,595,NR3C2,CSF3R,0.9234259
435,514,NR3C2,PAK1,0.923417
435,177,NR3C2,RELB,0.92336595
435,78,NR3C2,MECOM,0.92307985
435,34,NR3C2,MAML3,0.92231244
435,318,NR3C2,GANAB,0.9222634
435,331,NR3C2,PIM2,0.92190176
435,367,NR3C2,HCFC1,0.92185605
435,488,NR3C2,FGFR1OP,0.92122173
435,200,NR3C2,IGTP,0.9193107
435,183,NR3C2,XAF1,0.91905254
435,504,NR3C2,IFI44,0.91905254
435,609,NR3C2,UBA7,0.91905254
435,277,NR3C2,RTP4,0.9181873
435,57,NR3C2,OASL2,0.9181861
435,50,NR3C2,NFAT5,0.91801316
435,363,NR3C2,MYC,0.91793114
435,426,NR3C2,PRPF4,0.9168177
435,28,NR3C2,NFE2,0.9157757
435,357,NR3C2,MEIS1,0.91526484
435,351,NR3C2,ERCC8,0.91494405
193,28,NSD2,NFE2,0.89833105
193,357,NSD2,MEIS1,0.89648044
193,78,NSD2,MECOM,0.89625806
193,137,NSD2,MYCN,0.89262396
193,595,NSD2,CSF3R,0.89204526
193,57,NSD2,OASL2,0.89194083
193,277,NSD2,RTP4,0.89194053
193,161,NSD2,JARID2,0.8915944
193,200,NSD2,IGTP,0.8911102
193,183,NSD2,XAF1,0.89110327
193,609,NSD2,UBA7,0.89110327
193,553,NSD2,DHFR,0.8905207
193,410,NSD2,SMARCA2,0.8899257
193,283,NSD2,EGR1,0.88865834
193,518,NSD2,PHF10,0.88764507
193,0,NSD2,OTUD6B,0.8874749
193,8,NSD2,ATAD1,0.8873572
193,128,NSD2,APLP2,0.8873572
193,136,NSD2,TACC3,0.8873572
193,150,NSD2,SORT1,0.8873572
193,396,NSD2,RUVBL2,0.8873572
193,432,NSD2,HDC,0.8873572
193,514,NSD2,PAK1,0.8873572
193,519,NSD2,AGPS,0.8873572
193,524,NSD2,TBC1D10C,0.8873572
193,450,NSD2,MAGED1,0.88726604
193,79,NSD2,STAT2,0.8867377
193,81,NSD2,HDAC11,0.88636285
193,198,NSD2,NDN,0.8857979
193,33,NSD2,CSTF2,0.8854538
193,564,NSD2,MFNG,0.8853631
193,622,NSD2,KRT18,0.88500047
193,263,NSD2,JUN,0.88493216
193,47,NSD2,FGL2,0.8849047
193,140,NSD2,ANXA3,0.8849047
193,146,NSD2,SCARF1,0.8849047
193,194,NSD2,GOLPH3,0.8849047
193,362,NSD2,PTGS1,0.8849047
193,441,NSD2,EBF1,0.8849047
193,546,NSD2,PROCR,0.8849047
193,2,NSD2,PPP1R15A,0.88483375
193,190,NSD2,RAD51,0.8843264
193,367,NSD2,HCFC1,0.88415396
193,251,NSD2,IRF6,0.8838897
193,394,NSD2,MAPK1,0.8838468
193,34,NSD2,MAML3,0.8834213
193,486,NSD2,NFKBIA,0.88339585
193,554,NSD2,CDT1,0.88287765
193,590,NSD2,IL12A,0.88245887
193,210,NSD2,PNO1,0.8824361
545,28,NUDT19,NFE2,0.89835584
545,357,NUDT19,MEIS1,0.89649427
545,78,NUDT19,MECOM,0.8962054
545,137,NUDT19,MYCN,0.89261544
545,277,NUDT19,RTP4,0.8920464
545,57,NUDT19,OASL2,0.89194083
545,183,NUDT19,XAF1,0.89110327
545,200,NUDT19,IGTP,0.89110327
545,504,NUDT19,IFI44,0.89110327
545,410,NUDT19,SMARCA2,0.8899257
545,283,NUDT19,EGR1,0.88864714
545,8,NUDT19,ATAD1,0.88736963
545,0,NUDT19,OTUD6B,0.8873572
545,136,NUDT19,TACC3,0.8873572
545,150,NUDT19,SORT1,0.8873572
545,432,NUDT19,HDC,0.8873572
545,450,NUDT19,MAGED1,0.8873572
545,514,NUDT19,PAK1,0.8873572
545,595,NUDT19,CSF3R,0.8873572
545,519,NUDT19,AGPS,0.8873564
545,128,NUDT19,APLP2,0.8872954
545,81,NUDT19,HDAC11,0.88636285
545,198,NUDT19,NDN,0.8857979
545,404,NUDT19,FTSJ3,0.8855358
545,33,NUDT19,CSTF2,0.8854538
545,362,NUDT19,PTGS1,0.88500655
545,263,NUDT19,JUN,0.884927
545,622,NUDT19,KRT18,0.88491666
545,47,NUDT19,FGL2,0.8849047
545,140,NUDT19,ANXA3,0.8849047
545,146,NUDT19,SCARF1,0.8849047
545,194,NUDT19,GOLPH3,0.8849047
545,441,NUDT19,EBF1,0.8849047
545,546,NUDT19,PROCR,0.8849047
545,564,NUDT19,MFNG,0.88467485
545,190,NUDT19,RAD51,0.8843264
545,553,NUDT19,DHFR,0.8843264
545,367,NUDT19,HCFC1,0.88415396
545,518,NUDT19,PHF10,0.88394666
545,394,NUDT19,MAPK1,0.8838468
545,524,NUDT19,TBC1D10C,0.8838286
545,251,NUDT19,IRF6,0.8836629
545,34,NUDT19,MAML3,0.8834213
545,486,NUDT19,NFKBIA,0.88339585
545,554,NUDT19,CDT1,0.88287765
545,590,NUDT19,IL12A,0.88253915
545,2,NUDT19,PPP1R15A,0.8823133
545,232,NUDT19,ICAM1,0.88227135
545,440,NUDT19,TMEM97,0.8819445
545,464,NUDT19,ZNRF2,0.8818475
259,189,NUP107,MCM5,0.96089
259,299,NUP107,ORC2,0.95944107
259,290,NUP107,POLD1,0.9587132
259,21,NUP107,RRM1,0.9582837
259,74,NUP107,TOP2A,0.9562897
259,86,NUP107,RANGAP1,0.9561452
259,226,NUP107,POLR2B,0.9560541
259,279,NUP107,AURKB,0.95485365
259,91,NUP107,FCHO2,0.9546737
259,537,NUP107,TXNDC11,0.9546114
259,611,NUP107,ZEB2,0.9546114
259,345,NUP107,UHRF1,0.9531528
259,439,NUP107,DDX20,0.9529399
259,500,NUP107,MCM3,0.9522425
259,118,NUP107,MIS12,0.95162976
259,204,NUP107,MCM2,0.9500138
259,323,NUP107,MCM4,0.95001274
259,497,NUP107,TYMS,0.94991994
259,399,NUP107,RRM2,0.9497689
259,561,NUP107,MCM7,0.9486686
259,350,NUP107,MCM6,0.948204
259,297,NUP107,LIG1,0.94796
259,273,NUP107,FIGNL1,0.94764304
259,82,NUP107,RB1,0.9463458
259,42,NUP107,HMGB2,0.94632286
259,266,NUP107,MSH6,0.9461972
259,292,NUP107,HDAC7,0.9461318
259,411,NUP107,CDC45,0.9460376
259,620,NUP107,TIPIN,0.94461995
259,182,NUP107,RPA1,0.9445065
259,53,NUP107,ORC6,0.9445055
259,30,NUP107,PBK,0.94442123
259,478,NUP107,MKI67,0.9442385
259,102,NUP107,PRIM1,0.9437673
259,610,NUP107,PRIM2,0.94360703
259,246,NUP107,TK1,0.94345176
259,240,NUP107,RPA2,0.94234085
259,407,NUP107,CDC7,0.941115
259,230,NUP107,TOP3B,0.9407375
259,510,NUP107,XRCC6,0.94002885
259,414,NUP107,CENPK,0.9360888
259,68,NUP107,MIS18BP1,0.9355611
259,361,NUP107,CCNB2,0.9343886
259,430,NUP107,SEH1L,0.9340446
259,34,NUP107,MAML3,0.9310145
259,206,NUP107,ZDHHC6,0.92821014
259,475,NUP107,BCL2,0.9159443
259,534,NUP107,MORC3,0.91339684
259,209,NUP107,ZBTB16,0.89935607
259,81,NUP107,HDAC11,0.89800763
377,554,NUPR1,CDT1,0.92747265
377,81,NUPR1,HDAC11,0.9251052
377,410,NUPR1,SMARCA2,0.9206828
377,136,NUPR1,TACC3,0.91978556
377,0,NUPR1,OTUD6B,0.919706
377,8,NUPR1,ATAD1,0.919706
377,128,NUPR1,APLP2,0.919706
377,396,NUPR1,RUVBL2,0.919706
377,432,NUPR1,HDC,0.919706
377,450,NUPR1,MAGED1,0.919706
377,514,NUPR1,PAK1,0.919706
377,524,NUPR1,TBC1D10C,0.919706
377,595,NUPR1,CSF3R,0.919706
377,150,NUPR1,SORT1,0.9196705
377,519,NUPR1,AGPS,0.91963583
377,34,NUPR1,MAML3,0.9187053
377,199,NUPR1,E2F4,0.9174914
377,331,NUPR1,PIM2,0.9154584
377,404,NUPR1,FTSJ3,0.9153777
377,209,NUPR1,ZBTB16,0.91371775
377,351,NUPR1,ERCC8,0.9131272
377,429,NUPR1,GFI1B,0.9130389
377,200,NUPR1,IGTP,0.91126215
377,504,NUPR1,IFI44,0.91126215
377,609,NUPR1,UBA7,0.91126215
377,475,NUPR1,BCL2,0.9079023
377,161,NUPR1,JARID2,0.9067292
377,292,NUPR1,HDAC7,0.90639305
377,255,NUPR1,CD74,0.9043453
377,289,NUPR1,GT(ROSA)26SOR,0.9043453
377,186,NUPR1,STT3B,0.9041575
377,464,NUPR1,ZNRF2,0.90355927
377,440,NUPR1,TMEM97,0.9033778
377,210,NUPR1,PNO1,0.90057874
377,137,NUPR1,MYCN,0.8999061
377,73,NUPR1,RORC,0.8993226
377,439,NUPR1,DDX20,0.8926979
377,50,NUPR1,NFAT5,0.8926839
377,486,NUPR1,NFKBIA,0.89182293
377,183,NUPR1,XAF1,0.8914964
377,402,NUPR1,EIF1AD,0.88912225
377,33,NUPR1,CSTF2,0.8850396
377,82,NUPR1,RB1,0.8847107
377,590,NUPR1,IL12A,0.8831671
377,293,NUPR1,IRF7,0.87872267
377,177,NUPR1,RELB,0.87793475
377,67,NUPR1,HDAC2,0.8775735
377,78,NUPR1,MECOM,0.8775579
377,277,NUPR1,RTP4,0.8772166
377,57,NUPR1,OASL2,0.87721264
57,81,OASL2,HDAC11,0.9239205
57,554,OASL2,CDT1,0.9233818
57,410,OASL2,SMARCA2,0.922636
57,150,OASL2,SORT1,0.9199926
57,432,OASL2,HDC,0.91993433
57,0,OASL2,OTUD6B,0.9199179
57,8,OASL2,ATAD1,0.9199179
57,128,OASL2,APLP2,0.9199179
57,136,OASL2,TACC3,0.9199179
57,450,OASL2,MAGED1,0.9199179
57,514,OASL2,PAK1,0.9199179
57,519,OASL2,AGPS,0.9199179
57,595,OASL2,CSF3R,0.9199179
57,199,OASL2,E2F4,0.91915125
57,331,OASL2,PIM2,0.9170855
57,404,OASL2,FTSJ3,0.9167998
57,429,OASL2,GFI1B,0.9163155
57,183,OASL2,XAF1,0.914408
57,200,OASL2,IGTP,0.914408
57,504,OASL2,IFI44,0.914408
57,609,OASL2,UBA7,0.914408
57,34,OASL2,MAML3,0.91331
57,524,OASL2,TBC1D10C,0.9125713
57,351,OASL2,ERCC8,0.91101825
57,161,OASL2,JARID2,0.91014844
57,209,OASL2,ZBTB16,0.909356
57,255,OASL2,CD74,0.9069327
57,289,OASL2,GT(ROSA)26SOR,0.9068667
57,440,OASL2,TMEM97,0.9053568
57,464,OASL2,ZNRF2,0.9053568
57,73,OASL2,RORC,0.9031119
57,210,OASL2,PNO1,0.9028707
57,396,OASL2,RUVBL2,0.90145206
57,475,OASL2,BCL2,0.90142626
57,137,OASL2,MYCN,0.90125716
57,186,OASL2,STT3B,0.89963037
57,50,OASL2,NFAT5,0.89591825
57,486,OASL2,NFKBIA,0.8958381
57,402,OASL2,EIF1AD,0.89171326
57,33,OASL2,CSTF2,0.88918334
57,439,OASL2,DDX20,0.8856077
57,590,OASL2,IL12A,0.884764
57,67,OASL2,HDAC2,0.8835648
57,580,OASL2,MLLT3,0.88318205
57,177,OASL2,RELB,0.8828273
57,277,OASL2,RTP4,0.88158804
57,363,OASL2,MYC,0.88037544
57,318,OASL2,GANAB,0.880356
57,357,OASL2,MEIS1,0.8791822
57,78,OASL2,MECOM,0.8787209
299,189,ORC2,MCM5,0.9686082
299,290,ORC2,POLD1,0.9658779
299,21,ORC2,RRM1,0.9652677
299,279,ORC2,AURKB,0.96429217
299,345,ORC2,UHRF1,0.9642365
299,246,ORC2,TK1,0.9637566
299,500,ORC2,MCM3,0.96317136
299,74,ORC2,TOP2A,0.9624449
299,204,ORC2,MCM2,0.9615857
299,323,ORC2,MCM4,0.9613609
299,399,ORC2,RRM2,0.9612833
299,497,ORC2,TYMS,0.9611735
299,561,ORC2,MCM7,0.9609566
299,86,ORC2,RANGAP1,0.96036077
299,350,ORC2,MCM6,0.96023387
299,297,ORC2,LIG1,0.9598055
299,226,ORC2,POLR2B,0.95967156
299,273,ORC2,FIGNL1,0.9596061
299,240,ORC2,RPA2,0.9594998
299,230,ORC2,TOP3B,0.9590419
299,266,ORC2,MSH6,0.95882934
299,42,ORC2,HMGB2,0.9587039
299,411,ORC2,CDC45,0.9583991
299,182,ORC2,RPA1,0.95811266
299,53,ORC2,ORC6,0.9581121
299,620,ORC2,TIPIN,0.957885
299,478,ORC2,MKI67,0.9578304
299,30,ORC2,PBK,0.9576467
299,610,ORC2,PRIM2,0.9574471
299,102,ORC2,PRIM1,0.95739084
299,510,ORC2,XRCC6,0.9570702
299,68,ORC2,MIS18BP1,0.95449156
299,259,ORC2,NUP107,0.9544591
299,430,ORC2,SEH1L,0.9544591
299,407,ORC2,CDC7,0.9543787
299,414,ORC2,CENPK,0.9535205
299,91,ORC2,FCHO2,0.95347357
299,537,ORC2,TXNDC11,0.95347357
299,361,ORC2,CCNB2,0.9512591
299,439,ORC2,DDX20,0.94562924
299,292,ORC2,HDAC7,0.9411523
299,82,ORC2,RB1,0.94076365
299,621,ORC2,SNRPB,0.937765
299,611,ORC2,ZEB2,0.9375985
299,206,ORC2,ZDHHC6,0.9270813
299,118,ORC2,MIS12,0.9253684
299,534,ORC2,MORC3,0.9186394
299,34,ORC2,MAML3,0.91691333
299,514,ORC2,PAK1,0.9122037
299,475,ORC2,BCL2,0.8979904
53,189,ORC6,MCM5,0.97223973
53,290,ORC6,POLD1,0.97060615
53,279,ORC6,AURKB,0.9704723
53,299,ORC6,ORC2,0.9703662
53,21,ORC6,RRM1,0.97006184
53,345,ORC6,UHRF1,0.9696322
53,246,ORC6,TK1,0.9688474
53,500,ORC6,MCM3,0.9688237
53,74,ORC6,TOP2A,0.9684691
53,204,ORC6,MCM2,0.9683479
53,240,ORC6,RPA2,0.9680474
53,399,ORC6,RRM2,0.96796966
53,323,ORC6,MCM4,0.96784705
53,561,ORC6,MCM7,0.96767086
53,497,ORC6,TYMS,0.9675355
53,273,ORC6,FIGNL1,0.9669576
53,297,ORC6,LIG1,0.9667787
53,42,ORC6,HMGB2,0.9664642
53,411,ORC6,CDC45,0.9662498
53,266,ORC6,MSH6,0.96616036
53,610,ORC6,PRIM2,0.96593064
53,30,ORC6,PBK,0.96584785
53,620,ORC6,TIPIN,0.9658107
53,478,ORC6,MKI67,0.9655519
53,230,ORC6,TOP3B,0.9654921
53,182,ORC6,RPA1,0.9654389
53,102,ORC6,PRIM1,0.96542305
53,510,ORC6,XRCC6,0.96452457
53,407,ORC6,CDC7,0.964328
53,259,ORC6,NUP107,0.96374035
53,68,ORC6,MIS18BP1,0.9637388
53,430,ORC6,SEH1L,0.96373135
53,414,ORC6,CENPK,0.9636251
53,226,ORC6,POLR2B,0.96302927
53,350,ORC6,MCM6,0.9625779
53,361,ORC6,CCNB2,0.96152693
53,86,ORC6,RANGAP1,0.9599249
53,611,ORC6,ZEB2,0.95169026
53,91,ORC6,FCHO2,0.9516811
53,537,ORC6,TXNDC11,0.9515104
53,118,ORC6,MIS12,0.95023465
53,439,ORC6,DDX20,0.9432447
53,82,ORC6,RB1,0.9369682
53,292,ORC6,HDAC7,0.9321146
53,621,ORC6,SNRPB,0.92190236
53,534,ORC6,MORC3,0.9148521
53,206,ORC6,ZDHHC6,0.91261446
53,34,ORC6,MAML3,0.91113484
53,475,ORC6,BCL2,0.88991064
53,81,ORC6,HDAC11,0.8745941
13,28,OSBPL1A,NFE2,0.8983655
13,357,OSBPL1A,MEIS1,0.89649427
13,78,OSBPL1A,MECOM,0.8962748
13,137,OSBPL1A,MYCN,0.892938
13,57,OSBPL1A,OASL2,0.89194083
13,277,OSBPL1A,RTP4,0.89194053
13,609,OSBPL1A,UBA7,0.89113456
13,183,OSBPL1A,XAF1,0.89110327
13,200,OSBPL1A,IGTP,0.89110327
13,504,OSBPL1A,IFI44,0.89110327
13,410,OSBPL1A,SMARCA2,0.8899257
13,283,OSBPL1A,EGR1,0.88864714
13,518,OSBPL1A,PHF10,0.88764507
13,0,OSBPL1A,OTUD6B,0.8873572
13,8,OSBPL1A,ATAD1,0.8873572
13,128,OSBPL1A,APLP2,0.8873572
13,136,OSBPL1A,TACC3,0.8873572
13,150,OSBPL1A,SORT1,0.8873572
13,396,OSBPL1A,RUVBL2,0.8873572
13,432,OSBPL1A,HDC,0.8873572
13,450,OSBPL1A,MAGED1,0.8873572
13,514,OSBPL1A,PAK1,0.8873572
13,519,OSBPL1A,AGPS,0.8873572
13,524,OSBPL1A,TBC1D10C,0.8873572
13,595,OSBPL1A,CSF3R,0.8873572
13,81,OSBPL1A,HDAC11,0.88636285
13,198,OSBPL1A,NDN,0.8857889
13,404,OSBPL1A,FTSJ3,0.8855358
13,33,OSBPL1A,CSTF2,0.88550335
13,263,OSBPL1A,JUN,0.884927
13,2,OSBPL1A,PPP1R15A,0.8849047
13,47,OSBPL1A,FGL2,0.8849047
13,140,OSBPL1A,ANXA3,0.8849047
13,146,OSBPL1A,SCARF1,0.8849047
13,194,OSBPL1A,GOLPH3,0.8849047
13,362,OSBPL1A,PTGS1,0.8849047
13,441,OSBPL1A,EBF1,0.8849047
13,546,OSBPL1A,PROCR,0.8849047
13,622,OSBPL1A,KRT18,0.8849047
13,564,OSBPL1A,MFNG,0.88467485
13,553,OSBPL1A,DHFR,0.88433087
13,190,OSBPL1A,RAD51,0.8843264
13,367,OSBPL1A,HCFC1,0.88415396
13,394,OSBPL1A,MAPK1,0.8838468
13,251,OSBPL1A,IRF6,0.8836629
13,486,OSBPL1A,NFKBIA,0.8834034
13,554,OSBPL1A,CDT1,0.88287765
13,590,OSBPL1A,IL12A,0.88253915
13,210,OSBPL1A,PNO1,0.88235617
13,232,OSBPL1A,ICAM1,0.88227135
0,34,OTUD6B,MAML3,0.9108346
0,292,OTUD6B,HDAC7,0.90667754
0,81,OTUD6B,HDAC11,0.8993528
0,439,OTUD6B,DDX20,0.8985356
0,209,OTUD6B,ZBTB16,0.8941379
0,8,OTUD6B,ATAD1,0.8858004
0,136,OTUD6B,TACC3,0.8856393
0,150,OTUD6B,SORT1,0.8856393
0,396,OTUD6B,RUVBL2,0.8856393
0,432,OTUD6B,HDC,0.8856393
0,450,OTUD6B,MAGED1,0.8856393
0,514,OTUD6B,PAK1,0.8856393
0,519,OTUD6B,AGPS,0.8856393
0,595,OTUD6B,CSF3R,0.8856393
0,82,OTUD6B,RB1,0.8817424
0,404,OTUD6B,FTSJ3,0.88066655
0,186,OTUD6B,STT3B,0.8762416
0,554,OTUD6B,CDT1,0.8757553
0,524,OTUD6B,TBC1D10C,0.8714951
0,331,OTUD6B,PIM2,0.8663423
0,410,OTUD6B,SMARCA2,0.8661928
0,475,OTUD6B,BCL2,0.8659815
0,206,OTUD6B,ZDHHC6,0.86314124
0,91,OTUD6B,FCHO2,0.86202574
0,537,OTUD6B,TXNDC11,0.86202574
0,611,OTUD6B,ZEB2,0.86202574
0,199,OTUD6B,E2F4,0.85459846
0,429,OTUD6B,GFI1B,0.8535963
0,161,OTUD6B,JARID2,0.83952975
0,440,OTUD6B,TMEM97,0.83596003
0,464,OTUD6B,ZNRF2,0.83596003
0,255,OTUD6B,CD74,0.83469325
0,289,OTUD6B,GT(ROSA)26SOR,0.83469325
0,534,OTUD6B,MORC3,0.82627285
0,128,OTUD6B,APLP2,0.8254302
0,402,OTUD6B,EIF1AD,0.8250413
0,351,OTUD6B,ERCC8,0.8207809
0,210,OTUD6B,PNO1,0.8163246
0,73,OTUD6B,RORC,0.8150818
0,486,OTUD6B,NFKBIA,0.8072909
0,50,OTUD6B,NFAT5,0.79966825
0,226,OTUD6B,POLR2B,0.7962419
0,33,OTUD6B,CSTF2,0.7952881
0,200,OTUD6B,IGTP,0.7773516
0,504,OTUD6B,IFI44,0.7772327
0,183,OTUD6B,XAF1,0.7771799
0,609,OTUD6B,UBA7,0.7770524
0,216,OTUD6B,CUL3,0.7750436
0,177,OTUD6B,RELB,0.7719766
0,363,OTUD6B,MYC,0.7713597
307,28,OTULINL,NFE2,0.8983392
307,357,OTULINL,MEIS1,0.8964657
307,78,OTULINL,MECOM,0.8962053
307,137,OTULINL,MYCN,0.8925817
307,277,OTULINL,RTP4,0.89190775
307,57,OTULINL,OASL2,0.8918648
307,183,OTULINL,XAF1,0.89106536
307,200,OTULINL,IGTP,0.89106536
307,504,OTULINL,IFI44,0.89106536
307,609,OTULINL,UBA7,0.89106536
307,410,OTULINL,SMARCA2,0.88990384
307,283,OTULINL,EGR1,0.88862485
307,518,OTULINL,PHF10,0.8876054
307,0,OTULINL,OTUD6B,0.887373
307,8,OTULINL,ATAD1,0.887373
307,150,OTULINL,SORT1,0.887373
307,432,OTULINL,HDC,0.887373
307,450,OTULINL,MAGED1,0.887373
307,514,OTULINL,PAK1,0.887373
307,519,OTULINL,AGPS,0.887373
307,524,OTULINL,TBC1D10C,0.887373
307,595,OTULINL,CSF3R,0.887373
307,396,OTULINL,RUVBL2,0.8872987
307,136,OTULINL,TACC3,0.88725775
307,81,OTULINL,HDAC11,0.8863752
307,198,OTULINL,NDN,0.88573647
307,404,OTULINL,FTSJ3,0.88555396
307,33,OTULINL,CSTF2,0.8854186
307,622,OTULINL,KRT18,0.8849637
307,263,OTULINL,JUN,0.88488704
307,2,OTULINL,PPP1R15A,0.8848715
307,47,OTULINL,FGL2,0.8848715
307,140,OTULINL,ANXA3,0.8848715
307,146,OTULINL,SCARF1,0.8848715
307,194,OTULINL,GOLPH3,0.8848715
307,362,OTULINL,PTGS1,0.8848715
307,546,OTULINL,PROCR,0.8848715
307,441,OTULINL,EBF1,0.88480055
307,564,OTULINL,MFNG,0.88463753
307,128,OTULINL,APLP2,0.88436675
307,190,OTULINL,RAD51,0.88433236
307,553,OTULINL,DHFR,0.88433236
307,367,OTULINL,HCFC1,0.8841181
307,394,OTULINL,MAPK1,0.8838125
307,251,OTULINL,IRF6,0.88362265
307,34,OTULINL,MAML3,0.8834338
307,486,OTULINL,NFKBIA,0.8833598
307,554,OTULINL,CDT1,0.8828956
307,210,OTULINL,PNO1,0.8824409
307,232,OTULINL,ICAM1,0.88228434
134,404,PA2G4,FTSJ3,0.9361273
134,554,PA2G4,CDT1,0.9345629
134,519,PA2G4,AGPS,0.93123627
134,199,PA2G4,E2F4,0.93119925
134,410,PA2G4,SMARCA2,0.9308537
134,81,PA2G4,HDAC11,0.93069714
134,524,PA2G4,TBC1D10C,0.9298875
134,8,PA2G4,ATAD1,0.9298171
134,128,PA2G4,APLP2,0.9298171
134,150,PA2G4,SORT1,0.9298171
134,396,PA2G4,RUVBL2,0.9298171
134,450,PA2G4,MAGED1,0.9298171
134,514,PA2G4,PAK1,0.9298171
134,595,PA2G4,CSF3R,0.9298171
134,432,PA2G4,HDC,0.9298148
134,136,PA2G4,TACC3,0.9298046
134,0,PA2G4,OTUD6B,0.92971075
134,331,PA2G4,PIM2,0.9287489
134,429,PA2G4,GFI1B,0.92866206
134,440,PA2G4,TMEM97,0.92511684
134,210,PA2G4,PNO1,0.9240568
134,161,PA2G4,JARID2,0.9240314
134,34,PA2G4,MAML3,0.9239319
134,255,PA2G4,CD74,0.9208321
134,289,PA2G4,GT(ROSA)26SOR,0.9208321
134,73,PA2G4,RORC,0.91856253
134,209,PA2G4,ZBTB16,0.9171788
134,402,PA2G4,EIF1AD,0.9171494
134,351,PA2G4,ERCC8,0.9167833
134,464,PA2G4,ZNRF2,0.91412354
134,486,PA2G4,NFKBIA,0.9114464
134,292,PA2G4,HDAC7,0.91089207
134,504,PA2G4,IFI44,0.9108053
134,609,PA2G4,UBA7,0.9107373
134,183,PA2G4,XAF1,0.9107358
134,200,PA2G4,IGTP,0.9107358
134,165,PA2G4,GTF2H1,0.9096645
134,186,PA2G4,STT3B,0.9095617
134,475,PA2G4,BCL2,0.9050877
134,67,PA2G4,HDAC2,0.9021914
134,177,PA2G4,RELB,0.90107834
134,318,PA2G4,GANAB,0.90092564
134,363,PA2G4,MYC,0.89974886
134,590,PA2G4,IL12A,0.8994567
134,78,PA2G4,MECOM,0.89909583
134,439,PA2G4,DDX20,0.8985959
134,277,PA2G4,RTP4,0.89683545
134,426,PA2G4,PRPF4,0.89683324
134,57,PA2G4,OASL2,0.8968323
134,367,PA2G4,HCFC1,0.89613885
460,28,PADI4,NFE2,0.8983655
460,357,PADI4,MEIS1,0.8964847
460,78,PADI4,MECOM,0.8962374
460,137,PADI4,MYCN,0.89262396
460,57,PADI4,OASL2,0.89194083
460,200,PADI4,IGTP,0.89110327
460,504,PADI4,IFI44,0.8910898
460,410,PADI4,SMARCA2,0.88990325
460,609,PADI4,UBA7,0.88961077
460,283,PADI4,EGR1,0.88864714
460,0,PADI4,OTUD6B,0.8873572
460,128,PADI4,APLP2,0.8873572
460,136,PADI4,TACC3,0.8873572
460,150,PADI4,SORT1,0.8873572
460,432,PADI4,HDC,0.8873572
460,450,PADI4,MAGED1,0.8873572
460,514,PADI4,PAK1,0.8873572
460,595,PADI4,CSF3R,0.8873572
460,519,PADI4,AGPS,0.8873467
460,8,PADI4,ATAD1,0.88726604
460,81,PADI4,HDAC11,0.88636285
460,198,PADI4,NDN,0.8857979
460,404,PADI4,FTSJ3,0.8855358
460,33,PADI4,CSTF2,0.8854538
460,263,PADI4,JUN,0.884927
460,2,PADI4,PPP1R15A,0.8849047
460,47,PADI4,FGL2,0.8849047
460,146,PADI4,SCARF1,0.8849047
460,194,PADI4,GOLPH3,0.8849047
460,362,PADI4,PTGS1,0.8849047
460,546,PADI4,PROCR,0.8849047
460,622,PADI4,KRT18,0.8849047
460,564,PADI4,MFNG,0.88467485
460,190,PADI4,RAD51,0.8843264
460,553,PADI4,DHFR,0.8843264
460,367,PADI4,HCFC1,0.88415396
460,394,PADI4,MAPK1,0.8838468
460,251,PADI4,IRF6,0.8836629
460,486,PADI4,NFKBIA,0.88339585
460,34,PADI4,MAML3,0.88338006
460,554,PADI4,CDT1,0.88287765
460,590,PADI4,IL12A,0.88253915
460,210,PADI4,PNO1,0.8824361
460,140,PADI4,ANXA3,0.88234997
460,232,PADI4,ICAM1,0.8820425
460,464,PADI4,ZNRF2,0.8819445
460,177,PADI4,RELB,0.8818608
460,161,PADI4,JARID2,0.87992513
460,606,PADI4,ELP2,0.8797057
460,429,PADI4,GFI1B,0.8796055
514,34,PAK1,MAML3,0.9107884
514,292,PAK1,HDAC7,0.9066262
514,81,PAK1,HDAC11,0.8992233
514,439,PAK1,DDX20,0.8988962
514,209,PAK1,ZBTB16,0.8941064
514,128,PAK1,APLP2,0.8893054
514,396,PAK1,RUVBL2,0.8856909
514,0,PAK1,OTUD6B,0.88552964
514,150,PAK1,SORT1,0.88552964
514,519,PAK1,AGPS,0.88552964
514,524,PAK1,TBC1D10C,0.88552964
514,595,PAK1,CSF3R,0.88552964
514,432,PAK1,HDC,0.8853928
514,82,PAK1,RB1,0.8816452
514,475,PAK1,BCL2,0.8811512
514,186,PAK1,STT3B,0.8758739
514,554,PAK1,CDT1,0.8755534
514,8,PAK1,ATAD1,0.8679735
514,331,PAK1,PIM2,0.86620355
514,410,PAK1,SMARCA2,0.8660584
514,351,PAK1,ERCC8,0.86564934
514,206,PAK1,ZDHHC6,0.86248285
514,91,PAK1,FCHO2,0.8623452
514,537,PAK1,TXNDC11,0.8623452
514,611,PAK1,ZEB2,0.8623452
514,136,PAK1,TACC3,0.8577987
514,199,PAK1,E2F4,0.85435295
514,429,PAK1,GFI1B,0.8534257
514,161,PAK1,JARID2,0.8398343
514,534,PAK1,MORC3,0.83931917
514,440,PAK1,TMEM97,0.83570683
514,464,PAK1,ZNRF2,0.83570683
514,255,PAK1,CD74,0.83452505
514,289,PAK1,GT(ROSA)26SOR,0.83452505
514,402,PAK1,EIF1AD,0.8247447
514,210,PAK1,PNO1,0.8156397
514,73,PAK1,RORC,0.8147692
514,450,PAK1,MAGED1,0.81284386
514,486,PAK1,NFKBIA,0.80696225
514,50,PAK1,NFAT5,0.79986346
514,226,PAK1,POLR2B,0.79675394
514,33,PAK1,CSTF2,0.7948533
514,404,PAK1,FTSJ3,0.7854249
514,183,PAK1,XAF1,0.7766191
514,200,PAK1,IGTP,0.7766191
514,609,PAK1,UBA7,0.7766191
514,216,PAK1,CUL3,0.7750254
514,177,PAK1,RELB,0.77151465
514,363,PAK1,MYC,0.77066284
514,621,PAK1,SNRPB,0.7622598
579,410,PANX1,SMARCA2,0.90353405
579,432,PANX1,HDC,0.901884
579,28,PANX1,NFE2,0.8983655
579,357,PANX1,MEIS1,0.89649427
579,78,PANX1,MECOM,0.8962374
579,137,PANX1,MYCN,0.89262396
579,277,PANX1,RTP4,0.89194053
579,57,PANX1,OASL2,0.89185756
579,183,PANX1,XAF1,0.89129186
579,200,PANX1,IGTP,0.89110327
579,504,PANX1,IFI44,0.89110327
579,609,PANX1,UBA7,0.88961077
579,283,PANX1,EGR1,0.88864714
579,546,PANX1,PROCR,0.88852304
579,518,PANX1,PHF10,0.88764507
579,519,PANX1,AGPS,0.8874749
579,136,PANX1,TACC3,0.8873907
579,0,PANX1,OTUD6B,0.8873572
579,128,PANX1,APLP2,0.8873572
579,450,PANX1,MAGED1,0.8873572
579,514,PANX1,PAK1,0.8873572
579,524,PANX1,TBC1D10C,0.8873572
579,595,PANX1,CSF3R,0.8873572
579,150,PANX1,SORT1,0.887242
579,81,PANX1,HDAC11,0.88636285
579,198,PANX1,NDN,0.8857979
579,404,PANX1,FTSJ3,0.8855358
579,33,PANX1,CSTF2,0.8854538
579,394,PANX1,MAPK1,0.88523024
579,362,PANX1,PTGS1,0.8849098
579,263,PANX1,JUN,0.88490534
579,2,PANX1,PPP1R15A,0.8849047
579,140,PANX1,ANXA3,0.8849047
579,146,PANX1,SCARF1,0.8849047
579,194,PANX1,GOLPH3,0.8849047
579,622,PANX1,KRT18,0.8849047
579,47,PANX1,FGL2,0.88477767
579,564,PANX1,MFNG,0.88467485
579,553,PANX1,DHFR,0.8843399
579,190,PANX1,RAD51,0.8843264
579,367,PANX1,HCFC1,0.88415396
579,251,PANX1,IRF6,0.8838897
579,8,PANX1,ATAD1,0.8838291
579,318,PANX1,GANAB,0.8836657
579,34,PANX1,MAML3,0.8834213
579,486,PANX1,NFKBIA,0.88339585
579,554,PANX1,CDT1,0.8829184
579,590,PANX1,IL12A,0.88253915
579,210,PANX1,PNO1,0.882356
579,232,PANX1,ICAM1,0.88206875
600,524,PARP8,TBC1D10C,0.90148413
600,28,PARP8,NFE2,0.8979077
600,357,PARP8,MEIS1,0.89649427
600,78,PARP8,MECOM,0.8962374
600,137,PARP8,MYCN,0.89262396
600,57,PARP8,OASL2,0.89194083
600,277,PARP8,RTP4,0.89194053
600,183,PARP8,XAF1,0.89110327
600,200,PARP8,IGTP,0.89110327
600,504,PARP8,IFI44,0.89110327
600,609,PARP8,UBA7,0.89110327
600,410,PARP8,SMARCA2,0.8899257
600,283,PARP8,EGR1,0.8886583
600,194,PARP8,GOLPH3,0.88852304
600,518,PARP8,PHF10,0.88764507
600,150,PARP8,SORT1,0.88736826
600,0,PARP8,OTUD6B,0.8873572
600,8,PARP8,ATAD1,0.8873572
600,128,PARP8,APLP2,0.8873572
600,450,PARP8,MAGED1,0.8873572
600,514,PARP8,PAK1,0.8873572
600,595,PARP8,CSF3R,0.8873572
600,432,PARP8,HDC,0.8873467
600,396,PARP8,RUVBL2,0.88726604
600,519,PARP8,AGPS,0.887242
600,81,PARP8,HDAC11,0.8864268
600,198,PARP8,NDN,0.8857979
600,33,PARP8,CSTF2,0.8854538
600,263,PARP8,JUN,0.884927
600,146,PARP8,SCARF1,0.8849264
600,622,PARP8,KRT18,0.8849131
600,2,PARP8,PPP1R15A,0.8849047
600,47,PARP8,FGL2,0.8849047
600,441,PARP8,EBF1,0.8849047
600,546,PARP8,PROCR,0.8849047
600,362,PARP8,PTGS1,0.8848948
600,564,PARP8,MFNG,0.88467485
600,190,PARP8,RAD51,0.8843264
600,367,PARP8,HCFC1,0.88415396
600,394,PARP8,MAPK1,0.8838468
600,486,PARP8,NFKBIA,0.8837837
600,251,PARP8,IRF6,0.8836629
600,34,PARP8,MAML3,0.8834213
600,554,PARP8,CDT1,0.88287765
600,590,PARP8,IL12A,0.88253915
600,210,PARP8,PNO1,0.8824361
600,232,PARP8,ICAM1,0.88227135
600,440,PARP8,TMEM97,0.8819445
600,464,PARP8,ZNRF2,0.88189834
600,177,PARP8,RELB,0.88179356
30,189,PBK,MCM5,0.97152966
30,290,PBK,POLD1,0.96951675
30,299,PBK,ORC2,0.9694297
30,21,PBK,RRM1,0.9689255
30,279,PBK,AURKB,0.96884894
30,345,PBK,UHRF1,0.9683293
30,246,PBK,TK1,0.9676368
30,500,PBK,MCM3,0.96748316
30,74,PBK,TOP2A,0.96742815
30,204,PBK,MCM2,0.96635777
30,399,PBK,RRM2,0.965877
30,323,PBK,MCM4,0.96587235
30,561,PBK,MCM7,0.9655596
30,240,PBK,RPA2,0.9655389
30,273,PBK,FIGNL1,0.9647838
30,297,PBK,LIG1,0.96463436
30,42,PBK,HMGB2,0.9642223
30,266,PBK,MSH6,0.9639621
30,620,PBK,TIPIN,0.9639602
30,411,PBK,CDC45,0.9639349
30,350,PBK,MCM6,0.96371555
30,478,PBK,MKI67,0.9632643
30,182,PBK,RPA1,0.9632095
30,53,PBK,ORC6,0.96320915
30,102,PBK,PRIM1,0.9629576
30,230,PBK,TOP3B,0.96256286
30,407,PBK,CDC7,0.961787
30,510,PBK,XRCC6,0.96174145
30,497,PBK,TYMS,0.9608159
30,226,PBK,POLR2B,0.9606532
30,414,PBK,CENPK,0.96057683
30,259,PBK,NUP107,0.9605141
30,610,PBK,PRIM2,0.9605068
30,68,PBK,MIS18BP1,0.9605063
30,430,PBK,SEH1L,0.9605063
30,86,PBK,RANGAP1,0.9586483
30,361,PBK,CCNB2,0.95846844
30,91,PBK,FCHO2,0.95114046
30,118,PBK,MIS12,0.9502353
30,611,PBK,ZEB2,0.9501404
30,439,PBK,DDX20,0.94333667
30,82,PBK,RB1,0.9369286
30,292,PBK,HDAC7,0.9363007
30,206,PBK,ZDHHC6,0.91351485
30,534,PBK,MORC3,0.91297215
30,537,PBK,TXNDC11,0.9109441
30,34,PBK,MAML3,0.9106209
30,209,PBK,ZBTB16,0.88434637
30,81,PBK,HDAC11,0.87379843
30,475,PBK,BCL2,0.8454079
139,136,PBX1,TACC3,0.901884
139,514,PBX1,PAK1,0.901884
139,28,PBX1,NFE2,0.8983655
139,357,PBX1,MEIS1,0.89649427
139,78,PBX1,MECOM,0.8962374
139,137,PBX1,MYCN,0.89262396
139,277,PBX1,RTP4,0.89194053
139,57,PBX1,OASL2,0.89192724
139,200,PBX1,IGTP,0.89113194
139,504,PBX1,IFI44,0.8911102
139,183,PBX1,XAF1,0.89110327
139,609,PBX1,UBA7,0.89110327
139,410,PBX1,SMARCA2,0.8899257
139,518,PBX1,PHF10,0.88764507
139,362,PBX1,PTGS1,0.8876097
139,0,PBX1,OTUD6B,0.8873572
139,8,PBX1,ATAD1,0.8873572
139,128,PBX1,APLP2,0.8873572
139,150,PBX1,SORT1,0.8873572
139,396,PBX1,RUVBL2,0.8873572
139,450,PBX1,MAGED1,0.8873572
139,519,PBX1,AGPS,0.8873572
139,524,PBX1,TBC1D10C,0.8873572
139,595,PBX1,CSF3R,0.8873467
139,81,PBX1,HDAC11,0.88636285
139,198,PBX1,NDN,0.88581157
139,404,PBX1,FTSJ3,0.8855358
139,33,PBX1,CSTF2,0.8854538
139,263,PBX1,JUN,0.88490635
139,2,PBX1,PPP1R15A,0.8849047
139,47,PBX1,FGL2,0.8849047
139,140,PBX1,ANXA3,0.8849047
139,146,PBX1,SCARF1,0.8849047
139,441,PBX1,EBF1,0.8849047
139,546,PBX1,PROCR,0.8849047
139,622,PBX1,KRT18,0.8849047
139,564,PBX1,MFNG,0.88467485
139,553,PBX1,DHFR,0.88433087
139,190,PBX1,RAD51,0.8843264
139,367,PBX1,HCFC1,0.88415396
139,394,PBX1,MAPK1,0.88392556
139,34,PBX1,MAML3,0.8834213
139,486,PBX1,NFKBIA,0.88339585
139,554,PBX1,CDT1,0.882895
139,590,PBX1,IL12A,0.88253766
139,194,PBX1,GOLPH3,0.88229126
139,232,PBX1,ICAM1,0.88227135
139,440,PBX1,TMEM97,0.8820363
139,464,PBX1,ZNRF2,0.8819925
139,177,PBX1,RELB,0.8812379
465,28,PCLAF,NFE2,0.8983655
465,357,PCLAF,MEIS1,0.89649427
465,78,PCLAF,MECOM,0.8962374
465,137,PCLAF,MYCN,0.89242125
465,57,PCLAF,OASL2,0.89194083
465,277,PCLAF,RTP4,0.89194053
465,183,PCLAF,XAF1,0.8911502
465,200,PCLAF,IGTP,0.89110327
465,504,PCLAF,IFI44,0.89104354
465,410,PCLAF,SMARCA2,0.8899257
465,609,PCLAF,UBA7,0.88961077
465,283,PCLAF,EGR1,0.88864714
465,518,PCLAF,PHF10,0.88764507
465,8,PCLAF,ATAD1,0.8873572
465,128,PCLAF,APLP2,0.8873572
465,136,PCLAF,TACC3,0.8873572
465,150,PCLAF,SORT1,0.8873572
465,396,PCLAF,RUVBL2,0.8873572
465,432,PCLAF,HDC,0.8873572
465,450,PCLAF,MAGED1,0.8873572
465,514,PCLAF,PAK1,0.8873572
465,519,PCLAF,AGPS,0.8873572
465,524,PCLAF,TBC1D10C,0.8873572
465,595,PCLAF,CSF3R,0.8873572
465,0,PCLAF,OTUD6B,0.8872543
465,81,PCLAF,HDAC11,0.88636285
465,198,PCLAF,NDN,0.8857979
465,33,PCLAF,CSTF2,0.8854538
465,263,PCLAF,JUN,0.884927
465,2,PCLAF,PPP1R15A,0.8849047
465,140,PCLAF,ANXA3,0.8849047
465,146,PCLAF,SCARF1,0.8849047
465,194,PCLAF,GOLPH3,0.8849047
465,362,PCLAF,PTGS1,0.8849047
465,441,PCLAF,EBF1,0.8849047
465,622,PCLAF,KRT18,0.8849047
465,546,PCLAF,PROCR,0.88490415
465,47,PCLAF,FGL2,0.88483375
465,564,PCLAF,MFNG,0.88467485
465,553,PCLAF,DHFR,0.8843168
465,190,PCLAF,RAD51,0.8842525
465,367,PCLAF,HCFC1,0.88415396
465,394,PCLAF,MAPK1,0.8838468
465,251,PCLAF,IRF6,0.8836629
465,34,PCLAF,MAML3,0.8834213
465,486,PCLAF,NFKBIA,0.88339585
465,554,PCLAF,CDT1,0.88287765
465,590,PCLAF,IL12A,0.88253915
465,232,PCLAF,ICAM1,0.88227135
465,440,PCLAF,TMEM97,0.8819445
100,28,PCMTD1,NFE2,0.8983655
100,357,PCMTD1,MEIS1,0.89649427
100,78,PCMTD1,MECOM,0.8962367
100,137,PCMTD1,MYCN,0.89262396
100,277,PCMTD1,RTP4,0.89197725
100,57,PCMTD1,OASL2,0.89194083
100,183,PCMTD1,XAF1,0.89110327
100,200,PCMTD1,IGTP,0.89110327
100,504,PCMTD1,IFI44,0.89110327
100,609,PCMTD1,UBA7,0.89110327
100,410,PCMTD1,SMARCA2,0.88984984
100,194,PCMTD1,GOLPH3,0.88983274
100,283,PCMTD1,EGR1,0.88853025
100,518,PCMTD1,PHF10,0.88764507
100,150,PCMTD1,SORT1,0.88738984
100,0,PCMTD1,OTUD6B,0.8873572
100,136,PCMTD1,TACC3,0.8873572
100,396,PCMTD1,RUVBL2,0.8873572
100,432,PCMTD1,HDC,0.8873572
100,450,PCMTD1,MAGED1,0.8873572
100,514,PCMTD1,PAK1,0.8873572
100,519,PCMTD1,AGPS,0.8873572
100,524,PCMTD1,TBC1D10C,0.8873572
100,595,PCMTD1,CSF3R,0.8873572
100,8,PCMTD1,ATAD1,0.8872829
100,128,PCMTD1,APLP2,0.887242
100,81,PCMTD1,HDAC11,0.8863051
100,198,PCMTD1,NDN,0.8857979
100,404,PCMTD1,FTSJ3,0.8855358
100,33,PCMTD1,CSTF2,0.8854538
100,263,PCMTD1,JUN,0.884927
100,2,PCMTD1,PPP1R15A,0.8849047
100,47,PCMTD1,FGL2,0.8849047
100,146,PCMTD1,SCARF1,0.8849047
100,362,PCMTD1,PTGS1,0.8849047
100,441,PCMTD1,EBF1,0.8849047
100,622,PCMTD1,KRT18,0.8849047
100,140,PCMTD1,ANXA3,0.88490117
100,546,PCMTD1,PROCR,0.88483244
100,564,PCMTD1,MFNG,0.8845927
100,190,PCMTD1,RAD51,0.8843264
100,367,PCMTD1,HCFC1,0.88415396
100,394,PCMTD1,MAPK1,0.8837269
100,251,PCMTD1,IRF6,0.8836629
100,486,PCMTD1,NFKBIA,0.8834648
100,34,PCMTD1,MAML3,0.883441
100,553,PCMTD1,DHFR,0.8830442
100,554,PCMTD1,CDT1,0.88287765
100,590,PCMTD1,IL12A,0.88253915
100,210,PCMTD1,PNO1,0.8822415
260,28,PCMTD2,NFE2,0.8983655
260,357,PCMTD2,MEIS1,0.89649427
260,78,PCMTD2,MECOM,0.8962374
260,137,PCMTD2,MYCN,0.89262396
260,277,PCMTD2,RTP4,0.8919558
260,57,PCMTD2,OASL2,0.8919372
260,183,PCMTD2,XAF1,0.89110327
260,200,PCMTD2,IGTP,0.89110327
260,504,PCMTD2,IFI44,0.89110327
260,609,PCMTD2,UBA7,0.89110327
260,410,PCMTD2,SMARCA2,0.8899257
260,283,PCMTD2,EGR1,0.88864714
260,518,PCMTD2,PHF10,0.88764507
260,622,PCMTD2,KRT18,0.8876097
260,450,PCMTD2,MAGED1,0.88738984
260,136,PCMTD2,TACC3,0.8873755
260,0,PCMTD2,OTUD6B,0.8873572
260,128,PCMTD2,APLP2,0.8873572
260,150,PCMTD2,SORT1,0.8873572
260,396,PCMTD2,RUVBL2,0.8873572
260,432,PCMTD2,HDC,0.8873572
260,519,PCMTD2,AGPS,0.8873572
260,524,PCMTD2,TBC1D10C,0.88734674
260,595,PCMTD2,CSF3R,0.8865584
260,81,PCMTD2,HDAC11,0.88636285
260,198,PCMTD2,NDN,0.8857979
260,404,PCMTD2,FTSJ3,0.8855358
260,33,PCMTD2,CSTF2,0.8854497
260,263,PCMTD2,JUN,0.884927
260,2,PCMTD2,PPP1R15A,0.8849047
260,47,PCMTD2,FGL2,0.8849047
260,140,PCMTD2,ANXA3,0.8849047
260,194,PCMTD2,GOLPH3,0.8849047
260,362,PCMTD2,PTGS1,0.8849047
260,441,PCMTD2,EBF1,0.8849047
260,546,PCMTD2,PROCR,0.8849047
260,146,PCMTD2,SCARF1,0.88483244
260,564,PCMTD2,MFNG,0.88467485
260,553,PCMTD2,DHFR,0.88427114
260,367,PCMTD2,HCFC1,0.88415396
260,394,PCMTD2,MAPK1,0.8838468
260,34,PCMTD2,MAML3,0.8834213
260,486,PCMTD2,NFKBIA,0.88339585
260,554,PCMTD2,CDT1,0.88287765
260,590,PCMTD2,IL12A,0.88253915
260,210,PCMTD2,PNO1,0.8824361
260,232,PCMTD2,ICAM1,0.8823246
260,440,PCMTD2,TMEM97,0.8819445
260,464,PCMTD2,ZNRF2,0.8819445
260,177,PCMTD2,RELB,0.8818608
591,396,PDZK1IP1,RUVBL2,0.9019733
591,28,PDZK1IP1,NFE2,0.8983655
591,357,PDZK1IP1,MEIS1,0.89649427
591,78,PDZK1IP1,MECOM,0.8962374
591,137,PDZK1IP1,MYCN,0.89262396
591,277,PDZK1IP1,RTP4,0.89194053
591,200,PDZK1IP1,IGTP,0.89113456
591,183,PDZK1IP1,XAF1,0.89110327
591,504,PDZK1IP1,IFI44,0.89110327
591,609,PDZK1IP1,UBA7,0.89110327
591,410,PDZK1IP1,SMARCA2,0.8899257
591,283,PDZK1IP1,EGR1,0.88864714
591,518,PDZK1IP1,PHF10,0.88764507
591,0,PDZK1IP1,OTUD6B,0.8873572
591,8,PDZK1IP1,ATAD1,0.8873572
591,128,PDZK1IP1,APLP2,0.8873572
591,136,PDZK1IP1,TACC3,0.8873572
591,150,PDZK1IP1,SORT1,0.8873572
591,432,PDZK1IP1,HDC,0.8873572
591,450,PDZK1IP1,MAGED1,0.8873572
591,514,PDZK1IP1,PAK1,0.8873572
591,519,PDZK1IP1,AGPS,0.8873572
591,524,PDZK1IP1,TBC1D10C,0.8873572
591,595,PDZK1IP1,CSF3R,0.8873572
591,81,PDZK1IP1,HDAC11,0.88636285
591,564,PDZK1IP1,MFNG,0.8855843
591,404,PDZK1IP1,FTSJ3,0.8855358
591,33,PDZK1IP1,CSTF2,0.8854538
591,146,PDZK1IP1,SCARF1,0.88500655
591,263,PDZK1IP1,JUN,0.884927
591,2,PDZK1IP1,PPP1R15A,0.8849047
591,47,PDZK1IP1,FGL2,0.8849047
591,140,PDZK1IP1,ANXA3,0.8849047
591,362,PDZK1IP1,PTGS1,0.8849047
591,441,PDZK1IP1,EBF1,0.8849047
591,546,PDZK1IP1,PROCR,0.8849047
591,622,PDZK1IP1,KRT18,0.8849047
591,194,PDZK1IP1,GOLPH3,0.8848913
591,553,PDZK1IP1,DHFR,0.8843902
591,190,PDZK1IP1,RAD51,0.8843264
591,367,PDZK1IP1,HCFC1,0.88415396
591,34,PDZK1IP1,MAML3,0.8836959
591,251,PDZK1IP1,IRF6,0.8836629
591,486,PDZK1IP1,NFKBIA,0.88339585
591,554,PDZK1IP1,CDT1,0.88287765
591,590,PDZK1IP1,IL12A,0.88253915
591,210,PDZK1IP1,PNO1,0.8824361
591,232,PDZK1IP1,ICAM1,0.8823351
591,440,PDZK1IP1,TMEM97,0.8819178
591,177,PDZK1IP1,RELB,0.8818608
552,28,PEAR1,NFE2,0.8983655
552,357,PEAR1,MEIS1,0.89649427
552,78,PEAR1,MECOM,0.8962374
552,137,PEAR1,MYCN,0.89262396
552,277,PEAR1,RTP4,0.89194053
552,183,PEAR1,XAF1,0.8912226
552,200,PEAR1,IGTP,0.89110327
552,504,PEAR1,IFI44,0.89110327
552,609,PEAR1,UBA7,0.89110327
552,410,PEAR1,SMARCA2,0.8899257
552,283,PEAR1,EGR1,0.88864714
552,518,PEAR1,PHF10,0.88764507
552,140,PEAR1,ANXA3,0.8874282
552,150,PEAR1,SORT1,0.8874134
552,524,PEAR1,TBC1D10C,0.88737893
552,0,PEAR1,OTUD6B,0.8873572
552,128,PEAR1,APLP2,0.8873572
552,396,PEAR1,RUVBL2,0.8873572
552,432,PEAR1,HDC,0.8873572
552,450,PEAR1,MAGED1,0.8873572
552,514,PEAR1,PAK1,0.8873572
552,519,PEAR1,AGPS,0.8873572
552,136,PEAR1,TACC3,0.8873476
552,81,PEAR1,HDAC11,0.88636285
552,198,PEAR1,NDN,0.8857658
552,194,PEAR1,GOLPH3,0.88568705
552,404,PEAR1,FTSJ3,0.8855358
552,33,PEAR1,CSTF2,0.8854538
552,2,PEAR1,PPP1R15A,0.88500047
552,47,PEAR1,FGL2,0.8849047
552,362,PEAR1,PTGS1,0.8849047
552,546,PEAR1,PROCR,0.8849047
552,622,PEAR1,KRT18,0.8849047
552,146,PEAR1,SCARF1,0.88476795
552,8,PEAR1,ATAD1,0.88435096
552,190,PEAR1,RAD51,0.8843264
552,553,PEAR1,DHFR,0.8843264
552,367,PEAR1,HCFC1,0.88415396
552,394,PEAR1,MAPK1,0.8838468
552,441,PEAR1,EBF1,0.88380176
552,251,PEAR1,IRF6,0.8836629
552,486,PEAR1,NFKBIA,0.8834276
552,34,PEAR1,MAML3,0.8834213
552,554,PEAR1,CDT1,0.88290006
552,210,PEAR1,PNO1,0.8824361
552,232,PEAR1,ICAM1,0.88227135
552,440,PEAR1,TMEM97,0.8819445
552,177,PEAR1,RELB,0.8818608
552,464,PEAR1,ZNRF2,0.8818387
552,606,PEAR1,ELP2,0.879682
46,150,PECAM1,SORT1,0.90148973
46,28,PECAM1,NFE2,0.8983701
46,357,PECAM1,MEIS1,0.89649904
46,78,PECAM1,MECOM,0.8962431
46,137,PECAM1,MYCN,0.89263076
46,277,PECAM1,RTP4,0.89194596
46,57,PECAM1,OASL2,0.89186305
46,183,PECAM1,XAF1,0.8911094
46,200,PECAM1,IGTP,0.8911094
46,504,PECAM1,IFI44,0.8911094
46,609,PECAM1,UBA7,0.8911094
46,410,PECAM1,SMARCA2,0.88993126
46,283,PECAM1,EGR1,0.88865244
46,518,PECAM1,PHF10,0.88770443
46,396,PECAM1,RUVBL2,0.88739306
46,0,PECAM1,OTUD6B,0.8873604
46,8,PECAM1,ATAD1,0.8873604
46,136,PECAM1,TACC3,0.8873604
46,432,PECAM1,HDC,0.8873604
46,450,PECAM1,MAGED1,0.8873604
46,514,PECAM1,PAK1,0.8873604
46,519,PECAM1,AGPS,0.8873604
46,595,PECAM1,CSF3R,0.8873596
46,128,PECAM1,APLP2,0.8872574
46,81,PECAM1,HDAC11,0.88636386
46,198,PECAM1,NDN,0.8857996
46,622,PECAM1,KRT18,0.8856928
46,404,PECAM1,FTSJ3,0.88553965
46,33,PECAM1,CSTF2,0.88545895
46,2,PECAM1,PPP1R15A,0.8849103
46,47,PECAM1,FGL2,0.8849103
46,140,PECAM1,ANXA3,0.8849103
46,146,PECAM1,SCARF1,0.8849103
46,194,PECAM1,GOLPH3,0.8849103
46,362,PECAM1,PTGS1,0.8849103
46,441,PECAM1,EBF1,0.8849103
46,546,PECAM1,PROCR,0.8849103
46,263,PECAM1,JUN,0.88486576
46,564,PECAM1,MFNG,0.8846806
46,553,PECAM1,DHFR,0.88432807
46,190,PECAM1,RAD51,0.8842728
46,367,PECAM1,HCFC1,0.88415956
46,394,PECAM1,MAPK1,0.8838527
46,251,PECAM1,IRF6,0.8836692
46,34,PECAM1,MAML3,0.883362
46,554,PECAM1,CDT1,0.88288116
46,590,PECAM1,IL12A,0.882545
46,486,PECAM1,NFKBIA,0.8825311
46,232,PECAM1,ICAM1,0.8822773
46,464,PECAM1,ZNRF2,0.8819666
581,410,PFKP,SMARCA2,0.90353405
581,432,PFKP,HDC,0.901884
581,28,PFKP,NFE2,0.8983655
581,357,PFKP,MEIS1,0.89649427
581,78,PFKP,MECOM,0.8962374
581,137,PFKP,MYCN,0.89262396
581,277,PFKP,RTP4,0.89194053
581,57,PFKP,OASL2,0.89185756
581,183,PFKP,XAF1,0.89129186
581,200,PFKP,IGTP,0.89110327
581,504,PFKP,IFI44,0.89110327
581,609,PFKP,UBA7,0.88961077
581,283,PFKP,EGR1,0.88864714
581,546,PFKP,PROCR,0.88852304
581,518,PFKP,PHF10,0.88764507
581,519,PFKP,AGPS,0.8874749
581,136,PFKP,TACC3,0.8873907
581,0,PFKP,OTUD6B,0.8873572
581,128,PFKP,APLP2,0.8873572
581,450,PFKP,MAGED1,0.8873572
581,514,PFKP,PAK1,0.8873572
581,524,PFKP,TBC1D10C,0.8873572
581,595,PFKP,CSF3R,0.8873572
581,150,PFKP,SORT1,0.887242
581,81,PFKP,HDAC11,0.88636285
581,198,PFKP,NDN,0.8857979
581,404,PFKP,FTSJ3,0.8855358
581,33,PFKP,CSTF2,0.8854538
581,394,PFKP,MAPK1,0.88523024
581,362,PFKP,PTGS1,0.8849098
581,263,PFKP,JUN,0.88490534
581,2,PFKP,PPP1R15A,0.8849047
581,140,PFKP,ANXA3,0.8849047
581,146,PFKP,SCARF1,0.8849047
581,194,PFKP,GOLPH3,0.8849047
581,622,PFKP,KRT18,0.8849047
581,47,PFKP,FGL2,0.88477767
581,564,PFKP,MFNG,0.88467485
581,553,PFKP,DHFR,0.8843399
581,190,PFKP,RAD51,0.8843264
581,367,PFKP,HCFC1,0.88415396
581,251,PFKP,IRF6,0.8838897
581,8,PFKP,ATAD1,0.8838291
581,318,PFKP,GANAB,0.8836657
581,34,PFKP,MAML3,0.8834213
581,486,PFKP,NFKBIA,0.88339585
581,554,PFKP,CDT1,0.8829184
581,590,PFKP,IL12A,0.88253915
581,210,PFKP,PNO1,0.882356
581,232,PFKP,ICAM1,0.88206875
613,78,PGLYRP2,MECOM,0.9062596
613,136,PGLYRP2,TACC3,0.90148413
613,28,PGLYRP2,NFE2,0.8982803
613,357,PGLYRP2,MEIS1,0.89649427
613,137,PGLYRP2,MYCN,0.89262396
613,57,PGLYRP2,OASL2,0.89194083
613,277,PGLYRP2,RTP4,0.89194053
613,183,PGLYRP2,XAF1,0.89110327
613,200,PGLYRP2,IGTP,0.89110327
613,609,PGLYRP2,UBA7,0.89110327
613,504,PGLYRP2,IFI44,0.8910681
613,410,PGLYRP2,SMARCA2,0.8899257
613,283,PGLYRP2,EGR1,0.8889533
613,518,PGLYRP2,PHF10,0.88764507
613,450,PGLYRP2,MAGED1,0.8874021
613,514,PGLYRP2,PAK1,0.8874021
613,0,PGLYRP2,OTUD6B,0.8873572
613,8,PGLYRP2,ATAD1,0.8873572
613,396,PGLYRP2,RUVBL2,0.8873572
613,432,PGLYRP2,HDC,0.8873572
613,519,PGLYRP2,AGPS,0.8873572
613,524,PGLYRP2,TBC1D10C,0.8873572
613,394,PGLYRP2,MAPK1,0.88674515
613,198,PGLYRP2,NDN,0.8857979
613,404,PGLYRP2,FTSJ3,0.8855358
613,33,PGLYRP2,CSTF2,0.8854538
613,263,PGLYRP2,JUN,0.88500607
613,546,PGLYRP2,PROCR,0.88497007
613,146,PGLYRP2,SCARF1,0.88491666
613,2,PGLYRP2,PPP1R15A,0.8849047
613,47,PGLYRP2,FGL2,0.8849047
613,140,PGLYRP2,ANXA3,0.8849047
613,194,PGLYRP2,GOLPH3,0.8849047
613,622,PGLYRP2,KRT18,0.8849047
613,441,PGLYRP2,EBF1,0.88477767
613,362,PGLYRP2,PTGS1,0.88476795
613,564,PGLYRP2,MFNG,0.88467485
613,190,PGLYRP2,RAD51,0.8843264
613,553,PGLYRP2,DHFR,0.8843264
613,251,PGLYRP2,IRF6,0.8836629
613,34,PGLYRP2,MAML3,0.8834213
613,486,PGLYRP2,NFKBIA,0.88339585
613,554,PGLYRP2,CDT1,0.882817
613,590,PGLYRP2,IL12A,0.88253915
613,210,PGLYRP2,PNO1,0.8823235
613,232,PGLYRP2,ICAM1,0.88227135
613,429,PGLYRP2,GFI1B,0.88213515
613,440,PGLYRP2,TMEM97,0.8819445
613,464,PGLYRP2,ZNRF2,0.8819445
613,177,PGLYRP2,RELB,0.8818608
373,28,PHB2,NFE2,0.89835346
373,357,PHB2,MEIS1,0.89648134
373,78,PHB2,MECOM,0.89622474
373,137,PHB2,MYCN,0.89261335
373,57,PHB2,OASL2,0.8919263
373,277,PHB2,RTP4,0.89192605
373,183,PHB2,XAF1,0.89108884
373,504,PHB2,IFI44,0.89108884
373,609,PHB2,UBA7,0.89108884
373,200,PHB2,IGTP,0.8909255
373,410,PHB2,SMARCA2,0.88991994
373,283,PHB2,EGR1,0.88851565
373,518,PHB2,PHF10,0.887633
373,441,PHB2,EBF1,0.8875947
373,622,PHB2,KRT18,0.8875947
373,396,PHB2,RUVBL2,0.8874119
373,432,PHB2,HDC,0.88740253
373,595,PHB2,CSF3R,0.88740253
373,0,PHB2,OTUD6B,0.88734627
373,8,PHB2,ATAD1,0.88734627
373,136,PHB2,TACC3,0.88734627
373,150,PHB2,SORT1,0.88734627
373,450,PHB2,MAGED1,0.88734627
373,519,PHB2,AGPS,0.88734627
373,524,PHB2,TBC1D10C,0.88734627
373,128,PHB2,APLP2,0.88723105
373,81,PHB2,HDAC11,0.88646746
373,404,PHB2,FTSJ3,0.88552296
373,33,PHB2,CSTF2,0.88544357
373,394,PHB2,MAPK1,0.885214
373,263,PHB2,JUN,0.88491195
373,2,PHB2,PPP1R15A,0.88488984
373,47,PHB2,FGL2,0.88488984
373,140,PHB2,ANXA3,0.88488984
373,146,PHB2,SCARF1,0.88488984
373,194,PHB2,GOLPH3,0.88488984
373,362,PHB2,PTGS1,0.88488984
373,546,PHB2,PROCR,0.88488984
373,564,PHB2,MFNG,0.8846635
373,198,PHB2,NDN,0.8844967
373,190,PHB2,RAD51,0.8844008
373,553,PHB2,DHFR,0.8843155
373,367,PHB2,HCFC1,0.8841465
373,251,PHB2,IRF6,0.883648
373,34,PHB2,MAML3,0.8833643
373,486,PHB2,NFKBIA,0.88328826
373,554,PHB2,CDT1,0.88286453
373,590,PHB2,IL12A,0.882528
373,210,PHB2,PNO1,0.88242036
373,232,PHB2,ICAM1,0.8822588
518,81,PHF10,HDAC11,0.90933067
518,554,PHF10,CDT1,0.90563077
518,0,PHF10,OTUD6B,0.9049632
518,150,PHF10,SORT1,0.9049632
518,514,PHF10,PAK1,0.9049632
518,519,PHF10,AGPS,0.9049632
518,524,PHF10,TBC1D10C,0.9049632
518,595,PHF10,CSF3R,0.9049632
518,396,PHF10,RUVBL2,0.9048524
518,432,PHF10,HDC,0.90479267
518,34,PHF10,MAML3,0.90270984
518,410,PHF10,SMARCA2,0.9017556
518,128,PHF10,APLP2,0.9004387
518,331,PHF10,PIM2,0.89814705
518,209,PHF10,ZBTB16,0.89654684
518,429,PHF10,GFI1B,0.89304703
518,199,PHF10,E2F4,0.8928618
518,351,PHF10,ERCC8,0.89099574
518,292,PHF10,HDAC7,0.8905466
518,475,PHF10,BCL2,0.8879302
518,8,PHF10,ATAD1,0.88657904
518,161,PHF10,JARID2,0.8862971
518,255,PHF10,CD74,0.8837135
518,289,PHF10,GT(ROSA)26SOR,0.8837135
518,440,PHF10,TMEM97,0.8833243
518,464,PHF10,ZNRF2,0.8833243
518,186,PHF10,STT3B,0.8826881
518,73,PHF10,RORC,0.8766661
518,210,PHF10,PNO1,0.8751852
518,404,PHF10,FTSJ3,0.8731397
518,450,PHF10,MAGED1,0.8696935
518,183,PHF10,XAF1,0.8685159
518,200,PHF10,IGTP,0.8685159
518,609,PHF10,UBA7,0.8685159
518,50,PHF10,NFAT5,0.86730903
518,486,PHF10,NFKBIA,0.8672023
518,439,PHF10,DDX20,0.86573976
518,402,PHF10,EIF1AD,0.86169285
518,33,PHF10,CSTF2,0.85822546
518,177,PHF10,RELB,0.8519469
518,82,PHF10,RB1,0.8515784
518,363,PHF10,MYC,0.8470939
518,28,PHF10,NFE2,0.84588367
518,137,PHF10,MYCN,0.8450547
518,318,PHF10,GANAB,0.84502476
518,357,PHF10,MEIS1,0.8426737
518,590,PHF10,IL12A,0.8426463
518,277,PHF10,RTP4,0.84070647
518,57,PHF10,OASL2,0.8407034
518,216,PHF10,CUL3,0.8373574
342,8,PHF11B,ATAD1,0.901884
342,28,PHF11B,NFE2,0.8983655
342,357,PHF11B,MEIS1,0.89649427
342,78,PHF11B,MECOM,0.8962374
342,137,PHF11B,MYCN,0.89262396
342,57,PHF11B,OASL2,0.89194083
342,277,PHF11B,RTP4,0.89194053
342,504,PHF11B,IFI44,0.89128894
342,200,PHF11B,IGTP,0.89110327
342,609,PHF11B,UBA7,0.89110327
342,183,PHF11B,XAF1,0.8910734
342,410,PHF11B,SMARCA2,0.8899257
342,283,PHF11B,EGR1,0.88864714
342,518,PHF11B,PHF10,0.88764507
342,441,PHF11B,EBF1,0.88756645
342,524,PHF11B,TBC1D10C,0.8874228
342,0,PHF11B,OTUD6B,0.8873572
342,150,PHF11B,SORT1,0.8873572
342,432,PHF11B,HDC,0.8873572
342,514,PHF11B,PAK1,0.8873572
342,519,PHF11B,AGPS,0.88726604
342,136,PHF11B,TACC3,0.8865584
342,450,PHF11B,MAGED1,0.8865584
342,396,PHF11B,RUVBL2,0.88654757
342,81,PHF11B,HDAC11,0.88636285
342,198,PHF11B,NDN,0.8857979
342,33,PHF11B,CSTF2,0.8854538
342,2,PHF11B,PPP1R15A,0.88500047
342,622,PHF11B,KRT18,0.88494617
342,263,PHF11B,JUN,0.884927
342,47,PHF11B,FGL2,0.8849047
342,140,PHF11B,ANXA3,0.8849047
342,146,PHF11B,SCARF1,0.8849047
342,194,PHF11B,GOLPH3,0.8849047
342,546,PHF11B,PROCR,0.8849047
342,362,PHF11B,PTGS1,0.8848201
342,363,PHF11B,MYC,0.88436043
342,190,PHF11B,RAD51,0.8843264
342,553,PHF11B,DHFR,0.8843264
342,367,PHF11B,HCFC1,0.8839234
342,394,PHF11B,MAPK1,0.8838468
342,251,PHF11B,IRF6,0.8836629
342,486,PHF11B,NFKBIA,0.88339585
342,34,PHF11B,MAML3,0.88338184
342,232,PHF11B,ICAM1,0.88317394
342,554,PHF11B,CDT1,0.88287765
342,590,PHF11B,IL12A,0.88253915
342,429,PHF11B,GFI1B,0.8822198
342,440,PHF11B,TMEM97,0.8819445
342,464,PHF11B,ZNRF2,0.8819445
159,514,PHF6,PAK1,0.90620184
159,28,PHF6,NFE2,0.9004177
159,137,PHF6,MYCN,0.9002746
159,357,PHF6,MEIS1,0.89860684
159,78,PHF6,MECOM,0.8984637
159,410,PHF6,SMARCA2,0.89609414
159,518,PHF6,PHF10,0.8950784
159,57,PHF6,OASL2,0.8946091
159,277,PHF6,RTP4,0.8946088
159,200,PHF6,IGTP,0.8941487
159,609,PHF6,UBA7,0.89407295
159,504,PHF6,IFI44,0.89402646
159,232,PHF6,ICAM1,0.8932835
159,33,PHF6,CSTF2,0.8925581
159,367,PHF6,HCFC1,0.8906141
159,283,PHF6,EGR1,0.89060855
159,564,PHF6,MFNG,0.89057046
159,81,PHF6,HDAC11,0.8902849
159,486,PHF6,NFKBIA,0.89003485
159,34,PHF6,MAML3,0.8895549
159,519,PHF6,AGPS,0.8895256
159,432,PHF6,HDC,0.8888813
159,0,PHF6,OTUD6B,0.8888615
159,136,PHF6,TACC3,0.8888615
159,396,PHF6,RUVBL2,0.8888615
159,450,PHF6,MAGED1,0.8888615
159,524,PHF6,TBC1D10C,0.8888615
159,128,PHF6,APLP2,0.8888511
159,150,PHF6,SORT1,0.8888498
159,595,PHF6,CSF3R,0.8887941
159,8,PHF6,ATAD1,0.8887585
159,210,PHF6,PNO1,0.888579
159,404,PHF6,FTSJ3,0.888132
159,177,PHF6,RELB,0.8881205
159,440,PHF6,TMEM97,0.88735974
159,263,PHF6,JUN,0.887308
159,590,PHF6,IL12A,0.88699263
159,47,PHF6,FGL2,0.8865492
159,140,PHF6,ANXA3,0.8865492
159,146,PHF6,SCARF1,0.8865492
159,362,PHF6,PTGS1,0.8865492
159,2,PHF6,PPP1R15A,0.8865169
159,622,PHF6,KRT18,0.886503
159,546,PHF6,PROCR,0.8865025
159,251,PHF6,IRF6,0.88609874
159,394,PHF6,MAPK1,0.8858227
159,429,PHF6,GFI1B,0.8855403
159,554,PHF6,CDT1,0.8854796
159,161,PHF6,JARID2,0.8851731
159,347,PHF6,RNF4,0.88508284
331,292,PIM2,HDAC7,0.91141933
331,439,PIM2,DDX20,0.9101693
331,34,PIM2,MAML3,0.9049806
331,81,PIM2,HDAC11,0.8883852
331,82,PIM2,RB1,0.88498247
331,91,PIM2,FCHO2,0.88364655
331,537,PIM2,TXNDC11,0.88364655
331,611,PIM2,ZEB2,0.88364655
331,450,PIM2,MAGED1,0.88120186
331,209,PIM2,ZBTB16,0.87393975
331,475,PIM2,BCL2,0.8669898
331,0,PIM2,OTUD6B,0.8602308
331,8,PIM2,ATAD1,0.8601922
331,128,PIM2,APLP2,0.8601922
331,136,PIM2,TACC3,0.8601922
331,150,PIM2,SORT1,0.8601922
331,396,PIM2,RUVBL2,0.8601922
331,432,PIM2,HDC,0.8601922
331,514,PIM2,PAK1,0.8601922
331,519,PIM2,AGPS,0.8601922
331,595,PIM2,CSF3R,0.8601922
331,524,PIM2,TBC1D10C,0.8599961
331,206,PIM2,ZDHHC6,0.85691005
331,404,PIM2,FTSJ3,0.85230273
331,554,PIM2,CDT1,0.844886
331,351,PIM2,ERCC8,0.84437746
331,226,PIM2,POLR2B,0.8395531
331,534,PIM2,MORC3,0.836354
331,410,PIM2,SMARCA2,0.8313773
331,246,PIM2,TK1,0.8273112
331,429,PIM2,GFI1B,0.8140553
331,464,PIM2,ZNRF2,0.81123173
331,199,PIM2,E2F4,0.80459774
331,161,PIM2,JARID2,0.79671746
331,186,PIM2,STT3B,0.79252374
331,289,PIM2,GT(ROSA)26SOR,0.7918781
331,255,PIM2,CD74,0.7916997
331,440,PIM2,TMEM97,0.7902931
331,621,PIM2,SNRPB,0.7833121
331,402,PIM2,EIF1AD,0.77384025
331,273,PIM2,FIGNL1,0.77165306
331,290,PIM2,POLD1,0.767194
331,210,PIM2,PNO1,0.7621667
331,73,PIM2,RORC,0.76034087
331,299,PIM2,ORC2,0.7599851
331,74,PIM2,TOP2A,0.7579709
331,486,PIM2,NFKBIA,0.7463797
331,216,PIM2,CUL3,0.74233115
331,50,PIM2,NFAT5,0.7405009
331,21,PIM2,RRM1,0.7375726
59,81,PLAA,HDAC11,0.90356493
59,404,PLAA,FTSJ3,0.90352637
59,34,PLAA,MAML3,0.9034513
59,410,PLAA,SMARCA2,0.9022634
59,450,PLAA,MAGED1,0.9013247
59,136,PLAA,TACC3,0.90132225
59,0,PLAA,OTUD6B,0.9012698
59,8,PLAA,ATAD1,0.9012698
59,128,PLAA,APLP2,0.9012698
59,150,PLAA,SORT1,0.9012698
59,396,PLAA,RUVBL2,0.9012698
59,432,PLAA,HDC,0.9012698
59,514,PLAA,PAK1,0.9012698
59,519,PLAA,AGPS,0.9012698
59,524,PLAA,TBC1D10C,0.9012698
59,595,PLAA,CSF3R,0.9012698
59,554,PLAA,CDT1,0.8992532
59,210,PLAA,PNO1,0.8988019
59,464,PLAA,ZNRF2,0.89635515
59,292,PLAA,HDAC7,0.89581674
59,33,PLAA,CSTF2,0.89559877
59,367,PLAA,HCFC1,0.89531535
59,429,PLAA,GFI1B,0.89507157
59,518,PLAA,PHF10,0.8940232
59,28,PLAA,NFE2,0.89334804
59,199,PLAA,E2F4,0.8919381
59,161,PLAA,JARID2,0.89188904
59,331,PLAA,PIM2,0.89096355
59,440,PLAA,TMEM97,0.8902321
59,357,PLAA,MEIS1,0.8901571
59,177,PLAA,RELB,0.8900487
59,73,PLAA,RORC,0.88951266
59,78,PLAA,MECOM,0.8893518
59,137,PLAA,MYCN,0.88934153
59,488,PLAA,FGFR1OP,0.8893054
59,274,PLAA,NOP2,0.88927686
59,209,PLAA,ZBTB16,0.88839954
59,439,PLAA,DDX20,0.88701725
59,486,PLAA,NFKBIA,0.88659656
59,564,PLAA,MFNG,0.88651884
59,255,PLAA,CD74,0.8862963
59,289,PLAA,GT(ROSA)26SOR,0.8862963
59,318,PLAA,GANAB,0.8861735
59,121,PLAA,PUS7,0.8861393
59,57,PLAA,OASL2,0.8849248
59,277,PLAA,RTP4,0.8849246
59,347,PLAA,RNF4,0.8844513
59,67,PLAA,HDAC2,0.88315946
59,392,PLAA,DCAF13,0.8830738
59,609,PLAA,UBA7,0.88298637
203,200,PLAC8,IGTP,0.9005696
203,28,PLAC8,NFE2,0.8985248
203,78,PLAC8,MECOM,0.897849
203,357,PLAC8,MEIS1,0.8965164
203,137,PLAC8,MYCN,0.8926427
203,57,PLAC8,OASL2,0.8919712
203,277,PLAC8,RTP4,0.8919648
203,609,PLAC8,UBA7,0.89131796
203,183,PLAC8,XAF1,0.8911295
203,504,PLAC8,IFI44,0.8911295
203,410,PLAC8,SMARCA2,0.88994265
203,283,PLAC8,EGR1,0.88862336
203,518,PLAC8,PHF10,0.8876628
203,150,PLAC8,SORT1,0.887391
203,0,PLAC8,OTUD6B,0.88735753
203,8,PLAC8,ATAD1,0.88735753
203,128,PLAC8,APLP2,0.88735753
203,396,PLAC8,RUVBL2,0.88735753
203,432,PLAC8,HDC,0.88735753
203,450,PLAC8,MAGED1,0.88735753
203,514,PLAC8,PAK1,0.88735753
203,524,PLAC8,TBC1D10C,0.88735753
203,595,PLAC8,CSF3R,0.88735753
203,519,PLAC8,AGPS,0.8872546
203,81,PLAC8,HDAC11,0.8863496
203,198,PLAC8,NDN,0.8858259
203,404,PLAC8,FTSJ3,0.8855356
203,33,PLAC8,CSTF2,0.8853943
203,263,PLAC8,JUN,0.8849551
203,441,PLAC8,EBF1,0.8849523
203,362,PLAC8,PTGS1,0.88494277
203,2,PLAC8,PPP1R15A,0.8849307
203,140,PLAC8,ANXA3,0.8849307
203,546,PLAC8,PROCR,0.8849307
203,622,PLAC8,KRT18,0.8849307
203,146,PLAC8,SCARF1,0.88484615
203,564,PLAC8,MFNG,0.8846921
203,553,PLAC8,DHFR,0.8843538
203,136,PLAC8,TACC3,0.8843514
203,367,PLAC8,HCFC1,0.8841701
203,394,PLAC8,MAPK1,0.88388336
203,251,PLAC8,IRF6,0.8835786
203,486,PLAC8,NFKBIA,0.8834101
203,34,PLAC8,MAML3,0.8834074
203,554,PLAC8,CDT1,0.8828775
203,590,PLAC8,IL12A,0.88255596
203,210,PLAC8,PNO1,0.8824336
203,232,PLAC8,ICAM1,0.88228744
203,440,PLAC8,TMEM97,0.8819613
203,464,PLAC8,ZNRF2,0.8819419
157,514,PLAG1,PAK1,0.90190274
157,28,PLAG1,NFE2,0.8983655
157,357,PLAG1,MEIS1,0.89649427
157,78,PLAG1,MECOM,0.8962374
157,137,PLAG1,MYCN,0.89262396
157,57,PLAG1,OASL2,0.89194083
157,277,PLAG1,RTP4,0.89194053
157,200,PLAG1,IGTP,0.8912226
157,609,PLAG1,UBA7,0.8911502
157,504,PLAG1,IFI44,0.89110327
157,410,PLAG1,SMARCA2,0.8899257
157,232,PLAG1,ICAM1,0.8890567
157,283,PLAG1,EGR1,0.88864714
157,194,PLAG1,GOLPH3,0.88859123
157,518,PLAG1,PHF10,0.88764507
157,34,PLAG1,MAML3,0.8875594
157,432,PLAG1,HDC,0.8873755
157,0,PLAG1,OTUD6B,0.8873572
157,136,PLAG1,TACC3,0.8873572
157,396,PLAG1,RUVBL2,0.8873572
157,450,PLAG1,MAGED1,0.8873572
157,524,PLAG1,TBC1D10C,0.8873572
157,128,PLAG1,APLP2,0.8873476
157,150,PLAG1,SORT1,0.8873467
157,595,PLAG1,CSF3R,0.8872829
157,8,PLAG1,ATAD1,0.8872543
157,519,PLAG1,AGPS,0.8867846
157,81,PLAG1,HDAC11,0.88636285
157,198,PLAG1,NDN,0.8857979
157,404,PLAG1,FTSJ3,0.8855358
157,33,PLAG1,CSTF2,0.8854538
157,263,PLAG1,JUN,0.884927
157,622,PLAG1,KRT18,0.8849131
157,47,PLAG1,FGL2,0.8849047
157,140,PLAG1,ANXA3,0.8849047
157,146,PLAG1,SCARF1,0.8849047
157,362,PLAG1,PTGS1,0.8849047
157,546,PLAG1,PROCR,0.8848948
157,2,PLAG1,PPP1R15A,0.88488436
157,564,PLAG1,MFNG,0.88465476
157,190,PLAG1,RAD51,0.8843264
157,553,PLAG1,DHFR,0.8843264
157,367,PLAG1,HCFC1,0.88415396
157,394,PLAG1,MAPK1,0.8838468
157,251,PLAG1,IRF6,0.8836629
157,486,PLAG1,NFKBIA,0.88339585
157,554,PLAG1,CDT1,0.88287765
157,590,PLAG1,IL12A,0.88253915
157,210,PLAG1,PNO1,0.8824361
157,440,PLAG1,TMEM97,0.8819445
11,357,PLD3,MEIS1,0.8964657
11,78,PLD3,MECOM,0.8962053
11,137,PLD3,MYCN,0.8924979
11,57,PLD3,OASL2,0.891908
11,277,PLD3,RTP4,0.89190775
11,504,PLD3,IFI44,0.8910941
11,183,PLD3,XAF1,0.89106536
11,609,PLD3,UBA7,0.89106536
11,410,PLD3,SMARCA2,0.88990384
11,590,PLD3,IL12A,0.8893729
11,606,PLD3,ELP2,0.8890646
11,283,PLD3,EGR1,0.88861525
11,518,PLD3,PHF10,0.88757145
11,524,PLD3,TBC1D10C,0.88739127
11,0,PLD3,OTUD6B,0.887373
11,8,PLD3,ATAD1,0.887373
11,128,PLD3,APLP2,0.887373
11,136,PLD3,TACC3,0.887373
11,432,PLD3,HDC,0.887373
11,450,PLD3,MAGED1,0.887373
11,514,PLD3,PAK1,0.887373
11,519,PLD3,AGPS,0.887373
11,595,PLD3,CSF3R,0.887373
11,396,PLD3,RUVBL2,0.8873634
11,81,PLD3,HDAC11,0.8863752
11,198,PLD3,NDN,0.8857542
11,194,PLD3,GOLPH3,0.88565415
11,546,PLD3,PROCR,0.88565415
11,404,PLD3,FTSJ3,0.8855239
11,33,PLD3,CSTF2,0.8854186
11,2,PLD3,PPP1R15A,0.884893
11,263,PLD3,JUN,0.88488704
11,47,PLD3,FGL2,0.8848715
11,140,PLD3,ANXA3,0.8848715
11,146,PLD3,SCARF1,0.8848715
11,362,PLD3,PTGS1,0.8848715
11,441,PLD3,EBF1,0.8848715
11,564,PLD3,MFNG,0.8847221
11,553,PLD3,DHFR,0.88433236
11,190,PLD3,RAD51,0.88425845
11,367,PLD3,HCFC1,0.8841181
11,394,PLD3,MAPK1,0.8838125
11,251,PLD3,IRF6,0.8835243
11,28,PLD3,NFE2,0.883468
11,34,PLD3,MAML3,0.8834338
11,486,PLD3,NFKBIA,0.8833598
11,347,PLD3,RNF4,0.883066
11,554,PLD3,CDT1,0.8828956
11,210,PLD3,PNO1,0.8824409
11,440,PLD3,TMEM97,0.88194895
490,8,PLEK,ATAD1,0.90148413
490,28,PLEK,NFE2,0.8983655
490,357,PLEK,MEIS1,0.89649427
490,78,PLEK,MECOM,0.8962374
490,504,PLEK,IFI44,0.8933047
490,137,PLEK,MYCN,0.89262396
490,57,PLEK,OASL2,0.89194083
490,277,PLEK,RTP4,0.89194053
490,183,PLEK,XAF1,0.89110327
490,200,PLEK,IGTP,0.89110327
490,609,PLEK,UBA7,0.89110327
490,283,PLEK,EGR1,0.88864714
490,518,PLEK,PHF10,0.8876415
490,0,PLEK,OTUD6B,0.8873572
490,128,PLEK,APLP2,0.8873572
490,136,PLEK,TACC3,0.8873572
490,150,PLEK,SORT1,0.8873572
490,432,PLEK,HDC,0.8873572
490,450,PLEK,MAGED1,0.8873572
490,514,PLEK,PAK1,0.8873572
490,524,PLEK,TBC1D10C,0.8873572
490,519,PLEK,AGPS,0.8865798
490,81,PLEK,HDAC11,0.88615227
490,198,PLEK,NDN,0.8857979
490,404,PLEK,FTSJ3,0.8855358
490,33,PLEK,CSTF2,0.8854538
490,2,PLEK,PPP1R15A,0.88500047
490,47,PLEK,FGL2,0.88500047
490,263,PLEK,JUN,0.884927
490,140,PLEK,ANXA3,0.8849047
490,146,PLEK,SCARF1,0.8849047
490,194,PLEK,GOLPH3,0.8849047
490,362,PLEK,PTGS1,0.8849047
490,441,PLEK,EBF1,0.8849047
490,546,PLEK,PROCR,0.8849047
490,622,PLEK,KRT18,0.8849047
490,410,PLEK,SMARCA2,0.8848682
490,564,PLEK,MFNG,0.88467485
490,190,PLEK,RAD51,0.8843264
490,553,PLEK,DHFR,0.8843264
490,367,PLEK,HCFC1,0.88415396
490,394,PLEK,MAPK1,0.8838468
490,595,PLEK,CSF3R,0.8838291
490,251,PLEK,IRF6,0.8836629
490,34,PLEK,MAML3,0.8834213
490,486,PLEK,NFKBIA,0.8832411
490,554,PLEK,CDT1,0.88287765
490,590,PLEK,IL12A,0.8825385
490,210,PLEK,PNO1,0.8824361
490,232,PLEK,ICAM1,0.8822789
97,28,PLEKHO2,NFE2,0.8983655
97,357,PLEKHO2,MEIS1,0.89649427
97,78,PLEKHO2,MECOM,0.8962374
97,137,PLEKHO2,MYCN,0.89262396
97,57,PLEKHO2,OASL2,0.89197755
97,277,PLEKHO2,RTP4,0.89197725
97,183,PLEKHO2,XAF1,0.89110327
97,200,PLEKHO2,IGTP,0.89110327
97,504,PLEKHO2,IFI44,0.89110327
97,609,PLEKHO2,UBA7,0.89110327
97,410,PLEKHO2,SMARCA2,0.88984984
97,283,PLEKHO2,EGR1,0.88853025
97,518,PLEKHO2,PHF10,0.88764507
97,0,PLEKHO2,OTUD6B,0.8873572
97,8,PLEKHO2,ATAD1,0.8873572
97,128,PLEKHO2,APLP2,0.8873572
97,136,PLEKHO2,TACC3,0.8873572
97,150,PLEKHO2,SORT1,0.8873572
97,396,PLEKHO2,RUVBL2,0.8873572
97,432,PLEKHO2,HDC,0.8873572
97,450,PLEKHO2,MAGED1,0.8873572
97,514,PLEKHO2,PAK1,0.8873572
97,519,PLEKHO2,AGPS,0.8873572
97,524,PLEKHO2,TBC1D10C,0.8873572
97,595,PLEKHO2,CSF3R,0.8873572
97,81,PLEKHO2,HDAC11,0.88636285
97,198,PLEKHO2,NDN,0.8857787
97,404,PLEKHO2,FTSJ3,0.8855358
97,33,PLEKHO2,CSTF2,0.88539034
97,47,PLEKHO2,FGL2,0.8851272
97,263,PLEKHO2,JUN,0.884927
97,2,PLEKHO2,PPP1R15A,0.8849047
97,146,PLEKHO2,SCARF1,0.8849047
97,194,PLEKHO2,GOLPH3,0.8849047
97,362,PLEKHO2,PTGS1,0.8849047
97,441,PLEKHO2,EBF1,0.8849047
97,622,PLEKHO2,KRT18,0.8849047
97,546,PLEKHO2,PROCR,0.88483244
97,564,PLEKHO2,MFNG,0.8845927
97,190,PLEKHO2,RAD51,0.8843264
97,367,PLEKHO2,HCFC1,0.88415396
97,140,PLEKHO2,ANXA3,0.88380176
97,394,PLEKHO2,MAPK1,0.8837269
97,251,PLEKHO2,IRF6,0.8836629
97,486,PLEKHO2,NFKBIA,0.8834648
97,34,PLEKHO2,MAML3,0.8834213
97,553,PLEKHO2,DHFR,0.8830442
97,554,PLEKHO2,CDT1,0.88287765
97,590,PLEKHO2,IL12A,0.88253915
97,210,PLEKHO2,PNO1,0.8824361
243,410,PLIN3,SMARCA2,0.87842137
243,404,PLIN3,FTSJ3,0.8783475
243,28,PLIN3,NFE2,0.8780332
243,0,PLIN3,OTUD6B,0.877308
243,8,PLIN3,ATAD1,0.877308
243,128,PLIN3,APLP2,0.877308
243,136,PLIN3,TACC3,0.877308
243,432,PLIN3,HDC,0.877308
243,450,PLIN3,MAGED1,0.877308
243,514,PLIN3,PAK1,0.877308
243,519,PLIN3,AGPS,0.877308
243,524,PLIN3,TBC1D10C,0.877308
243,150,PLIN3,SORT1,0.8772043
243,357,PLIN3,MEIS1,0.8749391
243,595,PLIN3,CSF3R,0.87377495
243,81,PLIN3,HDAC11,0.87344766
243,78,PLIN3,MECOM,0.87252456
243,554,PLIN3,CDT1,0.8707757
243,34,PLIN3,MAML3,0.86984557
243,464,PLIN3,ZNRF2,0.86938304
243,440,PLIN3,TMEM97,0.8692186
243,210,PLIN3,PNO1,0.86827445
243,57,PLIN3,OASL2,0.8674666
243,277,PLIN3,RTP4,0.8674664
243,429,PLIN3,GFI1B,0.86676794
243,183,PLIN3,XAF1,0.86665165
243,200,PLIN3,IGTP,0.86665165
243,504,PLIN3,IFI44,0.86665165
243,292,PLIN3,HDAC7,0.864985
243,283,PLIN3,EGR1,0.8647505
243,33,PLIN3,CSTF2,0.86383754
243,82,PLIN3,RB1,0.86339885
243,486,PLIN3,NFKBIA,0.86317784
243,161,PLIN3,JARID2,0.86245704
243,367,PLIN3,HCFC1,0.8614563
243,190,PLIN3,RAD51,0.86043006
243,553,PLIN3,DHFR,0.86043006
243,362,PLIN3,PTGS1,0.86026657
243,439,PLIN3,DDX20,0.85936946
243,198,PLIN3,NDN,0.85931534
243,177,PLIN3,RELB,0.85926324
243,2,PLIN3,PPP1R15A,0.8591415
243,47,PLIN3,FGL2,0.8591415
243,140,PLIN3,ANXA3,0.8591415
243,146,PLIN3,SCARF1,0.8591415
243,194,PLIN3,GOLPH3,0.8591415
243,441,PLIN3,EBF1,0.8591415
243,546,PLIN3,PROCR,0.8591415
243,518,PLIN3,PHF10,0.85898983
243,331,PLIN3,PIM2,0.858123
479,28,PLPPR3,NFE2,0.8983655
479,357,PLPPR3,MEIS1,0.89649427
479,78,PLPPR3,MECOM,0.8962374
479,137,PLPPR3,MYCN,0.89262396
479,57,PLPPR3,OASL2,0.89194083
479,277,PLPPR3,RTP4,0.89193696
479,161,PLPPR3,JARID2,0.8915944
479,183,PLPPR3,XAF1,0.8911414
479,200,PLPPR3,IGTP,0.89110327
479,504,PLPPR3,IFI44,0.89110327
479,609,PLPPR3,UBA7,0.8910734
479,410,PLPPR3,SMARCA2,0.8899257
479,283,PLPPR3,EGR1,0.88864714
479,518,PLPPR3,PHF10,0.88764507
479,514,PLPPR3,PAK1,0.8873907
479,0,PLPPR3,OTUD6B,0.8873785
479,136,PLPPR3,TACC3,0.8873785
479,8,PLPPR3,ATAD1,0.8873572
479,150,PLPPR3,SORT1,0.8873572
479,396,PLPPR3,RUVBL2,0.8873572
479,432,PLPPR3,HDC,0.8873572
479,450,PLPPR3,MAGED1,0.8873572
479,524,PLPPR3,TBC1D10C,0.8873572
479,81,PLPPR3,HDAC11,0.88636285
479,198,PLPPR3,NDN,0.8857979
479,404,PLPPR3,FTSJ3,0.8855358
479,33,PLPPR3,CSTF2,0.8854538
479,2,PLPPR3,PPP1R15A,0.8849424
479,146,PLPPR3,SCARF1,0.8849424
479,47,PLPPR3,FGL2,0.8849047
479,140,PLPPR3,ANXA3,0.8849047
479,194,PLPPR3,GOLPH3,0.8849047
479,362,PLPPR3,PTGS1,0.8849047
479,441,PLPPR3,EBF1,0.8849047
479,546,PLPPR3,PROCR,0.8849047
479,622,PLPPR3,KRT18,0.8849047
479,564,PLPPR3,MFNG,0.88467485
479,190,PLPPR3,RAD51,0.8843264
479,553,PLPPR3,DHFR,0.8843264
479,367,PLPPR3,HCFC1,0.88415396
479,394,PLPPR3,MAPK1,0.8838468
479,251,PLPPR3,IRF6,0.8836629
479,34,PLPPR3,MAML3,0.8834213
479,486,PLPPR3,NFKBIA,0.88339585
479,554,PLPPR3,CDT1,0.88290805
479,590,PLPPR3,IL12A,0.88253915
479,210,PLPPR3,PNO1,0.8824361
479,232,PLPPR3,ICAM1,0.88227135
479,440,PLPPR3,TMEM97,0.8819445
479,464,PLPPR3,ZNRF2,0.8819445
188,136,PLXNC1,TACC3,0.90148413
188,28,PLXNC1,NFE2,0.8983655
188,357,PLXNC1,MEIS1,0.8965017
188,78,PLXNC1,MECOM,0.8962374
188,137,PLXNC1,MYCN,0.89262396
188,595,PLXNC1,CSF3R,0.89198464
188,277,PLXNC1,RTP4,0.89196503
188,57,PLXNC1,OASL2,0.89194083
188,161,PLXNC1,JARID2,0.8914738
188,200,PLXNC1,IGTP,0.8911414
188,183,PLXNC1,XAF1,0.89113456
188,609,PLXNC1,UBA7,0.89113456
188,553,PLXNC1,DHFR,0.8904931
188,410,PLXNC1,SMARCA2,0.8899317
188,283,PLXNC1,EGR1,0.8886809
188,518,PLXNC1,PHF10,0.8875971
188,8,PLXNC1,ATAD1,0.8873572
188,150,PLXNC1,SORT1,0.8873572
188,128,PLXNC1,APLP2,0.88732266
188,396,PLXNC1,RUVBL2,0.8872925
188,432,PLXNC1,HDC,0.8872925
188,514,PLXNC1,PAK1,0.8872925
188,519,PLXNC1,AGPS,0.8872925
188,524,PLXNC1,TBC1D10C,0.8872925
188,450,PLXNC1,MAGED1,0.8872013
188,81,PLXNC1,HDAC11,0.88636285
188,198,PLXNC1,NDN,0.88576704
188,33,PLXNC1,CSTF2,0.8854538
188,564,PLXNC1,MFNG,0.8853186
188,622,PLXNC1,KRT18,0.8850187
188,263,PLXNC1,JUN,0.8849595
188,194,PLXNC1,GOLPH3,0.8849229
188,362,PLXNC1,PTGS1,0.8849229
188,441,PLXNC1,EBF1,0.8849229
188,546,PLXNC1,PROCR,0.8849229
188,2,PLXNC1,PPP1R15A,0.8849047
188,47,PLXNC1,FGL2,0.8849047
188,140,PLXNC1,ANXA3,0.8849047
188,146,PLXNC1,SCARF1,0.8849047
188,190,PLXNC1,RAD51,0.88429683
188,367,PLXNC1,HCFC1,0.8841119
188,251,PLXNC1,IRF6,0.8839152
188,394,PLXNC1,MAPK1,0.8838655
188,34,PLXNC1,MAML3,0.8834213
188,486,PLXNC1,NFKBIA,0.88335496
188,554,PLXNC1,CDT1,0.8828015
188,590,PLXNC1,IL12A,0.88242555
188,210,PLXNC1,PNO1,0.8823103
188,232,PLXNC1,ICAM1,0.8822255
188,440,PLXNC1,TMEM97,0.8818341
210,34,PNO1,MAML3,0.91090804
210,292,PNO1,HDAC7,0.90432
210,81,PNO1,HDAC11,0.90419894
210,439,PNO1,DDX20,0.900257
210,209,PNO1,ZBTB16,0.89765364
210,524,PNO1,TBC1D10C,0.8898638
210,0,PNO1,OTUD6B,0.8896722
210,128,PNO1,APLP2,0.8896722
210,136,PNO1,TACC3,0.8896722
210,150,PNO1,SORT1,0.8896722
210,432,PNO1,HDC,0.8896722
210,450,PNO1,MAGED1,0.8896722
210,514,PNO1,PAK1,0.8896722
210,519,PNO1,AGPS,0.8896722
210,595,PNO1,CSF3R,0.8896722
210,396,PNO1,RUVBL2,0.88965416
210,8,PNO1,ATAD1,0.8838663
210,554,PNO1,CDT1,0.8829438
210,404,PNO1,FTSJ3,0.8809472
210,186,PNO1,STT3B,0.8791176
210,475,PNO1,BCL2,0.8789702
210,351,PNO1,ERCC8,0.87746286
210,82,PNO1,RB1,0.8770804
210,410,PNO1,SMARCA2,0.8765724
210,91,PNO1,FCHO2,0.8749098
210,206,PNO1,ZDHHC6,0.86797065
210,331,PNO1,PIM2,0.8675478
210,537,PNO1,TXNDC11,0.8670687
210,199,PNO1,E2F4,0.86361337
210,429,PNO1,GFI1B,0.86312336
210,161,PNO1,JARID2,0.8532731
210,289,PNO1,GT(ROSA)26SOR,0.84941584
210,255,PNO1,CD74,0.8491727
210,534,PNO1,MORC3,0.8452098
210,440,PNO1,TMEM97,0.84374315
210,464,PNO1,ZNRF2,0.84374315
210,611,PNO1,ZEB2,0.8369532
210,402,PNO1,EIF1AD,0.8336721
210,73,PNO1,RORC,0.8309119
210,50,PNO1,NFAT5,0.82192236
210,33,PNO1,CSTF2,0.8159118
210,183,PNO1,XAF1,0.8106931
210,504,PNO1,IFI44,0.8106931
210,609,PNO1,UBA7,0.8102457
210,226,PNO1,POLR2B,0.8099556
210,486,PNO1,NFKBIA,0.8082729
210,621,PNO1,SNRPB,0.8077986
210,216,PNO1,CUL3,0.7983062
210,363,PNO1,MYC,0.7940436
210,177,PNO1,RELB,0.79258066
290,189,POLD1,MCM5,0.96991616
290,279,POLD1,AURKB,0.9673738
290,299,POLD1,ORC2,0.96721375
290,21,POLD1,RRM1,0.96690404
290,74,POLD1,TOP2A,0.9664661
290,345,POLD1,UHRF1,0.9662321
290,246,POLD1,TK1,0.9654747
290,500,POLD1,MCM3,0.96540236
290,204,POLD1,MCM2,0.9643734
290,399,POLD1,RRM2,0.963851
290,323,POLD1,MCM4,0.96381307
290,497,POLD1,TYMS,0.9636032
290,561,POLD1,MCM7,0.9635084
290,350,POLD1,MCM6,0.96329623
290,240,POLD1,RPA2,0.96326184
290,230,POLD1,TOP3B,0.9628731
290,297,POLD1,LIG1,0.9625664
290,273,POLD1,FIGNL1,0.96245176
290,42,POLD1,HMGB2,0.9617335
290,266,POLD1,MSH6,0.9615783
290,411,POLD1,CDC45,0.9613248
290,226,POLD1,POLR2B,0.9610214
290,86,POLD1,RANGAP1,0.961021
290,182,POLD1,RPA1,0.9609887
290,53,POLD1,ORC6,0.9609883
290,620,POLD1,TIPIN,0.9608407
290,478,POLD1,MKI67,0.96080416
290,610,POLD1,PRIM2,0.9608038
290,30,POLD1,PBK,0.9607124
290,118,POLD1,MIS12,0.9605361
290,102,POLD1,PRIM1,0.9603902
290,407,POLD1,CDC7,0.9592464
290,510,POLD1,XRCC6,0.9589992
290,68,POLD1,MIS18BP1,0.9588692
290,259,POLD1,NUP107,0.9588692
290,430,POLD1,SEH1L,0.9588692
290,414,POLD1,CENPK,0.9579073
290,361,POLD1,CCNB2,0.95545137
290,91,POLD1,FCHO2,0.9522728
290,537,POLD1,TXNDC11,0.9522728
290,611,POLD1,ZEB2,0.9522728
290,439,POLD1,DDX20,0.94541407
290,82,POLD1,RB1,0.94040406
290,292,POLD1,HDAC7,0.9398061
290,621,POLD1,SNRPB,0.9367211
290,475,POLD1,BCL2,0.93331
290,206,POLD1,ZDHHC6,0.91965526
290,534,POLD1,MORC3,0.919456
290,34,POLD1,MAML3,0.9147974
290,81,POLD1,HDAC11,0.8792558
370,28,POLE3,NFE2,0.8983701
370,357,POLE3,MEIS1,0.89649904
370,78,POLE3,MECOM,0.8962431
370,137,POLE3,MYCN,0.89263076
370,57,POLE3,OASL2,0.89194626
370,277,POLE3,RTP4,0.89194596
370,183,POLE3,XAF1,0.8911094
370,504,POLE3,IFI44,0.8911094
370,609,POLE3,UBA7,0.8911094
370,200,POLE3,IGTP,0.89094615
370,410,POLE3,SMARCA2,0.88993126
370,283,POLE3,EGR1,0.88853544
370,518,POLE3,PHF10,0.88765126
370,441,POLE3,EBF1,0.8876097
370,622,POLE3,KRT18,0.8876097
370,396,POLE3,RUVBL2,0.88742596
370,432,POLE3,HDC,0.8874167
370,595,POLE3,CSF3R,0.8874167
370,8,POLE3,ATAD1,0.8873604
370,136,POLE3,TACC3,0.8873604
370,150,POLE3,SORT1,0.8873604
370,450,POLE3,MAGED1,0.8873604
370,519,POLE3,AGPS,0.8873604
370,524,POLE3,TBC1D10C,0.8873604
370,0,POLE3,OTUD6B,0.8873572
370,128,POLE3,APLP2,0.88724524
370,81,POLE3,HDAC11,0.8864834
370,404,POLE3,FTSJ3,0.88553965
370,33,POLE3,CSTF2,0.88545895
370,394,POLE3,MAPK1,0.8852361
370,263,POLE3,JUN,0.88493335
370,2,POLE3,PPP1R15A,0.8849103
370,47,POLE3,FGL2,0.8849103
370,140,POLE3,ANXA3,0.8849103
370,146,POLE3,SCARF1,0.8849103
370,194,POLE3,GOLPH3,0.8849103
370,362,POLE3,PTGS1,0.8849103
370,546,POLE3,PROCR,0.8849103
370,564,POLE3,MFNG,0.8846806
370,198,POLE3,NDN,0.8845096
370,190,POLE3,RAD51,0.8844134
370,553,POLE3,DHFR,0.88432807
370,367,POLE3,HCFC1,0.88416237
370,251,POLE3,IRF6,0.8836692
370,34,POLE3,MAML3,0.8833812
370,486,POLE3,NFKBIA,0.8833039
370,554,POLE3,CDT1,0.88288116
370,590,POLE3,IL12A,0.882545
370,210,POLE3,PNO1,0.8824392
370,232,POLE3,ICAM1,0.8822761
3,81,POLR1B,HDAC11,0.93571913
3,34,POLR1B,MAML3,0.93225247
3,554,POLR1B,CDT1,0.93204725
3,0,POLR1B,OTUD6B,0.92765933
3,136,POLR1B,TACC3,0.92765933
3,150,POLR1B,SORT1,0.92765933
3,396,POLR1B,RUVBL2,0.92765933
3,432,POLR1B,HDC,0.92765933
3,450,POLR1B,MAGED1,0.92765933
3,514,POLR1B,PAK1,0.92765933
3,519,POLR1B,AGPS,0.92765933
3,595,POLR1B,CSF3R,0.92765933
3,8,POLR1B,ATAD1,0.92762154
3,404,POLR1B,FTSJ3,0.92733425
3,331,POLR1B,PIM2,0.927134
3,209,POLR1B,ZBTB16,0.9254746
3,199,POLR1B,E2F4,0.9249158
3,410,POLR1B,SMARCA2,0.92138976
3,186,POLR1B,STT3B,0.92129606
3,292,POLR1B,HDAC7,0.9207537
3,429,POLR1B,GFI1B,0.91978174
3,524,POLR1B,TBC1D10C,0.91918224
3,439,POLR1B,DDX20,0.91114444
3,161,POLR1B,JARID2,0.90997833
3,200,POLR1B,IGTP,0.9091778
3,183,POLR1B,XAF1,0.9091311
3,504,POLR1B,IFI44,0.9091209
3,609,POLR1B,UBA7,0.9090521
3,128,POLR1B,APLP2,0.9072789
3,351,POLR1B,ERCC8,0.9066125
3,255,POLR1B,CD74,0.90581876
3,289,POLR1B,GT(ROSA)26SOR,0.90581876
3,82,POLR1B,RB1,0.9048083
3,440,POLR1B,TMEM97,0.9046907
3,464,POLR1B,ZNRF2,0.9046907
3,402,POLR1B,EIF1AD,0.9040533
3,137,POLR1B,MYCN,0.90079516
3,73,POLR1B,RORC,0.8978738
3,210,POLR1B,PNO1,0.89777964
3,475,POLR1B,BCL2,0.89711267
3,486,POLR1B,NFKBIA,0.8945961
3,50,POLR1B,NFAT5,0.8928079
3,33,POLR1B,CSTF2,0.88568467
3,206,POLR1B,ZDHHC6,0.881304
3,590,POLR1B,IL12A,0.8808853
3,363,POLR1B,MYC,0.8807142
3,216,POLR1B,CUL3,0.87845135
3,165,POLR1B,GTF2H1,0.87738436
3,177,POLR1B,RELB,0.8754033
3,534,POLR1B,MORC3,0.8752398
226,189,POLR2B,MCM5,0.9652475
226,299,POLR2B,ORC2,0.9626312
226,290,POLR2B,POLD1,0.9619787
226,279,POLR2B,AURKB,0.9610507
226,21,POLR2B,RRM1,0.9607535
226,74,POLR2B,TOP2A,0.9596897
226,246,POLR2B,TK1,0.9581485
226,345,POLR2B,UHRF1,0.9577975
226,500,POLR2B,MCM3,0.9569672
226,323,POLR2B,MCM4,0.95493823
226,497,POLR2B,TYMS,0.95483595
226,399,POLR2B,RRM2,0.9547017
226,561,POLR2B,MCM7,0.9543749
226,86,POLR2B,RANGAP1,0.95364755
226,204,POLR2B,MCM2,0.9533094
226,350,POLR2B,MCM6,0.9533017
226,297,POLR2B,LIG1,0.95319146
226,273,POLR2B,FIGNL1,0.95298517
226,91,POLR2B,FCHO2,0.95211077
226,611,POLR2B,ZEB2,0.95211077
226,266,POLR2B,MSH6,0.9520444
226,42,POLR2B,HMGB2,0.9515878
226,182,POLR2B,RPA1,0.95133054
226,53,POLR2B,ORC6,0.95133
226,411,POLR2B,CDC45,0.9513113
226,478,POLR2B,MKI67,0.9508108
226,620,POLR2B,TIPIN,0.95076895
226,30,POLR2B,PBK,0.95019364
226,102,POLR2B,PRIM1,0.950178
226,240,POLR2B,RPA2,0.9500035
226,610,POLR2B,PRIM2,0.94987994
226,537,POLR2B,TXNDC11,0.94974697
226,407,POLR2B,CDC7,0.9488195
226,230,POLR2B,TOP3B,0.94860536
226,510,POLR2B,XRCC6,0.94606876
226,439,POLR2B,DDX20,0.945932
226,118,POLR2B,MIS12,0.9459201
226,68,POLR2B,MIS18BP1,0.943098
226,259,POLR2B,NUP107,0.943098
226,430,POLR2B,SEH1L,0.943098
226,414,POLR2B,CENPK,0.94260377
226,361,POLR2B,CCNB2,0.9418052
226,292,POLR2B,HDAC7,0.94107217
226,82,POLR2B,RB1,0.9322992
226,621,POLR2B,SNRPB,0.92324024
226,34,POLR2B,MAML3,0.9159075
226,534,POLR2B,MORC3,0.9125854
226,206,POLR2B,ZDHHC6,0.9120735
226,475,POLR2B,BCL2,0.89288765
226,186,POLR2B,STT3B,0.8832073
340,8,POR,ATAD1,0.901884
340,28,POR,NFE2,0.8983655
340,357,POR,MEIS1,0.89649427
340,78,POR,MECOM,0.8962374
340,137,POR,MYCN,0.89262396
340,57,POR,OASL2,0.89194083
340,277,POR,RTP4,0.89194053
340,504,POR,IFI44,0.89128894
340,200,POR,IGTP,0.89110327
340,609,POR,UBA7,0.89110327
340,183,POR,XAF1,0.8910734
340,410,POR,SMARCA2,0.8899257
340,283,POR,EGR1,0.88864714
340,518,POR,PHF10,0.88764507
340,441,POR,EBF1,0.88756645
340,524,POR,TBC1D10C,0.8874228
340,0,POR,OTUD6B,0.8873572
340,150,POR,SORT1,0.8873572
340,432,POR,HDC,0.8873572
340,514,POR,PAK1,0.8873572
340,519,POR,AGPS,0.88726604
340,136,POR,TACC3,0.8865584
340,450,POR,MAGED1,0.8865584
340,396,POR,RUVBL2,0.88654757
340,81,POR,HDAC11,0.88636285
340,198,POR,NDN,0.8857979
340,33,POR,CSTF2,0.8854538
340,2,POR,PPP1R15A,0.88500047
340,622,POR,KRT18,0.88494617
340,263,POR,JUN,0.884927
340,47,POR,FGL2,0.8849047
340,140,POR,ANXA3,0.8849047
340,146,POR,SCARF1,0.8849047
340,194,POR,GOLPH3,0.8849047
340,546,POR,PROCR,0.8849047
340,362,POR,PTGS1,0.8848201
340,363,POR,MYC,0.88436043
340,190,POR,RAD51,0.8843264
340,553,POR,DHFR,0.8843264
340,367,POR,HCFC1,0.8839234
340,394,POR,MAPK1,0.8838468
340,251,POR,IRF6,0.8836629
340,486,POR,NFKBIA,0.88339585
340,34,POR,MAML3,0.88338184
340,232,POR,ICAM1,0.88317394
340,554,POR,CDT1,0.88287765
340,590,POR,IL12A,0.88253915
340,429,POR,GFI1B,0.8822198
340,440,POR,TMEM97,0.8819445
340,464,POR,ZNRF2,0.8819445
131,34,PPAT,MAML3,0.9263805
131,81,PPAT,HDAC11,0.9234371
131,519,PPAT,AGPS,0.92281723
131,209,PPAT,ZBTB16,0.9189912
131,554,PPAT,CDT1,0.91880715
131,136,PPAT,TACC3,0.9163373
131,8,PPAT,ATAD1,0.9163305
131,128,PPAT,APLP2,0.9163305
131,150,PPAT,SORT1,0.9163305
131,396,PPAT,RUVBL2,0.9163305
131,450,PPAT,MAGED1,0.9163305
131,514,PPAT,PAK1,0.9163305
131,595,PPAT,CSF3R,0.9163305
131,432,PPAT,HDC,0.91628
131,0,PPAT,OTUD6B,0.91626936
131,524,PPAT,TBC1D10C,0.9162626
131,292,PPAT,HDAC7,0.9159325
131,410,PPAT,SMARCA2,0.9143204
131,331,PPAT,PIM2,0.9128384
131,199,PPAT,E2F4,0.9123305
131,404,PPAT,FTSJ3,0.91132873
131,351,PPAT,ERCC8,0.9091768
131,186,PPAT,STT3B,0.90852463
131,429,PPAT,GFI1B,0.9081485
131,439,PPAT,DDX20,0.90478915
131,161,PPAT,JARID2,0.9005643
131,475,PPAT,BCL2,0.8987402
131,504,PPAT,IFI44,0.897814
131,183,PPAT,XAF1,0.89766216
131,200,PPAT,IGTP,0.89766216
131,609,PPAT,UBA7,0.89764977
131,255,PPAT,CD74,0.8963839
131,289,PPAT,GT(ROSA)26SOR,0.8963839
131,82,PPAT,RB1,0.89625996
131,440,PPAT,TMEM97,0.89247197
131,73,PPAT,RORC,0.8868355
131,210,PPAT,PNO1,0.8866588
131,137,PPAT,MYCN,0.8849726
131,486,PPAT,NFKBIA,0.8841409
131,402,PPAT,EIF1AD,0.8822523
131,50,PPAT,NFAT5,0.8807067
131,206,PPAT,ZDHHC6,0.8789005
131,464,PPAT,ZNRF2,0.87671363
131,33,PPAT,CSTF2,0.8754669
131,590,PPAT,IL12A,0.86922836
131,363,PPAT,MYC,0.8671873
131,91,PPAT,FCHO2,0.865528
131,537,PPAT,TXNDC11,0.865528
131,611,PPAT,ZEB2,0.865528
131,177,PPAT,RELB,0.86252016
2,410,PPP1R15A,SMARCA2,0.9166429
2,554,PPP1R15A,CDT1,0.91091007
2,429,PPP1R15A,GFI1B,0.9095671
2,0,PPP1R15A,OTUD6B,0.90795124
2,136,PPP1R15A,TACC3,0.90795124
2,150,PPP1R15A,SORT1,0.90795124
2,396,PPP1R15A,RUVBL2,0.90795124
2,432,PPP1R15A,HDC,0.90795124
2,450,PPP1R15A,MAGED1,0.90795124
2,514,PPP1R15A,PAK1,0.90795124
2,519,PPP1R15A,AGPS,0.90795124
2,595,PPP1R15A,CSF3R,0.90795124
2,8,PPP1R15A,ATAD1,0.90781456
2,161,PPP1R15A,JARID2,0.906985
2,128,PPP1R15A,APLP2,0.9067
2,440,PPP1R15A,TMEM97,0.9058867
2,464,PPP1R15A,ZNRF2,0.9058867
2,81,PPP1R15A,HDAC11,0.9053631
2,255,PPP1R15A,CD74,0.90515256
2,289,PPP1R15A,GT(ROSA)26SOR,0.90515256
2,331,PPP1R15A,PIM2,0.9026736
2,73,PPP1R15A,RORC,0.9013177
2,210,PPP1R15A,PNO1,0.90126824
2,524,PPP1R15A,TBC1D10C,0.9001854
2,404,PPP1R15A,FTSJ3,0.8999782
2,200,PPP1R15A,IGTP,0.8970294
2,609,PPP1R15A,UBA7,0.8969845
2,504,PPP1R15A,IFI44,0.89698136
2,183,PPP1R15A,XAF1,0.8969801
2,199,PPP1R15A,E2F4,0.8964487
2,34,PPP1R15A,MAML3,0.8953562
2,486,PPP1R15A,NFKBIA,0.8936604
2,50,PPP1R15A,NFAT5,0.8936586
2,351,PPP1R15A,ERCC8,0.8930874
2,78,PPP1R15A,MECOM,0.8930561
2,209,PPP1R15A,ZBTB16,0.89039624
2,177,PPP1R15A,RELB,0.8898743
2,137,PPP1R15A,MYCN,0.88982695
2,33,PPP1R15A,CSTF2,0.88764197
2,67,PPP1R15A,HDAC2,0.8856012
2,357,PPP1R15A,MEIS1,0.885151
2,318,PPP1R15A,GANAB,0.884229
2,367,PPP1R15A,HCFC1,0.8840514
2,28,PPP1R15A,NFE2,0.8839859
2,590,PPP1R15A,IL12A,0.8829232
2,277,PPP1R15A,RTP4,0.8822356
2,57,PPP1R15A,OASL2,0.8822336
2,263,PPP1R15A,JUN,0.88149494
2,363,PPP1R15A,MYC,0.87988
2,292,PPP1R15A,HDAC7,0.87980694
58,81,PRDM16,HDAC11,0.9249149
58,554,PRDM16,CDT1,0.92206335
58,410,PRDM16,SMARCA2,0.9206828
58,150,PRDM16,SORT1,0.91978556
58,0,PRDM16,OTUD6B,0.919706
58,8,PRDM16,ATAD1,0.919706
58,128,PRDM16,APLP2,0.919706
58,136,PRDM16,TACC3,0.919706
58,396,PRDM16,RUVBL2,0.919706
58,432,PRDM16,HDC,0.919706
58,514,PRDM16,PAK1,0.919706
58,519,PRDM16,AGPS,0.919706
58,524,PRDM16,TBC1D10C,0.919706
58,595,PRDM16,CSF3R,0.919706
58,450,PRDM16,MAGED1,0.9196493
58,34,PRDM16,MAML3,0.9187053
58,199,PRDM16,E2F4,0.9176056
58,331,PRDM16,PIM2,0.9154584
58,404,PRDM16,FTSJ3,0.9153777
58,209,PRDM16,ZBTB16,0.91371775
58,351,PRDM16,ERCC8,0.9131272
58,429,PRDM16,GFI1B,0.9130389
58,609,PRDM16,UBA7,0.911304
58,183,PRDM16,XAF1,0.91126215
58,200,PRDM16,IGTP,0.91126215
58,504,PRDM16,IFI44,0.91126215
58,161,PRDM16,JARID2,0.9067696
58,292,PRDM16,HDAC7,0.90639305
58,255,PRDM16,CD74,0.9043453
58,289,PRDM16,GT(ROSA)26SOR,0.9043453
58,186,PRDM16,STT3B,0.9041575
58,464,PRDM16,ZNRF2,0.9033778
58,210,PRDM16,PNO1,0.90057766
58,137,PRDM16,MYCN,0.8999061
58,73,PRDM16,RORC,0.8993226
58,439,PRDM16,DDX20,0.8926979
58,50,PRDM16,NFAT5,0.8926839
58,486,PRDM16,NFKBIA,0.89182293
58,402,PRDM16,EIF1AD,0.88912225
58,440,PRDM16,TMEM97,0.88471544
58,82,PRDM16,RB1,0.88470775
58,33,PRDM16,CSTF2,0.88443744
58,590,PRDM16,IL12A,0.8831671
58,580,PRDM16,MLLT3,0.88164276
58,293,PRDM16,IRF7,0.87872267
58,177,PRDM16,RELB,0.87808144
58,67,PRDM16,HDAC2,0.8775735
58,78,PRDM16,MECOM,0.8775579
58,277,PRDM16,RTP4,0.8772166
58,57,PRDM16,OASL2,0.87721264
303,28,PRELID3B,NFE2,0.8983601
303,357,PRELID3B,MEIS1,0.89649427
303,78,PRELID3B,MECOM,0.8962374
303,137,PRELID3B,MYCN,0.89262396
303,519,PRELID3B,AGPS,0.8920358
303,277,PRELID3B,RTP4,0.89194053
303,57,PRELID3B,OASL2,0.8918626
303,183,PRELID3B,XAF1,0.89110327
303,200,PRELID3B,IGTP,0.89110327
303,504,PRELID3B,IFI44,0.89110327
303,609,PRELID3B,UBA7,0.89110327
303,410,PRELID3B,SMARCA2,0.8905263
303,73,PRELID3B,RORC,0.88936245
303,283,PRELID3B,EGR1,0.88864714
303,518,PRELID3B,PHF10,0.8878117
303,8,PRELID3B,ATAD1,0.8873572
303,128,PRELID3B,APLP2,0.8873572
303,136,PRELID3B,TACC3,0.8873572
303,150,PRELID3B,SORT1,0.8873572
303,432,PRELID3B,HDC,0.8873572
303,524,PRELID3B,TBC1D10C,0.8873572
303,595,PRELID3B,CSF3R,0.8873572
303,450,PRELID3B,MAGED1,0.88726604
303,33,PRELID3B,CSTF2,0.8865017
303,81,PRELID3B,HDAC11,0.88636285
303,198,PRELID3B,NDN,0.8857979
303,404,PRELID3B,FTSJ3,0.8855358
303,263,PRELID3B,JUN,0.884927
303,2,PRELID3B,PPP1R15A,0.8849047
303,47,PRELID3B,FGL2,0.8849047
303,140,PRELID3B,ANXA3,0.8849047
303,194,PRELID3B,GOLPH3,0.8849047
303,362,PRELID3B,PTGS1,0.8849047
303,441,PRELID3B,EBF1,0.8849047
303,622,PRELID3B,KRT18,0.8849047
303,546,PRELID3B,PROCR,0.88490117
303,146,PRELID3B,SCARF1,0.88488483
303,564,PRELID3B,MFNG,0.88467485
303,190,PRELID3B,RAD51,0.8843264
303,553,PRELID3B,DHFR,0.8843264
303,367,PRELID3B,HCFC1,0.88415396
303,394,PRELID3B,MAPK1,0.8838468
303,396,PRELID3B,RUVBL2,0.8838291
303,251,PRELID3B,IRF6,0.8836629
303,34,PRELID3B,MAML3,0.8834213
303,486,PRELID3B,NFKBIA,0.88339585
303,554,PRELID3B,CDT1,0.88287765
303,210,PRELID3B,PNO1,0.8824361
303,232,PRELID3B,ICAM1,0.88227135
303,440,PRELID3B,TMEM97,0.8819445
448,28,PREP,NFE2,0.8983215
448,357,PREP,MEIS1,0.8965051
448,78,PREP,MECOM,0.89618415
448,137,PREP,MYCN,0.8934965
448,410,PREP,SMARCA2,0.89217
448,57,PREP,OASL2,0.8920751
448,277,PREP,RTP4,0.8920748
448,183,PREP,XAF1,0.8915706
448,200,PREP,IGTP,0.8915706
448,504,PREP,IFI44,0.8915706
448,283,PREP,EGR1,0.8886673
448,150,PREP,SORT1,0.8883863
448,128,PREP,APLP2,0.8883638
448,8,PREP,ATAD1,0.8883433
448,136,PREP,TACC3,0.8883433
448,432,PREP,HDC,0.8883433
448,450,PREP,MAGED1,0.8883433
448,519,PREP,AGPS,0.8883433
448,524,PREP,TBC1D10C,0.8883433
448,595,PREP,CSF3R,0.8883433
448,0,PREP,OTUD6B,0.8883091
448,518,PREP,PHF10,0.88819593
448,396,PREP,RUVBL2,0.88758713
448,514,PREP,PAK1,0.88758713
448,81,PREP,HDAC11,0.886729
448,404,PREP,FTSJ3,0.88646466
448,33,PREP,CSTF2,0.886093
448,263,PREP,JUN,0.8852166
448,198,PREP,NDN,0.8851693
448,564,PREP,MFNG,0.88513625
448,367,PREP,HCFC1,0.88487667
448,47,PREP,FGL2,0.8847127
448,140,PREP,ANXA3,0.8847127
448,146,PREP,SCARF1,0.8847127
448,194,PREP,GOLPH3,0.8847127
448,362,PREP,PTGS1,0.8847127
448,441,PREP,EBF1,0.8847127
448,622,PREP,KRT18,0.8847127
448,546,PREP,PROCR,0.88469285
448,2,PREP,PPP1R15A,0.8845897
448,554,PREP,CDT1,0.8839999
448,251,PREP,IRF6,0.883922
448,34,PREP,MAML3,0.88373387
448,590,PREP,IL12A,0.88350165
448,394,PREP,MAPK1,0.88348484
448,232,PREP,ICAM1,0.88290274
448,210,PREP,PNO1,0.8826576
448,177,PREP,RELB,0.8826284
448,486,PREP,NFKBIA,0.8824351
448,440,PREP,TMEM97,0.88223666
102,189,PRIM1,MCM5,0.972007
102,290,PRIM1,POLD1,0.97059464
102,279,PRIM1,AURKB,0.970448
102,299,PRIM1,ORC2,0.9704194
102,21,PRIM1,RRM1,0.97008497
102,350,PRIM1,MCM6,0.96895
102,246,PRIM1,TK1,0.9688493
102,500,PRIM1,MCM3,0.9688154
102,74,PRIM1,TOP2A,0.96856827
102,204,PRIM1,MCM2,0.96821576
102,323,PRIM1,MCM4,0.96777534
102,399,PRIM1,RRM2,0.9677536
102,561,PRIM1,MCM7,0.96745616
102,497,PRIM1,TYMS,0.9674078
102,273,PRIM1,FIGNL1,0.9667427
102,297,PRIM1,LIG1,0.966594
102,240,PRIM1,RPA2,0.96640587
102,42,PRIM1,HMGB2,0.9662385
102,411,PRIM1,CDC45,0.9660313
102,266,PRIM1,MSH6,0.9659574
102,30,PRIM1,PBK,0.9656762
102,620,PRIM1,TIPIN,0.9656205
102,610,PRIM1,PRIM2,0.9656186
102,478,PRIM1,MKI67,0.96534246
102,182,PRIM1,RPA1,0.9652425
102,53,PRIM1,ORC6,0.9652422
102,510,PRIM1,XRCC6,0.9643958
102,230,PRIM1,TOP3B,0.96428066
102,407,PRIM1,CDC7,0.96427
102,414,PRIM1,CENPK,0.96341527
102,68,PRIM1,MIS18BP1,0.96291184
102,259,PRIM1,NUP107,0.96291184
102,430,PRIM1,SEH1L,0.96291184
102,226,PRIM1,POLR2B,0.9623808
102,361,PRIM1,CCNB2,0.96141124
102,86,PRIM1,RANGAP1,0.9584976
102,345,PRIM1,UHRF1,0.9529213
102,91,PRIM1,FCHO2,0.95121443
102,537,PRIM1,TXNDC11,0.95121443
102,611,PRIM1,ZEB2,0.95121443
102,118,PRIM1,MIS12,0.9485352
102,439,PRIM1,DDX20,0.9426674
102,82,PRIM1,RB1,0.93628323
102,292,PRIM1,HDAC7,0.934971
102,621,PRIM1,SNRPB,0.91775346
102,534,PRIM1,MORC3,0.91311973
102,206,PRIM1,ZDHHC6,0.91165185
102,34,PRIM1,MAML3,0.90999115
102,475,PRIM1,BCL2,0.88731843
102,81,PRIM1,HDAC11,0.87270355
610,189,PRIM2,MCM5,0.97053516
610,290,PRIM2,POLD1,0.96813154
610,299,PRIM2,ORC2,0.9680302
610,279,PRIM2,AURKB,0.9679309
610,21,PRIM2,RRM1,0.96753013
610,345,PRIM2,UHRF1,0.96673745
610,74,PRIM2,TOP2A,0.96599704
610,246,PRIM2,TK1,0.9659681
610,500,PRIM2,MCM3,0.9655565
610,204,PRIM2,MCM2,0.96432555
610,399,PRIM2,RRM2,0.96381986
610,323,PRIM2,MCM4,0.9637957
610,561,PRIM2,MCM7,0.9634809
610,350,PRIM2,MCM6,0.9632316
610,240,PRIM2,RPA2,0.962844
610,297,PRIM2,LIG1,0.9624115
610,273,PRIM2,FIGNL1,0.9623624
610,42,PRIM2,HMGB2,0.9616794
610,497,PRIM2,TYMS,0.9616052
610,230,PRIM2,TOP3B,0.9615555
610,266,PRIM2,MSH6,0.9614715
610,411,PRIM2,CDC45,0.9612528
610,226,PRIM2,POLR2B,0.9609154
610,182,PRIM2,RPA1,0.96071863
610,53,PRIM2,ORC6,0.9607137
610,620,PRIM2,TIPIN,0.9606896
610,30,PRIM2,PBK,0.96063656
610,478,PRIM2,MKI67,0.9605787
610,102,PRIM2,PRIM1,0.9602221
610,86,PRIM2,RANGAP1,0.9595281
610,407,PRIM2,CDC7,0.9589651
610,510,PRIM2,XRCC6,0.9587861
610,68,PRIM2,MIS18BP1,0.9582198
610,259,PRIM2,NUP107,0.9581974
610,430,PRIM2,SEH1L,0.95819235
610,414,PRIM2,CENPK,0.9573736
610,361,PRIM2,CCNB2,0.95522016
610,118,PRIM2,MIS12,0.954754
610,91,PRIM2,FCHO2,0.9522238
610,537,PRIM2,TXNDC11,0.9522237
610,611,PRIM2,ZEB2,0.9522237
610,439,PRIM2,DDX20,0.9436945
610,82,PRIM2,RB1,0.9382238
610,621,PRIM2,SNRPB,0.9297088
610,534,PRIM2,MORC3,0.9185094
610,292,PRIM2,HDAC7,0.9182185
610,206,PRIM2,ZDHHC6,0.9153518
610,34,PRIM2,MAML3,0.9124993
610,475,PRIM2,BCL2,0.89042306
610,81,PRIM2,HDAC11,0.87577206
540,524,PRKCH,TBC1D10C,0.9035591
540,28,PRKCH,NFE2,0.8983119
540,357,PRKCH,MEIS1,0.8965051
540,78,PRKCH,MECOM,0.89615273
540,137,PRKCH,MYCN,0.8934965
540,410,PRKCH,SMARCA2,0.89217
540,57,PRKCH,OASL2,0.8920751
540,277,PRKCH,RTP4,0.8920748
540,183,PRKCH,XAF1,0.8916896
540,200,PRKCH,IGTP,0.8915706
540,504,PRKCH,IFI44,0.8915706
540,609,PRKCH,UBA7,0.8915706
540,283,PRKCH,EGR1,0.8886673
540,8,PRKCH,ATAD1,0.88835675
540,0,PRKCH,OTUD6B,0.8883433
540,136,PRKCH,TACC3,0.8883433
540,150,PRKCH,SORT1,0.8883433
540,396,PRKCH,RUVBL2,0.8883433
540,432,PRKCH,HDC,0.8883433
540,450,PRKCH,MAGED1,0.8883433
540,514,PRKCH,PAK1,0.8883433
540,519,PRKCH,AGPS,0.8883433
540,595,PRKCH,CSF3R,0.8883433
540,128,PRKCH,APLP2,0.8882808
540,518,PRKCH,PHF10,0.8882256
540,81,PRKCH,HDAC11,0.886729
540,404,PRKCH,FTSJ3,0.8864337
540,33,PRKCH,CSTF2,0.886093
540,263,PRKCH,JUN,0.8852389
540,564,PRKCH,MFNG,0.88513625
540,367,PRKCH,HCFC1,0.88487667
540,47,PRKCH,FGL2,0.8847127
540,140,PRKCH,ANXA3,0.8847127
540,146,PRKCH,SCARF1,0.8847127
540,194,PRKCH,GOLPH3,0.8847127
540,441,PRKCH,EBF1,0.8847127
540,546,PRKCH,PROCR,0.8847127
540,622,PRKCH,KRT18,0.8847127
540,486,PRKCH,NFKBIA,0.8840839
540,554,PRKCH,CDT1,0.88405323
540,251,PRKCH,IRF6,0.8839112
540,34,PRKCH,MAML3,0.88373387
540,590,PRKCH,IL12A,0.88350165
540,394,PRKCH,MAPK1,0.8834774
540,232,PRKCH,ICAM1,0.88290274
540,177,PRKCH,RELB,0.8826284
540,210,PRKCH,PNO1,0.8824362
540,440,PRKCH,TMEM97,0.8823113
540,2,PRKCH,PPP1R15A,0.8822157
540,464,PRKCH,ZNRF2,0.8822148
12,357,PRKCQ,MEIS1,0.89649427
12,78,PRKCQ,MECOM,0.8962374
12,137,PRKCQ,MYCN,0.8925402
12,57,PRKCQ,OASL2,0.89194083
12,277,PRKCQ,RTP4,0.89194053
12,504,PRKCQ,IFI44,0.89113194
12,183,PRKCQ,XAF1,0.89110327
12,609,PRKCQ,UBA7,0.89110327
12,410,PRKCQ,SMARCA2,0.8899257
12,590,PRKCQ,IL12A,0.8894083
12,606,PRKCQ,ELP2,0.88905555
12,283,PRKCQ,EGR1,0.88864714
12,518,PRKCQ,PHF10,0.8876111
12,524,PRKCQ,TBC1D10C,0.8873755
12,0,PRKCQ,OTUD6B,0.8873572
12,8,PRKCQ,ATAD1,0.8873572
12,128,PRKCQ,APLP2,0.8873572
12,136,PRKCQ,TACC3,0.8873572
12,432,PRKCQ,HDC,0.8873572
12,450,PRKCQ,MAGED1,0.8873572
12,514,PRKCQ,PAK1,0.8873572
12,519,PRKCQ,AGPS,0.8873572
12,595,PRKCQ,CSF3R,0.8873572
12,396,PRKCQ,RUVBL2,0.8873476
12,81,PRKCQ,HDAC11,0.88636285
12,198,PRKCQ,NDN,0.8857472
12,194,PRKCQ,GOLPH3,0.88568705
12,546,PRKCQ,PROCR,0.88568705
12,404,PRKCQ,FTSJ3,0.8855058
12,33,PRKCQ,CSTF2,0.8854538
12,263,PRKCQ,JUN,0.884927
12,2,PRKCQ,PPP1R15A,0.8849264
12,47,PRKCQ,FGL2,0.8849047
12,140,PRKCQ,ANXA3,0.8849047
12,146,PRKCQ,SCARF1,0.8849047
12,362,PRKCQ,PTGS1,0.8849047
12,441,PRKCQ,EBF1,0.8849047
12,622,PRKCQ,KRT18,0.8849047
12,564,PRKCQ,MFNG,0.8847595
12,553,PRKCQ,DHFR,0.8843264
12,190,PRKCQ,RAD51,0.8842525
12,367,PRKCQ,HCFC1,0.88415396
12,394,PRKCQ,MAPK1,0.8838468
12,251,PRKCQ,IRF6,0.8835646
12,28,PRKCQ,NFE2,0.8835046
12,34,PRKCQ,MAML3,0.8834213
12,486,PRKCQ,NFKBIA,0.88339585
12,347,PRKCQ,RNF4,0.883107
12,554,PRKCQ,CDT1,0.88287765
12,210,PRKCQ,PNO1,0.8824361
217,81,PRMT7,HDAC11,0.9244652
217,34,PRMT7,MAML3,0.9230806
217,554,PRMT7,CDT1,0.92231095
217,0,PRMT7,OTUD6B,0.9206181
217,8,PRMT7,ATAD1,0.9206181
217,128,PRMT7,APLP2,0.9206181
217,136,PRMT7,TACC3,0.9206181
217,150,PRMT7,SORT1,0.9206181
217,396,PRMT7,RUVBL2,0.9206181
217,432,PRMT7,HDC,0.9206181
217,450,PRMT7,MAGED1,0.9206181
217,514,PRMT7,PAK1,0.9206181
217,519,PRMT7,AGPS,0.9206181
217,524,PRMT7,TBC1D10C,0.9206181
217,595,PRMT7,CSF3R,0.9206181
217,410,PRMT7,SMARCA2,0.92058194
217,199,PRMT7,E2F4,0.91787267
217,209,PRMT7,ZBTB16,0.9167871
217,331,PRMT7,PIM2,0.9165075
217,404,PRMT7,FTSJ3,0.91594887
217,351,PRMT7,ERCC8,0.91376215
217,429,PRMT7,GFI1B,0.91270405
217,475,PRMT7,BCL2,0.9114975
217,292,PRMT7,HDAC7,0.91101104
217,200,PRMT7,IGTP,0.9095082
217,183,PRMT7,XAF1,0.9094444
217,504,PRMT7,IFI44,0.9094444
217,609,PRMT7,UBA7,0.9094444
217,186,PRMT7,STT3B,0.909003
217,161,PRMT7,JARID2,0.9062375
217,289,PRMT7,GT(ROSA)26SOR,0.9056318
217,255,PRMT7,CD74,0.9040307
217,440,PRMT7,TMEM97,0.90149814
217,464,PRMT7,ZNRF2,0.90149814
217,439,PRMT7,DDX20,0.89810115
217,137,PRMT7,MYCN,0.89778733
217,73,PRMT7,RORC,0.8969323
217,486,PRMT7,NFKBIA,0.89127904
217,50,PRMT7,NFAT5,0.8912533
217,82,PRMT7,RB1,0.8899668
217,402,PRMT7,EIF1AD,0.88939714
217,590,PRMT7,IL12A,0.88058066
217,357,PRMT7,MEIS1,0.87815166
217,580,PRMT7,MLLT3,0.876692
217,33,PRMT7,CSTF2,0.87656623
217,293,PRMT7,IRF7,0.8758792
217,363,PRMT7,MYC,0.8754532
217,177,PRMT7,RELB,0.8742641
217,78,PRMT7,MECOM,0.8739172
217,57,PRMT7,OASL2,0.8737161
546,81,PROCR,HDAC11,0.9094032
546,554,PROCR,CDT1,0.90774167
546,0,PROCR,OTUD6B,0.9070514
546,8,PROCR,ATAD1,0.9070514
546,128,PROCR,APLP2,0.9070514
546,136,PROCR,TACC3,0.9070514
546,150,PROCR,SORT1,0.9070514
546,432,PROCR,HDC,0.9070514
546,450,PROCR,MAGED1,0.9070514
546,514,PROCR,PAK1,0.9070514
546,595,PROCR,CSF3R,0.9070514
546,519,PROCR,AGPS,0.9070506
546,410,PROCR,SMARCA2,0.9063339
546,331,PROCR,PIM2,0.90088415
546,34,PROCR,MAML3,0.8998288
546,429,PROCR,GFI1B,0.8984451
546,396,PROCR,RUVBL2,0.8974482
546,524,PROCR,TBC1D10C,0.8970271
546,209,PROCR,ZBTB16,0.89545393
546,199,PROCR,E2F4,0.89537746
546,404,PROCR,FTSJ3,0.89419085
546,161,PROCR,JARID2,0.89266473
546,464,PROCR,ZNRF2,0.8918514
546,440,PROCR,TMEM97,0.8917272
546,255,PROCR,CD74,0.88998115
546,289,PROCR,GT(ROSA)26SOR,0.88998115
546,292,PROCR,HDAC7,0.8893887
546,475,PROCR,BCL2,0.88751394
546,351,PROCR,ERCC8,0.8863504
546,183,PROCR,XAF1,0.8859664
546,200,PROCR,IGTP,0.8859664
546,504,PROCR,IFI44,0.8859664
546,73,PROCR,RORC,0.88437575
546,439,PROCR,DDX20,0.8840408
546,137,PROCR,MYCN,0.8819638
546,50,PROCR,NFAT5,0.87634057
546,186,PROCR,STT3B,0.87602216
546,486,PROCR,NFKBIA,0.8754854
546,177,PROCR,RELB,0.87109506
546,33,PROCR,CSTF2,0.86782944
546,78,PROCR,MECOM,0.8670247
546,357,PROCR,MEIS1,0.86540127
546,28,PROCR,NFE2,0.8645152
546,367,PROCR,HCFC1,0.8642742
546,590,PROCR,IL12A,0.8637329
546,318,PROCR,GANAB,0.8635969
546,402,PROCR,EIF1AD,0.8627868
546,277,PROCR,RTP4,0.86076134
546,57,PROCR,OASL2,0.86051947
546,363,PROCR,MYC,0.8593606
496,34,PRODH,MAML3,0.9264142
496,81,PRODH,HDAC11,0.9234371
496,209,PRODH,ZBTB16,0.91896033
496,554,PRODH,CDT1,0.91880715
496,0,PRODH,OTUD6B,0.9163305
496,8,PRODH,ATAD1,0.9163305
496,128,PRODH,APLP2,0.9163305
496,136,PRODH,TACC3,0.9163305
496,150,PRODH,SORT1,0.9163305
496,432,PRODH,HDC,0.9163305
496,450,PRODH,MAGED1,0.9163305
496,514,PRODH,PAK1,0.9163305
496,595,PRODH,CSF3R,0.9163305
496,524,PRODH,TBC1D10C,0.91629946
496,519,PRODH,AGPS,0.9162323
496,396,PRODH,RUVBL2,0.9149287
496,410,PRODH,SMARCA2,0.9143204
496,331,PRODH,PIM2,0.9128384
496,199,PRODH,E2F4,0.9123305
496,404,PRODH,FTSJ3,0.91132873
496,475,PRODH,BCL2,0.9112045
496,292,PRODH,HDAC7,0.9086658
496,186,PRODH,STT3B,0.90852463
496,429,PRODH,GFI1B,0.9080448
496,439,PRODH,DDX20,0.90478915
496,351,PRODH,ERCC8,0.90263754
496,161,PRODH,JARID2,0.90006524
496,183,PRODH,XAF1,0.89766216
496,200,PRODH,IGTP,0.89766216
496,504,PRODH,IFI44,0.89766216
496,609,PRODH,UBA7,0.89766216
496,255,PRODH,CD74,0.8963839
496,289,PRODH,GT(ROSA)26SOR,0.8963839
496,82,PRODH,RB1,0.89625996
496,440,PRODH,TMEM97,0.89248526
496,464,PRODH,ZNRF2,0.89247197
496,50,PRODH,NFAT5,0.8896104
496,73,PRODH,RORC,0.8867745
496,210,PRODH,PNO1,0.8866588
496,137,PRODH,MYCN,0.8849705
496,486,PRODH,NFKBIA,0.8841409
496,402,PRODH,EIF1AD,0.8822523
496,206,PRODH,ZDHHC6,0.8789005
496,611,PRODH,ZEB2,0.875747
496,33,PRODH,CSTF2,0.8748157
496,590,PRODH,IL12A,0.86922836
496,363,PRODH,MYC,0.8671873
496,91,PRODH,FCHO2,0.865528
496,537,PRODH,TXNDC11,0.865528
496,177,PRODH,RELB,0.86252016
426,81,PRPF4,HDAC11,0.923589
426,0,PRPF4,OTUD6B,0.9204609
426,8,PRPF4,ATAD1,0.9204057
426,128,PRPF4,APLP2,0.9204057
426,136,PRPF4,TACC3,0.9204057
426,150,PRPF4,SORT1,0.9204057
426,450,PRPF4,MAGED1,0.9204057
426,514,PRPF4,PAK1,0.9204057
426,519,PRPF4,AGPS,0.9204057
426,524,PRPF4,TBC1D10C,0.9204057
426,595,PRPF4,CSF3R,0.9204057
426,396,PRPF4,RUVBL2,0.920343
426,410,PRPF4,SMARCA2,0.92029977
426,404,PRPF4,FTSJ3,0.9199043
426,199,PRPF4,E2F4,0.9182436
426,331,PRPF4,PIM2,0.9168655
426,554,PRPF4,CDT1,0.9159178
426,34,PRPF4,MAML3,0.9145938
426,429,PRPF4,GFI1B,0.9141951
426,432,PRPF4,HDC,0.9117243
426,209,PRPF4,ZBTB16,0.91011745
426,351,PRPF4,ERCC8,0.90996504
426,183,PRPF4,XAF1,0.90878177
426,200,PRPF4,IGTP,0.90878177
426,609,PRPF4,UBA7,0.90878177
426,504,PRPF4,IFI44,0.90878
426,161,PRPF4,JARID2,0.908006
426,440,PRPF4,TMEM97,0.9079898
426,289,PRPF4,GT(ROSA)26SOR,0.9048724
426,255,PRPF4,CD74,0.9046703
426,210,PRPF4,PNO1,0.9036829
426,475,PRPF4,BCL2,0.9035029
426,464,PRPF4,ZNRF2,0.90165627
426,292,PRPF4,HDAC7,0.90147066
426,73,PRPF4,RORC,0.9006817
426,186,PRPF4,STT3B,0.89803874
426,137,PRPF4,MYCN,0.8979634
426,402,PRPF4,EIF1AD,0.89614326
426,486,PRPF4,NFKBIA,0.8920184
426,439,PRPF4,DDX20,0.8882978
426,590,PRPF4,IL12A,0.8843747
426,67,PRPF4,HDAC2,0.882793
426,580,PRPF4,MLLT3,0.8827147
426,177,PRPF4,RELB,0.88269156
426,318,PRPF4,GANAB,0.8818967
426,78,PRPF4,MECOM,0.8807227
426,277,PRPF4,RTP4,0.8795596
426,57,PRPF4,OASL2,0.8795575
426,363,PRPF4,MYC,0.8789429
426,28,PRPF4,NFE2,0.87825775
481,28,PRPS2,NFE2,0.8983572
481,357,PRPS2,MEIS1,0.89648557
481,78,PRPS2,MECOM,0.896228
481,609,PRPS2,UBA7,0.892233
481,8,PRPS2,ATAD1,0.8920444
481,277,PRPS2,RTP4,0.8919455
481,57,PRPS2,OASL2,0.89193135
481,504,PRPS2,IFI44,0.8910937
481,183,PRPS2,XAF1,0.8910788
481,200,PRPS2,IGTP,0.89106375
481,410,PRPS2,SMARCA2,0.88991535
481,283,PRPS2,EGR1,0.88863784
481,518,PRPS2,PHF10,0.8876335
481,363,PRPS2,MYC,0.88747704
481,0,PRPS2,OTUD6B,0.8873562
481,128,PRPS2,APLP2,0.8873562
481,136,PRPS2,TACC3,0.8873562
481,150,PRPS2,SORT1,0.8873562
481,396,PRPS2,RUVBL2,0.8873562
481,432,PRPS2,HDC,0.8873562
481,450,PRPS2,MAGED1,0.8873562
481,514,PRPS2,PAK1,0.8873562
481,524,PRPS2,TBC1D10C,0.8873562
481,595,PRPS2,CSF3R,0.8873562
481,519,PRPS2,AGPS,0.8873217
481,81,PRPS2,HDAC11,0.88631517
481,198,PRPS2,NDN,0.88578856
481,404,PRPS2,FTSJ3,0.8855351
481,33,PRPS2,CSTF2,0.8854402
481,263,PRPS2,JUN,0.8849167
481,47,PRPS2,FGL2,0.88490635
481,140,PRPS2,ANXA3,0.88489443
481,194,PRPS2,GOLPH3,0.88489443
481,362,PRPS2,PTGS1,0.88489443
481,546,PRPS2,PROCR,0.88489443
481,622,PRPS2,KRT18,0.88489443
481,146,PRPS2,SCARF1,0.88482225
481,441,PRPS2,EBF1,0.8847675
481,564,PRPS2,MFNG,0.88466376
481,190,PRPS2,RAD51,0.8843047
481,553,PRPS2,DHFR,0.8843047
481,367,PRPS2,HCFC1,0.8841438
481,394,PRPS2,MAPK1,0.8838364
481,251,PRPS2,IRF6,0.88365245
481,34,PRPS2,MAML3,0.8834112
481,486,PRPS2,NFKBIA,0.8833863
481,554,PRPS2,CDT1,0.8828767
481,590,PRPS2,IL12A,0.88254416
481,210,PRPS2,PNO1,0.8824362
481,2,PRPS2,PPP1R15A,0.88230294
428,28,PRSS57,NFE2,0.8983655
428,78,PRSS57,MECOM,0.89623165
428,410,PRSS57,SMARCA2,0.8950976
428,137,PRSS57,MYCN,0.89262396
428,57,PRSS57,OASL2,0.89194083
428,514,PRSS57,PAK1,0.8913707
428,396,PRSS57,RUVBL2,0.8913623
428,432,PRSS57,HDC,0.8913623
428,450,PRSS57,MAGED1,0.8913623
428,519,PRSS57,AGPS,0.8913623
428,595,PRSS57,CSF3R,0.8913623
428,404,PRSS57,FTSJ3,0.8912037
428,183,PRSS57,XAF1,0.89110327
428,200,PRSS57,IGTP,0.89110327
428,524,PRSS57,TBC1D10C,0.8910862
428,331,PRSS57,PIM2,0.89072883
428,440,PRSS57,TMEM97,0.88928276
428,357,PRSS57,MEIS1,0.8891169
428,367,PRSS57,HCFC1,0.8888613
428,292,PRSS57,HDAC7,0.8888095
428,554,PRSS57,CDT1,0.88777834
428,429,PRSS57,GFI1B,0.8875053
428,0,PRSS57,OTUD6B,0.8873785
428,8,PRSS57,ATAD1,0.8873572
428,128,PRSS57,APLP2,0.8873572
428,136,PRSS57,TACC3,0.8873572
428,150,PRSS57,SORT1,0.8873572
428,518,PRSS57,PHF10,0.88671505
428,64,PRSS57,IRF9,0.88659275
428,81,PRSS57,HDAC11,0.88636285
428,198,PRSS57,NDN,0.8857979
428,263,PRSS57,JUN,0.8849327
428,47,PRSS57,FGL2,0.8849047
428,140,PRSS57,ANXA3,0.8849047
428,146,PRSS57,SCARF1,0.8849047
428,194,PRSS57,GOLPH3,0.8849047
428,2,PRSS57,PPP1R15A,0.88490117
428,190,PRSS57,RAD51,0.8843264
428,277,PRSS57,RTP4,0.8839014
428,251,PRSS57,IRF6,0.8836629
428,34,PRSS57,MAML3,0.8834213
428,486,PRSS57,NFKBIA,0.883349
428,210,PRSS57,PNO1,0.8824361
428,609,PRSS57,UBA7,0.8823561
428,232,PRSS57,ICAM1,0.88227135
428,177,PRSS57,RELB,0.8818608
428,564,PRSS57,MFNG,0.8814345
428,488,PRSS57,FGFR1OP,0.88117826
428,464,PRSS57,ZNRF2,0.8811406
428,283,PRSS57,EGR1,0.88060313
166,28,PSAT1,NFE2,0.8983655
166,357,PSAT1,MEIS1,0.89649427
166,78,PSAT1,MECOM,0.8962374
166,33,PSAT1,CSTF2,0.8961461
166,194,PSAT1,GOLPH3,0.8935833
166,137,PSAT1,MYCN,0.89262396
166,57,PSAT1,OASL2,0.89194083
166,277,PSAT1,RTP4,0.89194053
166,183,PSAT1,XAF1,0.89110327
166,200,PSAT1,IGTP,0.89110327
166,504,PSAT1,IFI44,0.89110327
166,410,PSAT1,SMARCA2,0.8898741
166,609,PSAT1,UBA7,0.88961077
166,283,PSAT1,EGR1,0.88864714
166,546,PSAT1,PROCR,0.88852304
166,518,PSAT1,PHF10,0.88764507
166,432,PSAT1,HDC,0.8874021
166,595,PSAT1,CSF3R,0.88736826
166,0,PSAT1,OTUD6B,0.8873572
166,8,PSAT1,ATAD1,0.8873572
166,136,PSAT1,TACC3,0.8873572
166,396,PSAT1,RUVBL2,0.8873572
166,450,PSAT1,MAGED1,0.8873572
166,514,PSAT1,PAK1,0.8873572
166,519,PSAT1,AGPS,0.8873572
166,524,PSAT1,TBC1D10C,0.8873572
166,150,PSAT1,SORT1,0.8872954
166,128,PSAT1,APLP2,0.88720065
166,81,PSAT1,HDAC11,0.88636285
166,198,PSAT1,NDN,0.8857979
166,404,PSAT1,FTSJ3,0.8855358
166,146,PSAT1,SCARF1,0.8851272
166,263,PSAT1,JUN,0.884927
166,2,PSAT1,PPP1R15A,0.8849047
166,47,PSAT1,FGL2,0.8849047
166,140,PSAT1,ANXA3,0.8849047
166,362,PSAT1,PTGS1,0.8849047
166,441,PSAT1,EBF1,0.8849047
166,622,PSAT1,KRT18,0.8849047
166,564,PSAT1,MFNG,0.88467485
166,553,PSAT1,DHFR,0.8843264
166,190,PSAT1,RAD51,0.8842965
166,367,PSAT1,HCFC1,0.88415396
166,394,PSAT1,MAPK1,0.8838468
166,251,PSAT1,IRF6,0.8836629
166,34,PSAT1,MAML3,0.8834213
166,486,PSAT1,NFKBIA,0.88339585
166,554,PSAT1,CDT1,0.88298965
166,210,PSAT1,PNO1,0.8824361
166,232,PSAT1,ICAM1,0.8822173
326,28,PSEN1,NFE2,0.8983655
326,78,PSEN1,MECOM,0.89782435
326,357,PSEN1,MEIS1,0.89648074
326,81,PSEN1,HDAC11,0.8953806
326,137,PSEN1,MYCN,0.89262396
326,57,PSEN1,OASL2,0.89197475
326,277,PSEN1,RTP4,0.89194053
326,200,PSEN1,IGTP,0.89110327
326,504,PSEN1,IFI44,0.89110327
326,609,PSEN1,UBA7,0.89110327
326,183,PSEN1,XAF1,0.89103085
326,410,PSEN1,SMARCA2,0.88990325
326,73,PSEN1,RORC,0.88936245
326,283,PSEN1,EGR1,0.88864714
326,518,PSEN1,PHF10,0.88764507
326,362,PSEN1,PTGS1,0.8876097
326,0,PSEN1,OTUD6B,0.8874749
326,8,PSEN1,ATAD1,0.8873572
326,128,PSEN1,APLP2,0.8873572
326,136,PSEN1,TACC3,0.8873572
326,150,PSEN1,SORT1,0.8873572
326,396,PSEN1,RUVBL2,0.8873572
326,450,PSEN1,MAGED1,0.8873572
326,519,PSEN1,AGPS,0.8873572
326,595,PSEN1,CSF3R,0.8873572
326,524,PSEN1,TBC1D10C,0.8872543
326,198,PSEN1,NDN,0.8857979
326,404,PSEN1,FTSJ3,0.8855076
326,33,PSEN1,CSTF2,0.8854538
326,140,PSEN1,ANXA3,0.88500047
326,47,PSEN1,FGL2,0.88494617
326,263,PSEN1,JUN,0.884927
326,2,PSEN1,PPP1R15A,0.8849047
326,194,PSEN1,GOLPH3,0.8849047
326,441,PSEN1,EBF1,0.8849047
326,546,PSEN1,PROCR,0.8849047
326,622,PSEN1,KRT18,0.8849047
326,564,PSEN1,MFNG,0.88467485
326,190,PSEN1,RAD51,0.8843264
326,553,PSEN1,DHFR,0.8843264
326,367,PSEN1,HCFC1,0.88415396
326,394,PSEN1,MAPK1,0.8838468
326,251,PSEN1,IRF6,0.8836536
326,34,PSEN1,MAML3,0.8834213
326,486,PSEN1,NFKBIA,0.88339585
326,554,PSEN1,CDT1,0.88287765
326,590,PSEN1,IL12A,0.88253915
326,210,PSEN1,PNO1,0.8824361
326,232,PSEN1,ICAM1,0.88227135
326,440,PSEN1,TMEM97,0.8819445
234,28,PSTPIP1,NFE2,0.8983655
234,357,PSTPIP1,MEIS1,0.89649427
234,78,PSTPIP1,MECOM,0.8962374
234,137,PSTPIP1,MYCN,0.89262396
234,57,PSTPIP1,OASL2,0.89194083
234,277,PSTPIP1,RTP4,0.89193827
234,183,PSTPIP1,XAF1,0.89118713
234,200,PSTPIP1,IGTP,0.89110327
234,504,PSTPIP1,IFI44,0.89110327
234,609,PSTPIP1,UBA7,0.89110327
234,464,PSTPIP1,ZNRF2,0.89018023
234,410,PSTPIP1,SMARCA2,0.88990325
234,283,PSTPIP1,EGR1,0.88864595
234,146,PSTPIP1,SCARF1,0.8876848
234,518,PSTPIP1,PHF10,0.88764507
234,432,PSTPIP1,HDC,0.88738984
234,8,PSTPIP1,ATAD1,0.8873572
234,136,PSTPIP1,TACC3,0.8873572
234,150,PSTPIP1,SORT1,0.8873572
234,450,PSTPIP1,MAGED1,0.8873572
234,519,PSTPIP1,AGPS,0.8873572
234,524,PSTPIP1,TBC1D10C,0.8873572
234,595,PSTPIP1,CSF3R,0.8873572
234,514,PSTPIP1,PAK1,0.8872543
234,128,PSTPIP1,APLP2,0.8865584
234,81,PSTPIP1,HDAC11,0.88636285
234,198,PSTPIP1,NDN,0.88575673
234,404,PSTPIP1,FTSJ3,0.8855358
234,263,PSTPIP1,JUN,0.884927
234,194,PSTPIP1,GOLPH3,0.8849098
234,2,PSTPIP1,PPP1R15A,0.8849047
234,47,PSTPIP1,FGL2,0.8849047
234,140,PSTPIP1,ANXA3,0.8849047
234,362,PSTPIP1,PTGS1,0.8849047
234,441,PSTPIP1,EBF1,0.8849047
234,546,PSTPIP1,PROCR,0.8849047
234,622,PSTPIP1,KRT18,0.8849047
234,564,PSTPIP1,MFNG,0.88467485
234,190,PSTPIP1,RAD51,0.8843264
234,553,PSTPIP1,DHFR,0.8843264
234,367,PSTPIP1,HCFC1,0.8841443
234,251,PSTPIP1,IRF6,0.8836629
234,34,PSTPIP1,MAML3,0.8834213
234,486,PSTPIP1,NFKBIA,0.88339585
234,554,PSTPIP1,CDT1,0.88287765
234,590,PSTPIP1,IL12A,0.88253915
234,210,PSTPIP1,PNO1,0.8824361
234,232,PSTPIP1,ICAM1,0.88227135
234,440,PSTPIP1,TMEM97,0.8819445
234,177,PSTPIP1,RELB,0.88188756
424,432,PTDSS1,HDC,0.901884
424,28,PTDSS1,NFE2,0.8983655
424,357,PTDSS1,MEIS1,0.8965419
424,78,PTDSS1,MECOM,0.89623165
424,137,PTDSS1,MYCN,0.89262396
424,57,PTDSS1,OASL2,0.89194083
424,277,PTDSS1,RTP4,0.89194053
424,183,PTDSS1,XAF1,0.89110327
424,200,PTDSS1,IGTP,0.89110327
424,609,PTDSS1,UBA7,0.89110327
424,504,PTDSS1,IFI44,0.89109975
424,410,PTDSS1,SMARCA2,0.88982725
424,554,PTDSS1,CDT1,0.8889983
424,283,PTDSS1,EGR1,0.88864714
424,518,PTDSS1,PHF10,0.88764507
424,0,PTDSS1,OTUD6B,0.8873785
424,8,PTDSS1,ATAD1,0.8873572
424,128,PTDSS1,APLP2,0.8873572
424,136,PTDSS1,TACC3,0.8873572
424,150,PTDSS1,SORT1,0.8873572
424,450,PTDSS1,MAGED1,0.8873572
424,514,PTDSS1,PAK1,0.8873572
424,519,PTDSS1,AGPS,0.8873572
424,524,PTDSS1,TBC1D10C,0.8873572
424,595,PTDSS1,CSF3R,0.8873572
424,396,PTDSS1,RUVBL2,0.88726604
424,64,PTDSS1,IRF9,0.88659275
424,81,PTDSS1,HDAC11,0.88636285
424,198,PTDSS1,NDN,0.8857979
424,404,PTDSS1,FTSJ3,0.8855358
424,263,PTDSS1,JUN,0.8849327
424,47,PTDSS1,FGL2,0.8849047
424,140,PTDSS1,ANXA3,0.8849047
424,146,PTDSS1,SCARF1,0.8849047
424,194,PTDSS1,GOLPH3,0.8849047
424,362,PTDSS1,PTGS1,0.8849047
424,441,PTDSS1,EBF1,0.8849047
424,546,PTDSS1,PROCR,0.8849047
424,622,PTDSS1,KRT18,0.8849047
424,2,PTDSS1,PPP1R15A,0.88490117
424,564,PTDSS1,MFNG,0.88467485
424,190,PTDSS1,RAD51,0.8843264
424,553,PTDSS1,DHFR,0.8843264
424,367,PTDSS1,HCFC1,0.8839575
424,394,PTDSS1,MAPK1,0.8838468
424,251,PTDSS1,IRF6,0.8836629
424,34,PTDSS1,MAML3,0.8834213
424,486,PTDSS1,NFKBIA,0.88339585
424,590,PTDSS1,IL12A,0.88253915
424,210,PTDSS1,PNO1,0.8824361
322,128,PTGR1,APLP2,0.901884
322,28,PTGR1,NFE2,0.8983655
322,357,PTGR1,MEIS1,0.89651555
322,78,PTGR1,MECOM,0.8962374
322,177,PTGR1,RELB,0.8943816
322,137,PTGR1,MYCN,0.89262396
322,57,PTGR1,OASL2,0.89194083
322,277,PTGR1,RTP4,0.89194053
322,183,PTGR1,XAF1,0.89110327
322,200,PTGR1,IGTP,0.89110327
322,504,PTGR1,IFI44,0.89110327
322,609,PTGR1,UBA7,0.89110327
322,289,PTGR1,GT(ROSA)26SOR,0.89104635
322,410,PTGR1,SMARCA2,0.8899257
322,283,PTGR1,EGR1,0.88864714
322,518,PTGR1,PHF10,0.88764507
322,0,PTGR1,OTUD6B,0.88743484
322,8,PTGR1,ATAD1,0.8873572
322,136,PTGR1,TACC3,0.8873572
322,150,PTGR1,SORT1,0.8873572
322,450,PTGR1,MAGED1,0.8873572
322,514,PTGR1,PAK1,0.8873572
322,524,PTGR1,TBC1D10C,0.8873572
322,595,PTGR1,CSF3R,0.8873572
322,396,PTGR1,RUVBL2,0.8873476
322,432,PTGR1,HDC,0.88732266
322,81,PTGR1,HDAC11,0.88636285
322,198,PTGR1,NDN,0.8857979
322,404,PTGR1,FTSJ3,0.8855358
322,33,PTGR1,CSTF2,0.8854538
322,263,PTGR1,JUN,0.884927
322,2,PTGR1,PPP1R15A,0.8849047
322,47,PTGR1,FGL2,0.8849047
322,140,PTGR1,ANXA3,0.8849047
322,146,PTGR1,SCARF1,0.8849047
322,194,PTGR1,GOLPH3,0.8849047
322,362,PTGR1,PTGS1,0.8849047
322,441,PTGR1,EBF1,0.8849047
322,546,PTGR1,PROCR,0.8849047
322,622,PTGR1,KRT18,0.8849047
322,564,PTGR1,MFNG,0.88467485
322,519,PTGR1,AGPS,0.88435096
322,190,PTGR1,RAD51,0.8843264
322,553,PTGR1,DHFR,0.8843264
322,251,PTGR1,IRF6,0.8838897
322,394,PTGR1,MAPK1,0.8838468
322,34,PTGR1,MAML3,0.8834213
322,486,PTGR1,NFKBIA,0.88339585
322,554,PTGR1,CDT1,0.88287765
322,590,PTGR1,IL12A,0.88253915
362,410,PTGS1,SMARCA2,0.9166429
362,554,PTGS1,CDT1,0.9109602
362,429,PTGS1,GFI1B,0.9095671
362,595,PTGS1,CSF3R,0.90795666
362,0,PTGS1,OTUD6B,0.90795124
362,8,PTGS1,ATAD1,0.90795124
362,136,PTGS1,TACC3,0.90795124
362,150,PTGS1,SORT1,0.90795124
362,396,PTGS1,RUVBL2,0.90795124
362,432,PTGS1,HDC,0.90795124
362,450,PTGS1,MAGED1,0.90795124
362,519,PTGS1,AGPS,0.90795124
362,524,PTGS1,TBC1D10C,0.90795124
362,514,PTGS1,PAK1,0.9078594
362,128,PTGS1,APLP2,0.9073739
362,440,PTGS1,TMEM97,0.90609056
362,464,PTGS1,ZNRF2,0.9058867
362,81,PTGS1,HDAC11,0.90544975
362,289,PTGS1,GT(ROSA)26SOR,0.9052763
362,255,PTGS1,CD74,0.90515256
362,331,PTGS1,PIM2,0.9026736
362,210,PTGS1,PNO1,0.9013632
362,73,PTGS1,RORC,0.9013177
362,404,PTGS1,FTSJ3,0.8999782
362,161,PTGS1,JARID2,0.89720994
362,200,PTGS1,IGTP,0.8970957
362,183,PTGS1,XAF1,0.8969845
362,609,PTGS1,UBA7,0.8969845
362,504,PTGS1,IFI44,0.8968874
362,199,PTGS1,E2F4,0.8964487
362,209,PTGS1,ZBTB16,0.89609164
362,34,PTGS1,MAML3,0.8953562
362,486,PTGS1,NFKBIA,0.8936604
362,50,PTGS1,NFAT5,0.8936586
362,78,PTGS1,MECOM,0.8929825
362,177,PTGS1,RELB,0.8898853
362,137,PTGS1,MYCN,0.88982695
362,33,PTGS1,CSTF2,0.8876707
362,67,PTGS1,HDAC2,0.8856012
362,357,PTGS1,MEIS1,0.885151
362,318,PTGS1,GANAB,0.884229
362,367,PTGS1,HCFC1,0.8840342
362,28,PTGS1,NFE2,0.88398004
362,590,PTGS1,IL12A,0.8829232
362,277,PTGS1,RTP4,0.8822356
362,57,PTGS1,OASL2,0.8822336
362,263,PTGS1,JUN,0.88149494
362,475,PTGS1,BCL2,0.8810159
362,363,PTGS1,MYC,0.8798844
362,292,PTGS1,HDAC7,0.87980694
571,255,PTTG1IP,CD74,0.89929146
571,28,PTTG1IP,NFE2,0.8983655
571,78,PTTG1IP,MECOM,0.8962374
571,410,PTTG1IP,SMARCA2,0.8950976
571,554,PTTG1IP,CDT1,0.89479446
571,609,PTTG1IP,UBA7,0.89299554
571,137,PTTG1IP,MYCN,0.89262396
571,57,PTTG1IP,OASL2,0.89194083
571,150,PTTG1IP,SORT1,0.891389
571,432,PTTG1IP,HDC,0.8913623
571,450,PTTG1IP,MAGED1,0.8913623
571,514,PTTG1IP,PAK1,0.8913623
571,519,PTTG1IP,AGPS,0.8913623
571,524,PTTG1IP,TBC1D10C,0.8913623
571,595,PTTG1IP,CSF3R,0.8913623
571,404,PTTG1IP,FTSJ3,0.8912037
571,396,PTTG1IP,RUVBL2,0.8912035
571,210,PTTG1IP,PNO1,0.89056
571,440,PTTG1IP,TMEM97,0.88928276
571,464,PTTG1IP,ZNRF2,0.88928276
571,357,PTTG1IP,MEIS1,0.88913405
571,367,PTTG1IP,HCFC1,0.8888613
571,292,PTTG1IP,HDAC7,0.8888095
571,429,PTTG1IP,GFI1B,0.8875053
571,136,PTTG1IP,TACC3,0.8873598
571,0,PTTG1IP,OTUD6B,0.8873572
571,8,PTTG1IP,ATAD1,0.8873572
571,128,PTTG1IP,APLP2,0.8873572
571,518,PTTG1IP,PHF10,0.8870721
571,81,PTTG1IP,HDAC11,0.88636285
571,33,PTTG1IP,CSTF2,0.8854538
571,161,PTTG1IP,JARID2,0.8849637
571,2,PTTG1IP,PPP1R15A,0.8849047
571,140,PTTG1IP,ANXA3,0.8849047
571,146,PTTG1IP,SCARF1,0.8849047
571,47,PTTG1IP,FGL2,0.8848808
571,277,PTTG1IP,RTP4,0.8839014
571,34,PTTG1IP,MAML3,0.8834213
571,486,PTTG1IP,NFKBIA,0.883349
571,177,PTTG1IP,RELB,0.88283193
571,504,PTTG1IP,IFI44,0.8823561
571,200,PTTG1IP,IGTP,0.8823378
571,183,PTTG1IP,XAF1,0.882286
571,488,PTTG1IP,FGFR1OP,0.88117826
571,283,PTTG1IP,EGR1,0.88060313
571,331,PTTG1IP,PIM2,0.8805234
571,559,PTTG1IP,RUNX1T1,0.8799788
571,289,PTTG1IP,GT(ROSA)26SOR,0.87965757
571,274,PTTG1IP,NOP2,0.87965626
571,439,PTTG1IP,DDX20,0.879043
121,81,PUS7,HDAC11,0.9261462
121,595,PUS7,CSF3R,0.92575413
121,34,PUS7,MAML3,0.9231057
121,554,PUS7,CDT1,0.92230964
121,8,PUS7,ATAD1,0.9208796
121,0,PUS7,OTUD6B,0.92062086
121,128,PUS7,APLP2,0.92062086
121,136,PUS7,TACC3,0.92062086
121,150,PUS7,SORT1,0.92062086
121,396,PUS7,RUVBL2,0.92062086
121,432,PUS7,HDC,0.92062086
121,450,PUS7,MAGED1,0.92062086
121,514,PUS7,PAK1,0.92062086
121,519,PUS7,AGPS,0.92062086
121,524,PUS7,TBC1D10C,0.92062086
121,410,PUS7,SMARCA2,0.92058116
121,199,PUS7,E2F4,0.91786724
121,331,PUS7,PIM2,0.91651213
121,404,PUS7,FTSJ3,0.9159488
121,351,PUS7,ERCC8,0.91386
121,429,PUS7,GFI1B,0.912435
121,475,PUS7,BCL2,0.91151243
121,609,PUS7,UBA7,0.909517
121,183,PUS7,XAF1,0.909433
121,200,PUS7,IGTP,0.909433
121,504,PUS7,IFI44,0.909433
121,186,PUS7,STT3B,0.90903926
121,292,PUS7,HDAC7,0.9066273
121,161,PUS7,JARID2,0.9065127
121,289,PUS7,GT(ROSA)26SOR,0.9040286
121,464,PUS7,ZNRF2,0.90148556
121,440,PUS7,TMEM97,0.9013212
121,210,PUS7,PNO1,0.89762527
121,73,PUS7,RORC,0.8969235
121,439,PUS7,DDX20,0.8962257
121,255,PUS7,CD74,0.8922622
121,486,PUS7,NFKBIA,0.8912756
121,50,PUS7,NFAT5,0.891241
121,82,PUS7,RB1,0.89000094
121,402,PUS7,EIF1AD,0.8893949
121,33,PUS7,CSTF2,0.88251114
121,590,PUS7,IL12A,0.8805645
121,580,PUS7,MLLT3,0.8766601
121,293,PUS7,IRF7,0.87584484
121,363,PUS7,MYC,0.8754415
121,177,PUS7,RELB,0.8742412
121,78,PUS7,MECOM,0.8740215
121,57,PUS7,OASL2,0.8736957
121,67,PUS7,HDAC2,0.8724628
121,165,PUS7,GTF2H1,0.87129617
9,137,RAB31,MYCN,0.90024877
9,357,RAB31,MEIS1,0.89860684
9,78,RAB31,MECOM,0.8984637
9,410,RAB31,SMARCA2,0.89609414
9,590,RAB31,IL12A,0.89559704
9,518,RAB31,PHF10,0.89504385
9,57,RAB31,OASL2,0.8946091
9,277,RAB31,RTP4,0.8946088
9,504,RAB31,IFI44,0.89406323
9,183,RAB31,XAF1,0.89402646
9,609,RAB31,UBA7,0.89402646
9,33,RAB31,CSTF2,0.8925581
9,564,RAB31,MFNG,0.89068174
9,367,RAB31,HCFC1,0.8906141
9,283,RAB31,EGR1,0.89060855
9,28,RAB31,NFE2,0.890419
9,347,RAB31,RNF4,0.8904029
9,81,RAB31,HDAC11,0.8902849
9,34,RAB31,MAML3,0.89024657
9,486,RAB31,NFKBIA,0.89003485
9,524,RAB31,TBC1D10C,0.8888813
9,0,RAB31,OTUD6B,0.8888615
9,8,RAB31,ATAD1,0.8888615
9,128,RAB31,APLP2,0.8888615
9,136,RAB31,TACC3,0.8888615
9,432,RAB31,HDC,0.8888615
9,450,RAB31,MAGED1,0.8888615
9,514,RAB31,PAK1,0.8888615
9,519,RAB31,AGPS,0.8888615
9,595,RAB31,CSF3R,0.8888615
9,396,RAB31,RUVBL2,0.8888511
9,210,RAB31,PNO1,0.888579
9,177,RAB31,RELB,0.8881205
9,404,RAB31,FTSJ3,0.88811165
9,194,RAB31,GOLPH3,0.8876286
9,546,RAB31,PROCR,0.8876286
9,440,RAB31,TMEM97,0.88735974
9,263,RAB31,JUN,0.887308
9,464,RAB31,ZNRF2,0.8872651
9,2,RAB31,PPP1R15A,0.8866543
9,47,RAB31,FGL2,0.8865492
9,140,RAB31,ANXA3,0.8865492
9,146,RAB31,SCARF1,0.8865492
9,362,RAB31,PTGS1,0.8865492
9,441,RAB31,EBF1,0.8865492
9,251,RAB31,IRF6,0.8859972
9,394,RAB31,MAPK1,0.8858227
9,429,RAB31,GFI1B,0.8855403
9,554,RAB31,CDT1,0.8854796
9,161,RAB31,JARID2,0.8849976
503,28,RAB37,NFE2,0.8983655
503,357,RAB37,MEIS1,0.89649427
503,78,RAB37,MECOM,0.8962374
503,137,RAB37,MYCN,0.89262396
503,486,RAB37,NFKBIA,0.89233893
503,57,RAB37,OASL2,0.89194083
503,277,RAB37,RTP4,0.8919341
503,609,RAB37,UBA7,0.89113194
503,200,RAB37,IGTP,0.8911102
503,183,RAB37,XAF1,0.89110327
503,504,RAB37,IFI44,0.89110327
503,410,RAB37,SMARCA2,0.8899257
503,283,RAB37,EGR1,0.88864714
503,518,RAB37,PHF10,0.88764507
503,8,RAB37,ATAD1,0.8874134
503,519,RAB37,AGPS,0.88736963
503,0,RAB37,OTUD6B,0.8873572
503,128,RAB37,APLP2,0.8873572
503,150,RAB37,SORT1,0.8873572
503,396,RAB37,RUVBL2,0.8873572
503,432,RAB37,HDC,0.8873572
503,450,RAB37,MAGED1,0.8873572
503,524,RAB37,TBC1D10C,0.8873572
503,595,RAB37,CSF3R,0.8873572
503,136,RAB37,TACC3,0.88726604
503,81,RAB37,HDAC11,0.88636285
503,198,RAB37,NDN,0.8857979
503,404,RAB37,FTSJ3,0.8855358
503,33,RAB37,CSTF2,0.8854538
503,622,RAB37,KRT18,0.88494617
503,2,RAB37,PPP1R15A,0.8849264
503,47,RAB37,FGL2,0.8849047
503,140,RAB37,ANXA3,0.8849047
503,146,RAB37,SCARF1,0.8849047
503,362,RAB37,PTGS1,0.8849047
503,546,RAB37,PROCR,0.8849047
503,194,RAB37,GOLPH3,0.88488483
503,564,RAB37,MFNG,0.88467485
503,190,RAB37,RAD51,0.8843264
503,553,RAB37,DHFR,0.8843264
503,367,RAB37,HCFC1,0.88415396
503,394,RAB37,MAPK1,0.8838468
503,251,RAB37,IRF6,0.8836629
503,34,RAB37,MAML3,0.883441
503,554,RAB37,CDT1,0.88287765
503,590,RAB37,IL12A,0.8825541
503,210,RAB37,PNO1,0.8824361
503,232,RAB37,ICAM1,0.88227135
503,440,RAB37,TMEM97,0.8819445
503,464,RAB37,ZNRF2,0.8819445
451,28,RAB44,NFE2,0.8983655
451,357,RAB44,MEIS1,0.89649427
451,78,RAB44,MECOM,0.8962374
451,137,RAB44,MYCN,0.89261544
451,57,RAB44,OASL2,0.89194083
451,277,RAB44,RTP4,0.89194053
451,183,RAB44,XAF1,0.89110327
451,200,RAB44,IGTP,0.89110327
451,504,RAB44,IFI44,0.89110327
451,198,RAB44,NDN,0.8901562
451,410,RAB44,SMARCA2,0.8899257
451,283,RAB44,EGR1,0.88864714
451,518,RAB44,PHF10,0.88761836
451,150,RAB44,SORT1,0.8874021
451,128,RAB44,APLP2,0.8873785
451,8,RAB44,ATAD1,0.8873572
451,136,RAB44,TACC3,0.8873572
451,432,RAB44,HDC,0.8873572
451,450,RAB44,MAGED1,0.8873572
451,519,RAB44,AGPS,0.8873572
451,524,RAB44,TBC1D10C,0.8873572
451,595,RAB44,CSF3R,0.8873572
451,0,RAB44,OTUD6B,0.88732266
451,396,RAB44,RUVBL2,0.8865584
451,514,RAB44,PAK1,0.8865584
451,81,RAB44,HDAC11,0.88636285
451,404,RAB44,FTSJ3,0.8855358
451,33,RAB44,CSTF2,0.8854538
451,263,RAB44,JUN,0.88490534
451,47,RAB44,FGL2,0.8849047
451,140,RAB44,ANXA3,0.8849047
451,146,RAB44,SCARF1,0.8849047
451,194,RAB44,GOLPH3,0.8849047
451,362,RAB44,PTGS1,0.8849047
451,441,RAB44,EBF1,0.8849047
451,622,RAB44,KRT18,0.8849047
451,546,RAB44,PROCR,0.88488436
451,2,RAB44,PPP1R15A,0.88477767
451,564,RAB44,MFNG,0.88467485
451,190,RAB44,RAD51,0.8843264
451,553,RAB44,DHFR,0.8843264
451,367,RAB44,HCFC1,0.88415396
451,394,RAB44,MAPK1,0.8838468
451,251,RAB44,IRF6,0.8836629
451,34,RAB44,MAML3,0.8834213
451,554,RAB44,CDT1,0.8828236
451,210,RAB44,PNO1,0.8826004
451,590,RAB44,IL12A,0.88253915
451,232,RAB44,ICAM1,0.88227135
451,440,RAB44,TMEM97,0.881986
281,150,RABGGTB,SORT1,0.901884
281,8,RABGGTB,ATAD1,0.90184134
281,28,RABGGTB,NFE2,0.8983655
281,357,RABGGTB,MEIS1,0.89649427
281,78,RABGGTB,MECOM,0.8962374
281,137,RABGGTB,MYCN,0.8924237
281,277,RABGGTB,RTP4,0.89194053
281,183,RABGGTB,XAF1,0.89110327
281,200,RABGGTB,IGTP,0.89110327
281,504,RABGGTB,IFI44,0.89110327
281,609,RABGGTB,UBA7,0.89110327
281,410,RABGGTB,SMARCA2,0.8899257
281,283,RABGGTB,EGR1,0.8886869
281,57,RABGGTB,OASL2,0.8882231
281,518,RABGGTB,PHF10,0.88764507
281,595,RABGGTB,CSF3R,0.8873755
281,0,RABGGTB,OTUD6B,0.8873572
281,136,RABGGTB,TACC3,0.8873572
281,396,RABGGTB,RUVBL2,0.8873572
281,432,RABGGTB,HDC,0.8873572
281,450,RABGGTB,MAGED1,0.8873572
281,514,RABGGTB,PAK1,0.8873572
281,519,RABGGTB,AGPS,0.8873572
281,524,RABGGTB,TBC1D10C,0.8873572
281,128,RABGGTB,APLP2,0.8865584
281,81,RABGGTB,HDAC11,0.8864268
281,198,RABGGTB,NDN,0.8857979
281,404,RABGGTB,FTSJ3,0.8855358
281,33,RABGGTB,CSTF2,0.8854538
281,140,RABGGTB,ANXA3,0.88500047
281,263,RABGGTB,JUN,0.884927
281,2,RABGGTB,PPP1R15A,0.8849047
281,47,RABGGTB,FGL2,0.8849047
281,146,RABGGTB,SCARF1,0.8849047
281,194,RABGGTB,GOLPH3,0.8849047
281,362,RABGGTB,PTGS1,0.8849047
281,441,RABGGTB,EBF1,0.8849047
281,546,RABGGTB,PROCR,0.8849047
281,622,RABGGTB,KRT18,0.8849047
281,564,RABGGTB,MFNG,0.88467485
281,190,RABGGTB,RAD51,0.8843264
281,367,RABGGTB,HCFC1,0.88415396
281,394,RABGGTB,MAPK1,0.8838468
281,251,RABGGTB,IRF6,0.8836629
281,34,RABGGTB,MAML3,0.8834396
281,486,RABGGTB,NFKBIA,0.88339585
281,554,RABGGTB,CDT1,0.88287765
281,590,RABGGTB,IL12A,0.88253915
281,210,RABGGTB,PNO1,0.8824361
281,232,RABGGTB,ICAM1,0.88227135
190,81,RAD51,HDAC11,0.9375841
190,34,RAD51,MAML3,0.93621695
190,554,RAD51,CDT1,0.9334933
190,595,RAD51,CSF3R,0.93133396
190,351,RAD51,ERCC8,0.9310744
190,0,RAD51,OTUD6B,0.9303817
190,8,RAD51,ATAD1,0.9303768
190,128,RAD51,APLP2,0.9303768
190,136,RAD51,TACC3,0.9303768
190,150,RAD51,SORT1,0.9303768
190,396,RAD51,RUVBL2,0.9303768
190,432,RAD51,HDC,0.9303768
190,514,RAD51,PAK1,0.9303768
190,519,RAD51,AGPS,0.9303768
190,524,RAD51,TBC1D10C,0.9303768
190,450,RAD51,MAGED1,0.9303665
190,331,RAD51,PIM2,0.9297874
190,199,RAD51,E2F4,0.92864025
190,209,RAD51,ZBTB16,0.92776334
190,292,RAD51,HDAC7,0.92765707
190,186,RAD51,STT3B,0.9258571
190,410,RAD51,SMARCA2,0.92258704
190,475,RAD51,BCL2,0.92194784
190,429,RAD51,GFI1B,0.9218371
190,439,RAD51,DDX20,0.9216538
190,402,RAD51,EIF1AD,0.9165023
190,82,RAD51,RB1,0.9162224
190,255,RAD51,CD74,0.90878344
190,289,RAD51,GT(ROSA)26SOR,0.90878344
190,440,RAD51,TMEM97,0.9061636
190,464,RAD51,ZNRF2,0.9061636
190,137,RAD51,MYCN,0.9043469
190,73,RAD51,RORC,0.9030319
190,183,RAD51,XAF1,0.9026189
190,609,RAD51,UBA7,0.9026189
190,200,RAD51,IGTP,0.9025857
190,534,RAD51,MORC3,0.8988489
190,210,RAD51,PNO1,0.8986621
190,486,RAD51,NFKBIA,0.8970663
190,50,RAD51,NFAT5,0.89447916
190,33,RAD51,CSTF2,0.8912044
190,216,RAD51,CUL3,0.8864476
190,206,RAD51,ZDHHC6,0.8836624
190,363,RAD51,MYC,0.88184243
190,91,RAD51,FCHO2,0.8798515
190,611,RAD51,ZEB2,0.8798515
190,165,RAD51,GTF2H1,0.8795046
190,177,RAD51,RELB,0.87846315
190,590,RAD51,IL12A,0.8783006
190,161,RAD51,JARID2,0.87510604
271,28,RANBP3,NFE2,0.8983862
271,357,RANBP3,MEIS1,0.896478
271,137,RANBP3,MYCN,0.8925885
271,150,RANBP3,SORT1,0.8919837
271,57,RANBP3,OASL2,0.8919678
271,277,RANBP3,RTP4,0.8918569
271,200,RANBP3,IGTP,0.8913228
271,183,RANBP3,XAF1,0.89113724
271,609,RANBP3,UBA7,0.89113724
271,504,RANBP3,IFI44,0.89109993
271,410,RANBP3,SMARCA2,0.88993186
271,283,RANBP3,EGR1,0.8886708
271,518,RANBP3,PHF10,0.8876
271,0,RANBP3,OTUD6B,0.88729155
271,128,RANBP3,APLP2,0.88729155
271,396,RANBP3,RUVBL2,0.88729155
271,450,RANBP3,MAGED1,0.88729155
271,514,RANBP3,PAK1,0.88729155
271,519,RANBP3,AGPS,0.88729155
271,524,RANBP3,TBC1D10C,0.88729155
271,595,RANBP3,CSF3R,0.88729155
271,8,RANBP3,ATAD1,0.88717633
271,79,RANBP3,STAT2,0.8867562
271,81,RANBP3,HDAC11,0.88625264
271,198,RANBP3,NDN,0.885766
271,404,RANBP3,FTSJ3,0.8854459
271,33,RANBP3,CSTF2,0.88541347
271,263,RANBP3,JUN,0.8849573
271,2,RANBP3,PPP1R15A,0.8849256
271,47,RANBP3,FGL2,0.8849256
271,140,RANBP3,ANXA3,0.8849256
271,146,RANBP3,SCARF1,0.8849256
271,194,RANBP3,GOLPH3,0.8849256
271,441,RANBP3,EBF1,0.8849256
271,546,RANBP3,PROCR,0.8849256
271,622,RANBP3,KRT18,0.884922
271,362,RANBP3,PTGS1,0.8849157
271,564,RANBP3,MFNG,0.88463277
271,190,RANBP3,RAD51,0.884296
271,553,RANBP3,DHFR,0.884296
271,367,RANBP3,HCFC1,0.88411456
271,394,RANBP3,MAPK1,0.88386816
271,34,RANBP3,MAML3,0.8833448
271,554,RANBP3,CDT1,0.8828005
271,590,RANBP3,IL12A,0.88250864
271,210,RANBP3,PNO1,0.8823118
271,232,RANBP3,ICAM1,0.88222843
271,440,RANBP3,TMEM97,0.8818353
271,464,RANBP3,ZNRF2,0.8818353
271,177,RANBP3,RELB,0.8818235
86,439,RANGAP1,DDX20,0.93909836
86,292,RANGAP1,HDAC7,0.9358917
86,34,RANGAP1,MAML3,0.9349557
86,82,RANGAP1,RB1,0.927574
86,81,RANGAP1,HDAC11,0.9140783
86,475,RANGAP1,BCL2,0.9140434
86,209,RANGAP1,ZBTB16,0.91056645
86,537,RANGAP1,TXNDC11,0.90383255
86,611,RANGAP1,ZEB2,0.90383255
86,206,RANGAP1,ZDHHC6,0.9028622
86,186,RANGAP1,STT3B,0.90171045
86,351,RANGAP1,ERCC8,0.89424795
86,514,RANGAP1,PAK1,0.89157
86,8,RANGAP1,ATAD1,0.8915017
86,128,RANGAP1,APLP2,0.8915017
86,136,RANGAP1,TACC3,0.8915017
86,150,RANGAP1,SORT1,0.8915017
86,396,RANGAP1,RUVBL2,0.8915017
86,432,RANGAP1,HDC,0.8915017
86,519,RANGAP1,AGPS,0.8915017
86,595,RANGAP1,CSF3R,0.8915017
86,524,RANGAP1,TBC1D10C,0.89099675
86,0,RANGAP1,OTUD6B,0.88603735
86,534,RANGAP1,MORC3,0.88603294
86,554,RANGAP1,CDT1,0.8853914
86,404,RANGAP1,FTSJ3,0.883728
86,91,RANGAP1,FCHO2,0.8791939
86,331,RANGAP1,PIM2,0.87884414
86,226,RANGAP1,POLR2B,0.877452
86,410,RANGAP1,SMARCA2,0.8713759
86,621,RANGAP1,SNRPB,0.8673936
86,429,RANGAP1,GFI1B,0.8643701
86,199,RANGAP1,E2F4,0.86107355
86,21,RANGAP1,RRM1,0.8539441
86,161,RANGAP1,JARID2,0.8485098
86,450,RANGAP1,MAGED1,0.84124625
86,299,RANGAP1,ORC2,0.8403924
86,440,RANGAP1,TMEM97,0.84015423
86,464,RANGAP1,ZNRF2,0.84015423
86,255,RANGAP1,CD74,0.84014076
86,289,RANGAP1,GT(ROSA)26SOR,0.84014076
86,189,RANGAP1,MCM5,0.83401275
86,402,RANGAP1,EIF1AD,0.8339726
86,290,RANGAP1,POLD1,0.8292803
86,73,RANGAP1,RORC,0.8191642
86,279,RANGAP1,AURKB,0.8144876
86,74,RANGAP1,TOP2A,0.81027526
86,246,RANGAP1,TK1,0.8101914
86,210,RANGAP1,PNO1,0.8082099
86,500,RANGAP1,MCM3,0.80462974
436,78,RARB,MECOM,0.9131076
436,357,RARB,MEIS1,0.912613
436,28,RARB,NFE2,0.9109135
436,486,RARB,NFKBIA,0.91010255
436,367,RARB,HCFC1,0.9091186
436,57,RARB,OASL2,0.9088478
436,277,RARB,RTP4,0.9088478
436,177,RARB,RELB,0.90833163
436,410,RARB,SMARCA2,0.90688205
436,33,RARB,CSTF2,0.9064239
436,183,RARB,XAF1,0.90624493
436,504,RARB,IFI44,0.90624493
436,609,RARB,UBA7,0.90624493
436,200,RARB,IGTP,0.905916
436,318,RARB,GANAB,0.90408045
436,263,RARB,JUN,0.90388787
436,363,RARB,MYC,0.9032523
436,440,RARB,TMEM97,0.9029266
436,464,RARB,ZNRF2,0.9029266
436,50,RARB,NFAT5,0.902076
436,73,RARB,RORC,0.90193367
436,283,RARB,EGR1,0.9016138
436,559,RARB,RUNX1T1,0.9009531
436,161,RARB,JARID2,0.9007665
436,590,RARB,IL12A,0.9005296
436,488,RARB,FGFR1OP,0.89986926
436,210,RARB,PNO1,0.899267
436,518,RARB,PHF10,0.8991034
436,606,RARB,ELP2,0.8978705
436,251,RARB,IRF6,0.8974816
436,140,RARB,ANXA3,0.896567
436,2,RARB,PPP1R15A,0.89644915
436,146,RARB,SCARF1,0.89644915
436,194,RARB,GOLPH3,0.89644915
436,362,RARB,PTGS1,0.89644915
436,546,RARB,PROCR,0.89644915
436,622,RARB,KRT18,0.89644915
436,47,RARB,FGL2,0.8964246
436,29,RARB,IKZF1,0.896405
436,429,RARB,GFI1B,0.89629924
436,255,RARB,CD74,0.89612955
436,289,RARB,GT(ROSA)26SOR,0.89612955
436,64,RARB,IRF9,0.89558566
436,136,RARB,TACC3,0.8934471
436,394,RARB,MAPK1,0.893412
436,0,RARB,OTUD6B,0.8933566
436,8,RARB,ATAD1,0.8933566
436,128,RARB,APLP2,0.8933566
436,150,RARB,SORT1,0.8933566
436,396,RARB,RUVBL2,0.8933566
196,357,RARS,MEIS1,0.920213
196,28,RARS,NFE2,0.91793334
196,78,RARS,MECOM,0.91233903
196,277,RARS,RTP4,0.9112438
196,57,RARS,OASL2,0.91123736
196,177,RARS,RELB,0.9108021
196,367,RARS,HCFC1,0.9101809
196,183,RARS,XAF1,0.90812063
196,200,RARS,IGTP,0.90812063
196,504,RARS,IFI44,0.90812063
196,609,RARS,UBA7,0.9081041
196,590,RARS,IL12A,0.90749913
196,283,RARS,EGR1,0.9070136
196,150,RARS,SORT1,0.90602636
196,486,RARS,NFKBIA,0.90587
196,410,RARS,SMARCA2,0.9047435
196,559,RARS,RUNX1T1,0.9045613
196,606,RARS,ELP2,0.9034153
196,318,RARS,GANAB,0.90281194
196,263,RARS,JUN,0.9020253
196,363,RARS,MYC,0.90157217
196,232,RARS,ICAM1,0.9012781
196,440,RARS,TMEM97,0.8998784
196,464,RARS,ZNRF2,0.8998784
196,33,RARS,CSTF2,0.8990343
196,622,RARS,KRT18,0.8987427
196,2,RARS,PPP1R15A,0.89847296
196,47,RARS,FGL2,0.89847285
196,140,RARS,ANXA3,0.89847285
196,146,RARS,SCARF1,0.89847285
196,362,RARS,PTGS1,0.89847285
196,441,RARS,EBF1,0.89847285
196,546,RARS,PROCR,0.89847285
196,194,RARS,GOLPH3,0.8984508
196,73,RARS,RORC,0.8978306
196,161,RARS,JARID2,0.8967757
196,251,RARS,IRF6,0.8959326
196,394,RARS,MAPK1,0.89480174
196,255,RARS,CD74,0.89383256
196,488,RARS,FGFR1OP,0.892938
196,289,RARS,GT(ROSA)26SOR,0.8922918
196,0,RARS,OTUD6B,0.89122903
196,8,RARS,ATAD1,0.89122903
196,128,RARS,APLP2,0.89122903
196,396,RARS,RUVBL2,0.89122903
196,450,RARS,MAGED1,0.89122903
196,514,RARS,PAK1,0.89122903
196,519,RARS,AGPS,0.89122903
196,595,RARS,CSF3R,0.89122903
196,136,RARS,TACC3,0.89108306
245,28,RASA4,NFE2,0.8984156
245,357,RASA4,MEIS1,0.8964843
245,78,RASA4,MECOM,0.8962374
245,57,RASA4,OASL2,0.89194083
245,277,RASA4,RTP4,0.89194053
245,183,RASA4,XAF1,0.89110327
245,200,RASA4,IGTP,0.89110327
245,504,RASA4,IFI44,0.89110327
245,410,RASA4,SMARCA2,0.8899257
245,283,RASA4,EGR1,0.88864714
245,518,RASA4,PHF10,0.88764507
245,137,RASA4,MYCN,0.88756967
245,0,RASA4,OTUD6B,0.8873572
245,8,RASA4,ATAD1,0.8873572
245,128,RASA4,APLP2,0.8873572
245,136,RASA4,TACC3,0.8873572
245,432,RASA4,HDC,0.8873572
245,450,RASA4,MAGED1,0.8873572
245,514,RASA4,PAK1,0.8873572
245,519,RASA4,AGPS,0.8873572
245,524,RASA4,TBC1D10C,0.8873572
245,150,RASA4,SORT1,0.88726604
245,81,RASA4,HDAC11,0.88636285
245,198,RASA4,NDN,0.8857979
245,362,RASA4,PTGS1,0.88569635
245,404,RASA4,FTSJ3,0.8855358
245,33,RASA4,CSTF2,0.88551617
245,263,RASA4,JUN,0.8849929
245,2,RASA4,PPP1R15A,0.8849047
245,47,RASA4,FGL2,0.8849047
245,140,RASA4,ANXA3,0.8849047
245,146,RASA4,SCARF1,0.8849047
245,194,RASA4,GOLPH3,0.8849047
245,441,RASA4,EBF1,0.8849047
245,546,RASA4,PROCR,0.8849047
245,564,RASA4,MFNG,0.88467485
245,595,RASA4,CSF3R,0.88435096
245,190,RASA4,RAD51,0.8843264
245,553,RASA4,DHFR,0.8843264
245,367,RASA4,HCFC1,0.88415396
245,622,RASA4,KRT18,0.88380176
245,251,RASA4,IRF6,0.8836629
245,34,RASA4,MAML3,0.8834213
245,486,RASA4,NFKBIA,0.88339585
245,554,RASA4,CDT1,0.88287765
245,590,RASA4,IL12A,0.88253915
245,210,RASA4,PNO1,0.8824361
245,232,RASA4,ICAM1,0.88231534
245,631,RASA4,ZFP36,0.88201386
245,464,RASA4,ZNRF2,0.8819445
413,128,RASSF4,APLP2,0.92774767
413,524,RASSF4,TBC1D10C,0.92758226
413,410,RASSF4,SMARCA2,0.9245703
413,210,RASSF4,PNO1,0.9232236
413,464,RASSF4,ZNRF2,0.91932964
413,440,RASSF4,TMEM97,0.91927725
413,554,RASSF4,CDT1,0.9190997
413,161,RASSF4,JARID2,0.9188958
413,429,RASSF4,GFI1B,0.91855216
413,0,RASSF4,OTUD6B,0.91698676
413,73,RASSF4,RORC,0.9155614
413,78,RASSF4,MECOM,0.9142066
413,150,RASSF4,SORT1,0.9140823
413,514,RASSF4,PAK1,0.91403484
413,8,RASSF4,ATAD1,0.91396934
413,396,RASSF4,RUVBL2,0.91396934
413,432,RASSF4,HDC,0.91396934
413,450,RASSF4,MAGED1,0.91396934
413,136,RASSF4,TACC3,0.91392314
413,255,RASSF4,CD74,0.9139144
413,289,RASSF4,GT(ROSA)26SOR,0.9139144
413,595,RASSF4,CSF3R,0.9139071
413,519,RASSF4,AGPS,0.91339326
413,67,RASSF4,HDAC2,0.9132401
413,183,RASSF4,XAF1,0.9131037
413,200,RASSF4,IGTP,0.9129956
413,609,RASSF4,UBA7,0.912929
413,504,RASSF4,IFI44,0.9128601
413,199,RASSF4,E2F4,0.9125694
413,81,RASSF4,HDAC11,0.912144
413,177,RASSF4,RELB,0.9120966
413,33,RASSF4,CSTF2,0.91070473
413,486,RASSF4,NFKBIA,0.9103356
413,367,RASSF4,HCFC1,0.9100919
413,318,RASSF4,GANAB,0.91006345
413,331,RASSF4,PIM2,0.90930086
413,50,RASSF4,NFAT5,0.9081204
413,137,RASSF4,MYCN,0.90807134
413,277,RASSF4,RTP4,0.9078802
413,57,RASSF4,OASL2,0.90787876
413,357,RASSF4,MEIS1,0.9076413
413,28,RASSF4,NFE2,0.9071035
413,263,RASSF4,JUN,0.9063576
413,363,RASSF4,MYC,0.9062233
413,488,RASSF4,FGFR1OP,0.90473473
413,485,RASSF4,ABL1,0.9041122
413,518,RASSF4,PHF10,0.90309507
413,590,RASSF4,IL12A,0.9027148
413,580,RASSF4,MLLT3,0.90169865
413,559,RASSF4,RUNX1T1,0.9008651
82,91,RB1,FCHO2,0.95164835
82,611,RB1,ZEB2,0.95164835
82,537,RB1,TXNDC11,0.95164716
82,439,RB1,DDX20,0.9490854
82,500,RB1,MCM3,0.947555
82,226,RB1,POLR2B,0.9462088
82,86,RB1,RANGAP1,0.945052
82,189,RB1,MCM5,0.9435064
82,292,RB1,HDAC7,0.9434244
82,118,RB1,MIS12,0.94242257
82,299,RB1,ORC2,0.9397063
82,290,RB1,POLD1,0.9363912
82,21,RB1,RRM1,0.9330535
82,74,RB1,TOP2A,0.93149436
82,279,RB1,AURKB,0.93101996
82,34,RB1,MAML3,0.93032277
82,206,RB1,ZDHHC6,0.9256285
82,246,RB1,TK1,0.9243574
82,345,RB1,UHRF1,0.9219403
82,475,RB1,BCL2,0.9173811
82,323,RB1,MCM4,0.9169485
82,497,RB1,TYMS,0.9168521
82,204,RB1,MCM2,0.9165316
82,399,RB1,RRM2,0.91648895
82,561,RB1,MCM7,0.9153793
82,350,RB1,MCM6,0.9129208
82,297,RB1,LIG1,0.9128315
82,273,RB1,FIGNL1,0.9116238
82,266,RB1,MSH6,0.9102505
82,136,RB1,TACC3,0.91006315
82,42,RB1,HMGB2,0.90881777
82,411,RB1,CDC45,0.90847576
82,182,RB1,RPA1,0.90801346
82,53,RB1,ORC6,0.9080021
82,534,RB1,MORC3,0.9077569
82,620,RB1,TIPIN,0.9066373
82,478,RB1,MKI67,0.9065734
82,102,RB1,PRIM1,0.9052463
82,30,RB1,PBK,0.9051876
82,610,RB1,PRIM2,0.9031225
82,240,RB1,RPA2,0.9013965
82,81,RB1,HDAC11,0.9010105
82,407,RB1,CDC7,0.90060127
82,510,RB1,XRCC6,0.89908975
82,209,RB1,ZBTB16,0.8979593
82,230,RB1,TOP3B,0.89113194
82,186,RB1,STT3B,0.88675344
82,361,RB1,CCNB2,0.885286
82,414,RB1,CENPK,0.8803808
82,68,RB1,MIS18BP1,0.8761531
596,396,RCC1,RUVBL2,0.9019733
596,28,RCC1,NFE2,0.8983655
596,357,RCC1,MEIS1,0.89649427
596,78,RCC1,MECOM,0.8962374
596,137,RCC1,MYCN,0.89262396
596,277,RCC1,RTP4,0.89194053
596,200,RCC1,IGTP,0.89113456
596,183,RCC1,XAF1,0.89110327
596,504,RCC1,IFI44,0.89110327
596,609,RCC1,UBA7,0.89110327
596,410,RCC1,SMARCA2,0.8899257
596,283,RCC1,EGR1,0.88864714
596,518,RCC1,PHF10,0.88764507
596,0,RCC1,OTUD6B,0.8873572
596,8,RCC1,ATAD1,0.8873572
596,128,RCC1,APLP2,0.8873572
596,136,RCC1,TACC3,0.8873572
596,150,RCC1,SORT1,0.8873572
596,432,RCC1,HDC,0.8873572
596,450,RCC1,MAGED1,0.8873572
596,514,RCC1,PAK1,0.8873572
596,519,RCC1,AGPS,0.8873572
596,524,RCC1,TBC1D10C,0.8873572
596,595,RCC1,CSF3R,0.8873572
596,81,RCC1,HDAC11,0.88636285
596,564,RCC1,MFNG,0.8855843
596,404,RCC1,FTSJ3,0.8855358
596,33,RCC1,CSTF2,0.8854538
596,146,RCC1,SCARF1,0.88500655
596,263,RCC1,JUN,0.884927
596,2,RCC1,PPP1R15A,0.8849047
596,47,RCC1,FGL2,0.8849047
596,140,RCC1,ANXA3,0.8849047
596,362,RCC1,PTGS1,0.8849047
596,441,RCC1,EBF1,0.8849047
596,546,RCC1,PROCR,0.8849047
596,622,RCC1,KRT18,0.8849047
596,194,RCC1,GOLPH3,0.8848913
596,553,RCC1,DHFR,0.8843902
596,190,RCC1,RAD51,0.8843264
596,367,RCC1,HCFC1,0.88415396
596,34,RCC1,MAML3,0.8836959
596,251,RCC1,IRF6,0.8836629
596,486,RCC1,NFKBIA,0.88339585
596,554,RCC1,CDT1,0.88287765
596,590,RCC1,IL12A,0.88253915
596,210,RCC1,PNO1,0.8824361
596,232,RCC1,ICAM1,0.8823351
596,440,RCC1,TMEM97,0.8819178
596,177,RCC1,RELB,0.8818608
341,8,RCSD1,ATAD1,0.90193725
341,28,RCSD1,NFE2,0.8982563
341,357,RCSD1,MEIS1,0.8963777
341,78,RCSD1,MECOM,0.8961139
341,137,RCSD1,MYCN,0.8926082
341,57,RCSD1,OASL2,0.8918141
341,277,RCSD1,RTP4,0.8918139
341,504,RCSD1,IFI44,0.89115983
341,200,RCSD1,IGTP,0.890974
341,609,RCSD1,UBA7,0.890974
341,183,RCSD1,XAF1,0.89094394
341,410,RCSD1,SMARCA2,0.88990563
341,283,RCSD1,EGR1,0.8885197
341,518,RCSD1,PHF10,0.88762647
341,524,RCSD1,TBC1D10C,0.8874692
341,441,RCSD1,EBF1,0.8874196
341,0,RCSD1,OTUD6B,0.88740355
341,150,RCSD1,SORT1,0.88740355
341,432,RCSD1,HDC,0.88740355
341,514,RCSD1,PAK1,0.88740355
341,519,RCSD1,AGPS,0.8873124
341,136,RCSD1,TACC3,0.8866022
341,450,RCSD1,MAGED1,0.8866022
341,396,RCSD1,RUVBL2,0.88659126
341,81,RCSD1,HDAC11,0.88650507
341,198,RCSD1,NDN,0.88555187
341,33,RCSD1,CSTF2,0.88544756
341,2,RCSD1,PPP1R15A,0.88486373
341,622,RCSD1,KRT18,0.8848093
341,263,RCSD1,JUN,0.8847856
341,47,RCSD1,FGL2,0.88476765
341,140,RCSD1,ANXA3,0.88476765
341,146,RCSD1,SCARF1,0.88476765
341,194,RCSD1,GOLPH3,0.88476765
341,546,RCSD1,PROCR,0.88476765
341,362,RCSD1,PTGS1,0.88468313
341,363,RCSD1,MYC,0.8844445
341,190,RCSD1,RAD51,0.88408625
341,553,RCSD1,DHFR,0.88408625
341,367,RCSD1,HCFC1,0.88390535
341,394,RCSD1,MAPK1,0.88370746
341,34,RCSD1,MAML3,0.88353044
341,251,RCSD1,IRF6,0.8835227
341,486,RCSD1,NFKBIA,0.8833872
341,232,RCSD1,ICAM1,0.88315547
341,554,RCSD1,CDT1,0.8829333
341,590,RCSD1,IL12A,0.8825187
341,429,RCSD1,GFI1B,0.8822998
341,440,RCSD1,TMEM97,0.88202137
341,464,RCSD1,ZNRF2,0.88202137
276,34,REL,MAML3,0.9356214
276,292,REL,HDAC7,0.9292096
276,81,REL,HDAC11,0.92735237
276,439,REL,DDX20,0.92425066
276,186,REL,STT3B,0.918336
276,475,REL,BCL2,0.9178588
276,351,REL,ERCC8,0.915877
276,82,REL,RB1,0.91550237
276,209,REL,ZBTB16,0.91335243
276,450,REL,MAGED1,0.91296947
276,554,REL,CDT1,0.9120049
276,514,REL,PAK1,0.91172874
276,404,REL,FTSJ3,0.9116625
276,396,REL,RUVBL2,0.9115689
276,0,REL,OTUD6B,0.91156304
276,8,REL,ATAD1,0.91156304
276,128,REL,APLP2,0.91156304
276,136,REL,TACC3,0.91156304
276,150,REL,SORT1,0.91156304
276,519,REL,AGPS,0.91156304
276,524,REL,TBC1D10C,0.91156304
276,432,REL,HDC,0.9115474
276,331,REL,PIM2,0.9066513
276,410,REL,SMARCA2,0.90107256
276,199,REL,E2F4,0.8992605
276,429,REL,GFI1B,0.8964556
276,206,REL,ZDHHC6,0.8908827
276,161,REL,JARID2,0.88656557
276,91,REL,FCHO2,0.88525575
276,537,REL,TXNDC11,0.88525575
276,611,REL,ZEB2,0.88525575
276,534,REL,MORC3,0.8824336
276,255,REL,CD74,0.8805806
276,289,REL,GT(ROSA)26SOR,0.8805806
276,595,REL,CSF3R,0.8787845
276,440,REL,TMEM97,0.87601405
276,464,REL,ZNRF2,0.87601405
276,402,REL,EIF1AD,0.8755963
276,486,REL,NFKBIA,0.86345947
276,210,REL,PNO1,0.86048037
276,621,REL,SNRPB,0.8599961
276,50,REL,NFAT5,0.8591499
276,73,REL,RORC,0.8559321
276,226,REL,POLR2B,0.8520547
276,33,REL,CSTF2,0.8520507
276,183,REL,XAF1,0.8499901
276,200,REL,IGTP,0.8499901
276,504,REL,IFI44,0.8499901
276,609,REL,UBA7,0.8499901
276,177,REL,RELB,0.8368957
177,81,RELB,HDAC11,0.9093131
177,150,RELB,SORT1,0.90852916
177,34,RELB,MAML3,0.9068716
177,128,RELB,APLP2,0.9032668
177,136,RELB,TACC3,0.9032668
177,450,RELB,MAGED1,0.9032668
177,514,RELB,PAK1,0.9032668
177,519,RELB,AGPS,0.9032668
177,524,RELB,TBC1D10C,0.9032668
177,595,RELB,CSF3R,0.9032668
177,8,RELB,ATAD1,0.9031693
177,432,RELB,HDC,0.9031693
177,554,RELB,CDT1,0.9003057
177,209,RELB,ZBTB16,0.89971626
177,292,RELB,HDAC7,0.8963205
177,410,RELB,SMARCA2,0.89502484
177,331,RELB,PIM2,0.8922131
177,404,RELB,FTSJ3,0.8921705
177,475,RELB,BCL2,0.8920982
177,351,RELB,ERCC8,0.8903193
177,186,RELB,STT3B,0.8870143
177,429,RELB,GFI1B,0.885505
177,161,RELB,JARID2,0.87841755
177,439,RELB,DDX20,0.8775977
177,255,RELB,CD74,0.8757643
177,289,RELB,GT(ROSA)26SOR,0.8757643
177,0,RELB,OTUD6B,0.8749642
177,440,RELB,TMEM97,0.873965
177,464,RELB,ZNRF2,0.873965
177,73,RELB,RORC,0.8663705
177,199,RELB,E2F4,0.8644695
177,82,RELB,RB1,0.8644516
177,210,RELB,PNO1,0.86406744
177,402,RELB,EIF1AD,0.8582138
177,486,RELB,NFKBIA,0.858058
177,50,RELB,NFAT5,0.8573871
177,183,RELB,XAF1,0.85623586
177,200,RELB,IGTP,0.85623586
177,504,RELB,IFI44,0.85623586
177,609,RELB,UBA7,0.856224
177,206,RELB,ZDHHC6,0.8525987
177,33,RELB,CSTF2,0.8483466
177,91,RELB,FCHO2,0.8427556
177,396,RELB,RUVBL2,0.83811754
177,363,RELB,MYC,0.8364635
177,611,RELB,ZEB2,0.83327687
177,537,RELB,TXNDC11,0.8329632
177,28,RELB,NFE2,0.8320993
177,534,RELB,MORC3,0.8308648
177,318,RELB,GANAB,0.8304329
70,200,REXO4,IGTP,0.90055263
70,28,REXO4,NFE2,0.8983655
70,357,REXO4,MEIS1,0.8964492
70,78,REXO4,MECOM,0.8962374
70,137,REXO4,MYCN,0.8926834
70,519,REXO4,AGPS,0.89204526
70,57,REXO4,OASL2,0.89194083
70,277,REXO4,RTP4,0.89194053
70,504,REXO4,IFI44,0.8911268
70,183,REXO4,XAF1,0.89110327
70,609,REXO4,UBA7,0.89110327
70,410,REXO4,SMARCA2,0.8899257
70,283,REXO4,EGR1,0.88864714
70,518,REXO4,PHF10,0.88764507
70,194,REXO4,GOLPH3,0.8875273
70,514,REXO4,PAK1,0.8874021
70,8,REXO4,ATAD1,0.8873907
70,432,REXO4,HDC,0.88736105
70,0,REXO4,OTUD6B,0.8873572
70,128,REXO4,APLP2,0.8873572
70,136,REXO4,TACC3,0.8873572
70,150,REXO4,SORT1,0.8873572
70,450,REXO4,MAGED1,0.8873572
70,524,REXO4,TBC1D10C,0.8873572
70,595,REXO4,CSF3R,0.8867496
70,81,REXO4,HDAC11,0.88636285
70,198,REXO4,NDN,0.8857979
70,404,REXO4,FTSJ3,0.8855358
70,33,REXO4,CSTF2,0.8854497
70,2,REXO4,PPP1R15A,0.8849047
70,47,REXO4,FGL2,0.8849047
70,140,REXO4,ANXA3,0.8849047
70,146,REXO4,SCARF1,0.8849047
70,362,REXO4,PTGS1,0.8849047
70,441,REXO4,EBF1,0.8849047
70,546,REXO4,PROCR,0.8849047
70,564,REXO4,MFNG,0.88467485
70,190,REXO4,RAD51,0.8843264
70,553,REXO4,DHFR,0.8843264
70,367,REXO4,HCFC1,0.88415396
70,394,REXO4,MAPK1,0.8838468
70,251,REXO4,IRF6,0.88368225
70,34,REXO4,MAML3,0.8834213
70,486,REXO4,NFKBIA,0.88339585
70,554,REXO4,CDT1,0.88287765
70,590,REXO4,IL12A,0.88253915
70,210,REXO4,PNO1,0.8824361
70,232,REXO4,ICAM1,0.88227135
70,440,REXO4,TMEM97,0.8819445
70,464,REXO4,ZNRF2,0.8819445
35,357,RFC4,MEIS1,0.89642894
35,137,RFC4,MYCN,0.89262396
35,57,RFC4,OASL2,0.89194083
35,277,RFC4,RTP4,0.89194053
35,183,RFC4,XAF1,0.89110327
35,200,RFC4,IGTP,0.8910898
35,609,RFC4,UBA7,0.89104354
35,34,RFC4,MAML3,0.89054924
35,410,RFC4,SMARCA2,0.8899257
35,283,RFC4,EGR1,0.88864714
35,78,RFC4,MECOM,0.8879222
35,140,RFC4,ANXA3,0.8877067
35,518,RFC4,PHF10,0.88764507
35,524,RFC4,TBC1D10C,0.8874228
35,136,RFC4,TACC3,0.8873907
35,504,RFC4,IFI44,0.88738424
35,0,RFC4,OTUD6B,0.8873572
35,8,RFC4,ATAD1,0.8873572
35,150,RFC4,SORT1,0.8873572
35,396,RFC4,RUVBL2,0.8873572
35,432,RFC4,HDC,0.8873572
35,450,RFC4,MAGED1,0.8873572
35,514,RFC4,PAK1,0.8873572
35,519,RFC4,AGPS,0.8873572
35,595,RFC4,CSF3R,0.8873199
35,488,RFC4,FGFR1OP,0.88602394
35,198,RFC4,NDN,0.8857979
35,194,RFC4,GOLPH3,0.88568705
35,404,RFC4,FTSJ3,0.8855358
35,33,RFC4,CSTF2,0.8854538
35,263,RFC4,JUN,0.884927
35,2,RFC4,PPP1R15A,0.8849047
35,47,RFC4,FGL2,0.8849047
35,146,RFC4,SCARF1,0.8849047
35,362,RFC4,PTGS1,0.8849047
35,441,RFC4,EBF1,0.8849047
35,546,RFC4,PROCR,0.8849047
35,622,RFC4,KRT18,0.8849047
35,564,RFC4,MFNG,0.88467485
35,190,RFC4,RAD51,0.8843264
35,553,RFC4,DHFR,0.8843264
35,367,RFC4,HCFC1,0.88415396
35,394,RFC4,MAPK1,0.8838468
35,251,RFC4,IRF6,0.8836629
35,486,RFC4,NFKBIA,0.88339585
35,554,RFC4,CDT1,0.88287765
35,590,RFC4,IL12A,0.88253915
35,210,RFC4,PNO1,0.8824361
35,232,RFC4,ICAM1,0.88227135
35,440,RFC4,TMEM97,0.8819445
32,28,RFC5,NFE2,0.8983655
32,357,RFC5,MEIS1,0.89642894
32,137,RFC5,MYCN,0.89262396
32,57,RFC5,OASL2,0.89194083
32,277,RFC5,RTP4,0.89190894
32,200,RFC5,IGTP,0.89110327
32,609,RFC5,UBA7,0.89104354
32,190,RFC5,RAD51,0.890519
32,410,RFC5,SMARCA2,0.8899257
32,283,RFC5,EGR1,0.88864714
32,78,RFC5,MECOM,0.8879222
32,518,RFC5,PHF10,0.88764507
32,524,RFC5,TBC1D10C,0.8874228
32,504,RFC5,IFI44,0.88738424
32,0,RFC5,OTUD6B,0.8873572
32,8,RFC5,ATAD1,0.8873572
32,128,RFC5,APLP2,0.8873572
32,136,RFC5,TACC3,0.8873572
32,150,RFC5,SORT1,0.8873572
32,396,RFC5,RUVBL2,0.8873572
32,432,RFC5,HDC,0.8873572
32,450,RFC5,MAGED1,0.8873572
32,514,RFC5,PAK1,0.8873572
32,519,RFC5,AGPS,0.8873572
32,595,RFC5,CSF3R,0.8873199
32,81,RFC5,HDAC11,0.88636285
32,488,RFC5,FGFR1OP,0.88602394
32,198,RFC5,NDN,0.8857979
32,404,RFC5,FTSJ3,0.8855358
32,33,RFC5,CSTF2,0.8854538
32,263,RFC5,JUN,0.884927
32,2,RFC5,PPP1R15A,0.8849047
32,47,RFC5,FGL2,0.8849047
32,140,RFC5,ANXA3,0.8849047
32,194,RFC5,GOLPH3,0.8849047
32,362,RFC5,PTGS1,0.8849047
32,441,RFC5,EBF1,0.8849047
32,546,RFC5,PROCR,0.8849047
32,622,RFC5,KRT18,0.8849047
32,146,RFC5,SCARF1,0.88488483
32,564,RFC5,MFNG,0.88467485
32,553,RFC5,DHFR,0.8843264
32,367,RFC5,HCFC1,0.88415396
32,394,RFC5,MAPK1,0.8838468
32,251,RFC5,IRF6,0.8836629
32,34,RFC5,MAML3,0.88354707
32,486,RFC5,NFKBIA,0.88339585
32,554,RFC5,CDT1,0.88287765
32,590,RFC5,IL12A,0.88253915
32,210,RFC5,PNO1,0.8824361
601,524,RGCC,TBC1D10C,0.90148413
601,28,RGCC,NFE2,0.8979077
601,357,RGCC,MEIS1,0.89649427
601,78,RGCC,MECOM,0.8962374
601,137,RGCC,MYCN,0.89262396
601,57,RGCC,OASL2,0.89194083
601,277,RGCC,RTP4,0.89194053
601,183,RGCC,XAF1,0.89110327
601,200,RGCC,IGTP,0.89110327
601,504,RGCC,IFI44,0.89110327
601,609,RGCC,UBA7,0.89110327
601,410,RGCC,SMARCA2,0.8899257
601,283,RGCC,EGR1,0.8886583
601,194,RGCC,GOLPH3,0.88852304
601,518,RGCC,PHF10,0.88764507
601,150,RGCC,SORT1,0.88736826
601,0,RGCC,OTUD6B,0.8873572
601,8,RGCC,ATAD1,0.8873572
601,128,RGCC,APLP2,0.8873572
601,450,RGCC,MAGED1,0.8873572
601,514,RGCC,PAK1,0.8873572
601,595,RGCC,CSF3R,0.8873572
601,432,RGCC,HDC,0.8873467
601,396,RGCC,RUVBL2,0.88726604
601,519,RGCC,AGPS,0.887242
601,81,RGCC,HDAC11,0.8864268
601,198,RGCC,NDN,0.8857979
601,33,RGCC,CSTF2,0.8854538
601,263,RGCC,JUN,0.884927
601,146,RGCC,SCARF1,0.8849264
601,622,RGCC,KRT18,0.8849131
601,2,RGCC,PPP1R15A,0.8849047
601,47,RGCC,FGL2,0.8849047
601,441,RGCC,EBF1,0.8849047
601,546,RGCC,PROCR,0.8849047
601,362,RGCC,PTGS1,0.8848948
601,564,RGCC,MFNG,0.88467485
601,190,RGCC,RAD51,0.8843264
601,367,RGCC,HCFC1,0.88415396
601,394,RGCC,MAPK1,0.8838468
601,486,RGCC,NFKBIA,0.8837837
601,251,RGCC,IRF6,0.8836629
601,34,RGCC,MAML3,0.8834213
601,554,RGCC,CDT1,0.88287765
601,590,RGCC,IL12A,0.88253915
601,210,RGCC,PNO1,0.8824361
601,232,RGCC,ICAM1,0.88227135
601,440,RGCC,TMEM97,0.8819445
601,464,RGCC,ZNRF2,0.88189834
601,177,RGCC,RELB,0.88179356
107,47,RGS1,FGL2,0.897415
107,357,RGS1,MEIS1,0.89649427
107,78,RGS1,MECOM,0.8962374
107,28,RGS1,NFE2,0.89311856
107,137,RGS1,MYCN,0.89262396
107,57,RGS1,OASL2,0.89194083
107,277,RGS1,RTP4,0.89194053
107,183,RGS1,XAF1,0.89110327
107,200,RGS1,IGTP,0.89110327
107,504,RGS1,IFI44,0.89110327
107,609,RGS1,UBA7,0.89110327
107,410,RGS1,SMARCA2,0.8899257
107,34,RGS1,MAML3,0.8896462
107,283,RGS1,EGR1,0.88860416
107,518,RGS1,PHF10,0.88764507
107,396,RGS1,RUVBL2,0.88738984
107,150,RGS1,SORT1,0.8873755
107,0,RGS1,OTUD6B,0.8873572
107,8,RGS1,ATAD1,0.8873572
107,128,RGS1,APLP2,0.8873572
107,136,RGS1,TACC3,0.8873572
107,432,RGS1,HDC,0.8873572
107,450,RGS1,MAGED1,0.8873572
107,514,RGS1,PAK1,0.8873572
107,519,RGS1,AGPS,0.8873572
107,524,RGS1,TBC1D10C,0.8873572
107,595,RGS1,CSF3R,0.88720065
107,81,RGS1,HDAC11,0.88636285
107,198,RGS1,NDN,0.8857979
107,404,RGS1,FTSJ3,0.8855358
107,2,RGS1,PPP1R15A,0.8849047
107,140,RGS1,ANXA3,0.8849047
107,146,RGS1,SCARF1,0.8849047
107,194,RGS1,GOLPH3,0.8849047
107,441,RGS1,EBF1,0.8849047
107,546,RGS1,PROCR,0.8849047
107,622,RGS1,KRT18,0.8849047
107,564,RGS1,MFNG,0.88467485
107,33,RGS1,CSTF2,0.88436633
107,363,RGS1,MYC,0.88436043
107,190,RGS1,RAD51,0.8843264
107,553,RGS1,DHFR,0.8843264
107,367,RGS1,HCFC1,0.88415396
107,394,RGS1,MAPK1,0.8838468
107,251,RGS1,IRF6,0.8836629
107,486,RGS1,NFKBIA,0.88339585
107,554,RGS1,CDT1,0.8828236
107,590,RGS1,IL12A,0.88253915
107,210,RGS1,PNO1,0.8824361
107,232,RGS1,ICAM1,0.88227135
483,28,RGS2,NFE2,0.8983655
483,357,RGS2,MEIS1,0.89649427
483,78,RGS2,MECOM,0.8962374
483,609,RGS2,UBA7,0.8922425
483,8,RGS2,ATAD1,0.89204526
483,277,RGS2,RTP4,0.8919551
483,57,RGS2,OASL2,0.89194083
483,504,RGS2,IFI44,0.89110327
483,183,RGS2,XAF1,0.8910885
483,200,RGS2,IGTP,0.8910734
483,410,RGS2,SMARCA2,0.8899257
483,283,RGS2,EGR1,0.88864714
483,518,RGS2,PHF10,0.88764507
483,363,RGS2,MYC,0.8874873
483,0,RGS2,OTUD6B,0.8873572
483,128,RGS2,APLP2,0.8873572
483,136,RGS2,TACC3,0.8873572
483,150,RGS2,SORT1,0.8873572
483,396,RGS2,RUVBL2,0.8873572
483,432,RGS2,HDC,0.8873572
483,450,RGS2,MAGED1,0.8873572
483,514,RGS2,PAK1,0.8873572
483,524,RGS2,TBC1D10C,0.8873572
483,595,RGS2,CSF3R,0.8873572
483,519,RGS2,AGPS,0.88732266
483,81,RGS2,HDAC11,0.8863079
483,198,RGS2,NDN,0.8858108
483,404,RGS2,FTSJ3,0.8855358
483,33,RGS2,CSTF2,0.8854497
483,263,RGS2,JUN,0.884927
483,47,RGS2,FGL2,0.88491666
483,140,RGS2,ANXA3,0.8849047
483,194,RGS2,GOLPH3,0.8849047
483,362,RGS2,PTGS1,0.8849047
483,546,RGS2,PROCR,0.8849047
483,622,RGS2,KRT18,0.8849047
483,146,RGS2,SCARF1,0.88483244
483,441,RGS2,EBF1,0.88477767
483,564,RGS2,MFNG,0.88467485
483,190,RGS2,RAD51,0.8843264
483,553,RGS2,DHFR,0.8843264
483,367,RGS2,HCFC1,0.88415396
483,394,RGS2,MAPK1,0.8838468
483,251,RGS2,IRF6,0.8836629
483,34,RGS2,MAML3,0.8834034
483,486,RGS2,NFKBIA,0.88339585
483,554,RGS2,CDT1,0.88287765
483,590,RGS2,IL12A,0.8825541
483,210,RGS2,PNO1,0.8824361
483,2,RGS2,PPP1R15A,0.8823133
122,34,RHOF,MAML3,0.9253335
122,81,RHOF,HDAC11,0.922951
122,595,RHOF,CSF3R,0.9217361
122,554,RHOF,CDT1,0.91909987
122,8,RHOF,ATAD1,0.9142943
122,410,RHOF,SMARCA2,0.91405994
122,0,RHOF,OTUD6B,0.9140087
122,128,RHOF,APLP2,0.9140087
122,136,RHOF,TACC3,0.9140087
122,150,RHOF,SORT1,0.9140087
122,396,RHOF,RUVBL2,0.9140087
122,432,RHOF,HDC,0.9140087
122,450,RHOF,MAGED1,0.9140087
122,514,RHOF,PAK1,0.9140087
122,519,RHOF,AGPS,0.9140087
122,524,RHOF,TBC1D10C,0.9140087
122,292,RHOF,HDAC7,0.9136921
122,331,RHOF,PIM2,0.9131208
122,199,RHOF,E2F4,0.91247725
122,404,RHOF,FTSJ3,0.9107167
122,475,RHOF,BCL2,0.9096093
122,351,RHOF,ERCC8,0.9086532
122,429,RHOF,GFI1B,0.9086035
122,186,RHOF,STT3B,0.90753615
122,439,RHOF,DDX20,0.905956
122,161,RHOF,JARID2,0.900839
122,609,RHOF,UBA7,0.89718944
122,183,RHOF,XAF1,0.89699525
122,200,RHOF,IGTP,0.89699525
122,504,RHOF,IFI44,0.89699525
122,289,RHOF,GT(ROSA)26SOR,0.8966014
122,82,RHOF,RB1,0.8943956
122,464,RHOF,ZNRF2,0.8908476
122,440,RHOF,TMEM97,0.8906562
122,73,RHOF,RORC,0.88704294
122,210,RHOF,PNO1,0.884276
122,486,RHOF,NFKBIA,0.8842599
122,50,RHOF,NFAT5,0.8813602
122,255,RHOF,CD74,0.8809425
122,402,RHOF,EIF1AD,0.88078374
122,33,RHOF,CSTF2,0.8740931
122,91,RHOF,FCHO2,0.86825657
122,537,RHOF,TXNDC11,0.86825657
122,611,RHOF,ZEB2,0.86825657
122,590,RHOF,IL12A,0.8682318
122,363,RHOF,MYC,0.866834
122,277,RHOF,RTP4,0.8662237
122,209,RHOF,ZBTB16,0.86470777
122,216,RHOF,CUL3,0.86322737
122,177,RHOF,RELB,0.8616427
26,28,RMND5A,NFE2,0.8983655
26,357,RMND5A,MEIS1,0.89649427
26,137,RMND5A,MYCN,0.89262396
26,57,RMND5A,OASL2,0.89194083
26,277,RMND5A,RTP4,0.89190894
26,200,RMND5A,IGTP,0.89110327
26,609,RMND5A,UBA7,0.89110327
26,504,RMND5A,IFI44,0.89105564
26,410,RMND5A,SMARCA2,0.8906162
26,190,RMND5A,RAD51,0.890519
26,283,RMND5A,EGR1,0.88864714
26,78,RMND5A,MECOM,0.8879222
26,514,RMND5A,PAK1,0.8874021
26,595,RMND5A,CSF3R,0.8873907
26,0,RMND5A,OTUD6B,0.8873572
26,8,RMND5A,ATAD1,0.8873572
26,128,RMND5A,APLP2,0.8873572
26,136,RMND5A,TACC3,0.8873572
26,150,RMND5A,SORT1,0.8873572
26,432,RMND5A,HDC,0.8873572
26,450,RMND5A,MAGED1,0.8873572
26,519,RMND5A,AGPS,0.8873572
26,524,RMND5A,TBC1D10C,0.8873572
26,396,RMND5A,RUVBL2,0.887242
26,81,RMND5A,HDAC11,0.88636285
26,198,RMND5A,NDN,0.8857979
26,404,RMND5A,FTSJ3,0.8855358
26,33,RMND5A,CSTF2,0.8854538
26,362,RMND5A,PTGS1,0.8851272
26,263,RMND5A,JUN,0.884927
26,2,RMND5A,PPP1R15A,0.8849047
26,47,RMND5A,FGL2,0.8849047
26,140,RMND5A,ANXA3,0.8849047
26,194,RMND5A,GOLPH3,0.8849047
26,441,RMND5A,EBF1,0.8849047
26,546,RMND5A,PROCR,0.8849047
26,146,RMND5A,SCARF1,0.88488483
26,622,RMND5A,KRT18,0.8848201
26,564,RMND5A,MFNG,0.88467485
26,553,RMND5A,DHFR,0.8843264
26,367,RMND5A,HCFC1,0.88415396
26,394,RMND5A,MAPK1,0.8838468
26,251,RMND5A,IRF6,0.8836629
26,34,RMND5A,MAML3,0.88354707
26,486,RMND5A,NFKBIA,0.88339585
26,554,RMND5A,CDT1,0.882817
26,590,RMND5A,IL12A,0.8826355
26,210,RMND5A,PNO1,0.8824361
26,232,RMND5A,ICAM1,0.88227135
26,440,RMND5A,TMEM97,0.8819445
347,81,RNF4,HDAC11,0.9205457
347,554,RNF4,CDT1,0.91688204
347,0,RNF4,OTUD6B,0.9146393
347,8,RNF4,ATAD1,0.9146393
347,150,RNF4,SORT1,0.9146393
347,396,RNF4,RUVBL2,0.9146393
347,450,RNF4,MAGED1,0.9146393
347,514,RNF4,PAK1,0.9146393
347,519,RNF4,AGPS,0.9146393
347,524,RNF4,TBC1D10C,0.9146393
347,128,RNF4,APLP2,0.91454226
347,136,RNF4,TACC3,0.91454226
347,410,RNF4,SMARCA2,0.91443354
347,34,RNF4,MAML3,0.9115979
347,199,RNF4,E2F4,0.91013974
347,331,RNF4,PIM2,0.9100739
347,404,RNF4,FTSJ3,0.90806764
347,209,RNF4,ZBTB16,0.9068848
347,351,RNF4,ERCC8,0.9054898
347,200,RNF4,IGTP,0.9040859
347,595,RNF4,CSF3R,0.904072
347,504,RNF4,IFI44,0.9035542
347,183,RNF4,XAF1,0.9034461
347,609,RNF4,UBA7,0.9034461
347,161,RNF4,JARID2,0.9021171
347,440,RNF4,TMEM97,0.9005192
347,464,RNF4,ZNRF2,0.9005192
347,475,RNF4,BCL2,0.8999787
347,255,RNF4,CD74,0.8991421
347,292,RNF4,HDAC7,0.89865863
347,137,RNF4,MYCN,0.8985106
347,210,RNF4,PNO1,0.89556426
347,73,RNF4,RORC,0.8944742
347,186,RNF4,STT3B,0.89339286
347,429,RNF4,GFI1B,0.89068615
347,289,RNF4,GT(ROSA)26SOR,0.8898868
347,50,RNF4,NFAT5,0.88601834
347,486,RNF4,NFKBIA,0.8857285
347,439,RNF4,DDX20,0.88250786
347,402,RNF4,EIF1AD,0.88084114
347,33,RNF4,CSTF2,0.87912667
347,177,RNF4,RELB,0.8788039
347,78,RNF4,MECOM,0.8762775
347,590,RNF4,IL12A,0.8761676
347,318,RNF4,GANAB,0.87611294
347,580,RNF4,MLLT3,0.8760604
347,67,RNF4,HDAC2,0.8759492
347,28,RNF4,NFE2,0.8744142
347,357,RNF4,MEIS1,0.8738829
347,57,RNF4,OASL2,0.8726735
551,28,RORA,NFE2,0.89835346
551,357,RORA,MEIS1,0.89648134
551,78,RORA,MECOM,0.89622474
551,137,RORA,MYCN,0.89261335
551,277,RORA,RTP4,0.89203185
551,57,RORA,OASL2,0.8919263
551,504,RORA,IFI44,0.89110327
551,609,RORA,UBA7,0.89110327
551,183,RORA,XAF1,0.89108884
551,200,RORA,IGTP,0.89108884
551,410,RORA,SMARCA2,0.88991994
551,283,RORA,EGR1,0.88863266
551,518,RORA,PHF10,0.88764507
551,524,RORA,TBC1D10C,0.88737893
551,514,RORA,PAK1,0.8873572
551,519,RORA,AGPS,0.8873572
551,0,RORA,OTUD6B,0.88734627
551,8,RORA,ATAD1,0.88734627
551,128,RORA,APLP2,0.88734627
551,136,RORA,TACC3,0.88734627
551,150,RORA,SORT1,0.88734627
551,432,RORA,HDC,0.88734627
551,450,RORA,MAGED1,0.88734627
551,81,RORA,HDAC11,0.88634795
551,198,RORA,NDN,0.8857868
551,404,RORA,FTSJ3,0.88552296
551,33,RORA,CSTF2,0.88544357
551,362,RORA,PTGS1,0.88499177
551,263,RORA,JUN,0.88491195
551,546,RORA,PROCR,0.8849047
551,622,RORA,KRT18,0.8849047
551,2,RORA,PPP1R15A,0.88488984
551,47,RORA,FGL2,0.88488984
551,140,RORA,ANXA3,0.88488984
551,194,RORA,GOLPH3,0.88488984
551,441,RORA,EBF1,0.88488984
551,553,RORA,DHFR,0.8843264
551,190,RORA,RAD51,0.8843155
551,367,RORA,HCFC1,0.8841438
551,394,RORA,MAPK1,0.88383144
551,251,RORA,IRF6,0.883648
551,486,RORA,NFKBIA,0.8834276
551,34,RORA,MAML3,0.8834056
551,554,RORA,CDT1,0.88290006
551,232,RORA,ICAM1,0.88225985
551,440,RORA,TMEM97,0.8819291
551,464,RORA,ZNRF2,0.8818321
551,177,RORA,RELB,0.88164407
551,606,RORA,ELP2,0.879682
551,429,RORA,GFI1B,0.87959015
73,81,RORC,HDAC11,0.91691834
73,34,RORC,MAML3,0.9114034
73,0,RORC,OTUD6B,0.9105296
73,8,RORC,ATAD1,0.9105296
73,128,RORC,APLP2,0.9105296
73,136,RORC,TACC3,0.9105296
73,150,RORC,SORT1,0.9105296
73,396,RORC,RUVBL2,0.9105296
73,432,RORC,HDC,0.9105296
73,450,RORC,MAGED1,0.9105296
73,514,RORC,PAK1,0.9105296
73,519,RORC,AGPS,0.9105296
73,524,RORC,TBC1D10C,0.9105296
73,595,RORC,CSF3R,0.9105296
73,554,RORC,CDT1,0.9056292
73,209,RORC,ZBTB16,0.9031291
73,404,RORC,FTSJ3,0.9028172
73,292,RORC,HDAC7,0.9012692
73,410,RORC,SMARCA2,0.89998084
73,331,RORC,PIM2,0.89816856
73,351,RORC,ERCC8,0.896368
73,475,RORC,BCL2,0.8961379
73,199,RORC,E2F4,0.89144784
73,429,RORC,GFI1B,0.891278
73,439,RORC,DDX20,0.8874695
73,464,RORC,ZNRF2,0.8844795
73,161,RORC,JARID2,0.88422257
73,255,RORC,CD74,0.8814107
73,289,RORC,GT(ROSA)26SOR,0.8814107
73,440,RORC,TMEM97,0.88108134
73,82,RORC,RB1,0.8754439
73,210,RORC,PNO1,0.87282157
73,183,RORC,XAF1,0.86927956
73,200,RORC,IGTP,0.86927956
73,504,RORC,IFI44,0.86927956
73,609,RORC,UBA7,0.86927956
73,402,RORC,EIF1AD,0.866644
73,50,RORC,NFAT5,0.8644548
73,486,RORC,NFKBIA,0.86444515
73,206,RORC,ZDHHC6,0.85768473
73,33,RORC,CSTF2,0.8556174
73,186,RORC,STT3B,0.8546829
73,177,RORC,RELB,0.8486013
73,363,RORC,MYC,0.84448034
73,91,RORC,FCHO2,0.8443114
73,537,RORC,TXNDC11,0.84385806
73,611,RORC,ZEB2,0.84385806
73,534,RORC,MORC3,0.8438507
73,28,RORC,NFE2,0.84297246
73,318,RORC,GANAB,0.8425056
294,410,RP2,SMARCA2,0.90870553
294,595,RP2,CSF3R,0.9079266
294,81,RP2,HDAC11,0.9073762
294,554,RP2,CDT1,0.90463966
294,34,RP2,MAML3,0.9043185
294,0,RP2,OTUD6B,0.90421414
294,8,RP2,ATAD1,0.90421414
294,128,RP2,APLP2,0.90421414
294,150,RP2,SORT1,0.90421414
294,396,RP2,RUVBL2,0.90421414
294,432,RP2,HDC,0.90421414
294,450,RP2,MAGED1,0.90421414
294,514,RP2,PAK1,0.90421414
294,519,RP2,AGPS,0.90421414
294,524,RP2,TBC1D10C,0.90421414
294,136,RP2,TACC3,0.9041284
294,404,RP2,FTSJ3,0.90371966
294,210,RP2,PNO1,0.90357894
294,440,RP2,TMEM97,0.90318793
294,464,RP2,ZNRF2,0.90318793
294,429,RP2,GFI1B,0.90280575
294,161,RP2,JARID2,0.8992616
294,33,RP2,CSTF2,0.8980755
294,292,RP2,HDAC7,0.89746714
294,331,RP2,PIM2,0.8966319
294,73,RP2,RORC,0.89563686
294,255,RP2,CD74,0.893886
294,289,RP2,GT(ROSA)26SOR,0.893886
294,486,RP2,NFKBIA,0.8929858
294,199,RP2,E2F4,0.89221764
294,209,RP2,ZBTB16,0.89106166
294,177,RP2,RELB,0.8891122
294,488,RP2,FGFR1OP,0.8883405
294,50,RP2,NFAT5,0.8867724
294,351,RP2,ERCC8,0.88577604
294,67,RP2,HDAC2,0.88555247
294,318,RP2,GANAB,0.8854767
294,439,RP2,DDX20,0.8850754
294,28,RP2,NFE2,0.8841025
294,363,RP2,MYC,0.88262284
294,475,RP2,BCL2,0.880613
294,357,RP2,MEIS1,0.8796458
294,367,RP2,HCFC1,0.879459
294,186,RP2,STT3B,0.8792879
294,165,RP2,GTF2H1,0.8788203
294,426,RP2,PRPF4,0.877711
294,82,RP2,RB1,0.87743455
294,590,RP2,IL12A,0.8749377
294,402,RP2,EIF1AD,0.8743592
294,57,RP2,OASL2,0.8729217
182,189,RPA1,MCM5,0.97223973
182,290,RPA1,POLD1,0.97060364
182,279,RPA1,AURKB,0.97047216
182,299,RPA1,ORC2,0.9703537
182,21,RPA1,RRM1,0.9700623
182,345,RPA1,UHRF1,0.96954554
182,246,RPA1,TK1,0.96884716
182,500,RPA1,MCM3,0.96882355
182,74,RPA1,TOP2A,0.96846896
182,204,RPA1,MCM2,0.9683478
182,240,RPA1,RPA2,0.9680473
182,399,RPA1,RRM2,0.96800137
182,323,RPA1,MCM4,0.9678412
182,561,RPA1,MCM7,0.96767074
182,350,RPA1,MCM6,0.9676329
182,273,RPA1,FIGNL1,0.9669575
182,297,RPA1,LIG1,0.9667786
182,42,RPA1,HMGB2,0.9664642
182,411,RPA1,CDC45,0.9662498
182,266,RPA1,MSH6,0.96616024
182,497,RPA1,TYMS,0.96610725
182,610,RPA1,PRIM2,0.96593064
182,30,RPA1,PBK,0.96584773
182,620,RPA1,TIPIN,0.9658106
182,478,RPA1,MKI67,0.9655518
182,230,RPA1,TOP3B,0.96549505
182,53,RPA1,ORC6,0.9654386
182,102,RPA1,PRIM1,0.9654229
182,510,RPA1,XRCC6,0.96462107
182,407,RPA1,CDC7,0.964328
182,68,RPA1,MIS18BP1,0.96373135
182,259,RPA1,NUP107,0.96373135
182,430,RPA1,SEH1L,0.96373135
182,414,RPA1,CENPK,0.96367526
182,226,RPA1,POLR2B,0.9630819
182,361,RPA1,CCNB2,0.96228945
182,86,RPA1,RANGAP1,0.95988786
182,611,RPA1,ZEB2,0.9516811
182,91,RPA1,FCHO2,0.9515062
182,537,RPA1,TXNDC11,0.9515062
182,118,RPA1,MIS12,0.9506541
182,439,RPA1,DDX20,0.9432449
182,82,RPA1,RB1,0.93696845
182,292,RPA1,HDAC7,0.9354938
182,534,RPA1,MORC3,0.9148524
182,206,RPA1,ZDHHC6,0.9124082
182,34,RPA1,MAML3,0.911135
182,0,RPA1,OTUD6B,0.901949
182,621,RPA1,SNRPB,0.90188485
182,475,RPA1,BCL2,0.889911
240,189,RPA2,MCM5,0.96448666
240,299,RPA2,ORC2,0.9624637
240,290,RPA2,POLD1,0.9623495
240,279,RPA2,AURKB,0.96170485
240,21,RPA2,RRM1,0.96132857
240,246,RPA2,TK1,0.95893234
240,500,RPA2,MCM3,0.9581486
240,74,RPA2,TOP2A,0.9573461
240,204,RPA2,MCM2,0.9564953
240,323,RPA2,MCM4,0.95631784
240,497,RPA2,TYMS,0.95620155
240,561,RPA2,MCM7,0.9557699
240,226,RPA2,POLR2B,0.9554529
240,86,RPA2,RANGAP1,0.95491225
240,297,RPA2,LIG1,0.954865
240,273,RPA2,FIGNL1,0.954527
240,42,RPA2,HMGB2,0.95381194
240,266,RPA2,MSH6,0.9537716
240,537,RPA2,TXNDC11,0.9536693
240,91,RPA2,FCHO2,0.9535855
240,611,RPA2,ZEB2,0.9535855
240,411,RPA2,CDC45,0.95319307
240,53,RPA2,ORC6,0.9530361
240,620,RPA2,TIPIN,0.95263255
240,478,RPA2,MKI67,0.95260984
240,350,RPA2,MCM6,0.9521795
240,30,RPA2,PBK,0.9521516
240,102,RPA2,PRIM1,0.9520645
240,610,RPA2,PRIM2,0.95187914
240,230,RPA2,TOP3B,0.9509624
240,345,RPA2,UHRF1,0.9509476
240,407,RPA2,CDC7,0.950733
240,118,RPA2,MIS12,0.9504557
240,399,RPA2,RRM2,0.9489454
240,510,RPA2,XRCC6,0.9484997
240,259,RPA2,NUP107,0.9459977
240,68,RPA2,MIS18BP1,0.94598705
240,430,RPA2,SEH1L,0.94598705
240,439,RPA2,DDX20,0.9456764
240,414,RPA2,CENPK,0.9455186
240,361,RPA2,CCNB2,0.9445638
240,182,RPA2,RPA1,0.94226664
240,292,RPA2,HDAC7,0.94154555
240,82,RPA2,RB1,0.9395278
240,621,RPA2,SNRPB,0.93618554
240,206,RPA2,ZDHHC6,0.9195119
240,34,RPA2,MAML3,0.91569334
240,534,RPA2,MORC3,0.91421825
240,396,RPA2,RUVBL2,0.909269
240,475,RPA2,BCL2,0.89511776
513,28,RPP40,NFE2,0.8983655
513,357,RPP40,MEIS1,0.8965275
513,78,RPP40,MECOM,0.8962639
513,137,RPP40,MYCN,0.89262396
513,57,RPP40,OASL2,0.89194083
513,277,RPP40,RTP4,0.89194053
513,183,RPP40,XAF1,0.89110327
513,200,RPP40,IGTP,0.89110327
513,609,RPP40,UBA7,0.89110327
513,410,RPP40,SMARCA2,0.8899257
513,283,RPP40,EGR1,0.88864714
513,518,RPP40,PHF10,0.88764507
513,0,RPP40,OTUD6B,0.8873572
513,150,RPP40,SORT1,0.8873572
513,514,RPP40,PAK1,0.8873572
513,519,RPP40,AGPS,0.8873572
513,524,RPP40,TBC1D10C,0.8873572
513,595,RPP40,CSF3R,0.8873572
513,396,RPP40,RUVBL2,0.8872954
513,432,RPP40,HDC,0.887242
513,81,RPP40,HDAC11,0.88636285
513,198,RPP40,NDN,0.8857979
513,33,RPP40,CSTF2,0.8854538
513,404,RPP40,FTSJ3,0.8852285
513,546,RPP40,PROCR,0.88494617
513,263,RPP40,JUN,0.884927
513,194,RPP40,GOLPH3,0.8849098
513,47,RPP40,FGL2,0.8849047
513,140,RPP40,ANXA3,0.8849047
513,146,RPP40,SCARF1,0.8849047
513,441,RPP40,EBF1,0.8849047
513,622,RPP40,KRT18,0.8849047
513,564,RPP40,MFNG,0.88467485
513,553,RPP40,DHFR,0.88433087
513,190,RPP40,RAD51,0.8843264
513,367,RPP40,HCFC1,0.88415396
513,394,RPP40,MAPK1,0.8838468
513,362,RPP40,PTGS1,0.88380176
513,251,RPP40,IRF6,0.8836629
513,34,RPP40,MAML3,0.8834213
513,486,RPP40,NFKBIA,0.88339585
513,450,RPP40,MAGED1,0.882948
513,554,RPP40,CDT1,0.88287765
513,590,RPP40,IL12A,0.88253915
513,210,RPP40,PNO1,0.8824361
513,232,RPP40,ICAM1,0.8822636
513,440,RPP40,TMEM97,0.8819445
513,464,RPP40,ZNRF2,0.8819445
513,177,RPP40,RELB,0.8818608
513,504,RPP40,IFI44,0.88027364
385,28,RPRD1B,NFE2,0.8983655
385,357,RPRD1B,MEIS1,0.89649427
385,78,RPRD1B,MECOM,0.8962374
385,137,RPRD1B,MYCN,0.89262396
385,277,RPRD1B,RTP4,0.89194053
385,57,RPRD1B,OASL2,0.8919242
385,183,RPRD1B,XAF1,0.89110327
385,200,RPRD1B,IGTP,0.89110327
385,504,RPRD1B,IFI44,0.89110327
385,609,RPRD1B,UBA7,0.89110327
385,410,RPRD1B,SMARCA2,0.8899257
385,283,RPRD1B,EGR1,0.88864714
385,518,RPRD1B,PHF10,0.88764507
385,0,RPRD1B,OTUD6B,0.8873907
385,8,RPRD1B,ATAD1,0.8873572
385,128,RPRD1B,APLP2,0.8873572
385,136,RPRD1B,TACC3,0.8873572
385,150,RPRD1B,SORT1,0.8873572
385,396,RPRD1B,RUVBL2,0.8873572
385,432,RPRD1B,HDC,0.8873572
385,450,RPRD1B,MAGED1,0.8873572
385,514,RPRD1B,PAK1,0.8873572
385,519,RPRD1B,AGPS,0.8873572
385,524,RPRD1B,TBC1D10C,0.8873572
385,595,RPRD1B,CSF3R,0.8873572
385,81,RPRD1B,HDAC11,0.88636285
385,198,RPRD1B,NDN,0.8857979
385,404,RPRD1B,FTSJ3,0.8855358
385,263,RPRD1B,JUN,0.884927
385,2,RPRD1B,PPP1R15A,0.8849047
385,47,RPRD1B,FGL2,0.8849047
385,146,RPRD1B,SCARF1,0.8849047
385,194,RPRD1B,GOLPH3,0.8849047
385,362,RPRD1B,PTGS1,0.8849047
385,441,RPRD1B,EBF1,0.8849047
385,546,RPRD1B,PROCR,0.8849047
385,622,RPRD1B,KRT18,0.8849047
385,564,RPRD1B,MFNG,0.88467485
385,190,RPRD1B,RAD51,0.8843264
385,553,RPRD1B,DHFR,0.8843264
385,367,RPRD1B,HCFC1,0.88415396
385,394,RPRD1B,MAPK1,0.8838468
385,251,RPRD1B,IRF6,0.8836629
385,34,RPRD1B,MAML3,0.8834213
385,486,RPRD1B,NFKBIA,0.88339585
385,590,RPRD1B,IL12A,0.88253915
385,210,RPRD1B,PNO1,0.8824361
385,232,RPRD1B,ICAM1,0.88227135
385,440,RPRD1B,TMEM97,0.8819445
385,464,RPRD1B,ZNRF2,0.8819445
438,28,RPS6KA3,NFE2,0.8983655
438,357,RPS6KA3,MEIS1,0.89649427
438,78,RPS6KA3,MECOM,0.8962374
438,137,RPS6KA3,MYCN,0.89262396
438,57,RPS6KA3,OASL2,0.89194083
438,277,RPS6KA3,RTP4,0.89194053
438,200,RPS6KA3,IGTP,0.89129186
438,183,RPS6KA3,XAF1,0.89110327
438,504,RPS6KA3,IFI44,0.89110327
438,609,RPS6KA3,UBA7,0.89110327
438,410,RPS6KA3,SMARCA2,0.8899257
438,283,RPS6KA3,EGR1,0.88864714
438,518,RPS6KA3,PHF10,0.88764507
438,441,RPS6KA3,EBF1,0.88753986
438,514,RPS6KA3,PAK1,0.8874134
438,136,RPS6KA3,TACC3,0.88736963
438,0,RPS6KA3,OTUD6B,0.8873572
438,8,RPS6KA3,ATAD1,0.8873572
438,128,RPS6KA3,APLP2,0.8873572
438,150,RPS6KA3,SORT1,0.8873572
438,396,RPS6KA3,RUVBL2,0.8873572
438,432,RPS6KA3,HDC,0.8873572
438,450,RPS6KA3,MAGED1,0.8873572
438,519,RPS6KA3,AGPS,0.8873572
438,524,RPS6KA3,TBC1D10C,0.8873572
438,595,RPS6KA3,CSF3R,0.8873572
438,81,RPS6KA3,HDAC11,0.88636285
438,198,RPS6KA3,NDN,0.8857979
438,404,RPS6KA3,FTSJ3,0.8855358
438,33,RPS6KA3,CSTF2,0.8854538
438,190,RPS6KA3,RAD51,0.88525206
438,140,RPS6KA3,ANXA3,0.8849424
438,263,RPS6KA3,JUN,0.88490635
438,2,RPS6KA3,PPP1R15A,0.8849047
438,146,RPS6KA3,SCARF1,0.8849047
438,194,RPS6KA3,GOLPH3,0.8849047
438,362,RPS6KA3,PTGS1,0.8849047
438,546,RPS6KA3,PROCR,0.8849047
438,622,RPS6KA3,KRT18,0.8849047
438,47,RPS6KA3,FGL2,0.88483375
438,564,RPS6KA3,MFNG,0.88467485
438,553,RPS6KA3,DHFR,0.8843264
438,367,RPS6KA3,HCFC1,0.88415396
438,394,RPS6KA3,MAPK1,0.8838468
438,251,RPS6KA3,IRF6,0.8836629
438,34,RPS6KA3,MAML3,0.8834213
438,486,RPS6KA3,NFKBIA,0.88339585
438,554,RPS6KA3,CDT1,0.88287765
438,590,RPS6KA3,IL12A,0.88253915
438,210,RPS6KA3,PNO1,0.8824361
608,519,RPS6KA5,AGPS,0.9014834
608,28,RPS6KA5,NFE2,0.89791244
608,357,RPS6KA5,MEIS1,0.89649427
608,78,RPS6KA5,MECOM,0.8963756
608,137,RPS6KA5,MYCN,0.89262396
608,57,RPS6KA5,OASL2,0.89194083
608,277,RPS6KA5,RTP4,0.89194053
608,183,RPS6KA5,XAF1,0.89110327
608,200,RPS6KA5,IGTP,0.89110327
608,504,RPS6KA5,IFI44,0.89110327
608,609,RPS6KA5,UBA7,0.89110327
608,410,RPS6KA5,SMARCA2,0.8899257
608,283,RPS6KA5,EGR1,0.88864714
608,518,RPS6KA5,PHF10,0.88764507
608,450,RPS6KA5,MAGED1,0.8874228
608,0,RPS6KA5,OTUD6B,0.8873572
608,8,RPS6KA5,ATAD1,0.8873572
608,128,RPS6KA5,APLP2,0.8873572
608,136,RPS6KA5,TACC3,0.8873572
608,150,RPS6KA5,SORT1,0.8873572
608,432,RPS6KA5,HDC,0.8873572
608,514,RPS6KA5,PAK1,0.8873572
608,524,RPS6KA5,TBC1D10C,0.8873572
608,595,RPS6KA5,CSF3R,0.8873572
608,394,RPS6KA5,MAPK1,0.88674515
608,81,RPS6KA5,HDAC11,0.88636285
608,198,RPS6KA5,NDN,0.88566744
608,404,RPS6KA5,FTSJ3,0.8855358
608,33,RPS6KA5,CSTF2,0.8854538
608,622,RPS6KA5,KRT18,0.88494617
608,263,RPS6KA5,JUN,0.88492054
608,140,RPS6KA5,ANXA3,0.8849131
608,2,RPS6KA5,PPP1R15A,0.8849047
608,47,RPS6KA5,FGL2,0.8849047
608,146,RPS6KA5,SCARF1,0.8849047
608,441,RPS6KA5,EBF1,0.8849047
608,546,RPS6KA5,PROCR,0.8849047
608,553,RPS6KA5,DHFR,0.88442475
608,190,RPS6KA5,RAD51,0.8843264
608,367,RPS6KA5,HCFC1,0.88404924
608,251,RPS6KA5,IRF6,0.8836629
608,34,RPS6KA5,MAML3,0.8834213
608,486,RPS6KA5,NFKBIA,0.88339585
608,564,RPS6KA5,MFNG,0.8832431
608,554,RPS6KA5,CDT1,0.88287765
608,590,RPS6KA5,IL12A,0.88253915
608,210,RPS6KA5,PNO1,0.8824361
608,232,RPS6KA5,ICAM1,0.88227135
608,440,RPS6KA5,TMEM97,0.8819445
608,464,RPS6KA5,ZNRF2,0.8819445
21,189,RRM1,MCM5,0.9707982
21,290,RRM1,POLD1,0.9683082
21,299,RRM1,ORC2,0.96805453
21,279,RRM1,AURKB,0.9676023
21,345,RRM1,UHRF1,0.96731365
21,246,RRM1,TK1,0.96657103
21,500,RRM1,MCM3,0.966535
21,74,RRM1,TOP2A,0.96612775
21,204,RRM1,MCM2,0.96599525
21,240,RRM1,RPA2,0.9658542
21,399,RRM1,RRM2,0.965624
21,497,RRM1,TYMS,0.96552306
21,323,RRM1,MCM4,0.9654056
21,561,RRM1,MCM7,0.96535313
21,350,RRM1,MCM6,0.96530336
21,230,RRM1,TOP3B,0.9648828
21,273,RRM1,FIGNL1,0.9647199
21,297,RRM1,LIG1,0.9643943
21,42,RRM1,HMGB2,0.9640332
21,620,RRM1,TIPIN,0.9638246
21,411,RRM1,CDC45,0.96372485
21,266,RRM1,MSH6,0.9637234
21,610,RRM1,PRIM2,0.96333164
21,30,RRM1,PBK,0.963213
21,478,RRM1,MKI67,0.9630547
21,182,RRM1,RPA1,0.9630453
21,53,RRM1,ORC6,0.962948
21,102,RRM1,PRIM1,0.96276635
21,68,RRM1,MIS18BP1,0.9619584
21,259,RRM1,NUP107,0.9619584
21,430,RRM1,SEH1L,0.9619542
21,510,RRM1,XRCC6,0.9617858
21,226,RRM1,POLR2B,0.9616755
21,407,RRM1,CDC7,0.9615812
21,86,RRM1,RANGAP1,0.9611834
21,414,RRM1,CENPK,0.96097684
21,361,RRM1,CCNB2,0.95851916
21,118,RRM1,MIS12,0.95195806
21,91,RRM1,FCHO2,0.95148265
21,611,RRM1,ZEB2,0.9514697
21,537,RRM1,TXNDC11,0.95123243
21,82,RRM1,RB1,0.94028765
21,292,RRM1,HDAC7,0.9383928
21,621,RRM1,SNRPB,0.93577313
21,534,RRM1,MORC3,0.9198606
21,206,RRM1,ZDHHC6,0.91956526
21,34,RRM1,MAML3,0.9143624
21,475,RRM1,BCL2,0.8949382
21,439,RRM1,DDX20,0.88101554
21,81,RRM1,HDAC11,0.8789903
399,189,RRM2,MCM5,0.9718707
399,290,RRM2,POLD1,0.9697822
399,279,RRM2,AURKB,0.96966827
399,299,RRM2,ORC2,0.96952695
399,21,RRM2,RRM1,0.96924233
399,246,RRM2,TK1,0.9679882
399,500,RRM2,MCM3,0.9679558
399,74,RRM2,TOP2A,0.9675868
399,204,RRM2,MCM2,0.9674548
399,240,RRM2,RPA2,0.96701324
399,323,RRM2,MCM4,0.9669284
399,561,RRM2,MCM7,0.96666807
399,497,RRM2,TYMS,0.96664476
399,350,RRM2,MCM6,0.96662015
399,345,RRM2,UHRF1,0.9665435
399,273,RRM2,FIGNL1,0.96592927
399,297,RRM2,LIG1,0.9657488
399,102,RRM2,PRIM1,0.9654134
399,42,RRM2,HMGB2,0.9654116
399,411,RRM2,CDC45,0.9651944
399,266,RRM2,MSH6,0.965114
399,610,RRM2,PRIM2,0.9648613
399,230,RRM2,TOP3B,0.9647866
399,30,RRM2,PBK,0.96477437
399,620,RRM2,TIPIN,0.9647476
399,478,RRM2,MKI67,0.96447897
399,182,RRM2,RPA1,0.9643734
399,53,RRM2,ORC6,0.9643731
399,510,RRM2,XRCC6,0.9633907
399,86,RRM2,RANGAP1,0.9633035
399,407,RRM2,CDC7,0.9632158
399,68,RRM2,MIS18BP1,0.9628872
399,259,RRM2,NUP107,0.9628872
399,430,RRM2,SEH1L,0.9628872
399,414,RRM2,CENPK,0.9624422
399,226,RRM2,POLR2B,0.96232706
399,361,RRM2,CCNB2,0.9598361
399,118,RRM2,MIS12,0.95411897
399,91,RRM2,FCHO2,0.95150524
399,611,RRM2,ZEB2,0.95150524
399,537,RRM2,TXNDC11,0.9514081
399,534,RRM2,MORC3,0.94379216
399,82,RRM2,RB1,0.93787223
399,292,RRM2,HDAC7,0.93631345
399,439,RRM2,DDX20,0.9300139
399,621,RRM2,SNRPB,0.9268021
399,206,RRM2,ZDHHC6,0.9147302
399,34,RRM2,MAML3,0.9120097
399,475,RRM2,BCL2,0.89128816
399,81,RRM2,HDAC11,0.87574464
277,450,RTP4,MAGED1,0.92412305
277,81,RTP4,HDAC11,0.92392135
277,554,RTP4,CDT1,0.9233816
277,410,RTP4,SMARCA2,0.92263573
277,514,RTP4,PAK1,0.9199429
277,396,RTP4,RUVBL2,0.9199342
277,432,RTP4,HDC,0.9199276
277,0,RTP4,OTUD6B,0.9199178
277,8,RTP4,ATAD1,0.9199178
277,128,RTP4,APLP2,0.9199178
277,136,RTP4,TACC3,0.9199178
277,150,RTP4,SORT1,0.9199178
277,519,RTP4,AGPS,0.9199178
277,524,RTP4,TBC1D10C,0.9199178
277,199,RTP4,E2F4,0.9191511
277,331,RTP4,PIM2,0.91708523
277,404,RTP4,FTSJ3,0.91679966
277,429,RTP4,GFI1B,0.9163151
277,183,RTP4,XAF1,0.914407
277,200,RTP4,IGTP,0.914407
277,504,RTP4,IFI44,0.914407
277,609,RTP4,UBA7,0.914407
277,34,RTP4,MAML3,0.913311
277,351,RTP4,ERCC8,0.91088223
277,161,RTP4,JARID2,0.9101481
277,255,RTP4,CD74,0.90693283
277,289,RTP4,GT(ROSA)26SOR,0.90693283
277,595,RTP4,CSF3R,0.90614194
277,440,RTP4,TMEM97,0.90535563
277,464,RTP4,ZNRF2,0.90535563
277,210,RTP4,PNO1,0.90286934
277,475,RTP4,BCL2,0.9013438
277,137,RTP4,MYCN,0.90133464
277,292,RTP4,HDAC7,0.9002647
277,186,RTP4,STT3B,0.89963156
277,209,RTP4,ZBTB16,0.899553
277,73,RTP4,RORC,0.8966773
277,50,RTP4,NFAT5,0.8959339
277,486,RTP4,NFKBIA,0.8958381
277,402,RTP4,EIF1AD,0.89171296
277,33,RTP4,CSTF2,0.88918275
277,439,RTP4,DDX20,0.8856083
277,590,RTP4,IL12A,0.8853824
277,67,RTP4,HDAC2,0.8835628
277,580,RTP4,MLLT3,0.88317823
277,177,RTP4,RELB,0.8828256
277,57,RTP4,OASL2,0.8816223
277,293,RTP4,IRF7,0.8812176
277,363,RTP4,MYC,0.88049203
277,318,RTP4,GANAB,0.8803541
559,410,RUNX1T1,SMARCA2,0.90946496
559,554,RUNX1T1,CDT1,0.9084852
559,432,RUNX1T1,HDC,0.9064867
559,8,RUNX1T1,ATAD1,0.90647924
559,128,RUNX1T1,APLP2,0.90647924
559,136,RUNX1T1,TACC3,0.90647924
559,150,RUNX1T1,SORT1,0.90647924
559,514,RUNX1T1,PAK1,0.90647924
559,524,RUNX1T1,TBC1D10C,0.90647924
559,396,RUNX1T1,RUVBL2,0.90639687
559,0,RUNX1T1,OTUD6B,0.9063677
559,450,RUNX1T1,MAGED1,0.90633804
559,519,RUNX1T1,AGPS,0.9063341
559,429,RUNX1T1,GFI1B,0.9017366
559,331,RUNX1T1,PIM2,0.90005076
559,404,RUNX1T1,FTSJ3,0.8985317
559,595,RUNX1T1,CSF3R,0.89739615
559,440,RUNX1T1,TMEM97,0.8965501
559,464,RUNX1T1,ZNRF2,0.8965501
559,161,RUNX1T1,JARID2,0.8962088
559,34,RUNX1T1,MAML3,0.8958771
559,199,RUNX1T1,E2F4,0.8950667
559,255,RUNX1T1,CD74,0.8937104
559,289,RUNX1T1,GT(ROSA)26SOR,0.8937104
559,209,RUNX1T1,ZBTB16,0.89081687
559,210,RUNX1T1,PNO1,0.8893448
559,183,RUNX1T1,XAF1,0.8845848
559,200,RUNX1T1,IGTP,0.8845848
559,504,RUNX1T1,IFI44,0.8845848
559,609,RUNX1T1,UBA7,0.8845848
559,292,RUNX1T1,HDAC7,0.8839556
559,73,RUNX1T1,RORC,0.88293016
559,475,RUNX1T1,BCL2,0.8820981
559,50,RUNX1T1,NFAT5,0.88030154
559,486,RUNX1T1,NFKBIA,0.87977433
559,351,RUNX1T1,ERCC8,0.8797662
559,177,RUNX1T1,RELB,0.8754719
559,137,RUNX1T1,MYCN,0.8749886
559,33,RUNX1T1,CSTF2,0.87315536
559,402,RUNX1T1,EIF1AD,0.86964905
559,186,RUNX1T1,STT3B,0.86953
559,357,RUNX1T1,MEIS1,0.8694945
559,28,RUNX1T1,NFE2,0.86865854
559,318,RUNX1T1,GANAB,0.86785865
559,78,RUNX1T1,MECOM,0.86717826
559,67,RUNX1T1,HDAC2,0.8669188
559,367,RUNX1T1,HCFC1,0.86684406
559,590,RUNX1T1,IL12A,0.86581206
559,277,RUNX1T1,RTP4,0.86471695
559,57,RUNX1T1,OASL2,0.86471474
396,34,RUVBL2,MAML3,0.9107884
396,292,RUVBL2,HDAC7,0.9066262
396,81,RUVBL2,HDAC11,0.8992233
396,439,RUVBL2,DDX20,0.89539355
396,209,RUVBL2,ZBTB16,0.8941064
396,8,RUVBL2,ATAD1,0.88552964
396,128,RUVBL2,APLP2,0.88552964
396,136,RUVBL2,TACC3,0.88552964
396,150,RUVBL2,SORT1,0.88552964
396,432,RUVBL2,HDC,0.88552964
396,450,RUVBL2,MAGED1,0.88552964
396,514,RUVBL2,PAK1,0.88552964
396,519,RUVBL2,AGPS,0.88552964
396,524,RUVBL2,TBC1D10C,0.88552964
396,595,RUVBL2,CSF3R,0.88552964
396,0,RUVBL2,OTUD6B,0.88510406
396,82,RUVBL2,RB1,0.8819388
396,475,RUVBL2,BCL2,0.8811512
396,404,RUVBL2,FTSJ3,0.8804702
396,186,RUVBL2,STT3B,0.8761371
396,331,RUVBL2,PIM2,0.86620355
396,410,RUVBL2,SMARCA2,0.8660584
396,351,RUVBL2,ERCC8,0.86564934
396,206,RUVBL2,ZDHHC6,0.862677
396,91,RUVBL2,FCHO2,0.8623452
396,611,RUVBL2,ZEB2,0.8623452
396,537,RUVBL2,TXNDC11,0.8623179
396,199,RUVBL2,E2F4,0.85435295
396,429,RUVBL2,GFI1B,0.8534257
396,161,RUVBL2,JARID2,0.8398343
396,440,RUVBL2,TMEM97,0.83594555
396,464,RUVBL2,ZNRF2,0.83570683
396,289,RUVBL2,GT(ROSA)26SOR,0.83452505
396,255,RUVBL2,CD74,0.8335333
396,554,RUVBL2,CDT1,0.83150727
396,402,RUVBL2,EIF1AD,0.8247722
396,210,RUVBL2,PNO1,0.8156397
396,73,RUVBL2,RORC,0.8147692
396,486,RUVBL2,NFKBIA,0.80696225
396,50,RUVBL2,NFAT5,0.7993526
396,534,RUVBL2,MORC3,0.7988718
396,226,RUVBL2,POLR2B,0.79675394
396,33,RUVBL2,CSTF2,0.7948533
396,183,RUVBL2,XAF1,0.7766191
396,609,RUVBL2,UBA7,0.7766191
396,504,RUVBL2,IFI44,0.776616
396,216,RUVBL2,CUL3,0.7750254
396,177,RUVBL2,RELB,0.77151465
396,363,RUVBL2,MYC,0.77066284
396,621,RUVBL2,SNRPB,0.7622598
282,8,S100A6,ATAD1,0.91223365
282,150,S100A6,SORT1,0.91222525
282,410,S100A6,SMARCA2,0.908673
282,81,S100A6,HDAC11,0.90738153
282,554,S100A6,CDT1,0.9046022
282,34,S100A6,MAML3,0.9042621
282,595,S100A6,CSF3R,0.9042011
282,0,S100A6,OTUD6B,0.9041819
282,136,S100A6,TACC3,0.9041819
282,396,S100A6,RUVBL2,0.9041819
282,432,S100A6,HDC,0.9041819
282,450,S100A6,MAGED1,0.9041819
282,514,S100A6,PAK1,0.9041819
282,519,S100A6,AGPS,0.9041819
282,524,S100A6,TBC1D10C,0.9041819
282,128,S100A6,APLP2,0.9041662
282,404,S100A6,FTSJ3,0.9036744
282,210,S100A6,PNO1,0.90353745
282,440,S100A6,TMEM97,0.9031522
282,464,S100A6,ZNRF2,0.9031522
282,429,S100A6,GFI1B,0.9027679
282,161,S100A6,JARID2,0.8992252
282,33,S100A6,CSTF2,0.8981121
282,292,S100A6,HDAC7,0.8974032
282,255,S100A6,CD74,0.8966982
282,331,S100A6,PIM2,0.89659303
282,73,S100A6,RORC,0.89559966
282,289,S100A6,GT(ROSA)26SOR,0.8938483
282,318,S100A6,GANAB,0.8935841
282,486,S100A6,NFKBIA,0.89302754
282,199,S100A6,E2F4,0.89216936
282,209,S100A6,ZBTB16,0.891019
282,177,S100A6,RELB,0.88919926
282,488,S100A6,FGFR1OP,0.88841677
282,50,S100A6,NFAT5,0.88681495
282,351,S100A6,ERCC8,0.8857256
282,67,S100A6,HDAC2,0.8856048
282,439,S100A6,DDX20,0.8849971
282,28,S100A6,NFE2,0.8842059
282,363,S100A6,MYC,0.8826947
282,475,S100A6,BCL2,0.88054556
282,367,S100A6,HCFC1,0.8796904
282,357,S100A6,MEIS1,0.8796279
282,186,S100A6,STT3B,0.8793504
282,165,S100A6,GTF2H1,0.87876546
282,426,S100A6,PRPF4,0.8777604
282,82,S100A6,RB1,0.8773578
282,590,S100A6,IL12A,0.87502366
282,402,S100A6,EIF1AD,0.87419194
282,277,S100A6,RTP4,0.87301487
607,519,SALL2,AGPS,0.9014834
607,28,SALL2,NFE2,0.89791244
607,357,SALL2,MEIS1,0.89649427
607,78,SALL2,MECOM,0.8963756
607,137,SALL2,MYCN,0.89262396
607,57,SALL2,OASL2,0.89194083
607,277,SALL2,RTP4,0.89194053
607,183,SALL2,XAF1,0.89110327
607,200,SALL2,IGTP,0.89110327
607,504,SALL2,IFI44,0.89110327
607,609,SALL2,UBA7,0.89110327
607,410,SALL2,SMARCA2,0.8899257
607,283,SALL2,EGR1,0.88864714
607,518,SALL2,PHF10,0.88764507
607,450,SALL2,MAGED1,0.8874228
607,0,SALL2,OTUD6B,0.8873572
607,8,SALL2,ATAD1,0.8873572
607,128,SALL2,APLP2,0.8873572
607,136,SALL2,TACC3,0.8873572
607,150,SALL2,SORT1,0.8873572
607,432,SALL2,HDC,0.8873572
607,514,SALL2,PAK1,0.8873572
607,524,SALL2,TBC1D10C,0.8873572
607,595,SALL2,CSF3R,0.8873572
607,394,SALL2,MAPK1,0.88674515
607,81,SALL2,HDAC11,0.88636285
607,198,SALL2,NDN,0.88566744
607,404,SALL2,FTSJ3,0.8855358
607,33,SALL2,CSTF2,0.8854538
607,622,SALL2,KRT18,0.88494617
607,263,SALL2,JUN,0.88492054
607,140,SALL2,ANXA3,0.8849131
607,2,SALL2,PPP1R15A,0.8849047
607,47,SALL2,FGL2,0.8849047
607,146,SALL2,SCARF1,0.8849047
607,441,SALL2,EBF1,0.8849047
607,546,SALL2,PROCR,0.8849047
607,553,SALL2,DHFR,0.88442475
607,190,SALL2,RAD51,0.8843264
607,367,SALL2,HCFC1,0.88404924
607,251,SALL2,IRF6,0.8836629
607,34,SALL2,MAML3,0.8834213
607,486,SALL2,NFKBIA,0.88339585
607,564,SALL2,MFNG,0.8832431
607,554,SALL2,CDT1,0.88287765
607,590,SALL2,IL12A,0.88253915
607,210,SALL2,PNO1,0.8824361
607,232,SALL2,ICAM1,0.88227135
607,440,SALL2,TMEM97,0.8819445
607,464,SALL2,ZNRF2,0.8819445
531,28,SAMD9L,NFE2,0.8983655
531,357,SAMD9L,MEIS1,0.89649427
531,137,SAMD9L,MYCN,0.89266664
531,57,SAMD9L,OASL2,0.89194083
531,277,SAMD9L,RTP4,0.89182997
531,200,SAMD9L,IGTP,0.89110327
531,504,SAMD9L,IFI44,0.89110327
531,609,SAMD9L,UBA7,0.89110327
531,183,SAMD9L,XAF1,0.8910734
531,6,SAMD9L,BTG2,0.8902503
531,410,SAMD9L,SMARCA2,0.88999283
531,283,SAMD9L,EGR1,0.88863146
531,78,SAMD9L,MECOM,0.8874594
531,519,SAMD9L,AGPS,0.88737774
531,0,SAMD9L,OTUD6B,0.8873572
531,136,SAMD9L,TACC3,0.8873572
531,150,SAMD9L,SORT1,0.8873572
531,396,SAMD9L,RUVBL2,0.8873572
531,432,SAMD9L,HDC,0.8873572
531,450,SAMD9L,MAGED1,0.8873572
531,514,SAMD9L,PAK1,0.8873572
531,524,SAMD9L,TBC1D10C,0.8873572
531,595,SAMD9L,CSF3R,0.8873467
531,8,SAMD9L,ATAD1,0.88658863
531,81,SAMD9L,HDAC11,0.88636285
531,198,SAMD9L,NDN,0.8858012
531,33,SAMD9L,CSTF2,0.8854538
531,404,SAMD9L,FTSJ3,0.88528574
531,146,SAMD9L,SCARF1,0.88497007
531,2,SAMD9L,PPP1R15A,0.8849047
531,47,SAMD9L,FGL2,0.8849047
531,140,SAMD9L,ANXA3,0.8849047
531,194,SAMD9L,GOLPH3,0.8849047
531,362,SAMD9L,PTGS1,0.8849047
531,441,SAMD9L,EBF1,0.8849047
531,546,SAMD9L,PROCR,0.8849047
531,622,SAMD9L,KRT18,0.8849047
531,263,SAMD9L,JUN,0.88488126
531,190,SAMD9L,RAD51,0.8843264
531,367,SAMD9L,HCFC1,0.88415396
531,394,SAMD9L,MAPK1,0.8838468
531,251,SAMD9L,IRF6,0.8836629
531,486,SAMD9L,NFKBIA,0.88346213
531,34,SAMD9L,MAML3,0.8834213
531,564,SAMD9L,MFNG,0.8832431
531,554,SAMD9L,CDT1,0.88287765
531,590,SAMD9L,IL12A,0.88253915
531,210,SAMD9L,PNO1,0.8824361
531,464,SAMD9L,ZNRF2,0.8823136
531,232,SAMD9L,ICAM1,0.8822086
557,410,SATB1,SMARCA2,0.88465303
557,0,SATB1,OTUD6B,0.88131875
557,128,SATB1,APLP2,0.88131875
557,396,SATB1,RUVBL2,0.88131875
557,432,SATB1,HDC,0.88131875
557,450,SATB1,MAGED1,0.88131875
557,514,SATB1,PAK1,0.88131875
557,519,SATB1,AGPS,0.88131875
557,136,SATB1,TACC3,0.88131624
557,150,SATB1,SORT1,0.88128424
557,524,SATB1,TBC1D10C,0.88128394
557,8,SATB1,ATAD1,0.87897843
557,464,SATB1,ZNRF2,0.8727652
557,440,SATB1,TMEM97,0.8726829
557,554,SATB1,CDT1,0.8710496
557,429,SATB1,GFI1B,0.86821073
557,255,SATB1,CD74,0.8671023
557,289,SATB1,GT(ROSA)26SOR,0.8669348
557,161,SATB1,JARID2,0.86087245
557,331,SATB1,PIM2,0.85829544
557,73,SATB1,RORC,0.8580966
557,81,SATB1,HDAC11,0.85624045
557,50,SATB1,NFAT5,0.85209817
557,210,SATB1,PNO1,0.8519605
557,486,SATB1,NFKBIA,0.8471904
557,177,SATB1,RELB,0.84575045
557,209,SATB1,ZBTB16,0.844147
557,28,SATB1,NFE2,0.8381855
557,34,SATB1,MAML3,0.83702314
557,357,SATB1,MEIS1,0.8366326
557,318,SATB1,GANAB,0.8344419
557,33,SATB1,CSTF2,0.83278954
557,404,SATB1,FTSJ3,0.8315479
557,78,SATB1,MECOM,0.82922095
557,367,SATB1,HCFC1,0.82893527
557,363,SATB1,MYC,0.8264628
557,292,SATB1,HDAC7,0.8254734
557,183,SATB1,XAF1,0.82435
557,200,SATB1,IGTP,0.82410747
557,504,SATB1,IFI44,0.82410747
557,609,SATB1,UBA7,0.82410747
557,199,SATB1,E2F4,0.8228551
557,277,SATB1,RTP4,0.8196424
557,475,SATB1,BCL2,0.8192056
557,488,SATB1,FGFR1OP,0.8176854
557,283,SATB1,EGR1,0.8167198
557,559,SATB1,RUNX1T1,0.8077447
557,67,SATB1,HDAC2,0.80665267
557,426,SATB1,PRPF4,0.8019674
557,29,SATB1,IKZF1,0.8018719
493,8,SCARB1,ATAD1,0.90148413
493,28,SCARB1,NFE2,0.8983655
493,357,SCARB1,MEIS1,0.89649427
493,78,SCARB1,MECOM,0.8962374
493,137,SCARB1,MYCN,0.89262396
493,57,SCARB1,OASL2,0.89194083
493,277,SCARB1,RTP4,0.89194053
493,183,SCARB1,XAF1,0.89110327
493,200,SCARB1,IGTP,0.89110327
493,504,SCARB1,IFI44,0.89110327
493,609,SCARB1,UBA7,0.89110327
493,410,SCARB1,SMARCA2,0.8899257
493,283,SCARB1,EGR1,0.88864714
493,518,SCARB1,PHF10,0.88764507
493,0,SCARB1,OTUD6B,0.8873572
493,128,SCARB1,APLP2,0.8873572
493,136,SCARB1,TACC3,0.8873572
493,150,SCARB1,SORT1,0.8873572
493,432,SCARB1,HDC,0.8873572
493,450,SCARB1,MAGED1,0.8873572
493,514,SCARB1,PAK1,0.8873572
493,595,SCARB1,CSF3R,0.8873572
493,519,SCARB1,AGPS,0.8873467
493,524,SCARB1,TBC1D10C,0.88720065
493,396,SCARB1,RUVBL2,0.8867853
493,81,SCARB1,HDAC11,0.88615227
493,198,SCARB1,NDN,0.8857979
493,404,SCARB1,FTSJ3,0.8855358
493,33,SCARB1,CSTF2,0.8854538
493,2,SCARB1,PPP1R15A,0.88500047
493,47,SCARB1,FGL2,0.88500047
493,546,SCARB1,PROCR,0.8849264
493,140,SCARB1,ANXA3,0.8849047
493,146,SCARB1,SCARF1,0.8849047
493,194,SCARB1,GOLPH3,0.8849047
493,362,SCARB1,PTGS1,0.8849047
493,441,SCARB1,EBF1,0.8849047
493,622,SCARB1,KRT18,0.88483375
493,564,SCARB1,MFNG,0.88467485
493,190,SCARB1,RAD51,0.8843264
493,553,SCARB1,DHFR,0.8843264
493,367,SCARB1,HCFC1,0.88415396
493,251,SCARB1,IRF6,0.8836629
493,34,SCARB1,MAML3,0.8834213
493,486,SCARB1,NFKBIA,0.88339585
493,554,SCARB1,CDT1,0.88287765
493,590,SCARB1,IL12A,0.88253915
493,210,SCARB1,PNO1,0.8824361
493,292,SCARB1,HDAC7,0.8823588
493,232,SCARB1,ICAM1,0.88227135
146,410,SCARF1,SMARCA2,0.91640127
146,440,SCARF1,TMEM97,0.9094313
146,464,SCARF1,ZNRF2,0.90939
146,554,SCARF1,CDT1,0.9091198
146,161,SCARF1,JARID2,0.9091094
146,429,SCARF1,GFI1B,0.90879
146,73,SCARF1,RORC,0.90699154
146,432,SCARF1,HDC,0.9055139
146,128,SCARF1,APLP2,0.90543705
146,136,SCARF1,TACC3,0.90543705
146,150,SCARF1,SORT1,0.90543705
146,396,SCARF1,RUVBL2,0.90543705
146,450,SCARF1,MAGED1,0.90543705
146,519,SCARF1,AGPS,0.90543705
146,524,SCARF1,TBC1D10C,0.90543705
146,595,SCARF1,CSF3R,0.90543705
146,210,SCARF1,PNO1,0.9053978
146,0,SCARF1,OTUD6B,0.9053953
146,8,SCARF1,ATAD1,0.9053672
146,514,SCARF1,PAK1,0.9052976
146,78,SCARF1,MECOM,0.90479356
146,255,SCARF1,CD74,0.90474224
146,289,SCARF1,GT(ROSA)26SOR,0.90474224
146,81,SCARF1,HDAC11,0.9023865
146,200,SCARF1,IGTP,0.9010237
146,504,SCARF1,IFI44,0.9010237
146,609,SCARF1,UBA7,0.9010237
146,183,SCARF1,XAF1,0.90101874
146,486,SCARF1,NFKBIA,0.9008882
146,50,SCARF1,NFAT5,0.8994781
146,331,SCARF1,PIM2,0.8991067
146,177,SCARF1,RELB,0.8975426
146,137,SCARF1,MYCN,0.8964051
146,33,SCARF1,CSTF2,0.89547485
146,67,SCARF1,HDAC2,0.8949204
146,367,SCARF1,HCFC1,0.8933826
146,404,SCARF1,FTSJ3,0.89309126
146,318,SCARF1,GANAB,0.8928807
146,263,SCARF1,JUN,0.8921944
146,28,SCARF1,NFE2,0.8921548
146,277,SCARF1,RTP4,0.89151233
146,57,SCARF1,OASL2,0.8915022
146,590,SCARF1,IL12A,0.8908481
146,199,SCARF1,E2F4,0.8891667
146,34,SCARF1,MAML3,0.88913584
146,363,SCARF1,MYC,0.88885576
146,209,SCARF1,ZBTB16,0.8873332
146,488,SCARF1,FGFR1OP,0.88637316
146,518,SCARF1,PHF10,0.8834678
146,580,SCARF1,MLLT3,0.883392
625,28,SDF2L1,NFE2,0.89777774
625,78,SDF2L1,MECOM,0.8962374
625,137,SDF2L1,MYCN,0.89262396
625,57,SDF2L1,OASL2,0.89194083
625,277,SDF2L1,RTP4,0.89194053
625,183,SDF2L1,XAF1,0.89110327
625,200,SDF2L1,IGTP,0.89110327
625,504,SDF2L1,IFI44,0.89110327
625,609,SDF2L1,UBA7,0.89110327
625,410,SDF2L1,SMARCA2,0.8899257
625,73,SDF2L1,RORC,0.88916135
625,283,SDF2L1,EGR1,0.8889533
625,518,SDF2L1,PHF10,0.88764507
625,519,SDF2L1,AGPS,0.8874411
625,396,SDF2L1,RUVBL2,0.88736826
625,0,SDF2L1,OTUD6B,0.8873572
625,8,SDF2L1,ATAD1,0.8873572
625,128,SDF2L1,APLP2,0.8873572
625,136,SDF2L1,TACC3,0.8873572
625,150,SDF2L1,SORT1,0.8873572
625,432,SDF2L1,HDC,0.8873572
625,450,SDF2L1,MAGED1,0.8873572
625,514,SDF2L1,PAK1,0.8873572
625,394,SDF2L1,MAPK1,0.8871252
625,198,SDF2L1,NDN,0.8857979
625,404,SDF2L1,FTSJ3,0.8855358
625,33,SDF2L1,CSTF2,0.8854538
625,263,SDF2L1,JUN,0.884927
625,2,SDF2L1,PPP1R15A,0.8849047
625,47,SDF2L1,FGL2,0.8849047
625,140,SDF2L1,ANXA3,0.8849047
625,146,SDF2L1,SCARF1,0.8849047
625,194,SDF2L1,GOLPH3,0.8849047
625,362,SDF2L1,PTGS1,0.8849047
625,441,SDF2L1,EBF1,0.8849047
625,546,SDF2L1,PROCR,0.8849047
625,622,SDF2L1,KRT18,0.8849047
625,564,SDF2L1,MFNG,0.88467485
625,190,SDF2L1,RAD51,0.8843264
625,553,SDF2L1,DHFR,0.8843264
625,367,SDF2L1,HCFC1,0.88415414
625,251,SDF2L1,IRF6,0.8836629
625,34,SDF2L1,MAML3,0.8834213
625,486,SDF2L1,NFKBIA,0.88339585
625,554,SDF2L1,CDT1,0.88287765
625,590,SDF2L1,IL12A,0.88253915
625,210,SDF2L1,PNO1,0.8824361
625,232,SDF2L1,ICAM1,0.88227135
625,464,SDF2L1,ZNRF2,0.88201267
625,440,SDF2L1,TMEM97,0.8819445
430,189,SEH1L,MCM5,0.96089
430,299,SEH1L,ORC2,0.95944107
430,290,SEH1L,POLD1,0.9587132
430,21,SEH1L,RRM1,0.95715654
430,279,SEH1L,AURKB,0.956935
430,86,SEH1L,RANGAP1,0.9561452
430,226,SEH1L,POLR2B,0.9560541
430,91,SEH1L,FCHO2,0.9546737
430,537,SEH1L,TXNDC11,0.9546737
430,611,SEH1L,ZEB2,0.9546737
430,246,SEH1L,TK1,0.95359117
430,345,SEH1L,UHRF1,0.9531528
430,439,SEH1L,DDX20,0.95285654
430,500,SEH1L,MCM3,0.9523745
430,74,SEH1L,TOP2A,0.9521582
430,118,SEH1L,MIS12,0.95162976
430,204,SEH1L,MCM2,0.9500138
430,323,SEH1L,MCM4,0.95001274
430,497,SEH1L,TYMS,0.94996166
430,399,SEH1L,RRM2,0.9497689
430,561,SEH1L,MCM7,0.949443
430,350,SEH1L,MCM6,0.9482075
430,297,SEH1L,LIG1,0.94796
430,273,SEH1L,FIGNL1,0.9476787
430,42,SEH1L,HMGB2,0.94632286
430,292,SEH1L,HDAC7,0.9462206
430,411,SEH1L,CDC45,0.9460376
430,82,SEH1L,RB1,0.9454728
430,620,SEH1L,TIPIN,0.944613
430,53,SEH1L,ORC6,0.9445055
430,30,SEH1L,PBK,0.94442123
430,478,SEH1L,MKI67,0.94423157
430,102,SEH1L,PRIM1,0.9437673
430,610,SEH1L,PRIM2,0.9435967
430,407,SEH1L,CDC7,0.9430495
430,182,SEH1L,RPA1,0.94226635
430,266,SEH1L,MSH6,0.9418822
430,230,SEH1L,TOP3B,0.9407298
430,621,SEH1L,SNRPB,0.93893105
430,240,SEH1L,RPA2,0.93566185
430,414,SEH1L,CENPK,0.9345325
430,361,SEH1L,CCNB2,0.9343886
430,68,SEH1L,MIS18BP1,0.93410236
430,259,SEH1L,NUP107,0.93410236
430,34,SEH1L,MAML3,0.9310145
430,206,SEH1L,ZDHHC6,0.9275286
430,510,SEH1L,XRCC6,0.92344016
430,475,SEH1L,BCL2,0.9158593
430,534,SEH1L,MORC3,0.91331947
430,209,SEH1L,ZBTB16,0.89935607
191,28,SELENBP1,NFE2,0.89833105
191,357,SELENBP1,MEIS1,0.89648044
191,78,SELENBP1,MECOM,0.89625806
191,137,SELENBP1,MYCN,0.89262396
191,595,SELENBP1,CSF3R,0.89204526
191,57,SELENBP1,OASL2,0.89194083
191,277,SELENBP1,RTP4,0.89194053
191,161,SELENBP1,JARID2,0.8915944
191,200,SELENBP1,IGTP,0.8911102
191,183,SELENBP1,XAF1,0.89110327
191,609,SELENBP1,UBA7,0.89110327
191,553,SELENBP1,DHFR,0.8905207
191,410,SELENBP1,SMARCA2,0.8899257
191,283,SELENBP1,EGR1,0.88865834
191,518,SELENBP1,PHF10,0.88764507
191,0,SELENBP1,OTUD6B,0.8874749
191,8,SELENBP1,ATAD1,0.8873572
191,128,SELENBP1,APLP2,0.8873572
191,136,SELENBP1,TACC3,0.8873572
191,150,SELENBP1,SORT1,0.8873572
191,396,SELENBP1,RUVBL2,0.8873572
191,432,SELENBP1,HDC,0.8873572
191,514,SELENBP1,PAK1,0.8873572
191,519,SELENBP1,AGPS,0.8873572
191,524,SELENBP1,TBC1D10C,0.8873572
191,450,SELENBP1,MAGED1,0.88726604
191,79,SELENBP1,STAT2,0.8867377
191,81,SELENBP1,HDAC11,0.88636285
191,198,SELENBP1,NDN,0.8857979
191,33,SELENBP1,CSTF2,0.8854538
191,564,SELENBP1,MFNG,0.8853631
191,622,SELENBP1,KRT18,0.88500047
191,263,SELENBP1,JUN,0.88493216
191,47,SELENBP1,FGL2,0.8849047
191,140,SELENBP1,ANXA3,0.8849047
191,146,SELENBP1,SCARF1,0.8849047
191,194,SELENBP1,GOLPH3,0.8849047
191,362,SELENBP1,PTGS1,0.8849047
191,441,SELENBP1,EBF1,0.8849047
191,546,SELENBP1,PROCR,0.8849047
191,2,SELENBP1,PPP1R15A,0.88483375
191,190,SELENBP1,RAD51,0.8843264
191,367,SELENBP1,HCFC1,0.88415396
191,251,SELENBP1,IRF6,0.8838897
191,394,SELENBP1,MAPK1,0.8838468
191,34,SELENBP1,MAML3,0.8834213
191,486,SELENBP1,NFKBIA,0.88339585
191,554,SELENBP1,CDT1,0.88287765
191,590,SELENBP1,IL12A,0.88245887
191,210,SELENBP1,PNO1,0.8824361
184,136,SELL,TACC3,0.90148413
184,28,SELL,NFE2,0.8983655
184,357,SELL,MEIS1,0.89649427
184,78,SELL,MECOM,0.8962374
184,362,SELL,PTGS1,0.8935833
184,137,SELL,MYCN,0.89262396
184,57,SELL,OASL2,0.89194083
184,277,SELL,RTP4,0.89194053
184,183,SELL,XAF1,0.89110327
184,200,SELL,IGTP,0.89110327
184,504,SELL,IFI44,0.89110327
184,609,SELL,UBA7,0.89110327
184,410,SELL,SMARCA2,0.8899257
184,283,SELL,EGR1,0.88865834
184,8,SELL,ATAD1,0.8873572
184,150,SELL,SORT1,0.8873572
184,450,SELL,MAGED1,0.8873572
184,514,SELL,PAK1,0.8873572
184,519,SELL,AGPS,0.8873572
184,524,SELL,TBC1D10C,0.8873572
184,595,SELL,CSF3R,0.8873572
184,128,SELL,APLP2,0.88732266
184,432,SELL,HDC,0.88660944
184,81,SELL,HDAC11,0.88636285
184,198,SELL,NDN,0.8857979
184,33,SELL,CSTF2,0.8854538
184,404,SELL,FTSJ3,0.8851651
184,263,SELL,JUN,0.88511646
184,622,SELL,KRT18,0.8849131
184,2,SELL,PPP1R15A,0.8849047
184,47,SELL,FGL2,0.8849047
184,140,SELL,ANXA3,0.8849047
184,146,SELL,SCARF1,0.8849047
184,194,SELL,GOLPH3,0.8849047
184,546,SELL,PROCR,0.8849047
184,190,SELL,RAD51,0.8843264
184,553,SELL,DHFR,0.8843264
184,367,SELL,HCFC1,0.88415396
184,394,SELL,MAPK1,0.8838468
184,396,SELL,RUVBL2,0.8838291
184,251,SELL,IRF6,0.8836629
184,34,SELL,MAML3,0.8834213
184,486,SELL,NFKBIA,0.88339585
184,554,SELL,CDT1,0.88287765
184,590,SELL,IL12A,0.88253915
184,210,SELL,PNO1,0.8824361
184,232,SELL,ICAM1,0.88227135
184,440,SELL,TMEM97,0.8819445
184,177,SELL,RELB,0.8819017
184,606,SELL,ELP2,0.8797057
185,136,SERPINA3G,TACC3,0.90148413
185,28,SERPINA3G,NFE2,0.8983655
185,357,SERPINA3G,MEIS1,0.89649427
185,78,SERPINA3G,MECOM,0.8962374
185,362,SERPINA3G,PTGS1,0.8935833
185,137,SERPINA3G,MYCN,0.89262396
185,57,SERPINA3G,OASL2,0.89194083
185,277,SERPINA3G,RTP4,0.89194053
185,183,SERPINA3G,XAF1,0.89110327
185,200,SERPINA3G,IGTP,0.89110327
185,504,SERPINA3G,IFI44,0.89110327
185,609,SERPINA3G,UBA7,0.89110327
185,410,SERPINA3G,SMARCA2,0.8899257
185,283,SERPINA3G,EGR1,0.88865834
185,8,SERPINA3G,ATAD1,0.8873572
185,150,SERPINA3G,SORT1,0.8873572
185,450,SERPINA3G,MAGED1,0.8873572
185,514,SERPINA3G,PAK1,0.8873572
185,519,SERPINA3G,AGPS,0.8873572
185,524,SERPINA3G,TBC1D10C,0.8873572
185,595,SERPINA3G,CSF3R,0.8873572
185,128,SERPINA3G,APLP2,0.88732266
185,432,SERPINA3G,HDC,0.88660944
185,81,SERPINA3G,HDAC11,0.88636285
185,198,SERPINA3G,NDN,0.8857979
185,33,SERPINA3G,CSTF2,0.8854538
185,404,SERPINA3G,FTSJ3,0.8851651
185,263,SERPINA3G,JUN,0.88511646
185,622,SERPINA3G,KRT18,0.8849131
185,2,SERPINA3G,PPP1R15A,0.8849047
185,47,SERPINA3G,FGL2,0.8849047
185,140,SERPINA3G,ANXA3,0.8849047
185,146,SERPINA3G,SCARF1,0.8849047
185,194,SERPINA3G,GOLPH3,0.8849047
185,546,SERPINA3G,PROCR,0.8849047
185,190,SERPINA3G,RAD51,0.8843264
185,553,SERPINA3G,DHFR,0.8843264
185,367,SERPINA3G,HCFC1,0.88415396
185,394,SERPINA3G,MAPK1,0.8838468
185,396,SERPINA3G,RUVBL2,0.8838291
185,251,SERPINA3G,IRF6,0.8836629
185,34,SERPINA3G,MAML3,0.8834213
185,486,SERPINA3G,NFKBIA,0.88339585
185,554,SERPINA3G,CDT1,0.88287765
185,590,SERPINA3G,IL12A,0.88253915
185,210,SERPINA3G,PNO1,0.8824361
185,232,SERPINA3G,ICAM1,0.88227135
185,440,SERPINA3G,TMEM97,0.8819445
185,177,SERPINA3G,RELB,0.8819017
185,606,SERPINA3G,ELP2,0.8797057
115,28,SERPINB1A,NFE2,0.8983655
115,357,SERPINB1A,MEIS1,0.8964886
115,78,SERPINB1A,MECOM,0.8962374
115,429,SERPINB1A,GFI1B,0.8955829
115,137,SERPINB1A,MYCN,0.89262396
115,396,SERPINB1A,RUVBL2,0.89204526
115,277,SERPINB1A,RTP4,0.8919745
115,57,SERPINB1A,OASL2,0.89193857
115,183,SERPINB1A,XAF1,0.89110327
115,200,SERPINB1A,IGTP,0.89110327
115,609,SERPINB1A,UBA7,0.89110327
115,504,SERPINB1A,IFI44,0.89094
115,410,SERPINB1A,SMARCA2,0.8899257
115,209,SERPINB1A,ZBTB16,0.8897192
115,283,SERPINB1A,EGR1,0.88864714
115,518,SERPINB1A,PHF10,0.88764507
115,0,SERPINB1A,OTUD6B,0.8873572
115,8,SERPINB1A,ATAD1,0.8873572
115,128,SERPINB1A,APLP2,0.8873572
115,136,SERPINB1A,TACC3,0.8873572
115,150,SERPINB1A,SORT1,0.8873572
115,432,SERPINB1A,HDC,0.8873572
115,450,SERPINB1A,MAGED1,0.8873572
115,514,SERPINB1A,PAK1,0.8873572
115,519,SERPINB1A,AGPS,0.8873572
115,524,SERPINB1A,TBC1D10C,0.8873572
115,595,SERPINB1A,CSF3R,0.8873572
115,81,SERPINB1A,HDAC11,0.88636285
115,198,SERPINB1A,NDN,0.8857979
115,404,SERPINB1A,FTSJ3,0.8855358
115,33,SERPINB1A,CSTF2,0.8854538
115,263,SERPINB1A,JUN,0.884927
115,47,SERPINB1A,FGL2,0.8849047
115,140,SERPINB1A,ANXA3,0.8849047
115,146,SERPINB1A,SCARF1,0.8849047
115,194,SERPINB1A,GOLPH3,0.8849047
115,441,SERPINB1A,EBF1,0.8849047
115,546,SERPINB1A,PROCR,0.88490415
115,362,SERPINB1A,PTGS1,0.88490117
115,2,SERPINB1A,PPP1R15A,0.8848201
115,622,SERPINB1A,KRT18,0.88477767
115,564,SERPINB1A,MFNG,0.88467485
115,190,SERPINB1A,RAD51,0.8843264
115,553,SERPINB1A,DHFR,0.8843264
115,367,SERPINB1A,HCFC1,0.8841686
115,394,SERPINB1A,MAPK1,0.8838468
115,251,SERPINB1A,IRF6,0.8836629
115,34,SERPINB1A,MAML3,0.8834213
115,554,SERPINB1A,CDT1,0.88287765
115,590,SERPINB1A,IL12A,0.88253915
506,28,SERPINB9,NFE2,0.89840156
506,357,SERPINB9,MEIS1,0.89653075
506,78,SERPINB9,MECOM,0.8962801
506,137,SERPINB9,MYCN,0.8926794
506,57,SERPINB9,OASL2,0.89198405
506,277,SERPINB9,RTP4,0.8918364
506,200,SERPINB9,IGTP,0.8911601
506,183,SERPINB9,XAF1,0.8911532
506,504,SERPINB9,IFI44,0.890974
506,609,SERPINB9,UBA7,0.890974
506,410,SERPINB9,SMARCA2,0.88990563
506,283,SERPINB9,EGR1,0.8885197
506,441,SERPINB9,EBF1,0.8883915
506,518,SERPINB9,PHF10,0.88762647
506,432,SERPINB9,HDC,0.8874692
506,8,SERPINB9,ATAD1,0.88744646
506,514,SERPINB9,PAK1,0.88743603
506,450,SERPINB9,MAGED1,0.8874041
506,396,SERPINB9,RUVBL2,0.88740355
506,519,SERPINB9,AGPS,0.88740355
506,595,SERPINB9,CSF3R,0.88740355
506,0,SERPINB9,OTUD6B,0.8873902
506,128,SERPINB9,APLP2,0.8873902
506,150,SERPINB9,SORT1,0.8873902
506,524,SERPINB9,TBC1D10C,0.88734186
506,136,SERPINB9,TACC3,0.887299
506,81,SERPINB9,HDAC11,0.88637775
506,198,SERPINB9,NDN,0.8857589
506,404,SERPINB9,FTSJ3,0.8856012
506,33,SERPINB9,CSTF2,0.88549507
506,2,SERPINB9,PPP1R15A,0.8849652
506,47,SERPINB9,FGL2,0.88494354
506,140,SERPINB9,ANXA3,0.88494354
506,146,SERPINB9,SCARF1,0.88494354
506,194,SERPINB9,GOLPH3,0.88492376
506,263,SERPINB9,JUN,0.8847856
506,362,SERPINB9,PTGS1,0.88476765
506,546,SERPINB9,PROCR,0.88476765
506,622,SERPINB9,KRT18,0.88476765
506,564,SERPINB9,MFNG,0.88465196
506,190,SERPINB9,RAD51,0.8842881
506,367,SERPINB9,HCFC1,0.8841359
506,553,SERPINB9,DHFR,0.88408625
506,394,SERPINB9,MAPK1,0.88363886
506,251,SERPINB9,IRF6,0.8835421
506,34,SERPINB9,MAML3,0.8834545
506,486,SERPINB9,NFKBIA,0.8833872
506,554,SERPINB9,CDT1,0.8829333
506,210,SERPINB9,PNO1,0.8825227
506,590,SERPINB9,IL12A,0.8825133
422,554,SESN1,CDT1,0.91906905
422,410,SESN1,SMARCA2,0.9190463
422,432,SESN1,HDC,0.91767555
422,464,SESN1,ZNRF2,0.9142062
422,210,SESN1,PNO1,0.91319335
422,440,SESN1,TMEM97,0.9131083
422,161,SESN1,JARID2,0.9121301
422,429,SESN1,GFI1B,0.91189176
422,78,SESN1,MECOM,0.910929
422,73,SESN1,RORC,0.91088945
422,0,SESN1,OTUD6B,0.9078861
422,8,SESN1,ATAD1,0.90781814
422,128,SESN1,APLP2,0.90781814
422,136,SESN1,TACC3,0.90781814
422,150,SESN1,SORT1,0.90781814
422,450,SESN1,MAGED1,0.90781814
422,514,SESN1,PAK1,0.90781814
422,519,SESN1,AGPS,0.90781814
422,524,SESN1,TBC1D10C,0.90781814
422,595,SESN1,CSF3R,0.90781814
422,255,SESN1,CD74,0.9078022
422,396,SESN1,RUVBL2,0.9077457
422,289,SESN1,GT(ROSA)26SOR,0.90772235
422,486,SESN1,NFKBIA,0.90755856
422,183,SESN1,XAF1,0.90627587
422,200,SESN1,IGTP,0.90627587
422,609,SESN1,UBA7,0.90627587
422,504,SESN1,IFI44,0.90627545
422,81,SESN1,HDAC11,0.9051994
422,177,SESN1,RELB,0.9043252
422,67,SESN1,HDAC2,0.90374696
422,137,SESN1,MYCN,0.90221363
422,367,SESN1,HCFC1,0.90180266
422,331,SESN1,PIM2,0.9015799
422,318,SESN1,GANAB,0.90119463
422,263,SESN1,JUN,0.9010076
422,357,SESN1,MEIS1,0.9007321
422,277,SESN1,RTP4,0.899565
422,57,SESN1,OASL2,0.89956325
422,28,SESN1,NFE2,0.89917505
422,404,SESN1,FTSJ3,0.8989774
422,590,SESN1,IL12A,0.89745885
422,363,SESN1,MYC,0.8973796
422,436,SESN1,RARB,0.8956591
422,199,SESN1,E2F4,0.89547956
422,488,SESN1,FGFR1OP,0.89477664
422,34,SESN1,MAML3,0.89316773
422,518,SESN1,PHF10,0.8917523
422,559,SESN1,RUNX1T1,0.8917136
422,165,SESN1,GTF2H1,0.89100885
423,432,SETD2,HDC,0.901884
423,28,SETD2,NFE2,0.8983655
423,357,SETD2,MEIS1,0.8965419
423,78,SETD2,MECOM,0.89623165
423,137,SETD2,MYCN,0.89262396
423,57,SETD2,OASL2,0.89194083
423,277,SETD2,RTP4,0.89194053
423,183,SETD2,XAF1,0.89110327
423,200,SETD2,IGTP,0.89110327
423,609,SETD2,UBA7,0.89110327
423,504,SETD2,IFI44,0.89109975
423,410,SETD2,SMARCA2,0.88982725
423,554,SETD2,CDT1,0.8889983
423,283,SETD2,EGR1,0.88864714
423,518,SETD2,PHF10,0.88764507
423,0,SETD2,OTUD6B,0.8873785
423,8,SETD2,ATAD1,0.8873572
423,128,SETD2,APLP2,0.8873572
423,136,SETD2,TACC3,0.8873572
423,150,SETD2,SORT1,0.8873572
423,450,SETD2,MAGED1,0.8873572
423,514,SETD2,PAK1,0.8873572
423,519,SETD2,AGPS,0.8873572
423,524,SETD2,TBC1D10C,0.8873572
423,595,SETD2,CSF3R,0.8873572
423,396,SETD2,RUVBL2,0.88726604
423,64,SETD2,IRF9,0.88659275
423,81,SETD2,HDAC11,0.88636285
423,198,SETD2,NDN,0.8857979
423,404,SETD2,FTSJ3,0.8855358
423,263,SETD2,JUN,0.8849327
423,47,SETD2,FGL2,0.8849047
423,140,SETD2,ANXA3,0.8849047
423,146,SETD2,SCARF1,0.8849047
423,194,SETD2,GOLPH3,0.8849047
423,362,SETD2,PTGS1,0.8849047
423,441,SETD2,EBF1,0.8849047
423,546,SETD2,PROCR,0.8849047
423,622,SETD2,KRT18,0.8849047
423,2,SETD2,PPP1R15A,0.88490117
423,564,SETD2,MFNG,0.88467485
423,190,SETD2,RAD51,0.8843264
423,553,SETD2,DHFR,0.8843264
423,367,SETD2,HCFC1,0.8839575
423,394,SETD2,MAPK1,0.8838468
423,251,SETD2,IRF6,0.8836629
423,34,SETD2,MAML3,0.8834213
423,486,SETD2,NFKBIA,0.88339585
423,590,SETD2,IL12A,0.88253915
423,210,SETD2,PNO1,0.8824361
168,34,SGMS1,MAML3,0.9263805
168,81,SGMS1,HDAC11,0.9234371
168,554,SGMS1,CDT1,0.91880715
168,595,SGMS1,CSF3R,0.9165189
168,432,SGMS1,HDC,0.9164379
168,0,SGMS1,OTUD6B,0.9163305
168,8,SGMS1,ATAD1,0.9163305
168,136,SGMS1,TACC3,0.9163305
168,396,SGMS1,RUVBL2,0.9163305
168,450,SGMS1,MAGED1,0.9163305
168,514,SGMS1,PAK1,0.9163305
168,524,SGMS1,TBC1D10C,0.9163305
168,519,SGMS1,AGPS,0.9163232
168,128,SGMS1,APLP2,0.91629946
168,150,SGMS1,SORT1,0.91628885
168,292,SGMS1,HDAC7,0.9159325
168,410,SGMS1,SMARCA2,0.9144116
168,331,SGMS1,PIM2,0.9128384
168,199,SGMS1,E2F4,0.91227573
168,404,SGMS1,FTSJ3,0.91132873
168,475,SGMS1,BCL2,0.9112045
168,186,SGMS1,STT3B,0.9084188
168,429,SGMS1,GFI1B,0.90816927
168,209,SGMS1,ZBTB16,0.9068001
168,439,SGMS1,DDX20,0.9047568
168,161,SGMS1,JARID2,0.9004001
168,183,SGMS1,XAF1,0.89766216
168,200,SGMS1,IGTP,0.89766216
168,504,SGMS1,IFI44,0.89766216
168,609,SGMS1,UBA7,0.89754313
168,255,SGMS1,CD74,0.8963839
168,289,SGMS1,GT(ROSA)26SOR,0.8963749
168,82,SGMS1,RB1,0.89627934
168,440,SGMS1,TMEM97,0.8926436
168,351,SGMS1,ERCC8,0.89009684
168,73,SGMS1,RORC,0.8868355
168,210,SGMS1,PNO1,0.8866588
168,464,SGMS1,ZNRF2,0.8857552
168,137,SGMS1,MYCN,0.8849705
168,486,SGMS1,NFKBIA,0.8841409
168,402,SGMS1,EIF1AD,0.8822523
168,50,SGMS1,NFAT5,0.88185245
168,206,SGMS1,ZDHHC6,0.8789005
168,590,SGMS1,IL12A,0.86922836
168,363,SGMS1,MYC,0.8671873
168,91,SGMS1,FCHO2,0.865528
168,537,SGMS1,TXNDC11,0.865528
168,611,SGMS1,ZEB2,0.865528
168,177,SGMS1,RELB,0.86252016
168,165,SGMS1,GTF2H1,0.86162066
592,396,SH2D5,RUVBL2,0.9019733
592,28,SH2D5,NFE2,0.8983655
592,357,SH2D5,MEIS1,0.89649427
592,78,SH2D5,MECOM,0.8962374
592,137,SH2D5,MYCN,0.89262396
592,277,SH2D5,RTP4,0.89194053
592,200,SH2D5,IGTP,0.89113456
592,183,SH2D5,XAF1,0.89110327
592,504,SH2D5,IFI44,0.89110327
592,609,SH2D5,UBA7,0.89110327
592,410,SH2D5,SMARCA2,0.8899257
592,283,SH2D5,EGR1,0.88864714
592,518,SH2D5,PHF10,0.88764507
592,0,SH2D5,OTUD6B,0.8873572
592,8,SH2D5,ATAD1,0.8873572
592,128,SH2D5,APLP2,0.8873572
592,136,SH2D5,TACC3,0.8873572
592,150,SH2D5,SORT1,0.8873572
592,432,SH2D5,HDC,0.8873572
592,450,SH2D5,MAGED1,0.8873572
592,514,SH2D5,PAK1,0.8873572
592,519,SH2D5,AGPS,0.8873572
592,524,SH2D5,TBC1D10C,0.8873572
592,595,SH2D5,CSF3R,0.8873572
592,81,SH2D5,HDAC11,0.88636285
592,564,SH2D5,MFNG,0.8855843
592,404,SH2D5,FTSJ3,0.8855358
592,33,SH2D5,CSTF2,0.8854538
592,146,SH2D5,SCARF1,0.88500655
592,263,SH2D5,JUN,0.884927
592,2,SH2D5,PPP1R15A,0.8849047
592,47,SH2D5,FGL2,0.8849047
592,140,SH2D5,ANXA3,0.8849047
592,362,SH2D5,PTGS1,0.8849047
592,441,SH2D5,EBF1,0.8849047
592,546,SH2D5,PROCR,0.8849047
592,622,SH2D5,KRT18,0.8849047
592,194,SH2D5,GOLPH3,0.8848913
592,553,SH2D5,DHFR,0.8843902
592,190,SH2D5,RAD51,0.8843264
592,367,SH2D5,HCFC1,0.88415396
592,34,SH2D5,MAML3,0.8836959
592,251,SH2D5,IRF6,0.8836629
592,486,SH2D5,NFKBIA,0.88339585
592,554,SH2D5,CDT1,0.88287765
592,590,SH2D5,IL12A,0.88253915
592,210,SH2D5,PNO1,0.8824361
592,232,SH2D5,ICAM1,0.8823351
592,440,SH2D5,TMEM97,0.8819178
592,177,SH2D5,RELB,0.8818608
108,47,SHISA8,FGL2,0.897415
108,357,SHISA8,MEIS1,0.89649427
108,78,SHISA8,MECOM,0.8962374
108,28,SHISA8,NFE2,0.89311856
108,137,SHISA8,MYCN,0.89262396
108,57,SHISA8,OASL2,0.89194083
108,277,SHISA8,RTP4,0.89194053
108,183,SHISA8,XAF1,0.89110327
108,200,SHISA8,IGTP,0.89110327
108,504,SHISA8,IFI44,0.89110327
108,609,SHISA8,UBA7,0.89110327
108,410,SHISA8,SMARCA2,0.8899257
108,34,SHISA8,MAML3,0.8896462
108,283,SHISA8,EGR1,0.88860416
108,518,SHISA8,PHF10,0.88764507
108,396,SHISA8,RUVBL2,0.88738984
108,150,SHISA8,SORT1,0.8873755
108,0,SHISA8,OTUD6B,0.8873572
108,8,SHISA8,ATAD1,0.8873572
108,128,SHISA8,APLP2,0.8873572
108,136,SHISA8,TACC3,0.8873572
108,432,SHISA8,HDC,0.8873572
108,450,SHISA8,MAGED1,0.8873572
108,514,SHISA8,PAK1,0.8873572
108,519,SHISA8,AGPS,0.8873572
108,524,SHISA8,TBC1D10C,0.8873572
108,595,SHISA8,CSF3R,0.88720065
108,81,SHISA8,HDAC11,0.88636285
108,198,SHISA8,NDN,0.8857979
108,404,SHISA8,FTSJ3,0.8855358
108,2,SHISA8,PPP1R15A,0.8849047
108,140,SHISA8,ANXA3,0.8849047
108,146,SHISA8,SCARF1,0.8849047
108,194,SHISA8,GOLPH3,0.8849047
108,441,SHISA8,EBF1,0.8849047
108,546,SHISA8,PROCR,0.8849047
108,622,SHISA8,KRT18,0.8849047
108,564,SHISA8,MFNG,0.88467485
108,33,SHISA8,CSTF2,0.88436633
108,363,SHISA8,MYC,0.88436043
108,190,SHISA8,RAD51,0.8843264
108,553,SHISA8,DHFR,0.8843264
108,367,SHISA8,HCFC1,0.88415396
108,394,SHISA8,MAPK1,0.8838468
108,251,SHISA8,IRF6,0.8836629
108,486,SHISA8,NFKBIA,0.88339585
108,554,SHISA8,CDT1,0.8828236
108,590,SHISA8,IL12A,0.88253915
108,210,SHISA8,PNO1,0.8824361
108,232,SHISA8,ICAM1,0.88227135
570,81,SHMT1,HDAC11,0.9261419
570,34,SHMT1,MAML3,0.9230806
570,554,SHMT1,CDT1,0.92176133
570,450,SHMT1,MAGED1,0.92071545
570,0,SHMT1,OTUD6B,0.9206181
570,8,SHMT1,ATAD1,0.9206181
570,128,SHMT1,APLP2,0.9206181
570,150,SHMT1,SORT1,0.9206181
570,396,SHMT1,RUVBL2,0.9206181
570,514,SHMT1,PAK1,0.9206181
570,519,SHMT1,AGPS,0.9206181
570,595,SHMT1,CSF3R,0.9206181
570,432,SHMT1,HDC,0.92061734
570,410,SHMT1,SMARCA2,0.92058194
570,136,SHMT1,TACC3,0.9204791
570,199,SHMT1,E2F4,0.91787267
570,331,SHMT1,PIM2,0.9165075
570,351,SHMT1,ERCC8,0.9138595
570,429,SHMT1,GFI1B,0.91261864
570,475,SHMT1,BCL2,0.9114975
570,292,SHMT1,HDAC7,0.91101104
570,183,SHMT1,XAF1,0.9094444
570,200,SHMT1,IGTP,0.9094444
570,504,SHMT1,IFI44,0.9094444
570,609,SHMT1,UBA7,0.9094444
570,209,SHMT1,ZBTB16,0.9088921
570,161,SHMT1,JARID2,0.9065142
570,255,SHMT1,CD74,0.9040307
570,289,SHMT1,GT(ROSA)26SOR,0.9040307
570,524,SHMT1,TBC1D10C,0.90335745
570,186,SHMT1,STT3B,0.90317947
570,440,SHMT1,TMEM97,0.90149814
570,464,SHMT1,ZNRF2,0.90149814
570,439,SHMT1,DDX20,0.89810115
570,137,SHMT1,MYCN,0.89778733
570,210,SHMT1,PNO1,0.89764506
570,73,SHMT1,RORC,0.8969323
570,404,SHMT1,FTSJ3,0.8943763
570,486,SHMT1,NFKBIA,0.89127904
570,50,SHMT1,NFAT5,0.8912533
570,82,SHMT1,RB1,0.8899668
570,402,SHMT1,EIF1AD,0.88939714
570,33,SHMT1,CSTF2,0.88252264
570,590,SHMT1,IL12A,0.88058066
570,293,SHMT1,IRF7,0.8758792
570,177,SHMT1,RELB,0.87425447
570,78,SHMT1,MECOM,0.8740464
570,277,SHMT1,RTP4,0.87372035
570,57,SHMT1,OASL2,0.8737161
570,206,SHMT1,ZDHHC6,0.8728144
214,28,SLA,NFE2,0.8983655
214,78,SLA,MECOM,0.8962453
214,137,SLA,MYCN,0.89262396
214,57,SLA,OASL2,0.89194083
214,200,SLA,IGTP,0.89111525
214,183,SLA,XAF1,0.89110327
214,504,SLA,IFI44,0.89110327
214,609,SLA,UBA7,0.89110327
214,410,SLA,SMARCA2,0.8899257
214,283,SLA,EGR1,0.888612
214,518,SLA,PHF10,0.88764507
214,0,SLA,OTUD6B,0.8873572
214,128,SLA,APLP2,0.8873572
214,136,SLA,TACC3,0.8873572
214,150,SLA,SORT1,0.8873572
214,396,SLA,RUVBL2,0.8873572
214,432,SLA,HDC,0.8873572
214,450,SLA,MAGED1,0.8873572
214,514,SLA,PAK1,0.8873572
214,519,SLA,AGPS,0.8873572
214,524,SLA,TBC1D10C,0.8873572
214,595,SLA,CSF3R,0.8873572
214,8,SLA,ATAD1,0.8867853
214,81,SLA,HDAC11,0.8862418
214,198,SLA,NDN,0.8857787
214,441,SLA,EBF1,0.88568705
214,404,SLA,FTSJ3,0.8855358
214,33,SLA,CSTF2,0.88545334
214,140,SLA,ANXA3,0.88497376
214,263,SLA,JUN,0.884927
214,2,SLA,PPP1R15A,0.8849047
214,47,SLA,FGL2,0.8849047
214,146,SLA,SCARF1,0.8849047
214,194,SLA,GOLPH3,0.8849047
214,362,SLA,PTGS1,0.8849047
214,622,SLA,KRT18,0.8849047
214,564,SLA,MFNG,0.88467485
214,190,SLA,RAD51,0.8843264
214,553,SLA,DHFR,0.8843264
214,367,SLA,HCFC1,0.88415396
214,394,SLA,MAPK1,0.88388085
214,251,SLA,IRF6,0.8836629
214,486,SLA,NFKBIA,0.88339585
214,34,SLA,MAML3,0.8833414
214,554,SLA,CDT1,0.88287765
214,590,SLA,IL12A,0.88253915
214,232,SLA,ICAM1,0.88227135
214,440,SLA,TMEM97,0.8819445
214,464,SLA,ZNRF2,0.8819445
214,177,SLA,RELB,0.8818608
628,28,SLA2,NFE2,0.89777774
628,78,SLA2,MECOM,0.8962374
628,137,SLA2,MYCN,0.89262396
628,57,SLA2,OASL2,0.89194083
628,277,SLA2,RTP4,0.89194053
628,183,SLA2,XAF1,0.89110327
628,200,SLA2,IGTP,0.89110327
628,504,SLA2,IFI44,0.89110327
628,609,SLA2,UBA7,0.89110327
628,410,SLA2,SMARCA2,0.8899257
628,73,SLA2,RORC,0.88916135
628,283,SLA2,EGR1,0.8889533
628,518,SLA2,PHF10,0.88764507
628,519,SLA2,AGPS,0.8874411
628,396,SLA2,RUVBL2,0.88736826
628,0,SLA2,OTUD6B,0.8873572
628,8,SLA2,ATAD1,0.8873572
628,128,SLA2,APLP2,0.8873572
628,136,SLA2,TACC3,0.8873572
628,150,SLA2,SORT1,0.8873572
628,432,SLA2,HDC,0.8873572
628,450,SLA2,MAGED1,0.8873572
628,514,SLA2,PAK1,0.8873572
628,394,SLA2,MAPK1,0.8871252
628,198,SLA2,NDN,0.8857979
628,404,SLA2,FTSJ3,0.8855358
628,33,SLA2,CSTF2,0.8854538
628,263,SLA2,JUN,0.884927
628,2,SLA2,PPP1R15A,0.8849047
628,47,SLA2,FGL2,0.8849047
628,140,SLA2,ANXA3,0.8849047
628,146,SLA2,SCARF1,0.8849047
628,194,SLA2,GOLPH3,0.8849047
628,362,SLA2,PTGS1,0.8849047
628,441,SLA2,EBF1,0.8849047
628,546,SLA2,PROCR,0.8849047
628,622,SLA2,KRT18,0.8849047
628,564,SLA2,MFNG,0.88467485
628,190,SLA2,RAD51,0.8843264
628,553,SLA2,DHFR,0.8843264
628,367,SLA2,HCFC1,0.88415414
628,251,SLA2,IRF6,0.8836629
628,34,SLA2,MAML3,0.8834213
628,486,SLA2,NFKBIA,0.88339585
628,554,SLA2,CDT1,0.88287765
628,590,SLA2,IL12A,0.88253915
628,210,SLA2,PNO1,0.8824361
628,232,SLA2,ICAM1,0.88227135
628,464,SLA2,ZNRF2,0.88201267
628,440,SLA2,TMEM97,0.8819445
599,524,SLC18A2,TBC1D10C,0.90148413
599,28,SLC18A2,NFE2,0.8979077
599,357,SLC18A2,MEIS1,0.89649427
599,78,SLC18A2,MECOM,0.8962374
599,137,SLC18A2,MYCN,0.89262396
599,57,SLC18A2,OASL2,0.89194083
599,277,SLC18A2,RTP4,0.89194053
599,183,SLC18A2,XAF1,0.89110327
599,200,SLC18A2,IGTP,0.89110327
599,504,SLC18A2,IFI44,0.89110327
599,609,SLC18A2,UBA7,0.89110327
599,410,SLC18A2,SMARCA2,0.8899257
599,283,SLC18A2,EGR1,0.8886583
599,194,SLC18A2,GOLPH3,0.88852304
599,518,SLC18A2,PHF10,0.88764507
599,150,SLC18A2,SORT1,0.88736826
599,0,SLC18A2,OTUD6B,0.8873572
599,8,SLC18A2,ATAD1,0.8873572
599,128,SLC18A2,APLP2,0.8873572
599,450,SLC18A2,MAGED1,0.8873572
599,514,SLC18A2,PAK1,0.8873572
599,595,SLC18A2,CSF3R,0.8873572
599,432,SLC18A2,HDC,0.8873467
599,396,SLC18A2,RUVBL2,0.88726604
599,519,SLC18A2,AGPS,0.887242
599,81,SLC18A2,HDAC11,0.8864268
599,198,SLC18A2,NDN,0.8857979
599,33,SLC18A2,CSTF2,0.8854538
599,263,SLC18A2,JUN,0.884927
599,146,SLC18A2,SCARF1,0.8849264
599,622,SLC18A2,KRT18,0.8849131
599,2,SLC18A2,PPP1R15A,0.8849047
599,47,SLC18A2,FGL2,0.8849047
599,441,SLC18A2,EBF1,0.8849047
599,546,SLC18A2,PROCR,0.8849047
599,362,SLC18A2,PTGS1,0.8848948
599,564,SLC18A2,MFNG,0.88467485
599,190,SLC18A2,RAD51,0.8843264
599,367,SLC18A2,HCFC1,0.88415396
599,394,SLC18A2,MAPK1,0.8838468
599,486,SLC18A2,NFKBIA,0.8837837
599,251,SLC18A2,IRF6,0.8836629
599,34,SLC18A2,MAML3,0.8834213
599,554,SLC18A2,CDT1,0.88287765
599,590,SLC18A2,IL12A,0.88253915
599,210,SLC18A2,PNO1,0.8824361
599,232,SLC18A2,ICAM1,0.88227135
599,440,SLC18A2,TMEM97,0.8819445
599,464,SLC18A2,ZNRF2,0.88189834
599,177,SLC18A2,RELB,0.88179356
287,28,SLC19A1,NFE2,0.8983655
287,357,SLC19A1,MEIS1,0.89649427
287,78,SLC19A1,MECOM,0.8962374
287,504,SLC19A1,IFI44,0.89314204
287,137,SLC19A1,MYCN,0.89262396
287,57,SLC19A1,OASL2,0.89194083
287,200,SLC19A1,IGTP,0.89113486
287,183,SLC19A1,XAF1,0.89113456
287,609,SLC19A1,UBA7,0.89110327
287,289,SLC19A1,GT(ROSA)26SOR,0.89104635
287,410,SLC19A1,SMARCA2,0.8899257
287,283,SLC19A1,EGR1,0.88864714
287,518,SLC19A1,PHF10,0.88764507
287,514,SLC19A1,PAK1,0.8874228
287,432,SLC19A1,HDC,0.8874134
287,0,SLC19A1,OTUD6B,0.8873572
287,8,SLC19A1,ATAD1,0.8873572
287,128,SLC19A1,APLP2,0.8873572
287,136,SLC19A1,TACC3,0.8873572
287,150,SLC19A1,SORT1,0.8873572
287,450,SLC19A1,MAGED1,0.8873572
287,524,SLC19A1,TBC1D10C,0.8873572
287,595,SLC19A1,CSF3R,0.8873572
287,519,SLC19A1,AGPS,0.887253
287,81,SLC19A1,HDAC11,0.88636285
287,198,SLC19A1,NDN,0.8857979
287,404,SLC19A1,FTSJ3,0.8855358
287,33,SLC19A1,CSTF2,0.8854538
287,622,SLC19A1,KRT18,0.8849424
287,263,SLC19A1,JUN,0.884927
287,2,SLC19A1,PPP1R15A,0.8849047
287,47,SLC19A1,FGL2,0.8849047
287,140,SLC19A1,ANXA3,0.8849047
287,146,SLC19A1,SCARF1,0.8849047
287,194,SLC19A1,GOLPH3,0.8849047
287,362,SLC19A1,PTGS1,0.8849047
287,546,SLC19A1,PROCR,0.8849047
287,441,SLC19A1,EBF1,0.88477767
287,564,SLC19A1,MFNG,0.884665
287,553,SLC19A1,DHFR,0.8843264
287,190,SLC19A1,RAD51,0.8843165
287,394,SLC19A1,MAPK1,0.8838468
287,251,SLC19A1,IRF6,0.8836629
287,34,SLC19A1,MAML3,0.8834213
287,486,SLC19A1,NFKBIA,0.88339585
287,554,SLC19A1,CDT1,0.88287765
287,210,SLC19A1,PNO1,0.8824361
287,232,SLC19A1,ICAM1,0.8823109
287,440,SLC19A1,TMEM97,0.8819445
287,464,SLC19A1,ZNRF2,0.8819445
80,28,SLC25A46,NFE2,0.8983655
80,357,SLC25A46,MEIS1,0.89649427
80,78,SLC25A46,MECOM,0.8962056
80,486,SLC25A46,NFKBIA,0.8943874
80,367,SLC25A46,HCFC1,0.8941839
80,137,SLC25A46,MYCN,0.89262396
80,518,SLC25A46,PHF10,0.8923476
80,57,SLC25A46,OASL2,0.89194083
80,277,SLC25A46,RTP4,0.89194053
80,200,SLC25A46,IGTP,0.89110327
80,504,SLC25A46,IFI44,0.89110327
80,609,SLC25A46,UBA7,0.89110327
80,183,SLC25A46,XAF1,0.89094
80,283,SLC25A46,EGR1,0.88864714
80,146,SLC25A46,SCARF1,0.88852304
80,622,SLC25A46,KRT18,0.88852304
80,514,SLC25A46,PAK1,0.88736826
80,0,SLC25A46,OTUD6B,0.8873572
80,8,SLC25A46,ATAD1,0.8873572
80,128,SLC25A46,APLP2,0.8873572
80,150,SLC25A46,SORT1,0.8873572
80,432,SLC25A46,HDC,0.8873572
80,519,SLC25A46,AGPS,0.8873572
80,595,SLC25A46,CSF3R,0.8872954
80,81,SLC25A46,HDAC11,0.88636285
80,198,SLC25A46,NDN,0.8857979
80,404,SLC25A46,FTSJ3,0.8855358
80,33,SLC25A46,CSTF2,0.8854538
80,263,SLC25A46,JUN,0.884927
80,2,SLC25A46,PPP1R15A,0.8849047
80,47,SLC25A46,FGL2,0.8849047
80,140,SLC25A46,ANXA3,0.8849047
80,194,SLC25A46,GOLPH3,0.8849047
80,441,SLC25A46,EBF1,0.8849047
80,546,SLC25A46,PROCR,0.8849047
80,362,SLC25A46,PTGS1,0.8848192
80,564,SLC25A46,MFNG,0.88467485
80,190,SLC25A46,RAD51,0.8843264
80,553,SLC25A46,DHFR,0.8843264
80,396,SLC25A46,RUVBL2,0.88428885
80,394,SLC25A46,MAPK1,0.88388085
80,251,SLC25A46,IRF6,0.8836629
80,34,SLC25A46,MAML3,0.8834213
80,554,SLC25A46,CDT1,0.882817
80,590,SLC25A46,IL12A,0.88253915
80,210,SLC25A46,PNO1,0.8824361
80,232,SLC25A46,ICAM1,0.88227135
80,440,SLC25A46,TMEM97,0.8819445
80,464,SLC25A46,ZNRF2,0.8819445
80,177,SLC25A46,RELB,0.88169634
316,28,SLC28A2,NFE2,0.8983655
316,357,SLC28A2,MEIS1,0.89649427
316,78,SLC28A2,MECOM,0.8962374
316,137,SLC28A2,MYCN,0.89262396
316,57,SLC28A2,OASL2,0.89194083
316,277,SLC28A2,RTP4,0.89194053
316,200,SLC28A2,IGTP,0.89129186
316,183,SLC28A2,XAF1,0.89110327
316,504,SLC28A2,IFI44,0.89110327
316,609,SLC28A2,UBA7,0.89110327
316,410,SLC28A2,SMARCA2,0.8899257
316,518,SLC28A2,PHF10,0.88764507
316,0,SLC28A2,OTUD6B,0.8873572
316,8,SLC28A2,ATAD1,0.8873572
316,128,SLC28A2,APLP2,0.8873572
316,396,SLC28A2,RUVBL2,0.8873572
316,432,SLC28A2,HDC,0.8873572
316,450,SLC28A2,MAGED1,0.8873572
316,514,SLC28A2,PAK1,0.8873572
316,519,SLC28A2,AGPS,0.8873572
316,524,SLC28A2,TBC1D10C,0.8873572
316,595,SLC28A2,CSF3R,0.8873572
316,150,SLC28A2,SORT1,0.8873476
316,81,SLC28A2,HDAC11,0.88636285
316,198,SLC28A2,NDN,0.8857979
316,146,SLC28A2,SCARF1,0.88568705
316,33,SLC28A2,CSTF2,0.8854538
316,263,SLC28A2,JUN,0.884927
316,2,SLC28A2,PPP1R15A,0.8849047
316,47,SLC28A2,FGL2,0.8849047
316,140,SLC28A2,ANXA3,0.8849047
316,194,SLC28A2,GOLPH3,0.8849047
316,441,SLC28A2,EBF1,0.8849047
316,546,SLC28A2,PROCR,0.8849047
316,622,SLC28A2,KRT18,0.88488483
316,362,SLC28A2,PTGS1,0.88477767
316,564,SLC28A2,MFNG,0.88467485
316,190,SLC28A2,RAD51,0.8843264
316,553,SLC28A2,DHFR,0.8843264
316,486,SLC28A2,NFKBIA,0.8842728
316,367,SLC28A2,HCFC1,0.88415396
316,394,SLC28A2,MAPK1,0.8838468
316,136,SLC28A2,TACC3,0.8838291
316,34,SLC28A2,MAML3,0.8834213
316,554,SLC28A2,CDT1,0.88277346
316,590,SLC28A2,IL12A,0.8824988
316,210,SLC28A2,PNO1,0.88233346
316,232,SLC28A2,ICAM1,0.88227135
316,440,SLC28A2,TMEM97,0.8819445
316,464,SLC28A2,ZNRF2,0.8819445
119,28,SLC2A3,NFE2,0.8983655
119,78,SLC2A3,MECOM,0.8962374
119,57,SLC2A3,OASL2,0.89194083
119,609,SLC2A3,UBA7,0.8911817
119,183,SLC2A3,XAF1,0.89110327
119,200,SLC2A3,IGTP,0.89110327
119,504,SLC2A3,IFI44,0.89110327
119,255,SLC2A3,CD74,0.89045584
119,318,SLC2A3,GANAB,0.8903655
119,410,SLC2A3,SMARCA2,0.8899257
119,518,SLC2A3,PHF10,0.88764507
119,0,SLC2A3,OTUD6B,0.8873572
119,128,SLC2A3,APLP2,0.8873572
119,136,SLC2A3,TACC3,0.8873572
119,150,SLC2A3,SORT1,0.8873572
119,396,SLC2A3,RUVBL2,0.8873572
119,432,SLC2A3,HDC,0.8873572
119,450,SLC2A3,MAGED1,0.8873572
119,514,SLC2A3,PAK1,0.8873572
119,519,SLC2A3,AGPS,0.8873572
119,524,SLC2A3,TBC1D10C,0.8873572
119,8,SLC2A3,ATAD1,0.8872955
119,81,SLC2A3,HDAC11,0.88636285
119,357,SLC2A3,MEIS1,0.8863255
119,198,SLC2A3,NDN,0.8857979
119,404,SLC2A3,FTSJ3,0.8855358
119,33,SLC2A3,CSTF2,0.8854538
119,441,SLC2A3,EBF1,0.8849636
119,263,SLC2A3,JUN,0.884927
119,2,SLC2A3,PPP1R15A,0.8849047
119,47,SLC2A3,FGL2,0.8849047
119,146,SLC2A3,SCARF1,0.8849047
119,194,SLC2A3,GOLPH3,0.8849047
119,362,SLC2A3,PTGS1,0.8849047
119,546,SLC2A3,PROCR,0.8849047
119,622,SLC2A3,KRT18,0.8849047
119,140,SLC2A3,ANXA3,0.88490415
119,564,SLC2A3,MFNG,0.8846988
119,190,SLC2A3,RAD51,0.8843264
119,595,SLC2A3,CSF3R,0.88427496
119,553,SLC2A3,DHFR,0.88423294
119,367,SLC2A3,HCFC1,0.88415396
119,394,SLC2A3,MAPK1,0.8838468
119,251,SLC2A3,IRF6,0.8836629
119,34,SLC2A3,MAML3,0.8834213
119,486,SLC2A3,NFKBIA,0.88339585
119,554,SLC2A3,CDT1,0.88287765
119,590,SLC2A3,IL12A,0.88253915
119,210,SLC2A3,PNO1,0.8824361
119,232,SLC2A3,ICAM1,0.88227135
462,28,SLC30A5,NFE2,0.892394
462,357,SLC30A5,MEIS1,0.8902571
462,410,SLC30A5,SMARCA2,0.8889139
462,78,SLC30A5,MECOM,0.88876295
462,137,SLC30A5,MYCN,0.8883442
462,57,SLC30A5,OASL2,0.885183
462,277,SLC30A5,RTP4,0.8851827
462,8,SLC30A5,ATAD1,0.8851362
462,128,SLC30A5,APLP2,0.8851362
462,136,SLC30A5,TACC3,0.8851362
462,150,SLC30A5,SORT1,0.8851362
462,396,SLC30A5,RUVBL2,0.8851362
462,432,SLC30A5,HDC,0.8851362
462,450,SLC30A5,MAGED1,0.8851362
462,514,SLC30A5,PAK1,0.8851362
462,519,SLC30A5,AGPS,0.8851362
462,524,SLC30A5,TBC1D10C,0.8851362
462,595,SLC30A5,CSF3R,0.8851362
462,0,SLC30A5,OTUD6B,0.88503325
462,81,SLC30A5,HDAC11,0.88377905
462,518,SLC30A5,PHF10,0.88344926
462,183,SLC30A5,XAF1,0.8825934
462,33,SLC30A5,CSTF2,0.8825699
462,200,SLC30A5,IGTP,0.8825213
462,504,SLC30A5,IFI44,0.88244474
462,283,SLC30A5,EGR1,0.8812185
462,367,SLC30A5,HCFC1,0.8809142
462,609,SLC30A5,UBA7,0.88084483
462,34,SLC30A5,MAML3,0.8807742
462,564,SLC30A5,MFNG,0.88067657
462,486,SLC30A5,NFKBIA,0.88050693
462,554,SLC30A5,CDT1,0.88035667
462,177,SLC30A5,RELB,0.87885445
462,232,SLC30A5,ICAM1,0.8785236
462,440,SLC30A5,TMEM97,0.878488
462,464,SLC30A5,ZNRF2,0.878488
462,2,SLC30A5,PPP1R15A,0.8774488
462,140,SLC30A5,ANXA3,0.8774488
462,146,SLC30A5,SCARF1,0.8774488
462,194,SLC30A5,GOLPH3,0.8774488
462,362,SLC30A5,PTGS1,0.8774488
462,441,SLC30A5,EBF1,0.8774488
462,622,SLC30A5,KRT18,0.8774488
462,546,SLC30A5,PROCR,0.87744814
462,47,SLC30A5,FGL2,0.877376
462,590,SLC30A5,IL12A,0.876947
462,404,SLC30A5,FTSJ3,0.87687546
462,198,SLC30A5,NDN,0.8765731
462,429,SLC30A5,GFI1B,0.8762886
462,394,SLC30A5,MAPK1,0.8760194
181,28,SLC35B4,NFE2,0.8983655
181,357,SLC35B4,MEIS1,0.89649427
181,78,SLC35B4,MECOM,0.8962374
181,137,SLC35B4,MYCN,0.89261484
181,150,SLC35B4,SORT1,0.89204526
181,57,SLC35B4,OASL2,0.89194083
181,277,SLC35B4,RTP4,0.89194053
181,183,SLC35B4,XAF1,0.89110327
181,200,SLC35B4,IGTP,0.89110327
181,504,SLC35B4,IFI44,0.89110327
181,609,SLC35B4,UBA7,0.89110327
181,410,SLC35B4,SMARCA2,0.8897666
181,283,SLC35B4,EGR1,0.88864714
181,128,SLC35B4,APLP2,0.8873572
181,136,SLC35B4,TACC3,0.8873572
181,450,SLC35B4,MAGED1,0.8873572
181,514,SLC35B4,PAK1,0.8873572
181,519,SLC35B4,AGPS,0.8873572
181,524,SLC35B4,TBC1D10C,0.8873572
181,595,SLC35B4,CSF3R,0.8873572
181,8,SLC35B4,ATAD1,0.8872954
181,432,SLC35B4,HDC,0.8872954
181,81,SLC35B4,HDAC11,0.8864017
181,198,SLC35B4,NDN,0.8857979
181,404,SLC35B4,FTSJ3,0.8855358
181,33,SLC35B4,CSTF2,0.8854538
181,263,SLC35B4,JUN,0.88511646
181,362,SLC35B4,PTGS1,0.8849568
181,2,SLC35B4,PPP1R15A,0.88494617
181,194,SLC35B4,GOLPH3,0.8849264
181,622,SLC35B4,KRT18,0.8849131
181,441,SLC35B4,EBF1,0.8849098
181,47,SLC35B4,FGL2,0.8849047
181,140,SLC35B4,ANXA3,0.8849047
181,146,SLC35B4,SCARF1,0.8849047
181,546,SLC35B4,PROCR,0.8849047
181,190,SLC35B4,RAD51,0.8843264
181,553,SLC35B4,DHFR,0.8843264
181,367,SLC35B4,HCFC1,0.88415396
181,0,SLC35B4,OTUD6B,0.8838675
181,394,SLC35B4,MAPK1,0.8838468
181,251,SLC35B4,IRF6,0.8836629
181,34,SLC35B4,MAML3,0.8834213
181,486,SLC35B4,NFKBIA,0.88339585
181,554,SLC35B4,CDT1,0.88287765
181,590,SLC35B4,IL12A,0.88253915
181,210,SLC35B4,PNO1,0.8824442
181,232,SLC35B4,ICAM1,0.88227135
181,440,SLC35B4,TMEM97,0.8819445
181,464,SLC35B4,ZNRF2,0.8819445
391,28,SLC39A6,NFE2,0.90275615
391,524,SLC39A6,TBC1D10C,0.90188694
391,128,SLC39A6,APLP2,0.901884
391,357,SLC39A6,MEIS1,0.89649427
391,78,SLC39A6,MECOM,0.8962374
391,137,SLC39A6,MYCN,0.89262396
391,277,SLC39A6,RTP4,0.89194053
391,57,SLC39A6,OASL2,0.89193445
391,200,SLC39A6,IGTP,0.8912226
391,504,SLC39A6,IFI44,0.89110327
391,609,SLC39A6,UBA7,0.89110327
391,410,SLC39A6,SMARCA2,0.8899257
391,283,SLC39A6,EGR1,0.88864714
391,486,SLC39A6,NFKBIA,0.88805926
391,518,SLC39A6,PHF10,0.88764507
391,595,SLC39A6,CSF3R,0.8874749
391,150,SLC39A6,SORT1,0.8874228
391,432,SLC39A6,HDC,0.88738984
391,450,SLC39A6,MAGED1,0.88738984
391,0,SLC39A6,OTUD6B,0.8873572
391,8,SLC39A6,ATAD1,0.8873572
391,136,SLC39A6,TACC3,0.8873572
391,396,SLC39A6,RUVBL2,0.8873572
391,514,SLC39A6,PAK1,0.8873572
391,519,SLC39A6,AGPS,0.8873572
391,81,SLC39A6,HDAC11,0.88636285
391,198,SLC39A6,NDN,0.8857787
391,404,SLC39A6,FTSJ3,0.8855358
391,33,SLC39A6,CSTF2,0.8854497
391,263,SLC39A6,JUN,0.884927
391,622,SLC39A6,KRT18,0.8849098
391,47,SLC39A6,FGL2,0.8849047
391,140,SLC39A6,ANXA3,0.8849047
391,146,SLC39A6,SCARF1,0.8849047
391,194,SLC39A6,GOLPH3,0.8849047
391,441,SLC39A6,EBF1,0.8849047
391,546,SLC39A6,PROCR,0.8849047
391,564,SLC39A6,MFNG,0.88467485
391,190,SLC39A6,RAD51,0.8843399
391,553,SLC39A6,DHFR,0.8843264
391,367,SLC39A6,HCFC1,0.88415396
391,394,SLC39A6,MAPK1,0.8838398
391,251,SLC39A6,IRF6,0.8836629
391,34,SLC39A6,MAML3,0.8834213
391,554,SLC39A6,CDT1,0.88287765
391,590,SLC39A6,IL12A,0.88253915
391,210,SLC39A6,PNO1,0.8824442
391,362,SLC39A6,PTGS1,0.8823133
391,232,SLC39A6,ICAM1,0.88227135
391,440,SLC39A6,TMEM97,0.8819445
252,28,SLC43A3,NFE2,0.898267
252,357,SLC43A3,MEIS1,0.89649427
252,78,SLC43A3,MECOM,0.8962374
252,210,SLC43A3,PNO1,0.89395386
252,137,SLC43A3,MYCN,0.89262396
252,57,SLC43A3,OASL2,0.89194083
252,277,SLC43A3,RTP4,0.89194053
252,183,SLC43A3,XAF1,0.89110327
252,200,SLC43A3,IGTP,0.89110327
252,504,SLC43A3,IFI44,0.89110327
252,609,SLC43A3,UBA7,0.89110327
252,410,SLC43A3,SMARCA2,0.8899257
252,283,SLC43A3,EGR1,0.88864714
252,146,SLC43A3,SCARF1,0.88852304
252,518,SLC43A3,PHF10,0.88764507
252,396,SLC43A3,RUVBL2,0.88735914
252,8,SLC43A3,ATAD1,0.8873572
252,128,SLC43A3,APLP2,0.8873572
252,150,SLC43A3,SORT1,0.8873572
252,432,SLC43A3,HDC,0.8873572
252,450,SLC43A3,MAGED1,0.8873572
252,514,SLC43A3,PAK1,0.8873572
252,519,SLC43A3,AGPS,0.8873572
252,524,SLC43A3,TBC1D10C,0.8873572
252,595,SLC43A3,CSF3R,0.8873572
252,136,SLC43A3,TACC3,0.8873564
252,0,SLC43A3,OTUD6B,0.8872829
252,81,SLC43A3,HDAC11,0.88636285
252,198,SLC43A3,NDN,0.8857979
252,404,SLC43A3,FTSJ3,0.8855358
252,33,SLC43A3,CSTF2,0.8854538
252,2,SLC43A3,PPP1R15A,0.8849424
252,263,SLC43A3,JUN,0.884927
252,47,SLC43A3,FGL2,0.8849047
252,194,SLC43A3,GOLPH3,0.8849047
252,362,SLC43A3,PTGS1,0.8849047
252,441,SLC43A3,EBF1,0.8849047
252,546,SLC43A3,PROCR,0.8849047
252,622,SLC43A3,KRT18,0.8849047
252,564,SLC43A3,MFNG,0.88467485
252,553,SLC43A3,DHFR,0.88433087
252,367,SLC43A3,HCFC1,0.88415396
252,394,SLC43A3,MAPK1,0.8838468
252,251,SLC43A3,IRF6,0.8836629
252,486,SLC43A3,NFKBIA,0.88339585
252,190,SLC43A3,RAD51,0.8830442
252,554,SLC43A3,CDT1,0.88287765
252,590,SLC43A3,IL12A,0.88253915
252,232,SLC43A3,ICAM1,0.88226897
252,440,SLC43A3,TMEM97,0.8819445
312,28,SLC44A2,NFE2,0.8983655
312,357,SLC44A2,MEIS1,0.89649427
312,78,SLC44A2,MECOM,0.8962374
312,137,SLC44A2,MYCN,0.89262396
312,57,SLC44A2,OASL2,0.89194083
312,277,SLC44A2,RTP4,0.89194053
312,200,SLC44A2,IGTP,0.89129186
312,183,SLC44A2,XAF1,0.89110327
312,504,SLC44A2,IFI44,0.89110327
312,609,SLC44A2,UBA7,0.89110327
312,410,SLC44A2,SMARCA2,0.8899257
312,518,SLC44A2,PHF10,0.88764507
312,0,SLC44A2,OTUD6B,0.8873572
312,8,SLC44A2,ATAD1,0.8873572
312,128,SLC44A2,APLP2,0.8873572
312,396,SLC44A2,RUVBL2,0.8873572
312,432,SLC44A2,HDC,0.8873572
312,450,SLC44A2,MAGED1,0.8873572
312,514,SLC44A2,PAK1,0.8873572
312,519,SLC44A2,AGPS,0.8873572
312,524,SLC44A2,TBC1D10C,0.8873572
312,595,SLC44A2,CSF3R,0.8873572
312,150,SLC44A2,SORT1,0.8873476
312,81,SLC44A2,HDAC11,0.88636285
312,198,SLC44A2,NDN,0.8857979
312,146,SLC44A2,SCARF1,0.88568705
312,33,SLC44A2,CSTF2,0.8854538
312,263,SLC44A2,JUN,0.884927
312,2,SLC44A2,PPP1R15A,0.8849047
312,47,SLC44A2,FGL2,0.8849047
312,140,SLC44A2,ANXA3,0.8849047
312,194,SLC44A2,GOLPH3,0.8849047
312,441,SLC44A2,EBF1,0.8849047
312,546,SLC44A2,PROCR,0.8849047
312,622,SLC44A2,KRT18,0.88488483
312,362,SLC44A2,PTGS1,0.88477767
312,564,SLC44A2,MFNG,0.88467485
312,190,SLC44A2,RAD51,0.8843264
312,553,SLC44A2,DHFR,0.8843264
312,486,SLC44A2,NFKBIA,0.8842728
312,367,SLC44A2,HCFC1,0.88415396
312,394,SLC44A2,MAPK1,0.8838468
312,136,SLC44A2,TACC3,0.8838291
312,34,SLC44A2,MAML3,0.8834213
312,554,SLC44A2,CDT1,0.88277346
312,590,SLC44A2,IL12A,0.8824988
312,210,SLC44A2,PNO1,0.88233346
312,232,SLC44A2,ICAM1,0.88227135
312,440,SLC44A2,TMEM97,0.8819445
312,464,SLC44A2,ZNRF2,0.8819445
36,357,SLCO3A1,MEIS1,0.89642894
36,137,SLCO3A1,MYCN,0.89262396
36,57,SLCO3A1,OASL2,0.89194083
36,277,SLCO3A1,RTP4,0.89194053
36,183,SLCO3A1,XAF1,0.89110327
36,200,SLCO3A1,IGTP,0.8910898
36,609,SLCO3A1,UBA7,0.89104354
36,34,SLCO3A1,MAML3,0.89054924
36,410,SLCO3A1,SMARCA2,0.8899257
36,283,SLCO3A1,EGR1,0.88864714
36,78,SLCO3A1,MECOM,0.8879222
36,140,SLCO3A1,ANXA3,0.8877067
36,518,SLCO3A1,PHF10,0.88764507
36,524,SLCO3A1,TBC1D10C,0.8874228
36,136,SLCO3A1,TACC3,0.8873907
36,504,SLCO3A1,IFI44,0.88738424
36,0,SLCO3A1,OTUD6B,0.8873572
36,8,SLCO3A1,ATAD1,0.8873572
36,150,SLCO3A1,SORT1,0.8873572
36,396,SLCO3A1,RUVBL2,0.8873572
36,432,SLCO3A1,HDC,0.8873572
36,450,SLCO3A1,MAGED1,0.8873572
36,514,SLCO3A1,PAK1,0.8873572
36,519,SLCO3A1,AGPS,0.8873572
36,595,SLCO3A1,CSF3R,0.8873199
36,488,SLCO3A1,FGFR1OP,0.88602394
36,198,SLCO3A1,NDN,0.8857979
36,194,SLCO3A1,GOLPH3,0.88568705
36,404,SLCO3A1,FTSJ3,0.8855358
36,33,SLCO3A1,CSTF2,0.8854538
36,263,SLCO3A1,JUN,0.884927
36,2,SLCO3A1,PPP1R15A,0.8849047
36,47,SLCO3A1,FGL2,0.8849047
36,146,SLCO3A1,SCARF1,0.8849047
36,362,SLCO3A1,PTGS1,0.8849047
36,441,SLCO3A1,EBF1,0.8849047
36,546,SLCO3A1,PROCR,0.8849047
36,622,SLCO3A1,KRT18,0.8849047
36,564,SLCO3A1,MFNG,0.88467485
36,190,SLCO3A1,RAD51,0.8843264
36,553,SLCO3A1,DHFR,0.8843264
36,367,SLCO3A1,HCFC1,0.88415396
36,394,SLCO3A1,MAPK1,0.8838468
36,251,SLCO3A1,IRF6,0.8836629
36,486,SLCO3A1,NFKBIA,0.88339585
36,554,SLCO3A1,CDT1,0.88287765
36,590,SLCO3A1,IL12A,0.88253915
36,210,SLCO3A1,PNO1,0.8824361
36,232,SLCO3A1,ICAM1,0.88227135
36,440,SLCO3A1,TMEM97,0.8819445
410,81,SMARCA2,HDAC11,0.9029302
410,0,SMARCA2,OTUD6B,0.90271544
410,519,SMARCA2,AGPS,0.9011386
410,34,SMARCA2,MAML3,0.8981083
410,514,SMARCA2,PAK1,0.8978321
410,8,SMARCA2,ATAD1,0.8978054
410,396,SMARCA2,RUVBL2,0.8978054
410,432,SMARCA2,HDC,0.8978054
410,450,SMARCA2,MAGED1,0.8978054
410,150,SMARCA2,SORT1,0.8977928
410,595,SMARCA2,CSF3R,0.8977043
410,136,SMARCA2,TACC3,0.8976031
410,554,SMARCA2,CDT1,0.8927754
410,209,SMARCA2,ZBTB16,0.89150363
410,292,SMARCA2,HDAC7,0.8890494
410,128,SMARCA2,APLP2,0.88494706
410,524,SMARCA2,TBC1D10C,0.88478595
410,331,SMARCA2,PIM2,0.8846017
410,475,SMARCA2,BCL2,0.88317376
410,351,SMARCA2,ERCC8,0.8791768
410,429,SMARCA2,GFI1B,0.8777558
410,186,SMARCA2,STT3B,0.876385
410,404,SMARCA2,FTSJ3,0.8733458
410,199,SMARCA2,E2F4,0.87318337
410,161,SMARCA2,JARID2,0.8720633
410,440,SMARCA2,TMEM97,0.87027276
410,464,SMARCA2,ZNRF2,0.86987066
410,255,SMARCA2,CD74,0.8684499
410,289,SMARCA2,GT(ROSA)26SOR,0.8684499
410,73,SMARCA2,RORC,0.8598557
410,439,SMARCA2,DDX20,0.85979515
410,210,SMARCA2,PNO1,0.85932434
410,50,SMARCA2,NFAT5,0.8510516
410,402,SMARCA2,EIF1AD,0.84607893
410,183,SMARCA2,XAF1,0.84538585
410,200,SMARCA2,IGTP,0.8453438
410,609,SMARCA2,UBA7,0.8450385
410,504,SMARCA2,IFI44,0.84500474
410,82,SMARCA2,RB1,0.8435474
410,486,SMARCA2,NFKBIA,0.84266174
410,33,SMARCA2,CSTF2,0.8394461
410,177,SMARCA2,RELB,0.8358494
410,363,SMARCA2,MYC,0.827845
410,28,SMARCA2,NFE2,0.82749957
410,318,SMARCA2,GANAB,0.82552177
410,206,SMARCA2,ZDHHC6,0.8235177
410,590,SMARCA2,IL12A,0.82338166
410,357,SMARCA2,MEIS1,0.8230894
410,137,SMARCA2,MYCN,0.82040066
410,277,SMARCA2,RTP4,0.81854534
339,8,SMPDL3A,ATAD1,0.901884
339,28,SMPDL3A,NFE2,0.8983655
339,357,SMPDL3A,MEIS1,0.89649427
339,78,SMPDL3A,MECOM,0.8962374
339,137,SMPDL3A,MYCN,0.89262396
339,57,SMPDL3A,OASL2,0.89194083
339,277,SMPDL3A,RTP4,0.89194053
339,504,SMPDL3A,IFI44,0.89128894
339,200,SMPDL3A,IGTP,0.89110327
339,609,SMPDL3A,UBA7,0.89110327
339,183,SMPDL3A,XAF1,0.8910734
339,410,SMPDL3A,SMARCA2,0.8899257
339,283,SMPDL3A,EGR1,0.88864714
339,518,SMPDL3A,PHF10,0.88764507
339,441,SMPDL3A,EBF1,0.88756645
339,524,SMPDL3A,TBC1D10C,0.8874228
339,0,SMPDL3A,OTUD6B,0.8873572
339,150,SMPDL3A,SORT1,0.8873572
339,432,SMPDL3A,HDC,0.8873572
339,514,SMPDL3A,PAK1,0.8873572
339,519,SMPDL3A,AGPS,0.88726604
339,136,SMPDL3A,TACC3,0.8865584
339,450,SMPDL3A,MAGED1,0.8865584
339,396,SMPDL3A,RUVBL2,0.88654757
339,81,SMPDL3A,HDAC11,0.88636285
339,198,SMPDL3A,NDN,0.8857979
339,33,SMPDL3A,CSTF2,0.8854538
339,2,SMPDL3A,PPP1R15A,0.88500047
339,622,SMPDL3A,KRT18,0.88494617
339,263,SMPDL3A,JUN,0.884927
339,47,SMPDL3A,FGL2,0.8849047
339,140,SMPDL3A,ANXA3,0.8849047
339,146,SMPDL3A,SCARF1,0.8849047
339,194,SMPDL3A,GOLPH3,0.8849047
339,546,SMPDL3A,PROCR,0.8849047
339,362,SMPDL3A,PTGS1,0.8848201
339,363,SMPDL3A,MYC,0.88436043
339,190,SMPDL3A,RAD51,0.8843264
339,553,SMPDL3A,DHFR,0.8843264
339,367,SMPDL3A,HCFC1,0.8839234
339,394,SMPDL3A,MAPK1,0.8838468
339,251,SMPDL3A,IRF6,0.8836629
339,486,SMPDL3A,NFKBIA,0.88339585
339,34,SMPDL3A,MAML3,0.88338184
339,232,SMPDL3A,ICAM1,0.88317394
339,554,SMPDL3A,CDT1,0.88287765
339,590,SMPDL3A,IL12A,0.88253915
339,429,SMPDL3A,GFI1B,0.8822198
339,440,SMPDL3A,TMEM97,0.8819445
339,464,SMPDL3A,ZNRF2,0.8819445
225,8,SNAP23,ATAD1,0.9014627
225,28,SNAP23,NFE2,0.8983392
225,357,SNAP23,MEIS1,0.8964657
225,78,SNAP23,MECOM,0.8962053
225,137,SNAP23,MYCN,0.8925817
225,57,SNAP23,OASL2,0.891908
225,277,SNAP23,RTP4,0.89190775
225,183,SNAP23,XAF1,0.89106536
225,200,SNAP23,IGTP,0.89106536
225,504,SNAP23,IFI44,0.89106536
225,609,SNAP23,UBA7,0.89106536
225,410,SNAP23,SMARCA2,0.88990384
225,283,SNAP23,EGR1,0.88861525
225,518,SNAP23,PHF10,0.8876054
225,128,SNAP23,APLP2,0.887373
225,136,SNAP23,TACC3,0.887373
225,150,SNAP23,SORT1,0.887373
225,432,SNAP23,HDC,0.887373
225,514,SNAP23,PAK1,0.887373
225,519,SNAP23,AGPS,0.887373
225,524,SNAP23,TBC1D10C,0.887373
225,595,SNAP23,CSF3R,0.887373
225,396,SNAP23,RUVBL2,0.8873111
225,81,SNAP23,HDAC11,0.8862243
225,198,SNAP23,NDN,0.8858049
225,546,SNAP23,PROCR,0.88565415
225,622,SNAP23,KRT18,0.88565415
225,404,SNAP23,FTSJ3,0.88555396
225,33,SNAP23,CSTF2,0.8854186
225,263,SNAP23,JUN,0.88488704
225,2,SNAP23,PPP1R15A,0.8848715
225,140,SNAP23,ANXA3,0.8848715
225,362,SNAP23,PTGS1,0.8848715
225,441,SNAP23,EBF1,0.8848715
225,47,SNAP23,FGL2,0.8848708
225,564,SNAP23,MFNG,0.88463753
225,0,SNAP23,OTUD6B,0.88436675
225,450,SNAP23,MAGED1,0.88436675
225,190,SNAP23,RAD51,0.88433236
225,553,SNAP23,DHFR,0.88433236
225,367,SNAP23,HCFC1,0.8841181
225,394,SNAP23,MAPK1,0.8838125
225,251,SNAP23,IRF6,0.88362265
225,34,SNAP23,MAML3,0.8834338
225,486,SNAP23,NFKBIA,0.8833598
225,554,SNAP23,CDT1,0.8828956
225,590,SNAP23,IL12A,0.882499
225,232,SNAP23,ICAM1,0.8822312
225,464,SNAP23,ZNRF2,0.88205534
225,440,SNAP23,TMEM97,0.88194615
528,28,SNAP47,NFE2,0.8983655
528,357,SNAP47,MEIS1,0.89649427
528,137,SNAP47,MYCN,0.89266664
528,57,SNAP47,OASL2,0.89194083
528,277,SNAP47,RTP4,0.89182997
528,200,SNAP47,IGTP,0.89110327
528,504,SNAP47,IFI44,0.89110327
528,609,SNAP47,UBA7,0.89110327
528,183,SNAP47,XAF1,0.8910734
528,6,SNAP47,BTG2,0.8902503
528,410,SNAP47,SMARCA2,0.88999283
528,283,SNAP47,EGR1,0.88863146
528,78,SNAP47,MECOM,0.8874594
528,519,SNAP47,AGPS,0.88737774
528,0,SNAP47,OTUD6B,0.8873572
528,136,SNAP47,TACC3,0.8873572
528,150,SNAP47,SORT1,0.8873572
528,396,SNAP47,RUVBL2,0.8873572
528,432,SNAP47,HDC,0.8873572
528,450,SNAP47,MAGED1,0.8873572
528,514,SNAP47,PAK1,0.8873572
528,524,SNAP47,TBC1D10C,0.8873572
528,595,SNAP47,CSF3R,0.8873467
528,8,SNAP47,ATAD1,0.88658863
528,81,SNAP47,HDAC11,0.88636285
528,198,SNAP47,NDN,0.8858012
528,33,SNAP47,CSTF2,0.8854538
528,404,SNAP47,FTSJ3,0.88528574
528,146,SNAP47,SCARF1,0.88497007
528,2,SNAP47,PPP1R15A,0.8849047
528,47,SNAP47,FGL2,0.8849047
528,140,SNAP47,ANXA3,0.8849047
528,194,SNAP47,GOLPH3,0.8849047
528,362,SNAP47,PTGS1,0.8849047
528,441,SNAP47,EBF1,0.8849047
528,546,SNAP47,PROCR,0.8849047
528,622,SNAP47,KRT18,0.8849047
528,263,SNAP47,JUN,0.88488126
528,190,SNAP47,RAD51,0.8843264
528,367,SNAP47,HCFC1,0.88415396
528,394,SNAP47,MAPK1,0.8838468
528,251,SNAP47,IRF6,0.8836629
528,486,SNAP47,NFKBIA,0.88346213
528,34,SNAP47,MAML3,0.8834213
528,564,SNAP47,MFNG,0.8832431
528,554,SNAP47,CDT1,0.88287765
528,590,SNAP47,IL12A,0.88253915
528,210,SNAP47,PNO1,0.8824361
528,464,SNAP47,ZNRF2,0.8823136
528,232,SNAP47,ICAM1,0.8822086
621,34,SNRPB,MAML3,0.92999727
621,439,SNRPB,DDX20,0.9288005
621,292,SNRPB,HDAC7,0.92165184
621,81,SNRPB,HDAC11,0.91831475
621,475,SNRPB,BCL2,0.914247
621,209,SNRPB,ZBTB16,0.9082109
621,186,SNRPB,STT3B,0.90467054
621,534,SNRPB,MORC3,0.90110767
621,351,SNRPB,ERCC8,0.89733577
621,136,SNRPB,TACC3,0.8967304
621,0,SNRPB,OTUD6B,0.8965446
621,8,SNRPB,ATAD1,0.8965446
621,128,SNRPB,APLP2,0.8965446
621,150,SNRPB,SORT1,0.8965446
621,432,SNRPB,HDC,0.8965446
621,450,SNRPB,MAGED1,0.8965446
621,514,SNRPB,PAK1,0.8965446
621,519,SNRPB,AGPS,0.8965446
621,524,SNRPB,TBC1D10C,0.8965446
621,595,SNRPB,CSF3R,0.8965446
621,396,SNRPB,RUVBL2,0.8961652
621,554,SNRPB,CDT1,0.89176047
621,404,SNRPB,FTSJ3,0.88871694
621,331,SNRPB,PIM2,0.88771224
621,611,SNRPB,ZEB2,0.88731045
621,91,SNRPB,FCHO2,0.8871752
621,82,SNRPB,RB1,0.881461
621,537,SNRPB,TXNDC11,0.8773433
621,410,SNRPB,SMARCA2,0.87687016
621,206,SNRPB,ZDHHC6,0.87478745
621,429,SNRPB,GFI1B,0.8726385
621,199,SNRPB,E2F4,0.862239
621,161,SNRPB,JARID2,0.8531176
621,299,SNRPB,ORC2,0.8477844
621,255,SNRPB,CD74,0.8461573
621,289,SNRPB,GT(ROSA)26SOR,0.8461573
621,440,SNRPB,TMEM97,0.84257656
621,464,SNRPB,ZNRF2,0.84257656
621,402,SNRPB,EIF1AD,0.8398337
621,226,SNRPB,POLR2B,0.8384374
621,73,SNRPB,RORC,0.82026994
621,210,SNRPB,PNO1,0.8142526
621,74,SNRPB,TOP2A,0.81419444
621,53,SNRPB,ORC6,0.81113696
621,290,SNRPB,POLD1,0.809757
621,399,SNRPB,RRM2,0.80973864
621,189,SNRPB,MCM5,0.80172014
621,486,SNRPB,NFKBIA,0.80079883
621,50,SNRPB,NFAT5,0.79743546
621,33,SNRPB,CSTF2,0.79628795
366,28,SNX30,NFE2,0.8982651
366,357,SNX30,MEIS1,0.89648217
366,78,SNX30,MECOM,0.8962374
366,137,SNX30,MYCN,0.89262396
366,57,SNX30,OASL2,0.89194083
366,277,SNX30,RTP4,0.89194053
366,183,SNX30,XAF1,0.89110327
366,200,SNX30,IGTP,0.89110327
366,504,SNX30,IFI44,0.89110327
366,609,SNX30,UBA7,0.89110327
366,81,SNX30,HDAC11,0.890956
366,410,SNX30,SMARCA2,0.8899257
366,283,SNX30,EGR1,0.88864714
366,429,SNX30,GFI1B,0.8880457
366,518,SNX30,PHF10,0.8876111
366,0,SNX30,OTUD6B,0.8873572
366,8,SNX30,ATAD1,0.8873572
366,128,SNX30,APLP2,0.8873572
366,150,SNX30,SORT1,0.8873572
366,396,SNX30,RUVBL2,0.8873572
366,432,SNX30,HDC,0.8873572
366,514,SNX30,PAK1,0.8873572
366,519,SNX30,AGPS,0.8873572
366,524,SNX30,TBC1D10C,0.8873572
366,450,SNX30,MAGED1,0.887242
366,198,SNX30,NDN,0.8857979
366,404,SNX30,FTSJ3,0.8855358
366,33,SNX30,CSTF2,0.8854538
366,2,SNX30,PPP1R15A,0.8849047
366,47,SNX30,FGL2,0.8849047
366,140,SNX30,ANXA3,0.8849047
366,194,SNX30,GOLPH3,0.8849047
366,362,SNX30,PTGS1,0.8849047
366,546,SNX30,PROCR,0.8849047
366,622,SNX30,KRT18,0.8849047
366,441,SNX30,EBF1,0.88489646
366,146,SNX30,SCARF1,0.88488483
366,564,SNX30,MFNG,0.88467485
366,190,SNX30,RAD51,0.8843264
366,553,SNX30,DHFR,0.8843264
366,367,SNX30,HCFC1,0.88415396
366,394,SNX30,MAPK1,0.8838468
366,251,SNX30,IRF6,0.8836629
366,34,SNX30,MAML3,0.8834213
366,486,SNX30,NFKBIA,0.88339585
366,554,SNX30,CDT1,0.88287765
366,590,SNX30,IL12A,0.88253915
366,210,SNX30,PNO1,0.8824361
366,232,SNX30,ICAM1,0.8822963
366,440,SNX30,TMEM97,0.8819445
150,34,SORT1,MAML3,0.91144794
150,81,SORT1,HDAC11,0.90890324
150,209,SORT1,ZBTB16,0.90276647
150,0,SORT1,OTUD6B,0.90240103
150,8,SORT1,ATAD1,0.90240103
150,396,SORT1,RUVBL2,0.90240103
150,450,SORT1,MAGED1,0.90240103
150,519,SORT1,AGPS,0.90240103
150,524,SORT1,TBC1D10C,0.90240103
150,595,SORT1,CSF3R,0.90240103
150,128,SORT1,APLP2,0.90239996
150,514,SORT1,PAK1,0.902335
150,136,SORT1,TACC3,0.90233374
150,292,SORT1,HDAC7,0.900846
150,186,SORT1,STT3B,0.89780676
150,475,SORT1,BCL2,0.89456874
150,432,SORT1,HDC,0.8920921
150,404,SORT1,FTSJ3,0.89176434
150,331,SORT1,PIM2,0.891321
150,410,SORT1,SMARCA2,0.8900647
150,351,SORT1,ERCC8,0.88543427
150,439,SORT1,DDX20,0.8851051
150,429,SORT1,GFI1B,0.8841225
150,199,SORT1,E2F4,0.88296056
150,161,SORT1,JARID2,0.873663
150,82,SORT1,RB1,0.8724181
150,554,SORT1,CDT1,0.8723711
150,440,SORT1,TMEM97,0.868821
150,464,SORT1,ZNRF2,0.868821
150,255,SORT1,CD74,0.86786944
150,289,SORT1,GT(ROSA)26SOR,0.861783
150,210,SORT1,PNO1,0.8580827
150,73,SORT1,RORC,0.8577145
150,402,SORT1,EIF1AD,0.85655427
150,206,SORT1,ZDHHC6,0.85296685
150,486,SORT1,NFKBIA,0.85111386
150,50,SORT1,NFAT5,0.84681034
150,33,SORT1,CSTF2,0.8461103
150,183,SORT1,XAF1,0.8439138
150,200,SORT1,IGTP,0.8439138
150,504,SORT1,IFI44,0.8439138
150,609,SORT1,UBA7,0.8438689
150,91,SORT1,FCHO2,0.8419712
150,537,SORT1,TXNDC11,0.8419712
150,611,SORT1,ZEB2,0.84167725
150,534,SORT1,MORC3,0.8352067
150,363,SORT1,MYC,0.83009326
150,177,SORT1,RELB,0.82821345
150,28,SORT1,NFE2,0.8190189
150,216,SORT1,CUL3,0.8179112
16,28,SOX18,NFE2,0.8983655
16,357,SOX18,MEIS1,0.89649427
16,78,SOX18,MECOM,0.8962748
16,137,SOX18,MYCN,0.892938
16,57,SOX18,OASL2,0.89194083
16,277,SOX18,RTP4,0.89194053
16,609,SOX18,UBA7,0.89113456
16,183,SOX18,XAF1,0.89110327
16,200,SOX18,IGTP,0.89110327
16,504,SOX18,IFI44,0.89110327
16,410,SOX18,SMARCA2,0.8899257
16,283,SOX18,EGR1,0.88864714
16,518,SOX18,PHF10,0.88764507
16,0,SOX18,OTUD6B,0.8873572
16,8,SOX18,ATAD1,0.8873572
16,128,SOX18,APLP2,0.8873572
16,136,SOX18,TACC3,0.8873572
16,150,SOX18,SORT1,0.8873572
16,396,SOX18,RUVBL2,0.8873572
16,432,SOX18,HDC,0.8873572
16,450,SOX18,MAGED1,0.8873572
16,514,SOX18,PAK1,0.8873572
16,519,SOX18,AGPS,0.8873572
16,524,SOX18,TBC1D10C,0.8873572
16,595,SOX18,CSF3R,0.8873572
16,81,SOX18,HDAC11,0.88636285
16,198,SOX18,NDN,0.8857889
16,404,SOX18,FTSJ3,0.8855358
16,33,SOX18,CSTF2,0.88550335
16,263,SOX18,JUN,0.884927
16,2,SOX18,PPP1R15A,0.8849047
16,47,SOX18,FGL2,0.8849047
16,140,SOX18,ANXA3,0.8849047
16,146,SOX18,SCARF1,0.8849047
16,194,SOX18,GOLPH3,0.8849047
16,362,SOX18,PTGS1,0.8849047
16,441,SOX18,EBF1,0.8849047
16,546,SOX18,PROCR,0.8849047
16,622,SOX18,KRT18,0.8849047
16,564,SOX18,MFNG,0.88467485
16,553,SOX18,DHFR,0.88433087
16,190,SOX18,RAD51,0.8843264
16,367,SOX18,HCFC1,0.88415396
16,394,SOX18,MAPK1,0.8838468
16,251,SOX18,IRF6,0.8836629
16,486,SOX18,NFKBIA,0.8834034
16,554,SOX18,CDT1,0.88287765
16,590,SOX18,IL12A,0.88253915
16,210,SOX18,PNO1,0.88235617
16,232,SOX18,ICAM1,0.88227135
536,410,SPI1,SMARCA2,0.9188718
536,210,SPI1,PNO1,0.9158736
536,440,SPI1,TMEM97,0.91289914
536,464,SPI1,ZNRF2,0.91289914
536,161,SPI1,JARID2,0.9118571
536,429,SPI1,GFI1B,0.91158843
536,78,SPI1,MECOM,0.91104054
536,73,SPI1,RORC,0.91002196
536,486,SPI1,NFKBIA,0.9093135
536,177,SPI1,RELB,0.90791804
536,33,SPI1,CSTF2,0.9079021
536,255,SPI1,CD74,0.9074254
536,136,SPI1,TACC3,0.9072612
536,150,SPI1,SORT1,0.907258
536,0,SPI1,OTUD6B,0.9071453
536,8,SPI1,ATAD1,0.9071453
536,128,SPI1,APLP2,0.9071453
536,396,SPI1,RUVBL2,0.9071453
536,432,SPI1,HDC,0.9071453
536,450,SPI1,MAGED1,0.9071453
536,514,SPI1,PAK1,0.9071453
536,524,SPI1,TBC1D10C,0.9071453
536,595,SPI1,CSF3R,0.9071453
536,67,SPI1,HDAC2,0.90567136
536,277,SPI1,RTP4,0.90509003
536,57,SPI1,OASL2,0.9050885
536,28,SPI1,NFE2,0.9050495
536,81,SPI1,HDAC11,0.9048935
536,200,SPI1,IGTP,0.9048453
536,504,SPI1,IFI44,0.9048205
536,609,SPI1,UBA7,0.90475863
536,183,SPI1,XAF1,0.90468484
536,318,SPI1,GANAB,0.90457094
536,50,SPI1,NFAT5,0.90276706
536,488,SPI1,FGFR1OP,0.90167934
536,367,SPI1,HCFC1,0.9015162
536,263,SPI1,JUN,0.90100473
536,363,SPI1,MYC,0.9009264
536,331,SPI1,PIM2,0.9005851
536,137,SPI1,MYCN,0.8995513
536,518,SPI1,PHF10,0.8992433
536,404,SPI1,FTSJ3,0.89853346
536,559,SPI1,RUNX1T1,0.89834356
536,251,SPI1,IRF6,0.8977716
536,590,SPI1,IL12A,0.8972225
536,426,SPI1,PRPF4,0.8965282
536,34,SPI1,MAML3,0.8949631
536,199,SPI1,E2F4,0.89462245
536,29,SPI1,IKZF1,0.89398926
536,606,SPI1,ELP2,0.89186347
368,81,SPNS2,HDAC11,0.9211109
368,34,SPNS2,MAML3,0.92067754
368,0,SPNS2,OTUD6B,0.9111853
368,8,SPNS2,ATAD1,0.9111853
368,128,SPNS2,APLP2,0.9111853
368,150,SPNS2,SORT1,0.9111853
368,396,SPNS2,RUVBL2,0.9111853
368,432,SPNS2,HDC,0.9111853
368,514,SPNS2,PAK1,0.9111853
368,519,SPNS2,AGPS,0.9111853
368,524,SPNS2,TBC1D10C,0.9111853
368,450,SPNS2,MAGED1,0.9109935
368,554,SPNS2,CDT1,0.910608
368,410,SPNS2,SMARCA2,0.9081983
368,475,SPNS2,BCL2,0.90350485
368,331,SPNS2,PIM2,0.903226
368,595,SPNS2,CSF3R,0.9014467
368,404,SPNS2,FTSJ3,0.9010561
368,199,SPNS2,E2F4,0.90102667
368,439,SPNS2,DDX20,0.9009492
368,209,SPNS2,ZBTB16,0.8990491
368,292,SPNS2,HDAC7,0.8919521
368,161,SPNS2,JARID2,0.8914763
368,82,SPNS2,RB1,0.8900177
368,255,SPNS2,CD74,0.88897115
368,289,SPNS2,GT(ROSA)26SOR,0.8888645
368,183,SPNS2,XAF1,0.88868773
368,200,SPNS2,IGTP,0.88868773
368,504,SPNS2,IFI44,0.88868773
368,609,SPNS2,UBA7,0.88868773
368,440,SPNS2,TMEM97,0.88773775
368,464,SPNS2,ZNRF2,0.88773775
368,73,SPNS2,RORC,0.88180554
368,210,SPNS2,PNO1,0.8808131
368,351,SPNS2,ERCC8,0.8803264
368,206,SPNS2,ZDHHC6,0.8797433
368,186,SPNS2,STT3B,0.8788826
368,50,SPNS2,NFAT5,0.8751177
368,486,SPNS2,NFKBIA,0.873528
368,137,SPNS2,MYCN,0.87284464
368,429,SPNS2,GFI1B,0.87173116
368,91,SPNS2,FCHO2,0.87170565
368,402,SPNS2,EIF1AD,0.8699973
368,136,SPNS2,TACC3,0.8682079
368,33,SPNS2,CSTF2,0.86458254
368,537,SPNS2,TXNDC11,0.86421275
368,611,SPNS2,ZEB2,0.86421275
368,590,SPNS2,IL12A,0.86197597
368,177,SPNS2,RELB,0.85697836
368,363,SPNS2,MYC,0.85679543
457,28,SPNS3,NFE2,0.8983655
457,357,SPNS3,MEIS1,0.8964847
457,78,SPNS3,MECOM,0.8962374
457,137,SPNS3,MYCN,0.89262396
457,57,SPNS3,OASL2,0.89194083
457,200,SPNS3,IGTP,0.89110327
457,609,SPNS3,UBA7,0.89110327
457,504,SPNS3,IFI44,0.8910898
457,410,SPNS3,SMARCA2,0.88990325
457,283,SPNS3,EGR1,0.88864714
457,564,SPNS3,MFNG,0.88849646
457,595,SPNS3,CSF3R,0.88736826
457,0,SPNS3,OTUD6B,0.8873572
457,128,SPNS3,APLP2,0.8873572
457,136,SPNS3,TACC3,0.8873572
457,150,SPNS3,SORT1,0.8873572
457,432,SPNS3,HDC,0.8873572
457,450,SPNS3,MAGED1,0.8873572
457,514,SPNS3,PAK1,0.8873572
457,519,SPNS3,AGPS,0.8873467
457,8,SPNS3,ATAD1,0.88726604
457,81,SPNS3,HDAC11,0.88636285
457,198,SPNS3,NDN,0.8857979
457,404,SPNS3,FTSJ3,0.8855358
457,33,SPNS3,CSTF2,0.8854538
457,263,SPNS3,JUN,0.884927
457,2,SPNS3,PPP1R15A,0.8849047
457,47,SPNS3,FGL2,0.8849047
457,146,SPNS3,SCARF1,0.8849047
457,194,SPNS3,GOLPH3,0.8849047
457,362,SPNS3,PTGS1,0.8849047
457,546,SPNS3,PROCR,0.8849047
457,622,SPNS3,KRT18,0.8849047
457,190,SPNS3,RAD51,0.8843264
457,553,SPNS3,DHFR,0.8843264
457,367,SPNS3,HCFC1,0.88415396
457,394,SPNS3,MAPK1,0.8838468
457,251,SPNS3,IRF6,0.8836629
457,486,SPNS3,NFKBIA,0.88339585
457,34,SPNS3,MAML3,0.88338006
457,554,SPNS3,CDT1,0.88287765
457,590,SPNS3,IL12A,0.88245153
457,210,SPNS3,PNO1,0.8824361
457,140,SPNS3,ANXA3,0.88234997
457,232,SPNS3,ICAM1,0.8820425
457,464,SPNS3,ZNRF2,0.8819445
457,177,SPNS3,RELB,0.8818608
457,161,SPNS3,JARID2,0.87992513
457,606,SPNS3,ELP2,0.8797057
457,429,SPNS3,GFI1B,0.8796055
371,396,SPO11,RUVBL2,0.8676733
371,0,SPO11,OTUD6B,0.86764437
371,8,SPO11,ATAD1,0.86764437
371,136,SPO11,TACC3,0.86764437
371,150,SPO11,SORT1,0.86764437
371,450,SPO11,MAGED1,0.86764437
371,519,SPO11,AGPS,0.86764437
371,524,SPO11,TBC1D10C,0.86764437
371,432,SPO11,HDC,0.86756957
371,595,SPO11,CSF3R,0.86756957
371,128,SPO11,APLP2,0.86741406
371,410,SPO11,SMARCA2,0.8670609
371,554,SPO11,CDT1,0.8544655
371,161,SPO11,JARID2,0.8502612
371,81,SPO11,HDAC11,0.8486737
371,429,SPO11,GFI1B,0.848463
371,209,SPO11,ZBTB16,0.8481607
371,289,SPO11,GT(ROSA)26SOR,0.8454493
371,440,SPO11,TMEM97,0.8444884
371,464,SPO11,ZNRF2,0.8444884
371,331,SPO11,PIM2,0.8443503
371,34,SPO11,MAML3,0.8405015
371,486,SPO11,NFKBIA,0.8401702
371,73,SPO11,RORC,0.839582
371,50,SPO11,NFAT5,0.83897567
371,292,SPO11,HDAC7,0.83279234
371,177,SPO11,RELB,0.8289625
371,28,SPO11,NFE2,0.82687485
371,33,SPO11,CSTF2,0.82595617
371,357,SPO11,MEIS1,0.8249501
371,475,SPO11,BCL2,0.82253647
371,363,SPO11,MYC,0.8210046
371,183,SPO11,XAF1,0.81918466
371,504,SPO11,IFI44,0.81918466
371,609,SPO11,UBA7,0.81918466
371,210,SPO11,PNO1,0.81903905
371,200,SPO11,IGTP,0.81869537
371,590,SPO11,IL12A,0.8181983
371,318,SPO11,GANAB,0.81620413
371,78,SPO11,MECOM,0.8153531
371,367,SPO11,HCFC1,0.81401014
371,277,SPO11,RTP4,0.8108257
371,57,SPO11,OASL2,0.810824
371,283,SPO11,EGR1,0.8046875
371,29,SPO11,IKZF1,0.803517
371,186,SPO11,STT3B,0.7986995
371,404,SPO11,FTSJ3,0.7985606
371,488,SPO11,FGFR1OP,0.79833704
371,559,SPO11,RUNX1T1,0.7950951
371,426,SPO11,PRPF4,0.7945423
375,410,SRSF1,SMARCA2,0.92331827
375,404,SRSF1,FTSJ3,0.9217596
375,554,SRSF1,CDT1,0.92171204
375,429,SRSF1,GFI1B,0.9180374
375,440,SRSF1,TMEM97,0.9178432
375,464,SRSF1,ZNRF2,0.9178432
375,81,SRSF1,HDAC11,0.9178352
375,396,SRSF1,RUVBL2,0.91727287
375,199,SRSF1,E2F4,0.917219
375,0,SRSF1,OTUD6B,0.9171866
375,8,SRSF1,ATAD1,0.9171866
375,136,SRSF1,TACC3,0.9171866
375,150,SRSF1,SORT1,0.9171866
375,450,SRSF1,MAGED1,0.9171866
375,519,SRSF1,AGPS,0.9171866
375,524,SRSF1,TBC1D10C,0.9171866
375,432,SRSF1,HDC,0.91716045
375,595,SRSF1,CSF3R,0.91716045
375,128,SRSF1,APLP2,0.9171393
375,210,SRSF1,PNO1,0.91510266
375,161,SRSF1,JARID2,0.91487664
375,331,SRSF1,PIM2,0.91385424
375,289,SRSF1,GT(ROSA)26SOR,0.9131092
375,73,SRSF1,RORC,0.91141194
375,183,SRSF1,XAF1,0.91012305
375,504,SRSF1,IFI44,0.91012305
375,609,SRSF1,UBA7,0.91012305
375,200,SRSF1,IGTP,0.9099785
375,34,SRSF1,MAML3,0.90735996
375,486,SRSF1,NFKBIA,0.90413207
375,209,SRSF1,ZBTB16,0.9035893
375,50,SRSF1,NFAT5,0.9030558
375,137,SRSF1,MYCN,0.902796
375,78,SRSF1,MECOM,0.902657
375,177,SRSF1,RELB,0.9004054
375,67,SRSF1,HDAC2,0.90029514
375,33,SRSF1,CSTF2,0.8992007
375,292,SRSF1,HDAC7,0.89853984
375,402,SRSF1,EIF1AD,0.8984617
375,318,SRSF1,GANAB,0.89744014
375,590,SRSF1,IL12A,0.89677095
375,367,SRSF1,HCFC1,0.89655685
375,475,SRSF1,BCL2,0.895698
375,263,SRSF1,JUN,0.89535904
375,357,SRSF1,MEIS1,0.8953534
375,28,SRSF1,NFE2,0.8947441
375,277,SRSF1,RTP4,0.89448166
375,57,SRSF1,OASL2,0.8944798
375,363,SRSF1,MYC,0.89325434
375,29,SRSF1,IKZF1,0.8923174
487,8,SSH3,ATAD1,0.90148413
487,28,SSH3,NFE2,0.8983655
487,357,SSH3,MEIS1,0.89649427
487,78,SSH3,MECOM,0.8962374
487,504,SSH3,IFI44,0.8933047
487,137,SSH3,MYCN,0.89262396
487,57,SSH3,OASL2,0.89194083
487,277,SSH3,RTP4,0.89194053
487,183,SSH3,XAF1,0.89110327
487,200,SSH3,IGTP,0.89110327
487,609,SSH3,UBA7,0.89110327
487,283,SSH3,EGR1,0.88864714
487,518,SSH3,PHF10,0.8876415
487,0,SSH3,OTUD6B,0.8873572
487,128,SSH3,APLP2,0.8873572
487,136,SSH3,TACC3,0.8873572
487,150,SSH3,SORT1,0.8873572
487,432,SSH3,HDC,0.8873572
487,450,SSH3,MAGED1,0.8873572
487,514,SSH3,PAK1,0.8873572
487,524,SSH3,TBC1D10C,0.8873572
487,519,SSH3,AGPS,0.8865798
487,81,SSH3,HDAC11,0.88615227
487,198,SSH3,NDN,0.8857979
487,404,SSH3,FTSJ3,0.8855358
487,33,SSH3,CSTF2,0.8854538
487,2,SSH3,PPP1R15A,0.88500047
487,47,SSH3,FGL2,0.88500047
487,263,SSH3,JUN,0.884927
487,140,SSH3,ANXA3,0.8849047
487,146,SSH3,SCARF1,0.8849047
487,194,SSH3,GOLPH3,0.8849047
487,362,SSH3,PTGS1,0.8849047
487,441,SSH3,EBF1,0.8849047
487,546,SSH3,PROCR,0.8849047
487,622,SSH3,KRT18,0.8849047
487,410,SSH3,SMARCA2,0.8848682
487,564,SSH3,MFNG,0.88467485
487,190,SSH3,RAD51,0.8843264
487,553,SSH3,DHFR,0.8843264
487,367,SSH3,HCFC1,0.88415396
487,394,SSH3,MAPK1,0.8838468
487,595,SSH3,CSF3R,0.8838291
487,251,SSH3,IRF6,0.8836629
487,34,SSH3,MAML3,0.8834213
487,486,SSH3,NFKBIA,0.8832411
487,554,SSH3,CDT1,0.88287765
487,590,SSH3,IL12A,0.8825385
487,210,SSH3,PNO1,0.8824361
487,232,SSH3,ICAM1,0.8822789
329,28,ST6GALNAC4,NFE2,0.8983655
329,78,ST6GALNAC4,MECOM,0.89782435
329,357,ST6GALNAC4,MEIS1,0.89648074
329,81,ST6GALNAC4,HDAC11,0.8953806
329,137,ST6GALNAC4,MYCN,0.89262396
329,57,ST6GALNAC4,OASL2,0.89197475
329,277,ST6GALNAC4,RTP4,0.89194053
329,200,ST6GALNAC4,IGTP,0.89110327
329,504,ST6GALNAC4,IFI44,0.89110327
329,609,ST6GALNAC4,UBA7,0.89110327
329,183,ST6GALNAC4,XAF1,0.89103085
329,410,ST6GALNAC4,SMARCA2,0.88990325
329,73,ST6GALNAC4,RORC,0.88936245
329,283,ST6GALNAC4,EGR1,0.88864714
329,518,ST6GALNAC4,PHF10,0.88764507
329,362,ST6GALNAC4,PTGS1,0.8876097
329,0,ST6GALNAC4,OTUD6B,0.8874749
329,8,ST6GALNAC4,ATAD1,0.8873572
329,128,ST6GALNAC4,APLP2,0.8873572
329,136,ST6GALNAC4,TACC3,0.8873572
329,150,ST6GALNAC4,SORT1,0.8873572
329,396,ST6GALNAC4,RUVBL2,0.8873572
329,450,ST6GALNAC4,MAGED1,0.8873572
329,519,ST6GALNAC4,AGPS,0.8873572
329,595,ST6GALNAC4,CSF3R,0.8873572
329,524,ST6GALNAC4,TBC1D10C,0.8872543
329,198,ST6GALNAC4,NDN,0.8857979
329,404,ST6GALNAC4,FTSJ3,0.8855076
329,33,ST6GALNAC4,CSTF2,0.8854538
329,140,ST6GALNAC4,ANXA3,0.88500047
329,47,ST6GALNAC4,FGL2,0.88494617
329,263,ST6GALNAC4,JUN,0.884927
329,2,ST6GALNAC4,PPP1R15A,0.8849047
329,194,ST6GALNAC4,GOLPH3,0.8849047
329,441,ST6GALNAC4,EBF1,0.8849047
329,546,ST6GALNAC4,PROCR,0.8849047
329,622,ST6GALNAC4,KRT18,0.8849047
329,564,ST6GALNAC4,MFNG,0.88467485
329,190,ST6GALNAC4,RAD51,0.8843264
329,553,ST6GALNAC4,DHFR,0.8843264
329,367,ST6GALNAC4,HCFC1,0.88415396
329,394,ST6GALNAC4,MAPK1,0.8838468
329,251,ST6GALNAC4,IRF6,0.8836536
329,34,ST6GALNAC4,MAML3,0.8834213
329,486,ST6GALNAC4,NFKBIA,0.88339585
329,554,ST6GALNAC4,CDT1,0.88287765
329,590,ST6GALNAC4,IL12A,0.88253915
329,210,ST6GALNAC4,PNO1,0.8824361
329,232,ST6GALNAC4,ICAM1,0.88227135
329,440,ST6GALNAC4,TMEM97,0.8819445
427,404,ST8SIA4,FTSJ3,0.92645735
427,554,ST8SIA4,CDT1,0.9250601
427,410,ST8SIA4,SMARCA2,0.9250449
427,199,ST8SIA4,E2F4,0.9215901
427,81,ST8SIA4,HDAC11,0.9205157
427,429,ST8SIA4,GFI1B,0.91966546
427,432,ST8SIA4,HDC,0.9193789
427,0,ST8SIA4,OTUD6B,0.9191567
427,8,ST8SIA4,ATAD1,0.9191015
427,128,ST8SIA4,APLP2,0.9191015
427,136,ST8SIA4,TACC3,0.9191015
427,150,ST8SIA4,SORT1,0.9191015
427,450,ST8SIA4,MAGED1,0.9191015
427,514,ST8SIA4,PAK1,0.9191015
427,519,ST8SIA4,AGPS,0.9191015
427,524,ST8SIA4,TBC1D10C,0.9191015
427,595,ST8SIA4,CSF3R,0.9191015
427,396,ST8SIA4,RUVBL2,0.91903824
427,331,ST8SIA4,PIM2,0.9172491
427,440,ST8SIA4,TMEM97,0.9172281
427,161,ST8SIA4,JARID2,0.9160832
427,210,ST8SIA4,PNO1,0.91492283
427,289,ST8SIA4,GT(ROSA)26SOR,0.9143317
427,255,ST8SIA4,CD74,0.9142929
427,183,ST8SIA4,XAF1,0.91256326
427,200,ST8SIA4,IGTP,0.91256326
427,609,ST8SIA4,UBA7,0.91256326
427,504,ST8SIA4,IFI44,0.91255885
427,464,ST8SIA4,ZNRF2,0.91158277
427,73,ST8SIA4,RORC,0.9109954
427,34,ST8SIA4,MAML3,0.9097515
427,351,ST8SIA4,ERCC8,0.90640014
427,209,ST8SIA4,ZBTB16,0.90570694
427,402,ST8SIA4,EIF1AD,0.9036869
427,486,ST8SIA4,NFKBIA,0.9035673
427,475,ST8SIA4,BCL2,0.8971629
427,292,ST8SIA4,HDAC7,0.8959851
427,67,ST8SIA4,HDAC2,0.8959282
427,186,ST8SIA4,STT3B,0.8952846
427,137,ST8SIA4,MYCN,0.89419895
427,177,ST8SIA4,RELB,0.89408857
427,590,ST8SIA4,IL12A,0.89405036
427,318,ST8SIA4,GANAB,0.89255047
427,277,ST8SIA4,RTP4,0.89254403
427,57,ST8SIA4,OASL2,0.89254117
427,78,ST8SIA4,MECOM,0.89075524
427,357,ST8SIA4,MEIS1,0.88982016
427,363,ST8SIA4,MYC,0.88963294
427,165,ST8SIA4,GTF2H1,0.88947946
427,28,ST8SIA4,NFE2,0.88920206
474,28,STARD7,NFE2,0.8983655
474,357,STARD7,MEIS1,0.89649427
474,78,STARD7,MECOM,0.8962374
474,137,STARD7,MYCN,0.89262396
474,57,STARD7,OASL2,0.89194083
474,277,STARD7,RTP4,0.89193696
474,161,STARD7,JARID2,0.8915944
474,183,STARD7,XAF1,0.8911414
474,200,STARD7,IGTP,0.89110327
474,504,STARD7,IFI44,0.89110327
474,609,STARD7,UBA7,0.8910734
474,410,STARD7,SMARCA2,0.8899257
474,283,STARD7,EGR1,0.88864714
474,518,STARD7,PHF10,0.88764507
474,514,STARD7,PAK1,0.8873907
474,0,STARD7,OTUD6B,0.8873785
474,136,STARD7,TACC3,0.8873785
474,8,STARD7,ATAD1,0.8873572
474,150,STARD7,SORT1,0.8873572
474,396,STARD7,RUVBL2,0.8873572
474,432,STARD7,HDC,0.8873572
474,450,STARD7,MAGED1,0.8873572
474,524,STARD7,TBC1D10C,0.8873572
474,81,STARD7,HDAC11,0.88636285
474,198,STARD7,NDN,0.8857979
474,404,STARD7,FTSJ3,0.8855358
474,33,STARD7,CSTF2,0.8854538
474,2,STARD7,PPP1R15A,0.8849424
474,146,STARD7,SCARF1,0.8849424
474,47,STARD7,FGL2,0.8849047
474,140,STARD7,ANXA3,0.8849047
474,194,STARD7,GOLPH3,0.8849047
474,362,STARD7,PTGS1,0.8849047
474,441,STARD7,EBF1,0.8849047
474,546,STARD7,PROCR,0.8849047
474,622,STARD7,KRT18,0.8849047
474,564,STARD7,MFNG,0.88467485
474,190,STARD7,RAD51,0.8843264
474,553,STARD7,DHFR,0.8843264
474,367,STARD7,HCFC1,0.88415396
474,394,STARD7,MAPK1,0.8838468
474,251,STARD7,IRF6,0.8836629
474,34,STARD7,MAML3,0.8834213
474,486,STARD7,NFKBIA,0.88339585
474,554,STARD7,CDT1,0.88290805
474,590,STARD7,IL12A,0.88253915
474,210,STARD7,PNO1,0.8824361
474,232,STARD7,ICAM1,0.88227135
474,440,STARD7,TMEM97,0.8819445
474,464,STARD7,ZNRF2,0.8819445
79,554,STAT2,CDT1,0.9229318
79,210,STAT2,PNO1,0.9221449
79,440,STAT2,TMEM97,0.92208093
79,464,STAT2,ZNRF2,0.92208093
79,429,STAT2,GFI1B,0.9214814
79,404,STAT2,FTSJ3,0.92090726
79,161,STAT2,JARID2,0.9201475
79,199,STAT2,E2F4,0.91836697
79,514,STAT2,PAK1,0.91774863
79,0,STAT2,OTUD6B,0.9176412
79,8,STAT2,ATAD1,0.9176412
79,128,STAT2,APLP2,0.9176412
79,150,STAT2,SORT1,0.9176412
79,432,STAT2,HDC,0.9176412
79,519,STAT2,AGPS,0.9176412
79,595,STAT2,CSF3R,0.91751134
79,73,STAT2,RORC,0.9172749
79,200,STAT2,IGTP,0.9171409
79,504,STAT2,IFI44,0.9171409
79,609,STAT2,UBA7,0.9171409
79,396,STAT2,RUVBL2,0.9170274
79,183,STAT2,XAF1,0.91700923
79,289,STAT2,GT(ROSA)26SOR,0.9168436
79,255,STAT2,CD74,0.9167551
79,81,STAT2,HDAC11,0.9161683
79,410,STAT2,SMARCA2,0.9145363
79,78,STAT2,MECOM,0.9140072
79,331,STAT2,PIM2,0.9139025
79,137,STAT2,MYCN,0.91196007
79,67,STAT2,HDAC2,0.9113032
79,450,STAT2,MAGED1,0.9099681
79,524,STAT2,TBC1D10C,0.9099681
79,50,STAT2,NFAT5,0.90963674
79,177,STAT2,RELB,0.9095845
79,33,STAT2,CSTF2,0.9084289
79,318,STAT2,GANAB,0.9074993
79,263,STAT2,JUN,0.9066431
79,277,STAT2,RTP4,0.90518165
79,57,STAT2,OASL2,0.90518
79,590,STAT2,IL12A,0.90508485
79,34,STAT2,MAML3,0.9050495
79,357,STAT2,MEIS1,0.9049583
79,28,STAT2,NFE2,0.90435296
79,363,STAT2,MYC,0.9034308
79,209,STAT2,ZBTB16,0.90236723
79,488,STAT2,FGFR1OP,0.90190387
79,351,STAT2,ERCC8,0.9003172
79,580,STAT2,MLLT3,0.89963114
79,402,STAT2,EIF1AD,0.8988376
79,559,STAT2,RUNX1T1,0.8978328
186,439,STT3B,DDX20,0.9270731
186,611,STT3B,ZEB2,0.92519706
186,91,STT3B,FCHO2,0.92511386
186,537,STT3B,TXNDC11,0.92511386
186,292,STT3B,HDAC7,0.9249997
186,82,STT3B,RB1,0.9152094
186,226,STT3B,POLR2B,0.90962595
186,34,STT3B,MAML3,0.9037364
186,0,STT3B,OTUD6B,0.8835427
186,81,STT3B,HDAC11,0.8769976
186,475,STT3B,BCL2,0.8653491
186,206,STT3B,ZDHHC6,0.86233264
186,209,STT3B,ZBTB16,0.86100227
186,621,STT3B,SNRPB,0.8582201
186,299,STT3B,ORC2,0.85616255
186,534,STT3B,MORC3,0.8507139
186,74,STT3B,TOP2A,0.8486258
186,8,STT3B,ATAD1,0.8461069
186,150,STT3B,SORT1,0.8461069
186,450,STT3B,MAGED1,0.8461069
186,514,STT3B,PAK1,0.8461069
186,519,STT3B,AGPS,0.8461069
186,524,STT3B,TBC1D10C,0.8461069
186,595,STT3B,CSF3R,0.8461069
186,128,STT3B,APLP2,0.8460765
186,290,STT3B,POLD1,0.84525615
186,189,STT3B,MCM5,0.8421809
186,21,STT3B,RRM1,0.84063065
186,279,STT3B,AURKB,0.8311992
186,432,STT3B,HDC,0.8266694
186,246,STT3B,TK1,0.8265211
186,351,STT3B,ERCC8,0.82552713
186,554,STT3B,CDT1,0.8216865
186,500,STT3B,MCM3,0.82056314
186,86,STT3B,RANGAP1,0.81947106
186,345,STT3B,UHRF1,0.8143857
186,323,STT3B,MCM4,0.8136775
186,399,STT3B,RRM2,0.81083596
186,561,STT3B,MCM7,0.8098679
186,331,STT3B,PIM2,0.8088979
186,204,STT3B,MCM2,0.8084017
186,297,STT3B,LIG1,0.8083558
186,410,STT3B,SMARCA2,0.80698115
186,266,STT3B,MSH6,0.80373716
186,464,STT3B,ZNRF2,0.8031276
186,273,STT3B,FIGNL1,0.8027705
186,182,STT3B,RPA1,0.8026452
186,53,STT3B,ORC6,0.8026423
186,350,STT3B,MCM6,0.8015667
186,478,STT3B,MKI67,0.79698884
144,28,STXBP4,NFE2,0.8983655
144,78,STXBP4,MECOM,0.8962374
144,137,STXBP4,MYCN,0.89262396
144,277,STXBP4,RTP4,0.89194053
144,57,STXBP4,OASL2,0.89192724
144,183,STXBP4,XAF1,0.89111525
144,200,STXBP4,IGTP,0.89110327
144,504,STXBP4,IFI44,0.89110327
144,609,STXBP4,UBA7,0.89110327
144,410,STXBP4,SMARCA2,0.8899257
144,357,STXBP4,MEIS1,0.88881505
144,283,STXBP4,EGR1,0.88864714
144,0,STXBP4,OTUD6B,0.8874021
144,432,STXBP4,HDC,0.88736963
144,128,STXBP4,APLP2,0.8873572
144,136,STXBP4,TACC3,0.8873572
144,150,STXBP4,SORT1,0.8873572
144,396,STXBP4,RUVBL2,0.8873572
144,450,STXBP4,MAGED1,0.8873572
144,519,STXBP4,AGPS,0.8873572
144,524,STXBP4,TBC1D10C,0.8873572
144,595,STXBP4,CSF3R,0.8873572
144,8,STXBP4,ATAD1,0.8873467
144,514,STXBP4,PAK1,0.8872954
144,81,STXBP4,HDAC11,0.88636285
144,198,STXBP4,NDN,0.8857979
144,404,STXBP4,FTSJ3,0.8855358
144,33,STXBP4,CSTF2,0.8854538
144,362,STXBP4,PTGS1,0.88497007
144,263,STXBP4,JUN,0.884927
144,140,STXBP4,ANXA3,0.8849264
144,146,STXBP4,SCARF1,0.8849264
144,2,STXBP4,PPP1R15A,0.8849098
144,47,STXBP4,FGL2,0.8849047
144,194,STXBP4,GOLPH3,0.8849047
144,441,STXBP4,EBF1,0.8849047
144,546,STXBP4,PROCR,0.8849047
144,622,STXBP4,KRT18,0.8849047
144,564,STXBP4,MFNG,0.88467485
144,190,STXBP4,RAD51,0.8843264
144,553,STXBP4,DHFR,0.8843264
144,367,STXBP4,HCFC1,0.88415396
144,394,STXBP4,MAPK1,0.8838468
144,251,STXBP4,IRF6,0.8836629
144,34,STXBP4,MAML3,0.8834213
144,486,STXBP4,NFKBIA,0.88339585
144,554,STXBP4,CDT1,0.88286567
144,210,STXBP4,PNO1,0.8824361
144,232,STXBP4,ICAM1,0.88227135
144,464,STXBP4,ZNRF2,0.88201284
136,34,TACC3,MAML3,0.9107884
136,292,TACC3,HDAC7,0.9066262
136,81,TACC3,HDAC11,0.8992233
136,439,TACC3,DDX20,0.8988328
136,209,TACC3,ZBTB16,0.8941064
136,0,TACC3,OTUD6B,0.8855611
136,8,TACC3,ATAD1,0.88552964
136,128,TACC3,APLP2,0.88552964
136,150,TACC3,SORT1,0.88552964
136,396,TACC3,RUVBL2,0.88552964
136,450,TACC3,MAGED1,0.88552964
136,519,TACC3,AGPS,0.88552964
136,524,TACC3,TBC1D10C,0.88552964
136,595,TACC3,CSF3R,0.8855005
136,82,TACC3,RB1,0.8816452
136,475,TACC3,BCL2,0.8811512
136,404,TACC3,FTSJ3,0.8804702
136,186,TACC3,STT3B,0.8761371
136,432,TACC3,HDC,0.8759574
136,554,TACC3,CDT1,0.8755969
136,331,TACC3,PIM2,0.86625177
136,410,TACC3,SMARCA2,0.8660584
136,351,TACC3,ERCC8,0.86564934
136,206,TACC3,ZDHHC6,0.86248285
136,91,TACC3,FCHO2,0.8623452
136,537,TACC3,TXNDC11,0.8623452
136,611,TACC3,ZEB2,0.8623452
136,199,TACC3,E2F4,0.85435295
136,429,TACC3,GFI1B,0.8534257
136,534,TACC3,MORC3,0.8442072
136,161,TACC3,JARID2,0.8398343
136,255,TACC3,CD74,0.83664834
136,440,TACC3,TMEM97,0.8357437
136,464,TACC3,ZNRF2,0.8355943
136,289,TACC3,GT(ROSA)26SOR,0.83452505
136,514,TACC3,PAK1,0.8252649
136,402,TACC3,EIF1AD,0.8247447
136,50,TACC3,NFAT5,0.81886595
136,73,TACC3,RORC,0.8147692
136,486,TACC3,NFKBIA,0.80696225
136,226,TACC3,POLR2B,0.79675394
136,33,TACC3,CSTF2,0.7776591
136,183,TACC3,XAF1,0.7766191
136,200,TACC3,IGTP,0.7766191
136,609,TACC3,UBA7,0.7766191
136,504,TACC3,IFI44,0.7765169
136,216,TACC3,CUL3,0.7750254
136,177,TACC3,RELB,0.77151465
136,363,TACC3,MYC,0.77066284
136,210,TACC3,PNO1,0.7676883
364,81,TAF12,HDAC11,0.9279094
364,34,TAF12,MAML3,0.9263805
364,554,TAF12,CDT1,0.91880715
364,0,TAF12,OTUD6B,0.9163305
364,8,TAF12,ATAD1,0.9163305
364,128,TAF12,APLP2,0.9163305
364,150,TAF12,SORT1,0.9163305
364,396,TAF12,RUVBL2,0.9163305
364,432,TAF12,HDC,0.9163305
364,514,TAF12,PAK1,0.9163305
364,519,TAF12,AGPS,0.9163305
364,524,TAF12,TBC1D10C,0.9163305
364,450,TAF12,MAGED1,0.916235
364,410,TAF12,SMARCA2,0.9143204
364,331,TAF12,PIM2,0.9128427
364,199,TAF12,E2F4,0.9123286
364,404,TAF12,FTSJ3,0.91132873
364,475,TAF12,BCL2,0.9112045
364,209,TAF12,ZBTB16,0.9077092
364,595,TAF12,CSF3R,0.9065628
364,439,TAF12,DDX20,0.90462136
364,161,TAF12,JARID2,0.90056807
364,183,TAF12,XAF1,0.89766216
364,200,TAF12,IGTP,0.89766216
364,504,TAF12,IFI44,0.89766216
364,609,TAF12,UBA7,0.89766216
364,255,TAF12,CD74,0.89642376
364,289,TAF12,GT(ROSA)26SOR,0.8963839
364,82,TAF12,RB1,0.89626026
364,292,TAF12,HDAC7,0.8954227
364,351,TAF12,ERCC8,0.89292526
364,440,TAF12,TMEM97,0.89247197
364,464,TAF12,ZNRF2,0.89247197
364,186,TAF12,STT3B,0.89139014
364,73,TAF12,RORC,0.8867557
364,210,TAF12,PNO1,0.8866588
364,137,TAF12,MYCN,0.8849705
364,486,TAF12,NFKBIA,0.8841409
364,402,TAF12,EIF1AD,0.8823096
364,50,TAF12,NFAT5,0.88205886
364,429,TAF12,GFI1B,0.8789394
364,206,TAF12,ZDHHC6,0.8789005
364,33,TAF12,CSTF2,0.8748157
364,136,TAF12,TACC3,0.87358266
364,91,TAF12,FCHO2,0.87306833
364,590,TAF12,IL12A,0.86922836
364,363,TAF12,MYC,0.8671873
364,537,TAF12,TXNDC11,0.865528
364,611,TAF12,ZEB2,0.865528
364,177,TAF12,RELB,0.86252016
300,81,TARS,HDAC11,0.9249149
300,519,TARS,AGPS,0.92394483
300,554,TARS,CDT1,0.92206335
300,450,TARS,MAGED1,0.9197137
300,8,TARS,ATAD1,0.919706
300,128,TARS,APLP2,0.919706
300,136,TARS,TACC3,0.919706
300,150,TARS,SORT1,0.919706
300,432,TARS,HDC,0.919706
300,524,TARS,TBC1D10C,0.919706
300,595,TARS,CSF3R,0.919706
300,34,TARS,MAML3,0.9187053
300,199,TARS,E2F4,0.9176056
300,331,TARS,PIM2,0.9154584
300,404,TARS,FTSJ3,0.9153777
300,351,TARS,ERCC8,0.9131272
300,183,TARS,XAF1,0.91126215
300,200,TARS,IGTP,0.91126215
300,504,TARS,IFI44,0.91126215
300,609,TARS,UBA7,0.91126215
300,410,TARS,SMARCA2,0.90976894
300,475,TARS,BCL2,0.9079023
300,161,TARS,JARID2,0.90677285
300,292,TARS,HDAC7,0.90639305
300,396,TARS,RUVBL2,0.90525913
300,255,TARS,CD74,0.9043453
300,289,TARS,GT(ROSA)26SOR,0.9043453
300,209,TARS,ZBTB16,0.9040416
300,186,TARS,STT3B,0.9040256
300,440,TARS,TMEM97,0.9033778
300,464,TARS,ZNRF2,0.9033778
300,0,TARS,OTUD6B,0.90127313
300,210,TARS,PNO1,0.90057766
300,137,TARS,MYCN,0.8999061
300,50,TARS,NFAT5,0.8926839
300,486,TARS,NFKBIA,0.89182293
300,439,TARS,DDX20,0.89114255
300,402,TARS,EIF1AD,0.88912225
300,82,TARS,RB1,0.88470775
300,580,TARS,MLLT3,0.8816514
300,293,TARS,IRF7,0.87872267
300,177,TARS,RELB,0.87808144
300,67,TARS,HDAC2,0.8775735
300,78,TARS,MECOM,0.8775579
300,277,TARS,RTP4,0.8772166
300,363,TARS,MYC,0.87721086
300,57,TARS,OASL2,0.8771398
300,318,TARS,GANAB,0.87691057
300,357,TARS,MEIS1,0.8746898
300,28,TARS,NFE2,0.8733366
524,34,TBC1D10C,MAML3,0.9107884
524,292,TBC1D10C,HDAC7,0.9066262
524,81,TBC1D10C,HDAC11,0.8992233
524,439,TBC1D10C,DDX20,0.8988328
524,209,TBC1D10C,ZBTB16,0.8941064
524,396,TBC1D10C,RUVBL2,0.8857102
524,450,TBC1D10C,MAGED1,0.88558245
524,128,TBC1D10C,APLP2,0.88552964
524,136,TBC1D10C,TACC3,0.88552964
524,514,TBC1D10C,PAK1,0.88552964
524,519,TBC1D10C,AGPS,0.88552964
524,595,TBC1D10C,CSF3R,0.88552964
524,82,TBC1D10C,RB1,0.8816452
524,475,TBC1D10C,BCL2,0.88118315
524,404,TBC1D10C,FTSJ3,0.8804702
524,186,TBC1D10C,STT3B,0.8761371
524,150,TBC1D10C,SORT1,0.8759574
524,554,TBC1D10C,CDT1,0.8755534
524,432,TBC1D10C,HDC,0.8713707
524,331,TBC1D10C,PIM2,0.86620355
524,410,TBC1D10C,SMARCA2,0.86591476
524,351,TBC1D10C,ERCC8,0.86564934
524,206,TBC1D10C,ZDHHC6,0.86259156
524,537,TBC1D10C,TXNDC11,0.8623452
524,611,TBC1D10C,ZEB2,0.8623452
524,91,TBC1D10C,FCHO2,0.8621163
524,0,TBC1D10C,OTUD6B,0.8578521
524,8,TBC1D10C,ATAD1,0.85448134
524,429,TBC1D10C,GFI1B,0.8534257
524,534,TBC1D10C,MORC3,0.8442006
524,161,TBC1D10C,JARID2,0.8400246
524,440,TBC1D10C,TMEM97,0.83570683
524,464,TBC1D10C,ZNRF2,0.83570683
524,255,TBC1D10C,CD74,0.83452505
524,289,TBC1D10C,GT(ROSA)26SOR,0.83452505
524,199,TBC1D10C,E2F4,0.8323694
524,402,TBC1D10C,EIF1AD,0.82477814
524,210,TBC1D10C,PNO1,0.8156397
524,73,TBC1D10C,RORC,0.8147692
524,486,TBC1D10C,NFKBIA,0.80696225
524,50,TBC1D10C,NFAT5,0.7993526
524,226,TBC1D10C,POLR2B,0.79675394
524,33,TBC1D10C,CSTF2,0.7948533
524,183,TBC1D10C,XAF1,0.77851874
524,318,TBC1D10C,GANAB,0.776701
524,200,TBC1D10C,IGTP,0.7766191
524,504,TBC1D10C,IFI44,0.7766191
524,216,TBC1D10C,CUL3,0.7741836
524,363,TBC1D10C,MYC,0.77066284
524,621,TBC1D10C,SNRPB,0.7622598
88,28,TBC1D5,NFE2,0.8983994
88,357,TBC1D5,MEIS1,0.89649683
88,78,TBC1D5,MECOM,0.89624065
88,137,TBC1D5,MYCN,0.8926277
88,277,TBC1D5,RTP4,0.8919774
88,57,TBC1D5,OASL2,0.89194375
88,200,TBC1D5,IGTP,0.89110667
88,504,TBC1D5,IFI44,0.89110667
88,609,TBC1D5,UBA7,0.89110667
88,183,TBC1D5,XAF1,0.8910589
88,410,TBC1D5,SMARCA2,0.8899311
88,283,TBC1D5,EGR1,0.88865
88,518,TBC1D5,PHF10,0.88764834
88,524,TBC1D5,TBC1D10C,0.887406
88,514,TBC1D5,PAK1,0.8873738
88,8,TBC1D5,ATAD1,0.8873613
88,128,TBC1D5,APLP2,0.8873613
88,136,TBC1D5,TACC3,0.8873613
88,150,TBC1D5,SORT1,0.8873613
88,396,TBC1D5,RUVBL2,0.8873613
88,432,TBC1D5,HDC,0.8873613
88,519,TBC1D5,AGPS,0.8873613
88,595,TBC1D5,CSF3R,0.8873613
88,0,TBC1D5,OTUD6B,0.88678944
88,81,TBC1D5,HDAC11,0.8863624
88,198,TBC1D5,NDN,0.88574505
88,404,TBC1D5,FTSJ3,0.88554037
88,33,TBC1D5,CSTF2,0.8854563
88,263,TBC1D5,JUN,0.88493025
88,441,TBC1D5,EBF1,0.8849128
88,2,TBC1D5,PPP1R15A,0.88490766
88,140,TBC1D5,ANXA3,0.88490766
88,146,TBC1D5,SCARF1,0.88490766
88,362,TBC1D5,PTGS1,0.88490766
88,546,TBC1D5,PROCR,0.88490766
88,622,TBC1D5,KRT18,0.8848875
88,194,TBC1D5,GOLPH3,0.8848231
88,564,TBC1D5,MFNG,0.884678
88,190,TBC1D5,RAD51,0.8843289
88,553,TBC1D5,DHFR,0.8843289
88,367,TBC1D5,HCFC1,0.88415706
88,394,TBC1D5,MAPK1,0.88385
88,450,TBC1D5,MAGED1,0.88383174
88,47,TBC1D5,FGL2,0.88380486
88,251,TBC1D5,IRF6,0.8836661
88,34,TBC1D5,MAML3,0.8834207
88,486,TBC1D5,NFKBIA,0.8833986
88,554,TBC1D5,CDT1,0.8828822
88,590,TBC1D5,IL12A,0.8825423
88,210,TBC1D5,PNO1,0.8824377
44,28,TBC1D9B,NFE2,0.8983655
44,357,TBC1D9B,MEIS1,0.89649427
44,78,TBC1D9B,MECOM,0.8962374
44,137,TBC1D9B,MYCN,0.89262396
44,57,TBC1D9B,OASL2,0.89194083
44,277,TBC1D9B,RTP4,0.89194053
44,183,TBC1D9B,XAF1,0.89110327
44,200,TBC1D9B,IGTP,0.89110327
44,504,TBC1D9B,IFI44,0.89110327
44,609,TBC1D9B,UBA7,0.89110327
44,410,TBC1D9B,SMARCA2,0.8899257
44,283,TBC1D9B,EGR1,0.88864714
44,518,TBC1D9B,PHF10,0.8876873
44,0,TBC1D9B,OTUD6B,0.88736826
44,8,TBC1D9B,ATAD1,0.8873572
44,128,TBC1D9B,APLP2,0.8873572
44,136,TBC1D9B,TACC3,0.8873572
44,150,TBC1D9B,SORT1,0.8873572
44,396,TBC1D9B,RUVBL2,0.8873572
44,432,TBC1D9B,HDC,0.8873572
44,450,TBC1D9B,MAGED1,0.8873572
44,514,TBC1D9B,PAK1,0.8873572
44,519,TBC1D9B,AGPS,0.8873572
44,524,TBC1D9B,TBC1D10C,0.8873572
44,595,TBC1D9B,CSF3R,0.8873572
44,81,TBC1D9B,HDAC11,0.88636285
44,198,TBC1D9B,NDN,0.8857979
44,404,TBC1D9B,FTSJ3,0.8855358
44,33,TBC1D9B,CSTF2,0.8854538
44,362,TBC1D9B,PTGS1,0.88497007
44,263,TBC1D9B,JUN,0.8849518
44,2,TBC1D9B,PPP1R15A,0.8849047
44,47,TBC1D9B,FGL2,0.8849047
44,140,TBC1D9B,ANXA3,0.8849047
44,146,TBC1D9B,SCARF1,0.8849047
44,194,TBC1D9B,GOLPH3,0.8849047
44,441,TBC1D9B,EBF1,0.8849047
44,546,TBC1D9B,PROCR,0.8849047
44,622,TBC1D9B,KRT18,0.8849047
44,564,TBC1D9B,MFNG,0.88467485
44,553,TBC1D9B,DHFR,0.8843264
44,367,TBC1D9B,HCFC1,0.88415396
44,394,TBC1D9B,MAPK1,0.8838468
44,251,TBC1D9B,IRF6,0.8836629
44,34,TBC1D9B,MAML3,0.8834213
44,486,TBC1D9B,NFKBIA,0.88339585
44,554,TBC1D9B,CDT1,0.88287765
44,590,TBC1D9B,IL12A,0.88253915
44,210,TBC1D9B,PNO1,0.8824892
44,232,TBC1D9B,ICAM1,0.88227135
275,357,TBL3,MEIS1,0.90223205
275,28,TBL3,NFE2,0.8983655
275,78,TBL3,MECOM,0.8962374
275,137,TBL3,MYCN,0.89261115
275,450,TBL3,MAGED1,0.8920358
275,277,TBL3,RTP4,0.89194053
275,57,TBL3,OASL2,0.89193445
275,183,TBL3,XAF1,0.89110327
275,200,TBL3,IGTP,0.89110327
275,504,TBL3,IFI44,0.89110327
275,609,TBL3,UBA7,0.89110327
275,410,TBL3,SMARCA2,0.8899257
275,283,TBL3,EGR1,0.8888141
275,441,TBL3,EBF1,0.88852304
275,518,TBL3,PHF10,0.88764507
275,396,TBL3,RUVBL2,0.8874749
275,514,TBL3,PAK1,0.8874021
275,0,TBL3,OTUD6B,0.8873572
275,8,TBL3,ATAD1,0.8873572
275,128,TBL3,APLP2,0.8873572
275,136,TBL3,TACC3,0.8873572
275,150,TBL3,SORT1,0.8873572
275,519,TBL3,AGPS,0.8873572
275,524,TBL3,TBC1D10C,0.8873572
275,432,TBL3,HDC,0.88720065
275,81,TBL3,HDAC11,0.88636285
275,198,TBL3,NDN,0.8857979
275,404,TBL3,FTSJ3,0.8855358
275,33,TBL3,CSTF2,0.8854538
275,263,TBL3,JUN,0.884927
275,362,TBL3,PTGS1,0.8849131
275,47,TBL3,FGL2,0.8849047
275,140,TBL3,ANXA3,0.8849047
275,194,TBL3,GOLPH3,0.8849047
275,146,TBL3,SCARF1,0.88488436
275,622,TBL3,KRT18,0.88483375
275,546,TBL3,PROCR,0.88477767
275,564,TBL3,MFNG,0.88467485
275,190,TBL3,RAD51,0.8843264
275,553,TBL3,DHFR,0.8843264
275,367,TBL3,HCFC1,0.88415396
275,394,TBL3,MAPK1,0.88377786
275,251,TBL3,IRF6,0.8836629
275,34,TBL3,MAML3,0.8834213
275,486,TBL3,NFKBIA,0.88339585
275,554,TBL3,CDT1,0.88287765
275,590,TBL3,IL12A,0.8825971
275,210,TBL3,PNO1,0.8824361
275,232,TBL3,ICAM1,0.88227135
275,440,TBL3,TMEM97,0.8819445
615,78,TBXAS1,MECOM,0.9062596
615,136,TBXAS1,TACC3,0.90148413
615,28,TBXAS1,NFE2,0.8982803
615,357,TBXAS1,MEIS1,0.89649427
615,137,TBXAS1,MYCN,0.89262396
615,57,TBXAS1,OASL2,0.89194083
615,277,TBXAS1,RTP4,0.89194053
615,183,TBXAS1,XAF1,0.89110327
615,200,TBXAS1,IGTP,0.89110327
615,609,TBXAS1,UBA7,0.89110327
615,504,TBXAS1,IFI44,0.8910681
615,410,TBXAS1,SMARCA2,0.8899257
615,283,TBXAS1,EGR1,0.8889533
615,518,TBXAS1,PHF10,0.88764507
615,450,TBXAS1,MAGED1,0.8874021
615,514,TBXAS1,PAK1,0.8874021
615,0,TBXAS1,OTUD6B,0.8873572
615,8,TBXAS1,ATAD1,0.8873572
615,396,TBXAS1,RUVBL2,0.8873572
615,432,TBXAS1,HDC,0.8873572
615,519,TBXAS1,AGPS,0.8873572
615,524,TBXAS1,TBC1D10C,0.8873572
615,394,TBXAS1,MAPK1,0.88674515
615,198,TBXAS1,NDN,0.8857979
615,404,TBXAS1,FTSJ3,0.8855358
615,33,TBXAS1,CSTF2,0.8854538
615,263,TBXAS1,JUN,0.88500607
615,546,TBXAS1,PROCR,0.88497007
615,146,TBXAS1,SCARF1,0.88491666
615,2,TBXAS1,PPP1R15A,0.8849047
615,47,TBXAS1,FGL2,0.8849047
615,140,TBXAS1,ANXA3,0.8849047
615,194,TBXAS1,GOLPH3,0.8849047
615,622,TBXAS1,KRT18,0.8849047
615,441,TBXAS1,EBF1,0.88477767
615,362,TBXAS1,PTGS1,0.88476795
615,564,TBXAS1,MFNG,0.88467485
615,190,TBXAS1,RAD51,0.8843264
615,553,TBXAS1,DHFR,0.8843264
615,251,TBXAS1,IRF6,0.8836629
615,34,TBXAS1,MAML3,0.8834213
615,486,TBXAS1,NFKBIA,0.88339585
615,554,TBXAS1,CDT1,0.882817
615,590,TBXAS1,IL12A,0.88253915
615,210,TBXAS1,PNO1,0.8823235
615,232,TBXAS1,ICAM1,0.88227135
615,429,TBXAS1,GFI1B,0.88213515
615,440,TBXAS1,TMEM97,0.8819445
615,464,TBXAS1,ZNRF2,0.8819445
615,177,TBXAS1,RELB,0.8818608
305,357,TCF19,MEIS1,0.89647377
305,78,TCF19,MECOM,0.8962197
305,137,TCF19,MYCN,0.89259523
305,28,TCF19,NFE2,0.8923882
305,277,TCF19,RTP4,0.8919176
305,57,TCF19,OASL2,0.89187473
305,183,TCF19,XAF1,0.8910816
305,200,TCF19,IGTP,0.8910816
305,504,TCF19,IFI44,0.8910816
305,609,TCF19,UBA7,0.8910816
305,410,TCF19,SMARCA2,0.8898876
305,283,TCF19,EGR1,0.88863575
305,518,TCF19,PHF10,0.88761395
305,150,TCF19,SORT1,0.88735193
305,432,TCF19,HDC,0.88735193
305,450,TCF19,MAGED1,0.88735193
305,514,TCF19,PAK1,0.88735193
305,519,TCF19,AGPS,0.88735193
305,524,TCF19,TBC1D10C,0.88735193
305,595,TCF19,CSF3R,0.88735193
305,396,TCF19,RUVBL2,0.8872778
305,136,TCF19,TACC3,0.8872368
305,81,TCF19,HDAC11,0.8863737
305,198,TCF19,NDN,0.8857028
305,404,TCF19,FTSJ3,0.88553315
305,8,TCF19,ATAD1,0.8851362
305,622,TCF19,KRT18,0.8849782
305,263,TCF19,JUN,0.8849089
305,140,TCF19,ANXA3,0.8848859
305,146,TCF19,SCARF1,0.8848859
305,194,TCF19,GOLPH3,0.8848859
305,362,TCF19,PTGS1,0.8848859
305,546,TCF19,PROCR,0.8848859
305,441,TCF19,EBF1,0.8848151
305,564,TCF19,MFNG,0.88464683
305,128,TCF19,APLP2,0.8843456
305,190,TCF19,RAD51,0.8843014
305,553,TCF19,DHFR,0.8843014
305,367,TCF19,HCFC1,0.88412946
305,394,TCF19,MAPK1,0.8838268
305,251,TCF19,IRF6,0.88364464
305,33,TCF19,CSTF2,0.88346094
305,486,TCF19,NFKBIA,0.8833699
305,554,TCF19,CDT1,0.8828712
305,210,TCF19,PNO1,0.8824466
305,232,TCF19,ICAM1,0.88229734
305,464,TCF19,ZNRF2,0.8819511
305,177,TCF19,RELB,0.88183457
305,34,TCF19,MAML3,0.8807742
305,559,TCF19,RUNX1T1,0.87993145
623,28,TCIRG1,NFE2,0.8983568
623,78,TCIRG1,MECOM,0.8962374
623,137,TCIRG1,MYCN,0.89262396
623,277,TCIRG1,RTP4,0.89194053
623,183,TCIRG1,XAF1,0.89110327
623,200,TCIRG1,IGTP,0.89110327
623,504,TCIRG1,IFI44,0.89110327
623,609,TCIRG1,UBA7,0.89110327
623,410,TCIRG1,SMARCA2,0.8899257
623,283,TCIRG1,EGR1,0.8889533
623,518,TCIRG1,PHF10,0.88764507
623,519,TCIRG1,AGPS,0.8874411
623,396,TCIRG1,RUVBL2,0.88736826
623,0,TCIRG1,OTUD6B,0.8873572
623,8,TCIRG1,ATAD1,0.8873572
623,128,TCIRG1,APLP2,0.8873572
623,136,TCIRG1,TACC3,0.8873572
623,150,TCIRG1,SORT1,0.8873572
623,432,TCIRG1,HDC,0.8873572
623,450,TCIRG1,MAGED1,0.8873572
623,514,TCIRG1,PAK1,0.8873572
623,394,TCIRG1,MAPK1,0.8871252
623,81,TCIRG1,HDAC11,0.88636285
623,198,TCIRG1,NDN,0.8857979
623,404,TCIRG1,FTSJ3,0.8855358
623,33,TCIRG1,CSTF2,0.8854538
623,263,TCIRG1,JUN,0.884927
623,2,TCIRG1,PPP1R15A,0.8849047
623,47,TCIRG1,FGL2,0.8849047
623,140,TCIRG1,ANXA3,0.8849047
623,146,TCIRG1,SCARF1,0.8849047
623,194,TCIRG1,GOLPH3,0.8849047
623,362,TCIRG1,PTGS1,0.8849047
623,441,TCIRG1,EBF1,0.8849047
623,546,TCIRG1,PROCR,0.8849047
623,622,TCIRG1,KRT18,0.8849047
623,564,TCIRG1,MFNG,0.88467485
623,190,TCIRG1,RAD51,0.8843264
623,553,TCIRG1,DHFR,0.8843264
623,367,TCIRG1,HCFC1,0.88415414
623,251,TCIRG1,IRF6,0.8836629
623,34,TCIRG1,MAML3,0.8834213
623,486,TCIRG1,NFKBIA,0.88339585
623,57,TCIRG1,OASL2,0.8832624
623,554,TCIRG1,CDT1,0.88287765
623,590,TCIRG1,IL12A,0.88253915
623,210,TCIRG1,PNO1,0.8824361
623,232,TCIRG1,ICAM1,0.88227135
623,464,TCIRG1,ZNRF2,0.88201267
623,440,TCIRG1,TMEM97,0.8819445
388,28,TCN2,NFE2,0.8983655
388,357,TCN2,MEIS1,0.89649427
388,78,TCN2,MECOM,0.8962374
388,137,TCN2,MYCN,0.89262396
388,277,TCN2,RTP4,0.89194053
388,57,TCN2,OASL2,0.8919242
388,183,TCN2,XAF1,0.89110327
388,200,TCN2,IGTP,0.89110327
388,504,TCN2,IFI44,0.89110327
388,609,TCN2,UBA7,0.89110327
388,410,TCN2,SMARCA2,0.8899257
388,283,TCN2,EGR1,0.88864714
388,518,TCN2,PHF10,0.88764507
388,0,TCN2,OTUD6B,0.8873907
388,8,TCN2,ATAD1,0.8873572
388,128,TCN2,APLP2,0.8873572
388,136,TCN2,TACC3,0.8873572
388,150,TCN2,SORT1,0.8873572
388,396,TCN2,RUVBL2,0.8873572
388,432,TCN2,HDC,0.8873572
388,450,TCN2,MAGED1,0.8873572
388,514,TCN2,PAK1,0.8873572
388,519,TCN2,AGPS,0.8873572
388,524,TCN2,TBC1D10C,0.8873572
388,595,TCN2,CSF3R,0.8873572
388,81,TCN2,HDAC11,0.88636285
388,198,TCN2,NDN,0.8857979
388,404,TCN2,FTSJ3,0.8855358
388,263,TCN2,JUN,0.884927
388,2,TCN2,PPP1R15A,0.8849047
388,47,TCN2,FGL2,0.8849047
388,146,TCN2,SCARF1,0.8849047
388,194,TCN2,GOLPH3,0.8849047
388,362,TCN2,PTGS1,0.8849047
388,441,TCN2,EBF1,0.8849047
388,546,TCN2,PROCR,0.8849047
388,622,TCN2,KRT18,0.8849047
388,564,TCN2,MFNG,0.88467485
388,190,TCN2,RAD51,0.8843264
388,553,TCN2,DHFR,0.8843264
388,367,TCN2,HCFC1,0.88415396
388,394,TCN2,MAPK1,0.8838468
388,251,TCN2,IRF6,0.8836629
388,34,TCN2,MAML3,0.8834213
388,486,TCN2,NFKBIA,0.88339585
388,590,TCN2,IL12A,0.88253915
388,210,TCN2,PNO1,0.8824361
388,232,TCN2,ICAM1,0.88227135
388,440,TCN2,TMEM97,0.8819445
388,464,TCN2,ZNRF2,0.8819445
213,28,TCP11L2,NFE2,0.8983655
213,357,TCP11L2,MEIS1,0.89649427
213,78,TCP11L2,MECOM,0.8962453
213,486,TCP11L2,NFKBIA,0.8930408
213,137,TCP11L2,MYCN,0.89262396
213,57,TCP11L2,OASL2,0.89194083
213,277,TCP11L2,RTP4,0.89194053
213,183,TCP11L2,XAF1,0.89110327
213,504,TCP11L2,IFI44,0.89110327
213,609,TCP11L2,UBA7,0.8910684
213,410,TCP11L2,SMARCA2,0.8899257
213,283,TCP11L2,EGR1,0.8889629
213,518,TCP11L2,PHF10,0.88764507
213,396,TCP11L2,RUVBL2,0.88738984
213,524,TCP11L2,TBC1D10C,0.88736963
213,0,TCP11L2,OTUD6B,0.8873572
213,128,TCP11L2,APLP2,0.8873572
213,136,TCP11L2,TACC3,0.8873572
213,150,TCP11L2,SORT1,0.8873572
213,432,TCP11L2,HDC,0.8873572
213,450,TCP11L2,MAGED1,0.8873572
213,514,TCP11L2,PAK1,0.8873572
213,519,TCP11L2,AGPS,0.8873572
213,595,TCP11L2,CSF3R,0.8873572
213,8,TCP11L2,ATAD1,0.8867853
213,81,TCP11L2,HDAC11,0.8862418
213,198,TCP11L2,NDN,0.8857979
213,404,TCP11L2,FTSJ3,0.88552386
213,33,TCP11L2,CSTF2,0.88545334
213,263,TCP11L2,JUN,0.88491774
213,2,TCP11L2,PPP1R15A,0.8849047
213,47,TCP11L2,FGL2,0.8849047
213,140,TCP11L2,ANXA3,0.8849047
213,146,TCP11L2,SCARF1,0.8849047
213,194,TCP11L2,GOLPH3,0.8849047
213,362,TCP11L2,PTGS1,0.8849047
213,441,TCP11L2,EBF1,0.8849047
213,622,TCP11L2,KRT18,0.8849047
213,564,TCP11L2,MFNG,0.88467485
213,190,TCP11L2,RAD51,0.8843264
213,553,TCP11L2,DHFR,0.8843264
213,367,TCP11L2,HCFC1,0.88415396
213,394,TCP11L2,MAPK1,0.8838395
213,251,TCP11L2,IRF6,0.8836629
213,34,TCP11L2,MAML3,0.8833414
213,554,TCP11L2,CDT1,0.88287765
213,590,TCP11L2,IL12A,0.88253915
213,210,TCP11L2,PNO1,0.8824361
213,232,TCP11L2,ICAM1,0.88227135
213,440,TCP11L2,TMEM97,0.8819445
1,128,TEAD2,APLP2,0.901884
1,28,TEAD2,NFE2,0.8983655
1,357,TEAD2,MEIS1,0.89649427
1,78,TEAD2,MECOM,0.8962374
1,137,TEAD2,MYCN,0.89262396
1,57,TEAD2,OASL2,0.89194083
1,277,TEAD2,RTP4,0.89194053
1,200,TEAD2,IGTP,0.89113486
1,183,TEAD2,XAF1,0.89111525
1,609,TEAD2,UBA7,0.89110327
1,504,TEAD2,IFI44,0.8910972
1,410,TEAD2,SMARCA2,0.8899257
1,283,TEAD2,EGR1,0.88864714
1,518,TEAD2,PHF10,0.8876483
1,0,TEAD2,OTUD6B,0.8873572
1,136,TEAD2,TACC3,0.8873572
1,150,TEAD2,SORT1,0.8873572
1,396,TEAD2,RUVBL2,0.8873572
1,432,TEAD2,HDC,0.8873572
1,450,TEAD2,MAGED1,0.8873572
1,514,TEAD2,PAK1,0.8873572
1,519,TEAD2,AGPS,0.8873572
1,595,TEAD2,CSF3R,0.8873572
1,8,TEAD2,ATAD1,0.8872954
1,81,TEAD2,HDAC11,0.88629526
1,198,TEAD2,NDN,0.8857979
1,404,TEAD2,FTSJ3,0.8855358
1,33,TEAD2,CSTF2,0.8854538
1,263,TEAD2,JUN,0.884927
1,2,TEAD2,PPP1R15A,0.8849047
1,47,TEAD2,FGL2,0.8849047
1,140,TEAD2,ANXA3,0.8849047
1,146,TEAD2,SCARF1,0.8849047
1,194,TEAD2,GOLPH3,0.8849047
1,362,TEAD2,PTGS1,0.8849047
1,441,TEAD2,EBF1,0.8849047
1,546,TEAD2,PROCR,0.8849047
1,622,TEAD2,KRT18,0.8849047
1,564,TEAD2,MFNG,0.88467485
1,190,TEAD2,RAD51,0.8843264
1,367,TEAD2,HCFC1,0.88403964
1,394,TEAD2,MAPK1,0.8838468
1,251,TEAD2,IRF6,0.8836629
1,34,TEAD2,MAML3,0.8834213
1,486,TEAD2,NFKBIA,0.88339585
1,553,TEAD2,DHFR,0.8830442
1,554,TEAD2,CDT1,0.88287765
1,590,TEAD2,IL12A,0.88253915
1,210,TEAD2,PNO1,0.8823255
1,232,TEAD2,ICAM1,0.88227135
520,8,TES,ATAD1,0.90148413
520,28,TES,NFE2,0.8983655
520,357,TES,MEIS1,0.89649427
520,78,TES,MECOM,0.8962374
520,177,TES,RELB,0.89383173
520,137,TES,MYCN,0.89262396
520,183,TES,XAF1,0.8920809
520,57,TES,OASL2,0.89194083
520,277,TES,RTP4,0.89194053
520,200,TES,IGTP,0.89110327
520,504,TES,IFI44,0.89110327
520,410,TES,SMARCA2,0.88997346
520,283,TES,EGR1,0.88864714
520,518,TES,PHF10,0.88764507
520,450,TES,MAGED1,0.8874228
520,128,TES,APLP2,0.8873572
520,136,TES,TACC3,0.8873572
520,514,TES,PAK1,0.8873572
520,519,TES,AGPS,0.8873572
520,524,TES,TBC1D10C,0.8873572
520,595,TES,CSF3R,0.8873572
520,396,TES,RUVBL2,0.8872829
520,81,TES,HDAC11,0.88636285
520,198,TES,NDN,0.8857979
520,404,TES,FTSJ3,0.8855358
520,33,TES,CSTF2,0.8854538
520,263,TES,JUN,0.884927
520,2,TES,PPP1R15A,0.8849047
520,47,TES,FGL2,0.8849047
520,140,TES,ANXA3,0.8849047
520,146,TES,SCARF1,0.8849047
520,194,TES,GOLPH3,0.8849047
520,362,TES,PTGS1,0.8849047
520,441,TES,EBF1,0.8849047
520,546,TES,PROCR,0.8849047
520,622,TES,KRT18,0.8849047
520,564,TES,MFNG,0.88467485
520,190,TES,RAD51,0.8843264
520,553,TES,DHFR,0.8843264
520,367,TES,HCFC1,0.88415396
520,394,TES,MAPK1,0.8838468
520,251,TES,IRF6,0.8836629
520,34,TES,MAML3,0.8834213
520,486,TES,NFKBIA,0.88339585
520,554,TES,CDT1,0.88287765
520,590,TES,IL12A,0.88253915
520,210,TES,PNO1,0.8824361
520,232,TES,ICAM1,0.88227135
520,440,TES,TMEM97,0.8819445
520,464,TES,ZNRF2,0.8819445
526,28,TESPA1,NFE2,0.8983215
526,357,TESPA1,MEIS1,0.8965051
526,137,TESPA1,MYCN,0.8935473
526,410,TESPA1,SMARCA2,0.89220464
526,57,TESPA1,OASL2,0.8920751
526,277,TESPA1,RTP4,0.8919635
526,200,TESPA1,IGTP,0.8915706
526,504,TESPA1,IFI44,0.8915706
526,609,TESPA1,UBA7,0.8915706
526,183,TESPA1,XAF1,0.89154106
526,6,TESPA1,BTG2,0.8901749
526,283,TESPA1,EGR1,0.88865197
526,519,TESPA1,AGPS,0.88836306
526,0,TESPA1,OTUD6B,0.8883433
526,136,TESPA1,TACC3,0.8883433
526,150,TESPA1,SORT1,0.8883433
526,396,TESPA1,RUVBL2,0.8883433
526,432,TESPA1,HDC,0.8883433
526,450,TESPA1,MAGED1,0.8883433
526,514,TESPA1,PAK1,0.8883433
526,524,TESPA1,TBC1D10C,0.8883433
526,595,TESPA1,CSF3R,0.88833296
526,8,TESPA1,ATAD1,0.8876188
526,78,TESPA1,MECOM,0.887236
526,81,TESPA1,HDAC11,0.886729
526,404,TESPA1,FTSJ3,0.8862326
526,33,TESPA1,CSTF2,0.886093
526,263,TESPA1,JUN,0.8851921
526,367,TESPA1,HCFC1,0.88487667
526,146,TESPA1,SCARF1,0.8847841
526,2,TESPA1,PPP1R15A,0.8847127
526,47,TESPA1,FGL2,0.8847127
526,140,TESPA1,ANXA3,0.8847127
526,194,TESPA1,GOLPH3,0.8847127
526,362,TESPA1,PTGS1,0.8847127
526,441,TESPA1,EBF1,0.8847127
526,546,TESPA1,PROCR,0.8847127
526,622,TESPA1,KRT18,0.8847127
526,486,TESPA1,NFKBIA,0.88414794
526,554,TESPA1,CDT1,0.88405323
526,251,TESPA1,IRF6,0.883922
526,34,TESPA1,MAML3,0.88373387
526,564,TESPA1,MFNG,0.8837164
526,590,TESPA1,IL12A,0.88350165
526,394,TESPA1,MAPK1,0.88348484
526,232,TESPA1,ICAM1,0.8828417
526,177,TESPA1,RELB,0.8826284
526,210,TESPA1,PNO1,0.88250196
526,440,TESPA1,TMEM97,0.8822148
526,464,TESPA1,ZNRF2,0.8817077
117,410,TFG,SMARCA2,0.9098837
117,464,TFG,ZNRF2,0.90243775
117,440,TFG,TMEM97,0.9024191
117,161,TFG,JARID2,0.90156686
117,73,TFG,RORC,0.90033156
117,429,TFG,GFI1B,0.8995485
117,289,TFG,GT(ROSA)26SOR,0.89755976
117,486,TFG,NFKBIA,0.8973288
117,0,TFG,OTUD6B,0.8972135
117,128,TFG,APLP2,0.8972135
117,136,TFG,TACC3,0.8972135
117,150,TFG,SORT1,0.8972135
117,396,TFG,RUVBL2,0.8972135
117,432,TFG,HDC,0.8972135
117,450,TFG,MAGED1,0.8972135
117,514,TFG,PAK1,0.8972135
117,519,TFG,AGPS,0.8972135
117,524,TFG,TBC1D10C,0.8972135
117,8,TFG,ATAD1,0.89717025
117,78,TFG,MECOM,0.8964668
117,595,TFG,CSF3R,0.896183
117,50,TFG,NFAT5,0.8957914
117,609,TFG,UBA7,0.89552546
117,183,TFG,XAF1,0.8954289
117,200,TFG,IGTP,0.8954289
117,504,TFG,IFI44,0.8954289
117,554,TFG,CDT1,0.8953464
117,177,TFG,RELB,0.8939233
117,210,TFG,PNO1,0.8935846
117,255,TFG,CD74,0.8931914
117,367,TFG,HCFC1,0.8889103
117,28,TFG,NFE2,0.88875675
117,33,TFG,CSTF2,0.8886792
117,590,TFG,IL12A,0.88854146
117,357,TFG,MEIS1,0.8871208
117,57,TFG,OASL2,0.886362
117,363,TFG,MYC,0.88489795
117,263,TFG,JUN,0.8844929
117,331,TFG,PIM2,0.884347
117,81,TFG,HDAC11,0.88208187
117,67,TFG,HDAC2,0.88025486
117,488,TFG,FGFR1OP,0.88020056
117,559,TFG,RUNX1T1,0.878164
117,251,TFG,IRF6,0.8762768
117,29,TFG,IKZF1,0.8747391
117,283,TFG,EGR1,0.8744436
117,580,TFG,MLLT3,0.87425107
117,606,TFG,ELP2,0.8724058
117,64,TFG,IRF9,0.87219733
117,318,TFG,GANAB,0.8719774
112,28,TFR2,NFE2,0.8983655
112,357,TFR2,MEIS1,0.8964886
112,78,TFR2,MECOM,0.8962374
112,429,TFR2,GFI1B,0.8955829
112,137,TFR2,MYCN,0.89262396
112,396,TFR2,RUVBL2,0.89204526
112,277,TFR2,RTP4,0.8919745
112,57,TFR2,OASL2,0.89193857
112,183,TFR2,XAF1,0.89110327
112,200,TFR2,IGTP,0.89110327
112,609,TFR2,UBA7,0.89110327
112,504,TFR2,IFI44,0.89094
112,410,TFR2,SMARCA2,0.8899257
112,209,TFR2,ZBTB16,0.8897192
112,283,TFR2,EGR1,0.88864714
112,518,TFR2,PHF10,0.88764507
112,0,TFR2,OTUD6B,0.8873572
112,8,TFR2,ATAD1,0.8873572
112,128,TFR2,APLP2,0.8873572
112,136,TFR2,TACC3,0.8873572
112,150,TFR2,SORT1,0.8873572
112,432,TFR2,HDC,0.8873572
112,450,TFR2,MAGED1,0.8873572
112,514,TFR2,PAK1,0.8873572
112,519,TFR2,AGPS,0.8873572
112,524,TFR2,TBC1D10C,0.8873572
112,595,TFR2,CSF3R,0.8873572
112,81,TFR2,HDAC11,0.88636285
112,198,TFR2,NDN,0.8857979
112,404,TFR2,FTSJ3,0.8855358
112,33,TFR2,CSTF2,0.8854538
112,263,TFR2,JUN,0.884927
112,47,TFR2,FGL2,0.8849047
112,140,TFR2,ANXA3,0.8849047
112,146,TFR2,SCARF1,0.8849047
112,194,TFR2,GOLPH3,0.8849047
112,441,TFR2,EBF1,0.8849047
112,546,TFR2,PROCR,0.88490415
112,362,TFR2,PTGS1,0.88490117
112,2,TFR2,PPP1R15A,0.8848201
112,622,TFR2,KRT18,0.88477767
112,564,TFR2,MFNG,0.88467485
112,190,TFR2,RAD51,0.8843264
112,553,TFR2,DHFR,0.8843264
112,367,TFR2,HCFC1,0.8841686
112,394,TFR2,MAPK1,0.8838468
112,251,TFR2,IRF6,0.8836629
112,34,TFR2,MAML3,0.8834213
112,554,TFR2,CDT1,0.88287765
112,590,TFR2,IL12A,0.88253915
384,410,TGM2,SMARCA2,0.87192637
384,0,TGM2,OTUD6B,0.85662496
384,8,TGM2,ATAD1,0.85654676
384,128,TGM2,APLP2,0.85654676
384,136,TGM2,TACC3,0.85654676
384,150,TGM2,SORT1,0.85654676
384,396,TGM2,RUVBL2,0.85654676
384,432,TGM2,HDC,0.85654676
384,450,TGM2,MAGED1,0.85654676
384,514,TGM2,PAK1,0.85654676
384,519,TGM2,AGPS,0.85654676
384,524,TGM2,TBC1D10C,0.85654676
384,595,TGM2,CSF3R,0.85654676
384,50,TGM2,NFAT5,0.8561747
384,161,TGM2,JARID2,0.85297334
384,440,TGM2,TMEM97,0.8499092
384,464,TGM2,ZNRF2,0.8499092
384,255,TGM2,CD74,0.8488877
384,289,TGM2,GT(ROSA)26SOR,0.848719
384,177,TGM2,RELB,0.84818894
384,429,TGM2,GFI1B,0.8474622
384,73,TGM2,RORC,0.8471307
384,486,TGM2,NFKBIA,0.84529084
384,28,TGM2,NFE2,0.84417266
384,554,TGM2,CDT1,0.8440273
384,357,TGM2,MEIS1,0.8432206
384,590,TGM2,IL12A,0.8402909
384,78,TGM2,MECOM,0.84005064
384,367,TGM2,HCFC1,0.83544034
384,318,TGM2,GANAB,0.8353483
384,183,TGM2,XAF1,0.83087194
384,200,TGM2,IGTP,0.83087194
384,504,TGM2,IFI44,0.83087194
384,609,TGM2,UBA7,0.83087194
384,283,TGM2,EGR1,0.8298482
384,363,TGM2,MYC,0.8284903
384,331,TGM2,PIM2,0.82806075
384,81,TGM2,HDAC11,0.8250305
384,277,TGM2,RTP4,0.82321703
384,57,TGM2,OASL2,0.82312125
384,263,TGM2,JUN,0.8224501
384,606,TGM2,ELP2,0.8198456
384,559,TGM2,RUNX1T1,0.8187313
384,210,TGM2,PNO1,0.8180991
384,209,TGM2,ZBTB16,0.81517446
384,2,TGM2,PPP1R15A,0.8131918
384,47,TGM2,FGL2,0.8131918
384,146,TGM2,SCARF1,0.8131918
384,194,TGM2,GOLPH3,0.8131918
384,362,TGM2,PTGS1,0.8131918
60,28,TGTP2,NFE2,0.90039265
60,137,TGTP2,MYCN,0.9002746
60,357,TGTP2,MEIS1,0.8986325
60,78,TGTP2,MECOM,0.8984637
60,410,TGTP2,SMARCA2,0.89609414
60,518,TGTP2,PHF10,0.8950784
60,57,TGTP2,OASL2,0.8946091
60,277,TGTP2,RTP4,0.8946088
60,609,TGTP2,UBA7,0.894031
60,183,TGTP2,XAF1,0.89402646
60,200,TGTP2,IGTP,0.89402646
60,504,TGTP2,IFI44,0.89402646
60,33,TGTP2,CSTF2,0.8925369
60,283,TGTP2,EGR1,0.89142215
60,367,TGTP2,HCFC1,0.8906141
60,564,TGTP2,MFNG,0.89061326
60,81,TGTP2,HDAC11,0.8902849
60,34,TGTP2,MAML3,0.89024657
60,486,TGTP2,NFKBIA,0.89003485
60,450,TGTP2,MAGED1,0.88891655
60,136,TGTP2,TACC3,0.8889129
60,0,TGTP2,OTUD6B,0.8888615
60,8,TGTP2,ATAD1,0.8888615
60,128,TGTP2,APLP2,0.8888615
60,150,TGTP2,SORT1,0.8888615
60,396,TGTP2,RUVBL2,0.8888615
60,432,TGTP2,HDC,0.8888615
60,514,TGTP2,PAK1,0.8888615
60,519,TGTP2,AGPS,0.8888615
60,524,TGTP2,TBC1D10C,0.8888615
60,595,TGTP2,CSF3R,0.8888615
60,440,TGTP2,TMEM97,0.8886512
60,210,TGTP2,PNO1,0.888579
60,232,TGTP2,ICAM1,0.8885075
60,404,TGTP2,FTSJ3,0.888132
60,177,TGTP2,RELB,0.8881205
60,464,TGTP2,ZNRF2,0.88735974
60,263,TGTP2,JUN,0.88724315
60,590,TGTP2,IL12A,0.88699263
60,2,TGTP2,PPP1R15A,0.8865492
60,47,TGTP2,FGL2,0.8865492
60,140,TGTP2,ANXA3,0.8865492
60,146,TGTP2,SCARF1,0.8865492
60,194,TGTP2,GOLPH3,0.8865492
60,362,TGTP2,PTGS1,0.8865492
60,546,TGTP2,PROCR,0.8865492
60,622,TGTP2,KRT18,0.8865492
60,441,TGTP2,EBF1,0.8865336
60,251,TGTP2,IRF6,0.88609874
60,394,TGTP2,MAPK1,0.8857342
449,28,TIE1,NFE2,0.8983655
449,357,TIE1,MEIS1,0.89649427
449,78,TIE1,MECOM,0.8962374
449,137,TIE1,MYCN,0.89261544
449,57,TIE1,OASL2,0.89194083
449,277,TIE1,RTP4,0.89194053
449,183,TIE1,XAF1,0.89110327
449,200,TIE1,IGTP,0.89110327
449,504,TIE1,IFI44,0.89110327
449,198,TIE1,NDN,0.8901562
449,410,TIE1,SMARCA2,0.8899257
449,283,TIE1,EGR1,0.88864714
449,518,TIE1,PHF10,0.88761836
449,150,TIE1,SORT1,0.8874021
449,128,TIE1,APLP2,0.8873785
449,8,TIE1,ATAD1,0.8873572
449,136,TIE1,TACC3,0.8873572
449,432,TIE1,HDC,0.8873572
449,450,TIE1,MAGED1,0.8873572
449,519,TIE1,AGPS,0.8873572
449,524,TIE1,TBC1D10C,0.8873572
449,595,TIE1,CSF3R,0.8873572
449,0,TIE1,OTUD6B,0.88732266
449,396,TIE1,RUVBL2,0.8865584
449,514,TIE1,PAK1,0.8865584
449,81,TIE1,HDAC11,0.88636285
449,404,TIE1,FTSJ3,0.8855358
449,33,TIE1,CSTF2,0.8854538
449,263,TIE1,JUN,0.88490534
449,47,TIE1,FGL2,0.8849047
449,140,TIE1,ANXA3,0.8849047
449,146,TIE1,SCARF1,0.8849047
449,194,TIE1,GOLPH3,0.8849047
449,362,TIE1,PTGS1,0.8849047
449,441,TIE1,EBF1,0.8849047
449,622,TIE1,KRT18,0.8849047
449,546,TIE1,PROCR,0.88488436
449,2,TIE1,PPP1R15A,0.88477767
449,564,TIE1,MFNG,0.88467485
449,190,TIE1,RAD51,0.8843264
449,553,TIE1,DHFR,0.8843264
449,367,TIE1,HCFC1,0.88415396
449,394,TIE1,MAPK1,0.8838468
449,251,TIE1,IRF6,0.8836629
449,34,TIE1,MAML3,0.8834213
449,554,TIE1,CDT1,0.8828236
449,210,TIE1,PNO1,0.8826004
449,590,TIE1,IL12A,0.88253915
449,232,TIE1,ICAM1,0.88227135
449,440,TIE1,TMEM97,0.881986
348,28,TIMM29,NFE2,0.8983655
348,357,TIMM29,MEIS1,0.89649427
348,78,TIMM29,MECOM,0.8962374
348,137,TIMM29,MYCN,0.89261115
348,200,TIMM29,IGTP,0.8922425
348,57,TIMM29,OASL2,0.89194083
348,277,TIMM29,RTP4,0.89192396
348,504,TIMM29,IFI44,0.89129186
348,183,TIMM29,XAF1,0.89110327
348,609,TIMM29,UBA7,0.89110327
348,410,TIMM29,SMARCA2,0.8899257
348,283,TIMM29,EGR1,0.88864714
348,429,TIMM29,GFI1B,0.8880457
348,518,TIMM29,PHF10,0.88764507
348,128,TIMM29,APLP2,0.8873907
348,136,TIMM29,TACC3,0.8873907
348,0,TIMM29,OTUD6B,0.8873572
348,8,TIMM29,ATAD1,0.8873572
348,150,TIMM29,SORT1,0.8873572
348,396,TIMM29,RUVBL2,0.8873572
348,450,TIMM29,MAGED1,0.8873572
348,514,TIMM29,PAK1,0.8873572
348,519,TIMM29,AGPS,0.8873572
348,524,TIMM29,TBC1D10C,0.8873572
348,81,TIMM29,HDAC11,0.88636285
348,198,TIMM29,NDN,0.8857979
348,546,TIMM29,PROCR,0.88568705
348,404,TIMM29,FTSJ3,0.8855358
348,33,TIMM29,CSTF2,0.8854538
348,263,TIMM29,JUN,0.884927
348,2,TIMM29,PPP1R15A,0.8849047
348,47,TIMM29,FGL2,0.8849047
348,140,TIMM29,ANXA3,0.8849047
348,146,TIMM29,SCARF1,0.8849047
348,194,TIMM29,GOLPH3,0.8849047
348,362,TIMM29,PTGS1,0.8849047
348,441,TIMM29,EBF1,0.8849047
348,622,TIMM29,KRT18,0.8849047
348,564,TIMM29,MFNG,0.88467485
348,190,TIMM29,RAD51,0.8843264
348,553,TIMM29,DHFR,0.8843264
348,367,TIMM29,HCFC1,0.88415396
348,595,TIMM29,CSF3R,0.8838291
348,251,TIMM29,IRF6,0.8836629
348,34,TIMM29,MAML3,0.8834213
348,486,TIMM29,NFKBIA,0.88339585
348,394,TIMM29,MAPK1,0.8830809
348,554,TIMM29,CDT1,0.88286567
348,590,TIMM29,IL12A,0.88253915
348,210,TIMM29,PNO1,0.8824361
620,189,TIPIN,MCM5,0.9710428
620,290,TIPIN,POLD1,0.96920365
620,279,TIPIN,AURKB,0.9684687
620,21,TIPIN,RRM1,0.96716934
620,246,TIPIN,TK1,0.9666409
620,74,TIPIN,TOP2A,0.9664834
620,500,TIPIN,MCM3,0.9662616
620,204,TIPIN,MCM2,0.96506137
620,323,TIPIN,MCM4,0.964533
620,561,TIPIN,MCM7,0.96423054
620,497,TIPIN,TYMS,0.9642144
620,350,TIPIN,MCM6,0.96400625
620,240,TIPIN,RPA2,0.963718
620,273,TIPIN,FIGNL1,0.9631866
620,345,TIPIN,UHRF1,0.9631071
620,42,TIPIN,HMGB2,0.9624958
620,53,TIPIN,ORC6,0.9623821
620,230,TIPIN,TOP3B,0.9623316
620,266,TIPIN,MSH6,0.9622612
620,411,TIPIN,CDC45,0.9620635
620,610,TIPIN,PRIM2,0.96155876
620,30,TIPIN,PBK,0.9614813
620,182,TIPIN,RPA1,0.9614652
620,226,TIPIN,POLR2B,0.9614632
620,478,TIPIN,MKI67,0.96139467
620,297,TIPIN,LIG1,0.96138424
620,102,TIPIN,PRIM1,0.9610586
620,399,TIPIN,RRM2,0.96057487
620,407,TIPIN,CDC7,0.95982045
620,510,TIPIN,XRCC6,0.9597025
620,86,TIPIN,RANGAP1,0.9595779
620,68,TIPIN,MIS18BP1,0.9592166
620,259,TIPIN,NUP107,0.9592166
620,430,TIPIN,SEH1L,0.9592166
620,414,TIPIN,CENPK,0.95841044
620,299,TIPIN,ORC2,0.9558228
620,118,TIPIN,MIS12,0.954576
620,361,TIPIN,CCNB2,0.9543169
620,611,TIPIN,ZEB2,0.9521942
620,91,TIPIN,FCHO2,0.95210373
620,537,TIPIN,TXNDC11,0.9465537
620,439,TIPIN,DDX20,0.94409055
620,621,TIPIN,SNRPB,0.9290655
620,534,TIPIN,MORC3,0.91619676
620,206,TIPIN,ZDHHC6,0.9155293
620,34,TIPIN,MAML3,0.9124329
620,292,TIPIN,HDAC7,0.89876175
620,475,TIPIN,BCL2,0.8904508
620,81,TIPIN,HDAC11,0.8757579
620,209,TIPIN,ZBTB16,0.8700168
246,189,TK1,MCM5,0.9711167
246,290,TK1,POLD1,0.9688016
246,279,TK1,AURKB,0.96865183
246,299,TK1,ORC2,0.9685556
246,21,TK1,RRM1,0.9682076
246,500,TK1,MCM3,0.9668373
246,74,TK1,TOP2A,0.9665226
246,204,TK1,MCM2,0.965967
246,323,TK1,MCM4,0.9654286
246,240,TK1,RPA2,0.9653189
246,497,TK1,TYMS,0.9651015
246,561,TK1,MCM7,0.9647177
246,273,TK1,FIGNL1,0.9643587
246,297,TK1,LIG1,0.96419406
246,345,TK1,UHRF1,0.9638041
246,42,TK1,HMGB2,0.9637983
246,230,TK1,TOP3B,0.96367383
246,266,TK1,MSH6,0.963514
246,411,TK1,CDC45,0.9634728
246,350,TK1,MCM6,0.9632597
246,610,TK1,PRIM2,0.9630109
246,30,TK1,PBK,0.9629223
246,620,TK1,TIPIN,0.9629061
246,478,TK1,MKI67,0.9627809
246,102,TK1,PRIM1,0.96248806
246,226,TK1,POLR2B,0.9623492
246,510,TK1,XRCC6,0.9613392
246,407,TK1,CDC7,0.9612854
246,259,TK1,NUP107,0.96120995
246,68,TK1,MIS18BP1,0.9611986
246,430,TK1,SEH1L,0.9611986
246,399,TK1,RRM2,0.960971
246,53,TK1,ORC6,0.9607985
246,86,TK1,RANGAP1,0.9604044
246,414,TK1,CENPK,0.9603655
246,361,TK1,CCNB2,0.9580413
246,182,TK1,RPA1,0.95733774
246,118,TK1,MIS12,0.95654434
246,91,TK1,FCHO2,0.95130086
246,537,TK1,TXNDC11,0.95130086
246,611,TK1,ZEB2,0.95130086
246,439,TK1,DDX20,0.94473964
246,82,TK1,RB1,0.93881196
246,292,TK1,HDAC7,0.9377136
246,621,TK1,SNRPB,0.9310193
246,534,TK1,MORC3,0.9172139
246,206,TK1,ZDHHC6,0.91692895
246,34,TK1,MAML3,0.9128858
246,396,TK1,RUVBL2,0.9061194
246,475,TK1,BCL2,0.8922575
175,28,TLE2,NFE2,0.8983655
175,357,TLE2,MEIS1,0.89649427
175,78,TLE2,MECOM,0.8962374
175,137,TLE2,MYCN,0.89262396
175,57,TLE2,OASL2,0.89194083
175,277,TLE2,RTP4,0.89194053
175,609,TLE2,UBA7,0.8911281
175,183,TLE2,XAF1,0.89110327
175,200,TLE2,IGTP,0.89110327
175,504,TLE2,IFI44,0.89110327
175,410,TLE2,SMARCA2,0.8897666
175,283,TLE2,EGR1,0.88864714
175,518,TLE2,PHF10,0.88764507
175,136,TLE2,TACC3,0.88735867
175,0,TLE2,OTUD6B,0.8873572
175,8,TLE2,ATAD1,0.8873572
175,128,TLE2,APLP2,0.8873572
175,150,TLE2,SORT1,0.8873572
175,450,TLE2,MAGED1,0.8873572
175,514,TLE2,PAK1,0.8873572
175,519,TLE2,AGPS,0.8873572
175,524,TLE2,TBC1D10C,0.8873572
175,595,TLE2,CSF3R,0.8873572
175,432,TLE2,HDC,0.8872954
175,81,TLE2,HDAC11,0.8863051
175,198,TLE2,NDN,0.8857979
175,404,TLE2,FTSJ3,0.8855358
175,33,TLE2,CSTF2,0.8854538
175,559,TLE2,RUNX1T1,0.88544506
175,263,TLE2,JUN,0.88511646
175,362,TLE2,PTGS1,0.8849568
175,194,TLE2,GOLPH3,0.8849264
175,441,TLE2,EBF1,0.8849098
175,2,TLE2,PPP1R15A,0.8849047
175,47,TLE2,FGL2,0.8849047
175,146,TLE2,SCARF1,0.8849047
175,546,TLE2,PROCR,0.8849047
175,622,TLE2,KRT18,0.8849047
175,564,TLE2,MFNG,0.88467485
175,190,TLE2,RAD51,0.8843264
175,553,TLE2,DHFR,0.8843264
175,367,TLE2,HCFC1,0.88415396
175,394,TLE2,MAPK1,0.8838468
175,251,TLE2,IRF6,0.8836629
175,34,TLE2,MAML3,0.8834213
175,486,TLE2,NFKBIA,0.8833867
175,554,TLE2,CDT1,0.88287765
175,590,TLE2,IL12A,0.88253915
175,210,TLE2,PNO1,0.8824442
175,232,TLE2,ICAM1,0.88227135
219,410,TLR4,SMARCA2,0.90680313
219,440,TLR4,TMEM97,0.8992444
219,464,TLR4,ZNRF2,0.8992444
219,161,TLR4,JARID2,0.8984042
219,429,TLR4,GFI1B,0.8973109
219,554,TLR4,CDT1,0.89643544
219,0,TLR4,OTUD6B,0.896118
219,8,TLR4,ATAD1,0.896118
219,128,TLR4,APLP2,0.896118
219,136,TLR4,TACC3,0.896118
219,150,TLR4,SORT1,0.896118
219,396,TLR4,RUVBL2,0.896118
219,432,TLR4,HDC,0.896118
219,450,TLR4,MAGED1,0.896118
219,514,TLR4,PAK1,0.896118
219,519,TLR4,AGPS,0.896118
219,524,TLR4,TBC1D10C,0.896118
219,595,TLR4,CSF3R,0.896118
219,73,TLR4,RORC,0.8948201
219,78,TLR4,MECOM,0.89407796
219,255,TLR4,CD74,0.8939332
219,289,TLR4,GT(ROSA)26SOR,0.89370316
219,486,TLR4,NFKBIA,0.890386
219,50,TLR4,NFAT5,0.8882764
219,177,TLR4,RELB,0.88730913
219,200,TLR4,IGTP,0.8871461
219,183,TLR4,XAF1,0.88713986
219,504,TLR4,IFI44,0.88713986
219,609,TLR4,UBA7,0.88713986
219,331,TLR4,PIM2,0.88468546
219,367,TLR4,HCFC1,0.88303375
219,318,TLR4,GANAB,0.8820781
219,263,TLR4,JUN,0.8820171
219,81,TLR4,HDAC11,0.8819556
219,28,TLR4,NFE2,0.88190305
219,590,TLR4,IL12A,0.8808711
219,57,TLR4,OASL2,0.8793247
219,363,TLR4,MYC,0.87830484
219,137,TLR4,MYCN,0.8744304
219,488,TLR4,FGFR1OP,0.8735932
219,67,TLR4,HDAC2,0.87353563
219,209,TLR4,ZBTB16,0.8726277
219,559,TLR4,RUNX1T1,0.8713843
219,33,TLR4,CSTF2,0.87020093
219,283,TLR4,EGR1,0.87019426
219,580,TLR4,MLLT3,0.87017196
219,251,TLR4,IRF6,0.86952126
219,64,TLR4,IRF9,0.8692379
219,29,TLR4,IKZF1,0.86817205
219,34,TLR4,MAML3,0.8668955
71,200,TM6SF1,IGTP,0.90055263
71,28,TM6SF1,NFE2,0.8983655
71,357,TM6SF1,MEIS1,0.8964541
71,78,TM6SF1,MECOM,0.8962374
71,137,TM6SF1,MYCN,0.8926834
71,57,TM6SF1,OASL2,0.89194083
71,277,TM6SF1,RTP4,0.89194053
71,183,TM6SF1,XAF1,0.89110327
71,504,TM6SF1,IFI44,0.89110327
71,609,TM6SF1,UBA7,0.89110327
71,464,TM6SF1,ZNRF2,0.89018023
71,410,TM6SF1,SMARCA2,0.8899257
71,283,TM6SF1,EGR1,0.8889533
71,518,TM6SF1,PHF10,0.88764507
71,194,TM6SF1,GOLPH3,0.8875273
71,8,TM6SF1,ATAD1,0.8873907
71,0,TM6SF1,OTUD6B,0.8873572
71,128,TM6SF1,APLP2,0.8873572
71,136,TM6SF1,TACC3,0.8873572
71,150,TM6SF1,SORT1,0.8873572
71,396,TM6SF1,RUVBL2,0.8873572
71,432,TM6SF1,HDC,0.8873572
71,450,TM6SF1,MAGED1,0.8873572
71,514,TM6SF1,PAK1,0.8873572
71,519,TM6SF1,AGPS,0.8873572
71,524,TM6SF1,TBC1D10C,0.8873572
71,595,TM6SF1,CSF3R,0.8873572
71,81,TM6SF1,HDAC11,0.88636285
71,198,TM6SF1,NDN,0.8857979
71,404,TM6SF1,FTSJ3,0.88552386
71,33,TM6SF1,CSTF2,0.8854497
71,263,TM6SF1,JUN,0.884927
71,2,TM6SF1,PPP1R15A,0.8849047
71,47,TM6SF1,FGL2,0.8849047
71,140,TM6SF1,ANXA3,0.8849047
71,146,TM6SF1,SCARF1,0.8849047
71,362,TM6SF1,PTGS1,0.8849047
71,546,TM6SF1,PROCR,0.8849047
71,622,TM6SF1,KRT18,0.8849047
71,441,TM6SF1,EBF1,0.88490415
71,564,TM6SF1,MFNG,0.88467485
71,190,TM6SF1,RAD51,0.8843264
71,553,TM6SF1,DHFR,0.8843264
71,367,TM6SF1,HCFC1,0.88415396
71,394,TM6SF1,MAPK1,0.8838468
71,251,TM6SF1,IRF6,0.88368225
71,34,TM6SF1,MAML3,0.8834213
71,486,TM6SF1,NFKBIA,0.88339585
71,554,TM6SF1,CDT1,0.88287765
71,210,TM6SF1,PNO1,0.8824361
529,28,TM7SF3,NFE2,0.8983655
529,357,TM7SF3,MEIS1,0.89649427
529,137,TM7SF3,MYCN,0.89266664
529,57,TM7SF3,OASL2,0.89194083
529,277,TM7SF3,RTP4,0.89182997
529,200,TM7SF3,IGTP,0.89110327
529,504,TM7SF3,IFI44,0.89110327
529,609,TM7SF3,UBA7,0.89110327
529,183,TM7SF3,XAF1,0.8910734
529,6,TM7SF3,BTG2,0.8902503
529,410,TM7SF3,SMARCA2,0.88999283
529,283,TM7SF3,EGR1,0.88863146
529,78,TM7SF3,MECOM,0.8874594
529,519,TM7SF3,AGPS,0.88737774
529,0,TM7SF3,OTUD6B,0.8873572
529,136,TM7SF3,TACC3,0.8873572
529,150,TM7SF3,SORT1,0.8873572
529,396,TM7SF3,RUVBL2,0.8873572
529,432,TM7SF3,HDC,0.8873572
529,450,TM7SF3,MAGED1,0.8873572
529,514,TM7SF3,PAK1,0.8873572
529,524,TM7SF3,TBC1D10C,0.8873572
529,595,TM7SF3,CSF3R,0.8873467
529,8,TM7SF3,ATAD1,0.88658863
529,81,TM7SF3,HDAC11,0.88636285
529,198,TM7SF3,NDN,0.8858012
529,33,TM7SF3,CSTF2,0.8854538
529,404,TM7SF3,FTSJ3,0.88528574
529,146,TM7SF3,SCARF1,0.88497007
529,2,TM7SF3,PPP1R15A,0.8849047
529,47,TM7SF3,FGL2,0.8849047
529,140,TM7SF3,ANXA3,0.8849047
529,194,TM7SF3,GOLPH3,0.8849047
529,362,TM7SF3,PTGS1,0.8849047
529,441,TM7SF3,EBF1,0.8849047
529,546,TM7SF3,PROCR,0.8849047
529,622,TM7SF3,KRT18,0.8849047
529,263,TM7SF3,JUN,0.88488126
529,190,TM7SF3,RAD51,0.8843264
529,367,TM7SF3,HCFC1,0.88415396
529,394,TM7SF3,MAPK1,0.8838468
529,251,TM7SF3,IRF6,0.8836629
529,486,TM7SF3,NFKBIA,0.88346213
529,34,TM7SF3,MAML3,0.8834213
529,564,TM7SF3,MFNG,0.8832431
529,554,TM7SF3,CDT1,0.88287765
529,590,TM7SF3,IL12A,0.88253915
529,210,TM7SF3,PNO1,0.8824361
529,464,TM7SF3,ZNRF2,0.8823136
529,232,TM7SF3,ICAM1,0.8822086
328,28,TMEM173,NFE2,0.8983655
328,78,TMEM173,MECOM,0.89782435
328,357,TMEM173,MEIS1,0.89648074
328,81,TMEM173,HDAC11,0.8953806
328,137,TMEM173,MYCN,0.89262396
328,57,TMEM173,OASL2,0.89197475
328,277,TMEM173,RTP4,0.89194053
328,200,TMEM173,IGTP,0.89110327
328,504,TMEM173,IFI44,0.89110327
328,609,TMEM173,UBA7,0.89110327
328,183,TMEM173,XAF1,0.89103085
328,410,TMEM173,SMARCA2,0.88990325
328,73,TMEM173,RORC,0.88936245
328,283,TMEM173,EGR1,0.88864714
328,518,TMEM173,PHF10,0.88764507
328,362,TMEM173,PTGS1,0.8876097
328,0,TMEM173,OTUD6B,0.8874749
328,8,TMEM173,ATAD1,0.8873572
328,128,TMEM173,APLP2,0.8873572
328,136,TMEM173,TACC3,0.8873572
328,150,TMEM173,SORT1,0.8873572
328,396,TMEM173,RUVBL2,0.8873572
328,450,TMEM173,MAGED1,0.8873572
328,519,TMEM173,AGPS,0.8873572
328,595,TMEM173,CSF3R,0.8873572
328,524,TMEM173,TBC1D10C,0.8872543
328,198,TMEM173,NDN,0.8857979
328,404,TMEM173,FTSJ3,0.8855076
328,33,TMEM173,CSTF2,0.8854538
328,140,TMEM173,ANXA3,0.88500047
328,47,TMEM173,FGL2,0.88494617
328,263,TMEM173,JUN,0.884927
328,2,TMEM173,PPP1R15A,0.8849047
328,194,TMEM173,GOLPH3,0.8849047
328,441,TMEM173,EBF1,0.8849047
328,546,TMEM173,PROCR,0.8849047
328,622,TMEM173,KRT18,0.8849047
328,564,TMEM173,MFNG,0.88467485
328,190,TMEM173,RAD51,0.8843264
328,553,TMEM173,DHFR,0.8843264
328,367,TMEM173,HCFC1,0.88415396
328,394,TMEM173,MAPK1,0.8838468
328,251,TMEM173,IRF6,0.8836536
328,34,TMEM173,MAML3,0.8834213
328,486,TMEM173,NFKBIA,0.88339585
328,554,TMEM173,CDT1,0.88287765
328,590,TMEM173,IL12A,0.88253915
328,210,TMEM173,PNO1,0.8824361
328,232,TMEM173,ICAM1,0.88227135
328,440,TMEM173,TMEM97,0.8819445
296,28,TMEM206,NFE2,0.8983655
296,357,TMEM206,MEIS1,0.8965161
296,78,TMEM206,MECOM,0.8962374
296,137,TMEM206,MYCN,0.89262396
296,595,TMEM206,CSF3R,0.8920358
296,57,TMEM206,OASL2,0.89194083
296,504,TMEM206,IFI44,0.89113194
296,183,TMEM206,XAF1,0.89110327
296,200,TMEM206,IGTP,0.89110327
296,609,TMEM206,UBA7,0.89110327
296,410,TMEM206,SMARCA2,0.8899257
296,283,TMEM206,EGR1,0.88864714
296,277,TMEM206,RTP4,0.88822234
296,518,TMEM206,PHF10,0.88764507
296,0,TMEM206,OTUD6B,0.8873572
296,8,TMEM206,ATAD1,0.8873572
296,128,TMEM206,APLP2,0.8873572
296,150,TMEM206,SORT1,0.8873572
296,396,TMEM206,RUVBL2,0.8873572
296,432,TMEM206,HDC,0.8873572
296,450,TMEM206,MAGED1,0.8873572
296,514,TMEM206,PAK1,0.8873572
296,519,TMEM206,AGPS,0.8873572
296,524,TMEM206,TBC1D10C,0.8873572
296,136,TMEM206,TACC3,0.88726604
296,64,TMEM206,IRF9,0.88659275
296,81,TMEM206,HDAC11,0.88636285
296,404,TMEM206,FTSJ3,0.8855358
296,33,TMEM206,CSTF2,0.8854538
296,263,TMEM206,JUN,0.884927
296,2,TMEM206,PPP1R15A,0.8849047
296,47,TMEM206,FGL2,0.8849047
296,140,TMEM206,ANXA3,0.8849047
296,146,TMEM206,SCARF1,0.8849047
296,194,TMEM206,GOLPH3,0.8849047
296,441,TMEM206,EBF1,0.8849047
296,546,TMEM206,PROCR,0.8849047
296,362,TMEM206,PTGS1,0.8848948
296,622,TMEM206,KRT18,0.8848702
296,198,TMEM206,NDN,0.88480574
296,564,TMEM206,MFNG,0.8847595
296,553,TMEM206,DHFR,0.8843264
296,367,TMEM206,HCFC1,0.88423485
296,394,TMEM206,MAPK1,0.8838468
296,251,TMEM206,IRF6,0.8836629
296,34,TMEM206,MAML3,0.8834213
296,486,TMEM206,NFKBIA,0.88339585
296,554,TMEM206,CDT1,0.88287765
296,590,TMEM206,IL12A,0.88253915
296,210,TMEM206,PNO1,0.8824361
617,28,TMEM229B,NFE2,0.8983568
617,357,TMEM229B,MEIS1,0.89649427
617,78,TMEM229B,MECOM,0.8962374
617,137,TMEM229B,MYCN,0.8924237
617,277,TMEM229B,RTP4,0.89194053
617,183,TMEM229B,XAF1,0.89110327
617,609,TMEM229B,UBA7,0.89110327
617,200,TMEM229B,IGTP,0.8910898
617,504,TMEM229B,IFI44,0.89108557
617,410,TMEM229B,SMARCA2,0.8899257
617,518,TMEM229B,PHF10,0.88764507
617,136,TMEM229B,TACC3,0.8874021
617,396,TMEM229B,RUVBL2,0.8873907
617,0,TMEM229B,OTUD6B,0.8873572
617,8,TMEM229B,ATAD1,0.8873572
617,128,TMEM229B,APLP2,0.8873572
617,150,TMEM229B,SORT1,0.8873572
617,432,TMEM229B,HDC,0.8873572
617,450,TMEM229B,MAGED1,0.8873572
617,514,TMEM229B,PAK1,0.8873572
617,519,TMEM229B,AGPS,0.8873572
617,524,TMEM229B,TBC1D10C,0.8873572
617,595,TMEM229B,CSF3R,0.8873572
617,81,TMEM229B,HDAC11,0.88636285
617,198,TMEM229B,NDN,0.8857979
617,404,TMEM229B,FTSJ3,0.8855358
617,33,TMEM229B,CSTF2,0.8854538
617,263,TMEM229B,JUN,0.884927
617,2,TMEM229B,PPP1R15A,0.8849047
617,47,TMEM229B,FGL2,0.8849047
617,140,TMEM229B,ANXA3,0.8849047
617,146,TMEM229B,SCARF1,0.8849047
617,194,TMEM229B,GOLPH3,0.8849047
617,362,TMEM229B,PTGS1,0.8849047
617,441,TMEM229B,EBF1,0.8849047
617,546,TMEM229B,PROCR,0.8849047
617,622,TMEM229B,KRT18,0.8849047
617,564,TMEM229B,MFNG,0.88467485
617,190,TMEM229B,RAD51,0.8843264
617,553,TMEM229B,DHFR,0.8843264
617,367,TMEM229B,HCFC1,0.8840997
617,394,TMEM229B,MAPK1,0.8838393
617,251,TMEM229B,IRF6,0.8837103
617,34,TMEM229B,MAML3,0.8834213
617,486,TMEM229B,NFKBIA,0.88339585
617,57,TMEM229B,OASL2,0.8832624
617,554,TMEM229B,CDT1,0.88287765
617,590,TMEM229B,IL12A,0.88253915
617,210,TMEM229B,PNO1,0.8824361
617,232,TMEM229B,ICAM1,0.8823344
220,81,TMEM43,HDAC11,0.92495537
220,450,TMEM43,MAGED1,0.92474747
220,410,TMEM43,SMARCA2,0.92252016
220,554,TMEM43,CDT1,0.92206335
220,0,TMEM43,OTUD6B,0.9206214
220,8,TMEM43,ATAD1,0.9206214
220,128,TMEM43,APLP2,0.9206214
220,136,TMEM43,TACC3,0.9206214
220,150,TMEM43,SORT1,0.9206214
220,396,TMEM43,RUVBL2,0.9206214
220,432,TMEM43,HDC,0.9206214
220,514,TMEM43,PAK1,0.919706
220,519,TMEM43,AGPS,0.919706
220,524,TMEM43,TBC1D10C,0.919706
220,595,TMEM43,CSF3R,0.919706
220,199,TMEM43,E2F4,0.9194461
220,331,TMEM43,PIM2,0.9172497
220,404,TMEM43,FTSJ3,0.9171014
220,429,TMEM43,GFI1B,0.9158445
220,34,TMEM43,MAML3,0.9156201
220,200,TMEM43,IGTP,0.9148793
220,183,TMEM43,XAF1,0.9148287
220,351,TMEM43,ERCC8,0.91271037
220,209,TMEM43,ZBTB16,0.912097
220,504,TMEM43,IFI44,0.91126215
220,609,TMEM43,UBA7,0.91126215
220,161,TMEM43,JARID2,0.90954655
220,289,TMEM43,GT(ROSA)26SOR,0.9083112
220,475,TMEM43,BCL2,0.9079023
220,440,TMEM43,TMEM97,0.9071837
220,255,TMEM43,CD74,0.9067064
220,137,TMEM43,MYCN,0.9064358
220,464,TMEM43,ZNRF2,0.90335435
220,292,TMEM43,HDAC7,0.9031314
220,73,TMEM43,RORC,0.90270203
220,186,TMEM43,STT3B,0.9009781
220,50,TMEM43,NFAT5,0.8955964
220,402,TMEM43,EIF1AD,0.891893
220,486,TMEM43,NFKBIA,0.89182293
220,439,TMEM43,DDX20,0.8893902
220,67,TMEM43,HDAC2,0.8851145
220,293,TMEM43,IRF7,0.88502884
220,78,TMEM43,MECOM,0.88490796
220,177,TMEM43,RELB,0.8842842
220,318,TMEM43,GANAB,0.8835597
220,57,TMEM43,OASL2,0.8834169
220,590,TMEM43,IL12A,0.8831671
220,363,TMEM43,MYC,0.8815456
220,580,TMEM43,MLLT3,0.88139266
220,357,TMEM43,MEIS1,0.8812615
92,28,TMEM50B,NFE2,0.8926636
92,357,TMEM50B,MEIS1,0.89036095
92,78,TMEM50B,MECOM,0.8896811
92,429,TMEM50B,GFI1B,0.88809246
92,410,TMEM50B,SMARCA2,0.88611585
92,81,TMEM50B,HDAC11,0.88548887
92,0,TMEM50B,OTUD6B,0.88524574
92,8,TMEM50B,ATAD1,0.88524574
92,128,TMEM50B,APLP2,0.88524574
92,136,TMEM50B,TACC3,0.88524574
92,150,TMEM50B,SORT1,0.88524574
92,396,TMEM50B,RUVBL2,0.88524574
92,450,TMEM50B,MAGED1,0.88524574
92,514,TMEM50B,PAK1,0.88524574
92,519,TMEM50B,AGPS,0.88524574
92,524,TMEM50B,TBC1D10C,0.88524574
92,595,TMEM50B,CSF3R,0.88524574
92,432,TMEM50B,HDC,0.88524497
92,57,TMEM50B,OASL2,0.8850987
92,277,TMEM50B,RTP4,0.88506305
92,183,TMEM50B,XAF1,0.88374066
92,200,TMEM50B,IGTP,0.88374066
92,504,TMEM50B,IFI44,0.88374066
92,609,TMEM50B,UBA7,0.88374066
92,137,TMEM50B,MYCN,0.8832771
92,404,TMEM50B,FTSJ3,0.8829395
92,34,TMEM50B,MAML3,0.8825723
92,283,TMEM50B,EGR1,0.88201815
92,331,TMEM50B,PIM2,0.8810857
92,580,TMEM50B,MLLT3,0.88060915
92,554,TMEM50B,CDT1,0.8802238
92,210,TMEM50B,PNO1,0.8795002
92,190,TMEM50B,RAD51,0.8792573
92,553,TMEM50B,DHFR,0.8792573
92,440,TMEM50B,TMEM97,0.8791708
92,464,TMEM50B,ZNRF2,0.8791708
92,198,TMEM50B,NDN,0.87912893
92,367,TMEM50B,HCFC1,0.8789741
92,518,TMEM50B,PHF10,0.8783173
92,47,TMEM50B,FGL2,0.8781442
92,2,TMEM50B,PPP1R15A,0.87791127
92,146,TMEM50B,SCARF1,0.87791127
92,194,TMEM50B,GOLPH3,0.87791127
92,362,TMEM50B,PTGS1,0.87791127
92,441,TMEM50B,EBF1,0.87791127
92,546,TMEM50B,PROCR,0.87791127
92,622,TMEM50B,KRT18,0.87791127
92,33,TMEM50B,CSTF2,0.877486
92,140,TMEM50B,ANXA3,0.8767982
92,263,TMEM50B,JUN,0.8767248
440,34,TMEM97,MAML3,0.91006726
440,292,TMEM97,HDAC7,0.9042362
440,81,TMEM97,HDAC11,0.9039911
440,209,TMEM97,ZBTB16,0.902489
440,136,TMEM97,TACC3,0.8946572
440,0,TMEM97,OTUD6B,0.89447325
440,8,TMEM97,ATAD1,0.89447325
440,128,TMEM97,APLP2,0.89447325
440,150,TMEM97,SORT1,0.89447325
440,396,TMEM97,RUVBL2,0.89447325
440,432,TMEM97,HDC,0.89447325
440,450,TMEM97,MAGED1,0.89447325
440,519,TMEM97,AGPS,0.89447325
440,524,TMEM97,TBC1D10C,0.89447325
440,595,TMEM97,CSF3R,0.89447325
440,514,TMEM97,PAK1,0.8942836
440,439,TMEM97,DDX20,0.8920077
440,554,TMEM97,CDT1,0.89041823
440,475,TMEM97,BCL2,0.88866776
440,404,TMEM97,FTSJ3,0.8849677
440,186,TMEM97,STT3B,0.8821926
440,331,TMEM97,PIM2,0.8816841
440,410,TMEM97,SMARCA2,0.8813158
440,351,TMEM97,ERCC8,0.8800131
440,82,TMEM97,RB1,0.8784195
440,199,TMEM97,E2F4,0.871649
440,429,TMEM97,GFI1B,0.8709092
440,161,TMEM97,JARID2,0.86110497
440,206,TMEM97,ZDHHC6,0.8591051
440,255,TMEM97,CD74,0.8563591
440,289,TMEM97,GT(ROSA)26SOR,0.8563591
440,464,TMEM97,ZNRF2,0.8539933
440,91,TMEM97,FCHO2,0.8536815
440,611,TMEM97,ZEB2,0.8536815
440,537,TMEM97,TXNDC11,0.8532305
440,73,TMEM97,RORC,0.8440541
440,402,TMEM97,EIF1AD,0.84246594
440,534,TMEM97,MORC3,0.841697
440,210,TMEM97,PNO1,0.8400459
440,486,TMEM97,NFKBIA,0.8375348
440,50,TMEM97,NFAT5,0.83122295
440,33,TMEM97,CSTF2,0.8285952
440,200,TMEM97,IGTP,0.82490724
440,183,TMEM97,XAF1,0.82415015
440,504,TMEM97,IFI44,0.82415015
440,609,TMEM97,UBA7,0.82415015
440,363,TMEM97,MYC,0.81034416
440,177,TMEM97,RELB,0.80856025
440,216,TMEM97,CUL3,0.8047119
440,28,TMEM97,NFE2,0.7986066
207,200,TMX3,IGTP,0.9005612
207,28,TMX3,NFE2,0.898527
207,78,TMX3,MECOM,0.8978524
207,357,TMX3,MEIS1,0.8965181
207,486,TMX3,NFKBIA,0.8930066
207,137,TMX3,MYCN,0.89264584
207,57,TMX3,OASL2,0.8919729
207,277,TMX3,RTP4,0.8919665
207,183,TMX3,XAF1,0.8911302
207,504,TMX3,IFI44,0.89106536
207,609,TMX3,UBA7,0.89103055
207,410,TMX3,SMARCA2,0.88992393
207,283,TMX3,EGR1,0.88862544
207,518,TMX3,PHF10,0.8876054
207,150,TMX3,SORT1,0.88741124
207,524,TMX3,TBC1D10C,0.8873854
207,0,TMX3,OTUD6B,0.8873776
207,8,TMX3,ATAD1,0.8873776
207,128,TMX3,APLP2,0.8873776
207,396,TMX3,RUVBL2,0.8873776
207,432,TMX3,HDC,0.8873776
207,450,TMX3,MAGED1,0.8873776
207,514,TMX3,PAK1,0.887373
207,519,TMX3,AGPS,0.887373
207,595,TMX3,CSF3R,0.887373
207,81,TMX3,HDAC11,0.8864047
207,198,TMX3,NDN,0.88580745
207,404,TMX3,FTSJ3,0.88556534
207,33,TMX3,CSTF2,0.88539636
207,263,TMX3,JUN,0.8849589
207,441,TMX3,EBF1,0.8849567
207,362,TMX3,PTGS1,0.8849472
207,2,TMX3,PPP1R15A,0.88493514
207,140,TMX3,ANXA3,0.88493514
207,622,TMX3,KRT18,0.8848715
207,146,TMX3,SCARF1,0.88485056
207,564,TMX3,MFNG,0.88463753
207,136,TMX3,TACC3,0.8843721
207,553,TMX3,DHFR,0.88433236
207,367,TMX3,HCFC1,0.88417333
207,394,TMX3,MAPK1,0.8838879
207,251,TMX3,IRF6,0.8835824
207,34,TMX3,MAML3,0.8834645
207,554,TMX3,CDT1,0.8828956
207,590,TMX3,IL12A,0.882499
207,210,TMX3,PNO1,0.8824807
207,232,TMX3,ICAM1,0.88229084
207,440,TMX3,TMEM97,0.88200146
207,464,TMX3,ZNRF2,0.88194895
207,177,TMX3,RELB,0.88188285
446,28,TMX4,NFE2,0.8983655
446,357,TMX4,MEIS1,0.89641
446,78,TMX4,MECOM,0.8962374
446,137,TMX4,MYCN,0.89265543
446,450,TMX4,MAGED1,0.89204526
446,57,TMX4,OASL2,0.89194083
446,277,TMX4,RTP4,0.89192945
446,504,TMX4,IFI44,0.89110327
446,609,TMX4,UBA7,0.8910885
446,190,TMX4,RAD51,0.89060146
446,50,TMX4,NFAT5,0.8901037
446,410,TMX4,SMARCA2,0.8899257
446,283,TMX4,EGR1,0.88864714
446,518,TMX4,PHF10,0.88764507
446,8,TMX4,ATAD1,0.8874228
446,0,TMX4,OTUD6B,0.8873572
446,128,TMX4,APLP2,0.8873572
446,136,TMX4,TACC3,0.8873572
446,432,TMX4,HDC,0.8873572
446,514,TMX4,PAK1,0.8873572
446,519,TMX4,AGPS,0.8873572
446,524,TMX4,TBC1D10C,0.8873572
446,595,TMX4,CSF3R,0.8873572
446,150,TMX4,SORT1,0.88720065
446,81,TMX4,HDAC11,0.88636285
446,198,TMX4,NDN,0.8857979
446,404,TMX4,FTSJ3,0.8855358
446,263,TMX4,JUN,0.8849775
446,146,TMX4,SCARF1,0.8849424
446,2,TMX4,PPP1R15A,0.8849047
446,47,TMX4,FGL2,0.8849047
446,140,TMX4,ANXA3,0.8849047
446,194,TMX4,GOLPH3,0.8849047
446,362,TMX4,PTGS1,0.8849047
446,441,TMX4,EBF1,0.8849047
446,546,TMX4,PROCR,0.8849047
446,622,TMX4,KRT18,0.8849047
446,564,TMX4,MFNG,0.88447654
446,553,TMX4,DHFR,0.88437665
446,367,TMX4,HCFC1,0.88415414
446,394,TMX4,MAPK1,0.8838202
446,251,TMX4,IRF6,0.8836629
446,34,TMX4,MAML3,0.8834087
446,486,TMX4,NFKBIA,0.88339585
446,554,TMX4,CDT1,0.88287765
446,210,TMX4,PNO1,0.8825937
446,590,TMX4,IL12A,0.88253915
446,232,TMX4,ICAM1,0.88226277
446,440,TMX4,TMEM97,0.8819445
446,464,TMX4,ZNRF2,0.8819445
484,81,TNFRSF21,HDAC11,0.92484474
484,8,TNFRSF21,ATAD1,0.9240126
484,554,TNFRSF21,CDT1,0.92206335
484,331,TNFRSF21,PIM2,0.9210889
484,410,TNFRSF21,SMARCA2,0.9206828
484,519,TNFRSF21,AGPS,0.91971374
484,0,TNFRSF21,OTUD6B,0.919706
484,128,TNFRSF21,APLP2,0.919706
484,136,TNFRSF21,TACC3,0.919706
484,150,TNFRSF21,SORT1,0.919706
484,396,TNFRSF21,RUVBL2,0.919706
484,432,TNFRSF21,HDC,0.919706
484,450,TNFRSF21,MAGED1,0.919706
484,514,TNFRSF21,PAK1,0.919706
484,524,TNFRSF21,TBC1D10C,0.919706
484,595,TNFRSF21,CSF3R,0.919706
484,34,TNFRSF21,MAML3,0.91876304
484,199,TNFRSF21,E2F4,0.9176056
484,404,TNFRSF21,FTSJ3,0.9153777
484,209,TNFRSF21,ZBTB16,0.9137862
484,351,TNFRSF21,ERCC8,0.9131272
484,429,TNFRSF21,GFI1B,0.9130389
484,609,TNFRSF21,UBA7,0.911623
484,504,TNFRSF21,IFI44,0.91126215
484,200,TNFRSF21,IGTP,0.91124606
484,183,TNFRSF21,XAF1,0.9112189
484,475,TNFRSF21,BCL2,0.9079023
484,161,TNFRSF21,JARID2,0.9067696
484,292,TNFRSF21,HDAC7,0.90639305
484,255,TNFRSF21,CD74,0.9043453
484,289,TNFRSF21,GT(ROSA)26SOR,0.9043453
484,186,TNFRSF21,STT3B,0.9041575
484,440,TNFRSF21,TMEM97,0.9033778
484,464,TNFRSF21,ZNRF2,0.9033778
484,210,TNFRSF21,PNO1,0.90057766
484,73,TNFRSF21,RORC,0.8993226
484,439,TNFRSF21,DDX20,0.8926979
484,50,TNFRSF21,NFAT5,0.8926839
484,486,TNFRSF21,NFKBIA,0.89182293
484,402,TNFRSF21,EIF1AD,0.88912225
484,82,TNFRSF21,RB1,0.88470775
484,33,TNFRSF21,CSTF2,0.88430804
484,590,TNFRSF21,IL12A,0.8832582
484,580,TNFRSF21,MLLT3,0.8816514
484,293,TNFRSF21,IRF7,0.87872267
484,177,TNFRSF21,RELB,0.87771934
484,67,TNFRSF21,HDAC2,0.8775796
484,78,TNFRSF21,MECOM,0.8775579
484,277,TNFRSF21,RTP4,0.87729704
484,57,TNFRSF21,OASL2,0.87721264
56,28,TNIP3,NFE2,0.8983655
56,357,TNIP3,MEIS1,0.89649427
56,78,TNIP3,MECOM,0.8962374
56,137,TNIP3,MYCN,0.89262396
56,277,TNIP3,RTP4,0.891978
56,57,TNIP3,OASL2,0.89194083
56,183,TNIP3,XAF1,0.89110327
56,200,TNIP3,IGTP,0.89110327
56,504,TNIP3,IFI44,0.89110327
56,609,TNIP3,UBA7,0.89110327
56,410,TNIP3,SMARCA2,0.8899257
56,64,TNIP3,IRF9,0.888774
56,283,TNIP3,EGR1,0.88864714
56,518,TNIP3,PHF10,0.88764507
56,432,TNIP3,HDC,0.8873785
56,0,TNIP3,OTUD6B,0.8873572
56,8,TNIP3,ATAD1,0.8873572
56,128,TNIP3,APLP2,0.8873572
56,136,TNIP3,TACC3,0.8873572
56,450,TNIP3,MAGED1,0.8873572
56,514,TNIP3,PAK1,0.8873572
56,519,TNIP3,AGPS,0.8873572
56,595,TNIP3,CSF3R,0.8873572
56,150,TNIP3,SORT1,0.8872829
56,81,TNIP3,HDAC11,0.88636285
56,198,TNIP3,NDN,0.8857979
56,404,TNIP3,FTSJ3,0.8855358
56,33,TNIP3,CSTF2,0.8854538
56,263,TNIP3,JUN,0.8850158
56,546,TNIP3,PROCR,0.88494617
56,140,TNIP3,ANXA3,0.88492215
56,47,TNIP3,FGL2,0.8849047
56,146,TNIP3,SCARF1,0.8849047
56,194,TNIP3,GOLPH3,0.8849047
56,362,TNIP3,PTGS1,0.8849047
56,441,TNIP3,EBF1,0.8849047
56,622,TNIP3,KRT18,0.8849047
56,2,TNIP3,PPP1R15A,0.88483375
56,394,TNIP3,MAPK1,0.88481694
56,564,TNIP3,MFNG,0.88467485
56,190,TNIP3,RAD51,0.8843264
56,553,TNIP3,DHFR,0.8843264
56,367,TNIP3,HCFC1,0.88415396
56,251,TNIP3,IRF6,0.8836629
56,34,TNIP3,MAML3,0.8834213
56,486,TNIP3,NFKBIA,0.88339585
56,554,TNIP3,CDT1,0.88287765
56,590,TNIP3,IL12A,0.88253915
56,210,TNIP3,PNO1,0.8824361
56,232,TNIP3,ICAM1,0.88227135
74,189,TOP2A,MCM5,0.9705887
74,299,TOP2A,ORC2,0.9684553
74,290,TOP2A,POLD1,0.96837676
74,279,TOP2A,AURKB,0.9681617
74,21,TOP2A,RRM1,0.9677547
74,345,TOP2A,UHRF1,0.96647805
74,246,TOP2A,TK1,0.96576256
74,204,TOP2A,MCM2,0.9657319
74,500,TOP2A,MCM3,0.9653235
74,399,TOP2A,RRM2,0.963585
74,323,TOP2A,MCM4,0.96357596
74,497,TOP2A,TYMS,0.9632752
74,561,TOP2A,MCM7,0.9632478
74,350,TOP2A,MCM6,0.9630569
74,240,TOP2A,RPA2,0.962361
74,297,TOP2A,LIG1,0.9622741
74,273,TOP2A,FIGNL1,0.9622611
74,42,TOP2A,HMGB2,0.9615141
74,266,TOP2A,MSH6,0.96133727
74,411,TOP2A,CDC45,0.96109354
74,53,TOP2A,ORC6,0.96054524
74,620,TOP2A,TIPIN,0.9605383
74,226,TOP2A,POLR2B,0.9605189
74,610,TOP2A,PRIM2,0.96051335
74,478,TOP2A,MKI67,0.9604353
74,102,TOP2A,PRIM1,0.9600717
74,30,TOP2A,PBK,0.9596696
74,230,TOP2A,TOP3B,0.9595273
74,407,TOP2A,CDC7,0.9588141
74,510,TOP2A,XRCC6,0.9584795
74,86,TOP2A,RANGAP1,0.9572153
74,68,TOP2A,MIS18BP1,0.9567943
74,430,TOP2A,SEH1L,0.9567943
74,414,TOP2A,CENPK,0.95679146
74,361,TOP2A,CCNB2,0.9549289
74,182,TOP2A,RPA1,0.9547593
74,537,TOP2A,TXNDC11,0.95163214
74,611,TOP2A,ZEB2,0.95163214
74,91,TOP2A,FCHO2,0.95158154
74,118,TOP2A,MIS12,0.9510822
74,439,TOP2A,DDX20,0.9430023
74,292,TOP2A,HDAC7,0.93759155
74,82,TOP2A,RB1,0.9360816
74,621,TOP2A,SNRPB,0.9227964
74,534,TOP2A,MORC3,0.9129449
74,206,TOP2A,ZDHHC6,0.9118895
74,34,TOP2A,MAML3,0.91037416
74,475,TOP2A,BCL2,0.8856754
74,81,TOP2A,HDAC11,0.87291443
74,209,TOP2A,ZBTB16,0.8648205
230,299,TOP3B,ORC2,0.9542314
230,189,TOP3B,MCM5,0.95413274
230,279,TOP3B,AURKB,0.9528007
230,74,TOP3B,TOP2A,0.9527372
230,21,TOP3B,RRM1,0.9525497
230,246,TOP3B,TK1,0.9511674
230,345,TOP3B,UHRF1,0.9510031
230,500,TOP3B,MCM3,0.9502663
230,290,TOP3B,POLD1,0.9493996
230,497,TOP3B,TYMS,0.9485069
230,323,TOP3B,MCM4,0.9484455
230,204,TOP3B,MCM2,0.94838023
230,561,TOP3B,MCM7,0.9477654
230,439,TOP3B,DDX20,0.94763446
230,226,TOP3B,POLR2B,0.9474282
230,611,TOP3B,ZEB2,0.94692427
230,297,TOP3B,LIG1,0.9468387
230,399,TOP3B,RRM2,0.9467441
230,350,TOP3B,MCM6,0.9466915
230,537,TOP3B,TXNDC11,0.9463899
230,273,TOP3B,FIGNL1,0.94626456
230,266,TOP3B,MSH6,0.94564
230,182,TOP3B,RPA1,0.944966
230,53,TOP3B,ORC6,0.94496536
230,411,TOP3B,CDC45,0.9447456
230,478,TOP3B,MKI67,0.9443088
230,620,TOP3B,TIPIN,0.94422996
230,91,TOP3B,FCHO2,0.943526
230,292,TOP3B,HDAC7,0.9435008
230,610,TOP3B,PRIM2,0.9430202
230,407,TOP3B,CDC7,0.94216716
230,30,TOP3B,PBK,0.9411078
230,102,TOP3B,PRIM1,0.94033706
230,240,TOP3B,RPA2,0.94024277
230,42,TOP3B,HMGB2,0.9393687
230,86,TOP3B,RANGAP1,0.9390378
230,510,TOP3B,XRCC6,0.938506
230,82,TOP3B,RB1,0.9380672
230,361,TOP3B,CCNB2,0.9345049
230,414,TOP3B,CENPK,0.93044436
230,68,TOP3B,MIS18BP1,0.9302836
230,259,TOP3B,NUP107,0.9302787
230,430,TOP3B,SEH1L,0.92948914
230,118,TOP3B,MIS12,0.9273946
230,621,TOP3B,SNRPB,0.92599404
230,206,TOP3B,ZDHHC6,0.9227671
230,34,TOP3B,MAML3,0.92051387
230,534,TOP3B,MORC3,0.90694606
230,475,TOP3B,BCL2,0.90236694
230,209,TOP3B,ZBTB16,0.88442206
83,34,TOPORS,MAML3,0.9263805
83,81,TOPORS,HDAC11,0.9234371
83,396,TOPORS,RUVBL2,0.9227325
83,209,TOPORS,ZBTB16,0.9189912
83,554,TOPORS,CDT1,0.9187367
83,410,TOPORS,SMARCA2,0.9165259
83,0,TOPORS,OTUD6B,0.9163305
83,8,TOPORS,ATAD1,0.9163305
83,128,TOPORS,APLP2,0.9163305
83,150,TOPORS,SORT1,0.9163305
83,432,TOPORS,HDC,0.9163305
83,519,TOPORS,AGPS,0.9163305
83,514,TOPORS,PAK1,0.9163098
83,595,TOPORS,CSF3R,0.91628885
83,292,TOPORS,HDAC7,0.9159325
83,331,TOPORS,PIM2,0.9128384
83,199,TOPORS,E2F4,0.9123305
83,404,TOPORS,FTSJ3,0.91132873
83,475,TOPORS,BCL2,0.9112045
83,351,TOPORS,ERCC8,0.9091768
83,186,TOPORS,STT3B,0.90852463
83,429,TOPORS,GFI1B,0.90816927
83,450,TOPORS,MAGED1,0.90661997
83,524,TOPORS,TBC1D10C,0.90661997
83,439,TOPORS,DDX20,0.904785
83,161,TOPORS,JARID2,0.9005618
83,200,TOPORS,IGTP,0.89766216
83,504,TOPORS,IFI44,0.89766216
83,609,TOPORS,UBA7,0.89766216
83,183,TOPORS,XAF1,0.89753807
83,255,TOPORS,CD74,0.8963839
83,289,TOPORS,GT(ROSA)26SOR,0.8963496
83,82,TOPORS,RB1,0.89625996
83,440,TOPORS,TMEM97,0.89247197
83,464,TOPORS,ZNRF2,0.89247197
83,73,TOPORS,RORC,0.8868355
83,210,TOPORS,PNO1,0.8866588
83,137,TOPORS,MYCN,0.8849705
83,402,TOPORS,EIF1AD,0.8822523
83,50,TOPORS,NFAT5,0.88187414
83,206,TOPORS,ZDHHC6,0.8789005
83,33,TOPORS,CSTF2,0.8748157
83,136,TOPORS,TACC3,0.87358266
83,590,TOPORS,IL12A,0.86922836
83,363,TOPORS,MYC,0.8671873
83,91,TOPORS,FCHO2,0.865528
83,611,TOPORS,ZEB2,0.865528
83,537,TOPORS,TXNDC11,0.8654695
83,177,TOPORS,RELB,0.862486
83,216,TOPORS,CUL3,0.8612878
152,28,TOR3A,NFE2,0.8983655
152,357,TOR3A,MEIS1,0.89649427
152,78,TOR3A,MECOM,0.8962374
152,137,TOR3A,MYCN,0.89242125
152,57,TOR3A,OASL2,0.89194083
152,277,TOR3A,RTP4,0.89194053
152,183,TOR3A,XAF1,0.89110327
152,200,TOR3A,IGTP,0.89110327
152,504,TOR3A,IFI44,0.89110327
152,609,TOR3A,UBA7,0.89106596
152,410,TOR3A,SMARCA2,0.8899257
152,283,TOR3A,EGR1,0.88864714
152,518,TOR3A,PHF10,0.88764507
152,0,TOR3A,OTUD6B,0.8873572
152,8,TOR3A,ATAD1,0.8873572
152,150,TOR3A,SORT1,0.8873572
152,396,TOR3A,RUVBL2,0.8873572
152,450,TOR3A,MAGED1,0.8873572
152,519,TOR3A,AGPS,0.8873572
152,524,TOR3A,TBC1D10C,0.8873572
152,595,TOR3A,CSF3R,0.8873572
152,128,TOR3A,APLP2,0.8873564
152,136,TOR3A,TACC3,0.8871388
152,514,TOR3A,PAK1,0.88710934
152,232,TOR3A,ICAM1,0.8870052
152,432,TOR3A,HDC,0.8865584
152,81,TOR3A,HDAC11,0.88636285
152,198,TOR3A,NDN,0.8857979
152,47,TOR3A,FGL2,0.88568705
152,404,TOR3A,FTSJ3,0.8855358
152,263,TOR3A,JUN,0.884927
152,2,TOR3A,PPP1R15A,0.8849047
152,140,TOR3A,ANXA3,0.8849047
152,146,TOR3A,SCARF1,0.8849047
152,194,TOR3A,GOLPH3,0.8849047
152,362,TOR3A,PTGS1,0.8849047
152,441,TOR3A,EBF1,0.8849047
152,546,TOR3A,PROCR,0.8849047
152,622,TOR3A,KRT18,0.8849047
152,564,TOR3A,MFNG,0.8843522
152,190,TOR3A,RAD51,0.8843264
152,553,TOR3A,DHFR,0.8842965
152,367,TOR3A,HCFC1,0.8840827
152,251,TOR3A,IRF6,0.88364166
152,34,TOR3A,MAML3,0.8834213
152,486,TOR3A,NFKBIA,0.88339585
152,590,TOR3A,IL12A,0.88253915
152,210,TOR3A,PNO1,0.8824361
152,440,TOR3A,TMEM97,0.8819445
152,464,TOR3A,ZNRF2,0.8819445
172,404,TPM4,FTSJ3,0.9053575
172,81,TPM4,HDAC11,0.9053055
172,34,TPM4,MAML3,0.90444607
172,595,TPM4,CSF3R,0.9034272
172,519,TPM4,AGPS,0.90334654
172,136,TPM4,TACC3,0.9033299
172,0,TPM4,OTUD6B,0.90332067
172,8,TPM4,ATAD1,0.90332067
172,128,TPM4,APLP2,0.90332067
172,150,TPM4,SORT1,0.90332067
172,396,TPM4,RUVBL2,0.90332067
172,432,TPM4,HDC,0.90332067
172,450,TPM4,MAGED1,0.90332067
172,514,TPM4,PAK1,0.90332067
172,524,TPM4,TBC1D10C,0.90332067
172,210,TPM4,PNO1,0.9024711
172,554,TPM4,CDT1,0.9014743
172,367,TPM4,HCFC1,0.90090716
172,28,TPM4,NFE2,0.90083975
172,440,TPM4,TMEM97,0.90034163
172,464,TPM4,ZNRF2,0.90034163
172,33,TPM4,CSTF2,0.8998515
172,518,TPM4,PHF10,0.899394
172,137,TPM4,MYCN,0.89934826
172,357,TPM4,MEIS1,0.89886874
172,429,TPM4,GFI1B,0.8987865
172,78,TPM4,MECOM,0.8985772
172,161,TPM4,JARID2,0.8963469
172,292,TPM4,HDAC7,0.89612085
172,177,TPM4,RELB,0.8951564
172,277,TPM4,RTP4,0.89467597
172,57,TPM4,OASL2,0.8946753
172,488,TPM4,FGFR1OP,0.89461213
172,199,TPM4,E2F4,0.89458704
172,564,TPM4,MFNG,0.89457273
172,73,TPM4,RORC,0.89436996
172,331,TPM4,PIM2,0.89375514
172,209,TPM4,ZBTB16,0.89362586
172,376,TPM4,ATF7,0.892682
172,183,TPM4,XAF1,0.89236355
172,200,TPM4,IGTP,0.89236355
172,504,TPM4,IFI44,0.89236355
172,609,TPM4,UBA7,0.89235795
172,486,TPM4,NFKBIA,0.8923109
172,347,TPM4,RNF4,0.8920754
172,318,TPM4,GANAB,0.89171356
172,255,TPM4,CD74,0.8912999
172,289,TPM4,GT(ROSA)26SOR,0.8912999
172,283,TPM4,EGR1,0.89110464
172,392,TPM4,DCAF13,0.89012533
94,410,TRIB3,SMARCA2,0.89284736
94,78,TRIB3,MECOM,0.8905197
94,177,TRIB3,RELB,0.89015895
94,357,TRIB3,MEIS1,0.8861036
94,50,TRIB3,NFAT5,0.8860815
94,28,TRIB3,NFE2,0.88581276
94,486,TRIB3,NFKBIA,0.88554394
94,440,TRIB3,TMEM97,0.8851178
94,464,TRIB3,ZNRF2,0.8851178
94,367,TRIB3,HCFC1,0.88481647
94,73,TRIB3,RORC,0.88073915
94,161,TRIB3,JARID2,0.88009024
94,318,TRIB3,GANAB,0.8798687
94,263,TRIB3,JUN,0.87776107
94,289,TRIB3,GT(ROSA)26SOR,0.877496
94,432,TRIB3,HDC,0.8772508
94,0,TRIB3,OTUD6B,0.8772503
94,8,TRIB3,ATAD1,0.8772503
94,128,TRIB3,APLP2,0.8772503
94,136,TRIB3,TACC3,0.8772503
94,150,TRIB3,SORT1,0.8772503
94,396,TRIB3,RUVBL2,0.8772503
94,450,TRIB3,MAGED1,0.8772503
94,514,TRIB3,PAK1,0.8772503
94,519,TRIB3,AGPS,0.8772503
94,524,TRIB3,TBC1D10C,0.8772503
94,595,TRIB3,CSF3R,0.8772503
94,590,TRIB3,IL12A,0.8770391
94,255,TRIB3,CD74,0.87698436
94,283,TRIB3,EGR1,0.8752376
94,33,TRIB3,CSTF2,0.8751459
94,57,TRIB3,OASL2,0.8738033
94,277,TRIB3,RTP4,0.8737486
94,183,TRIB3,XAF1,0.87317157
94,200,TRIB3,IGTP,0.87317157
94,504,TRIB3,IFI44,0.87317157
94,609,TRIB3,UBA7,0.87317157
94,363,TRIB3,MYC,0.8731636
94,559,TRIB3,RUNX1T1,0.87269104
94,210,TRIB3,PNO1,0.8718999
94,606,TRIB3,ELP2,0.87035656
94,47,TRIB3,FGL2,0.8679645
94,2,TRIB3,PPP1R15A,0.8679164
94,146,TRIB3,SCARF1,0.8679164
94,194,TRIB3,GOLPH3,0.8679164
94,362,TRIB3,PTGS1,0.8679164
94,441,TRIB3,EBF1,0.8679164
94,546,TRIB3,PROCR,0.8679164
94,622,TRIB3,KRT18,0.8679164
94,429,TRIB3,GFI1B,0.866796
180,28,TRIM35,NFE2,0.8983655
180,357,TRIM35,MEIS1,0.89649427
180,78,TRIM35,MECOM,0.8962374
180,137,TRIM35,MYCN,0.89261484
180,150,TRIM35,SORT1,0.89204526
180,57,TRIM35,OASL2,0.89194083
180,277,TRIM35,RTP4,0.89194053
180,609,TRIM35,UBA7,0.8911281
180,183,TRIM35,XAF1,0.89110327
180,200,TRIM35,IGTP,0.89110327
180,504,TRIM35,IFI44,0.89110327
180,410,TRIM35,SMARCA2,0.8897666
180,283,TRIM35,EGR1,0.88864714
180,518,TRIM35,PHF10,0.88764507
180,128,TRIM35,APLP2,0.8873572
180,136,TRIM35,TACC3,0.8873572
180,450,TRIM35,MAGED1,0.8873572
180,514,TRIM35,PAK1,0.8873572
180,519,TRIM35,AGPS,0.8873572
180,524,TRIM35,TBC1D10C,0.8873572
180,595,TRIM35,CSF3R,0.8873572
180,8,TRIM35,ATAD1,0.8872954
180,432,TRIM35,HDC,0.8872954
180,81,TRIM35,HDAC11,0.8864017
180,198,TRIM35,NDN,0.8857979
180,404,TRIM35,FTSJ3,0.8855358
180,33,TRIM35,CSTF2,0.8854538
180,559,TRIM35,RUNX1T1,0.88544506
180,263,TRIM35,JUN,0.88511646
180,362,TRIM35,PTGS1,0.8849568
180,2,TRIM35,PPP1R15A,0.88494617
180,194,TRIM35,GOLPH3,0.8849264
180,441,TRIM35,EBF1,0.8849098
180,47,TRIM35,FGL2,0.8849047
180,140,TRIM35,ANXA3,0.8849047
180,146,TRIM35,SCARF1,0.8849047
180,546,TRIM35,PROCR,0.8849047
180,622,TRIM35,KRT18,0.8849047
180,564,TRIM35,MFNG,0.88467485
180,190,TRIM35,RAD51,0.8843264
180,553,TRIM35,DHFR,0.8843264
180,367,TRIM35,HCFC1,0.88415396
180,0,TRIM35,OTUD6B,0.8838675
180,394,TRIM35,MAPK1,0.8838468
180,251,TRIM35,IRF6,0.8836629
180,34,TRIM35,MAML3,0.8834213
180,486,TRIM35,NFKBIA,0.8833867
180,554,TRIM35,CDT1,0.88287765
180,590,TRIM35,IL12A,0.88253915
180,210,TRIM35,PNO1,0.8824442
130,28,TRIM47,NFE2,0.8983655
130,357,TRIM47,MEIS1,0.89649427
130,78,TRIM47,MECOM,0.8963554
130,622,TRIM47,KRT18,0.8935833
130,137,TRIM47,MYCN,0.892618
130,57,TRIM47,OASL2,0.89194083
130,277,TRIM47,RTP4,0.89194053
130,504,TRIM47,IFI44,0.89113486
130,609,TRIM47,UBA7,0.8911281
130,183,TRIM47,XAF1,0.89110327
130,200,TRIM47,IGTP,0.89110327
130,410,TRIM47,SMARCA2,0.8899257
130,283,TRIM47,EGR1,0.88864714
130,518,TRIM47,PHF10,0.88764507
130,432,TRIM47,HDC,0.8873755
130,524,TRIM47,TBC1D10C,0.88735867
130,8,TRIM47,ATAD1,0.8873572
130,128,TRIM47,APLP2,0.8873572
130,150,TRIM47,SORT1,0.8873572
130,396,TRIM47,RUVBL2,0.8873572
130,450,TRIM47,MAGED1,0.8873572
130,514,TRIM47,PAK1,0.8873572
130,595,TRIM47,CSF3R,0.8873572
130,136,TRIM47,TACC3,0.88732266
130,0,TRIM47,OTUD6B,0.8872543
130,81,TRIM47,HDAC11,0.88636285
130,198,TRIM47,NDN,0.8857979
130,404,TRIM47,FTSJ3,0.8855358
130,263,TRIM47,JUN,0.884927
130,2,TRIM47,PPP1R15A,0.8849047
130,47,TRIM47,FGL2,0.8849047
130,140,TRIM47,ANXA3,0.8849047
130,146,TRIM47,SCARF1,0.8849047
130,194,TRIM47,GOLPH3,0.8849047
130,441,TRIM47,EBF1,0.8849047
130,546,TRIM47,PROCR,0.8849047
130,362,TRIM47,PTGS1,0.88490117
130,251,TRIM47,IRF6,0.88486606
130,564,TRIM47,MFNG,0.88467485
130,519,TRIM47,AGPS,0.88435096
130,190,TRIM47,RAD51,0.8843264
130,553,TRIM47,DHFR,0.8843264
130,367,TRIM47,HCFC1,0.88415396
130,394,TRIM47,MAPK1,0.8838468
130,34,TRIM47,MAML3,0.8834213
130,486,TRIM47,NFKBIA,0.88339585
130,554,TRIM47,CDT1,0.88287765
130,590,TRIM47,IL12A,0.88253915
130,210,TRIM47,PNO1,0.8824361
130,232,TRIM47,ICAM1,0.88227135
272,28,TRIM59,NFE2,0.8983655
272,357,TRIM59,MEIS1,0.8964544
272,137,TRIM59,MYCN,0.89262396
272,150,TRIM59,SORT1,0.89204526
272,450,TRIM59,MAGED1,0.8920358
272,57,TRIM59,OASL2,0.89194083
272,277,TRIM59,RTP4,0.89182997
272,200,TRIM59,IGTP,0.89128894
272,183,TRIM59,XAF1,0.89110327
272,504,TRIM59,IFI44,0.89110327
272,609,TRIM59,UBA7,0.89110327
272,410,TRIM59,SMARCA2,0.8899257
272,283,TRIM59,EGR1,0.88864595
272,441,TRIM59,EBF1,0.88852304
272,518,TRIM59,PHF10,0.88764507
272,514,TRIM59,PAK1,0.8874021
272,0,TRIM59,OTUD6B,0.8873572
272,128,TRIM59,APLP2,0.8873572
272,396,TRIM59,RUVBL2,0.8873572
272,519,TRIM59,AGPS,0.8873572
272,524,TRIM59,TBC1D10C,0.8873572
272,8,TRIM59,ATAD1,0.887242
272,432,TRIM59,HDC,0.88720065
272,79,TRIM59,STAT2,0.8867302
272,81,TRIM59,HDAC11,0.88636285
272,198,TRIM59,NDN,0.8857979
272,404,TRIM59,FTSJ3,0.8855358
272,33,TRIM59,CSTF2,0.8854538
272,263,TRIM59,JUN,0.884927
272,2,TRIM59,PPP1R15A,0.8849047
272,47,TRIM59,FGL2,0.8849047
272,140,TRIM59,ANXA3,0.8849047
272,146,TRIM59,SCARF1,0.8849047
272,194,TRIM59,GOLPH3,0.8849047
272,362,TRIM59,PTGS1,0.8848948
272,622,TRIM59,KRT18,0.88483375
272,546,TRIM59,PROCR,0.88477767
272,564,TRIM59,MFNG,0.88467485
272,190,TRIM59,RAD51,0.8843264
272,553,TRIM59,DHFR,0.8843264
272,367,TRIM59,HCFC1,0.88415396
272,394,TRIM59,MAPK1,0.8838468
272,34,TRIM59,MAML3,0.88346165
272,486,TRIM59,NFKBIA,0.88339585
272,554,TRIM59,CDT1,0.88287765
272,590,TRIM59,IL12A,0.8825971
272,210,TRIM59,PNO1,0.8824361
272,232,TRIM59,ICAM1,0.88227135
272,440,TRIM59,TMEM97,0.8819445
272,464,TRIM59,ZNRF2,0.8819445
98,34,TRMT11,MAML3,0.92634994
98,81,TRMT11,HDAC11,0.92335933
98,209,TRMT11,ZBTB16,0.91899586
98,554,TRMT11,CDT1,0.9188107
98,8,TRMT11,ATAD1,0.9164383
98,0,TRMT11,OTUD6B,0.9163152
98,136,TRMT11,TACC3,0.9163152
98,396,TRMT11,RUVBL2,0.9163152
98,432,TRMT11,HDC,0.9163152
98,450,TRMT11,MAGED1,0.9163152
98,514,TRMT11,PAK1,0.9163152
98,519,TRMT11,AGPS,0.9163152
98,524,TRMT11,TBC1D10C,0.9163152
98,595,TRMT11,CSF3R,0.9163152
98,150,TRMT11,SORT1,0.916308
98,128,TRMT11,APLP2,0.91621983
98,292,TRMT11,HDAC7,0.9159925
98,410,TRMT11,SMARCA2,0.9142291
98,199,TRMT11,E2F4,0.91231453
98,404,TRMT11,FTSJ3,0.9113256
98,475,TRMT11,BCL2,0.9109395
98,331,TRMT11,PIM2,0.909394
98,351,TRMT11,ERCC8,0.90917355
98,186,TRMT11,STT3B,0.9085332
98,429,TRMT11,GFI1B,0.9081622
98,439,TRMT11,DDX20,0.9048647
98,161,TRMT11,JARID2,0.9005329
98,183,TRMT11,XAF1,0.8976076
98,200,TRMT11,IGTP,0.8976076
98,504,TRMT11,IFI44,0.8976076
98,609,TRMT11,UBA7,0.8976076
98,289,TRMT11,GT(ROSA)26SOR,0.89635116
98,255,TRMT11,CD74,0.89633495
98,82,TRMT11,RB1,0.8962825
98,464,TRMT11,ZNRF2,0.8926508
98,440,TRMT11,TMEM97,0.8924374
98,73,TRMT11,RORC,0.8885714
98,210,TRMT11,PNO1,0.8866723
98,137,TRMT11,MYCN,0.8848964
98,486,TRMT11,NFKBIA,0.8838738
98,402,TRMT11,EIF1AD,0.8822403
98,50,TRMT11,NFAT5,0.8818362
98,206,TRMT11,ZDHHC6,0.8789791
98,33,TRMT11,CSTF2,0.8747838
98,590,TRMT11,IL12A,0.8691792
98,363,TRMT11,MYC,0.86716974
98,91,TRMT11,FCHO2,0.8656176
98,537,TRMT11,TXNDC11,0.8656176
98,611,TRMT11,ZEB2,0.8656176
98,177,TRMT11,RELB,0.8624727
538,524,TRP53I11,TBC1D10C,0.9193641
538,410,TRP53I11,SMARCA2,0.9190892
538,210,TRP53I11,PNO1,0.91319335
538,440,TRP53I11,TMEM97,0.9131083
538,464,TRP53I11,ZNRF2,0.9131083
538,161,TRP53I11,JARID2,0.9121301
538,554,TRP53I11,CDT1,0.91186774
538,429,TRP53I11,GFI1B,0.9118389
538,78,TRP53I11,MECOM,0.9109336
538,73,TRP53I11,RORC,0.9108967
538,136,TRP53I11,TACC3,0.90793556
538,150,TRP53I11,SORT1,0.9079138
538,0,TRP53I11,OTUD6B,0.90781814
538,8,TRP53I11,ATAD1,0.90781814
538,128,TRP53I11,APLP2,0.90781814
538,396,TRP53I11,RUVBL2,0.90781814
538,432,TRP53I11,HDC,0.90781814
538,450,TRP53I11,MAGED1,0.90781814
538,514,TRP53I11,PAK1,0.90781814
538,519,TRP53I11,AGPS,0.90781814
538,595,TRP53I11,CSF3R,0.90781814
538,255,TRP53I11,CD74,0.90772235
538,486,TRP53I11,NFKBIA,0.90755856
538,200,TRP53I11,IGTP,0.9063627
538,504,TRP53I11,IFI44,0.90627587
538,609,TRP53I11,UBA7,0.90627587
538,183,TRP53I11,XAF1,0.9062023
538,81,TRP53I11,HDAC11,0.9051994
538,177,TRP53I11,RELB,0.9042982
538,67,TRP53I11,HDAC2,0.90376556
538,50,TRP53I11,NFAT5,0.90326804
538,33,TRP53I11,CSTF2,0.90277356
538,137,TRP53I11,MYCN,0.90221363
538,331,TRP53I11,PIM2,0.9015799
538,318,TRP53I11,GANAB,0.90134287
538,263,TRP53I11,JUN,0.900913
538,277,TRP53I11,RTP4,0.899565
538,57,TRP53I11,OASL2,0.89956325
538,28,TRP53I11,NFE2,0.89919555
538,404,TRP53I11,FTSJ3,0.8989775
538,590,TRP53I11,IL12A,0.89745885
538,363,TRP53I11,MYC,0.8973507
538,199,TRP53I11,E2F4,0.89547956
538,34,TRP53I11,MAML3,0.89525676
538,367,TRP53I11,HCFC1,0.89502114
538,488,TRP53I11,FGFR1OP,0.89477664
538,518,TRP53I11,PHF10,0.89175403
538,559,TRP53I11,RUNX1T1,0.8917136
538,165,TRP53I11,GTF2H1,0.8910064
538,251,TRP53I11,IRF6,0.8908244
593,396,TRPC6,RUVBL2,0.9019733
593,28,TRPC6,NFE2,0.8983655
593,357,TRPC6,MEIS1,0.89649427
593,78,TRPC6,MECOM,0.8962374
593,137,TRPC6,MYCN,0.89262396
593,277,TRPC6,RTP4,0.89194053
593,200,TRPC6,IGTP,0.89113456
593,183,TRPC6,XAF1,0.89110327
593,504,TRPC6,IFI44,0.89110327
593,609,TRPC6,UBA7,0.89110327
593,410,TRPC6,SMARCA2,0.8899257
593,283,TRPC6,EGR1,0.88864714
593,518,TRPC6,PHF10,0.88764507
593,0,TRPC6,OTUD6B,0.8873572
593,8,TRPC6,ATAD1,0.8873572
593,128,TRPC6,APLP2,0.8873572
593,136,TRPC6,TACC3,0.8873572
593,150,TRPC6,SORT1,0.8873572
593,432,TRPC6,HDC,0.8873572
593,450,TRPC6,MAGED1,0.8873572
593,514,TRPC6,PAK1,0.8873572
593,519,TRPC6,AGPS,0.8873572
593,524,TRPC6,TBC1D10C,0.8873572
593,595,TRPC6,CSF3R,0.8873572
593,81,TRPC6,HDAC11,0.88636285
593,564,TRPC6,MFNG,0.8855843
593,404,TRPC6,FTSJ3,0.8855358
593,33,TRPC6,CSTF2,0.8854538
593,146,TRPC6,SCARF1,0.88500655
593,263,TRPC6,JUN,0.884927
593,2,TRPC6,PPP1R15A,0.8849047
593,47,TRPC6,FGL2,0.8849047
593,140,TRPC6,ANXA3,0.8849047
593,362,TRPC6,PTGS1,0.8849047
593,441,TRPC6,EBF1,0.8849047
593,546,TRPC6,PROCR,0.8849047
593,622,TRPC6,KRT18,0.8849047
593,194,TRPC6,GOLPH3,0.8848913
593,553,TRPC6,DHFR,0.8843902
593,190,TRPC6,RAD51,0.8843264
593,367,TRPC6,HCFC1,0.88415396
593,34,TRPC6,MAML3,0.8836959
593,251,TRPC6,IRF6,0.8836629
593,486,TRPC6,NFKBIA,0.88339585
593,554,TRPC6,CDT1,0.88287765
593,590,TRPC6,IL12A,0.88253915
593,210,TRPC6,PNO1,0.8824361
593,232,TRPC6,ICAM1,0.8823351
593,440,TRPC6,TMEM97,0.8819178
593,177,TRPC6,RELB,0.8818608
358,404,TRPS1,FTSJ3,0.9273254
358,209,TRPS1,ZBTB16,0.92617756
358,554,TRPS1,CDT1,0.925534
358,410,TRPS1,SMARCA2,0.923339
358,81,TRPS1,HDAC11,0.9226978
358,128,TRPS1,APLP2,0.9221238
358,0,TRPS1,OTUD6B,0.9207294
358,8,TRPS1,ATAD1,0.9207294
358,136,TRPS1,TACC3,0.9207294
358,150,TRPS1,SORT1,0.9207294
358,396,TRPS1,RUVBL2,0.9207294
358,432,TRPS1,HDC,0.9207294
358,450,TRPS1,MAGED1,0.9207294
358,519,TRPS1,AGPS,0.9207294
358,524,TRPS1,TBC1D10C,0.9207294
358,595,TRPS1,CSF3R,0.9207291
358,514,TRPS1,PAK1,0.92063975
358,199,TRPS1,E2F4,0.9206015
358,464,TRPS1,ZNRF2,0.9187794
358,440,TRPS1,TMEM97,0.9187352
358,210,TRPS1,PNO1,0.91869676
358,429,TRPS1,GFI1B,0.9181277
358,331,TRPS1,PIM2,0.9179778
358,34,TRPS1,MAML3,0.9123898
358,255,TRPS1,CD74,0.9119229
358,289,TRPS1,GT(ROSA)26SOR,0.9119127
358,73,TRPS1,RORC,0.910017
358,200,TRPS1,IGTP,0.90949935
358,183,TRPS1,XAF1,0.9093815
358,609,TRPS1,UBA7,0.9093815
358,504,TRPS1,IFI44,0.90930295
358,486,TRPS1,NFKBIA,0.90644205
358,161,TRPS1,JARID2,0.90626276
358,351,TRPS1,ERCC8,0.90602285
358,50,TRPS1,NFAT5,0.90260667
358,67,TRPS1,HDAC2,0.9019682
358,33,TRPS1,CSTF2,0.9015533
358,475,TRPS1,BCL2,0.9004082
358,318,TRPS1,GANAB,0.8995246
358,177,TRPS1,RELB,0.89951134
358,292,TRPS1,HDAC7,0.89910007
358,402,TRPS1,EIF1AD,0.89894164
358,78,TRPS1,MECOM,0.8985134
358,186,TRPS1,STT3B,0.8967062
358,590,TRPS1,IL12A,0.896594
358,277,TRPS1,RTP4,0.8963949
358,57,TRPS1,OASL2,0.89639235
358,165,TRPS1,GTF2H1,0.8957454
358,363,TRPS1,MYC,0.89540136
358,357,TRPS1,MEIS1,0.89502764
409,128,TSC22D3,APLP2,0.9142082
409,524,TSC22D3,TBC1D10C,0.9140972
409,28,TSC22D3,NFE2,0.9099437
409,357,TSC22D3,MEIS1,0.90789604
409,137,TSC22D3,MYCN,0.90746117
409,78,TSC22D3,MECOM,0.90518564
409,57,TSC22D3,OASL2,0.904817
409,277,TSC22D3,RTP4,0.90481657
409,183,TSC22D3,XAF1,0.9043395
409,200,TSC22D3,IGTP,0.9042896
409,609,TSC22D3,UBA7,0.9041937
409,504,TSC22D3,IFI44,0.9041429
409,410,TSC22D3,SMARCA2,0.9029327
409,518,TSC22D3,PHF10,0.9013247
409,0,TSC22D3,OTUD6B,0.9012984
409,283,TSC22D3,EGR1,0.90064204
409,33,TSC22D3,CSTF2,0.8973689
409,150,TSC22D3,SORT1,0.8972584
409,595,TSC22D3,CSF3R,0.8972466
409,8,TSC22D3,ATAD1,0.8972354
409,396,TSC22D3,RUVBL2,0.8972354
409,432,TSC22D3,HDC,0.8972354
409,450,TSC22D3,MAGED1,0.8972354
409,514,TSC22D3,PAK1,0.8972351
409,136,TSC22D3,TACC3,0.89711887
409,367,TSC22D3,HCFC1,0.8968247
409,251,TSC22D3,IRF6,0.89666647
409,485,TSC22D3,ABL1,0.896181
409,590,TSC22D3,IL12A,0.8955393
409,263,TSC22D3,JUN,0.8954823
409,232,TSC22D3,ICAM1,0.8953212
409,564,TSC22D3,MFNG,0.895263
409,210,TSC22D3,PNO1,0.8952028
409,81,TSC22D3,HDAC11,0.8946577
409,519,TSC22D3,AGPS,0.8943997
409,486,TSC22D3,NFKBIA,0.894088
409,177,TSC22D3,RELB,0.89403605
409,464,TSC22D3,ZNRF2,0.8938346
409,440,TSC22D3,TMEM97,0.8938074
409,306,TSC22D3,MYCT1,0.8937582
409,554,TSC22D3,CDT1,0.8936695
409,441,TSC22D3,EBF1,0.89357847
409,394,TSC22D3,MAPK1,0.89345527
409,47,TSC22D3,FGL2,0.8934332
409,146,TSC22D3,SCARF1,0.8934332
409,194,TSC22D3,GOLPH3,0.8934332
409,546,TSC22D3,PROCR,0.8934332
409,622,TSC22D3,KRT18,0.8934332
409,140,TSC22D3,ANXA3,0.8933808
409,580,TSC22D3,MLLT3,0.89284974
38,357,TSPAN14,MEIS1,0.89642894
38,137,TSPAN14,MYCN,0.89262396
38,57,TSPAN14,OASL2,0.89194083
38,277,TSPAN14,RTP4,0.89194053
38,183,TSPAN14,XAF1,0.89110327
38,609,TSPAN14,UBA7,0.89110327
38,200,TSPAN14,IGTP,0.8910898
38,34,TSPAN14,MAML3,0.89054924
38,410,TSPAN14,SMARCA2,0.8899257
38,283,TSPAN14,EGR1,0.88864714
38,78,TSPAN14,MECOM,0.8879222
38,140,TSPAN14,ANXA3,0.8877067
38,518,TSPAN14,PHF10,0.88764507
38,524,TSPAN14,TBC1D10C,0.8874228
38,136,TSPAN14,TACC3,0.8873907
38,504,TSPAN14,IFI44,0.88738424
38,0,TSPAN14,OTUD6B,0.8873572
38,8,TSPAN14,ATAD1,0.8873572
38,150,TSPAN14,SORT1,0.8873572
38,396,TSPAN14,RUVBL2,0.8873572
38,432,TSPAN14,HDC,0.8873572
38,450,TSPAN14,MAGED1,0.8873572
38,514,TSPAN14,PAK1,0.8873572
38,519,TSPAN14,AGPS,0.8873572
38,595,TSPAN14,CSF3R,0.8873199
38,488,TSPAN14,FGFR1OP,0.88602394
38,198,TSPAN14,NDN,0.8857979
38,194,TSPAN14,GOLPH3,0.88568705
38,404,TSPAN14,FTSJ3,0.8855358
38,33,TSPAN14,CSTF2,0.8854538
38,263,TSPAN14,JUN,0.884927
38,2,TSPAN14,PPP1R15A,0.8849047
38,47,TSPAN14,FGL2,0.8849047
38,146,TSPAN14,SCARF1,0.8849047
38,362,TSPAN14,PTGS1,0.8849047
38,441,TSPAN14,EBF1,0.8849047
38,546,TSPAN14,PROCR,0.8849047
38,622,TSPAN14,KRT18,0.8849047
38,564,TSPAN14,MFNG,0.88467485
38,190,TSPAN14,RAD51,0.8843264
38,553,TSPAN14,DHFR,0.8843264
38,367,TSPAN14,HCFC1,0.88415396
38,394,TSPAN14,MAPK1,0.8838468
38,251,TSPAN14,IRF6,0.8836629
38,486,TSPAN14,NFKBIA,0.88339585
38,554,TSPAN14,CDT1,0.88287765
38,590,TSPAN14,IL12A,0.88253915
38,210,TSPAN14,PNO1,0.8824361
38,232,TSPAN14,ICAM1,0.88227135
38,440,TSPAN14,TMEM97,0.8819445
269,28,TTF2,NFE2,0.8983655
269,357,TTF2,MEIS1,0.8964544
269,137,TTF2,MYCN,0.89262396
269,150,TTF2,SORT1,0.89204526
269,57,TTF2,OASL2,0.89194083
269,277,TTF2,RTP4,0.89182997
269,200,TTF2,IGTP,0.89128894
269,183,TTF2,XAF1,0.89110327
269,609,TTF2,UBA7,0.89110327
269,504,TTF2,IFI44,0.89106596
269,410,TTF2,SMARCA2,0.8899257
269,283,TTF2,EGR1,0.88864595
269,518,TTF2,PHF10,0.88764507
269,0,TTF2,OTUD6B,0.8873572
269,128,TTF2,APLP2,0.8873572
269,396,TTF2,RUVBL2,0.8873572
269,450,TTF2,MAGED1,0.8873572
269,514,TTF2,PAK1,0.8873572
269,519,TTF2,AGPS,0.8873572
269,524,TTF2,TBC1D10C,0.8873572
269,595,TTF2,CSF3R,0.8873572
269,8,TTF2,ATAD1,0.887242
269,79,TTF2,STAT2,0.8867302
269,81,TTF2,HDAC11,0.88636285
269,198,TTF2,NDN,0.8857979
269,404,TTF2,FTSJ3,0.8855341
269,33,TTF2,CSTF2,0.8854538
269,263,TTF2,JUN,0.884927
269,2,TTF2,PPP1R15A,0.8849047
269,47,TTF2,FGL2,0.8849047
269,140,TTF2,ANXA3,0.8849047
269,146,TTF2,SCARF1,0.8849047
269,194,TTF2,GOLPH3,0.8849047
269,441,TTF2,EBF1,0.8849047
269,546,TTF2,PROCR,0.8849047
269,622,TTF2,KRT18,0.88490117
269,362,TTF2,PTGS1,0.8848948
269,564,TTF2,MFNG,0.88467485
269,190,TTF2,RAD51,0.8843264
269,553,TTF2,DHFR,0.8843264
269,367,TTF2,HCFC1,0.88415396
269,394,TTF2,MAPK1,0.8838468
269,34,TTF2,MAML3,0.88346165
269,554,TTF2,CDT1,0.88287765
269,590,TTF2,IL12A,0.88253915
269,210,TTF2,PNO1,0.8824361
269,232,TTF2,ICAM1,0.88227135
269,440,TTF2,TMEM97,0.8819445
269,464,TTF2,ZNRF2,0.8819445
269,177,TTF2,RELB,0.8818608
578,432,TUBGCP2,HDC,0.89978564
578,410,TUBGCP2,SMARCA2,0.899766
578,28,TUBGCP2,NFE2,0.8960865
578,357,TUBGCP2,MEIS1,0.89415336
578,78,TUBGCP2,MECOM,0.8939034
578,277,TUBGCP2,RTP4,0.88932323
578,57,TUBGCP2,OASL2,0.88923883
578,183,TUBGCP2,XAF1,0.88877964
578,200,TUBGCP2,IGTP,0.8885878
578,504,TUBGCP2,IFI44,0.8885878
578,137,TUBGCP2,MYCN,0.88769186
578,609,TUBGCP2,UBA7,0.887049
578,283,TUBGCP2,EGR1,0.8862184
578,546,TUBGCP2,PROCR,0.88613975
578,519,TUBGCP2,AGPS,0.88563997
578,136,TUBGCP2,TACC3,0.8855542
578,0,TUBGCP2,OTUD6B,0.88552177
578,128,TUBGCP2,APLP2,0.88552177
578,450,TUBGCP2,MAGED1,0.88552177
578,514,TUBGCP2,PAK1,0.88552177
578,524,TUBGCP2,TBC1D10C,0.88552177
578,595,TUBGCP2,CSF3R,0.88552177
578,150,TUBGCP2,SORT1,0.8854057
578,81,TUBGCP2,HDAC11,0.8841141
578,198,TUBGCP2,NDN,0.8837502
578,404,TUBGCP2,FTSJ3,0.8832586
578,553,TUBGCP2,DHFR,0.8829623
578,190,TUBGCP2,RAD51,0.8829487
578,518,TUBGCP2,PHF10,0.8825391
578,394,TUBGCP2,MAPK1,0.8824847
578,362,TUBGCP2,PTGS1,0.8824595
578,2,TUBGCP2,PPP1R15A,0.88245434
578,140,TUBGCP2,ANXA3,0.88245434
578,146,TUBGCP2,SCARF1,0.88245434
578,194,TUBGCP2,GOLPH3,0.88245434
578,622,TUBGCP2,KRT18,0.88245434
578,263,TUBGCP2,JUN,0.8824244
578,47,TUBGCP2,FGL2,0.8823281
578,318,TUBGCP2,GANAB,0.8819333
578,251,TUBGCP2,IRF6,0.88134927
578,34,TUBGCP2,MAML3,0.8811576
578,33,TUBGCP2,CSTF2,0.8809689
578,554,TUBGCP2,CDT1,0.88085455
578,564,TUBGCP2,MFNG,0.88002855
578,8,TUBGCP2,ATAD1,0.87996465
578,367,TUBGCP2,HCFC1,0.87987626
578,210,TUBGCP2,PNO1,0.8798368
578,464,TUBGCP2,ZNRF2,0.87961686
578,486,TUBGCP2,NFKBIA,0.87910444
578,590,TUBGCP2,IL12A,0.8782746
630,450,TUBGCP3,MAGED1,0.9078306
630,595,TUBGCP3,CSF3R,0.9078306
630,410,TUBGCP3,SMARCA2,0.89849144
630,137,TUBGCP3,MYCN,0.8965275
630,81,TUBGCP3,HDAC11,0.8942341
630,404,TUBGCP3,FTSJ3,0.8924594
630,514,TUBGCP3,PAK1,0.8923618
630,486,TUBGCP3,NFKBIA,0.892336
630,0,TUBGCP3,OTUD6B,0.8922391
630,8,TUBGCP3,ATAD1,0.8922391
630,136,TUBGCP3,TACC3,0.8922391
630,150,TUBGCP3,SORT1,0.8922391
630,396,TUBGCP3,RUVBL2,0.8922391
630,432,TUBGCP3,HDC,0.8922391
630,519,TUBGCP3,AGPS,0.8922391
630,524,TUBGCP3,TBC1D10C,0.8922391
630,210,TUBGCP3,PNO1,0.89126104
630,200,TUBGCP3,IGTP,0.89117527
630,292,TUBGCP3,HDAC7,0.8911267
630,440,TUBGCP3,TMEM97,0.8898702
630,464,TUBGCP3,ZNRF2,0.8898702
630,177,TUBGCP3,RELB,0.8889873
630,33,TUBGCP3,CSTF2,0.888695
630,554,TUBGCP3,CDT1,0.88857424
630,429,TUBGCP3,GFI1B,0.88827294
630,161,TUBGCP3,JARID2,0.8879714
630,367,TUBGCP3,HCFC1,0.8876475
630,504,TUBGCP3,IFI44,0.88649803
630,609,TUBGCP3,UBA7,0.88649803
630,73,TUBGCP3,RORC,0.8862649
630,67,TUBGCP3,HDAC2,0.886072
630,28,TUBGCP3,NFE2,0.8858168
630,363,TUBGCP3,MYC,0.88504624
630,255,TUBGCP3,CD74,0.8848065
630,289,TUBGCP3,GT(ROSA)26SOR,0.8848065
630,518,TUBGCP3,PHF10,0.8839162
630,318,TUBGCP3,GANAB,0.8836684
630,357,TUBGCP3,MEIS1,0.88335246
630,590,TUBGCP3,IL12A,0.8828767
630,57,TUBGCP3,OASL2,0.88279504
630,50,TUBGCP3,NFAT5,0.8827897
630,277,TUBGCP3,RTP4,0.8827892
630,439,TUBGCP3,DDX20,0.8815896
630,331,TUBGCP3,PIM2,0.8814937
630,183,TUBGCP3,XAF1,0.8802708
630,209,TUBGCP3,ZBTB16,0.87847495
630,559,TUBGCP3,RUNX1T1,0.87769735
630,488,TUBGCP3,FGFR1OP,0.8754064
630,263,TUBGCP3,JUN,0.87443215
630,426,TUBGCP3,PRPF4,0.8739499
537,91,TXNDC11,FCHO2,0.9320551
537,611,TXNDC11,ZEB2,0.9320551
537,292,TXNDC11,HDAC7,0.9231273
537,226,TXNDC11,POLR2B,0.921819
537,82,TXNDC11,RB1,0.912661
537,299,TXNDC11,ORC2,0.90559685
537,439,TXNDC11,DDX20,0.9030425
537,189,TXNDC11,MCM5,0.9005828
537,290,TXNDC11,POLD1,0.9003418
537,74,TXNDC11,TOP2A,0.8985608
537,21,TXNDC11,RRM1,0.8968373
537,246,TXNDC11,TK1,0.88701075
537,500,TXNDC11,MCM3,0.8835296
537,209,TXNDC11,ZBTB16,0.8829108
537,345,TXNDC11,UHRF1,0.880583
537,279,TXNDC11,AURKB,0.8802559
537,497,TXNDC11,TYMS,0.87813777
537,323,TXNDC11,MCM4,0.8773217
537,399,TXNDC11,RRM2,0.8759879
537,206,TXNDC11,ZDHHC6,0.87528044
537,204,TXNDC11,MCM2,0.87500334
537,561,TXNDC11,MCM7,0.87496156
537,297,TXNDC11,LIG1,0.87269485
537,273,TXNDC11,FIGNL1,0.869751
537,266,TXNDC11,MSH6,0.8691897
537,182,TXNDC11,RPA1,0.86756355
537,53,TXNDC11,ORC6,0.8675048
537,42,TXNDC11,HMGB2,0.8655079
537,411,TXNDC11,CDC45,0.86531174
537,478,TXNDC11,MKI67,0.8644552
537,620,TXNDC11,TIPIN,0.86361337
537,534,TXNDC11,MORC3,0.8622131
537,102,TXNDC11,PRIM1,0.86183375
537,30,TXNDC11,PBK,0.86033344
537,475,TXNDC11,BCL2,0.8586697
537,407,TXNDC11,CDC7,0.8578123
537,610,TXNDC11,PRIM2,0.857034
537,81,TXNDC11,HDAC11,0.8564176
537,86,TXNDC11,RANGAP1,0.8533876
537,519,TXNDC11,AGPS,0.8515086
537,510,TXNDC11,XRCC6,0.8467612
537,240,TXNDC11,RPA2,0.83883554
537,0,TXNDC11,OTUD6B,0.8227414
537,8,TXNDC11,ATAD1,0.8227414
537,128,TXNDC11,APLP2,0.8227414
537,396,TXNDC11,RUVBL2,0.8227414
537,432,TXNDC11,HDC,0.8227414
537,450,TXNDC11,MAGED1,0.8227414
537,514,TXNDC11,PAK1,0.8227414
537,524,TXNDC11,TBC1D10C,0.8227414
497,189,TYMS,MCM5,0.9720937
497,299,TYMS,ORC2,0.9718775
497,290,TYMS,POLD1,0.9701193
497,279,TYMS,AURKB,0.97005177
497,21,TYMS,RRM1,0.96964014
497,345,TYMS,UHRF1,0.9691121
497,246,TYMS,TK1,0.96839654
497,500,TYMS,MCM3,0.96838033
497,74,TYMS,TOP2A,0.96795774
497,204,TYMS,MCM2,0.967902
497,240,TYMS,RPA2,0.96776295
497,399,TYMS,RRM2,0.96754664
497,323,TYMS,MCM4,0.96738327
497,561,TYMS,MCM7,0.96732694
497,350,TYMS,MCM6,0.9672975
497,273,TYMS,FIGNL1,0.96662694
497,297,TYMS,LIG1,0.9664302
497,42,TYMS,HMGB2,0.96611494
497,411,TYMS,CDC45,0.96589756
497,266,TYMS,MSH6,0.96580607
497,230,TYMS,TOP3B,0.9656087
497,610,TYMS,PRIM2,0.96557724
497,30,TYMS,PBK,0.9655393
497,620,TYMS,TIPIN,0.9654926
497,102,TYMS,PRIM1,0.96511793
497,182,TYMS,RPA1,0.96507597
497,510,TYMS,XRCC6,0.9642311
497,407,TYMS,CDC7,0.96400195
497,259,TYMS,NUP107,0.9638022
497,430,TYMS,SEH1L,0.9638022
497,414,TYMS,CENPK,0.9634322
497,68,TYMS,MIS18BP1,0.9630495
497,361,TYMS,CCNB2,0.96284133
497,226,TYMS,POLR2B,0.9627493
497,86,TYMS,RANGAP1,0.96057594
497,53,TYMS,ORC6,0.96056926
497,478,TYMS,MKI67,0.95994776
497,118,TYMS,MIS12,0.95355064
497,91,TYMS,FCHO2,0.95163375
497,537,TYMS,TXNDC11,0.95163375
497,439,TYMS,DDX20,0.94403744
497,611,TYMS,ZEB2,0.9437008
497,82,TYMS,RB1,0.9378924
497,621,TYMS,SNRPB,0.9260643
497,534,TYMS,MORC3,0.91610694
497,206,TYMS,ZDHHC6,0.9145003
497,34,TYMS,MAML3,0.9121767
497,292,TYMS,HDAC7,0.89992785
497,475,TYMS,BCL2,0.89163345
497,81,TYMS,HDAC11,0.8758152
502,28,TYROBP,NFE2,0.8983655
502,357,TYROBP,MEIS1,0.89649427
502,78,TYROBP,MECOM,0.8962374
502,137,TYROBP,MYCN,0.89262396
502,486,TYROBP,NFKBIA,0.89233893
502,57,TYROBP,OASL2,0.89194083
502,277,TYROBP,RTP4,0.8919341
502,609,TYROBP,UBA7,0.89113194
502,200,TYROBP,IGTP,0.8911102
502,183,TYROBP,XAF1,0.89110327
502,504,TYROBP,IFI44,0.89110327
502,410,TYROBP,SMARCA2,0.8899257
502,283,TYROBP,EGR1,0.88864714
502,518,TYROBP,PHF10,0.88764507
502,8,TYROBP,ATAD1,0.8874134
502,519,TYROBP,AGPS,0.88736963
502,0,TYROBP,OTUD6B,0.8873572
502,128,TYROBP,APLP2,0.8873572
502,150,TYROBP,SORT1,0.8873572
502,396,TYROBP,RUVBL2,0.8873572
502,432,TYROBP,HDC,0.8873572
502,450,TYROBP,MAGED1,0.8873572
502,524,TYROBP,TBC1D10C,0.8873572
502,595,TYROBP,CSF3R,0.8873572
502,136,TYROBP,TACC3,0.88726604
502,81,TYROBP,HDAC11,0.88636285
502,198,TYROBP,NDN,0.8857979
502,404,TYROBP,FTSJ3,0.8855358
502,33,TYROBP,CSTF2,0.8854538
502,622,TYROBP,KRT18,0.88494617
502,2,TYROBP,PPP1R15A,0.8849264
502,47,TYROBP,FGL2,0.8849047
502,140,TYROBP,ANXA3,0.8849047
502,146,TYROBP,SCARF1,0.8849047
502,362,TYROBP,PTGS1,0.8849047
502,546,TYROBP,PROCR,0.8849047
502,194,TYROBP,GOLPH3,0.88488483
502,564,TYROBP,MFNG,0.88467485
502,190,TYROBP,RAD51,0.8843264
502,553,TYROBP,DHFR,0.8843264
502,367,TYROBP,HCFC1,0.88415396
502,394,TYROBP,MAPK1,0.8838468
502,251,TYROBP,IRF6,0.8836629
502,34,TYROBP,MAML3,0.883441
502,554,TYROBP,CDT1,0.88287765
502,590,TYROBP,IL12A,0.8825541
502,210,TYROBP,PNO1,0.8824361
502,232,TYROBP,ICAM1,0.88227135
502,440,TYROBP,TMEM97,0.8819445
502,464,TYROBP,ZNRF2,0.8819445
95,28,UAP1,NFE2,0.8983674
95,357,UAP1,MEIS1,0.89643097
95,78,UAP1,MECOM,0.8962397
95,429,UAP1,GFI1B,0.8955936
95,137,UAP1,MYCN,0.8926364
95,57,UAP1,OASL2,0.8919802
95,277,UAP1,RTP4,0.8919433
95,183,UAP1,XAF1,0.89110696
95,200,UAP1,IGTP,0.89110696
95,504,UAP1,IFI44,0.89110696
95,609,UAP1,UBA7,0.89110696
95,410,UAP1,SMARCA2,0.8899338
95,580,UAP1,MLLT3,0.8890713
95,331,UAP1,PIM2,0.88874584
95,283,UAP1,EGR1,0.8886494
95,518,UAP1,PHF10,0.8876568
95,0,UAP1,OTUD6B,0.88735795
95,8,UAP1,ATAD1,0.88735795
95,128,UAP1,APLP2,0.88735795
95,136,UAP1,TACC3,0.88735795
95,150,UAP1,SORT1,0.88735795
95,396,UAP1,RUVBL2,0.88735795
95,450,UAP1,MAGED1,0.88735795
95,514,UAP1,PAK1,0.88735795
95,519,UAP1,AGPS,0.88735795
95,524,UAP1,TBC1D10C,0.88735795
95,595,UAP1,CSF3R,0.88735795
95,432,UAP1,HDC,0.8873572
95,81,UAP1,HDAC11,0.8863662
95,198,UAP1,NDN,0.8857672
95,404,UAP1,FTSJ3,0.8855369
95,33,UAP1,CSTF2,0.88540137
95,47,UAP1,FGL2,0.88512915
95,263,UAP1,JUN,0.8849301
95,2,UAP1,PPP1R15A,0.8849065
95,146,UAP1,SCARF1,0.8849065
95,194,UAP1,GOLPH3,0.8849065
95,362,UAP1,PTGS1,0.8849065
95,441,UAP1,EBF1,0.8849065
95,546,UAP1,PROCR,0.8849065
95,622,UAP1,KRT18,0.8849065
95,564,UAP1,MFNG,0.8846856
95,190,UAP1,RAD51,0.8843152
95,553,UAP1,DHFR,0.8843152
95,367,UAP1,HCFC1,0.8841642
95,394,UAP1,MAPK1,0.88384897
95,140,UAP1,ANXA3,0.8838034
95,251,UAP1,IRF6,0.8836661
95,34,UAP1,MAML3,0.8834249
95,486,UAP1,NFKBIA,0.88340676
609,404,UBA7,FTSJ3,0.9306261
609,410,UBA7,SMARCA2,0.93061125
609,554,UBA7,CDT1,0.92811644
609,519,UBA7,AGPS,0.9273015
609,429,UBA7,GFI1B,0.92725354
609,137,UBA7,MYCN,0.92654985
609,161,UBA7,JARID2,0.92596686
609,81,UBA7,HDAC11,0.92457217
609,183,UBA7,XAF1,0.9233472
609,200,UBA7,IGTP,0.9233472
609,504,UBA7,IFI44,0.9233472
609,450,UBA7,MAGED1,0.9224564
609,0,UBA7,OTUD6B,0.9223656
609,8,UBA7,ATAD1,0.9223656
609,128,UBA7,APLP2,0.9223656
609,136,UBA7,TACC3,0.9223656
609,150,UBA7,SORT1,0.9223656
609,432,UBA7,HDC,0.9223656
609,514,UBA7,PAK1,0.9223656
609,524,UBA7,TBC1D10C,0.9223656
609,595,UBA7,CSF3R,0.9223656
609,73,UBA7,RORC,0.922322
609,210,UBA7,PNO1,0.9220202
609,440,UBA7,TMEM97,0.9217668
609,464,UBA7,ZNRF2,0.9217668
609,331,UBA7,PIM2,0.9206033
609,255,UBA7,CD74,0.9204823
609,289,UBA7,GT(ROSA)26SOR,0.9204823
609,67,UBA7,HDAC2,0.91827977
609,396,UBA7,RUVBL2,0.91651213
609,486,UBA7,NFKBIA,0.91612107
609,34,UBA7,MAML3,0.9159903
609,50,UBA7,NFAT5,0.9150436
609,78,UBA7,MECOM,0.9143811
609,33,UBA7,CSTF2,0.9133967
609,177,UBA7,RELB,0.9124775
609,318,UBA7,GANAB,0.9113582
609,580,UBA7,MLLT3,0.91122043
609,402,UBA7,EIF1AD,0.91052514
609,590,UBA7,IL12A,0.9084862
609,367,UBA7,HCFC1,0.9084032
609,263,UBA7,JUN,0.9083092
609,363,UBA7,MYC,0.90772617
609,488,UBA7,FGFR1OP,0.9074342
609,165,UBA7,GTF2H1,0.9074189
609,277,UBA7,RTP4,0.9066699
609,57,UBA7,OASL2,0.90666837
609,209,UBA7,ZBTB16,0.9054777
609,357,UBA7,MEIS1,0.90476674
609,28,UBA7,NFE2,0.90462625
530,28,UBE2L6,NFE2,0.8983655
530,357,UBE2L6,MEIS1,0.89649427
530,137,UBE2L6,MYCN,0.89266664
530,57,UBE2L6,OASL2,0.89194083
530,277,UBE2L6,RTP4,0.89182997
530,200,UBE2L6,IGTP,0.89110327
530,504,UBE2L6,IFI44,0.89110327
530,609,UBE2L6,UBA7,0.89110327
530,183,UBE2L6,XAF1,0.8910734
530,6,UBE2L6,BTG2,0.8902503
530,410,UBE2L6,SMARCA2,0.88999283
530,283,UBE2L6,EGR1,0.88863146
530,78,UBE2L6,MECOM,0.8874594
530,519,UBE2L6,AGPS,0.88737774
530,0,UBE2L6,OTUD6B,0.8873572
530,136,UBE2L6,TACC3,0.8873572
530,150,UBE2L6,SORT1,0.8873572
530,396,UBE2L6,RUVBL2,0.8873572
530,432,UBE2L6,HDC,0.8873572
530,450,UBE2L6,MAGED1,0.8873572
530,514,UBE2L6,PAK1,0.8873572
530,524,UBE2L6,TBC1D10C,0.8873572
530,595,UBE2L6,CSF3R,0.8873467
530,8,UBE2L6,ATAD1,0.88658863
530,81,UBE2L6,HDAC11,0.88636285
530,198,UBE2L6,NDN,0.8858012
530,33,UBE2L6,CSTF2,0.8854538
530,404,UBE2L6,FTSJ3,0.88528574
530,146,UBE2L6,SCARF1,0.88497007
530,2,UBE2L6,PPP1R15A,0.8849047
530,47,UBE2L6,FGL2,0.8849047
530,140,UBE2L6,ANXA3,0.8849047
530,194,UBE2L6,GOLPH3,0.8849047
530,362,UBE2L6,PTGS1,0.8849047
530,441,UBE2L6,EBF1,0.8849047
530,546,UBE2L6,PROCR,0.8849047
530,622,UBE2L6,KRT18,0.8849047
530,263,UBE2L6,JUN,0.88488126
530,190,UBE2L6,RAD51,0.8843264
530,367,UBE2L6,HCFC1,0.88415396
530,394,UBE2L6,MAPK1,0.8838468
530,251,UBE2L6,IRF6,0.8836629
530,486,UBE2L6,NFKBIA,0.88346213
530,34,UBE2L6,MAML3,0.8834213
530,564,UBE2L6,MFNG,0.8832431
530,554,UBE2L6,CDT1,0.88287765
530,590,UBE2L6,IL12A,0.88253915
530,210,UBE2L6,PNO1,0.8824361
530,464,UBE2L6,ZNRF2,0.8823136
530,232,UBE2L6,ICAM1,0.8822086
295,28,UBL4A,NFE2,0.8983655
295,357,UBL4A,MEIS1,0.8965161
295,78,UBL4A,MECOM,0.8962374
295,137,UBL4A,MYCN,0.89262396
295,595,UBL4A,CSF3R,0.8920358
295,57,UBL4A,OASL2,0.89194083
295,504,UBL4A,IFI44,0.89113194
295,183,UBL4A,XAF1,0.89110327
295,200,UBL4A,IGTP,0.89110327
295,609,UBL4A,UBA7,0.89110327
295,410,UBL4A,SMARCA2,0.8899257
295,283,UBL4A,EGR1,0.88864714
295,277,UBL4A,RTP4,0.88822234
295,518,UBL4A,PHF10,0.88764507
295,0,UBL4A,OTUD6B,0.8873572
295,8,UBL4A,ATAD1,0.8873572
295,128,UBL4A,APLP2,0.8873572
295,150,UBL4A,SORT1,0.8873572
295,396,UBL4A,RUVBL2,0.8873572
295,432,UBL4A,HDC,0.8873572
295,450,UBL4A,MAGED1,0.8873572
295,514,UBL4A,PAK1,0.8873572
295,519,UBL4A,AGPS,0.8873572
295,524,UBL4A,TBC1D10C,0.8873572
295,136,UBL4A,TACC3,0.88726604
295,64,UBL4A,IRF9,0.88659275
295,81,UBL4A,HDAC11,0.88636285
295,404,UBL4A,FTSJ3,0.8855358
295,33,UBL4A,CSTF2,0.8854538
295,263,UBL4A,JUN,0.884927
295,2,UBL4A,PPP1R15A,0.8849047
295,47,UBL4A,FGL2,0.8849047
295,140,UBL4A,ANXA3,0.8849047
295,146,UBL4A,SCARF1,0.8849047
295,194,UBL4A,GOLPH3,0.8849047
295,441,UBL4A,EBF1,0.8849047
295,546,UBL4A,PROCR,0.8849047
295,362,UBL4A,PTGS1,0.8848948
295,622,UBL4A,KRT18,0.8848702
295,198,UBL4A,NDN,0.88480574
295,564,UBL4A,MFNG,0.8847595
295,553,UBL4A,DHFR,0.8843264
295,367,UBL4A,HCFC1,0.88423485
295,394,UBL4A,MAPK1,0.8838468
295,251,UBL4A,IRF6,0.8836629
295,34,UBL4A,MAML3,0.8834213
295,486,UBL4A,NFKBIA,0.88339585
295,554,UBL4A,CDT1,0.88287765
295,590,UBL4A,IL12A,0.88253915
295,210,UBL4A,PNO1,0.8824361
498,28,UBR7,NFE2,0.8983655
498,357,UBR7,MEIS1,0.89649427
498,78,UBR7,MECOM,0.8962374
498,137,UBR7,MYCN,0.89262396
498,57,UBR7,OASL2,0.89194083
498,277,UBR7,RTP4,0.89194053
498,183,UBR7,XAF1,0.89110327
498,200,UBR7,IGTP,0.89110327
498,504,UBR7,IFI44,0.89110327
498,609,UBR7,UBA7,0.89110327
498,410,UBR7,SMARCA2,0.8899257
498,283,UBR7,EGR1,0.88864714
498,518,UBR7,PHF10,0.88764507
498,0,UBR7,OTUD6B,0.8873572
498,8,UBR7,ATAD1,0.8873572
498,128,UBR7,APLP2,0.8873572
498,136,UBR7,TACC3,0.8873572
498,150,UBR7,SORT1,0.8873572
498,432,UBR7,HDC,0.8873572
498,450,UBR7,MAGED1,0.8873572
498,514,UBR7,PAK1,0.8873572
498,595,UBR7,CSF3R,0.8873572
498,519,UBR7,AGPS,0.8873467
498,524,UBR7,TBC1D10C,0.88720065
498,396,UBR7,RUVBL2,0.8867853
498,81,UBR7,HDAC11,0.88636285
498,198,UBR7,NDN,0.8857979
498,404,UBR7,FTSJ3,0.8855358
498,33,UBR7,CSTF2,0.8854538
498,546,UBR7,PROCR,0.8849264
498,2,UBR7,PPP1R15A,0.8849047
498,47,UBR7,FGL2,0.8849047
498,140,UBR7,ANXA3,0.8849047
498,146,UBR7,SCARF1,0.8849047
498,194,UBR7,GOLPH3,0.8849047
498,362,UBR7,PTGS1,0.8849047
498,441,UBR7,EBF1,0.8849047
498,622,UBR7,KRT18,0.88483375
498,564,UBR7,MFNG,0.88467485
498,190,UBR7,RAD51,0.8843264
498,553,UBR7,DHFR,0.8843264
498,367,UBR7,HCFC1,0.88415396
498,251,UBR7,IRF6,0.8836629
498,486,UBR7,NFKBIA,0.88339585
498,34,UBR7,MAML3,0.88334125
498,554,UBR7,CDT1,0.88287765
498,590,UBR7,IL12A,0.88253915
498,210,UBR7,PNO1,0.8824361
498,292,UBR7,HDAC7,0.8823588
498,232,UBR7,ICAM1,0.88227135
345,189,UHRF1,MCM5,0.9675165
345,290,UHRF1,POLD1,0.96481997
345,299,UHRF1,ORC2,0.96473867
345,279,UHRF1,AURKB,0.9644007
345,21,UHRF1,RRM1,0.96433705
345,246,UHRF1,TK1,0.96248
345,240,UHRF1,RPA2,0.96223813
345,500,UHRF1,MCM3,0.9615733
345,226,UHRF1,POLR2B,0.96131974
345,74,UHRF1,TOP2A,0.96125853
345,204,UHRF1,MCM2,0.9597957
345,323,UHRF1,MCM4,0.95967746
345,118,UHRF1,MIS12,0.95963794
345,399,UHRF1,RRM2,0.95948076
345,497,UHRF1,TYMS,0.95938575
345,561,UHRF1,MCM7,0.9591516
345,86,UHRF1,RANGAP1,0.9584536
345,350,UHRF1,MCM6,0.95834374
345,230,UHRF1,TOP3B,0.95797753
345,273,UHRF1,FIGNL1,0.9576897
345,42,UHRF1,HMGB2,0.95745164
345,266,UHRF1,MSH6,0.95686895
345,411,UHRF1,CDC45,0.95639896
345,620,UHRF1,TIPIN,0.956162
345,53,UHRF1,ORC6,0.95612276
345,182,UHRF1,RPA1,0.9561225
345,297,UHRF1,LIG1,0.9559047
345,478,UHRF1,MKI67,0.95580125
345,30,UHRF1,PBK,0.955506
345,610,UHRF1,PRIM2,0.95533496
345,102,UHRF1,PRIM1,0.9553135
345,407,UHRF1,CDC7,0.95400316
345,91,UHRF1,FCHO2,0.953291
345,537,UHRF1,TXNDC11,0.953291
345,611,UHRF1,ZEB2,0.953291
345,510,UHRF1,XRCC6,0.95239925
345,68,UHRF1,MIS18BP1,0.95117724
345,259,UHRF1,NUP107,0.95117724
345,430,UHRF1,SEH1L,0.95117724
345,414,UHRF1,CENPK,0.9503289
345,361,UHRF1,CCNB2,0.94848293
345,439,UHRF1,DDX20,0.94659835
345,621,UHRF1,SNRPB,0.9416905
345,292,UHRF1,HDAC7,0.94013804
345,82,UHRF1,RB1,0.93518424
345,206,UHRF1,ZDHHC6,0.920237
345,34,UHRF1,MAML3,0.9185372
345,534,UHRF1,MORC3,0.91278
345,475,UHRF1,BCL2,0.90193725
345,432,UHRF1,HDC,0.9012917
511,28,UMPS,NFE2,0.8983655
511,357,UMPS,MEIS1,0.8966472
511,78,UMPS,MECOM,0.8962374
511,137,UMPS,MYCN,0.89262396
511,277,UMPS,RTP4,0.89196295
511,57,UMPS,OASL2,0.89194083
511,161,UMPS,JARID2,0.8915944
511,183,UMPS,XAF1,0.89110327
511,200,UMPS,IGTP,0.89110327
511,504,UMPS,IFI44,0.89110327
511,609,UMPS,UBA7,0.89110327
511,410,UMPS,SMARCA2,0.8899257
511,283,UMPS,EGR1,0.88864714
511,146,UMPS,SCARF1,0.88852304
511,441,UMPS,EBF1,0.88852304
511,518,UMPS,PHF10,0.88764507
511,432,UMPS,HDC,0.8874228
511,150,UMPS,SORT1,0.88738984
511,514,UMPS,PAK1,0.88738984
511,450,UMPS,MAGED1,0.8873577
511,8,UMPS,ATAD1,0.8873572
511,128,UMPS,APLP2,0.8873572
511,136,UMPS,TACC3,0.8873572
511,396,UMPS,RUVBL2,0.8873572
511,519,UMPS,AGPS,0.8873572
511,595,UMPS,CSF3R,0.8873572
511,0,UMPS,OTUD6B,0.88730127
511,524,UMPS,TBC1D10C,0.8872954
511,81,UMPS,HDAC11,0.8863417
511,198,UMPS,NDN,0.8857979
511,404,UMPS,FTSJ3,0.8855358
511,33,UMPS,CSTF2,0.8854538
511,263,UMPS,JUN,0.884927
511,2,UMPS,PPP1R15A,0.8849047
511,47,UMPS,FGL2,0.8849047
511,140,UMPS,ANXA3,0.8849047
511,362,UMPS,PTGS1,0.8849047
511,546,UMPS,PROCR,0.8849047
511,622,UMPS,KRT18,0.8849047
511,194,UMPS,GOLPH3,0.88477767
511,564,UMPS,MFNG,0.88467485
511,190,UMPS,RAD51,0.8843264
511,553,UMPS,DHFR,0.8843264
511,367,UMPS,HCFC1,0.88415396
511,394,UMPS,MAPK1,0.8837783
511,251,UMPS,IRF6,0.88368225
511,34,UMPS,MAML3,0.8834213
511,486,UMPS,NFKBIA,0.88339585
511,554,UMPS,CDT1,0.88287765
511,590,UMPS,IL12A,0.8825338
400,28,UNC93B1,NFE2,0.8983655
400,357,UNC93B1,MEIS1,0.89649427
400,78,UNC93B1,MECOM,0.8962367
400,137,UNC93B1,MYCN,0.89262396
400,57,UNC93B1,OASL2,0.89194083
400,277,UNC93B1,RTP4,0.89192396
400,504,UNC93B1,IFI44,0.8911281
400,183,UNC93B1,XAF1,0.89110327
400,609,UNC93B1,UBA7,0.89110327
400,410,UNC93B1,SMARCA2,0.8899257
400,283,UNC93B1,EGR1,0.8888128
400,518,UNC93B1,PHF10,0.88764507
400,0,UNC93B1,OTUD6B,0.8873907
400,8,UNC93B1,ATAD1,0.8873572
400,128,UNC93B1,APLP2,0.8873572
400,136,UNC93B1,TACC3,0.8873572
400,150,UNC93B1,SORT1,0.8873572
400,396,UNC93B1,RUVBL2,0.8873572
400,432,UNC93B1,HDC,0.8873572
400,450,UNC93B1,MAGED1,0.8873572
400,514,UNC93B1,PAK1,0.8873572
400,519,UNC93B1,AGPS,0.8873572
400,524,UNC93B1,TBC1D10C,0.8873572
400,595,UNC93B1,CSF3R,0.8873572
400,81,UNC93B1,HDAC11,0.88636285
400,198,UNC93B1,NDN,0.8857979
400,404,UNC93B1,FTSJ3,0.8855358
400,33,UNC93B1,CSTF2,0.8854538
400,263,UNC93B1,JUN,0.884927
400,2,UNC93B1,PPP1R15A,0.8849047
400,47,UNC93B1,FGL2,0.8849047
400,146,UNC93B1,SCARF1,0.8849047
400,194,UNC93B1,GOLPH3,0.8849047
400,362,UNC93B1,PTGS1,0.8849047
400,441,UNC93B1,EBF1,0.8849047
400,546,UNC93B1,PROCR,0.8849047
400,140,UNC93B1,ANXA3,0.88489425
400,190,UNC93B1,RAD51,0.8844117
400,564,UNC93B1,MFNG,0.8843522
400,553,UNC93B1,DHFR,0.8843264
400,367,UNC93B1,HCFC1,0.88415396
400,394,UNC93B1,MAPK1,0.8838468
400,622,UNC93B1,KRT18,0.88380176
400,251,UNC93B1,IRF6,0.8836629
400,34,UNC93B1,MAML3,0.8834213
400,486,UNC93B1,NFKBIA,0.88339585
400,590,UNC93B1,IL12A,0.88253915
400,210,UNC93B1,PNO1,0.8824361
400,232,UNC93B1,ICAM1,0.88227135
400,464,UNC93B1,ZNRF2,0.8819445
18,28,USP10,NFE2,0.8983655
18,357,USP10,MEIS1,0.89649427
18,78,USP10,MECOM,0.8962748
18,137,USP10,MYCN,0.892938
18,57,USP10,OASL2,0.89194083
18,277,USP10,RTP4,0.89194053
18,609,USP10,UBA7,0.89113456
18,183,USP10,XAF1,0.89110327
18,200,USP10,IGTP,0.89110327
18,504,USP10,IFI44,0.89110327
18,410,USP10,SMARCA2,0.8899257
18,283,USP10,EGR1,0.88864714
18,518,USP10,PHF10,0.88764507
18,0,USP10,OTUD6B,0.8873572
18,8,USP10,ATAD1,0.8873572
18,128,USP10,APLP2,0.8873572
18,136,USP10,TACC3,0.8873572
18,150,USP10,SORT1,0.8873572
18,396,USP10,RUVBL2,0.8873572
18,432,USP10,HDC,0.8873572
18,450,USP10,MAGED1,0.8873572
18,514,USP10,PAK1,0.8873572
18,519,USP10,AGPS,0.8873572
18,524,USP10,TBC1D10C,0.8873572
18,595,USP10,CSF3R,0.8873572
18,81,USP10,HDAC11,0.88636285
18,198,USP10,NDN,0.8857889
18,404,USP10,FTSJ3,0.8855358
18,33,USP10,CSTF2,0.88550335
18,263,USP10,JUN,0.884927
18,2,USP10,PPP1R15A,0.8849047
18,47,USP10,FGL2,0.8849047
18,140,USP10,ANXA3,0.8849047
18,146,USP10,SCARF1,0.8849047
18,194,USP10,GOLPH3,0.8849047
18,362,USP10,PTGS1,0.8849047
18,441,USP10,EBF1,0.8849047
18,546,USP10,PROCR,0.8849047
18,622,USP10,KRT18,0.8849047
18,564,USP10,MFNG,0.88467485
18,553,USP10,DHFR,0.88433087
18,190,USP10,RAD51,0.8843264
18,367,USP10,HCFC1,0.88415396
18,394,USP10,MAPK1,0.8838468
18,251,USP10,IRF6,0.8836629
18,486,USP10,NFKBIA,0.8834034
18,554,USP10,CDT1,0.88287765
18,590,USP10,IL12A,0.88253915
18,210,USP10,PNO1,0.88235617
18,232,USP10,ICAM1,0.88227135
494,28,USP11,NFE2,0.8983655
494,357,USP11,MEIS1,0.89649427
494,78,USP11,MECOM,0.8962374
494,137,USP11,MYCN,0.89262396
494,57,USP11,OASL2,0.89194083
494,277,USP11,RTP4,0.89194053
494,183,USP11,XAF1,0.89110327
494,200,USP11,IGTP,0.89110327
494,504,USP11,IFI44,0.89110327
494,609,USP11,UBA7,0.89110327
494,410,USP11,SMARCA2,0.8899257
494,283,USP11,EGR1,0.88864714
494,518,USP11,PHF10,0.88764507
494,0,USP11,OTUD6B,0.8873572
494,8,USP11,ATAD1,0.8873572
494,128,USP11,APLP2,0.8873572
494,136,USP11,TACC3,0.8873572
494,150,USP11,SORT1,0.8873572
494,432,USP11,HDC,0.8873572
494,450,USP11,MAGED1,0.8873572
494,514,USP11,PAK1,0.8873572
494,595,USP11,CSF3R,0.8873572
494,519,USP11,AGPS,0.8873467
494,524,USP11,TBC1D10C,0.88720065
494,396,USP11,RUVBL2,0.8867853
494,81,USP11,HDAC11,0.88636285
494,198,USP11,NDN,0.8857979
494,404,USP11,FTSJ3,0.8855358
494,33,USP11,CSTF2,0.8854538
494,546,USP11,PROCR,0.8849264
494,2,USP11,PPP1R15A,0.8849047
494,47,USP11,FGL2,0.8849047
494,140,USP11,ANXA3,0.8849047
494,146,USP11,SCARF1,0.8849047
494,194,USP11,GOLPH3,0.8849047
494,362,USP11,PTGS1,0.8849047
494,441,USP11,EBF1,0.8849047
494,622,USP11,KRT18,0.88483375
494,564,USP11,MFNG,0.88467485
494,190,USP11,RAD51,0.8843264
494,553,USP11,DHFR,0.8843264
494,367,USP11,HCFC1,0.88415396
494,251,USP11,IRF6,0.8836629
494,486,USP11,NFKBIA,0.88339585
494,34,USP11,MAML3,0.88334125
494,554,USP11,CDT1,0.88287765
494,590,USP11,IL12A,0.88253915
494,210,USP11,PNO1,0.8824361
494,292,USP11,HDAC7,0.8823588
494,232,USP11,ICAM1,0.88227135
572,554,USP37,CDT1,0.9290757
572,404,USP37,FTSJ3,0.92541355
572,410,USP37,SMARCA2,0.9244386
572,210,USP37,PNO1,0.92357063
572,440,USP37,TMEM97,0.92137367
572,464,USP37,ZNRF2,0.92137367
572,429,USP37,GFI1B,0.92061275
572,150,USP37,SORT1,0.9195075
572,0,USP37,OTUD6B,0.91946477
572,8,USP37,ATAD1,0.91946477
572,128,USP37,APLP2,0.91946477
572,136,USP37,TACC3,0.91946477
572,432,USP37,HDC,0.91946477
572,450,USP37,MAGED1,0.91946477
572,514,USP37,PAK1,0.91946477
572,519,USP37,AGPS,0.91946477
572,524,USP37,TBC1D10C,0.91946477
572,595,USP37,CSF3R,0.91946477
572,396,USP37,RUVBL2,0.9193781
572,81,USP37,HDAC11,0.9184323
572,331,USP37,PIM2,0.91745156
572,161,USP37,JARID2,0.9161127
572,289,USP37,GT(ROSA)26SOR,0.9133954
572,34,USP37,MAML3,0.91300386
572,73,USP37,RORC,0.91137975
572,486,USP37,NFKBIA,0.9096107
572,200,USP37,IGTP,0.9094683
572,504,USP37,IFI44,0.9093987
572,183,USP37,XAF1,0.90930253
572,67,USP37,HDAC2,0.905844
572,33,USP37,CSTF2,0.9051413
572,209,USP37,ZBTB16,0.90473235
572,402,USP37,EIF1AD,0.9034884
572,177,USP37,RELB,0.9031333
572,318,USP37,GANAB,0.9031108
572,50,USP37,NFAT5,0.90206563
572,351,USP37,ERCC8,0.9015379
572,277,USP37,RTP4,0.8998464
572,57,USP37,OASL2,0.89984465
572,367,USP37,HCFC1,0.89914054
572,165,USP37,GTF2H1,0.89863175
572,357,USP37,MEIS1,0.8984331
572,363,USP37,MYC,0.89820534
572,78,USP37,MECOM,0.8974373
572,488,USP37,FGFR1OP,0.8961711
572,590,USP37,IL12A,0.8952689
572,28,USP37,NFE2,0.8952258
572,475,USP37,BCL2,0.8946548
572,292,USP37,HDAC7,0.89402956
572,609,USP37,UBA7,0.8921183
454,28,UTP4,NFE2,0.8983655
454,357,UTP4,MEIS1,0.8965225
454,78,UTP4,MECOM,0.8962374
454,137,UTP4,MYCN,0.89261544
454,57,UTP4,OASL2,0.89194083
454,609,UTP4,UBA7,0.8911532
454,504,UTP4,IFI44,0.8911397
454,183,UTP4,XAF1,0.89110327
454,200,UTP4,IGTP,0.89110327
454,198,UTP4,NDN,0.8901562
454,410,UTP4,SMARCA2,0.88996416
454,283,UTP4,EGR1,0.8886866
454,564,UTP4,MFNG,0.8883862
454,150,UTP4,SORT1,0.8874021
454,595,UTP4,CSF3R,0.8874013
454,432,UTP4,HDC,0.8873902
454,450,UTP4,MAGED1,0.8873902
454,514,UTP4,PAK1,0.8873902
454,519,UTP4,AGPS,0.8873796
454,128,UTP4,APLP2,0.8873785
454,8,UTP4,ATAD1,0.8873572
454,136,UTP4,TACC3,0.8873572
454,0,UTP4,OTUD6B,0.88732266
454,81,UTP4,HDAC11,0.88636285
454,404,UTP4,FTSJ3,0.88557225
454,33,UTP4,CSTF2,0.8854538
454,263,UTP4,JUN,0.88497305
454,362,UTP4,PTGS1,0.88494354
454,546,UTP4,PROCR,0.88494354
454,622,UTP4,KRT18,0.88494354
454,47,UTP4,FGL2,0.8849047
454,140,UTP4,ANXA3,0.8849047
454,146,UTP4,SCARF1,0.8849047
454,194,UTP4,GOLPH3,0.8849047
454,2,UTP4,PPP1R15A,0.88477767
454,190,UTP4,RAD51,0.8843264
454,553,UTP4,DHFR,0.8842881
454,367,UTP4,HCFC1,0.88419545
454,394,UTP4,MAPK1,0.8838878
454,251,UTP4,IRF6,0.8837077
454,486,UTP4,NFKBIA,0.8834369
454,34,UTP4,MAML3,0.8834213
454,554,UTP4,CDT1,0.88291526
454,210,UTP4,PNO1,0.8826004
454,590,UTP4,IL12A,0.8824982
454,232,UTP4,ICAM1,0.88227135
454,464,UTP4,ZNRF2,0.8819575
454,177,UTP4,RELB,0.8818608
454,606,UTP4,ELP2,0.87974983
454,429,UTP4,GFI1B,0.8796189
160,514,VAV3,PAK1,0.90190274
160,28,VAV3,NFE2,0.8983655
160,357,VAV3,MEIS1,0.89649427
160,78,VAV3,MECOM,0.8962374
160,137,VAV3,MYCN,0.89262396
160,57,VAV3,OASL2,0.89194083
160,277,VAV3,RTP4,0.89194053
160,200,VAV3,IGTP,0.8912226
160,609,VAV3,UBA7,0.8911502
160,504,VAV3,IFI44,0.89110327
160,410,VAV3,SMARCA2,0.8899257
160,232,VAV3,ICAM1,0.8890567
160,283,VAV3,EGR1,0.88864714
160,194,VAV3,GOLPH3,0.88859123
160,518,VAV3,PHF10,0.88764507
160,34,VAV3,MAML3,0.8875594
160,432,VAV3,HDC,0.8873755
160,0,VAV3,OTUD6B,0.8873572
160,136,VAV3,TACC3,0.8873572
160,396,VAV3,RUVBL2,0.8873572
160,450,VAV3,MAGED1,0.8873572
160,524,VAV3,TBC1D10C,0.8873572
160,128,VAV3,APLP2,0.8873476
160,150,VAV3,SORT1,0.8873467
160,595,VAV3,CSF3R,0.8872829
160,8,VAV3,ATAD1,0.8872543
160,519,VAV3,AGPS,0.8867846
160,81,VAV3,HDAC11,0.88636285
160,198,VAV3,NDN,0.8857979
160,404,VAV3,FTSJ3,0.8855358
160,33,VAV3,CSTF2,0.8854538
160,263,VAV3,JUN,0.884927
160,622,VAV3,KRT18,0.8849131
160,47,VAV3,FGL2,0.8849047
160,140,VAV3,ANXA3,0.8849047
160,146,VAV3,SCARF1,0.8849047
160,362,VAV3,PTGS1,0.8849047
160,546,VAV3,PROCR,0.8848948
160,2,VAV3,PPP1R15A,0.88488436
160,564,VAV3,MFNG,0.88465476
160,190,VAV3,RAD51,0.8843264
160,553,VAV3,DHFR,0.8843264
160,367,VAV3,HCFC1,0.88415396
160,394,VAV3,MAPK1,0.8838468
160,251,VAV3,IRF6,0.8836629
160,486,VAV3,NFKBIA,0.88339585
160,554,VAV3,CDT1,0.88287765
160,590,VAV3,IL12A,0.88253915
160,210,VAV3,PNO1,0.8824361
160,440,VAV3,TMEM97,0.8819445
270,410,VDR,SMARCA2,0.9040875
270,357,VDR,MEIS1,0.903023
270,28,VDR,NFE2,0.90160483
270,177,VDR,RELB,0.9010989
270,440,VDR,TMEM97,0.89969945
270,464,VDR,ZNRF2,0.89969945
270,486,VDR,NFKBIA,0.8995641
270,367,VDR,HCFC1,0.8991943
270,73,VDR,RORC,0.8973519
270,33,VDR,CSTF2,0.8973204
270,50,VDR,NFAT5,0.89655155
270,57,VDR,OASL2,0.89609396
270,277,VDR,RTP4,0.8959334
270,318,VDR,GANAB,0.8958985
270,150,VDR,SORT1,0.8949174
270,210,VDR,PNO1,0.894733
270,504,VDR,IFI44,0.89461976
270,183,VDR,XAF1,0.89460146
270,609,VDR,UBA7,0.89460146
270,200,VDR,IGTP,0.8942652
270,263,VDR,JUN,0.892944
270,488,VDR,FGFR1OP,0.8923734
270,255,VDR,CD74,0.8923119
270,289,VDR,GT(ROSA)26SOR,0.8923119
270,283,VDR,EGR1,0.89180505
270,429,VDR,GFI1B,0.8915389
270,363,VDR,MYC,0.8912959
270,0,VDR,OTUD6B,0.8908868
270,128,VDR,APLP2,0.8908868
270,396,VDR,RUVBL2,0.8908868
270,450,VDR,MAGED1,0.8908868
270,514,VDR,PAK1,0.8908868
270,519,VDR,AGPS,0.8908868
270,524,VDR,TBC1D10C,0.8908868
270,595,VDR,CSF3R,0.8908868
270,8,VDR,ATAD1,0.8908038
270,559,VDR,RUNX1T1,0.88974184
270,590,VDR,IL12A,0.88963664
270,554,VDR,CDT1,0.88791525
270,67,VDR,HDAC2,0.8866152
270,2,VDR,PPP1R15A,0.88640404
270,47,VDR,FGL2,0.88640404
270,140,VDR,ANXA3,0.88640404
270,146,VDR,SCARF1,0.88640404
270,194,VDR,GOLPH3,0.88640404
270,441,VDR,EBF1,0.88640404
270,546,VDR,PROCR,0.88640404
270,622,VDR,KRT18,0.8863929
270,362,VDR,PTGS1,0.88634616
270,29,VDR,IKZF1,0.88496786
164,34,VPS16,MAML3,0.9263805
164,81,VPS16,HDAC11,0.9234371
164,554,VPS16,CDT1,0.91882837
164,432,VPS16,HDC,0.9164379
164,0,VPS16,OTUD6B,0.9163305
164,8,VPS16,ATAD1,0.9163305
164,136,VPS16,TACC3,0.9163305
164,396,VPS16,RUVBL2,0.9163305
164,450,VPS16,MAGED1,0.9163305
164,514,VPS16,PAK1,0.9163305
164,519,VPS16,AGPS,0.9163305
164,524,VPS16,TBC1D10C,0.9163305
164,595,VPS16,CSF3R,0.9163098
164,128,VPS16,APLP2,0.91629946
164,150,VPS16,SORT1,0.91628885
164,292,VPS16,HDAC7,0.9159325
164,410,VPS16,SMARCA2,0.9144116
164,331,VPS16,PIM2,0.9128384
164,199,VPS16,E2F4,0.91227573
164,404,VPS16,FTSJ3,0.91132873
164,475,VPS16,BCL2,0.9112045
164,186,VPS16,STT3B,0.9084188
164,429,VPS16,GFI1B,0.90816927
164,209,VPS16,ZBTB16,0.9068001
164,439,VPS16,DDX20,0.9047568
164,161,VPS16,JARID2,0.9004001
164,183,VPS16,XAF1,0.89766216
164,200,VPS16,IGTP,0.89766216
164,504,VPS16,IFI44,0.89766216
164,609,VPS16,UBA7,0.8965854
164,255,VPS16,CD74,0.8963839
164,289,VPS16,GT(ROSA)26SOR,0.8963749
164,82,VPS16,RB1,0.89627934
164,440,VPS16,TMEM97,0.8926436
164,351,VPS16,ERCC8,0.89009684
164,73,VPS16,RORC,0.8868355
164,210,VPS16,PNO1,0.8866588
164,464,VPS16,ZNRF2,0.8857552
164,137,VPS16,MYCN,0.8849705
164,486,VPS16,NFKBIA,0.8841409
164,402,VPS16,EIF1AD,0.8822523
164,50,VPS16,NFAT5,0.88185245
164,206,VPS16,ZDHHC6,0.8789005
164,363,VPS16,MYC,0.8671873
164,91,VPS16,FCHO2,0.865528
164,537,VPS16,TXNDC11,0.865528
164,611,VPS16,ZEB2,0.865528
164,177,VPS16,RELB,0.86252016
164,165,VPS16,GTF2H1,0.86162066
164,216,VPS16,CUL3,0.8612878
560,595,VPS35,CSF3R,0.89911574
560,28,VPS35,NFE2,0.8923053
560,357,VPS35,MEIS1,0.8902571
560,410,VPS35,SMARCA2,0.8889139
560,78,VPS35,MECOM,0.88876295
560,137,VPS35,MYCN,0.88854927
560,362,VPS35,PTGS1,0.8876013
560,57,VPS35,OASL2,0.885183
560,277,VPS35,RTP4,0.8851827
560,432,VPS35,HDC,0.8851543
560,8,VPS35,ATAD1,0.8851362
560,128,VPS35,APLP2,0.8851362
560,136,VPS35,TACC3,0.8851362
560,150,VPS35,SORT1,0.8851362
560,514,VPS35,PAK1,0.8851362
560,524,VPS35,TBC1D10C,0.8851362
560,396,VPS35,RUVBL2,0.88504297
560,450,VPS35,MAGED1,0.88503325
560,0,VPS35,OTUD6B,0.88497573
560,519,VPS35,AGPS,0.8842789
560,33,VPS35,CSTF2,0.88351023
560,404,VPS35,FTSJ3,0.8825924
560,183,VPS35,XAF1,0.8825213
560,200,VPS35,IGTP,0.8825213
560,504,VPS35,IFI44,0.8825213
560,609,VPS35,UBA7,0.8825213
560,367,VPS35,HCFC1,0.8809142
560,34,VPS35,MAML3,0.8807742
560,564,VPS35,MFNG,0.88067657
560,486,VPS35,NFKBIA,0.88050693
560,554,VPS35,CDT1,0.88035667
560,177,VPS35,RELB,0.87885445
560,283,VPS35,EGR1,0.87879926
560,232,VPS35,ICAM1,0.8785128
560,440,VPS35,TMEM97,0.878488
560,464,VPS35,ZNRF2,0.878488
560,210,VPS35,PNO1,0.87838846
560,2,VPS35,PPP1R15A,0.8774488
560,47,VPS35,FGL2,0.8774488
560,146,VPS35,SCARF1,0.8774488
560,194,VPS35,GOLPH3,0.8774488
560,441,VPS35,EBF1,0.8774488
560,546,VPS35,PROCR,0.8774488
560,622,VPS35,KRT18,0.8774488
560,140,VPS35,ANXA3,0.87743837
560,590,VPS35,IL12A,0.876947
560,198,VPS35,NDN,0.8765731
560,429,VPS35,GFI1B,0.87629306
560,394,VPS35,MAPK1,0.8760194
560,190,VPS35,RAD51,0.87557864
467,28,VSIR,NFE2,0.8983655
467,78,VSIR,MECOM,0.8962374
467,263,VSIR,JUN,0.89538777
467,137,VSIR,MYCN,0.89242125
467,57,VSIR,OASL2,0.89194083
467,277,VSIR,RTP4,0.89194053
467,183,VSIR,XAF1,0.8911502
467,200,VSIR,IGTP,0.89110327
467,504,VSIR,IFI44,0.89110327
467,609,VSIR,UBA7,0.89110327
467,410,VSIR,SMARCA2,0.8899257
467,283,VSIR,EGR1,0.88864714
467,564,VSIR,MFNG,0.8884875
467,518,VSIR,PHF10,0.88761836
467,8,VSIR,ATAD1,0.8873572
467,128,VSIR,APLP2,0.8873572
467,136,VSIR,TACC3,0.8873572
467,150,VSIR,SORT1,0.8873572
467,450,VSIR,MAGED1,0.8873572
467,514,VSIR,PAK1,0.8873572
467,519,VSIR,AGPS,0.8873572
467,524,VSIR,TBC1D10C,0.8873572
467,595,VSIR,CSF3R,0.8873572
467,432,VSIR,HDC,0.88726604
467,0,VSIR,OTUD6B,0.8872543
467,81,VSIR,HDAC11,0.88636285
467,198,VSIR,NDN,0.8857979
467,404,VSIR,FTSJ3,0.8855358
467,33,VSIR,CSTF2,0.8854538
467,2,VSIR,PPP1R15A,0.8849047
467,140,VSIR,ANXA3,0.8849047
467,146,VSIR,SCARF1,0.8849047
467,194,VSIR,GOLPH3,0.8849047
467,362,VSIR,PTGS1,0.8849047
467,441,VSIR,EBF1,0.8849047
467,622,VSIR,KRT18,0.8849047
467,546,VSIR,PROCR,0.8848948
467,47,VSIR,FGL2,0.88483375
467,553,VSIR,DHFR,0.8843264
467,190,VSIR,RAD51,0.8842525
467,367,VSIR,HCFC1,0.88415396
467,394,VSIR,MAPK1,0.8838468
467,251,VSIR,IRF6,0.8836629
467,34,VSIR,MAML3,0.8834213
467,486,VSIR,NFKBIA,0.88339585
467,554,VSIR,CDT1,0.8827257
467,590,VSIR,IL12A,0.8825063
467,232,VSIR,ICAM1,0.88227135
467,440,VSIR,TMEM97,0.8819445
467,464,VSIR,ZNRF2,0.8819445
197,28,WDR4,NFE2,0.8983655
197,357,WDR4,MEIS1,0.8964914
197,78,WDR4,MECOM,0.896217
197,277,WDR4,RTP4,0.8919558
197,57,WDR4,OASL2,0.89194083
197,609,WDR4,UBA7,0.89131665
197,183,WDR4,XAF1,0.89110327
197,200,WDR4,IGTP,0.89110327
197,504,WDR4,IFI44,0.89110327
197,410,WDR4,SMARCA2,0.8899257
197,232,WDR4,ICAM1,0.8890567
197,283,WDR4,EGR1,0.8890105
197,0,WDR4,OTUD6B,0.8873572
197,8,WDR4,ATAD1,0.8873572
197,128,WDR4,APLP2,0.8873572
197,396,WDR4,RUVBL2,0.8873572
197,450,WDR4,MAGED1,0.8873572
197,514,WDR4,PAK1,0.8873572
197,519,WDR4,AGPS,0.8873572
197,595,WDR4,CSF3R,0.8873572
197,136,WDR4,TACC3,0.8872829
197,177,WDR4,RELB,0.88721454
197,81,WDR4,HDAC11,0.88634646
197,198,WDR4,NDN,0.8857979
197,404,WDR4,FTSJ3,0.8855358
197,33,WDR4,CSTF2,0.88545334
197,622,WDR4,KRT18,0.8851272
197,263,WDR4,JUN,0.884927
197,47,WDR4,FGL2,0.8849047
197,140,WDR4,ANXA3,0.8849047
197,146,WDR4,SCARF1,0.8849047
197,362,WDR4,PTGS1,0.8849047
197,441,WDR4,EBF1,0.8849047
197,546,WDR4,PROCR,0.8849047
197,2,WDR4,PPP1R15A,0.88490415
197,194,WDR4,GOLPH3,0.8848201
197,553,WDR4,DHFR,0.88437665
197,190,WDR4,RAD51,0.8843264
197,367,WDR4,HCFC1,0.88415396
197,394,WDR4,MAPK1,0.8838468
197,150,WDR4,SORT1,0.8838291
197,251,WDR4,IRF6,0.8836629
197,34,WDR4,MAML3,0.8834213
197,486,WDR4,NFKBIA,0.8833867
197,554,WDR4,CDT1,0.88287765
197,590,WDR4,IL12A,0.88253915
197,440,WDR4,TMEM97,0.8819445
197,464,WDR4,ZNRF2,0.8819445
197,327,WDR4,KCTD12,0.8811679
197,606,WDR4,ELP2,0.8797057
480,34,WDR5,MAML3,0.93310475
480,81,WDR5,HDAC11,0.9291882
480,209,WDR5,ZBTB16,0.92450553
480,554,WDR5,CDT1,0.91880715
480,0,WDR5,OTUD6B,0.91787636
480,136,WDR5,TACC3,0.91787636
480,199,WDR5,E2F4,0.9178554
480,8,WDR5,ATAD1,0.91781443
480,150,WDR5,SORT1,0.91781443
480,331,WDR5,PIM2,0.9175604
480,186,WDR5,STT3B,0.91740304
480,519,WDR5,AGPS,0.9163373
480,396,WDR5,RUVBL2,0.9163305
480,432,WDR5,HDC,0.9163305
480,450,WDR5,MAGED1,0.9163305
480,514,WDR5,PAK1,0.9163305
480,524,WDR5,TBC1D10C,0.9163305
480,595,WDR5,CSF3R,0.9163305
480,292,WDR5,HDAC7,0.9159325
480,410,WDR5,SMARCA2,0.9143204
480,404,WDR5,FTSJ3,0.91132873
480,475,WDR5,BCL2,0.9112045
480,351,WDR5,ERCC8,0.9091768
480,82,WDR5,RB1,0.9086529
480,429,WDR5,GFI1B,0.90816927
480,439,WDR5,DDX20,0.90478915
480,609,WDR5,UBA7,0.898649
480,504,WDR5,IFI44,0.89766216
480,128,WDR5,APLP2,0.8969704
480,255,WDR5,CD74,0.8963839
480,289,WDR5,GT(ROSA)26SOR,0.8963839
480,183,WDR5,XAF1,0.893711
480,206,WDR5,ZDHHC6,0.8935045
480,200,WDR5,IGTP,0.89334387
480,440,WDR5,TMEM97,0.89247197
480,464,WDR5,ZNRF2,0.89247197
480,137,WDR5,MYCN,0.8893172
480,73,WDR5,RORC,0.8892019
480,486,WDR5,NFKBIA,0.8841409
480,210,WDR5,PNO1,0.88369304
480,50,WDR5,NFAT5,0.88293964
480,91,WDR5,FCHO2,0.8827152
480,402,WDR5,EIF1AD,0.8822523
480,33,WDR5,CSTF2,0.874368
480,216,WDR5,CUL3,0.870013
480,590,WDR5,IL12A,0.8693304
480,537,WDR5,TXNDC11,0.865528
480,611,WDR5,ZEB2,0.865528
480,161,WDR5,JARID2,0.8623809
480,277,WDR5,RTP4,0.86098546
336,81,WDR55,HDAC11,0.9234371
336,209,WDR55,ZBTB16,0.9189912
336,554,WDR55,CDT1,0.91880715
336,0,WDR55,OTUD6B,0.9163305
336,8,WDR55,ATAD1,0.9163305
336,128,WDR55,APLP2,0.9163305
336,136,WDR55,TACC3,0.9163305
336,150,WDR55,SORT1,0.9163305
336,396,WDR55,RUVBL2,0.9163305
336,432,WDR55,HDC,0.9163305
336,514,WDR55,PAK1,0.9163305
336,519,WDR55,AGPS,0.9163305
336,595,WDR55,CSF3R,0.9163305
336,524,WDR55,TBC1D10C,0.9163098
336,292,WDR55,HDAC7,0.9159525
336,34,WDR55,MAML3,0.91504097
336,331,WDR55,PIM2,0.9128384
336,199,WDR55,E2F4,0.9123305
336,404,WDR55,FTSJ3,0.91132873
336,475,WDR55,BCL2,0.9112045
336,351,WDR55,ERCC8,0.90947944
336,429,WDR55,GFI1B,0.90816927
336,439,WDR55,DDX20,0.90478915
336,161,WDR55,JARID2,0.9005643
336,183,WDR55,XAF1,0.89766216
336,200,WDR55,IGTP,0.89766216
336,504,WDR55,IFI44,0.89766216
336,609,WDR55,UBA7,0.89766216
336,289,WDR55,GT(ROSA)26SOR,0.89628947
336,410,WDR55,SMARCA2,0.89628017
336,255,WDR55,CD74,0.89626986
336,82,WDR55,RB1,0.89625996
336,440,WDR55,TMEM97,0.89247197
336,186,WDR55,STT3B,0.89177704
336,73,WDR55,RORC,0.8868355
336,210,WDR55,PNO1,0.8866588
336,137,WDR55,MYCN,0.8849705
336,486,WDR55,NFKBIA,0.8841409
336,450,WDR55,MAGED1,0.88363874
336,464,WDR55,ZNRF2,0.8828259
336,402,WDR55,EIF1AD,0.8822523
336,50,WDR55,NFAT5,0.88187414
336,206,WDR55,ZDHHC6,0.8789005
336,33,WDR55,CSTF2,0.8748157
336,590,WDR55,IL12A,0.8691354
336,363,WDR55,MYC,0.8671873
336,91,WDR55,FCHO2,0.865528
336,537,WDR55,TXNDC11,0.865528
336,611,WDR55,ZEB2,0.865528
336,177,WDR55,RELB,0.86252016
183,410,XAF1,SMARCA2,0.93061125
183,554,XAF1,CDT1,0.92811644
183,404,XAF1,FTSJ3,0.9276509
183,199,XAF1,E2F4,0.92756534
183,136,XAF1,TACC3,0.9273129
183,429,XAF1,GFI1B,0.92725354
183,396,XAF1,RUVBL2,0.9266568
183,137,XAF1,MYCN,0.92654985
183,161,XAF1,JARID2,0.92596686
183,81,XAF1,HDAC11,0.92457217
183,432,XAF1,HDC,0.9235754
183,200,XAF1,IGTP,0.9233472
183,504,XAF1,IFI44,0.9233472
183,609,XAF1,UBA7,0.9233472
183,8,XAF1,ATAD1,0.9223656
183,150,XAF1,SORT1,0.9223656
183,450,XAF1,MAGED1,0.9223656
183,514,XAF1,PAK1,0.9223656
183,519,XAF1,AGPS,0.9223656
183,524,XAF1,TBC1D10C,0.9223656
183,595,XAF1,CSF3R,0.9223656
183,128,XAF1,APLP2,0.9223513
183,73,XAF1,RORC,0.922322
183,210,XAF1,PNO1,0.9220202
183,440,XAF1,TMEM97,0.9217668
183,331,XAF1,PIM2,0.9206033
183,289,XAF1,GT(ROSA)26SOR,0.92053175
183,255,XAF1,CD74,0.9204823
183,186,XAF1,STT3B,0.9183731
183,67,XAF1,HDAC2,0.91827977
183,486,XAF1,NFKBIA,0.91612107
183,34,XAF1,MAML3,0.9159903
183,50,XAF1,NFAT5,0.9150436
183,78,XAF1,MECOM,0.9142977
183,33,XAF1,CSTF2,0.9133967
183,177,XAF1,RELB,0.9124845
183,318,XAF1,GANAB,0.9113357
183,580,XAF1,MLLT3,0.9113149
183,402,XAF1,EIF1AD,0.9104699
183,518,XAF1,PHF10,0.9087394
183,263,XAF1,JUN,0.9085656
183,590,XAF1,IL12A,0.9084862
183,367,XAF1,HCFC1,0.90830624
183,363,XAF1,MYC,0.90772617
183,488,XAF1,FGFR1OP,0.9074342
183,165,XAF1,GTF2H1,0.9074189
183,277,XAF1,RTP4,0.9066699
183,57,XAF1,OASL2,0.90666837
183,209,XAF1,ZBTB16,0.9052018
183,28,XAF1,NFE2,0.90478605
433,439,XPC,DDX20,0.94383484
433,292,XPC,HDAC7,0.94306827
433,82,XPC,RB1,0.9422516
433,34,XPC,MAML3,0.9404769
433,91,XPC,FCHO2,0.9285543
433,537,XPC,TXNDC11,0.9285543
433,611,XPC,ZEB2,0.9285543
433,475,XPC,BCL2,0.9249675
433,81,XPC,HDAC11,0.920497
433,209,XPC,ZBTB16,0.91696805
433,621,XPC,SNRPB,0.9144948
433,206,XPC,ZDHHC6,0.914205
433,226,XPC,POLR2B,0.9112499
433,186,XPC,STT3B,0.90767115
433,534,XPC,MORC3,0.90635234
433,86,XPC,RANGAP1,0.89555746
433,351,XPC,ERCC8,0.8931837
433,299,XPC,ORC2,0.89193094
433,514,XPC,PAK1,0.89011276
433,136,XPC,TACC3,0.89008254
433,0,XPC,OTUD6B,0.8900521
433,8,XPC,ATAD1,0.8900521
433,128,XPC,APLP2,0.8900521
433,150,XPC,SORT1,0.8900521
433,396,XPC,RUVBL2,0.8900521
433,432,XPC,HDC,0.8900521
433,450,XPC,MAGED1,0.8900521
433,519,XPC,AGPS,0.8900521
433,595,XPC,CSF3R,0.8900521
433,189,XPC,MCM5,0.8880511
433,290,XPC,POLD1,0.88508266
433,554,XPC,CDT1,0.8827408
433,404,XPC,FTSJ3,0.8807657
433,21,XPC,RRM1,0.8803456
433,279,XPC,AURKB,0.8752974
433,524,XPC,TBC1D10C,0.8743859
433,246,XPC,TK1,0.86924654
433,74,XPC,TOP2A,0.8690514
433,500,XPC,MCM3,0.86601317
433,410,XPC,SMARCA2,0.86593485
433,345,XPC,UHRF1,0.8617779
433,497,XPC,TYMS,0.85981023
433,323,XPC,MCM4,0.8587186
433,118,XPC,MIS12,0.85801226
433,399,XPC,RRM2,0.85701776
433,429,XPC,GFI1B,0.856802
433,204,XPC,MCM2,0.8557848
433,561,XPC,MCM7,0.8556599
433,297,XPC,LIG1,0.8539315
433,273,XPC,FIGNL1,0.850588
344,429,XPNPEP1,GFI1B,0.9080793
344,81,XPNPEP1,HDAC11,0.9053669
344,404,XPNPEP1,FTSJ3,0.9053575
344,410,XPNPEP1,SMARCA2,0.90494984
344,34,XPNPEP1,MAML3,0.90444607
344,128,XPNPEP1,APLP2,0.90336174
344,136,XPNPEP1,TACC3,0.90336174
344,150,XPNPEP1,SORT1,0.90332067
344,396,XPNPEP1,RUVBL2,0.90332067
344,450,XPNPEP1,MAGED1,0.90332067
344,514,XPNPEP1,PAK1,0.90332067
344,519,XPNPEP1,AGPS,0.90332067
344,524,XPNPEP1,TBC1D10C,0.90332067
344,210,XPNPEP1,PNO1,0.9024711
344,8,XPNPEP1,ATAD1,0.901884
344,554,XPNPEP1,CDT1,0.9014668
344,367,XPNPEP1,HCFC1,0.9009433
344,28,XPNPEP1,NFE2,0.90083975
344,440,XPNPEP1,TMEM97,0.90034163
344,464,XPNPEP1,ZNRF2,0.90034163
344,33,XPNPEP1,CSTF2,0.8998515
344,518,XPNPEP1,PHF10,0.8994492
344,137,XPNPEP1,MYCN,0.8993654
344,357,XPNPEP1,MEIS1,0.89886874
344,78,XPNPEP1,MECOM,0.8985772
344,595,XPNPEP1,CSF3R,0.8972522
344,161,XPNPEP1,JARID2,0.8963644
344,177,XPNPEP1,RELB,0.8951564
344,274,XPNPEP1,NOP2,0.89486265
344,57,XPNPEP1,OASL2,0.8946753
344,277,XPNPEP1,RTP4,0.8946612
344,488,XPNPEP1,FGFR1OP,0.89461213
344,199,XPNPEP1,E2F4,0.89458704
344,564,XPNPEP1,MFNG,0.89457273
344,73,XPNPEP1,RORC,0.89436996
344,289,XPNPEP1,GT(ROSA)26SOR,0.89422935
344,292,XPNPEP1,HDAC7,0.89399004
344,200,XPNPEP1,IGTP,0.8939827
344,331,XPNPEP1,PIM2,0.89375514
344,504,XPNPEP1,IFI44,0.8926335
344,183,XPNPEP1,XAF1,0.89236355
344,609,XPNPEP1,UBA7,0.89236355
344,486,XPNPEP1,NFKBIA,0.8923109
344,347,XPNPEP1,RNF4,0.8920754
344,318,XPNPEP1,GANAB,0.89176834
344,255,XPNPEP1,CD74,0.8912999
344,283,XPNPEP1,EGR1,0.89110464
344,29,XPNPEP1,IKZF1,0.88994193
344,67,XPNPEP1,HDAC2,0.8894111
344,392,XPNPEP1,DCAF13,0.8892968
218,81,XRCC3,HDAC11,0.89838904
218,28,XRCC3,NFE2,0.8983655
218,78,XRCC3,MECOM,0.89622456
218,137,XRCC3,MYCN,0.89262396
218,57,XRCC3,OASL2,0.89194083
218,200,XRCC3,IGTP,0.89111525
218,183,XRCC3,XAF1,0.89110327
218,504,XRCC3,IFI44,0.89110327
218,609,XRCC3,UBA7,0.89110327
218,410,XRCC3,SMARCA2,0.8899257
218,283,XRCC3,EGR1,0.888612
218,518,XRCC3,PHF10,0.88764507
218,0,XRCC3,OTUD6B,0.8873572
218,8,XRCC3,ATAD1,0.8873572
218,128,XRCC3,APLP2,0.8873572
218,136,XRCC3,TACC3,0.8873572
218,150,XRCC3,SORT1,0.8873572
218,396,XRCC3,RUVBL2,0.8873572
218,432,XRCC3,HDC,0.8873572
218,450,XRCC3,MAGED1,0.8873572
218,514,XRCC3,PAK1,0.8873572
218,519,XRCC3,AGPS,0.8873572
218,524,XRCC3,TBC1D10C,0.8873572
218,595,XRCC3,CSF3R,0.8873572
218,198,XRCC3,NDN,0.8857787
218,441,XRCC3,EBF1,0.88568705
218,404,XRCC3,FTSJ3,0.8855358
218,140,XRCC3,ANXA3,0.88497376
218,263,XRCC3,JUN,0.884927
218,2,XRCC3,PPP1R15A,0.8849047
218,47,XRCC3,FGL2,0.8849047
218,146,XRCC3,SCARF1,0.8849047
218,194,XRCC3,GOLPH3,0.8849047
218,362,XRCC3,PTGS1,0.8849047
218,622,XRCC3,KRT18,0.8849047
218,564,XRCC3,MFNG,0.88467485
218,190,XRCC3,RAD51,0.8843264
218,553,XRCC3,DHFR,0.8843264
218,367,XRCC3,HCFC1,0.88415396
218,394,XRCC3,MAPK1,0.88388085
218,251,XRCC3,IRF6,0.8836629
218,34,XRCC3,MAML3,0.8834213
218,486,XRCC3,NFKBIA,0.88339585
218,554,XRCC3,CDT1,0.88287765
218,590,XRCC3,IL12A,0.88253915
218,232,XRCC3,ICAM1,0.88227135
218,440,XRCC3,TMEM97,0.8819445
218,464,XRCC3,ZNRF2,0.8819445
218,177,XRCC3,RELB,0.8818608
218,606,XRCC3,ELP2,0.8797057
510,189,XRCC6,MCM5,0.97172
510,290,XRCC6,POLD1,0.9693661
510,279,XRCC6,AURKB,0.9692951
510,299,XRCC6,ORC2,0.969106
510,21,XRCC6,RRM1,0.9688811
510,345,XRCC6,UHRF1,0.96829087
510,246,XRCC6,TK1,0.9675661
510,500,XRCC6,MCM3,0.96753615
510,74,XRCC6,TOP2A,0.9671233
510,204,XRCC6,MCM2,0.9670218
510,240,XRCC6,RPA2,0.9666334
510,399,XRCC6,RRM2,0.96654594
510,323,XRCC6,MCM4,0.9664964
510,561,XRCC6,MCM7,0.96623224
510,350,XRCC6,MCM6,0.96618307
510,497,XRCC6,TYMS,0.96616566
510,273,XRCC6,FIGNL1,0.96547824
510,297,XRCC6,LIG1,0.9653015
510,42,XRCC6,HMGB2,0.96496546
510,230,XRCC6,TOP3B,0.9649649
510,411,XRCC6,CDC45,0.96468836
510,266,XRCC6,MSH6,0.96466297
510,610,XRCC6,PRIM2,0.96430814
510,30,XRCC6,PBK,0.9641924
510,620,XRCC6,TIPIN,0.9641666
510,478,XRCC6,MKI67,0.96400285
510,182,XRCC6,RPA1,0.9638968
510,53,XRCC6,ORC6,0.9638966
510,102,XRCC6,PRIM1,0.96375716
510,68,XRCC6,MIS18BP1,0.96268314
510,259,XRCC6,NUP107,0.96268314
510,430,XRCC6,SEH1L,0.96268314
510,407,XRCC6,CDC7,0.96260667
510,226,XRCC6,POLR2B,0.9622583
510,414,XRCC6,CENPK,0.96191525
510,361,XRCC6,CCNB2,0.96124643
510,86,XRCC6,RANGAP1,0.9608452
510,118,XRCC6,MIS12,0.95617193
510,439,XRCC6,DDX20,0.95532525
510,91,XRCC6,FCHO2,0.95163715
510,537,XRCC6,TXNDC11,0.95163715
510,611,XRCC6,ZEB2,0.95163715
510,82,XRCC6,RB1,0.93875134
510,292,XRCC6,HDAC7,0.9373972
510,621,XRCC6,SNRPB,0.9306802
510,534,XRCC6,MORC3,0.91747713
510,206,XRCC6,ZDHHC6,0.91646004
510,34,XRCC6,MAML3,0.91296726
510,475,XRCC6,BCL2,0.8927743
510,81,XRCC6,HDAC11,0.8767024
589,439,YBX1,DDX20,0.9372987
589,34,YBX1,MAML3,0.93657696
589,292,YBX1,HDAC7,0.9331934
589,621,YBX1,SNRPB,0.92981803
589,82,YBX1,RB1,0.92147267
589,91,YBX1,FCHO2,0.9199414
589,537,YBX1,TXNDC11,0.9199414
589,611,YBX1,ZEB2,0.9199414
589,81,YBX1,HDAC11,0.9186516
589,450,YBX1,MAGED1,0.91842896
589,209,YBX1,ZBTB16,0.9129591
589,475,YBX1,BCL2,0.91079146
589,610,YBX1,PRIM2,0.90713173
589,186,YBX1,STT3B,0.90447396
589,351,YBX1,ERCC8,0.9040599
589,226,YBX1,POLR2B,0.90309536
589,404,YBX1,FTSJ3,0.8972931
589,0,YBX1,OTUD6B,0.8966239
589,8,YBX1,ATAD1,0.8966239
589,128,YBX1,APLP2,0.8966239
589,136,YBX1,TACC3,0.8966239
589,396,YBX1,RUVBL2,0.8966239
589,432,YBX1,HDC,0.8966239
589,514,YBX1,PAK1,0.8966239
589,519,YBX1,AGPS,0.8966239
589,524,YBX1,TBC1D10C,0.8966239
589,595,YBX1,CSF3R,0.8966239
589,554,YBX1,CDT1,0.89415395
589,206,YBX1,ZDHHC6,0.8937924
589,331,YBX1,PIM2,0.8863912
589,410,YBX1,SMARCA2,0.8810246
589,534,YBX1,MORC3,0.87896425
589,199,YBX1,E2F4,0.8756693
589,150,YBX1,SORT1,0.8752013
589,429,YBX1,GFI1B,0.8713569
589,189,YBX1,MCM5,0.86951053
589,290,YBX1,POLD1,0.86832285
589,74,YBX1,TOP2A,0.86804175
589,21,YBX1,RRM1,0.86347485
589,161,YBX1,JARID2,0.85698766
589,86,YBX1,RANGAP1,0.8552448
589,279,YBX1,AURKB,0.8551806
589,255,YBX1,CD74,0.8508496
589,289,YBX1,GT(ROSA)26SOR,0.8508496
589,246,YBX1,TK1,0.8468021
589,464,YBX1,ZNRF2,0.8465835
589,440,YBX1,TMEM97,0.84587616
589,500,YBX1,MCM3,0.8391819
589,345,YBX1,UHRF1,0.8330918
589,497,YBX1,TYMS,0.83181703
209,439,ZBTB16,DDX20,0.9248571
209,292,ZBTB16,HDAC7,0.9223747
209,537,ZBTB16,TXNDC11,0.9188793
209,91,ZBTB16,FCHO2,0.91842234
209,82,ZBTB16,RB1,0.91308296
209,34,ZBTB16,MAML3,0.9072892
209,611,ZBTB16,ZEB2,0.9042338
209,226,ZBTB16,POLR2B,0.9033356
209,81,ZBTB16,HDAC11,0.8859801
209,206,ZBTB16,ZDHHC6,0.86454254
209,621,ZBTB16,SNRPB,0.8625149
209,524,ZBTB16,TBC1D10C,0.8620923
209,0,ZBTB16,OTUD6B,0.86203605
209,128,ZBTB16,APLP2,0.86203605
209,136,ZBTB16,TACC3,0.86203605
209,150,ZBTB16,SORT1,0.86203605
209,432,ZBTB16,HDC,0.86203605
209,450,ZBTB16,MAGED1,0.86203605
209,514,ZBTB16,PAK1,0.86203605
209,519,ZBTB16,AGPS,0.86203605
209,595,ZBTB16,CSF3R,0.86203605
209,396,ZBTB16,RUVBL2,0.8619278
209,186,ZBTB16,STT3B,0.8570056
209,475,ZBTB16,BCL2,0.8557695
209,534,ZBTB16,MORC3,0.85229486
209,8,ZBTB16,ATAD1,0.8515131
209,554,ZBTB16,CDT1,0.84500414
209,351,ZBTB16,ERCC8,0.8448365
209,404,ZBTB16,FTSJ3,0.84479976
209,410,ZBTB16,SMARCA2,0.8327742
209,299,ZBTB16,ORC2,0.82822824
209,74,ZBTB16,TOP2A,0.8266469
209,331,ZBTB16,PIM2,0.82139724
209,290,ZBTB16,POLD1,0.8206596
209,86,ZBTB16,RANGAP1,0.81869966
209,21,ZBTB16,RRM1,0.8158432
209,189,ZBTB16,MCM5,0.813183
209,429,ZBTB16,GFI1B,0.8120073
209,279,ZBTB16,AURKB,0.8047732
209,246,ZBTB16,TK1,0.8009626
209,199,ZBTB16,E2F4,0.79845804
209,42,ZBTB16,HMGB2,0.7974134
209,161,ZBTB16,JARID2,0.7948329
209,500,ZBTB16,MCM3,0.79427797
209,497,ZBTB16,TYMS,0.7904114
209,440,ZBTB16,TMEM97,0.789864
209,464,ZBTB16,ZNRF2,0.789864
209,289,ZBTB16,GT(ROSA)26SOR,0.7895621
209,255,ZBTB16,CD74,0.7892424
209,323,ZBTB16,MCM4,0.7877389
37,357,ZBTB20,MEIS1,0.89018834
37,410,ZBTB20,SMARCA2,0.8889139
37,137,ZBTB20,MYCN,0.88854927
37,34,ZBTB20,MAML3,0.8873294
37,524,ZBTB20,TBC1D10C,0.88520175
37,57,ZBTB20,OASL2,0.885183
37,277,ZBTB20,RTP4,0.8851827
37,136,ZBTB20,TACC3,0.8851681
37,0,ZBTB20,OTUD6B,0.8851362
37,8,ZBTB20,ATAD1,0.8851362
37,150,ZBTB20,SORT1,0.8851362
37,396,ZBTB20,RUVBL2,0.8851362
37,432,ZBTB20,HDC,0.8851362
37,450,ZBTB20,MAGED1,0.8851362
37,514,ZBTB20,PAK1,0.8851362
37,519,ZBTB20,AGPS,0.8851362
37,595,ZBTB20,CSF3R,0.8850989
37,518,ZBTB20,PHF10,0.88344926
37,404,ZBTB20,FTSJ3,0.8825924
37,33,ZBTB20,CSTF2,0.8825699
37,183,ZBTB20,XAF1,0.8825213
37,200,ZBTB20,IGTP,0.8825118
37,609,ZBTB20,UBA7,0.88244474
37,283,ZBTB20,EGR1,0.8812185
37,367,ZBTB20,HCFC1,0.8809142
37,564,ZBTB20,MFNG,0.88067657
37,488,ZBTB20,FGFR1OP,0.88052356
37,486,ZBTB20,NFKBIA,0.88050693
37,554,ZBTB20,CDT1,0.88035667
37,504,ZBTB20,IFI44,0.87942076
37,177,ZBTB20,RELB,0.87885445
37,78,ZBTB20,MECOM,0.8786605
37,232,ZBTB20,ICAM1,0.8785236
37,440,ZBTB20,TMEM97,0.878488
37,464,ZBTB20,ZNRF2,0.878488
37,210,ZBTB20,PNO1,0.87838846
37,194,ZBTB20,GOLPH3,0.87832093
37,140,ZBTB20,ANXA3,0.87753314
37,2,ZBTB20,PPP1R15A,0.8774488
37,47,ZBTB20,FGL2,0.8774488
37,146,ZBTB20,SCARF1,0.8774488
37,362,ZBTB20,PTGS1,0.8774488
37,441,ZBTB20,EBF1,0.8774488
37,546,ZBTB20,PROCR,0.8774488
37,622,ZBTB20,KRT18,0.8774488
37,590,ZBTB20,IL12A,0.876947
37,198,ZBTB20,NDN,0.8765731
37,429,ZBTB20,GFI1B,0.87629306
37,394,ZBTB20,MAPK1,0.8760194
37,190,ZBTB20,RAD51,0.87557864
311,28,ZBTB38,NFE2,0.8983655
311,357,ZBTB38,MEIS1,0.89649427
311,78,ZBTB38,MECOM,0.8962374
311,137,ZBTB38,MYCN,0.89262396
311,277,ZBTB38,RTP4,0.89194053
311,57,ZBTB38,OASL2,0.8918977
311,183,ZBTB38,XAF1,0.89110327
311,200,ZBTB38,IGTP,0.89110327
311,283,ZBTB38,EGR1,0.8886568
311,0,ZBTB38,OTUD6B,0.8873572
311,8,ZBTB38,ATAD1,0.8873572
311,150,ZBTB38,SORT1,0.8873572
311,136,ZBTB38,TACC3,0.887242
311,81,ZBTB38,HDAC11,0.88636285
311,198,ZBTB38,NDN,0.88572943
311,33,ZBTB38,CSTF2,0.8854538
311,263,ZBTB38,JUN,0.884927
311,2,ZBTB38,PPP1R15A,0.8849047
311,47,ZBTB38,FGL2,0.8849047
311,140,ZBTB38,ANXA3,0.8849047
311,146,ZBTB38,SCARF1,0.8849047
311,194,ZBTB38,GOLPH3,0.8849047
311,362,ZBTB38,PTGS1,0.8849047
311,128,ZBTB38,APLP2,0.88435096
311,190,ZBTB38,RAD51,0.8843264
311,367,ZBTB38,HCFC1,0.88415396
311,410,ZBTB38,SMARCA2,0.8840209
311,251,ZBTB38,IRF6,0.8836629
311,34,ZBTB38,MAML3,0.8834213
311,210,ZBTB38,PNO1,0.8824361
311,232,ZBTB38,ICAM1,0.8823246
311,177,ZBTB38,RELB,0.8818608
311,396,ZBTB38,RUVBL2,0.8790965
311,432,ZBTB38,HDC,0.8790965
311,450,ZBTB38,MAGED1,0.8790965
311,514,ZBTB38,PAK1,0.8790965
311,519,ZBTB38,AGPS,0.8790965
311,524,ZBTB38,TBC1D10C,0.8790965
311,595,ZBTB38,CSF3R,0.8790965
311,161,ZBTB38,JARID2,0.87832993
311,347,ZBTB38,RNF4,0.87744975
311,73,ZBTB38,RORC,0.8765409
311,133,ZBTB38,LTB,0.8762606
311,363,ZBTB38,MYC,0.8761714
311,64,ZBTB38,IRF9,0.8753669
311,255,ZBTB38,CD74,0.87527484
311,289,ZBTB38,GT(ROSA)26SOR,0.87527484
311,292,ZBTB38,HDAC7,0.87502116
311,504,ZBTB38,IFI44,0.8743691
311,609,ZBTB38,UBA7,0.8743691
549,28,ZDHHC13,NFE2,0.8983655
549,357,ZDHHC13,MEIS1,0.89649427
549,78,ZDHHC13,MECOM,0.8962374
549,137,ZDHHC13,MYCN,0.89262396
549,277,ZDHHC13,RTP4,0.8920464
549,57,ZDHHC13,OASL2,0.89194083
549,183,ZDHHC13,XAF1,0.89110327
549,200,ZDHHC13,IGTP,0.89110327
549,504,ZDHHC13,IFI44,0.89110327
549,410,ZDHHC13,SMARCA2,0.8899257
549,283,ZDHHC13,EGR1,0.88864714
549,0,ZDHHC13,OTUD6B,0.8873572
549,8,ZDHHC13,ATAD1,0.8873572
549,128,ZDHHC13,APLP2,0.8873572
549,136,ZDHHC13,TACC3,0.8873572
549,150,ZDHHC13,SORT1,0.8873572
549,432,ZDHHC13,HDC,0.8873572
549,450,ZDHHC13,MAGED1,0.8873572
549,514,ZDHHC13,PAK1,0.8873572
549,595,ZDHHC13,CSF3R,0.8873572
549,519,ZDHHC13,AGPS,0.8873564
549,81,ZDHHC13,HDAC11,0.88636285
549,198,ZDHHC13,NDN,0.8857979
549,404,ZDHHC13,FTSJ3,0.8855358
549,33,ZDHHC13,CSTF2,0.8854538
549,362,ZDHHC13,PTGS1,0.88500655
549,263,ZDHHC13,JUN,0.884927
549,622,ZDHHC13,KRT18,0.88491666
549,2,ZDHHC13,PPP1R15A,0.8849047
549,47,ZDHHC13,FGL2,0.8849047
549,140,ZDHHC13,ANXA3,0.8849047
549,194,ZDHHC13,GOLPH3,0.8849047
549,441,ZDHHC13,EBF1,0.8849047
549,546,ZDHHC13,PROCR,0.8849047
549,564,ZDHHC13,MFNG,0.88467485
549,190,ZDHHC13,RAD51,0.8843264
549,553,ZDHHC13,DHFR,0.8843264
549,367,ZDHHC13,HCFC1,0.88415396
549,518,ZDHHC13,PHF10,0.88394666
549,394,ZDHHC13,MAPK1,0.8838468
549,524,ZDHHC13,TBC1D10C,0.8838286
549,251,ZDHHC13,IRF6,0.8836629
549,34,ZDHHC13,MAML3,0.8834213
549,486,ZDHHC13,NFKBIA,0.88339585
549,554,ZDHHC13,CDT1,0.88287765
549,590,ZDHHC13,IL12A,0.88253915
549,232,ZDHHC13,ICAM1,0.88227135
549,440,ZDHHC13,TMEM97,0.8819445
549,464,ZDHHC13,ZNRF2,0.8818475
549,177,ZDHHC13,RELB,0.8816551
206,189,ZDHHC6,MCM5,0.96427035
206,86,ZDHHC6,RANGAP1,0.96216524
206,299,ZDHHC6,ORC2,0.96178347
206,290,ZDHHC6,POLD1,0.96165425
206,21,ZDHHC6,RRM1,0.96074075
206,226,ZDHHC6,POLR2B,0.96070784
206,279,ZDHHC6,AURKB,0.9605568
206,74,ZDHHC6,TOP2A,0.95902413
206,118,ZDHHC6,MIS12,0.95899737
206,246,ZDHHC6,TK1,0.95716256
206,91,ZDHHC6,FCHO2,0.95709735
206,537,ZDHHC6,TXNDC11,0.95709735
206,611,ZDHHC6,ZEB2,0.95709735
206,345,ZDHHC6,UHRF1,0.9570658
206,500,ZDHHC6,MCM3,0.9560546
206,204,ZDHHC6,MCM2,0.9539625
206,323,ZDHHC6,MCM4,0.953741
206,561,ZDHHC6,MCM7,0.95326823
206,297,ZDHHC6,LIG1,0.9529553
206,439,ZDHHC6,DDX20,0.952376
206,350,ZDHHC6,MCM6,0.9522656
206,42,ZDHHC6,HMGB2,0.9498777
206,266,ZDHHC6,MSH6,0.9495045
206,411,ZDHHC6,CDC45,0.9494819
206,240,ZDHHC6,RPA2,0.94865906
206,621,ZDHHC6,SNRPB,0.94838464
206,620,ZDHHC6,TIPIN,0.9481176
206,30,ZDHHC6,PBK,0.94801295
206,182,ZDHHC6,RPA1,0.9477119
206,478,ZDHHC6,MKI67,0.94766927
206,610,ZDHHC6,PRIM2,0.9473766
206,102,ZDHHC6,PRIM1,0.94729906
206,230,ZDHHC6,TOP3B,0.9462843
206,82,ZDHHC6,RB1,0.94603676
206,292,ZDHHC6,HDAC7,0.94549465
206,510,ZDHHC6,XRCC6,0.9452514
206,407,ZDHHC6,CDC7,0.9446984
206,68,ZDHHC6,MIS18BP1,0.94152033
206,259,ZDHHC6,NUP107,0.94152033
206,430,ZDHHC6,SEH1L,0.94152033
206,414,ZDHHC6,CENPK,0.94143915
206,273,ZDHHC6,FIGNL1,0.94127375
206,497,ZDHHC6,TYMS,0.94077116
206,399,ZDHHC6,RRM2,0.93923336
206,361,ZDHHC6,CCNB2,0.93898314
206,53,ZDHHC6,ORC6,0.9332689
206,34,ZDHHC6,MAML3,0.93273664
206,534,ZDHHC6,MORC3,0.91657096
206,475,ZDHHC6,BCL2,0.9160269
206,81,ZDHHC6,HDAC11,0.90208334
611,91,ZEB2,FCHO2,0.9320551
611,537,ZEB2,TXNDC11,0.9320551
611,439,ZEB2,DDX20,0.9243596
611,226,ZEB2,POLR2B,0.921819
611,82,ZEB2,RB1,0.9128512
611,299,ZEB2,ORC2,0.9053878
611,189,ZEB2,MCM5,0.9005828
611,290,ZEB2,POLD1,0.9003418
611,74,ZEB2,TOP2A,0.8985608
611,34,ZEB2,MAML3,0.8973455
611,21,ZEB2,RRM1,0.8968373
611,292,ZEB2,HDAC7,0.8951004
611,279,ZEB2,AURKB,0.89289033
611,246,ZEB2,TK1,0.8869496
611,497,ZEB2,TYMS,0.8849754
611,81,ZEB2,HDAC11,0.88357735
611,500,ZEB2,MCM3,0.8835296
611,345,ZEB2,UHRF1,0.880583
611,323,ZEB2,MCM4,0.8773347
611,399,ZEB2,RRM2,0.8759879
611,206,ZEB2,ZDHHC6,0.87528044
611,204,ZEB2,MCM2,0.87500334
611,561,ZEB2,MCM7,0.87496156
611,297,ZEB2,LIG1,0.87269485
611,350,ZEB2,MCM6,0.87009233
611,273,ZEB2,FIGNL1,0.86949635
611,266,ZEB2,MSH6,0.8691897
611,86,ZEB2,RANGAP1,0.8684759
611,182,ZEB2,RPA1,0.86756355
611,53,ZEB2,ORC6,0.86756146
611,42,ZEB2,HMGB2,0.865753
611,411,ZEB2,CDC45,0.86531174
611,478,ZEB2,MKI67,0.8644552
611,621,ZEB2,SNRPB,0.8641114
611,620,ZEB2,TIPIN,0.86361337
611,534,ZEB2,MORC3,0.86319983
611,102,ZEB2,PRIM1,0.86183375
611,30,ZEB2,PBK,0.86033344
611,475,ZEB2,BCL2,0.8586697
611,407,ZEB2,CDC7,0.8578123
611,610,ZEB2,PRIM2,0.857034
611,510,ZEB2,XRCC6,0.8467612
611,209,ZEB2,ZBTB16,0.84568435
611,240,ZEB2,RPA2,0.83883554
611,361,ZEB2,CCNB2,0.83031917
611,128,ZEB2,APLP2,0.8251056
611,450,ZEB2,MAGED1,0.8231495
611,514,ZEB2,PAK1,0.8231495
611,0,ZEB2,OTUD6B,0.8227414
611,8,ZEB2,ATAD1,0.8227414
249,28,ZFP24,NFE2,0.898267
249,357,ZFP24,MEIS1,0.89649427
249,78,ZFP24,MECOM,0.8962374
249,210,ZFP24,PNO1,0.89395386
249,137,ZFP24,MYCN,0.89262396
249,57,ZFP24,OASL2,0.89194083
249,277,ZFP24,RTP4,0.89194053
249,183,ZFP24,XAF1,0.89110327
249,200,ZFP24,IGTP,0.89110327
249,504,ZFP24,IFI44,0.89110327
249,609,ZFP24,UBA7,0.89110327
249,410,ZFP24,SMARCA2,0.8899257
249,283,ZFP24,EGR1,0.88864714
249,146,ZFP24,SCARF1,0.88852304
249,518,ZFP24,PHF10,0.88764507
249,396,ZFP24,RUVBL2,0.88735914
249,8,ZFP24,ATAD1,0.8873572
249,128,ZFP24,APLP2,0.8873572
249,150,ZFP24,SORT1,0.8873572
249,432,ZFP24,HDC,0.8873572
249,450,ZFP24,MAGED1,0.8873572
249,514,ZFP24,PAK1,0.8873572
249,519,ZFP24,AGPS,0.8873572
249,524,ZFP24,TBC1D10C,0.8873572
249,595,ZFP24,CSF3R,0.8873572
249,136,ZFP24,TACC3,0.8873564
249,0,ZFP24,OTUD6B,0.8872829
249,81,ZFP24,HDAC11,0.88636285
249,198,ZFP24,NDN,0.8857979
249,404,ZFP24,FTSJ3,0.8855358
249,33,ZFP24,CSTF2,0.8854538
249,2,ZFP24,PPP1R15A,0.8849424
249,263,ZFP24,JUN,0.884927
249,47,ZFP24,FGL2,0.8849047
249,194,ZFP24,GOLPH3,0.8849047
249,362,ZFP24,PTGS1,0.8849047
249,441,ZFP24,EBF1,0.8849047
249,546,ZFP24,PROCR,0.8849047
249,622,ZFP24,KRT18,0.8849047
249,564,ZFP24,MFNG,0.88467485
249,553,ZFP24,DHFR,0.88433087
249,367,ZFP24,HCFC1,0.88415396
249,394,ZFP24,MAPK1,0.8838468
249,251,ZFP24,IRF6,0.8836629
249,486,ZFP24,NFKBIA,0.88339585
249,190,ZFP24,RAD51,0.8830442
249,554,ZFP24,CDT1,0.88287765
249,590,ZFP24,IL12A,0.88253915
249,232,ZFP24,ICAM1,0.88226897
249,440,ZFP24,TMEM97,0.8819445
582,410,ZFP35,SMARCA2,0.90353405
582,432,ZFP35,HDC,0.901884
582,28,ZFP35,NFE2,0.8983655
582,357,ZFP35,MEIS1,0.89649427
582,78,ZFP35,MECOM,0.8962374
582,137,ZFP35,MYCN,0.89262396
582,277,ZFP35,RTP4,0.89194053
582,57,ZFP35,OASL2,0.89185756
582,183,ZFP35,XAF1,0.89129186
582,200,ZFP35,IGTP,0.89110327
582,504,ZFP35,IFI44,0.89110327
582,609,ZFP35,UBA7,0.88961077
582,283,ZFP35,EGR1,0.88864714
582,546,ZFP35,PROCR,0.88852304
582,518,ZFP35,PHF10,0.88764507
582,519,ZFP35,AGPS,0.8874749
582,136,ZFP35,TACC3,0.8873907
582,0,ZFP35,OTUD6B,0.8873572
582,128,ZFP35,APLP2,0.8873572
582,450,ZFP35,MAGED1,0.8873572
582,514,ZFP35,PAK1,0.8873572
582,524,ZFP35,TBC1D10C,0.8873572
582,595,ZFP35,CSF3R,0.8873572
582,150,ZFP35,SORT1,0.887242
582,81,ZFP35,HDAC11,0.88636285
582,198,ZFP35,NDN,0.8857979
582,404,ZFP35,FTSJ3,0.8855358
582,33,ZFP35,CSTF2,0.8854538
582,394,ZFP35,MAPK1,0.88523024
582,362,ZFP35,PTGS1,0.8849098
582,263,ZFP35,JUN,0.88490534
582,2,ZFP35,PPP1R15A,0.8849047
582,140,ZFP35,ANXA3,0.8849047
582,146,ZFP35,SCARF1,0.8849047
582,194,ZFP35,GOLPH3,0.8849047
582,622,ZFP35,KRT18,0.8849047
582,47,ZFP35,FGL2,0.88477767
582,564,ZFP35,MFNG,0.88467485
582,553,ZFP35,DHFR,0.8843399
582,190,ZFP35,RAD51,0.8843264
582,367,ZFP35,HCFC1,0.88415396
582,251,ZFP35,IRF6,0.8838897
582,8,ZFP35,ATAD1,0.8838291
582,318,ZFP35,GANAB,0.8836657
582,34,ZFP35,MAML3,0.8834213
582,486,ZFP35,NFKBIA,0.88339585
582,554,ZFP35,CDT1,0.8829184
582,590,ZFP35,IL12A,0.88253915
582,210,ZFP35,PNO1,0.882356
582,232,ZFP35,ICAM1,0.88206875
631,410,ZFP36,SMARCA2,0.92556894
631,504,ZFP36,IFI44,0.9221585
631,609,ZFP36,UBA7,0.9221585
631,429,ZFP36,GFI1B,0.92137927
631,554,ZFP36,CDT1,0.92100406
631,200,ZFP36,IGTP,0.920303
631,161,ZFP36,JARID2,0.9201643
631,137,ZFP36,MYCN,0.91943705
631,450,ZFP36,MAGED1,0.9194289
631,595,ZFP36,CSF3R,0.9194289
631,404,ZFP36,FTSJ3,0.9186596
631,73,ZFP36,RORC,0.915918
631,514,ZFP36,PAK1,0.9157179
631,0,ZFP36,OTUD6B,0.9155327
631,8,ZFP36,ATAD1,0.9155327
631,136,ZFP36,TACC3,0.9155327
631,150,ZFP36,SORT1,0.9155327
631,396,ZFP36,RUVBL2,0.9155327
631,432,ZFP36,HDC,0.9155327
631,519,ZFP36,AGPS,0.9155327
631,524,ZFP36,TBC1D10C,0.9155327
631,440,ZFP36,TMEM97,0.91551614
631,464,ZFP36,ZNRF2,0.91551614
631,255,ZFP36,CD74,0.9145317
631,289,ZFP36,GT(ROSA)26SOR,0.9145317
631,210,ZFP36,PNO1,0.91314137
631,81,ZFP36,HDAC11,0.9131101
631,486,ZFP36,NFKBIA,0.91277593
631,331,ZFP36,PIM2,0.91246843
631,50,ZFP36,NFAT5,0.9114684
631,67,ZFP36,HDAC2,0.91044587
631,183,ZFP36,XAF1,0.91016823
631,177,ZFP36,RELB,0.9091508
631,33,ZFP36,CSTF2,0.9081797
631,199,ZFP36,E2F4,0.9073961
631,277,ZFP36,RTP4,0.9063906
631,57,ZFP36,OASL2,0.90638965
631,357,ZFP36,MEIS1,0.9060611
631,318,ZFP36,GANAB,0.90572214
631,367,ZFP36,HCFC1,0.90541035
631,263,ZFP36,JUN,0.9052957
631,590,ZFP36,IL12A,0.9045909
631,580,ZFP36,MLLT3,0.9042422
631,28,ZFP36,NFE2,0.90421903
631,363,ZFP36,MYC,0.9018277
631,518,ZFP36,PHF10,0.9003135
631,209,ZFP36,ZBTB16,0.8991602
631,293,ZFP36,IRF7,0.8986493
631,436,ZFP36,RARB,0.898256
631,351,ZFP36,ERCC8,0.8978697
111,28,ZFP367,NFE2,0.8983655
111,357,ZFP367,MEIS1,0.8964886
111,78,ZFP367,MECOM,0.8962374
111,429,ZFP367,GFI1B,0.8955829
111,137,ZFP367,MYCN,0.89262396
111,396,ZFP367,RUVBL2,0.89204526
111,277,ZFP367,RTP4,0.8919745
111,57,ZFP367,OASL2,0.89193857
111,183,ZFP367,XAF1,0.89110327
111,200,ZFP367,IGTP,0.89110327
111,609,ZFP367,UBA7,0.89110327
111,504,ZFP367,IFI44,0.89094
111,410,ZFP367,SMARCA2,0.8899257
111,209,ZFP367,ZBTB16,0.8897192
111,283,ZFP367,EGR1,0.88864714
111,518,ZFP367,PHF10,0.88764507
111,0,ZFP367,OTUD6B,0.8873572
111,8,ZFP367,ATAD1,0.8873572
111,128,ZFP367,APLP2,0.8873572
111,136,ZFP367,TACC3,0.8873572
111,150,ZFP367,SORT1,0.8873572
111,432,ZFP367,HDC,0.8873572
111,450,ZFP367,MAGED1,0.8873572
111,514,ZFP367,PAK1,0.8873572
111,519,ZFP367,AGPS,0.8873572
111,524,ZFP367,TBC1D10C,0.8873572
111,595,ZFP367,CSF3R,0.8873572
111,81,ZFP367,HDAC11,0.88636285
111,198,ZFP367,NDN,0.8857979
111,404,ZFP367,FTSJ3,0.8855358
111,33,ZFP367,CSTF2,0.8854538
111,263,ZFP367,JUN,0.884927
111,47,ZFP367,FGL2,0.8849047
111,140,ZFP367,ANXA3,0.8849047
111,146,ZFP367,SCARF1,0.8849047
111,194,ZFP367,GOLPH3,0.8849047
111,441,ZFP367,EBF1,0.8849047
111,546,ZFP367,PROCR,0.88490415
111,362,ZFP367,PTGS1,0.88490117
111,2,ZFP367,PPP1R15A,0.8848201
111,622,ZFP367,KRT18,0.88477767
111,564,ZFP367,MFNG,0.88467485
111,190,ZFP367,RAD51,0.8843264
111,553,ZFP367,DHFR,0.8843264
111,367,ZFP367,HCFC1,0.8841686
111,394,ZFP367,MAPK1,0.8838468
111,251,ZFP367,IRF6,0.8836629
111,34,ZFP367,MAML3,0.8834213
111,554,ZFP367,CDT1,0.88287765
111,590,ZFP367,IL12A,0.88253915
521,81,ZFP451,HDAC11,0.9249149
521,554,ZFP451,CDT1,0.92206335
521,410,ZFP451,SMARCA2,0.9206793
521,396,ZFP451,RUVBL2,0.91978556
521,450,ZFP451,MAGED1,0.919751
521,128,ZFP451,APLP2,0.919706
521,136,ZFP451,TACC3,0.919706
521,514,ZFP451,PAK1,0.919706
521,519,ZFP451,AGPS,0.919706
521,524,ZFP451,TBC1D10C,0.919706
521,595,ZFP451,CSF3R,0.919706
521,34,ZFP451,MAML3,0.9187053
521,331,ZFP451,PIM2,0.9154584
521,404,ZFP451,FTSJ3,0.9153777
521,209,ZFP451,ZBTB16,0.91371775
521,351,ZFP451,ERCC8,0.9131272
521,429,ZFP451,GFI1B,0.9130389
521,432,ZFP451,HDC,0.9119797
521,183,ZFP451,XAF1,0.91148746
521,200,ZFP451,IGTP,0.91126215
521,504,ZFP451,IFI44,0.91126215
521,8,ZFP451,ATAD1,0.91093975
521,475,ZFP451,BCL2,0.9079859
521,161,ZFP451,JARID2,0.906796
521,292,ZFP451,HDAC7,0.90639305
521,199,ZFP451,E2F4,0.9054068
521,255,ZFP451,CD74,0.9043453
521,289,ZFP451,GT(ROSA)26SOR,0.9043453
521,186,ZFP451,STT3B,0.9041575
521,440,ZFP451,TMEM97,0.9033778
521,464,ZFP451,ZNRF2,0.9033778
521,210,ZFP451,PNO1,0.90057766
521,137,ZFP451,MYCN,0.8999061
521,73,ZFP451,RORC,0.8993226
521,439,ZFP451,DDX20,0.8926979
521,50,ZFP451,NFAT5,0.8926839
521,486,ZFP451,NFKBIA,0.89182293
521,402,ZFP451,EIF1AD,0.88909316
521,82,ZFP451,RB1,0.88470775
521,33,ZFP451,CSTF2,0.88443744
521,590,ZFP451,IL12A,0.8831671
521,580,ZFP451,MLLT3,0.8816514
521,293,ZFP451,IRF7,0.8786845
521,78,ZFP451,MECOM,0.8775579
521,277,ZFP451,RTP4,0.8772166
521,57,ZFP451,OASL2,0.87721264
521,363,ZFP451,MYC,0.877165
521,609,ZFP451,UBA7,0.875048
521,357,ZFP451,MEIS1,0.8746898
521,28,ZFP451,NFE2,0.873343
398,28,ZFP467,NFE2,0.9099437
398,357,ZFP467,MEIS1,0.90789604
398,137,ZFP467,MYCN,0.90754235
398,78,ZFP467,MECOM,0.90518636
398,57,ZFP467,OASL2,0.904817
398,277,ZFP467,RTP4,0.9047796
398,504,ZFP467,IFI44,0.9043237
398,183,ZFP467,XAF1,0.9042896
398,609,ZFP467,UBA7,0.9042896
398,410,ZFP467,SMARCA2,0.9029327
398,518,ZFP467,PHF10,0.9013247
398,283,ZFP467,EGR1,0.9008113
398,404,ZFP467,FTSJ3,0.89756215
398,33,ZFP467,CSTF2,0.8973689
398,0,ZFP467,OTUD6B,0.89735526
398,8,ZFP467,ATAD1,0.8972354
398,128,ZFP467,APLP2,0.8972354
398,136,ZFP467,TACC3,0.8972354
398,150,ZFP467,SORT1,0.8972354
398,396,ZFP467,RUVBL2,0.8972354
398,432,ZFP467,HDC,0.8972354
398,450,ZFP467,MAGED1,0.8972354
398,514,ZFP467,PAK1,0.8972354
398,519,ZFP467,AGPS,0.8972354
398,524,ZFP467,TBC1D10C,0.8972354
398,595,ZFP467,CSF3R,0.8972354
398,367,ZFP467,HCFC1,0.8968247
398,251,ZFP467,IRF6,0.89621145
398,590,ZFP467,IL12A,0.8955393
398,263,ZFP467,JUN,0.8954823
398,232,ZFP467,ICAM1,0.8953212
398,486,ZFP467,NFKBIA,0.89526063
398,210,ZFP467,PNO1,0.8952028
398,81,ZFP467,HDAC11,0.8946577
398,554,ZFP467,CDT1,0.8942381
398,564,ZFP467,MFNG,0.8940536
398,177,ZFP467,RELB,0.89403605
398,464,ZFP467,ZNRF2,0.8938074
398,440,ZFP467,TMEM97,0.89374936
398,394,ZFP467,MAPK1,0.8934476
398,2,ZFP467,PPP1R15A,0.8934332
398,47,ZFP467,FGL2,0.8934332
398,146,ZFP467,SCARF1,0.8934332
398,194,ZFP467,GOLPH3,0.8934332
398,362,ZFP467,PTGS1,0.8934332
398,441,ZFP467,EBF1,0.8934332
398,546,ZFP467,PROCR,0.8934332
398,140,ZFP467,ANXA3,0.8933864
398,606,ZFP467,ELP2,0.89250785
398,34,ZFP467,MAML3,0.89182687
125,357,ZFP945,MEIS1,0.89649427
125,78,ZFP945,MECOM,0.8961529
125,367,ZFP945,HCFC1,0.8941839
125,28,ZFP945,NFE2,0.89311856
125,137,ZFP945,MYCN,0.89262396
125,57,ZFP945,OASL2,0.89194083
125,277,ZFP945,RTP4,0.89194053
125,183,ZFP945,XAF1,0.89110327
125,200,ZFP945,IGTP,0.89110327
125,504,ZFP945,IFI44,0.89110327
125,609,ZFP945,UBA7,0.89110327
125,283,ZFP945,EGR1,0.88864714
125,518,ZFP945,PHF10,0.88764507
125,0,ZFP945,OTUD6B,0.8873572
125,8,ZFP945,ATAD1,0.8873572
125,128,ZFP945,APLP2,0.8873572
125,136,ZFP945,TACC3,0.8873572
125,150,ZFP945,SORT1,0.8873572
125,396,ZFP945,RUVBL2,0.8873572
125,432,ZFP945,HDC,0.8873572
125,450,ZFP945,MAGED1,0.8873572
125,514,ZFP945,PAK1,0.8873572
125,524,ZFP945,TBC1D10C,0.8873572
125,595,ZFP945,CSF3R,0.8873572
125,404,ZFP945,FTSJ3,0.8855358
125,33,ZFP945,CSTF2,0.8854538
125,263,ZFP945,JUN,0.884927
125,2,ZFP945,PPP1R15A,0.8849047
125,47,ZFP945,FGL2,0.8849047
125,140,ZFP945,ANXA3,0.8849047
125,146,ZFP945,SCARF1,0.8849047
125,194,ZFP945,GOLPH3,0.8849047
125,362,ZFP945,PTGS1,0.8849047
125,441,ZFP945,EBF1,0.8849047
125,546,ZFP945,PROCR,0.8849047
125,622,ZFP945,KRT18,0.8849047
125,198,ZFP945,NDN,0.88484806
125,564,ZFP945,MFNG,0.88449126
125,190,ZFP945,RAD51,0.8843264
125,553,ZFP945,DHFR,0.8843264
125,394,ZFP945,MAPK1,0.88378215
125,251,ZFP945,IRF6,0.8836629
125,34,ZFP945,MAML3,0.8834213
125,486,ZFP945,NFKBIA,0.88339585
125,554,ZFP945,CDT1,0.88287765
125,590,ZFP945,IL12A,0.88253915
125,210,ZFP945,PNO1,0.88240844
125,232,ZFP945,ICAM1,0.8820425
125,440,ZFP945,TMEM97,0.8819445
125,177,ZFP945,RELB,0.8818562
464,34,ZNRF2,MAML3,0.90723485
464,81,ZNRF2,HDAC11,0.9017528
464,292,ZNRF2,HDAC7,0.90158594
464,209,ZNRF2,ZBTB16,0.897209
464,8,ZNRF2,ATAD1,0.8930346
464,128,ZNRF2,APLP2,0.8930346
464,136,ZNRF2,TACC3,0.8930346
464,150,ZNRF2,SORT1,0.8930346
464,396,ZNRF2,RUVBL2,0.8930346
464,432,ZNRF2,HDC,0.8930346
464,450,ZNRF2,MAGED1,0.8930346
464,514,ZNRF2,PAK1,0.8930346
464,519,ZNRF2,AGPS,0.8930346
464,524,ZNRF2,TBC1D10C,0.8930346
464,595,ZNRF2,CSF3R,0.8930346
464,0,ZNRF2,OTUD6B,0.89297545
464,439,ZNRF2,DDX20,0.8902424
464,554,ZNRF2,CDT1,0.88988626
464,475,ZNRF2,BCL2,0.88635975
464,331,ZNRF2,PIM2,0.8811564
464,410,ZNRF2,SMARCA2,0.8808902
464,186,ZNRF2,STT3B,0.8794271
464,351,ZNRF2,ERCC8,0.87843
464,82,ZNRF2,RB1,0.874585
464,429,ZNRF2,GFI1B,0.87141466
464,404,ZNRF2,FTSJ3,0.87123865
464,199,ZNRF2,E2F4,0.869873
464,161,ZNRF2,JARID2,0.86193585
464,255,ZNRF2,CD74,0.85716975
464,289,ZNRF2,GT(ROSA)26SOR,0.85716975
464,206,ZNRF2,ZDHHC6,0.85706764
464,440,ZNRF2,TMEM97,0.8547924
464,91,ZNRF2,FCHO2,0.85048676
464,537,ZNRF2,TXNDC11,0.85048676
464,611,ZNRF2,ZEB2,0.85048676
464,73,ZNRF2,RORC,0.84521025
464,402,ZNRF2,EIF1AD,0.8407185
464,210,ZNRF2,PNO1,0.8401764
464,486,ZNRF2,NFKBIA,0.83876055
464,534,ZNRF2,MORC3,0.8342142
464,50,ZNRF2,NFAT5,0.8316712
464,33,ZNRF2,CSTF2,0.82993877
464,183,ZNRF2,XAF1,0.82666254
464,200,ZNRF2,IGTP,0.82641333
464,504,ZNRF2,IFI44,0.8260154
464,609,ZNRF2,UBA7,0.82469314
464,363,ZNRF2,MYC,0.81248
464,177,ZNRF2,RELB,0.8104845
464,216,ZNRF2,CUL3,0.80360544
464,28,ZNRF2,NFE2,0.8010195
