src_idx,dst_idx,src_gene,dst_gene,score
186,527,2610307P16RIK,TUBB4B,0.9804482
186,422,2610307P16RIK,RUNX2,0.9795156
186,518,2610307P16RIK,IL12A,0.9794573
186,550,2610307P16RIK,SPI1,0.9756468
186,116,2610307P16RIK,TOP2A,0.9744888
186,145,2610307P16RIK,HMGB2,0.9706331
186,190,2610307P16RIK,TIPIN,0.96839195
186,60,2610307P16RIK,CDT1,0.96826553
186,216,2610307P16RIK,MCM7,0.9671949
186,96,2610307P16RIK,SLBP,0.9661154
186,506,2610307P16RIK,PRIM1,0.9660805
186,525,2610307P16RIK,CD44,0.96401924
186,213,2610307P16RIK,MCM4,0.9623666
186,131,2610307P16RIK,CKS1B,0.9607809
186,335,2610307P16RIK,HDAC7,0.9602129
186,320,2610307P16RIK,MYC,0.9599392
186,68,2610307P16RIK,MKI67,0.95707554
186,367,2610307P16RIK,IL7R,0.9552167
186,267,2610307P16RIK,SLC2A3,0.9470839
186,324,2610307P16RIK,REL,0.9312972
186,530,2610307P16RIK,IKZF1,0.9259667
186,27,2610307P16RIK,HSD3B7,0.9224093
186,334,2610307P16RIK,CD74,0.9224093
186,118,2610307P16RIK,FOXO1,0.9221475
186,459,2610307P16RIK,IRF8,0.91241115
186,66,2610307P16RIK,CBFB,0.9085503
186,233,2610307P16RIK,NOTCH1,0.90727675
186,416,2610307P16RIK,GATA2,0.89369905
186,76,2610307P16RIK,ESR1,0.88950634
186,515,2610307P16RIK,NCF1,0.8877356
186,46,2610307P16RIK,VDR,0.8838635
186,536,2610307P16RIK,MOGS,0.87684935
186,445,2610307P16RIK,IL1R1,0.8715195
186,69,2610307P16RIK,MAGED1,0.8665095
186,221,2610307P16RIK,ARPP21,0.8649988
186,58,2610307P16RIK,RARB,0.8617976
186,277,2610307P16RIK,MEF2C,0.8603895
186,257,2610307P16RIK,UHRF1,0.85598487
186,281,2610307P16RIK,TGM2,0.8535019
186,380,2610307P16RIK,NPDC1,0.8535019
186,252,2610307P16RIK,HOXA9,0.84943974
186,379,2610307P16RIK,BCL2,0.8481178
186,442,2610307P16RIK,HLF,0.84705025
186,67,2610307P16RIK,TEK,0.82961243
186,290,2610307P16RIK,TMEM14C,0.82961243
186,53,2610307P16RIK,FCHO2,0.82645017
186,302,2610307P16RIK,MEIS1,0.82635236
186,498,2610307P16RIK,DENND2D,0.82061315
186,85,2610307P16RIK,MECOM,0.8093563
186,398,2610307P16RIK,APOE,0.8065768
483,367,2810468N07RIK,IL7R,0.9775178
483,233,2810468N07RIK,NOTCH1,0.9766475
483,335,2810468N07RIK,HDAC7,0.9753845
483,118,2810468N07RIK,FOXO1,0.97427547
483,530,2810468N07RIK,IKZF1,0.9742298
483,320,2810468N07RIK,MYC,0.9742147
483,267,2810468N07RIK,SLC2A3,0.9735735
483,27,2810468N07RIK,HSD3B7,0.9734691
483,334,2810468N07RIK,CD74,0.9734691
483,221,2810468N07RIK,ARPP21,0.9711273
483,416,2810468N07RIK,GATA2,0.9680913
483,46,2810468N07RIK,VDR,0.96808314
483,66,2810468N07RIK,CBFB,0.9680714
483,76,2810468N07RIK,ESR1,0.96748114
483,69,2810468N07RIK,MAGED1,0.9673121
483,518,2810468N07RIK,IL12A,0.96567106
483,515,2810468N07RIK,NCF1,0.96458066
483,536,2810468N07RIK,MOGS,0.9630161
483,550,2810468N07RIK,SPI1,0.9623641
483,527,2810468N07RIK,TUBB4B,0.96150744
483,422,2810468N07RIK,RUNX2,0.96054363
483,277,2810468N07RIK,MEF2C,0.9576266
483,257,2810468N07RIK,UHRF1,0.9559217
483,379,2810468N07RIK,BCL2,0.95513403
483,281,2810468N07RIK,TGM2,0.953885
483,380,2810468N07RIK,NPDC1,0.9538068
483,525,2810468N07RIK,CD44,0.9523038
483,67,2810468N07RIK,TEK,0.949161
483,392,2810468N07RIK,PBX1,0.94882035
483,252,2810468N07RIK,HOXA9,0.94865716
483,442,2810468N07RIK,HLF,0.9482025
483,53,2810468N07RIK,FCHO2,0.94739544
483,445,2810468N07RIK,IL1R1,0.9473004
483,302,2810468N07RIK,MEIS1,0.94567007
483,85,2810468N07RIK,MECOM,0.94231224
483,44,2810468N07RIK,NUDT19,0.938951
483,398,2810468N07RIK,APOE,0.93883216
483,541,2810468N07RIK,PGR,0.93883216
483,459,2810468N07RIK,IRF8,0.9388313
483,116,2810468N07RIK,TOP2A,0.9348925
483,68,2810468N07RIK,MKI67,0.93068933
483,42,2810468N07RIK,DACH1,0.91819054
483,190,2810468N07RIK,TIPIN,0.88883144
483,145,2810468N07RIK,HMGB2,0.88182193
483,284,2810468N07RIK,MAML3,0.8815495
483,155,2810468N07RIK,MYCN,0.87820125
483,498,2810468N07RIK,DENND2D,0.87319607
483,290,2810468N07RIK,TMEM14C,0.8696267
483,506,2810468N07RIK,PRIM1,0.860644
483,78,2810468N07RIK,ICA1,0.8584386
431,527,4833407H14RIK,TUBB4B,0.9804482
431,518,4833407H14RIK,IL12A,0.9794573
431,422,4833407H14RIK,RUNX2,0.9770477
431,550,4833407H14RIK,SPI1,0.9769826
431,116,4833407H14RIK,TOP2A,0.9744888
431,525,4833407H14RIK,CD44,0.9723699
431,145,4833407H14RIK,HMGB2,0.9706331
431,233,4833407H14RIK,NOTCH1,0.97014475
431,190,4833407H14RIK,TIPIN,0.96839195
431,216,4833407H14RIK,MCM7,0.9671949
431,324,4833407H14RIK,REL,0.9671674
431,506,4833407H14RIK,PRIM1,0.9660805
431,96,4833407H14RIK,SLBP,0.9635912
431,213,4833407H14RIK,MCM4,0.9625164
431,60,4833407H14RIK,CDT1,0.9607973
431,131,4833407H14RIK,CKS1B,0.9607973
431,320,4833407H14RIK,MYC,0.9599426
431,68,4833407H14RIK,MKI67,0.95920575
431,367,4833407H14RIK,IL7R,0.9552167
431,335,4833407H14RIK,HDAC7,0.95513904
431,267,4833407H14RIK,SLC2A3,0.94998187
431,530,4833407H14RIK,IKZF1,0.9259667
431,27,4833407H14RIK,HSD3B7,0.9224093
431,334,4833407H14RIK,CD74,0.9224093
431,118,4833407H14RIK,FOXO1,0.9221475
431,459,4833407H14RIK,IRF8,0.91241115
431,66,4833407H14RIK,CBFB,0.9114861
431,221,4833407H14RIK,ARPP21,0.9078995
431,46,4833407H14RIK,VDR,0.9026461
431,69,4833407H14RIK,MAGED1,0.89826274
431,416,4833407H14RIK,GATA2,0.89369905
431,76,4833407H14RIK,ESR1,0.88950634
431,515,4833407H14RIK,NCF1,0.88191754
431,536,4833407H14RIK,MOGS,0.87684935
431,58,4833407H14RIK,RARB,0.8617976
431,277,4833407H14RIK,MEF2C,0.8603895
431,252,4833407H14RIK,HOXA9,0.8576439
431,257,4833407H14RIK,UHRF1,0.85598487
431,281,4833407H14RIK,TGM2,0.8535019
431,379,4833407H14RIK,BCL2,0.8481178
431,67,4833407H14RIK,TEK,0.82961243
431,290,4833407H14RIK,TMEM14C,0.82961243
431,392,4833407H14RIK,PBX1,0.8265034
431,53,4833407H14RIK,FCHO2,0.82645017
431,302,4833407H14RIK,MEIS1,0.82635236
431,445,4833407H14RIK,IL1R1,0.82518214
431,498,4833407H14RIK,DENND2D,0.82061315
431,85,4833407H14RIK,MECOM,0.8093563
431,44,4833407H14RIK,NUDT19,0.80635184
431,398,4833407H14RIK,APOE,0.80635184
147,527,5430427O19RIK,TUBB4B,0.9804678
147,422,5430427O19RIK,RUNX2,0.9795156
147,518,5430427O19RIK,IL12A,0.9794573
147,550,5430427O19RIK,SPI1,0.9756468
147,116,5430427O19RIK,TOP2A,0.97451246
147,525,5430427O19RIK,CD44,0.97241795
147,145,5430427O19RIK,HMGB2,0.9706331
147,233,5430427O19RIK,NOTCH1,0.97014475
147,190,5430427O19RIK,TIPIN,0.96839195
147,216,5430427O19RIK,MCM7,0.9671949
147,506,5430427O19RIK,PRIM1,0.9660805
147,96,5430427O19RIK,SLBP,0.9635566
147,213,5430427O19RIK,MCM4,0.9625164
147,60,5430427O19RIK,CDT1,0.9607973
147,131,5430427O19RIK,CKS1B,0.9607973
147,335,5430427O19RIK,HDAC7,0.9602129
147,320,5430427O19RIK,MYC,0.9600609
147,68,5430427O19RIK,MKI67,0.95707554
147,367,5430427O19RIK,IL7R,0.9552167
147,267,5430427O19RIK,SLC2A3,0.94388354
147,324,5430427O19RIK,REL,0.9312972
147,530,5430427O19RIK,IKZF1,0.9259667
147,27,5430427O19RIK,HSD3B7,0.9224093
147,334,5430427O19RIK,CD74,0.9223726
147,118,5430427O19RIK,FOXO1,0.9221475
147,221,5430427O19RIK,ARPP21,0.90799195
147,46,5430427O19RIK,VDR,0.9026461
147,66,5430427O19RIK,CBFB,0.9026461
147,69,5430427O19RIK,MAGED1,0.89826274
147,416,5430427O19RIK,GATA2,0.89369905
147,459,5430427O19RIK,IRF8,0.89035726
147,76,5430427O19RIK,ESR1,0.8894898
147,515,5430427O19RIK,NCF1,0.8819892
147,536,5430427O19RIK,MOGS,0.87684935
147,277,5430427O19RIK,MEF2C,0.86934394
147,302,5430427O19RIK,MEIS1,0.8685238
147,58,5430427O19RIK,RARB,0.8617976
147,257,5430427O19RIK,UHRF1,0.85598916
147,380,5430427O19RIK,NPDC1,0.8535019
147,281,5430427O19RIK,TGM2,0.85331684
147,252,5430427O19RIK,HOXA9,0.84943974
147,379,5430427O19RIK,BCL2,0.8481178
147,67,5430427O19RIK,TEK,0.82961243
147,290,5430427O19RIK,TMEM14C,0.82961243
147,442,5430427O19RIK,HLF,0.82961243
147,392,5430427O19RIK,PBX1,0.82645714
147,445,5430427O19RIK,IL1R1,0.82645017
147,53,5430427O19RIK,FCHO2,0.8258423
147,498,5430427O19RIK,DENND2D,0.82061315
147,398,5430427O19RIK,APOE,0.81567657
297,527,9030619P08RIK,TUBB4B,0.9804482
297,422,9030619P08RIK,RUNX2,0.9795156
297,518,9030619P08RIK,IL12A,0.9794573
297,550,9030619P08RIK,SPI1,0.9756468
297,525,9030619P08RIK,CD44,0.97530055
297,116,9030619P08RIK,TOP2A,0.9744848
297,145,9030619P08RIK,HMGB2,0.9706331
297,233,9030619P08RIK,NOTCH1,0.97014475
297,213,9030619P08RIK,MCM4,0.9687109
297,190,9030619P08RIK,TIPIN,0.96839195
297,216,9030619P08RIK,MCM7,0.9671949
297,506,9030619P08RIK,PRIM1,0.9660805
297,96,9030619P08RIK,SLBP,0.9635566
297,60,9030619P08RIK,CDT1,0.9607973
297,131,9030619P08RIK,CKS1B,0.9607973
297,335,9030619P08RIK,HDAC7,0.9602129
297,320,9030619P08RIK,MYC,0.9599392
297,68,9030619P08RIK,MKI67,0.9571253
297,367,9030619P08RIK,IL7R,0.9552167
297,267,9030619P08RIK,SLC2A3,0.94998187
297,324,9030619P08RIK,REL,0.9312972
297,66,9030619P08RIK,CBFB,0.9280313
297,530,9030619P08RIK,IKZF1,0.9259667
297,27,9030619P08RIK,HSD3B7,0.9224093
297,334,9030619P08RIK,CD74,0.9224093
297,118,9030619P08RIK,FOXO1,0.9217096
297,459,9030619P08RIK,IRF8,0.91241115
297,221,9030619P08RIK,ARPP21,0.9078995
297,46,9030619P08RIK,VDR,0.9026461
297,277,9030619P08RIK,MEF2C,0.90249187
297,69,9030619P08RIK,MAGED1,0.89826274
297,416,9030619P08RIK,GATA2,0.89369905
297,76,9030619P08RIK,ESR1,0.88950634
297,515,9030619P08RIK,NCF1,0.8819892
297,536,9030619P08RIK,MOGS,0.87684935
297,58,9030619P08RIK,RARB,0.8617976
297,281,9030619P08RIK,TGM2,0.8535019
297,380,9030619P08RIK,NPDC1,0.8535019
297,252,9030619P08RIK,HOXA9,0.84943974
297,379,9030619P08RIK,BCL2,0.8494033
297,67,9030619P08RIK,TEK,0.82961243
297,442,9030619P08RIK,HLF,0.82961243
297,290,9030619P08RIK,TMEM14C,0.8291014
297,445,9030619P08RIK,IL1R1,0.82680583
297,392,9030619P08RIK,PBX1,0.8265034
297,53,9030619P08RIK,FCHO2,0.82645017
297,302,9030619P08RIK,MEIS1,0.82635236
297,498,9030619P08RIK,DENND2D,0.82061315
297,257,9030619P08RIK,UHRF1,0.82020265
297,85,9030619P08RIK,MECOM,0.8093563
503,527,9530082P21RIK,TUBB4B,0.9801736
503,518,9530082P21RIK,IL12A,0.97909844
503,550,9530082P21RIK,SPI1,0.975172
503,116,9530082P21RIK,TOP2A,0.9740967
503,525,9530082P21RIK,CD44,0.97188157
503,145,9530082P21RIK,HMGB2,0.9702252
503,233,9530082P21RIK,NOTCH1,0.9696984
503,190,9530082P21RIK,TIPIN,0.96796674
503,131,9530082P21RIK,CKS1B,0.96794397
503,216,9530082P21RIK,MCM7,0.96674234
503,506,9530082P21RIK,PRIM1,0.96562654
503,213,9530082P21RIK,MCM4,0.9655257
503,96,9530082P21RIK,SLBP,0.9630771
503,60,9530082P21RIK,CDT1,0.9602853
503,335,9530082P21RIK,HDAC7,0.95986813
503,320,9530082P21RIK,MYC,0.9595662
503,422,9530082P21RIK,RUNX2,0.9567455
503,68,9530082P21RIK,MKI67,0.9563095
503,267,9530082P21RIK,SLC2A3,0.9495825
503,367,9530082P21RIK,IL7R,0.9468395
503,324,9530082P21RIK,REL,0.93039334
503,530,9530082P21RIK,IKZF1,0.92516726
503,27,9530082P21RIK,HSD3B7,0.9221617
503,334,9530082P21RIK,CD74,0.9221617
503,118,9530082P21RIK,FOXO1,0.92191845
503,459,9530082P21RIK,IRF8,0.91237086
503,221,9530082P21RIK,ARPP21,0.9077621
503,66,9530082P21RIK,CBFB,0.9024966
503,46,9530082P21RIK,VDR,0.90245724
503,69,9530082P21RIK,MAGED1,0.8980706
503,416,9530082P21RIK,GATA2,0.8936066
503,76,9530082P21RIK,ESR1,0.89003354
503,515,9530082P21RIK,NCF1,0.8819476
503,536,9530082P21RIK,MOGS,0.87682897
503,277,9530082P21RIK,MEF2C,0.8604949
503,257,9530082P21RIK,UHRF1,0.8561059
503,281,9530082P21RIK,TGM2,0.8536192
503,380,9530082P21RIK,NPDC1,0.8536192
503,252,9530082P21RIK,HOXA9,0.8496452
503,379,9530082P21RIK,BCL2,0.8482888
503,290,9530082P21RIK,TMEM14C,0.8299354
503,442,9530082P21RIK,HLF,0.8299354
503,67,9530082P21RIK,TEK,0.8298659
503,392,9530082P21RIK,PBX1,0.82688063
503,445,9530082P21RIK,IL1R1,0.8268279
503,53,9530082P21RIK,FCHO2,0.8268278
503,302,9530082P21RIK,MEIS1,0.8266202
503,498,9530082P21RIK,DENND2D,0.82106423
503,85,9530082P21RIK,MECOM,0.81016576
503,541,9530082P21RIK,PGR,0.80720246
139,527,ABCG2,TUBB4B,0.9804482
139,422,ABCG2,RUNX2,0.9795156
139,518,ABCG2,IL12A,0.9781739
139,116,ABCG2,TOP2A,0.9744888
139,216,ABCG2,MCM7,0.97351426
139,525,ABCG2,CD44,0.97241795
139,145,ABCG2,HMGB2,0.9706331
139,233,ABCG2,NOTCH1,0.97014475
139,550,ABCG2,SPI1,0.9682758
139,190,ABCG2,TIPIN,0.96810985
139,506,ABCG2,PRIM1,0.9660808
139,131,ABCG2,CKS1B,0.96552783
139,96,ABCG2,SLBP,0.9635566
139,213,ABCG2,MCM4,0.9625164
139,60,ABCG2,CDT1,0.9607973
139,68,ABCG2,MKI67,0.96064967
139,335,ABCG2,HDAC7,0.9602129
139,320,ABCG2,MYC,0.9599392
139,367,ABCG2,IL7R,0.95523965
139,267,ABCG2,SLC2A3,0.94998187
139,324,ABCG2,REL,0.9316092
139,27,ABCG2,HSD3B7,0.9224093
139,334,ABCG2,CD74,0.9224093
139,118,ABCG2,FOXO1,0.9221475
139,459,ABCG2,IRF8,0.91241115
139,530,ABCG2,IKZF1,0.909508
139,221,ABCG2,ARPP21,0.9078995
139,46,ABCG2,VDR,0.9026461
139,66,ABCG2,CBFB,0.9026461
139,69,ABCG2,MAGED1,0.89826274
139,416,ABCG2,GATA2,0.89369905
139,76,ABCG2,ESR1,0.88950634
139,515,ABCG2,NCF1,0.8819892
139,536,ABCG2,MOGS,0.87684935
139,58,ABCG2,RARB,0.8617976
139,277,ABCG2,MEF2C,0.8603895
139,257,ABCG2,UHRF1,0.85598487
139,281,ABCG2,TGM2,0.85350466
139,380,ABCG2,NPDC1,0.8535019
139,252,ABCG2,HOXA9,0.84943974
139,379,ABCG2,BCL2,0.8481178
139,290,ABCG2,TMEM14C,0.8355803
139,67,ABCG2,TEK,0.82961243
139,442,ABCG2,HLF,0.82961243
139,392,ABCG2,PBX1,0.8265034
139,53,ABCG2,FCHO2,0.82645017
139,445,ABCG2,IL1R1,0.82645017
139,498,ABCG2,DENND2D,0.8264222
139,302,ABCG2,MEIS1,0.82635236
139,85,ABCG2,MECOM,0.8093563
315,527,ABCG3,TUBB4B,0.98020077
315,116,ABCG3,TOP2A,0.9770926
315,518,ABCG3,IL12A,0.97688717
315,422,ABCG3,RUNX2,0.97664195
315,190,ABCG3,TIPIN,0.9759221
315,145,ABCG3,HMGB2,0.9748199
315,550,ABCG3,SPI1,0.97197425
315,216,ABCG3,MCM7,0.9718872
315,96,ABCG3,SLBP,0.9717073
315,506,ABCG3,PRIM1,0.9709346
315,213,ABCG3,MCM4,0.96893835
315,525,ABCG3,CD44,0.9680893
315,68,ABCG3,MKI67,0.9676687
315,60,ABCG3,CDT1,0.96635526
315,131,ABCG3,CKS1B,0.96635526
315,233,ABCG3,NOTCH1,0.9625787
315,324,ABCG3,REL,0.9612701
315,335,ABCG3,HDAC7,0.9453512
315,320,ABCG3,MYC,0.9449274
315,367,ABCG3,IL7R,0.93836534
315,267,ABCG3,SLC2A3,0.93155676
315,27,ABCG3,HSD3B7,0.90766114
315,530,ABCG3,IKZF1,0.89634866
315,334,ABCG3,CD74,0.8913433
315,118,ABCG3,FOXO1,0.89109975
315,459,ABCG3,IRF8,0.8821864
315,221,ABCG3,ARPP21,0.8720258
315,46,ABCG3,VDR,0.864641
315,66,ABCG3,CBFB,0.864641
315,69,ABCG3,MAGED1,0.8576947
315,416,ABCG3,GATA2,0.8539668
315,515,ABCG3,NCF1,0.8361264
315,536,ABCG3,MOGS,0.82928175
315,277,ABCG3,MEF2C,0.8071947
315,58,ABCG3,RARB,0.8062748
315,257,ABCG3,UHRF1,0.80377936
315,281,ABCG3,TGM2,0.7987469
315,380,ABCG3,NPDC1,0.7987431
315,252,ABCG3,HOXA9,0.7961222
315,67,ABCG3,TEK,0.7719689
315,290,ABCG3,TMEM14C,0.7719689
315,442,ABCG3,HLF,0.7719689
315,392,ABCG3,PBX1,0.7684057
315,53,ABCG3,FCHO2,0.7683476
315,445,ABCG3,IL1R1,0.76830316
315,302,ABCG3,MEIS1,0.7670603
315,498,ABCG3,DENND2D,0.75962704
315,379,ABCG3,BCL2,0.75741845
315,85,ABCG3,MECOM,0.74815375
315,44,ABCG3,NUDT19,0.74482906
278,527,ABHD17B,TUBB4B,0.9804482
278,422,ABHD17B,RUNX2,0.9795156
278,518,ABHD17B,IL12A,0.9794573
278,550,ABHD17B,SPI1,0.9763708
278,116,ABHD17B,TOP2A,0.9744888
278,525,ABHD17B,CD44,0.97241795
278,145,ABHD17B,HMGB2,0.9706331
278,233,ABHD17B,NOTCH1,0.97014475
278,216,ABHD17B,MCM7,0.9672501
278,190,ABHD17B,TIPIN,0.9669248
278,506,ABHD17B,PRIM1,0.9660805
278,96,ABHD17B,SLBP,0.9635566
278,213,ABHD17B,MCM4,0.9625164
278,60,ABHD17B,CDT1,0.9607973
278,131,ABHD17B,CKS1B,0.9607973
278,335,ABHD17B,HDAC7,0.9601742
278,320,ABHD17B,MYC,0.9599392
278,68,ABHD17B,MKI67,0.95707554
278,367,ABHD17B,IL7R,0.9552167
278,267,ABHD17B,SLC2A3,0.94986004
278,324,ABHD17B,REL,0.9312972
278,530,ABHD17B,IKZF1,0.9259667
278,27,ABHD17B,HSD3B7,0.9224093
278,334,ABHD17B,CD74,0.9224093
278,118,ABHD17B,FOXO1,0.92215866
278,459,ABHD17B,IRF8,0.91241115
278,221,ABHD17B,ARPP21,0.9078995
278,66,ABHD17B,CBFB,0.90268505
278,46,ABHD17B,VDR,0.9026461
278,69,ABHD17B,MAGED1,0.89826274
278,416,ABHD17B,GATA2,0.89369905
278,252,ABHD17B,HOXA9,0.8903223
278,76,ABHD17B,ESR1,0.88950634
278,515,ABHD17B,NCF1,0.8819892
278,380,ABHD17B,NPDC1,0.866834
278,58,ABHD17B,RARB,0.8617976
278,277,ABHD17B,MEF2C,0.8603895
278,257,ABHD17B,UHRF1,0.85598487
278,281,ABHD17B,TGM2,0.8535019
278,379,ABHD17B,BCL2,0.8481178
278,536,ABHD17B,MOGS,0.845154
278,302,ABHD17B,MEIS1,0.8415131
278,67,ABHD17B,TEK,0.83075905
278,442,ABHD17B,HLF,0.8300135
278,290,ABHD17B,TMEM14C,0.82961243
278,53,ABHD17B,FCHO2,0.82645017
278,392,ABHD17B,PBX1,0.82523584
278,445,ABHD17B,IL1R1,0.82518214
278,237,ABHD17B,ELF1,0.822649
278,498,ABHD17B,DENND2D,0.82061315
337,527,AC174780.1,TUBB4B,0.9804482
337,422,AC174780.1,RUNX2,0.9795156
337,518,AC174780.1,IL12A,0.9794573
337,550,AC174780.1,SPI1,0.9756468
337,116,AC174780.1,TOP2A,0.9744888
337,145,AC174780.1,HMGB2,0.9721621
337,525,AC174780.1,CD44,0.97188854
337,190,AC174780.1,TIPIN,0.9712489
337,233,AC174780.1,NOTCH1,0.9702341
337,216,AC174780.1,MCM7,0.9671737
337,367,AC174780.1,IL7R,0.9642963
337,506,AC174780.1,PRIM1,0.9636266
337,96,AC174780.1,SLBP,0.9635566
337,213,AC174780.1,MCM4,0.9625164
337,60,AC174780.1,CDT1,0.9607973
337,131,AC174780.1,CKS1B,0.9607973
337,335,AC174780.1,HDAC7,0.9602129
337,320,AC174780.1,MYC,0.9599392
337,68,AC174780.1,MKI67,0.95707554
337,267,AC174780.1,SLC2A3,0.94998187
337,27,AC174780.1,HSD3B7,0.9446072
337,324,AC174780.1,REL,0.93123853
337,530,AC174780.1,IKZF1,0.9259667
337,118,AC174780.1,FOXO1,0.9221475
337,334,AC174780.1,CD74,0.91284585
337,459,AC174780.1,IRF8,0.9124466
337,221,AC174780.1,ARPP21,0.9078995
337,46,AC174780.1,VDR,0.9026461
337,66,AC174780.1,CBFB,0.9026461
337,69,AC174780.1,MAGED1,0.89826274
337,416,AC174780.1,GATA2,0.89369905
337,76,AC174780.1,ESR1,0.88931614
337,515,AC174780.1,NCF1,0.8819892
337,536,AC174780.1,MOGS,0.87684935
337,58,AC174780.1,RARB,0.8617976
337,277,AC174780.1,MEF2C,0.8603895
337,257,AC174780.1,UHRF1,0.85598487
337,281,AC174780.1,TGM2,0.8535019
337,380,AC174780.1,NPDC1,0.8535019
337,252,AC174780.1,HOXA9,0.84949535
337,379,AC174780.1,BCL2,0.8481178
337,67,AC174780.1,TEK,0.82961243
337,442,AC174780.1,HLF,0.82961243
337,53,AC174780.1,FCHO2,0.826524
337,392,AC174780.1,PBX1,0.8265034
337,302,AC174780.1,MEIS1,0.82635236
337,445,AC174780.1,IL1R1,0.82216334
337,290,AC174780.1,TMEM14C,0.81451964
337,85,AC174780.1,MECOM,0.8093563
337,498,AC174780.1,DENND2D,0.80894923
150,527,ACAP1,TUBB4B,0.9804678
150,422,ACAP1,RUNX2,0.9795156
150,518,ACAP1,IL12A,0.9794573
150,550,ACAP1,SPI1,0.9756468
150,116,ACAP1,TOP2A,0.97451246
150,525,ACAP1,CD44,0.97241795
150,145,ACAP1,HMGB2,0.9706331
150,233,ACAP1,NOTCH1,0.97014475
150,190,ACAP1,TIPIN,0.96839195
150,216,ACAP1,MCM7,0.9671949
150,506,ACAP1,PRIM1,0.9660805
150,96,ACAP1,SLBP,0.9635566
150,213,ACAP1,MCM4,0.9625164
150,60,ACAP1,CDT1,0.9607973
150,131,ACAP1,CKS1B,0.9607973
150,335,ACAP1,HDAC7,0.9602129
150,320,ACAP1,MYC,0.9600609
150,68,ACAP1,MKI67,0.95707554
150,367,ACAP1,IL7R,0.9552167
150,267,ACAP1,SLC2A3,0.94388354
150,324,ACAP1,REL,0.9312972
150,530,ACAP1,IKZF1,0.9259667
150,27,ACAP1,HSD3B7,0.9224093
150,334,ACAP1,CD74,0.9223726
150,118,ACAP1,FOXO1,0.9221475
150,221,ACAP1,ARPP21,0.90799195
150,46,ACAP1,VDR,0.9026461
150,66,ACAP1,CBFB,0.9026461
150,69,ACAP1,MAGED1,0.89826274
150,416,ACAP1,GATA2,0.89369905
150,459,ACAP1,IRF8,0.89035726
150,76,ACAP1,ESR1,0.8894898
150,515,ACAP1,NCF1,0.8819892
150,536,ACAP1,MOGS,0.87684935
150,277,ACAP1,MEF2C,0.86934394
150,302,ACAP1,MEIS1,0.8685238
150,58,ACAP1,RARB,0.8617976
150,257,ACAP1,UHRF1,0.85598916
150,380,ACAP1,NPDC1,0.8535019
150,281,ACAP1,TGM2,0.85331684
150,252,ACAP1,HOXA9,0.84943974
150,379,ACAP1,BCL2,0.8481178
150,67,ACAP1,TEK,0.82961243
150,290,ACAP1,TMEM14C,0.82961243
150,442,ACAP1,HLF,0.82961243
150,392,ACAP1,PBX1,0.82645714
150,445,ACAP1,IL1R1,0.82645017
150,53,ACAP1,FCHO2,0.8258423
150,498,ACAP1,DENND2D,0.82061315
150,398,ACAP1,APOE,0.81567657
390,422,ADAM17,RUNX2,0.9805551
390,527,ADAM17,TUBB4B,0.9803139
390,518,ADAM17,IL12A,0.98000485
390,550,ADAM17,SPI1,0.9779455
390,525,ADAM17,CD44,0.97600913
390,233,ADAM17,NOTCH1,0.97560775
390,145,ADAM17,HMGB2,0.97258556
390,335,ADAM17,HDAC7,0.9698169
390,116,ADAM17,TOP2A,0.9685326
390,320,ADAM17,MYC,0.96845186
390,367,ADAM17,IL7R,0.96738005
390,267,ADAM17,SLC2A3,0.9636106
390,190,ADAM17,TIPIN,0.9603857
390,216,ADAM17,MCM7,0.9585711
390,506,ADAM17,PRIM1,0.9572039
390,96,ADAM17,SLBP,0.95259374
390,530,ADAM17,IKZF1,0.95213735
390,213,ADAM17,MCM4,0.95147824
390,60,ADAM17,CDT1,0.94900185
390,131,ADAM17,CKS1B,0.94900185
390,27,ADAM17,HSD3B7,0.9488828
390,118,ADAM17,FOXO1,0.9487697
390,334,ADAM17,CD74,0.9487202
390,68,ADAM17,MKI67,0.9428909
390,221,ADAM17,ARPP21,0.9412226
390,459,ADAM17,IRF8,0.93593955
390,46,ADAM17,VDR,0.9356028
390,66,ADAM17,CBFB,0.93554413
390,69,ADAM17,MAGED1,0.9310986
390,416,ADAM17,GATA2,0.9309807
390,76,ADAM17,ESR1,0.9281335
390,536,ADAM17,MOGS,0.918642
390,515,ADAM17,NCF1,0.9140805
390,277,ADAM17,MEF2C,0.90507185
390,257,ADAM17,UHRF1,0.9023658
390,281,ADAM17,TGM2,0.89892983
390,380,ADAM17,NPDC1,0.89892983
390,252,ADAM17,HOXA9,0.89690864
390,379,ADAM17,BCL2,0.89594966
390,324,ADAM17,REL,0.89284086
390,442,ADAM17,HLF,0.8858019
390,290,ADAM17,TMEM14C,0.88142246
390,67,ADAM17,TEK,0.88134867
390,445,ADAM17,IL1R1,0.87960666
390,392,ADAM17,PBX1,0.8784122
390,53,ADAM17,FCHO2,0.87837505
390,302,ADAM17,MEIS1,0.87797225
390,58,ADAM17,RARB,0.87614083
390,498,ADAM17,DENND2D,0.87284976
390,85,ADAM17,MECOM,0.8646844
428,527,ADGRG3,TUBB4B,0.9804482
428,518,ADGRG3,IL12A,0.9794573
428,422,ADGRG3,RUNX2,0.9770477
428,550,ADGRG3,SPI1,0.9769826
428,116,ADGRG3,TOP2A,0.9744888
428,525,ADGRG3,CD44,0.9723699
428,145,ADGRG3,HMGB2,0.9706331
428,233,ADGRG3,NOTCH1,0.97014475
428,190,ADGRG3,TIPIN,0.96839195
428,216,ADGRG3,MCM7,0.9671949
428,324,ADGRG3,REL,0.9671674
428,506,ADGRG3,PRIM1,0.9660805
428,96,ADGRG3,SLBP,0.9635912
428,213,ADGRG3,MCM4,0.9625164
428,60,ADGRG3,CDT1,0.9607973
428,131,ADGRG3,CKS1B,0.9607973
428,320,ADGRG3,MYC,0.9599426
428,68,ADGRG3,MKI67,0.95920575
428,367,ADGRG3,IL7R,0.9552167
428,335,ADGRG3,HDAC7,0.95513904
428,267,ADGRG3,SLC2A3,0.94998187
428,530,ADGRG3,IKZF1,0.9259667
428,27,ADGRG3,HSD3B7,0.9224093
428,334,ADGRG3,CD74,0.9224093
428,118,ADGRG3,FOXO1,0.9221475
428,459,ADGRG3,IRF8,0.91241115
428,66,ADGRG3,CBFB,0.9114861
428,221,ADGRG3,ARPP21,0.9078995
428,46,ADGRG3,VDR,0.9026461
428,69,ADGRG3,MAGED1,0.89826274
428,416,ADGRG3,GATA2,0.89369905
428,76,ADGRG3,ESR1,0.88950634
428,515,ADGRG3,NCF1,0.88191754
428,536,ADGRG3,MOGS,0.87684935
428,58,ADGRG3,RARB,0.8617976
428,277,ADGRG3,MEF2C,0.8603895
428,252,ADGRG3,HOXA9,0.8576439
428,257,ADGRG3,UHRF1,0.85598487
428,281,ADGRG3,TGM2,0.8535019
428,379,ADGRG3,BCL2,0.8481178
428,67,ADGRG3,TEK,0.82961243
428,290,ADGRG3,TMEM14C,0.82961243
428,392,ADGRG3,PBX1,0.8265034
428,53,ADGRG3,FCHO2,0.82645017
428,302,ADGRG3,MEIS1,0.82635236
428,445,ADGRG3,IL1R1,0.82518214
428,498,ADGRG3,DENND2D,0.82061315
428,85,ADGRG3,MECOM,0.8093563
428,44,ADGRG3,NUDT19,0.80635184
428,398,ADGRG3,APOE,0.80635184
331,518,ADGRL4,IL12A,0.9738869
331,527,ADGRL4,TUBB4B,0.97267085
331,422,ADGRL4,RUNX2,0.9722395
331,550,ADGRL4,SPI1,0.9700852
331,233,ADGRL4,NOTCH1,0.9674339
331,525,ADGRL4,CD44,0.96474
331,116,ADGRL4,TOP2A,0.9589101
331,335,ADGRL4,HDAC7,0.9587903
331,320,ADGRL4,MYC,0.9562749
331,367,ADGRL4,IL7R,0.9559218
331,145,ADGRL4,HMGB2,0.95517147
331,190,ADGRL4,TIPIN,0.9523157
331,216,ADGRL4,MCM7,0.94945556
331,267,ADGRL4,SLC2A3,0.94939625
331,27,ADGRL4,HSD3B7,0.9493171
331,506,ADGRL4,PRIM1,0.9491012
331,118,ADGRL4,FOXO1,0.94591844
331,96,ADGRL4,SLBP,0.9434503
331,213,ADGRL4,MCM4,0.9421957
331,60,ADGRL4,CDT1,0.9391318
331,131,ADGRL4,CKS1B,0.9391318
331,530,ADGRL4,IKZF1,0.93312603
331,68,ADGRL4,MKI67,0.9318697
331,334,ADGRL4,CD74,0.92985845
331,221,ADGRL4,ARPP21,0.9174914
331,459,ADGRL4,IRF8,0.9148794
331,46,ADGRL4,VDR,0.911282
331,66,ADGRL4,CBFB,0.91119415
331,69,ADGRL4,MAGED1,0.9067671
331,416,ADGRL4,GATA2,0.9037862
331,76,ADGRL4,ESR1,0.8997061
331,324,ADGRL4,REL,0.89070517
331,536,ADGRL4,MOGS,0.8876185
331,277,ADGRL4,MEF2C,0.88308203
331,257,ADGRL4,UHRF1,0.86612296
331,281,ADGRL4,TGM2,0.86292696
331,380,ADGRL4,NPDC1,0.86292696
331,252,ADGRL4,HOXA9,0.8601629
331,379,ADGRL4,BCL2,0.8586476
331,58,ADGRL4,RARB,0.850788
331,67,ADGRL4,TEK,0.8393632
331,290,ADGRL4,TMEM14C,0.8393632
331,442,ADGRL4,HLF,0.8393632
331,515,ADGRL4,NCF1,0.8385541
331,302,ADGRL4,MEIS1,0.8361615
331,392,ADGRL4,PBX1,0.83595204
331,53,ADGRL4,FCHO2,0.8359414
331,445,ADGRL4,IL1R1,0.83572465
331,498,ADGRL4,DENND2D,0.82953
331,85,ADGRL4,MECOM,0.81961715
373,527,ADSSL1,TUBB4B,0.9804482
373,422,ADSSL1,RUNX2,0.9799105
373,518,ADSSL1,IL12A,0.9794573
373,550,ADSSL1,SPI1,0.9756468
373,116,ADSSL1,TOP2A,0.9744888
373,525,ADSSL1,CD44,0.97241795
373,145,ADSSL1,HMGB2,0.9706331
373,233,ADSSL1,NOTCH1,0.97014475
373,190,ADSSL1,TIPIN,0.96840537
373,216,ADSSL1,MCM7,0.9671949
373,506,ADSSL1,PRIM1,0.9636266
373,96,ADSSL1,SLBP,0.9635566
373,213,ADSSL1,MCM4,0.9625164
373,60,ADSSL1,CDT1,0.9607973
373,131,ADSSL1,CKS1B,0.9607973
373,335,ADSSL1,HDAC7,0.96017486
373,320,ADSSL1,MYC,0.9599392
373,68,ADSSL1,MKI67,0.9571073
373,367,ADSSL1,IL7R,0.95178723
373,267,ADSSL1,SLC2A3,0.94998187
373,324,ADSSL1,REL,0.9277525
373,530,ADSSL1,IKZF1,0.9259667
373,27,ADSSL1,HSD3B7,0.9224093
373,334,ADSSL1,CD74,0.9224093
373,118,ADSSL1,FOXO1,0.9221475
373,459,ADSSL1,IRF8,0.91234577
373,221,ADSSL1,ARPP21,0.9078995
373,69,ADSSL1,MAGED1,0.89826274
373,416,ADSSL1,GATA2,0.89369905
373,515,ADSSL1,NCF1,0.8819892
373,536,ADSSL1,MOGS,0.87684935
373,257,ADSSL1,UHRF1,0.8728619
373,66,ADSSL1,CBFB,0.8629964
373,58,ADSSL1,RARB,0.8617976
373,277,ADSSL1,MEF2C,0.8603895
373,281,ADSSL1,TGM2,0.8535019
373,380,ADSSL1,NPDC1,0.8535019
373,46,ADSSL1,VDR,0.8495298
373,252,ADSSL1,HOXA9,0.84943974
373,379,ADSSL1,BCL2,0.8456627
373,67,ADSSL1,TEK,0.82961243
373,290,ADSSL1,TMEM14C,0.82961243
373,442,ADSSL1,HLF,0.82961243
373,302,ADSSL1,MEIS1,0.8271355
373,53,ADSSL1,FCHO2,0.82645017
373,445,ADSSL1,IL1R1,0.82645017
373,392,ADSSL1,PBX1,0.82523584
373,498,ADSSL1,DENND2D,0.82061315
373,85,ADSSL1,MECOM,0.80796766
373,398,ADSSL1,APOE,0.80635184
226,527,AFDN,TUBB4B,0.9804482
226,422,AFDN,RUNX2,0.9795156
226,518,AFDN,IL12A,0.97795206
226,550,AFDN,SPI1,0.9756468
226,145,AFDN,HMGB2,0.97496
226,116,AFDN,TOP2A,0.9744888
226,525,AFDN,CD44,0.97241795
226,233,AFDN,NOTCH1,0.97013724
226,190,AFDN,TIPIN,0.96839195
226,216,AFDN,MCM7,0.9671949
226,506,AFDN,PRIM1,0.9660805
226,213,AFDN,MCM4,0.9625164
226,60,AFDN,CDT1,0.9617205
226,131,AFDN,CKS1B,0.9607973
226,335,AFDN,HDAC7,0.9602129
226,320,AFDN,MYC,0.9599392
226,68,AFDN,MKI67,0.95707554
226,367,AFDN,IL7R,0.9552167
226,267,AFDN,SLC2A3,0.94998187
226,96,AFDN,SLBP,0.9485822
226,324,AFDN,REL,0.9312972
226,334,AFDN,CD74,0.9273922
226,530,AFDN,IKZF1,0.9259667
226,27,AFDN,HSD3B7,0.9224093
226,118,AFDN,FOXO1,0.9221475
226,459,AFDN,IRF8,0.91241115
226,66,AFDN,CBFB,0.9085503
226,221,AFDN,ARPP21,0.9078995
226,46,AFDN,VDR,0.9026461
226,416,AFDN,GATA2,0.89369905
226,76,AFDN,ESR1,0.88950634
226,515,AFDN,NCF1,0.8819892
226,536,AFDN,MOGS,0.87684935
226,237,AFDN,ELF1,0.876802
226,380,AFDN,NPDC1,0.86616695
226,277,AFDN,MEF2C,0.86457276
226,58,AFDN,RARB,0.86152416
226,257,AFDN,UHRF1,0.85598487
226,281,AFDN,TGM2,0.8535019
226,252,AFDN,HOXA9,0.84943974
226,379,AFDN,BCL2,0.8481178
226,67,AFDN,TEK,0.82961243
226,442,AFDN,HLF,0.82961243
226,392,AFDN,PBX1,0.8265034
226,53,AFDN,FCHO2,0.82645017
226,445,AFDN,IL1R1,0.82645017
226,302,AFDN,MEIS1,0.82635236
226,290,AFDN,TMEM14C,0.822251
226,498,AFDN,DENND2D,0.82061315
226,85,AFDN,MECOM,0.8093563
173,527,AFF3,TUBB4B,0.98044753
173,422,AFF3,RUNX2,0.97951686
173,550,AFF3,SPI1,0.9757547
173,116,AFF3,TOP2A,0.9744873
173,525,AFF3,CD44,0.9724195
173,233,AFF3,NOTCH1,0.97014827
173,145,AFF3,HMGB2,0.97010034
173,190,AFF3,TIPIN,0.9683875
173,216,AFF3,MCM7,0.96719164
173,506,AFF3,PRIM1,0.9660772
173,96,AFF3,SLBP,0.96355295
173,213,AFF3,MCM4,0.96251255
173,68,AFF3,MKI67,0.9621593
173,60,AFF3,CDT1,0.9607934
173,131,AFF3,CKS1B,0.9607934
173,518,AFF3,IL12A,0.9606302
173,335,AFF3,HDAC7,0.96021444
173,320,AFF3,MYC,0.95994073
173,367,AFF3,IL7R,0.95521843
173,267,AFF3,SLC2A3,0.94998395
173,324,AFF3,REL,0.9312914
173,46,AFF3,VDR,0.9280347
173,334,AFF3,CD74,0.9224133
173,118,AFF3,FOXO1,0.9221513
173,530,AFF3,IKZF1,0.9208308
173,27,AFF3,HSD3B7,0.9206707
173,459,AFF3,IRF8,0.9124123
173,221,AFF3,ARPP21,0.90790397
173,69,AFF3,MAGED1,0.8982728
173,416,AFF3,GATA2,0.8937041
173,76,AFF3,ESR1,0.88951164
173,515,AFF3,NCF1,0.88199484
173,536,AFF3,MOGS,0.87685513
173,66,AFF3,CBFB,0.86289483
173,58,AFF3,RARB,0.86179876
173,277,AFF3,MEF2C,0.86039644
173,257,AFF3,UHRF1,0.8559466
173,281,AFF3,TGM2,0.8535087
173,380,AFF3,NPDC1,0.8535087
173,252,AFF3,HOXA9,0.84944886
173,379,AFF3,BCL2,0.8481245
173,67,AFF3,TEK,0.82961965
173,290,AFF3,TMEM14C,0.82961965
173,442,AFF3,HLF,0.82961965
173,53,AFF3,FCHO2,0.8268607
173,445,AFF3,IL1R1,0.8264574
173,302,AFF3,MEIS1,0.8263619
173,392,AFF3,PBX1,0.82629925
173,498,AFF3,DENND2D,0.8206215
173,85,AFF3,MECOM,0.80936295
98,527,AI504432,TUBB4B,0.9804482
98,422,AI504432,RUNX2,0.9795156
98,518,AI504432,IL12A,0.9794573
98,550,AI504432,SPI1,0.9756468
98,116,AI504432,TOP2A,0.9744888
98,525,AI504432,CD44,0.97241795
98,145,AI504432,HMGB2,0.9706331
98,190,AI504432,TIPIN,0.96839195
98,216,AI504432,MCM7,0.9671949
98,506,AI504432,PRIM1,0.9660805
98,96,AI504432,SLBP,0.9635566
98,60,AI504432,CDT1,0.9607973
98,131,AI504432,CKS1B,0.9607973
98,213,AI504432,MCM4,0.96077335
98,335,AI504432,HDAC7,0.96017826
98,320,AI504432,MYC,0.9599392
98,68,AI504432,MKI67,0.95707554
98,367,AI504432,IL7R,0.9552167
98,267,AI504432,SLC2A3,0.94998187
98,324,AI504432,REL,0.9312972
98,530,AI504432,IKZF1,0.9265143
98,334,AI504432,CD74,0.9224093
98,118,AI504432,FOXO1,0.9221475
98,27,AI504432,HSD3B7,0.9221469
98,257,AI504432,UHRF1,0.91570383
98,459,AI504432,IRF8,0.91241115
98,66,AI504432,CBFB,0.9079833
98,221,AI504432,ARPP21,0.9078995
98,233,AI504432,NOTCH1,0.90727675
98,46,AI504432,VDR,0.90226114
98,69,AI504432,MAGED1,0.89826274
98,416,AI504432,GATA2,0.8937529
98,76,AI504432,ESR1,0.88950634
98,515,AI504432,NCF1,0.8819892
98,536,AI504432,MOGS,0.87684935
98,58,AI504432,RARB,0.8617976
98,277,AI504432,MEF2C,0.8603895
98,281,AI504432,TGM2,0.8535019
98,380,AI504432,NPDC1,0.8535019
98,252,AI504432,HOXA9,0.84943974
98,379,AI504432,BCL2,0.8481178
98,67,AI504432,TEK,0.82961243
98,290,AI504432,TMEM14C,0.82961243
98,442,AI504432,HLF,0.82961243
98,53,AI504432,FCHO2,0.82645017
98,445,AI504432,IL1R1,0.82645017
98,302,AI504432,MEIS1,0.82635236
98,392,AI504432,PBX1,0.8262921
98,85,AI504432,MECOM,0.8093563
98,44,AI504432,NUDT19,0.80635184
134,527,AKNA,TUBB4B,0.9804482
134,422,AKNA,RUNX2,0.9795236
134,518,AKNA,IL12A,0.9794573
134,550,AKNA,SPI1,0.9756468
134,116,AKNA,TOP2A,0.9744888
134,525,AKNA,CD44,0.97241795
134,145,AKNA,HMGB2,0.9706331
134,233,AKNA,NOTCH1,0.97014475
134,190,AKNA,TIPIN,0.96839195
134,216,AKNA,MCM7,0.9671949
134,506,AKNA,PRIM1,0.9660805
134,96,AKNA,SLBP,0.9635566
134,213,AKNA,MCM4,0.9625164
134,60,AKNA,CDT1,0.9607973
134,131,AKNA,CKS1B,0.960767
134,68,AKNA,MKI67,0.96064967
134,335,AKNA,HDAC7,0.9602129
134,320,AKNA,MYC,0.9599392
134,367,AKNA,IL7R,0.9552167
134,267,AKNA,SLC2A3,0.9499951
134,530,AKNA,IKZF1,0.9259059
134,27,AKNA,HSD3B7,0.9224093
134,334,AKNA,CD74,0.9224093
134,118,AKNA,FOXO1,0.9221475
134,459,AKNA,IRF8,0.91241115
134,324,AKNA,REL,0.90866
134,221,AKNA,ARPP21,0.9078995
134,46,AKNA,VDR,0.9026461
134,66,AKNA,CBFB,0.9026461
134,69,AKNA,MAGED1,0.89826274
134,416,AKNA,GATA2,0.89369905
134,76,AKNA,ESR1,0.88950634
134,515,AKNA,NCF1,0.8819892
134,536,AKNA,MOGS,0.87684935
134,277,AKNA,MEF2C,0.87148577
134,58,AKNA,RARB,0.8617976
134,257,AKNA,UHRF1,0.85598487
134,281,AKNA,TGM2,0.8535019
134,380,AKNA,NPDC1,0.8535019
134,252,AKNA,HOXA9,0.84943974
134,379,AKNA,BCL2,0.8481178
134,67,AKNA,TEK,0.82961243
134,290,AKNA,TMEM14C,0.82961243
134,442,AKNA,HLF,0.82961243
134,392,AKNA,PBX1,0.8265034
134,53,AKNA,FCHO2,0.82645017
134,445,AKNA,IL1R1,0.82645017
134,302,AKNA,MEIS1,0.82635236
134,498,AKNA,DENND2D,0.81916493
134,85,AKNA,MECOM,0.8093563
327,422,ALDH1A1,RUNX2,0.9792211
327,518,ALDH1A1,IL12A,0.9791379
327,550,ALDH1A1,SPI1,0.97524524
327,116,ALDH1A1,TOP2A,0.97405255
327,525,ALDH1A1,CD44,0.9719115
327,145,ALDH1A1,HMGB2,0.9700705
327,190,ALDH1A1,TIPIN,0.9678688
327,96,ALDH1A1,SLBP,0.96753013
327,527,ALDH1A1,TUBB4B,0.96710443
327,216,ALDH1A1,MCM7,0.9666197
327,506,ALDH1A1,PRIM1,0.9654804
327,213,ALDH1A1,MCM4,0.9619089
327,131,ALDH1A1,CKS1B,0.96018595
327,60,ALDH1A1,CDT1,0.9601487
327,335,ALDH1A1,HDAC7,0.95834255
327,320,ALDH1A1,MYC,0.95814145
327,68,ALDH1A1,MKI67,0.9564138
327,367,ALDH1A1,IL7R,0.95323
327,233,ALDH1A1,NOTCH1,0.95216817
327,267,ALDH1A1,SLC2A3,0.9506482
327,324,ALDH1A1,REL,0.93021965
327,27,ALDH1A1,HSD3B7,0.9187804
327,334,ALDH1A1,CD74,0.9187804
327,118,ALDH1A1,FOXO1,0.9184677
327,459,ALDH1A1,IRF8,0.90821904
327,530,ALDH1A1,IKZF1,0.90545696
327,221,ALDH1A1,ARPP21,0.9037629
327,46,ALDH1A1,VDR,0.89830977
327,66,ALDH1A1,CBFB,0.89830977
327,69,ALDH1A1,MAGED1,0.89368725
327,416,ALDH1A1,GATA2,0.8889319
327,515,ALDH1A1,NCF1,0.87693805
327,536,ALDH1A1,MOGS,0.8716404
327,76,ALDH1A1,ESR1,0.8646845
327,277,ALDH1A1,MEF2C,0.8589347
327,58,ALDH1A1,RARB,0.8560701
327,257,ALDH1A1,UHRF1,0.8500134
327,281,ALDH1A1,TGM2,0.8474815
327,380,ALDH1A1,NPDC1,0.8474815
327,252,ALDH1A1,HOXA9,0.84353536
327,379,ALDH1A1,BCL2,0.8419811
327,67,ALDH1A1,TEK,0.82307845
327,290,ALDH1A1,TMEM14C,0.82307845
327,442,ALDH1A1,HLF,0.82307845
327,392,ALDH1A1,PBX1,0.81995887
327,53,ALDH1A1,FCHO2,0.8199045
327,445,ALDH1A1,IL1R1,0.8199045
327,302,ALDH1A1,MEIS1,0.8197426
327,498,ALDH1A1,DENND2D,0.81383914
327,85,ALDH1A1,MECOM,0.8027477
236,367,AMPD2,IL7R,0.97918624
236,233,AMPD2,NOTCH1,0.97879785
236,335,AMPD2,HDAC7,0.9771035
236,320,AMPD2,MYC,0.9768668
236,267,AMPD2,SLC2A3,0.9756408
236,518,AMPD2,IL12A,0.97515523
236,530,AMPD2,IKZF1,0.9748351
236,422,AMPD2,RUNX2,0.97449106
236,550,AMPD2,SPI1,0.9737299
236,118,AMPD2,FOXO1,0.9732949
236,27,AMPD2,HSD3B7,0.97300476
236,334,AMPD2,CD74,0.97300476
236,527,AMPD2,TUBB4B,0.97123903
236,221,AMPD2,ARPP21,0.96844804
236,525,AMPD2,CD44,0.9672936
236,66,AMPD2,CBFB,0.9668583
236,416,AMPD2,GATA2,0.9665186
236,69,AMPD2,MAGED1,0.96604586
236,76,AMPD2,ESR1,0.9657815
236,46,AMPD2,VDR,0.9654592
236,380,AMPD2,NPDC1,0.9635827
236,515,AMPD2,NCF1,0.9631594
236,536,AMPD2,MOGS,0.961628
236,277,AMPD2,MEF2C,0.9559992
236,257,AMPD2,UHRF1,0.9546251
236,379,AMPD2,BCL2,0.95383424
236,116,AMPD2,TOP2A,0.9535332
236,252,AMPD2,HOXA9,0.9485618
236,290,AMPD2,TMEM14C,0.9472083
236,442,AMPD2,HLF,0.9472083
236,392,AMPD2,PBX1,0.94459295
236,53,AMPD2,FCHO2,0.9445634
236,445,AMPD2,IL1R1,0.94423467
236,498,AMPD2,DENND2D,0.94032717
236,398,AMPD2,APOE,0.9369702
236,541,AMPD2,PGR,0.9369702
236,44,AMPD2,NUDT19,0.93688995
236,85,AMPD2,MECOM,0.93670017
236,459,AMPD2,IRF8,0.93390983
236,67,AMPD2,TEK,0.92875636
236,237,AMPD2,ELF1,0.9285636
236,190,AMPD2,TIPIN,0.92510736
236,145,AMPD2,HMGB2,0.9224788
236,42,AMPD2,DACH1,0.90498495
236,506,AMPD2,PRIM1,0.9047398
236,216,AMPD2,MCM7,0.8978893
236,281,AMPD2,TGM2,0.8843558
236,58,AMPD2,RARB,0.87763673
236,284,AMPD2,MAML3,0.86794496
236,155,AMPD2,MYCN,0.8619264
361,233,ANGPT1,NOTCH1,0.97874784
361,320,ANGPT1,MYC,0.9776453
361,335,ANGPT1,HDAC7,0.9773671
361,422,ANGPT1,RUNX2,0.97689044
361,118,ANGPT1,FOXO1,0.9763357
361,267,ANGPT1,SLC2A3,0.97623163
361,518,ANGPT1,IL12A,0.97553253
361,27,ANGPT1,HSD3B7,0.9753432
361,334,ANGPT1,CD74,0.9753432
361,550,ANGPT1,SPI1,0.974212
361,527,ANGPT1,TUBB4B,0.97343427
361,46,ANGPT1,VDR,0.9725027
361,221,ANGPT1,ARPP21,0.97216177
361,76,ANGPT1,ESR1,0.9711431
361,66,ANGPT1,CBFB,0.9708928
361,416,ANGPT1,GATA2,0.97055244
361,69,ANGPT1,MAGED1,0.9698722
361,515,ANGPT1,NCF1,0.9672026
361,536,ANGPT1,MOGS,0.9668022
361,525,ANGPT1,CD44,0.9667205
361,257,ANGPT1,UHRF1,0.96206486
361,277,ANGPT1,MEF2C,0.96096736
361,380,ANGPT1,NPDC1,0.9606888
361,379,ANGPT1,BCL2,0.9600017
361,281,ANGPT1,TGM2,0.9595068
361,252,ANGPT1,HOXA9,0.9580491
361,116,ANGPT1,TOP2A,0.9553159
361,67,ANGPT1,TEK,0.95435786
361,290,ANGPT1,TMEM14C,0.95435786
361,442,ANGPT1,HLF,0.95435786
361,392,ANGPT1,PBX1,0.9528177
361,445,ANGPT1,IL1R1,0.95279485
361,53,ANGPT1,FCHO2,0.95279473
361,302,ANGPT1,MEIS1,0.95023155
361,498,ANGPT1,DENND2D,0.9477277
361,44,ANGPT1,NUDT19,0.9457673
361,541,ANGPT1,PGR,0.9457673
361,398,ANGPT1,APOE,0.94575536
361,85,ANGPT1,MECOM,0.94532937
361,367,ANGPT1,IL7R,0.9390101
361,237,ANGPT1,ELF1,0.9380775
361,459,ANGPT1,IRF8,0.92895246
361,530,ANGPT1,IKZF1,0.92694956
361,190,ANGPT1,TIPIN,0.92433935
361,145,ANGPT1,HMGB2,0.92008173
361,42,ANGPT1,DACH1,0.9159279
361,506,ANGPT1,PRIM1,0.9039942
361,216,ANGPT1,MCM7,0.8953361
361,526,ANGPT1,CCDC112,0.8869949
361,284,ANGPT1,MAML3,0.8796036
473,527,ANKRD33B,TUBB4B,0.9804482
473,518,ANKRD33B,IL12A,0.9794571
473,422,ANKRD33B,RUNX2,0.9783181
473,550,ANKRD33B,SPI1,0.9756468
473,116,ANKRD33B,TOP2A,0.9744888
473,145,ANKRD33B,HMGB2,0.9706331
473,233,ANKRD33B,NOTCH1,0.97013175
473,525,ANKRD33B,CD44,0.96958107
473,190,ANKRD33B,TIPIN,0.96839195
473,216,ANKRD33B,MCM7,0.9671949
473,506,ANKRD33B,PRIM1,0.9660805
473,213,ANKRD33B,MCM4,0.96517986
473,96,ANKRD33B,SLBP,0.9635566
473,60,ANKRD33B,CDT1,0.9607973
473,131,ANKRD33B,CKS1B,0.9607973
473,320,ANKRD33B,MYC,0.9599392
473,68,ANKRD33B,MKI67,0.95707554
473,367,ANKRD33B,IL7R,0.9552167
473,267,ANKRD33B,SLC2A3,0.94994456
473,324,ANKRD33B,REL,0.9312972
473,530,ANKRD33B,IKZF1,0.9259667
473,27,ANKRD33B,HSD3B7,0.9224093
473,334,ANKRD33B,CD74,0.92219543
473,118,ANKRD33B,FOXO1,0.9221475
473,221,ANKRD33B,ARPP21,0.915315
473,459,ANKRD33B,IRF8,0.91241115
473,46,ANKRD33B,VDR,0.9026461
473,66,ANKRD33B,CBFB,0.9026461
473,69,ANKRD33B,MAGED1,0.89826274
473,335,ANKRD33B,HDAC7,0.8926737
473,76,ANKRD33B,ESR1,0.88950634
473,536,ANKRD33B,MOGS,0.87684935
473,58,ANKRD33B,RARB,0.8617976
473,257,ANKRD33B,UHRF1,0.85598487
473,281,ANKRD33B,TGM2,0.8535019
473,380,ANKRD33B,NPDC1,0.8535019
473,252,ANKRD33B,HOXA9,0.84943974
473,379,ANKRD33B,BCL2,0.8483872
473,53,ANKRD33B,FCHO2,0.83812696
473,67,ANKRD33B,TEK,0.82961243
473,290,ANKRD33B,TMEM14C,0.82961243
473,442,ANKRD33B,HLF,0.82961243
473,277,ANKRD33B,MEF2C,0.8292882
473,302,ANKRD33B,MEIS1,0.82702374
473,392,ANKRD33B,PBX1,0.8265034
473,445,ANKRD33B,IL1R1,0.82645017
473,498,ANKRD33B,DENND2D,0.82061315
473,398,ANKRD33B,APOE,0.8153746
473,85,ANKRD33B,MECOM,0.8093563
473,44,ANKRD33B,NUDT19,0.8066138
93,527,ANKRD44,TUBB4B,0.9804482
93,422,ANKRD44,RUNX2,0.9795156
93,518,ANKRD44,IL12A,0.9794485
93,550,ANKRD44,SPI1,0.9756468
93,116,ANKRD44,TOP2A,0.9744888
93,525,ANKRD44,CD44,0.97241795
93,145,ANKRD44,HMGB2,0.97068226
93,233,ANKRD44,NOTCH1,0.97014475
93,190,ANKRD44,TIPIN,0.96847486
93,216,ANKRD44,MCM7,0.9671949
93,506,ANKRD44,PRIM1,0.9660805
93,213,ANKRD44,MCM4,0.9644956
93,96,ANKRD44,SLBP,0.9635566
93,60,ANKRD44,CDT1,0.9607973
93,131,ANKRD44,CKS1B,0.9607973
93,335,ANKRD44,HDAC7,0.9602129
93,320,ANKRD44,MYC,0.9599392
93,68,ANKRD44,MKI67,0.95707554
93,367,ANKRD44,IL7R,0.9552167
93,267,ANKRD44,SLC2A3,0.94998187
93,324,ANKRD44,REL,0.93562794
93,530,ANKRD44,IKZF1,0.9259667
93,27,ANKRD44,HSD3B7,0.9224093
93,334,ANKRD44,CD74,0.9224093
93,118,ANKRD44,FOXO1,0.9221475
93,459,ANKRD44,IRF8,0.91241115
93,221,ANKRD44,ARPP21,0.9078995
93,66,ANKRD44,CBFB,0.9026461
93,69,ANKRD44,MAGED1,0.89826274
93,416,ANKRD44,GATA2,0.89369905
93,76,ANKRD44,ESR1,0.88950634
93,46,ANKRD44,VDR,0.8838176
93,515,ANKRD44,NCF1,0.8819892
93,536,ANKRD44,MOGS,0.87684935
93,277,ANKRD44,MEF2C,0.86934394
93,58,ANKRD44,RARB,0.8617976
93,257,ANKRD44,UHRF1,0.85598487
93,281,ANKRD44,TGM2,0.8535019
93,380,ANKRD44,NPDC1,0.8535019
93,252,ANKRD44,HOXA9,0.84943974
93,379,ANKRD44,BCL2,0.8481178
93,67,ANKRD44,TEK,0.82961243
93,290,ANKRD44,TMEM14C,0.82961243
93,442,ANKRD44,HLF,0.82961243
93,302,ANKRD44,MEIS1,0.82660997
93,392,ANKRD44,PBX1,0.8265034
93,445,ANKRD44,IL1R1,0.82645017
93,498,ANKRD44,DENND2D,0.82061315
93,398,ANKRD44,APOE,0.8067991
93,44,ANKRD44,NUDT19,0.80635184
151,527,ANXA2,TUBB4B,0.9804678
151,422,ANXA2,RUNX2,0.9795156
151,518,ANXA2,IL12A,0.9794573
151,550,ANXA2,SPI1,0.9756468
151,116,ANXA2,TOP2A,0.97451246
151,525,ANXA2,CD44,0.97241795
151,145,ANXA2,HMGB2,0.9706331
151,233,ANXA2,NOTCH1,0.97014475
151,190,ANXA2,TIPIN,0.96839195
151,216,ANXA2,MCM7,0.9671949
151,506,ANXA2,PRIM1,0.9660805
151,96,ANXA2,SLBP,0.9635566
151,213,ANXA2,MCM4,0.9625164
151,60,ANXA2,CDT1,0.9607973
151,131,ANXA2,CKS1B,0.9607973
151,335,ANXA2,HDAC7,0.9602129
151,320,ANXA2,MYC,0.9600609
151,68,ANXA2,MKI67,0.95707554
151,367,ANXA2,IL7R,0.9552167
151,267,ANXA2,SLC2A3,0.94388354
151,324,ANXA2,REL,0.9312972
151,530,ANXA2,IKZF1,0.9259667
151,27,ANXA2,HSD3B7,0.9224093
151,334,ANXA2,CD74,0.9223726
151,118,ANXA2,FOXO1,0.9221475
151,221,ANXA2,ARPP21,0.90799195
151,46,ANXA2,VDR,0.9026461
151,66,ANXA2,CBFB,0.9026461
151,69,ANXA2,MAGED1,0.89826274
151,416,ANXA2,GATA2,0.89369905
151,459,ANXA2,IRF8,0.89035726
151,76,ANXA2,ESR1,0.8894898
151,515,ANXA2,NCF1,0.8819892
151,536,ANXA2,MOGS,0.87684935
151,277,ANXA2,MEF2C,0.86934394
151,302,ANXA2,MEIS1,0.8685238
151,58,ANXA2,RARB,0.8617976
151,257,ANXA2,UHRF1,0.85598916
151,380,ANXA2,NPDC1,0.8535019
151,281,ANXA2,TGM2,0.85331684
151,252,ANXA2,HOXA9,0.84943974
151,379,ANXA2,BCL2,0.8481178
151,67,ANXA2,TEK,0.82961243
151,290,ANXA2,TMEM14C,0.82961243
151,442,ANXA2,HLF,0.82961243
151,392,ANXA2,PBX1,0.82645714
151,445,ANXA2,IL1R1,0.82645017
151,53,ANXA2,FCHO2,0.8258423
151,498,ANXA2,DENND2D,0.82061315
151,398,ANXA2,APOE,0.81567657
408,527,ANXA5,TUBB4B,0.9804464
408,422,ANXA5,RUNX2,0.97951835
408,518,ANXA5,IL12A,0.97945595
408,550,ANXA5,SPI1,0.9756463
408,116,ANXA5,TOP2A,0.97448325
408,525,ANXA5,CD44,0.97236943
408,145,ANXA5,HMGB2,0.97062624
408,233,ANXA5,NOTCH1,0.9701459
408,190,ANXA5,TIPIN,0.9683847
408,216,ANXA5,MCM7,0.9671873
408,506,ANXA5,PRIM1,0.9660728
408,131,ANXA5,CKS1B,0.96454173
408,96,ANXA5,SLBP,0.9635482
408,213,ANXA5,MCM4,0.96250784
408,60,ANXA5,CDT1,0.9607719
408,335,ANXA5,HDAC7,0.9602173
408,320,ANXA5,MYC,0.9599436
408,68,ANXA5,MKI67,0.95706177
408,367,ANXA5,IL7R,0.955222
408,267,ANXA5,SLC2A3,0.9499878
408,324,ANXA5,REL,0.9312782
408,530,ANXA5,IKZF1,0.9259779
408,27,ANXA5,HSD3B7,0.922421
408,334,ANXA5,CD74,0.922421
408,118,ANXA5,FOXO1,0.9221167
408,459,ANXA5,IRF8,0.9124251
408,221,ANXA5,ARPP21,0.90791374
408,290,ANXA5,TMEM14C,0.89942765
408,69,ANXA5,MAGED1,0.8982784
408,416,ANXA5,GATA2,0.8937156
408,46,ANXA5,VDR,0.89016455
408,76,ANXA5,ESR1,0.88952345
408,515,ANXA5,NCF1,0.88157225
408,536,ANXA5,MOGS,0.8768688
408,58,ANXA5,RARB,0.8618204
408,277,ANXA5,MEF2C,0.8604117
408,252,ANXA5,HOXA9,0.857121
408,257,ANXA5,UHRF1,0.85600734
408,380,ANXA5,NPDC1,0.8535247
408,281,ANXA5,TGM2,0.85341257
408,379,ANXA5,BCL2,0.8481417
408,53,ANXA5,FCHO2,0.8381531
408,66,ANXA5,CBFB,0.8300536
408,67,ANXA5,TEK,0.82963926
408,442,ANXA5,HLF,0.82963926
408,392,ANXA5,PBX1,0.82660466
408,445,ANXA5,IL1R1,0.8264777
408,498,ANXA5,DENND2D,0.82064176
408,44,ANXA5,NUDT19,0.8063807
408,398,ANXA5,APOE,0.8063807
309,367,AP1S2,IL7R,0.978956
309,233,AP1S2,NOTCH1,0.97831047
309,335,AP1S2,HDAC7,0.9768222
309,320,AP1S2,MYC,0.9768097
309,267,AP1S2,SLC2A3,0.97527367
309,518,AP1S2,IL12A,0.97416943
309,422,AP1S2,RUNX2,0.97381
309,530,AP1S2,IKZF1,0.97352684
309,118,AP1S2,FOXO1,0.9734423
309,27,AP1S2,HSD3B7,0.9731024
309,334,AP1S2,CD74,0.9731024
309,550,AP1S2,SPI1,0.97248554
309,527,AP1S2,TUBB4B,0.9703264
309,221,AP1S2,ARPP21,0.96871704
309,46,AP1S2,VDR,0.9670141
309,66,AP1S2,CBFB,0.9670141
309,416,AP1S2,GATA2,0.9667413
309,69,AP1S2,MAGED1,0.96611315
309,525,AP1S2,CD44,0.9659402
309,76,AP1S2,ESR1,0.9658518
309,515,AP1S2,NCF1,0.96337277
309,536,AP1S2,MOGS,0.9618315
309,277,AP1S2,MEF2C,0.95621115
309,257,AP1S2,UHRF1,0.95454735
309,379,AP1S2,BCL2,0.9540164
309,281,AP1S2,TGM2,0.9534198
309,116,AP1S2,TOP2A,0.9520398
309,252,AP1S2,HOXA9,0.9485481
309,67,AP1S2,TEK,0.94726765
309,290,AP1S2,TMEM14C,0.94726765
309,442,AP1S2,HLF,0.94726765
309,53,AP1S2,FCHO2,0.94539833
309,445,AP1S2,IL1R1,0.94539833
309,302,AP1S2,MEIS1,0.94301546
309,392,AP1S2,PBX1,0.9429831
309,498,AP1S2,DENND2D,0.9404829
309,44,AP1S2,NUDT19,0.9377174
309,398,AP1S2,APOE,0.9377174
309,541,AP1S2,PGR,0.9377174
309,85,AP1S2,MECOM,0.93672556
309,459,AP1S2,IRF8,0.9307619
309,237,AP1S2,ELF1,0.9293639
309,145,AP1S2,HMGB2,0.92251784
309,190,AP1S2,TIPIN,0.9211717
309,42,AP1S2,DACH1,0.905516
309,506,AP1S2,PRIM1,0.90024626
309,216,AP1S2,MCM7,0.89190215
309,380,AP1S2,NPDC1,0.88465357
309,284,AP1S2,MAML3,0.86792374
309,58,AP1S2,RARB,0.86744684
261,527,APLP2,TUBB4B,0.9804482
261,422,APLP2,RUNX2,0.9795156
261,550,APLP2,SPI1,0.9756468
261,116,APLP2,TOP2A,0.9744888
261,525,APLP2,CD44,0.97241795
261,190,APLP2,TIPIN,0.9711879
261,145,APLP2,HMGB2,0.9706331
261,233,APLP2,NOTCH1,0.97014475
261,216,APLP2,MCM7,0.9671949
261,506,APLP2,PRIM1,0.9660805
261,96,APLP2,SLBP,0.9635558
261,213,APLP2,MCM4,0.9625164
261,60,APLP2,CDT1,0.9607973
261,131,APLP2,CKS1B,0.9607973
261,335,APLP2,HDAC7,0.9602129
261,320,APLP2,MYC,0.9599392
261,518,APLP2,IL12A,0.9578493
261,68,APLP2,MKI67,0.9570386
261,367,APLP2,IL7R,0.9552167
261,267,APLP2,SLC2A3,0.94998187
261,324,APLP2,REL,0.9312972
261,27,APLP2,HSD3B7,0.9224093
261,334,APLP2,CD74,0.9224093
261,118,APLP2,FOXO1,0.9221475
261,459,APLP2,IRF8,0.91241115
261,221,APLP2,ARPP21,0.9078995
261,46,APLP2,VDR,0.9026461
261,69,APLP2,MAGED1,0.89826274
261,416,APLP2,GATA2,0.89369905
261,76,APLP2,ESR1,0.88950634
261,515,APLP2,NCF1,0.8819892
261,530,APLP2,IKZF1,0.8784957
261,536,APLP2,MOGS,0.87774676
261,277,APLP2,MEF2C,0.8603895
261,257,APLP2,UHRF1,0.85598487
261,281,APLP2,TGM2,0.8535019
261,380,APLP2,NPDC1,0.8535019
261,252,APLP2,HOXA9,0.84943974
261,379,APLP2,BCL2,0.8481178
261,53,APLP2,FCHO2,0.84265935
261,58,APLP2,RARB,0.8311116
261,66,APLP2,CBFB,0.8300274
261,67,APLP2,TEK,0.82961243
261,290,APLP2,TMEM14C,0.82961243
261,442,APLP2,HLF,0.82961243
261,392,APLP2,PBX1,0.8265034
261,445,APLP2,IL1R1,0.82645017
261,302,APLP2,MEIS1,0.82635236
261,498,APLP2,DENND2D,0.82061315
261,85,APLP2,MECOM,0.8093563
398,422,APOE,RUNX2,0.9806127
398,233,APOE,NOTCH1,0.9799503
398,518,APOE,IL12A,0.9794988
398,527,APOE,TUBB4B,0.9788881
398,550,APOE,SPI1,0.9786816
398,367,APOE,IL7R,0.9776994
398,525,APOE,CD44,0.97717756
398,335,APOE,HDAC7,0.97708833
398,320,APOE,MYC,0.97688717
398,267,APOE,SLC2A3,0.9748761
398,530,APOE,IKZF1,0.97054166
398,118,APOE,FOXO1,0.97036034
398,27,APOE,HSD3B7,0.9699406
398,334,APOE,CD74,0.9698275
398,116,APOE,TOP2A,0.96749103
398,221,APOE,ARPP21,0.9657321
398,46,APOE,VDR,0.9625062
398,66,APOE,CBFB,0.9625062
398,69,APOE,MAGED1,0.96123284
398,416,APOE,GATA2,0.9605457
398,76,APOE,ESR1,0.96054363
398,536,APOE,MOGS,0.95511335
398,515,APOE,NCF1,0.95369613
398,145,APOE,HMGB2,0.95103014
398,190,APOE,TIPIN,0.95073396
398,257,APOE,UHRF1,0.94824547
398,459,APOE,IRF8,0.9470156
398,506,APOE,PRIM1,0.943945
398,216,APOE,MCM7,0.94185406
398,277,APOE,MEF2C,0.9391705
398,379,APOE,BCL2,0.93598485
398,281,APOE,TGM2,0.9347977
398,380,APOE,NPDC1,0.9347977
398,252,APOE,HOXA9,0.93381816
398,302,APOE,MEIS1,0.92283165
398,67,APOE,TEK,0.9227862
398,290,APOE,TMEM14C,0.9227862
398,442,APOE,HLF,0.9227862
398,392,APOE,PBX1,0.9189475
398,445,APOE,IL1R1,0.9185723
398,53,APOE,FCHO2,0.9185722
398,96,APOE,SLBP,0.9183342
398,213,APOE,MCM4,0.9158905
398,498,APOE,DENND2D,0.91134787
398,85,APOE,MECOM,0.908809
398,44,APOE,NUDT19,0.90671635
398,541,APOE,PGR,0.90671635
398,60,APOE,CDT1,0.9007015
398,131,APOE,CKS1B,0.9007015
398,237,APOE,ELF1,0.89266616
196,527,APP,TUBB4B,0.9804482
196,422,APP,RUNX2,0.9795156
196,518,APP,IL12A,0.9794573
196,550,APP,SPI1,0.9756468
196,116,APP,TOP2A,0.9744888
196,525,APP,CD44,0.97241795
196,145,APP,HMGB2,0.9706331
196,233,APP,NOTCH1,0.9704203
196,190,APP,TIPIN,0.96839195
196,216,APP,MCM7,0.9672028
196,506,APP,PRIM1,0.9660805
196,96,APP,SLBP,0.9635566
196,213,APP,MCM4,0.9625164
196,320,APP,MYC,0.96238226
196,60,APP,CDT1,0.9607973
196,131,APP,CKS1B,0.9607973
196,335,APP,HDAC7,0.9602129
196,68,APP,MKI67,0.95707554
196,367,APP,IL7R,0.9552167
196,267,APP,SLC2A3,0.94998187
196,324,APP,REL,0.9312972
196,530,APP,IKZF1,0.9259667
196,27,APP,HSD3B7,0.9224093
196,334,APP,CD74,0.9223726
196,118,APP,FOXO1,0.9221475
196,459,APP,IRF8,0.91241115
196,221,APP,ARPP21,0.90789133
196,66,APP,CBFB,0.9026461
196,46,APP,VDR,0.90241784
196,67,APP,TEK,0.89941174
196,69,APP,MAGED1,0.89826274
196,416,APP,GATA2,0.89369905
196,76,APP,ESR1,0.88950634
196,515,APP,NCF1,0.8892153
196,536,APP,MOGS,0.87684935
196,58,APP,RARB,0.8617976
196,277,APP,MEF2C,0.8603895
196,257,APP,UHRF1,0.85598487
196,281,APP,TGM2,0.8535019
196,380,APP,NPDC1,0.8535019
196,252,APP,HOXA9,0.84943974
196,379,APP,BCL2,0.848639
196,442,APP,HLF,0.82961243
196,290,APP,TMEM14C,0.8289425
196,392,APP,PBX1,0.8265034
196,53,APP,FCHO2,0.82645017
196,302,APP,MEIS1,0.82635236
196,445,APP,IL1R1,0.8258423
196,498,APP,DENND2D,0.82061315
196,85,APP,MECOM,0.8093563
133,527,ARHGAP15,TUBB4B,0.9804482
133,422,ARHGAP15,RUNX2,0.9795236
133,518,ARHGAP15,IL12A,0.9794573
133,550,ARHGAP15,SPI1,0.9756468
133,116,ARHGAP15,TOP2A,0.9744888
133,525,ARHGAP15,CD44,0.97241795
133,145,ARHGAP15,HMGB2,0.9706331
133,233,ARHGAP15,NOTCH1,0.97014475
133,190,ARHGAP15,TIPIN,0.96839195
133,216,ARHGAP15,MCM7,0.9671949
133,506,ARHGAP15,PRIM1,0.9660805
133,96,ARHGAP15,SLBP,0.9635566
133,213,ARHGAP15,MCM4,0.9625164
133,60,ARHGAP15,CDT1,0.9607973
133,131,ARHGAP15,CKS1B,0.960767
133,68,ARHGAP15,MKI67,0.96064967
133,335,ARHGAP15,HDAC7,0.9602129
133,320,ARHGAP15,MYC,0.9599392
133,367,ARHGAP15,IL7R,0.9552167
133,267,ARHGAP15,SLC2A3,0.9499951
133,530,ARHGAP15,IKZF1,0.9259059
133,27,ARHGAP15,HSD3B7,0.9224093
133,334,ARHGAP15,CD74,0.9224093
133,118,ARHGAP15,FOXO1,0.9221475
133,459,ARHGAP15,IRF8,0.91241115
133,324,ARHGAP15,REL,0.90866
133,221,ARHGAP15,ARPP21,0.9078995
133,46,ARHGAP15,VDR,0.9026461
133,66,ARHGAP15,CBFB,0.9026461
133,69,ARHGAP15,MAGED1,0.89826274
133,416,ARHGAP15,GATA2,0.89369905
133,76,ARHGAP15,ESR1,0.88950634
133,515,ARHGAP15,NCF1,0.8819892
133,536,ARHGAP15,MOGS,0.87684935
133,277,ARHGAP15,MEF2C,0.87148577
133,58,ARHGAP15,RARB,0.8617976
133,257,ARHGAP15,UHRF1,0.85598487
133,281,ARHGAP15,TGM2,0.8535019
133,380,ARHGAP15,NPDC1,0.8535019
133,252,ARHGAP15,HOXA9,0.84943974
133,379,ARHGAP15,BCL2,0.8481178
133,67,ARHGAP15,TEK,0.82961243
133,290,ARHGAP15,TMEM14C,0.82961243
133,442,ARHGAP15,HLF,0.82961243
133,392,ARHGAP15,PBX1,0.8265034
133,53,ARHGAP15,FCHO2,0.82645017
133,445,ARHGAP15,IL1R1,0.82645017
133,302,ARHGAP15,MEIS1,0.82635236
133,498,ARHGAP15,DENND2D,0.81916493
133,85,ARHGAP15,MECOM,0.8093563
333,527,ARHGAP18,TUBB4B,0.9804482
333,422,ARHGAP18,RUNX2,0.97950256
333,518,ARHGAP18,IL12A,0.97795206
333,550,ARHGAP18,SPI1,0.9756408
333,116,ARHGAP18,TOP2A,0.9744888
333,525,ARHGAP18,CD44,0.9723699
333,145,ARHGAP18,HMGB2,0.97063553
333,233,ARHGAP18,NOTCH1,0.97014475
333,190,ARHGAP18,TIPIN,0.96839195
333,216,ARHGAP18,MCM7,0.9671883
333,506,ARHGAP18,PRIM1,0.9660947
333,96,ARHGAP18,SLBP,0.9635566
333,213,ARHGAP18,MCM4,0.9625164
333,60,ARHGAP18,CDT1,0.9607973
333,131,ARHGAP18,CKS1B,0.9607973
333,335,ARHGAP18,HDAC7,0.9602129
333,320,ARHGAP18,MYC,0.9599392
333,68,ARHGAP18,MKI67,0.95707554
333,367,ARHGAP18,IL7R,0.9552167
333,267,ARHGAP18,SLC2A3,0.95024234
333,27,ARHGAP18,HSD3B7,0.9446072
333,118,ARHGAP18,FOXO1,0.93897337
333,324,ARHGAP18,REL,0.9312972
333,530,ARHGAP18,IKZF1,0.9259667
333,334,ARHGAP18,CD74,0.9224093
333,459,ARHGAP18,IRF8,0.91241115
333,221,ARHGAP18,ARPP21,0.9078995
333,46,ARHGAP18,VDR,0.9026461
333,66,ARHGAP18,CBFB,0.902572
333,69,ARHGAP18,MAGED1,0.89826274
333,416,ARHGAP18,GATA2,0.8935323
333,76,ARHGAP18,ESR1,0.8894898
333,536,ARHGAP18,MOGS,0.87684935
333,277,ARHGAP18,MEF2C,0.87301755
333,58,ARHGAP18,RARB,0.8615498
333,257,ARHGAP18,UHRF1,0.85598487
333,281,ARHGAP18,TGM2,0.8535019
333,380,ARHGAP18,NPDC1,0.8535019
333,252,ARHGAP18,HOXA9,0.84943974
333,379,ARHGAP18,BCL2,0.8481178
333,67,ARHGAP18,TEK,0.82961243
333,290,ARHGAP18,TMEM14C,0.82961243
333,442,ARHGAP18,HLF,0.82961243
333,515,ARHGAP18,NCF1,0.82944125
333,392,ARHGAP18,PBX1,0.82645714
333,53,ARHGAP18,FCHO2,0.82645017
333,302,ARHGAP18,MEIS1,0.82635236
333,445,ARHGAP18,IL1R1,0.82623875
333,498,ARHGAP18,DENND2D,0.82061315
333,85,ARHGAP18,MECOM,0.8093563
74,422,ARHGAP27,RUNX2,0.9795156
74,518,ARHGAP27,IL12A,0.9794573
74,527,ARHGAP27,TUBB4B,0.9778535
74,550,ARHGAP27,SPI1,0.9756468
74,116,ARHGAP27,TOP2A,0.9744888
74,525,ARHGAP27,CD44,0.9724168
74,145,ARHGAP27,HMGB2,0.9706331
74,233,ARHGAP27,NOTCH1,0.97014475
74,190,ARHGAP27,TIPIN,0.96839195
74,216,ARHGAP27,MCM7,0.9671949
74,506,ARHGAP27,PRIM1,0.9660805
74,96,ARHGAP27,SLBP,0.9635566
74,213,ARHGAP27,MCM4,0.9625164
74,60,ARHGAP27,CDT1,0.9607973
74,131,ARHGAP27,CKS1B,0.9607973
74,320,ARHGAP27,MYC,0.9599392
74,335,ARHGAP27,HDAC7,0.9583708
74,68,ARHGAP27,MKI67,0.95707554
74,367,ARHGAP27,IL7R,0.9552167
74,267,ARHGAP27,SLC2A3,0.94998187
74,324,ARHGAP27,REL,0.9312972
74,27,ARHGAP27,HSD3B7,0.9224093
74,334,ARHGAP27,CD74,0.9224093
74,118,ARHGAP27,FOXO1,0.9221475
74,257,ARHGAP27,UHRF1,0.91570383
74,46,ARHGAP27,VDR,0.9085503
74,221,ARHGAP27,ARPP21,0.9078995
74,66,ARHGAP27,CBFB,0.9026461
74,69,ARHGAP27,MAGED1,0.89826274
74,416,ARHGAP27,GATA2,0.89369905
74,76,ARHGAP27,ESR1,0.88950634
74,515,ARHGAP27,NCF1,0.8819892
74,536,ARHGAP27,MOGS,0.87684935
74,459,ARHGAP27,IRF8,0.8737138
74,42,ARHGAP27,DACH1,0.8725944
74,277,ARHGAP27,MEF2C,0.8603895
74,281,ARHGAP27,TGM2,0.85350466
74,380,ARHGAP27,NPDC1,0.8535019
74,379,ARHGAP27,BCL2,0.8481178
74,392,ARHGAP27,PBX1,0.8427045
74,498,ARHGAP27,DENND2D,0.84103245
74,67,ARHGAP27,TEK,0.82961243
74,290,ARHGAP27,TMEM14C,0.82961243
74,442,ARHGAP27,HLF,0.82961243
74,252,ARHGAP27,HOXA9,0.82693124
74,53,ARHGAP27,FCHO2,0.82645017
74,302,ARHGAP27,MEIS1,0.82635236
74,44,ARHGAP27,NUDT19,0.8152594
74,85,ARHGAP27,MECOM,0.8093563
74,398,ARHGAP27,APOE,0.80635184
273,527,ARHGEF18,TUBB4B,0.97870845
273,422,ARHGEF18,RUNX2,0.97715694
273,518,ARHGEF18,IL12A,0.97632
273,550,ARHGEF18,SPI1,0.9706007
273,525,ARHGEF18,CD44,0.9696426
273,116,ARHGEF18,TOP2A,0.9685102
273,233,ARHGEF18,NOTCH1,0.9663971
273,145,ARHGEF18,HMGB2,0.9645464
273,216,ARHGEF18,MCM7,0.9604509
273,190,ARHGEF18,TIPIN,0.9601367
273,506,ARHGEF18,PRIM1,0.9591111
273,335,ARHGEF18,HDAC7,0.9577715
273,96,ARHGEF18,SLBP,0.95604616
273,320,ARHGEF18,MYC,0.9553289
273,367,ARHGEF18,IL7R,0.9551934
273,213,ARHGEF18,MCM4,0.9547955
273,60,ARHGEF18,CDT1,0.95029116
273,131,ARHGEF18,CKS1B,0.95029116
273,267,ARHGEF18,SLC2A3,0.9483682
273,68,ARHGEF18,MKI67,0.94349474
273,530,ARHGEF18,IKZF1,0.93127793
273,27,ARHGEF18,HSD3B7,0.92777187
273,334,ARHGEF18,CD74,0.92777187
273,118,ARHGEF18,FOXO1,0.92775667
273,459,ARHGEF18,IRF8,0.9218905
273,221,ARHGEF18,ARPP21,0.91506386
273,324,ARHGEF18,REL,0.9140977
273,66,ARHGEF18,CBFB,0.9117865
273,46,ARHGEF18,VDR,0.9117469
273,69,ARHGEF18,MAGED1,0.90519834
273,416,ARHGEF18,GATA2,0.9026624
273,76,ARHGEF18,ESR1,0.898597
273,398,ARHGEF18,APOE,0.8970481
273,515,ARHGEF18,NCF1,0.8918415
273,536,ARHGEF18,MOGS,0.8871077
273,58,ARHGEF18,RARB,0.87589675
273,252,ARHGEF18,HOXA9,0.873343
273,277,ARHGEF18,MEF2C,0.87253314
273,257,ARHGEF18,UHRF1,0.86735165
273,281,ARHGEF18,TGM2,0.8650243
273,380,ARHGEF18,NPDC1,0.8650243
273,379,ARHGEF18,BCL2,0.8607735
273,67,ARHGEF18,TEK,0.84413505
273,442,ARHGEF18,HLF,0.84384423
273,290,ARHGEF18,TMEM14C,0.8438375
273,302,ARHGEF18,MEIS1,0.8420313
273,392,ARHGEF18,PBX1,0.841024
273,445,ARHGEF18,IL1R1,0.8409806
273,53,ARHGEF18,FCHO2,0.84098047
273,237,ARHGEF18,ELF1,0.8379987
384,527,ARHGEF39,TUBB4B,0.9804482
384,422,ARHGEF39,RUNX2,0.9795156
384,518,ARHGEF39,IL12A,0.9794573
384,550,ARHGEF39,SPI1,0.9756468
384,116,ARHGEF39,TOP2A,0.97469646
384,525,ARHGEF39,CD44,0.97241795
384,145,ARHGEF39,HMGB2,0.9706331
384,233,ARHGEF39,NOTCH1,0.97014475
384,190,ARHGEF39,TIPIN,0.9672268
384,216,ARHGEF39,MCM7,0.9671949
384,506,ARHGEF39,PRIM1,0.9660805
384,96,ARHGEF39,SLBP,0.9635566
384,213,ARHGEF39,MCM4,0.9625164
384,60,ARHGEF39,CDT1,0.9607973
384,131,ARHGEF39,CKS1B,0.9607973
384,335,ARHGEF39,HDAC7,0.9600208
384,68,ARHGEF39,MKI67,0.95707554
384,367,ARHGEF39,IL7R,0.9552167
384,267,ARHGEF39,SLC2A3,0.95003825
384,324,ARHGEF39,REL,0.9312972
384,530,ARHGEF39,IKZF1,0.9259667
384,27,ARHGEF39,HSD3B7,0.9224093
384,334,ARHGEF39,CD74,0.9224093
384,118,ARHGEF39,FOXO1,0.92204404
384,459,ARHGEF39,IRF8,0.91241115
384,221,ARHGEF39,ARPP21,0.9078995
384,46,ARHGEF39,VDR,0.9026461
384,320,ARHGEF39,MYC,0.9007363
384,69,ARHGEF39,MAGED1,0.89826274
384,416,ARHGEF39,GATA2,0.89369905
384,76,ARHGEF39,ESR1,0.88950634
384,66,ARHGEF39,CBFB,0.8838176
384,536,ARHGEF39,MOGS,0.87684935
384,58,ARHGEF39,RARB,0.8617976
384,277,ARHGEF39,MEF2C,0.8603895
384,257,ARHGEF39,UHRF1,0.85598487
384,281,ARHGEF39,TGM2,0.8535019
384,380,ARHGEF39,NPDC1,0.8535019
384,252,ARHGEF39,HOXA9,0.84943974
384,379,ARHGEF39,BCL2,0.8481178
384,515,ARHGEF39,NCF1,0.8387789
384,284,ARHGEF39,MAML3,0.8369308
384,290,ARHGEF39,TMEM14C,0.82961243
384,442,ARHGEF39,HLF,0.82961243
384,445,ARHGEF39,IL1R1,0.829071
384,392,ARHGEF39,PBX1,0.8265034
384,53,ARHGEF39,FCHO2,0.82645017
384,302,ARHGEF39,MEIS1,0.82635236
384,498,ARHGEF39,DENND2D,0.8207336
384,85,ARHGEF39,MECOM,0.8093563
400,527,ARID5A,TUBB4B,0.9804364
400,422,ARID5A,RUNX2,0.9795156
400,518,ARID5A,IL12A,0.9794573
400,550,ARID5A,SPI1,0.9756468
400,116,ARID5A,TOP2A,0.97443175
400,525,ARID5A,CD44,0.9733016
400,145,ARID5A,HMGB2,0.9706331
400,233,ARID5A,NOTCH1,0.97014475
400,190,ARID5A,TIPIN,0.96839195
400,216,ARID5A,MCM7,0.9671949
400,506,ARID5A,PRIM1,0.9660947
400,96,ARID5A,SLBP,0.9635566
400,60,ARID5A,CDT1,0.9607973
400,131,ARID5A,CKS1B,0.9607973
400,335,ARID5A,HDAC7,0.9602129
400,320,ARID5A,MYC,0.9599392
400,213,ARID5A,MCM4,0.959708
400,68,ARID5A,MKI67,0.95707554
400,367,ARID5A,IL7R,0.9552167
400,267,ARID5A,SLC2A3,0.94998187
400,324,ARID5A,REL,0.9312972
400,530,ARID5A,IKZF1,0.9259667
400,27,ARID5A,HSD3B7,0.92290354
400,334,ARID5A,CD74,0.9224093
400,118,ARID5A,FOXO1,0.9221475
400,459,ARID5A,IRF8,0.91303074
400,221,ARID5A,ARPP21,0.9078995
400,46,ARID5A,VDR,0.9026461
400,66,ARID5A,CBFB,0.9026461
400,69,ARID5A,MAGED1,0.89826804
400,416,ARID5A,GATA2,0.89369905
400,76,ARID5A,ESR1,0.88950634
400,515,ARID5A,NCF1,0.8819892
400,536,ARID5A,MOGS,0.87684935
400,58,ARID5A,RARB,0.8617976
400,277,ARID5A,MEF2C,0.8601613
400,257,ARID5A,UHRF1,0.85598487
400,281,ARID5A,TGM2,0.8535019
400,380,ARID5A,NPDC1,0.8535019
400,252,ARID5A,HOXA9,0.84943974
400,379,ARID5A,BCL2,0.8481178
400,302,ARID5A,MEIS1,0.8345769
400,67,ARID5A,TEK,0.82961243
400,290,ARID5A,TMEM14C,0.82961243
400,442,ARID5A,HLF,0.82961243
400,392,ARID5A,PBX1,0.82685876
400,53,ARID5A,FCHO2,0.82645017
400,445,ARID5A,IL1R1,0.82645017
400,498,ARID5A,DENND2D,0.82061315
400,85,ARID5A,MECOM,0.8093563
264,527,ARL11,TUBB4B,0.9804482
264,422,ARL11,RUNX2,0.9794628
264,518,ARL11,IL12A,0.9794573
264,550,ARL11,SPI1,0.9756468
264,116,ARL11,TOP2A,0.9744888
264,96,ARL11,SLBP,0.97300285
264,525,ARL11,CD44,0.97241795
264,145,ARL11,HMGB2,0.9706331
264,216,ARL11,MCM7,0.97028804
264,233,ARL11,NOTCH1,0.97016114
264,190,ARL11,TIPIN,0.9683869
264,506,ARL11,PRIM1,0.9660342
264,213,ARL11,MCM4,0.9625164
264,60,ARL11,CDT1,0.9607973
264,131,ARL11,CKS1B,0.9607973
264,335,ARL11,HDAC7,0.9602129
264,320,ARL11,MYC,0.9599392
264,68,ARL11,MKI67,0.95729494
264,367,ARL11,IL7R,0.9559166
264,267,ARL11,SLC2A3,0.94998187
264,27,ARL11,HSD3B7,0.9446072
264,118,ARL11,FOXO1,0.93897337
264,324,ARL11,REL,0.9319934
264,334,ARL11,CD74,0.9224093
264,530,ARL11,IKZF1,0.91314614
264,459,ARL11,IRF8,0.91241115
264,221,ARL11,ARPP21,0.9078995
264,46,ARL11,VDR,0.9026461
264,66,ARL11,CBFB,0.9026461
264,416,ARL11,GATA2,0.8938121
264,76,ARL11,ESR1,0.8897108
264,69,ARL11,MAGED1,0.8863937
264,515,ARL11,NCF1,0.8819892
264,536,ARL11,MOGS,0.87684935
264,58,ARL11,RARB,0.8617976
264,277,ARL11,MEF2C,0.8603895
264,392,ARL11,PBX1,0.85900974
264,257,ARL11,UHRF1,0.85598487
264,281,ARL11,TGM2,0.8535019
264,380,ARL11,NPDC1,0.8535019
264,252,ARL11,HOXA9,0.84943974
264,379,ARL11,BCL2,0.8481178
264,67,ARL11,TEK,0.82961243
264,290,ARL11,TMEM14C,0.82961243
264,442,ARL11,HLF,0.82961243
264,53,ARL11,FCHO2,0.82708687
264,445,ARL11,IL1R1,0.82645017
264,302,ARL11,MEIS1,0.82635236
264,498,ARL11,DENND2D,0.82061315
264,398,ARL11,APOE,0.81758493
221,422,ARPP21,RUNX2,0.98014873
221,518,ARPP21,IL12A,0.97952914
221,233,ARPP21,NOTCH1,0.97922564
221,367,ARPP21,IL7R,0.97844154
221,527,ARPP21,TUBB4B,0.9778007
221,550,ARPP21,SPI1,0.97771925
221,335,ARPP21,HDAC7,0.97611177
221,320,ARPP21,MYC,0.97606057
221,525,ARPP21,CD44,0.9758605
221,267,ARPP21,SLC2A3,0.9737995
221,116,ARPP21,TOP2A,0.9729733
221,530,ARPP21,IKZF1,0.9717319
221,334,ARPP21,CD74,0.9711566
221,118,ARPP21,FOXO1,0.96986526
221,27,ARPP21,HSD3B7,0.9692691
221,145,ARPP21,HMGB2,0.9650675
221,66,ARPP21,CBFB,0.9624606
221,190,ARPP21,TIPIN,0.95929193
221,46,ARPP21,VDR,0.95880085
221,416,ARPP21,GATA2,0.9560587
221,76,ARPP21,ESR1,0.9548118
221,506,ARPP21,PRIM1,0.9505728
221,216,ARPP21,MCM7,0.95027894
221,536,ARPP21,MOGS,0.94907403
221,515,ARPP21,NCF1,0.94794714
221,237,ARPP21,ELF1,0.94600326
221,257,ARPP21,UHRF1,0.9375974
221,277,ARPP21,MEF2C,0.9327083
221,459,ARPP21,IRF8,0.9308568
221,379,ARPP21,BCL2,0.9289317
221,380,ARPP21,NPDC1,0.92870665
221,213,ARPP21,MCM4,0.92810035
221,281,ARPP21,TGM2,0.92482454
221,252,ARPP21,HOXA9,0.9227959
221,60,ARPP21,CDT1,0.91208696
221,131,ARPP21,CKS1B,0.9119581
221,67,ARPP21,TEK,0.9091897
221,442,ARPP21,HLF,0.9091897
221,302,ARPP21,MEIS1,0.90818423
221,392,ARPP21,PBX1,0.9049681
221,53,ARPP21,FCHO2,0.90491784
221,445,ARPP21,IL1R1,0.90491784
221,498,ARPP21,DENND2D,0.8995719
221,85,ARPP21,MECOM,0.8953468
221,290,ARPP21,TMEM14C,0.8950814
221,68,ARPP21,MKI67,0.8927094
221,541,ARPP21,PGR,0.8913622
221,44,ARPP21,NUDT19,0.8904221
221,398,ARPP21,APOE,0.8904221
221,96,ARPP21,SLBP,0.8807655
497,367,ARRDC4,IL7R,0.978962
497,233,ARRDC4,NOTCH1,0.97832286
497,335,ARRDC4,HDAC7,0.9767999
497,320,ARRDC4,MYC,0.97651905
497,267,ARRDC4,SLC2A3,0.9752476
497,518,ARRDC4,IL12A,0.97419816
497,422,ARRDC4,RUNX2,0.9738662
497,530,ARRDC4,IKZF1,0.9734658
497,118,ARRDC4,FOXO1,0.9733812
497,27,ARRDC4,HSD3B7,0.9730408
497,334,ARRDC4,CD74,0.97304
497,550,ARRDC4,SPI1,0.97261333
497,221,ARRDC4,ARPP21,0.97206163
497,527,ARRDC4,TUBB4B,0.97038674
497,536,ARRDC4,MOGS,0.96745825
497,66,ARRDC4,CBFB,0.9669621
497,46,ARRDC4,VDR,0.96692735
497,416,ARRDC4,GATA2,0.9666381
497,69,ARRDC4,MAGED1,0.9660212
497,76,ARRDC4,ESR1,0.96572876
497,525,ARRDC4,CD44,0.96532315
497,515,ARRDC4,NCF1,0.9632528
497,277,ARRDC4,MEF2C,0.95660806
497,379,ARRDC4,BCL2,0.9538503
497,281,ARRDC4,TGM2,0.95323426
497,380,ARRDC4,NPDC1,0.95323426
497,116,ARRDC4,TOP2A,0.9521901
497,252,ARRDC4,HOXA9,0.9483739
497,290,ARRDC4,TMEM14C,0.9470699
497,442,ARRDC4,HLF,0.9470699
497,67,ARRDC4,TEK,0.94706696
497,392,ARRDC4,PBX1,0.94505984
497,53,ARRDC4,FCHO2,0.94503003
497,445,ARRDC4,IL1R1,0.94503003
497,302,ARRDC4,MEIS1,0.9426868
497,498,ARRDC4,DENND2D,0.9401344
497,44,ARRDC4,NUDT19,0.93741876
497,398,ARRDC4,APOE,0.93741876
497,541,ARRDC4,PGR,0.93741876
497,85,ARRDC4,MECOM,0.936352
497,459,ARRDC4,IRF8,0.9341819
497,42,ARRDC4,DACH1,0.9337489
497,237,ARRDC4,ELF1,0.9288751
497,145,ARRDC4,HMGB2,0.9286489
497,190,ARRDC4,TIPIN,0.9218046
497,506,ARRDC4,PRIM1,0.90102726
497,216,ARRDC4,MCM7,0.89277905
497,58,ARRDC4,RARB,0.87026465
497,284,ARRDC4,MAML3,0.86706924
497,257,ARRDC4,UHRF1,0.86137843
262,527,ART4,TUBB4B,0.9804482
262,422,ART4,RUNX2,0.9795156
262,550,ART4,SPI1,0.9756468
262,116,ART4,TOP2A,0.9744888
262,525,ART4,CD44,0.97241795
262,190,ART4,TIPIN,0.9711879
262,145,ART4,HMGB2,0.9706331
262,233,ART4,NOTCH1,0.97014475
262,216,ART4,MCM7,0.9671949
262,506,ART4,PRIM1,0.9660805
262,96,ART4,SLBP,0.9635558
262,213,ART4,MCM4,0.9625164
262,60,ART4,CDT1,0.9607973
262,131,ART4,CKS1B,0.9607973
262,335,ART4,HDAC7,0.9602129
262,320,ART4,MYC,0.9599392
262,518,ART4,IL12A,0.9578493
262,68,ART4,MKI67,0.9570386
262,367,ART4,IL7R,0.9552167
262,267,ART4,SLC2A3,0.94998187
262,324,ART4,REL,0.9312972
262,27,ART4,HSD3B7,0.9224093
262,334,ART4,CD74,0.9224093
262,118,ART4,FOXO1,0.9221475
262,459,ART4,IRF8,0.91241115
262,221,ART4,ARPP21,0.9078995
262,46,ART4,VDR,0.9026461
262,69,ART4,MAGED1,0.89826274
262,416,ART4,GATA2,0.89369905
262,76,ART4,ESR1,0.88950634
262,515,ART4,NCF1,0.8819892
262,530,ART4,IKZF1,0.8784957
262,536,ART4,MOGS,0.87774676
262,277,ART4,MEF2C,0.8603895
262,257,ART4,UHRF1,0.85598487
262,281,ART4,TGM2,0.8535019
262,380,ART4,NPDC1,0.8535019
262,252,ART4,HOXA9,0.84943974
262,379,ART4,BCL2,0.8481178
262,53,ART4,FCHO2,0.84265935
262,58,ART4,RARB,0.8311116
262,66,ART4,CBFB,0.8300274
262,67,ART4,TEK,0.82961243
262,290,ART4,TMEM14C,0.82961243
262,442,ART4,HLF,0.82961243
262,392,ART4,PBX1,0.8265034
262,445,ART4,IL1R1,0.82645017
262,302,ART4,MEIS1,0.82635236
262,498,ART4,DENND2D,0.82061315
262,85,ART4,MECOM,0.8093563
114,527,ATP8B4,TUBB4B,0.9805012
114,518,ATP8B4,IL12A,0.9794573
114,422,ATP8B4,RUNX2,0.9770477
114,550,ATP8B4,SPI1,0.9756468
114,116,ATP8B4,TOP2A,0.9744888
114,525,ATP8B4,CD44,0.97241795
114,145,ATP8B4,HMGB2,0.9706331
114,233,ATP8B4,NOTCH1,0.97014475
114,190,ATP8B4,TIPIN,0.96839195
114,216,ATP8B4,MCM7,0.9671949
114,506,ATP8B4,PRIM1,0.9660818
114,367,ATP8B4,IL7R,0.9642963
114,96,ATP8B4,SLBP,0.9635566
114,213,ATP8B4,MCM4,0.9625846
114,60,ATP8B4,CDT1,0.9607973
114,131,ATP8B4,CKS1B,0.9607973
114,335,ATP8B4,HDAC7,0.9602129
114,320,ATP8B4,MYC,0.9599392
114,68,ATP8B4,MKI67,0.95707554
114,267,ATP8B4,SLC2A3,0.94998187
114,324,ATP8B4,REL,0.9312972
114,530,ATP8B4,IKZF1,0.92961484
114,118,ATP8B4,FOXO1,0.9236665
114,27,ATP8B4,HSD3B7,0.9224093
114,334,ATP8B4,CD74,0.9224093
114,459,ATP8B4,IRF8,0.91241115
114,221,ATP8B4,ARPP21,0.9078995
114,46,ATP8B4,VDR,0.9026461
114,66,ATP8B4,CBFB,0.9026461
114,69,ATP8B4,MAGED1,0.89826274
114,416,ATP8B4,GATA2,0.89369905
114,76,ATP8B4,ESR1,0.88950634
114,515,ATP8B4,NCF1,0.88155377
114,536,ATP8B4,MOGS,0.87684935
114,277,ATP8B4,MEF2C,0.8603895
114,257,ATP8B4,UHRF1,0.85603493
114,281,ATP8B4,TGM2,0.8535019
114,380,ATP8B4,NPDC1,0.8535019
114,252,ATP8B4,HOXA9,0.84943974
114,379,ATP8B4,BCL2,0.8481178
114,392,ATP8B4,PBX1,0.83068484
114,53,ATP8B4,FCHO2,0.8306406
114,290,ATP8B4,TMEM14C,0.82961243
114,442,ATP8B4,HLF,0.82961243
114,445,ATP8B4,IL1R1,0.8277928
114,58,ATP8B4,RARB,0.82169145
114,498,ATP8B4,DENND2D,0.82061315
114,398,ATP8B4,APOE,0.8173434
114,85,ATP8B4,MECOM,0.80933565
114,67,ATP8B4,TEK,0.80882376
441,527,BC035044,TUBB4B,0.9804482
441,422,BC035044,RUNX2,0.9795156
441,518,BC035044,IL12A,0.9794573
441,550,BC035044,SPI1,0.9756468
441,116,BC035044,TOP2A,0.9744888
441,525,BC035044,CD44,0.97240037
441,145,BC035044,HMGB2,0.9706331
441,233,BC035044,NOTCH1,0.97014475
441,190,BC035044,TIPIN,0.96839195
441,216,BC035044,MCM7,0.9671949
441,506,BC035044,PRIM1,0.9660805
441,367,BC035044,IL7R,0.9642963
441,96,BC035044,SLBP,0.9635566
441,60,BC035044,CDT1,0.9628638
441,213,BC035044,MCM4,0.9625164
441,131,BC035044,CKS1B,0.9607973
441,335,BC035044,HDAC7,0.9602129
441,320,BC035044,MYC,0.9599392
441,68,BC035044,MKI67,0.95518214
441,530,BC035044,IKZF1,0.9261735
441,27,BC035044,HSD3B7,0.9224093
441,334,BC035044,CD74,0.9224093
441,118,BC035044,FOXO1,0.9221475
441,324,BC035044,REL,0.9181321
441,459,BC035044,IRF8,0.91241115
441,221,BC035044,ARPP21,0.9078995
441,58,BC035044,RARB,0.90535253
441,46,BC035044,VDR,0.9026461
441,66,BC035044,CBFB,0.9026461
441,69,BC035044,MAGED1,0.89826274
441,416,BC035044,GATA2,0.89369905
441,76,BC035044,ESR1,0.88950634
441,267,BC035044,SLC2A3,0.883945
441,515,BC035044,NCF1,0.8819892
441,536,BC035044,MOGS,0.87684935
441,277,BC035044,MEF2C,0.8603895
441,257,BC035044,UHRF1,0.85598487
441,281,BC035044,TGM2,0.8535019
441,380,BC035044,NPDC1,0.8535019
441,252,BC035044,HOXA9,0.84943974
441,379,BC035044,BCL2,0.8483872
441,442,BC035044,HLF,0.8300135
441,290,BC035044,TMEM14C,0.82961243
441,53,BC035044,FCHO2,0.82645017
441,445,BC035044,IL1R1,0.8264039
441,302,BC035044,MEIS1,0.82635236
441,498,BC035044,DENND2D,0.82061315
441,85,BC035044,MECOM,0.8093563
441,67,BC035044,TEK,0.80882376
441,398,BC035044,APOE,0.80776733
379,233,BCL2,NOTCH1,0.97733146
379,367,BCL2,IL7R,0.9768341
379,518,BCL2,IL12A,0.9760808
379,527,BCL2,TUBB4B,0.975069
379,422,BCL2,RUNX2,0.97465533
379,550,BCL2,SPI1,0.97456205
379,335,BCL2,HDAC7,0.97430146
379,320,BCL2,MYC,0.9733419
379,530,BCL2,IKZF1,0.97259676
379,267,BCL2,SLC2A3,0.97082347
379,525,BCL2,CD44,0.9704615
379,118,BCL2,FOXO1,0.9687611
379,27,BCL2,HSD3B7,0.9682122
379,334,BCL2,CD74,0.9682122
379,116,BCL2,TOP2A,0.9672531
379,221,BCL2,ARPP21,0.96163607
379,46,BCL2,VDR,0.9567991
379,66,BCL2,CBFB,0.95672274
379,69,BCL2,MAGED1,0.95511895
379,416,BCL2,GATA2,0.9542356
379,76,BCL2,ESR1,0.9527245
379,190,BCL2,TIPIN,0.9497325
379,145,BCL2,HMGB2,0.94837785
379,536,BCL2,MOGS,0.94743943
379,515,BCL2,NCF1,0.9463369
379,506,BCL2,PRIM1,0.9382757
379,216,BCL2,MCM7,0.9369747
379,257,BCL2,UHRF1,0.93529713
379,277,BCL2,MEF2C,0.9346521
379,281,BCL2,TGM2,0.923612
379,380,BCL2,NPDC1,0.923612
379,252,BCL2,HOXA9,0.91682583
379,459,BCL2,IRF8,0.9128226
379,67,BCL2,TEK,0.90668684
379,290,BCL2,TMEM14C,0.90668684
379,442,BCL2,HLF,0.90668684
379,96,BCL2,SLBP,0.9057933
379,213,BCL2,MCM4,0.9052813
379,53,BCL2,FCHO2,0.9029334
379,445,BCL2,IL1R1,0.9029334
379,392,BCL2,PBX1,0.9017794
379,302,BCL2,MEIS1,0.8963008
379,58,BCL2,RARB,0.8955222
379,498,BCL2,DENND2D,0.89435744
379,85,BCL2,MECOM,0.89097065
379,44,BCL2,NUDT19,0.88696575
379,398,BCL2,APOE,0.88696575
379,541,BCL2,PGR,0.88696575
379,60,BCL2,CDT1,0.88062865
379,131,BCL2,CKS1B,0.88062865
97,527,BDH2,TUBB4B,0.9804482
97,422,BDH2,RUNX2,0.9795156
97,518,BDH2,IL12A,0.9794573
97,550,BDH2,SPI1,0.9756468
97,116,BDH2,TOP2A,0.9744888
97,525,BDH2,CD44,0.97241795
97,145,BDH2,HMGB2,0.9706331
97,190,BDH2,TIPIN,0.96839195
97,216,BDH2,MCM7,0.9671949
97,506,BDH2,PRIM1,0.9660805
97,96,BDH2,SLBP,0.9635566
97,60,BDH2,CDT1,0.9607973
97,131,BDH2,CKS1B,0.9607973
97,213,BDH2,MCM4,0.96077335
97,335,BDH2,HDAC7,0.96017826
97,320,BDH2,MYC,0.9599392
97,68,BDH2,MKI67,0.95707554
97,367,BDH2,IL7R,0.9552167
97,267,BDH2,SLC2A3,0.94998187
97,324,BDH2,REL,0.9312972
97,530,BDH2,IKZF1,0.9265143
97,334,BDH2,CD74,0.9224093
97,118,BDH2,FOXO1,0.9221475
97,27,BDH2,HSD3B7,0.9221469
97,257,BDH2,UHRF1,0.91570383
97,459,BDH2,IRF8,0.91241115
97,66,BDH2,CBFB,0.9079833
97,221,BDH2,ARPP21,0.9078995
97,233,BDH2,NOTCH1,0.90727675
97,46,BDH2,VDR,0.90226114
97,69,BDH2,MAGED1,0.89826274
97,416,BDH2,GATA2,0.8937529
97,76,BDH2,ESR1,0.88950634
97,515,BDH2,NCF1,0.8819892
97,536,BDH2,MOGS,0.87684935
97,58,BDH2,RARB,0.8617976
97,277,BDH2,MEF2C,0.8603895
97,281,BDH2,TGM2,0.8535019
97,380,BDH2,NPDC1,0.8535019
97,252,BDH2,HOXA9,0.84943974
97,379,BDH2,BCL2,0.8481178
97,67,BDH2,TEK,0.82961243
97,290,BDH2,TMEM14C,0.82961243
97,442,BDH2,HLF,0.82961243
97,53,BDH2,FCHO2,0.82645017
97,445,BDH2,IL1R1,0.82645017
97,302,BDH2,MEIS1,0.82635236
97,392,BDH2,PBX1,0.8262921
97,85,BDH2,MECOM,0.8093563
97,44,BDH2,NUDT19,0.80635184
479,527,BGN,TUBB4B,0.9804482
479,518,BGN,IL12A,0.9794573
479,422,BGN,RUNX2,0.97829723
479,550,BGN,SPI1,0.9756251
479,116,BGN,TOP2A,0.9744888
479,525,BGN,CD44,0.97241795
479,68,BGN,MKI67,0.97167736
479,145,BGN,HMGB2,0.9706331
479,233,BGN,NOTCH1,0.97014475
479,190,BGN,TIPIN,0.96839195
479,216,BGN,MCM7,0.9671949
479,506,BGN,PRIM1,0.9660805
479,60,BGN,CDT1,0.96552783
479,96,BGN,SLBP,0.9635638
479,213,BGN,MCM4,0.9625164
479,131,BGN,CKS1B,0.9607973
479,335,BGN,HDAC7,0.9602129
479,320,BGN,MYC,0.9599392
479,367,BGN,IL7R,0.9552167
479,267,BGN,SLC2A3,0.94998187
479,324,BGN,REL,0.9312972
479,530,BGN,IKZF1,0.9259667
479,27,BGN,HSD3B7,0.9224093
479,334,BGN,CD74,0.9224093
479,118,BGN,FOXO1,0.9221475
479,459,BGN,IRF8,0.9124426
479,221,BGN,ARPP21,0.9078995
479,46,BGN,VDR,0.9026461
479,66,BGN,CBFB,0.902572
479,69,BGN,MAGED1,0.89826274
479,416,BGN,GATA2,0.89369905
479,76,BGN,ESR1,0.88950634
479,515,BGN,NCF1,0.8819892
479,536,BGN,MOGS,0.8765413
479,58,BGN,RARB,0.8617976
479,277,BGN,MEF2C,0.8603895
479,257,BGN,UHRF1,0.85583127
479,281,BGN,TGM2,0.8535019
479,380,BGN,NPDC1,0.8535019
479,252,BGN,HOXA9,0.84943974
479,379,BGN,BCL2,0.8481178
479,67,BGN,TEK,0.83113426
479,442,BGN,HLF,0.82961243
479,392,BGN,PBX1,0.8265034
479,53,BGN,FCHO2,0.82645017
479,445,BGN,IL1R1,0.82645017
479,302,BGN,MEIS1,0.82635236
479,498,BGN,DENND2D,0.82061315
479,85,BGN,MECOM,0.8093563
479,44,BGN,NUDT19,0.80635184
310,527,BLNK,TUBB4B,0.9804482
310,422,BLNK,RUNX2,0.9795156
310,518,BLNK,IL12A,0.9794573
310,550,BLNK,SPI1,0.97470325
310,116,BLNK,TOP2A,0.9744888
310,525,BLNK,CD44,0.97241795
310,233,BLNK,NOTCH1,0.97014475
310,190,BLNK,TIPIN,0.96839195
310,145,BLNK,HMGB2,0.96760267
310,216,BLNK,MCM7,0.9671949
310,506,BLNK,PRIM1,0.9660805
310,213,BLNK,MCM4,0.9625164
310,96,BLNK,SLBP,0.9622729
310,60,BLNK,CDT1,0.9607973
310,335,BLNK,HDAC7,0.9602129
310,320,BLNK,MYC,0.9599392
310,68,BLNK,MKI67,0.95707554
310,367,BLNK,IL7R,0.9552167
310,267,BLNK,SLC2A3,0.94998187
310,131,BLNK,CKS1B,0.9443304
310,324,BLNK,REL,0.9312972
310,530,BLNK,IKZF1,0.9259667
310,27,BLNK,HSD3B7,0.9224093
310,334,BLNK,CD74,0.9224093
310,118,BLNK,FOXO1,0.9221475
310,459,BLNK,IRF8,0.91241115
310,221,BLNK,ARPP21,0.9078995
310,46,BLNK,VDR,0.9026461
310,66,BLNK,CBFB,0.9026461
310,69,BLNK,MAGED1,0.89826274
310,416,BLNK,GATA2,0.89369905
310,76,BLNK,ESR1,0.88950634
310,515,BLNK,NCF1,0.8819892
310,536,BLNK,MOGS,0.87684935
310,58,BLNK,RARB,0.8637833
310,277,BLNK,MEF2C,0.8603895
310,257,BLNK,UHRF1,0.85598487
310,281,BLNK,TGM2,0.8535019
310,252,BLNK,HOXA9,0.84943974
310,379,BLNK,BCL2,0.8481178
310,67,BLNK,TEK,0.82961243
310,290,BLNK,TMEM14C,0.82961243
310,442,BLNK,HLF,0.82961243
310,53,BLNK,FCHO2,0.82645017
310,445,BLNK,IL1R1,0.82645017
310,302,BLNK,MEIS1,0.82635236
310,392,BLNK,PBX1,0.8217228
310,498,BLNK,DENND2D,0.82061315
310,85,BLNK,MECOM,0.8093563
310,44,BLNK,NUDT19,0.80635184
456,527,BPIFC,TUBB4B,0.98043114
456,422,BPIFC,RUNX2,0.98001444
456,518,BPIFC,IL12A,0.9794573
456,550,BPIFC,SPI1,0.9756468
456,116,BPIFC,TOP2A,0.9744888
456,525,BPIFC,CD44,0.97241795
456,145,BPIFC,HMGB2,0.9706331
456,233,BPIFC,NOTCH1,0.97014475
456,216,BPIFC,MCM7,0.9689339
456,190,BPIFC,TIPIN,0.96839195
456,506,BPIFC,PRIM1,0.9660742
456,96,BPIFC,SLBP,0.9635566
456,213,BPIFC,MCM4,0.9625164
456,60,BPIFC,CDT1,0.9607973
456,131,BPIFC,CKS1B,0.9607973
456,335,BPIFC,HDAC7,0.9602129
456,320,BPIFC,MYC,0.9599392
456,68,BPIFC,MKI67,0.95707554
456,367,BPIFC,IL7R,0.9552167
456,267,BPIFC,SLC2A3,0.94998187
456,324,BPIFC,REL,0.9312972
456,530,BPIFC,IKZF1,0.92600244
456,27,BPIFC,HSD3B7,0.9224093
456,334,BPIFC,CD74,0.9224093
456,118,BPIFC,FOXO1,0.9221475
456,459,BPIFC,IRF8,0.9124426
456,46,BPIFC,VDR,0.9085503
456,221,BPIFC,ARPP21,0.9078995
456,66,BPIFC,CBFB,0.9013737
456,69,BPIFC,MAGED1,0.8983144
456,416,BPIFC,GATA2,0.89369905
456,76,BPIFC,ESR1,0.88950634
456,515,BPIFC,NCF1,0.8819892
456,536,BPIFC,MOGS,0.87684935
456,58,BPIFC,RARB,0.8617976
456,277,BPIFC,MEF2C,0.8603895
456,281,BPIFC,TGM2,0.8535019
456,380,BPIFC,NPDC1,0.8535019
456,252,BPIFC,HOXA9,0.84943974
456,379,BPIFC,BCL2,0.8481178
456,442,BPIFC,HLF,0.8307357
456,67,BPIFC,TEK,0.8300135
456,290,BPIFC,TMEM14C,0.82961243
456,392,BPIFC,PBX1,0.8265034
456,53,BPIFC,FCHO2,0.82645017
456,445,BPIFC,IL1R1,0.82645017
456,302,BPIFC,MEIS1,0.82635236
456,245,BPIFC,WFDC18,0.8260519
456,498,BPIFC,DENND2D,0.82061315
456,85,BPIFC,MECOM,0.8093563
486,527,BTG2,TUBB4B,0.9804482
486,422,BTG2,RUNX2,0.97961557
486,518,BTG2,IL12A,0.9794573
486,550,BTG2,SPI1,0.9756468
486,116,BTG2,TOP2A,0.9746919
486,525,BTG2,CD44,0.97241795
486,145,BTG2,HMGB2,0.9706331
486,233,BTG2,NOTCH1,0.97014475
486,190,BTG2,TIPIN,0.96839195
486,216,BTG2,MCM7,0.9671949
486,506,BTG2,PRIM1,0.9660805
486,96,BTG2,SLBP,0.9635566
486,213,BTG2,MCM4,0.9625164
486,60,BTG2,CDT1,0.9607973
486,131,BTG2,CKS1B,0.9607973
486,335,BTG2,HDAC7,0.9602129
486,320,BTG2,MYC,0.9599439
486,68,BTG2,MKI67,0.95707554
486,367,BTG2,IL7R,0.9552167
486,267,BTG2,SLC2A3,0.94998187
486,324,BTG2,REL,0.9312972
486,530,BTG2,IKZF1,0.9259667
486,334,BTG2,CD74,0.9224093
486,27,BTG2,HSD3B7,0.9224004
486,118,BTG2,FOXO1,0.9221475
486,221,BTG2,ARPP21,0.9078995
486,66,BTG2,CBFB,0.9026461
486,69,BTG2,MAGED1,0.89826274
486,416,BTG2,GATA2,0.89369905
486,515,BTG2,NCF1,0.8819892
486,459,BTG2,IRF8,0.8779983
486,536,BTG2,MOGS,0.87684935
486,58,BTG2,RARB,0.8617976
486,277,BTG2,MEF2C,0.8603895
486,257,BTG2,UHRF1,0.8561747
486,281,BTG2,TGM2,0.8535019
486,380,BTG2,NPDC1,0.8535019
486,252,BTG2,HOXA9,0.84943974
486,379,BTG2,BCL2,0.8481178
486,392,BTG2,PBX1,0.83068484
486,46,BTG2,VDR,0.8300274
486,290,BTG2,TMEM14C,0.82961243
486,442,BTG2,HLF,0.82961243
486,67,BTG2,TEK,0.8296049
486,53,BTG2,FCHO2,0.82645017
486,445,BTG2,IL1R1,0.82645017
486,302,BTG2,MEIS1,0.82635236
486,85,BTG2,MECOM,0.8093563
486,44,BTG2,NUDT19,0.80757624
486,398,BTG2,APOE,0.80635184
524,527,BTLA,TUBB4B,0.9804033
524,422,BTLA,RUNX2,0.9795156
524,518,BTLA,IL12A,0.9794573
524,116,BTLA,TOP2A,0.9744888
524,525,BTLA,CD44,0.97241795
524,145,BTLA,HMGB2,0.9719229
524,233,BTLA,NOTCH1,0.97014475
524,550,BTLA,SPI1,0.9682758
524,216,BTLA,MCM7,0.9671949
524,190,BTLA,TIPIN,0.9669248
524,506,BTLA,PRIM1,0.9660805
524,96,BTLA,SLBP,0.9635566
524,213,BTLA,MCM4,0.96253204
524,60,BTLA,CDT1,0.9607973
524,131,BTLA,CKS1B,0.9607973
524,335,BTLA,HDAC7,0.9602129
524,320,BTLA,MYC,0.9599392
524,68,BTLA,MKI67,0.95707554
524,367,BTLA,IL7R,0.9552167
524,267,BTLA,SLC2A3,0.94998187
524,324,BTLA,REL,0.9312972
524,530,BTLA,IKZF1,0.9259667
524,27,BTLA,HSD3B7,0.9224093
524,334,BTLA,CD74,0.9224093
524,118,BTLA,FOXO1,0.9221475
524,459,BTLA,IRF8,0.91241115
524,66,BTLA,CBFB,0.9026461
524,46,BTLA,VDR,0.90241784
524,69,BTLA,MAGED1,0.89826274
524,416,BTLA,GATA2,0.89369905
524,76,BTLA,ESR1,0.88950634
524,221,BTLA,ARPP21,0.88841397
524,515,BTLA,NCF1,0.8819892
524,536,BTLA,MOGS,0.87684935
524,58,BTLA,RARB,0.8617976
524,277,BTLA,MEF2C,0.8603895
524,257,BTLA,UHRF1,0.85598487
524,380,BTLA,NPDC1,0.8535019
524,252,BTLA,HOXA9,0.84943974
524,379,BTLA,BCL2,0.8481178
524,281,BTLA,TGM2,0.84568316
524,67,BTLA,TEK,0.82961243
524,290,BTLA,TMEM14C,0.82961243
524,442,BTLA,HLF,0.82961243
524,392,BTLA,PBX1,0.8265034
524,53,BTLA,FCHO2,0.82645017
524,445,BTLA,IL1R1,0.82645017
524,302,BTLA,MEIS1,0.82635236
524,498,BTLA,DENND2D,0.82061315
524,85,BTLA,MECOM,0.8093563
288,527,C030034L19RIK,TUBB4B,0.9804482
288,422,C030034L19RIK,RUNX2,0.9795156
288,518,C030034L19RIK,IL12A,0.9794573
288,550,C030034L19RIK,SPI1,0.9756468
288,116,C030034L19RIK,TOP2A,0.97443175
288,233,C030034L19RIK,NOTCH1,0.97270894
288,525,C030034L19RIK,CD44,0.97241795
288,145,C030034L19RIK,HMGB2,0.9706331
288,190,C030034L19RIK,TIPIN,0.96839195
288,216,C030034L19RIK,MCM7,0.9671949
288,506,C030034L19RIK,PRIM1,0.9660805
288,96,C030034L19RIK,SLBP,0.9635566
288,213,C030034L19RIK,MCM4,0.9625164
288,131,C030034L19RIK,CKS1B,0.9608029
288,60,C030034L19RIK,CDT1,0.9607973
288,335,C030034L19RIK,HDAC7,0.9602129
288,320,C030034L19RIK,MYC,0.9599392
288,68,C030034L19RIK,MKI67,0.95707554
288,367,C030034L19RIK,IL7R,0.9552167
288,267,C030034L19RIK,SLC2A3,0.94998187
288,324,C030034L19RIK,REL,0.9312972
288,530,C030034L19RIK,IKZF1,0.9259667
288,334,C030034L19RIK,CD74,0.9224093
288,118,C030034L19RIK,FOXO1,0.922094
288,27,C030034L19RIK,HSD3B7,0.91909325
288,459,C030034L19RIK,IRF8,0.91241115
288,221,C030034L19RIK,ARPP21,0.9078995
288,66,C030034L19RIK,CBFB,0.9026461
288,46,C030034L19RIK,VDR,0.90226114
288,69,C030034L19RIK,MAGED1,0.89826274
288,76,C030034L19RIK,ESR1,0.88950634
288,515,C030034L19RIK,NCF1,0.88162434
288,416,C030034L19RIK,GATA2,0.8811576
288,536,C030034L19RIK,MOGS,0.87684935
288,58,C030034L19RIK,RARB,0.8617976
288,277,C030034L19RIK,MEF2C,0.8603895
288,257,C030034L19RIK,UHRF1,0.85598487
288,281,C030034L19RIK,TGM2,0.8535019
288,252,C030034L19RIK,HOXA9,0.84943974
288,379,C030034L19RIK,BCL2,0.8481178
288,67,C030034L19RIK,TEK,0.82961243
288,290,C030034L19RIK,TMEM14C,0.82961243
288,442,C030034L19RIK,HLF,0.82961243
288,392,C030034L19RIK,PBX1,0.82646835
288,53,C030034L19RIK,FCHO2,0.82645017
288,445,C030034L19RIK,IL1R1,0.82645017
288,302,C030034L19RIK,MEIS1,0.8235377
288,498,C030034L19RIK,DENND2D,0.8216505
288,85,C030034L19RIK,MECOM,0.8093563
288,44,C030034L19RIK,NUDT19,0.80635184
125,422,C130089K02RIK,RUNX2,0.9795161
125,518,C130089K02RIK,IL12A,0.9794645
125,527,C130089K02RIK,TUBB4B,0.979055
125,550,C130089K02RIK,SPI1,0.97565156
125,116,C130089K02RIK,TOP2A,0.9756203
125,525,C130089K02RIK,CD44,0.97242707
125,145,C130089K02RIK,HMGB2,0.97058105
125,190,C130089K02RIK,TIPIN,0.9683376
125,216,C130089K02RIK,MCM7,0.9671367
125,506,C130089K02RIK,PRIM1,0.96602297
125,233,C130089K02RIK,NOTCH1,0.9641083
125,96,C130089K02RIK,SLBP,0.9634933
125,335,C130089K02RIK,HDAC7,0.962552
125,213,C130089K02RIK,MCM4,0.9624518
125,131,C130089K02RIK,CKS1B,0.9607301
125,320,C130089K02RIK,MYC,0.96005154
125,68,C130089K02RIK,MKI67,0.9569687
125,367,C130089K02RIK,IL7R,0.9553488
125,267,C130089K02RIK,SLC2A3,0.9501279
125,60,C130089K02RIK,CDT1,0.94426566
125,221,C130089K02RIK,ARPP21,0.943961
125,324,C130089K02RIK,REL,0.93100107
125,530,C130089K02RIK,IKZF1,0.9262044
125,334,C130089K02RIK,CD74,0.92285335
125,27,C130089K02RIK,HSD3B7,0.9226598
125,118,C130089K02RIK,FOXO1,0.9224
125,459,C130089K02RIK,IRF8,0.912654
125,46,C130089K02RIK,VDR,0.9029638
125,67,C130089K02RIK,TEK,0.8992945
125,69,C130089K02RIK,MAGED1,0.8985152
125,416,C130089K02RIK,GATA2,0.89404804
125,66,C130089K02RIK,CBFB,0.8842017
125,515,C130089K02RIK,NCF1,0.8823811
125,536,C130089K02RIK,MOGS,0.87725806
125,257,C130089K02RIK,UHRF1,0.8732809
125,277,C130089K02RIK,MEF2C,0.8717392
125,58,C130089K02RIK,RARB,0.86218125
125,281,C130089K02RIK,TGM2,0.8542089
125,380,C130089K02RIK,NPDC1,0.8539842
125,252,C130089K02RIK,HOXA9,0.84992975
125,379,C130089K02RIK,BCL2,0.8486279
125,53,C130089K02RIK,FCHO2,0.8419341
125,442,C130089K02RIK,HLF,0.830426
125,290,C130089K02RIK,TMEM14C,0.830171
125,392,C130089K02RIK,PBX1,0.82706666
125,445,C130089K02RIK,IL1R1,0.82701373
125,302,C130089K02RIK,MEIS1,0.82692105
125,498,C130089K02RIK,DENND2D,0.8212581
125,85,C130089K02RIK,MECOM,0.80995256
125,44,C130089K02RIK,NUDT19,0.80694926
215,527,C1RL,TUBB4B,0.9804482
215,422,C1RL,RUNX2,0.9795156
215,518,C1RL,IL12A,0.9794573
215,550,C1RL,SPI1,0.9775419
215,116,C1RL,TOP2A,0.9744888
215,525,C1RL,CD44,0.97241795
215,145,C1RL,HMGB2,0.9706331
215,233,C1RL,NOTCH1,0.97014475
215,190,C1RL,TIPIN,0.96839195
215,216,C1RL,MCM7,0.9671949
215,506,C1RL,PRIM1,0.9660805
215,60,C1RL,CDT1,0.96552783
215,96,C1RL,SLBP,0.9635558
215,213,C1RL,MCM4,0.9625164
215,131,C1RL,CKS1B,0.9607973
215,320,C1RL,MYC,0.959451
215,68,C1RL,MKI67,0.95707554
215,367,C1RL,IL7R,0.9552167
215,267,C1RL,SLC2A3,0.94998187
215,27,C1RL,HSD3B7,0.9446072
215,324,C1RL,REL,0.9313936
215,530,C1RL,IKZF1,0.9259667
215,334,C1RL,CD74,0.9224093
215,118,C1RL,FOXO1,0.9221475
215,53,C1RL,FCHO2,0.9132743
215,459,C1RL,IRF8,0.91241115
215,221,C1RL,ARPP21,0.9075741
215,46,C1RL,VDR,0.9026461
215,66,C1RL,CBFB,0.9026461
215,69,C1RL,MAGED1,0.89826274
215,416,C1RL,GATA2,0.89369905
215,76,C1RL,ESR1,0.88950634
215,335,C1RL,HDAC7,0.88650966
215,515,C1RL,NCF1,0.8819892
215,252,C1RL,HOXA9,0.8805257
215,536,C1RL,MOGS,0.87684935
215,58,C1RL,RARB,0.8617976
215,277,C1RL,MEF2C,0.8603895
215,257,C1RL,UHRF1,0.8558997
215,281,C1RL,TGM2,0.8535019
215,379,C1RL,BCL2,0.8481178
215,67,C1RL,TEK,0.82961243
215,290,C1RL,TMEM14C,0.82961243
215,442,C1RL,HLF,0.82961243
215,392,C1RL,PBX1,0.8265034
215,445,C1RL,IL1R1,0.82645017
215,302,C1RL,MEIS1,0.82635236
215,498,C1RL,DENND2D,0.82061315
215,44,C1RL,NUDT19,0.8153746
215,85,C1RL,MECOM,0.8093563
34,527,C230085N15RIK,TUBB4B,0.9804482
34,422,C230085N15RIK,RUNX2,0.9795156
34,518,C230085N15RIK,IL12A,0.9787779
34,550,C230085N15RIK,SPI1,0.9756468
34,116,C230085N15RIK,TOP2A,0.9744888
34,525,C230085N15RIK,CD44,0.97241795
34,145,C230085N15RIK,HMGB2,0.97052413
34,233,C230085N15RIK,NOTCH1,0.97014475
34,190,C230085N15RIK,TIPIN,0.96839195
34,216,C230085N15RIK,MCM7,0.9671949
34,506,C230085N15RIK,PRIM1,0.9660805
34,96,C230085N15RIK,SLBP,0.9635566
34,213,C230085N15RIK,MCM4,0.9625164
34,335,C230085N15RIK,HDAC7,0.9621638
34,60,C230085N15RIK,CDT1,0.9607973
34,131,C230085N15RIK,CKS1B,0.9607973
34,320,C230085N15RIK,MYC,0.9599392
34,68,C230085N15RIK,MKI67,0.95707554
34,367,C230085N15RIK,IL7R,0.9552167
34,267,C230085N15RIK,SLC2A3,0.94998187
34,324,C230085N15RIK,REL,0.93131983
34,530,C230085N15RIK,IKZF1,0.9259667
34,27,C230085N15RIK,HSD3B7,0.9224093
34,334,C230085N15RIK,CD74,0.9224093
34,118,C230085N15RIK,FOXO1,0.9221475
34,459,C230085N15RIK,IRF8,0.91241115
34,221,C230085N15RIK,ARPP21,0.9078995
34,46,C230085N15RIK,VDR,0.9026461
34,66,C230085N15RIK,CBFB,0.9026461
34,69,C230085N15RIK,MAGED1,0.89826274
34,416,C230085N15RIK,GATA2,0.89369905
34,76,C230085N15RIK,ESR1,0.88950634
34,515,C230085N15RIK,NCF1,0.8819892
34,536,C230085N15RIK,MOGS,0.87684935
34,58,C230085N15RIK,RARB,0.8617976
34,277,C230085N15RIK,MEF2C,0.85981935
34,257,C230085N15RIK,UHRF1,0.85603493
34,281,C230085N15RIK,TGM2,0.8535019
34,380,C230085N15RIK,NPDC1,0.85313666
34,252,C230085N15RIK,HOXA9,0.84943974
34,379,C230085N15RIK,BCL2,0.8481178
34,67,C230085N15RIK,TEK,0.82961243
34,290,C230085N15RIK,TMEM14C,0.82961243
34,442,C230085N15RIK,HLF,0.82961243
34,53,C230085N15RIK,FCHO2,0.82645017
34,445,C230085N15RIK,IL1R1,0.82645017
34,302,C230085N15RIK,MEIS1,0.82635236
34,498,C230085N15RIK,DENND2D,0.82061315
34,85,C230085N15RIK,MECOM,0.8093563
34,44,C230085N15RIK,NUDT19,0.80635184
169,527,CADPS2,TUBB4B,0.9804482
169,422,CADPS2,RUNX2,0.9795156
169,550,CADPS2,SPI1,0.9757534
169,116,CADPS2,TOP2A,0.9744888
169,525,CADPS2,CD44,0.97241795
169,233,CADPS2,NOTCH1,0.97014475
169,145,CADPS2,HMGB2,0.9701034
169,190,CADPS2,TIPIN,0.96839046
169,216,CADPS2,MCM7,0.9671949
169,506,CADPS2,PRIM1,0.9660805
169,96,CADPS2,SLBP,0.9635566
169,213,CADPS2,MCM4,0.9625164
169,68,CADPS2,MKI67,0.96216327
169,60,CADPS2,CDT1,0.9607973
169,131,CADPS2,CKS1B,0.9607973
169,518,CADPS2,IL12A,0.96062654
169,335,CADPS2,HDAC7,0.9602129
169,320,CADPS2,MYC,0.9599392
169,367,CADPS2,IL7R,0.9552167
169,267,CADPS2,SLC2A3,0.94998187
169,324,CADPS2,REL,0.9312972
169,46,CADPS2,VDR,0.9280313
169,334,CADPS2,CD74,0.9224093
169,118,CADPS2,FOXO1,0.9221475
169,530,CADPS2,IKZF1,0.9208255
169,27,CADPS2,HSD3B7,0.92066664
169,459,CADPS2,IRF8,0.91241115
169,221,CADPS2,ARPP21,0.9078995
169,69,CADPS2,MAGED1,0.89826804
169,416,CADPS2,GATA2,0.89369905
169,76,CADPS2,ESR1,0.88950634
169,515,CADPS2,NCF1,0.8819892
169,536,CADPS2,MOGS,0.87684935
169,66,CADPS2,CBFB,0.86288595
169,58,CADPS2,RARB,0.8617976
169,277,CADPS2,MEF2C,0.8603895
169,257,CADPS2,UHRF1,0.8559402
169,281,CADPS2,TGM2,0.8535019
169,380,CADPS2,NPDC1,0.8535019
169,252,CADPS2,HOXA9,0.84943974
169,379,CADPS2,BCL2,0.8481178
169,67,CADPS2,TEK,0.82961243
169,290,CADPS2,TMEM14C,0.82961243
169,442,CADPS2,HLF,0.82961243
169,53,CADPS2,FCHO2,0.82685345
169,445,CADPS2,IL1R1,0.82645017
169,302,CADPS2,MEIS1,0.82635236
169,392,CADPS2,PBX1,0.8262921
169,498,CADPS2,DENND2D,0.82061315
169,85,CADPS2,MECOM,0.8093563
386,527,CAMK1D,TUBB4B,0.9804482
386,422,CAMK1D,RUNX2,0.9795156
386,518,CAMK1D,IL12A,0.9794573
386,550,CAMK1D,SPI1,0.9756468
386,116,CAMK1D,TOP2A,0.97469646
386,525,CAMK1D,CD44,0.97241795
386,145,CAMK1D,HMGB2,0.9706331
386,233,CAMK1D,NOTCH1,0.97014475
386,190,CAMK1D,TIPIN,0.9672268
386,216,CAMK1D,MCM7,0.9671949
386,506,CAMK1D,PRIM1,0.9660805
386,96,CAMK1D,SLBP,0.9635566
386,213,CAMK1D,MCM4,0.9625164
386,60,CAMK1D,CDT1,0.9607973
386,131,CAMK1D,CKS1B,0.9607973
386,335,CAMK1D,HDAC7,0.9600208
386,68,CAMK1D,MKI67,0.95707554
386,367,CAMK1D,IL7R,0.9552167
386,267,CAMK1D,SLC2A3,0.95003825
386,324,CAMK1D,REL,0.9312972
386,530,CAMK1D,IKZF1,0.9259667
386,27,CAMK1D,HSD3B7,0.9224093
386,334,CAMK1D,CD74,0.9224093
386,118,CAMK1D,FOXO1,0.92204404
386,459,CAMK1D,IRF8,0.91241115
386,221,CAMK1D,ARPP21,0.9078995
386,46,CAMK1D,VDR,0.9026461
386,320,CAMK1D,MYC,0.9007363
386,69,CAMK1D,MAGED1,0.89826274
386,416,CAMK1D,GATA2,0.89369905
386,76,CAMK1D,ESR1,0.88950634
386,66,CAMK1D,CBFB,0.8838176
386,536,CAMK1D,MOGS,0.87684935
386,58,CAMK1D,RARB,0.8617976
386,277,CAMK1D,MEF2C,0.8603895
386,257,CAMK1D,UHRF1,0.85598487
386,281,CAMK1D,TGM2,0.8535019
386,380,CAMK1D,NPDC1,0.8535019
386,252,CAMK1D,HOXA9,0.84943974
386,379,CAMK1D,BCL2,0.8481178
386,515,CAMK1D,NCF1,0.8387789
386,284,CAMK1D,MAML3,0.8369308
386,290,CAMK1D,TMEM14C,0.82961243
386,442,CAMK1D,HLF,0.82961243
386,445,CAMK1D,IL1R1,0.829071
386,392,CAMK1D,PBX1,0.8265034
386,53,CAMK1D,FCHO2,0.82645017
386,302,CAMK1D,MEIS1,0.82635236
386,498,CAMK1D,DENND2D,0.8207336
386,85,CAMK1D,MECOM,0.8093563
266,527,CAPG,TUBB4B,0.9804482
266,422,CAPG,RUNX2,0.9794628
266,518,CAPG,IL12A,0.9794573
266,550,CAPG,SPI1,0.9756468
266,116,CAPG,TOP2A,0.9744888
266,96,CAPG,SLBP,0.97300285
266,525,CAPG,CD44,0.97241795
266,145,CAPG,HMGB2,0.9706331
266,216,CAPG,MCM7,0.97028804
266,233,CAPG,NOTCH1,0.97016114
266,190,CAPG,TIPIN,0.9683869
266,506,CAPG,PRIM1,0.9660342
266,213,CAPG,MCM4,0.9625164
266,60,CAPG,CDT1,0.9607973
266,131,CAPG,CKS1B,0.9607973
266,335,CAPG,HDAC7,0.9602129
266,320,CAPG,MYC,0.9599392
266,68,CAPG,MKI67,0.95729494
266,367,CAPG,IL7R,0.9559166
266,267,CAPG,SLC2A3,0.94998187
266,27,CAPG,HSD3B7,0.9446072
266,118,CAPG,FOXO1,0.93897337
266,324,CAPG,REL,0.9319934
266,334,CAPG,CD74,0.9224093
266,530,CAPG,IKZF1,0.91314614
266,459,CAPG,IRF8,0.91241115
266,221,CAPG,ARPP21,0.9078995
266,46,CAPG,VDR,0.9026461
266,66,CAPG,CBFB,0.9026461
266,416,CAPG,GATA2,0.8938121
266,76,CAPG,ESR1,0.8897108
266,69,CAPG,MAGED1,0.8863937
266,515,CAPG,NCF1,0.8819892
266,536,CAPG,MOGS,0.87684935
266,58,CAPG,RARB,0.8617976
266,277,CAPG,MEF2C,0.8603895
266,392,CAPG,PBX1,0.85900974
266,257,CAPG,UHRF1,0.85598487
266,281,CAPG,TGM2,0.8535019
266,380,CAPG,NPDC1,0.8535019
266,252,CAPG,HOXA9,0.84943974
266,379,CAPG,BCL2,0.8481178
266,67,CAPG,TEK,0.82961243
266,290,CAPG,TMEM14C,0.82961243
266,442,CAPG,HLF,0.82961243
266,53,CAPG,FCHO2,0.82708687
266,445,CAPG,IL1R1,0.82645017
266,302,CAPG,MEIS1,0.82635236
266,498,CAPG,DENND2D,0.82061315
266,398,CAPG,APOE,0.81758493
171,527,CASP12,TUBB4B,0.98044705
171,422,CASP12,RUNX2,0.9795155
171,550,CASP12,SPI1,0.9757534
171,116,CASP12,TOP2A,0.9744824
171,525,CASP12,CD44,0.97241795
171,233,CASP12,NOTCH1,0.97014457
171,145,CASP12,HMGB2,0.97009426
171,190,CASP12,TIPIN,0.9683812
171,216,CASP12,MCM7,0.96718496
171,506,CASP12,PRIM1,0.96607035
171,96,CASP12,SLBP,0.9635455
171,213,CASP12,MCM4,0.96250504
171,68,CASP12,MKI67,0.9621517
171,60,CASP12,CDT1,0.9607853
171,131,CASP12,CKS1B,0.9607853
171,518,CASP12,IL12A,0.9606295
171,335,CASP12,HDAC7,0.96021223
171,320,CASP12,MYC,0.9599384
171,367,CASP12,IL7R,0.95521593
171,267,CASP12,SLC2A3,0.94998115
171,324,CASP12,REL,0.9312795
171,46,CASP12,VDR,0.9280302
171,334,CASP12,CD74,0.9224084
171,118,CASP12,FOXO1,0.9221462
171,530,CASP12,IKZF1,0.9208238
171,27,CASP12,HSD3B7,0.9206658
171,459,CASP12,IRF8,0.91240466
171,221,CASP12,ARPP21,0.9078986
171,69,CASP12,MAGED1,0.8982671
171,416,CASP12,GATA2,0.8936979
171,76,CASP12,ESR1,0.88950515
171,515,CASP12,NCF1,0.88198787
171,536,CASP12,MOGS,0.87684804
171,66,CASP12,CBFB,0.8628826
171,58,CASP12,RARB,0.86178815
171,277,CASP12,MEF2C,0.8603876
171,257,CASP12,UHRF1,0.8559389
171,281,CASP12,TGM2,0.85349995
171,380,CASP12,NPDC1,0.85349995
171,252,CASP12,HOXA9,0.849437
171,379,CASP12,BCL2,0.8481163
171,67,CASP12,TEK,0.82961106
171,290,CASP12,TMEM14C,0.82961106
171,442,CASP12,HLF,0.82961106
171,53,CASP12,FCHO2,0.8268523
171,445,CASP12,IL1R1,0.8264489
171,302,CASP12,MEIS1,0.82635033
171,392,CASP12,PBX1,0.8262908
171,498,CASP12,DENND2D,0.8206109
171,85,CASP12,MECOM,0.8093537
382,367,CAV2,IL7R,0.97751975
382,233,CAV2,NOTCH1,0.9766551
382,335,CAV2,HDAC7,0.97536546
382,118,CAV2,FOXO1,0.97419184
382,530,CAV2,IKZF1,0.97419137
382,267,CAV2,SLC2A3,0.97356886
382,27,CAV2,HSD3B7,0.97343206
382,334,CAV2,CD74,0.97343206
382,221,CAV2,ARPP21,0.97106475
382,416,CAV2,GATA2,0.96803826
382,46,CAV2,VDR,0.9680063
382,76,CAV2,ESR1,0.96737504
382,69,CAV2,MAGED1,0.9672295
382,320,CAV2,MYC,0.967228
382,422,CAV2,RUNX2,0.96621656
382,518,CAV2,IL12A,0.96571165
382,536,CAV2,MOGS,0.96296626
382,66,CAV2,CBFB,0.962765
382,550,CAV2,SPI1,0.96241
382,527,CAV2,TUBB4B,0.96153706
382,277,CAV2,MEF2C,0.95748395
382,257,CAV2,UHRF1,0.9558114
382,379,CAV2,BCL2,0.95507437
382,281,CAV2,TGM2,0.95372504
382,380,CAV2,NPDC1,0.95372504
382,525,CAV2,CD44,0.9523569
382,284,CAV2,MAML3,0.95003706
382,445,CAV2,IL1R1,0.94946074
382,515,CAV2,NCF1,0.94926167
382,252,CAV2,HOXA9,0.94847375
382,290,CAV2,TMEM14C,0.94811994
382,442,CAV2,HLF,0.94811994
382,392,CAV2,PBX1,0.94723094
382,53,CAV2,FCHO2,0.9472117
382,302,CAV2,MEIS1,0.94549155
382,498,CAV2,DENND2D,0.94444835
382,85,CAV2,MECOM,0.94210833
382,398,CAV2,APOE,0.938744
382,541,CAV2,PGR,0.938744
382,237,CAV2,ELF1,0.93721557
382,116,CAV2,TOP2A,0.9364468
382,44,CAV2,NUDT19,0.9223406
382,42,CAV2,DACH1,0.9178848
382,190,CAV2,TIPIN,0.89210767
382,459,CAV2,IRF8,0.8852421
382,145,CAV2,HMGB2,0.8819929
382,155,CAV2,MYCN,0.8781424
382,67,CAV2,TEK,0.8691725
382,506,CAV2,PRIM1,0.8608048
382,468,CAV2,VEGFC,0.8579679
66,422,CBFB,RUNX2,0.9779548
66,527,CBFB,TUBB4B,0.976441
66,116,CBFB,TOP2A,0.97558457
66,518,CBFB,IL12A,0.9748892
66,550,CBFB,SPI1,0.97386813
66,233,CBFB,NOTCH1,0.9734909
66,190,CBFB,TIPIN,0.96914536
66,506,CBFB,PRIM1,0.96787953
66,145,CBFB,HMGB2,0.96757877
66,320,CBFB,MYC,0.96664953
66,525,CBFB,CD44,0.96520287
66,335,CBFB,HDAC7,0.96368945
66,216,CBFB,MCM7,0.9630617
66,367,CBFB,IL7R,0.9623954
66,267,CBFB,SLC2A3,0.9600119
66,213,CBFB,MCM4,0.954384
66,96,CBFB,SLBP,0.95399916
66,131,CBFB,CKS1B,0.94544935
66,60,CBFB,CDT1,0.9454349
66,530,CBFB,IKZF1,0.9335757
66,68,CBFB,MKI67,0.93316597
66,118,CBFB,FOXO1,0.9309428
66,27,CBFB,HSD3B7,0.92874134
66,379,CBFB,BCL2,0.9118946
66,221,CBFB,ARPP21,0.9029336
66,69,CBFB,MAGED1,0.8996126
66,46,CBFB,VDR,0.8989117
66,416,CBFB,GATA2,0.8955793
66,334,CBFB,CD74,0.8952116
66,76,CBFB,ESR1,0.8891234
66,515,CBFB,NCF1,0.8772033
66,536,CBFB,MOGS,0.87485504
66,257,CBFB,UHRF1,0.84500694
66,277,CBFB,MEF2C,0.840376
66,281,CBFB,TGM2,0.821432
66,380,CBFB,NPDC1,0.82112145
66,324,CBFB,REL,0.8204534
66,459,CBFB,IRF8,0.8170949
66,252,CBFB,HOXA9,0.8154802
66,67,CBFB,TEK,0.7924581
66,442,CBFB,HLF,0.7924581
66,302,CBFB,MEIS1,0.78778195
66,392,CBFB,PBX1,0.78682256
66,53,CBFB,FCHO2,0.7867336
66,498,CBFB,DENND2D,0.7721397
66,85,CBFB,MECOM,0.76875335
66,398,CBFB,APOE,0.7616284
66,44,CBFB,NUDT19,0.75912017
66,541,CBFB,PGR,0.7578279
66,237,CBFB,ELF1,0.73594105
312,367,CBX7,IL7R,0.9795237
312,233,CBX7,NOTCH1,0.9791286
312,320,CBX7,MYC,0.9772898
312,335,CBX7,HDAC7,0.9772863
312,267,CBX7,SLC2A3,0.97582096
312,518,CBX7,IL12A,0.9755972
312,422,CBX7,RUNX2,0.97462815
312,530,CBX7,IKZF1,0.974311
312,118,CBX7,FOXO1,0.97418433
312,550,CBX7,SPI1,0.9740655
312,27,CBX7,HSD3B7,0.9739227
312,334,CBX7,CD74,0.9739227
312,527,CBX7,TUBB4B,0.9714777
312,221,CBX7,ARPP21,0.9697842
312,46,CBX7,VDR,0.96813357
312,66,CBX7,CBFB,0.96813357
312,525,CBX7,CD44,0.96795255
312,416,CBX7,GATA2,0.9678885
312,69,CBX7,MAGED1,0.9673226
312,76,CBX7,ESR1,0.9672231
312,515,CBX7,NCF1,0.9647351
312,536,CBX7,MOGS,0.9632864
312,277,CBX7,MEF2C,0.95802927
312,257,CBX7,UHRF1,0.9567778
312,379,CBX7,BCL2,0.955986
312,281,CBX7,TGM2,0.955764
312,116,CBX7,TOP2A,0.9535276
312,252,CBX7,HOXA9,0.950728
312,67,CBX7,TEK,0.9498975
312,290,CBX7,TMEM14C,0.9498975
312,442,CBX7,HLF,0.9498975
312,53,CBX7,FCHO2,0.9480413
312,445,CBX7,IL1R1,0.9480413
312,302,CBX7,MEIS1,0.9463443
312,392,CBX7,PBX1,0.9458124
312,498,CBX7,DENND2D,0.94409883
312,85,CBX7,MECOM,0.940678
312,44,CBX7,NUDT19,0.94037706
312,398,CBX7,APOE,0.94037706
312,541,CBX7,PGR,0.94037706
312,459,CBX7,IRF8,0.9370023
312,237,CBX7,ELF1,0.9333533
312,145,CBX7,HMGB2,0.92742854
312,190,CBX7,TIPIN,0.92374563
312,42,CBX7,DACH1,0.91169405
312,506,CBX7,PRIM1,0.9039053
312,216,CBX7,MCM7,0.897076
312,380,CBX7,NPDC1,0.89282775
312,58,CBX7,RARB,0.8840606
312,284,CBX7,MAML3,0.8776468
526,367,CCDC112,IL7R,0.98054415
526,233,CCDC112,NOTCH1,0.9794837
526,422,CCDC112,RUNX2,0.9783327
526,320,CCDC112,MYC,0.97768867
526,335,CCDC112,HDAC7,0.9775137
526,118,CCDC112,FOXO1,0.97675973
526,518,CCDC112,IL12A,0.9766673
526,530,CCDC112,IKZF1,0.9765927
526,267,CCDC112,SLC2A3,0.97627866
526,550,CCDC112,SPI1,0.9761234
526,27,CCDC112,HSD3B7,0.9757672
526,334,CCDC112,CD74,0.9757672
526,527,CCDC112,TUBB4B,0.974631
526,66,CCDC112,CBFB,0.97288924
526,46,CCDC112,VDR,0.97284037
526,76,CCDC112,ESR1,0.97187865
526,416,CCDC112,GATA2,0.971178
526,69,CCDC112,MAGED1,0.9706528
526,525,CCDC112,CD44,0.9686358
526,221,CCDC112,ARPP21,0.96841294
526,515,CCDC112,NCF1,0.9679588
526,536,CCDC112,MOGS,0.9673514
526,257,CCDC112,UHRF1,0.96393436
526,277,CCDC112,MEF2C,0.96289515
526,380,CCDC112,NPDC1,0.96247625
526,252,CCDC112,HOXA9,0.96169305
526,379,CCDC112,BCL2,0.96056014
526,281,CCDC112,TGM2,0.9604233
526,116,CCDC112,TOP2A,0.9578181
526,67,CCDC112,TEK,0.956298
526,290,CCDC112,TMEM14C,0.956298
526,442,CCDC112,HLF,0.956298
526,302,CCDC112,MEIS1,0.9543872
526,392,CCDC112,PBX1,0.9537807
526,53,CCDC112,FCHO2,0.9537614
526,445,CCDC112,IL1R1,0.9537614
526,498,CCDC112,DENND2D,0.9519748
526,85,CCDC112,MECOM,0.9502717
526,44,CCDC112,NUDT19,0.94603676
526,398,CCDC112,APOE,0.94603676
526,237,CCDC112,ELF1,0.941346
526,145,CCDC112,HMGB2,0.9370939
526,459,CCDC112,IRF8,0.93579346
526,190,CCDC112,TIPIN,0.9275195
526,541,CCDC112,PGR,0.92549247
526,42,CCDC112,DACH1,0.9223192
526,506,CCDC112,PRIM1,0.91682893
526,216,CCDC112,MCM7,0.90951425
526,284,CCDC112,MAML3,0.8882289
526,58,CCDC112,RARB,0.88310677
484,527,CCL3,TUBB4B,0.9804482
484,422,CCL3,RUNX2,0.97961557
484,518,CCL3,IL12A,0.9794573
484,550,CCL3,SPI1,0.9756468
484,116,CCL3,TOP2A,0.9746919
484,525,CCL3,CD44,0.97241795
484,145,CCL3,HMGB2,0.9706331
484,233,CCL3,NOTCH1,0.97014475
484,190,CCL3,TIPIN,0.96839195
484,216,CCL3,MCM7,0.9671949
484,506,CCL3,PRIM1,0.9660805
484,96,CCL3,SLBP,0.9635566
484,213,CCL3,MCM4,0.9625164
484,60,CCL3,CDT1,0.9607973
484,131,CCL3,CKS1B,0.9607973
484,335,CCL3,HDAC7,0.9602129
484,320,CCL3,MYC,0.9599439
484,68,CCL3,MKI67,0.95707554
484,367,CCL3,IL7R,0.9552167
484,267,CCL3,SLC2A3,0.94998187
484,324,CCL3,REL,0.9312972
484,530,CCL3,IKZF1,0.9259667
484,334,CCL3,CD74,0.9224093
484,27,CCL3,HSD3B7,0.9224004
484,118,CCL3,FOXO1,0.9221475
484,221,CCL3,ARPP21,0.9078995
484,66,CCL3,CBFB,0.9026461
484,69,CCL3,MAGED1,0.89826274
484,416,CCL3,GATA2,0.89369905
484,515,CCL3,NCF1,0.8819892
484,459,CCL3,IRF8,0.8779983
484,536,CCL3,MOGS,0.87684935
484,58,CCL3,RARB,0.8617976
484,277,CCL3,MEF2C,0.8603895
484,257,CCL3,UHRF1,0.8561747
484,281,CCL3,TGM2,0.8535019
484,380,CCL3,NPDC1,0.8535019
484,252,CCL3,HOXA9,0.84943974
484,379,CCL3,BCL2,0.8481178
484,392,CCL3,PBX1,0.83068484
484,46,CCL3,VDR,0.8300274
484,290,CCL3,TMEM14C,0.82961243
484,442,CCL3,HLF,0.82961243
484,67,CCL3,TEK,0.8296049
484,53,CCL3,FCHO2,0.82645017
484,445,CCL3,IL1R1,0.82645017
484,302,CCL3,MEIS1,0.82635236
484,85,CCL3,MECOM,0.8093563
484,44,CCL3,NUDT19,0.80757624
484,398,CCL3,APOE,0.80635184
354,527,CCL9,TUBB4B,0.98043436
354,422,CCL9,RUNX2,0.9795258
354,518,CCL9,IL12A,0.97946036
354,550,CCL9,SPI1,0.9756457
354,116,CCL9,TOP2A,0.9744149
354,525,CCL9,CD44,0.9724444
354,145,CCL9,HMGB2,0.9705363
354,233,CCL9,NOTCH1,0.9693229
354,190,CCL9,TIPIN,0.9682888
354,216,CCL9,MCM7,0.9670857
354,506,CCL9,PRIM1,0.96596974
354,96,CCL9,SLBP,0.9634371
354,60,CCL9,CDT1,0.96066904
354,131,CCL9,CKS1B,0.96066904
354,320,CCL9,MYC,0.9600867
354,68,CCL9,MKI67,0.95693356
354,367,CCL9,IL7R,0.9553826
354,267,CCL9,SLC2A3,0.9501761
354,213,CCL9,MCM4,0.94941884
354,324,CCL9,REL,0.93109643
354,530,CCL9,IKZF1,0.9262833
354,334,CCL9,CD74,0.9229362
354,27,CCL9,HSD3B7,0.92274284
354,118,CCL9,FOXO1,0.9224246
354,459,CCL9,IRF8,0.9127508
354,221,CCL9,ARPP21,0.90834135
354,66,CCL9,CBFB,0.90305775
354,69,CCL9,MAGED1,0.8987078
354,76,CCL9,ESR1,0.89581007
354,416,CCL9,GATA2,0.8941664
354,335,CCL9,HDAC7,0.89314556
354,46,CCL9,VDR,0.8843084
354,515,CCL9,NCF1,0.88250446
354,58,CCL9,RARB,0.8805925
354,536,CCL9,MOGS,0.87739336
354,277,CCL9,MEF2C,0.86100304
354,281,CCL9,TGM2,0.8541498
354,380,CCL9,NPDC1,0.8541498
354,252,CCL9,HOXA9,0.8500805
354,379,CCL9,BCL2,0.8487815
354,67,CCL9,TEK,0.83036387
354,290,CCL9,TMEM14C,0.83036387
354,442,CCL9,HLF,0.83036387
354,392,CCL9,PBX1,0.82726616
354,445,CCL9,IL1R1,0.8272132
354,53,CCL9,FCHO2,0.82721317
354,302,CCL9,MEIS1,0.8270892
354,498,CCL9,DENND2D,0.8213925
354,85,CCL9,MECOM,0.8101442
354,398,CCL9,APOE,0.8071103
466,527,CCNG2,TUBB4B,0.98042744
466,422,CCNG2,RUNX2,0.9795161
466,518,CCNG2,IL12A,0.97898877
466,550,CCNG2,SPI1,0.97565156
466,116,CCNG2,TOP2A,0.9744529
466,525,CCNG2,CD44,0.9724095
466,145,CCNG2,HMGB2,0.97058105
466,506,CCNG2,PRIM1,0.9700743
466,190,CCNG2,TIPIN,0.9683376
466,216,CCNG2,MCM7,0.9671367
466,233,CCNG2,NOTCH1,0.9645911
466,96,CCNG2,SLBP,0.9634933
466,213,CCNG2,MCM4,0.9624515
466,131,CCNG2,CKS1B,0.9607301
466,335,CCNG2,HDAC7,0.96032536
466,320,CCNG2,MYC,0.9600537
466,60,CCNG2,CDT1,0.95869476
466,68,CCNG2,MKI67,0.9569687
466,267,CCNG2,SLC2A3,0.9501279
466,367,CCNG2,IL7R,0.9472291
466,324,CCNG2,REL,0.93122923
466,530,CCNG2,IKZF1,0.9262044
466,118,CCNG2,FOXO1,0.92287594
466,27,CCNG2,HSD3B7,0.9226598
466,334,CCNG2,CD74,0.9226598
466,459,CCNG2,IRF8,0.912654
466,221,CCNG2,ARPP21,0.90818834
466,46,CCNG2,VDR,0.9029638
466,66,CCNG2,CBFB,0.90262705
466,69,CCNG2,MAGED1,0.8986051
466,76,CCNG2,ESR1,0.8960167
466,416,CCNG2,GATA2,0.89447486
466,515,CCNG2,NCF1,0.88239604
466,536,CCNG2,MOGS,0.87725806
466,257,CCNG2,UHRF1,0.8732809
466,58,CCNG2,RARB,0.86218125
466,277,CCNG2,MEF2C,0.86028755
466,281,CCNG2,TGM2,0.8539842
466,380,CCNG2,NPDC1,0.8539842
466,252,CCNG2,HOXA9,0.84992975
466,379,CCNG2,BCL2,0.8486279
466,498,CCNG2,DENND2D,0.8415595
466,67,CCNG2,TEK,0.83056223
466,290,CCNG2,TMEM14C,0.8302997
466,442,CCNG2,HLF,0.830171
466,392,CCNG2,PBX1,0.82706666
466,445,CCNG2,IL1R1,0.82701373
466,53,CCNG2,FCHO2,0.8270137
466,302,CCNG2,MEIS1,0.82692105
466,85,CCNG2,MECOM,0.8110369
401,367,CCR7,IL7R,0.98054415
401,233,CCR7,NOTCH1,0.9794837
401,422,CCR7,RUNX2,0.9783327
401,320,CCR7,MYC,0.97768867
401,335,CCR7,HDAC7,0.9775137
401,118,CCR7,FOXO1,0.97675973
401,518,CCR7,IL12A,0.9766673
401,530,CCR7,IKZF1,0.9765927
401,267,CCR7,SLC2A3,0.97627866
401,27,CCR7,HSD3B7,0.97580373
401,334,CCR7,CD74,0.9757672
401,550,CCR7,SPI1,0.9753772
401,527,CCR7,TUBB4B,0.97468513
401,46,CCR7,VDR,0.97288924
401,66,CCR7,CBFB,0.97288924
401,76,CCR7,ESR1,0.97187865
401,221,CCR7,ARPP21,0.9718774
401,525,CCR7,CD44,0.9717757
401,416,CCR7,GATA2,0.971178
401,69,CCR7,MAGED1,0.97065556
401,515,CCR7,NCF1,0.9679588
401,536,CCR7,MOGS,0.9673514
401,257,CCR7,UHRF1,0.96393436
401,277,CCR7,MEF2C,0.96283793
401,281,CCR7,TGM2,0.96247625
401,380,CCR7,NPDC1,0.96247625
401,252,CCR7,HOXA9,0.96169305
401,379,CCR7,BCL2,0.96056014
401,116,CCR7,TOP2A,0.95753914
401,302,CCR7,MEIS1,0.95743203
401,67,CCR7,TEK,0.956298
401,290,CCR7,TMEM14C,0.956298
401,442,CCR7,HLF,0.956298
401,392,CCR7,PBX1,0.9539276
401,53,CCR7,FCHO2,0.9537614
401,445,CCR7,IL1R1,0.9537614
401,498,CCR7,DENND2D,0.9519748
401,85,CCR7,MECOM,0.9502717
401,44,CCR7,NUDT19,0.94603676
401,398,CCR7,APOE,0.94603676
401,541,CCR7,PGR,0.94603676
401,237,CCR7,ELF1,0.941346
401,459,CCR7,IRF8,0.9358161
401,42,CCR7,DACH1,0.9351548
401,190,CCR7,TIPIN,0.93213093
401,145,CCR7,HMGB2,0.9300946
401,506,CCR7,PRIM1,0.9171405
401,216,CCR7,MCM7,0.90951425
401,58,CCR7,RARB,0.88310677
401,155,CCR7,MYCN,0.882003
451,367,CCT2,IL7R,0.978962
451,233,CCT2,NOTCH1,0.97832286
451,335,CCT2,HDAC7,0.9770299
451,320,CCT2,MYC,0.9767884
451,267,CCT2,SLC2A3,0.9752476
451,422,CCT2,RUNX2,0.9738662
451,530,CCT2,IKZF1,0.9734658
451,118,CCT2,FOXO1,0.97336686
451,27,CCT2,HSD3B7,0.97304
451,334,CCT2,CD74,0.97304
451,518,CCT2,IL12A,0.97298175
451,550,CCT2,SPI1,0.97261333
451,527,CCT2,TUBB4B,0.97038674
451,221,CCT2,ARPP21,0.9685758
451,66,CCT2,CBFB,0.9673516
451,416,CCT2,GATA2,0.9666381
451,69,CCT2,MAGED1,0.9660212
451,525,CCT2,CD44,0.9659878
451,515,CCT2,NCF1,0.9658762
451,76,CCT2,ESR1,0.9657187
451,46,CCT2,VDR,0.9638865
451,536,CCT2,MOGS,0.961802
451,277,CCT2,MEF2C,0.95605814
451,257,CCT2,UHRF1,0.95437
451,379,CCT2,BCL2,0.9537953
451,281,CCT2,TGM2,0.95323426
451,380,CCT2,NPDC1,0.95323426
451,116,CCT2,TOP2A,0.95217645
451,392,CCT2,PBX1,0.9508717
451,252,CCT2,HOXA9,0.9483739
451,442,CCT2,HLF,0.9471184
451,290,CCT2,TMEM14C,0.94711554
451,67,CCT2,TEK,0.9470699
451,53,CCT2,FCHO2,0.94503003
451,302,CCT2,MEIS1,0.9426868
451,498,CCT2,DENND2D,0.9401344
451,44,CCT2,NUDT19,0.93741876
451,541,CCT2,PGR,0.9373499
451,85,CCT2,MECOM,0.9362127
451,445,CCT2,IL1R1,0.93488395
451,459,CCT2,IRF8,0.93099177
451,237,CCT2,ELF1,0.9288751
451,190,CCT2,TIPIN,0.9218046
451,145,CCT2,HMGB2,0.917503
451,398,CCT2,APOE,0.91476446
451,42,CCT2,DACH1,0.9048618
451,506,CCT2,PRIM1,0.90102386
451,216,CCT2,MCM7,0.89271563
451,58,CCT2,RARB,0.86968946
451,284,CCT2,MAML3,0.86706924
149,527,CD244A,TUBB4B,0.9804678
149,422,CD244A,RUNX2,0.9795156
149,518,CD244A,IL12A,0.9794573
149,550,CD244A,SPI1,0.9756468
149,116,CD244A,TOP2A,0.97451246
149,525,CD244A,CD44,0.97241795
149,145,CD244A,HMGB2,0.9706331
149,233,CD244A,NOTCH1,0.97014475
149,190,CD244A,TIPIN,0.96839195
149,216,CD244A,MCM7,0.9671949
149,506,CD244A,PRIM1,0.9660805
149,96,CD244A,SLBP,0.9635566
149,213,CD244A,MCM4,0.9625164
149,60,CD244A,CDT1,0.9607973
149,131,CD244A,CKS1B,0.9607973
149,335,CD244A,HDAC7,0.9602129
149,320,CD244A,MYC,0.9600609
149,68,CD244A,MKI67,0.95707554
149,367,CD244A,IL7R,0.9552167
149,267,CD244A,SLC2A3,0.94388354
149,324,CD244A,REL,0.9312972
149,530,CD244A,IKZF1,0.9259667
149,27,CD244A,HSD3B7,0.9224093
149,334,CD244A,CD74,0.9223726
149,118,CD244A,FOXO1,0.9221475
149,221,CD244A,ARPP21,0.90799195
149,46,CD244A,VDR,0.9026461
149,66,CD244A,CBFB,0.9026461
149,69,CD244A,MAGED1,0.89826274
149,416,CD244A,GATA2,0.89369905
149,459,CD244A,IRF8,0.89035726
149,76,CD244A,ESR1,0.8894898
149,515,CD244A,NCF1,0.8819892
149,536,CD244A,MOGS,0.87684935
149,277,CD244A,MEF2C,0.86934394
149,302,CD244A,MEIS1,0.8685238
149,58,CD244A,RARB,0.8617976
149,257,CD244A,UHRF1,0.85598916
149,380,CD244A,NPDC1,0.8535019
149,281,CD244A,TGM2,0.85331684
149,252,CD244A,HOXA9,0.84943974
149,379,CD244A,BCL2,0.8481178
149,67,CD244A,TEK,0.82961243
149,290,CD244A,TMEM14C,0.82961243
149,442,CD244A,HLF,0.82961243
149,392,CD244A,PBX1,0.82645714
149,445,CD244A,IL1R1,0.82645017
149,53,CD244A,FCHO2,0.8258423
149,498,CD244A,DENND2D,0.82061315
149,398,CD244A,APOE,0.81567657
55,527,CD33,TUBB4B,0.98043114
55,422,CD33,RUNX2,0.97950417
55,518,CD33,IL12A,0.9794573
55,550,CD33,SPI1,0.9756468
55,116,CD33,TOP2A,0.9744888
55,525,CD33,CD44,0.97241795
55,145,CD33,HMGB2,0.9706331
55,233,CD33,NOTCH1,0.96926033
55,190,CD33,TIPIN,0.96839195
55,216,CD33,MCM7,0.9671737
55,506,CD33,PRIM1,0.9660947
55,320,CD33,MYC,0.9639483
55,96,CD33,SLBP,0.9635566
55,213,CD33,MCM4,0.9625164
55,131,CD33,CKS1B,0.9607973
55,60,CD33,CDT1,0.960795
55,335,CD33,HDAC7,0.9602129
55,68,CD33,MKI67,0.95707554
55,367,CD33,IL7R,0.95407337
55,267,CD33,SLC2A3,0.94998187
55,324,CD33,REL,0.9312972
55,530,CD33,IKZF1,0.9259667
55,27,CD33,HSD3B7,0.9224093
55,334,CD33,CD74,0.9224093
55,118,CD33,FOXO1,0.9221475
55,221,CD33,ARPP21,0.9140499
55,459,CD33,IRF8,0.9123969
55,46,CD33,VDR,0.9026461
55,66,CD33,CBFB,0.9026461
55,69,CD33,MAGED1,0.8983168
55,416,CD33,GATA2,0.89369905
55,76,CD33,ESR1,0.88950634
55,515,CD33,NCF1,0.88162434
55,536,CD33,MOGS,0.87684935
55,58,CD33,RARB,0.87599885
55,302,CD33,MEIS1,0.8685238
55,277,CD33,MEF2C,0.8603895
55,257,CD33,UHRF1,0.85598487
55,380,CD33,NPDC1,0.8535019
55,281,CD33,TGM2,0.85338974
55,252,CD33,HOXA9,0.84943974
55,379,CD33,BCL2,0.8481178
55,67,CD33,TEK,0.82961243
55,442,CD33,HLF,0.82961243
55,392,CD33,PBX1,0.8265034
55,53,CD33,FCHO2,0.82645017
55,445,CD33,IL1R1,0.82645017
55,498,CD33,DENND2D,0.82061315
55,85,CD33,MECOM,0.8093563
55,44,CD33,NUDT19,0.80635184
153,527,CD34,TUBB4B,0.9804482
153,422,CD34,RUNX2,0.9795156
153,518,CD34,IL12A,0.9794573
153,550,CD34,SPI1,0.9756468
153,116,CD34,TOP2A,0.97451246
153,525,CD34,CD44,0.97241795
153,145,CD34,HMGB2,0.9706331
153,233,CD34,NOTCH1,0.97014475
153,190,CD34,TIPIN,0.96839195
153,216,CD34,MCM7,0.9671949
153,506,CD34,PRIM1,0.9660805
153,96,CD34,SLBP,0.9635566
153,213,CD34,MCM4,0.9625164
153,60,CD34,CDT1,0.9607973
153,131,CD34,CKS1B,0.9607973
153,335,CD34,HDAC7,0.9602129
153,320,CD34,MYC,0.9600609
153,68,CD34,MKI67,0.95707554
153,367,CD34,IL7R,0.9552167
153,267,CD34,SLC2A3,0.94388354
153,324,CD34,REL,0.9312972
153,530,CD34,IKZF1,0.9259667
153,27,CD34,HSD3B7,0.9224093
153,334,CD34,CD74,0.9223726
153,118,CD34,FOXO1,0.9221475
153,221,CD34,ARPP21,0.90799195
153,46,CD34,VDR,0.9026461
153,66,CD34,CBFB,0.9026461
153,69,CD34,MAGED1,0.89826274
153,416,CD34,GATA2,0.89369905
153,459,CD34,IRF8,0.89035726
153,76,CD34,ESR1,0.8894898
153,515,CD34,NCF1,0.8819892
153,536,CD34,MOGS,0.87684935
153,277,CD34,MEF2C,0.86934394
153,302,CD34,MEIS1,0.8685238
153,58,CD34,RARB,0.8617976
153,257,CD34,UHRF1,0.85598916
153,380,CD34,NPDC1,0.8535019
153,281,CD34,TGM2,0.85331684
153,252,CD34,HOXA9,0.84943974
153,379,CD34,BCL2,0.8481178
153,67,CD34,TEK,0.82961243
153,290,CD34,TMEM14C,0.82961243
153,442,CD34,HLF,0.82961243
153,392,CD34,PBX1,0.82645714
153,445,CD34,IL1R1,0.82645017
153,53,CD34,FCHO2,0.8258423
153,498,CD34,DENND2D,0.82061315
153,398,CD34,APOE,0.81567657
525,422,CD44,RUNX2,0.9805151
525,527,CD44,TUBB4B,0.97922474
525,518,CD44,IL12A,0.978295
525,233,CD44,NOTCH1,0.9765003
525,116,CD44,TOP2A,0.97608954
525,335,CD44,HDAC7,0.9718954
525,550,CD44,SPI1,0.97154903
525,320,CD44,MYC,0.96994936
525,367,CD44,IL7R,0.9692513
525,190,CD44,TIPIN,0.96689636
525,145,CD44,HMGB2,0.9656709
525,506,CD44,PRIM1,0.9650477
525,267,CD44,SLC2A3,0.96447164
525,216,CD44,MCM7,0.96327144
525,96,CD44,SLBP,0.9547804
525,213,CD44,MCM4,0.95413053
525,530,CD44,IKZF1,0.9466949
525,60,CD44,CDT1,0.9454538
525,131,CD44,CKS1B,0.9454538
525,27,CD44,HSD3B7,0.94198954
525,334,CD44,CD74,0.94198954
525,118,CD44,FOXO1,0.9404418
525,68,CD44,MKI67,0.9344421
525,66,CD44,CBFB,0.9220734
525,46,CD44,VDR,0.92187226
525,69,CD44,MAGED1,0.9181787
525,416,CD44,GATA2,0.9119442
525,459,CD44,IRF8,0.9079601
525,76,CD44,ESR1,0.90769446
525,221,CD44,ARPP21,0.9049751
525,515,CD44,NCF1,0.8995783
525,536,CD44,MOGS,0.8972966
525,277,CD44,MEF2C,0.87517023
525,257,CD44,UHRF1,0.87358266
525,380,CD44,NPDC1,0.8647338
525,379,CD44,BCL2,0.8603333
525,252,CD44,HOXA9,0.85830736
525,324,CD44,REL,0.8541203
525,281,CD44,TGM2,0.85380363
525,67,CD44,TEK,0.8338647
525,290,CD44,TMEM14C,0.8338647
525,442,CD44,HLF,0.8338647
525,302,CD44,MEIS1,0.8328443
525,392,CD44,PBX1,0.8280768
525,53,CD44,FCHO2,0.82800686
525,445,CD44,IL1R1,0.82800686
525,498,CD44,DENND2D,0.8221354
525,85,CD44,MECOM,0.8109214
525,44,CD44,NUDT19,0.8106001
525,398,CD44,APOE,0.8106001
241,527,CD48,TUBB4B,0.9804482
241,422,CD48,RUNX2,0.9795156
241,518,CD48,IL12A,0.9794573
241,550,CD48,SPI1,0.9756468
241,116,CD48,TOP2A,0.97448957
241,525,CD48,CD44,0.97241795
241,145,CD48,HMGB2,0.9706331
241,233,CD48,NOTCH1,0.97014475
241,190,CD48,TIPIN,0.96838546
241,216,CD48,MCM7,0.9671949
241,506,CD48,PRIM1,0.9660805
241,96,CD48,SLBP,0.9635566
241,213,CD48,MCM4,0.9625164
241,131,CD48,CKS1B,0.9607973
241,335,CD48,HDAC7,0.9602129
241,68,CD48,MKI67,0.95707554
241,60,CD48,CDT1,0.95613134
241,367,CD48,IL7R,0.9552167
241,320,CD48,MYC,0.952504
241,267,CD48,SLC2A3,0.94998187
241,324,CD48,REL,0.9312972
241,530,CD48,IKZF1,0.9259667
241,459,CD48,IRF8,0.9258813
241,27,CD48,HSD3B7,0.9224093
241,334,CD48,CD74,0.9224093
241,118,CD48,FOXO1,0.9221475
241,221,CD48,ARPP21,0.90783334
241,66,CD48,CBFB,0.9026461
241,498,CD48,DENND2D,0.8999321
241,46,CD48,VDR,0.8999114
241,69,CD48,MAGED1,0.89826274
241,416,CD48,GATA2,0.89369905
241,380,CD48,NPDC1,0.8930349
241,76,CD48,ESR1,0.88950634
241,515,CD48,NCF1,0.8817929
241,536,CD48,MOGS,0.87684935
241,58,CD48,RARB,0.8617976
241,277,CD48,MEF2C,0.8603895
241,257,CD48,UHRF1,0.85598487
241,252,CD48,HOXA9,0.84943974
241,379,CD48,BCL2,0.8481178
241,290,CD48,TMEM14C,0.82961243
241,442,CD48,HLF,0.82961243
241,392,CD48,PBX1,0.8265034
241,53,CD48,FCHO2,0.82645017
241,445,CD48,IL1R1,0.8258423
241,85,CD48,MECOM,0.8093563
241,398,CD48,APOE,0.80635184
241,541,CD48,PGR,0.80635184
241,44,CD48,NUDT19,0.80614626
250,527,CD52,TUBB4B,0.9804482
250,518,CD52,IL12A,0.9794573
250,422,CD52,RUNX2,0.9770981
250,550,CD52,SPI1,0.9756468
250,116,CD52,TOP2A,0.9752085
250,525,CD52,CD44,0.97241795
250,145,CD52,HMGB2,0.9706331
250,233,CD52,NOTCH1,0.97014475
250,190,CD52,TIPIN,0.96839195
250,216,CD52,MCM7,0.9671949
250,506,CD52,PRIM1,0.9660805
250,213,CD52,MCM4,0.96517986
250,96,CD52,SLBP,0.9635566
250,60,CD52,CDT1,0.9607973
250,335,CD52,HDAC7,0.9602129
250,320,CD52,MYC,0.9599392
250,68,CD52,MKI67,0.95707554
250,367,CD52,IL7R,0.9552167
250,267,CD52,SLC2A3,0.94998187
250,131,CD52,CKS1B,0.9414487
250,324,CD52,REL,0.9312972
250,530,CD52,IKZF1,0.9259667
250,27,CD52,HSD3B7,0.9224093
250,334,CD52,CD74,0.9223726
250,118,CD52,FOXO1,0.9221475
250,459,CD52,IRF8,0.91241115
250,69,CD52,MAGED1,0.90964353
250,221,CD52,ARPP21,0.9078995
250,46,CD52,VDR,0.9026461
250,66,CD52,CBFB,0.9026461
250,498,CD52,DENND2D,0.8999321
250,416,CD52,GATA2,0.89369905
250,58,CD52,RARB,0.8801098
250,536,CD52,MOGS,0.87684935
250,277,CD52,MEF2C,0.8603895
250,257,CD52,UHRF1,0.85598487
250,76,CD52,ESR1,0.85564035
250,281,CD52,TGM2,0.8535019
250,380,CD52,NPDC1,0.8535019
250,252,CD52,HOXA9,0.84943974
250,379,CD52,BCL2,0.8481178
250,541,CD52,PGR,0.8399021
250,67,CD52,TEK,0.82961243
250,290,CD52,TMEM14C,0.8289425
250,392,CD52,PBX1,0.8265034
250,53,CD52,FCHO2,0.82645017
250,445,CD52,IL1R1,0.82645017
250,302,CD52,MEIS1,0.82635236
250,85,CD52,MECOM,0.8093563
250,44,CD52,NUDT19,0.80635184
355,527,CD53,TUBB4B,0.9804482
355,422,CD53,RUNX2,0.9795156
355,518,CD53,IL12A,0.9794573
355,550,CD53,SPI1,0.9756251
355,116,CD53,TOP2A,0.9744888
355,525,CD53,CD44,0.97241795
355,145,CD53,HMGB2,0.9706331
355,233,CD53,NOTCH1,0.96926033
355,190,CD53,TIPIN,0.96839195
355,216,CD53,MCM7,0.9671949
355,506,CD53,PRIM1,0.9660805
355,96,CD53,SLBP,0.9635566
355,60,CD53,CDT1,0.9607973
355,131,CD53,CKS1B,0.9607973
355,320,CD53,MYC,0.9599392
355,68,CD53,MKI67,0.95707583
355,367,CD53,IL7R,0.9552167
355,267,CD53,SLC2A3,0.94998187
355,213,CD53,MCM4,0.94943076
355,324,CD53,REL,0.9312993
355,530,CD53,IKZF1,0.9259667
355,334,CD53,CD74,0.92260367
355,27,CD53,HSD3B7,0.9224093
355,118,CD53,FOXO1,0.922094
355,459,CD53,IRF8,0.91241115
355,221,CD53,ARPP21,0.9079335
355,66,CD53,CBFB,0.9026461
355,69,CD53,MAGED1,0.89826274
355,76,CD53,ESR1,0.89534956
355,416,CD53,GATA2,0.89369905
355,335,CD53,HDAC7,0.8926737
355,46,CD53,VDR,0.8838176
355,515,CD53,NCF1,0.88198334
355,58,CD53,RARB,0.8801098
355,536,CD53,MOGS,0.87684935
355,277,CD53,MEF2C,0.8603895
355,281,CD53,TGM2,0.8535019
355,380,CD53,NPDC1,0.8535019
355,252,CD53,HOXA9,0.84943974
355,379,CD53,BCL2,0.8481178
355,67,CD53,TEK,0.82961243
355,290,CD53,TMEM14C,0.82961243
355,442,CD53,HLF,0.82961243
355,392,CD53,PBX1,0.8265034
355,53,CD53,FCHO2,0.82645017
355,445,CD53,IL1R1,0.82645017
355,302,CD53,MEIS1,0.82635236
355,498,CD53,DENND2D,0.82061315
355,85,CD53,MECOM,0.8093563
355,398,CD53,APOE,0.80635184
172,527,CD55,TUBB4B,0.9804482
172,422,CD55,RUNX2,0.9795156
172,550,CD55,SPI1,0.9757534
172,116,CD55,TOP2A,0.9744888
172,525,CD55,CD44,0.97241795
172,233,CD55,NOTCH1,0.97014475
172,145,CD55,HMGB2,0.9701034
172,190,CD55,TIPIN,0.96839046
172,216,CD55,MCM7,0.9671949
172,506,CD55,PRIM1,0.9660805
172,96,CD55,SLBP,0.9635566
172,213,CD55,MCM4,0.9625164
172,68,CD55,MKI67,0.96216327
172,60,CD55,CDT1,0.9607973
172,131,CD55,CKS1B,0.9607973
172,518,CD55,IL12A,0.96062654
172,335,CD55,HDAC7,0.9602129
172,320,CD55,MYC,0.9599392
172,367,CD55,IL7R,0.9552167
172,267,CD55,SLC2A3,0.94998187
172,324,CD55,REL,0.9312972
172,46,CD55,VDR,0.9280313
172,334,CD55,CD74,0.9224093
172,118,CD55,FOXO1,0.9221475
172,530,CD55,IKZF1,0.9208255
172,27,CD55,HSD3B7,0.92066664
172,459,CD55,IRF8,0.91241115
172,221,CD55,ARPP21,0.9078995
172,69,CD55,MAGED1,0.89826804
172,416,CD55,GATA2,0.89369905
172,76,CD55,ESR1,0.88950634
172,515,CD55,NCF1,0.8819892
172,536,CD55,MOGS,0.87684935
172,66,CD55,CBFB,0.86288595
172,58,CD55,RARB,0.8617976
172,277,CD55,MEF2C,0.8603895
172,257,CD55,UHRF1,0.8559402
172,281,CD55,TGM2,0.8535019
172,380,CD55,NPDC1,0.8535019
172,252,CD55,HOXA9,0.84943974
172,379,CD55,BCL2,0.8481178
172,67,CD55,TEK,0.82961243
172,290,CD55,TMEM14C,0.82961243
172,442,CD55,HLF,0.82961243
172,53,CD55,FCHO2,0.82685345
172,445,CD55,IL1R1,0.82645017
172,302,CD55,MEIS1,0.82635236
172,392,CD55,PBX1,0.8262921
172,498,CD55,DENND2D,0.82061315
172,85,CD55,MECOM,0.8093563
509,527,CD63,TUBB4B,0.9804482
509,422,CD63,RUNX2,0.9778488
509,116,CD63,TOP2A,0.9744888
509,525,CD63,CD44,0.97241795
509,145,CD63,HMGB2,0.9706331
509,233,CD63,NOTCH1,0.97014475
509,190,CD63,TIPIN,0.96839195
509,216,CD63,MCM7,0.9671949
509,506,CD63,PRIM1,0.9660805
509,96,CD63,SLBP,0.9635566
509,213,CD63,MCM4,0.9625164
509,550,CD63,SPI1,0.9625
509,60,CD63,CDT1,0.9607973
509,131,CD63,CKS1B,0.9607973
509,518,CD63,IL12A,0.96062654
509,335,CD63,HDAC7,0.9600769
509,320,CD63,MYC,0.9599392
509,68,CD63,MKI67,0.9566911
509,367,CD63,IL7R,0.9552167
509,267,CD63,SLC2A3,0.94998187
509,324,CD63,REL,0.9312972
509,66,CD63,CBFB,0.92645776
509,530,CD63,IKZF1,0.9259667
509,27,CD63,HSD3B7,0.9224093
509,334,CD63,CD74,0.92238384
509,118,CD63,FOXO1,0.9221475
509,459,CD63,IRF8,0.91241115
509,221,CD63,ARPP21,0.9078995
509,46,CD63,VDR,0.9026461
509,69,CD63,MAGED1,0.89811033
509,416,CD63,GATA2,0.89369905
509,76,CD63,ESR1,0.88931614
509,380,CD63,NPDC1,0.8886851
509,515,CD63,NCF1,0.8819892
509,536,CD63,MOGS,0.87684935
509,58,CD63,RARB,0.8617976
509,277,CD63,MEF2C,0.8603895
509,257,CD63,UHRF1,0.85598487
509,281,CD63,TGM2,0.8535019
509,252,CD63,HOXA9,0.84943974
509,379,CD63,BCL2,0.8481178
509,290,CD63,TMEM14C,0.82974154
509,67,CD63,TEK,0.82961243
509,442,CD63,HLF,0.82949626
509,53,CD63,FCHO2,0.82645017
509,445,CD63,IL1R1,0.82645017
509,302,CD63,MEIS1,0.82635236
509,541,CD63,PGR,0.8253027
509,498,CD63,DENND2D,0.82061315
509,85,CD63,MECOM,0.8093563
423,422,CD63-PS,RUNX2,0.9795156
423,518,CD63-PS,IL12A,0.9794573
423,550,CD63-PS,SPI1,0.9756468
423,116,CD63-PS,TOP2A,0.9744888
423,525,CD63-PS,CD44,0.97241795
423,233,CD63-PS,NOTCH1,0.97014475
423,145,CD63-PS,HMGB2,0.9692421
423,190,CD63-PS,TIPIN,0.96839195
423,527,CD63-PS,TUBB4B,0.9675252
423,216,CD63-PS,MCM7,0.9672501
423,506,CD63-PS,PRIM1,0.9660805
423,96,CD63-PS,SLBP,0.9635549
423,213,CD63-PS,MCM4,0.9625194
423,60,CD63-PS,CDT1,0.9607973
423,335,CD63-PS,HDAC7,0.9602129
423,320,CD63-PS,MYC,0.9600609
423,68,CD63-PS,MKI67,0.95707554
423,367,CD63-PS,IL7R,0.9552167
423,267,CD63-PS,SLC2A3,0.94994456
423,27,CD63-PS,HSD3B7,0.94344336
423,131,CD63-PS,CKS1B,0.9414487
423,324,CD63-PS,REL,0.93137544
423,530,CD63-PS,IKZF1,0.9259667
423,334,CD63-PS,CD74,0.9224093
423,118,CD63-PS,FOXO1,0.9221475
423,459,CD63-PS,IRF8,0.91241115
423,221,CD63-PS,ARPP21,0.9078995
423,46,CD63-PS,VDR,0.9026461
423,66,CD63-PS,CBFB,0.902184
423,69,CD63-PS,MAGED1,0.89826274
423,416,CD63-PS,GATA2,0.89369905
423,76,CD63-PS,ESR1,0.88950634
423,515,CD63-PS,NCF1,0.8819892
423,536,CD63-PS,MOGS,0.87684935
423,58,CD63-PS,RARB,0.8617976
423,277,CD63-PS,MEF2C,0.8603895
423,257,CD63-PS,UHRF1,0.85598487
423,281,CD63-PS,TGM2,0.8535019
423,380,CD63-PS,NPDC1,0.8535019
423,379,CD63-PS,BCL2,0.8481178
423,67,CD63-PS,TEK,0.82961243
423,290,CD63-PS,TMEM14C,0.82961243
423,442,CD63-PS,HLF,0.82961243
423,392,CD63-PS,PBX1,0.8265034
423,53,CD63-PS,FCHO2,0.82645017
423,445,CD63-PS,IL1R1,0.82645017
423,302,CD63-PS,MEIS1,0.82635236
423,498,CD63-PS,DENND2D,0.82061315
423,85,CD63-PS,MECOM,0.8093563
423,44,CD63-PS,NUDT19,0.80635184
128,422,CD69,RUNX2,0.9795156
128,518,CD69,IL12A,0.9794573
128,527,CD69,TUBB4B,0.9790491
128,116,CD69,TOP2A,0.97564894
128,550,CD69,SPI1,0.9756468
128,525,CD69,CD44,0.97241795
128,145,CD69,HMGB2,0.9706331
128,190,CD69,TIPIN,0.96839195
128,216,CD69,MCM7,0.9671949
128,506,CD69,PRIM1,0.9660805
128,233,CD69,NOTCH1,0.9640741
128,96,CD69,SLBP,0.9635566
128,213,CD69,MCM4,0.96251667
128,335,CD69,HDAC7,0.9624479
128,131,CD69,CKS1B,0.9607973
128,320,CD69,MYC,0.9599392
128,68,CD69,MKI67,0.95707554
128,367,CD69,IL7R,0.9552167
128,267,CD69,SLC2A3,0.94998187
128,60,CD69,CDT1,0.9443305
128,221,CD69,ARPP21,0.94379866
128,324,CD69,REL,0.93116575
128,530,CD69,IKZF1,0.9259667
128,334,CD69,CD74,0.92260367
128,27,CD69,HSD3B7,0.9224093
128,118,CD69,FOXO1,0.9221475
128,459,CD69,IRF8,0.91241115
128,46,CD69,VDR,0.9026461
128,67,CD69,TEK,0.8989722
128,69,CD69,MAGED1,0.8981725
128,416,CD69,GATA2,0.89369905
128,66,CD69,CBFB,0.8838176
128,515,CD69,NCF1,0.8819892
128,536,CD69,MOGS,0.87684935
128,257,CD69,UHRF1,0.8728619
128,277,CD69,MEF2C,0.87130165
128,58,CD69,RARB,0.8617976
128,281,CD69,TGM2,0.85372734
128,380,CD69,NPDC1,0.8535019
128,252,CD69,HOXA9,0.84943974
128,379,CD69,BCL2,0.8481178
128,53,CD69,FCHO2,0.8414141
128,442,CD69,HLF,0.8298682
128,290,CD69,TMEM14C,0.82961243
128,392,CD69,PBX1,0.8265034
128,445,CD69,IL1R1,0.82645017
128,302,CD69,MEIS1,0.82635236
128,498,CD69,DENND2D,0.8206618
128,85,CD69,MECOM,0.8093563
128,44,CD69,NUDT19,0.80635184
512,422,CD7,RUNX2,0.9778488
512,116,CD7,TOP2A,0.9744888
512,527,CD7,TUBB4B,0.97124463
512,145,CD7,HMGB2,0.9706331
512,518,CD7,IL12A,0.9702654
512,233,CD7,NOTCH1,0.97014475
512,190,CD7,TIPIN,0.96839195
512,216,CD7,MCM7,0.9671949
512,506,CD7,PRIM1,0.9660805
512,550,CD7,SPI1,0.9654577
512,96,CD7,SLBP,0.9635566
512,213,CD7,MCM4,0.9625164
512,525,CD7,CD44,0.96105754
512,60,CD7,CDT1,0.9607973
512,131,CD7,CKS1B,0.9607973
512,335,CD7,HDAC7,0.9600769
512,320,CD7,MYC,0.9599392
512,68,CD7,MKI67,0.9566911
512,367,CD7,IL7R,0.9552167
512,267,CD7,SLC2A3,0.94998187
512,324,CD7,REL,0.9312972
512,66,CD7,CBFB,0.92645776
512,27,CD7,HSD3B7,0.9224093
512,334,CD7,CD74,0.92238384
512,118,CD7,FOXO1,0.9221475
512,459,CD7,IRF8,0.91241115
512,221,CD7,ARPP21,0.9078995
512,46,CD7,VDR,0.9026461
512,530,CD7,IKZF1,0.89886206
512,69,CD7,MAGED1,0.89811033
512,416,CD7,GATA2,0.89369905
512,76,CD7,ESR1,0.88931614
512,380,CD7,NPDC1,0.8886851
512,58,CD7,RARB,0.8617976
512,277,CD7,MEF2C,0.8603895
512,257,CD7,UHRF1,0.85598487
512,281,CD7,TGM2,0.8535019
512,252,CD7,HOXA9,0.84943974
512,379,CD7,BCL2,0.8481178
512,536,CD7,MOGS,0.8350765
512,290,CD7,TMEM14C,0.82974154
512,67,CD7,TEK,0.82961243
512,442,CD7,HLF,0.82949626
512,53,CD7,FCHO2,0.82645017
512,445,CD7,IL1R1,0.82645017
512,302,CD7,MEIS1,0.82635236
512,498,CD7,DENND2D,0.82061315
512,85,CD7,MECOM,0.8093563
512,44,CD7,NUDT19,0.8071242
512,398,CD7,APOE,0.80635184
334,422,CD74,RUNX2,0.98109496
334,233,CD74,NOTCH1,0.98063135
334,518,CD74,IL12A,0.98032105
334,527,CD74,TUBB4B,0.979391
334,367,CD74,IL7R,0.97894865
334,550,CD74,SPI1,0.9783555
334,335,CD74,HDAC7,0.97756106
334,525,CD74,CD44,0.9768337
334,320,CD74,MYC,0.9762779
334,27,CD74,HSD3B7,0.9755668
334,267,CD74,SLC2A3,0.9733503
334,116,CD74,TOP2A,0.9731213
334,118,CD74,FOXO1,0.9723699
334,530,CD74,IKZF1,0.9705277
334,221,CD74,ARPP21,0.9628774
334,190,CD74,TIPIN,0.9604285
334,145,CD74,HMGB2,0.9600718
334,46,CD74,VDR,0.95802546
334,66,CD74,CBFB,0.9579619
334,69,CD74,MAGED1,0.95560074
334,416,CD74,GATA2,0.9549513
334,76,CD74,ESR1,0.9536523
334,506,CD74,PRIM1,0.952023
334,216,CD74,MCM7,0.9511362
334,536,CD74,MOGS,0.947772
334,277,CD74,MEF2C,0.9408581
334,459,CD74,IRF8,0.93631595
334,257,CD74,UHRF1,0.9357708
334,96,CD74,SLBP,0.93203306
334,213,CD74,MCM4,0.9306376
334,379,CD74,BCL2,0.9264375
334,281,CD74,TGM2,0.924053
334,380,CD74,NPDC1,0.924053
334,252,CD74,HOXA9,0.92098373
334,60,CD74,CDT1,0.9164907
334,131,CD74,CKS1B,0.9164907
334,67,CD74,TEK,0.9078246
334,290,CD74,TMEM14C,0.9078246
334,442,CD74,HLF,0.9078246
334,302,CD74,MEIS1,0.90492386
334,392,CD74,PBX1,0.90441185
334,53,CD74,FCHO2,0.90437335
334,445,CD74,IL1R1,0.9042135
334,515,CD74,NCF1,0.9009359
334,68,CD74,MKI67,0.8977964
334,498,CD74,DENND2D,0.8971378
334,85,CD74,MECOM,0.89333826
334,44,CD74,NUDT19,0.88913035
334,398,CD74,APOE,0.88913035
334,541,CD74,PGR,0.88913035
247,527,CD81,TUBB4B,0.9804482
247,422,CD81,RUNX2,0.9795156
247,518,CD81,IL12A,0.9794573
247,550,CD81,SPI1,0.9756468
247,116,CD81,TOP2A,0.9744888
247,525,CD81,CD44,0.97241795
247,233,CD81,NOTCH1,0.97014475
247,190,CD81,TIPIN,0.96839195
247,216,CD81,MCM7,0.9671949
247,131,CD81,CKS1B,0.9670085
247,506,CD81,PRIM1,0.9660805
247,145,CD81,HMGB2,0.9647909
247,96,CD81,SLBP,0.9635566
247,213,CD81,MCM4,0.9625164
247,60,CD81,CDT1,0.9608691
247,320,CD81,MYC,0.9599392
247,68,CD81,MKI67,0.9565061
247,367,CD81,IL7R,0.9552167
247,267,CD81,SLC2A3,0.94998187
247,324,CD81,REL,0.93020797
247,530,CD81,IKZF1,0.9259667
247,459,CD81,IRF8,0.9258813
247,27,CD81,HSD3B7,0.9224093
247,334,CD81,CD74,0.9224093
247,118,CD81,FOXO1,0.9221475
247,221,CD81,ARPP21,0.9078995
247,46,CD81,VDR,0.9026461
247,66,CD81,CBFB,0.9026461
247,498,CD81,DENND2D,0.8999321
247,69,CD81,MAGED1,0.89811033
247,416,CD81,GATA2,0.89369905
247,76,CD81,ESR1,0.88950634
247,515,CD81,NCF1,0.8817929
247,536,CD81,MOGS,0.87684935
247,58,CD81,RARB,0.8617976
247,277,CD81,MEF2C,0.8603895
247,257,CD81,UHRF1,0.85598487
247,335,CD81,HDAC7,0.85416645
247,281,CD81,TGM2,0.8535019
247,380,CD81,NPDC1,0.8535019
247,379,CD81,BCL2,0.8481178
247,53,CD81,FCHO2,0.832593
247,67,CD81,TEK,0.83012015
247,290,CD81,TMEM14C,0.82961243
247,442,CD81,HLF,0.8296041
247,392,CD81,PBX1,0.8265034
247,445,CD81,IL1R1,0.8264039
247,302,CD81,MEIS1,0.82620263
247,85,CD81,MECOM,0.8093563
247,44,CD81,NUDT19,0.80635184
119,527,CD9,TUBB4B,0.9804482
119,422,CD9,RUNX2,0.97951335
119,518,CD9,IL12A,0.9794573
119,550,CD9,SPI1,0.9756468
119,116,CD9,TOP2A,0.9744888
119,525,CD9,CD44,0.97241795
119,145,CD9,HMGB2,0.9706331
119,233,CD9,NOTCH1,0.97014475
119,190,CD9,TIPIN,0.96839195
119,216,CD9,MCM7,0.9671949
119,506,CD9,PRIM1,0.9660805
119,96,CD9,SLBP,0.9635766
119,213,CD9,MCM4,0.96235734
119,60,CD9,CDT1,0.9607973
119,131,CD9,CKS1B,0.9607973
119,335,CD9,HDAC7,0.96017826
119,320,CD9,MYC,0.9599392
119,68,CD9,MKI67,0.9570386
119,267,CD9,SLC2A3,0.94998187
119,27,CD9,HSD3B7,0.9404939
119,324,CD9,REL,0.9312972
119,530,CD9,IKZF1,0.9259667
119,334,CD9,CD74,0.9224093
119,118,CD9,FOXO1,0.9217096
119,459,CD9,IRF8,0.9122835
119,46,CD9,VDR,0.9026461
119,66,CD9,CBFB,0.9026461
119,367,CD9,IL7R,0.90143245
119,221,CD9,ARPP21,0.8989266
119,69,CD9,MAGED1,0.8985098
119,416,CD9,GATA2,0.89369905
119,76,CD9,ESR1,0.88950634
119,536,CD9,MOGS,0.8767982
119,58,CD9,RARB,0.8617976
119,277,CD9,MEF2C,0.8603895
119,257,CD9,UHRF1,0.8561747
119,515,CD9,NCF1,0.8542006
119,281,CD9,TGM2,0.8535019
119,380,CD9,NPDC1,0.8535019
119,252,CD9,HOXA9,0.84943974
119,379,CD9,BCL2,0.8481178
119,290,CD9,TMEM14C,0.82961243
119,442,CD9,HLF,0.82961243
119,67,CD9,TEK,0.8295973
119,392,CD9,PBX1,0.8265034
119,445,CD9,IL1R1,0.82645017
119,302,CD9,MEIS1,0.82635236
119,53,CD9,FCHO2,0.82216334
119,498,CD9,DENND2D,0.82061315
119,85,CD9,MECOM,0.8093563
182,527,CD93,TUBB4B,0.98044616
182,422,CD93,RUNX2,0.9795156
182,518,CD93,IL12A,0.9794573
182,116,CD93,TOP2A,0.9758657
182,550,CD93,SPI1,0.9756468
182,525,CD93,CD44,0.97241795
182,145,CD93,HMGB2,0.9706331
182,233,CD93,NOTCH1,0.97014475
182,190,CD93,TIPIN,0.96839195
182,216,CD93,MCM7,0.9671949
182,506,CD93,PRIM1,0.9660805
182,213,CD93,MCM4,0.9625164
182,60,CD93,CDT1,0.96081054
182,131,CD93,CKS1B,0.9607973
182,96,CD93,SLBP,0.96075046
182,335,CD93,HDAC7,0.9602129
182,320,CD93,MYC,0.9599392
182,68,CD93,MKI67,0.95707554
182,367,CD93,IL7R,0.95178723
182,267,CD93,SLC2A3,0.94998187
182,324,CD93,REL,0.9312972
182,530,CD93,IKZF1,0.9259667
182,27,CD93,HSD3B7,0.9224093
182,334,CD93,CD74,0.9224093
182,118,CD93,FOXO1,0.9146215
182,459,CD93,IRF8,0.91241115
182,69,CD93,MAGED1,0.90964353
182,66,CD93,CBFB,0.9027629
182,221,CD93,ARPP21,0.8989266
182,416,CD93,GATA2,0.89369905
182,515,CD93,NCF1,0.8819892
182,536,CD93,MOGS,0.87684935
182,46,CD93,VDR,0.8629964
182,58,CD93,RARB,0.8617976
182,277,CD93,MEF2C,0.85828704
182,257,CD93,UHRF1,0.85598487
182,76,CD93,ESR1,0.8556485
182,380,CD93,NPDC1,0.8535306
182,281,CD93,TGM2,0.8534485
182,252,CD93,HOXA9,0.84943974
182,379,CD93,BCL2,0.8481178
182,67,CD93,TEK,0.82961243
182,290,CD93,TMEM14C,0.82961243
182,442,CD93,HLF,0.82961243
182,392,CD93,PBX1,0.8265034
182,53,CD93,FCHO2,0.82645017
182,445,CD93,IL1R1,0.82645017
182,302,CD93,MEIS1,0.82635236
182,498,CD93,DENND2D,0.82061315
182,237,CD93,ELF1,0.81140196
450,527,CDK17,TUBB4B,0.9804482
450,422,CDK17,RUNX2,0.9795156
450,518,CDK17,IL12A,0.9781739
450,550,CDK17,SPI1,0.9756468
450,116,CDK17,TOP2A,0.9744888
450,525,CDK17,CD44,0.97241795
450,145,CDK17,HMGB2,0.9706331
450,233,CDK17,NOTCH1,0.97014475
450,190,CDK17,TIPIN,0.96839195
450,216,CDK17,MCM7,0.9671949
450,506,CDK17,PRIM1,0.9660818
450,335,CDK17,HDAC7,0.96367383
450,96,CDK17,SLBP,0.9635566
450,213,CDK17,MCM4,0.9625164
450,131,CDK17,CKS1B,0.9607973
450,320,CDK17,MYC,0.9599392
450,68,CDK17,MKI67,0.95707554
450,60,CDK17,CDT1,0.9561901
450,367,CDK17,IL7R,0.9552167
450,267,CDK17,SLC2A3,0.94998187
450,324,CDK17,REL,0.9312972
450,530,CDK17,IKZF1,0.9259667
450,27,CDK17,HSD3B7,0.9224093
450,334,CDK17,CD74,0.9224093
450,118,CDK17,FOXO1,0.922094
450,459,CDK17,IRF8,0.91241115
450,221,CDK17,ARPP21,0.9078995
450,66,CDK17,CBFB,0.90152913
450,69,CDK17,MAGED1,0.89826274
450,416,CDK17,GATA2,0.89369905
450,515,CDK17,NCF1,0.8922739
450,46,CDK17,VDR,0.8901051
450,76,CDK17,ESR1,0.88948154
450,536,CDK17,MOGS,0.87711245
450,58,CDK17,RARB,0.8616021
450,277,CDK17,MEF2C,0.86040056
450,257,CDK17,UHRF1,0.85598487
450,281,CDK17,TGM2,0.8535019
450,380,CDK17,NPDC1,0.8535019
450,252,CDK17,HOXA9,0.84943974
450,379,CDK17,BCL2,0.84790754
450,392,CDK17,PBX1,0.8427045
450,442,CDK17,HLF,0.82977533
450,290,CDK17,TMEM14C,0.82974154
450,67,CDK17,TEK,0.82961243
450,53,CDK17,FCHO2,0.82645017
450,302,CDK17,MEIS1,0.82635236
450,498,CDK17,DENND2D,0.82061315
450,445,CDK17,IL1R1,0.8105531
450,85,CDK17,MECOM,0.8091291
482,527,CDK18,TUBB4B,0.9804482
482,518,CDK18,IL12A,0.9794573
482,422,CDK18,RUNX2,0.97829723
482,550,CDK18,SPI1,0.9756251
482,116,CDK18,TOP2A,0.9744888
482,525,CDK18,CD44,0.97241795
482,68,CDK18,MKI67,0.97167736
482,145,CDK18,HMGB2,0.9706331
482,233,CDK18,NOTCH1,0.97014475
482,190,CDK18,TIPIN,0.96839195
482,216,CDK18,MCM7,0.9671949
482,506,CDK18,PRIM1,0.9660805
482,60,CDK18,CDT1,0.96552783
482,96,CDK18,SLBP,0.9635638
482,213,CDK18,MCM4,0.9625164
482,131,CDK18,CKS1B,0.9607973
482,335,CDK18,HDAC7,0.9602129
482,320,CDK18,MYC,0.9599392
482,367,CDK18,IL7R,0.9552167
482,267,CDK18,SLC2A3,0.94998187
482,324,CDK18,REL,0.9312972
482,530,CDK18,IKZF1,0.9259667
482,27,CDK18,HSD3B7,0.9224093
482,334,CDK18,CD74,0.9224093
482,118,CDK18,FOXO1,0.9221475
482,459,CDK18,IRF8,0.9124426
482,221,CDK18,ARPP21,0.9078995
482,46,CDK18,VDR,0.9026461
482,66,CDK18,CBFB,0.902572
482,69,CDK18,MAGED1,0.89826274
482,416,CDK18,GATA2,0.89369905
482,76,CDK18,ESR1,0.88950634
482,515,CDK18,NCF1,0.8819892
482,536,CDK18,MOGS,0.8765413
482,58,CDK18,RARB,0.8617976
482,277,CDK18,MEF2C,0.8603895
482,257,CDK18,UHRF1,0.85583127
482,281,CDK18,TGM2,0.8535019
482,380,CDK18,NPDC1,0.8535019
482,252,CDK18,HOXA9,0.84943974
482,379,CDK18,BCL2,0.8481178
482,67,CDK18,TEK,0.83113426
482,442,CDK18,HLF,0.82961243
482,392,CDK18,PBX1,0.8265034
482,53,CDK18,FCHO2,0.82645017
482,445,CDK18,IL1R1,0.82645017
482,302,CDK18,MEIS1,0.82635236
482,498,CDK18,DENND2D,0.82061315
482,85,CDK18,MECOM,0.8093563
482,44,CDK18,NUDT19,0.80635184
88,527,CDK19,TUBB4B,0.9804482
88,422,CDK19,RUNX2,0.9795156
88,518,CDK19,IL12A,0.9794485
88,550,CDK19,SPI1,0.9756468
88,116,CDK19,TOP2A,0.9744888
88,525,CDK19,CD44,0.97241795
88,145,CDK19,HMGB2,0.97068226
88,233,CDK19,NOTCH1,0.97014475
88,190,CDK19,TIPIN,0.96847486
88,216,CDK19,MCM7,0.9671949
88,506,CDK19,PRIM1,0.9660805
88,213,CDK19,MCM4,0.9644956
88,96,CDK19,SLBP,0.9635566
88,60,CDK19,CDT1,0.9607973
88,131,CDK19,CKS1B,0.9607973
88,335,CDK19,HDAC7,0.9602129
88,320,CDK19,MYC,0.9599392
88,68,CDK19,MKI67,0.95707554
88,367,CDK19,IL7R,0.9552167
88,267,CDK19,SLC2A3,0.94998187
88,324,CDK19,REL,0.93562794
88,530,CDK19,IKZF1,0.9259667
88,27,CDK19,HSD3B7,0.9224093
88,334,CDK19,CD74,0.9224093
88,118,CDK19,FOXO1,0.9221475
88,459,CDK19,IRF8,0.91241115
88,221,CDK19,ARPP21,0.9078995
88,66,CDK19,CBFB,0.9026461
88,69,CDK19,MAGED1,0.89826274
88,416,CDK19,GATA2,0.89369905
88,76,CDK19,ESR1,0.88950634
88,46,CDK19,VDR,0.8838176
88,515,CDK19,NCF1,0.8819892
88,536,CDK19,MOGS,0.87684935
88,277,CDK19,MEF2C,0.86934394
88,58,CDK19,RARB,0.8617976
88,257,CDK19,UHRF1,0.85598487
88,281,CDK19,TGM2,0.8535019
88,380,CDK19,NPDC1,0.8535019
88,252,CDK19,HOXA9,0.84943974
88,379,CDK19,BCL2,0.8481178
88,67,CDK19,TEK,0.82961243
88,290,CDK19,TMEM14C,0.82961243
88,442,CDK19,HLF,0.82961243
88,302,CDK19,MEIS1,0.82660997
88,392,CDK19,PBX1,0.8265034
88,445,CDK19,IL1R1,0.82645017
88,498,CDK19,DENND2D,0.82061315
88,398,CDK19,APOE,0.8067991
88,44,CDK19,NUDT19,0.80635184
39,527,CDK6,TUBB4B,0.9804546
39,518,CDK6,IL12A,0.9794693
39,422,CDK6,RUNX2,0.97934943
39,550,CDK6,SPI1,0.9756503
39,116,CDK6,TOP2A,0.9745249
39,525,CDK6,CD44,0.97242063
39,145,CDK6,HMGB2,0.9707037
39,233,CDK6,NOTCH1,0.970181
39,190,CDK6,TIPIN,0.9684659
39,506,CDK6,PRIM1,0.9661601
39,216,CDK6,MCM7,0.9645097
39,96,CDK6,SLBP,0.9636404
39,213,CDK6,MCM4,0.9626033
39,131,CDK6,CKS1B,0.9608881
39,60,CDK6,CDT1,0.960888
39,335,CDK6,HDAC7,0.9602529
39,320,CDK6,MYC,0.9600338
39,68,CDK6,MKI67,0.95716596
39,367,CDK6,IL7R,0.9553115
39,267,CDK6,SLC2A3,0.9501029
39,118,CDK6,FOXO1,0.9452422
39,324,CDK6,REL,0.9314413
39,530,CDK6,IKZF1,0.926129
39,334,CDK6,CD74,0.92257875
39,27,CDK6,HSD3B7,0.9225421
39,459,CDK6,IRF8,0.91268367
39,221,CDK6,ARPP21,0.9081146
39,46,CDK6,VDR,0.902828
39,66,CDK6,CBFB,0.902828
39,58,CDK6,RARB,0.899804
39,69,CDK6,MAGED1,0.8984791
39,416,CDK6,GATA2,0.8939246
39,515,CDK6,NCF1,0.89076865
39,541,CDK6,PGR,0.8875673
39,536,CDK6,MOGS,0.87710285
39,277,CDK6,MEF2C,0.86083996
39,257,CDK6,UHRF1,0.85627943
39,281,CDK6,TGM2,0.853752
39,252,CDK6,HOXA9,0.8496992
39,379,CDK6,BCL2,0.8484065
39,67,CDK6,TEK,0.8299522
39,290,CDK6,TMEM14C,0.8299522
39,442,CDK6,HLF,0.8299522
39,392,CDK6,PBX1,0.8268148
39,445,CDK6,IL1R1,0.82679456
39,53,CDK6,FCHO2,0.8267945
39,302,CDK6,MEIS1,0.8266429
39,498,CDK6,DENND2D,0.8209392
39,85,CDK6,MECOM,0.80952865
39,44,CDK6,NUDT19,0.80666536
548,527,CDKN1C,TUBB4B,0.9804482
548,422,CDKN1C,RUNX2,0.9795156
548,518,CDKN1C,IL12A,0.9794573
548,550,CDKN1C,SPI1,0.9756468
548,116,CDKN1C,TOP2A,0.9744888
548,506,CDKN1C,PRIM1,0.97311485
548,525,CDKN1C,CD44,0.97155815
548,145,CDKN1C,HMGB2,0.9706331
548,233,CDKN1C,NOTCH1,0.97014475
548,190,CDKN1C,TIPIN,0.96839046
548,216,CDKN1C,MCM7,0.96549934
548,96,CDKN1C,SLBP,0.9635566
548,213,CDKN1C,MCM4,0.9625164
548,335,CDKN1C,HDAC7,0.9602129
548,320,CDKN1C,MYC,0.9599392
548,131,CDKN1C,CKS1B,0.9587652
548,68,CDKN1C,MKI67,0.95707554
548,367,CDKN1C,IL7R,0.9552167
548,267,CDKN1C,SLC2A3,0.94998187
548,60,CDKN1C,CDT1,0.9443571
548,324,CDKN1C,REL,0.9312972
548,530,CDKN1C,IKZF1,0.9259667
548,27,CDKN1C,HSD3B7,0.9224093
548,334,CDKN1C,CD74,0.9224093
548,118,CDKN1C,FOXO1,0.9221475
548,459,CDKN1C,IRF8,0.91241115
548,46,CDKN1C,VDR,0.9026461
548,66,CDKN1C,CBFB,0.9026461
548,69,CDKN1C,MAGED1,0.89826274
548,221,CDKN1C,ARPP21,0.8930235
548,416,CDKN1C,GATA2,0.8923569
548,76,CDKN1C,ESR1,0.88950634
548,515,CDKN1C,NCF1,0.8819892
548,536,CDKN1C,MOGS,0.87684935
548,58,CDKN1C,RARB,0.8617976
548,277,CDKN1C,MEF2C,0.8603895
548,498,CDKN1C,DENND2D,0.8590346
548,392,CDKN1C,PBX1,0.85900974
548,257,CDKN1C,UHRF1,0.85598487
548,281,CDKN1C,TGM2,0.8535019
548,380,CDKN1C,NPDC1,0.8535019
548,252,CDKN1C,HOXA9,0.8489048
548,379,CDKN1C,BCL2,0.8481178
548,67,CDKN1C,TEK,0.82961243
548,290,CDKN1C,TMEM14C,0.82961243
548,442,CDKN1C,HLF,0.82961243
548,302,CDKN1C,MEIS1,0.8265075
548,445,CDKN1C,IL1R1,0.82623875
548,237,CDKN1C,ELF1,0.822649
548,53,CDKN1C,FCHO2,0.82216334
60,116,CDT1,TOP2A,0.97849953
60,527,CDT1,TUBB4B,0.97687566
60,422,CDT1,RUNX2,0.97632265
60,518,CDT1,IL12A,0.97501296
60,506,CDT1,PRIM1,0.9750107
60,190,CDT1,TIPIN,0.97392356
60,145,CDT1,HMGB2,0.9727993
60,216,CDT1,MCM7,0.9724062
60,550,CDT1,SPI1,0.9724024
60,525,CDT1,CD44,0.97130877
60,213,CDT1,MCM4,0.9702871
60,96,CDT1,SLBP,0.9694278
60,131,CDT1,CKS1B,0.9692285
60,233,CDT1,NOTCH1,0.9690094
60,68,CDT1,MKI67,0.96867675
60,320,CDT1,MYC,0.9469543
60,335,CDT1,HDAC7,0.94156885
60,367,CDT1,IL7R,0.9377114
60,324,CDT1,REL,0.93640876
60,267,CDT1,SLC2A3,0.92865115
60,530,CDT1,IKZF1,0.9246697
60,118,CDT1,FOXO1,0.88326144
60,334,CDT1,CD74,0.88099766
60,46,CDT1,VDR,0.84670705
60,221,CDT1,ARPP21,0.84546185
60,66,CDT1,CBFB,0.8445167
60,69,CDT1,MAGED1,0.84100163
60,27,CDT1,HSD3B7,0.83644724
60,416,CDT1,GATA2,0.8363566
60,459,CDT1,IRF8,0.8334783
60,76,CDT1,ESR1,0.83083117
60,515,CDT1,NCF1,0.81462467
60,536,CDT1,MOGS,0.8142356
60,277,CDT1,MEF2C,0.7780998
60,281,CDT1,TGM2,0.7763532
60,380,CDT1,NPDC1,0.7763532
60,392,CDT1,PBX1,0.77195185
60,379,CDT1,BCL2,0.771178
60,252,CDT1,HOXA9,0.7680597
60,257,CDT1,UHRF1,0.7492012
60,67,CDT1,TEK,0.7388403
60,290,CDT1,TMEM14C,0.7364918
60,442,CDT1,HLF,0.7364918
60,53,CDT1,FCHO2,0.73637134
60,445,CDT1,IL1R1,0.7357931
60,302,CDT1,MEIS1,0.73415476
60,498,CDT1,DENND2D,0.7244805
60,85,CDT1,MECOM,0.7136096
60,44,CDT1,NUDT19,0.71235085
60,398,CDT1,APOE,0.71235085
70,527,CERS4,TUBB4B,0.9805737
70,422,CERS4,RUNX2,0.9788945
70,518,CERS4,IL12A,0.97824806
70,550,CERS4,SPI1,0.97434026
70,116,CERS4,TOP2A,0.97319305
70,145,CERS4,HMGB2,0.97125196
70,525,CERS4,CD44,0.96938366
70,190,CERS4,TIPIN,0.96764326
70,216,CERS4,MCM7,0.96628165
70,506,CERS4,PRIM1,0.96505284
70,233,CERS4,NOTCH1,0.9636139
70,96,CERS4,SLBP,0.96242833
70,213,CERS4,MCM4,0.9613688
70,131,CERS4,CKS1B,0.95951116
70,60,CERS4,CDT1,0.95949644
70,68,CERS4,MKI67,0.95643854
70,320,CERS4,MYC,0.9508276
70,335,CERS4,HDAC7,0.94775414
70,267,CERS4,SLC2A3,0.9413661
70,367,CERS4,IL7R,0.9404037
70,324,CERS4,REL,0.9302787
70,530,CERS4,IKZF1,0.89982384
70,27,CERS4,HSD3B7,0.89445055
70,118,CERS4,FOXO1,0.894402
70,459,CERS4,IRF8,0.8806412
70,221,CERS4,ARPP21,0.8757482
70,379,CERS4,BCL2,0.86944205
70,46,CERS4,VDR,0.8674732
70,66,CERS4,CBFB,0.8674732
70,334,CERS4,CD74,0.8639806
70,69,CERS4,MAGED1,0.8618948
70,416,CERS4,GATA2,0.85575545
70,76,CERS4,ESR1,0.85016745
70,515,CERS4,NCF1,0.84028107
70,536,CERS4,MOGS,0.83302313
70,58,CERS4,RARB,0.8111198
70,277,CERS4,MEF2C,0.8104099
70,257,CERS4,UHRF1,0.8048077
70,281,CERS4,TGM2,0.80129766
70,380,CERS4,NPDC1,0.80126375
70,252,CERS4,HOXA9,0.79630923
70,67,CERS4,TEK,0.7724045
70,442,CERS4,HLF,0.7724045
70,392,CERS4,PBX1,0.76863575
70,53,CERS4,FCHO2,0.7685766
70,302,CERS4,MEIS1,0.76648784
70,498,CERS4,DENND2D,0.7587471
70,85,CERS4,MECOM,0.74845856
70,398,CERS4,APOE,0.7462768
70,445,CERS4,IL1R1,0.7457641
328,422,CFP,RUNX2,0.9795156
328,518,CFP,IL12A,0.9794573
328,550,CFP,SPI1,0.97564316
328,116,CFP,TOP2A,0.9744888
328,525,CFP,CD44,0.97241795
328,145,CFP,HMGB2,0.9706331
328,190,CFP,TIPIN,0.96839195
328,96,CFP,SLBP,0.967968
328,527,CFP,TUBB4B,0.9675252
328,216,CFP,MCM7,0.96719766
328,506,CFP,PRIM1,0.9660805
328,213,CFP,MCM4,0.9625164
328,131,CFP,CKS1B,0.9608346
328,60,CFP,CDT1,0.9607973
328,335,CFP,HDAC7,0.96011674
328,320,CFP,MYC,0.9599392
328,68,CFP,MKI67,0.95707554
328,367,CFP,IL7R,0.9552167
328,233,CFP,NOTCH1,0.9541565
328,267,CFP,SLC2A3,0.95267457
328,324,CFP,REL,0.93123853
328,27,CFP,HSD3B7,0.9224093
328,334,CFP,CD74,0.9224093
328,118,CFP,FOXO1,0.9221475
328,459,CFP,IRF8,0.9123395
328,530,CFP,IKZF1,0.909508
328,221,CFP,ARPP21,0.9077895
328,46,CFP,VDR,0.9026461
328,66,CFP,CBFB,0.9026461
328,69,CFP,MAGED1,0.89826274
328,416,CFP,GATA2,0.8936075
328,515,CFP,NCF1,0.8819892
328,536,CFP,MOGS,0.87684935
328,76,CFP,ESR1,0.870225
328,277,CFP,MEF2C,0.86457276
328,58,CFP,RARB,0.8617976
328,257,CFP,UHRF1,0.85598487
328,281,CFP,TGM2,0.8535019
328,380,CFP,NPDC1,0.8535019
328,252,CFP,HOXA9,0.84943974
328,379,CFP,BCL2,0.8481178
328,67,CFP,TEK,0.82961243
328,290,CFP,TMEM14C,0.82961243
328,442,CFP,HLF,0.82961243
328,392,CFP,PBX1,0.8265034
328,53,CFP,FCHO2,0.82645017
328,445,CFP,IL1R1,0.82645017
328,302,CFP,MEIS1,0.82635236
328,498,CFP,DENND2D,0.82061315
328,85,CFP,MECOM,0.8093563
419,422,CHRNB1,RUNX2,0.9795156
419,518,CHRNB1,IL12A,0.9794573
419,550,CHRNB1,SPI1,0.9756468
419,116,CHRNB1,TOP2A,0.9744888
419,525,CHRNB1,CD44,0.97241795
419,233,CHRNB1,NOTCH1,0.97014475
419,145,CHRNB1,HMGB2,0.9692421
419,190,CHRNB1,TIPIN,0.96839195
419,527,CHRNB1,TUBB4B,0.9675252
419,216,CHRNB1,MCM7,0.9672501
419,506,CHRNB1,PRIM1,0.9660805
419,96,CHRNB1,SLBP,0.9635549
419,213,CHRNB1,MCM4,0.9625194
419,60,CHRNB1,CDT1,0.9607973
419,335,CHRNB1,HDAC7,0.9602129
419,320,CHRNB1,MYC,0.9600609
419,68,CHRNB1,MKI67,0.95707554
419,367,CHRNB1,IL7R,0.9552167
419,267,CHRNB1,SLC2A3,0.94994456
419,27,CHRNB1,HSD3B7,0.94344336
419,131,CHRNB1,CKS1B,0.9414487
419,324,CHRNB1,REL,0.93137544
419,530,CHRNB1,IKZF1,0.9259667
419,334,CHRNB1,CD74,0.9224093
419,118,CHRNB1,FOXO1,0.9221475
419,459,CHRNB1,IRF8,0.91241115
419,221,CHRNB1,ARPP21,0.9078995
419,46,CHRNB1,VDR,0.9026461
419,66,CHRNB1,CBFB,0.902184
419,69,CHRNB1,MAGED1,0.89826274
419,416,CHRNB1,GATA2,0.89369905
419,76,CHRNB1,ESR1,0.88950634
419,515,CHRNB1,NCF1,0.8819892
419,536,CHRNB1,MOGS,0.87684935
419,58,CHRNB1,RARB,0.8617976
419,277,CHRNB1,MEF2C,0.8603895
419,257,CHRNB1,UHRF1,0.85598487
419,281,CHRNB1,TGM2,0.8535019
419,380,CHRNB1,NPDC1,0.8535019
419,379,CHRNB1,BCL2,0.8481178
419,67,CHRNB1,TEK,0.82961243
419,290,CHRNB1,TMEM14C,0.82961243
419,442,CHRNB1,HLF,0.82961243
419,392,CHRNB1,PBX1,0.8265034
419,53,CHRNB1,FCHO2,0.82645017
419,445,CHRNB1,IL1R1,0.82645017
419,302,CHRNB1,MEIS1,0.82635236
419,498,CHRNB1,DENND2D,0.82061315
419,85,CHRNB1,MECOM,0.8093563
419,44,CHRNB1,NUDT19,0.80635184
370,527,CIPC,TUBB4B,0.9804482
370,422,CIPC,RUNX2,0.9794605
370,518,CIPC,IL12A,0.9783894
370,550,CIPC,SPI1,0.9756468
370,116,CIPC,TOP2A,0.9744888
370,525,CIPC,CD44,0.97241795
370,145,CIPC,HMGB2,0.9706331
370,233,CIPC,NOTCH1,0.97014475
370,190,CIPC,TIPIN,0.96840537
370,216,CIPC,MCM7,0.9671949
370,506,CIPC,PRIM1,0.9660805
370,96,CIPC,SLBP,0.9635566
370,213,CIPC,MCM4,0.9625164
370,60,CIPC,CDT1,0.9607973
370,131,CIPC,CKS1B,0.9607973
370,335,CIPC,HDAC7,0.96017486
370,320,CIPC,MYC,0.9599392
370,68,CIPC,MKI67,0.9571073
370,367,CIPC,IL7R,0.95178723
370,267,CIPC,SLC2A3,0.94998187
370,324,CIPC,REL,0.9277525
370,530,CIPC,IKZF1,0.9259667
370,27,CIPC,HSD3B7,0.9224093
370,334,CIPC,CD74,0.9224093
370,118,CIPC,FOXO1,0.9221475
370,459,CIPC,IRF8,0.91241115
370,221,CIPC,ARPP21,0.9078995
370,69,CIPC,MAGED1,0.89826274
370,416,CIPC,GATA2,0.89369905
370,515,CIPC,NCF1,0.8819892
370,536,CIPC,MOGS,0.87684935
370,257,CIPC,UHRF1,0.8728619
370,66,CIPC,CBFB,0.8629964
370,58,CIPC,RARB,0.8617976
370,277,CIPC,MEF2C,0.8603895
370,281,CIPC,TGM2,0.8535019
370,380,CIPC,NPDC1,0.8535019
370,46,CIPC,VDR,0.8495298
370,252,CIPC,HOXA9,0.84943974
370,379,CIPC,BCL2,0.8456627
370,67,CIPC,TEK,0.82961243
370,290,CIPC,TMEM14C,0.82961243
370,442,CIPC,HLF,0.82961243
370,302,CIPC,MEIS1,0.8271355
370,392,CIPC,PBX1,0.8265034
370,53,CIPC,FCHO2,0.82645017
370,445,CIPC,IL1R1,0.82645017
370,498,CIPC,DENND2D,0.82061315
370,85,CIPC,MECOM,0.80796766
370,398,CIPC,APOE,0.80635184
35,527,CISH,TUBB4B,0.9804482
35,422,CISH,RUNX2,0.9795156
35,518,CISH,IL12A,0.9787779
35,550,CISH,SPI1,0.9756468
35,116,CISH,TOP2A,0.9744888
35,525,CISH,CD44,0.97241795
35,145,CISH,HMGB2,0.97052413
35,233,CISH,NOTCH1,0.97014475
35,190,CISH,TIPIN,0.96839195
35,216,CISH,MCM7,0.9671949
35,506,CISH,PRIM1,0.9660805
35,96,CISH,SLBP,0.9635566
35,213,CISH,MCM4,0.9625164
35,335,CISH,HDAC7,0.9621638
35,60,CISH,CDT1,0.9607973
35,131,CISH,CKS1B,0.9607973
35,320,CISH,MYC,0.9599392
35,68,CISH,MKI67,0.95707554
35,367,CISH,IL7R,0.9552167
35,267,CISH,SLC2A3,0.94998187
35,324,CISH,REL,0.93131983
35,530,CISH,IKZF1,0.9259667
35,27,CISH,HSD3B7,0.9224093
35,334,CISH,CD74,0.9224093
35,118,CISH,FOXO1,0.9221475
35,459,CISH,IRF8,0.91241115
35,221,CISH,ARPP21,0.9078995
35,46,CISH,VDR,0.9026461
35,66,CISH,CBFB,0.9026461
35,69,CISH,MAGED1,0.89826274
35,416,CISH,GATA2,0.89369905
35,76,CISH,ESR1,0.88950634
35,515,CISH,NCF1,0.8819892
35,536,CISH,MOGS,0.87684935
35,58,CISH,RARB,0.8617976
35,277,CISH,MEF2C,0.85981935
35,257,CISH,UHRF1,0.85603493
35,281,CISH,TGM2,0.8535019
35,380,CISH,NPDC1,0.85313666
35,252,CISH,HOXA9,0.84943974
35,379,CISH,BCL2,0.8481178
35,67,CISH,TEK,0.82961243
35,290,CISH,TMEM14C,0.82961243
35,442,CISH,HLF,0.82961243
35,53,CISH,FCHO2,0.82645017
35,445,CISH,IL1R1,0.82645017
35,302,CISH,MEIS1,0.82635236
35,498,CISH,DENND2D,0.82061315
35,85,CISH,MECOM,0.8093563
35,44,CISH,NUDT19,0.80635184
131,527,CKS1B,TUBB4B,0.97687566
131,116,CKS1B,TOP2A,0.97670174
131,422,CKS1B,RUNX2,0.97632265
131,518,CKS1B,IL12A,0.97503746
131,506,CKS1B,PRIM1,0.97405595
131,190,CKS1B,TIPIN,0.97392356
131,145,CKS1B,HMGB2,0.9727993
131,216,CKS1B,MCM7,0.9724061
131,550,CKS1B,SPI1,0.9724053
131,525,CKS1B,CD44,0.97130877
131,213,CKS1B,MCM4,0.9702737
131,96,CKS1B,SLBP,0.9694278
131,68,CKS1B,MKI67,0.96867675
131,233,CKS1B,NOTCH1,0.9591635
131,320,CKS1B,MYC,0.9469543
131,335,CKS1B,HDAC7,0.94575953
131,367,CKS1B,IL7R,0.93771154
131,324,CKS1B,REL,0.93757415
131,60,CKS1B,CDT1,0.93300754
131,267,CKS1B,SLC2A3,0.9286039
131,221,CKS1B,ARPP21,0.90711004
131,530,CKS1B,IKZF1,0.8875491
131,118,CKS1B,FOXO1,0.88326156
131,334,CKS1B,CD74,0.88116956
131,27,CKS1B,HSD3B7,0.88099766
131,46,CKS1B,VDR,0.84451675
131,67,CKS1B,TEK,0.8420745
131,69,CKS1B,MAGED1,0.84088665
131,416,CKS1B,GATA2,0.83635664
131,257,CKS1B,UHRF1,0.8204781
131,66,CKS1B,CBFB,0.8176591
131,515,CKS1B,NCF1,0.8146248
131,536,CKS1B,MOGS,0.8142356
131,459,CKS1B,IRF8,0.80955356
131,277,CKS1B,MEF2C,0.7926857
131,281,CKS1B,TGM2,0.77667385
131,380,CKS1B,NPDC1,0.7763532
131,379,CKS1B,BCL2,0.77117807
131,252,CKS1B,HOXA9,0.76805973
131,53,CKS1B,FCHO2,0.75413555
131,442,CKS1B,HLF,0.7391952
131,290,CKS1B,TMEM14C,0.7388403
131,392,CKS1B,PBX1,0.7358674
131,445,CKS1B,IL1R1,0.7357932
131,302,CKS1B,MEIS1,0.73415476
131,498,CKS1B,DENND2D,0.724588
131,85,CKS1B,MECOM,0.7132006
131,44,CKS1B,NUDT19,0.7123509
131,398,CKS1B,APOE,0.7123509
131,541,CKS1B,PGR,0.7123509
205,527,CLEC12A,TUBB4B,0.9804482
205,422,CLEC12A,RUNX2,0.9795156
205,518,CLEC12A,IL12A,0.9794573
205,550,CLEC12A,SPI1,0.9756468
205,116,CLEC12A,TOP2A,0.9745165
205,525,CLEC12A,CD44,0.97241795
205,145,CLEC12A,HMGB2,0.9706331
205,233,CLEC12A,NOTCH1,0.97014475
205,190,CLEC12A,TIPIN,0.96839195
205,216,CLEC12A,MCM7,0.9671949
205,96,CLEC12A,SLBP,0.9635566
205,213,CLEC12A,MCM4,0.9625194
205,60,CLEC12A,CDT1,0.9607973
205,131,CLEC12A,CKS1B,0.9607973
205,335,CLEC12A,HDAC7,0.9602129
205,320,CLEC12A,MYC,0.9599572
205,506,CLEC12A,PRIM1,0.95753974
205,68,CLEC12A,MKI67,0.95707554
205,367,CLEC12A,IL7R,0.9533383
205,267,CLEC12A,SLC2A3,0.9470839
205,324,CLEC12A,REL,0.9312972
205,530,CLEC12A,IKZF1,0.92961484
205,334,CLEC12A,CD74,0.9224093
205,27,CLEC12A,HSD3B7,0.92192364
205,118,CLEC12A,FOXO1,0.9146215
205,221,CLEC12A,ARPP21,0.9052148
205,46,CLEC12A,VDR,0.9026461
205,66,CLEC12A,CBFB,0.9026461
205,58,CLEC12A,RARB,0.89947516
205,459,CLEC12A,IRF8,0.8990471
205,69,CLEC12A,MAGED1,0.89826274
205,416,CLEC12A,GATA2,0.89369905
205,76,CLEC12A,ESR1,0.88950634
205,515,CLEC12A,NCF1,0.8819892
205,536,CLEC12A,MOGS,0.87684935
205,277,CLEC12A,MEF2C,0.8603895
205,257,CLEC12A,UHRF1,0.85598916
205,281,CLEC12A,TGM2,0.8535019
205,380,CLEC12A,NPDC1,0.853483
205,252,CLEC12A,HOXA9,0.84943974
205,379,CLEC12A,BCL2,0.8481178
205,67,CLEC12A,TEK,0.82961243
205,290,CLEC12A,TMEM14C,0.82961243
205,442,CLEC12A,HLF,0.82961243
205,53,CLEC12A,FCHO2,0.82645017
205,445,CLEC12A,IL1R1,0.82645017
205,302,CLEC12A,MEIS1,0.82635236
205,498,CLEC12A,DENND2D,0.82061315
205,85,CLEC12A,MECOM,0.8093563
205,44,CLEC12A,NUDT19,0.80635184
556,527,CLIP3,TUBB4B,0.9804482
556,422,CLIP3,RUNX2,0.9795156
556,518,CLIP3,IL12A,0.9794573
556,550,CLIP3,SPI1,0.9756468
556,116,CLIP3,TOP2A,0.9744888
556,525,CLIP3,CD44,0.97241783
556,145,CLIP3,HMGB2,0.9706331
556,233,CLIP3,NOTCH1,0.97014475
556,96,CLIP3,SLBP,0.969067
556,190,CLIP3,TIPIN,0.9683869
556,216,CLIP3,MCM7,0.9671949
556,506,CLIP3,PRIM1,0.9660805
556,213,CLIP3,MCM4,0.9625164
556,60,CLIP3,CDT1,0.9607973
556,131,CLIP3,CKS1B,0.9607973
556,335,CLIP3,HDAC7,0.9602129
556,320,CLIP3,MYC,0.9599392
556,68,CLIP3,MKI67,0.95707554
556,367,CLIP3,IL7R,0.9552167
556,324,CLIP3,REL,0.9312972
556,530,CLIP3,IKZF1,0.9259667
556,334,CLIP3,CD74,0.9224093
556,27,CLIP3,HSD3B7,0.922138
556,118,CLIP3,FOXO1,0.9220129
556,459,CLIP3,IRF8,0.91241115
556,69,CLIP3,MAGED1,0.911765
556,221,CLIP3,ARPP21,0.9078995
556,46,CLIP3,VDR,0.9026461
556,66,CLIP3,CBFB,0.9026461
556,416,CLIP3,GATA2,0.89369905
556,76,CLIP3,ESR1,0.88950634
556,515,CLIP3,NCF1,0.8819892
556,536,CLIP3,MOGS,0.87684935
556,58,CLIP3,RARB,0.8616021
556,379,CLIP3,BCL2,0.86103505
556,277,CLIP3,MEF2C,0.8603895
556,257,CLIP3,UHRF1,0.85598487
556,281,CLIP3,TGM2,0.8535019
556,380,CLIP3,NPDC1,0.8535019
556,252,CLIP3,HOXA9,0.84943974
556,267,CLIP3,SLC2A3,0.8485291
556,445,CLIP3,IL1R1,0.84265953
556,67,CLIP3,TEK,0.82961243
556,442,CLIP3,HLF,0.82961243
556,290,CLIP3,TMEM14C,0.8295423
556,302,CLIP3,MEIS1,0.82635236
556,392,CLIP3,PBX1,0.8258957
556,498,CLIP3,DENND2D,0.82061315
556,85,CLIP3,MECOM,0.8093563
556,44,CLIP3,NUDT19,0.80635184
460,527,CMAH,TUBB4B,0.98043114
460,422,CMAH,RUNX2,0.98001444
460,518,CMAH,IL12A,0.9794573
460,550,CMAH,SPI1,0.9756468
460,116,CMAH,TOP2A,0.9744888
460,525,CMAH,CD44,0.97241795
460,145,CMAH,HMGB2,0.9706331
460,233,CMAH,NOTCH1,0.97014475
460,216,CMAH,MCM7,0.9689339
460,190,CMAH,TIPIN,0.96839195
460,506,CMAH,PRIM1,0.9660742
460,96,CMAH,SLBP,0.9635566
460,213,CMAH,MCM4,0.9625164
460,60,CMAH,CDT1,0.9607973
460,131,CMAH,CKS1B,0.9607973
460,335,CMAH,HDAC7,0.9602129
460,320,CMAH,MYC,0.9599392
460,68,CMAH,MKI67,0.95707554
460,367,CMAH,IL7R,0.9552167
460,267,CMAH,SLC2A3,0.94998187
460,324,CMAH,REL,0.9312972
460,530,CMAH,IKZF1,0.92600244
460,27,CMAH,HSD3B7,0.9224093
460,334,CMAH,CD74,0.9224093
460,118,CMAH,FOXO1,0.9221475
460,459,CMAH,IRF8,0.9124426
460,46,CMAH,VDR,0.9085503
460,221,CMAH,ARPP21,0.9078995
460,66,CMAH,CBFB,0.9013737
460,69,CMAH,MAGED1,0.8983144
460,416,CMAH,GATA2,0.89369905
460,76,CMAH,ESR1,0.88950634
460,515,CMAH,NCF1,0.8819892
460,536,CMAH,MOGS,0.87684935
460,58,CMAH,RARB,0.8617976
460,277,CMAH,MEF2C,0.8603895
460,281,CMAH,TGM2,0.8535019
460,380,CMAH,NPDC1,0.8535019
460,252,CMAH,HOXA9,0.84943974
460,379,CMAH,BCL2,0.8481178
460,442,CMAH,HLF,0.8307357
460,67,CMAH,TEK,0.8300135
460,290,CMAH,TMEM14C,0.82961243
460,392,CMAH,PBX1,0.8265034
460,53,CMAH,FCHO2,0.82645017
460,445,CMAH,IL1R1,0.82645017
460,302,CMAH,MEIS1,0.82635236
460,245,CMAH,WFDC18,0.8260519
460,498,CMAH,DENND2D,0.82061315
460,85,CMAH,MECOM,0.8093563
402,527,CNN3,TUBB4B,0.9804364
402,422,CNN3,RUNX2,0.9795156
402,518,CNN3,IL12A,0.9794573
402,550,CNN3,SPI1,0.9756468
402,116,CNN3,TOP2A,0.97443175
402,525,CNN3,CD44,0.9733016
402,145,CNN3,HMGB2,0.9706331
402,233,CNN3,NOTCH1,0.97014475
402,190,CNN3,TIPIN,0.96839195
402,216,CNN3,MCM7,0.9671949
402,506,CNN3,PRIM1,0.9660947
402,96,CNN3,SLBP,0.9635566
402,60,CNN3,CDT1,0.9607973
402,131,CNN3,CKS1B,0.9607973
402,335,CNN3,HDAC7,0.9602129
402,320,CNN3,MYC,0.9599392
402,213,CNN3,MCM4,0.959708
402,68,CNN3,MKI67,0.95707554
402,367,CNN3,IL7R,0.9552167
402,267,CNN3,SLC2A3,0.94998187
402,324,CNN3,REL,0.9312972
402,530,CNN3,IKZF1,0.9259667
402,27,CNN3,HSD3B7,0.92290354
402,334,CNN3,CD74,0.9224093
402,118,CNN3,FOXO1,0.9221475
402,459,CNN3,IRF8,0.91303074
402,221,CNN3,ARPP21,0.9078995
402,46,CNN3,VDR,0.9026461
402,66,CNN3,CBFB,0.9026461
402,69,CNN3,MAGED1,0.89826804
402,416,CNN3,GATA2,0.89369905
402,76,CNN3,ESR1,0.88950634
402,515,CNN3,NCF1,0.8819892
402,536,CNN3,MOGS,0.87684935
402,58,CNN3,RARB,0.8617976
402,277,CNN3,MEF2C,0.8601613
402,257,CNN3,UHRF1,0.85598487
402,281,CNN3,TGM2,0.8535019
402,380,CNN3,NPDC1,0.8535019
402,252,CNN3,HOXA9,0.84943974
402,379,CNN3,BCL2,0.8481178
402,302,CNN3,MEIS1,0.8345769
402,67,CNN3,TEK,0.82961243
402,290,CNN3,TMEM14C,0.82961243
402,442,CNN3,HLF,0.82961243
402,392,CNN3,PBX1,0.82685876
402,53,CNN3,FCHO2,0.82645017
402,445,CNN3,IL1R1,0.82645017
402,498,CNN3,DENND2D,0.82061315
402,85,CNN3,MECOM,0.8093563
415,527,COL4A1,TUBB4B,0.9804482
415,422,COL4A1,RUNX2,0.9795156
415,518,COL4A1,IL12A,0.9794573
415,550,COL4A1,SPI1,0.9756198
415,116,COL4A1,TOP2A,0.9744888
415,525,COL4A1,CD44,0.97241795
415,145,COL4A1,HMGB2,0.9706331
415,233,COL4A1,NOTCH1,0.97014475
415,96,COL4A1,SLBP,0.9699875
415,190,COL4A1,TIPIN,0.96840537
415,216,COL4A1,MCM7,0.9671949
415,506,COL4A1,PRIM1,0.9660805
415,213,COL4A1,MCM4,0.9625164
415,324,COL4A1,REL,0.9623658
415,60,COL4A1,CDT1,0.9607973
415,131,COL4A1,CKS1B,0.9607973
415,335,COL4A1,HDAC7,0.9602129
415,320,COL4A1,MYC,0.9599572
415,367,COL4A1,IL7R,0.9552167
415,267,COL4A1,SLC2A3,0.94998187
415,68,COL4A1,MKI67,0.9370852
415,530,COL4A1,IKZF1,0.9259667
415,27,COL4A1,HSD3B7,0.9224093
415,334,COL4A1,CD74,0.9224093
415,118,COL4A1,FOXO1,0.92215866
415,221,COL4A1,ARPP21,0.9078995
415,46,COL4A1,VDR,0.9026461
415,459,COL4A1,IRF8,0.90033776
415,69,COL4A1,MAGED1,0.89826274
415,76,COL4A1,ESR1,0.88950634
415,515,COL4A1,NCF1,0.8819892
415,536,COL4A1,MOGS,0.87237364
415,277,COL4A1,MEF2C,0.8610484
415,257,COL4A1,UHRF1,0.85598487
415,281,COL4A1,TGM2,0.8535019
415,380,COL4A1,NPDC1,0.8535019
415,252,COL4A1,HOXA9,0.8505267
415,66,COL4A1,CBFB,0.8495298
415,67,COL4A1,TEK,0.82961243
415,442,COL4A1,HLF,0.82961243
415,290,COL4A1,TMEM14C,0.82952213
415,392,COL4A1,PBX1,0.827777
415,53,COL4A1,FCHO2,0.82645017
415,302,COL4A1,MEIS1,0.82635236
415,498,COL4A1,DENND2D,0.82061315
415,58,COL4A1,RARB,0.812356
415,85,COL4A1,MECOM,0.8093563
415,398,COL4A1,APOE,0.80635184
415,541,COL4A1,PGR,0.80635184
415,237,COL4A1,ELF1,0.79962116
299,527,COL4A2,TUBB4B,0.9804482
299,422,COL4A2,RUNX2,0.9795156
299,518,COL4A2,IL12A,0.9794573
299,550,COL4A2,SPI1,0.9756468
299,525,COL4A2,CD44,0.97530055
299,116,COL4A2,TOP2A,0.9744848
299,145,COL4A2,HMGB2,0.9706331
299,233,COL4A2,NOTCH1,0.97014475
299,213,COL4A2,MCM4,0.9687109
299,190,COL4A2,TIPIN,0.96839195
299,216,COL4A2,MCM7,0.9671949
299,506,COL4A2,PRIM1,0.9660805
299,96,COL4A2,SLBP,0.9635566
299,60,COL4A2,CDT1,0.9607973
299,131,COL4A2,CKS1B,0.9607973
299,335,COL4A2,HDAC7,0.9602129
299,320,COL4A2,MYC,0.9599392
299,68,COL4A2,MKI67,0.9571253
299,367,COL4A2,IL7R,0.9552167
299,267,COL4A2,SLC2A3,0.94998187
299,324,COL4A2,REL,0.9312972
299,66,COL4A2,CBFB,0.9280313
299,530,COL4A2,IKZF1,0.9259667
299,27,COL4A2,HSD3B7,0.9224093
299,334,COL4A2,CD74,0.9224093
299,118,COL4A2,FOXO1,0.9217096
299,459,COL4A2,IRF8,0.91241115
299,221,COL4A2,ARPP21,0.9078995
299,46,COL4A2,VDR,0.9026461
299,277,COL4A2,MEF2C,0.90249187
299,69,COL4A2,MAGED1,0.89826274
299,416,COL4A2,GATA2,0.89369905
299,76,COL4A2,ESR1,0.88950634
299,515,COL4A2,NCF1,0.8819892
299,536,COL4A2,MOGS,0.87684935
299,58,COL4A2,RARB,0.8617976
299,281,COL4A2,TGM2,0.8535019
299,380,COL4A2,NPDC1,0.8535019
299,252,COL4A2,HOXA9,0.84943974
299,379,COL4A2,BCL2,0.8494033
299,67,COL4A2,TEK,0.82961243
299,442,COL4A2,HLF,0.82961243
299,290,COL4A2,TMEM14C,0.8291014
299,445,COL4A2,IL1R1,0.82680583
299,392,COL4A2,PBX1,0.8265034
299,53,COL4A2,FCHO2,0.82645017
299,302,COL4A2,MEIS1,0.82635236
299,498,COL4A2,DENND2D,0.82061315
299,257,COL4A2,UHRF1,0.82020265
299,85,COL4A2,MECOM,0.8093563
174,422,COQ8A,RUNX2,0.97172046
174,527,COQ8A,TUBB4B,0.9712658
174,550,COQ8A,SPI1,0.9655208
174,525,COQ8A,CD44,0.961017
174,116,COQ8A,TOP2A,0.95894957
174,233,COQ8A,NOTCH1,0.95854765
174,145,COQ8A,HMGB2,0.953761
174,190,COQ8A,TIPIN,0.9523829
174,216,COQ8A,MCM7,0.94980764
174,506,COQ8A,PRIM1,0.94856703
174,518,COQ8A,IL12A,0.9452996
174,335,COQ8A,HDAC7,0.94433403
174,96,COQ8A,SLBP,0.94419223
174,320,COQ8A,MYC,0.9434086
174,213,COQ8A,MCM4,0.9424864
174,68,COQ8A,MKI67,0.9412616
174,367,COQ8A,IL7R,0.9378866
174,60,COQ8A,CDT1,0.93626744
174,131,COQ8A,CKS1B,0.93626744
174,267,COQ8A,SLC2A3,0.93013555
174,46,COQ8A,VDR,0.9031327
174,530,COQ8A,IKZF1,0.89335567
174,118,COQ8A,FOXO1,0.8929252
174,334,COQ8A,CD74,0.8928645
174,27,COQ8A,HSD3B7,0.89020187
174,459,COQ8A,IRF8,0.8818637
174,324,COQ8A,REL,0.88052
174,221,COQ8A,ARPP21,0.87160444
174,69,COQ8A,MAGED1,0.8606792
174,416,COQ8A,GATA2,0.8538552
174,76,COQ8A,ESR1,0.8481
174,515,COQ8A,NCF1,0.8398835
174,536,COQ8A,MOGS,0.8347739
174,66,COQ8A,CBFB,0.82656366
174,58,COQ8A,RARB,0.8228232
174,277,COQ8A,MEF2C,0.8171454
174,252,COQ8A,HOXA9,0.81123304
174,257,COQ8A,UHRF1,0.8103671
174,281,COQ8A,TGM2,0.80585897
174,380,COQ8A,NPDC1,0.80585897
174,379,COQ8A,BCL2,0.801802
174,302,COQ8A,MEIS1,0.781003
174,67,COQ8A,TEK,0.78067696
174,290,COQ8A,TMEM14C,0.78067696
174,442,COQ8A,HLF,0.78067696
174,53,COQ8A,FCHO2,0.7773959
174,445,COQ8A,IL1R1,0.77696276
174,392,COQ8A,PBX1,0.7767789
174,498,COQ8A,DENND2D,0.77263385
174,85,COQ8A,MECOM,0.7588101
209,527,CORO7,TUBB4B,0.98043364
209,422,CORO7,RUNX2,0.9795051
209,518,CORO7,IL12A,0.97945386
209,550,CORO7,SPI1,0.9756326
209,116,CORO7,TOP2A,0.9744955
209,525,CORO7,CD44,0.97240216
209,145,CORO7,HMGB2,0.970611
209,233,CORO7,NOTCH1,0.9701442
209,190,CORO7,TIPIN,0.96836823
209,216,CORO7,MCM7,0.96716946
209,96,CORO7,SLBP,0.9635277
209,213,CORO7,MCM4,0.9624897
209,60,CORO7,CDT1,0.96076596
209,131,CORO7,CKS1B,0.96076596
209,335,CORO7,HDAC7,0.96023333
209,320,CORO7,MYC,0.95997775
209,506,CORO7,PRIM1,0.95747596
209,68,CORO7,MKI67,0.95702374
209,367,CORO7,IL7R,0.9533639
209,267,CORO7,SLC2A3,0.9471095
209,324,CORO7,REL,0.93120545
209,530,CORO7,IKZF1,0.9296528
209,27,CORO7,HSD3B7,0.9224499
209,334,CORO7,CD74,0.9224499
209,118,CORO7,FOXO1,0.91466683
209,221,CORO7,ARPP21,0.9052506
209,46,CORO7,VDR,0.9026997
209,66,CORO7,CBFB,0.9026997
209,459,CORO7,IRF8,0.89909387
209,69,CORO7,MAGED1,0.89831567
209,416,CORO7,GATA2,0.893747
209,76,CORO7,ESR1,0.88955456
209,515,CORO7,NCF1,0.88204217
209,536,CORO7,MOGS,0.8769033
209,58,CORO7,RARB,0.86185503
209,277,CORO7,MEF2C,0.8604526
209,257,CORO7,UHRF1,0.85604244
209,281,CORO7,TGM2,0.85355717
209,380,CORO7,NPDC1,0.85353816
209,252,CORO7,HOXA9,0.84950596
209,379,CORO7,BCL2,0.8481817
209,67,CORO7,TEK,0.8296716
209,290,CORO7,TMEM14C,0.8296716
209,442,CORO7,HLF,0.8296716
209,445,CORO7,IL1R1,0.82650805
209,53,CORO7,FCHO2,0.826508
209,302,CORO7,MEIS1,0.8264266
209,498,CORO7,DENND2D,0.82068133
209,85,CORO7,MECOM,0.8094397
209,398,CORO7,APOE,0.8064323
242,527,CPNE8,TUBB4B,0.9804482
242,422,CPNE8,RUNX2,0.9795156
242,518,CPNE8,IL12A,0.9794573
242,550,CPNE8,SPI1,0.9756468
242,116,CPNE8,TOP2A,0.9744888
242,525,CPNE8,CD44,0.97241795
242,233,CPNE8,NOTCH1,0.97014475
242,190,CPNE8,TIPIN,0.96839195
242,216,CPNE8,MCM7,0.9671949
242,131,CPNE8,CKS1B,0.9670085
242,506,CPNE8,PRIM1,0.9660805
242,145,CPNE8,HMGB2,0.9647909
242,96,CPNE8,SLBP,0.9635566
242,213,CPNE8,MCM4,0.9625164
242,60,CPNE8,CDT1,0.9608691
242,320,CPNE8,MYC,0.9599392
242,68,CPNE8,MKI67,0.9565061
242,367,CPNE8,IL7R,0.9552167
242,267,CPNE8,SLC2A3,0.94998187
242,324,CPNE8,REL,0.93020797
242,530,CPNE8,IKZF1,0.9259667
242,459,CPNE8,IRF8,0.9258813
242,27,CPNE8,HSD3B7,0.9224093
242,334,CPNE8,CD74,0.9224093
242,118,CPNE8,FOXO1,0.9221475
242,221,CPNE8,ARPP21,0.9078995
242,46,CPNE8,VDR,0.9026461
242,66,CPNE8,CBFB,0.9026461
242,498,CPNE8,DENND2D,0.8999321
242,69,CPNE8,MAGED1,0.89811033
242,416,CPNE8,GATA2,0.89369905
242,76,CPNE8,ESR1,0.88950634
242,515,CPNE8,NCF1,0.8817929
242,536,CPNE8,MOGS,0.87684935
242,58,CPNE8,RARB,0.8617976
242,277,CPNE8,MEF2C,0.8603895
242,257,CPNE8,UHRF1,0.85598487
242,335,CPNE8,HDAC7,0.85416645
242,281,CPNE8,TGM2,0.8535019
242,380,CPNE8,NPDC1,0.8535019
242,379,CPNE8,BCL2,0.8481178
242,53,CPNE8,FCHO2,0.832593
242,67,CPNE8,TEK,0.83012015
242,290,CPNE8,TMEM14C,0.82961243
242,442,CPNE8,HLF,0.8296041
242,392,CPNE8,PBX1,0.8265034
242,445,CPNE8,IL1R1,0.8264039
242,302,CPNE8,MEIS1,0.82620263
242,85,CPNE8,MECOM,0.8093563
242,44,CPNE8,NUDT19,0.80635184
448,527,CPQ,TUBB4B,0.9804555
448,422,CPQ,RUNX2,0.97949666
448,518,CPQ,IL12A,0.9781859
448,550,CPQ,SPI1,0.9756198
448,116,CPQ,TOP2A,0.97451967
448,525,CPQ,CD44,0.9723852
448,145,CPQ,HMGB2,0.97068304
448,233,CPQ,NOTCH1,0.9701118
448,190,CPQ,TIPIN,0.96844596
448,216,CPQ,MCM7,0.9672527
448,506,CPQ,PRIM1,0.96613985
448,96,CPQ,SLBP,0.96362114
448,335,CPQ,HDAC7,0.9635558
448,213,CPQ,MCM4,0.9625826
448,131,CPQ,CKS1B,0.96086687
448,320,CPQ,MYC,0.95980805
448,68,CPQ,MKI67,0.95717424
448,60,CPQ,CDT1,0.9562872
448,367,CPQ,IL7R,0.955069
448,267,CPQ,SLC2A3,0.94981515
448,324,CPQ,REL,0.931416
448,530,CPQ,IKZF1,0.9256972
448,27,CPQ,HSD3B7,0.92212695
448,334,CPQ,CD74,0.92212695
448,118,CPQ,FOXO1,0.9218111
448,459,CPQ,IRF8,0.9121071
448,221,CPQ,ARPP21,0.9075653
448,66,CPQ,CBFB,0.90117633
448,69,CPQ,MAGED1,0.89789593
448,416,CPQ,GATA2,0.8933164
448,515,CPQ,NCF1,0.8918871
448,46,CPQ,VDR,0.88971543
448,76,CPQ,ESR1,0.8890828
448,536,CPQ,MOGS,0.87667495
448,58,CPQ,RARB,0.86113614
448,277,CPQ,MEF2C,0.85991496
448,257,CPQ,UHRF1,0.85547525
448,281,CPQ,TGM2,0.8529909
448,380,CPQ,NPDC1,0.8529909
448,252,CPQ,HOXA9,0.84892404
448,379,CPQ,BCL2,0.84738207
448,392,CPQ,PBX1,0.8421596
448,442,CPQ,HLF,0.82919294
448,290,CPQ,TMEM14C,0.8291589
448,67,CPQ,TEK,0.82902944
448,53,CPQ,FCHO2,0.8258596
448,302,CPQ,MEIS1,0.8257676
448,498,CPQ,DENND2D,0.8200125
448,445,CPQ,IL1R1,0.80997574
448,85,CPQ,MECOM,0.8085491
307,367,CPXM1,IL7R,0.9795237
307,233,CPXM1,NOTCH1,0.9791286
307,320,CPXM1,MYC,0.9777519
307,335,CPXM1,HDAC7,0.9772863
307,267,CPXM1,SLC2A3,0.97582096
307,518,CPXM1,IL12A,0.9755972
307,422,CPXM1,RUNX2,0.97462815
307,530,CPXM1,IKZF1,0.974311
307,118,CPXM1,FOXO1,0.97418433
307,550,CPXM1,SPI1,0.9740655
307,334,CPXM1,CD74,0.9739227
307,27,CPXM1,HSD3B7,0.97318506
307,527,CPXM1,TUBB4B,0.9714777
307,66,CPXM1,CBFB,0.96981466
307,221,CPXM1,ARPP21,0.9697842
307,46,CPXM1,VDR,0.96813357
307,525,CPXM1,CD44,0.96795255
307,416,CPXM1,GATA2,0.9678885
307,69,CPXM1,MAGED1,0.9673226
307,76,CPXM1,ESR1,0.9672231
307,515,CPXM1,NCF1,0.9647351
307,536,CPXM1,MOGS,0.9632864
307,379,CPXM1,BCL2,0.9596052
307,277,CPXM1,MEF2C,0.95802927
307,257,CPXM1,UHRF1,0.9569423
307,281,CPXM1,TGM2,0.955764
307,380,CPXM1,NPDC1,0.955764
307,290,CPXM1,TMEM14C,0.95507926
307,252,CPXM1,HOXA9,0.950728
307,67,CPXM1,TEK,0.9498975
307,442,CPXM1,HLF,0.9498975
307,53,CPXM1,FCHO2,0.94823796
307,392,CPXM1,PBX1,0.94806856
307,445,CPXM1,IL1R1,0.9480413
307,302,CPXM1,MEIS1,0.9463443
307,498,CPXM1,DENND2D,0.94409883
307,44,CPXM1,NUDT19,0.9408957
307,85,CPXM1,MECOM,0.940678
307,398,CPXM1,APOE,0.94037706
307,541,CPXM1,PGR,0.94037706
307,116,CPXM1,TOP2A,0.94014835
307,459,CPXM1,IRF8,0.9370023
307,237,CPXM1,ELF1,0.9333533
307,190,CPXM1,TIPIN,0.92368114
307,145,CPXM1,HMGB2,0.9219743
307,42,CPXM1,DACH1,0.9116974
307,58,CPXM1,RARB,0.9065806
307,506,CPXM1,PRIM1,0.9039053
307,216,CPXM1,MCM7,0.897076
307,284,CPXM1,MAML3,0.8776884
187,527,CRACR2B,TUBB4B,0.98046
187,422,CRACR2B,RUNX2,0.9795426
187,518,CRACR2B,IL12A,0.97947603
187,550,CRACR2B,SPI1,0.9756881
187,116,CRACR2B,TOP2A,0.97448903
187,145,CRACR2B,HMGB2,0.9706527
187,190,CRACR2B,TIPIN,0.96841097
187,60,CRACR2B,CDT1,0.9682928
187,216,CRACR2B,MCM7,0.9672124
187,96,CRACR2B,SLBP,0.96613455
187,506,CRACR2B,PRIM1,0.96610016
187,525,CRACR2B,CD44,0.9641515
187,213,CRACR2B,MCM4,0.9623825
187,131,CRACR2B,CKS1B,0.96079654
187,335,CRACR2B,HDAC7,0.96038854
187,320,CRACR2B,MYC,0.96012473
187,68,CRACR2B,MKI67,0.9570531
187,367,CRACR2B,IL7R,0.9554131
187,267,CRACR2B,SLC2A3,0.94733566
187,324,CRACR2B,REL,0.9312709
187,530,CRACR2B,IKZF1,0.9263133
187,27,CRACR2B,HSD3B7,0.92277014
187,334,CRACR2B,CD74,0.92277014
187,118,CRACR2B,FOXO1,0.9225028
187,459,CRACR2B,IRF8,0.91288155
187,66,CRACR2B,CBFB,0.9089343
187,233,CRACR2B,NOTCH1,0.9076862
187,416,CRACR2B,GATA2,0.89417356
187,76,CRACR2B,ESR1,0.89000076
187,515,CRACR2B,NCF1,0.88823175
187,46,CRACR2B,VDR,0.8843222
187,536,CRACR2B,MOGS,0.8773865
187,445,CRACR2B,IL1R1,0.87211424
187,69,CRACR2B,MAGED1,0.86709267
187,221,CRACR2B,ARPP21,0.8655972
187,58,CRACR2B,RARB,0.86249256
187,277,CRACR2B,MEF2C,0.86097133
187,257,CRACR2B,UHRF1,0.8566004
187,281,CRACR2B,TGM2,0.854124
187,380,CRACR2B,NPDC1,0.854124
187,252,CRACR2B,HOXA9,0.85001075
187,379,CRACR2B,BCL2,0.84873784
187,442,CRACR2B,HLF,0.84769464
187,67,CRACR2B,TEK,0.83031243
187,290,CRACR2B,TMEM14C,0.83031243
187,53,CRACR2B,FCHO2,0.82715684
187,302,CRACR2B,MEIS1,0.8269957
187,498,CRACR2B,DENND2D,0.8213081
187,85,CRACR2B,MECOM,0.8100666
187,398,CRACR2B,APOE,0.8072326
217,527,CREG1,TUBB4B,0.9804482
217,422,CREG1,RUNX2,0.9795156
217,518,CREG1,IL12A,0.9794573
217,550,CREG1,SPI1,0.9775419
217,116,CREG1,TOP2A,0.9744888
217,525,CREG1,CD44,0.97241795
217,145,CREG1,HMGB2,0.9706331
217,233,CREG1,NOTCH1,0.97014475
217,190,CREG1,TIPIN,0.96839195
217,216,CREG1,MCM7,0.9671949
217,506,CREG1,PRIM1,0.9660805
217,60,CREG1,CDT1,0.96552783
217,96,CREG1,SLBP,0.9635558
217,213,CREG1,MCM4,0.9625164
217,131,CREG1,CKS1B,0.9607973
217,320,CREG1,MYC,0.959451
217,68,CREG1,MKI67,0.95707554
217,367,CREG1,IL7R,0.9552167
217,267,CREG1,SLC2A3,0.94998187
217,27,CREG1,HSD3B7,0.9446072
217,324,CREG1,REL,0.9313936
217,530,CREG1,IKZF1,0.9259667
217,334,CREG1,CD74,0.9224093
217,118,CREG1,FOXO1,0.9221475
217,53,CREG1,FCHO2,0.9132743
217,459,CREG1,IRF8,0.91241115
217,221,CREG1,ARPP21,0.9075741
217,46,CREG1,VDR,0.9026461
217,66,CREG1,CBFB,0.9026461
217,69,CREG1,MAGED1,0.89826274
217,416,CREG1,GATA2,0.89369905
217,76,CREG1,ESR1,0.88950634
217,335,CREG1,HDAC7,0.88650966
217,515,CREG1,NCF1,0.8819892
217,252,CREG1,HOXA9,0.8805257
217,536,CREG1,MOGS,0.87684935
217,58,CREG1,RARB,0.8617976
217,277,CREG1,MEF2C,0.8603895
217,257,CREG1,UHRF1,0.8558997
217,281,CREG1,TGM2,0.8535019
217,379,CREG1,BCL2,0.8481178
217,67,CREG1,TEK,0.82961243
217,290,CREG1,TMEM14C,0.82961243
217,442,CREG1,HLF,0.82961243
217,392,CREG1,PBX1,0.8265034
217,445,CREG1,IL1R1,0.82645017
217,302,CREG1,MEIS1,0.82635236
217,498,CREG1,DENND2D,0.82061315
217,44,CREG1,NUDT19,0.8153746
217,85,CREG1,MECOM,0.8093563
523,527,CRIP1,TUBB4B,0.9804033
523,422,CRIP1,RUNX2,0.9795156
523,518,CRIP1,IL12A,0.9794573
523,116,CRIP1,TOP2A,0.9744888
523,525,CRIP1,CD44,0.97241795
523,145,CRIP1,HMGB2,0.9719229
523,233,CRIP1,NOTCH1,0.97014475
523,550,CRIP1,SPI1,0.9682758
523,216,CRIP1,MCM7,0.9671949
523,190,CRIP1,TIPIN,0.9669248
523,506,CRIP1,PRIM1,0.9660805
523,96,CRIP1,SLBP,0.9635566
523,213,CRIP1,MCM4,0.96253204
523,60,CRIP1,CDT1,0.9607973
523,131,CRIP1,CKS1B,0.9607973
523,335,CRIP1,HDAC7,0.9602129
523,320,CRIP1,MYC,0.9599392
523,68,CRIP1,MKI67,0.95707554
523,367,CRIP1,IL7R,0.9552167
523,267,CRIP1,SLC2A3,0.94998187
523,324,CRIP1,REL,0.9312972
523,530,CRIP1,IKZF1,0.9259667
523,27,CRIP1,HSD3B7,0.9224093
523,334,CRIP1,CD74,0.9224093
523,118,CRIP1,FOXO1,0.9221475
523,459,CRIP1,IRF8,0.91241115
523,66,CRIP1,CBFB,0.9026461
523,46,CRIP1,VDR,0.90241784
523,69,CRIP1,MAGED1,0.89826274
523,416,CRIP1,GATA2,0.89369905
523,76,CRIP1,ESR1,0.88950634
523,221,CRIP1,ARPP21,0.88841397
523,515,CRIP1,NCF1,0.8819892
523,536,CRIP1,MOGS,0.87684935
523,58,CRIP1,RARB,0.8617976
523,277,CRIP1,MEF2C,0.8603895
523,257,CRIP1,UHRF1,0.85598487
523,380,CRIP1,NPDC1,0.8535019
523,252,CRIP1,HOXA9,0.84943974
523,379,CRIP1,BCL2,0.8481178
523,281,CRIP1,TGM2,0.84568316
523,67,CRIP1,TEK,0.82961243
523,290,CRIP1,TMEM14C,0.82961243
523,442,CRIP1,HLF,0.82961243
523,392,CRIP1,PBX1,0.8265034
523,53,CRIP1,FCHO2,0.82645017
523,445,CRIP1,IL1R1,0.82645017
523,302,CRIP1,MEIS1,0.82635236
523,498,CRIP1,DENND2D,0.82061315
523,85,CRIP1,MECOM,0.8093563
120,527,CSF3R,TUBB4B,0.9804482
120,422,CSF3R,RUNX2,0.97951335
120,518,CSF3R,IL12A,0.9794573
120,550,CSF3R,SPI1,0.9756468
120,116,CSF3R,TOP2A,0.9744888
120,525,CSF3R,CD44,0.97241795
120,145,CSF3R,HMGB2,0.9706331
120,233,CSF3R,NOTCH1,0.97014475
120,190,CSF3R,TIPIN,0.96839195
120,216,CSF3R,MCM7,0.9671949
120,506,CSF3R,PRIM1,0.9660805
120,96,CSF3R,SLBP,0.9635766
120,213,CSF3R,MCM4,0.96235734
120,60,CSF3R,CDT1,0.9607973
120,131,CSF3R,CKS1B,0.9607973
120,335,CSF3R,HDAC7,0.96017826
120,320,CSF3R,MYC,0.9599392
120,68,CSF3R,MKI67,0.9570386
120,267,CSF3R,SLC2A3,0.94998187
120,27,CSF3R,HSD3B7,0.9404939
120,324,CSF3R,REL,0.9312972
120,530,CSF3R,IKZF1,0.9259667
120,334,CSF3R,CD74,0.9224093
120,118,CSF3R,FOXO1,0.9217096
120,459,CSF3R,IRF8,0.9122835
120,46,CSF3R,VDR,0.9026461
120,66,CSF3R,CBFB,0.9026461
120,367,CSF3R,IL7R,0.90143245
120,221,CSF3R,ARPP21,0.8989266
120,69,CSF3R,MAGED1,0.8985098
120,416,CSF3R,GATA2,0.89369905
120,76,CSF3R,ESR1,0.88950634
120,536,CSF3R,MOGS,0.8767982
120,58,CSF3R,RARB,0.8617976
120,277,CSF3R,MEF2C,0.8603895
120,257,CSF3R,UHRF1,0.8561747
120,515,CSF3R,NCF1,0.8542006
120,281,CSF3R,TGM2,0.8535019
120,380,CSF3R,NPDC1,0.8535019
120,252,CSF3R,HOXA9,0.84943974
120,379,CSF3R,BCL2,0.8481178
120,290,CSF3R,TMEM14C,0.82961243
120,442,CSF3R,HLF,0.82961243
120,67,CSF3R,TEK,0.8295973
120,392,CSF3R,PBX1,0.8265034
120,445,CSF3R,IL1R1,0.82645017
120,302,CSF3R,MEIS1,0.82635236
120,53,CSF3R,FCHO2,0.82216334
120,498,CSF3R,DENND2D,0.82061315
120,85,CSF3R,MECOM,0.8093563
558,527,CSGALNACT1,TUBB4B,0.9804482
558,422,CSGALNACT1,RUNX2,0.9795156
558,518,CSGALNACT1,IL12A,0.9794573
558,550,CSGALNACT1,SPI1,0.9756468
558,116,CSGALNACT1,TOP2A,0.9744888
558,525,CSGALNACT1,CD44,0.97241783
558,145,CSGALNACT1,HMGB2,0.9706331
558,233,CSGALNACT1,NOTCH1,0.97014475
558,190,CSGALNACT1,TIPIN,0.96839195
558,216,CSGALNACT1,MCM7,0.9671949
558,506,CSGALNACT1,PRIM1,0.9660805
558,96,CSGALNACT1,SLBP,0.9635566
558,213,CSGALNACT1,MCM4,0.9625194
558,131,CSGALNACT1,CKS1B,0.9607973
558,320,CSGALNACT1,MYC,0.95992523
558,60,CSGALNACT1,CDT1,0.9587652
558,68,CSGALNACT1,MKI67,0.95707554
558,367,CSGALNACT1,IL7R,0.9552167
558,267,CSGALNACT1,SLC2A3,0.94998187
558,324,CSGALNACT1,REL,0.9312972
558,530,CSGALNACT1,IKZF1,0.9259667
558,118,CSGALNACT1,FOXO1,0.92242444
558,27,CSGALNACT1,HSD3B7,0.9224093
558,334,CSGALNACT1,CD74,0.9224093
558,221,CSGALNACT1,ARPP21,0.9153675
558,459,CSGALNACT1,IRF8,0.91241115
558,46,CSGALNACT1,VDR,0.9026461
558,66,CSGALNACT1,CBFB,0.9026461
558,416,CSGALNACT1,GATA2,0.9013178
558,69,CSGALNACT1,MAGED1,0.89826274
558,76,CSGALNACT1,ESR1,0.89534956
558,335,CSGALNACT1,HDAC7,0.89254755
558,515,CSGALNACT1,NCF1,0.8819892
558,536,CSGALNACT1,MOGS,0.87684935
558,58,CSGALNACT1,RARB,0.8617976
558,277,CSGALNACT1,MEF2C,0.8603895
558,445,CSGALNACT1,IL1R1,0.85951686
558,257,CSGALNACT1,UHRF1,0.85598487
558,281,CSGALNACT1,TGM2,0.8535019
558,380,CSGALNACT1,NPDC1,0.8535019
558,252,CSGALNACT1,HOXA9,0.84943974
558,379,CSGALNACT1,BCL2,0.8481178
558,284,CSGALNACT1,MAML3,0.8369308
558,67,CSGALNACT1,TEK,0.82974154
558,290,CSGALNACT1,TMEM14C,0.82961243
558,442,CSGALNACT1,HLF,0.8295423
558,392,CSGALNACT1,PBX1,0.8265034
558,53,CSGALNACT1,FCHO2,0.82645017
558,302,CSGALNACT1,MEIS1,0.82635236
558,498,CSGALNACT1,DENND2D,0.82061315
211,527,CST7,TUBB4B,0.98178643
211,518,CST7,IL12A,0.9816109
211,422,CST7,RUNX2,0.98125744
211,550,CST7,SPI1,0.97925466
211,525,CST7,CD44,0.9766371
211,116,CST7,TOP2A,0.97530013
211,233,CST7,NOTCH1,0.97474355
211,320,CST7,MYC,0.96996886
211,335,CST7,HDAC7,0.9698814
211,145,CST7,HMGB2,0.96866757
211,367,CST7,IL7R,0.9676774
211,190,CST7,TIPIN,0.9650016
211,216,CST7,MCM7,0.96228945
211,267,CST7,SLC2A3,0.961808
211,530,CST7,IKZF1,0.96151733
211,27,CST7,HSD3B7,0.95830697
211,334,CST7,CD74,0.95830697
211,96,CST7,SLBP,0.95638555
211,213,CST7,MCM4,0.9557147
211,118,CST7,FOXO1,0.9540038
211,60,CST7,CDT1,0.95068234
211,131,CST7,CKS1B,0.95068234
211,69,CST7,MAGED1,0.94993186
211,46,CST7,VDR,0.94969314
211,66,CST7,CBFB,0.94969314
211,416,CST7,GATA2,0.94765466
211,506,CST7,PRIM1,0.9458262
211,76,CST7,ESR1,0.94535536
211,459,CST7,IRF8,0.9448537
211,221,CST7,ARPP21,0.94460243
211,515,CST7,NCF1,0.9440897
211,68,CST7,MKI67,0.94249934
211,536,CST7,MOGS,0.94175285
211,277,CST7,MEF2C,0.9358013
211,379,CST7,BCL2,0.93141824
211,257,CST7,UHRF1,0.9294785
211,281,CST7,TGM2,0.92928445
211,380,CST7,NPDC1,0.92927456
211,252,CST7,HOXA9,0.9246341
211,67,CST7,TEK,0.9220772
211,290,CST7,TMEM14C,0.9220772
211,442,CST7,HLF,0.9220772
211,58,CST7,RARB,0.9208426
211,53,CST7,FCHO2,0.9202817
211,445,CST7,IL1R1,0.9202817
211,302,CST7,MEIS1,0.91992635
211,498,CST7,DENND2D,0.91612464
211,85,CST7,MECOM,0.9132557
211,398,CST7,APOE,0.90934694
211,541,CST7,PGR,0.90934694
538,527,CTNNAL1,TUBB4B,0.9804482
538,422,CTNNAL1,RUNX2,0.9795156
538,518,CTNNAL1,IL12A,0.9794573
538,550,CTNNAL1,SPI1,0.9756468
538,116,CTNNAL1,TOP2A,0.9744888
538,525,CTNNAL1,CD44,0.97241795
538,145,CTNNAL1,HMGB2,0.97059643
538,233,CTNNAL1,NOTCH1,0.97014475
538,190,CTNNAL1,TIPIN,0.96839195
538,213,CTNNAL1,MCM4,0.9674009
538,216,CTNNAL1,MCM7,0.9671949
538,506,CTNNAL1,PRIM1,0.9660805
538,96,CTNNAL1,SLBP,0.9635566
538,60,CTNNAL1,CDT1,0.9607973
538,131,CTNNAL1,CKS1B,0.9607973
538,335,CTNNAL1,HDAC7,0.9602129
538,320,CTNNAL1,MYC,0.9599392
538,68,CTNNAL1,MKI67,0.9571073
538,367,CTNNAL1,IL7R,0.9552167
538,267,CTNNAL1,SLC2A3,0.94998187
538,324,CTNNAL1,REL,0.9312972
538,530,CTNNAL1,IKZF1,0.93010503
538,27,CTNNAL1,HSD3B7,0.9224093
538,334,CTNNAL1,CD74,0.9224093
538,118,CTNNAL1,FOXO1,0.9221475
538,459,CTNNAL1,IRF8,0.9124426
538,221,CTNNAL1,ARPP21,0.9078995
538,66,CTNNAL1,CBFB,0.902572
538,69,CTNNAL1,MAGED1,0.89826274
538,416,CTNNAL1,GATA2,0.89369905
538,76,CTNNAL1,ESR1,0.88950634
538,46,CTNNAL1,VDR,0.8842543
538,515,CTNNAL1,NCF1,0.88185686
538,536,CTNNAL1,MOGS,0.87684935
538,53,CTNNAL1,FCHO2,0.872478
538,58,CTNNAL1,RARB,0.8617976
538,277,CTNNAL1,MEF2C,0.8603895
538,257,CTNNAL1,UHRF1,0.85598487
538,281,CTNNAL1,TGM2,0.8535019
538,380,CTNNAL1,NPDC1,0.8535019
538,252,CTNNAL1,HOXA9,0.84943974
538,379,CTNNAL1,BCL2,0.8481178
538,442,CTNNAL1,HLF,0.8300135
538,67,CTNNAL1,TEK,0.82961243
538,290,CTNNAL1,TMEM14C,0.82961243
538,392,CTNNAL1,PBX1,0.8265034
538,445,CTNNAL1,IL1R1,0.82645017
538,302,CTNNAL1,MEIS1,0.82635236
538,498,CTNNAL1,DENND2D,0.82061315
538,85,CTNNAL1,MECOM,0.8093563
197,527,CTR9,TUBB4B,0.9804482
197,422,CTR9,RUNX2,0.9795156
197,518,CTR9,IL12A,0.97946715
197,550,CTR9,SPI1,0.9756468
197,116,CTR9,TOP2A,0.9744888
197,525,CTR9,CD44,0.97095954
197,145,CTR9,HMGB2,0.9706331
197,233,CTR9,NOTCH1,0.9704203
197,190,CTR9,TIPIN,0.96839195
197,216,CTR9,MCM7,0.9672028
197,96,CTR9,SLBP,0.9635566
197,213,CTR9,MCM4,0.9625164
197,320,CTR9,MYC,0.96238226
197,506,CTR9,PRIM1,0.96188307
197,60,CTR9,CDT1,0.9607973
197,131,CTR9,CKS1B,0.9607973
197,335,CTR9,HDAC7,0.9602129
197,68,CTR9,MKI67,0.95707554
197,367,CTR9,IL7R,0.9552167
197,267,CTR9,SLC2A3,0.94998187
197,530,CTR9,IKZF1,0.9338483
197,324,CTR9,REL,0.9312972
197,27,CTR9,HSD3B7,0.9224093
197,334,CTR9,CD74,0.9223726
197,118,CTR9,FOXO1,0.9221475
197,459,CTR9,IRF8,0.91241115
197,221,CTR9,ARPP21,0.90789133
197,66,CTR9,CBFB,0.9026461
197,46,CTR9,VDR,0.90241784
197,67,CTR9,TEK,0.89941174
197,69,CTR9,MAGED1,0.89826274
197,416,CTR9,GATA2,0.89369905
197,76,CTR9,ESR1,0.88950634
197,515,CTR9,NCF1,0.8819892
197,536,CTR9,MOGS,0.8768202
197,58,CTR9,RARB,0.8617976
197,277,CTR9,MEF2C,0.8603895
197,257,CTR9,UHRF1,0.85598487
197,281,CTR9,TGM2,0.8535019
197,380,CTR9,NPDC1,0.8535019
197,252,CTR9,HOXA9,0.84943974
197,379,CTR9,BCL2,0.848639
197,442,CTR9,HLF,0.82961243
197,290,CTR9,TMEM14C,0.8289425
197,392,CTR9,PBX1,0.8265034
197,53,CTR9,FCHO2,0.82645017
197,302,CTR9,MEIS1,0.82635236
197,445,CTR9,IL1R1,0.8258423
197,498,CTR9,DENND2D,0.82061315
197,85,CTR9,MECOM,0.8093563
553,527,CTSB,TUBB4B,0.9804482
553,422,CTSB,RUNX2,0.9795156
553,518,CTSB,IL12A,0.9794573
553,550,CTSB,SPI1,0.9756468
553,116,CTSB,TOP2A,0.9744888
553,525,CTSB,CD44,0.9726795
553,145,CTSB,HMGB2,0.9706331
553,233,CTSB,NOTCH1,0.97014475
553,96,CTSB,SLBP,0.969067
553,190,CTSB,TIPIN,0.9683869
553,216,CTSB,MCM7,0.9671949
553,506,CTSB,PRIM1,0.9660805
553,213,CTSB,MCM4,0.9625164
553,60,CTSB,CDT1,0.9607973
553,131,CTSB,CKS1B,0.9607973
553,335,CTSB,HDAC7,0.9602129
553,320,CTSB,MYC,0.9599392
553,68,CTSB,MKI67,0.95707554
553,367,CTSB,IL7R,0.9552167
553,324,CTSB,REL,0.9312972
553,530,CTSB,IKZF1,0.9311726
553,334,CTSB,CD74,0.9224093
553,27,CTSB,HSD3B7,0.922138
553,118,CTSB,FOXO1,0.9220129
553,459,CTSB,IRF8,0.91241115
553,69,CTSB,MAGED1,0.911765
553,221,CTSB,ARPP21,0.9078995
553,46,CTSB,VDR,0.9026461
553,66,CTSB,CBFB,0.9026461
553,416,CTSB,GATA2,0.89369905
553,76,CTSB,ESR1,0.88950634
553,515,CTSB,NCF1,0.8819892
553,536,CTSB,MOGS,0.87684935
553,58,CTSB,RARB,0.8616021
553,379,CTSB,BCL2,0.86103505
553,277,CTSB,MEF2C,0.8603895
553,257,CTSB,UHRF1,0.85598487
553,281,CTSB,TGM2,0.8535019
553,380,CTSB,NPDC1,0.8535019
553,252,CTSB,HOXA9,0.84943974
553,267,CTSB,SLC2A3,0.8485291
553,445,CTSB,IL1R1,0.84265953
553,67,CTSB,TEK,0.82961243
553,442,CTSB,HLF,0.82961243
553,290,CTSB,TMEM14C,0.8295423
553,302,CTSB,MEIS1,0.82635236
553,392,CTSB,PBX1,0.8258957
553,498,CTSB,DENND2D,0.82061315
553,85,CTSB,MECOM,0.8093563
553,541,CTSB,PGR,0.8071242
184,527,CTSF,TUBB4B,0.9804482
184,422,CTSF,RUNX2,0.9795156
184,518,CTSF,IL12A,0.9794573
184,550,CTSF,SPI1,0.9756468
184,116,CTSF,TOP2A,0.9744888
184,145,CTSF,HMGB2,0.9706331
184,190,CTSF,TIPIN,0.96839195
184,60,CTSF,CDT1,0.96826553
184,216,CTSF,MCM7,0.9671949
184,96,CTSF,SLBP,0.9661154
184,506,CTSF,PRIM1,0.9660805
184,525,CTSF,CD44,0.96401924
184,213,CTSF,MCM4,0.9623666
184,131,CTSF,CKS1B,0.9607809
184,335,CTSF,HDAC7,0.9602129
184,320,CTSF,MYC,0.9599392
184,68,CTSF,MKI67,0.95707554
184,367,CTSF,IL7R,0.9552167
184,267,CTSF,SLC2A3,0.9470839
184,324,CTSF,REL,0.9312972
184,530,CTSF,IKZF1,0.9259667
184,27,CTSF,HSD3B7,0.9224093
184,334,CTSF,CD74,0.9224093
184,118,CTSF,FOXO1,0.9221475
184,459,CTSF,IRF8,0.91241115
184,66,CTSF,CBFB,0.9085503
184,233,CTSF,NOTCH1,0.90727675
184,416,CTSF,GATA2,0.89369905
184,76,CTSF,ESR1,0.88950634
184,515,CTSF,NCF1,0.8877356
184,46,CTSF,VDR,0.8838635
184,536,CTSF,MOGS,0.87684935
184,445,CTSF,IL1R1,0.8715195
184,69,CTSF,MAGED1,0.8665095
184,221,CTSF,ARPP21,0.8649988
184,58,CTSF,RARB,0.8617976
184,277,CTSF,MEF2C,0.8603895
184,257,CTSF,UHRF1,0.85598487
184,281,CTSF,TGM2,0.8535019
184,380,CTSF,NPDC1,0.8535019
184,252,CTSF,HOXA9,0.84943974
184,379,CTSF,BCL2,0.8481178
184,442,CTSF,HLF,0.84705025
184,67,CTSF,TEK,0.82961243
184,290,CTSF,TMEM14C,0.82961243
184,53,CTSF,FCHO2,0.82645017
184,302,CTSF,MEIS1,0.82635236
184,498,CTSF,DENND2D,0.82061315
184,85,CTSF,MECOM,0.8093563
184,398,CTSF,APOE,0.8065768
152,527,CTSG,TUBB4B,0.9804678
152,422,CTSG,RUNX2,0.9795156
152,518,CTSG,IL12A,0.9794573
152,550,CTSG,SPI1,0.9756468
152,116,CTSG,TOP2A,0.97451246
152,525,CTSG,CD44,0.97241795
152,145,CTSG,HMGB2,0.9706331
152,233,CTSG,NOTCH1,0.97014475
152,190,CTSG,TIPIN,0.96839195
152,216,CTSG,MCM7,0.9671949
152,506,CTSG,PRIM1,0.9660805
152,96,CTSG,SLBP,0.9635566
152,213,CTSG,MCM4,0.9625164
152,60,CTSG,CDT1,0.9607973
152,131,CTSG,CKS1B,0.9607973
152,335,CTSG,HDAC7,0.9602129
152,320,CTSG,MYC,0.9600609
152,68,CTSG,MKI67,0.95707554
152,367,CTSG,IL7R,0.9552167
152,267,CTSG,SLC2A3,0.94388354
152,324,CTSG,REL,0.9312972
152,530,CTSG,IKZF1,0.9259667
152,27,CTSG,HSD3B7,0.9224093
152,334,CTSG,CD74,0.9223726
152,118,CTSG,FOXO1,0.9221475
152,221,CTSG,ARPP21,0.90799195
152,46,CTSG,VDR,0.9026461
152,66,CTSG,CBFB,0.9026461
152,69,CTSG,MAGED1,0.89826274
152,416,CTSG,GATA2,0.89369905
152,459,CTSG,IRF8,0.89035726
152,76,CTSG,ESR1,0.8894898
152,515,CTSG,NCF1,0.8819892
152,536,CTSG,MOGS,0.87684935
152,277,CTSG,MEF2C,0.86934394
152,302,CTSG,MEIS1,0.8685238
152,58,CTSG,RARB,0.8617976
152,257,CTSG,UHRF1,0.85598916
152,380,CTSG,NPDC1,0.8535019
152,281,CTSG,TGM2,0.85331684
152,252,CTSG,HOXA9,0.84943974
152,379,CTSG,BCL2,0.8481178
152,67,CTSG,TEK,0.82961243
152,290,CTSG,TMEM14C,0.82961243
152,442,CTSG,HLF,0.82961243
152,392,CTSG,PBX1,0.82645714
152,445,CTSG,IL1R1,0.82645017
152,53,CTSG,FCHO2,0.8258423
152,498,CTSG,DENND2D,0.82061315
152,398,CTSG,APOE,0.81567657
511,527,CTSH,TUBB4B,0.9804482
511,422,CTSH,RUNX2,0.9778488
511,116,CTSH,TOP2A,0.9744888
511,525,CTSH,CD44,0.97241795
511,145,CTSH,HMGB2,0.9706331
511,233,CTSH,NOTCH1,0.97014475
511,190,CTSH,TIPIN,0.96839195
511,216,CTSH,MCM7,0.9671949
511,506,CTSH,PRIM1,0.9660805
511,96,CTSH,SLBP,0.9635566
511,213,CTSH,MCM4,0.9625164
511,550,CTSH,SPI1,0.9625
511,60,CTSH,CDT1,0.9607973
511,131,CTSH,CKS1B,0.9607973
511,518,CTSH,IL12A,0.96062654
511,335,CTSH,HDAC7,0.9600769
511,320,CTSH,MYC,0.9599392
511,68,CTSH,MKI67,0.9566911
511,367,CTSH,IL7R,0.9552167
511,267,CTSH,SLC2A3,0.94998187
511,324,CTSH,REL,0.9312972
511,66,CTSH,CBFB,0.92645776
511,530,CTSH,IKZF1,0.9259667
511,27,CTSH,HSD3B7,0.9224093
511,334,CTSH,CD74,0.92238384
511,118,CTSH,FOXO1,0.9221475
511,459,CTSH,IRF8,0.91241115
511,221,CTSH,ARPP21,0.9078995
511,46,CTSH,VDR,0.9026461
511,69,CTSH,MAGED1,0.89811033
511,416,CTSH,GATA2,0.89369905
511,76,CTSH,ESR1,0.88931614
511,380,CTSH,NPDC1,0.8886851
511,515,CTSH,NCF1,0.8819892
511,536,CTSH,MOGS,0.87684935
511,58,CTSH,RARB,0.8617976
511,277,CTSH,MEF2C,0.8603895
511,257,CTSH,UHRF1,0.85598487
511,281,CTSH,TGM2,0.8535019
511,252,CTSH,HOXA9,0.84943974
511,379,CTSH,BCL2,0.8481178
511,290,CTSH,TMEM14C,0.82974154
511,67,CTSH,TEK,0.82961243
511,442,CTSH,HLF,0.82949626
511,53,CTSH,FCHO2,0.82645017
511,445,CTSH,IL1R1,0.82645017
511,302,CTSH,MEIS1,0.82635236
511,541,CTSH,PGR,0.8253027
511,498,CTSH,DENND2D,0.82061315
511,85,CTSH,MECOM,0.8093563
522,367,CTSL,IL7R,0.978962
522,233,CTSL,NOTCH1,0.97832286
522,335,CTSL,HDAC7,0.9767999
522,320,CTSL,MYC,0.9767884
522,267,CTSL,SLC2A3,0.9752476
522,518,CTSL,IL12A,0.97419816
522,422,CTSL,RUNX2,0.9738662
522,530,CTSL,IKZF1,0.9734658
522,118,CTSL,FOXO1,0.9733812
522,27,CTSL,HSD3B7,0.97304
522,334,CTSL,CD74,0.97304
522,550,CTSL,SPI1,0.9727358
522,527,CTSL,TUBB4B,0.9703358
522,66,CTSL,CBFB,0.96692735
522,46,CTSL,VDR,0.96687126
522,416,CTSL,GATA2,0.9666381
522,69,CTSL,MAGED1,0.9660212
522,525,CTSL,CD44,0.9659878
522,76,CTSL,ESR1,0.96572876
522,515,CTSL,NCF1,0.9632528
522,221,CTSL,ARPP21,0.9625432
522,536,CTSL,MOGS,0.9617036
522,277,CTSL,MEF2C,0.95605606
522,257,CTSL,UHRF1,0.95437
522,379,CTSL,BCL2,0.9538503
522,380,CTSL,NPDC1,0.95323426
522,116,CTSL,TOP2A,0.95217645
522,281,CTSL,TGM2,0.95147175
522,252,CTSL,HOXA9,0.9483739
522,67,CTSL,TEK,0.9470699
522,290,CTSL,TMEM14C,0.9470699
522,442,CTSL,HLF,0.9470699
522,392,CTSL,PBX1,0.94505984
522,53,CTSL,FCHO2,0.94503003
522,445,CTSL,IL1R1,0.94503003
522,302,CTSL,MEIS1,0.9426868
522,498,CTSL,DENND2D,0.9401344
522,44,CTSL,NUDT19,0.93741876
522,398,CTSL,APOE,0.93741876
522,85,CTSL,MECOM,0.936352
522,145,CTSL,HMGB2,0.93280375
522,459,CTSL,IRF8,0.93099177
522,237,CTSL,ELF1,0.9288751
522,190,CTSL,TIPIN,0.91470563
522,541,CTSL,PGR,0.91073006
522,42,CTSL,DACH1,0.9060428
522,506,CTSL,PRIM1,0.90102726
522,216,CTSL,MCM7,0.89271563
522,58,CTSL,RARB,0.87026465
522,284,CTSL,MAML3,0.86706924
218,527,CTSS,TUBB4B,0.9804482
218,422,CTSS,RUNX2,0.9795156
218,518,CTSS,IL12A,0.9794573
218,550,CTSS,SPI1,0.9775419
218,116,CTSS,TOP2A,0.9744888
218,525,CTSS,CD44,0.97241795
218,145,CTSS,HMGB2,0.9706331
218,233,CTSS,NOTCH1,0.97014475
218,190,CTSS,TIPIN,0.96839195
218,216,CTSS,MCM7,0.9671949
218,506,CTSS,PRIM1,0.9660805
218,60,CTSS,CDT1,0.96552783
218,96,CTSS,SLBP,0.9635558
218,213,CTSS,MCM4,0.9625164
218,131,CTSS,CKS1B,0.9607973
218,320,CTSS,MYC,0.959451
218,68,CTSS,MKI67,0.95707554
218,367,CTSS,IL7R,0.9552167
218,267,CTSS,SLC2A3,0.94998187
218,27,CTSS,HSD3B7,0.9446072
218,324,CTSS,REL,0.9313936
218,530,CTSS,IKZF1,0.9259667
218,334,CTSS,CD74,0.9224093
218,118,CTSS,FOXO1,0.9221475
218,53,CTSS,FCHO2,0.9132743
218,459,CTSS,IRF8,0.91241115
218,221,CTSS,ARPP21,0.9075741
218,46,CTSS,VDR,0.9026461
218,66,CTSS,CBFB,0.9026461
218,69,CTSS,MAGED1,0.89826274
218,416,CTSS,GATA2,0.89369905
218,76,CTSS,ESR1,0.88950634
218,335,CTSS,HDAC7,0.88650966
218,515,CTSS,NCF1,0.8819892
218,252,CTSS,HOXA9,0.8805257
218,536,CTSS,MOGS,0.87684935
218,58,CTSS,RARB,0.8617976
218,277,CTSS,MEF2C,0.8603895
218,257,CTSS,UHRF1,0.8558997
218,281,CTSS,TGM2,0.8535019
218,379,CTSS,BCL2,0.8481178
218,67,CTSS,TEK,0.82961243
218,290,CTSS,TMEM14C,0.82961243
218,442,CTSS,HLF,0.82961243
218,392,CTSS,PBX1,0.8265034
218,445,CTSS,IL1R1,0.82645017
218,302,CTSS,MEIS1,0.82635236
218,498,CTSS,DENND2D,0.82061315
218,44,CTSS,NUDT19,0.8153746
218,85,CTSS,MECOM,0.8093563
124,422,CTSW,RUNX2,0.9795156
124,518,CTSW,IL12A,0.9794573
124,527,CTSW,TUBB4B,0.9790491
124,550,CTSW,SPI1,0.9756468
124,116,CTSW,TOP2A,0.9744888
124,525,CTSW,CD44,0.97241795
124,145,CTSW,HMGB2,0.9706331
124,233,CTSW,NOTCH1,0.97014475
124,190,CTSW,TIPIN,0.96839195
124,216,CTSW,MCM7,0.9671949
124,506,CTSW,PRIM1,0.9660805
124,96,CTSW,SLBP,0.9635766
124,335,CTSW,HDAC7,0.9624479
124,213,CTSW,MCM4,0.96235734
124,60,CTSW,CDT1,0.9607973
124,131,CTSW,CKS1B,0.9607973
124,320,CTSW,MYC,0.9599392
124,68,CTSW,MKI67,0.9570386
124,367,CTSW,IL7R,0.9552167
124,267,CTSW,SLC2A3,0.94998187
124,27,CTSW,HSD3B7,0.9404939
124,324,CTSW,REL,0.93116575
124,530,CTSW,IKZF1,0.9259667
124,334,CTSW,CD74,0.92260367
124,118,CTSW,FOXO1,0.9217096
124,459,CTSW,IRF8,0.91241115
124,46,CTSW,VDR,0.9026461
124,66,CTSW,CBFB,0.9026461
124,221,CTSW,ARPP21,0.8989266
124,69,CTSW,MAGED1,0.8985098
124,416,CTSW,GATA2,0.89369905
124,76,CTSW,ESR1,0.88950634
124,515,CTSW,NCF1,0.8819892
124,536,CTSW,MOGS,0.87684935
124,58,CTSW,RARB,0.8617976
124,277,CTSW,MEF2C,0.8603895
124,257,CTSW,UHRF1,0.8561747
124,281,CTSW,TGM2,0.8535019
124,380,CTSW,NPDC1,0.8535019
124,252,CTSW,HOXA9,0.84943974
124,379,CTSW,BCL2,0.8481178
124,442,CTSW,HLF,0.8298682
124,290,CTSW,TMEM14C,0.82961243
124,67,CTSW,TEK,0.8295973
124,392,CTSW,PBX1,0.8265034
124,445,CTSW,IL1R1,0.82645017
124,302,CTSW,MEIS1,0.82635236
124,53,CTSW,FCHO2,0.82216334
124,498,CTSW,DENND2D,0.8206618
124,85,CTSW,MECOM,0.8093563
493,527,CTTN,TUBB4B,0.9804482
493,422,CTTN,RUNX2,0.9795156
493,518,CTTN,IL12A,0.9794573
493,550,CTTN,SPI1,0.9756468
493,116,CTTN,TOP2A,0.97448957
493,145,CTTN,HMGB2,0.9721621
493,233,CTTN,NOTCH1,0.97014475
493,190,CTTN,TIPIN,0.96839195
493,216,CTTN,MCM7,0.96719766
493,506,CTTN,PRIM1,0.9660805
493,96,CTTN,SLBP,0.9635566
493,320,CTTN,MYC,0.961623
493,131,CTTN,CKS1B,0.9608346
493,60,CTTN,CDT1,0.9607973
493,335,CTTN,HDAC7,0.9602129
493,68,CTTN,MKI67,0.95707554
493,367,CTTN,IL7R,0.9552167
493,267,CTTN,SLC2A3,0.94998187
493,213,CTTN,MCM4,0.94943076
493,324,CTTN,REL,0.9312972
493,525,CTTN,CD44,0.92805046
493,221,CTTN,ARPP21,0.9268834
493,530,CTTN,IKZF1,0.9259667
493,334,CTTN,CD74,0.9224093
493,27,CTTN,HSD3B7,0.9223726
493,118,CTTN,FOXO1,0.9221475
493,536,CTTN,MOGS,0.9060153
493,66,CTTN,CBFB,0.9027629
493,46,CTTN,VDR,0.9026461
493,69,CTTN,MAGED1,0.89826274
493,416,CTTN,GATA2,0.89369905
493,459,CTTN,IRF8,0.89035726
493,76,CTTN,ESR1,0.88950634
493,515,CTTN,NCF1,0.8819892
493,277,CTTN,MEF2C,0.8644381
493,58,CTTN,RARB,0.8617976
493,281,CTTN,TGM2,0.8535019
493,380,CTTN,NPDC1,0.8535019
493,252,CTTN,HOXA9,0.84943974
493,379,CTTN,BCL2,0.8481178
493,290,CTTN,TMEM14C,0.82961243
493,442,CTTN,HLF,0.82961243
493,67,CTTN,TEK,0.8295973
493,392,CTTN,PBX1,0.8265034
493,53,CTTN,FCHO2,0.82645017
493,445,CTTN,IL1R1,0.82645017
493,302,CTTN,MEIS1,0.82635236
493,42,CTTN,DACH1,0.82240593
493,498,CTTN,DENND2D,0.82061315
493,85,CTTN,MECOM,0.8093563
52,527,CYFIP2,TUBB4B,0.9804293
52,422,CYFIP2,RUNX2,0.97950363
52,518,CYFIP2,IL12A,0.97945595
52,550,CYFIP2,SPI1,0.9756463
52,116,CYFIP2,TOP2A,0.97448325
52,525,CYFIP2,CD44,0.97241735
52,145,CYFIP2,HMGB2,0.97062624
52,233,CYFIP2,NOTCH1,0.96926135
52,190,CYFIP2,TIPIN,0.9683847
52,216,CYFIP2,MCM7,0.967166
52,506,CYFIP2,PRIM1,0.96608704
52,320,CYFIP2,MYC,0.96395063
52,96,CYFIP2,SLBP,0.9635482
52,213,CYFIP2,MCM4,0.96250784
52,131,CYFIP2,CKS1B,0.9607883
52,60,CYFIP2,CDT1,0.960786
52,335,CYFIP2,HDAC7,0.9602173
52,68,CYFIP2,MKI67,0.95706177
52,367,CYFIP2,IL7R,0.9540788
52,267,CYFIP2,SLC2A3,0.9499878
52,324,CYFIP2,REL,0.9312782
52,530,CYFIP2,IKZF1,0.9259779
52,27,CYFIP2,HSD3B7,0.922421
52,334,CYFIP2,CD74,0.922421
52,118,CYFIP2,FOXO1,0.9221591
52,221,CYFIP2,ARPP21,0.91406316
52,459,CYFIP2,IRF8,0.9124108
52,46,CYFIP2,VDR,0.90266114
52,66,CYFIP2,CBFB,0.90266114
52,69,CYFIP2,MAGED1,0.89833236
52,416,CYFIP2,GATA2,0.8937156
52,76,CYFIP2,ESR1,0.88952345
52,515,CYFIP2,NCF1,0.88164306
52,536,CYFIP2,MOGS,0.8768688
52,58,CYFIP2,RARB,0.87601936
52,302,CYFIP2,MEIS1,0.86854464
52,277,CYFIP2,MEF2C,0.8604117
52,257,CYFIP2,UHRF1,0.85600734
52,380,CYFIP2,NPDC1,0.8535247
52,281,CYFIP2,TGM2,0.85341257
52,252,CYFIP2,HOXA9,0.8494639
52,379,CYFIP2,BCL2,0.8481417
52,67,CYFIP2,TEK,0.82963926
52,442,CYFIP2,HLF,0.82963926
52,392,CYFIP2,PBX1,0.82653075
52,445,CYFIP2,IL1R1,0.8264777
52,53,CYFIP2,FCHO2,0.8264776
52,498,CYFIP2,DENND2D,0.82064176
52,85,CYFIP2,MECOM,0.809384
52,44,CYFIP2,NUDT19,0.8063807
37,527,D630039A03RIK,TUBB4B,0.98043996
37,518,D630039A03RIK,IL12A,0.9794573
37,422,D630039A03RIK,RUNX2,0.9793434
37,550,D630039A03RIK,SPI1,0.9756468
37,116,D630039A03RIK,TOP2A,0.9744888
37,525,D630039A03RIK,CD44,0.97241795
37,145,D630039A03RIK,HMGB2,0.9706331
37,233,D630039A03RIK,NOTCH1,0.97014475
37,190,D630039A03RIK,TIPIN,0.96839195
37,506,D630039A03RIK,PRIM1,0.9660805
37,216,D630039A03RIK,MCM7,0.9644274
37,96,D630039A03RIK,SLBP,0.9635566
37,213,D630039A03RIK,MCM4,0.9625164
37,60,D630039A03RIK,CDT1,0.9607973
37,131,D630039A03RIK,CKS1B,0.9607973
37,335,D630039A03RIK,HDAC7,0.96016675
37,320,D630039A03RIK,MYC,0.9599392
37,68,D630039A03RIK,MKI67,0.95707554
37,367,D630039A03RIK,IL7R,0.9552167
37,267,D630039A03RIK,SLC2A3,0.94998187
37,118,D630039A03RIK,FOXO1,0.94513595
37,324,D630039A03RIK,REL,0.9312972
37,530,D630039A03RIK,IKZF1,0.9259667
37,334,D630039A03RIK,CD74,0.9224093
37,27,D630039A03RIK,HSD3B7,0.9223726
37,459,D630039A03RIK,IRF8,0.91241115
37,221,D630039A03RIK,ARPP21,0.9078995
37,46,D630039A03RIK,VDR,0.9026461
37,66,D630039A03RIK,CBFB,0.9026461
37,58,D630039A03RIK,RARB,0.89947516
37,69,D630039A03RIK,MAGED1,0.89826274
37,416,D630039A03RIK,GATA2,0.89369905
37,515,D630039A03RIK,NCF1,0.8905274
37,541,D630039A03RIK,PGR,0.8873304
37,536,D630039A03RIK,MOGS,0.87684935
37,277,D630039A03RIK,MEF2C,0.8605686
37,257,D630039A03RIK,UHRF1,0.85598487
37,281,D630039A03RIK,TGM2,0.8534485
37,252,D630039A03RIK,HOXA9,0.84943974
37,379,D630039A03RIK,BCL2,0.8481178
37,67,D630039A03RIK,TEK,0.82961243
37,290,D630039A03RIK,TMEM14C,0.82961243
37,442,D630039A03RIK,HLF,0.82961243
37,392,D630039A03RIK,PBX1,0.82647043
37,53,D630039A03RIK,FCHO2,0.82645017
37,445,D630039A03RIK,IL1R1,0.82645017
37,302,D630039A03RIK,MEIS1,0.82635236
37,498,D630039A03RIK,DENND2D,0.82061315
37,85,D630039A03RIK,MECOM,0.80922145
37,44,D630039A03RIK,NUDT19,0.80635184
42,367,DACH1,IL7R,0.9806773
42,118,DACH1,FOXO1,0.97991425
42,233,DACH1,NOTCH1,0.9798442
42,518,DACH1,IL12A,0.97788674
42,335,DACH1,HDAC7,0.977815
42,320,DACH1,MYC,0.9775704
42,550,DACH1,SPI1,0.9775235
42,530,DACH1,IKZF1,0.97676146
42,527,DACH1,TUBB4B,0.97654325
42,267,DACH1,SLC2A3,0.97609454
42,422,DACH1,RUNX2,0.97555727
42,27,DACH1,HSD3B7,0.97494215
42,334,DACH1,CD74,0.974941
42,46,DACH1,VDR,0.9726704
42,66,DACH1,CBFB,0.9726704
42,525,DACH1,CD44,0.97220796
42,221,DACH1,ARPP21,0.9697408
42,416,DACH1,GATA2,0.96929246
42,69,DACH1,MAGED1,0.9685941
42,515,DACH1,NCF1,0.968099
42,536,DACH1,MOGS,0.9660872
42,541,DACH1,PGR,0.9660375
42,116,DACH1,TOP2A,0.9652376
42,257,DACH1,UHRF1,0.9624462
42,277,DACH1,MEF2C,0.9577497
42,281,DACH1,TGM2,0.9536882
42,379,DACH1,BCL2,0.9534091
42,252,DACH1,HOXA9,0.9531761
42,190,DACH1,TIPIN,0.94578415
42,67,DACH1,TEK,0.945606
42,290,DACH1,TMEM14C,0.945606
42,442,DACH1,HLF,0.945606
42,145,DACH1,HMGB2,0.9445467
42,459,DACH1,IRF8,0.9445435
42,392,DACH1,PBX1,0.9424592
42,445,DACH1,IL1R1,0.9424264
42,53,DACH1,FCHO2,0.94242626
42,302,DACH1,MEIS1,0.9420107
42,498,DACH1,DENND2D,0.93832326
42,58,DACH1,RARB,0.93717945
42,85,DACH1,MECOM,0.9350437
42,44,DACH1,NUDT19,0.9339108
42,398,DACH1,APOE,0.9339108
42,506,DACH1,PRIM1,0.93322545
42,216,DACH1,MCM7,0.929044
42,237,DACH1,ELF1,0.92290616
42,96,DACH1,SLBP,0.8990649
42,213,DACH1,MCM4,0.89792246
42,76,DACH1,ESR1,0.8978914
42,380,DACH1,NPDC1,0.87221617
255,527,DCK,TUBB4B,0.9804482
255,518,DCK,IL12A,0.9794573
255,422,DCK,RUNX2,0.9770981
255,550,DCK,SPI1,0.9756468
255,116,DCK,TOP2A,0.9752085
255,525,DCK,CD44,0.97241795
255,145,DCK,HMGB2,0.9706331
255,233,DCK,NOTCH1,0.97014475
255,190,DCK,TIPIN,0.96839195
255,216,DCK,MCM7,0.9671949
255,506,DCK,PRIM1,0.9660805
255,213,DCK,MCM4,0.96517986
255,96,DCK,SLBP,0.9635566
255,60,DCK,CDT1,0.9607973
255,335,DCK,HDAC7,0.9602129
255,320,DCK,MYC,0.9599392
255,68,DCK,MKI67,0.95707554
255,367,DCK,IL7R,0.9552167
255,267,DCK,SLC2A3,0.94998187
255,131,DCK,CKS1B,0.9414487
255,324,DCK,REL,0.9312972
255,530,DCK,IKZF1,0.9259667
255,27,DCK,HSD3B7,0.9224093
255,334,DCK,CD74,0.9223726
255,118,DCK,FOXO1,0.9221475
255,459,DCK,IRF8,0.91241115
255,69,DCK,MAGED1,0.90964353
255,221,DCK,ARPP21,0.9078995
255,46,DCK,VDR,0.9026461
255,66,DCK,CBFB,0.9026461
255,498,DCK,DENND2D,0.8999321
255,416,DCK,GATA2,0.89369905
255,58,DCK,RARB,0.8801098
255,536,DCK,MOGS,0.87684935
255,277,DCK,MEF2C,0.8603895
255,257,DCK,UHRF1,0.85598487
255,76,DCK,ESR1,0.85564035
255,281,DCK,TGM2,0.8535019
255,380,DCK,NPDC1,0.8535019
255,252,DCK,HOXA9,0.84943974
255,379,DCK,BCL2,0.8481178
255,541,DCK,PGR,0.8399021
255,67,DCK,TEK,0.82961243
255,290,DCK,TMEM14C,0.8289425
255,392,DCK,PBX1,0.8265034
255,53,DCK,FCHO2,0.82645017
255,445,DCK,IL1R1,0.82645017
255,302,DCK,MEIS1,0.82635236
255,85,DCK,MECOM,0.8093563
255,44,DCK,NUDT19,0.80635184
490,518,DDX4,IL12A,0.980774
490,527,DDX4,TUBB4B,0.9804482
490,422,DDX4,RUNX2,0.9797849
490,550,DDX4,SPI1,0.9756468
490,233,DDX4,NOTCH1,0.9754515
490,116,DDX4,TOP2A,0.97519934
490,335,DDX4,HDAC7,0.9717416
490,367,DDX4,IL7R,0.9710496
490,145,DDX4,HMGB2,0.9693804
490,320,DDX4,MYC,0.96908754
490,190,DDX4,TIPIN,0.96717
490,267,DDX4,SLC2A3,0.96433073
490,506,DDX4,PRIM1,0.96395
490,216,DDX4,MCM7,0.9625192
490,334,DDX4,CD74,0.959802
490,27,DDX4,HSD3B7,0.95979893
490,118,DDX4,FOXO1,0.9583741
490,96,DDX4,SLBP,0.9575195
490,213,DDX4,MCM4,0.956161
490,221,DDX4,ARPP21,0.953229
490,60,DDX4,CDT1,0.9528252
490,131,DDX4,CKS1B,0.9528252
490,66,DDX4,CBFB,0.94752944
490,69,DDX4,MAGED1,0.94617504
490,416,DDX4,GATA2,0.9445666
490,68,DDX4,MKI67,0.94432914
490,515,DDX4,NCF1,0.9378257
490,459,DDX4,IRF8,0.93137234
490,525,DDX4,CD44,0.92805046
490,530,DDX4,IKZF1,0.9259667
490,257,DDX4,UHRF1,0.92454666
490,277,DDX4,MEF2C,0.92372364
490,281,DDX4,TGM2,0.92006814
490,380,DDX4,NPDC1,0.92006814
490,379,DDX4,BCL2,0.9162105
490,252,DDX4,HOXA9,0.9131074
490,58,DDX4,RARB,0.9091584
490,536,DDX4,MOGS,0.9060153
490,46,DDX4,VDR,0.9045433
490,290,DDX4,TMEM14C,0.90445036
490,442,DDX4,HLF,0.90445036
490,67,DDX4,TEK,0.90438163
490,392,DDX4,PBX1,0.9029353
490,302,DDX4,MEIS1,0.8998325
490,53,DDX4,FCHO2,0.8996152
490,445,DDX4,IL1R1,0.8996152
490,85,DDX4,MECOM,0.892022
490,44,DDX4,NUDT19,0.8843004
490,398,DDX4,APOE,0.8831814
490,237,DDX4,ELF1,0.87923473
64,527,DEF8,TUBB4B,0.9804482
64,422,DEF8,RUNX2,0.9795156
64,518,DEF8,IL12A,0.9794581
64,550,DEF8,SPI1,0.9775419
64,116,DEF8,TOP2A,0.9744888
64,233,DEF8,NOTCH1,0.9725457
64,525,DEF8,CD44,0.97241795
64,145,DEF8,HMGB2,0.9706331
64,506,DEF8,PRIM1,0.9698962
64,190,DEF8,TIPIN,0.96839195
64,216,DEF8,MCM7,0.9671949
64,60,DEF8,CDT1,0.9658955
64,96,DEF8,SLBP,0.9635566
64,213,DEF8,MCM4,0.9625164
64,131,DEF8,CKS1B,0.9607973
64,335,DEF8,HDAC7,0.9602129
64,320,DEF8,MYC,0.9599392
64,68,DEF8,MKI67,0.95707554
64,367,DEF8,IL7R,0.9552167
64,267,DEF8,SLC2A3,0.9500102
64,530,DEF8,IKZF1,0.941807
64,324,DEF8,REL,0.9312972
64,334,DEF8,CD74,0.9224093
64,118,DEF8,FOXO1,0.9221475
64,459,DEF8,IRF8,0.9157905
64,221,DEF8,ARPP21,0.9077895
64,46,DEF8,VDR,0.9050366
64,66,DEF8,CBFB,0.9026461
64,69,DEF8,MAGED1,0.89826274
64,416,DEF8,GATA2,0.89369905
64,27,DEF8,HSD3B7,0.8936844
64,76,DEF8,ESR1,0.890121
64,515,DEF8,NCF1,0.8819892
64,536,DEF8,MOGS,0.87684935
64,58,DEF8,RARB,0.8617976
64,277,DEF8,MEF2C,0.8601199
64,392,DEF8,PBX1,0.8587759
64,281,DEF8,TGM2,0.8535019
64,380,DEF8,NPDC1,0.8535019
64,252,DEF8,HOXA9,0.84943974
64,379,DEF8,BCL2,0.8481178
64,257,DEF8,UHRF1,0.84449077
64,67,DEF8,TEK,0.82961243
64,290,DEF8,TMEM14C,0.82840127
64,442,DEF8,HLF,0.82840127
64,53,DEF8,FCHO2,0.82680583
64,445,DEF8,IL1R1,0.82645017
64,302,DEF8,MEIS1,0.82635236
64,498,DEF8,DENND2D,0.82061315
64,85,DEF8,MECOM,0.809631
498,527,DENND2D,TUBB4B,0.977477
498,233,DENND2D,NOTCH1,0.97684926
498,518,DENND2D,IL12A,0.97682106
498,550,DENND2D,SPI1,0.9759463
498,116,DENND2D,TOP2A,0.97391945
498,525,DENND2D,CD44,0.9738098
498,335,DENND2D,HDAC7,0.9729389
498,367,DENND2D,IL7R,0.9719212
498,320,DENND2D,MYC,0.97147274
498,267,DENND2D,SLC2A3,0.9675703
498,190,DENND2D,TIPIN,0.96555215
498,530,DENND2D,IKZF1,0.9593628
498,422,DENND2D,RUNX2,0.9590614
498,145,DENND2D,HMGB2,0.9589634
498,506,DENND2D,PRIM1,0.9585965
498,216,DENND2D,MCM7,0.9573488
498,334,DENND2D,CD74,0.9552791
498,27,DENND2D,HSD3B7,0.9552659
498,118,DENND2D,FOXO1,0.95483345
498,213,DENND2D,MCM4,0.95380443
498,96,DENND2D,SLBP,0.94082683
498,221,DENND2D,ARPP21,0.9392387
498,66,DENND2D,CBFB,0.9349376
498,46,DENND2D,VDR,0.9348498
498,69,DENND2D,MAGED1,0.9347332
498,416,DENND2D,GATA2,0.9344273
498,76,DENND2D,ESR1,0.93024087
498,131,DENND2D,CKS1B,0.92724156
498,60,DENND2D,CDT1,0.9270817
498,515,DENND2D,NCF1,0.92185086
498,536,DENND2D,MOGS,0.92023414
498,68,DENND2D,MKI67,0.91057473
498,257,DENND2D,UHRF1,0.89989996
498,277,DENND2D,MEF2C,0.8958096
498,379,DENND2D,BCL2,0.89074606
498,459,DENND2D,IRF8,0.8872911
498,281,DENND2D,TGM2,0.8827929
498,380,DENND2D,NPDC1,0.8827929
498,252,DENND2D,HOXA9,0.87747806
498,67,DENND2D,TEK,0.8604539
498,290,DENND2D,TMEM14C,0.8604337
498,442,DENND2D,HLF,0.8604337
498,302,DENND2D,MEIS1,0.8564852
498,392,DENND2D,PBX1,0.85549784
498,445,DENND2D,IL1R1,0.8554291
498,53,DENND2D,FCHO2,0.855429
498,85,DENND2D,MECOM,0.84205055
498,42,DENND2D,DACH1,0.83481103
498,541,DENND2D,PGR,0.83388925
498,44,DENND2D,NUDT19,0.8335531
243,527,DHRS3,TUBB4B,0.9804482
243,422,DHRS3,RUNX2,0.9795156
243,518,DHRS3,IL12A,0.9794573
243,550,DHRS3,SPI1,0.9756468
243,116,DHRS3,TOP2A,0.9744888
243,525,DHRS3,CD44,0.97241795
243,233,DHRS3,NOTCH1,0.97014475
243,190,DHRS3,TIPIN,0.96839195
243,216,DHRS3,MCM7,0.9671949
243,131,DHRS3,CKS1B,0.9670085
243,506,DHRS3,PRIM1,0.9660805
243,145,DHRS3,HMGB2,0.9647909
243,96,DHRS3,SLBP,0.9635566
243,213,DHRS3,MCM4,0.9625164
243,60,DHRS3,CDT1,0.9608691
243,320,DHRS3,MYC,0.9599392
243,68,DHRS3,MKI67,0.9565061
243,367,DHRS3,IL7R,0.9552167
243,267,DHRS3,SLC2A3,0.94998187
243,324,DHRS3,REL,0.93020797
243,530,DHRS3,IKZF1,0.9259667
243,459,DHRS3,IRF8,0.9258813
243,27,DHRS3,HSD3B7,0.9224093
243,334,DHRS3,CD74,0.9224093
243,118,DHRS3,FOXO1,0.9221475
243,221,DHRS3,ARPP21,0.9078995
243,46,DHRS3,VDR,0.9026461
243,66,DHRS3,CBFB,0.9026461
243,498,DHRS3,DENND2D,0.8999321
243,69,DHRS3,MAGED1,0.89811033
243,416,DHRS3,GATA2,0.89369905
243,76,DHRS3,ESR1,0.88950634
243,515,DHRS3,NCF1,0.8817929
243,536,DHRS3,MOGS,0.87684935
243,58,DHRS3,RARB,0.8617976
243,277,DHRS3,MEF2C,0.8603895
243,257,DHRS3,UHRF1,0.85598487
243,335,DHRS3,HDAC7,0.85416645
243,281,DHRS3,TGM2,0.8535019
243,380,DHRS3,NPDC1,0.8535019
243,379,DHRS3,BCL2,0.8481178
243,53,DHRS3,FCHO2,0.832593
243,67,DHRS3,TEK,0.83012015
243,290,DHRS3,TMEM14C,0.82961243
243,442,DHRS3,HLF,0.8296041
243,392,DHRS3,PBX1,0.8265034
243,445,DHRS3,IL1R1,0.8264039
243,302,DHRS3,MEIS1,0.82620263
243,85,DHRS3,MECOM,0.8093563
243,44,DHRS3,NUDT19,0.80635184
406,367,DNTT,IL7R,0.978962
406,233,DNTT,NOTCH1,0.97832286
406,335,DNTT,HDAC7,0.9767999
406,320,DNTT,MYC,0.9767884
406,267,DNTT,SLC2A3,0.9752476
406,518,DNTT,IL12A,0.97419816
406,422,DNTT,RUNX2,0.97384495
406,530,DNTT,IKZF1,0.9734658
406,118,DNTT,FOXO1,0.9733732
406,27,DNTT,HSD3B7,0.97304
406,334,DNTT,CD74,0.97304
406,550,DNTT,SPI1,0.97261333
406,527,DNTT,TUBB4B,0.97038674
406,221,DNTT,ARPP21,0.9685758
406,416,DNTT,GATA2,0.9666381
406,69,DNTT,MAGED1,0.9660212
406,525,DNTT,CD44,0.965965
406,290,DNTT,TMEM14C,0.9658026
406,76,DNTT,ESR1,0.96572876
406,46,DNTT,VDR,0.9638812
406,515,DNTT,NCF1,0.9631251
406,536,DNTT,MOGS,0.9617036
406,277,DNTT,MEF2C,0.95605606
406,257,DNTT,UHRF1,0.95437
406,379,DNTT,BCL2,0.9538503
406,252,DNTT,HOXA9,0.9535811
406,380,DNTT,NPDC1,0.95323426
406,281,DNTT,TGM2,0.95320207
406,116,DNTT,TOP2A,0.95217645
406,67,DNTT,TEK,0.9470699
406,442,DNTT,HLF,0.9470699
406,53,DNTT,FCHO2,0.946895
406,392,DNTT,PBX1,0.94508046
406,445,DNTT,IL1R1,0.94503003
406,66,DNTT,CBFB,0.94317
406,498,DNTT,DENND2D,0.9401344
406,44,DNTT,NUDT19,0.93741876
406,398,DNTT,APOE,0.93741876
406,541,DNTT,PGR,0.93741876
406,459,DNTT,IRF8,0.93099177
406,237,DNTT,ELF1,0.9288751
406,190,DNTT,TIPIN,0.9218046
406,145,DNTT,HMGB2,0.917503
406,42,DNTT,DACH1,0.9048618
406,506,DNTT,PRIM1,0.90102726
406,216,DNTT,MCM7,0.89271563
406,58,DNTT,RARB,0.87026465
406,284,DNTT,MAML3,0.86716944
406,85,DNTT,MECOM,0.8660907
406,155,DNTT,MYCN,0.8610796
425,527,DOCK10,TUBB4B,0.9801593
425,518,DOCK10,IL12A,0.9791003
425,550,DOCK10,SPI1,0.97661054
425,422,DOCK10,RUNX2,0.9765916
425,116,DOCK10,TOP2A,0.9740215
425,525,DOCK10,CD44,0.97185946
425,145,DOCK10,HMGB2,0.9701269
425,233,DOCK10,NOTCH1,0.9697584
425,190,DOCK10,TIPIN,0.967862
425,324,DOCK10,REL,0.9671459
425,216,DOCK10,MCM7,0.9666316
425,506,DOCK10,PRIM1,0.96551424
425,96,DOCK10,SLBP,0.9629911
425,213,DOCK10,MCM4,0.96190447
425,60,DOCK10,CDT1,0.9601553
425,131,DOCK10,CKS1B,0.9601553
425,320,DOCK10,MYC,0.9597171
425,68,DOCK10,MKI67,0.9585252
425,367,DOCK10,IL7R,0.9550186
425,335,DOCK10,HDAC7,0.9549505
425,267,DOCK10,SLC2A3,0.94977635
425,530,DOCK10,IKZF1,0.9260342
425,27,DOCK10,HSD3B7,0.9224935
425,334,DOCK10,CD74,0.9224935
425,118,DOCK10,FOXO1,0.92224705
425,459,DOCK10,IRF8,0.91267365
425,66,DOCK10,CBFB,0.9116324
425,221,DOCK10,ARPP21,0.9081677
425,46,DOCK10,VDR,0.90286624
425,69,DOCK10,MAGED1,0.89851296
425,416,DOCK10,GATA2,0.8940706
425,76,DOCK10,ESR1,0.8899073
425,515,DOCK10,NCF1,0.8823931
425,536,DOCK10,MOGS,0.87736905
425,58,DOCK10,RARB,0.86267513
425,277,DOCK10,MEF2C,0.8611036
425,252,DOCK10,HOXA9,0.8584132
425,257,DOCK10,UHRF1,0.8567401
425,281,DOCK10,TGM2,0.85426205
425,379,DOCK10,BCL2,0.84894717
425,67,DOCK10,TEK,0.8306805
425,290,DOCK10,TMEM14C,0.8306805
425,392,DOCK10,PBX1,0.82763696
425,53,DOCK10,FCHO2,0.8275844
425,302,DOCK10,MEIS1,0.8273509
425,445,DOCK10,IL1R1,0.82633
425,498,DOCK10,DENND2D,0.8218367
425,85,DOCK10,MECOM,0.81067556
425,44,DOCK10,NUDT19,0.8077637
425,398,DOCK10,APOE,0.8077637
94,422,DOCK11,RUNX2,0.97172046
94,527,DOCK11,TUBB4B,0.9712658
94,518,DOCK11,IL12A,0.9702679
94,550,DOCK11,SPI1,0.96542245
94,525,DOCK11,CD44,0.961017
94,116,DOCK11,TOP2A,0.95894957
94,233,DOCK11,NOTCH1,0.95854765
94,145,DOCK11,HMGB2,0.9548989
94,190,DOCK11,TIPIN,0.95251757
94,216,DOCK11,MCM7,0.94980764
94,506,DOCK11,PRIM1,0.94856703
94,213,DOCK11,MCM4,0.94658566
94,335,DOCK11,HDAC7,0.94433403
94,96,DOCK11,SLBP,0.94419223
94,320,DOCK11,MYC,0.9434086
94,367,DOCK11,IL7R,0.9378866
94,60,DOCK11,CDT1,0.93626744
94,131,DOCK11,CKS1B,0.93626744
94,267,DOCK11,SLC2A3,0.93013555
94,68,DOCK11,MKI67,0.92760986
94,530,DOCK11,IKZF1,0.89862406
94,324,DOCK11,REL,0.8959285
94,118,DOCK11,FOXO1,0.8929252
94,27,DOCK11,HSD3B7,0.8928645
94,334,DOCK11,CD74,0.8928645
94,459,DOCK11,IRF8,0.8818637
94,221,DOCK11,ARPP21,0.87160444
94,66,DOCK11,CBFB,0.86983603
94,69,DOCK11,MAGED1,0.8606712
94,416,DOCK11,GATA2,0.8538552
94,46,DOCK11,VDR,0.848502
94,76,DOCK11,ESR1,0.8481
94,515,DOCK11,NCF1,0.8398835
94,536,DOCK11,MOGS,0.8347739
94,277,DOCK11,MEF2C,0.82896537
94,58,DOCK11,RARB,0.8228232
94,252,DOCK11,HOXA9,0.81123304
94,257,DOCK11,UHRF1,0.81041485
94,281,DOCK11,TGM2,0.80585897
94,380,DOCK11,NPDC1,0.80585897
94,379,DOCK11,BCL2,0.801802
94,302,DOCK11,MEIS1,0.7813011
94,67,DOCK11,TEK,0.78067696
94,290,DOCK11,TMEM14C,0.78067696
94,442,DOCK11,HLF,0.78067696
94,392,DOCK11,PBX1,0.7770195
94,445,DOCK11,IL1R1,0.77696276
94,498,DOCK11,DENND2D,0.77263385
94,398,DOCK11,APOE,0.7566534
94,44,DOCK11,NUDT19,0.7561902
519,527,DOK2,TUBB4B,0.9804482
519,422,DOK2,RUNX2,0.9795156
519,518,DOK2,IL12A,0.97945076
519,550,DOK2,SPI1,0.9756468
519,116,DOK2,TOP2A,0.9744888
519,525,DOK2,CD44,0.97241795
519,145,DOK2,HMGB2,0.9706331
519,233,DOK2,NOTCH1,0.97014475
519,190,DOK2,TIPIN,0.96839195
519,216,DOK2,MCM7,0.9671949
519,506,DOK2,PRIM1,0.9660805
519,96,DOK2,SLBP,0.9635566
519,213,DOK2,MCM4,0.9625164
519,60,DOK2,CDT1,0.9607973
519,131,DOK2,CKS1B,0.9607973
519,335,DOK2,HDAC7,0.9602129
519,68,DOK2,MKI67,0.95709574
519,367,DOK2,IL7R,0.9552167
519,267,DOK2,SLC2A3,0.94998187
519,324,DOK2,REL,0.9301084
519,530,DOK2,IKZF1,0.9259667
519,27,DOK2,HSD3B7,0.9224093
519,334,DOK2,CD74,0.9224093
519,118,DOK2,FOXO1,0.9221475
519,459,DOK2,IRF8,0.91241115
519,221,DOK2,ARPP21,0.9078995
519,320,DOK2,MYC,0.90720725
519,46,DOK2,VDR,0.9026461
519,66,DOK2,CBFB,0.9026461
519,416,DOK2,GATA2,0.89369905
519,536,DOK2,MOGS,0.87684935
519,277,DOK2,MEF2C,0.87120056
519,76,DOK2,ESR1,0.8647452
519,58,DOK2,RARB,0.8615498
519,257,DOK2,UHRF1,0.85598487
519,281,DOK2,TGM2,0.8535019
519,380,DOK2,NPDC1,0.8531357
519,252,DOK2,HOXA9,0.84943974
519,379,DOK2,BCL2,0.8481178
519,290,DOK2,TMEM14C,0.82961243
519,442,DOK2,HLF,0.82961243
519,67,DOK2,TEK,0.82840127
519,53,DOK2,FCHO2,0.82645017
519,445,DOK2,IL1R1,0.82645017
519,302,DOK2,MEIS1,0.82635236
519,498,DOK2,DENND2D,0.82061315
519,85,DOK2,MECOM,0.8093563
519,44,DOK2,NUDT19,0.80635184
519,398,DOK2,APOE,0.80635184
519,541,DOK2,PGR,0.80635184
471,527,DPP4,TUBB4B,0.9804482
471,518,DPP4,IL12A,0.9794571
471,422,DPP4,RUNX2,0.9783181
471,550,DPP4,SPI1,0.9756468
471,116,DPP4,TOP2A,0.9744888
471,145,DPP4,HMGB2,0.9706331
471,233,DPP4,NOTCH1,0.97013175
471,525,DPP4,CD44,0.96958107
471,190,DPP4,TIPIN,0.96839195
471,216,DPP4,MCM7,0.9671949
471,506,DPP4,PRIM1,0.9660805
471,213,DPP4,MCM4,0.96517986
471,96,DPP4,SLBP,0.9635566
471,60,DPP4,CDT1,0.9607973
471,131,DPP4,CKS1B,0.9607973
471,320,DPP4,MYC,0.9599392
471,68,DPP4,MKI67,0.95707554
471,367,DPP4,IL7R,0.9552167
471,267,DPP4,SLC2A3,0.94994456
471,324,DPP4,REL,0.9312972
471,530,DPP4,IKZF1,0.9259667
471,27,DPP4,HSD3B7,0.9224093
471,334,DPP4,CD74,0.92219543
471,118,DPP4,FOXO1,0.9221475
471,221,DPP4,ARPP21,0.915315
471,459,DPP4,IRF8,0.91241115
471,46,DPP4,VDR,0.9026461
471,66,DPP4,CBFB,0.9026461
471,69,DPP4,MAGED1,0.89826274
471,335,DPP4,HDAC7,0.8926737
471,76,DPP4,ESR1,0.88950634
471,536,DPP4,MOGS,0.87684935
471,58,DPP4,RARB,0.8617976
471,257,DPP4,UHRF1,0.85598487
471,281,DPP4,TGM2,0.8535019
471,380,DPP4,NPDC1,0.8535019
471,252,DPP4,HOXA9,0.84943974
471,379,DPP4,BCL2,0.8483872
471,53,DPP4,FCHO2,0.83812696
471,67,DPP4,TEK,0.82961243
471,290,DPP4,TMEM14C,0.82961243
471,442,DPP4,HLF,0.82961243
471,277,DPP4,MEF2C,0.8292882
471,302,DPP4,MEIS1,0.82702374
471,392,DPP4,PBX1,0.8265034
471,445,DPP4,IL1R1,0.82645017
471,498,DPP4,DENND2D,0.82061315
471,398,DPP4,APOE,0.8153746
471,85,DPP4,MECOM,0.8093563
471,44,DPP4,NUDT19,0.8066138
472,367,DTL,IL7R,0.9795237
472,233,DTL,NOTCH1,0.9791185
472,320,DTL,MYC,0.9772898
472,267,DTL,SLC2A3,0.9758217
472,518,DTL,IL12A,0.9755864
472,530,DTL,IKZF1,0.974311
472,118,DTL,FOXO1,0.97418433
472,550,DTL,SPI1,0.97414035
472,27,DTL,HSD3B7,0.9739227
472,334,DTL,CD74,0.9726055
472,422,DTL,RUNX2,0.97183764
472,221,DTL,ARPP21,0.97169715
472,527,DTL,TUBB4B,0.9714777
472,46,DTL,VDR,0.96813357
472,66,DTL,CBFB,0.96813357
472,69,DTL,MAGED1,0.9673226
472,76,DTL,ESR1,0.9672231
472,335,DTL,HDAC7,0.96512824
472,536,DTL,MOGS,0.9632864
472,525,DTL,CD44,0.9592154
472,257,DTL,UHRF1,0.9567778
472,379,DTL,BCL2,0.95605475
472,281,DTL,TGM2,0.955764
472,380,DTL,NPDC1,0.955764
472,116,DTL,TOP2A,0.9535276
472,252,DTL,HOXA9,0.950728
472,67,DTL,TEK,0.9498975
472,290,DTL,TMEM14C,0.9498975
472,442,DTL,HLF,0.9498975
472,53,DTL,FCHO2,0.9492281
472,392,DTL,PBX1,0.94806856
472,445,DTL,IL1R1,0.9480413
472,277,DTL,MEF2C,0.94781667
472,302,DTL,MEIS1,0.9466934
472,398,DTL,APOE,0.9447183
472,498,DTL,DENND2D,0.94409883
472,85,DTL,MECOM,0.940678
472,44,DTL,NUDT19,0.94049627
472,541,DTL,PGR,0.94037706
472,459,DTL,IRF8,0.9370023
472,237,DTL,ELF1,0.9333533
472,416,DTL,GATA2,0.9305971
472,190,DTL,TIPIN,0.92374563
472,145,DTL,HMGB2,0.9219743
472,42,DTL,DACH1,0.9116974
472,506,DTL,PRIM1,0.9039053
472,216,DTL,MCM7,0.897076
472,58,DTL,RARB,0.8865174
472,515,DTL,NCF1,0.87988585
472,284,DTL,MAML3,0.8776884
0,367,DUSP1,IL7R,0.978962
0,233,DUSP1,NOTCH1,0.97832286
0,335,DUSP1,HDAC7,0.9767999
0,320,DUSP1,MYC,0.9767884
0,267,DUSP1,SLC2A3,0.9752601
0,422,DUSP1,RUNX2,0.97402644
0,530,DUSP1,IKZF1,0.9734658
0,69,DUSP1,MAGED1,0.9734633
0,118,DUSP1,FOXO1,0.9733812
0,518,DUSP1,IL12A,0.9731367
0,27,DUSP1,HSD3B7,0.97304
0,334,DUSP1,CD74,0.97304
0,550,DUSP1,SPI1,0.97261333
0,527,DUSP1,TUBB4B,0.97038674
0,221,DUSP1,ARPP21,0.9685758
0,66,DUSP1,CBFB,0.96692735
0,46,DUSP1,VDR,0.96689856
0,416,DUSP1,GATA2,0.9666381
0,76,DUSP1,ESR1,0.96572876
0,515,DUSP1,NCF1,0.9632528
0,536,DUSP1,MOGS,0.9617036
0,525,DUSP1,CD44,0.9613524
0,42,DUSP1,DACH1,0.9573886
0,277,DUSP1,MEF2C,0.95605606
0,257,DUSP1,UHRF1,0.95437
0,379,DUSP1,BCL2,0.9538493
0,281,DUSP1,TGM2,0.95323426
0,380,DUSP1,NPDC1,0.95320714
0,116,DUSP1,TOP2A,0.9522839
0,252,DUSP1,HOXA9,0.9483739
0,67,DUSP1,TEK,0.9470699
0,442,DUSP1,HLF,0.9470699
0,290,DUSP1,TMEM14C,0.94706655
0,53,DUSP1,FCHO2,0.94503003
0,445,DUSP1,IL1R1,0.94503003
0,302,DUSP1,MEIS1,0.9426868
0,498,DUSP1,DENND2D,0.9401344
0,44,DUSP1,NUDT19,0.93741876
0,398,DUSP1,APOE,0.93741876
0,541,DUSP1,PGR,0.93741876
0,392,DUSP1,PBX1,0.9373828
0,85,DUSP1,MECOM,0.936352
0,190,DUSP1,TIPIN,0.9218046
0,459,DUSP1,IRF8,0.92056257
0,145,DUSP1,HMGB2,0.917503
0,506,DUSP1,PRIM1,0.89769024
0,216,DUSP1,MCM7,0.89271563
0,237,DUSP1,ELF1,0.8769242
0,58,DUSP1,RARB,0.87026465
0,284,DUSP1,MAML3,0.86706924
304,527,DUSP5,TUBB4B,0.98045117
304,422,DUSP5,RUNX2,0.9794915
304,518,DUSP5,IL12A,0.9774064
304,550,DUSP5,SPI1,0.9756142
304,525,DUSP5,CD44,0.9723784
304,145,DUSP5,HMGB2,0.9706852
304,116,DUSP5,TOP2A,0.97054803
304,233,DUSP5,NOTCH1,0.97010773
304,190,DUSP5,TIPIN,0.9684349
304,216,DUSP5,MCM7,0.967254
304,506,DUSP5,PRIM1,0.9661406
304,320,DUSP5,MYC,0.9638727
304,213,DUSP5,MCM4,0.96258336
304,96,DUSP5,SLBP,0.96091145
304,60,DUSP5,CDT1,0.9608672
304,131,DUSP5,CKS1B,0.9608672
304,335,DUSP5,HDAC7,0.96012443
304,68,DUSP5,MKI67,0.95720655
304,367,DUSP5,IL7R,0.95511687
304,267,DUSP5,SLC2A3,0.9498674
304,324,DUSP5,REL,0.9314049
304,530,DUSP5,IKZF1,0.925746
304,27,DUSP5,HSD3B7,0.9253914
304,334,DUSP5,CD74,0.92218107
304,118,DUSP5,FOXO1,0.9219173
304,459,DUSP5,IRF8,0.9121497
304,66,DUSP5,CBFB,0.9082742
304,221,DUSP5,ARPP21,0.90761656
304,46,DUSP5,VDR,0.90235406
304,69,DUSP5,MAGED1,0.8979664
304,416,DUSP5,GATA2,0.8933763
304,76,DUSP5,ESR1,0.889169
304,515,DUSP5,NCF1,0.88163215
304,536,DUSP5,MOGS,0.8764755
304,379,DUSP5,BCL2,0.86062056
304,277,DUSP5,MEF2C,0.8599672
304,257,DUSP5,UHRF1,0.85604084
304,281,DUSP5,TGM2,0.8530539
304,380,DUSP5,NPDC1,0.8530539
304,252,DUSP5,HOXA9,0.8489759
304,290,DUSP5,TMEM14C,0.84658957
304,58,DUSP5,RARB,0.84550816
304,67,DUSP5,TEK,0.8290988
304,442,DUSP5,HLF,0.8290988
304,53,DUSP5,FCHO2,0.8262828
304,392,DUSP5,PBX1,0.8259794
304,445,DUSP5,IL1R1,0.8259261
304,302,DUSP5,MEIS1,0.8258386
304,498,DUSP5,DENND2D,0.8193831
304,85,DUSP5,MECOM,0.8088618
455,527,DUSP6,TUBB4B,0.98043114
455,422,DUSP6,RUNX2,0.98001444
455,518,DUSP6,IL12A,0.9794573
455,550,DUSP6,SPI1,0.9756468
455,116,DUSP6,TOP2A,0.9744888
455,525,DUSP6,CD44,0.97241795
455,145,DUSP6,HMGB2,0.9706331
455,233,DUSP6,NOTCH1,0.97014475
455,216,DUSP6,MCM7,0.9689339
455,190,DUSP6,TIPIN,0.96839195
455,506,DUSP6,PRIM1,0.9660742
455,96,DUSP6,SLBP,0.9635566
455,213,DUSP6,MCM4,0.9625164
455,60,DUSP6,CDT1,0.9607973
455,131,DUSP6,CKS1B,0.9607973
455,335,DUSP6,HDAC7,0.9602129
455,320,DUSP6,MYC,0.9599392
455,68,DUSP6,MKI67,0.95707554
455,367,DUSP6,IL7R,0.9552167
455,267,DUSP6,SLC2A3,0.94998187
455,324,DUSP6,REL,0.9312972
455,530,DUSP6,IKZF1,0.92600244
455,27,DUSP6,HSD3B7,0.9224093
455,334,DUSP6,CD74,0.9224093
455,118,DUSP6,FOXO1,0.9221475
455,459,DUSP6,IRF8,0.9124426
455,46,DUSP6,VDR,0.9085503
455,221,DUSP6,ARPP21,0.9078995
455,66,DUSP6,CBFB,0.9013737
455,69,DUSP6,MAGED1,0.8983144
455,416,DUSP6,GATA2,0.89369905
455,76,DUSP6,ESR1,0.88950634
455,515,DUSP6,NCF1,0.8819892
455,536,DUSP6,MOGS,0.87684935
455,58,DUSP6,RARB,0.8617976
455,277,DUSP6,MEF2C,0.8603895
455,281,DUSP6,TGM2,0.8535019
455,380,DUSP6,NPDC1,0.8535019
455,252,DUSP6,HOXA9,0.84943974
455,379,DUSP6,BCL2,0.8481178
455,442,DUSP6,HLF,0.8307357
455,67,DUSP6,TEK,0.8300135
455,290,DUSP6,TMEM14C,0.82961243
455,392,DUSP6,PBX1,0.8265034
455,53,DUSP6,FCHO2,0.82645017
455,445,DUSP6,IL1R1,0.82645017
455,302,DUSP6,MEIS1,0.82635236
455,245,DUSP6,WFDC18,0.8260519
455,498,DUSP6,DENND2D,0.82061315
455,85,DUSP6,MECOM,0.8093563
87,527,DYNLL1,TUBB4B,0.9804482
87,422,DYNLL1,RUNX2,0.97950417
87,518,DYNLL1,IL12A,0.9794573
87,550,DYNLL1,SPI1,0.9756468
87,116,DYNLL1,TOP2A,0.9744888
87,525,DYNLL1,CD44,0.97241795
87,145,DYNLL1,HMGB2,0.9706331
87,233,DYNLL1,NOTCH1,0.97014475
87,190,DYNLL1,TIPIN,0.9683952
87,216,DYNLL1,MCM7,0.9671949
87,506,DYNLL1,PRIM1,0.9660805
87,96,DYNLL1,SLBP,0.96515733
87,213,DYNLL1,MCM4,0.9625164
87,131,DYNLL1,CKS1B,0.96080446
87,60,DYNLL1,CDT1,0.9606182
87,335,DYNLL1,HDAC7,0.9602129
87,320,DYNLL1,MYC,0.9599392
87,367,DYNLL1,IL7R,0.95745367
87,68,DYNLL1,MKI67,0.95707554
87,267,DYNLL1,SLC2A3,0.94998187
87,324,DYNLL1,REL,0.9312972
87,530,DYNLL1,IKZF1,0.9259667
87,27,DYNLL1,HSD3B7,0.9224093
87,334,DYNLL1,CD74,0.9224093
87,118,DYNLL1,FOXO1,0.9221475
87,459,DYNLL1,IRF8,0.91234577
87,221,DYNLL1,ARPP21,0.9078995
87,66,DYNLL1,CBFB,0.9026461
87,46,DYNLL1,VDR,0.9023082
87,69,DYNLL1,MAGED1,0.8983499
87,416,DYNLL1,GATA2,0.8939539
87,76,DYNLL1,ESR1,0.88950634
87,515,DYNLL1,NCF1,0.8819892
87,536,DYNLL1,MOGS,0.87684935
87,58,DYNLL1,RARB,0.8617976
87,277,DYNLL1,MEF2C,0.8603895
87,257,DYNLL1,UHRF1,0.85598487
87,281,DYNLL1,TGM2,0.8534511
87,380,DYNLL1,NPDC1,0.850116
87,252,DYNLL1,HOXA9,0.8492065
87,379,DYNLL1,BCL2,0.8481178
87,67,DYNLL1,TEK,0.82961243
87,290,DYNLL1,TMEM14C,0.82961243
87,392,DYNLL1,PBX1,0.8265034
87,53,DYNLL1,FCHO2,0.82645017
87,302,DYNLL1,MEIS1,0.82594264
87,498,DYNLL1,DENND2D,0.82061315
87,85,DYNLL1,MECOM,0.8195664
87,44,DYNLL1,NUDT19,0.80635184
87,398,DYNLL1,APOE,0.80635184
478,527,E430014B02RIK,TUBB4B,0.9804482
478,518,E430014B02RIK,IL12A,0.9794573
478,422,E430014B02RIK,RUNX2,0.97829723
478,550,E430014B02RIK,SPI1,0.9756251
478,116,E430014B02RIK,TOP2A,0.9744888
478,525,E430014B02RIK,CD44,0.97241795
478,68,E430014B02RIK,MKI67,0.97167736
478,145,E430014B02RIK,HMGB2,0.9706331
478,233,E430014B02RIK,NOTCH1,0.97014475
478,190,E430014B02RIK,TIPIN,0.96839195
478,216,E430014B02RIK,MCM7,0.9671949
478,506,E430014B02RIK,PRIM1,0.9660805
478,60,E430014B02RIK,CDT1,0.96552783
478,96,E430014B02RIK,SLBP,0.9635638
478,213,E430014B02RIK,MCM4,0.9625164
478,131,E430014B02RIK,CKS1B,0.9607973
478,335,E430014B02RIK,HDAC7,0.9602129
478,320,E430014B02RIK,MYC,0.9599392
478,367,E430014B02RIK,IL7R,0.9552167
478,267,E430014B02RIK,SLC2A3,0.94998187
478,324,E430014B02RIK,REL,0.9312972
478,530,E430014B02RIK,IKZF1,0.9259667
478,27,E430014B02RIK,HSD3B7,0.9224093
478,334,E430014B02RIK,CD74,0.9224093
478,118,E430014B02RIK,FOXO1,0.9221475
478,459,E430014B02RIK,IRF8,0.9124426
478,221,E430014B02RIK,ARPP21,0.9078995
478,46,E430014B02RIK,VDR,0.9026461
478,66,E430014B02RIK,CBFB,0.902572
478,69,E430014B02RIK,MAGED1,0.89826274
478,416,E430014B02RIK,GATA2,0.89369905
478,76,E430014B02RIK,ESR1,0.88950634
478,515,E430014B02RIK,NCF1,0.8819892
478,536,E430014B02RIK,MOGS,0.8765413
478,58,E430014B02RIK,RARB,0.8617976
478,277,E430014B02RIK,MEF2C,0.8603895
478,257,E430014B02RIK,UHRF1,0.85583127
478,281,E430014B02RIK,TGM2,0.8535019
478,380,E430014B02RIK,NPDC1,0.8535019
478,252,E430014B02RIK,HOXA9,0.84943974
478,379,E430014B02RIK,BCL2,0.8481178
478,67,E430014B02RIK,TEK,0.83113426
478,442,E430014B02RIK,HLF,0.82961243
478,392,E430014B02RIK,PBX1,0.8265034
478,53,E430014B02RIK,FCHO2,0.82645017
478,445,E430014B02RIK,IL1R1,0.82645017
478,302,E430014B02RIK,MEIS1,0.82635236
478,498,E430014B02RIK,DENND2D,0.82061315
478,85,E430014B02RIK,MECOM,0.8093563
478,44,E430014B02RIK,NUDT19,0.80635184
10,422,EBI3,RUNX2,0.9795156
10,518,EBI3,IL12A,0.9794573
10,550,EBI3,SPI1,0.9756468
10,116,EBI3,TOP2A,0.9744899
10,525,EBI3,CD44,0.97241795
10,527,EBI3,TUBB4B,0.9717226
10,145,EBI3,HMGB2,0.9706274
10,233,EBI3,NOTCH1,0.97014475
10,190,EBI3,TIPIN,0.96839195
10,216,EBI3,MCM7,0.9671949
10,506,EBI3,PRIM1,0.9660805
10,96,EBI3,SLBP,0.9635566
10,213,EBI3,MCM4,0.9625164
10,60,EBI3,CDT1,0.9607973
10,131,EBI3,CKS1B,0.9607973
10,335,EBI3,HDAC7,0.9602129
10,68,EBI3,MKI67,0.95707554
10,320,EBI3,MYC,0.9556055
10,367,EBI3,IL7R,0.9552167
10,267,EBI3,SLC2A3,0.9538539
10,530,EBI3,IKZF1,0.9338483
10,324,EBI3,REL,0.9312972
10,27,EBI3,HSD3B7,0.9224093
10,334,EBI3,CD74,0.9224093
10,118,EBI3,FOXO1,0.9221475
10,459,EBI3,IRF8,0.91241115
10,221,EBI3,ARPP21,0.9078995
10,46,EBI3,VDR,0.9033642
10,66,EBI3,CBFB,0.90118676
10,69,EBI3,MAGED1,0.89826274
10,416,EBI3,GATA2,0.89369905
10,76,EBI3,ESR1,0.88950634
10,515,EBI3,NCF1,0.8819892
10,536,EBI3,MOGS,0.87684935
10,58,EBI3,RARB,0.8617976
10,277,EBI3,MEF2C,0.8603895
10,257,EBI3,UHRF1,0.85598487
10,281,EBI3,TGM2,0.8535019
10,380,EBI3,NPDC1,0.8535019
10,252,EBI3,HOXA9,0.8497742
10,379,EBI3,BCL2,0.8481178
10,67,EBI3,TEK,0.82961243
10,290,EBI3,TMEM14C,0.82961243
10,442,EBI3,HLF,0.82961243
10,392,EBI3,PBX1,0.8265034
10,53,EBI3,FCHO2,0.82645017
10,445,EBI3,IL1R1,0.82641506
10,302,EBI3,MEIS1,0.82635236
10,498,EBI3,DENND2D,0.82061315
10,85,EBI3,MECOM,0.8093563
467,527,EEPD1,TUBB4B,0.9804482
467,422,EEPD1,RUNX2,0.9795156
467,518,EEPD1,IL12A,0.97898465
467,550,EEPD1,SPI1,0.9756468
467,116,EEPD1,TOP2A,0.9744888
467,525,EEPD1,CD44,0.97240037
467,145,EEPD1,HMGB2,0.9706331
467,506,EEPD1,PRIM1,0.97011596
467,190,EEPD1,TIPIN,0.96839195
467,216,EEPD1,MCM7,0.9671949
467,233,EEPD1,NOTCH1,0.9645556
467,96,EEPD1,SLBP,0.9635566
467,213,EEPD1,MCM4,0.9625164
467,131,EEPD1,CKS1B,0.9607973
467,335,EEPD1,HDAC7,0.9602129
467,320,EEPD1,MYC,0.95994127
467,60,EEPD1,CDT1,0.9587652
467,68,EEPD1,MKI67,0.95707554
467,267,EEPD1,SLC2A3,0.94998187
467,367,EEPD1,IL7R,0.9470742
467,324,EEPD1,REL,0.9313936
467,530,EEPD1,IKZF1,0.9259667
467,118,EEPD1,FOXO1,0.9226252
467,27,EEPD1,HSD3B7,0.9224093
467,334,EEPD1,CD74,0.9224093
467,459,EEPD1,IRF8,0.91241115
467,221,EEPD1,ARPP21,0.9078995
467,46,EEPD1,VDR,0.9026461
467,66,EEPD1,CBFB,0.9023082
467,69,EEPD1,MAGED1,0.89826274
467,76,EEPD1,ESR1,0.8956794
467,416,EEPD1,GATA2,0.8941277
467,515,EEPD1,NCF1,0.88200414
467,536,EEPD1,MOGS,0.87684935
467,257,EEPD1,UHRF1,0.8728619
467,58,EEPD1,RARB,0.8617976
467,277,EEPD1,MEF2C,0.85981333
467,281,EEPD1,TGM2,0.8535019
467,380,EEPD1,NPDC1,0.8535019
467,252,EEPD1,HOXA9,0.84943974
467,379,EEPD1,BCL2,0.8481178
467,498,EEPD1,DENND2D,0.84103245
467,67,EEPD1,TEK,0.830005
467,290,EEPD1,TMEM14C,0.82974154
467,442,EEPD1,HLF,0.82961243
467,392,EEPD1,PBX1,0.8265034
467,53,EEPD1,FCHO2,0.82645017
467,445,EEPD1,IL1R1,0.82645017
467,302,EEPD1,MEIS1,0.82635236
467,85,EEPD1,MECOM,0.81041145
542,367,EFNA1,IL7R,0.98054415
542,233,EFNA1,NOTCH1,0.9794837
542,422,EFNA1,RUNX2,0.9783327
542,320,EFNA1,MYC,0.97768867
542,335,EFNA1,HDAC7,0.9775137
542,118,EFNA1,FOXO1,0.97675973
542,518,EFNA1,IL12A,0.9766673
542,530,EFNA1,IKZF1,0.9765927
542,267,EFNA1,SLC2A3,0.97627866
542,27,EFNA1,HSD3B7,0.9757672
542,334,EFNA1,CD74,0.9757672
542,550,EFNA1,SPI1,0.9753772
542,527,EFNA1,TUBB4B,0.9746832
542,66,EFNA1,CBFB,0.9728606
542,76,EFNA1,ESR1,0.97187865
542,416,EFNA1,GATA2,0.97077626
542,69,EFNA1,MAGED1,0.9706528
542,525,EFNA1,CD44,0.9702349
542,46,EFNA1,VDR,0.9692258
542,221,EFNA1,ARPP21,0.96907234
542,515,EFNA1,NCF1,0.9679588
542,536,EFNA1,MOGS,0.9673514
542,498,EFNA1,DENND2D,0.9641899
542,257,EFNA1,UHRF1,0.96393436
542,277,EFNA1,MEF2C,0.96289515
542,281,EFNA1,TGM2,0.96247625
542,380,EFNA1,NPDC1,0.96247625
542,53,EFNA1,FCHO2,0.96234286
542,252,EFNA1,HOXA9,0.9615547
542,379,EFNA1,BCL2,0.96056014
542,392,EFNA1,PBX1,0.958468
542,116,EFNA1,TOP2A,0.9578181
542,67,EFNA1,TEK,0.956298
542,290,EFNA1,TMEM14C,0.956298
542,442,EFNA1,HLF,0.956298
542,302,EFNA1,MEIS1,0.9544492
542,445,EFNA1,IL1R1,0.95370466
542,237,EFNA1,ELF1,0.9528917
542,85,EFNA1,MECOM,0.9502717
542,44,EFNA1,NUDT19,0.94603676
542,398,EFNA1,APOE,0.94603676
542,541,EFNA1,PGR,0.94603676
542,459,EFNA1,IRF8,0.93579346
542,190,EFNA1,TIPIN,0.93214595
542,145,EFNA1,HMGB2,0.9300946
542,42,EFNA1,DACH1,0.9226459
542,506,EFNA1,PRIM1,0.91032803
542,216,EFNA1,MCM7,0.90138644
542,284,EFNA1,MAML3,0.887301
542,58,EFNA1,RARB,0.88310677
237,422,ELF1,RUNX2,0.9810214
237,233,ELF1,NOTCH1,0.9802343
237,518,ELF1,IL12A,0.9801328
237,527,ELF1,TUBB4B,0.97966236
237,367,ELF1,IL7R,0.97767377
237,550,ELF1,SPI1,0.9774565
237,335,ELF1,HDAC7,0.977372
237,525,ELF1,CD44,0.9762111
237,320,ELF1,MYC,0.9754581
237,267,ELF1,SLC2A3,0.9745856
237,530,ELF1,IKZF1,0.97125435
237,118,ELF1,FOXO1,0.96928596
237,27,ELF1,HSD3B7,0.96877563
237,334,ELF1,CD74,0.96877563
237,116,ELF1,TOP2A,0.96655613
237,221,ELF1,ARPP21,0.9648487
237,46,ELF1,VDR,0.963594
237,66,ELF1,CBFB,0.96232975
237,76,ELF1,ESR1,0.96206707
237,416,ELF1,GATA2,0.9620141
237,69,ELF1,MAGED1,0.9607498
237,380,ELF1,NPDC1,0.96034557
237,536,ELF1,MOGS,0.95683897
237,515,ELF1,NCF1,0.95607394
237,459,ELF1,IRF8,0.95203966
237,145,ELF1,HMGB2,0.9507124
237,190,ELF1,TIPIN,0.9503444
237,257,ELF1,UHRF1,0.9489088
237,506,ELF1,PRIM1,0.94457096
237,277,ELF1,MEF2C,0.944303
237,216,ELF1,MCM7,0.9413218
237,379,ELF1,BCL2,0.9396916
237,252,ELF1,HOXA9,0.9375496
237,290,ELF1,TMEM14C,0.92702454
237,442,ELF1,HLF,0.92702454
237,392,ELF1,PBX1,0.9230855
237,53,ELF1,FCHO2,0.92304796
237,445,ELF1,IL1R1,0.92262733
237,96,ELF1,SLBP,0.9197065
237,213,ELF1,MCM4,0.91827166
237,498,ELF1,DENND2D,0.916893
237,85,ELF1,MECOM,0.91478765
237,398,ELF1,APOE,0.9135856
237,541,ELF1,PGR,0.9135856
237,44,ELF1,NUDT19,0.9134749
237,58,ELF1,RARB,0.905644
237,67,ELF1,TEK,0.90346503
237,131,ELF1,CKS1B,0.90207595
237,60,ELF1,CDT1,0.9018139
237,68,ELF1,MKI67,0.88027906
276,527,ELL2,TUBB4B,0.9814082
276,422,ELL2,RUNX2,0.9795156
276,518,ELL2,IL12A,0.9794573
276,116,ELL2,TOP2A,0.9744888
276,550,ELL2,SPI1,0.9736603
276,525,ELL2,CD44,0.97241795
276,145,ELL2,HMGB2,0.9706331
276,233,ELL2,NOTCH1,0.97014475
276,216,ELL2,MCM7,0.9672501
276,190,ELL2,TIPIN,0.9669248
276,506,ELL2,PRIM1,0.9660805
276,96,ELL2,SLBP,0.9635566
276,213,ELL2,MCM4,0.9625164
276,60,ELL2,CDT1,0.9607973
276,131,ELL2,CKS1B,0.9607973
276,335,ELL2,HDAC7,0.96018016
276,320,ELL2,MYC,0.9599392
276,68,ELL2,MKI67,0.95707554
276,367,ELL2,IL7R,0.9559166
276,267,ELL2,SLC2A3,0.94998187
276,324,ELL2,REL,0.9312972
276,530,ELL2,IKZF1,0.9259667
276,27,ELL2,HSD3B7,0.9224093
276,334,ELL2,CD74,0.9224093
276,118,ELL2,FOXO1,0.92215866
276,459,ELL2,IRF8,0.91241115
276,221,ELL2,ARPP21,0.9078995
276,66,ELL2,CBFB,0.90268505
276,46,ELL2,VDR,0.9026461
276,69,ELL2,MAGED1,0.89826274
276,416,ELL2,GATA2,0.89369905
276,76,ELL2,ESR1,0.88950634
276,398,ELL2,APOE,0.88746315
276,515,ELL2,NCF1,0.8819892
276,536,ELL2,MOGS,0.87684935
276,58,ELL2,RARB,0.8617976
276,277,ELL2,MEF2C,0.8603895
276,252,ELL2,HOXA9,0.85764825
276,257,ELL2,UHRF1,0.85598487
276,281,ELL2,TGM2,0.8535019
276,380,ELL2,NPDC1,0.8535019
276,379,ELL2,BCL2,0.8481178
276,67,ELL2,TEK,0.83075905
276,442,ELL2,HLF,0.82961243
276,290,ELL2,TMEM14C,0.8296049
276,392,ELL2,PBX1,0.8265034
276,53,ELL2,FCHO2,0.82645017
276,445,ELL2,IL1R1,0.82645017
276,302,ELL2,MEIS1,0.82635236
276,237,ELL2,ELF1,0.822649
533,527,ELOVL5,TUBB4B,0.9804452
533,422,ELOVL5,RUNX2,0.9795442
533,518,ELOVL5,IL12A,0.97946405
533,550,ELOVL5,SPI1,0.9756846
533,116,ELOVL5,TOP2A,0.97445345
533,525,ELOVL5,CD44,0.97246224
533,145,ELOVL5,HMGB2,0.9705819
533,233,ELOVL5,NOTCH1,0.970191
533,190,ELOVL5,TIPIN,0.9683366
533,216,ELOVL5,MCM7,0.96713465
533,506,ELOVL5,PRIM1,0.966014
533,213,ELOVL5,MCM4,0.9624452
533,60,ELOVL5,CDT1,0.96072215
533,131,ELOVL5,CKS1B,0.96072215
533,96,ELOVL5,SLBP,0.96067935
533,320,ELOVL5,MYC,0.9600304
533,68,ELOVL5,MKI67,0.9569624
533,367,ELOVL5,IL7R,0.9553185
533,267,ELOVL5,SLC2A3,0.9500956
533,335,ELOVL5,HDAC7,0.93272287
533,324,ELOVL5,REL,0.93099487
533,530,ELOVL5,IKZF1,0.9261512
533,118,ELOVL5,FOXO1,0.923854
533,334,ELOVL5,CD74,0.9226457
533,27,ELOVL5,HSD3B7,0.922596
533,459,ELOVL5,IRF8,0.91911983
533,221,ELOVL5,ARPP21,0.90811855
533,46,ELOVL5,VDR,0.9028707
533,66,ELOVL5,CBFB,0.9028707
533,416,ELOVL5,GATA2,0.90155244
533,69,ELOVL5,MAGED1,0.8985078
533,76,ELOVL5,ESR1,0.88976485
533,515,ELOVL5,NCF1,0.8822615
533,536,ELOVL5,MOGS,0.8771333
533,277,ELOVL5,MEF2C,0.86069983
533,281,ELOVL5,TGM2,0.8538209
533,252,ELOVL5,HOXA9,0.84975153
533,379,ELOVL5,BCL2,0.8484494
533,58,ELOVL5,RARB,0.84295624
533,67,ELOVL5,TEK,0.8299729
533,442,ELOVL5,HLF,0.8299729
533,53,ELOVL5,FCHO2,0.8268129
533,498,ELOVL5,DENND2D,0.8209823
533,85,ELOVL5,MECOM,0.8097095
533,398,ELOVL5,APOE,0.8069798
533,44,ELOVL5,NUDT19,0.8066948
533,541,ELOVL5,PGR,0.8066948
533,302,ELOVL5,MEIS1,0.8043629
533,237,ELOVL5,ELF1,0.79996735
533,257,ELOVL5,UHRF1,0.79313827
346,527,EMB,TUBB4B,0.9804482
346,422,EMB,RUNX2,0.9795156
346,518,EMB,IL12A,0.9794573
346,550,EMB,SPI1,0.9756468
346,116,EMB,TOP2A,0.9744888
346,525,EMB,CD44,0.97241795
346,145,EMB,HMGB2,0.9706915
346,233,EMB,NOTCH1,0.97014475
346,190,EMB,TIPIN,0.96839195
346,216,EMB,MCM7,0.9671949
346,506,EMB,PRIM1,0.9660872
346,96,EMB,SLBP,0.9635566
346,213,EMB,MCM4,0.9625846
346,60,EMB,CDT1,0.9607973
346,131,EMB,CKS1B,0.9607973
346,335,EMB,HDAC7,0.9602129
346,320,EMB,MYC,0.9599392
346,68,EMB,MKI67,0.95707554
346,367,EMB,IL7R,0.9552167
346,267,EMB,SLC2A3,0.94998187
346,324,EMB,REL,0.9312972
346,530,EMB,IKZF1,0.9259667
346,27,EMB,HSD3B7,0.922431
346,118,EMB,FOXO1,0.9221475
346,334,EMB,CD74,0.9202182
346,459,EMB,IRF8,0.91241115
346,221,EMB,ARPP21,0.9078456
346,46,EMB,VDR,0.9026461
346,66,EMB,CBFB,0.9026461
346,416,EMB,GATA2,0.89369905
346,76,EMB,ESR1,0.88950634
346,515,EMB,NCF1,0.8819892
346,536,EMB,MOGS,0.87684935
346,58,EMB,RARB,0.8617976
346,277,EMB,MEF2C,0.8603895
346,257,EMB,UHRF1,0.85598487
346,281,EMB,TGM2,0.8535019
346,380,EMB,NPDC1,0.8535019
346,252,EMB,HOXA9,0.84943974
346,379,EMB,BCL2,0.8481178
346,67,EMB,TEK,0.82961243
346,290,EMB,TMEM14C,0.82961243
346,442,EMB,HLF,0.82961243
346,392,EMB,PBX1,0.8265034
346,445,EMB,IL1R1,0.82645017
346,302,EMB,MEIS1,0.82635236
346,53,EMB,FCHO2,0.82518214
346,498,EMB,DENND2D,0.82061315
346,85,EMB,MECOM,0.8093563
346,44,EMB,NUDT19,0.80635184
103,367,EMP1,IL7R,0.978964
103,233,EMP1,NOTCH1,0.9787148
103,335,EMP1,HDAC7,0.9768016
103,320,EMP1,MYC,0.9767909
103,267,EMP1,SLC2A3,0.97525036
103,518,EMP1,IL12A,0.9742076
103,422,EMP1,RUNX2,0.973882
103,530,EMP1,IKZF1,0.9734708
103,118,EMP1,FOXO1,0.97338617
103,334,EMP1,CD74,0.9730452
103,550,EMP1,SPI1,0.97262347
103,257,EMP1,UHRF1,0.9707818
103,527,EMP1,TUBB4B,0.970401
103,221,EMP1,ARPP21,0.9685837
103,46,EMP1,VDR,0.9669328
103,66,EMP1,CBFB,0.9669328
103,416,EMP1,GATA2,0.96664834
103,445,EMP1,IL1R1,0.96641034
103,69,EMP1,MAGED1,0.96611595
103,525,EMP1,CD44,0.9660005
103,27,EMP1,HSD3B7,0.96576667
103,76,EMP1,ESR1,0.9657408
103,515,EMP1,NCF1,0.96326405
103,536,EMP1,MOGS,0.96171564
103,277,EMP1,MEF2C,0.9545468
103,379,EMP1,BCL2,0.95386434
103,281,EMP1,TGM2,0.9533186
103,380,EMP1,NPDC1,0.95325047
103,116,EMP1,TOP2A,0.95219356
103,252,EMP1,HOXA9,0.94838697
103,290,EMP1,TMEM14C,0.9470866
103,442,EMP1,HLF,0.9470866
103,67,EMP1,TEK,0.94656634
103,53,EMP1,FCHO2,0.9446263
103,302,EMP1,MEIS1,0.9426866
103,392,EMP1,PBX1,0.9426113
103,498,EMP1,DENND2D,0.9401338
103,44,EMP1,NUDT19,0.9374323
103,398,EMP1,APOE,0.9374323
103,541,EMP1,PGR,0.9374323
103,85,EMP1,MECOM,0.9363543
103,237,EMP1,ELF1,0.92886955
103,145,EMP1,HMGB2,0.91753614
103,190,EMP1,TIPIN,0.91474
103,459,EMP1,IRF8,0.9118945
103,42,EMP1,DACH1,0.90485555
103,506,EMP1,PRIM1,0.90106606
103,216,EMP1,MCM7,0.8997396
103,284,EMP1,MAML3,0.86705995
103,78,EMP1,ICA1,0.86400795
92,527,ENG,TUBB4B,0.9804503
92,422,ENG,RUNX2,0.9794924
92,518,ENG,IL12A,0.9794486
92,550,ENG,SPI1,0.9756142
92,116,ENG,TOP2A,0.97452533
92,525,ENG,CD44,0.9723785
92,145,ENG,HMGB2,0.97073436
92,233,ENG,NOTCH1,0.97010773
92,190,ENG,TIPIN,0.9685308
92,216,ENG,MCM7,0.967254
92,506,ENG,PRIM1,0.9661406
92,213,ENG,MCM4,0.9645461
92,96,ENG,SLBP,0.96362144
92,60,ENG,CDT1,0.9608672
92,131,ENG,CKS1B,0.9608672
92,335,ENG,HDAC7,0.96012443
92,320,ENG,MYC,0.95985186
92,68,ENG,MKI67,0.9571748
92,367,ENG,IL7R,0.95511687
92,267,ENG,SLC2A3,0.9498674
92,324,ENG,REL,0.9357133
92,530,ENG,IKZF1,0.925746
92,27,ENG,HSD3B7,0.92218107
92,334,ENG,CD74,0.92218107
92,118,ENG,FOXO1,0.9219173
92,459,ENG,IRF8,0.9121497
92,221,ENG,ARPP21,0.90761656
92,66,ENG,CBFB,0.90235406
92,69,ENG,MAGED1,0.8979664
92,416,ENG,GATA2,0.8933763
92,76,ENG,ESR1,0.889169
92,46,ENG,VDR,0.8834626
92,515,ENG,NCF1,0.88163215
92,536,ENG,MOGS,0.8764755
92,277,ENG,MEF2C,0.86894315
92,58,ENG,RARB,0.86136997
92,257,ENG,UHRF1,0.8555404
92,281,ENG,TGM2,0.8530539
92,380,ENG,NPDC1,0.8530539
92,252,ENG,HOXA9,0.8489759
92,379,ENG,BCL2,0.84766376
92,67,ENG,TEK,0.8290988
92,290,ENG,TMEM14C,0.8290988
92,442,ENG,HLF,0.8290988
92,302,ENG,MEIS1,0.82609695
92,392,ENG,PBX1,0.8259794
92,445,ENG,IL1R1,0.8259261
92,498,ENG,DENND2D,0.8200707
92,398,ENG,APOE,0.8062851
92,44,ENG,NUDT19,0.805837
409,367,ENPP5,IL7R,0.9795237
409,233,ENPP5,NOTCH1,0.9791286
409,320,ENPP5,MYC,0.9772898
409,335,ENPP5,HDAC7,0.9772863
409,267,ENPP5,SLC2A3,0.97582096
409,518,ENPP5,IL12A,0.9755972
409,422,ENPP5,RUNX2,0.9746234
409,530,ENPP5,IKZF1,0.974311
409,118,ENPP5,FOXO1,0.9741765
409,550,ENPP5,SPI1,0.97414035
409,27,ENPP5,HSD3B7,0.9739227
409,334,ENPP5,CD74,0.9739227
409,527,ENPP5,TUBB4B,0.9714777
409,221,ENPP5,ARPP21,0.9697842
409,525,ENPP5,CD44,0.9679157
409,416,ENPP5,GATA2,0.9678885
409,69,ENPP5,MAGED1,0.9673226
409,76,ENPP5,ESR1,0.9672231
409,290,ENPP5,TMEM14C,0.96713716
409,46,ENPP5,VDR,0.9653006
409,515,ENPP5,NCF1,0.96461695
409,536,ENPP5,MOGS,0.9632864
409,277,ENPP5,MEF2C,0.95802927
409,257,ENPP5,UHRF1,0.9567778
409,379,ENPP5,BCL2,0.955986
409,252,ENPP5,HOXA9,0.95580924
409,380,ENPP5,NPDC1,0.955764
409,281,ENPP5,TGM2,0.9557346
409,116,ENPP5,TOP2A,0.9535276
409,67,ENPP5,TEK,0.9498975
409,442,ENPP5,HLF,0.9498975
409,53,ENPP5,FCHO2,0.9492281
409,392,ENPP5,PBX1,0.9480886
409,445,ENPP5,IL1R1,0.9480413
409,66,ENPP5,CBFB,0.9461829
409,498,ENPP5,DENND2D,0.94409883
409,44,ENPP5,NUDT19,0.94037706
409,398,ENPP5,APOE,0.94037706
409,541,ENPP5,PGR,0.94037706
409,459,ENPP5,IRF8,0.9370023
409,237,ENPP5,ELF1,0.9333533
409,190,ENPP5,TIPIN,0.92374563
409,145,ENPP5,HMGB2,0.9219743
409,42,ENPP5,DACH1,0.9116974
409,506,ENPP5,PRIM1,0.9039053
409,216,ENPP5,MCM7,0.897076
409,58,ENPP5,RARB,0.8865174
409,85,ENPP5,MECOM,0.8786691
409,284,ENPP5,MAML3,0.8777774
409,155,ENPP5,MYCN,0.8713193
9,422,EPSTI1,RUNX2,0.9795156
9,518,EPSTI1,IL12A,0.9794573
9,550,EPSTI1,SPI1,0.9756468
9,116,EPSTI1,TOP2A,0.9744899
9,525,EPSTI1,CD44,0.97241795
9,527,EPSTI1,TUBB4B,0.9717226
9,145,EPSTI1,HMGB2,0.9706274
9,233,EPSTI1,NOTCH1,0.97014475
9,190,EPSTI1,TIPIN,0.96839195
9,216,EPSTI1,MCM7,0.9671949
9,506,EPSTI1,PRIM1,0.9660805
9,96,EPSTI1,SLBP,0.9635566
9,213,EPSTI1,MCM4,0.9625164
9,60,EPSTI1,CDT1,0.9607973
9,131,EPSTI1,CKS1B,0.9607973
9,335,EPSTI1,HDAC7,0.9602129
9,68,EPSTI1,MKI67,0.95707554
9,320,EPSTI1,MYC,0.9556055
9,367,EPSTI1,IL7R,0.9552167
9,267,EPSTI1,SLC2A3,0.9538539
9,530,EPSTI1,IKZF1,0.9338483
9,324,EPSTI1,REL,0.9312972
9,27,EPSTI1,HSD3B7,0.9224093
9,334,EPSTI1,CD74,0.9224093
9,118,EPSTI1,FOXO1,0.9221475
9,459,EPSTI1,IRF8,0.91241115
9,221,EPSTI1,ARPP21,0.9078995
9,46,EPSTI1,VDR,0.9033642
9,66,EPSTI1,CBFB,0.90118676
9,69,EPSTI1,MAGED1,0.89826274
9,416,EPSTI1,GATA2,0.89369905
9,76,EPSTI1,ESR1,0.88950634
9,515,EPSTI1,NCF1,0.8819892
9,536,EPSTI1,MOGS,0.87684935
9,58,EPSTI1,RARB,0.8617976
9,277,EPSTI1,MEF2C,0.8603895
9,257,EPSTI1,UHRF1,0.85598487
9,281,EPSTI1,TGM2,0.8535019
9,380,EPSTI1,NPDC1,0.8535019
9,252,EPSTI1,HOXA9,0.8497742
9,379,EPSTI1,BCL2,0.8481178
9,67,EPSTI1,TEK,0.82961243
9,290,EPSTI1,TMEM14C,0.82961243
9,442,EPSTI1,HLF,0.82961243
9,392,EPSTI1,PBX1,0.8265034
9,53,EPSTI1,FCHO2,0.82645017
9,445,EPSTI1,IL1R1,0.82641506
9,302,EPSTI1,MEIS1,0.82635236
9,498,EPSTI1,DENND2D,0.82061315
9,85,EPSTI1,MECOM,0.8093563
458,527,ERP29,TUBB4B,0.98042816
458,422,ERP29,RUNX2,0.98004216
458,518,ERP29,IL12A,0.97946405
458,550,ERP29,SPI1,0.9756846
458,116,ERP29,TOP2A,0.9744528
458,525,ERP29,CD44,0.97246224
458,145,ERP29,HMGB2,0.9705819
458,233,ERP29,NOTCH1,0.970191
458,216,ERP29,MCM7,0.9688824
458,190,ERP29,TIPIN,0.9683366
458,506,ERP29,PRIM1,0.966014
458,96,ERP29,SLBP,0.96348774
458,213,ERP29,MCM4,0.9624452
458,60,ERP29,CDT1,0.96072215
458,131,ERP29,CKS1B,0.96072215
458,335,ERP29,HDAC7,0.9603026
458,320,ERP29,MYC,0.9600304
458,68,ERP29,MKI67,0.9569624
458,367,ERP29,IL7R,0.9553185
458,267,ERP29,SLC2A3,0.9500956
458,324,ERP29,REL,0.9311263
458,530,ERP29,IKZF1,0.92618686
458,27,ERP29,HSD3B7,0.92260104
458,334,ERP29,CD74,0.92260104
458,118,ERP29,FOXO1,0.9223383
458,459,ERP29,IRF8,0.91264075
458,46,ERP29,VDR,0.9087623
458,221,ERP29,ARPP21,0.90811855
458,66,ERP29,CBFB,0.9016008
458,69,ERP29,MAGED1,0.8985593
458,416,ERP29,GATA2,0.8939484
458,76,ERP29,ESR1,0.88976485
458,515,ERP29,NCF1,0.8822615
458,536,ERP29,MOGS,0.8771333
458,58,ERP29,RARB,0.86208034
458,277,ERP29,MEF2C,0.86069983
458,281,ERP29,TGM2,0.8538209
458,380,ERP29,NPDC1,0.8538209
458,252,ERP29,HOXA9,0.84975153
458,379,ERP29,BCL2,0.8484494
458,442,ERP29,HLF,0.8310946
458,67,ERP29,TEK,0.83037364
458,290,ERP29,TMEM14C,0.8299729
458,392,ERP29,PBX1,0.82686603
458,445,ERP29,IL1R1,0.826813
458,53,ERP29,FCHO2,0.8268129
458,302,ERP29,MEIS1,0.8267054
458,245,ERP29,WFDC18,0.82588834
458,498,ERP29,DENND2D,0.8209823
458,85,ERP29,MECOM,0.8097095
487,518,ESAM,IL12A,0.9641237
487,527,ESAM,TUBB4B,0.96342313
487,422,ESAM,RUNX2,0.9630348
487,550,ESAM,SPI1,0.9601831
487,525,ESAM,CD44,0.9532376
487,233,ESAM,NOTCH1,0.9520711
487,116,ESAM,TOP2A,0.94913584
487,145,ESAM,HMGB2,0.944948
487,190,ESAM,TIPIN,0.9424928
487,335,ESAM,HDAC7,0.93937147
487,216,ESAM,MCM7,0.9393133
487,506,ESAM,PRIM1,0.9379403
487,320,ESAM,MYC,0.93785703
487,367,ESAM,IL7R,0.93545276
487,267,ESAM,SLC2A3,0.9285865
487,96,ESAM,SLBP,0.92769647
487,213,ESAM,MCM4,0.9255644
487,60,ESAM,CDT1,0.9177183
487,131,ESAM,CKS1B,0.9177183
487,68,ESAM,MKI67,0.9068936
487,530,ESAM,IKZF1,0.9035359
487,118,ESAM,FOXO1,0.8982616
487,334,ESAM,CD74,0.89795065
487,27,ESAM,HSD3B7,0.8979387
487,221,ESAM,ARPP21,0.881011
487,66,ESAM,CBFB,0.87878025
487,69,ESAM,MAGED1,0.8698953
487,416,ESAM,GATA2,0.86560506
487,459,ESAM,IRF8,0.8537919
487,515,ESAM,NCF1,0.85324264
487,324,ESAM,REL,0.8526684
487,536,ESAM,MOGS,0.84856164
487,58,ESAM,RARB,0.8413325
487,277,ESAM,MEF2C,0.8330382
487,252,ESAM,HOXA9,0.8292133
487,257,ESAM,UHRF1,0.82575345
487,281,ESAM,TGM2,0.82131684
487,380,ESAM,NPDC1,0.82131684
487,379,ESAM,BCL2,0.8184031
487,46,ESAM,VDR,0.80241793
487,302,ESAM,MEIS1,0.80000657
487,392,ESAM,PBX1,0.7986229
487,290,ESAM,TMEM14C,0.79758364
487,442,ESAM,HLF,0.79758364
487,67,ESAM,TEK,0.7975763
487,53,ESAM,FCHO2,0.7942457
487,445,ESAM,IL1R1,0.79424566
487,85,ESAM,MECOM,0.77696294
487,44,ESAM,NUDT19,0.77634335
487,398,ESAM,APOE,0.7751083
76,527,ESR1,TUBB4B,0.9783102
76,422,ESR1,RUNX2,0.97829217
76,518,ESR1,IL12A,0.97812027
76,550,ESR1,SPI1,0.9755156
76,233,ESR1,NOTCH1,0.9753528
76,525,ESR1,CD44,0.9732622
76,116,ESR1,TOP2A,0.97144055
76,320,ESR1,MYC,0.96883696
76,335,ESR1,HDAC7,0.9662415
76,367,ESR1,IL7R,0.9647129
76,267,ESR1,SLC2A3,0.96298945
76,145,ESR1,HMGB2,0.9623197
76,190,ESR1,TIPIN,0.9620033
76,506,ESR1,PRIM1,0.9582939
76,216,ESR1,MCM7,0.9557861
76,96,ESR1,SLBP,0.9507197
76,213,ESR1,MCM4,0.94994813
76,60,ESR1,CDT1,0.93972474
76,131,ESR1,CKS1B,0.93972474
76,257,ESR1,UHRF1,0.93060803
76,118,ESR1,FOXO1,0.93011504
76,27,ESR1,HSD3B7,0.92965376
76,334,ESR1,CD74,0.92965376
76,68,ESR1,MKI67,0.926192
76,221,ESR1,ARPP21,0.90978193
76,46,ESR1,VDR,0.9049359
76,69,ESR1,MAGED1,0.8979827
76,416,ESR1,GATA2,0.8968836
76,66,ESR1,CBFB,0.8964522
76,536,ESR1,MOGS,0.8778672
76,515,ESR1,NCF1,0.87725866
76,42,ESR1,DACH1,0.86855984
76,380,ESR1,NPDC1,0.8391339
76,277,ESR1,MEF2C,0.8390039
76,281,ESR1,TGM2,0.8385816
76,379,ESR1,BCL2,0.83390576
76,392,ESR1,PBX1,0.81609356
76,498,ESR1,DENND2D,0.81480056
76,324,ESR1,REL,0.8026777
76,67,ESR1,TEK,0.7989934
76,290,ESR1,TMEM14C,0.7989934
76,442,ESR1,HLF,0.7989934
76,44,ESR1,NUDT19,0.7972778
76,53,ESR1,FCHO2,0.79386336
76,302,ESR1,MEIS1,0.78859687
76,530,ESR1,IKZF1,0.7853331
76,252,ESR1,HOXA9,0.78119266
76,85,ESR1,MECOM,0.77085996
76,398,ESR1,APOE,0.76486164
76,459,ESR1,IRF8,0.759545
129,518,EVI2A,IL12A,0.9816109
129,422,EVI2A,RUNX2,0.98125744
129,550,EVI2A,SPI1,0.97925466
129,527,EVI2A,TUBB4B,0.9792043
129,116,EVI2A,TOP2A,0.97728276
129,525,EVI2A,CD44,0.9766371
129,233,EVI2A,NOTCH1,0.97248954
129,335,EVI2A,HDAC7,0.9706415
129,320,EVI2A,MYC,0.96996236
129,145,EVI2A,HMGB2,0.96866757
129,367,EVI2A,IL7R,0.9685666
129,267,EVI2A,SLC2A3,0.9655955
129,190,EVI2A,TIPIN,0.9650016
129,221,EVI2A,ARPP21,0.9630224
129,506,EVI2A,PRIM1,0.9626029
129,216,EVI2A,MCM7,0.96228945
129,530,EVI2A,IKZF1,0.95897317
129,334,EVI2A,CD74,0.9583482
129,27,EVI2A,HSD3B7,0.95830697
129,118,EVI2A,FOXO1,0.9572815
129,96,EVI2A,SLBP,0.95638555
129,213,EVI2A,MCM4,0.9557158
129,131,EVI2A,CKS1B,0.95068234
129,69,EVI2A,MAGED1,0.94990605
129,46,EVI2A,VDR,0.94969314
129,459,EVI2A,IRF8,0.94856286
129,416,EVI2A,GATA2,0.94765466
129,67,EVI2A,TEK,0.9468173
129,515,EVI2A,NCF1,0.9440897
129,68,EVI2A,MKI67,0.94249934
129,66,EVI2A,CBFB,0.94177455
129,536,EVI2A,MOGS,0.94175285
129,277,EVI2A,MEF2C,0.941027
129,257,EVI2A,UHRF1,0.9372265
129,379,EVI2A,BCL2,0.93141824
129,281,EVI2A,TGM2,0.9293654
129,380,EVI2A,NPDC1,0.92928445
129,53,EVI2A,FCHO2,0.9273568
129,60,EVI2A,CDT1,0.92679185
129,252,EVI2A,HOXA9,0.9246341
129,442,EVI2A,HLF,0.92217445
129,290,EVI2A,TMEM14C,0.9220772
129,58,EVI2A,RARB,0.9208426
129,392,EVI2A,PBX1,0.9203104
129,445,EVI2A,IL1R1,0.9202817
129,302,EVI2A,MEIS1,0.91992635
129,498,EVI2A,DENND2D,0.91611856
129,85,EVI2A,MECOM,0.9132557
129,44,EVI2A,NUDT19,0.90934694
129,398,EVI2A,APOE,0.90934694
393,527,EYA2,TUBB4B,0.9804482
393,422,EYA2,RUNX2,0.9795156
393,518,EYA2,IL12A,0.9794597
393,550,EYA2,SPI1,0.9756468
393,116,EYA2,TOP2A,0.97451675
393,145,EYA2,HMGB2,0.9738332
393,525,EYA2,CD44,0.97241795
393,233,EYA2,NOTCH1,0.9705906
393,190,EYA2,TIPIN,0.96839195
393,216,EYA2,MCM7,0.9671949
393,506,EYA2,PRIM1,0.9660805
393,96,EYA2,SLBP,0.9635566
393,213,EYA2,MCM4,0.9625194
393,60,EYA2,CDT1,0.9607973
393,131,EYA2,CKS1B,0.9607973
393,335,EYA2,HDAC7,0.9602129
393,320,EYA2,MYC,0.9599392
393,68,EYA2,MKI67,0.95707554
393,367,EYA2,IL7R,0.9552167
393,267,EYA2,SLC2A3,0.94998187
393,324,EYA2,REL,0.9312972
393,530,EYA2,IKZF1,0.9259667
393,27,EYA2,HSD3B7,0.9224093
393,118,EYA2,FOXO1,0.9221475
393,334,EYA2,CD74,0.9221469
393,459,EYA2,IRF8,0.91241115
393,221,EYA2,ARPP21,0.9078995
393,46,EYA2,VDR,0.9026461
393,66,EYA2,CBFB,0.90152913
393,69,EYA2,MAGED1,0.89826274
393,416,EYA2,GATA2,0.89369905
393,76,EYA2,ESR1,0.88950634
393,536,EYA2,MOGS,0.87684935
393,515,EYA2,NCF1,0.87161875
393,277,EYA2,MEF2C,0.85987407
393,257,EYA2,UHRF1,0.85598487
393,281,EYA2,TGM2,0.8535019
393,380,EYA2,NPDC1,0.8535019
393,252,EYA2,HOXA9,0.8505267
393,58,EYA2,RARB,0.84970224
393,379,EYA2,BCL2,0.8481178
393,442,EYA2,HLF,0.8355803
393,445,EYA2,IL1R1,0.8299924
393,290,EYA2,TMEM14C,0.8297113
393,67,EYA2,TEK,0.82961243
393,392,EYA2,PBX1,0.8265034
393,53,EYA2,FCHO2,0.8264584
393,302,EYA2,MEIS1,0.82635236
393,498,EYA2,DENND2D,0.82061315
393,85,EYA2,MECOM,0.8093563
57,527,F11R,TUBB4B,0.98043114
57,422,F11R,RUNX2,0.97950417
57,518,F11R,IL12A,0.9794573
57,550,F11R,SPI1,0.9756468
57,116,F11R,TOP2A,0.9744888
57,525,F11R,CD44,0.97241795
57,145,F11R,HMGB2,0.9706331
57,233,F11R,NOTCH1,0.96926033
57,190,F11R,TIPIN,0.96839195
57,216,F11R,MCM7,0.9671737
57,506,F11R,PRIM1,0.9660947
57,320,F11R,MYC,0.9639483
57,96,F11R,SLBP,0.9635566
57,213,F11R,MCM4,0.9625164
57,131,F11R,CKS1B,0.9607973
57,60,F11R,CDT1,0.960795
57,335,F11R,HDAC7,0.9602129
57,68,F11R,MKI67,0.95707554
57,367,F11R,IL7R,0.95407337
57,267,F11R,SLC2A3,0.94998187
57,324,F11R,REL,0.9312972
57,530,F11R,IKZF1,0.9259667
57,27,F11R,HSD3B7,0.9224093
57,334,F11R,CD74,0.9224093
57,118,F11R,FOXO1,0.9221475
57,221,F11R,ARPP21,0.9140499
57,459,F11R,IRF8,0.9123969
57,46,F11R,VDR,0.9026461
57,66,F11R,CBFB,0.9026461
57,69,F11R,MAGED1,0.8983168
57,416,F11R,GATA2,0.89369905
57,76,F11R,ESR1,0.88950634
57,515,F11R,NCF1,0.88162434
57,536,F11R,MOGS,0.87684935
57,58,F11R,RARB,0.87599885
57,302,F11R,MEIS1,0.8685238
57,277,F11R,MEF2C,0.8603895
57,257,F11R,UHRF1,0.85598487
57,380,F11R,NPDC1,0.8535019
57,281,F11R,TGM2,0.85338974
57,252,F11R,HOXA9,0.84943974
57,379,F11R,BCL2,0.8481178
57,67,F11R,TEK,0.82961243
57,442,F11R,HLF,0.82961243
57,392,F11R,PBX1,0.8265034
57,53,F11R,FCHO2,0.82645017
57,445,F11R,IL1R1,0.82645017
57,498,F11R,DENND2D,0.82061315
57,85,F11R,MECOM,0.8093563
57,44,F11R,NUDT19,0.80635184
3,527,F2R,TUBB4B,0.9804482
3,422,F2R,RUNX2,0.9790846
3,550,F2R,SPI1,0.9756468
3,116,F2R,TOP2A,0.9740283
3,525,F2R,CD44,0.97095954
3,506,F2R,PRIM1,0.97071785
3,145,F2R,HMGB2,0.9706331
3,233,F2R,NOTCH1,0.97014475
3,190,F2R,TIPIN,0.96839195
3,96,F2R,SLBP,0.96801245
3,216,F2R,MCM7,0.9671949
3,213,F2R,MCM4,0.96251667
3,131,F2R,CKS1B,0.9608029
3,60,F2R,CDT1,0.9607973
3,335,F2R,HDAC7,0.9602129
3,320,F2R,MYC,0.9599392
3,518,F2R,IL12A,0.9578493
3,68,F2R,MKI67,0.95707554
3,367,F2R,IL7R,0.9552167
3,267,F2R,SLC2A3,0.949971
3,324,F2R,REL,0.9312972
3,530,F2R,IKZF1,0.9259667
3,69,F2R,MAGED1,0.9240622
3,27,F2R,HSD3B7,0.9224093
3,334,F2R,CD74,0.9224093
3,118,F2R,FOXO1,0.9221475
3,221,F2R,ARPP21,0.9078995
3,66,F2R,CBFB,0.9026461
3,46,F2R,VDR,0.90252227
3,416,F2R,GATA2,0.89369905
3,459,F2R,IRF8,0.8918786
3,76,F2R,ESR1,0.88950634
3,515,F2R,NCF1,0.8819892
3,536,F2R,MOGS,0.87684935
3,42,F2R,DACH1,0.8725944
3,58,F2R,RARB,0.8617976
3,277,F2R,MEF2C,0.8603895
3,257,F2R,UHRF1,0.85598487
3,281,F2R,TGM2,0.8535019
3,380,F2R,NPDC1,0.8534485
3,252,F2R,HOXA9,0.84943974
3,379,F2R,BCL2,0.8480685
3,67,F2R,TEK,0.82961243
3,442,F2R,HLF,0.82961243
3,290,F2R,TMEM14C,0.8296041
3,53,F2R,FCHO2,0.82645017
3,445,F2R,IL1R1,0.82645017
3,302,F2R,MEIS1,0.82635236
3,392,F2R,PBX1,0.82221997
3,498,F2R,DENND2D,0.82061315
295,527,F630028O10RIK,TUBB4B,0.9804482
295,422,F630028O10RIK,RUNX2,0.9795156
295,518,F630028O10RIK,IL12A,0.9794573
295,550,F630028O10RIK,SPI1,0.9756468
295,525,F630028O10RIK,CD44,0.97530055
295,116,F630028O10RIK,TOP2A,0.9744848
295,145,F630028O10RIK,HMGB2,0.9706331
295,233,F630028O10RIK,NOTCH1,0.97014475
295,213,F630028O10RIK,MCM4,0.9687109
295,190,F630028O10RIK,TIPIN,0.96839195
295,216,F630028O10RIK,MCM7,0.9671949
295,506,F630028O10RIK,PRIM1,0.9660805
295,96,F630028O10RIK,SLBP,0.9635566
295,60,F630028O10RIK,CDT1,0.9607973
295,131,F630028O10RIK,CKS1B,0.9607973
295,335,F630028O10RIK,HDAC7,0.9602129
295,320,F630028O10RIK,MYC,0.9599392
295,68,F630028O10RIK,MKI67,0.9571253
295,367,F630028O10RIK,IL7R,0.9552167
295,267,F630028O10RIK,SLC2A3,0.94998187
295,324,F630028O10RIK,REL,0.9312972
295,66,F630028O10RIK,CBFB,0.9280313
295,530,F630028O10RIK,IKZF1,0.9259667
295,27,F630028O10RIK,HSD3B7,0.9224093
295,334,F630028O10RIK,CD74,0.9224093
295,118,F630028O10RIK,FOXO1,0.9217096
295,459,F630028O10RIK,IRF8,0.91241115
295,221,F630028O10RIK,ARPP21,0.9078995
295,46,F630028O10RIK,VDR,0.9026461
295,277,F630028O10RIK,MEF2C,0.90249187
295,69,F630028O10RIK,MAGED1,0.89826274
295,416,F630028O10RIK,GATA2,0.89369905
295,76,F630028O10RIK,ESR1,0.88950634
295,515,F630028O10RIK,NCF1,0.8819892
295,536,F630028O10RIK,MOGS,0.87684935
295,58,F630028O10RIK,RARB,0.8617976
295,281,F630028O10RIK,TGM2,0.8535019
295,380,F630028O10RIK,NPDC1,0.8535019
295,252,F630028O10RIK,HOXA9,0.84943974
295,379,F630028O10RIK,BCL2,0.8494033
295,67,F630028O10RIK,TEK,0.82961243
295,442,F630028O10RIK,HLF,0.82961243
295,290,F630028O10RIK,TMEM14C,0.8291014
295,445,F630028O10RIK,IL1R1,0.82680583
295,392,F630028O10RIK,PBX1,0.8265034
295,53,F630028O10RIK,FCHO2,0.82645017
295,302,F630028O10RIK,MEIS1,0.82635236
295,498,F630028O10RIK,DENND2D,0.82061315
295,257,F630028O10RIK,UHRF1,0.82020265
295,85,F630028O10RIK,MECOM,0.8093563
108,527,FADS1,TUBB4B,0.98044866
108,422,FADS1,RUNX2,0.97951084
108,518,FADS1,IL12A,0.9794573
108,550,FADS1,SPI1,0.9756468
108,116,FADS1,TOP2A,0.9744888
108,525,FADS1,CD44,0.97241795
108,233,FADS1,NOTCH1,0.9714684
108,145,FADS1,HMGB2,0.9706331
108,96,FADS1,SLBP,0.97002494
108,190,FADS1,TIPIN,0.9669248
108,506,FADS1,PRIM1,0.9660805
108,216,FADS1,MCM7,0.9644274
108,213,FADS1,MCM4,0.9625846
108,60,FADS1,CDT1,0.9607973
108,131,FADS1,CKS1B,0.9607973
108,335,FADS1,HDAC7,0.9602129
108,320,FADS1,MYC,0.9599392
108,68,FADS1,MKI67,0.95707554
108,367,FADS1,IL7R,0.9552167
108,267,FADS1,SLC2A3,0.94998187
108,324,FADS1,REL,0.9312972
108,530,FADS1,IKZF1,0.9259667
108,334,FADS1,CD74,0.9224093
108,118,FADS1,FOXO1,0.9221475
108,257,FADS1,UHRF1,0.91570383
108,221,FADS1,ARPP21,0.9078995
108,459,FADS1,IRF8,0.905289
108,445,FADS1,IL1R1,0.9046631
108,46,FADS1,VDR,0.9026461
108,66,FADS1,CBFB,0.9026461
108,69,FADS1,MAGED1,0.8985555
108,416,FADS1,GATA2,0.89369905
108,27,FADS1,HSD3B7,0.8936844
108,76,FADS1,ESR1,0.88950634
108,515,FADS1,NCF1,0.8819892
108,536,FADS1,MOGS,0.87684935
108,277,FADS1,MEF2C,0.85828704
108,281,FADS1,TGM2,0.85372734
108,380,FADS1,NPDC1,0.8535019
108,252,FADS1,HOXA9,0.84943974
108,379,FADS1,BCL2,0.8481178
108,290,FADS1,TMEM14C,0.82961243
108,442,FADS1,HLF,0.82961243
108,67,FADS1,TEK,0.82840127
108,302,FADS1,MEIS1,0.82635236
108,53,FADS1,FCHO2,0.82576436
108,392,FADS1,PBX1,0.82175887
108,498,FADS1,DENND2D,0.82061315
108,58,FADS1,RARB,0.812356
108,85,FADS1,MECOM,0.8093563
154,527,FAM110C,TUBB4B,0.9804464
154,422,FAM110C,RUNX2,0.97951514
154,518,FAM110C,IL12A,0.97945595
154,550,FAM110C,SPI1,0.9756463
154,116,FAM110C,TOP2A,0.97469723
154,525,FAM110C,CD44,0.97241735
154,145,FAM110C,HMGB2,0.97062624
154,233,FAM110C,NOTCH1,0.9701459
154,190,FAM110C,TIPIN,0.9683847
154,335,FAM110C,HDAC7,0.96784157
154,216,FAM110C,MCM7,0.9671901
154,506,FAM110C,PRIM1,0.9660728
154,96,FAM110C,SLBP,0.9635482
154,213,FAM110C,MCM4,0.96250784
154,131,FAM110C,CKS1B,0.9607883
154,320,FAM110C,MYC,0.9599436
154,60,FAM110C,CDT1,0.9594565
154,68,FAM110C,MKI67,0.95706177
154,367,FAM110C,IL7R,0.9541556
154,267,FAM110C,SLC2A3,0.9499878
154,324,FAM110C,REL,0.9312782
154,530,FAM110C,IKZF1,0.9259779
154,118,FAM110C,FOXO1,0.92263675
154,334,FAM110C,CD74,0.922421
154,27,FAM110C,HSD3B7,0.9128592
154,459,FAM110C,IRF8,0.9124251
154,221,FAM110C,ARPP21,0.9097632
154,46,FAM110C,VDR,0.90266114
154,66,FAM110C,CBFB,0.90266114
154,69,FAM110C,MAGED1,0.8982784
154,416,FAM110C,GATA2,0.8937156
154,76,FAM110C,ESR1,0.8897865
154,515,FAM110C,NCF1,0.8820077
154,536,FAM110C,MOGS,0.8768688
154,58,FAM110C,RARB,0.8618204
154,277,FAM110C,MEF2C,0.85996276
154,257,FAM110C,UHRF1,0.85600734
154,281,FAM110C,TGM2,0.8535247
154,380,FAM110C,NPDC1,0.8535247
154,442,FAM110C,HLF,0.84730077
154,252,FAM110C,HOXA9,0.8351644
154,290,FAM110C,TMEM14C,0.82963926
154,392,FAM110C,PBX1,0.82660466
154,445,FAM110C,IL1R1,0.8264777
154,302,FAM110C,MEIS1,0.82637966
154,498,FAM110C,DENND2D,0.82064176
154,85,FAM110C,MECOM,0.809384
154,379,FAM110C,BCL2,0.80810195
154,44,FAM110C,NUDT19,0.8064659
154,541,FAM110C,PGR,0.8063807
19,527,FAM171A1,TUBB4B,0.9804482
19,422,FAM171A1,RUNX2,0.9795156
19,518,FAM171A1,IL12A,0.9794485
19,550,FAM171A1,SPI1,0.9756468
19,116,FAM171A1,TOP2A,0.97451246
19,525,FAM171A1,CD44,0.9726795
19,145,FAM171A1,HMGB2,0.9706331
19,233,FAM171A1,NOTCH1,0.9701742
19,190,FAM171A1,TIPIN,0.96839195
19,216,FAM171A1,MCM7,0.9671949
19,506,FAM171A1,PRIM1,0.9660805
19,324,FAM171A1,REL,0.966051
19,96,FAM171A1,SLBP,0.9635566
19,213,FAM171A1,MCM4,0.9625164
19,60,FAM171A1,CDT1,0.9607973
19,131,FAM171A1,CKS1B,0.9607973
19,335,FAM171A1,HDAC7,0.9602129
19,320,FAM171A1,MYC,0.9599392
19,68,FAM171A1,MKI67,0.95707554
19,367,FAM171A1,IL7R,0.9552167
19,267,FAM171A1,SLC2A3,0.94998187
19,530,FAM171A1,IKZF1,0.9259667
19,334,FAM171A1,CD74,0.92240334
19,27,FAM171A1,HSD3B7,0.92192364
19,459,FAM171A1,IRF8,0.91241115
19,221,FAM171A1,ARPP21,0.9078995
19,118,FAM171A1,FOXO1,0.90283537
19,46,FAM171A1,VDR,0.9026461
19,66,FAM171A1,CBFB,0.9026461
19,442,FAM171A1,HLF,0.89941174
19,69,FAM171A1,MAGED1,0.8982544
19,416,FAM171A1,GATA2,0.89369905
19,76,FAM171A1,ESR1,0.88950634
19,515,FAM171A1,NCF1,0.88200414
19,536,FAM171A1,MOGS,0.8763853
19,58,FAM171A1,RARB,0.8617976
19,277,FAM171A1,MEF2C,0.86041653
19,380,FAM171A1,NPDC1,0.8542837
19,281,FAM171A1,TGM2,0.8535019
19,252,FAM171A1,HOXA9,0.84943974
19,379,FAM171A1,BCL2,0.8481178
19,53,FAM171A1,FCHO2,0.84265935
19,468,FAM171A1,VEGFC,0.8311727
19,257,FAM171A1,UHRF1,0.8311548
19,67,FAM171A1,TEK,0.82961243
19,290,FAM171A1,TMEM14C,0.82961243
19,392,FAM171A1,PBX1,0.8265034
19,445,FAM171A1,IL1R1,0.82645017
19,302,FAM171A1,MEIS1,0.82635236
19,498,FAM171A1,DENND2D,0.82061315
249,527,FCGRT,TUBB4B,0.9804482
249,518,FCGRT,IL12A,0.9794573
249,422,FCGRT,RUNX2,0.9770981
249,550,FCGRT,SPI1,0.9756468
249,116,FCGRT,TOP2A,0.9752085
249,525,FCGRT,CD44,0.97241795
249,145,FCGRT,HMGB2,0.9706331
249,233,FCGRT,NOTCH1,0.97014475
249,190,FCGRT,TIPIN,0.96839195
249,216,FCGRT,MCM7,0.9671949
249,506,FCGRT,PRIM1,0.9660805
249,213,FCGRT,MCM4,0.96517986
249,96,FCGRT,SLBP,0.9635566
249,60,FCGRT,CDT1,0.9608691
249,335,FCGRT,HDAC7,0.9602129
249,320,FCGRT,MYC,0.9599392
249,68,FCGRT,MKI67,0.9565061
249,367,FCGRT,IL7R,0.9552167
249,267,FCGRT,SLC2A3,0.94998187
249,131,FCGRT,CKS1B,0.9414487
249,324,FCGRT,REL,0.9312972
249,530,FCGRT,IKZF1,0.9259667
249,27,FCGRT,HSD3B7,0.9224093
249,334,FCGRT,CD74,0.9223726
249,118,FCGRT,FOXO1,0.9221475
249,459,FCGRT,IRF8,0.91241115
249,221,FCGRT,ARPP21,0.9078995
249,46,FCGRT,VDR,0.9026461
249,66,FCGRT,CBFB,0.9026461
249,498,FCGRT,DENND2D,0.8999321
249,69,FCGRT,MAGED1,0.89811033
249,416,FCGRT,GATA2,0.89369905
249,536,FCGRT,MOGS,0.87684935
249,58,FCGRT,RARB,0.8617976
249,277,FCGRT,MEF2C,0.8603895
249,257,FCGRT,UHRF1,0.85598487
249,76,FCGRT,ESR1,0.85564035
249,281,FCGRT,TGM2,0.8535019
249,380,FCGRT,NPDC1,0.8535019
249,252,FCGRT,HOXA9,0.84943974
249,379,FCGRT,BCL2,0.8481178
249,541,FCGRT,PGR,0.8399021
249,53,FCGRT,FCHO2,0.832593
249,67,FCGRT,TEK,0.83012015
249,290,FCGRT,TMEM14C,0.8289425
249,392,FCGRT,PBX1,0.8265034
249,445,FCGRT,IL1R1,0.82645017
249,302,FCGRT,MEIS1,0.82635236
249,85,FCGRT,MECOM,0.8093563
249,44,FCGRT,NUDT19,0.80635184
53,367,FCHO2,IL7R,0.9820274
53,422,FCHO2,RUNX2,0.97937894
53,518,FCHO2,IL12A,0.9779338
53,320,FCHO2,MYC,0.9776953
53,550,FCHO2,SPI1,0.97760665
53,335,FCHO2,HDAC7,0.9775198
53,527,FCHO2,TUBB4B,0.9765478
53,233,FCHO2,NOTCH1,0.97647995
53,267,FCHO2,SLC2A3,0.97586596
53,530,FCHO2,IKZF1,0.9757111
53,118,FCHO2,FOXO1,0.9744468
53,27,FCHO2,HSD3B7,0.9737526
53,334,FCHO2,CD74,0.9737526
53,525,FCHO2,CD44,0.97343713
53,46,FCHO2,VDR,0.9706388
53,66,FCHO2,CBFB,0.9706388
53,221,FCHO2,ARPP21,0.970347
53,76,FCHO2,ESR1,0.96828383
53,416,FCHO2,GATA2,0.9679433
53,116,FCHO2,TOP2A,0.96730655
53,69,FCHO2,MAGED1,0.9667869
53,536,FCHO2,MOGS,0.963943
53,515,FCHO2,NCF1,0.9626863
53,257,FCHO2,UHRF1,0.9595777
53,302,FCHO2,MEIS1,0.95358217
53,277,FCHO2,MEF2C,0.95221764
53,190,FCHO2,TIPIN,0.94961035
53,145,FCHO2,HMGB2,0.94852024
53,379,FCHO2,BCL2,0.9485136
53,380,FCHO2,NPDC1,0.9479958
53,281,FCHO2,TGM2,0.94797766
53,252,FCHO2,HOXA9,0.9465672
53,459,FCHO2,IRF8,0.94562167
53,506,FCHO2,PRIM1,0.938156
53,67,FCHO2,TEK,0.9381232
53,442,FCHO2,HLF,0.9381232
53,216,FCHO2,MCM7,0.9369884
53,392,FCHO2,PBX1,0.93471897
53,445,FCHO2,IL1R1,0.93468225
53,498,FCHO2,DENND2D,0.9302315
53,85,FCHO2,MECOM,0.9265941
53,44,FCHO2,NUDT19,0.92397875
53,398,FCHO2,APOE,0.92397875
53,541,FCHO2,PGR,0.92397875
53,290,FCHO2,TMEM14C,0.91326636
53,237,FCHO2,ELF1,0.912702
53,96,FCHO2,SLBP,0.9083835
53,213,FCHO2,MCM4,0.9074052
53,58,FCHO2,RARB,0.90680987
53,284,FCHO2,MAML3,0.88775665
83,422,FCRL1,RUNX2,0.9795009
83,518,FCRL1,IL12A,0.9794471
83,550,FCRL1,SPI1,0.97564745
83,116,FCRL1,TOP2A,0.97443205
83,525,FCRL1,CD44,0.9724185
83,527,FCRL1,TUBB4B,0.9717168
83,145,FCRL1,HMGB2,0.9705748
83,233,FCRL1,NOTCH1,0.9701657
83,190,FCRL1,TIPIN,0.96833324
83,216,FCRL1,MCM7,0.96712965
83,506,FCRL1,PRIM1,0.9660137
83,96,FCRL1,SLBP,0.96509945
83,213,FCRL1,MCM4,0.96244335
83,131,FCRL1,CKS1B,0.9607276
83,60,FCRL1,CDT1,0.96054095
83,335,FCRL1,HDAC7,0.96028215
83,320,FCRL1,MYC,0.9600096
83,367,FCRL1,IL7R,0.95751196
83,68,FCRL1,MKI67,0.95695835
83,267,FCRL1,SLC2A3,0.9500759
83,324,FCRL1,REL,0.9311488
83,530,FCRL1,IKZF1,0.92613065
83,27,FCRL1,HSD3B7,0.92257977
83,334,FCRL1,CD74,0.92257977
83,118,FCRL1,FOXO1,0.92231643
83,459,FCRL1,IRF8,0.9125711
83,221,FCRL1,ARPP21,0.9081154
83,66,FCRL1,CBFB,0.90285563
83,46,FCRL1,VDR,0.9025186
83,69,FCRL1,MAGED1,0.89857507
83,416,FCRL1,GATA2,0.89419514
83,76,FCRL1,ESR1,0.889758
83,515,FCRL1,NCF1,0.8822586
83,536,FCRL1,MOGS,0.87713116
83,58,FCRL1,RARB,0.8621667
83,277,FCRL1,MEF2C,0.8607071
83,257,FCRL1,UHRF1,0.8563157
83,281,FCRL1,TGM2,0.8537877
83,380,FCRL1,NPDC1,0.85046065
83,252,FCRL1,HOXA9,0.8495416
83,379,FCRL1,BCL2,0.84845906
83,67,FCRL1,TEK,0.83000463
83,290,FCRL1,TMEM14C,0.83000463
83,392,FCRL1,PBX1,0.8269041
83,53,FCRL1,FCHO2,0.8268511
83,302,FCRL1,MEIS1,0.8263202
83,498,FCRL1,DENND2D,0.82101977
83,85,FCRL1,MECOM,0.81997776
83,44,FCRL1,NUDT19,0.8067524
83,398,FCRL1,APOE,0.8067524
407,367,FDFT1,IL7R,0.97546434
407,233,FDFT1,NOTCH1,0.97537
407,335,FDFT1,HDAC7,0.97330904
407,320,FDFT1,MYC,0.9732894
407,267,FDFT1,SLC2A3,0.9708406
407,518,FDFT1,IL12A,0.9692425
407,422,FDFT1,RUNX2,0.9685523
407,550,FDFT1,SPI1,0.96785706
407,118,FDFT1,FOXO1,0.9670729
407,530,FDFT1,IKZF1,0.96697116
407,27,FDFT1,HSD3B7,0.96694416
407,334,FDFT1,CD74,0.96694416
407,527,FDFT1,TUBB4B,0.96483284
407,221,FDFT1,ARPP21,0.9606321
407,525,FDFT1,CD44,0.96019804
407,69,FDFT1,MAGED1,0.9580199
407,416,FDFT1,GATA2,0.9579178
407,290,FDFT1,TMEM14C,0.9570527
407,76,FDFT1,ESR1,0.9554975
407,46,FDFT1,VDR,0.9550786
407,515,FDFT1,NCF1,0.9535602
407,536,FDFT1,MOGS,0.9517448
407,116,FDFT1,TOP2A,0.9472997
407,277,FDFT1,MEF2C,0.9447712
407,252,FDFT1,HOXA9,0.94215214
407,380,FDFT1,NPDC1,0.9414795
407,281,FDFT1,TGM2,0.94143856
407,257,FDFT1,UHRF1,0.9410155
407,379,FDFT1,BCL2,0.9381919
407,53,FDFT1,FCHO2,0.93298155
407,67,FDFT1,TEK,0.928192
407,442,FDFT1,HLF,0.928192
407,66,FDFT1,CBFB,0.9271206
407,392,FDFT1,PBX1,0.92590946
407,445,FDFT1,IL1R1,0.9258404
407,190,FDFT1,TIPIN,0.9254466
407,459,FDFT1,IRF8,0.9239426
407,145,FDFT1,HMGB2,0.92198056
407,498,FDFT1,DENND2D,0.9205461
407,44,FDFT1,NUDT19,0.9165419
407,398,FDFT1,APOE,0.9165419
407,541,FDFT1,PGR,0.9165419
407,506,FDFT1,PRIM1,0.9070055
407,237,FDFT1,ELF1,0.90542084
407,216,FDFT1,MCM7,0.89915615
407,42,FDFT1,DACH1,0.8753271
407,58,FDFT1,RARB,0.8642093
407,131,FDFT1,CKS1B,0.86029786
407,96,FDFT1,SLBP,0.8587019
407,213,FDFT1,MCM4,0.85630333
144,527,FGD2,TUBB4B,0.9804403
144,422,FGD2,RUNX2,0.9795123
144,518,FGD2,IL12A,0.9781658
144,116,FGD2,TOP2A,0.97443205
144,216,FGD2,MCM7,0.9735119
144,525,FGD2,CD44,0.9724185
144,145,FGD2,HMGB2,0.9705748
144,233,FGD2,NOTCH1,0.9701657
144,550,FGD2,SPI1,0.96830875
144,190,FGD2,TIPIN,0.9680476
144,506,FGD2,PRIM1,0.966014
144,131,FGD2,CKS1B,0.9654616
144,96,FGD2,SLBP,0.9634852
144,213,FGD2,MCM4,0.96244335
144,335,FGD2,HDAC7,0.96028215
144,320,FGD2,MYC,0.9600096
144,60,FGD2,CDT1,0.9593855
144,68,FGD2,MKI67,0.95695835
144,367,FGD2,IL7R,0.95531887
144,267,FGD2,SLC2A3,0.9500759
144,76,FGD2,ESR1,0.9321442
144,324,FGD2,REL,0.9314614
144,27,FGD2,HSD3B7,0.92257977
144,334,FGD2,CD74,0.92257977
144,118,FGD2,FOXO1,0.92231643
144,459,FGD2,IRF8,0.91263634
144,530,FGD2,IKZF1,0.90970457
144,221,FGD2,ARPP21,0.9081154
144,46,FGD2,VDR,0.90285563
144,66,FGD2,CBFB,0.9024715
144,69,FGD2,MAGED1,0.8990046
144,416,FGD2,GATA2,0.89394104
144,515,FGD2,NCF1,0.8822586
144,536,FGD2,MOGS,0.87713116
144,58,FGD2,RARB,0.86238235
144,277,FGD2,MEF2C,0.8607071
144,257,FGD2,UHRF1,0.8563157
144,281,FGD2,TGM2,0.8538411
144,380,FGD2,NPDC1,0.85383815
144,252,FGD2,HOXA9,0.8497743
144,379,FGD2,BCL2,0.84845906
144,290,FGD2,TMEM14C,0.83596796
144,67,FGD2,TEK,0.83000463
144,442,FGD2,HLF,0.83000463
144,392,FGD2,PBX1,0.8269041
144,445,FGD2,IL1R1,0.8268511
144,498,FGD2,DENND2D,0.8268178
144,302,FGD2,MEIS1,0.82672924
144,85,FGD2,MECOM,0.8097429
144,44,FGD2,NUDT19,0.8067524
31,527,FGD5,TUBB4B,0.9804482
31,422,FGD5,RUNX2,0.9795156
31,518,FGD5,IL12A,0.9787779
31,550,FGD5,SPI1,0.9756468
31,116,FGD5,TOP2A,0.9744888
31,525,FGD5,CD44,0.97241795
31,145,FGD5,HMGB2,0.97052413
31,233,FGD5,NOTCH1,0.97014475
31,190,FGD5,TIPIN,0.96839195
31,216,FGD5,MCM7,0.9671949
31,506,FGD5,PRIM1,0.9660805
31,96,FGD5,SLBP,0.9635566
31,213,FGD5,MCM4,0.9625164
31,335,FGD5,HDAC7,0.9621638
31,60,FGD5,CDT1,0.9607973
31,131,FGD5,CKS1B,0.9607973
31,320,FGD5,MYC,0.9599392
31,68,FGD5,MKI67,0.95707554
31,367,FGD5,IL7R,0.9552167
31,267,FGD5,SLC2A3,0.94998187
31,324,FGD5,REL,0.93131983
31,530,FGD5,IKZF1,0.9259667
31,27,FGD5,HSD3B7,0.9224093
31,334,FGD5,CD74,0.9224093
31,118,FGD5,FOXO1,0.9221475
31,459,FGD5,IRF8,0.91241115
31,221,FGD5,ARPP21,0.9078995
31,46,FGD5,VDR,0.9026461
31,66,FGD5,CBFB,0.9026461
31,69,FGD5,MAGED1,0.89826274
31,416,FGD5,GATA2,0.89369905
31,76,FGD5,ESR1,0.88950634
31,515,FGD5,NCF1,0.8819892
31,536,FGD5,MOGS,0.87684935
31,58,FGD5,RARB,0.8617976
31,277,FGD5,MEF2C,0.85981935
31,257,FGD5,UHRF1,0.85603493
31,281,FGD5,TGM2,0.8535019
31,380,FGD5,NPDC1,0.85313666
31,252,FGD5,HOXA9,0.84943974
31,379,FGD5,BCL2,0.8481178
31,67,FGD5,TEK,0.82961243
31,290,FGD5,TMEM14C,0.82961243
31,442,FGD5,HLF,0.82961243
31,53,FGD5,FCHO2,0.82645017
31,445,FGD5,IL1R1,0.82645017
31,302,FGD5,MEIS1,0.82635236
31,498,FGD5,DENND2D,0.82061315
31,85,FGD5,MECOM,0.8093563
31,44,FGD5,NUDT19,0.80635184
82,233,FHL1,NOTCH1,0.9767139
82,367,FHL1,IL7R,0.9755888
82,335,FHL1,HDAC7,0.97539663
82,320,FHL1,MYC,0.9742993
82,118,FHL1,FOXO1,0.97414
82,530,FHL1,IKZF1,0.97411853
82,267,FHL1,SLC2A3,0.97358894
82,27,FHL1,HSD3B7,0.97336835
82,334,FHL1,CD74,0.97336835
82,221,FHL1,ARPP21,0.9709881
82,527,FHL1,TUBB4B,0.96874344
82,416,FHL1,GATA2,0.9679815
82,66,FHL1,CBFB,0.9679074
82,46,FHL1,VDR,0.9678137
82,76,FHL1,ESR1,0.9673098
82,69,FHL1,MAGED1,0.96714324
82,422,FHL1,RUNX2,0.9663873
82,518,FHL1,IL12A,0.9658053
82,515,FHL1,NCF1,0.96439004
82,536,FHL1,MOGS,0.9627868
82,550,FHL1,SPI1,0.9625096
82,277,FHL1,MEF2C,0.9572758
82,257,FHL1,UHRF1,0.95566714
82,379,FHL1,BCL2,0.9548717
82,281,FHL1,TGM2,0.953321
82,525,FHL1,CD44,0.9524769
82,380,FHL1,NPDC1,0.951748
82,252,FHL1,HOXA9,0.94816947
82,67,FHL1,TEK,0.94784474
82,290,FHL1,TMEM14C,0.94784474
82,392,FHL1,PBX1,0.9470551
82,53,FHL1,FCHO2,0.9470358
82,302,FHL1,MEIS1,0.945143
82,85,FHL1,MECOM,0.9448662
82,498,FHL1,DENND2D,0.9441424
82,44,FHL1,NUDT19,0.9384422
82,398,FHL1,APOE,0.9384422
82,541,FHL1,PGR,0.9384422
82,116,FHL1,TOP2A,0.9351865
82,135,FHL1,GFI1B,0.92627525
82,42,FHL1,DACH1,0.9172188
82,445,FHL1,IL1R1,0.8947341
82,190,FHL1,TIPIN,0.889342
82,237,FHL1,ELF1,0.88828593
82,459,FHL1,IRF8,0.8855833
82,145,FHL1,HMGB2,0.88238823
82,284,FHL1,MAML3,0.8802132
82,442,FHL1,HLF,0.8681489
82,506,FHL1,PRIM1,0.8612557
82,468,FHL1,VEGFC,0.85687345
227,527,FKBP9,TUBB4B,0.9804482
227,422,FKBP9,RUNX2,0.9795156
227,518,FKBP9,IL12A,0.9794573
227,116,FKBP9,TOP2A,0.9744888
227,525,FKBP9,CD44,0.97241795
227,145,FKBP9,HMGB2,0.9706331
227,233,FKBP9,NOTCH1,0.97014475
227,190,FKBP9,TIPIN,0.96839195
227,131,FKBP9,CKS1B,0.96826553
227,213,FKBP9,MCM4,0.9674009
227,216,FKBP9,MCM7,0.9671949
227,506,FKBP9,PRIM1,0.96611136
227,96,FKBP9,SLBP,0.96356875
227,60,FKBP9,CDT1,0.9617205
227,335,FKBP9,HDAC7,0.9602129
227,320,FKBP9,MYC,0.9599392
227,68,FKBP9,MKI67,0.95707554
227,367,FKBP9,IL7R,0.9552167
227,324,FKBP9,REL,0.95414543
227,267,FKBP9,SLC2A3,0.95003825
227,550,FKBP9,SPI1,0.94072497
227,459,FKBP9,IRF8,0.9380968
227,530,FKBP9,IKZF1,0.9301783
227,118,FKBP9,FOXO1,0.9240947
227,27,FKBP9,HSD3B7,0.9224093
227,334,FKBP9,CD74,0.9224093
227,66,FKBP9,CBFB,0.9085503
227,221,FKBP9,ARPP21,0.9078995
227,46,FKBP9,VDR,0.9026461
227,416,FKBP9,GATA2,0.89369905
227,76,FKBP9,ESR1,0.88950634
227,515,FKBP9,NCF1,0.8819892
227,536,FKBP9,MOGS,0.87684935
227,58,FKBP9,RARB,0.86152416
227,277,FKBP9,MEF2C,0.8603895
227,257,FKBP9,UHRF1,0.85598487
227,380,FKBP9,NPDC1,0.8535019
227,281,FKBP9,TGM2,0.8531149
227,252,FKBP9,HOXA9,0.84943974
227,379,FKBP9,BCL2,0.8481178
227,67,FKBP9,TEK,0.82961243
227,290,FKBP9,TMEM14C,0.82961243
227,442,FKBP9,HLF,0.82961243
227,392,FKBP9,PBX1,0.82716256
227,53,FKBP9,FCHO2,0.82645017
227,445,FKBP9,IL1R1,0.82645017
227,302,FKBP9,MEIS1,0.82635236
227,498,FKBP9,DENND2D,0.82061315
227,85,FKBP9,MECOM,0.8093563
227,44,FKBP9,NUDT19,0.80635184
534,527,FLNA,TUBB4B,0.98044914
534,422,FLNA,RUNX2,0.9795156
534,518,FLNA,IL12A,0.9794724
534,550,FLNA,SPI1,0.97567105
534,116,FLNA,TOP2A,0.97448957
534,525,FLNA,CD44,0.9724471
534,145,FLNA,HMGB2,0.9706331
534,233,FLNA,NOTCH1,0.97014475
534,190,FLNA,TIPIN,0.96839195
534,216,FLNA,MCM7,0.9671949
534,506,FLNA,PRIM1,0.9660496
534,213,FLNA,MCM4,0.9625164
534,60,FLNA,CDT1,0.9607973
534,131,FLNA,CKS1B,0.9607973
534,96,FLNA,SLBP,0.96075046
534,320,FLNA,MYC,0.9599392
534,68,FLNA,MKI67,0.95707554
534,367,FLNA,IL7R,0.9552167
534,267,FLNA,SLC2A3,0.94998187
534,335,FLNA,HDAC7,0.9325584
534,324,FLNA,REL,0.93116575
534,530,FLNA,IKZF1,0.93052834
534,118,FLNA,FOXO1,0.9236665
534,334,FLNA,CD74,0.9224541
534,27,FLNA,HSD3B7,0.92240447
534,459,FLNA,IRF8,0.91893274
534,221,FLNA,ARPP21,0.9078995
534,46,FLNA,VDR,0.9026461
534,66,FLNA,CBFB,0.9026461
534,416,FLNA,GATA2,0.9013178
534,69,FLNA,MAGED1,0.89826274
534,76,FLNA,ESR1,0.88950634
534,515,FLNA,NCF1,0.88262314
534,536,FLNA,MOGS,0.87764597
534,277,FLNA,MEF2C,0.8603895
534,281,FLNA,TGM2,0.8535019
534,252,FLNA,HOXA9,0.84943974
534,379,FLNA,BCL2,0.8481178
534,58,FLNA,RARB,0.8426409
534,67,FLNA,TEK,0.82961243
534,442,FLNA,HLF,0.82961243
534,53,FLNA,FCHO2,0.82645017
534,498,FLNA,DENND2D,0.82061315
534,85,FLNA,MECOM,0.8093563
534,541,FLNA,PGR,0.8074228
534,398,FLNA,APOE,0.80663717
534,44,FLNA,NUDT19,0.80635184
534,302,FLNA,MEIS1,0.8039846
534,237,FLNA,ELF1,0.79962116
534,257,FLNA,UHRF1,0.7927797
531,367,FLT3,IL7R,0.979295
531,233,FLT3,NOTCH1,0.97917306
531,422,FLT3,RUNX2,0.9784556
531,518,FLT3,IL12A,0.977989
531,320,FLT3,MYC,0.9777771
531,550,FLT3,SPI1,0.9765816
531,267,FLT3,SLC2A3,0.9763514
531,527,FLT3,TUBB4B,0.9754558
531,118,FLT3,FOXO1,0.97505176
531,530,FLT3,IKZF1,0.9747502
531,335,FLT3,HDAC7,0.973668
531,334,FLT3,CD74,0.97365236
531,27,FLT3,HSD3B7,0.97359914
531,221,FLT3,ARPP21,0.97024107
531,416,FLT3,GATA2,0.96998346
531,525,FLT3,CD44,0.96968573
531,46,FLT3,VDR,0.96915114
531,66,FLT3,CBFB,0.96915114
531,76,FLT3,ESR1,0.96914536
531,69,FLT3,MAGED1,0.96791416
531,515,FLT3,NCF1,0.9649859
531,536,FLT3,MOGS,0.96463203
531,116,FLT3,TOP2A,0.9597274
531,459,FLT3,IRF8,0.9587533
531,277,FLT3,MEF2C,0.958417
531,281,FLT3,TGM2,0.9573237
531,379,FLT3,BCL2,0.95463926
531,252,FLT3,HOXA9,0.9546297
531,67,FLT3,TEK,0.9490785
531,442,FLT3,HLF,0.9490785
531,53,FLT3,FCHO2,0.9457552
531,498,FLT3,DENND2D,0.9413144
531,398,FLT3,APOE,0.93898517
531,44,FLT3,NUDT19,0.93878645
531,541,FLT3,PGR,0.93878645
531,85,FLT3,MECOM,0.93795717
531,190,FLT3,TIPIN,0.93707055
531,145,FLT3,HMGB2,0.9343737
531,302,FLT3,MEIS1,0.93100184
531,257,FLT3,UHRF1,0.9295806
531,237,FLT3,ELF1,0.9291805
531,506,FLT3,PRIM1,0.9212314
531,216,FLT3,MCM7,0.91455567
531,42,FLT3,DACH1,0.9053347
531,96,FLT3,SLBP,0.8798386
531,58,FLT3,RARB,0.8794685
531,380,FLT3,NPDC1,0.8769245
531,213,FLT3,MCM4,0.8733329
531,284,FLT3,MAML3,0.8672839
531,155,FLT3,MYCN,0.85982895
118,422,FOXO1,RUNX2,0.9772889
118,233,FOXO1,NOTCH1,0.9762765
118,518,FOXO1,IL12A,0.975867
118,527,FOXO1,TUBB4B,0.97468287
118,550,FOXO1,SPI1,0.9744151
118,335,FOXO1,HDAC7,0.972463
118,320,FOXO1,MYC,0.9723911
118,525,FOXO1,CD44,0.97179395
118,116,FOXO1,TOP2A,0.97091967
118,27,FOXO1,HSD3B7,0.9697935
118,267,FOXO1,SLC2A3,0.96947587
118,530,FOXO1,IKZF1,0.963403
118,190,FOXO1,TIPIN,0.9598322
118,145,FOXO1,HMGB2,0.9591982
118,334,FOXO1,CD74,0.95845914
118,506,FOXO1,PRIM1,0.95093226
118,216,FOXO1,MCM7,0.95052797
118,221,FOXO1,ARPP21,0.94622284
118,46,FOXO1,VDR,0.94232273
118,66,FOXO1,CBFB,0.94232273
118,416,FOXO1,GATA2,0.94219047
118,69,FOXO1,MAGED1,0.9420992
118,76,FOXO1,ESR1,0.9393391
118,367,FOXO1,IL7R,0.9387786
118,536,FOXO1,MOGS,0.9319809
118,96,FOXO1,SLBP,0.9267061
118,213,FOXO1,MCM4,0.925967
118,257,FOXO1,UHRF1,0.9202803
118,60,FOXO1,CDT1,0.9091234
118,131,FOXO1,CKS1B,0.9091234
118,277,FOXO1,MEF2C,0.90751064
118,379,FOXO1,BCL2,0.90415204
118,515,FOXO1,NCF1,0.8990116
118,281,FOXO1,TGM2,0.8987328
118,380,FOXO1,NPDC1,0.8987328
118,252,FOXO1,HOXA9,0.8973405
118,68,FOXO1,MKI67,0.8883857
118,459,FOXO1,IRF8,0.8824338
118,67,FOXO1,TEK,0.8800508
118,290,FOXO1,TMEM14C,0.87999624
118,442,FOXO1,HLF,0.87999624
118,392,FOXO1,PBX1,0.8753812
118,445,FOXO1,IL1R1,0.87532026
118,302,FOXO1,MEIS1,0.8732992
118,498,FOXO1,DENND2D,0.86357296
118,85,FOXO1,MECOM,0.85915804
118,53,FOXO1,FCHO2,0.85827833
118,44,FOXO1,NUDT19,0.856727
118,398,FOXO1,APOE,0.856727
118,541,FOXO1,PGR,0.856727
168,527,FRMD6,TUBB4B,0.9804482
168,422,FRMD6,RUNX2,0.9795156
168,550,FRMD6,SPI1,0.9757534
168,233,FRMD6,NOTCH1,0.97525126
168,525,FRMD6,CD44,0.97241795
168,116,FRMD6,TOP2A,0.9684539
168,506,FRMD6,PRIM1,0.9660805
168,145,FRMD6,HMGB2,0.963612
168,267,FRMD6,SLC2A3,0.9635246
168,518,FRMD6,IL12A,0.96062654
168,190,FRMD6,TIPIN,0.9603857
168,335,FRMD6,HDAC7,0.9602129
168,320,FRMD6,MYC,0.9599392
168,216,FRMD6,MCM7,0.9585711
168,367,FRMD6,IL7R,0.9552167
168,96,FRMD6,SLBP,0.95259374
168,213,FRMD6,MCM4,0.95147413
168,60,FRMD6,CDT1,0.94900185
168,131,FRMD6,CKS1B,0.94900185
168,27,FRMD6,HSD3B7,0.948897
168,118,FRMD6,FOXO1,0.9487697
168,68,FRMD6,MKI67,0.9428909
168,221,FRMD6,ARPP21,0.9412226
168,46,FRMD6,VDR,0.9356028
168,66,FRMD6,CBFB,0.9356028
168,324,FRMD6,REL,0.9312972
168,76,FRMD6,ESR1,0.92812467
168,334,FRMD6,CD74,0.9224093
168,530,FRMD6,IKZF1,0.9208255
168,459,FRMD6,IRF8,0.91241115
168,69,FRMD6,MAGED1,0.9112355
168,257,FRMD6,UHRF1,0.9023658
168,281,FRMD6,TGM2,0.89892983
168,252,FRMD6,HOXA9,0.8960174
168,416,FRMD6,GATA2,0.89369905
168,58,FRMD6,RARB,0.8914858
168,515,FRMD6,NCF1,0.8819892
168,67,FRMD6,TEK,0.88134867
168,290,FRMD6,TMEM14C,0.88134867
168,53,FRMD6,FCHO2,0.8783685
168,536,FRMD6,MOGS,0.87684935
168,85,FRMD6,MECOM,0.8646844
168,44,FRMD6,NUDT19,0.8601677
168,237,FRMD6,ELF1,0.8538317
168,380,FRMD6,NPDC1,0.8535019
168,379,FRMD6,BCL2,0.8481178
168,442,FRMD6,HLF,0.82961243
168,445,FRMD6,IL1R1,0.82645017
168,302,FRMD6,MEIS1,0.82635236
168,392,FRMD6,PBX1,0.8262921
336,422,FSTL1,RUNX2,0.9805093
336,527,FSTL1,TUBB4B,0.9803139
336,518,FSTL1,IL12A,0.9799998
336,550,FSTL1,SPI1,0.97793967
336,525,FSTL1,CD44,0.9759714
336,233,FSTL1,NOTCH1,0.97525126
336,335,FSTL1,HDAC7,0.9698169
336,116,FSTL1,TOP2A,0.9684539
336,320,FSTL1,MYC,0.96845186
336,367,FSTL1,IL7R,0.96738005
336,267,FSTL1,SLC2A3,0.9637104
336,145,FSTL1,HMGB2,0.96361655
336,27,FSTL1,HSD3B7,0.9628357
336,190,FSTL1,TIPIN,0.9603857
336,118,FSTL1,FOXO1,0.95908266
336,216,FSTL1,MCM7,0.95856506
336,506,FSTL1,PRIM1,0.9572225
336,96,FSTL1,SLBP,0.95259374
336,530,FSTL1,IKZF1,0.95213735
336,213,FSTL1,MCM4,0.95147413
336,60,FSTL1,CDT1,0.94900185
336,131,FSTL1,CKS1B,0.94900185
336,334,FSTL1,CD74,0.9488828
336,68,FSTL1,MKI67,0.9428909
336,221,FSTL1,ARPP21,0.9412226
336,459,FSTL1,IRF8,0.93593955
336,46,FSTL1,VDR,0.9356028
336,66,FSTL1,CBFB,0.9355344
336,69,FSTL1,MAGED1,0.9310986
336,416,FSTL1,GATA2,0.9308581
336,76,FSTL1,ESR1,0.92812467
336,536,FSTL1,MOGS,0.918642
336,277,FSTL1,MEF2C,0.91500694
336,257,FSTL1,UHRF1,0.9023658
336,281,FSTL1,TGM2,0.89892983
336,380,FSTL1,NPDC1,0.89892983
336,252,FSTL1,HOXA9,0.8960174
336,379,FSTL1,BCL2,0.89594966
336,324,FSTL1,REL,0.89284086
336,58,FSTL1,RARB,0.8913901
336,67,FSTL1,TEK,0.88134867
336,290,FSTL1,TMEM14C,0.88134867
336,442,FSTL1,HLF,0.88134867
336,515,FSTL1,NCF1,0.88042873
336,392,FSTL1,PBX1,0.87837595
336,53,FSTL1,FCHO2,0.8783685
336,445,FSTL1,IL1R1,0.87819463
336,302,FSTL1,MEIS1,0.87797225
336,498,FSTL1,DENND2D,0.87284976
336,85,FSTL1,MECOM,0.8646844
113,527,FUCA2,TUBB4B,0.9805012
113,518,FUCA2,IL12A,0.9794573
113,422,FUCA2,RUNX2,0.9770477
113,550,FUCA2,SPI1,0.9756468
113,116,FUCA2,TOP2A,0.9744888
113,525,FUCA2,CD44,0.97241795
113,145,FUCA2,HMGB2,0.9706331
113,233,FUCA2,NOTCH1,0.97014475
113,190,FUCA2,TIPIN,0.96839195
113,216,FUCA2,MCM7,0.9671949
113,506,FUCA2,PRIM1,0.9660818
113,367,FUCA2,IL7R,0.9642963
113,96,FUCA2,SLBP,0.9635566
113,213,FUCA2,MCM4,0.9625846
113,60,FUCA2,CDT1,0.9607973
113,131,FUCA2,CKS1B,0.9607973
113,335,FUCA2,HDAC7,0.9602129
113,320,FUCA2,MYC,0.9599392
113,68,FUCA2,MKI67,0.95707554
113,267,FUCA2,SLC2A3,0.94998187
113,324,FUCA2,REL,0.9312972
113,530,FUCA2,IKZF1,0.92961484
113,118,FUCA2,FOXO1,0.9236665
113,27,FUCA2,HSD3B7,0.9224093
113,334,FUCA2,CD74,0.9224093
113,459,FUCA2,IRF8,0.91241115
113,221,FUCA2,ARPP21,0.9078995
113,46,FUCA2,VDR,0.9026461
113,66,FUCA2,CBFB,0.9026461
113,69,FUCA2,MAGED1,0.89826274
113,416,FUCA2,GATA2,0.89369905
113,76,FUCA2,ESR1,0.88950634
113,515,FUCA2,NCF1,0.88155377
113,536,FUCA2,MOGS,0.87684935
113,277,FUCA2,MEF2C,0.8603895
113,257,FUCA2,UHRF1,0.85603493
113,281,FUCA2,TGM2,0.8535019
113,380,FUCA2,NPDC1,0.8535019
113,252,FUCA2,HOXA9,0.84943974
113,379,FUCA2,BCL2,0.8481178
113,392,FUCA2,PBX1,0.83068484
113,53,FUCA2,FCHO2,0.8306406
113,290,FUCA2,TMEM14C,0.82961243
113,442,FUCA2,HLF,0.82961243
113,445,FUCA2,IL1R1,0.8277928
113,58,FUCA2,RARB,0.82169145
113,498,FUCA2,DENND2D,0.82061315
113,398,FUCA2,APOE,0.8173434
113,85,FUCA2,MECOM,0.80933565
113,67,FUCA2,TEK,0.80882376
300,527,FUT7,TUBB4B,0.98044914
300,422,FUT7,RUNX2,0.9795147
300,518,FUT7,IL12A,0.977393
300,550,FUT7,SPI1,0.9756468
300,116,FUT7,TOP2A,0.9744848
300,525,FUT7,CD44,0.97241795
300,145,FUT7,HMGB2,0.9706331
300,233,FUT7,NOTCH1,0.97014475
300,213,FUT7,MCM4,0.9687109
300,190,FUT7,TIPIN,0.96839195
300,216,FUT7,MCM7,0.9671949
300,506,FUT7,PRIM1,0.9660805
300,320,FUT7,MYC,0.9639483
300,96,FUT7,SLBP,0.9635566
300,60,FUT7,CDT1,0.9607973
300,131,FUT7,CKS1B,0.9607973
300,335,FUT7,HDAC7,0.9602129
300,68,FUT7,MKI67,0.9571253
300,367,FUT7,IL7R,0.9552167
300,267,FUT7,SLC2A3,0.94998187
300,324,FUT7,REL,0.9312972
300,66,FUT7,CBFB,0.9280313
300,530,FUT7,IKZF1,0.9259667
300,27,FUT7,HSD3B7,0.9224093
300,334,FUT7,CD74,0.9224093
300,118,FUT7,FOXO1,0.9217096
300,459,FUT7,IRF8,0.91241115
300,221,FUT7,ARPP21,0.9078995
300,46,FUT7,VDR,0.9026461
300,69,FUT7,MAGED1,0.89826274
300,416,FUT7,GATA2,0.89369905
300,76,FUT7,ESR1,0.88950634
300,515,FUT7,NCF1,0.8819892
300,536,FUT7,MOGS,0.87684935
300,58,FUT7,RARB,0.8617976
300,379,FUT7,BCL2,0.86103505
300,277,FUT7,MEF2C,0.8603895
300,257,FUT7,UHRF1,0.8564839
300,281,FUT7,TGM2,0.8535019
300,380,FUT7,NPDC1,0.8535019
300,252,FUT7,HOXA9,0.84943974
300,290,FUT7,TMEM14C,0.84705025
300,67,FUT7,TEK,0.82961243
300,442,FUT7,HLF,0.82961243
300,392,FUT7,PBX1,0.8265034
300,53,FUT7,FCHO2,0.82645017
300,445,FUT7,IL1R1,0.82645017
300,302,FUT7,MEIS1,0.82635236
300,498,FUT7,DENND2D,0.81992745
300,85,FUT7,MECOM,0.8093563
156,233,FUT8,NOTCH1,0.9766551
156,335,FUT8,HDAC7,0.97586584
156,367,FUT8,IL7R,0.9750508
156,118,FUT8,FOXO1,0.97430575
156,320,FUT8,MYC,0.9742231
156,530,FUT8,IKZF1,0.97419137
156,267,FUT8,SLC2A3,0.973572
156,334,FUT8,CD74,0.97343206
156,27,FUT8,HSD3B7,0.97281253
156,221,FUT8,ARPP21,0.97103596
156,416,FUT8,GATA2,0.96803826
156,46,FUT8,VDR,0.9680063
156,66,FUT8,CBFB,0.9680063
156,76,FUT8,ESR1,0.96744734
156,69,FUT8,MAGED1,0.9672295
156,422,FUT8,RUNX2,0.96621656
156,518,FUT8,IL12A,0.96571165
156,515,FUT8,NCF1,0.9645171
156,536,FUT8,MOGS,0.96296626
156,550,FUT8,SPI1,0.96241
156,527,FUT8,TUBB4B,0.96153706
156,277,FUT8,MEF2C,0.9573746
156,257,FUT8,UHRF1,0.9558114
156,281,FUT8,TGM2,0.95372504
156,380,FUT8,NPDC1,0.95372504
156,442,FUT8,HLF,0.95244384
156,525,FUT8,CD44,0.9523569
156,290,FUT8,TMEM14C,0.94811994
156,445,FUT8,IL1R1,0.9472117
156,392,FUT8,PBX1,0.94720805
156,302,FUT8,MEIS1,0.94549155
156,498,FUT8,DENND2D,0.94440025
156,85,FUT8,MECOM,0.94210833
156,252,FUT8,HOXA9,0.9414304
156,44,FUT8,NUDT19,0.93875176
156,541,FUT8,PGR,0.938744
156,379,FUT8,BCL2,0.9380331
156,237,FUT8,ELF1,0.93721557
156,116,FUT8,TOP2A,0.93715733
156,398,FUT8,APOE,0.93500555
156,42,FUT8,DACH1,0.9184608
156,67,FUT8,TEK,0.9180184
156,190,FUT8,TIPIN,0.888985
156,459,FUT8,IRF8,0.8852421
156,145,FUT8,HMGB2,0.8819929
156,284,FUT8,MAML3,0.88113743
156,155,FUT8,MYCN,0.8781424
156,53,FUT8,FCHO2,0.86477304
156,468,FUT8,VEGFC,0.86238354
156,506,FUT8,PRIM1,0.8608048
220,527,GAA,TUBB4B,0.9804482
220,422,GAA,RUNX2,0.9795156
220,518,GAA,IL12A,0.97795206
220,550,GAA,SPI1,0.9756468
220,145,GAA,HMGB2,0.97496
220,116,GAA,TOP2A,0.9744888
220,525,GAA,CD44,0.97241795
220,233,GAA,NOTCH1,0.97013724
220,190,GAA,TIPIN,0.96839195
220,216,GAA,MCM7,0.9671949
220,506,GAA,PRIM1,0.9660805
220,213,GAA,MCM4,0.9625164
220,60,GAA,CDT1,0.9617205
220,131,GAA,CKS1B,0.9607973
220,335,GAA,HDAC7,0.9602129
220,320,GAA,MYC,0.9599392
220,68,GAA,MKI67,0.95707554
220,367,GAA,IL7R,0.9552167
220,267,GAA,SLC2A3,0.94998187
220,96,GAA,SLBP,0.9485822
220,324,GAA,REL,0.9312972
220,334,GAA,CD74,0.9273922
220,530,GAA,IKZF1,0.9259667
220,27,GAA,HSD3B7,0.9224093
220,118,GAA,FOXO1,0.9221475
220,459,GAA,IRF8,0.91241115
220,66,GAA,CBFB,0.9085503
220,221,GAA,ARPP21,0.9078995
220,46,GAA,VDR,0.9026461
220,416,GAA,GATA2,0.89369905
220,76,GAA,ESR1,0.88950634
220,515,GAA,NCF1,0.8819892
220,536,GAA,MOGS,0.87684935
220,237,GAA,ELF1,0.876802
220,380,GAA,NPDC1,0.86616695
220,277,GAA,MEF2C,0.86457276
220,58,GAA,RARB,0.86152416
220,257,GAA,UHRF1,0.85598487
220,281,GAA,TGM2,0.8535019
220,252,GAA,HOXA9,0.84943974
220,379,GAA,BCL2,0.8481178
220,67,GAA,TEK,0.82961243
220,442,GAA,HLF,0.82961243
220,392,GAA,PBX1,0.8265034
220,53,GAA,FCHO2,0.82645017
220,445,GAA,IL1R1,0.82645017
220,302,GAA,MEIS1,0.82635236
220,290,GAA,TMEM14C,0.822251
220,498,GAA,DENND2D,0.82061315
220,85,GAA,MECOM,0.8093563
219,527,GAS2L3,TUBB4B,0.9804482
219,422,GAS2L3,RUNX2,0.9795156
219,518,GAS2L3,IL12A,0.97795206
219,550,GAS2L3,SPI1,0.9756468
219,116,GAS2L3,TOP2A,0.9744888
219,525,GAS2L3,CD44,0.97241795
219,145,GAS2L3,HMGB2,0.9706331
219,233,GAS2L3,NOTCH1,0.97014475
219,190,GAS2L3,TIPIN,0.96839195
219,216,GAS2L3,MCM7,0.9671949
219,506,GAS2L3,PRIM1,0.9660805
219,60,GAS2L3,CDT1,0.96552783
219,96,GAS2L3,SLBP,0.9635558
219,213,GAS2L3,MCM4,0.9625164
219,131,GAS2L3,CKS1B,0.9607973
219,320,GAS2L3,MYC,0.959451
219,68,GAS2L3,MKI67,0.95707554
219,367,GAS2L3,IL7R,0.9552167
219,267,GAS2L3,SLC2A3,0.94998187
219,27,GAS2L3,HSD3B7,0.9446072
219,324,GAS2L3,REL,0.9313936
219,530,GAS2L3,IKZF1,0.9259667
219,334,GAS2L3,CD74,0.9224093
219,118,GAS2L3,FOXO1,0.9221475
219,53,GAS2L3,FCHO2,0.9132743
219,459,GAS2L3,IRF8,0.91241115
219,221,GAS2L3,ARPP21,0.9075741
219,46,GAS2L3,VDR,0.9026461
219,66,GAS2L3,CBFB,0.9026461
219,69,GAS2L3,MAGED1,0.89826274
219,416,GAS2L3,GATA2,0.89369905
219,76,GAS2L3,ESR1,0.88950634
219,335,GAS2L3,HDAC7,0.88650966
219,515,GAS2L3,NCF1,0.8819892
219,252,GAS2L3,HOXA9,0.8805257
219,536,GAS2L3,MOGS,0.87684935
219,58,GAS2L3,RARB,0.8617976
219,277,GAS2L3,MEF2C,0.8603895
219,257,GAS2L3,UHRF1,0.8558997
219,281,GAS2L3,TGM2,0.8535019
219,379,GAS2L3,BCL2,0.8481178
219,67,GAS2L3,TEK,0.82961243
219,290,GAS2L3,TMEM14C,0.82961243
219,442,GAS2L3,HLF,0.82961243
219,392,GAS2L3,PBX1,0.8265034
219,445,GAS2L3,IL1R1,0.82645017
219,302,GAS2L3,MEIS1,0.82635236
219,498,GAS2L3,DENND2D,0.82061315
219,44,GAS2L3,NUDT19,0.8153746
219,85,GAS2L3,MECOM,0.8093563
416,367,GATA2,IL7R,0.9815236
416,233,GATA2,NOTCH1,0.98087436
416,422,GATA2,RUNX2,0.9796102
416,518,GATA2,IL12A,0.97915536
416,335,GATA2,HDAC7,0.97913843
416,320,GATA2,MYC,0.97779775
416,530,GATA2,IKZF1,0.97749865
416,118,GATA2,FOXO1,0.9774326
416,27,GATA2,HSD3B7,0.9772778
416,334,GATA2,CD74,0.9772778
416,550,GATA2,SPI1,0.9770081
416,527,GATA2,TUBB4B,0.9764705
416,267,GATA2,SLC2A3,0.9759049
416,221,GATA2,ARPP21,0.97447634
416,46,GATA2,VDR,0.97346944
416,76,GATA2,ESR1,0.97311854
416,69,GATA2,MAGED1,0.97188777
416,525,GATA2,CD44,0.97157574
416,515,GATA2,NCF1,0.9698411
416,536,GATA2,MOGS,0.9679998
416,257,GATA2,UHRF1,0.96565706
416,277,GATA2,MEF2C,0.9650725
416,281,GATA2,TGM2,0.9646865
416,380,GATA2,NPDC1,0.9646865
416,252,GATA2,HOXA9,0.9629731
416,66,GATA2,CBFB,0.9621889
416,116,GATA2,TOP2A,0.9599005
416,67,GATA2,TEK,0.95812744
416,442,GATA2,HLF,0.95812744
416,290,GATA2,TMEM14C,0.95811266
416,392,GATA2,PBX1,0.9560964
416,53,GATA2,FCHO2,0.9554913
416,302,GATA2,MEIS1,0.95510423
416,498,GATA2,DENND2D,0.9521739
416,85,GATA2,MECOM,0.95097107
416,398,GATA2,APOE,0.94998986
416,541,GATA2,PGR,0.94998986
416,96,GATA2,SLBP,0.9441476
416,324,GATA2,REL,0.9429535
416,237,GATA2,ELF1,0.9428854
416,190,GATA2,TIPIN,0.9376627
416,145,GATA2,HMGB2,0.9373553
416,44,GATA2,NUDT19,0.9334975
416,42,GATA2,DACH1,0.92600083
416,459,GATA2,IRF8,0.9247581
416,506,GATA2,PRIM1,0.92471546
416,216,GATA2,MCM7,0.9233681
416,379,GATA2,BCL2,0.9123196
416,155,GATA2,MYCN,0.89331627
416,284,GATA2,MAML3,0.88921964
505,527,GBP2,TUBB4B,0.9804482
505,422,GBP2,RUNX2,0.9778488
505,116,GBP2,TOP2A,0.9744888
505,525,GBP2,CD44,0.97241795
505,145,GBP2,HMGB2,0.9706331
505,233,GBP2,NOTCH1,0.97014475
505,190,GBP2,TIPIN,0.96839195
505,131,GBP2,CKS1B,0.96826553
505,216,GBP2,MCM7,0.9671949
505,506,GBP2,PRIM1,0.9660805
505,213,GBP2,MCM4,0.9659633
505,96,GBP2,SLBP,0.9635566
505,550,GBP2,SPI1,0.9625
505,60,GBP2,CDT1,0.9607973
505,518,GBP2,IL12A,0.96062654
505,335,GBP2,HDAC7,0.9600769
505,320,GBP2,MYC,0.9599392
505,68,GBP2,MKI67,0.95707554
505,367,GBP2,IL7R,0.9552167
505,267,GBP2,SLC2A3,0.94998187
505,324,GBP2,REL,0.9312972
505,530,GBP2,IKZF1,0.9259667
505,27,GBP2,HSD3B7,0.9224093
505,334,GBP2,CD74,0.92238384
505,118,GBP2,FOXO1,0.9221475
505,459,GBP2,IRF8,0.91241115
505,221,GBP2,ARPP21,0.9078995
505,66,GBP2,CBFB,0.90268505
505,46,GBP2,VDR,0.9026461
505,69,GBP2,MAGED1,0.89826274
505,416,GBP2,GATA2,0.89369905
505,76,GBP2,ESR1,0.890121
505,380,GBP2,NPDC1,0.8886851
505,515,GBP2,NCF1,0.8819892
505,536,GBP2,MOGS,0.87684935
505,277,GBP2,MEF2C,0.8603895
505,257,GBP2,UHRF1,0.85598487
505,281,GBP2,TGM2,0.8535019
505,252,GBP2,HOXA9,0.84943974
505,379,GBP2,BCL2,0.8481178
505,290,GBP2,TMEM14C,0.82961243
505,67,GBP2,TEK,0.8295423
505,442,GBP2,HLF,0.82949626
505,53,GBP2,FCHO2,0.82645017
505,445,GBP2,IL1R1,0.82645017
505,302,GBP2,MEIS1,0.82635236
505,541,GBP2,PGR,0.8253027
505,498,GBP2,DENND2D,0.82061315
505,85,GBP2,MECOM,0.80958575
505,44,GBP2,NUDT19,0.80635184
253,527,GBP4,TUBB4B,0.9804482
253,518,GBP4,IL12A,0.9794573
253,422,GBP4,RUNX2,0.9770981
253,550,GBP4,SPI1,0.9756468
253,116,GBP4,TOP2A,0.9752085
253,525,GBP4,CD44,0.97241795
253,145,GBP4,HMGB2,0.9706331
253,233,GBP4,NOTCH1,0.97014475
253,190,GBP4,TIPIN,0.96839195
253,216,GBP4,MCM7,0.9671949
253,506,GBP4,PRIM1,0.9660805
253,213,GBP4,MCM4,0.96517986
253,96,GBP4,SLBP,0.9635566
253,60,GBP4,CDT1,0.9607973
253,335,GBP4,HDAC7,0.9602129
253,320,GBP4,MYC,0.9599392
253,68,GBP4,MKI67,0.95707554
253,367,GBP4,IL7R,0.9552167
253,267,GBP4,SLC2A3,0.94998187
253,131,GBP4,CKS1B,0.9414487
253,324,GBP4,REL,0.9312972
253,530,GBP4,IKZF1,0.9259667
253,27,GBP4,HSD3B7,0.9224093
253,334,GBP4,CD74,0.9223726
253,118,GBP4,FOXO1,0.9221475
253,459,GBP4,IRF8,0.91241115
253,69,GBP4,MAGED1,0.90964353
253,221,GBP4,ARPP21,0.9078995
253,46,GBP4,VDR,0.9026461
253,66,GBP4,CBFB,0.9026461
253,498,GBP4,DENND2D,0.8999321
253,416,GBP4,GATA2,0.89369905
253,58,GBP4,RARB,0.8801098
253,536,GBP4,MOGS,0.87684935
253,277,GBP4,MEF2C,0.8603895
253,257,GBP4,UHRF1,0.85598487
253,76,GBP4,ESR1,0.85564035
253,281,GBP4,TGM2,0.8535019
253,380,GBP4,NPDC1,0.8535019
253,252,GBP4,HOXA9,0.84943974
253,379,GBP4,BCL2,0.8481178
253,541,GBP4,PGR,0.8399021
253,67,GBP4,TEK,0.82961243
253,290,GBP4,TMEM14C,0.8289425
253,392,GBP4,PBX1,0.8265034
253,53,GBP4,FCHO2,0.82645017
253,445,GBP4,IL1R1,0.82645017
253,302,GBP4,MEIS1,0.82635236
253,85,GBP4,MECOM,0.8093563
253,44,GBP4,NUDT19,0.80635184
350,527,GBP9,TUBB4B,0.9804482
350,422,GBP9,RUNX2,0.9795156
350,518,GBP9,IL12A,0.9794573
350,550,GBP9,SPI1,0.9756468
350,116,GBP9,TOP2A,0.9744888
350,525,GBP9,CD44,0.97241795
350,145,GBP9,HMGB2,0.9706915
350,233,GBP9,NOTCH1,0.97014475
350,190,GBP9,TIPIN,0.96839195
350,216,GBP9,MCM7,0.9671949
350,506,GBP9,PRIM1,0.9660872
350,96,GBP9,SLBP,0.9635566
350,213,GBP9,MCM4,0.9625846
350,60,GBP9,CDT1,0.9607973
350,131,GBP9,CKS1B,0.9607973
350,335,GBP9,HDAC7,0.9602129
350,320,GBP9,MYC,0.9599392
350,68,GBP9,MKI67,0.95707554
350,367,GBP9,IL7R,0.9552167
350,267,GBP9,SLC2A3,0.94998187
350,324,GBP9,REL,0.9312972
350,530,GBP9,IKZF1,0.9259667
350,27,GBP9,HSD3B7,0.922431
350,118,GBP9,FOXO1,0.9221475
350,334,GBP9,CD74,0.9202182
350,459,GBP9,IRF8,0.91241115
350,221,GBP9,ARPP21,0.9078456
350,46,GBP9,VDR,0.9026461
350,66,GBP9,CBFB,0.9026461
350,416,GBP9,GATA2,0.89369905
350,76,GBP9,ESR1,0.88950634
350,515,GBP9,NCF1,0.8819892
350,536,GBP9,MOGS,0.87684935
350,58,GBP9,RARB,0.8617976
350,277,GBP9,MEF2C,0.8603895
350,257,GBP9,UHRF1,0.85598487
350,281,GBP9,TGM2,0.8535019
350,380,GBP9,NPDC1,0.8535019
350,252,GBP9,HOXA9,0.84943974
350,379,GBP9,BCL2,0.8481178
350,67,GBP9,TEK,0.82961243
350,290,GBP9,TMEM14C,0.82961243
350,442,GBP9,HLF,0.82961243
350,392,GBP9,PBX1,0.8265034
350,445,GBP9,IL1R1,0.82645017
350,302,GBP9,MEIS1,0.82635236
350,53,GBP9,FCHO2,0.82518214
350,498,GBP9,DENND2D,0.82061315
350,85,GBP9,MECOM,0.8093563
350,44,GBP9,NUDT19,0.80635184
84,422,GDF3,RUNX2,0.97950417
84,518,GDF3,IL12A,0.9794573
84,550,GDF3,SPI1,0.9756468
84,116,GDF3,TOP2A,0.9744888
84,525,GDF3,CD44,0.97241795
84,527,GDF3,TUBB4B,0.9717226
84,145,GDF3,HMGB2,0.9706331
84,233,GDF3,NOTCH1,0.97014475
84,190,GDF3,TIPIN,0.9683952
84,216,GDF3,MCM7,0.9671949
84,506,GDF3,PRIM1,0.9660805
84,96,GDF3,SLBP,0.96515733
84,213,GDF3,MCM4,0.9625164
84,131,GDF3,CKS1B,0.96080446
84,60,GDF3,CDT1,0.9606182
84,335,GDF3,HDAC7,0.9602129
84,320,GDF3,MYC,0.9599392
84,367,GDF3,IL7R,0.95745367
84,68,GDF3,MKI67,0.95707554
84,267,GDF3,SLC2A3,0.94998187
84,324,GDF3,REL,0.9312972
84,530,GDF3,IKZF1,0.9259667
84,27,GDF3,HSD3B7,0.9224093
84,334,GDF3,CD74,0.9224093
84,118,GDF3,FOXO1,0.9221475
84,459,GDF3,IRF8,0.91234577
84,221,GDF3,ARPP21,0.9078995
84,66,GDF3,CBFB,0.9026461
84,46,GDF3,VDR,0.9023082
84,69,GDF3,MAGED1,0.8983499
84,416,GDF3,GATA2,0.8939539
84,76,GDF3,ESR1,0.88950634
84,515,GDF3,NCF1,0.8819892
84,536,GDF3,MOGS,0.87684935
84,58,GDF3,RARB,0.8617976
84,277,GDF3,MEF2C,0.8603895
84,257,GDF3,UHRF1,0.85598487
84,281,GDF3,TGM2,0.8534511
84,380,GDF3,NPDC1,0.850116
84,252,GDF3,HOXA9,0.8492065
84,379,GDF3,BCL2,0.8481178
84,67,GDF3,TEK,0.82961243
84,290,GDF3,TMEM14C,0.82961243
84,392,GDF3,PBX1,0.8265034
84,53,GDF3,FCHO2,0.82645017
84,302,GDF3,MEIS1,0.82594264
84,498,GDF3,DENND2D,0.82061315
84,85,GDF3,MECOM,0.8195664
84,44,GDF3,NUDT19,0.80635184
84,398,GDF3,APOE,0.80635184
135,367,GFI1B,IL7R,0.980718
135,233,GFI1B,NOTCH1,0.97925603
135,422,GFI1B,RUNX2,0.97847956
135,320,GFI1B,MYC,0.9776015
135,118,GFI1B,FOXO1,0.9775104
135,530,GFI1B,IKZF1,0.9773451
135,335,GFI1B,HDAC7,0.97732234
135,518,GFI1B,IL12A,0.9766109
135,27,GFI1B,HSD3B7,0.97627276
135,334,GFI1B,CD74,0.97627276
135,267,GFI1B,SLC2A3,0.97620016
135,550,GFI1B,SPI1,0.97534436
135,527,GFI1B,TUBB4B,0.9749019
135,46,GFI1B,VDR,0.97369754
135,66,GFI1B,CBFB,0.97369754
135,221,GFI1B,ARPP21,0.9730854
135,76,GFI1B,ESR1,0.97281826
135,416,GFI1B,GATA2,0.97205126
135,69,GFI1B,MAGED1,0.97145665
135,515,GFI1B,NCF1,0.9688431
135,536,GFI1B,MOGS,0.9684996
135,525,GFI1B,CD44,0.96846414
135,257,GFI1B,UHRF1,0.9655678
135,277,GFI1B,MEF2C,0.9654583
135,281,GFI1B,TGM2,0.9638826
135,380,GFI1B,NPDC1,0.9638826
135,379,GFI1B,BCL2,0.961845
135,252,GFI1B,HOXA9,0.9617896
135,116,GFI1B,TOP2A,0.9586559
135,67,GFI1B,TEK,0.9570659
135,290,GFI1B,TMEM14C,0.9570659
135,442,GFI1B,HLF,0.9570659
135,392,GFI1B,PBX1,0.9545719
135,53,GFI1B,FCHO2,0.95454603
135,445,GFI1B,IL1R1,0.95454603
135,302,GFI1B,MEIS1,0.95245725
135,498,GFI1B,DENND2D,0.94988775
135,398,GFI1B,APOE,0.9494272
135,44,GFI1B,NUDT19,0.94865984
135,541,GFI1B,PGR,0.94865984
135,85,GFI1B,MECOM,0.9475057
135,237,GFI1B,ELF1,0.9400358
135,459,GFI1B,IRF8,0.9348131
135,190,GFI1B,TIPIN,0.933468
135,145,GFI1B,HMGB2,0.9303161
135,42,GFI1B,DACH1,0.91872585
135,506,GFI1B,PRIM1,0.91614383
135,216,GFI1B,MCM7,0.9085824
135,284,GFI1B,MAML3,0.8848272
135,155,GFI1B,MYCN,0.87714916
480,527,GGT5,TUBB4B,0.9804482
480,518,GGT5,IL12A,0.9794573
480,422,GGT5,RUNX2,0.97829723
480,550,GGT5,SPI1,0.9756251
480,116,GGT5,TOP2A,0.9744888
480,525,GGT5,CD44,0.97241795
480,68,GGT5,MKI67,0.97167736
480,145,GGT5,HMGB2,0.9706331
480,233,GGT5,NOTCH1,0.97014475
480,190,GGT5,TIPIN,0.96839195
480,216,GGT5,MCM7,0.9671949
480,506,GGT5,PRIM1,0.9660805
480,60,GGT5,CDT1,0.96552783
480,96,GGT5,SLBP,0.9635638
480,213,GGT5,MCM4,0.9625164
480,131,GGT5,CKS1B,0.9607973
480,335,GGT5,HDAC7,0.9602129
480,320,GGT5,MYC,0.9599392
480,367,GGT5,IL7R,0.9552167
480,267,GGT5,SLC2A3,0.94998187
480,324,GGT5,REL,0.9312972
480,530,GGT5,IKZF1,0.9259667
480,27,GGT5,HSD3B7,0.9224093
480,334,GGT5,CD74,0.9224093
480,118,GGT5,FOXO1,0.9221475
480,459,GGT5,IRF8,0.9124426
480,221,GGT5,ARPP21,0.9078995
480,46,GGT5,VDR,0.9026461
480,66,GGT5,CBFB,0.902572
480,69,GGT5,MAGED1,0.89826274
480,416,GGT5,GATA2,0.89369905
480,76,GGT5,ESR1,0.88950634
480,515,GGT5,NCF1,0.8819892
480,536,GGT5,MOGS,0.8765413
480,58,GGT5,RARB,0.8617976
480,277,GGT5,MEF2C,0.8603895
480,257,GGT5,UHRF1,0.85583127
480,281,GGT5,TGM2,0.8535019
480,380,GGT5,NPDC1,0.8535019
480,252,GGT5,HOXA9,0.84943974
480,379,GGT5,BCL2,0.8481178
480,67,GGT5,TEK,0.83113426
480,442,GGT5,HLF,0.82961243
480,392,GGT5,PBX1,0.8265034
480,53,GGT5,FCHO2,0.82645017
480,445,GGT5,IL1R1,0.82645017
480,302,GGT5,MEIS1,0.82635236
480,498,GGT5,DENND2D,0.82061315
480,85,GGT5,MECOM,0.8093563
480,44,GGT5,NUDT19,0.80635184
552,527,GGTA1,TUBB4B,0.9804482
552,422,GGTA1,RUNX2,0.9795156
552,518,GGTA1,IL12A,0.9794573
552,550,GGTA1,SPI1,0.9756468
552,116,GGTA1,TOP2A,0.9744888
552,525,GGTA1,CD44,0.9726795
552,145,GGTA1,HMGB2,0.9706331
552,233,GGTA1,NOTCH1,0.97014475
552,96,GGTA1,SLBP,0.969067
552,190,GGTA1,TIPIN,0.9683869
552,216,GGTA1,MCM7,0.9671949
552,506,GGTA1,PRIM1,0.9660805
552,213,GGTA1,MCM4,0.9625164
552,60,GGTA1,CDT1,0.9607973
552,131,GGTA1,CKS1B,0.9607973
552,335,GGTA1,HDAC7,0.9602129
552,320,GGTA1,MYC,0.9599392
552,68,GGTA1,MKI67,0.95707554
552,367,GGTA1,IL7R,0.9552167
552,324,GGTA1,REL,0.9312972
552,530,GGTA1,IKZF1,0.9311726
552,334,GGTA1,CD74,0.9224093
552,27,GGTA1,HSD3B7,0.922138
552,118,GGTA1,FOXO1,0.9220129
552,459,GGTA1,IRF8,0.91241115
552,69,GGTA1,MAGED1,0.911765
552,221,GGTA1,ARPP21,0.9078995
552,46,GGTA1,VDR,0.9026461
552,66,GGTA1,CBFB,0.9026461
552,416,GGTA1,GATA2,0.89369905
552,76,GGTA1,ESR1,0.88950634
552,515,GGTA1,NCF1,0.8819892
552,536,GGTA1,MOGS,0.87684935
552,58,GGTA1,RARB,0.8616021
552,379,GGTA1,BCL2,0.86103505
552,277,GGTA1,MEF2C,0.8603895
552,257,GGTA1,UHRF1,0.85598487
552,281,GGTA1,TGM2,0.8535019
552,380,GGTA1,NPDC1,0.8535019
552,252,GGTA1,HOXA9,0.84943974
552,267,GGTA1,SLC2A3,0.8485291
552,445,GGTA1,IL1R1,0.84265953
552,67,GGTA1,TEK,0.82961243
552,442,GGTA1,HLF,0.82961243
552,290,GGTA1,TMEM14C,0.8295423
552,302,GGTA1,MEIS1,0.82635236
552,392,GGTA1,PBX1,0.8258957
552,498,GGTA1,DENND2D,0.82061315
552,85,GGTA1,MECOM,0.8093563
552,541,GGTA1,PGR,0.8071242
345,527,GIMAP1,TUBB4B,0.9804227
345,422,GIMAP1,RUNX2,0.97950935
345,518,GIMAP1,IL12A,0.9794581
345,550,GIMAP1,SPI1,0.9756463
345,116,GIMAP1,TOP2A,0.97447
345,525,GIMAP1,CD44,0.97242266
345,145,GIMAP1,HMGB2,0.97066915
345,233,GIMAP1,NOTCH1,0.9701662
345,190,GIMAP1,TIPIN,0.9683679
345,216,GIMAP1,MCM7,0.96716803
345,506,GIMAP1,PRIM1,0.96606255
345,96,GIMAP1,SLBP,0.9635269
345,213,GIMAP1,MCM4,0.9625546
345,60,GIMAP1,CDT1,0.9607666
345,131,GIMAP1,CKS1B,0.9607666
345,335,GIMAP1,HDAC7,0.96038735
345,320,GIMAP1,MYC,0.96011376
345,68,GIMAP1,MKI67,0.95696425
345,367,GIMAP1,IL7R,0.9554197
345,267,GIMAP1,SLC2A3,0.9502051
345,324,GIMAP1,REL,0.93117076
345,530,GIMAP1,IKZF1,0.926349
345,27,GIMAP1,HSD3B7,0.9228331
345,118,GIMAP1,FOXO1,0.92255664
345,334,GIMAP1,CD74,0.9206297
345,459,GIMAP1,IRF8,0.91287804
345,221,GIMAP1,ARPP21,0.90831226
345,46,GIMAP1,VDR,0.90314865
345,66,GIMAP1,CBFB,0.90314865
345,416,GIMAP1,GATA2,0.89425534
345,76,GIMAP1,ESR1,0.8900873
345,515,GIMAP1,NCF1,0.88260657
345,536,GIMAP1,MOGS,0.87749225
345,58,GIMAP1,RARB,0.8625216
345,277,GIMAP1,MEF2C,0.8611221
345,257,GIMAP1,UHRF1,0.8567366
345,281,GIMAP1,TGM2,0.8542613
345,380,GIMAP1,NPDC1,0.8542613
345,252,GIMAP1,HOXA9,0.85020655
345,379,GIMAP1,BCL2,0.8489114
345,67,GIMAP1,TEK,0.8304816
345,290,GIMAP1,TMEM14C,0.8304816
345,442,GIMAP1,HLF,0.8304816
345,392,GIMAP1,PBX1,0.827382
345,445,GIMAP1,IL1R1,0.8273291
345,302,GIMAP1,MEIS1,0.8272271
345,53,GIMAP1,FCHO2,0.8260667
345,498,GIMAP1,DENND2D,0.82153505
345,85,GIMAP1,MECOM,0.81028223
345,44,GIMAP1,NUDT19,0.80727875
59,527,GIMAP1OS,TUBB4B,0.9804482
59,422,GIMAP1OS,RUNX2,0.9795156
59,518,GIMAP1OS,IL12A,0.9794581
59,550,GIMAP1OS,SPI1,0.9775419
59,116,GIMAP1OS,TOP2A,0.9744888
59,233,GIMAP1OS,NOTCH1,0.9725457
59,525,GIMAP1OS,CD44,0.97241795
59,145,GIMAP1OS,HMGB2,0.9706331
59,506,GIMAP1OS,PRIM1,0.9698962
59,190,GIMAP1OS,TIPIN,0.96839195
59,216,GIMAP1OS,MCM7,0.9671949
59,60,GIMAP1OS,CDT1,0.9658955
59,96,GIMAP1OS,SLBP,0.9635566
59,213,GIMAP1OS,MCM4,0.9625164
59,131,GIMAP1OS,CKS1B,0.9607973
59,335,GIMAP1OS,HDAC7,0.9602129
59,320,GIMAP1OS,MYC,0.9599392
59,68,GIMAP1OS,MKI67,0.95707554
59,367,GIMAP1OS,IL7R,0.9552167
59,267,GIMAP1OS,SLC2A3,0.9500102
59,530,GIMAP1OS,IKZF1,0.941807
59,324,GIMAP1OS,REL,0.9312972
59,334,GIMAP1OS,CD74,0.9224093
59,118,GIMAP1OS,FOXO1,0.9221475
59,459,GIMAP1OS,IRF8,0.9157905
59,221,GIMAP1OS,ARPP21,0.9077895
59,46,GIMAP1OS,VDR,0.9050366
59,66,GIMAP1OS,CBFB,0.9026461
59,69,GIMAP1OS,MAGED1,0.89826274
59,416,GIMAP1OS,GATA2,0.89369905
59,27,GIMAP1OS,HSD3B7,0.8936844
59,76,GIMAP1OS,ESR1,0.890121
59,515,GIMAP1OS,NCF1,0.8819892
59,536,GIMAP1OS,MOGS,0.87684935
59,58,GIMAP1OS,RARB,0.8617976
59,277,GIMAP1OS,MEF2C,0.8601199
59,392,GIMAP1OS,PBX1,0.8587759
59,281,GIMAP1OS,TGM2,0.8535019
59,380,GIMAP1OS,NPDC1,0.8535019
59,252,GIMAP1OS,HOXA9,0.84943974
59,379,GIMAP1OS,BCL2,0.8481178
59,257,GIMAP1OS,UHRF1,0.84449077
59,67,GIMAP1OS,TEK,0.82961243
59,290,GIMAP1OS,TMEM14C,0.82840127
59,442,GIMAP1OS,HLF,0.82840127
59,53,GIMAP1OS,FCHO2,0.82680583
59,445,GIMAP1OS,IL1R1,0.82645017
59,302,GIMAP1OS,MEIS1,0.82635236
59,498,GIMAP1OS,DENND2D,0.82061315
59,85,GIMAP1OS,MECOM,0.809631
203,527,GIMAP3,TUBB4B,0.9804482
203,422,GIMAP3,RUNX2,0.9795156
203,518,GIMAP3,IL12A,0.97946715
203,550,GIMAP3,SPI1,0.9756468
203,116,GIMAP3,TOP2A,0.97451675
203,525,GIMAP3,CD44,0.97095954
203,145,GIMAP3,HMGB2,0.9706331
203,233,GIMAP3,NOTCH1,0.97014475
203,190,GIMAP3,TIPIN,0.96839195
203,213,GIMAP3,MCM4,0.9674009
203,216,GIMAP3,MCM7,0.9671794
203,96,GIMAP3,SLBP,0.9635566
203,320,GIMAP3,MYC,0.96238226
203,506,GIMAP3,PRIM1,0.96188307
203,60,GIMAP3,CDT1,0.9607973
203,131,GIMAP3,CKS1B,0.9607973
203,335,GIMAP3,HDAC7,0.9602129
203,68,GIMAP3,MKI67,0.95707554
203,367,GIMAP3,IL7R,0.9552167
203,267,GIMAP3,SLC2A3,0.95003825
203,530,GIMAP3,IKZF1,0.9338483
203,334,GIMAP3,CD74,0.9224093
203,27,GIMAP3,HSD3B7,0.92192364
203,324,GIMAP3,REL,0.9145173
203,459,GIMAP3,IRF8,0.91241115
203,46,GIMAP3,VDR,0.9026461
203,66,GIMAP3,CBFB,0.9026461
203,58,GIMAP3,RARB,0.89947516
203,69,GIMAP3,MAGED1,0.89826274
203,416,GIMAP3,GATA2,0.89369905
203,76,GIMAP3,ESR1,0.88950634
203,515,GIMAP3,NCF1,0.8819892
203,536,GIMAP3,MOGS,0.8768202
203,221,GIMAP3,ARPP21,0.8649988
203,257,GIMAP3,UHRF1,0.85598487
203,281,GIMAP3,TGM2,0.8535019
203,380,GIMAP3,NPDC1,0.8535019
203,252,GIMAP3,HOXA9,0.84943974
203,379,GIMAP3,BCL2,0.8481178
203,67,GIMAP3,TEK,0.82961243
203,290,GIMAP3,TMEM14C,0.82961243
203,442,GIMAP3,HLF,0.82961243
203,392,GIMAP3,PBX1,0.8265034
203,53,GIMAP3,FCHO2,0.82645017
203,445,GIMAP3,IL1R1,0.82645017
203,302,GIMAP3,MEIS1,0.82635236
203,498,GIMAP3,DENND2D,0.82061315
203,85,GIMAP3,MECOM,0.8093563
203,44,GIMAP3,NUDT19,0.80635184
203,398,GIMAP3,APOE,0.80635184
495,527,GIMAP4,TUBB4B,0.9804482
495,422,GIMAP4,RUNX2,0.9795156
495,518,GIMAP4,IL12A,0.9794573
495,550,GIMAP4,SPI1,0.9756468
495,116,GIMAP4,TOP2A,0.97448957
495,145,GIMAP4,HMGB2,0.9721621
495,233,GIMAP4,NOTCH1,0.97014475
495,190,GIMAP4,TIPIN,0.96839195
495,216,GIMAP4,MCM7,0.96719766
495,506,GIMAP4,PRIM1,0.9660805
495,96,GIMAP4,SLBP,0.9635566
495,320,GIMAP4,MYC,0.961623
495,131,GIMAP4,CKS1B,0.9608346
495,60,GIMAP4,CDT1,0.9607973
495,335,GIMAP4,HDAC7,0.9602129
495,68,GIMAP4,MKI67,0.95707554
495,367,GIMAP4,IL7R,0.9552167
495,267,GIMAP4,SLC2A3,0.94998187
495,213,GIMAP4,MCM4,0.94943076
495,324,GIMAP4,REL,0.9312972
495,525,GIMAP4,CD44,0.92805046
495,221,GIMAP4,ARPP21,0.9268834
495,530,GIMAP4,IKZF1,0.9259667
495,334,GIMAP4,CD74,0.9224093
495,27,GIMAP4,HSD3B7,0.9223726
495,118,GIMAP4,FOXO1,0.9221475
495,536,GIMAP4,MOGS,0.9060153
495,66,GIMAP4,CBFB,0.9027629
495,46,GIMAP4,VDR,0.9026461
495,69,GIMAP4,MAGED1,0.89826274
495,416,GIMAP4,GATA2,0.89369905
495,459,GIMAP4,IRF8,0.89035726
495,76,GIMAP4,ESR1,0.88950634
495,515,GIMAP4,NCF1,0.8819892
495,277,GIMAP4,MEF2C,0.8644381
495,58,GIMAP4,RARB,0.8617976
495,281,GIMAP4,TGM2,0.8535019
495,380,GIMAP4,NPDC1,0.8535019
495,252,GIMAP4,HOXA9,0.84943974
495,379,GIMAP4,BCL2,0.8481178
495,290,GIMAP4,TMEM14C,0.82961243
495,442,GIMAP4,HLF,0.82961243
495,67,GIMAP4,TEK,0.8295973
495,392,GIMAP4,PBX1,0.8265034
495,53,GIMAP4,FCHO2,0.82645017
495,445,GIMAP4,IL1R1,0.82645017
495,302,GIMAP4,MEIS1,0.82635236
495,42,GIMAP4,DACH1,0.82240593
495,498,GIMAP4,DENND2D,0.82061315
495,85,GIMAP4,MECOM,0.8093563
176,527,GIMAP5,TUBB4B,0.98071986
176,518,GIMAP5,IL12A,0.9805994
176,422,GIMAP5,RUNX2,0.98045874
176,550,GIMAP5,SPI1,0.9791479
176,525,GIMAP5,CD44,0.9769544
176,233,GIMAP5,NOTCH1,0.9743256
176,116,GIMAP5,TOP2A,0.9732574
176,320,GIMAP5,MYC,0.9689492
176,335,GIMAP5,HDAC7,0.9686751
176,367,GIMAP5,IL7R,0.9654579
176,145,GIMAP5,HMGB2,0.96456337
176,267,GIMAP5,SLC2A3,0.9642025
176,190,GIMAP5,TIPIN,0.9608913
176,216,GIMAP5,MCM7,0.9584327
176,506,GIMAP5,PRIM1,0.9580819
176,530,GIMAP5,IKZF1,0.9562176
176,27,GIMAP5,HSD3B7,0.95601225
176,334,GIMAP5,CD74,0.95601225
176,118,GIMAP5,FOXO1,0.95120376
176,69,GIMAP5,MAGED1,0.9503456
176,459,GIMAP5,IRF8,0.94948554
176,213,GIMAP5,MCM4,0.9487367
176,66,GIMAP5,CBFB,0.9470256
176,416,GIMAP5,GATA2,0.94562805
176,221,GIMAP5,ARPP21,0.9451369
176,96,GIMAP5,SLBP,0.94395405
176,60,GIMAP5,CDT1,0.9428398
176,131,GIMAP5,CKS1B,0.942767
176,515,GIMAP5,NCF1,0.9422561
176,536,GIMAP5,MOGS,0.94033897
176,68,GIMAP5,MKI67,0.93368036
176,277,GIMAP5,MEF2C,0.9311148
176,379,GIMAP5,BCL2,0.9300793
176,76,GIMAP5,ESR1,0.92894167
176,380,GIMAP5,NPDC1,0.9275189
176,257,GIMAP5,UHRF1,0.92747205
176,281,GIMAP5,TGM2,0.92745703
176,58,GIMAP5,RARB,0.9248274
176,252,GIMAP5,HOXA9,0.92359704
176,46,GIMAP5,VDR,0.920577
176,302,GIMAP5,MEIS1,0.9205621
176,67,GIMAP5,TEK,0.920211
176,290,GIMAP5,TMEM14C,0.920211
176,442,GIMAP5,HLF,0.920211
176,392,GIMAP5,PBX1,0.9186201
176,53,GIMAP5,FCHO2,0.91859764
176,445,GIMAP5,IL1R1,0.91859764
176,498,GIMAP5,DENND2D,0.91736954
176,237,GIMAP5,ELF1,0.91672945
176,85,GIMAP5,MECOM,0.915639
2,527,GIMAP8,TUBB4B,0.9804482
2,422,GIMAP8,RUNX2,0.9790846
2,550,GIMAP8,SPI1,0.9756468
2,116,GIMAP8,TOP2A,0.9740283
2,525,GIMAP8,CD44,0.97095954
2,506,GIMAP8,PRIM1,0.97071785
2,145,GIMAP8,HMGB2,0.9706331
2,233,GIMAP8,NOTCH1,0.97014475
2,190,GIMAP8,TIPIN,0.96839195
2,96,GIMAP8,SLBP,0.96801245
2,216,GIMAP8,MCM7,0.9671949
2,213,GIMAP8,MCM4,0.96251667
2,131,GIMAP8,CKS1B,0.9608029
2,60,GIMAP8,CDT1,0.9607973
2,335,GIMAP8,HDAC7,0.9602129
2,320,GIMAP8,MYC,0.9599392
2,518,GIMAP8,IL12A,0.9578493
2,68,GIMAP8,MKI67,0.95707554
2,367,GIMAP8,IL7R,0.9552167
2,267,GIMAP8,SLC2A3,0.949971
2,324,GIMAP8,REL,0.9312972
2,530,GIMAP8,IKZF1,0.9259667
2,69,GIMAP8,MAGED1,0.9240622
2,27,GIMAP8,HSD3B7,0.9224093
2,334,GIMAP8,CD74,0.9224093
2,118,GIMAP8,FOXO1,0.9221475
2,221,GIMAP8,ARPP21,0.9078995
2,66,GIMAP8,CBFB,0.9026461
2,46,GIMAP8,VDR,0.90252227
2,416,GIMAP8,GATA2,0.89369905
2,459,GIMAP8,IRF8,0.8918786
2,76,GIMAP8,ESR1,0.88950634
2,515,GIMAP8,NCF1,0.8819892
2,536,GIMAP8,MOGS,0.87684935
2,42,GIMAP8,DACH1,0.8725944
2,58,GIMAP8,RARB,0.8617976
2,277,GIMAP8,MEF2C,0.8603895
2,257,GIMAP8,UHRF1,0.85598487
2,281,GIMAP8,TGM2,0.8535019
2,380,GIMAP8,NPDC1,0.8534485
2,252,GIMAP8,HOXA9,0.84943974
2,379,GIMAP8,BCL2,0.8480685
2,67,GIMAP8,TEK,0.82961243
2,442,GIMAP8,HLF,0.82961243
2,290,GIMAP8,TMEM14C,0.8296041
2,53,GIMAP8,FCHO2,0.82645017
2,445,GIMAP8,IL1R1,0.82645017
2,302,GIMAP8,MEIS1,0.82635236
2,392,GIMAP8,PBX1,0.82221997
2,498,GIMAP8,DENND2D,0.82061315
165,527,GM10384,TUBB4B,0.9804482
165,422,GM10384,RUNX2,0.9795156
165,518,GM10384,IL12A,0.9794573
165,550,GM10384,SPI1,0.97564846
165,116,GM10384,TOP2A,0.9744888
165,525,GM10384,CD44,0.97241795
165,145,GM10384,HMGB2,0.9706331
165,233,GM10384,NOTCH1,0.97014475
165,190,GM10384,TIPIN,0.96839195
165,216,GM10384,MCM7,0.9671949
165,506,GM10384,PRIM1,0.9660805
165,96,GM10384,SLBP,0.9635566
165,213,GM10384,MCM4,0.9625164
165,60,GM10384,CDT1,0.9607973
165,131,GM10384,CKS1B,0.9607973
165,335,GM10384,HDAC7,0.9602129
165,320,GM10384,MYC,0.9599392
165,68,GM10384,MKI67,0.95707554
165,367,GM10384,IL7R,0.9552167
165,267,GM10384,SLC2A3,0.9496782
165,324,GM10384,REL,0.9312972
165,530,GM10384,IKZF1,0.9259667
165,27,GM10384,HSD3B7,0.922431
165,334,GM10384,CD74,0.9224093
165,118,GM10384,FOXO1,0.9221475
165,459,GM10384,IRF8,0.91241115
165,221,GM10384,ARPP21,0.9078995
165,46,GM10384,VDR,0.9026461
165,66,GM10384,CBFB,0.9026461
165,416,GM10384,GATA2,0.89369905
165,76,GM10384,ESR1,0.8894898
165,380,GM10384,NPDC1,0.88536197
165,515,GM10384,NCF1,0.8819892
165,536,GM10384,MOGS,0.8767786
165,69,GM10384,MAGED1,0.8665095
165,58,GM10384,RARB,0.8617976
165,257,GM10384,UHRF1,0.85598487
165,281,GM10384,TGM2,0.8535019
165,252,GM10384,HOXA9,0.84943974
165,379,GM10384,BCL2,0.8481178
165,67,GM10384,TEK,0.82961243
165,290,GM10384,TMEM14C,0.82961243
165,442,GM10384,HLF,0.82961243
165,445,GM10384,IL1R1,0.8268536
165,392,GM10384,PBX1,0.8265034
165,53,GM10384,FCHO2,0.82645017
165,302,GM10384,MEIS1,0.82635236
165,498,GM10384,DENND2D,0.8116205
165,85,GM10384,MECOM,0.8093563
165,44,GM10384,NUDT19,0.80635184
389,527,GM11346,TUBB4B,0.9804482
389,422,GM11346,RUNX2,0.9795156
389,518,GM11346,IL12A,0.9794597
389,550,GM11346,SPI1,0.9756468
389,116,GM11346,TOP2A,0.97451675
389,145,GM11346,HMGB2,0.9738332
389,525,GM11346,CD44,0.97241795
389,233,GM11346,NOTCH1,0.9705906
389,190,GM11346,TIPIN,0.96839195
389,216,GM11346,MCM7,0.9671949
389,506,GM11346,PRIM1,0.9660805
389,96,GM11346,SLBP,0.9635566
389,213,GM11346,MCM4,0.9625194
389,60,GM11346,CDT1,0.9607973
389,131,GM11346,CKS1B,0.9607973
389,335,GM11346,HDAC7,0.9602129
389,320,GM11346,MYC,0.9599392
389,68,GM11346,MKI67,0.95707554
389,367,GM11346,IL7R,0.9552167
389,267,GM11346,SLC2A3,0.94998187
389,324,GM11346,REL,0.9312972
389,530,GM11346,IKZF1,0.9259667
389,27,GM11346,HSD3B7,0.9224093
389,118,GM11346,FOXO1,0.9221475
389,334,GM11346,CD74,0.9221469
389,459,GM11346,IRF8,0.91241115
389,221,GM11346,ARPP21,0.9078995
389,46,GM11346,VDR,0.9026461
389,66,GM11346,CBFB,0.90152913
389,69,GM11346,MAGED1,0.89826274
389,416,GM11346,GATA2,0.89369905
389,76,GM11346,ESR1,0.88950634
389,536,GM11346,MOGS,0.87684935
389,515,GM11346,NCF1,0.87161875
389,277,GM11346,MEF2C,0.85987407
389,257,GM11346,UHRF1,0.85598487
389,281,GM11346,TGM2,0.8535019
389,380,GM11346,NPDC1,0.8535019
389,252,GM11346,HOXA9,0.8505267
389,58,GM11346,RARB,0.84970224
389,379,GM11346,BCL2,0.8481178
389,442,GM11346,HLF,0.8355803
389,445,GM11346,IL1R1,0.8299924
389,290,GM11346,TMEM14C,0.8297113
389,67,GM11346,TEK,0.82961243
389,392,GM11346,PBX1,0.8265034
389,53,GM11346,FCHO2,0.8264584
389,302,GM11346,MEIS1,0.82635236
389,498,GM11346,DENND2D,0.82061315
389,85,GM11346,MECOM,0.8093563
270,527,GM1966,TUBB4B,0.9804482
270,422,GM1966,RUNX2,0.9794628
270,518,GM1966,IL12A,0.9794573
270,550,GM1966,SPI1,0.9756468
270,116,GM1966,TOP2A,0.9744888
270,96,GM1966,SLBP,0.97300285
270,525,GM1966,CD44,0.97241795
270,145,GM1966,HMGB2,0.9706331
270,216,GM1966,MCM7,0.97028804
270,233,GM1966,NOTCH1,0.97016114
270,190,GM1966,TIPIN,0.9683869
270,506,GM1966,PRIM1,0.9660342
270,213,GM1966,MCM4,0.9625164
270,60,GM1966,CDT1,0.9607973
270,131,GM1966,CKS1B,0.9607973
270,335,GM1966,HDAC7,0.9602129
270,320,GM1966,MYC,0.9599392
270,68,GM1966,MKI67,0.95729494
270,367,GM1966,IL7R,0.9559166
270,267,GM1966,SLC2A3,0.94998187
270,27,GM1966,HSD3B7,0.9446072
270,118,GM1966,FOXO1,0.93897337
270,324,GM1966,REL,0.9319934
270,334,GM1966,CD74,0.9224093
270,530,GM1966,IKZF1,0.91314614
270,459,GM1966,IRF8,0.91241115
270,221,GM1966,ARPP21,0.9078995
270,46,GM1966,VDR,0.9026461
270,66,GM1966,CBFB,0.9026461
270,416,GM1966,GATA2,0.8938121
270,76,GM1966,ESR1,0.8897108
270,69,GM1966,MAGED1,0.8863937
270,515,GM1966,NCF1,0.8819892
270,536,GM1966,MOGS,0.87684935
270,58,GM1966,RARB,0.8617976
270,277,GM1966,MEF2C,0.8603895
270,392,GM1966,PBX1,0.85900974
270,257,GM1966,UHRF1,0.85598487
270,281,GM1966,TGM2,0.8535019
270,380,GM1966,NPDC1,0.8535019
270,252,GM1966,HOXA9,0.84943974
270,379,GM1966,BCL2,0.8481178
270,67,GM1966,TEK,0.82961243
270,290,GM1966,TMEM14C,0.82961243
270,442,GM1966,HLF,0.82961243
270,53,GM1966,FCHO2,0.82708687
270,445,GM1966,IL1R1,0.82645017
270,302,GM1966,MEIS1,0.82635236
270,498,GM1966,DENND2D,0.82061315
270,398,GM1966,APOE,0.81758493
347,527,GM20342,TUBB4B,0.9804482
347,422,GM20342,RUNX2,0.9795156
347,518,GM20342,IL12A,0.9794573
347,550,GM20342,SPI1,0.9756468
347,116,GM20342,TOP2A,0.9744888
347,525,GM20342,CD44,0.97241795
347,145,GM20342,HMGB2,0.9706915
347,233,GM20342,NOTCH1,0.97014475
347,190,GM20342,TIPIN,0.96839195
347,216,GM20342,MCM7,0.9671949
347,506,GM20342,PRIM1,0.9660872
347,96,GM20342,SLBP,0.9635566
347,213,GM20342,MCM4,0.9625846
347,60,GM20342,CDT1,0.9607973
347,131,GM20342,CKS1B,0.9607973
347,335,GM20342,HDAC7,0.9602129
347,320,GM20342,MYC,0.9599392
347,68,GM20342,MKI67,0.95707554
347,367,GM20342,IL7R,0.9552167
347,267,GM20342,SLC2A3,0.94998187
347,324,GM20342,REL,0.9312972
347,530,GM20342,IKZF1,0.9259667
347,27,GM20342,HSD3B7,0.922431
347,118,GM20342,FOXO1,0.9221475
347,334,GM20342,CD74,0.9202182
347,459,GM20342,IRF8,0.91241115
347,221,GM20342,ARPP21,0.9078456
347,46,GM20342,VDR,0.9026461
347,66,GM20342,CBFB,0.9026461
347,416,GM20342,GATA2,0.89369905
347,76,GM20342,ESR1,0.88950634
347,515,GM20342,NCF1,0.8819892
347,536,GM20342,MOGS,0.87684935
347,58,GM20342,RARB,0.8617976
347,277,GM20342,MEF2C,0.8603895
347,257,GM20342,UHRF1,0.85598487
347,281,GM20342,TGM2,0.8535019
347,380,GM20342,NPDC1,0.8535019
347,252,GM20342,HOXA9,0.84943974
347,379,GM20342,BCL2,0.8481178
347,67,GM20342,TEK,0.82961243
347,290,GM20342,TMEM14C,0.82961243
347,442,GM20342,HLF,0.82961243
347,392,GM20342,PBX1,0.8265034
347,445,GM20342,IL1R1,0.82645017
347,302,GM20342,MEIS1,0.82635236
347,53,GM20342,FCHO2,0.82518214
347,498,GM20342,DENND2D,0.82061315
347,85,GM20342,MECOM,0.8093563
347,44,GM20342,NUDT19,0.80635184
360,527,GM2A,TUBB4B,0.9804227
360,518,GM2A,IL12A,0.9796424
360,422,GM2A,RUNX2,0.97950935
360,550,GM2A,SPI1,0.9756849
360,116,GM2A,TOP2A,0.97447
360,525,GM2A,CD44,0.9724248
360,145,GM2A,HMGB2,0.97061074
360,233,GM2A,NOTCH1,0.9701662
360,190,GM2A,TIPIN,0.9683679
360,216,GM2A,MCM7,0.96717584
360,506,GM2A,PRIM1,0.9660699
360,96,GM2A,SLBP,0.9635269
360,213,GM2A,MCM4,0.96248627
360,68,GM2A,MKI67,0.96196014
360,60,GM2A,CDT1,0.9607666
360,131,GM2A,CKS1B,0.9607666
360,335,GM2A,HDAC7,0.96038735
360,320,GM2A,MYC,0.96011376
360,267,GM2A,SLC2A3,0.9502051
360,324,GM2A,REL,0.93117076
360,46,GM2A,VDR,0.9268265
360,27,GM2A,HSD3B7,0.92281157
360,334,GM2A,CD74,0.92281157
360,118,GM2A,FOXO1,0.92255664
360,459,GM2A,IRF8,0.91287804
360,221,GM2A,ARPP21,0.90836567
360,66,GM2A,CBFB,0.90314865
360,69,GM2A,MAGED1,0.8988001
360,416,GM2A,GATA2,0.89425534
360,76,GM2A,ESR1,0.8900873
360,515,GM2A,NCF1,0.88260657
360,536,GM2A,MOGS,0.87749225
360,277,GM2A,MEF2C,0.8611221
360,257,GM2A,UHRF1,0.8567366
360,380,GM2A,NPDC1,0.8542613
360,281,GM2A,TGM2,0.85089165
360,252,GM2A,HOXA9,0.85020655
360,379,GM2A,BCL2,0.8489114
360,67,GM2A,TEK,0.8304816
360,290,GM2A,TMEM14C,0.8304816
360,442,GM2A,HLF,0.8304816
360,392,GM2A,PBX1,0.827382
360,53,GM2A,FCHO2,0.82732916
360,445,GM2A,IL1R1,0.8273291
360,302,GM2A,MEIS1,0.8272271
360,498,GM2A,DENND2D,0.82153505
360,367,GM2A,IL7R,0.8196413
360,58,GM2A,RARB,0.81338817
360,85,GM2A,MECOM,0.81028223
360,44,GM2A,NUDT19,0.80727875
45,527,GM37124,TUBB4B,0.9804482
45,518,GM37124,IL12A,0.9794551
45,422,GM37124,RUNX2,0.9770597
45,550,GM37124,SPI1,0.97458106
45,116,GM37124,TOP2A,0.9744888
45,525,GM37124,CD44,0.97241795
45,145,GM37124,HMGB2,0.9706331
45,233,GM37124,NOTCH1,0.97014475
45,190,GM37124,TIPIN,0.96839195
45,506,GM37124,PRIM1,0.9660805
45,216,GM37124,MCM7,0.96602196
45,96,GM37124,SLBP,0.9635566
45,213,GM37124,MCM4,0.9625164
45,131,GM37124,CKS1B,0.96081066
45,60,GM37124,CDT1,0.9607973
45,320,GM37124,MYC,0.9599392
45,335,GM37124,HDAC7,0.95913655
45,367,GM37124,IL7R,0.95802176
45,68,GM37124,MKI67,0.95707554
45,267,GM37124,SLC2A3,0.94998187
45,324,GM37124,REL,0.9312972
45,530,GM37124,IKZF1,0.9258507
45,27,GM37124,HSD3B7,0.9224093
45,334,GM37124,CD74,0.9224093
45,118,GM37124,FOXO1,0.9221475
45,459,GM37124,IRF8,0.91241115
45,221,GM37124,ARPP21,0.9078995
45,66,GM37124,CBFB,0.9026461
45,46,GM37124,VDR,0.9013737
45,416,GM37124,GATA2,0.9009113
45,69,GM37124,MAGED1,0.898347
45,76,GM37124,ESR1,0.88950634
45,515,GM37124,NCF1,0.8819892
45,536,GM37124,MOGS,0.87684935
45,58,GM37124,RARB,0.8617976
45,277,GM37124,MEF2C,0.8603895
45,257,GM37124,UHRF1,0.8564839
45,281,GM37124,TGM2,0.8535019
45,380,GM37124,NPDC1,0.8501484
45,252,GM37124,HOXA9,0.84943974
45,379,GM37124,BCL2,0.8481178
45,53,GM37124,FCHO2,0.8306406
45,290,GM37124,TMEM14C,0.82974154
45,67,GM37124,TEK,0.82961243
45,442,GM37124,HLF,0.82961243
45,392,GM37124,PBX1,0.8265034
45,445,GM37124,IL1R1,0.8264584
45,302,GM37124,MEIS1,0.82635236
45,498,GM37124,DENND2D,0.82058334
45,85,GM37124,MECOM,0.80935556
372,527,GM45837,TUBB4B,0.9804482
372,422,GM45837,RUNX2,0.9794605
372,518,GM45837,IL12A,0.9783894
372,550,GM45837,SPI1,0.9756468
372,116,GM45837,TOP2A,0.9744888
372,525,GM45837,CD44,0.97241795
372,145,GM45837,HMGB2,0.9706331
372,233,GM45837,NOTCH1,0.97014475
372,190,GM45837,TIPIN,0.96840537
372,216,GM45837,MCM7,0.9671949
372,506,GM45837,PRIM1,0.9660805
372,96,GM45837,SLBP,0.9635566
372,213,GM45837,MCM4,0.9625164
372,60,GM45837,CDT1,0.9607973
372,131,GM45837,CKS1B,0.9607973
372,335,GM45837,HDAC7,0.96017486
372,320,GM45837,MYC,0.9599392
372,68,GM45837,MKI67,0.9571073
372,367,GM45837,IL7R,0.95178723
372,267,GM45837,SLC2A3,0.94998187
372,324,GM45837,REL,0.9277525
372,530,GM45837,IKZF1,0.9259667
372,27,GM45837,HSD3B7,0.9224093
372,334,GM45837,CD74,0.9224093
372,118,GM45837,FOXO1,0.9221475
372,459,GM45837,IRF8,0.91241115
372,221,GM45837,ARPP21,0.9078995
372,69,GM45837,MAGED1,0.89826274
372,416,GM45837,GATA2,0.89369905
372,515,GM45837,NCF1,0.8819892
372,536,GM45837,MOGS,0.87684935
372,257,GM45837,UHRF1,0.8728619
372,66,GM45837,CBFB,0.8629964
372,58,GM45837,RARB,0.8617976
372,277,GM45837,MEF2C,0.8603895
372,281,GM45837,TGM2,0.8535019
372,380,GM45837,NPDC1,0.8535019
372,46,GM45837,VDR,0.8495298
372,252,GM45837,HOXA9,0.84943974
372,379,GM45837,BCL2,0.8456627
372,67,GM45837,TEK,0.82961243
372,290,GM45837,TMEM14C,0.82961243
372,442,GM45837,HLF,0.82961243
372,302,GM45837,MEIS1,0.8271355
372,392,GM45837,PBX1,0.8265034
372,53,GM45837,FCHO2,0.82645017
372,445,GM45837,IL1R1,0.82645017
372,498,GM45837,DENND2D,0.82061315
372,85,GM45837,MECOM,0.80796766
372,398,GM45837,APOE,0.80635184
321,527,GM4759,TUBB4B,0.9804503
321,422,GM4759,RUNX2,0.9794924
321,518,GM4759,IL12A,0.9794574
321,550,GM4759,SPI1,0.9756142
321,116,GM4759,TOP2A,0.97452533
321,525,GM4759,CD44,0.9723785
321,190,GM4759,TIPIN,0.97184044
321,145,GM4759,HMGB2,0.9706852
321,233,GM4759,NOTCH1,0.97010773
321,216,GM4759,MCM7,0.967254
321,96,GM4759,SLBP,0.9669448
321,506,GM4759,PRIM1,0.9661406
321,213,GM4759,MCM4,0.9638432
321,68,GM4759,MKI67,0.96223193
321,60,GM4759,CDT1,0.9608672
321,131,GM4759,CKS1B,0.9608672
321,335,GM4759,HDAC7,0.96012443
321,320,GM4759,MYC,0.95985186
321,367,GM4759,IL7R,0.9552043
321,324,GM4759,REL,0.9551657
321,267,GM4759,SLC2A3,0.9498674
321,530,GM4759,IKZF1,0.925746
321,27,GM4759,HSD3B7,0.92218107
321,334,GM4759,CD74,0.92218107
321,118,GM4759,FOXO1,0.9219173
321,459,GM4759,IRF8,0.9121497
321,221,GM4759,ARPP21,0.90761656
321,46,GM4759,VDR,0.90235406
321,66,GM4759,CBFB,0.90235406
321,69,GM4759,MAGED1,0.8979664
321,416,GM4759,GATA2,0.8948048
321,515,GM4759,NCF1,0.88163215
321,536,GM4759,MOGS,0.8765334
321,277,GM4759,MEF2C,0.8599672
321,257,GM4759,UHRF1,0.8555404
321,281,GM4759,TGM2,0.8530539
321,380,GM4759,NPDC1,0.85305095
321,58,GM4759,RARB,0.8493039
321,252,GM4759,HOXA9,0.8489759
321,67,GM4759,TEK,0.8290988
321,290,GM4759,TMEM14C,0.8290988
321,442,GM4759,HLF,0.8290988
321,392,GM4759,PBX1,0.8259794
321,53,GM4759,FCHO2,0.8259261
321,445,GM4759,IL1R1,0.82589084
321,302,GM4759,MEIS1,0.8258386
321,498,GM4759,DENND2D,0.8200707
321,379,GM4759,BCL2,0.81563836
321,85,GM4759,MECOM,0.8088618
321,44,GM4759,NUDT19,0.805837
175,422,GM4951,RUNX2,0.9795156
175,518,GM4951,IL12A,0.97469485
175,116,GM4951,TOP2A,0.9744888
175,527,GM4951,TUBB4B,0.97264594
175,233,GM4951,NOTCH1,0.97014475
175,145,GM4951,HMGB2,0.9701034
175,550,GM4951,SPI1,0.9700983
175,190,GM4951,TIPIN,0.96839046
175,216,GM4951,MCM7,0.9671949
175,525,GM4951,CD44,0.9647664
175,96,GM4951,SLBP,0.9635566
175,213,GM4951,MCM4,0.9625164
175,68,GM4951,MKI67,0.96216327
175,60,GM4951,CDT1,0.9607973
175,131,GM4951,CKS1B,0.9607973
175,335,GM4951,HDAC7,0.9602129
175,320,GM4951,MYC,0.9599392
175,367,GM4951,IL7R,0.9552167
175,267,GM4951,SLC2A3,0.94998187
175,506,GM4951,PRIM1,0.9490984
175,530,GM4951,IKZF1,0.93312603
175,324,GM4951,REL,0.9312972
175,46,GM4951,VDR,0.9280313
175,334,GM4951,CD74,0.9224093
175,118,GM4951,FOXO1,0.9221475
175,27,GM4951,HSD3B7,0.92066664
175,459,GM4951,IRF8,0.91241115
175,221,GM4951,ARPP21,0.9078995
175,69,GM4951,MAGED1,0.89826804
175,416,GM4951,GATA2,0.89369905
175,515,GM4951,NCF1,0.8925295
175,76,GM4951,ESR1,0.88950634
175,536,GM4951,MOGS,0.8876185
175,66,GM4951,CBFB,0.86288595
175,58,GM4951,RARB,0.8617976
175,277,GM4951,MEF2C,0.8603895
175,257,GM4951,UHRF1,0.8559402
175,281,GM4951,TGM2,0.8535019
175,380,GM4951,NPDC1,0.8535019
175,252,GM4951,HOXA9,0.84943974
175,379,GM4951,BCL2,0.8481178
175,67,GM4951,TEK,0.82961243
175,290,GM4951,TMEM14C,0.82961243
175,442,GM4951,HLF,0.82961243
175,498,GM4951,DENND2D,0.82953
175,53,GM4951,FCHO2,0.82685345
175,445,GM4951,IL1R1,0.82645017
175,302,GM4951,MEIS1,0.82635236
175,392,GM4951,PBX1,0.8262921
175,85,GM4951,MECOM,0.8093563
424,422,GM5111,RUNX2,0.9795156
424,518,GM5111,IL12A,0.9794573
424,550,GM5111,SPI1,0.9756468
424,116,GM5111,TOP2A,0.9744888
424,525,GM5111,CD44,0.97241795
424,233,GM5111,NOTCH1,0.97014475
424,145,GM5111,HMGB2,0.9692421
424,190,GM5111,TIPIN,0.96839195
424,527,GM5111,TUBB4B,0.9675252
424,216,GM5111,MCM7,0.9672501
424,506,GM5111,PRIM1,0.9660805
424,96,GM5111,SLBP,0.9635549
424,213,GM5111,MCM4,0.9625194
424,60,GM5111,CDT1,0.9607973
424,335,GM5111,HDAC7,0.9602129
424,320,GM5111,MYC,0.9600609
424,68,GM5111,MKI67,0.95707554
424,367,GM5111,IL7R,0.9552167
424,267,GM5111,SLC2A3,0.94994456
424,27,GM5111,HSD3B7,0.94344336
424,131,GM5111,CKS1B,0.9414487
424,324,GM5111,REL,0.93137544
424,530,GM5111,IKZF1,0.9259667
424,334,GM5111,CD74,0.9224093
424,118,GM5111,FOXO1,0.9221475
424,459,GM5111,IRF8,0.91241115
424,221,GM5111,ARPP21,0.9078995
424,46,GM5111,VDR,0.9026461
424,66,GM5111,CBFB,0.902184
424,69,GM5111,MAGED1,0.89826274
424,416,GM5111,GATA2,0.89369905
424,76,GM5111,ESR1,0.88950634
424,515,GM5111,NCF1,0.8819892
424,536,GM5111,MOGS,0.87684935
424,58,GM5111,RARB,0.8617976
424,277,GM5111,MEF2C,0.8603895
424,257,GM5111,UHRF1,0.85598487
424,281,GM5111,TGM2,0.8535019
424,380,GM5111,NPDC1,0.8535019
424,379,GM5111,BCL2,0.8481178
424,67,GM5111,TEK,0.82961243
424,290,GM5111,TMEM14C,0.82961243
424,442,GM5111,HLF,0.82961243
424,392,GM5111,PBX1,0.8265034
424,53,GM5111,FCHO2,0.82645017
424,445,GM5111,IL1R1,0.82645017
424,302,GM5111,MEIS1,0.82635236
424,498,GM5111,DENND2D,0.82061315
424,85,GM5111,MECOM,0.8093563
424,44,GM5111,NUDT19,0.80635184
301,527,GM973,TUBB4B,0.98045117
301,422,GM973,RUNX2,0.9794915
301,518,GM973,IL12A,0.9774064
301,550,GM973,SPI1,0.9756142
301,525,GM973,CD44,0.9723784
301,145,GM973,HMGB2,0.9706852
301,116,GM973,TOP2A,0.97054803
301,233,GM973,NOTCH1,0.97010773
301,190,GM973,TIPIN,0.9684349
301,216,GM973,MCM7,0.967254
301,506,GM973,PRIM1,0.9661406
301,320,GM973,MYC,0.9638727
301,213,GM973,MCM4,0.96258336
301,96,GM973,SLBP,0.96091145
301,60,GM973,CDT1,0.9608672
301,131,GM973,CKS1B,0.9608672
301,335,GM973,HDAC7,0.96012443
301,68,GM973,MKI67,0.95720655
301,367,GM973,IL7R,0.95511687
301,267,GM973,SLC2A3,0.9498674
301,324,GM973,REL,0.9314049
301,530,GM973,IKZF1,0.925746
301,27,GM973,HSD3B7,0.9253914
301,334,GM973,CD74,0.92218107
301,118,GM973,FOXO1,0.9219173
301,459,GM973,IRF8,0.9121497
301,66,GM973,CBFB,0.9082742
301,221,GM973,ARPP21,0.90761656
301,46,GM973,VDR,0.90235406
301,69,GM973,MAGED1,0.8979664
301,416,GM973,GATA2,0.8933763
301,76,GM973,ESR1,0.889169
301,515,GM973,NCF1,0.88163215
301,536,GM973,MOGS,0.8764755
301,379,GM973,BCL2,0.86062056
301,277,GM973,MEF2C,0.8599672
301,257,GM973,UHRF1,0.85604084
301,281,GM973,TGM2,0.8530539
301,380,GM973,NPDC1,0.8530539
301,252,GM973,HOXA9,0.8489759
301,290,GM973,TMEM14C,0.84658957
301,58,GM973,RARB,0.84550816
301,67,GM973,TEK,0.8290988
301,442,GM973,HLF,0.8290988
301,53,GM973,FCHO2,0.8262828
301,392,GM973,PBX1,0.8259794
301,445,GM973,IL1R1,0.8259261
301,302,GM973,MEIS1,0.8258386
301,498,GM973,DENND2D,0.8193831
301,85,GM973,MECOM,0.8088618
500,527,GMNN,TUBB4B,0.9804482
500,518,GMNN,IL12A,0.9794573
500,550,GMNN,SPI1,0.9756468
500,116,GMNN,TOP2A,0.9744888
500,525,GMNN,CD44,0.97241795
500,145,GMNN,HMGB2,0.9706331
500,233,GMNN,NOTCH1,0.97014475
500,190,GMNN,TIPIN,0.96839195
500,131,GMNN,CKS1B,0.96826553
500,216,GMNN,MCM7,0.9671949
500,506,GMNN,PRIM1,0.9660805
500,213,GMNN,MCM4,0.9659633
500,96,GMNN,SLBP,0.9635566
500,60,GMNN,CDT1,0.9607973
500,335,GMNN,HDAC7,0.9602129
500,320,GMNN,MYC,0.9599392
500,422,GMNN,RUNX2,0.9572998
500,68,GMNN,MKI67,0.95707554
500,267,GMNN,SLC2A3,0.94998187
500,367,GMNN,IL7R,0.94712365
500,324,GMNN,REL,0.9312972
500,530,GMNN,IKZF1,0.9254132
500,27,GMNN,HSD3B7,0.9224093
500,334,GMNN,CD74,0.9224093
500,118,GMNN,FOXO1,0.9221475
500,459,GMNN,IRF8,0.9124466
500,221,GMNN,ARPP21,0.9078995
500,66,GMNN,CBFB,0.90268505
500,46,GMNN,VDR,0.9026461
500,69,GMNN,MAGED1,0.89826274
500,416,GMNN,GATA2,0.89369905
500,76,GMNN,ESR1,0.890121
500,515,GMNN,NCF1,0.8819892
500,536,GMNN,MOGS,0.87684935
500,277,GMNN,MEF2C,0.8603895
500,257,GMNN,UHRF1,0.85598487
500,281,GMNN,TGM2,0.8535019
500,380,GMNN,NPDC1,0.8535019
500,252,GMNN,HOXA9,0.84943974
500,379,GMNN,BCL2,0.8481178
500,290,GMNN,TMEM14C,0.82961243
500,442,GMNN,HLF,0.82961243
500,67,GMNN,TEK,0.8295423
500,392,GMNN,PBX1,0.8265034
500,53,GMNN,FCHO2,0.82645017
500,445,GMNN,IL1R1,0.82645017
500,302,GMNN,MEIS1,0.82635236
500,498,GMNN,DENND2D,0.82061315
500,85,GMNN,MECOM,0.80958575
500,541,GMNN,PGR,0.8065439
50,233,GNG11,NOTCH1,0.9766551
50,367,GNG11,IL7R,0.9766133
50,335,GNG11,HDAC7,0.97460836
50,320,GNG11,MYC,0.9742231
50,118,GNG11,FOXO1,0.9742147
50,530,GNG11,IKZF1,0.97417575
50,267,GNG11,SLC2A3,0.973572
50,27,GNG11,HSD3B7,0.97343206
50,334,GNG11,CD74,0.97343206
50,422,GNG11,RUNX2,0.971491
50,221,GNG11,ARPP21,0.97106475
50,416,GNG11,GATA2,0.9693889
50,66,GNG11,CBFB,0.9680063
50,46,GNG11,VDR,0.967599
50,76,GNG11,ESR1,0.96737504
50,69,GNG11,MAGED1,0.96725744
50,550,GNG11,SPI1,0.9668055
50,518,GNG11,IL12A,0.9657371
50,515,GNG11,NCF1,0.9645171
50,536,GNG11,MOGS,0.96296626
50,527,GNG11,TUBB4B,0.96153706
50,277,GNG11,MEF2C,0.95748395
50,257,GNG11,UHRF1,0.9559435
50,379,GNG11,BCL2,0.95507437
50,281,GNG11,TGM2,0.95372504
50,525,GNG11,CD44,0.9523569
50,380,GNG11,NPDC1,0.95187575
50,53,GNG11,FCHO2,0.9487198
50,252,GNG11,HOXA9,0.94847375
50,290,GNG11,TMEM14C,0.94816595
50,67,GNG11,TEK,0.94811994
50,442,GNG11,HLF,0.94811994
50,392,GNG11,PBX1,0.94723094
50,445,GNG11,IL1R1,0.9472134
50,302,GNG11,MEIS1,0.94549155
50,498,GNG11,DENND2D,0.944401
50,85,GNG11,MECOM,0.9421077
50,44,GNG11,NUDT19,0.938744
50,398,GNG11,APOE,0.938744
50,541,GNG11,PGR,0.938744
50,237,GNG11,ELF1,0.93721557
50,116,GNG11,TOP2A,0.9349142
50,42,GNG11,DACH1,0.9178848
50,190,GNG11,TIPIN,0.888985
50,459,GNG11,IRF8,0.8852421
50,145,GNG11,HMGB2,0.8819929
50,284,GNG11,MAML3,0.88113743
50,155,GNG11,MYCN,0.8758142
50,506,GNG11,PRIM1,0.8608048
50,468,GNG11,VEGFC,0.8579679
201,527,GNG2,TUBB4B,0.9804482
201,422,GNG2,RUNX2,0.9795156
201,518,GNG2,IL12A,0.97946715
201,550,GNG2,SPI1,0.9756468
201,116,GNG2,TOP2A,0.97451675
201,525,GNG2,CD44,0.97095954
201,145,GNG2,HMGB2,0.9706331
201,233,GNG2,NOTCH1,0.97014475
201,190,GNG2,TIPIN,0.96839195
201,213,GNG2,MCM4,0.9674009
201,216,GNG2,MCM7,0.9671794
201,96,GNG2,SLBP,0.9635566
201,320,GNG2,MYC,0.96238226
201,506,GNG2,PRIM1,0.96188307
201,60,GNG2,CDT1,0.9607973
201,131,GNG2,CKS1B,0.9607973
201,335,GNG2,HDAC7,0.9602129
201,68,GNG2,MKI67,0.95707554
201,367,GNG2,IL7R,0.9552167
201,267,GNG2,SLC2A3,0.95003825
201,530,GNG2,IKZF1,0.9338483
201,334,GNG2,CD74,0.9224093
201,27,GNG2,HSD3B7,0.92192364
201,324,GNG2,REL,0.9145173
201,459,GNG2,IRF8,0.91241115
201,46,GNG2,VDR,0.9026461
201,66,GNG2,CBFB,0.9026461
201,58,GNG2,RARB,0.89947516
201,69,GNG2,MAGED1,0.89826274
201,416,GNG2,GATA2,0.89369905
201,76,GNG2,ESR1,0.88950634
201,515,GNG2,NCF1,0.8819892
201,536,GNG2,MOGS,0.8768202
201,221,GNG2,ARPP21,0.8649988
201,257,GNG2,UHRF1,0.85598487
201,281,GNG2,TGM2,0.8535019
201,380,GNG2,NPDC1,0.8535019
201,252,GNG2,HOXA9,0.84943974
201,379,GNG2,BCL2,0.8481178
201,67,GNG2,TEK,0.82961243
201,290,GNG2,TMEM14C,0.82961243
201,442,GNG2,HLF,0.82961243
201,392,GNG2,PBX1,0.8265034
201,53,GNG2,FCHO2,0.82645017
201,445,GNG2,IL1R1,0.82645017
201,302,GNG2,MEIS1,0.82635236
201,498,GNG2,DENND2D,0.82061315
201,85,GNG2,MECOM,0.8093563
201,44,GNG2,NUDT19,0.80635184
201,398,GNG2,APOE,0.80635184
491,527,GOLM1,TUBB4B,0.98020077
491,116,GOLM1,TOP2A,0.9770851
491,518,GOLM1,IL12A,0.97688717
491,422,GOLM1,RUNX2,0.97664195
491,145,GOLM1,HMGB2,0.9733147
491,190,GOLM1,TIPIN,0.9729908
491,550,GOLM1,SPI1,0.97197425
491,216,GOLM1,MCM7,0.97188944
491,506,GOLM1,PRIM1,0.9709346
491,96,GOLM1,SLBP,0.9687329
491,131,GOLM1,CKS1B,0.96638787
491,60,GOLM1,CDT1,0.96635526
491,68,GOLM1,MKI67,0.9639039
491,233,GOLM1,NOTCH1,0.9625787
491,213,GOLM1,MCM4,0.9503595
491,320,GOLM1,MYC,0.9473595
491,335,GOLM1,HDAC7,0.9453512
491,324,GOLM1,REL,0.94048184
491,367,GOLM1,IL7R,0.93824327
491,267,GOLM1,SLC2A3,0.93155676
491,525,GOLM1,CD44,0.90108484
491,221,GOLM1,ARPP21,0.8980379
491,530,GOLM1,IKZF1,0.89634866
491,334,GOLM1,CD74,0.8913433
491,27,GOLM1,HSD3B7,0.8912943
491,118,GOLM1,FOXO1,0.89109975
491,536,GOLM1,MOGS,0.8685585
491,66,GOLM1,CBFB,0.8647907
491,46,GOLM1,VDR,0.864641
491,69,GOLM1,MAGED1,0.8576947
491,416,GOLM1,GATA2,0.85208726
491,459,GOLM1,IRF8,0.84702724
491,76,GOLM1,ESR1,0.8461534
491,515,GOLM1,NCF1,0.8361264
491,58,GOLM1,RARB,0.81863856
491,277,GOLM1,MEF2C,0.8121485
491,281,GOLM1,TGM2,0.7987469
491,380,GOLM1,NPDC1,0.7987469
491,252,GOLM1,HOXA9,0.7961222
491,379,GOLM1,BCL2,0.7913709
491,290,GOLM1,TMEM14C,0.7719689
491,442,GOLM1,HLF,0.7719689
491,67,GOLM1,TEK,0.7719594
491,392,GOLM1,PBX1,0.7684057
491,445,GOLM1,IL1R1,0.7683477
491,53,GOLM1,FCHO2,0.7683476
491,302,GOLM1,MEIS1,0.7670603
491,42,GOLM1,DACH1,0.7651787
491,498,GOLM1,DENND2D,0.75962704
491,85,GOLM1,MECOM,0.74815375
305,367,GP9,IL7R,0.97751975
305,233,GP9,NOTCH1,0.9766551
305,320,GP9,MYC,0.9758744
305,335,GP9,HDAC7,0.9753837
305,118,GP9,FOXO1,0.9742147
305,530,GP9,IKZF1,0.97419137
305,267,GP9,SLC2A3,0.973572
305,334,GP9,CD74,0.97343206
305,27,GP9,HSD3B7,0.97228223
305,221,GP9,ARPP21,0.97106475
305,66,GP9,CBFB,0.96971154
305,518,GP9,IL12A,0.9680607
305,416,GP9,GATA2,0.96803826
305,46,GP9,VDR,0.9680063
305,76,GP9,ESR1,0.96737504
305,69,GP9,MAGED1,0.9672295
305,422,GP9,RUNX2,0.96621233
305,515,GP9,NCF1,0.9645171
305,536,GP9,MOGS,0.96296626
305,550,GP9,SPI1,0.96241
305,527,GP9,TUBB4B,0.96154183
305,379,GP9,BCL2,0.9590769
305,277,GP9,MEF2C,0.95748395
305,257,GP9,UHRF1,0.9559435
305,290,GP9,TMEM14C,0.95407486
305,281,GP9,TGM2,0.95372504
305,380,GP9,NPDC1,0.95372504
305,525,GP9,CD44,0.9523573
305,252,GP9,HOXA9,0.94847375
305,67,GP9,TEK,0.94811994
305,442,GP9,HLF,0.94811994
305,53,GP9,FCHO2,0.9473423
305,392,GP9,PBX1,0.94723094
305,445,GP9,IL1R1,0.9472117
305,302,GP9,MEIS1,0.94549155
305,498,GP9,DENND2D,0.9441495
305,85,GP9,MECOM,0.94210833
305,44,GP9,NUDT19,0.9392459
305,398,GP9,APOE,0.938744
305,541,GP9,PGR,0.938744
305,237,GP9,ELF1,0.93721557
305,42,GP9,DACH1,0.9178848
305,116,GP9,TOP2A,0.9172128
305,190,GP9,TIPIN,0.88898903
305,459,GP9,IRF8,0.8852421
305,145,GP9,HMGB2,0.8819929
305,284,GP9,MAML3,0.88113743
305,155,GP9,MYCN,0.8781424
305,506,GP9,PRIM1,0.8608048
305,468,GP9,VEGFC,0.8579679
545,527,GPR171,TUBB4B,0.9804482
545,422,GPR171,RUNX2,0.9795156
545,518,GPR171,IL12A,0.9794573
545,550,GPR171,SPI1,0.9756468
545,116,GPR171,TOP2A,0.9744888
545,506,GPR171,PRIM1,0.97311485
545,525,GPR171,CD44,0.97155815
545,145,GPR171,HMGB2,0.9706331
545,233,GPR171,NOTCH1,0.97014475
545,190,GPR171,TIPIN,0.96839046
545,216,GPR171,MCM7,0.96549934
545,96,GPR171,SLBP,0.9635566
545,213,GPR171,MCM4,0.9625164
545,335,GPR171,HDAC7,0.9602129
545,320,GPR171,MYC,0.9599392
545,131,GPR171,CKS1B,0.9587652
545,68,GPR171,MKI67,0.95707554
545,367,GPR171,IL7R,0.9552167
545,267,GPR171,SLC2A3,0.94998187
545,60,GPR171,CDT1,0.9443571
545,324,GPR171,REL,0.9312972
545,530,GPR171,IKZF1,0.9259667
545,27,GPR171,HSD3B7,0.9224093
545,334,GPR171,CD74,0.9224093
545,118,GPR171,FOXO1,0.9221475
545,459,GPR171,IRF8,0.91241115
545,46,GPR171,VDR,0.9026461
545,66,GPR171,CBFB,0.9026461
545,69,GPR171,MAGED1,0.89826274
545,221,GPR171,ARPP21,0.8930235
545,416,GPR171,GATA2,0.8923569
545,76,GPR171,ESR1,0.88950634
545,515,GPR171,NCF1,0.8819892
545,536,GPR171,MOGS,0.87684935
545,58,GPR171,RARB,0.8617976
545,277,GPR171,MEF2C,0.8603895
545,498,GPR171,DENND2D,0.8590346
545,392,GPR171,PBX1,0.85900974
545,257,GPR171,UHRF1,0.85598487
545,281,GPR171,TGM2,0.8535019
545,380,GPR171,NPDC1,0.8535019
545,252,GPR171,HOXA9,0.8489048
545,379,GPR171,BCL2,0.8481178
545,67,GPR171,TEK,0.82961243
545,290,GPR171,TMEM14C,0.82961243
545,442,GPR171,HLF,0.82961243
545,302,GPR171,MEIS1,0.8265075
545,445,GPR171,IL1R1,0.82623875
545,237,GPR171,ELF1,0.822649
545,53,GPR171,FCHO2,0.82216334
199,527,GPR18,TUBB4B,0.9804482
199,422,GPR18,RUNX2,0.9795156
199,518,GPR18,IL12A,0.97946715
199,550,GPR18,SPI1,0.9756468
199,116,GPR18,TOP2A,0.97451675
199,525,GPR18,CD44,0.97095954
199,145,GPR18,HMGB2,0.9706331
199,233,GPR18,NOTCH1,0.97014475
199,190,GPR18,TIPIN,0.96839195
199,213,GPR18,MCM4,0.9674009
199,216,GPR18,MCM7,0.9671794
199,96,GPR18,SLBP,0.9635566
199,320,GPR18,MYC,0.96238226
199,506,GPR18,PRIM1,0.96188307
199,60,GPR18,CDT1,0.9607973
199,131,GPR18,CKS1B,0.9607973
199,335,GPR18,HDAC7,0.9602129
199,68,GPR18,MKI67,0.95707554
199,367,GPR18,IL7R,0.9552167
199,267,GPR18,SLC2A3,0.95003825
199,530,GPR18,IKZF1,0.9338483
199,334,GPR18,CD74,0.9224093
199,27,GPR18,HSD3B7,0.92192364
199,324,GPR18,REL,0.9145173
199,459,GPR18,IRF8,0.91241115
199,46,GPR18,VDR,0.9026461
199,66,GPR18,CBFB,0.9026461
199,58,GPR18,RARB,0.89947516
199,69,GPR18,MAGED1,0.89826274
199,416,GPR18,GATA2,0.89369905
199,76,GPR18,ESR1,0.88950634
199,515,GPR18,NCF1,0.8819892
199,536,GPR18,MOGS,0.8768202
199,221,GPR18,ARPP21,0.8649988
199,257,GPR18,UHRF1,0.85598487
199,281,GPR18,TGM2,0.8535019
199,380,GPR18,NPDC1,0.8535019
199,252,GPR18,HOXA9,0.84943974
199,379,GPR18,BCL2,0.8481178
199,67,GPR18,TEK,0.82961243
199,290,GPR18,TMEM14C,0.82961243
199,442,GPR18,HLF,0.82961243
199,392,GPR18,PBX1,0.8265034
199,53,GPR18,FCHO2,0.82645017
199,445,GPR18,IL1R1,0.82645017
199,302,GPR18,MEIS1,0.82635236
199,498,GPR18,DENND2D,0.82061315
199,85,GPR18,MECOM,0.8093563
199,44,GPR18,NUDT19,0.80635184
199,398,GPR18,APOE,0.80635184
254,527,GPR65,TUBB4B,0.9804482
254,518,GPR65,IL12A,0.9794573
254,422,GPR65,RUNX2,0.9770981
254,550,GPR65,SPI1,0.9756468
254,116,GPR65,TOP2A,0.9752085
254,525,GPR65,CD44,0.97241795
254,145,GPR65,HMGB2,0.9706331
254,233,GPR65,NOTCH1,0.97014475
254,190,GPR65,TIPIN,0.96839195
254,216,GPR65,MCM7,0.9671949
254,506,GPR65,PRIM1,0.9660805
254,213,GPR65,MCM4,0.96517986
254,96,GPR65,SLBP,0.9635566
254,60,GPR65,CDT1,0.9607973
254,335,GPR65,HDAC7,0.9602129
254,320,GPR65,MYC,0.9599392
254,68,GPR65,MKI67,0.95707554
254,367,GPR65,IL7R,0.9552167
254,267,GPR65,SLC2A3,0.94998187
254,131,GPR65,CKS1B,0.9414487
254,324,GPR65,REL,0.9312972
254,530,GPR65,IKZF1,0.9259667
254,27,GPR65,HSD3B7,0.9224093
254,334,GPR65,CD74,0.9223726
254,118,GPR65,FOXO1,0.9221475
254,459,GPR65,IRF8,0.91241115
254,69,GPR65,MAGED1,0.90964353
254,221,GPR65,ARPP21,0.9078995
254,46,GPR65,VDR,0.9026461
254,66,GPR65,CBFB,0.9026461
254,498,GPR65,DENND2D,0.8999321
254,416,GPR65,GATA2,0.89369905
254,58,GPR65,RARB,0.8801098
254,536,GPR65,MOGS,0.87684935
254,277,GPR65,MEF2C,0.8603895
254,257,GPR65,UHRF1,0.85598487
254,76,GPR65,ESR1,0.85564035
254,281,GPR65,TGM2,0.8535019
254,380,GPR65,NPDC1,0.8535019
254,252,GPR65,HOXA9,0.84943974
254,379,GPR65,BCL2,0.8481178
254,541,GPR65,PGR,0.8399021
254,67,GPR65,TEK,0.82961243
254,290,GPR65,TMEM14C,0.8289425
254,392,GPR65,PBX1,0.8265034
254,53,GPR65,FCHO2,0.82645017
254,445,GPR65,IL1R1,0.82645017
254,302,GPR65,MEIS1,0.82635236
254,85,GPR65,MECOM,0.8093563
254,44,GPR65,NUDT19,0.80635184
202,527,GRAMD1A,TUBB4B,0.9804482
202,422,GRAMD1A,RUNX2,0.9795156
202,518,GRAMD1A,IL12A,0.97946715
202,550,GRAMD1A,SPI1,0.9756468
202,116,GRAMD1A,TOP2A,0.97451675
202,525,GRAMD1A,CD44,0.97095954
202,145,GRAMD1A,HMGB2,0.9706331
202,233,GRAMD1A,NOTCH1,0.97014475
202,190,GRAMD1A,TIPIN,0.96839195
202,213,GRAMD1A,MCM4,0.9674009
202,216,GRAMD1A,MCM7,0.9671794
202,96,GRAMD1A,SLBP,0.9635566
202,320,GRAMD1A,MYC,0.96238226
202,506,GRAMD1A,PRIM1,0.96188307
202,60,GRAMD1A,CDT1,0.9607973
202,131,GRAMD1A,CKS1B,0.9607973
202,335,GRAMD1A,HDAC7,0.9602129
202,68,GRAMD1A,MKI67,0.95707554
202,367,GRAMD1A,IL7R,0.9552167
202,267,GRAMD1A,SLC2A3,0.95003825
202,530,GRAMD1A,IKZF1,0.9338483
202,334,GRAMD1A,CD74,0.9224093
202,27,GRAMD1A,HSD3B7,0.92192364
202,324,GRAMD1A,REL,0.9145173
202,459,GRAMD1A,IRF8,0.91241115
202,46,GRAMD1A,VDR,0.9026461
202,66,GRAMD1A,CBFB,0.9026461
202,58,GRAMD1A,RARB,0.89947516
202,69,GRAMD1A,MAGED1,0.89826274
202,416,GRAMD1A,GATA2,0.89369905
202,76,GRAMD1A,ESR1,0.88950634
202,515,GRAMD1A,NCF1,0.8819892
202,536,GRAMD1A,MOGS,0.8768202
202,221,GRAMD1A,ARPP21,0.8649988
202,257,GRAMD1A,UHRF1,0.85598487
202,281,GRAMD1A,TGM2,0.8535019
202,380,GRAMD1A,NPDC1,0.8535019
202,252,GRAMD1A,HOXA9,0.84943974
202,379,GRAMD1A,BCL2,0.8481178
202,67,GRAMD1A,TEK,0.82961243
202,290,GRAMD1A,TMEM14C,0.82961243
202,442,GRAMD1A,HLF,0.82961243
202,392,GRAMD1A,PBX1,0.8265034
202,53,GRAMD1A,FCHO2,0.82645017
202,445,GRAMD1A,IL1R1,0.82645017
202,302,GRAMD1A,MEIS1,0.82635236
202,498,GRAMD1A,DENND2D,0.82061315
202,85,GRAMD1A,MECOM,0.8093563
202,44,GRAMD1A,NUDT19,0.80635184
202,398,GRAMD1A,APOE,0.80635184
159,527,GSN,TUBB4B,0.9804482
159,422,GSN,RUNX2,0.9795156
159,518,GSN,IL12A,0.9794573
159,550,GSN,SPI1,0.9756468
159,116,GSN,TOP2A,0.97470266
159,525,GSN,CD44,0.97241795
159,145,GSN,HMGB2,0.9706331
159,233,GSN,NOTCH1,0.97014475
159,190,GSN,TIPIN,0.96839195
159,335,GSN,HDAC7,0.96783954
159,216,GSN,MCM7,0.96719766
159,506,GSN,PRIM1,0.9660805
159,96,GSN,SLBP,0.9635566
159,213,GSN,MCM4,0.9625164
159,131,GSN,CKS1B,0.9607973
159,320,GSN,MYC,0.9599392
159,60,GSN,CDT1,0.95946586
159,68,GSN,MKI67,0.95707554
159,367,GSN,IL7R,0.9541503
159,267,GSN,SLC2A3,0.94998187
159,324,GSN,REL,0.9312972
159,530,GSN,IKZF1,0.9259667
159,118,GSN,FOXO1,0.9226252
159,334,GSN,CD74,0.9224093
159,27,GSN,HSD3B7,0.91284585
159,459,GSN,IRF8,0.91241115
159,221,GSN,ARPP21,0.9097492
159,46,GSN,VDR,0.9026461
159,66,GSN,CBFB,0.9026461
159,69,GSN,MAGED1,0.89826274
159,416,GSN,GATA2,0.89369905
159,76,GSN,ESR1,0.8897694
159,515,GSN,NCF1,0.8819892
159,536,GSN,MOGS,0.87684935
159,58,GSN,RARB,0.8617976
159,277,GSN,MEF2C,0.85994035
159,257,GSN,UHRF1,0.85598487
159,281,GSN,TGM2,0.8535019
159,380,GSN,NPDC1,0.8535019
159,442,GSN,HLF,0.8472764
159,252,GSN,HOXA9,0.8351381
159,290,GSN,TMEM14C,0.82961243
159,392,GSN,PBX1,0.8265772
159,445,GSN,IL1R1,0.82645017
159,302,GSN,MEIS1,0.82635236
159,498,GSN,DENND2D,0.82061315
159,85,GSN,MECOM,0.8093563
159,379,GSN,BCL2,0.808074
159,44,GSN,NUDT19,0.80643725
159,541,GSN,PGR,0.80635184
485,527,GSTM1,TUBB4B,0.9804482
485,422,GSTM1,RUNX2,0.97961557
485,518,GSTM1,IL12A,0.9794573
485,550,GSTM1,SPI1,0.9756468
485,116,GSTM1,TOP2A,0.9746919
485,525,GSTM1,CD44,0.97241795
485,145,GSTM1,HMGB2,0.9706331
485,233,GSTM1,NOTCH1,0.97014475
485,190,GSTM1,TIPIN,0.96839195
485,216,GSTM1,MCM7,0.9671949
485,506,GSTM1,PRIM1,0.9660805
485,96,GSTM1,SLBP,0.9635566
485,213,GSTM1,MCM4,0.9625164
485,60,GSTM1,CDT1,0.9607973
485,131,GSTM1,CKS1B,0.9607973
485,335,GSTM1,HDAC7,0.9602129
485,320,GSTM1,MYC,0.9599439
485,68,GSTM1,MKI67,0.95707554
485,367,GSTM1,IL7R,0.9552167
485,267,GSTM1,SLC2A3,0.94998187
485,324,GSTM1,REL,0.9312972
485,530,GSTM1,IKZF1,0.9259667
485,334,GSTM1,CD74,0.9224093
485,27,GSTM1,HSD3B7,0.9224004
485,118,GSTM1,FOXO1,0.9221475
485,221,GSTM1,ARPP21,0.9078995
485,66,GSTM1,CBFB,0.9026461
485,69,GSTM1,MAGED1,0.89826274
485,416,GSTM1,GATA2,0.89369905
485,515,GSTM1,NCF1,0.8819892
485,459,GSTM1,IRF8,0.8779983
485,536,GSTM1,MOGS,0.87684935
485,58,GSTM1,RARB,0.8617976
485,277,GSTM1,MEF2C,0.8603895
485,257,GSTM1,UHRF1,0.8561747
485,281,GSTM1,TGM2,0.8535019
485,380,GSTM1,NPDC1,0.8535019
485,252,GSTM1,HOXA9,0.84943974
485,379,GSTM1,BCL2,0.8481178
485,392,GSTM1,PBX1,0.83068484
485,46,GSTM1,VDR,0.8300274
485,290,GSTM1,TMEM14C,0.82961243
485,442,GSTM1,HLF,0.82961243
485,67,GSTM1,TEK,0.8296049
485,53,GSTM1,FCHO2,0.82645017
485,445,GSTM1,IL1R1,0.82645017
485,302,GSTM1,MEIS1,0.82635236
485,85,GSTM1,MECOM,0.8093563
485,44,GSTM1,NUDT19,0.80757624
485,398,GSTM1,APOE,0.80635184
417,422,GSTT1,RUNX2,0.9795156
417,518,GSTT1,IL12A,0.9794573
417,550,GSTT1,SPI1,0.9756468
417,116,GSTT1,TOP2A,0.9744888
417,525,GSTT1,CD44,0.97241795
417,145,GSTT1,HMGB2,0.9706331
417,233,GSTT1,NOTCH1,0.97014475
417,96,GSTT1,SLBP,0.9699875
417,190,GSTT1,TIPIN,0.96840537
417,527,GSTT1,TUBB4B,0.9675252
417,216,GSTT1,MCM7,0.9671949
417,506,GSTT1,PRIM1,0.9660805
417,213,GSTT1,MCM4,0.9625164
417,324,GSTT1,REL,0.9623658
417,60,GSTT1,CDT1,0.9607973
417,131,GSTT1,CKS1B,0.9607973
417,335,GSTT1,HDAC7,0.9602129
417,320,GSTT1,MYC,0.9599572
417,367,GSTT1,IL7R,0.9552167
417,267,GSTT1,SLC2A3,0.94998187
417,68,GSTT1,MKI67,0.9370852
417,530,GSTT1,IKZF1,0.9259667
417,27,GSTT1,HSD3B7,0.9224093
417,334,GSTT1,CD74,0.9224093
417,118,GSTT1,FOXO1,0.92215866
417,459,GSTT1,IRF8,0.91241115
417,221,GSTT1,ARPP21,0.9078995
417,46,GSTT1,VDR,0.9026461
417,69,GSTT1,MAGED1,0.89826274
417,416,GSTT1,GATA2,0.89369905
417,76,GSTT1,ESR1,0.88950634
417,515,GSTT1,NCF1,0.8819892
417,536,GSTT1,MOGS,0.87684935
417,277,GSTT1,MEF2C,0.8610484
417,257,GSTT1,UHRF1,0.85598487
417,281,GSTT1,TGM2,0.8535019
417,380,GSTT1,NPDC1,0.8535019
417,252,GSTT1,HOXA9,0.8505267
417,66,GSTT1,CBFB,0.8495298
417,379,GSTT1,BCL2,0.8481178
417,67,GSTT1,TEK,0.82961243
417,442,GSTT1,HLF,0.82961243
417,290,GSTT1,TMEM14C,0.82952213
417,392,GSTT1,PBX1,0.8265034
417,53,GSTT1,FCHO2,0.82645017
417,445,GSTT1,IL1R1,0.82645017
417,302,GSTT1,MEIS1,0.82635236
417,498,GSTT1,DENND2D,0.82061315
417,58,GSTT1,RARB,0.812356
417,85,GSTT1,MECOM,0.8093563
314,527,GUCY1A1,TUBB4B,0.9804482
314,422,GUCY1A1,RUNX2,0.9795156
314,518,GUCY1A1,IL12A,0.9794573
314,550,GUCY1A1,SPI1,0.97470325
314,116,GUCY1A1,TOP2A,0.9744888
314,525,GUCY1A1,CD44,0.97241795
314,233,GUCY1A1,NOTCH1,0.97014475
314,190,GUCY1A1,TIPIN,0.96839195
314,145,GUCY1A1,HMGB2,0.96760267
314,216,GUCY1A1,MCM7,0.9671949
314,506,GUCY1A1,PRIM1,0.9660805
314,213,GUCY1A1,MCM4,0.9625164
314,96,GUCY1A1,SLBP,0.9622729
314,60,GUCY1A1,CDT1,0.9607973
314,335,GUCY1A1,HDAC7,0.9602129
314,320,GUCY1A1,MYC,0.9599392
314,68,GUCY1A1,MKI67,0.95707554
314,367,GUCY1A1,IL7R,0.9552167
314,267,GUCY1A1,SLC2A3,0.94998187
314,131,GUCY1A1,CKS1B,0.9443304
314,324,GUCY1A1,REL,0.9312972
314,530,GUCY1A1,IKZF1,0.9259667
314,27,GUCY1A1,HSD3B7,0.9224093
314,334,GUCY1A1,CD74,0.9224093
314,118,GUCY1A1,FOXO1,0.9221475
314,459,GUCY1A1,IRF8,0.91241115
314,221,GUCY1A1,ARPP21,0.9078995
314,46,GUCY1A1,VDR,0.9026461
314,66,GUCY1A1,CBFB,0.9026461
314,69,GUCY1A1,MAGED1,0.89826274
314,416,GUCY1A1,GATA2,0.89369905
314,76,GUCY1A1,ESR1,0.88950634
314,515,GUCY1A1,NCF1,0.8819892
314,536,GUCY1A1,MOGS,0.87684935
314,58,GUCY1A1,RARB,0.8637833
314,277,GUCY1A1,MEF2C,0.8603895
314,257,GUCY1A1,UHRF1,0.85598487
314,281,GUCY1A1,TGM2,0.8535019
314,252,GUCY1A1,HOXA9,0.84943974
314,379,GUCY1A1,BCL2,0.8481178
314,67,GUCY1A1,TEK,0.82961243
314,290,GUCY1A1,TMEM14C,0.82961243
314,442,GUCY1A1,HLF,0.82961243
314,53,GUCY1A1,FCHO2,0.82645017
314,445,GUCY1A1,IL1R1,0.82645017
314,302,GUCY1A1,MEIS1,0.82635236
314,392,GUCY1A1,PBX1,0.8217228
314,498,GUCY1A1,DENND2D,0.82061315
314,85,GUCY1A1,MECOM,0.8093563
314,44,GUCY1A1,NUDT19,0.80635184
430,527,H1F0,TUBB4B,0.9804473
430,518,H1F0,IL12A,0.9794642
430,422,H1F0,RUNX2,0.9770522
430,550,H1F0,SPI1,0.9769884
430,116,H1F0,TOP2A,0.97448933
430,525,H1F0,CD44,0.97237486
430,145,H1F0,HMGB2,0.9706341
430,233,H1F0,NOTCH1,0.9701541
430,190,H1F0,TIPIN,0.96839285
430,216,H1F0,MCM7,0.9671939
430,324,H1F0,REL,0.96715844
430,506,H1F0,PRIM1,0.96608067
430,96,H1F0,SLBP,0.96358734
430,213,H1F0,MCM4,0.9625125
430,60,H1F0,CDT1,0.9607921
430,131,H1F0,CKS1B,0.9607921
430,320,H1F0,MYC,0.95994675
430,68,H1F0,MKI67,0.9591691
430,367,H1F0,IL7R,0.95521885
430,335,H1F0,HDAC7,0.9551361
430,267,H1F0,SLC2A3,0.94998145
430,530,H1F0,IKZF1,0.9259311
430,27,H1F0,HSD3B7,0.9223733
430,334,H1F0,CD74,0.9223733
430,118,H1F0,FOXO1,0.92210865
430,459,H1F0,IRF8,0.91234845
430,66,H1F0,CBFB,0.91143006
430,221,H1F0,ARPP21,0.9078363
430,46,H1F0,VDR,0.9025792
430,69,H1F0,MAGED1,0.8982121
430,416,H1F0,GATA2,0.8936262
430,76,H1F0,ESR1,0.88942826
430,515,H1F0,NCF1,0.8818336
430,536,H1F0,MOGS,0.8767602
430,58,H1F0,RARB,0.86165345
430,277,H1F0,MEF2C,0.8602783
430,252,H1F0,HOXA9,0.8574991
430,257,H1F0,UHRF1,0.8558625
430,281,H1F0,TGM2,0.8533737
430,379,H1F0,BCL2,0.8479962
430,67,H1F0,TEK,0.8294601
430,290,H1F0,TMEM14C,0.8294601
430,392,H1F0,PBX1,0.82634276
430,53,H1F0,FCHO2,0.8262895
430,302,H1F0,MEIS1,0.8261923
430,445,H1F0,IL1R1,0.8250201
430,498,H1F0,DENND2D,0.8204404
430,85,H1F0,MECOM,0.80920154
430,44,H1F0,NUDT19,0.8061805
430,398,H1F0,APOE,0.8061805
551,367,H2-DMA,IL7R,0.97918624
551,233,H2-DMA,NOTCH1,0.97879785
551,320,H2-DMA,MYC,0.97714454
551,335,H2-DMA,HDAC7,0.9771035
551,518,H2-DMA,IL12A,0.97521496
551,422,H2-DMA,RUNX2,0.97449106
551,530,H2-DMA,IKZF1,0.97405034
551,550,H2-DMA,SPI1,0.9736926
551,118,H2-DMA,FOXO1,0.97326463
551,334,H2-DMA,CD74,0.97300476
551,27,H2-DMA,HSD3B7,0.9729363
551,527,H2-DMA,TUBB4B,0.97125906
551,221,H2-DMA,ARPP21,0.9684702
551,46,H2-DMA,VDR,0.9668583
551,66,H2-DMA,CBFB,0.9668583
551,69,H2-DMA,MAGED1,0.9668324
551,416,H2-DMA,GATA2,0.9665186
551,76,H2-DMA,ESR1,0.9657815
551,525,H2-DMA,CD44,0.9652947
551,515,H2-DMA,NCF1,0.9631594
551,536,H2-DMA,MOGS,0.961628
551,379,H2-DMA,BCL2,0.95770884
551,277,H2-DMA,MEF2C,0.9559992
551,257,H2-DMA,UHRF1,0.9546251
551,116,H2-DMA,TOP2A,0.95352036
551,281,H2-DMA,TGM2,0.9534815
551,380,H2-DMA,NPDC1,0.9534815
551,445,H2-DMA,IL1R1,0.9503045
551,252,H2-DMA,HOXA9,0.9485618
551,67,H2-DMA,TEK,0.9472083
551,442,H2-DMA,HLF,0.9472083
551,290,H2-DMA,TMEM14C,0.94718593
551,267,H2-DMA,SLC2A3,0.94668907
551,392,H2-DMA,PBX1,0.94426453
551,302,H2-DMA,MEIS1,0.94282436
551,498,H2-DMA,DENND2D,0.94032717
551,541,H2-DMA,PGR,0.9372981
551,44,H2-DMA,NUDT19,0.9369702
551,398,H2-DMA,APOE,0.9369702
551,85,H2-DMA,MECOM,0.93670017
551,459,H2-DMA,IRF8,0.93390983
551,237,H2-DMA,ELF1,0.9285636
551,190,H2-DMA,TIPIN,0.9250387
551,145,H2-DMA,HMGB2,0.9224788
551,506,H2-DMA,PRIM1,0.9051538
551,42,H2-DMA,DACH1,0.90498495
551,96,H2-DMA,SLBP,0.9046168
551,216,H2-DMA,MCM7,0.8978893
551,155,H2-DMA,MYCN,0.8916802
551,58,H2-DMA,RARB,0.8770999
21,527,H2-OB,TUBB4B,0.9806091
21,518,H2-OB,IL12A,0.9787946
21,116,H2-OB,TOP2A,0.9786809
21,422,H2-OB,RUNX2,0.9775408
21,324,H2-OB,REL,0.9765793
21,145,H2-OB,HMGB2,0.97631466
21,190,H2-OB,TIPIN,0.97585446
21,550,H2-OB,SPI1,0.9756846
21,525,H2-OB,CD44,0.9750914
21,506,H2-OB,PRIM1,0.9741924
21,216,H2-OB,MCM7,0.9736823
21,233,H2-OB,NOTCH1,0.97101146
21,96,H2-OB,SLBP,0.97041255
21,213,H2-OB,MCM4,0.96948045
21,60,H2-OB,CDT1,0.9681378
21,131,H2-OB,CKS1B,0.9681378
21,68,H2-OB,MKI67,0.9657737
21,335,H2-OB,HDAC7,0.96461415
21,320,H2-OB,MYC,0.96254075
21,367,H2-OB,IL7R,0.9609412
21,267,H2-OB,SLC2A3,0.956099
21,530,H2-OB,IKZF1,0.93528754
21,334,H2-OB,CD74,0.9340158
21,27,H2-OB,HSD3B7,0.9333451
21,459,H2-OB,IRF8,0.9308223
21,221,H2-OB,ARPP21,0.92099506
21,46,H2-OB,VDR,0.9155339
21,66,H2-OB,CBFB,0.9155339
21,118,H2-OB,FOXO1,0.91551536
21,69,H2-OB,MAGED1,0.91285056
21,442,H2-OB,HLF,0.9116336
21,416,H2-OB,GATA2,0.9097057
21,76,H2-OB,ESR1,0.90765446
21,515,H2-OB,NCF1,0.8990746
21,536,H2-OB,MOGS,0.893272
21,58,H2-OB,RARB,0.88082063
21,277,H2-OB,MEF2C,0.87781876
21,380,H2-OB,NPDC1,0.87398696
21,281,H2-OB,TGM2,0.8732318
21,379,H2-OB,BCL2,0.8672171
21,252,H2-OB,HOXA9,0.86428386
21,53,H2-OB,FCHO2,0.8583279
21,257,H2-OB,UHRF1,0.8530933
21,67,H2-OB,TEK,0.8492378
21,290,H2-OB,TMEM14C,0.8492378
21,468,H2-OB,VEGFC,0.8477052
21,302,H2-OB,MEIS1,0.8443713
21,392,H2-OB,PBX1,0.8438953
21,445,H2-OB,IL1R1,0.84384227
21,498,H2-OB,DENND2D,0.83845204
272,527,H2-Q6,TUBB4B,0.98140347
272,422,H2-Q6,RUNX2,0.97951186
272,518,H2-Q6,IL12A,0.97945446
272,116,H2-Q6,TOP2A,0.9744855
272,550,H2-Q6,SPI1,0.9736555
272,525,H2-Q6,CD44,0.9724132
272,145,H2-Q6,HMGB2,0.9706334
272,233,H2-Q6,NOTCH1,0.9701396
272,216,H2-Q6,MCM7,0.9672501
272,190,H2-Q6,TIPIN,0.96692497
272,506,H2-Q6,PRIM1,0.9660808
272,96,H2-Q6,SLBP,0.96355647
272,213,H2-Q6,MCM4,0.96251625
272,60,H2-Q6,CDT1,0.9607973
272,131,H2-Q6,CKS1B,0.9607973
272,335,H2-Q6,HDAC7,0.9601842
272,320,H2-Q6,MYC,0.95994216
272,68,H2-Q6,MKI67,0.9570581
272,367,H2-Q6,IL7R,0.9559218
272,267,H2-Q6,SLC2A3,0.9499852
272,324,H2-Q6,REL,0.9312762
272,530,H2-Q6,IKZF1,0.9259863
272,27,H2-Q6,HSD3B7,0.9224289
272,334,H2-Q6,CD74,0.9224289
272,118,H2-Q6,FOXO1,0.9221805
272,459,H2-Q6,IRF8,0.9124466
272,221,H2-Q6,ARPP21,0.90791935
272,66,H2-Q6,CBFB,0.9027134
272,46,H2-Q6,VDR,0.90267456
272,69,H2-Q6,MAGED1,0.89828825
272,416,H2-Q6,GATA2,0.89372647
272,76,H2-Q6,ESR1,0.8895348
272,398,H2-Q6,APOE,0.88748676
272,515,H2-Q6,NCF1,0.8820195
272,536,H2-Q6,MOGS,0.8768807
272,58,H2-Q6,RARB,0.8618502
272,277,H2-Q6,MEF2C,0.86042863
272,252,H2-Q6,HOXA9,0.8576912
272,257,H2-Q6,UHRF1,0.85602105
272,281,H2-Q6,TGM2,0.85353893
272,380,H2-Q6,NPDC1,0.85353893
272,379,H2-Q6,BCL2,0.84815866
272,67,H2-Q6,TEK,0.83079785
272,442,H2-Q6,HLF,0.8296525
272,290,H2-Q6,TMEM14C,0.8296449
272,392,H2-Q6,PBX1,0.826544
272,445,H2-Q6,IL1R1,0.8264909
272,53,H2-Q6,FCHO2,0.8264908
272,302,H2-Q6,MEIS1,0.82639927
272,237,H2-Q6,ELF1,0.8226919
191,527,HAAO,TUBB4B,0.9804482
191,422,HAAO,RUNX2,0.9795156
191,518,HAAO,IL12A,0.9794573
191,550,HAAO,SPI1,0.9756468
191,116,HAAO,TOP2A,0.9744888
191,525,HAAO,CD44,0.97241795
191,145,HAAO,HMGB2,0.9706331
191,233,HAAO,NOTCH1,0.9704203
191,190,HAAO,TIPIN,0.96839195
191,216,HAAO,MCM7,0.9672028
191,506,HAAO,PRIM1,0.9660805
191,96,HAAO,SLBP,0.9635566
191,213,HAAO,MCM4,0.9625164
191,320,HAAO,MYC,0.96238226
191,60,HAAO,CDT1,0.9607973
191,131,HAAO,CKS1B,0.9607973
191,335,HAAO,HDAC7,0.9602129
191,68,HAAO,MKI67,0.95707554
191,367,HAAO,IL7R,0.9552167
191,267,HAAO,SLC2A3,0.94998187
191,324,HAAO,REL,0.9312972
191,530,HAAO,IKZF1,0.9259667
191,27,HAAO,HSD3B7,0.9224093
191,334,HAAO,CD74,0.9223726
191,118,HAAO,FOXO1,0.9221475
191,459,HAAO,IRF8,0.91241115
191,221,HAAO,ARPP21,0.90789133
191,66,HAAO,CBFB,0.9026461
191,46,HAAO,VDR,0.90241784
191,67,HAAO,TEK,0.89941174
191,69,HAAO,MAGED1,0.89826274
191,416,HAAO,GATA2,0.89369905
191,76,HAAO,ESR1,0.88950634
191,515,HAAO,NCF1,0.8892153
191,536,HAAO,MOGS,0.87684935
191,58,HAAO,RARB,0.8617976
191,277,HAAO,MEF2C,0.8603895
191,257,HAAO,UHRF1,0.85598487
191,281,HAAO,TGM2,0.8535019
191,380,HAAO,NPDC1,0.8535019
191,252,HAAO,HOXA9,0.84943974
191,379,HAAO,BCL2,0.848639
191,442,HAAO,HLF,0.82961243
191,290,HAAO,TMEM14C,0.8289425
191,392,HAAO,PBX1,0.8265034
191,53,HAAO,FCHO2,0.82645017
191,302,HAAO,MEIS1,0.82635236
191,445,HAAO,IL1R1,0.8258423
191,498,HAAO,DENND2D,0.82061315
191,85,HAAO,MECOM,0.8093563
130,422,HACD4,RUNX2,0.9795156
130,518,HACD4,IL12A,0.9794573
130,527,HACD4,TUBB4B,0.9790491
130,116,HACD4,TOP2A,0.97564894
130,550,HACD4,SPI1,0.9756468
130,525,HACD4,CD44,0.97241795
130,145,HACD4,HMGB2,0.9706331
130,190,HACD4,TIPIN,0.96839195
130,216,HACD4,MCM7,0.9671949
130,506,HACD4,PRIM1,0.9660805
130,233,HACD4,NOTCH1,0.9640741
130,96,HACD4,SLBP,0.9635566
130,213,HACD4,MCM4,0.96251667
130,335,HACD4,HDAC7,0.9624479
130,131,HACD4,CKS1B,0.9607973
130,320,HACD4,MYC,0.9599392
130,68,HACD4,MKI67,0.95707554
130,367,HACD4,IL7R,0.9552167
130,267,HACD4,SLC2A3,0.94998187
130,60,HACD4,CDT1,0.9443305
130,221,HACD4,ARPP21,0.94379866
130,324,HACD4,REL,0.93116575
130,530,HACD4,IKZF1,0.9259667
130,334,HACD4,CD74,0.92260367
130,27,HACD4,HSD3B7,0.9224093
130,118,HACD4,FOXO1,0.9221475
130,459,HACD4,IRF8,0.91241115
130,46,HACD4,VDR,0.9026461
130,67,HACD4,TEK,0.8989722
130,69,HACD4,MAGED1,0.8981725
130,416,HACD4,GATA2,0.89369905
130,66,HACD4,CBFB,0.8838176
130,515,HACD4,NCF1,0.8819892
130,536,HACD4,MOGS,0.87684935
130,257,HACD4,UHRF1,0.8728619
130,277,HACD4,MEF2C,0.87130165
130,58,HACD4,RARB,0.8617976
130,281,HACD4,TGM2,0.85372734
130,380,HACD4,NPDC1,0.8535019
130,252,HACD4,HOXA9,0.84943974
130,379,HACD4,BCL2,0.8481178
130,53,HACD4,FCHO2,0.8414141
130,442,HACD4,HLF,0.8298682
130,290,HACD4,TMEM14C,0.82961243
130,392,HACD4,PBX1,0.8265034
130,445,HACD4,IL1R1,0.82645017
130,302,HACD4,MEIS1,0.82635236
130,498,HACD4,DENND2D,0.8206618
130,85,HACD4,MECOM,0.8093563
130,44,HACD4,NUDT19,0.80635184
335,422,HDAC7,RUNX2,0.97991276
335,518,HDAC7,IL12A,0.9787361
335,527,HDAC7,TUBB4B,0.9785987
335,233,HDAC7,NOTCH1,0.9781108
335,550,HDAC7,SPI1,0.97658914
335,367,HDAC7,IL7R,0.97575957
335,525,HDAC7,CD44,0.97438884
335,116,HDAC7,TOP2A,0.97420484
335,320,HDAC7,MYC,0.9720544
335,27,HDAC7,HSD3B7,0.97040594
335,267,HDAC7,SLC2A3,0.96842724
335,118,HDAC7,FOXO1,0.96796006
335,190,HDAC7,TIPIN,0.9663671
335,145,HDAC7,HMGB2,0.96549594
335,506,HDAC7,PRIM1,0.9605317
335,530,HDAC7,IKZF1,0.960163
335,216,HDAC7,MCM7,0.95926267
335,334,HDAC7,CD74,0.9553115
335,96,HDAC7,SLBP,0.94387215
335,221,HDAC7,ARPP21,0.9429888
335,213,HDAC7,MCM4,0.9425597
335,46,HDAC7,VDR,0.9366481
335,66,HDAC7,CBFB,0.93660593
335,69,HDAC7,MAGED1,0.93510646
335,416,HDAC7,GATA2,0.93342984
335,60,HDAC7,CDT1,0.9311269
335,131,HDAC7,CKS1B,0.9311269
335,76,HDAC7,ESR1,0.9293463
335,536,HDAC7,MOGS,0.92045325
335,68,HDAC7,MKI67,0.9158857
335,277,HDAC7,MEF2C,0.90921336
335,257,HDAC7,UHRF1,0.89945483
335,459,HDAC7,IRF8,0.89792085
335,379,HDAC7,BCL2,0.891947
335,281,HDAC7,TGM2,0.88599354
335,380,HDAC7,NPDC1,0.88599354
335,252,HDAC7,HOXA9,0.87875724
335,67,HDAC7,TEK,0.86497366
335,290,HDAC7,TMEM14C,0.86497366
335,442,HDAC7,HLF,0.86497366
335,302,HDAC7,MEIS1,0.86137754
335,392,HDAC7,PBX1,0.860676
335,53,HDAC7,FCHO2,0.8606096
335,445,HDAC7,IL1R1,0.86039865
335,515,HDAC7,NCF1,0.85305
335,498,HDAC7,DENND2D,0.8505104
335,85,HDAC7,MECOM,0.84702194
335,44,HDAC7,NUDT19,0.8398122
335,398,HDAC7,APOE,0.8398122
335,541,HDAC7,PGR,0.8398122
433,527,HID1,TUBB4B,0.9804482
433,422,HID1,RUNX2,0.9795156
433,550,HID1,SPI1,0.9756468
433,96,HID1,SLBP,0.9729945
433,525,HID1,CD44,0.97241795
433,233,HID1,NOTCH1,0.97014475
433,116,HID1,TOP2A,0.9701108
433,216,HID1,MCM7,0.9671949
433,506,HID1,PRIM1,0.9660947
433,190,HID1,TIPIN,0.9648971
433,145,HID1,HMGB2,0.96308786
433,213,HID1,MCM4,0.9625164
433,131,HID1,CKS1B,0.96079224
433,60,HID1,CDT1,0.960767
433,518,HID1,IL12A,0.96072346
433,335,HID1,HDAC7,0.9602129
433,320,HID1,MYC,0.9599392
433,68,HID1,MKI67,0.9570761
433,367,HID1,IL7R,0.95523924
433,267,HID1,SLC2A3,0.949971
433,324,HID1,REL,0.9312972
433,530,HID1,IKZF1,0.9259667
433,53,HID1,FCHO2,0.9232858
433,27,HID1,HSD3B7,0.9224093
433,334,HID1,CD74,0.9224093
433,118,HID1,FOXO1,0.9209788
433,459,HID1,IRF8,0.91241115
433,221,HID1,ARPP21,0.9078995
433,46,HID1,VDR,0.9026461
433,66,HID1,CBFB,0.9026461
433,69,HID1,MAGED1,0.89826274
433,416,HID1,GATA2,0.89443135
433,76,HID1,ESR1,0.88950634
433,515,HID1,NCF1,0.8819892
433,58,HID1,RARB,0.86203754
433,257,HID1,UHRF1,0.85598487
433,281,HID1,TGM2,0.8535019
433,252,HID1,HOXA9,0.84943974
433,379,HID1,BCL2,0.8421053
433,67,HID1,TEK,0.82961243
433,290,HID1,TMEM14C,0.82961243
433,442,HID1,HLF,0.82961243
433,392,HID1,PBX1,0.8265034
433,445,HID1,IL1R1,0.8264584
433,302,HID1,MEIS1,0.82635236
433,498,HID1,DENND2D,0.82061315
433,44,HID1,NUDT19,0.8153746
433,85,HID1,MECOM,0.8093563
433,398,HID1,APOE,0.80635184
433,541,HID1,PGR,0.80635184
442,233,HLF,NOTCH1,0.9766311
442,422,HLF,RUNX2,0.97650456
442,367,HLF,IL7R,0.975752
442,550,HLF,SPI1,0.975588
442,518,HLF,IL12A,0.97536373
442,320,HLF,MYC,0.9741673
442,335,HLF,HDAC7,0.9740208
442,527,HLF,TUBB4B,0.97381306
442,525,HLF,CD44,0.9720847
442,530,HLF,IKZF1,0.96585953
442,118,HLF,FOXO1,0.9658225
442,27,HLF,HSD3B7,0.96547717
442,334,HLF,CD74,0.96547717
442,221,HLF,ARPP21,0.9606891
442,46,HLF,VDR,0.95837635
442,66,HLF,CBFB,0.95837635
442,116,HLF,TOP2A,0.95788074
442,69,HLF,MAGED1,0.95630074
442,416,HLF,GATA2,0.9555158
442,267,HLF,SLC2A3,0.95350087
442,76,HLF,ESR1,0.9532828
442,459,HLF,IRF8,0.94992197
442,515,HLF,NCF1,0.9491027
442,536,HLF,MOGS,0.948609
442,58,HLF,RARB,0.94804305
442,145,HLF,HMGB2,0.940568
442,190,HLF,TIPIN,0.94002223
442,257,HLF,UHRF1,0.9383146
442,277,HLF,MEF2C,0.93643445
442,281,HLF,TGM2,0.934775
442,380,HLF,NPDC1,0.934775
442,252,HLF,HOXA9,0.9301896
442,379,HLF,BCL2,0.92951673
442,506,HLF,PRIM1,0.9268342
442,216,HLF,MCM7,0.9219055
442,290,HLF,TMEM14C,0.91825545
442,302,HLF,MEIS1,0.915126
442,53,HLF,FCHO2,0.9147616
442,445,HLF,IL1R1,0.91473484
442,498,HLF,DENND2D,0.9120022
442,398,HLF,APOE,0.9060723
442,44,HLF,NUDT19,0.9048974
442,541,HLF,PGR,0.9048974
442,85,HLF,MECOM,0.9040037
442,67,HLF,TEK,0.8972409
442,392,HLF,PBX1,0.8947842
442,237,HLF,ELF1,0.8939641
442,60,HLF,CDT1,0.89382106
442,96,HLF,SLBP,0.89287674
442,213,HLF,MCM4,0.8892579
145,116,HMGB2,TOP2A,0.97798014
145,527,HMGB2,TUBB4B,0.97570103
145,422,HMGB2,RUNX2,0.9750304
145,506,HMGB2,PRIM1,0.97313416
145,190,HMGB2,TIPIN,0.97203416
145,518,HMGB2,IL12A,0.970518
145,60,HMGB2,CDT1,0.9694715
145,213,HMGB2,MCM4,0.96931356
145,131,HMGB2,CKS1B,0.9691307
145,96,HMGB2,SLBP,0.96845084
145,525,HMGB2,CD44,0.9684303
145,68,HMGB2,MKI67,0.96793145
145,216,HMGB2,MCM7,0.96473545
145,550,HMGB2,SPI1,0.9586401
145,233,HMGB2,NOTCH1,0.95623535
145,320,HMGB2,MYC,0.9353148
145,335,HMGB2,HDAC7,0.92993957
145,324,HMGB2,REL,0.92466366
145,367,HMGB2,IL7R,0.92401814
145,267,HMGB2,SLC2A3,0.91323006
145,76,HMGB2,ESR1,0.87165743
145,118,HMGB2,FOXO1,0.8593128
145,27,HMGB2,HSD3B7,0.8570917
145,334,HMGB2,CD74,0.8570917
145,530,HMGB2,IKZF1,0.8412717
145,221,HMGB2,ARPP21,0.8190438
145,46,HMGB2,VDR,0.81157035
145,69,HMGB2,MAGED1,0.8115064
145,66,HMGB2,CBFB,0.81112826
145,416,HMGB2,GATA2,0.8049428
145,515,HMGB2,NCF1,0.7803208
145,536,HMGB2,MOGS,0.7799855
145,459,HMGB2,IRF8,0.77232456
145,277,HMGB2,MEF2C,0.7376206
145,380,HMGB2,NPDC1,0.7363704
145,281,HMGB2,TGM2,0.73596734
145,379,HMGB2,BCL2,0.7311923
145,257,HMGB2,UHRF1,0.729833
145,252,HMGB2,HOXA9,0.72366875
145,67,HMGB2,TEK,0.6956184
145,442,HMGB2,HLF,0.6956184
145,392,HMGB2,PBX1,0.6925793
145,445,HMGB2,IL1R1,0.69249845
145,290,HMGB2,TMEM14C,0.6918189
145,498,HMGB2,DENND2D,0.68928486
145,302,HMGB2,MEIS1,0.68716073
145,44,HMGB2,NUDT19,0.6679398
145,398,HMGB2,APOE,0.6679398
145,541,HMGB2,PGR,0.6679398
145,85,HMGB2,MECOM,0.66747254
283,367,HNF4A,IL7R,0.98054415
283,233,HNF4A,NOTCH1,0.9793433
283,422,HNF4A,RUNX2,0.9783327
283,320,HNF4A,MYC,0.97768867
283,335,HNF4A,HDAC7,0.9775329
283,118,HNF4A,FOXO1,0.97675973
283,518,HNF4A,IL12A,0.9766673
283,530,HNF4A,IKZF1,0.9765927
283,267,HNF4A,SLC2A3,0.97625446
283,27,HNF4A,HSD3B7,0.9757672
283,334,HNF4A,CD74,0.9757672
283,550,HNF4A,SPI1,0.9752441
283,527,HNF4A,TUBB4B,0.9746832
283,46,HNF4A,VDR,0.97288924
283,66,HNF4A,CBFB,0.97288924
283,76,HNF4A,ESR1,0.97187865
283,221,HNF4A,ARPP21,0.9718774
283,416,HNF4A,GATA2,0.971178
283,69,HNF4A,MAGED1,0.9706528
283,525,HNF4A,CD44,0.9686358
283,515,HNF4A,NCF1,0.9679588
283,252,HNF4A,HOXA9,0.9656742
283,380,HNF4A,NPDC1,0.96426535
283,257,HNF4A,UHRF1,0.96393436
283,277,HNF4A,MEF2C,0.96289515
283,281,HNF4A,TGM2,0.96247625
283,379,HNF4A,BCL2,0.96056014
283,536,HNF4A,MOGS,0.95881116
283,116,HNF4A,TOP2A,0.9578181
283,302,HNF4A,MEIS1,0.9576057
283,442,HNF4A,HLF,0.9564411
283,67,HNF4A,TEK,0.956298
283,290,HNF4A,TMEM14C,0.956298
283,53,HNF4A,FCHO2,0.9537614
283,392,HNF4A,PBX1,0.9533599
283,445,HNF4A,IL1R1,0.9533404
283,498,HNF4A,DENND2D,0.9519748
283,85,HNF4A,MECOM,0.9502717
283,398,HNF4A,APOE,0.9465612
283,44,HNF4A,NUDT19,0.94603676
283,541,HNF4A,PGR,0.94603676
283,237,HNF4A,ELF1,0.941346
283,459,HNF4A,IRF8,0.93579346
283,190,HNF4A,TIPIN,0.93213093
283,145,HNF4A,HMGB2,0.9300946
283,42,HNF4A,DACH1,0.92126685
283,506,HNF4A,PRIM1,0.91682893
283,216,HNF4A,MCM7,0.90951425
283,284,HNF4A,MAML3,0.8882289
283,155,HNF4A,MYCN,0.882003
279,367,HNRNPAB,IL7R,0.97918624
279,233,HNRNPAB,NOTCH1,0.97868776
279,320,HNRNPAB,MYC,0.97714454
279,335,HNRNPAB,HDAC7,0.9771079
279,267,HNRNPAB,SLC2A3,0.9756152
279,518,HNRNPAB,IL12A,0.97521496
279,422,HNRNPAB,RUNX2,0.97449106
279,550,HNRNPAB,SPI1,0.9737083
279,530,HNRNPAB,IKZF1,0.97341824
279,118,HNRNPAB,FOXO1,0.9732949
279,27,HNRNPAB,HSD3B7,0.97300476
279,334,HNRNPAB,CD74,0.97300476
279,527,HNRNPAB,TUBB4B,0.97125906
279,221,HNRNPAB,ARPP21,0.9684702
279,525,HNRNPAB,CD44,0.9672936
279,46,HNRNPAB,VDR,0.9668583
279,66,HNRNPAB,CBFB,0.9668583
279,416,HNRNPAB,GATA2,0.9665186
279,69,HNRNPAB,MAGED1,0.96604586
279,76,HNRNPAB,ESR1,0.9657815
279,515,HNRNPAB,NCF1,0.9631594
279,252,HNRNPAB,HOXA9,0.957752
279,380,HNRNPAB,NPDC1,0.9560907
279,277,HNRNPAB,MEF2C,0.9559992
279,257,HNRNPAB,UHRF1,0.9546251
279,379,HNRNPAB,BCL2,0.95383424
279,116,HNRNPAB,TOP2A,0.95352036
279,281,HNRNPAB,TGM2,0.9534815
279,302,HNRNPAB,MEIS1,0.9516546
279,536,HNRNPAB,MOGS,0.950651
279,442,HNRNPAB,HLF,0.94734496
279,67,HNRNPAB,TEK,0.9472083
279,290,HNRNPAB,TMEM14C,0.9472083
279,53,HNRNPAB,FCHO2,0.9445634
279,392,HNRNPAB,PBX1,0.9439088
279,445,HNRNPAB,IL1R1,0.9438787
279,498,HNRNPAB,DENND2D,0.94032717
279,398,HNRNPAB,APOE,0.93753064
279,44,HNRNPAB,NUDT19,0.9369702
279,541,HNRNPAB,PGR,0.9369702
279,85,HNRNPAB,MECOM,0.93670017
279,459,HNRNPAB,IRF8,0.93390983
279,237,HNRNPAB,ELF1,0.9285636
279,190,HNRNPAB,TIPIN,0.924978
279,145,HNRNPAB,HMGB2,0.9224788
279,506,HNRNPAB,PRIM1,0.9051538
279,42,HNRNPAB,DACH1,0.90498495
279,216,HNRNPAB,MCM7,0.8978893
279,96,HNRNPAB,SLBP,0.8755206
279,284,HNRNPAB,MAML3,0.86794496
252,422,HOXA9,RUNX2,0.9738125
252,527,HOXA9,TUBB4B,0.97340345
252,233,HOXA9,NOTCH1,0.9725302
252,518,HOXA9,IL12A,0.97214997
252,550,HOXA9,SPI1,0.9720028
252,367,HOXA9,IL7R,0.9707912
252,525,HOXA9,CD44,0.9693564
252,320,HOXA9,MYC,0.9690035
252,335,HOXA9,HDAC7,0.9682408
252,116,HOXA9,TOP2A,0.96752965
252,267,HOXA9,SLC2A3,0.96624994
252,530,HOXA9,IKZF1,0.95636094
252,190,HOXA9,TIPIN,0.9529122
252,145,HOXA9,HMGB2,0.95118564
252,118,HOXA9,FOXO1,0.9486596
252,27,HOXA9,HSD3B7,0.9477233
252,334,HOXA9,CD74,0.9477065
252,506,HOXA9,PRIM1,0.9419508
252,69,HOXA9,MAGED1,0.93928355
252,216,HOXA9,MCM7,0.9364121
252,221,HOXA9,ARPP21,0.93439376
252,498,HOXA9,DENND2D,0.9332422
252,46,HOXA9,VDR,0.93088865
252,66,HOXA9,CBFB,0.93088865
252,416,HOXA9,GATA2,0.92485094
252,536,HOXA9,MOGS,0.9127537
252,213,HOXA9,MCM4,0.91268605
252,96,HOXA9,SLBP,0.90615034
252,277,HOXA9,MEF2C,0.88576806
252,541,HOXA9,PGR,0.8850325
252,257,HOXA9,UHRF1,0.88496155
252,60,HOXA9,CDT1,0.8807031
252,281,HOXA9,TGM2,0.8786779
252,380,HOXA9,NPDC1,0.8786779
252,379,HOXA9,BCL2,0.8783477
252,76,HOXA9,ESR1,0.8772278
252,459,HOXA9,IRF8,0.8635838
252,68,HOXA9,MKI67,0.8507792
252,67,HOXA9,TEK,0.8441454
252,290,HOXA9,TMEM14C,0.8431338
252,302,HOXA9,MEIS1,0.840921
252,392,HOXA9,PBX1,0.83904856
252,53,HOXA9,FCHO2,0.8389655
252,445,HOXA9,IL1R1,0.8389655
252,85,HOXA9,MECOM,0.8203018
252,58,HOXA9,RARB,0.81529325
252,44,HOXA9,NUDT19,0.81353354
252,398,HOXA9,APOE,0.81353354
252,131,HOXA9,CKS1B,0.80990845
252,515,HOXA9,NCF1,0.79140574
27,422,HSD3B7,RUNX2,0.98119855
27,233,HSD3B7,NOTCH1,0.98063135
27,518,HSD3B7,IL12A,0.9799606
27,527,HSD3B7,TUBB4B,0.979391
27,367,HSD3B7,IL7R,0.97894865
27,550,HSD3B7,SPI1,0.97836477
27,335,HSD3B7,HDAC7,0.97756106
27,525,HSD3B7,CD44,0.97688067
27,320,HSD3B7,MYC,0.9762779
27,267,HSD3B7,SLC2A3,0.9733002
27,530,HSD3B7,IKZF1,0.9705277
27,334,HSD3B7,CD74,0.96953595
27,118,HSD3B7,FOXO1,0.96883965
27,221,HSD3B7,ARPP21,0.9628774
27,190,HSD3B7,TIPIN,0.9604285
27,145,HSD3B7,HMGB2,0.9600875
27,46,HSD3B7,VDR,0.95802546
27,66,HSD3B7,CBFB,0.95802546
27,116,HSD3B7,TOP2A,0.9575062
27,69,HSD3B7,MAGED1,0.95560074
27,76,HSD3B7,ESR1,0.9536844
27,506,HSD3B7,PRIM1,0.95183325
27,216,HSD3B7,MCM7,0.95109636
27,131,HSD3B7,CKS1B,0.9506798
27,515,HSD3B7,NCF1,0.9477087
27,536,HSD3B7,MOGS,0.9425072
27,459,HSD3B7,IRF8,0.93631595
27,257,HSD3B7,UHRF1,0.9357708
27,252,HSD3B7,HOXA9,0.9332022
27,277,HSD3B7,MEF2C,0.93222916
27,96,HSD3B7,SLBP,0.93203306
27,213,HSD3B7,MCM4,0.9306376
27,379,HSD3B7,BCL2,0.9264375
27,281,HSD3B7,TGM2,0.924053
27,380,HSD3B7,NPDC1,0.924053
27,60,HSD3B7,CDT1,0.9164907
27,290,HSD3B7,TMEM14C,0.9078246
27,442,HSD3B7,HLF,0.9078246
27,67,HSD3B7,TEK,0.9078171
27,392,HSD3B7,PBX1,0.9044214
27,445,HSD3B7,IL1R1,0.9043734
27,53,HSD3B7,FCHO2,0.90437335
27,302,HSD3B7,MEIS1,0.9041724
27,68,HSD3B7,MKI67,0.8977964
27,498,HSD3B7,DENND2D,0.8969992
27,85,HSD3B7,MECOM,0.89333826
27,44,HSD3B7,NUDT19,0.88913035
27,398,HSD3B7,APOE,0.88913035
27,541,HSD3B7,PGR,0.88913035
27,416,HSD3B7,GATA2,0.88073903
78,422,ICA1,RUNX2,0.9798805
78,233,ICA1,NOTCH1,0.97961706
78,518,ICA1,IL12A,0.97860205
78,367,ICA1,IL7R,0.9784913
78,550,ICA1,SPI1,0.9782944
78,527,ICA1,TUBB4B,0.97787106
78,335,ICA1,HDAC7,0.97763854
78,320,ICA1,MYC,0.97736734
78,267,ICA1,SLC2A3,0.9757141
78,118,ICA1,FOXO1,0.97245556
78,525,ICA1,CD44,0.9724005
78,257,ICA1,UHRF1,0.97224957
78,27,ICA1,HSD3B7,0.9719999
78,334,ICA1,CD74,0.9719999
78,46,ICA1,VDR,0.96906585
78,221,ICA1,ARPP21,0.9676527
78,66,ICA1,CBFB,0.96696454
78,76,ICA1,ESR1,0.9660891
78,416,ICA1,GATA2,0.9655447
78,69,ICA1,MAGED1,0.9648886
78,116,ICA1,TOP2A,0.96423876
78,515,ICA1,NCF1,0.9613211
78,536,ICA1,MOGS,0.96125466
78,42,ICA1,DACH1,0.9582295
78,277,ICA1,MEF2C,0.94952714
78,380,ICA1,NPDC1,0.9476919
78,281,ICA1,TGM2,0.9466272
78,379,ICA1,BCL2,0.9458232
78,190,ICA1,TIPIN,0.94581485
78,145,ICA1,HMGB2,0.94511443
78,498,ICA1,DENND2D,0.9417036
78,392,ICA1,PBX1,0.9413137
78,44,ICA1,NUDT19,0.9374062
78,67,ICA1,TEK,0.9367123
78,290,ICA1,TMEM14C,0.9367123
78,442,ICA1,HLF,0.9367123
78,506,ICA1,PRIM1,0.9346981
78,216,ICA1,MCM7,0.9338331
78,53,ICA1,FCHO2,0.9325277
78,302,ICA1,MEIS1,0.93233097
78,252,ICA1,HOXA9,0.9278428
78,85,ICA1,MECOM,0.92472047
78,398,ICA1,APOE,0.92304325
78,530,ICA1,IKZF1,0.9153969
78,237,ICA1,ELF1,0.9098466
78,96,ICA1,SLBP,0.90401304
78,213,ICA1,MCM4,0.9031126
78,541,ICA1,PGR,0.8969135
78,459,ICA1,IRF8,0.89247394
78,60,ICA1,CDT1,0.87901664
330,527,IFI206,TUBB4B,0.9804482
330,422,IFI206,RUNX2,0.97950256
330,518,IFI206,IL12A,0.97795206
330,550,IFI206,SPI1,0.9756408
330,116,IFI206,TOP2A,0.9744888
330,525,IFI206,CD44,0.9723699
330,145,IFI206,HMGB2,0.97063553
330,233,IFI206,NOTCH1,0.97014475
330,190,IFI206,TIPIN,0.96839195
330,216,IFI206,MCM7,0.9671883
330,506,IFI206,PRIM1,0.9660947
330,96,IFI206,SLBP,0.9635566
330,213,IFI206,MCM4,0.9625164
330,60,IFI206,CDT1,0.9607973
330,131,IFI206,CKS1B,0.9607973
330,335,IFI206,HDAC7,0.9602129
330,320,IFI206,MYC,0.9599392
330,68,IFI206,MKI67,0.95707554
330,367,IFI206,IL7R,0.9552167
330,267,IFI206,SLC2A3,0.95024234
330,27,IFI206,HSD3B7,0.9446072
330,118,IFI206,FOXO1,0.93897337
330,324,IFI206,REL,0.9312972
330,530,IFI206,IKZF1,0.9259667
330,334,IFI206,CD74,0.9224093
330,459,IFI206,IRF8,0.91241115
330,221,IFI206,ARPP21,0.9078995
330,46,IFI206,VDR,0.9026461
330,66,IFI206,CBFB,0.902572
330,69,IFI206,MAGED1,0.89826274
330,416,IFI206,GATA2,0.8935323
330,76,IFI206,ESR1,0.8894898
330,536,IFI206,MOGS,0.87684935
330,277,IFI206,MEF2C,0.87301755
330,58,IFI206,RARB,0.8615498
330,257,IFI206,UHRF1,0.85598487
330,281,IFI206,TGM2,0.8535019
330,380,IFI206,NPDC1,0.8535019
330,252,IFI206,HOXA9,0.84943974
330,379,IFI206,BCL2,0.8481178
330,67,IFI206,TEK,0.82961243
330,290,IFI206,TMEM14C,0.82961243
330,442,IFI206,HLF,0.82961243
330,515,IFI206,NCF1,0.82944125
330,392,IFI206,PBX1,0.82645714
330,53,IFI206,FCHO2,0.82645017
330,302,IFI206,MEIS1,0.82635236
330,445,IFI206,IL1R1,0.82623875
330,498,IFI206,DENND2D,0.82061315
330,85,IFI206,MECOM,0.8093563
474,527,IFI209,TUBB4B,0.98020077
474,116,IFI209,TOP2A,0.9770926
474,518,IFI209,IL12A,0.9768844
474,422,IFI209,RUNX2,0.9752515
474,145,IFI209,HMGB2,0.9748199
474,190,IFI209,TIPIN,0.9729908
474,550,IFI209,SPI1,0.97197425
474,216,IFI209,MCM7,0.9718872
474,506,IFI209,PRIM1,0.9709346
474,213,IFI209,MCM4,0.9700814
474,96,IFI209,SLBP,0.9687329
474,60,IFI209,CDT1,0.96635526
474,131,IFI209,CKS1B,0.96635526
474,525,IFI209,CD44,0.96524364
474,68,IFI209,MKI67,0.9639039
474,233,IFI209,NOTCH1,0.9625542
474,320,IFI209,MYC,0.9449274
474,324,IFI209,REL,0.94048184
474,367,IFI209,IL7R,0.93824327
474,267,IFI209,SLC2A3,0.9315039
474,530,IFI209,IKZF1,0.89634866
474,27,IFI209,HSD3B7,0.8913433
474,118,IFI209,FOXO1,0.89109975
474,334,IFI209,CD74,0.89087075
474,459,IFI209,IRF8,0.8821864
474,221,IFI209,ARPP21,0.8820846
474,46,IFI209,VDR,0.864641
474,66,IFI209,CBFB,0.864641
474,69,IFI209,MAGED1,0.8576947
474,335,IFI209,HDAC7,0.85019696
474,76,IFI209,ESR1,0.8461534
474,536,IFI209,MOGS,0.82920194
474,58,IFI209,RARB,0.81863856
474,257,IFI209,UHRF1,0.80377936
474,281,IFI209,TGM2,0.7987469
474,380,IFI209,NPDC1,0.7987469
474,252,IFI209,HOXA9,0.7961222
474,379,IFI209,BCL2,0.79169285
474,53,IFI209,FCHO2,0.7836402
474,67,IFI209,TEK,0.7719689
474,290,IFI209,TMEM14C,0.7719689
474,442,IFI209,HLF,0.7719689
474,277,IFI209,MEF2C,0.7719246
474,392,IFI209,PBX1,0.7684057
474,445,IFI209,IL1R1,0.7683477
474,302,IFI209,MEIS1,0.7678046
474,498,IFI209,DENND2D,0.75962704
474,398,IFI209,APOE,0.7553196
474,85,IFI209,MECOM,0.74815375
474,44,IFI209,NUDT19,0.7451558
285,527,IFI213,TUBB4B,0.9804482
285,422,IFI213,RUNX2,0.9795156
285,518,IFI213,IL12A,0.9794573
285,550,IFI213,SPI1,0.9756468
285,116,IFI213,TOP2A,0.9744888
285,525,IFI213,CD44,0.97241795
285,145,IFI213,HMGB2,0.9706331
285,233,IFI213,NOTCH1,0.9701386
285,190,IFI213,TIPIN,0.96839195
285,216,IFI213,MCM7,0.9671949
285,506,IFI213,PRIM1,0.9660805
285,96,IFI213,SLBP,0.96462625
285,213,IFI213,MCM4,0.9625164
285,60,IFI213,CDT1,0.9607973
285,131,IFI213,CKS1B,0.9607973
285,68,IFI213,MKI67,0.96057385
285,335,IFI213,HDAC7,0.9601742
285,320,IFI213,MYC,0.9599392
285,367,IFI213,IL7R,0.9552167
285,267,IFI213,SLC2A3,0.94986004
285,324,IFI213,REL,0.9312972
285,530,IFI213,IKZF1,0.9259667
285,27,IFI213,HSD3B7,0.9224093
285,334,IFI213,CD74,0.9224093
285,118,IFI213,FOXO1,0.9221475
285,459,IFI213,IRF8,0.91241115
285,221,IFI213,ARPP21,0.9078995
285,46,IFI213,VDR,0.9026461
285,66,IFI213,CBFB,0.9026461
285,69,IFI213,MAGED1,0.89826274
285,416,IFI213,GATA2,0.89369905
285,252,IFI213,HOXA9,0.8903223
285,76,IFI213,ESR1,0.88950634
285,515,IFI213,NCF1,0.88162434
285,536,IFI213,MOGS,0.87684935
285,380,IFI213,NPDC1,0.866834
285,277,IFI213,MEF2C,0.8603895
285,257,IFI213,UHRF1,0.85598487
285,281,IFI213,TGM2,0.8535019
285,58,IFI213,RARB,0.85201585
285,379,IFI213,BCL2,0.8481178
285,302,IFI213,MEIS1,0.8415131
285,67,IFI213,TEK,0.82961243
285,290,IFI213,TMEM14C,0.82961243
285,442,IFI213,HLF,0.82961243
285,53,IFI213,FCHO2,0.82645017
285,445,IFI213,IL1R1,0.82645017
285,392,IFI213,PBX1,0.82523584
285,498,IFI213,DENND2D,0.8216505
285,85,IFI213,MECOM,0.8093563
413,527,IFI27,TUBB4B,0.9804403
413,422,IFI27,RUNX2,0.9795123
413,518,IFI27,IL12A,0.9794471
413,550,IFI27,SPI1,0.97562045
413,116,IFI27,TOP2A,0.97443205
413,525,IFI27,CD44,0.9724185
413,145,IFI27,HMGB2,0.9705748
413,233,IFI27,NOTCH1,0.9701657
413,96,IFI27,SLBP,0.9699342
413,190,IFI27,TIPIN,0.96834356
413,216,IFI27,MCM7,0.96712965
413,506,IFI27,PRIM1,0.9660137
413,213,IFI27,MCM4,0.96244335
413,324,IFI27,REL,0.9623904
413,60,IFI27,CDT1,0.9607204
413,131,IFI27,CKS1B,0.9607204
413,335,IFI27,HDAC7,0.96028215
413,320,IFI27,MYC,0.96002764
413,367,IFI27,IL7R,0.955296
413,267,IFI27,SLC2A3,0.9500759
413,68,IFI27,MKI67,0.93691874
413,530,IFI27,IKZF1,0.92613065
413,27,IFI27,HSD3B7,0.92257977
413,334,IFI27,CD74,0.92257977
413,118,IFI27,FOXO1,0.9223276
413,221,IFI27,ARPP21,0.9081154
413,46,IFI27,VDR,0.90285563
413,459,IFI27,IRF8,0.9005966
413,69,IFI27,MAGED1,0.89848816
413,76,IFI27,ESR1,0.889758
413,515,IFI27,NCF1,0.8822586
413,536,IFI27,MOGS,0.8726683
413,277,IFI27,MEF2C,0.86136454
413,257,IFI27,UHRF1,0.8563157
413,281,IFI27,TGM2,0.85383815
413,380,IFI27,NPDC1,0.85383815
413,252,IFI27,HOXA9,0.8508589
413,66,IFI27,CBFB,0.84986466
413,67,IFI27,TEK,0.83000463
413,442,IFI27,HLF,0.83000463
413,290,IFI27,TMEM14C,0.8299144
413,392,IFI27,PBX1,0.8281751
413,53,IFI27,FCHO2,0.8268511
413,302,IFI27,MEIS1,0.82672924
413,498,IFI27,DENND2D,0.82101977
413,58,IFI27,RARB,0.8127973
413,85,IFI27,MECOM,0.8097429
413,398,IFI27,APOE,0.8067524
413,541,IFI27,PGR,0.8067524
413,237,IFI27,ELF1,0.8000336
90,527,IFI27L2A,TUBB4B,0.98044705
90,422,IFI27L2A,RUNX2,0.9795155
90,518,IFI27L2A,IL12A,0.97944736
90,550,IFI27L2A,SPI1,0.9756468
90,116,IFI27L2A,TOP2A,0.9744824
90,525,IFI27L2A,CD44,0.97241795
90,145,IFI27L2A,HMGB2,0.9706734
90,233,IFI27L2A,NOTCH1,0.97014457
90,190,IFI27L2A,TIPIN,0.9684656
90,216,IFI27L2A,MCM7,0.96718496
90,506,IFI27L2A,PRIM1,0.96607035
90,213,IFI27L2A,MCM4,0.96448505
90,96,IFI27L2A,SLBP,0.9635455
90,60,IFI27L2A,CDT1,0.9607853
90,131,IFI27L2A,CKS1B,0.9607853
90,335,IFI27L2A,HDAC7,0.96021223
90,320,IFI27L2A,MYC,0.9599384
90,68,IFI27L2A,MKI67,0.9570647
90,367,IFI27L2A,IL7R,0.95521593
90,267,IFI27L2A,SLC2A3,0.94998115
90,324,IFI27L2A,REL,0.93562263
90,530,IFI27L2A,IKZF1,0.9259654
90,27,IFI27L2A,HSD3B7,0.9224084
90,334,IFI27L2A,CD74,0.9224084
90,118,IFI27L2A,FOXO1,0.9221462
90,459,IFI27L2A,IRF8,0.91240466
90,221,IFI27L2A,ARPP21,0.9078986
90,66,IFI27L2A,CBFB,0.90264434
90,69,IFI27L2A,MAGED1,0.8982618
90,416,IFI27L2A,GATA2,0.8936979
90,76,IFI27L2A,ESR1,0.88950515
90,46,IFI27L2A,VDR,0.883815
90,515,IFI27L2A,NCF1,0.88198787
90,536,IFI27L2A,MOGS,0.87684804
90,277,IFI27L2A,MEF2C,0.8693421
90,58,IFI27L2A,RARB,0.86178815
90,257,IFI27L2A,UHRF1,0.8559834
90,281,IFI27L2A,TGM2,0.85349995
90,380,IFI27L2A,NPDC1,0.85349995
90,252,IFI27L2A,HOXA9,0.849437
90,379,IFI27L2A,BCL2,0.8481163
90,67,IFI27L2A,TEK,0.82961106
90,290,IFI27L2A,TMEM14C,0.82961106
90,442,IFI27L2A,HLF,0.82961106
90,302,IFI27L2A,MEIS1,0.826608
90,392,IFI27L2A,PBX1,0.826502
90,445,IFI27L2A,IL1R1,0.8264489
90,498,IFI27L2A,DENND2D,0.8206109
90,398,IFI27L2A,APOE,0.80679643
90,44,IFI27L2A,NUDT19,0.8063491
462,527,IGFBP4,TUBB4B,0.9804482
462,422,IGFBP4,RUNX2,0.9795156
462,518,IGFBP4,IL12A,0.97898465
462,550,IGFBP4,SPI1,0.9756468
462,116,IGFBP4,TOP2A,0.9744888
462,525,IGFBP4,CD44,0.97240037
462,145,IGFBP4,HMGB2,0.9706331
462,506,IGFBP4,PRIM1,0.97011596
462,190,IGFBP4,TIPIN,0.96839195
462,216,IGFBP4,MCM7,0.9671949
462,233,IGFBP4,NOTCH1,0.9645556
462,96,IGFBP4,SLBP,0.9635566
462,213,IGFBP4,MCM4,0.9625164
462,131,IGFBP4,CKS1B,0.9607973
462,335,IGFBP4,HDAC7,0.9602129
462,320,IGFBP4,MYC,0.95994127
462,60,IGFBP4,CDT1,0.9587652
462,68,IGFBP4,MKI67,0.95707554
462,267,IGFBP4,SLC2A3,0.94998187
462,367,IGFBP4,IL7R,0.9470742
462,324,IGFBP4,REL,0.9313936
462,530,IGFBP4,IKZF1,0.9259667
462,118,IGFBP4,FOXO1,0.9226252
462,27,IGFBP4,HSD3B7,0.9224093
462,334,IGFBP4,CD74,0.9224093
462,459,IGFBP4,IRF8,0.91241115
462,221,IGFBP4,ARPP21,0.9078995
462,46,IGFBP4,VDR,0.9026461
462,66,IGFBP4,CBFB,0.9023082
462,69,IGFBP4,MAGED1,0.89826274
462,76,IGFBP4,ESR1,0.8956794
462,416,IGFBP4,GATA2,0.8941277
462,515,IGFBP4,NCF1,0.88200414
462,536,IGFBP4,MOGS,0.87684935
462,257,IGFBP4,UHRF1,0.8728619
462,58,IGFBP4,RARB,0.8617976
462,277,IGFBP4,MEF2C,0.85981333
462,281,IGFBP4,TGM2,0.8535019
462,380,IGFBP4,NPDC1,0.8535019
462,252,IGFBP4,HOXA9,0.84943974
462,379,IGFBP4,BCL2,0.8481178
462,498,IGFBP4,DENND2D,0.84103245
462,67,IGFBP4,TEK,0.830005
462,290,IGFBP4,TMEM14C,0.82974154
462,442,IGFBP4,HLF,0.82961243
462,392,IGFBP4,PBX1,0.8265034
462,53,IGFBP4,FCHO2,0.82645017
462,445,IGFBP4,IL1R1,0.82645017
462,302,IGFBP4,MEIS1,0.82635236
462,85,IGFBP4,MECOM,0.81041145
185,527,IGHM,TUBB4B,0.9804482
185,422,IGHM,RUNX2,0.9795156
185,518,IGHM,IL12A,0.9794573
185,550,IGHM,SPI1,0.9756468
185,116,IGHM,TOP2A,0.9744888
185,145,IGHM,HMGB2,0.9706331
185,190,IGHM,TIPIN,0.96839195
185,60,IGHM,CDT1,0.96826553
185,216,IGHM,MCM7,0.9671949
185,96,IGHM,SLBP,0.9661154
185,506,IGHM,PRIM1,0.9660805
185,525,IGHM,CD44,0.96401924
185,213,IGHM,MCM4,0.9623666
185,131,IGHM,CKS1B,0.9607809
185,335,IGHM,HDAC7,0.9602129
185,320,IGHM,MYC,0.9599392
185,68,IGHM,MKI67,0.95707554
185,367,IGHM,IL7R,0.9552167
185,267,IGHM,SLC2A3,0.9470839
185,324,IGHM,REL,0.9312972
185,530,IGHM,IKZF1,0.9259667
185,27,IGHM,HSD3B7,0.9224093
185,334,IGHM,CD74,0.9224093
185,118,IGHM,FOXO1,0.9221475
185,459,IGHM,IRF8,0.91241115
185,66,IGHM,CBFB,0.9085503
185,233,IGHM,NOTCH1,0.90727675
185,416,IGHM,GATA2,0.89369905
185,76,IGHM,ESR1,0.88950634
185,515,IGHM,NCF1,0.8877356
185,46,IGHM,VDR,0.8838635
185,536,IGHM,MOGS,0.87684935
185,445,IGHM,IL1R1,0.8715195
185,69,IGHM,MAGED1,0.8665095
185,221,IGHM,ARPP21,0.8649988
185,58,IGHM,RARB,0.8617976
185,277,IGHM,MEF2C,0.8603895
185,257,IGHM,UHRF1,0.85598487
185,281,IGHM,TGM2,0.8535019
185,380,IGHM,NPDC1,0.8535019
185,252,IGHM,HOXA9,0.84943974
185,379,IGHM,BCL2,0.8481178
185,442,IGHM,HLF,0.84705025
185,67,IGHM,TEK,0.82961243
185,290,IGHM,TMEM14C,0.82961243
185,53,IGHM,FCHO2,0.82645017
185,302,IGHM,MEIS1,0.82635236
185,498,IGHM,DENND2D,0.82061315
185,85,IGHM,MECOM,0.8093563
185,398,IGHM,APOE,0.8065768
437,527,IGHV1-74,TUBB4B,0.9804482
437,422,IGHV1-74,RUNX2,0.9795156
437,550,IGHV1-74,SPI1,0.9756468
437,96,IGHV1-74,SLBP,0.9729945
437,525,IGHV1-74,CD44,0.97241795
437,233,IGHV1-74,NOTCH1,0.97014475
437,116,IGHV1-74,TOP2A,0.9701108
437,216,IGHV1-74,MCM7,0.9671949
437,506,IGHV1-74,PRIM1,0.9660947
437,190,IGHV1-74,TIPIN,0.9648971
437,145,IGHV1-74,HMGB2,0.96308786
437,213,IGHV1-74,MCM4,0.9625164
437,131,IGHV1-74,CKS1B,0.96079224
437,60,IGHV1-74,CDT1,0.960767
437,518,IGHV1-74,IL12A,0.96072346
437,335,IGHV1-74,HDAC7,0.9602129
437,320,IGHV1-74,MYC,0.9599392
437,68,IGHV1-74,MKI67,0.9570761
437,367,IGHV1-74,IL7R,0.95523924
437,267,IGHV1-74,SLC2A3,0.949971
437,324,IGHV1-74,REL,0.9312972
437,530,IGHV1-74,IKZF1,0.9259667
437,53,IGHV1-74,FCHO2,0.9232858
437,27,IGHV1-74,HSD3B7,0.9224093
437,334,IGHV1-74,CD74,0.9224093
437,118,IGHV1-74,FOXO1,0.9209788
437,459,IGHV1-74,IRF8,0.91241115
437,221,IGHV1-74,ARPP21,0.9078995
437,46,IGHV1-74,VDR,0.9026461
437,66,IGHV1-74,CBFB,0.9026461
437,69,IGHV1-74,MAGED1,0.89826274
437,416,IGHV1-74,GATA2,0.89443135
437,76,IGHV1-74,ESR1,0.88950634
437,515,IGHV1-74,NCF1,0.8819892
437,58,IGHV1-74,RARB,0.86203754
437,257,IGHV1-74,UHRF1,0.85598487
437,281,IGHV1-74,TGM2,0.8535019
437,252,IGHV1-74,HOXA9,0.84943974
437,379,IGHV1-74,BCL2,0.8421053
437,67,IGHV1-74,TEK,0.82961243
437,290,IGHV1-74,TMEM14C,0.82961243
437,442,IGHV1-74,HLF,0.82961243
437,392,IGHV1-74,PBX1,0.8265034
437,445,IGHV1-74,IL1R1,0.8264584
437,302,IGHV1-74,MEIS1,0.82635236
437,498,IGHV1-74,DENND2D,0.82061315
437,44,IGHV1-74,NUDT19,0.8153746
437,85,IGHV1-74,MECOM,0.8093563
437,398,IGHV1-74,APOE,0.80635184
437,541,IGHV1-74,PGR,0.80635184
170,527,IGHV1-77,TUBB4B,0.9804482
170,422,IGHV1-77,RUNX2,0.9795156
170,550,IGHV1-77,SPI1,0.9757534
170,116,IGHV1-77,TOP2A,0.9744888
170,525,IGHV1-77,CD44,0.97241795
170,233,IGHV1-77,NOTCH1,0.97014475
170,145,IGHV1-77,HMGB2,0.9701034
170,190,IGHV1-77,TIPIN,0.96839046
170,216,IGHV1-77,MCM7,0.9671949
170,506,IGHV1-77,PRIM1,0.9660805
170,96,IGHV1-77,SLBP,0.9635566
170,213,IGHV1-77,MCM4,0.9625164
170,68,IGHV1-77,MKI67,0.96216327
170,60,IGHV1-77,CDT1,0.9607973
170,131,IGHV1-77,CKS1B,0.9607973
170,518,IGHV1-77,IL12A,0.96062654
170,335,IGHV1-77,HDAC7,0.9602129
170,320,IGHV1-77,MYC,0.9599392
170,367,IGHV1-77,IL7R,0.9552167
170,267,IGHV1-77,SLC2A3,0.94998187
170,324,IGHV1-77,REL,0.9312972
170,46,IGHV1-77,VDR,0.9280313
170,334,IGHV1-77,CD74,0.9224093
170,118,IGHV1-77,FOXO1,0.9221475
170,530,IGHV1-77,IKZF1,0.9208255
170,27,IGHV1-77,HSD3B7,0.92066664
170,459,IGHV1-77,IRF8,0.91241115
170,221,IGHV1-77,ARPP21,0.9078995
170,69,IGHV1-77,MAGED1,0.89826804
170,416,IGHV1-77,GATA2,0.89369905
170,76,IGHV1-77,ESR1,0.88950634
170,515,IGHV1-77,NCF1,0.8819892
170,536,IGHV1-77,MOGS,0.87684935
170,66,IGHV1-77,CBFB,0.86288595
170,58,IGHV1-77,RARB,0.8617976
170,277,IGHV1-77,MEF2C,0.8603895
170,257,IGHV1-77,UHRF1,0.8559402
170,281,IGHV1-77,TGM2,0.8535019
170,380,IGHV1-77,NPDC1,0.8535019
170,252,IGHV1-77,HOXA9,0.84943974
170,379,IGHV1-77,BCL2,0.8481178
170,67,IGHV1-77,TEK,0.82961243
170,290,IGHV1-77,TMEM14C,0.82961243
170,442,IGHV1-77,HLF,0.82961243
170,53,IGHV1-77,FCHO2,0.82685345
170,445,IGHV1-77,IL1R1,0.82645017
170,302,IGHV1-77,MEIS1,0.82635236
170,392,IGHV1-77,PBX1,0.8262921
170,498,IGHV1-77,DENND2D,0.82061315
170,85,IGHV1-77,MECOM,0.8093563
204,527,IGHV1-81,TUBB4B,0.9804482
204,422,IGHV1-81,RUNX2,0.9795156
204,518,IGHV1-81,IL12A,0.97946715
204,550,IGHV1-81,SPI1,0.9756468
204,116,IGHV1-81,TOP2A,0.97451675
204,525,IGHV1-81,CD44,0.97095954
204,145,IGHV1-81,HMGB2,0.9706331
204,233,IGHV1-81,NOTCH1,0.97014475
204,190,IGHV1-81,TIPIN,0.96839195
204,213,IGHV1-81,MCM4,0.9674009
204,216,IGHV1-81,MCM7,0.9671794
204,96,IGHV1-81,SLBP,0.9635566
204,320,IGHV1-81,MYC,0.96238226
204,506,IGHV1-81,PRIM1,0.96188307
204,60,IGHV1-81,CDT1,0.9607973
204,131,IGHV1-81,CKS1B,0.9607973
204,335,IGHV1-81,HDAC7,0.9602129
204,68,IGHV1-81,MKI67,0.95707554
204,367,IGHV1-81,IL7R,0.9552167
204,267,IGHV1-81,SLC2A3,0.95003825
204,530,IGHV1-81,IKZF1,0.9338483
204,334,IGHV1-81,CD74,0.9224093
204,27,IGHV1-81,HSD3B7,0.92192364
204,324,IGHV1-81,REL,0.9145173
204,459,IGHV1-81,IRF8,0.91241115
204,46,IGHV1-81,VDR,0.9026461
204,66,IGHV1-81,CBFB,0.9026461
204,58,IGHV1-81,RARB,0.89947516
204,69,IGHV1-81,MAGED1,0.89826274
204,416,IGHV1-81,GATA2,0.89369905
204,76,IGHV1-81,ESR1,0.88950634
204,515,IGHV1-81,NCF1,0.8819892
204,536,IGHV1-81,MOGS,0.8768202
204,221,IGHV1-81,ARPP21,0.8649988
204,257,IGHV1-81,UHRF1,0.85598487
204,281,IGHV1-81,TGM2,0.8535019
204,380,IGHV1-81,NPDC1,0.8535019
204,252,IGHV1-81,HOXA9,0.84943974
204,379,IGHV1-81,BCL2,0.8481178
204,67,IGHV1-81,TEK,0.82961243
204,290,IGHV1-81,TMEM14C,0.82961243
204,442,IGHV1-81,HLF,0.82961243
204,392,IGHV1-81,PBX1,0.8265034
204,53,IGHV1-81,FCHO2,0.82645017
204,445,IGHV1-81,IL1R1,0.82645017
204,302,IGHV1-81,MEIS1,0.82635236
204,498,IGHV1-81,DENND2D,0.82061315
204,85,IGHV1-81,MECOM,0.8093563
204,44,IGHV1-81,NUDT19,0.80635184
204,398,IGHV1-81,APOE,0.80635184
7,422,IGHV1-82,RUNX2,0.9795156
7,518,IGHV1-82,IL12A,0.9794573
7,550,IGHV1-82,SPI1,0.9756468
7,116,IGHV1-82,TOP2A,0.9740283
7,525,IGHV1-82,CD44,0.97241795
7,527,IGHV1-82,TUBB4B,0.9717226
7,145,IGHV1-82,HMGB2,0.9706331
7,233,IGHV1-82,NOTCH1,0.97014475
7,190,IGHV1-82,TIPIN,0.96839195
7,96,IGHV1-82,SLBP,0.96801245
7,216,IGHV1-82,MCM7,0.9671949
7,506,IGHV1-82,PRIM1,0.9660805
7,213,IGHV1-82,MCM4,0.9625164
7,131,IGHV1-82,CKS1B,0.9608029
7,60,IGHV1-82,CDT1,0.9607973
7,335,IGHV1-82,HDAC7,0.9602129
7,68,IGHV1-82,MKI67,0.95707554
7,320,IGHV1-82,MYC,0.9556055
7,367,IGHV1-82,IL7R,0.9552167
7,267,IGHV1-82,SLC2A3,0.9538539
7,530,IGHV1-82,IKZF1,0.9338483
7,324,IGHV1-82,REL,0.9312972
7,69,IGHV1-82,MAGED1,0.9240622
7,27,IGHV1-82,HSD3B7,0.9224093
7,334,IGHV1-82,CD74,0.9224093
7,118,IGHV1-82,FOXO1,0.9221475
7,459,IGHV1-82,IRF8,0.91241115
7,221,IGHV1-82,ARPP21,0.9078995
7,66,IGHV1-82,CBFB,0.9026461
7,46,IGHV1-82,VDR,0.90252227
7,416,IGHV1-82,GATA2,0.89369905
7,76,IGHV1-82,ESR1,0.88950634
7,515,IGHV1-82,NCF1,0.8819892
7,536,IGHV1-82,MOGS,0.87684935
7,42,IGHV1-82,DACH1,0.8725944
7,58,IGHV1-82,RARB,0.8617976
7,277,IGHV1-82,MEF2C,0.8603895
7,257,IGHV1-82,UHRF1,0.85598487
7,281,IGHV1-82,TGM2,0.8535019
7,380,IGHV1-82,NPDC1,0.8535019
7,252,IGHV1-82,HOXA9,0.8497742
7,379,IGHV1-82,BCL2,0.8481178
7,67,IGHV1-82,TEK,0.82961243
7,290,IGHV1-82,TMEM14C,0.82961243
7,442,IGHV1-82,HLF,0.82961243
7,392,IGHV1-82,PBX1,0.8265034
7,53,IGHV1-82,FCHO2,0.82645017
7,445,IGHV1-82,IL1R1,0.82641506
7,302,IGHV1-82,MEIS1,0.82635236
7,498,IGHV1-82,DENND2D,0.82061315
374,527,IGKC,TUBB4B,0.9804482
374,422,IGKC,RUNX2,0.9799105
374,518,IGKC,IL12A,0.9794573
374,550,IGKC,SPI1,0.9756468
374,116,IGKC,TOP2A,0.9744888
374,525,IGKC,CD44,0.97241795
374,145,IGKC,HMGB2,0.9706331
374,233,IGKC,NOTCH1,0.97014475
374,190,IGKC,TIPIN,0.96839195
374,216,IGKC,MCM7,0.9671949
374,506,IGKC,PRIM1,0.9636266
374,96,IGKC,SLBP,0.9635566
374,213,IGKC,MCM4,0.9625164
374,60,IGKC,CDT1,0.9607973
374,131,IGKC,CKS1B,0.9607973
374,335,IGKC,HDAC7,0.9602129
374,320,IGKC,MYC,0.9599392
374,68,IGKC,MKI67,0.95707554
374,367,IGKC,IL7R,0.9552167
374,267,IGKC,SLC2A3,0.94998187
374,324,IGKC,REL,0.93126315
374,530,IGKC,IKZF1,0.9259667
374,27,IGKC,HSD3B7,0.9224093
374,334,IGKC,CD74,0.9224093
374,118,IGKC,FOXO1,0.9221475
374,459,IGKC,IRF8,0.91234577
374,221,IGKC,ARPP21,0.9078995
374,46,IGKC,VDR,0.9026461
374,66,IGKC,CBFB,0.90252227
374,58,IGKC,RARB,0.89947516
374,69,IGKC,MAGED1,0.89826274
374,416,IGKC,GATA2,0.89369905
374,76,IGKC,ESR1,0.88950634
374,515,IGKC,NCF1,0.8819892
374,536,IGKC,MOGS,0.87684935
374,277,IGKC,MEF2C,0.86934394
374,257,IGKC,UHRF1,0.8559402
374,281,IGKC,TGM2,0.8535019
374,380,IGKC,NPDC1,0.8535019
374,252,IGKC,HOXA9,0.84943974
374,379,IGKC,BCL2,0.8481178
374,67,IGKC,TEK,0.82961243
374,290,IGKC,TMEM14C,0.82961243
374,442,IGKC,HLF,0.82961243
374,53,IGKC,FCHO2,0.82645017
374,445,IGKC,IL1R1,0.82645017
374,392,IGKC,PBX1,0.82523584
374,302,IGKC,MEIS1,0.8235377
374,498,IGKC,DENND2D,0.82061315
374,85,IGKC,MECOM,0.8093563
530,422,IKZF1,RUNX2,0.9774738
530,527,IKZF1,TUBB4B,0.97578615
530,116,IKZF1,TOP2A,0.9757127
530,518,IKZF1,IL12A,0.9740045
530,550,IKZF1,SPI1,0.97324026
530,233,IKZF1,NOTCH1,0.9705865
530,190,IKZF1,TIPIN,0.96960574
530,525,IKZF1,CD44,0.96933866
530,506,IKZF1,PRIM1,0.9686583
530,145,IKZF1,HMGB2,0.96708095
530,216,IKZF1,MCM7,0.96369153
530,320,IKZF1,MYC,0.96130764
530,96,IKZF1,SLBP,0.9584182
530,213,IKZF1,MCM4,0.9573123
530,367,IKZF1,IL7R,0.9549583
530,60,IKZF1,CDT1,0.9481401
530,131,IKZF1,CKS1B,0.9481401
530,267,IKZF1,SLC2A3,0.9478407
530,68,IKZF1,MKI67,0.9369145
530,118,IKZF1,FOXO1,0.92312413
530,334,IKZF1,CD74,0.9206143
530,27,IKZF1,HSD3B7,0.92034787
530,335,IKZF1,HDAC7,0.9159271
530,416,IKZF1,GATA2,0.888935
530,69,IKZF1,MAGED1,0.88688135
530,46,IKZF1,VDR,0.88627714
530,66,IKZF1,CBFB,0.88627714
530,221,IKZF1,ARPP21,0.8850479
530,76,IKZF1,ESR1,0.87336427
530,536,IKZF1,MOGS,0.8576295
530,515,IKZF1,NCF1,0.8569738
530,459,IKZF1,IRF8,0.84407717
530,324,IKZF1,REL,0.8294442
530,277,IKZF1,MEF2C,0.8193733
530,379,IKZF1,BCL2,0.81064874
530,281,IKZF1,TGM2,0.80480516
530,252,IKZF1,HOXA9,0.80411774
530,67,IKZF1,TEK,0.7727927
530,442,IKZF1,HLF,0.7727927
530,53,IKZF1,FCHO2,0.76667947
530,498,IKZF1,DENND2D,0.7546335
530,85,IKZF1,MECOM,0.7448782
530,398,IKZF1,APOE,0.7386337
530,44,IKZF1,NUDT19,0.73805124
530,541,IKZF1,PGR,0.73805124
530,302,IKZF1,MEIS1,0.7316321
530,237,IKZF1,ELF1,0.7130362
530,257,IKZF1,UHRF1,0.6987123
530,42,IKZF1,DACH1,0.6649954
530,380,IKZF1,NPDC1,0.60989213
529,527,IL10RA,TUBB4B,0.9804482
529,422,IL10RA,RUNX2,0.9795156
529,518,IL10RA,IL12A,0.9794573
529,550,IL10RA,SPI1,0.9756468
529,116,IL10RA,TOP2A,0.97448957
529,525,IL10RA,CD44,0.97241795
529,145,IL10RA,HMGB2,0.9706331
529,233,IL10RA,NOTCH1,0.97014475
529,190,IL10RA,TIPIN,0.96839195
529,216,IL10RA,MCM7,0.9671949
529,506,IL10RA,PRIM1,0.9660742
529,213,IL10RA,MCM4,0.9625164
529,60,IL10RA,CDT1,0.9607973
529,131,IL10RA,CKS1B,0.9607973
529,96,IL10RA,SLBP,0.96075046
529,320,IL10RA,MYC,0.9599392
529,68,IL10RA,MKI67,0.95707554
529,367,IL10RA,IL7R,0.9552167
529,267,IL10RA,SLC2A3,0.94998187
529,335,IL10RA,HDAC7,0.9325584
529,324,IL10RA,REL,0.93116575
529,530,IL10RA,IKZF1,0.9259667
529,118,IL10RA,FOXO1,0.9236665
529,334,IL10RA,CD74,0.9224541
529,27,IL10RA,HSD3B7,0.92240447
529,459,IL10RA,IRF8,0.91893274
529,221,IL10RA,ARPP21,0.9078995
529,46,IL10RA,VDR,0.9026461
529,66,IL10RA,CBFB,0.9026461
529,416,IL10RA,GATA2,0.9013178
529,69,IL10RA,MAGED1,0.89826274
529,76,IL10RA,ESR1,0.88950634
529,515,IL10RA,NCF1,0.8819892
529,536,IL10RA,MOGS,0.87684935
529,277,IL10RA,MEF2C,0.8603895
529,281,IL10RA,TGM2,0.8535019
529,252,IL10RA,HOXA9,0.84943974
529,379,IL10RA,BCL2,0.8481178
529,58,IL10RA,RARB,0.8426409
529,67,IL10RA,TEK,0.82961243
529,442,IL10RA,HLF,0.82961243
529,53,IL10RA,FCHO2,0.82645017
529,498,IL10RA,DENND2D,0.82061315
529,85,IL10RA,MECOM,0.8093563
529,398,IL10RA,APOE,0.80663717
529,44,IL10RA,NUDT19,0.80635184
529,541,IL10RA,PGR,0.80635184
529,302,IL10RA,MEIS1,0.8039846
529,237,IL10RA,ELF1,0.79962116
529,257,IL10RA,UHRF1,0.7927797
518,422,IL12A,RUNX2,0.98095566
518,527,IL12A,TUBB4B,0.98007697
518,550,IL12A,SPI1,0.97804856
518,233,IL12A,NOTCH1,0.97777766
518,116,IL12A,TOP2A,0.9769299
518,525,IL12A,CD44,0.9746582
518,335,IL12A,HDAC7,0.973435
518,367,IL12A,IL7R,0.9721043
518,190,IL12A,TIPIN,0.96969336
518,145,IL12A,HMGB2,0.9688455
518,506,IL12A,PRIM1,0.9675985
518,267,IL12A,SLC2A3,0.9663635
518,216,IL12A,MCM7,0.9643378
518,96,IL12A,SLBP,0.9563727
518,213,IL12A,MCM4,0.95550114
518,530,IL12A,IKZF1,0.9517025
518,60,IL12A,CDT1,0.9470714
518,131,IL12A,CKS1B,0.9470714
518,27,IL12A,HSD3B7,0.9470082
518,334,IL12A,CD74,0.9470082
518,118,IL12A,FOXO1,0.94628227
518,68,IL12A,MKI67,0.9359321
518,320,IL12A,MYC,0.9294917
518,221,IL12A,ARPP21,0.929456
518,46,IL12A,VDR,0.92498946
518,66,IL12A,CBFB,0.92498946
518,416,IL12A,GATA2,0.91976285
518,536,IL12A,MOGS,0.90431297
518,277,IL12A,MEF2C,0.8978584
518,459,IL12A,IRF8,0.88865453
518,76,IL12A,ESR1,0.8859708
518,257,IL12A,UHRF1,0.8832702
518,379,IL12A,BCL2,0.8743148
518,281,IL12A,TGM2,0.8672965
518,380,IL12A,NPDC1,0.866774
518,252,IL12A,HOXA9,0.8610398
518,324,IL12A,REL,0.856703
518,290,IL12A,TMEM14C,0.8450717
518,442,IL12A,HLF,0.8450717
518,67,IL12A,TEK,0.84296995
518,302,IL12A,MEIS1,0.84176475
518,445,IL12A,IL1R1,0.84091485
518,53,IL12A,FCHO2,0.8409147
518,498,IL12A,DENND2D,0.83107257
518,85,IL12A,MECOM,0.8265582
518,44,IL12A,NUDT19,0.81958604
518,398,IL12A,APOE,0.81958604
518,541,IL12A,PGR,0.81958604
518,237,IL12A,ELF1,0.8036123
518,69,IL12A,MAGED1,0.79486614
308,422,IL17RA,RUNX2,0.9751526
308,527,IL17RA,TUBB4B,0.974619
308,518,IL17RA,IL12A,0.9735589
308,550,IL17RA,SPI1,0.9692114
308,233,IL17RA,NOTCH1,0.96817625
308,525,IL17RA,CD44,0.9667176
308,116,IL17RA,TOP2A,0.96184486
308,335,IL17RA,HDAC7,0.9561039
308,320,IL17RA,MYC,0.95587337
308,190,IL17RA,TIPIN,0.9538732
308,145,IL17RA,HMGB2,0.95245355
308,216,IL17RA,MCM7,0.951135
308,367,IL17RA,IL7R,0.9509192
308,506,IL17RA,PRIM1,0.95011157
308,267,IL17RA,SLC2A3,0.9455872
308,96,IL17RA,SLBP,0.94054323
308,213,IL17RA,MCM4,0.9394786
308,60,IL17RA,CDT1,0.9327924
308,530,IL17RA,IKZF1,0.9243185
308,68,IL17RA,MKI67,0.92365706
308,27,IL17RA,HSD3B7,0.9187101
308,334,IL17RA,CD74,0.9187101
308,118,IL17RA,FOXO1,0.9173466
308,459,IL17RA,IRF8,0.9077748
308,221,IL17RA,ARPP21,0.9016686
308,46,IL17RA,VDR,0.89987427
308,66,IL17RA,CBFB,0.89987427
308,69,IL17RA,MAGED1,0.8922192
308,131,IL17RA,CKS1B,0.8887215
308,416,IL17RA,GATA2,0.8875243
308,76,IL17RA,ESR1,0.8824106
308,515,IL17RA,NCF1,0.8755547
308,324,IL17RA,REL,0.873365
308,536,IL17RA,MOGS,0.87329435
308,277,IL17RA,MEF2C,0.8543526
308,58,IL17RA,RARB,0.8527495
308,257,IL17RA,UHRF1,0.8509789
308,252,IL17RA,HOXA9,0.84594387
308,281,IL17RA,TGM2,0.8431878
308,379,IL17RA,BCL2,0.84016687
308,67,IL17RA,TEK,0.8208747
308,290,IL17RA,TMEM14C,0.8208747
308,442,IL17RA,HLF,0.8208747
308,302,IL17RA,MEIS1,0.820145
308,53,IL17RA,FCHO2,0.817494
308,445,IL17RA,IL1R1,0.817494
308,392,IL17RA,PBX1,0.8134623
308,498,IL17RA,DENND2D,0.812811
308,44,IL17RA,NUDT19,0.8055433
308,398,IL17RA,APOE,0.8055433
543,527,IL17RE,TUBB4B,0.9804482
543,422,IL17RE,RUNX2,0.9795156
543,518,IL17RE,IL12A,0.9794573
543,550,IL17RE,SPI1,0.9756468
543,116,IL17RE,TOP2A,0.9744888
543,506,IL17RE,PRIM1,0.97311485
543,525,IL17RE,CD44,0.97155815
543,145,IL17RE,HMGB2,0.9706331
543,233,IL17RE,NOTCH1,0.97014475
543,190,IL17RE,TIPIN,0.96839046
543,216,IL17RE,MCM7,0.96549934
543,96,IL17RE,SLBP,0.9635566
543,213,IL17RE,MCM4,0.9625164
543,335,IL17RE,HDAC7,0.9602129
543,320,IL17RE,MYC,0.9599392
543,131,IL17RE,CKS1B,0.9587652
543,68,IL17RE,MKI67,0.95707554
543,367,IL17RE,IL7R,0.9552167
543,267,IL17RE,SLC2A3,0.94998187
543,60,IL17RE,CDT1,0.9443571
543,324,IL17RE,REL,0.9312972
543,530,IL17RE,IKZF1,0.9259667
543,27,IL17RE,HSD3B7,0.9224093
543,334,IL17RE,CD74,0.9224093
543,118,IL17RE,FOXO1,0.9221475
543,459,IL17RE,IRF8,0.91241115
543,46,IL17RE,VDR,0.9026461
543,66,IL17RE,CBFB,0.9026461
543,69,IL17RE,MAGED1,0.89826274
543,221,IL17RE,ARPP21,0.8930235
543,416,IL17RE,GATA2,0.8923569
543,76,IL17RE,ESR1,0.88950634
543,515,IL17RE,NCF1,0.8819892
543,536,IL17RE,MOGS,0.87684935
543,58,IL17RE,RARB,0.8617976
543,277,IL17RE,MEF2C,0.8603895
543,498,IL17RE,DENND2D,0.8590346
543,392,IL17RE,PBX1,0.85900974
543,257,IL17RE,UHRF1,0.85598487
543,281,IL17RE,TGM2,0.8535019
543,380,IL17RE,NPDC1,0.8535019
543,252,IL17RE,HOXA9,0.8489048
543,379,IL17RE,BCL2,0.8481178
543,67,IL17RE,TEK,0.82961243
543,290,IL17RE,TMEM14C,0.82961243
543,442,IL17RE,HLF,0.82961243
543,302,IL17RE,MEIS1,0.8265075
543,445,IL17RE,IL1R1,0.82623875
543,237,IL17RE,ELF1,0.822649
543,53,IL17RE,FCHO2,0.82216334
65,527,IL18BP,TUBB4B,0.9804555
65,422,IL18BP,RUNX2,0.97949666
65,518,IL18BP,IL12A,0.97945446
65,550,IL18BP,SPI1,0.9756478
65,116,IL18BP,TOP2A,0.97451967
65,233,IL18BP,NOTCH1,0.9725177
65,525,IL18BP,CD44,0.9723852
65,145,IL18BP,HMGB2,0.97068304
65,506,IL18BP,PRIM1,0.9699472
65,190,IL18BP,TIPIN,0.96844596
65,216,IL18BP,MCM7,0.9672527
65,60,IL18BP,CDT1,0.96596855
65,96,IL18BP,SLBP,0.96362114
65,213,IL18BP,MCM4,0.9625826
65,131,IL18BP,CKS1B,0.96086687
65,335,IL18BP,HDAC7,0.960083
65,320,IL18BP,MYC,0.95980805
65,68,IL18BP,MKI67,0.95717424
65,367,IL18BP,IL7R,0.955069
65,267,IL18BP,SLC2A3,0.9498436
65,324,IL18BP,REL,0.931416
65,530,IL18BP,IKZF1,0.9259667
65,334,IL18BP,CD74,0.92212695
65,118,IL18BP,FOXO1,0.92186475
65,459,IL18BP,IRF8,0.91549295
65,221,IL18BP,ARPP21,0.90745497
65,46,IL18BP,VDR,0.90472
65,66,IL18BP,CBFB,0.90229744
65,69,IL18BP,MAGED1,0.89789593
65,416,IL18BP,GATA2,0.8933164
65,27,IL18BP,HSD3B7,0.89330095
65,76,IL18BP,ESR1,0.8897243
65,515,IL18BP,NCF1,0.88156855
65,536,IL18BP,MOGS,0.87684935
65,58,IL18BP,RARB,0.8613321
65,277,IL18BP,MEF2C,0.8596333
65,392,IL18BP,PBX1,0.85828114
65,281,IL18BP,TGM2,0.8529909
65,380,IL18BP,NPDC1,0.8529909
65,252,IL18BP,HOXA9,0.84892404
65,379,IL18BP,BCL2,0.8475929
65,257,IL18BP,UHRF1,0.8439479
65,67,IL18BP,TEK,0.82902944
65,290,IL18BP,TMEM14C,0.82781434
65,442,IL18BP,HLF,0.82781434
65,53,IL18BP,FCHO2,0.8262162
65,445,IL18BP,IL1R1,0.8258596
65,302,IL18BP,MEIS1,0.8257676
65,498,IL18BP,DENND2D,0.8200125
65,85,IL18BP,MECOM,0.8090521
230,527,IL18RAP,TUBB4B,0.9804482
230,422,IL18RAP,RUNX2,0.9795156
230,518,IL18RAP,IL12A,0.9794573
230,116,IL18RAP,TOP2A,0.9744888
230,525,IL18RAP,CD44,0.97241795
230,145,IL18RAP,HMGB2,0.9706331
230,233,IL18RAP,NOTCH1,0.97014475
230,190,IL18RAP,TIPIN,0.96839195
230,131,IL18RAP,CKS1B,0.96826553
230,213,IL18RAP,MCM4,0.9674009
230,216,IL18RAP,MCM7,0.9671949
230,506,IL18RAP,PRIM1,0.96611136
230,96,IL18RAP,SLBP,0.96356875
230,60,IL18RAP,CDT1,0.9607973
230,335,IL18RAP,HDAC7,0.9602129
230,320,IL18RAP,MYC,0.9599392
230,68,IL18RAP,MKI67,0.95707554
230,367,IL18RAP,IL7R,0.9552167
230,324,IL18RAP,REL,0.95414543
230,267,IL18RAP,SLC2A3,0.95003825
230,550,IL18RAP,SPI1,0.94072497
230,459,IL18RAP,IRF8,0.9380968
230,530,IL18RAP,IKZF1,0.9301783
230,118,IL18RAP,FOXO1,0.9240947
230,27,IL18RAP,HSD3B7,0.9224093
230,334,IL18RAP,CD74,0.9224093
230,221,IL18RAP,ARPP21,0.9078995
230,46,IL18RAP,VDR,0.9050366
230,66,IL18RAP,CBFB,0.9026461
230,69,IL18RAP,MAGED1,0.89826274
230,416,IL18RAP,GATA2,0.89369905
230,76,IL18RAP,ESR1,0.88950634
230,515,IL18RAP,NCF1,0.8819892
230,536,IL18RAP,MOGS,0.87684935
230,58,IL18RAP,RARB,0.8617976
230,277,IL18RAP,MEF2C,0.8603895
230,257,IL18RAP,UHRF1,0.85598487
230,380,IL18RAP,NPDC1,0.8535019
230,281,IL18RAP,TGM2,0.8531149
230,252,IL18RAP,HOXA9,0.84943974
230,379,IL18RAP,BCL2,0.8481178
230,67,IL18RAP,TEK,0.82961243
230,290,IL18RAP,TMEM14C,0.82961243
230,442,IL18RAP,HLF,0.82961243
230,392,IL18RAP,PBX1,0.82716256
230,53,IL18RAP,FCHO2,0.82652664
230,445,IL18RAP,IL1R1,0.82645017
230,302,IL18RAP,MEIS1,0.82635236
230,498,IL18RAP,DENND2D,0.82061315
230,85,IL18RAP,MECOM,0.8093563
445,367,IL1R1,IL7R,0.9799499
445,233,IL1R1,NOTCH1,0.9797804
445,422,IL1R1,RUNX2,0.97940344
445,518,IL1R1,IL12A,0.9779338
445,550,IL1R1,SPI1,0.97760665
445,335,IL1R1,HDAC7,0.9775198
445,320,IL1R1,MYC,0.97738975
445,527,IL1R1,TUBB4B,0.9765955
445,530,IL1R1,IKZF1,0.9757426
445,118,IL1R1,FOXO1,0.9744468
445,27,IL1R1,HSD3B7,0.9737526
445,334,IL1R1,CD74,0.9737526
445,525,IL1R1,CD44,0.9734948
445,46,IL1R1,VDR,0.9706388
445,66,IL1R1,CBFB,0.9706388
445,221,IL1R1,ARPP21,0.9682971
445,76,IL1R1,ESR1,0.96828383
445,416,IL1R1,GATA2,0.9679433
445,116,IL1R1,TOP2A,0.96730644
445,69,IL1R1,MAGED1,0.96680987
445,536,IL1R1,MOGS,0.963943
445,267,IL1R1,SLC2A3,0.9632416
445,515,IL1R1,NCF1,0.962807
445,257,IL1R1,UHRF1,0.95957756
445,277,IL1R1,MEF2C,0.95221764
445,190,IL1R1,TIPIN,0.94961035
445,379,IL1R1,BCL2,0.94863087
445,145,IL1R1,HMGB2,0.94852024
445,281,IL1R1,TGM2,0.9479958
445,380,IL1R1,NPDC1,0.9479958
445,58,IL1R1,RARB,0.9470209
445,252,IL1R1,HOXA9,0.9465672
445,459,IL1R1,IRF8,0.9455431
445,442,IL1R1,HLF,0.9384645
445,290,IL1R1,TMEM14C,0.93812335
445,506,IL1R1,PRIM1,0.9379125
445,216,IL1R1,MCM7,0.9370642
445,302,IL1R1,MEIS1,0.93530965
445,53,IL1R1,FCHO2,0.9346822
445,498,IL1R1,DENND2D,0.9302315
445,85,IL1R1,MECOM,0.9265941
445,398,IL1R1,APOE,0.92526174
445,44,IL1R1,NUDT19,0.9239786
445,541,IL1R1,PGR,0.9239786
445,67,IL1R1,TEK,0.9130575
445,237,IL1R1,ELF1,0.912702
445,392,IL1R1,PBX1,0.91093624
445,60,IL1R1,CDT1,0.9096447
445,96,IL1R1,SLBP,0.9083835
445,213,IL1R1,MCM4,0.9074052
367,422,IL7R,RUNX2,0.9789242
367,233,IL7R,NOTCH1,0.97756904
367,527,IL7R,TUBB4B,0.9768842
367,550,IL7R,SPI1,0.9758596
367,116,IL7R,TOP2A,0.9744768
367,525,IL7R,CD44,0.9739725
367,335,IL7R,HDAC7,0.97379476
367,518,IL7R,IL12A,0.97322243
367,320,IL7R,MYC,0.9718094
367,267,IL7R,SLC2A3,0.968116
367,190,IL7R,TIPIN,0.9660777
367,145,IL7R,HMGB2,0.96389884
367,506,IL7R,PRIM1,0.9605302
367,530,IL7R,IKZF1,0.95959723
367,216,IL7R,MCM7,0.95737785
367,118,IL7R,FOXO1,0.95574063
367,27,IL7R,HSD3B7,0.9550801
367,334,IL7R,CD74,0.9550801
367,96,IL7R,SLBP,0.9417255
367,221,IL7R,ARPP21,0.94096935
367,213,IL7R,MCM4,0.9406724
367,69,IL7R,MAGED1,0.93524593
367,416,IL7R,GATA2,0.9351392
367,60,IL7R,CDT1,0.9280912
367,131,IL7R,CKS1B,0.9280912
367,257,IL7R,UHRF1,0.9244126
367,515,IL7R,NCF1,0.92257744
367,536,IL7R,MOGS,0.9210092
367,68,IL7R,MKI67,0.9122798
367,277,IL7R,MEF2C,0.8969627
367,66,IL7R,CBFB,0.8835845
367,281,IL7R,TGM2,0.883342
367,380,IL7R,NPDC1,0.883342
367,379,IL7R,BCL2,0.8825181
367,252,IL7R,HOXA9,0.8786879
367,459,IL7R,IRF8,0.8771378
367,46,IL7R,VDR,0.87254775
367,67,IL7R,TEK,0.8609859
367,290,IL7R,TMEM14C,0.8609859
367,442,IL7R,HLF,0.8609859
367,302,IL7R,MEIS1,0.8590894
367,392,IL7R,PBX1,0.85586065
367,53,IL7R,FCHO2,0.85579145
367,445,IL7R,IL1R1,0.85579145
367,498,IL7R,DENND2D,0.8456257
367,85,IL7R,MECOM,0.8404001
367,398,IL7R,APOE,0.8338277
367,541,IL7R,PGR,0.8338277
367,44,IL7R,NUDT19,0.8243355
367,237,IL7R,ELF1,0.81481236
107,527,IPCEF1,TUBB4B,0.98044866
107,422,IPCEF1,RUNX2,0.97951084
107,518,IPCEF1,IL12A,0.9794573
107,550,IPCEF1,SPI1,0.9756468
107,116,IPCEF1,TOP2A,0.9744888
107,525,IPCEF1,CD44,0.97241795
107,233,IPCEF1,NOTCH1,0.9714684
107,145,IPCEF1,HMGB2,0.9706331
107,96,IPCEF1,SLBP,0.97002494
107,190,IPCEF1,TIPIN,0.9669248
107,506,IPCEF1,PRIM1,0.9660805
107,216,IPCEF1,MCM7,0.9644274
107,213,IPCEF1,MCM4,0.9625846
107,60,IPCEF1,CDT1,0.9607973
107,131,IPCEF1,CKS1B,0.9607973
107,335,IPCEF1,HDAC7,0.9602129
107,320,IPCEF1,MYC,0.9599392
107,68,IPCEF1,MKI67,0.95707554
107,367,IPCEF1,IL7R,0.9552167
107,267,IPCEF1,SLC2A3,0.94998187
107,324,IPCEF1,REL,0.9312972
107,530,IPCEF1,IKZF1,0.9259667
107,334,IPCEF1,CD74,0.9224093
107,118,IPCEF1,FOXO1,0.9221475
107,257,IPCEF1,UHRF1,0.91570383
107,221,IPCEF1,ARPP21,0.9078995
107,459,IPCEF1,IRF8,0.905289
107,445,IPCEF1,IL1R1,0.9046631
107,46,IPCEF1,VDR,0.9026461
107,66,IPCEF1,CBFB,0.9026461
107,69,IPCEF1,MAGED1,0.8985555
107,416,IPCEF1,GATA2,0.89369905
107,27,IPCEF1,HSD3B7,0.8936844
107,76,IPCEF1,ESR1,0.88950634
107,515,IPCEF1,NCF1,0.8819892
107,536,IPCEF1,MOGS,0.87684935
107,277,IPCEF1,MEF2C,0.85828704
107,281,IPCEF1,TGM2,0.85372734
107,380,IPCEF1,NPDC1,0.8535019
107,252,IPCEF1,HOXA9,0.84943974
107,379,IPCEF1,BCL2,0.8481178
107,290,IPCEF1,TMEM14C,0.82961243
107,442,IPCEF1,HLF,0.82961243
107,67,IPCEF1,TEK,0.82840127
107,302,IPCEF1,MEIS1,0.82635236
107,53,IPCEF1,FCHO2,0.82576436
107,392,IPCEF1,PBX1,0.82175887
107,498,IPCEF1,DENND2D,0.82061315
107,58,IPCEF1,RARB,0.812356
107,85,IPCEF1,MECOM,0.8093563
40,527,IRAK3,TUBB4B,0.98043996
40,518,IRAK3,IL12A,0.9794573
40,422,IRAK3,RUNX2,0.9793434
40,550,IRAK3,SPI1,0.9756468
40,116,IRAK3,TOP2A,0.9744888
40,525,IRAK3,CD44,0.97241795
40,145,IRAK3,HMGB2,0.9706331
40,233,IRAK3,NOTCH1,0.97014475
40,190,IRAK3,TIPIN,0.96839195
40,506,IRAK3,PRIM1,0.9660805
40,216,IRAK3,MCM7,0.9644274
40,96,IRAK3,SLBP,0.9635566
40,213,IRAK3,MCM4,0.9625164
40,60,IRAK3,CDT1,0.9607973
40,131,IRAK3,CKS1B,0.9607973
40,335,IRAK3,HDAC7,0.96016675
40,320,IRAK3,MYC,0.9599392
40,68,IRAK3,MKI67,0.95707554
40,367,IRAK3,IL7R,0.9552167
40,267,IRAK3,SLC2A3,0.94998187
40,118,IRAK3,FOXO1,0.94513595
40,324,IRAK3,REL,0.9312972
40,530,IRAK3,IKZF1,0.9259667
40,334,IRAK3,CD74,0.9224093
40,27,IRAK3,HSD3B7,0.9223726
40,459,IRAK3,IRF8,0.91241115
40,221,IRAK3,ARPP21,0.9078995
40,46,IRAK3,VDR,0.9026461
40,66,IRAK3,CBFB,0.9026461
40,58,IRAK3,RARB,0.89947516
40,69,IRAK3,MAGED1,0.89826274
40,416,IRAK3,GATA2,0.89369905
40,515,IRAK3,NCF1,0.8905274
40,541,IRAK3,PGR,0.8873304
40,536,IRAK3,MOGS,0.87684935
40,277,IRAK3,MEF2C,0.8605686
40,257,IRAK3,UHRF1,0.85598487
40,281,IRAK3,TGM2,0.8534485
40,252,IRAK3,HOXA9,0.84943974
40,379,IRAK3,BCL2,0.8481178
40,67,IRAK3,TEK,0.82961243
40,290,IRAK3,TMEM14C,0.82961243
40,442,IRAK3,HLF,0.82961243
40,392,IRAK3,PBX1,0.82647043
40,53,IRAK3,FCHO2,0.82645017
40,445,IRAK3,IL1R1,0.82645017
40,302,IRAK3,MEIS1,0.82635236
40,498,IRAK3,DENND2D,0.82061315
40,85,IRAK3,MECOM,0.80922145
40,44,IRAK3,NUDT19,0.80635184
111,527,IRF6,TUBB4B,0.9715128
111,518,IRF6,IL12A,0.9697749
111,550,IRF6,SPI1,0.9679979
111,422,IRF6,RUNX2,0.96775925
111,525,IRF6,CD44,0.9644568
111,233,IRF6,NOTCH1,0.9629134
111,116,IRF6,TOP2A,0.95988446
111,367,IRF6,IL7R,0.95792043
111,145,IRF6,HMGB2,0.9521382
111,190,IRF6,TIPIN,0.9513179
111,320,IRF6,MYC,0.95032007
111,216,IRF6,MCM7,0.9465881
111,335,IRF6,HDAC7,0.94648194
111,506,IRF6,PRIM1,0.94328374
111,267,IRF6,SLC2A3,0.9404602
111,96,IRF6,SLBP,0.931166
111,213,IRF6,MCM4,0.92898655
111,131,IRF6,CKS1B,0.91751635
111,60,IRF6,CDT1,0.91751623
111,530,IRF6,IKZF1,0.9157177
111,27,IRF6,HSD3B7,0.90202045
111,334,IRF6,CD74,0.90202045
111,118,IRF6,FOXO1,0.9018773
111,68,IRF6,MKI67,0.9016938
111,459,IRF6,IRF8,0.89155245
111,221,IRF6,ARPP21,0.88091
111,46,IRF6,VDR,0.87637085
111,66,IRF6,CBFB,0.87637085
111,69,IRF6,MAGED1,0.86695045
111,416,IRF6,GATA2,0.8601743
111,76,IRF6,ESR1,0.8528232
111,515,IRF6,NCF1,0.8436539
111,536,IRF6,MOGS,0.841668
111,277,IRF6,MEF2C,0.8150177
111,257,IRF6,UHRF1,0.81158763
111,252,IRF6,HOXA9,0.8025701
111,281,IRF6,TGM2,0.79893553
111,380,IRF6,NPDC1,0.79893553
111,379,IRF6,BCL2,0.7956036
111,324,IRF6,REL,0.79368216
111,392,IRF6,PBX1,0.77102107
111,53,IRF6,FCHO2,0.7709639
111,290,IRF6,TMEM14C,0.7706759
111,442,IRF6,HLF,0.7706759
111,445,IRF6,IL1R1,0.767354
111,398,IRF6,APOE,0.76304406
111,498,IRF6,DENND2D,0.75874704
111,58,IRF6,RARB,0.75768024
111,44,IRF6,NUDT19,0.7511149
111,541,IRF6,PGR,0.7511149
459,422,IRF8,RUNX2,0.9773336
459,527,IRF8,TUBB4B,0.9764325
459,116,IRF8,TOP2A,0.97501624
459,518,IRF8,IL12A,0.9746621
459,550,IRF8,SPI1,0.9724147
459,525,IRF8,CD44,0.9691788
459,216,IRF8,MCM7,0.96914536
459,190,IRF8,TIPIN,0.9688381
459,145,IRF8,HMGB2,0.9687866
459,233,IRF8,NOTCH1,0.9672638
459,506,IRF8,PRIM1,0.9670514
459,96,IRF8,SLBP,0.96176594
459,213,IRF8,MCM4,0.96154094
459,60,IRF8,CDT1,0.95696676
459,131,IRF8,CKS1B,0.95696676
459,320,IRF8,MYC,0.9526068
459,335,IRF8,HDAC7,0.9509195
459,68,IRF8,MKI67,0.9505197
459,367,IRF8,IL7R,0.9450942
459,267,IRF8,SLC2A3,0.9393104
459,530,IRF8,IKZF1,0.9077213
459,324,IRF8,REL,0.9004456
459,27,IRF8,HSD3B7,0.89919835
459,334,IRF8,CD74,0.89919835
459,118,IRF8,FOXO1,0.89698106
459,46,IRF8,VDR,0.87637955
459,221,IRF8,ARPP21,0.87155056
459,66,IRF8,CBFB,0.8657134
459,69,IRF8,MAGED1,0.86131483
459,416,IRF8,GATA2,0.85054445
459,76,IRF8,ESR1,0.84324825
459,515,IRF8,NCF1,0.83285236
459,536,IRF8,MOGS,0.82971156
459,277,IRF8,MEF2C,0.79929805
459,281,IRF8,TGM2,0.784043
459,380,IRF8,NPDC1,0.784043
459,252,IRF8,HOXA9,0.7801616
459,379,IRF8,BCL2,0.77916944
459,58,IRF8,RARB,0.7588883
459,442,IRF8,HLF,0.7510505
459,67,IRF8,TEK,0.7500051
459,290,IRF8,TMEM14C,0.7494102
459,302,IRF8,MEIS1,0.7466621
459,392,IRF8,PBX1,0.74356186
459,445,IRF8,IL1R1,0.74348885
459,53,IRF8,FCHO2,0.7434888
459,498,IRF8,DENND2D,0.7339255
459,44,IRF8,NUDT19,0.7269206
459,398,IRF8,APOE,0.7269206
459,541,IRF8,PGR,0.7269206
225,527,ITGA6,TUBB4B,0.9804482
225,422,ITGA6,RUNX2,0.9795156
225,518,ITGA6,IL12A,0.97795206
225,550,ITGA6,SPI1,0.9756468
225,145,ITGA6,HMGB2,0.97496
225,116,ITGA6,TOP2A,0.9744888
225,525,ITGA6,CD44,0.97241795
225,233,ITGA6,NOTCH1,0.97013724
225,190,ITGA6,TIPIN,0.96839195
225,216,ITGA6,MCM7,0.9671949
225,506,ITGA6,PRIM1,0.9660805
225,213,ITGA6,MCM4,0.9625164
225,60,ITGA6,CDT1,0.9617205
225,131,ITGA6,CKS1B,0.9607973
225,335,ITGA6,HDAC7,0.9602129
225,320,ITGA6,MYC,0.9599392
225,68,ITGA6,MKI67,0.95707554
225,367,ITGA6,IL7R,0.9552167
225,267,ITGA6,SLC2A3,0.94998187
225,96,ITGA6,SLBP,0.9485822
225,324,ITGA6,REL,0.9312972
225,334,ITGA6,CD74,0.9273922
225,530,ITGA6,IKZF1,0.9259667
225,27,ITGA6,HSD3B7,0.9224093
225,118,ITGA6,FOXO1,0.9221475
225,459,ITGA6,IRF8,0.91241115
225,66,ITGA6,CBFB,0.9085503
225,221,ITGA6,ARPP21,0.9078995
225,46,ITGA6,VDR,0.9026461
225,416,ITGA6,GATA2,0.89369905
225,76,ITGA6,ESR1,0.88950634
225,515,ITGA6,NCF1,0.8819892
225,536,ITGA6,MOGS,0.87684935
225,237,ITGA6,ELF1,0.876802
225,380,ITGA6,NPDC1,0.86616695
225,277,ITGA6,MEF2C,0.86457276
225,58,ITGA6,RARB,0.86152416
225,257,ITGA6,UHRF1,0.85598487
225,281,ITGA6,TGM2,0.8535019
225,252,ITGA6,HOXA9,0.84943974
225,379,ITGA6,BCL2,0.8481178
225,67,ITGA6,TEK,0.82961243
225,442,ITGA6,HLF,0.82961243
225,392,ITGA6,PBX1,0.8265034
225,53,ITGA6,FCHO2,0.82645017
225,445,ITGA6,IL1R1,0.82645017
225,302,ITGA6,MEIS1,0.82635236
225,290,ITGA6,TMEM14C,0.822251
225,498,ITGA6,DENND2D,0.82061315
225,85,ITGA6,MECOM,0.8093563
89,527,ITGAL,TUBB4B,0.9804482
89,422,ITGAL,RUNX2,0.9795156
89,518,ITGAL,IL12A,0.9794485
89,550,ITGAL,SPI1,0.9756468
89,116,ITGAL,TOP2A,0.9744888
89,525,ITGAL,CD44,0.97241795
89,145,ITGAL,HMGB2,0.97068226
89,233,ITGAL,NOTCH1,0.97014475
89,190,ITGAL,TIPIN,0.96847486
89,216,ITGAL,MCM7,0.9671949
89,506,ITGAL,PRIM1,0.9660805
89,213,ITGAL,MCM4,0.9644956
89,96,ITGAL,SLBP,0.9635566
89,60,ITGAL,CDT1,0.9607973
89,131,ITGAL,CKS1B,0.9607973
89,335,ITGAL,HDAC7,0.9602129
89,320,ITGAL,MYC,0.9599392
89,68,ITGAL,MKI67,0.95707554
89,367,ITGAL,IL7R,0.9552167
89,267,ITGAL,SLC2A3,0.94998187
89,324,ITGAL,REL,0.93562794
89,530,ITGAL,IKZF1,0.9259667
89,27,ITGAL,HSD3B7,0.9224093
89,334,ITGAL,CD74,0.9224093
89,118,ITGAL,FOXO1,0.9221475
89,459,ITGAL,IRF8,0.91241115
89,221,ITGAL,ARPP21,0.9078995
89,66,ITGAL,CBFB,0.9026461
89,69,ITGAL,MAGED1,0.89826274
89,416,ITGAL,GATA2,0.89369905
89,76,ITGAL,ESR1,0.88950634
89,46,ITGAL,VDR,0.8838176
89,515,ITGAL,NCF1,0.8819892
89,536,ITGAL,MOGS,0.87684935
89,277,ITGAL,MEF2C,0.86934394
89,58,ITGAL,RARB,0.8617976
89,257,ITGAL,UHRF1,0.85598487
89,281,ITGAL,TGM2,0.8535019
89,380,ITGAL,NPDC1,0.8535019
89,252,ITGAL,HOXA9,0.84943974
89,379,ITGAL,BCL2,0.8481178
89,67,ITGAL,TEK,0.82961243
89,290,ITGAL,TMEM14C,0.82961243
89,442,ITGAL,HLF,0.82961243
89,302,ITGAL,MEIS1,0.82660997
89,392,ITGAL,PBX1,0.8265034
89,445,ITGAL,IL1R1,0.82645017
89,498,ITGAL,DENND2D,0.82061315
89,398,ITGAL,APOE,0.8067991
89,44,ITGAL,NUDT19,0.80635184
5,527,ITGAM,TUBB4B,0.9804482
5,422,ITGAM,RUNX2,0.9790846
5,550,ITGAM,SPI1,0.9756468
5,116,ITGAM,TOP2A,0.9740283
5,525,ITGAM,CD44,0.97095954
5,506,ITGAM,PRIM1,0.97071785
5,145,ITGAM,HMGB2,0.9706331
5,233,ITGAM,NOTCH1,0.97014475
5,190,ITGAM,TIPIN,0.96839195
5,96,ITGAM,SLBP,0.96801245
5,216,ITGAM,MCM7,0.9671949
5,213,ITGAM,MCM4,0.96251667
5,131,ITGAM,CKS1B,0.9608029
5,60,ITGAM,CDT1,0.9607973
5,335,ITGAM,HDAC7,0.9602129
5,320,ITGAM,MYC,0.9599392
5,518,ITGAM,IL12A,0.9578493
5,68,ITGAM,MKI67,0.95707554
5,367,ITGAM,IL7R,0.9552167
5,267,ITGAM,SLC2A3,0.949971
5,324,ITGAM,REL,0.9312972
5,530,ITGAM,IKZF1,0.9259667
5,69,ITGAM,MAGED1,0.9240622
5,27,ITGAM,HSD3B7,0.9224093
5,334,ITGAM,CD74,0.9224093
5,118,ITGAM,FOXO1,0.9221475
5,221,ITGAM,ARPP21,0.9078995
5,66,ITGAM,CBFB,0.9026461
5,46,ITGAM,VDR,0.90252227
5,416,ITGAM,GATA2,0.89369905
5,459,ITGAM,IRF8,0.8918786
5,76,ITGAM,ESR1,0.88950634
5,515,ITGAM,NCF1,0.8819892
5,536,ITGAM,MOGS,0.87684935
5,42,ITGAM,DACH1,0.8725944
5,58,ITGAM,RARB,0.8617976
5,277,ITGAM,MEF2C,0.8603895
5,257,ITGAM,UHRF1,0.85598487
5,281,ITGAM,TGM2,0.8535019
5,380,ITGAM,NPDC1,0.8534485
5,252,ITGAM,HOXA9,0.84943974
5,379,ITGAM,BCL2,0.8480685
5,67,ITGAM,TEK,0.82961243
5,442,ITGAM,HLF,0.82961243
5,290,ITGAM,TMEM14C,0.8296041
5,53,ITGAM,FCHO2,0.82645017
5,445,ITGAM,IL1R1,0.82645017
5,302,ITGAM,MEIS1,0.82635236
5,392,ITGAM,PBX1,0.82221997
5,498,ITGAM,DENND2D,0.82061315
470,527,ITGB2,TUBB4B,0.9804482
470,518,ITGB2,IL12A,0.9794571
470,422,ITGB2,RUNX2,0.9783181
470,550,ITGB2,SPI1,0.9756468
470,116,ITGB2,TOP2A,0.9744888
470,145,ITGB2,HMGB2,0.9706331
470,233,ITGB2,NOTCH1,0.97013175
470,525,ITGB2,CD44,0.96958107
470,190,ITGB2,TIPIN,0.96839195
470,216,ITGB2,MCM7,0.9671949
470,506,ITGB2,PRIM1,0.9660805
470,213,ITGB2,MCM4,0.96517986
470,96,ITGB2,SLBP,0.9635566
470,60,ITGB2,CDT1,0.9607973
470,131,ITGB2,CKS1B,0.9607973
470,320,ITGB2,MYC,0.9599392
470,68,ITGB2,MKI67,0.95707554
470,367,ITGB2,IL7R,0.9552167
470,267,ITGB2,SLC2A3,0.94994456
470,324,ITGB2,REL,0.9312972
470,530,ITGB2,IKZF1,0.9259667
470,27,ITGB2,HSD3B7,0.9224093
470,334,ITGB2,CD74,0.92219543
470,118,ITGB2,FOXO1,0.9221475
470,221,ITGB2,ARPP21,0.915315
470,459,ITGB2,IRF8,0.91241115
470,46,ITGB2,VDR,0.9026461
470,66,ITGB2,CBFB,0.9026461
470,69,ITGB2,MAGED1,0.89826274
470,335,ITGB2,HDAC7,0.8926737
470,76,ITGB2,ESR1,0.88950634
470,536,ITGB2,MOGS,0.87684935
470,58,ITGB2,RARB,0.8617976
470,257,ITGB2,UHRF1,0.85598487
470,281,ITGB2,TGM2,0.8535019
470,380,ITGB2,NPDC1,0.8535019
470,252,ITGB2,HOXA9,0.84943974
470,379,ITGB2,BCL2,0.8483872
470,53,ITGB2,FCHO2,0.83812696
470,67,ITGB2,TEK,0.82961243
470,290,ITGB2,TMEM14C,0.82961243
470,442,ITGB2,HLF,0.82961243
470,277,ITGB2,MEF2C,0.8292882
470,302,ITGB2,MEIS1,0.82702374
470,392,ITGB2,PBX1,0.8265034
470,445,ITGB2,IL1R1,0.82645017
470,498,ITGB2,DENND2D,0.82061315
470,398,ITGB2,APOE,0.8153746
470,85,ITGB2,MECOM,0.8093563
470,44,ITGB2,NUDT19,0.8066138
339,527,ITGB5,TUBB4B,0.9804482
339,422,ITGB5,RUNX2,0.9795156
339,518,ITGB5,IL12A,0.9794573
339,550,ITGB5,SPI1,0.9756468
339,116,ITGB5,TOP2A,0.9744888
339,145,ITGB5,HMGB2,0.9721621
339,525,ITGB5,CD44,0.97188854
339,190,ITGB5,TIPIN,0.9712489
339,233,ITGB5,NOTCH1,0.9702341
339,216,ITGB5,MCM7,0.9671737
339,367,ITGB5,IL7R,0.9642963
339,506,ITGB5,PRIM1,0.9636266
339,96,ITGB5,SLBP,0.9635566
339,213,ITGB5,MCM4,0.9625164
339,60,ITGB5,CDT1,0.9607973
339,131,ITGB5,CKS1B,0.9607973
339,335,ITGB5,HDAC7,0.9602129
339,320,ITGB5,MYC,0.9599392
339,68,ITGB5,MKI67,0.95707554
339,267,ITGB5,SLC2A3,0.94998187
339,324,ITGB5,REL,0.93123853
339,530,ITGB5,IKZF1,0.9259667
339,118,ITGB5,FOXO1,0.9221475
339,27,ITGB5,HSD3B7,0.9202182
339,334,ITGB5,CD74,0.91284585
339,459,ITGB5,IRF8,0.9124466
339,221,ITGB5,ARPP21,0.9078995
339,46,ITGB5,VDR,0.9026461
339,66,ITGB5,CBFB,0.9026461
339,69,ITGB5,MAGED1,0.89826274
339,416,ITGB5,GATA2,0.89369905
339,76,ITGB5,ESR1,0.88931614
339,515,ITGB5,NCF1,0.8819892
339,536,ITGB5,MOGS,0.87684935
339,58,ITGB5,RARB,0.8617976
339,277,ITGB5,MEF2C,0.8603895
339,257,ITGB5,UHRF1,0.85598487
339,281,ITGB5,TGM2,0.8535019
339,380,ITGB5,NPDC1,0.8535019
339,252,ITGB5,HOXA9,0.84949535
339,379,ITGB5,BCL2,0.8481178
339,67,ITGB5,TEK,0.82961243
339,442,ITGB5,HLF,0.82961243
339,53,ITGB5,FCHO2,0.826524
339,392,ITGB5,PBX1,0.8265034
339,302,ITGB5,MEIS1,0.82635236
339,445,ITGB5,IL1R1,0.82216334
339,290,ITGB5,TMEM14C,0.81451964
339,85,ITGB5,MECOM,0.8093563
339,498,ITGB5,DENND2D,0.80894923
47,527,ITGB7,TUBB4B,0.9804482
47,518,ITGB7,IL12A,0.9794551
47,422,ITGB7,RUNX2,0.9770597
47,550,ITGB7,SPI1,0.97458106
47,116,ITGB7,TOP2A,0.9744888
47,525,ITGB7,CD44,0.97241795
47,145,ITGB7,HMGB2,0.9706331
47,233,ITGB7,NOTCH1,0.97014475
47,190,ITGB7,TIPIN,0.96839195
47,506,ITGB7,PRIM1,0.9660805
47,216,ITGB7,MCM7,0.96602196
47,96,ITGB7,SLBP,0.9635566
47,213,ITGB7,MCM4,0.9625164
47,131,ITGB7,CKS1B,0.96081066
47,60,ITGB7,CDT1,0.9607973
47,320,ITGB7,MYC,0.9599392
47,335,ITGB7,HDAC7,0.95913655
47,367,ITGB7,IL7R,0.95802176
47,68,ITGB7,MKI67,0.95707554
47,267,ITGB7,SLC2A3,0.94998187
47,324,ITGB7,REL,0.9312972
47,530,ITGB7,IKZF1,0.9258507
47,27,ITGB7,HSD3B7,0.9224093
47,334,ITGB7,CD74,0.9224093
47,118,ITGB7,FOXO1,0.9221475
47,459,ITGB7,IRF8,0.91241115
47,221,ITGB7,ARPP21,0.9078995
47,66,ITGB7,CBFB,0.9026461
47,46,ITGB7,VDR,0.9013737
47,416,ITGB7,GATA2,0.9009113
47,69,ITGB7,MAGED1,0.898347
47,76,ITGB7,ESR1,0.88950634
47,515,ITGB7,NCF1,0.8819892
47,536,ITGB7,MOGS,0.87684935
47,58,ITGB7,RARB,0.8617976
47,277,ITGB7,MEF2C,0.8603895
47,257,ITGB7,UHRF1,0.8564839
47,281,ITGB7,TGM2,0.8535019
47,380,ITGB7,NPDC1,0.8501484
47,252,ITGB7,HOXA9,0.84943974
47,379,ITGB7,BCL2,0.8481178
47,53,ITGB7,FCHO2,0.8306406
47,290,ITGB7,TMEM14C,0.82974154
47,67,ITGB7,TEK,0.82961243
47,442,ITGB7,HLF,0.82961243
47,392,ITGB7,PBX1,0.8265034
47,445,ITGB7,IL1R1,0.8264584
47,302,ITGB7,MEIS1,0.82635236
47,498,ITGB7,DENND2D,0.82058334
47,85,ITGB7,MECOM,0.80935556
162,527,ITM2A,TUBB4B,0.9804482
162,422,ITM2A,RUNX2,0.9795156
162,518,ITM2A,IL12A,0.9794573
162,550,ITM2A,SPI1,0.97564846
162,116,ITM2A,TOP2A,0.9744888
162,525,ITM2A,CD44,0.97241795
162,145,ITM2A,HMGB2,0.9706331
162,233,ITM2A,NOTCH1,0.97014475
162,190,ITM2A,TIPIN,0.96839195
162,216,ITM2A,MCM7,0.9671949
162,506,ITM2A,PRIM1,0.9660805
162,96,ITM2A,SLBP,0.9635566
162,213,ITM2A,MCM4,0.9625164
162,60,ITM2A,CDT1,0.9607973
162,131,ITM2A,CKS1B,0.9607973
162,335,ITM2A,HDAC7,0.9602129
162,320,ITM2A,MYC,0.9599392
162,68,ITM2A,MKI67,0.95707554
162,367,ITM2A,IL7R,0.9552167
162,267,ITM2A,SLC2A3,0.9496782
162,324,ITM2A,REL,0.9312972
162,530,ITM2A,IKZF1,0.9259667
162,27,ITM2A,HSD3B7,0.922431
162,334,ITM2A,CD74,0.9224093
162,118,ITM2A,FOXO1,0.9221475
162,459,ITM2A,IRF8,0.91241115
162,221,ITM2A,ARPP21,0.9078995
162,46,ITM2A,VDR,0.9026461
162,66,ITM2A,CBFB,0.9026461
162,416,ITM2A,GATA2,0.89369905
162,76,ITM2A,ESR1,0.8894898
162,380,ITM2A,NPDC1,0.88536197
162,515,ITM2A,NCF1,0.8819892
162,536,ITM2A,MOGS,0.8767786
162,69,ITM2A,MAGED1,0.8665095
162,58,ITM2A,RARB,0.8617976
162,257,ITM2A,UHRF1,0.85598487
162,281,ITM2A,TGM2,0.8535019
162,252,ITM2A,HOXA9,0.84943974
162,379,ITM2A,BCL2,0.8481178
162,67,ITM2A,TEK,0.82961243
162,290,ITM2A,TMEM14C,0.82961243
162,442,ITM2A,HLF,0.82961243
162,445,ITM2A,IL1R1,0.8268536
162,392,ITM2A,PBX1,0.8265034
162,53,ITM2A,FCHO2,0.82645017
162,302,ITM2A,MEIS1,0.82635236
162,498,ITM2A,DENND2D,0.8116205
162,85,ITM2A,MECOM,0.8093563
162,44,ITM2A,NUDT19,0.80635184
14,527,ITPR2,TUBB4B,0.9804482
14,422,ITPR2,RUNX2,0.9795156
14,518,ITPR2,IL12A,0.9794485
14,550,ITPR2,SPI1,0.9756468
14,116,ITPR2,TOP2A,0.9744899
14,525,ITPR2,CD44,0.9726795
14,145,ITPR2,HMGB2,0.9706274
14,233,ITPR2,NOTCH1,0.97014475
14,190,ITPR2,TIPIN,0.96839195
14,216,ITPR2,MCM7,0.9671949
14,506,ITPR2,PRIM1,0.9660805
14,96,ITPR2,SLBP,0.9635566
14,213,ITPR2,MCM4,0.9625164
14,60,ITPR2,CDT1,0.9607973
14,131,ITPR2,CKS1B,0.9607973
14,335,ITPR2,HDAC7,0.9602129
14,68,ITPR2,MKI67,0.95707554
14,320,ITPR2,MYC,0.9556055
14,367,ITPR2,IL7R,0.9552167
14,267,ITPR2,SLC2A3,0.9538539
14,324,ITPR2,REL,0.9312972
14,530,ITPR2,IKZF1,0.9259667
14,27,ITPR2,HSD3B7,0.9224093
14,334,ITPR2,CD74,0.9224093
14,118,ITPR2,FOXO1,0.9221475
14,459,ITPR2,IRF8,0.91241115
14,221,ITPR2,ARPP21,0.9078995
14,46,ITPR2,VDR,0.9033642
14,66,ITPR2,CBFB,0.90118676
14,442,ITPR2,HLF,0.89941174
14,69,ITPR2,MAGED1,0.89826274
14,416,ITPR2,GATA2,0.89369905
14,76,ITPR2,ESR1,0.88950634
14,515,ITPR2,NCF1,0.88200414
14,536,ITPR2,MOGS,0.8763853
14,58,ITPR2,RARB,0.8617976
14,277,ITPR2,MEF2C,0.8603895
14,257,ITPR2,UHRF1,0.85598487
14,380,ITPR2,NPDC1,0.8542837
14,281,ITPR2,TGM2,0.8535019
14,252,ITPR2,HOXA9,0.8497742
14,379,ITPR2,BCL2,0.8481178
14,468,ITPR2,VEGFC,0.8311727
14,67,ITPR2,TEK,0.82961243
14,290,ITPR2,TMEM14C,0.82961243
14,392,ITPR2,PBX1,0.8265034
14,53,ITPR2,FCHO2,0.82645017
14,445,ITPR2,IL1R1,0.82645017
14,302,ITPR2,MEIS1,0.82635236
14,498,ITPR2,DENND2D,0.82061315
20,527,ITSN1,TUBB4B,0.9804482
20,422,ITSN1,RUNX2,0.9795156
20,518,ITSN1,IL12A,0.9794485
20,550,ITSN1,SPI1,0.9756468
20,116,ITSN1,TOP2A,0.97451246
20,525,ITSN1,CD44,0.9726795
20,145,ITSN1,HMGB2,0.9706331
20,233,ITSN1,NOTCH1,0.9701742
20,190,ITSN1,TIPIN,0.96839195
20,216,ITSN1,MCM7,0.9671949
20,506,ITSN1,PRIM1,0.9660805
20,324,ITSN1,REL,0.966051
20,96,ITSN1,SLBP,0.9635566
20,213,ITSN1,MCM4,0.9625164
20,60,ITSN1,CDT1,0.9607973
20,131,ITSN1,CKS1B,0.9607973
20,335,ITSN1,HDAC7,0.9602129
20,320,ITSN1,MYC,0.9599392
20,68,ITSN1,MKI67,0.95707554
20,367,ITSN1,IL7R,0.9552167
20,267,ITSN1,SLC2A3,0.94998187
20,530,ITSN1,IKZF1,0.9259667
20,334,ITSN1,CD74,0.92240334
20,27,ITSN1,HSD3B7,0.92192364
20,459,ITSN1,IRF8,0.91241115
20,221,ITSN1,ARPP21,0.9078995
20,118,ITSN1,FOXO1,0.90283537
20,46,ITSN1,VDR,0.9026461
20,66,ITSN1,CBFB,0.9026461
20,442,ITSN1,HLF,0.89941174
20,69,ITSN1,MAGED1,0.8982544
20,416,ITSN1,GATA2,0.89369905
20,76,ITSN1,ESR1,0.88950634
20,515,ITSN1,NCF1,0.88200414
20,536,ITSN1,MOGS,0.8763853
20,58,ITSN1,RARB,0.8617976
20,277,ITSN1,MEF2C,0.86041653
20,380,ITSN1,NPDC1,0.8542837
20,281,ITSN1,TGM2,0.8535019
20,252,ITSN1,HOXA9,0.84943974
20,379,ITSN1,BCL2,0.8481178
20,53,ITSN1,FCHO2,0.84265935
20,468,ITSN1,VEGFC,0.8311727
20,257,ITSN1,UHRF1,0.8311548
20,67,ITSN1,TEK,0.82961243
20,290,ITSN1,TMEM14C,0.82961243
20,392,ITSN1,PBX1,0.8265034
20,445,ITSN1,IL1R1,0.82645017
20,302,ITSN1,MEIS1,0.82635236
20,498,ITSN1,DENND2D,0.82061315
514,527,JAM3,TUBB4B,0.98043364
514,422,JAM3,RUNX2,0.9795051
514,518,JAM3,IL12A,0.97944725
514,550,JAM3,SPI1,0.9756326
514,116,JAM3,TOP2A,0.97446626
514,525,JAM3,CD44,0.97240216
514,145,JAM3,HMGB2,0.970611
514,233,JAM3,NOTCH1,0.9701442
514,190,JAM3,TIPIN,0.96836823
514,216,JAM3,MCM7,0.96716946
514,506,JAM3,PRIM1,0.96605486
514,96,JAM3,SLBP,0.9635277
514,213,JAM3,MCM4,0.9624866
514,60,JAM3,CDT1,0.96076596
514,131,JAM3,CKS1B,0.96076596
514,335,JAM3,HDAC7,0.96023333
514,68,JAM3,MKI67,0.95704395
514,367,JAM3,IL7R,0.95524126
514,267,JAM3,SLC2A3,0.950006
514,324,JAM3,REL,0.9300151
514,530,JAM3,IKZF1,0.9260062
514,27,JAM3,HSD3B7,0.9224499
514,334,JAM3,CD74,0.9224499
514,118,JAM3,FOXO1,0.9221889
514,459,JAM3,IRF8,0.91246
514,221,JAM3,ARPP21,0.907937
514,320,JAM3,MYC,0.9072458
514,46,JAM3,VDR,0.9026997
514,66,JAM3,CBFB,0.9026997
514,416,JAM3,GATA2,0.893747
514,536,JAM3,MOGS,0.8769033
514,277,JAM3,MEF2C,0.87126046
514,76,JAM3,ESR1,0.864797
514,58,JAM3,RARB,0.86160743
514,257,JAM3,UHRF1,0.85603803
514,281,JAM3,TGM2,0.85355717
514,380,JAM3,NPDC1,0.8531911
514,252,JAM3,HOXA9,0.84950596
514,379,JAM3,BCL2,0.8481817
514,290,JAM3,TMEM14C,0.8296716
514,442,JAM3,HLF,0.8296716
514,67,JAM3,TEK,0.8284587
514,445,JAM3,IL1R1,0.82650805
514,53,JAM3,FCHO2,0.826508
514,302,JAM3,MEIS1,0.8264266
514,498,JAM3,DENND2D,0.82068133
514,85,JAM3,MECOM,0.8094397
514,44,JAM3,NUDT19,0.8064323
514,398,JAM3,APOE,0.8064323
514,541,JAM3,PGR,0.8064323
464,527,JCHAIN,TUBB4B,0.9804482
464,422,JCHAIN,RUNX2,0.9795156
464,518,JCHAIN,IL12A,0.97898465
464,550,JCHAIN,SPI1,0.9756468
464,116,JCHAIN,TOP2A,0.9744888
464,525,JCHAIN,CD44,0.97240037
464,145,JCHAIN,HMGB2,0.9706331
464,506,JCHAIN,PRIM1,0.97011596
464,190,JCHAIN,TIPIN,0.96839195
464,216,JCHAIN,MCM7,0.9671949
464,233,JCHAIN,NOTCH1,0.9645556
464,96,JCHAIN,SLBP,0.9635566
464,213,JCHAIN,MCM4,0.9625164
464,131,JCHAIN,CKS1B,0.9607973
464,335,JCHAIN,HDAC7,0.9602129
464,320,JCHAIN,MYC,0.95994127
464,60,JCHAIN,CDT1,0.9587652
464,68,JCHAIN,MKI67,0.95707554
464,267,JCHAIN,SLC2A3,0.94998187
464,367,JCHAIN,IL7R,0.9470742
464,324,JCHAIN,REL,0.9313936
464,530,JCHAIN,IKZF1,0.9259667
464,118,JCHAIN,FOXO1,0.9226252
464,27,JCHAIN,HSD3B7,0.9224093
464,334,JCHAIN,CD74,0.9224093
464,459,JCHAIN,IRF8,0.91241115
464,221,JCHAIN,ARPP21,0.9078995
464,46,JCHAIN,VDR,0.9026461
464,66,JCHAIN,CBFB,0.9023082
464,69,JCHAIN,MAGED1,0.89826274
464,76,JCHAIN,ESR1,0.8956794
464,416,JCHAIN,GATA2,0.8941277
464,515,JCHAIN,NCF1,0.88200414
464,536,JCHAIN,MOGS,0.87684935
464,257,JCHAIN,UHRF1,0.8728619
464,58,JCHAIN,RARB,0.8617976
464,277,JCHAIN,MEF2C,0.85981333
464,281,JCHAIN,TGM2,0.8535019
464,380,JCHAIN,NPDC1,0.8535019
464,252,JCHAIN,HOXA9,0.84943974
464,379,JCHAIN,BCL2,0.8481178
464,498,JCHAIN,DENND2D,0.84103245
464,67,JCHAIN,TEK,0.830005
464,290,JCHAIN,TMEM14C,0.82974154
464,442,JCHAIN,HLF,0.82961243
464,392,JCHAIN,PBX1,0.8265034
464,53,JCHAIN,FCHO2,0.82645017
464,445,JCHAIN,IL1R1,0.82645017
464,302,JCHAIN,MEIS1,0.82635236
464,85,JCHAIN,MECOM,0.81041145
363,527,JPT1,TUBB4B,0.9804482
363,518,JPT1,IL12A,0.97965235
363,422,JPT1,RUNX2,0.9795156
363,550,JPT1,SPI1,0.9756855
363,116,JPT1,TOP2A,0.9744888
363,525,JPT1,CD44,0.9724201
363,145,JPT1,HMGB2,0.9706331
363,233,JPT1,NOTCH1,0.97014475
363,190,JPT1,TIPIN,0.96839195
363,216,JPT1,MCM7,0.9672028
363,506,JPT1,PRIM1,0.9660947
363,96,JPT1,SLBP,0.9635566
363,213,JPT1,MCM4,0.9625164
363,68,JPT1,MKI67,0.96199113
363,60,JPT1,CDT1,0.9607973
363,131,JPT1,CKS1B,0.9607973
363,335,JPT1,HDAC7,0.9602129
363,320,JPT1,MYC,0.9599392
363,267,JPT1,SLC2A3,0.94998187
363,324,JPT1,REL,0.9312972
363,46,JPT1,VDR,0.92645776
363,27,JPT1,HSD3B7,0.9224093
363,334,JPT1,CD74,0.9224093
363,118,JPT1,FOXO1,0.9221475
363,459,JPT1,IRF8,0.91241115
363,221,JPT1,ARPP21,0.9078995
363,66,JPT1,CBFB,0.9026461
363,69,JPT1,MAGED1,0.89826274
363,416,JPT1,GATA2,0.89369905
363,76,JPT1,ESR1,0.88950634
363,515,JPT1,NCF1,0.8819892
363,536,JPT1,MOGS,0.87684935
363,277,JPT1,MEF2C,0.8603895
363,257,JPT1,UHRF1,0.85598487
363,380,JPT1,NPDC1,0.8535019
363,281,JPT1,TGM2,0.850116
363,252,JPT1,HOXA9,0.84943974
363,379,JPT1,BCL2,0.8481178
363,67,JPT1,TEK,0.82961243
363,290,JPT1,TMEM14C,0.82961243
363,442,JPT1,HLF,0.82961243
363,392,JPT1,PBX1,0.8265034
363,53,JPT1,FCHO2,0.82645017
363,445,JPT1,IL1R1,0.82645017
363,302,JPT1,MEIS1,0.82635236
363,498,JPT1,DENND2D,0.82061315
363,367,JPT1,IL7R,0.8187588
363,58,JPT1,RARB,0.812356
363,85,JPT1,MECOM,0.8093563
363,44,JPT1,NUDT19,0.80635184
537,527,KAZALD1,TUBB4B,0.9804482
537,422,KAZALD1,RUNX2,0.9795156
537,518,KAZALD1,IL12A,0.9794573
537,550,KAZALD1,SPI1,0.9756468
537,116,KAZALD1,TOP2A,0.9744888
537,525,KAZALD1,CD44,0.97241795
537,145,KAZALD1,HMGB2,0.97059643
537,233,KAZALD1,NOTCH1,0.97014475
537,190,KAZALD1,TIPIN,0.96839195
537,213,KAZALD1,MCM4,0.9674009
537,216,KAZALD1,MCM7,0.9671949
537,506,KAZALD1,PRIM1,0.9660805
537,96,KAZALD1,SLBP,0.9635566
537,60,KAZALD1,CDT1,0.9607973
537,131,KAZALD1,CKS1B,0.9607973
537,335,KAZALD1,HDAC7,0.9602129
537,320,KAZALD1,MYC,0.9599392
537,68,KAZALD1,MKI67,0.9571073
537,367,KAZALD1,IL7R,0.9552167
537,267,KAZALD1,SLC2A3,0.94998187
537,324,KAZALD1,REL,0.9312972
537,530,KAZALD1,IKZF1,0.93010503
537,27,KAZALD1,HSD3B7,0.9224093
537,334,KAZALD1,CD74,0.9224093
537,118,KAZALD1,FOXO1,0.9221475
537,459,KAZALD1,IRF8,0.9124426
537,221,KAZALD1,ARPP21,0.9078995
537,66,KAZALD1,CBFB,0.902572
537,69,KAZALD1,MAGED1,0.89826274
537,416,KAZALD1,GATA2,0.89369905
537,76,KAZALD1,ESR1,0.88950634
537,46,KAZALD1,VDR,0.8842543
537,515,KAZALD1,NCF1,0.88185686
537,536,KAZALD1,MOGS,0.87684935
537,53,KAZALD1,FCHO2,0.872478
537,58,KAZALD1,RARB,0.8617976
537,277,KAZALD1,MEF2C,0.8603895
537,257,KAZALD1,UHRF1,0.85598487
537,281,KAZALD1,TGM2,0.8535019
537,380,KAZALD1,NPDC1,0.8535019
537,252,KAZALD1,HOXA9,0.84943974
537,379,KAZALD1,BCL2,0.8481178
537,442,KAZALD1,HLF,0.8300135
537,67,KAZALD1,TEK,0.82961243
537,290,KAZALD1,TMEM14C,0.82961243
537,392,KAZALD1,PBX1,0.8265034
537,445,KAZALD1,IL1R1,0.82645017
537,302,KAZALD1,MEIS1,0.82635236
537,498,KAZALD1,DENND2D,0.82061315
537,85,KAZALD1,MECOM,0.8093563
48,527,KBTBD11,TUBB4B,0.9804482
48,518,KBTBD11,IL12A,0.9794551
48,422,KBTBD11,RUNX2,0.9770597
48,550,KBTBD11,SPI1,0.97458106
48,116,KBTBD11,TOP2A,0.9744888
48,525,KBTBD11,CD44,0.97241795
48,145,KBTBD11,HMGB2,0.9706331
48,233,KBTBD11,NOTCH1,0.97014475
48,190,KBTBD11,TIPIN,0.96839195
48,506,KBTBD11,PRIM1,0.9660805
48,216,KBTBD11,MCM7,0.96602196
48,96,KBTBD11,SLBP,0.9635566
48,213,KBTBD11,MCM4,0.9625164
48,131,KBTBD11,CKS1B,0.96081066
48,60,KBTBD11,CDT1,0.9607973
48,320,KBTBD11,MYC,0.9599392
48,335,KBTBD11,HDAC7,0.95913655
48,367,KBTBD11,IL7R,0.95802176
48,68,KBTBD11,MKI67,0.95707554
48,267,KBTBD11,SLC2A3,0.94998187
48,324,KBTBD11,REL,0.9312972
48,530,KBTBD11,IKZF1,0.9258507
48,27,KBTBD11,HSD3B7,0.9224093
48,334,KBTBD11,CD74,0.9224093
48,118,KBTBD11,FOXO1,0.9221475
48,459,KBTBD11,IRF8,0.91241115
48,221,KBTBD11,ARPP21,0.9078995
48,66,KBTBD11,CBFB,0.9026461
48,46,KBTBD11,VDR,0.9013737
48,416,KBTBD11,GATA2,0.9009113
48,69,KBTBD11,MAGED1,0.898347
48,76,KBTBD11,ESR1,0.88950634
48,515,KBTBD11,NCF1,0.8819892
48,536,KBTBD11,MOGS,0.87684935
48,58,KBTBD11,RARB,0.8617976
48,277,KBTBD11,MEF2C,0.8603895
48,257,KBTBD11,UHRF1,0.8564839
48,281,KBTBD11,TGM2,0.8535019
48,380,KBTBD11,NPDC1,0.8501484
48,252,KBTBD11,HOXA9,0.84943974
48,379,KBTBD11,BCL2,0.8481178
48,53,KBTBD11,FCHO2,0.8306406
48,290,KBTBD11,TMEM14C,0.82974154
48,67,KBTBD11,TEK,0.82961243
48,442,KBTBD11,HLF,0.82961243
48,392,KBTBD11,PBX1,0.8265034
48,445,KBTBD11,IL1R1,0.8264584
48,302,KBTBD11,MEIS1,0.82635236
48,498,KBTBD11,DENND2D,0.82058334
48,85,KBTBD11,MECOM,0.80935556
271,530,KCNK5,IKZF1,0.9804519
271,27,KCNK5,HSD3B7,0.9782137
271,334,KCNK5,CD74,0.97744
271,118,KCNK5,FOXO1,0.97713655
271,66,KCNK5,CBFB,0.9767596
271,367,KCNK5,IL7R,0.97627
271,69,KCNK5,MAGED1,0.9751501
271,267,KCNK5,SLC2A3,0.9750279
271,320,KCNK5,MYC,0.97493595
271,76,KCNK5,ESR1,0.97471106
271,335,KCNK5,HDAC7,0.97307634
271,416,KCNK5,GATA2,0.9728702
271,233,KCNK5,NOTCH1,0.9723226
271,536,KCNK5,MOGS,0.9719688
271,515,KCNK5,NCF1,0.97154915
271,221,KCNK5,ARPP21,0.9713752
271,257,KCNK5,UHRF1,0.97038764
271,527,KCNK5,TUBB4B,0.97021747
271,398,KCNK5,APOE,0.97019243
271,422,KCNK5,RUNX2,0.9699674
271,277,KCNK5,MEF2C,0.9690424
271,518,KCNK5,IL12A,0.9686428
271,46,KCNK5,VDR,0.9680402
271,252,KCNK5,HOXA9,0.96744543
271,281,KCNK5,TGM2,0.96544003
271,380,KCNK5,NPDC1,0.96544003
271,379,KCNK5,BCL2,0.9643449
271,237,KCNK5,ELF1,0.962846
271,442,KCNK5,HLF,0.96237224
271,290,KCNK5,TMEM14C,0.9623444
271,67,KCNK5,TEK,0.9617003
271,302,KCNK5,MEIS1,0.9613928
271,498,KCNK5,DENND2D,0.96044564
271,550,KCNK5,SPI1,0.960061
271,392,KCNK5,PBX1,0.9586505
271,445,KCNK5,IL1R1,0.95863694
271,85,KCNK5,MECOM,0.9575116
271,541,KCNK5,PGR,0.9568668
271,525,KCNK5,CD44,0.9548703
271,53,KCNK5,FCHO2,0.94876146
271,116,KCNK5,TOP2A,0.9484471
271,44,KCNK5,NUDT19,0.9329876
271,155,KCNK5,MYCN,0.9159162
271,42,KCNK5,DACH1,0.91384727
271,145,KCNK5,HMGB2,0.9103302
271,190,KCNK5,TIPIN,0.9089665
271,468,KCNK5,VEGFC,0.9067861
271,78,KCNK5,ICA1,0.9067709
271,506,KCNK5,PRIM1,0.89316344
271,58,KCNK5,RARB,0.8900143
146,233,KCTD12,NOTCH1,0.97817254
146,367,KCTD12,IL7R,0.9766392
146,320,KCTD12,MYC,0.97638875
146,335,KCTD12,HDAC7,0.9759747
146,267,KCTD12,SLC2A3,0.9752999
146,518,KCTD12,IL12A,0.97421986
146,422,KCTD12,RUNX2,0.97406965
146,550,KCTD12,SPI1,0.97183806
146,76,KCTD12,ESR1,0.9713207
146,527,KCTD12,TUBB4B,0.9710395
146,118,KCTD12,FOXO1,0.97061217
146,530,KCTD12,IKZF1,0.970611
146,27,KCTD12,HSD3B7,0.97013927
146,334,KCTD12,CD74,0.96979886
146,221,KCTD12,ARPP21,0.9663258
146,46,KCTD12,VDR,0.9657819
146,66,KCTD12,CBFB,0.9656114
146,69,KCTD12,MAGED1,0.9646389
146,525,KCTD12,CD44,0.9628639
146,416,KCTD12,GATA2,0.9626142
146,515,KCTD12,NCF1,0.9582637
146,536,KCTD12,MOGS,0.9576883
146,116,KCTD12,TOP2A,0.953157
146,257,KCTD12,UHRF1,0.9528703
146,277,KCTD12,MEF2C,0.9523397
146,252,KCTD12,HOXA9,0.9503138
146,216,KCTD12,MCM7,0.9498885
146,281,KCTD12,TGM2,0.948677
146,380,KCTD12,NPDC1,0.9455354
146,67,KCTD12,TEK,0.94369143
146,379,KCTD12,BCL2,0.94337666
146,290,KCTD12,TMEM14C,0.941119
146,302,KCTD12,MEIS1,0.9385329
146,442,KCTD12,HLF,0.93479735
146,398,KCTD12,APOE,0.93477917
146,85,KCTD12,MECOM,0.93331623
146,44,KCTD12,NUDT19,0.93242997
146,392,KCTD12,PBX1,0.9305268
146,445,KCTD12,IL1R1,0.9305067
146,498,KCTD12,DENND2D,0.9244807
146,145,KCTD12,HMGB2,0.922317
146,541,KCTD12,PGR,0.92142886
146,459,KCTD12,IRF8,0.920937
146,190,KCTD12,TIPIN,0.9162186
146,506,KCTD12,PRIM1,0.91295147
146,42,KCTD12,DACH1,0.89455014
146,155,KCTD12,MYCN,0.85438174
146,284,KCTD12,MAML3,0.8509333
146,213,KCTD12,MCM4,0.8494049
146,96,KCTD12,SLBP,0.84901786
193,527,KIF17,TUBB4B,0.9804482
193,422,KIF17,RUNX2,0.9795156
193,518,KIF17,IL12A,0.9794573
193,550,KIF17,SPI1,0.9756468
193,116,KIF17,TOP2A,0.9744888
193,525,KIF17,CD44,0.97241795
193,145,KIF17,HMGB2,0.9706331
193,233,KIF17,NOTCH1,0.9704203
193,190,KIF17,TIPIN,0.96839195
193,216,KIF17,MCM7,0.9672028
193,506,KIF17,PRIM1,0.9660805
193,96,KIF17,SLBP,0.9635566
193,213,KIF17,MCM4,0.9625164
193,320,KIF17,MYC,0.96238226
193,60,KIF17,CDT1,0.9607973
193,131,KIF17,CKS1B,0.9607973
193,335,KIF17,HDAC7,0.9602129
193,68,KIF17,MKI67,0.95707554
193,367,KIF17,IL7R,0.9552167
193,267,KIF17,SLC2A3,0.94998187
193,324,KIF17,REL,0.9312972
193,530,KIF17,IKZF1,0.9259667
193,27,KIF17,HSD3B7,0.9224093
193,334,KIF17,CD74,0.9223726
193,118,KIF17,FOXO1,0.9221475
193,459,KIF17,IRF8,0.91241115
193,221,KIF17,ARPP21,0.90789133
193,66,KIF17,CBFB,0.9026461
193,46,KIF17,VDR,0.90241784
193,67,KIF17,TEK,0.89941174
193,69,KIF17,MAGED1,0.89826274
193,416,KIF17,GATA2,0.89369905
193,76,KIF17,ESR1,0.88950634
193,515,KIF17,NCF1,0.8892153
193,536,KIF17,MOGS,0.87684935
193,58,KIF17,RARB,0.8617976
193,277,KIF17,MEF2C,0.8603895
193,257,KIF17,UHRF1,0.85598487
193,281,KIF17,TGM2,0.8535019
193,380,KIF17,NPDC1,0.8535019
193,252,KIF17,HOXA9,0.84943974
193,379,KIF17,BCL2,0.848639
193,442,KIF17,HLF,0.82961243
193,290,KIF17,TMEM14C,0.8289425
193,392,KIF17,PBX1,0.8265034
193,53,KIF17,FCHO2,0.82645017
193,302,KIF17,MEIS1,0.82635236
193,445,KIF17,IL1R1,0.8258423
193,498,KIF17,DENND2D,0.82061315
193,85,KIF17,MECOM,0.8093563
325,422,KLF3,RUNX2,0.9795156
325,518,KLF3,IL12A,0.9794573
325,550,KLF3,SPI1,0.97564316
325,116,KLF3,TOP2A,0.9744888
325,525,KLF3,CD44,0.97241795
325,145,KLF3,HMGB2,0.9706331
325,190,KLF3,TIPIN,0.96839195
325,96,KLF3,SLBP,0.967968
325,527,KLF3,TUBB4B,0.9675252
325,216,KLF3,MCM7,0.96719766
325,506,KLF3,PRIM1,0.9660805
325,213,KLF3,MCM4,0.9625164
325,131,KLF3,CKS1B,0.9608346
325,60,KLF3,CDT1,0.9607973
325,335,KLF3,HDAC7,0.96011674
325,320,KLF3,MYC,0.9599392
325,68,KLF3,MKI67,0.95707554
325,367,KLF3,IL7R,0.9552167
325,233,KLF3,NOTCH1,0.9541565
325,267,KLF3,SLC2A3,0.95267457
325,324,KLF3,REL,0.93123853
325,27,KLF3,HSD3B7,0.9224093
325,334,KLF3,CD74,0.9224093
325,118,KLF3,FOXO1,0.9221475
325,459,KLF3,IRF8,0.9123395
325,530,KLF3,IKZF1,0.909508
325,221,KLF3,ARPP21,0.9077895
325,46,KLF3,VDR,0.9026461
325,66,KLF3,CBFB,0.9026461
325,69,KLF3,MAGED1,0.89826274
325,416,KLF3,GATA2,0.8936075
325,515,KLF3,NCF1,0.8819892
325,536,KLF3,MOGS,0.87684935
325,76,KLF3,ESR1,0.870225
325,277,KLF3,MEF2C,0.86457276
325,58,KLF3,RARB,0.8617976
325,257,KLF3,UHRF1,0.85598487
325,281,KLF3,TGM2,0.8535019
325,380,KLF3,NPDC1,0.8535019
325,252,KLF3,HOXA9,0.84943974
325,379,KLF3,BCL2,0.8481178
325,67,KLF3,TEK,0.82961243
325,290,KLF3,TMEM14C,0.82961243
325,442,KLF3,HLF,0.82961243
325,392,KLF3,PBX1,0.8265034
325,53,KLF3,FCHO2,0.82645017
325,445,KLF3,IL1R1,0.82645017
325,302,KLF3,MEIS1,0.82635236
325,498,KLF3,DENND2D,0.82061315
325,85,KLF3,MECOM,0.8093563
399,527,KLF6,TUBB4B,0.9804364
399,422,KLF6,RUNX2,0.9795156
399,518,KLF6,IL12A,0.9794573
399,550,KLF6,SPI1,0.9756468
399,116,KLF6,TOP2A,0.97443175
399,525,KLF6,CD44,0.9733016
399,145,KLF6,HMGB2,0.9706331
399,233,KLF6,NOTCH1,0.97014475
399,190,KLF6,TIPIN,0.96839195
399,216,KLF6,MCM7,0.9671949
399,506,KLF6,PRIM1,0.9660947
399,96,KLF6,SLBP,0.9635566
399,60,KLF6,CDT1,0.9607973
399,131,KLF6,CKS1B,0.9607973
399,335,KLF6,HDAC7,0.9602129
399,320,KLF6,MYC,0.9599392
399,213,KLF6,MCM4,0.959708
399,68,KLF6,MKI67,0.95707554
399,367,KLF6,IL7R,0.9552167
399,267,KLF6,SLC2A3,0.94998187
399,324,KLF6,REL,0.9312972
399,530,KLF6,IKZF1,0.9259667
399,27,KLF6,HSD3B7,0.92290354
399,334,KLF6,CD74,0.9224093
399,118,KLF6,FOXO1,0.9221475
399,459,KLF6,IRF8,0.91303074
399,221,KLF6,ARPP21,0.9078995
399,46,KLF6,VDR,0.9026461
399,66,KLF6,CBFB,0.9026461
399,69,KLF6,MAGED1,0.89826804
399,416,KLF6,GATA2,0.89369905
399,76,KLF6,ESR1,0.88950634
399,515,KLF6,NCF1,0.8819892
399,536,KLF6,MOGS,0.87684935
399,58,KLF6,RARB,0.8617976
399,277,KLF6,MEF2C,0.8601613
399,257,KLF6,UHRF1,0.85598487
399,281,KLF6,TGM2,0.8535019
399,380,KLF6,NPDC1,0.8535019
399,252,KLF6,HOXA9,0.84943974
399,379,KLF6,BCL2,0.8481178
399,302,KLF6,MEIS1,0.8345769
399,67,KLF6,TEK,0.82961243
399,290,KLF6,TMEM14C,0.82961243
399,442,KLF6,HLF,0.82961243
399,392,KLF6,PBX1,0.82685876
399,53,KLF6,FCHO2,0.82645017
399,445,KLF6,IL1R1,0.82645017
399,498,KLF6,DENND2D,0.82061315
399,85,KLF6,MECOM,0.8093563
127,422,KLHL4,RUNX2,0.9795156
127,518,KLHL4,IL12A,0.9794573
127,527,KLHL4,TUBB4B,0.9790491
127,116,KLHL4,TOP2A,0.97564894
127,550,KLHL4,SPI1,0.9756468
127,525,KLHL4,CD44,0.97241795
127,145,KLHL4,HMGB2,0.9706331
127,190,KLHL4,TIPIN,0.96839195
127,216,KLHL4,MCM7,0.9671949
127,506,KLHL4,PRIM1,0.9660805
127,233,KLHL4,NOTCH1,0.9640741
127,96,KLHL4,SLBP,0.9635566
127,213,KLHL4,MCM4,0.96251667
127,335,KLHL4,HDAC7,0.9624479
127,131,KLHL4,CKS1B,0.9607973
127,320,KLHL4,MYC,0.9599392
127,68,KLHL4,MKI67,0.95707554
127,367,KLHL4,IL7R,0.9552167
127,267,KLHL4,SLC2A3,0.94998187
127,60,KLHL4,CDT1,0.9443305
127,221,KLHL4,ARPP21,0.94379866
127,324,KLHL4,REL,0.93116575
127,530,KLHL4,IKZF1,0.9259667
127,334,KLHL4,CD74,0.92260367
127,27,KLHL4,HSD3B7,0.9224093
127,118,KLHL4,FOXO1,0.9221475
127,459,KLHL4,IRF8,0.91241115
127,46,KLHL4,VDR,0.9026461
127,67,KLHL4,TEK,0.8989722
127,69,KLHL4,MAGED1,0.8981725
127,416,KLHL4,GATA2,0.89369905
127,66,KLHL4,CBFB,0.8838176
127,515,KLHL4,NCF1,0.8819892
127,536,KLHL4,MOGS,0.87684935
127,257,KLHL4,UHRF1,0.8728619
127,277,KLHL4,MEF2C,0.87130165
127,58,KLHL4,RARB,0.8617976
127,281,KLHL4,TGM2,0.85372734
127,380,KLHL4,NPDC1,0.8535019
127,252,KLHL4,HOXA9,0.84943974
127,379,KLHL4,BCL2,0.8481178
127,53,KLHL4,FCHO2,0.8414141
127,442,KLHL4,HLF,0.8298682
127,290,KLHL4,TMEM14C,0.82961243
127,392,KLHL4,PBX1,0.8265034
127,445,KLHL4,IL1R1,0.82645017
127,302,KLHL4,MEIS1,0.82635236
127,498,KLHL4,DENND2D,0.8206618
127,85,KLHL4,MECOM,0.8093563
127,44,KLHL4,NUDT19,0.80635184
475,527,KRT18,TUBB4B,0.98043364
475,518,KRT18,IL12A,0.9794535
475,422,KRT18,RUNX2,0.9783077
475,550,KRT18,SPI1,0.9756326
475,116,KRT18,TOP2A,0.97446626
475,145,KRT18,HMGB2,0.970611
475,233,KRT18,NOTCH1,0.9701311
475,525,KRT18,CD44,0.96956295
475,190,KRT18,TIPIN,0.96836823
475,216,KRT18,MCM7,0.96716946
475,506,KRT18,PRIM1,0.96605486
475,213,KRT18,MCM4,0.965153
475,96,KRT18,SLBP,0.9635277
475,60,KRT18,CDT1,0.96076596
475,131,KRT18,CKS1B,0.96076596
475,320,KRT18,MYC,0.9599596
475,68,KRT18,MKI67,0.95702374
475,367,KRT18,IL7R,0.95524126
475,267,KRT18,SLC2A3,0.9499686
475,324,KRT18,REL,0.93120545
475,530,KRT18,IKZF1,0.9260062
475,27,KRT18,HSD3B7,0.9224499
475,334,KRT18,CD74,0.9222378
475,118,KRT18,FOXO1,0.9221889
475,221,KRT18,ARPP21,0.9153509
475,459,KRT18,IRF8,0.91246
475,46,KRT18,VDR,0.9026997
475,66,KRT18,CBFB,0.9026997
475,69,KRT18,MAGED1,0.89831567
475,335,KRT18,HDAC7,0.89272803
475,76,KRT18,ESR1,0.88955456
475,536,KRT18,MOGS,0.8769033
475,58,KRT18,RARB,0.86185503
475,257,KRT18,UHRF1,0.85603803
475,281,KRT18,TGM2,0.85355717
475,380,KRT18,NPDC1,0.85355717
475,252,KRT18,HOXA9,0.84950596
475,379,KRT18,BCL2,0.8484511
475,53,KRT18,FCHO2,0.8381804
475,67,KRT18,TEK,0.8296716
475,290,KRT18,TMEM14C,0.8296716
475,442,KRT18,HLF,0.8296716
475,277,KRT18,MEF2C,0.82935834
475,302,KRT18,MEIS1,0.82709783
475,392,KRT18,PBX1,0.82656115
475,445,KRT18,IL1R1,0.82650805
475,498,KRT18,DENND2D,0.82068133
475,398,KRT18,APOE,0.8154567
475,85,KRT18,MECOM,0.8094397
475,44,KRT18,NUDT19,0.8066942
465,527,LACTB,TUBB4B,0.9804482
465,422,LACTB,RUNX2,0.9795156
465,518,LACTB,IL12A,0.97898465
465,550,LACTB,SPI1,0.9756468
465,116,LACTB,TOP2A,0.9744888
465,525,LACTB,CD44,0.97240037
465,145,LACTB,HMGB2,0.9706331
465,506,LACTB,PRIM1,0.97011596
465,190,LACTB,TIPIN,0.96839195
465,216,LACTB,MCM7,0.9671949
465,233,LACTB,NOTCH1,0.9645556
465,96,LACTB,SLBP,0.9635566
465,213,LACTB,MCM4,0.9625164
465,131,LACTB,CKS1B,0.9607973
465,335,LACTB,HDAC7,0.9602129
465,320,LACTB,MYC,0.95994127
465,60,LACTB,CDT1,0.9587652
465,68,LACTB,MKI67,0.95707554
465,267,LACTB,SLC2A3,0.94998187
465,367,LACTB,IL7R,0.9470742
465,324,LACTB,REL,0.9313936
465,530,LACTB,IKZF1,0.9259667
465,118,LACTB,FOXO1,0.9226252
465,27,LACTB,HSD3B7,0.9224093
465,334,LACTB,CD74,0.9224093
465,459,LACTB,IRF8,0.91241115
465,221,LACTB,ARPP21,0.9078995
465,46,LACTB,VDR,0.9026461
465,66,LACTB,CBFB,0.9023082
465,69,LACTB,MAGED1,0.89826274
465,76,LACTB,ESR1,0.8956794
465,416,LACTB,GATA2,0.8941277
465,515,LACTB,NCF1,0.88200414
465,536,LACTB,MOGS,0.87684935
465,257,LACTB,UHRF1,0.8728619
465,58,LACTB,RARB,0.8617976
465,277,LACTB,MEF2C,0.85981333
465,281,LACTB,TGM2,0.8535019
465,380,LACTB,NPDC1,0.8535019
465,252,LACTB,HOXA9,0.84943974
465,379,LACTB,BCL2,0.8481178
465,498,LACTB,DENND2D,0.84103245
465,67,LACTB,TEK,0.830005
465,290,LACTB,TMEM14C,0.82974154
465,442,LACTB,HLF,0.82961243
465,392,LACTB,PBX1,0.8265034
465,53,LACTB,FCHO2,0.82645017
465,445,LACTB,IL1R1,0.82645017
465,302,LACTB,MEIS1,0.82635236
465,85,LACTB,MECOM,0.81041145
99,527,LAG3,TUBB4B,0.9804482
99,422,LAG3,RUNX2,0.9795156
99,518,LAG3,IL12A,0.9794573
99,550,LAG3,SPI1,0.9756468
99,116,LAG3,TOP2A,0.9744888
99,525,LAG3,CD44,0.97241795
99,145,LAG3,HMGB2,0.9706331
99,190,LAG3,TIPIN,0.96839195
99,216,LAG3,MCM7,0.9671949
99,506,LAG3,PRIM1,0.9660805
99,96,LAG3,SLBP,0.9635566
99,60,LAG3,CDT1,0.9607973
99,131,LAG3,CKS1B,0.9607973
99,213,LAG3,MCM4,0.96077335
99,335,LAG3,HDAC7,0.96017826
99,320,LAG3,MYC,0.9599392
99,68,LAG3,MKI67,0.95707554
99,367,LAG3,IL7R,0.9552167
99,267,LAG3,SLC2A3,0.94998187
99,324,LAG3,REL,0.9312972
99,530,LAG3,IKZF1,0.9265143
99,334,LAG3,CD74,0.9224093
99,118,LAG3,FOXO1,0.9221475
99,27,LAG3,HSD3B7,0.9221469
99,257,LAG3,UHRF1,0.91570383
99,459,LAG3,IRF8,0.91241115
99,66,LAG3,CBFB,0.9079833
99,221,LAG3,ARPP21,0.9078995
99,233,LAG3,NOTCH1,0.90727675
99,46,LAG3,VDR,0.90226114
99,69,LAG3,MAGED1,0.89826274
99,416,LAG3,GATA2,0.8937529
99,76,LAG3,ESR1,0.88950634
99,515,LAG3,NCF1,0.8819892
99,536,LAG3,MOGS,0.87684935
99,58,LAG3,RARB,0.8617976
99,277,LAG3,MEF2C,0.8603895
99,281,LAG3,TGM2,0.8535019
99,380,LAG3,NPDC1,0.8535019
99,252,LAG3,HOXA9,0.84943974
99,379,LAG3,BCL2,0.8481178
99,67,LAG3,TEK,0.82961243
99,290,LAG3,TMEM14C,0.82961243
99,442,LAG3,HLF,0.82961243
99,53,LAG3,FCHO2,0.82645017
99,445,LAG3,IL1R1,0.82645017
99,302,LAG3,MEIS1,0.82635236
99,392,LAG3,PBX1,0.8262921
99,85,LAG3,MECOM,0.8093563
99,44,LAG3,NUDT19,0.80635184
341,527,LAX1,TUBB4B,0.9804482
341,422,LAX1,RUNX2,0.9795156
341,518,LAX1,IL12A,0.9794573
341,550,LAX1,SPI1,0.9756468
341,116,LAX1,TOP2A,0.9744888
341,145,LAX1,HMGB2,0.9721621
341,525,LAX1,CD44,0.97188854
341,190,LAX1,TIPIN,0.9712489
341,233,LAX1,NOTCH1,0.9702341
341,216,LAX1,MCM7,0.9671737
341,367,LAX1,IL7R,0.9642963
341,506,LAX1,PRIM1,0.9636266
341,96,LAX1,SLBP,0.9635566
341,213,LAX1,MCM4,0.9625164
341,60,LAX1,CDT1,0.9607973
341,131,LAX1,CKS1B,0.9607973
341,335,LAX1,HDAC7,0.9602129
341,320,LAX1,MYC,0.9599392
341,68,LAX1,MKI67,0.95707554
341,267,LAX1,SLC2A3,0.94998187
341,324,LAX1,REL,0.93123853
341,530,LAX1,IKZF1,0.9259667
341,118,LAX1,FOXO1,0.9221475
341,27,LAX1,HSD3B7,0.9202182
341,334,LAX1,CD74,0.91284585
341,459,LAX1,IRF8,0.9124466
341,221,LAX1,ARPP21,0.9078995
341,46,LAX1,VDR,0.9026461
341,66,LAX1,CBFB,0.9026461
341,69,LAX1,MAGED1,0.89826274
341,416,LAX1,GATA2,0.89369905
341,76,LAX1,ESR1,0.88931614
341,515,LAX1,NCF1,0.8819892
341,536,LAX1,MOGS,0.87684935
341,58,LAX1,RARB,0.8617976
341,277,LAX1,MEF2C,0.8603895
341,257,LAX1,UHRF1,0.85598487
341,281,LAX1,TGM2,0.8535019
341,380,LAX1,NPDC1,0.8535019
341,252,LAX1,HOXA9,0.84949535
341,379,LAX1,BCL2,0.8481178
341,67,LAX1,TEK,0.82961243
341,442,LAX1,HLF,0.82961243
341,53,LAX1,FCHO2,0.826524
341,392,LAX1,PBX1,0.8265034
341,302,LAX1,MEIS1,0.82635236
341,445,LAX1,IL1R1,0.82216334
341,290,LAX1,TMEM14C,0.81451964
341,85,LAX1,MECOM,0.8093563
341,498,LAX1,DENND2D,0.80894923
381,527,LCK,TUBB4B,0.98028266
381,422,LCK,RUNX2,0.9793147
381,518,LCK,IL12A,0.97926646
381,550,LCK,SPI1,0.97546375
381,116,LCK,TOP2A,0.97426885
381,525,LCK,CD44,0.9722338
381,145,LCK,HMGB2,0.9703141
381,233,LCK,NOTCH1,0.9701081
381,190,LCK,TIPIN,0.96688974
381,216,LCK,MCM7,0.9668086
381,506,LCK,PRIM1,0.965693
381,96,LCK,SLBP,0.96312803
381,213,LCK,MCM4,0.9620707
381,60,LCK,CDT1,0.9603363
381,131,LCK,CKS1B,0.9603363
381,335,LCK,HDAC7,0.96024585
381,68,LCK,MKI67,0.9571096
381,367,LCK,IL7R,0.9554537
381,267,LCK,SLC2A3,0.95036656
381,324,LCK,REL,0.9311132
381,530,LCK,IKZF1,0.92668086
381,27,LCK,HSD3B7,0.9231927
381,334,LCK,CD74,0.9231927
381,118,LCK,FOXO1,0.9228073
381,459,LCK,IRF8,0.91306305
381,221,LCK,ARPP21,0.9089198
381,46,LCK,VDR,0.9035716
381,320,LCK,MYC,0.9018077
381,69,LCK,MAGED1,0.899318
381,416,LCK,GATA2,0.8948508
381,76,LCK,ESR1,0.89073807
381,66,LCK,CBFB,0.8849314
381,536,LCK,MOGS,0.87817514
381,58,LCK,RARB,0.8628342
381,277,LCK,MEF2C,0.8618868
381,257,LCK,UHRF1,0.8576388
381,281,LCK,TGM2,0.85517794
381,380,LCK,NPDC1,0.85517794
381,252,LCK,HOXA9,0.8509682
381,379,LCK,BCL2,0.84977186
381,515,LCK,NCF1,0.84058183
381,284,LCK,MAML3,0.83871627
381,290,LCK,TMEM14C,0.83155197
381,442,LCK,HLF,0.83155197
381,445,LCK,IL1R1,0.83096844
381,392,LCK,PBX1,0.8284718
381,53,LCK,FCHO2,0.82841915
381,302,LCK,MEIS1,0.8281455
381,498,LCK,DENND2D,0.8227145
381,85,LCK,MECOM,0.81142974
157,527,LDHB,TUBB4B,0.9804482
157,422,LDHB,RUNX2,0.9795156
157,518,LDHB,IL12A,0.9794573
157,550,LDHB,SPI1,0.9756468
157,116,LDHB,TOP2A,0.97470266
157,525,LDHB,CD44,0.97241795
157,145,LDHB,HMGB2,0.9706331
157,233,LDHB,NOTCH1,0.97014475
157,190,LDHB,TIPIN,0.96839195
157,335,LDHB,HDAC7,0.96783954
157,216,LDHB,MCM7,0.96719766
157,506,LDHB,PRIM1,0.9660805
157,96,LDHB,SLBP,0.9635566
157,213,LDHB,MCM4,0.9625164
157,131,LDHB,CKS1B,0.9607973
157,320,LDHB,MYC,0.9599392
157,60,LDHB,CDT1,0.95946586
157,68,LDHB,MKI67,0.95707554
157,367,LDHB,IL7R,0.9541503
157,267,LDHB,SLC2A3,0.94998187
157,324,LDHB,REL,0.9312972
157,530,LDHB,IKZF1,0.9259667
157,118,LDHB,FOXO1,0.9226252
157,334,LDHB,CD74,0.9224093
157,27,LDHB,HSD3B7,0.91284585
157,459,LDHB,IRF8,0.91241115
157,221,LDHB,ARPP21,0.9097492
157,46,LDHB,VDR,0.9026461
157,66,LDHB,CBFB,0.9026461
157,69,LDHB,MAGED1,0.89826274
157,416,LDHB,GATA2,0.89369905
157,76,LDHB,ESR1,0.8897694
157,515,LDHB,NCF1,0.8819892
157,536,LDHB,MOGS,0.87684935
157,58,LDHB,RARB,0.8617976
157,277,LDHB,MEF2C,0.85994035
157,257,LDHB,UHRF1,0.85598487
157,281,LDHB,TGM2,0.8535019
157,380,LDHB,NPDC1,0.8535019
157,442,LDHB,HLF,0.8472764
157,252,LDHB,HOXA9,0.8351381
157,290,LDHB,TMEM14C,0.82961243
157,392,LDHB,PBX1,0.8265772
157,445,LDHB,IL1R1,0.82645017
157,302,LDHB,MEIS1,0.82635236
157,498,LDHB,DENND2D,0.82061315
157,85,LDHB,MECOM,0.8093563
157,379,LDHB,BCL2,0.808074
157,44,LDHB,NUDT19,0.80643725
157,541,LDHB,PGR,0.80635184
15,527,LDHD,TUBB4B,0.9804482
15,422,LDHD,RUNX2,0.9795156
15,518,LDHD,IL12A,0.9794485
15,550,LDHD,SPI1,0.9756468
15,116,LDHD,TOP2A,0.97451246
15,525,LDHD,CD44,0.9726795
15,145,LDHD,HMGB2,0.9706331
15,233,LDHD,NOTCH1,0.9701742
15,190,LDHD,TIPIN,0.96839195
15,216,LDHD,MCM7,0.9671949
15,506,LDHD,PRIM1,0.9660805
15,324,LDHD,REL,0.966051
15,96,LDHD,SLBP,0.9635566
15,213,LDHD,MCM4,0.9625164
15,60,LDHD,CDT1,0.9607973
15,131,LDHD,CKS1B,0.9607973
15,335,LDHD,HDAC7,0.9602129
15,320,LDHD,MYC,0.9599392
15,68,LDHD,MKI67,0.95707554
15,367,LDHD,IL7R,0.9552167
15,267,LDHD,SLC2A3,0.94998187
15,530,LDHD,IKZF1,0.9259667
15,334,LDHD,CD74,0.92240334
15,27,LDHD,HSD3B7,0.92192364
15,459,LDHD,IRF8,0.91241115
15,221,LDHD,ARPP21,0.9078995
15,118,LDHD,FOXO1,0.90283537
15,46,LDHD,VDR,0.9026461
15,66,LDHD,CBFB,0.9026461
15,442,LDHD,HLF,0.89941174
15,69,LDHD,MAGED1,0.8982544
15,416,LDHD,GATA2,0.89369905
15,76,LDHD,ESR1,0.88950634
15,515,LDHD,NCF1,0.88200414
15,536,LDHD,MOGS,0.8763853
15,58,LDHD,RARB,0.8617976
15,277,LDHD,MEF2C,0.86041653
15,380,LDHD,NPDC1,0.8542837
15,281,LDHD,TGM2,0.8535019
15,252,LDHD,HOXA9,0.84943974
15,379,LDHD,BCL2,0.8481178
15,53,LDHD,FCHO2,0.84265935
15,468,LDHD,VEGFC,0.8311727
15,257,LDHD,UHRF1,0.8311548
15,67,LDHD,TEK,0.82961243
15,290,LDHD,TMEM14C,0.82961243
15,392,LDHD,PBX1,0.8265034
15,445,LDHD,IL1R1,0.82645017
15,302,LDHD,MEIS1,0.82635236
15,498,LDHD,DENND2D,0.82061315
214,527,LGALS1,TUBB4B,0.9804482
214,422,LGALS1,RUNX2,0.9795156
214,518,LGALS1,IL12A,0.9794573
214,550,LGALS1,SPI1,0.9775419
214,116,LGALS1,TOP2A,0.9744888
214,525,LGALS1,CD44,0.97241795
214,145,LGALS1,HMGB2,0.9706331
214,233,LGALS1,NOTCH1,0.97014475
214,190,LGALS1,TIPIN,0.96839195
214,216,LGALS1,MCM7,0.9671949
214,506,LGALS1,PRIM1,0.9660805
214,60,LGALS1,CDT1,0.96552783
214,96,LGALS1,SLBP,0.9635558
214,213,LGALS1,MCM4,0.9625164
214,131,LGALS1,CKS1B,0.9607973
214,320,LGALS1,MYC,0.959451
214,68,LGALS1,MKI67,0.95707554
214,367,LGALS1,IL7R,0.9552167
214,267,LGALS1,SLC2A3,0.94998187
214,27,LGALS1,HSD3B7,0.9446072
214,324,LGALS1,REL,0.9313936
214,530,LGALS1,IKZF1,0.9259667
214,334,LGALS1,CD74,0.9224093
214,118,LGALS1,FOXO1,0.9221475
214,53,LGALS1,FCHO2,0.9132743
214,459,LGALS1,IRF8,0.91241115
214,221,LGALS1,ARPP21,0.9075741
214,46,LGALS1,VDR,0.9026461
214,66,LGALS1,CBFB,0.9026461
214,69,LGALS1,MAGED1,0.89826274
214,416,LGALS1,GATA2,0.89369905
214,76,LGALS1,ESR1,0.88950634
214,335,LGALS1,HDAC7,0.88650966
214,515,LGALS1,NCF1,0.8819892
214,252,LGALS1,HOXA9,0.8805257
214,536,LGALS1,MOGS,0.87684935
214,58,LGALS1,RARB,0.8617976
214,277,LGALS1,MEF2C,0.8603895
214,257,LGALS1,UHRF1,0.8558997
214,281,LGALS1,TGM2,0.8535019
214,379,LGALS1,BCL2,0.8481178
214,67,LGALS1,TEK,0.82961243
214,290,LGALS1,TMEM14C,0.82961243
214,442,LGALS1,HLF,0.82961243
214,392,LGALS1,PBX1,0.8265034
214,445,LGALS1,IL1R1,0.82645017
214,302,LGALS1,MEIS1,0.82635236
214,498,LGALS1,DENND2D,0.82061315
214,44,LGALS1,NUDT19,0.8153746
214,85,LGALS1,MECOM,0.8093563
224,527,LGMN,TUBB4B,0.9804482
224,422,LGMN,RUNX2,0.9795156
224,518,LGMN,IL12A,0.97795206
224,550,LGMN,SPI1,0.9756468
224,145,LGMN,HMGB2,0.97496
224,116,LGMN,TOP2A,0.9744888
224,525,LGMN,CD44,0.97241795
224,233,LGMN,NOTCH1,0.97013724
224,190,LGMN,TIPIN,0.96839195
224,216,LGMN,MCM7,0.9671949
224,506,LGMN,PRIM1,0.9660805
224,213,LGMN,MCM4,0.9625164
224,60,LGMN,CDT1,0.9617205
224,131,LGMN,CKS1B,0.9607973
224,335,LGMN,HDAC7,0.9602129
224,320,LGMN,MYC,0.9599392
224,68,LGMN,MKI67,0.95707554
224,367,LGMN,IL7R,0.9552167
224,267,LGMN,SLC2A3,0.94998187
224,96,LGMN,SLBP,0.9485822
224,324,LGMN,REL,0.9312972
224,334,LGMN,CD74,0.9273922
224,530,LGMN,IKZF1,0.9259667
224,27,LGMN,HSD3B7,0.9224093
224,118,LGMN,FOXO1,0.9221475
224,459,LGMN,IRF8,0.91241115
224,66,LGMN,CBFB,0.9085503
224,221,LGMN,ARPP21,0.9078995
224,46,LGMN,VDR,0.9026461
224,416,LGMN,GATA2,0.89369905
224,76,LGMN,ESR1,0.88950634
224,515,LGMN,NCF1,0.8819892
224,536,LGMN,MOGS,0.87684935
224,237,LGMN,ELF1,0.876802
224,380,LGMN,NPDC1,0.86616695
224,277,LGMN,MEF2C,0.86457276
224,58,LGMN,RARB,0.86152416
224,257,LGMN,UHRF1,0.85598487
224,281,LGMN,TGM2,0.8535019
224,252,LGMN,HOXA9,0.84943974
224,379,LGMN,BCL2,0.8481178
224,67,LGMN,TEK,0.82961243
224,442,LGMN,HLF,0.82961243
224,392,LGMN,PBX1,0.8265034
224,53,LGMN,FCHO2,0.82645017
224,445,LGMN,IL1R1,0.82645017
224,302,LGMN,MEIS1,0.82635236
224,290,LGMN,TMEM14C,0.822251
224,498,LGMN,DENND2D,0.82061315
224,85,LGMN,MECOM,0.8093563
344,527,LHCGR,TUBB4B,0.9804482
344,422,LHCGR,RUNX2,0.9795156
344,518,LHCGR,IL12A,0.9794573
344,550,LHCGR,SPI1,0.9756468
344,116,LHCGR,TOP2A,0.9744888
344,525,LHCGR,CD44,0.97241795
344,145,LHCGR,HMGB2,0.9721621
344,190,LHCGR,TIPIN,0.9712489
344,233,LHCGR,NOTCH1,0.97014475
344,216,LHCGR,MCM7,0.9671949
344,506,LHCGR,PRIM1,0.9660872
344,96,LHCGR,SLBP,0.9635566
344,213,LHCGR,MCM4,0.9625164
344,60,LHCGR,CDT1,0.9607973
344,131,LHCGR,CKS1B,0.9607973
344,335,LHCGR,HDAC7,0.9602129
344,320,LHCGR,MYC,0.9599392
344,68,LHCGR,MKI67,0.95707554
344,367,LHCGR,IL7R,0.9552167
344,267,LHCGR,SLC2A3,0.94998187
344,324,LHCGR,REL,0.9312972
344,530,LHCGR,IKZF1,0.9259667
344,118,LHCGR,FOXO1,0.9221475
344,27,LHCGR,HSD3B7,0.9202182
344,334,LHCGR,CD74,0.9202182
344,459,LHCGR,IRF8,0.91241115
344,221,LHCGR,ARPP21,0.9078456
344,46,LHCGR,VDR,0.9026461
344,66,LHCGR,CBFB,0.9026461
344,69,LHCGR,MAGED1,0.89826274
344,416,LHCGR,GATA2,0.89369905
344,76,LHCGR,ESR1,0.88931614
344,515,LHCGR,NCF1,0.8819892
344,536,LHCGR,MOGS,0.87684935
344,58,LHCGR,RARB,0.8617976
344,277,LHCGR,MEF2C,0.8603895
344,257,LHCGR,UHRF1,0.85598487
344,281,LHCGR,TGM2,0.8535019
344,380,LHCGR,NPDC1,0.8535019
344,252,LHCGR,HOXA9,0.84943974
344,379,LHCGR,BCL2,0.8481178
344,67,LHCGR,TEK,0.82961243
344,290,LHCGR,TMEM14C,0.82961243
344,442,LHCGR,HLF,0.82961243
344,53,LHCGR,FCHO2,0.826524
344,392,LHCGR,PBX1,0.8265034
344,445,LHCGR,IL1R1,0.82645017
344,302,LHCGR,MEIS1,0.82635236
344,498,LHCGR,DENND2D,0.82061315
344,85,LHCGR,MECOM,0.8093563
178,527,LONP2,TUBB4B,0.98044616
178,422,LONP2,RUNX2,0.9795156
178,518,LONP2,IL12A,0.9794573
178,116,LONP2,TOP2A,0.9758657
178,550,LONP2,SPI1,0.9756468
178,525,LONP2,CD44,0.97241795
178,145,LONP2,HMGB2,0.9706331
178,233,LONP2,NOTCH1,0.97014475
178,190,LONP2,TIPIN,0.96839195
178,216,LONP2,MCM7,0.9671949
178,506,LONP2,PRIM1,0.9660805
178,213,LONP2,MCM4,0.9625164
178,60,LONP2,CDT1,0.96081054
178,131,LONP2,CKS1B,0.9607973
178,96,LONP2,SLBP,0.96075046
178,335,LONP2,HDAC7,0.9602129
178,320,LONP2,MYC,0.9599392
178,68,LONP2,MKI67,0.95707554
178,367,LONP2,IL7R,0.95178723
178,267,LONP2,SLC2A3,0.94998187
178,324,LONP2,REL,0.9312972
178,530,LONP2,IKZF1,0.9259667
178,27,LONP2,HSD3B7,0.9224093
178,334,LONP2,CD74,0.9224093
178,118,LONP2,FOXO1,0.9146215
178,459,LONP2,IRF8,0.91241115
178,69,LONP2,MAGED1,0.90964353
178,66,LONP2,CBFB,0.9027629
178,221,LONP2,ARPP21,0.8989266
178,416,LONP2,GATA2,0.89369905
178,515,LONP2,NCF1,0.8819892
178,536,LONP2,MOGS,0.87684935
178,46,LONP2,VDR,0.8629964
178,58,LONP2,RARB,0.8617976
178,277,LONP2,MEF2C,0.85828704
178,257,LONP2,UHRF1,0.85598487
178,76,LONP2,ESR1,0.8556485
178,380,LONP2,NPDC1,0.8535306
178,281,LONP2,TGM2,0.8534485
178,252,LONP2,HOXA9,0.84943974
178,379,LONP2,BCL2,0.8481178
178,67,LONP2,TEK,0.82961243
178,290,LONP2,TMEM14C,0.82961243
178,442,LONP2,HLF,0.82961243
178,392,LONP2,PBX1,0.8265034
178,53,LONP2,FCHO2,0.82645017
178,445,LONP2,IL1R1,0.82645017
178,302,LONP2,MEIS1,0.82635236
178,498,LONP2,DENND2D,0.82061315
178,237,LONP2,ELF1,0.81140196
179,527,LPCAT2,TUBB4B,0.98044616
179,422,LPCAT2,RUNX2,0.9795156
179,518,LPCAT2,IL12A,0.9794573
179,116,LPCAT2,TOP2A,0.9758657
179,550,LPCAT2,SPI1,0.9756468
179,525,LPCAT2,CD44,0.97241795
179,145,LPCAT2,HMGB2,0.9706331
179,233,LPCAT2,NOTCH1,0.97014475
179,190,LPCAT2,TIPIN,0.96839195
179,216,LPCAT2,MCM7,0.9671949
179,506,LPCAT2,PRIM1,0.9660805
179,213,LPCAT2,MCM4,0.9625164
179,60,LPCAT2,CDT1,0.96081054
179,131,LPCAT2,CKS1B,0.9607973
179,96,LPCAT2,SLBP,0.96075046
179,335,LPCAT2,HDAC7,0.9602129
179,320,LPCAT2,MYC,0.9599392
179,68,LPCAT2,MKI67,0.95707554
179,367,LPCAT2,IL7R,0.95178723
179,267,LPCAT2,SLC2A3,0.94998187
179,324,LPCAT2,REL,0.9312972
179,530,LPCAT2,IKZF1,0.9259667
179,27,LPCAT2,HSD3B7,0.9224093
179,334,LPCAT2,CD74,0.9224093
179,118,LPCAT2,FOXO1,0.9146215
179,459,LPCAT2,IRF8,0.91241115
179,69,LPCAT2,MAGED1,0.90964353
179,66,LPCAT2,CBFB,0.9027629
179,221,LPCAT2,ARPP21,0.8989266
179,416,LPCAT2,GATA2,0.89369905
179,515,LPCAT2,NCF1,0.8819892
179,536,LPCAT2,MOGS,0.87684935
179,46,LPCAT2,VDR,0.8629964
179,58,LPCAT2,RARB,0.8617976
179,277,LPCAT2,MEF2C,0.85828704
179,257,LPCAT2,UHRF1,0.85598487
179,76,LPCAT2,ESR1,0.8556485
179,380,LPCAT2,NPDC1,0.8535306
179,281,LPCAT2,TGM2,0.8534485
179,252,LPCAT2,HOXA9,0.84943974
179,379,LPCAT2,BCL2,0.8481178
179,67,LPCAT2,TEK,0.82961243
179,290,LPCAT2,TMEM14C,0.82961243
179,442,LPCAT2,HLF,0.82961243
179,392,LPCAT2,PBX1,0.8265034
179,53,LPCAT2,FCHO2,0.82645017
179,445,LPCAT2,IL1R1,0.82645017
179,302,LPCAT2,MEIS1,0.82635236
179,498,LPCAT2,DENND2D,0.82061315
179,237,LPCAT2,ELF1,0.81140196
200,527,LRRC8C,TUBB4B,0.98043364
200,422,LRRC8C,RUNX2,0.9795051
200,518,LRRC8C,IL12A,0.97946084
200,550,LRRC8C,SPI1,0.9756326
200,116,LRRC8C,TOP2A,0.9744942
200,525,LRRC8C,CD44,0.97094405
200,145,LRRC8C,HMGB2,0.970611
200,233,LRRC8C,NOTCH1,0.9701442
200,190,LRRC8C,TIPIN,0.96836823
200,213,LRRC8C,MCM4,0.9673707
200,216,LRRC8C,MCM7,0.96715385
200,96,LRRC8C,SLBP,0.9635277
200,320,LRRC8C,MYC,0.9623636
200,506,LRRC8C,PRIM1,0.9618485
200,60,LRRC8C,CDT1,0.96076596
200,131,LRRC8C,CKS1B,0.96076596
200,335,LRRC8C,HDAC7,0.96023333
200,68,LRRC8C,MKI67,0.95702374
200,367,LRRC8C,IL7R,0.95524126
200,267,LRRC8C,SLC2A3,0.9500623
200,530,LRRC8C,IKZF1,0.9338847
200,334,LRRC8C,CD74,0.9224499
200,27,LRRC8C,HSD3B7,0.92196435
200,324,LRRC8C,REL,0.9144104
200,459,LRRC8C,IRF8,0.91246
200,46,LRRC8C,VDR,0.9026997
200,66,LRRC8C,CBFB,0.9026997
200,58,LRRC8C,RARB,0.89952564
200,69,LRRC8C,MAGED1,0.89831567
200,416,LRRC8C,GATA2,0.893747
200,76,LRRC8C,ESR1,0.88955456
200,515,LRRC8C,NCF1,0.88204217
200,536,LRRC8C,MOGS,0.87687427
200,221,LRRC8C,ARPP21,0.8650457
200,257,LRRC8C,UHRF1,0.85603803
200,281,LRRC8C,TGM2,0.85355717
200,380,LRRC8C,NPDC1,0.85355717
200,252,LRRC8C,HOXA9,0.84950596
200,379,LRRC8C,BCL2,0.8481817
200,67,LRRC8C,TEK,0.8296716
200,290,LRRC8C,TMEM14C,0.8296716
200,442,LRRC8C,HLF,0.8296716
200,392,LRRC8C,PBX1,0.82656115
200,445,LRRC8C,IL1R1,0.82650805
200,53,LRRC8C,FCHO2,0.826508
200,302,LRRC8C,MEIS1,0.8264266
200,498,LRRC8C,DENND2D,0.82068133
200,85,LRRC8C,MECOM,0.8094397
200,44,LRRC8C,NUDT19,0.8064323
200,398,LRRC8C,APOE,0.8064323
265,527,LSP1,TUBB4B,0.98044705
265,422,LSP1,RUNX2,0.9794627
265,518,LSP1,IL12A,0.979456
265,550,LSP1,SPI1,0.9756468
265,116,LSP1,TOP2A,0.9744824
265,96,LSP1,SLBP,0.9730008
265,525,LSP1,CD44,0.97241795
265,145,LSP1,HMGB2,0.9706243
265,216,LSP1,MCM7,0.9702774
265,233,LSP1,NOTCH1,0.9701608
265,190,LSP1,TIPIN,0.9683774
265,506,LSP1,PRIM1,0.96602404
265,213,LSP1,MCM4,0.96250504
265,60,LSP1,CDT1,0.9607853
265,131,LSP1,CKS1B,0.9607853
265,335,LSP1,HDAC7,0.96021223
265,320,LSP1,MYC,0.9599384
265,68,LSP1,MKI67,0.95728433
265,367,LSP1,IL7R,0.95591587
265,267,LSP1,SLC2A3,0.94998115
265,27,LSP1,HSD3B7,0.94460666
265,118,LSP1,FOXO1,0.9389714
265,324,LSP1,REL,0.9319846
265,334,LSP1,CD74,0.9224084
265,530,LSP1,IKZF1,0.91314495
265,459,LSP1,IRF8,0.91240466
265,221,LSP1,ARPP21,0.9078986
265,46,LSP1,VDR,0.90264434
265,66,LSP1,CBFB,0.90264434
265,416,LSP1,GATA2,0.89381087
265,76,LSP1,ESR1,0.8897095
265,69,LSP1,MAGED1,0.8863927
265,515,LSP1,NCF1,0.88198787
265,536,LSP1,MOGS,0.87684804
265,58,LSP1,RARB,0.86178815
265,277,LSP1,MEF2C,0.8603876
265,392,LSP1,PBX1,0.8590091
265,257,LSP1,UHRF1,0.8559834
265,281,LSP1,TGM2,0.85349995
265,380,LSP1,NPDC1,0.85349995
265,252,LSP1,HOXA9,0.849437
265,379,LSP1,BCL2,0.8481163
265,67,LSP1,TEK,0.82961106
265,290,LSP1,TMEM14C,0.82961106
265,442,LSP1,HLF,0.82961106
265,53,LSP1,FCHO2,0.82708573
265,445,LSP1,IL1R1,0.8264489
265,302,LSP1,MEIS1,0.82635033
265,498,LSP1,DENND2D,0.8206109
265,398,LSP1,APOE,0.81758267
140,527,LTB,TUBB4B,0.9804482
140,422,LTB,RUNX2,0.9795156
140,518,LTB,IL12A,0.9781739
140,116,LTB,TOP2A,0.9744888
140,216,LTB,MCM7,0.97351426
140,525,LTB,CD44,0.97241795
140,145,LTB,HMGB2,0.9706331
140,233,LTB,NOTCH1,0.97014475
140,550,LTB,SPI1,0.9682758
140,190,LTB,TIPIN,0.96810985
140,506,LTB,PRIM1,0.9660808
140,131,LTB,CKS1B,0.96552783
140,96,LTB,SLBP,0.9635566
140,213,LTB,MCM4,0.9625164
140,335,LTB,HDAC7,0.9602129
140,320,LTB,MYC,0.9599392
140,60,LTB,CDT1,0.95946586
140,68,LTB,MKI67,0.95707554
140,367,LTB,IL7R,0.95523965
140,267,LTB,SLC2A3,0.94998187
140,76,LTB,ESR1,0.93199384
140,324,LTB,REL,0.9316092
140,27,LTB,HSD3B7,0.9224093
140,334,LTB,CD74,0.9224093
140,118,LTB,FOXO1,0.9221475
140,459,LTB,IRF8,0.91241115
140,530,LTB,IKZF1,0.909508
140,221,LTB,ARPP21,0.9078995
140,46,LTB,VDR,0.9026461
140,66,LTB,CBFB,0.90226114
140,69,LTB,MAGED1,0.89878035
140,416,LTB,GATA2,0.89369905
140,515,LTB,NCF1,0.8819892
140,536,LTB,MOGS,0.87684935
140,58,LTB,RARB,0.8620138
140,277,LTB,MEF2C,0.8603895
140,257,LTB,UHRF1,0.85598487
140,281,LTB,TGM2,0.85350466
140,380,LTB,NPDC1,0.8535019
140,252,LTB,HOXA9,0.84943974
140,379,LTB,BCL2,0.8481178
140,290,LTB,TMEM14C,0.8355803
140,67,LTB,TEK,0.82961243
140,442,LTB,HLF,0.82961243
140,392,LTB,PBX1,0.8265034
140,445,LTB,IL1R1,0.82645017
140,498,LTB,DENND2D,0.8264222
140,302,LTB,MEIS1,0.82635236
140,85,LTB,MECOM,0.8093563
140,44,LTB,NUDT19,0.80635184
377,527,LY9,TUBB4B,0.9804482
377,422,LY9,RUNX2,0.9799105
377,518,LY9,IL12A,0.9794573
377,550,LY9,SPI1,0.9756468
377,116,LY9,TOP2A,0.9744888
377,525,LY9,CD44,0.97241795
377,145,LY9,HMGB2,0.9706331
377,233,LY9,NOTCH1,0.97014475
377,190,LY9,TIPIN,0.96839195
377,216,LY9,MCM7,0.9671949
377,506,LY9,PRIM1,0.9636266
377,96,LY9,SLBP,0.9635566
377,213,LY9,MCM4,0.9625164
377,60,LY9,CDT1,0.9607973
377,131,LY9,CKS1B,0.9607973
377,335,LY9,HDAC7,0.9602129
377,320,LY9,MYC,0.9599392
377,68,LY9,MKI67,0.95707554
377,367,LY9,IL7R,0.9552167
377,267,LY9,SLC2A3,0.94998187
377,324,LY9,REL,0.93126315
377,530,LY9,IKZF1,0.9259667
377,27,LY9,HSD3B7,0.9224093
377,334,LY9,CD74,0.9224093
377,118,LY9,FOXO1,0.9221475
377,459,LY9,IRF8,0.91234577
377,221,LY9,ARPP21,0.9078995
377,46,LY9,VDR,0.9026461
377,66,LY9,CBFB,0.90252227
377,58,LY9,RARB,0.89947516
377,69,LY9,MAGED1,0.89826274
377,416,LY9,GATA2,0.89369905
377,76,LY9,ESR1,0.88950634
377,515,LY9,NCF1,0.8819892
377,536,LY9,MOGS,0.87684935
377,277,LY9,MEF2C,0.86934394
377,257,LY9,UHRF1,0.8559402
377,281,LY9,TGM2,0.8535019
377,380,LY9,NPDC1,0.8535019
377,252,LY9,HOXA9,0.84943974
377,379,LY9,BCL2,0.8481178
377,67,LY9,TEK,0.82961243
377,290,LY9,TMEM14C,0.82961243
377,442,LY9,HLF,0.82961243
377,53,LY9,FCHO2,0.82645017
377,445,LY9,IL1R1,0.82645017
377,392,LY9,PBX1,0.82523584
377,302,LY9,MEIS1,0.8235377
377,498,LY9,DENND2D,0.82061315
377,85,LY9,MECOM,0.8093563
104,527,LYN,TUBB4B,0.98044866
104,422,LYN,RUNX2,0.97951084
104,518,LYN,IL12A,0.9794573
104,550,LYN,SPI1,0.9756468
104,116,LYN,TOP2A,0.9744888
104,525,LYN,CD44,0.97241795
104,233,LYN,NOTCH1,0.9714684
104,145,LYN,HMGB2,0.9706331
104,96,LYN,SLBP,0.97002494
104,190,LYN,TIPIN,0.9669248
104,506,LYN,PRIM1,0.9660805
104,216,LYN,MCM7,0.9644274
104,213,LYN,MCM4,0.9625846
104,60,LYN,CDT1,0.9607973
104,131,LYN,CKS1B,0.9607973
104,335,LYN,HDAC7,0.9602129
104,320,LYN,MYC,0.9599392
104,68,LYN,MKI67,0.95707554
104,367,LYN,IL7R,0.9552167
104,267,LYN,SLC2A3,0.94998187
104,324,LYN,REL,0.9312972
104,530,LYN,IKZF1,0.9259667
104,334,LYN,CD74,0.9224093
104,118,LYN,FOXO1,0.9221475
104,257,LYN,UHRF1,0.91570383
104,221,LYN,ARPP21,0.9078995
104,459,LYN,IRF8,0.905289
104,445,LYN,IL1R1,0.9046631
104,46,LYN,VDR,0.9026461
104,66,LYN,CBFB,0.9026461
104,69,LYN,MAGED1,0.8985555
104,416,LYN,GATA2,0.89369905
104,27,LYN,HSD3B7,0.8936844
104,76,LYN,ESR1,0.88950634
104,515,LYN,NCF1,0.8819892
104,536,LYN,MOGS,0.87684935
104,277,LYN,MEF2C,0.85828704
104,281,LYN,TGM2,0.85372734
104,380,LYN,NPDC1,0.8535019
104,252,LYN,HOXA9,0.84943974
104,379,LYN,BCL2,0.8481178
104,290,LYN,TMEM14C,0.82961243
104,442,LYN,HLF,0.82961243
104,67,LYN,TEK,0.82840127
104,302,LYN,MEIS1,0.82635236
104,53,LYN,FCHO2,0.82576436
104,392,LYN,PBX1,0.82175887
104,498,LYN,DENND2D,0.82061315
104,58,LYN,RARB,0.812356
104,85,LYN,MECOM,0.8093563
69,530,MAGED1,IKZF1,0.9497711
69,46,MAGED1,VDR,0.948808
69,66,MAGED1,CBFB,0.948808
69,118,MAGED1,FOXO1,0.94860005
69,367,MAGED1,IL7R,0.9480146
69,379,MAGED1,BCL2,0.9478171
69,233,MAGED1,NOTCH1,0.9476767
69,422,MAGED1,RUNX2,0.9447135
69,252,MAGED1,HOXA9,0.9435634
69,27,MAGED1,HSD3B7,0.9405035
69,527,MAGED1,TUBB4B,0.94005215
69,518,MAGED1,IL12A,0.9386933
69,335,MAGED1,HDAC7,0.93752176
69,416,MAGED1,GATA2,0.93629545
69,536,MAGED1,MOGS,0.93588275
69,277,MAGED1,MEF2C,0.935164
69,302,MAGED1,MEIS1,0.93408424
69,515,MAGED1,NCF1,0.93303394
69,334,MAGED1,CD74,0.930643
69,498,MAGED1,DENND2D,0.9275892
69,221,MAGED1,ARPP21,0.92446834
69,320,MAGED1,MYC,0.9239093
69,76,MAGED1,ESR1,0.9201398
69,445,MAGED1,IL1R1,0.91992617
69,44,MAGED1,NUDT19,0.91927433
69,398,MAGED1,APOE,0.91920924
69,541,MAGED1,PGR,0.9190016
69,392,MAGED1,PBX1,0.91777384
69,53,MAGED1,FCHO2,0.9177609
69,237,MAGED1,ELF1,0.9152995
69,550,MAGED1,SPI1,0.9136517
69,85,MAGED1,MECOM,0.9121875
69,267,MAGED1,SLC2A3,0.9114544
69,67,MAGED1,TEK,0.9105316
69,442,MAGED1,HLF,0.9105316
69,281,MAGED1,TGM2,0.905566
69,380,MAGED1,NPDC1,0.9054212
69,284,MAGED1,MAML3,0.90251607
69,257,MAGED1,UHRF1,0.8970812
69,78,MAGED1,ICA1,0.89485013
69,468,MAGED1,VEGFC,0.8947438
69,525,MAGED1,CD44,0.89381856
69,290,MAGED1,TMEM14C,0.8917765
69,116,MAGED1,TOP2A,0.879046
69,135,MAGED1,GFI1B,0.87193495
69,155,MAGED1,MYCN,0.87150466
69,526,MAGED1,CCDC112,0.866438
69,283,MAGED1,HNF4A,0.8599956
69,352,MAGED1,TRIB3,0.8599956
69,376,MAGED1,SELL,0.8599956
513,527,MAGED2,TUBB4B,0.9804464
513,422,MAGED2,RUNX2,0.97951514
513,518,MAGED2,IL12A,0.9794494
513,550,MAGED2,SPI1,0.9756463
513,116,MAGED2,TOP2A,0.97448325
513,525,MAGED2,CD44,0.97241735
513,145,MAGED2,HMGB2,0.97062624
513,233,MAGED2,NOTCH1,0.9701459
513,190,MAGED2,TIPIN,0.9683847
513,216,MAGED2,MCM7,0.9671873
513,506,MAGED2,PRIM1,0.9660728
513,96,MAGED2,SLBP,0.9635482
513,213,MAGED2,MCM4,0.96250784
513,60,MAGED2,CDT1,0.9607883
513,131,MAGED2,CKS1B,0.9607883
513,335,MAGED2,HDAC7,0.9602173
513,68,MAGED2,MKI67,0.957082
513,367,MAGED2,IL7R,0.955222
513,267,MAGED2,SLC2A3,0.9499878
513,324,MAGED2,REL,0.93008935
513,530,MAGED2,IKZF1,0.9259779
513,27,MAGED2,HSD3B7,0.922421
513,334,MAGED2,CD74,0.922421
513,118,MAGED2,FOXO1,0.9221591
513,459,MAGED2,IRF8,0.9124251
513,221,MAGED2,ARPP21,0.90791374
513,320,MAGED2,MYC,0.9072214
513,46,MAGED2,VDR,0.90266114
513,66,MAGED2,CBFB,0.90266114
513,416,MAGED2,GATA2,0.8937156
513,536,MAGED2,MOGS,0.8768688
513,277,MAGED2,MEF2C,0.87122065
513,76,MAGED2,ESR1,0.8647666
513,58,MAGED2,RARB,0.86157274
513,257,MAGED2,UHRF1,0.85600734
513,281,MAGED2,TGM2,0.8535247
513,380,MAGED2,NPDC1,0.8531585
513,252,MAGED2,HOXA9,0.8494639
513,379,MAGED2,BCL2,0.8481417
513,290,MAGED2,TMEM14C,0.82963926
513,442,MAGED2,HLF,0.82963926
513,67,MAGED2,TEK,0.8284283
513,445,MAGED2,IL1R1,0.8264777
513,53,MAGED2,FCHO2,0.8264776
513,302,MAGED2,MEIS1,0.82637966
513,498,MAGED2,DENND2D,0.82064176
513,85,MAGED2,MECOM,0.809384
513,44,MAGED2,NUDT19,0.8063807
513,398,MAGED2,APOE,0.8063807
513,541,MAGED2,PGR,0.8063807
81,422,MAMDC2,RUNX2,0.97950417
81,518,MAMDC2,IL12A,0.9794573
81,550,MAMDC2,SPI1,0.9756468
81,116,MAMDC2,TOP2A,0.9744888
81,525,MAMDC2,CD44,0.97241795
81,527,MAMDC2,TUBB4B,0.9717226
81,145,MAMDC2,HMGB2,0.9706331
81,233,MAMDC2,NOTCH1,0.97014475
81,190,MAMDC2,TIPIN,0.9683952
81,216,MAMDC2,MCM7,0.9671949
81,506,MAMDC2,PRIM1,0.9660805
81,96,MAMDC2,SLBP,0.96515733
81,213,MAMDC2,MCM4,0.9625164
81,131,MAMDC2,CKS1B,0.96080446
81,60,MAMDC2,CDT1,0.9606182
81,335,MAMDC2,HDAC7,0.9602129
81,320,MAMDC2,MYC,0.9599392
81,367,MAMDC2,IL7R,0.95745367
81,68,MAMDC2,MKI67,0.95707554
81,267,MAMDC2,SLC2A3,0.94998187
81,324,MAMDC2,REL,0.9312972
81,530,MAMDC2,IKZF1,0.9259667
81,27,MAMDC2,HSD3B7,0.9224093
81,334,MAMDC2,CD74,0.9224093
81,118,MAMDC2,FOXO1,0.9221475
81,459,MAMDC2,IRF8,0.91234577
81,221,MAMDC2,ARPP21,0.9078995
81,66,MAMDC2,CBFB,0.9026461
81,46,MAMDC2,VDR,0.9023082
81,69,MAMDC2,MAGED1,0.8983499
81,416,MAMDC2,GATA2,0.8939539
81,76,MAMDC2,ESR1,0.88950634
81,515,MAMDC2,NCF1,0.8819892
81,536,MAMDC2,MOGS,0.87684935
81,58,MAMDC2,RARB,0.8617976
81,277,MAMDC2,MEF2C,0.8603895
81,257,MAMDC2,UHRF1,0.85598487
81,281,MAMDC2,TGM2,0.8534511
81,380,MAMDC2,NPDC1,0.850116
81,252,MAMDC2,HOXA9,0.8492065
81,379,MAMDC2,BCL2,0.8481178
81,67,MAMDC2,TEK,0.82961243
81,290,MAMDC2,TMEM14C,0.82961243
81,392,MAMDC2,PBX1,0.8265034
81,53,MAMDC2,FCHO2,0.82645017
81,302,MAMDC2,MEIS1,0.82594264
81,498,MAMDC2,DENND2D,0.82061315
81,85,MAMDC2,MECOM,0.8195664
81,44,MAMDC2,NUDT19,0.80635184
81,398,MAMDC2,APOE,0.80635184
284,422,MAML3,RUNX2,0.9802437
284,233,MAML3,NOTCH1,0.9797879
284,518,MAML3,IL12A,0.97893983
284,367,MAML3,IL7R,0.97867143
284,527,MAML3,TUBB4B,0.97816235
284,550,MAML3,SPI1,0.9780903
284,335,MAML3,HDAC7,0.97749925
284,320,MAML3,MYC,0.977261
284,267,MAML3,SLC2A3,0.9755148
284,525,MAML3,CD44,0.9736937
284,530,MAML3,IKZF1,0.97234917
284,118,MAML3,FOXO1,0.9721658
284,27,MAML3,HSD3B7,0.97173506
284,334,MAML3,CD74,0.97173506
284,46,MAML3,VDR,0.9673153
284,66,MAML3,CBFB,0.9673153
284,221,MAML3,ARPP21,0.9669784
284,116,MAML3,TOP2A,0.96623623
284,76,MAML3,ESR1,0.96576035
284,416,MAML3,GATA2,0.9653927
284,69,MAML3,MAGED1,0.9644448
284,515,MAML3,NCF1,0.95976543
284,252,MAML3,HOXA9,0.9596494
284,257,MAML3,UHRF1,0.956259
284,459,MAML3,IRF8,0.9504691
284,190,MAML3,TIPIN,0.94886553
284,145,MAML3,HMGB2,0.9480905
284,277,MAML3,MEF2C,0.94773346
284,380,MAML3,NPDC1,0.9476436
284,536,MAML3,MOGS,0.9461734
284,281,MAML3,TGM2,0.94413424
284,379,MAML3,BCL2,0.9436334
284,506,MAML3,PRIM1,0.9392614
284,302,MAML3,MEIS1,0.93854916
284,216,MAML3,MCM7,0.9384737
284,442,MAML3,HLF,0.93394965
284,67,MAML3,TEK,0.93357694
284,290,MAML3,TMEM14C,0.93357694
284,53,MAML3,FCHO2,0.92971355
284,392,MAML3,PBX1,0.9288555
284,445,MAML3,IL1R1,0.92881835
284,498,MAML3,DENND2D,0.9237667
284,85,MAML3,MECOM,0.9211857
284,398,MAML3,APOE,0.92034674
284,44,MAML3,NUDT19,0.9190898
284,541,MAML3,PGR,0.9190898
284,96,MAML3,SLBP,0.9166376
284,213,MAML3,MCM4,0.9116532
284,237,MAML3,ELF1,0.9063044
284,68,MAML3,MKI67,0.8968975
166,527,MAN1A,TUBB4B,0.9804482
166,422,MAN1A,RUNX2,0.9795156
166,518,MAN1A,IL12A,0.9794573
166,550,MAN1A,SPI1,0.97564846
166,116,MAN1A,TOP2A,0.9744888
166,525,MAN1A,CD44,0.97241795
166,145,MAN1A,HMGB2,0.9706331
166,233,MAN1A,NOTCH1,0.97014475
166,190,MAN1A,TIPIN,0.96839195
166,216,MAN1A,MCM7,0.9671949
166,506,MAN1A,PRIM1,0.9660805
166,96,MAN1A,SLBP,0.9635566
166,213,MAN1A,MCM4,0.9625164
166,60,MAN1A,CDT1,0.9607973
166,131,MAN1A,CKS1B,0.9607973
166,335,MAN1A,HDAC7,0.9602129
166,320,MAN1A,MYC,0.9599392
166,68,MAN1A,MKI67,0.95707554
166,367,MAN1A,IL7R,0.9552167
166,267,MAN1A,SLC2A3,0.9496782
166,324,MAN1A,REL,0.9312972
166,530,MAN1A,IKZF1,0.9259667
166,27,MAN1A,HSD3B7,0.922431
166,334,MAN1A,CD74,0.9224093
166,118,MAN1A,FOXO1,0.9221475
166,459,MAN1A,IRF8,0.91241115
166,221,MAN1A,ARPP21,0.9078995
166,46,MAN1A,VDR,0.9026461
166,66,MAN1A,CBFB,0.9026461
166,416,MAN1A,GATA2,0.89369905
166,76,MAN1A,ESR1,0.8894898
166,380,MAN1A,NPDC1,0.88536197
166,515,MAN1A,NCF1,0.8819892
166,536,MAN1A,MOGS,0.8767786
166,69,MAN1A,MAGED1,0.8665095
166,58,MAN1A,RARB,0.8617976
166,257,MAN1A,UHRF1,0.85598487
166,281,MAN1A,TGM2,0.8535019
166,252,MAN1A,HOXA9,0.84943974
166,379,MAN1A,BCL2,0.8481178
166,67,MAN1A,TEK,0.82961243
166,290,MAN1A,TMEM14C,0.82961243
166,442,MAN1A,HLF,0.82961243
166,445,MAN1A,IL1R1,0.8268536
166,392,MAN1A,PBX1,0.8265034
166,53,MAN1A,FCHO2,0.82645017
166,302,MAN1A,MEIS1,0.82635236
166,498,MAN1A,DENND2D,0.8116205
166,85,MAN1A,MECOM,0.8093563
166,44,MAN1A,NUDT19,0.80635184
213,116,MCM4,TOP2A,0.9786186
213,527,MCM4,TUBB4B,0.976939
213,422,MCM4,RUNX2,0.97644514
213,518,MCM4,IL12A,0.9749688
213,506,MCM4,PRIM1,0.97326005
213,190,MCM4,TIPIN,0.9730671
213,550,MCM4,SPI1,0.9722378
213,145,MCM4,HMGB2,0.97218305
213,216,MCM4,MCM7,0.971483
213,525,MCM4,CD44,0.9708801
213,60,MCM4,CDT1,0.9691985
213,96,MCM4,SLBP,0.9684748
213,131,MCM4,CKS1B,0.96793413
213,68,MCM4,MKI67,0.96665365
213,233,MCM4,NOTCH1,0.964724
213,320,MCM4,MYC,0.948058
213,367,MCM4,IL7R,0.9408271
213,324,MCM4,REL,0.93375766
213,267,MCM4,SLC2A3,0.93124217
213,27,MCM4,HSD3B7,0.9238652
213,530,MCM4,IKZF1,0.8935343
213,118,MCM4,FOXO1,0.8888126
213,334,MCM4,CD74,0.886572
213,53,MCM4,FCHO2,0.87229246
213,221,MCM4,ARPP21,0.8524279
213,46,MCM4,VDR,0.8506642
213,66,MCM4,CBFB,0.8506642
213,69,MCM4,MAGED1,0.8484949
213,416,MCM4,GATA2,0.84395736
213,76,MCM4,ESR1,0.83786356
213,335,MCM4,HDAC7,0.82411265
213,515,MCM4,NCF1,0.82323337
213,536,MCM4,MOGS,0.8227941
213,252,MCM4,HOXA9,0.8215125
213,459,MCM4,IRF8,0.81225
213,277,MCM4,MEF2C,0.7871557
213,281,MCM4,TGM2,0.7864675
213,379,MCM4,BCL2,0.78158677
213,257,MCM4,UHRF1,0.78139776
213,67,MCM4,TEK,0.74793416
213,290,MCM4,TMEM14C,0.74793416
213,442,MCM4,HLF,0.74793416
213,44,MCM4,NUDT19,0.7451402
213,302,MCM4,MEIS1,0.7435373
213,392,MCM4,PBX1,0.74328625
213,445,MCM4,IL1R1,0.7432034
213,498,MCM4,DENND2D,0.7332477
213,85,MCM4,MECOM,0.72544616
213,398,MCM4,APOE,0.71828294
213,541,MCM4,PGR,0.71828294
429,527,MCM5,TUBB4B,0.9804482
429,518,MCM5,IL12A,0.9794573
429,422,MCM5,RUNX2,0.9770477
429,550,MCM5,SPI1,0.9769826
429,116,MCM5,TOP2A,0.9744888
429,525,MCM5,CD44,0.9723699
429,145,MCM5,HMGB2,0.9706331
429,233,MCM5,NOTCH1,0.97014475
429,190,MCM5,TIPIN,0.96839195
429,216,MCM5,MCM7,0.9671949
429,324,MCM5,REL,0.9671674
429,506,MCM5,PRIM1,0.9660805
429,96,MCM5,SLBP,0.9635912
429,213,MCM5,MCM4,0.9625164
429,60,MCM5,CDT1,0.9607973
429,131,MCM5,CKS1B,0.9607973
429,320,MCM5,MYC,0.9599426
429,68,MCM5,MKI67,0.95920575
429,367,MCM5,IL7R,0.9552167
429,335,MCM5,HDAC7,0.95513904
429,267,MCM5,SLC2A3,0.94998187
429,530,MCM5,IKZF1,0.9259667
429,27,MCM5,HSD3B7,0.9224093
429,334,MCM5,CD74,0.9224093
429,118,MCM5,FOXO1,0.9221475
429,459,MCM5,IRF8,0.91241115
429,66,MCM5,CBFB,0.9114861
429,221,MCM5,ARPP21,0.9078995
429,46,MCM5,VDR,0.9026461
429,69,MCM5,MAGED1,0.89826274
429,416,MCM5,GATA2,0.89369905
429,76,MCM5,ESR1,0.88950634
429,515,MCM5,NCF1,0.88191754
429,536,MCM5,MOGS,0.87684935
429,58,MCM5,RARB,0.8617976
429,277,MCM5,MEF2C,0.8603895
429,252,MCM5,HOXA9,0.8576439
429,257,MCM5,UHRF1,0.85598487
429,281,MCM5,TGM2,0.8535019
429,379,MCM5,BCL2,0.8481178
429,67,MCM5,TEK,0.82961243
429,290,MCM5,TMEM14C,0.82961243
429,392,MCM5,PBX1,0.8265034
429,53,MCM5,FCHO2,0.82645017
429,302,MCM5,MEIS1,0.82635236
429,445,MCM5,IL1R1,0.82518214
429,498,MCM5,DENND2D,0.82061315
429,85,MCM5,MECOM,0.8093563
429,44,MCM5,NUDT19,0.80635184
429,398,MCM5,APOE,0.80635184
216,116,MCM7,TOP2A,0.9795716
216,422,MCM7,RUNX2,0.9792867
216,527,MCM7,TUBB4B,0.9791349
216,518,MCM7,IL12A,0.9777469
216,550,MCM7,SPI1,0.9755908
216,506,MCM7,PRIM1,0.9744874
216,190,MCM7,TIPIN,0.97434574
216,233,MCM7,NOTCH1,0.97318345
216,145,MCM7,HMGB2,0.97300106
216,525,MCM7,CD44,0.97236496
216,213,MCM7,MCM4,0.9691423
216,96,MCM7,SLBP,0.9681779
216,131,MCM7,CKS1B,0.96752155
216,60,MCM7,CDT1,0.9646713
216,68,MCM7,MKI67,0.9632959
216,320,MCM7,MYC,0.95889664
216,367,MCM7,IL7R,0.95185924
216,267,MCM7,SLC2A3,0.9457093
216,27,MCM7,HSD3B7,0.939469
216,324,MCM7,REL,0.9205649
216,530,MCM7,IKZF1,0.9144763
216,334,MCM7,CD74,0.9069747
216,118,MCM7,FOXO1,0.9068734
216,53,MCM7,FCHO2,0.8929867
216,221,MCM7,ARPP21,0.88035005
216,69,MCM7,MAGED1,0.87330174
216,46,MCM7,VDR,0.8723377
216,66,MCM7,CBFB,0.8723377
216,416,MCM7,GATA2,0.86665744
216,76,MCM7,ESR1,0.8594011
216,515,MCM7,NCF1,0.84814405
216,335,MCM7,HDAC7,0.8467644
216,536,MCM7,MOGS,0.84567523
216,459,MCM7,IRF8,0.843383
216,252,MCM7,HOXA9,0.83839035
216,257,MCM7,UHRF1,0.816564
216,277,MCM7,MEF2C,0.81442004
216,281,MCM7,TGM2,0.80905575
216,379,MCM7,BCL2,0.80752665
216,67,MCM7,TEK,0.77251774
216,290,MCM7,TMEM14C,0.77251774
216,442,MCM7,HLF,0.77251774
216,302,MCM7,MEIS1,0.76933974
216,44,MCM7,NUDT19,0.76876074
216,392,MCM7,PBX1,0.7684299
216,445,MCM7,IL1R1,0.76835066
216,498,MCM7,DENND2D,0.7573937
216,85,MCM7,MECOM,0.7513923
216,398,MCM7,APOE,0.74433476
216,541,MCM7,PGR,0.74433476
275,527,MCTP2,TUBB4B,0.9814082
275,422,MCTP2,RUNX2,0.9795156
275,518,MCTP2,IL12A,0.9794573
275,116,MCTP2,TOP2A,0.9744888
275,550,MCTP2,SPI1,0.9736603
275,525,MCTP2,CD44,0.97241795
275,145,MCTP2,HMGB2,0.9706331
275,233,MCTP2,NOTCH1,0.97014475
275,216,MCTP2,MCM7,0.9672501
275,190,MCTP2,TIPIN,0.9669248
275,506,MCTP2,PRIM1,0.9660805
275,96,MCTP2,SLBP,0.9635566
275,213,MCTP2,MCM4,0.9625164
275,60,MCTP2,CDT1,0.9607973
275,131,MCTP2,CKS1B,0.9607973
275,335,MCTP2,HDAC7,0.96018016
275,320,MCTP2,MYC,0.9599392
275,68,MCTP2,MKI67,0.95707554
275,367,MCTP2,IL7R,0.9559166
275,267,MCTP2,SLC2A3,0.94998187
275,324,MCTP2,REL,0.9312972
275,530,MCTP2,IKZF1,0.9259667
275,27,MCTP2,HSD3B7,0.9224093
275,334,MCTP2,CD74,0.9224093
275,118,MCTP2,FOXO1,0.92215866
275,459,MCTP2,IRF8,0.91241115
275,221,MCTP2,ARPP21,0.9078995
275,66,MCTP2,CBFB,0.90268505
275,46,MCTP2,VDR,0.9026461
275,69,MCTP2,MAGED1,0.89826274
275,416,MCTP2,GATA2,0.89369905
275,76,MCTP2,ESR1,0.88950634
275,398,MCTP2,APOE,0.88746315
275,515,MCTP2,NCF1,0.8819892
275,536,MCTP2,MOGS,0.87684935
275,58,MCTP2,RARB,0.8617976
275,277,MCTP2,MEF2C,0.8603895
275,252,MCTP2,HOXA9,0.85764825
275,257,MCTP2,UHRF1,0.85598487
275,281,MCTP2,TGM2,0.8535019
275,380,MCTP2,NPDC1,0.8535019
275,379,MCTP2,BCL2,0.8481178
275,67,MCTP2,TEK,0.83075905
275,442,MCTP2,HLF,0.82961243
275,290,MCTP2,TMEM14C,0.8296049
275,392,MCTP2,PBX1,0.8265034
275,53,MCTP2,FCHO2,0.82645017
275,445,MCTP2,IL1R1,0.82645017
275,302,MCTP2,MEIS1,0.82635236
275,237,MCTP2,ELF1,0.822649
126,422,ME2,RUNX2,0.9795156
126,518,ME2,IL12A,0.9794573
126,527,ME2,TUBB4B,0.9790491
126,116,ME2,TOP2A,0.97564894
126,550,ME2,SPI1,0.9756468
126,525,ME2,CD44,0.97241795
126,145,ME2,HMGB2,0.9706331
126,190,ME2,TIPIN,0.96839195
126,216,ME2,MCM7,0.9671949
126,506,ME2,PRIM1,0.9660805
126,233,ME2,NOTCH1,0.9640741
126,96,ME2,SLBP,0.9635566
126,213,ME2,MCM4,0.96251667
126,335,ME2,HDAC7,0.9624479
126,131,ME2,CKS1B,0.9607973
126,320,ME2,MYC,0.9599392
126,68,ME2,MKI67,0.95707554
126,367,ME2,IL7R,0.9552167
126,267,ME2,SLC2A3,0.94998187
126,60,ME2,CDT1,0.9443305
126,221,ME2,ARPP21,0.94379866
126,324,ME2,REL,0.93116575
126,530,ME2,IKZF1,0.9259667
126,334,ME2,CD74,0.92260367
126,27,ME2,HSD3B7,0.9224093
126,118,ME2,FOXO1,0.9221475
126,459,ME2,IRF8,0.91241115
126,46,ME2,VDR,0.9026461
126,67,ME2,TEK,0.8989722
126,69,ME2,MAGED1,0.8981725
126,416,ME2,GATA2,0.89369905
126,66,ME2,CBFB,0.8838176
126,515,ME2,NCF1,0.8819892
126,536,ME2,MOGS,0.87684935
126,257,ME2,UHRF1,0.8728619
126,277,ME2,MEF2C,0.87130165
126,58,ME2,RARB,0.8617976
126,281,ME2,TGM2,0.85372734
126,380,ME2,NPDC1,0.8535019
126,252,ME2,HOXA9,0.84943974
126,379,ME2,BCL2,0.8481178
126,53,ME2,FCHO2,0.8414141
126,442,ME2,HLF,0.8298682
126,290,ME2,TMEM14C,0.82961243
126,392,ME2,PBX1,0.8265034
126,445,ME2,IL1R1,0.82645017
126,302,ME2,MEIS1,0.82635236
126,498,ME2,DENND2D,0.8206618
126,85,ME2,MECOM,0.8093563
126,44,ME2,NUDT19,0.80635184
85,530,MECOM,IKZF1,0.9767943
85,118,MECOM,FOXO1,0.9767903
85,233,MECOM,NOTCH1,0.97655106
85,367,MECOM,IL7R,0.9747414
85,27,MECOM,HSD3B7,0.97464246
85,334,MECOM,CD74,0.97464246
85,335,MECOM,HDAC7,0.97454435
85,422,MECOM,RUNX2,0.9743927
85,66,MECOM,CBFB,0.97317886
85,46,MECOM,VDR,0.97313017
85,416,MECOM,GATA2,0.97256684
85,320,MECOM,MYC,0.9724878
85,69,MECOM,MAGED1,0.9716261
85,518,MECOM,IL12A,0.9709147
85,267,MECOM,SLC2A3,0.97072023
85,221,MECOM,ARPP21,0.97068584
85,536,MECOM,MOGS,0.9704771
85,76,MECOM,ESR1,0.9695663
85,515,MECOM,NCF1,0.9689612
85,550,MECOM,SPI1,0.96771395
85,527,MECOM,TUBB4B,0.9668724
85,277,MECOM,MEF2C,0.96229553
85,257,MECOM,UHRF1,0.96130645
85,525,MECOM,CD44,0.9589842
85,379,MECOM,BCL2,0.9584435
85,281,MECOM,TGM2,0.95603305
85,252,MECOM,HOXA9,0.9559247
85,380,MECOM,NPDC1,0.95493734
85,67,MECOM,TEK,0.95239776
85,290,MECOM,TMEM14C,0.95239776
85,392,MECOM,PBX1,0.9499745
85,53,MECOM,FCHO2,0.94994813
85,116,MECOM,TOP2A,0.9496244
85,302,MECOM,MEIS1,0.9478304
85,498,MECOM,DENND2D,0.9458917
85,44,MECOM,NUDT19,0.9438197
85,398,MECOM,APOE,0.9438197
85,541,MECOM,PGR,0.9438197
85,135,MECOM,GFI1B,0.9311536
85,459,MECOM,IRF8,0.92147744
85,190,MECOM,TIPIN,0.92062044
85,145,MECOM,HMGB2,0.91587406
85,42,MECOM,DACH1,0.91433334
85,506,MECOM,PRIM1,0.900663
85,216,MECOM,MCM7,0.89241344
85,445,MECOM,IL1R1,0.89115256
85,237,MECOM,ELF1,0.8897997
85,284,MECOM,MAML3,0.8806394
85,442,MECOM,HLF,0.8763829
85,96,MECOM,SLBP,0.87577736
277,527,MEF2C,TUBB4B,0.9795364
277,422,MEF2C,RUNX2,0.97768766
277,233,MEF2C,NOTCH1,0.9760358
277,518,MEF2C,IL12A,0.97582316
277,367,MEF2C,IL7R,0.97482365
277,550,MEF2C,SPI1,0.97466135
277,335,MEF2C,HDAC7,0.97220314
277,525,MEF2C,CD44,0.97180486
277,320,MEF2C,MYC,0.97168905
277,116,MEF2C,TOP2A,0.96996796
277,267,MEF2C,SLC2A3,0.96875966
277,530,MEF2C,IKZF1,0.96489525
277,118,MEF2C,FOXO1,0.95941985
277,27,MEF2C,HSD3B7,0.9585211
277,334,MEF2C,CD74,0.9585211
277,145,MEF2C,HMGB2,0.95632124
277,190,MEF2C,TIPIN,0.95458084
277,221,MEF2C,ARPP21,0.9480963
277,216,MEF2C,MCM7,0.94779676
277,506,MEF2C,PRIM1,0.9477524
277,416,MEF2C,GATA2,0.94215965
277,398,MEF2C,APOE,0.9418161
277,69,MEF2C,MAGED1,0.9412188
277,46,MEF2C,VDR,0.9401355
277,66,MEF2C,CBFB,0.9400574
277,76,MEF2C,ESR1,0.9394702
277,536,MEF2C,MOGS,0.93204373
277,515,MEF2C,NCF1,0.93050563
277,213,MEF2C,MCM4,0.92428285
277,96,MEF2C,SLBP,0.9237614
277,257,MEF2C,UHRF1,0.91505486
277,60,MEF2C,CDT1,0.9063303
277,131,MEF2C,CKS1B,0.9063303
277,379,MEF2C,BCL2,0.9054791
277,252,MEF2C,HOXA9,0.8991794
277,281,MEF2C,TGM2,0.89861095
277,380,MEF2C,NPDC1,0.89861095
277,459,MEF2C,IRF8,0.89476186
277,68,MEF2C,MKI67,0.8857513
277,442,MEF2C,HLF,0.87866706
277,290,MEF2C,TMEM14C,0.8786139
277,392,MEF2C,PBX1,0.8740914
277,53,MEF2C,FCHO2,0.8740267
277,445,MEF2C,IL1R1,0.8740267
277,302,MEF2C,MEIS1,0.87382174
277,237,MEF2C,ELF1,0.8711908
277,67,MEF2C,TEK,0.87052685
277,498,MEF2C,DENND2D,0.86211693
277,85,MEF2C,MECOM,0.86080414
277,44,MEF2C,NUDT19,0.8532636
302,367,MEIS1,IL7R,0.9720362
302,422,MEIS1,RUNX2,0.9718774
302,233,MEIS1,NOTCH1,0.9713958
302,527,MEIS1,TUBB4B,0.9711142
302,335,MEIS1,HDAC7,0.9695337
302,320,MEIS1,MYC,0.9690327
302,530,MEIS1,IKZF1,0.969012
302,550,MEIS1,SPI1,0.9684359
302,118,MEIS1,FOXO1,0.9670826
302,267,MEIS1,SLC2A3,0.9661609
302,334,MEIS1,CD74,0.9651862
302,518,MEIS1,IL12A,0.9632282
302,27,MEIS1,HSD3B7,0.9618902
302,66,MEIS1,CBFB,0.9600395
302,525,MEIS1,CD44,0.95806575
302,46,MEIS1,VDR,0.95710313
302,69,MEIS1,MAGED1,0.9543226
302,221,MEIS1,ARPP21,0.95420074
302,416,MEIS1,GATA2,0.95030594
302,536,MEIS1,MOGS,0.9446363
302,76,MEIS1,ESR1,0.94462657
302,515,MEIS1,NCF1,0.94320863
302,116,MEIS1,TOP2A,0.93954664
302,277,MEIS1,MEF2C,0.93095374
302,379,MEIS1,BCL2,0.9304622
302,257,MEIS1,UHRF1,0.926556
302,252,MEIS1,HOXA9,0.9204054
302,290,MEIS1,TMEM14C,0.91968393
302,190,MEIS1,TIPIN,0.9188211
302,281,MEIS1,TGM2,0.91422313
302,380,MEIS1,NPDC1,0.91422313
302,145,MEIS1,HMGB2,0.9123829
302,67,MEIS1,TEK,0.9047911
302,442,MEIS1,HLF,0.9047911
302,53,MEIS1,FCHO2,0.901332
302,392,MEIS1,PBX1,0.9010864
302,445,MEIS1,IL1R1,0.90103024
302,506,MEIS1,PRIM1,0.89759576
302,498,MEIS1,DENND2D,0.89566416
302,44,MEIS1,NUDT19,0.89041334
302,398,MEIS1,APOE,0.8889353
302,541,MEIS1,PGR,0.8889353
302,85,MEIS1,MECOM,0.8879574
302,216,MEIS1,MCM7,0.8796391
302,459,MEIS1,IRF8,0.8718678
302,237,MEIS1,ELF1,0.87185454
302,42,MEIS1,DACH1,0.82852674
302,213,MEIS1,MCM4,0.82484794
302,96,MEIS1,SLBP,0.8045515
302,60,MEIS1,CDT1,0.7852718
546,527,METTL7A1,TUBB4B,0.98042744
546,422,METTL7A1,RUNX2,0.9795161
546,518,METTL7A1,IL12A,0.9794645
546,550,METTL7A1,SPI1,0.97565156
546,116,METTL7A1,TOP2A,0.9744529
546,506,METTL7A1,PRIM1,0.9731032
546,525,METTL7A1,CD44,0.97156864
546,145,METTL7A1,HMGB2,0.97058105
546,233,METTL7A1,NOTCH1,0.9701857
546,190,METTL7A1,TIPIN,0.9683363
546,216,METTL7A1,MCM7,0.96543825
546,96,METTL7A1,SLBP,0.9634933
546,213,METTL7A1,MCM4,0.9624515
546,335,METTL7A1,HDAC7,0.96032536
546,320,METTL7A1,MYC,0.96005154
546,131,METTL7A1,CKS1B,0.95869476
546,68,METTL7A1,MKI67,0.9569687
546,367,METTL7A1,IL7R,0.9553488
546,267,METTL7A1,SLC2A3,0.9501279
546,60,METTL7A1,CDT1,0.94429225
546,324,METTL7A1,REL,0.9311326
546,530,METTL7A1,IKZF1,0.9262044
546,27,METTL7A1,HSD3B7,0.9226598
546,334,METTL7A1,CD74,0.9226598
546,118,METTL7A1,FOXO1,0.9224
546,459,METTL7A1,IRF8,0.912654
546,46,METTL7A1,VDR,0.9029638
546,66,METTL7A1,CBFB,0.9029638
546,69,METTL7A1,MAGED1,0.8986051
546,221,METTL7A1,ARPP21,0.89335614
546,416,METTL7A1,GATA2,0.8927084
546,76,METTL7A1,ESR1,0.8898706
546,515,METTL7A1,NCF1,0.8823811
546,536,METTL7A1,MOGS,0.87725806
546,58,METTL7A1,RARB,0.86218125
546,277,METTL7A1,MEF2C,0.8608618
546,498,METTL7A1,DENND2D,0.85950387
546,392,METTL7A1,PBX1,0.85947365
546,257,METTL7A1,UHRF1,0.8564596
546,281,METTL7A1,TGM2,0.8539842
546,380,METTL7A1,NPDC1,0.8539842
546,252,METTL7A1,HOXA9,0.8493963
546,379,METTL7A1,BCL2,0.8486279
546,67,METTL7A1,TEK,0.830171
546,290,METTL7A1,TMEM14C,0.830171
546,442,METTL7A1,HLF,0.830171
546,302,METTL7A1,MEIS1,0.8270757
546,445,METTL7A1,IL1R1,0.82680285
546,237,METTL7A1,ELF1,0.823234
546,53,METTL7A1,FCHO2,0.8227179
268,527,MGAT1,TUBB4B,0.9804482
268,422,MGAT1,RUNX2,0.9794628
268,518,MGAT1,IL12A,0.9794573
268,550,MGAT1,SPI1,0.9756468
268,116,MGAT1,TOP2A,0.9744888
268,96,MGAT1,SLBP,0.97300285
268,525,MGAT1,CD44,0.97241795
268,145,MGAT1,HMGB2,0.9706331
268,216,MGAT1,MCM7,0.97028804
268,233,MGAT1,NOTCH1,0.97016114
268,190,MGAT1,TIPIN,0.9683869
268,506,MGAT1,PRIM1,0.9660342
268,213,MGAT1,MCM4,0.9625164
268,60,MGAT1,CDT1,0.9607973
268,131,MGAT1,CKS1B,0.9607973
268,335,MGAT1,HDAC7,0.9602129
268,320,MGAT1,MYC,0.9599392
268,68,MGAT1,MKI67,0.95729494
268,367,MGAT1,IL7R,0.9559166
268,267,MGAT1,SLC2A3,0.94998187
268,27,MGAT1,HSD3B7,0.9446072
268,118,MGAT1,FOXO1,0.93897337
268,324,MGAT1,REL,0.9319934
268,334,MGAT1,CD74,0.9224093
268,530,MGAT1,IKZF1,0.91314614
268,459,MGAT1,IRF8,0.91241115
268,221,MGAT1,ARPP21,0.9078995
268,46,MGAT1,VDR,0.9026461
268,66,MGAT1,CBFB,0.9026461
268,416,MGAT1,GATA2,0.8938121
268,76,MGAT1,ESR1,0.8897108
268,69,MGAT1,MAGED1,0.8863937
268,515,MGAT1,NCF1,0.8819892
268,536,MGAT1,MOGS,0.87684935
268,58,MGAT1,RARB,0.8617976
268,277,MGAT1,MEF2C,0.8603895
268,392,MGAT1,PBX1,0.85900974
268,257,MGAT1,UHRF1,0.85598487
268,281,MGAT1,TGM2,0.8535019
268,380,MGAT1,NPDC1,0.8535019
268,252,MGAT1,HOXA9,0.84943974
268,379,MGAT1,BCL2,0.8481178
268,67,MGAT1,TEK,0.82961243
268,290,MGAT1,TMEM14C,0.82961243
268,442,MGAT1,HLF,0.82961243
268,53,MGAT1,FCHO2,0.82708687
268,445,MGAT1,IL1R1,0.82645017
268,302,MGAT1,MEIS1,0.82635236
268,498,MGAT1,DENND2D,0.82061315
268,398,MGAT1,APOE,0.81758493
453,527,MILR1,TUBB4B,0.9805916
453,422,MILR1,RUNX2,0.9785498
453,518,MILR1,IL12A,0.9775553
453,550,MILR1,SPI1,0.97433937
453,116,MILR1,TOP2A,0.9731948
453,525,MILR1,CD44,0.97067213
453,145,MILR1,HMGB2,0.9698233
453,190,MILR1,TIPIN,0.9676298
453,216,MILR1,MCM7,0.96627754
453,506,MILR1,PRIM1,0.9650575
453,233,MILR1,NOTCH1,0.9636119
453,96,MILR1,SLBP,0.96246
453,213,MILR1,MCM4,0.96137273
453,131,MILR1,CKS1B,0.9595006
453,68,MILR1,MKI67,0.95644295
453,60,MILR1,CDT1,0.9563036
453,335,MILR1,HDAC7,0.95235395
453,320,MILR1,MYC,0.9477739
453,367,MILR1,IL7R,0.94040066
453,267,MILR1,SLC2A3,0.93454576
453,324,MILR1,REL,0.930339
453,530,MILR1,IKZF1,0.8998185
453,27,MILR1,HSD3B7,0.89508855
453,334,MILR1,CD74,0.89508855
453,118,MILR1,FOXO1,0.89432174
453,459,MILR1,IRF8,0.88064003
453,221,MILR1,ARPP21,0.8757425
453,66,MILR1,CBFB,0.86572635
453,69,MILR1,MAGED1,0.8618866
453,416,MILR1,GATA2,0.8557492
453,515,MILR1,NCF1,0.8537632
453,46,MILR1,VDR,0.84984875
453,76,MILR1,ESR1,0.8497679
453,536,MILR1,MOGS,0.83337253
453,58,MILR1,RARB,0.8108271
453,277,MILR1,MEF2C,0.8102732
453,257,MILR1,UHRF1,0.8047998
453,281,MILR1,TGM2,0.8012893
453,380,MILR1,NPDC1,0.8012893
453,252,MILR1,HOXA9,0.7962983
453,379,MILR1,BCL2,0.7942052
453,392,MILR1,PBX1,0.78777605
453,442,MILR1,HLF,0.7726102
453,290,MILR1,TMEM14C,0.7725483
453,67,MILR1,TEK,0.7723973
453,53,MILR1,FCHO2,0.7685693
453,302,MILR1,MEIS1,0.7664794
453,498,MILR1,DENND2D,0.7587387
453,445,MILR1,IL1R1,0.74978024
453,85,MILR1,MECOM,0.74816376
68,116,MKI67,TOP2A,0.9781774
68,527,MKI67,TUBB4B,0.9767221
68,422,MKI67,RUNX2,0.97618586
68,518,MKI67,IL12A,0.97487533
68,145,MKI67,HMGB2,0.97427535
68,506,MKI67,PRIM1,0.9740592
68,190,MKI67,TIPIN,0.9739347
68,216,MKI67,MCM7,0.9724204
68,550,MKI67,SPI1,0.9722311
68,213,MKI67,MCM4,0.9703077
68,96,MKI67,SLBP,0.9695076
68,60,MKI67,CDT1,0.96928596
68,131,MKI67,CKS1B,0.96925205
68,525,MKI67,CD44,0.96416414
68,233,MKI67,NOTCH1,0.96117646
68,320,MKI67,MYC,0.9480534
68,335,MKI67,HDAC7,0.9387724
68,324,MKI67,REL,0.9377515
68,267,MKI67,SLC2A3,0.9366547
68,367,MKI67,IL7R,0.9344144
68,530,MKI67,IKZF1,0.8820966
68,118,MKI67,FOXO1,0.8763629
68,27,MKI67,HSD3B7,0.87312394
68,379,MKI67,BCL2,0.84570235
68,221,MKI67,ARPP21,0.8380288
68,46,MKI67,VDR,0.8351951
68,66,MKI67,CBFB,0.8351951
68,334,MKI67,CD74,0.8346494
68,69,MKI67,MAGED1,0.8321559
68,416,MKI67,GATA2,0.8274852
68,76,MKI67,ESR1,0.82115585
68,459,MKI67,IRF8,0.8098308
68,515,MKI67,NCF1,0.80543923
68,536,MKI67,MOGS,0.80453753
68,277,MKI67,MEF2C,0.7665216
68,257,MKI67,UHRF1,0.7654957
68,281,MKI67,TGM2,0.7652219
68,380,MKI67,NPDC1,0.7650267
68,252,MKI67,HOXA9,0.7557773
68,67,MKI67,TEK,0.7268702
68,442,MKI67,HLF,0.7268702
68,392,MKI67,PBX1,0.7239675
68,53,MKI67,FCHO2,0.7238914
68,302,MKI67,MEIS1,0.7206876
68,498,MKI67,DENND2D,0.7108717
68,398,MKI67,APOE,0.7026446
68,85,MKI67,MECOM,0.7005384
68,44,MKI67,NUDT19,0.70047593
68,541,MKI67,PGR,0.699329
68,237,MKI67,ELF1,0.6772918
492,530,MLLT3,IKZF1,0.9791372
492,118,MLLT3,FOXO1,0.97901905
492,367,MLLT3,IL7R,0.9777894
492,27,MLLT3,HSD3B7,0.97699445
492,334,MLLT3,CD74,0.9769931
492,536,MLLT3,MOGS,0.97681046
492,66,MLLT3,CBFB,0.9766501
492,46,MLLT3,VDR,0.97664076
492,416,MLLT3,GATA2,0.97571635
492,69,MLLT3,MAGED1,0.9754689
492,515,MLLT3,NCF1,0.97446334
492,233,MLLT3,NOTCH1,0.97429943
492,335,MLLT3,HDAC7,0.97368354
492,76,MLLT3,ESR1,0.9733657
492,320,MLLT3,MYC,0.971599
492,221,MLLT3,ARPP21,0.97127897
492,277,MLLT3,MEF2C,0.9711609
492,379,MLLT3,BCL2,0.9703277
492,267,MLLT3,SLC2A3,0.96979684
492,281,MLLT3,TGM2,0.9684845
492,380,MLLT3,NPDC1,0.9684845
492,290,MLLT3,TMEM14C,0.9669531
492,442,MLLT3,HLF,0.9669531
492,67,MLLT3,TEK,0.9669516
492,252,MLLT3,HOXA9,0.96660167
492,392,MLLT3,PBX1,0.9659929
492,53,MLLT3,FCHO2,0.965982
492,445,MLLT3,IL1R1,0.965982
492,302,MLLT3,MEIS1,0.9646081
492,498,MLLT3,DENND2D,0.96443063
492,85,MLLT3,MECOM,0.9635048
492,422,MLLT3,RUNX2,0.9618264
492,44,MLLT3,NUDT19,0.9609239
492,398,MLLT3,APOE,0.9609239
492,541,MLLT3,PGR,0.9609239
492,237,MLLT3,ELF1,0.96037704
492,42,MLLT3,DACH1,0.9594729
492,518,MLLT3,IL12A,0.95923436
492,527,MLLT3,TUBB4B,0.95615983
492,550,MLLT3,SPI1,0.9557217
492,525,MLLT3,CD44,0.9527561
492,284,MLLT3,MAML3,0.9381174
492,155,MLLT3,MYCN,0.93413126
492,468,MLLT3,VEGFC,0.9322567
492,78,MLLT3,ICA1,0.9322483
492,135,MLLT3,GFI1B,0.9304544
492,116,MLLT3,TOP2A,0.92311704
492,257,MLLT3,UHRF1,0.91263753
492,459,MLLT3,IRF8,0.90605736
492,6,MLLT3,SOCS2,0.89778936
508,527,MMRN1,TUBB4B,0.9804482
508,422,MMRN1,RUNX2,0.9778488
508,116,MMRN1,TOP2A,0.9744888
508,525,MMRN1,CD44,0.97241795
508,145,MMRN1,HMGB2,0.9706331
508,233,MMRN1,NOTCH1,0.97014475
508,190,MMRN1,TIPIN,0.96839195
508,216,MMRN1,MCM7,0.9671949
508,506,MMRN1,PRIM1,0.9660805
508,96,MMRN1,SLBP,0.9635566
508,213,MMRN1,MCM4,0.9625164
508,550,MMRN1,SPI1,0.9625
508,60,MMRN1,CDT1,0.9607973
508,131,MMRN1,CKS1B,0.9607973
508,518,MMRN1,IL12A,0.96062654
508,335,MMRN1,HDAC7,0.9600769
508,320,MMRN1,MYC,0.9599392
508,68,MMRN1,MKI67,0.9566911
508,367,MMRN1,IL7R,0.9552167
508,267,MMRN1,SLC2A3,0.94998187
508,324,MMRN1,REL,0.9312972
508,66,MMRN1,CBFB,0.92645776
508,530,MMRN1,IKZF1,0.9259667
508,27,MMRN1,HSD3B7,0.9224093
508,334,MMRN1,CD74,0.92238384
508,118,MMRN1,FOXO1,0.9221475
508,459,MMRN1,IRF8,0.91241115
508,221,MMRN1,ARPP21,0.9078995
508,46,MMRN1,VDR,0.9026461
508,69,MMRN1,MAGED1,0.89811033
508,416,MMRN1,GATA2,0.89369905
508,76,MMRN1,ESR1,0.88931614
508,380,MMRN1,NPDC1,0.8886851
508,515,MMRN1,NCF1,0.8819892
508,536,MMRN1,MOGS,0.87684935
508,58,MMRN1,RARB,0.8617976
508,277,MMRN1,MEF2C,0.8603895
508,257,MMRN1,UHRF1,0.85598487
508,281,MMRN1,TGM2,0.8535019
508,252,MMRN1,HOXA9,0.84943974
508,379,MMRN1,BCL2,0.8481178
508,290,MMRN1,TMEM14C,0.82974154
508,67,MMRN1,TEK,0.82961243
508,442,MMRN1,HLF,0.82949626
508,53,MMRN1,FCHO2,0.82645017
508,445,MMRN1,IL1R1,0.82645017
508,302,MMRN1,MEIS1,0.82635236
508,541,MMRN1,PGR,0.8253027
508,498,MMRN1,DENND2D,0.82061315
508,85,MMRN1,MECOM,0.8093563
477,527,MN1,TUBB4B,0.9802761
477,518,MN1,IL12A,0.9799836
477,422,MN1,RUNX2,0.9799631
477,550,MN1,SPI1,0.9776848
477,525,MN1,CD44,0.97600096
477,233,MN1,NOTCH1,0.97525215
477,335,MN1,HDAC7,0.9698471
477,320,MN1,MYC,0.96848273
477,116,MN1,TOP2A,0.96839315
477,68,MN1,MKI67,0.9683671
477,367,MN1,IL7R,0.9674144
477,267,MN1,SLC2A3,0.96365
477,145,MN1,HMGB2,0.96354496
477,190,MN1,TIPIN,0.9603152
477,216,MN1,MCM7,0.95850945
477,506,MN1,PRIM1,0.9571275
477,96,MN1,SLBP,0.95253664
477,530,MN1,IKZF1,0.95221204
477,213,MN1,MCM4,0.951404
477,60,MN1,CDT1,0.9503866
477,27,MN1,HSD3B7,0.9489628
477,334,MN1,CD74,0.9489628
477,131,MN1,CKS1B,0.948928
477,118,MN1,FOXO1,0.94884837
477,221,MN1,ARPP21,0.9413777
477,459,MN1,IRF8,0.9360308
477,46,MN1,VDR,0.93573874
477,66,MN1,CBFB,0.9356705
477,69,MN1,MAGED1,0.93121076
477,416,MN1,GATA2,0.9311578
477,76,MN1,ESR1,0.92831767
477,515,MN1,NCF1,0.92254263
477,536,MN1,MOGS,0.9186298
477,277,MN1,MEF2C,0.9057237
477,257,MN1,UHRF1,0.9024322
477,281,MN1,TGM2,0.8991199
477,380,MN1,NPDC1,0.8991199
477,379,MN1,BCL2,0.896221
477,252,MN1,HOXA9,0.8961985
477,324,MN1,REL,0.89254487
477,58,MN1,RARB,0.8917264
477,67,MN1,TEK,0.88375896
477,442,MN1,HLF,0.8816708
477,392,MN1,PBX1,0.8787447
477,445,MN1,IL1R1,0.87870127
477,53,MN1,FCHO2,0.8787012
477,302,MN1,MEIS1,0.87829775
477,498,MN1,DENND2D,0.8731943
477,85,MN1,MECOM,0.8650437
477,44,MN1,NUDT19,0.8605479
536,422,MOGS,RUNX2,0.98133266
536,233,MOGS,NOTCH1,0.98056245
536,518,MOGS,IL12A,0.9801399
536,527,MOGS,TUBB4B,0.97960097
536,367,MOGS,IL7R,0.97873884
536,550,MOGS,SPI1,0.9786622
536,335,MOGS,HDAC7,0.9775054
536,525,MOGS,CD44,0.9769573
536,320,MOGS,MYC,0.9766574
536,267,MOGS,SLC2A3,0.9740901
536,530,MOGS,IKZF1,0.97193235
536,116,MOGS,TOP2A,0.97175264
536,118,MOGS,FOXO1,0.97019494
536,27,MOGS,HSD3B7,0.96992433
536,334,MOGS,CD74,0.96992433
536,221,MOGS,ARPP21,0.96487993
536,66,MOGS,CBFB,0.9598813
536,69,MOGS,MAGED1,0.95785755
536,416,MOGS,GATA2,0.9572542
536,190,MOGS,TIPIN,0.9570048
536,76,MOGS,ESR1,0.9567372
536,145,MOGS,HMGB2,0.95654434
536,46,MOGS,VDR,0.9515556
536,515,MOGS,NCF1,0.9501252
536,506,MOGS,PRIM1,0.9498324
536,216,MOGS,MCM7,0.94938046
536,53,MOGS,FCHO2,0.947681
536,459,MOGS,IRF8,0.94248146
536,257,MOGS,UHRF1,0.9404499
536,277,MOGS,MEF2C,0.93506765
536,213,MOGS,MCM4,0.93168795
536,379,MOGS,BCL2,0.9308905
536,96,MOGS,SLBP,0.92884284
536,281,MOGS,TGM2,0.92784154
536,380,MOGS,NPDC1,0.92784154
536,252,MOGS,HOXA9,0.92584157
536,442,MOGS,HLF,0.9137477
536,67,MOGS,TEK,0.91329336
536,290,MOGS,TMEM14C,0.91329336
536,131,MOGS,CKS1B,0.91264755
536,60,MOGS,CDT1,0.9126474
536,302,MOGS,MEIS1,0.91028255
536,392,MOGS,PBX1,0.90977424
536,445,MOGS,IL1R1,0.90972936
536,498,MOGS,DENND2D,0.9026119
536,85,MOGS,MECOM,0.9005362
536,44,MOGS,NUDT19,0.8954157
536,398,MOGS,APOE,0.8954157
536,541,MOGS,PGR,0.8954157
536,68,MOGS,MKI67,0.8946093
282,527,MPL,TUBB4B,0.9804482
282,422,MPL,RUNX2,0.9795156
282,518,MPL,IL12A,0.9794573
282,550,MPL,SPI1,0.9763708
282,116,MPL,TOP2A,0.9744888
282,525,MPL,CD44,0.97241795
282,145,MPL,HMGB2,0.9706331
282,233,MPL,NOTCH1,0.9701386
282,190,MPL,TIPIN,0.96839195
282,216,MPL,MCM7,0.9671949
282,506,MPL,PRIM1,0.9660805
282,96,MPL,SLBP,0.96462625
282,213,MPL,MCM4,0.9625164
282,60,MPL,CDT1,0.9607973
282,131,MPL,CKS1B,0.9607973
282,68,MPL,MKI67,0.96057385
282,335,MPL,HDAC7,0.9601742
282,320,MPL,MYC,0.9599392
282,367,MPL,IL7R,0.9552167
282,267,MPL,SLC2A3,0.94986004
282,324,MPL,REL,0.9312972
282,530,MPL,IKZF1,0.9259667
282,27,MPL,HSD3B7,0.9224093
282,334,MPL,CD74,0.9224093
282,118,MPL,FOXO1,0.9221475
282,459,MPL,IRF8,0.91241115
282,221,MPL,ARPP21,0.9078995
282,46,MPL,VDR,0.9026461
282,66,MPL,CBFB,0.9026461
282,69,MPL,MAGED1,0.89826274
282,416,MPL,GATA2,0.89369905
282,252,MPL,HOXA9,0.8903223
282,76,MPL,ESR1,0.88950634
282,515,MPL,NCF1,0.8819892
282,380,MPL,NPDC1,0.866834
282,277,MPL,MEF2C,0.8603895
282,257,MPL,UHRF1,0.85598487
282,281,MPL,TGM2,0.8535019
282,58,MPL,RARB,0.85201585
282,379,MPL,BCL2,0.8481178
282,536,MPL,MOGS,0.845154
282,302,MPL,MEIS1,0.8415131
282,442,MPL,HLF,0.8300135
282,67,MPL,TEK,0.82961243
282,290,MPL,TMEM14C,0.82961243
282,53,MPL,FCHO2,0.82645017
282,392,MPL,PBX1,0.82523584
282,445,MPL,IL1R1,0.82518214
282,498,MPL,DENND2D,0.82061315
282,85,MPL,MECOM,0.8093563
311,527,MPO,TUBB4B,0.9804555
311,422,MPO,RUNX2,0.97949666
311,518,MPO,IL12A,0.9794535
311,550,MPO,SPI1,0.97467494
311,116,MPO,TOP2A,0.97451967
311,525,MPO,CD44,0.9723852
311,233,MPO,NOTCH1,0.9701118
311,190,MPO,TIPIN,0.96844596
311,145,MPO,HMGB2,0.9676578
311,216,MPO,MCM7,0.9672527
311,506,MPO,PRIM1,0.96613866
311,213,MPO,MCM4,0.9625826
311,96,MPO,SLBP,0.96233964
311,60,MPO,CDT1,0.96086687
311,335,MPO,HDAC7,0.960083
311,320,MPO,MYC,0.95980805
311,68,MPO,MKI67,0.95717424
311,367,MPO,IL7R,0.955069
311,267,MPO,SLC2A3,0.94981515
311,131,MPO,CKS1B,0.9444199
311,324,MPO,REL,0.931416
311,530,MPO,IKZF1,0.9256972
311,27,MPO,HSD3B7,0.92212695
311,334,MPO,CD74,0.92212695
311,118,MPO,FOXO1,0.92186475
311,459,MPO,IRF8,0.9121071
311,221,MPO,ARPP21,0.9075653
311,46,MPO,VDR,0.90229744
311,66,MPO,CBFB,0.90229744
311,69,MPO,MAGED1,0.89789593
311,416,MPO,GATA2,0.8933164
311,76,MPO,ESR1,0.88910764
311,515,MPO,NCF1,0.88156855
311,536,MPO,MOGS,0.8764109
311,58,MPO,RARB,0.8633242
311,277,MPO,MEF2C,0.8599039
311,257,MPO,UHRF1,0.85547525
311,281,MPO,TGM2,0.8529909
311,252,MPO,HOXA9,0.84892404
311,379,MPO,BCL2,0.8475929
311,67,MPO,TEK,0.82902944
311,290,MPO,TMEM14C,0.82902944
311,442,MPO,HLF,0.82902944
311,53,MPO,FCHO2,0.8258596
311,445,MPO,IL1R1,0.8258596
311,302,MPO,MEIS1,0.8257676
311,392,MPO,PBX1,0.8211193
311,498,MPO,DENND2D,0.8200125
311,85,MPO,MECOM,0.80877674
311,44,MPO,NUDT19,0.8057639
397,527,MPZL1,TUBB4B,0.9804364
397,422,MPZL1,RUNX2,0.9795156
397,518,MPZL1,IL12A,0.9794573
397,550,MPZL1,SPI1,0.9756468
397,116,MPZL1,TOP2A,0.97443175
397,525,MPZL1,CD44,0.9733016
397,145,MPZL1,HMGB2,0.9706331
397,233,MPZL1,NOTCH1,0.97014475
397,190,MPZL1,TIPIN,0.96839195
397,216,MPZL1,MCM7,0.9671949
397,506,MPZL1,PRIM1,0.9660947
397,96,MPZL1,SLBP,0.9635566
397,60,MPZL1,CDT1,0.9607973
397,131,MPZL1,CKS1B,0.9607973
397,335,MPZL1,HDAC7,0.9602129
397,320,MPZL1,MYC,0.9599392
397,213,MPZL1,MCM4,0.959708
397,68,MPZL1,MKI67,0.95707554
397,367,MPZL1,IL7R,0.9552167
397,267,MPZL1,SLC2A3,0.94998187
397,324,MPZL1,REL,0.9312972
397,530,MPZL1,IKZF1,0.9259667
397,27,MPZL1,HSD3B7,0.92290354
397,334,MPZL1,CD74,0.9224093
397,118,MPZL1,FOXO1,0.9221475
397,459,MPZL1,IRF8,0.91303074
397,221,MPZL1,ARPP21,0.9078995
397,46,MPZL1,VDR,0.9026461
397,66,MPZL1,CBFB,0.9026461
397,69,MPZL1,MAGED1,0.89826804
397,416,MPZL1,GATA2,0.89369905
397,76,MPZL1,ESR1,0.88950634
397,515,MPZL1,NCF1,0.8819892
397,536,MPZL1,MOGS,0.87684935
397,58,MPZL1,RARB,0.8617976
397,277,MPZL1,MEF2C,0.8601613
397,257,MPZL1,UHRF1,0.85598487
397,281,MPZL1,TGM2,0.8535019
397,380,MPZL1,NPDC1,0.8535019
397,252,MPZL1,HOXA9,0.84943974
397,379,MPZL1,BCL2,0.8481178
397,302,MPZL1,MEIS1,0.8345769
397,67,MPZL1,TEK,0.82961243
397,290,MPZL1,TMEM14C,0.82961243
397,442,MPZL1,HLF,0.82961243
397,392,MPZL1,PBX1,0.82685876
397,53,MPZL1,FCHO2,0.82645017
397,445,MPZL1,IL1R1,0.82645017
397,498,MPZL1,DENND2D,0.82061315
397,85,MPZL1,MECOM,0.8093563
181,527,MSMO1,TUBB4B,0.98044616
181,422,MSMO1,RUNX2,0.9795156
181,518,MSMO1,IL12A,0.9794573
181,116,MSMO1,TOP2A,0.9758657
181,550,MSMO1,SPI1,0.9756468
181,525,MSMO1,CD44,0.97241795
181,145,MSMO1,HMGB2,0.9706331
181,233,MSMO1,NOTCH1,0.97014475
181,190,MSMO1,TIPIN,0.96839195
181,216,MSMO1,MCM7,0.9671949
181,506,MSMO1,PRIM1,0.9660805
181,213,MSMO1,MCM4,0.9625164
181,60,MSMO1,CDT1,0.96081054
181,131,MSMO1,CKS1B,0.9607973
181,96,MSMO1,SLBP,0.96075046
181,335,MSMO1,HDAC7,0.9602129
181,320,MSMO1,MYC,0.9599392
181,68,MSMO1,MKI67,0.95707554
181,367,MSMO1,IL7R,0.95178723
181,267,MSMO1,SLC2A3,0.94998187
181,324,MSMO1,REL,0.9312972
181,530,MSMO1,IKZF1,0.9259667
181,27,MSMO1,HSD3B7,0.9224093
181,334,MSMO1,CD74,0.9224093
181,118,MSMO1,FOXO1,0.9146215
181,459,MSMO1,IRF8,0.91241115
181,69,MSMO1,MAGED1,0.90964353
181,66,MSMO1,CBFB,0.9027629
181,221,MSMO1,ARPP21,0.8989266
181,416,MSMO1,GATA2,0.89369905
181,515,MSMO1,NCF1,0.8819892
181,536,MSMO1,MOGS,0.87684935
181,46,MSMO1,VDR,0.8629964
181,58,MSMO1,RARB,0.8617976
181,277,MSMO1,MEF2C,0.85828704
181,257,MSMO1,UHRF1,0.85598487
181,76,MSMO1,ESR1,0.8556485
181,380,MSMO1,NPDC1,0.8535306
181,281,MSMO1,TGM2,0.8534485
181,252,MSMO1,HOXA9,0.84943974
181,379,MSMO1,BCL2,0.8481178
181,67,MSMO1,TEK,0.82961243
181,290,MSMO1,TMEM14C,0.82961243
181,442,MSMO1,HLF,0.82961243
181,392,MSMO1,PBX1,0.8265034
181,53,MSMO1,FCHO2,0.82645017
181,445,MSMO1,IL1R1,0.82645017
181,302,MSMO1,MEIS1,0.82635236
181,498,MSMO1,DENND2D,0.82061315
181,237,MSMO1,ELF1,0.81140196
320,284,MYC,MAML3,0.9419723
320,302,MYC,MEIS1,0.94156194
320,468,MYC,VEGFC,0.9386859
320,78,MYC,ICA1,0.9385351
320,252,MYC,HOXA9,0.9377372
320,498,MYC,DENND2D,0.937498
320,46,MYC,VDR,0.93689996
320,66,MYC,CBFB,0.93689996
320,44,MYC,NUDT19,0.93594635
320,541,MYC,PGR,0.93594635
320,398,MYC,APOE,0.9358492
320,277,MYC,MEF2C,0.9350579
320,135,MYC,GFI1B,0.9345195
320,6,MYC,SOCS2,0.9345035
320,283,MYC,HNF4A,0.93430066
320,376,MYC,SELL,0.93430066
320,401,MYC,CCR7,0.93430066
320,526,MYC,CCDC112,0.93430066
320,542,MYC,EFNA1,0.93430066
320,352,MYC,TRIB3,0.9342688
320,42,MYC,DACH1,0.9342329
320,531,MYC,FLT3,0.93407375
320,237,MYC,ELF1,0.9339978
320,76,MYC,ESR1,0.93383116
320,530,MYC,IKZF1,0.9314607
320,536,MYC,MOGS,0.93103814
320,118,MYC,FOXO1,0.93066543
320,426,MYC,NDN,0.9306473
320,180,MYC,SATB1,0.93028253
320,53,MYC,FCHO2,0.92898303
320,392,MYC,PBX1,0.9289825
320,445,MYC,IL1R1,0.9289809
320,361,MYC,ANGPT1,0.92773485
320,85,MYC,MECOM,0.92727274
320,515,MYC,NCF1,0.92666215
320,192,MYC,RUNX1T1,0.9257347
320,367,MYC,IL7R,0.9257092
320,27,MYC,HSD3B7,0.9233424
320,334,MYC,CD74,0.9233424
320,416,MYC,GATA2,0.92189234
320,69,MYC,MAGED1,0.92148644
320,379,MYC,BCL2,0.9194095
320,492,MYC,MLLT3,0.9192455
320,146,MYC,KCTD12,0.91896003
320,233,MYC,NOTCH1,0.91844136
320,67,MYC,TEK,0.9173775
320,290,MYC,TMEM14C,0.9173775
320,442,MYC,HLF,0.9173775
320,221,MYC,ARPP21,0.9156833
320,251,MYC,NR3C2,0.9156359
155,283,MYCN,HNF4A,0.9273494
155,361,MYCN,ANGPT1,0.926747
155,376,MYCN,SELL,0.92511326
155,401,MYCN,CCR7,0.92511326
155,526,MYCN,CCDC112,0.92511326
155,542,MYCN,EFNA1,0.92511326
155,352,MYCN,TRIB3,0.923453
155,30,MYCN,SLC29A1,0.91853833
155,426,MYCN,NDN,0.91275316
155,192,MYCN,RUNX1T1,0.9121854
155,135,MYCN,GFI1B,0.9114964
155,531,MYCN,FLT3,0.9108693
155,0,MYCN,DUSP1,0.91025233
155,28,MYCN,TMEM246,0.91025233
155,29,MYCN,SPNS2,0.91025233
155,41,MYCN,OBSCN,0.91025233
155,103,MYCN,EMP1,0.91025233
155,309,MYCN,AP1S2,0.91025233
155,406,MYCN,DNTT,0.91025233
155,497,MYCN,ARRDC4,0.91025233
155,522,MYCN,CTSL,0.91025233
155,554,MYCN,POLA2,0.91025233
155,451,MYCN,CCT2,0.9101359
155,78,MYCN,ICA1,0.9091132
155,279,MYCN,HNRNPAB,0.9079772
155,63,MYCN,ZNRF2,0.90792865
155,236,MYCN,AMPD2,0.90790004
155,551,MYCN,H2-DMA,0.90790004
155,180,MYCN,SATB1,0.907711
155,146,MYCN,KCTD12,0.9074445
155,468,MYCN,VEGFC,0.9072587
155,348,MYCN,MYCT1,0.9041563
155,284,MYCN,MAML3,0.90292245
155,53,MYCN,FCHO2,0.9026543
155,6,MYCN,SOCS2,0.89807856
155,50,MYCN,GNG11,0.8966521
155,156,MYCN,FUT8,0.8966521
155,305,MYCN,GP9,0.8966521
155,559,MYCN,TMEM123,0.8966521
155,293,MYCN,RAG2,0.8966289
155,382,MYCN,CAV2,0.8964178
155,483,MYCN,2810468N07RIK,0.8948958
155,82,MYCN,FHL1,0.8910156
155,302,MYCN,MEIS1,0.8905216
155,379,MYCN,BCL2,0.89003694
155,106,MYCN,ZFP62,0.8880258
155,271,MYCN,KCNK5,0.8880258
155,307,MYCN,CPXM1,0.8880258
155,358,MYCN,MYO5A,0.8880258
155,409,MYCN,ENPP5,0.8880258
348,367,MYCT1,IL7R,0.9784324
348,233,MYCT1,NOTCH1,0.97757167
348,335,MYCT1,HDAC7,0.9762365
348,320,MYCT1,MYC,0.9761268
348,267,MYCT1,SLC2A3,0.9745612
348,530,MYCT1,IKZF1,0.9742866
348,118,MYCT1,FOXO1,0.9742298
348,27,MYCT1,HSD3B7,0.97371733
348,334,MYCT1,CD74,0.97260183
348,221,MYCT1,ARPP21,0.97046924
348,422,MYCT1,RUNX2,0.9700401
348,518,MYCT1,IL12A,0.9699849
348,46,MYCT1,VDR,0.9680926
348,66,MYCT1,CBFB,0.9680926
348,416,MYCT1,GATA2,0.967934
348,550,MYCT1,SPI1,0.9678494
348,76,MYCT1,ESR1,0.9672405
348,527,MYCT1,TUBB4B,0.9659705
348,515,MYCT1,NCF1,0.9646479
348,536,MYCT1,MOGS,0.96303046
348,525,MYCT1,CD44,0.9596931
348,277,MYCT1,MEF2C,0.95744145
348,257,MYCT1,UHRF1,0.95621264
348,379,MYCT1,BCL2,0.9554023
348,281,MYCT1,TGM2,0.95503867
348,380,MYCT1,NPDC1,0.95503867
348,252,MYCT1,HOXA9,0.94961184
348,67,MYCT1,TEK,0.948605
348,290,MYCT1,TMEM14C,0.948605
348,442,MYCT1,HLF,0.948605
348,392,MYCT1,PBX1,0.9481321
348,445,MYCT1,IL1R1,0.9481143
348,53,MYCT1,FCHO2,0.94770813
348,302,MYCT1,MEIS1,0.9463921
348,498,MYCT1,DENND2D,0.9454276
348,116,MYCT1,TOP2A,0.94541097
348,85,MYCT1,MECOM,0.94239783
348,44,MYCT1,NUDT19,0.9398289
348,541,MYCT1,PGR,0.9398289
348,237,MYCT1,ELF1,0.93632704
348,69,MYCT1,MAGED1,0.9304047
348,398,MYCT1,APOE,0.92313033
348,42,MYCT1,DACH1,0.913884
348,459,MYCT1,IRF8,0.91190016
348,155,MYCT1,MYCN,0.90426695
348,190,MYCT1,TIPIN,0.90345025
348,145,MYCT1,HMGB2,0.89835674
348,284,MYCT1,MAML3,0.87918854
348,506,MYCT1,PRIM1,0.87871075
348,216,MYCT1,MCM7,0.8670448
517,527,MYLK,TUBB4B,0.9804482
517,422,MYLK,RUNX2,0.9795156
517,518,MYLK,IL12A,0.97945076
517,550,MYLK,SPI1,0.9756468
517,116,MYLK,TOP2A,0.9744888
517,525,MYLK,CD44,0.97241795
517,145,MYLK,HMGB2,0.9706331
517,233,MYLK,NOTCH1,0.97014475
517,190,MYLK,TIPIN,0.96839195
517,216,MYLK,MCM7,0.9671949
517,506,MYLK,PRIM1,0.9660805
517,96,MYLK,SLBP,0.9635566
517,213,MYLK,MCM4,0.9625164
517,60,MYLK,CDT1,0.9607973
517,131,MYLK,CKS1B,0.9607973
517,335,MYLK,HDAC7,0.9602129
517,68,MYLK,MKI67,0.95709574
517,367,MYLK,IL7R,0.9552167
517,267,MYLK,SLC2A3,0.94998187
517,324,MYLK,REL,0.9301084
517,530,MYLK,IKZF1,0.9259667
517,27,MYLK,HSD3B7,0.9224093
517,334,MYLK,CD74,0.9224093
517,118,MYLK,FOXO1,0.9221475
517,459,MYLK,IRF8,0.91241115
517,221,MYLK,ARPP21,0.9078995
517,320,MYLK,MYC,0.90720725
517,46,MYLK,VDR,0.9026461
517,66,MYLK,CBFB,0.9026461
517,416,MYLK,GATA2,0.89369905
517,536,MYLK,MOGS,0.87684935
517,277,MYLK,MEF2C,0.87120056
517,76,MYLK,ESR1,0.8647452
517,58,MYLK,RARB,0.8615498
517,257,MYLK,UHRF1,0.85598487
517,281,MYLK,TGM2,0.8535019
517,380,MYLK,NPDC1,0.8531357
517,252,MYLK,HOXA9,0.84943974
517,379,MYLK,BCL2,0.8481178
517,290,MYLK,TMEM14C,0.82961243
517,442,MYLK,HLF,0.82961243
517,67,MYLK,TEK,0.82840127
517,53,MYLK,FCHO2,0.82645017
517,445,MYLK,IL1R1,0.82645017
517,302,MYLK,MEIS1,0.82635236
517,498,MYLK,DENND2D,0.82061315
517,85,MYLK,MECOM,0.8093563
517,44,MYLK,NUDT19,0.80635184
517,398,MYLK,APOE,0.80635184
517,541,MYLK,PGR,0.80635184
358,367,MYO5A,IL7R,0.9795237
358,320,MYO5A,MYC,0.9772898
358,233,MYO5A,NOTCH1,0.9769428
358,267,MYO5A,SLC2A3,0.97582096
358,518,MYO5A,IL12A,0.9755972
358,422,MYO5A,RUNX2,0.97462815
358,530,MYO5A,IKZF1,0.974311
358,118,MYO5A,FOXO1,0.9741708
358,334,MYO5A,CD74,0.9739595
358,27,MYO5A,HSD3B7,0.9739227
358,550,MYO5A,SPI1,0.9732983
358,527,MYO5A,TUBB4B,0.9714777
358,221,MYO5A,ARPP21,0.96978384
358,76,MYO5A,ESR1,0.9682408
358,66,MYO5A,CBFB,0.96813357
358,525,MYO5A,CD44,0.96795255
358,416,MYO5A,GATA2,0.9678885
358,69,MYO5A,MAGED1,0.9673226
358,335,MYO5A,HDAC7,0.96512824
358,515,MYO5A,NCF1,0.9647333
358,536,MYO5A,MOGS,0.9632864
358,46,MYO5A,VDR,0.9623663
358,277,MYO5A,MEF2C,0.95802927
358,379,MYO5A,BCL2,0.955986
358,281,MYO5A,TGM2,0.955764
358,380,MYO5A,NPDC1,0.955764
358,116,MYO5A,TOP2A,0.9535276
358,252,MYO5A,HOXA9,0.950728
358,67,MYO5A,TEK,0.9498975
358,290,MYO5A,TMEM14C,0.9498975
358,442,MYO5A,HLF,0.9498975
358,392,MYO5A,PBX1,0.94806856
358,53,MYO5A,FCHO2,0.9480413
358,445,MYO5A,IL1R1,0.9480413
358,302,MYO5A,MEIS1,0.9463443
358,498,MYO5A,DENND2D,0.94409883
358,85,MYO5A,MECOM,0.940678
358,398,MYO5A,APOE,0.94037706
358,541,MYO5A,PGR,0.94037706
358,44,MYO5A,NUDT19,0.9403521
358,459,MYO5A,IRF8,0.9370023
358,58,MYO5A,RARB,0.93468195
358,237,MYO5A,ELF1,0.9333533
358,257,MYO5A,UHRF1,0.929226
358,190,MYO5A,TIPIN,0.92374563
358,145,MYO5A,HMGB2,0.9219743
358,42,MYO5A,DACH1,0.9120529
358,506,MYO5A,PRIM1,0.9039053
358,216,MYO5A,MCM7,0.897076
358,284,MYO5A,MAML3,0.8776884
123,527,N4BP3,TUBB4B,0.9804482
123,422,N4BP3,RUNX2,0.97951335
123,518,N4BP3,IL12A,0.9794573
123,550,N4BP3,SPI1,0.9756468
123,116,N4BP3,TOP2A,0.9744888
123,525,N4BP3,CD44,0.97241795
123,145,N4BP3,HMGB2,0.9706331
123,233,N4BP3,NOTCH1,0.97014475
123,190,N4BP3,TIPIN,0.96839195
123,216,N4BP3,MCM7,0.9671949
123,506,N4BP3,PRIM1,0.9660805
123,96,N4BP3,SLBP,0.9635766
123,213,N4BP3,MCM4,0.96235734
123,60,N4BP3,CDT1,0.9607973
123,131,N4BP3,CKS1B,0.9607973
123,335,N4BP3,HDAC7,0.96017826
123,320,N4BP3,MYC,0.9599392
123,68,N4BP3,MKI67,0.9570386
123,267,N4BP3,SLC2A3,0.94998187
123,27,N4BP3,HSD3B7,0.9404939
123,324,N4BP3,REL,0.9312972
123,530,N4BP3,IKZF1,0.9259667
123,334,N4BP3,CD74,0.9224093
123,118,N4BP3,FOXO1,0.9217096
123,459,N4BP3,IRF8,0.9122835
123,46,N4BP3,VDR,0.9026461
123,66,N4BP3,CBFB,0.9026461
123,367,N4BP3,IL7R,0.90143245
123,221,N4BP3,ARPP21,0.8989266
123,69,N4BP3,MAGED1,0.8985098
123,416,N4BP3,GATA2,0.89369905
123,76,N4BP3,ESR1,0.88950634
123,536,N4BP3,MOGS,0.8767982
123,58,N4BP3,RARB,0.8617976
123,277,N4BP3,MEF2C,0.8603895
123,257,N4BP3,UHRF1,0.8561747
123,515,N4BP3,NCF1,0.8542006
123,281,N4BP3,TGM2,0.8535019
123,380,N4BP3,NPDC1,0.8535019
123,252,N4BP3,HOXA9,0.84943974
123,379,N4BP3,BCL2,0.8481178
123,290,N4BP3,TMEM14C,0.82961243
123,442,N4BP3,HLF,0.82961243
123,67,N4BP3,TEK,0.8295973
123,392,N4BP3,PBX1,0.8265034
123,445,N4BP3,IL1R1,0.82645017
123,302,N4BP3,MEIS1,0.82635236
123,53,N4BP3,FCHO2,0.82216334
123,498,N4BP3,DENND2D,0.82061315
123,85,N4BP3,MECOM,0.8093563
434,527,NAPSA,TUBB4B,0.98046714
434,422,NAPSA,RUNX2,0.97952795
434,550,NAPSA,SPI1,0.97567046
434,96,NAPSA,SLBP,0.97303414
434,525,NAPSA,CD44,0.9724452
434,233,NAPSA,NOTCH1,0.9702124
434,116,NAPSA,TOP2A,0.9701971
434,216,NAPSA,MCM7,0.96727866
434,506,NAPSA,PRIM1,0.9661813
434,190,NAPSA,TIPIN,0.9649594
434,145,NAPSA,HMGB2,0.9631525
434,213,NAPSA,MCM4,0.9626086
434,131,NAPSA,CKS1B,0.96088886
434,60,NAPSA,CDT1,0.9608636
434,518,NAPSA,IL12A,0.960816
434,335,NAPSA,HDAC7,0.96037006
434,320,NAPSA,MYC,0.96010715
434,68,NAPSA,MKI67,0.9571739
434,367,NAPSA,IL7R,0.95541286
434,267,NAPSA,SLC2A3,0.95018464
434,324,NAPSA,REL,0.93145436
434,530,NAPSA,IKZF1,0.92627937
434,53,NAPSA,FCHO2,0.9236352
434,27,NAPSA,HSD3B7,0.9227354
434,334,NAPSA,CD74,0.9227354
434,118,NAPSA,FOXO1,0.9213072
434,459,NAPSA,IRF8,0.9128695
434,221,NAPSA,ARPP21,0.90830123
434,46,NAPSA,VDR,0.9030135
434,66,NAPSA,CBFB,0.9030135
434,69,NAPSA,MAGED1,0.89867836
434,416,NAPSA,GATA2,0.8948637
434,76,NAPSA,ESR1,0.8899611
434,515,NAPSA,NCF1,0.88246226
434,58,NAPSA,RARB,0.86272657
434,257,NAPSA,UHRF1,0.85655427
434,281,NAPSA,TGM2,0.8540837
434,252,NAPSA,HOXA9,0.8499676
434,379,NAPSA,BCL2,0.84268665
434,67,NAPSA,TEK,0.830262
434,290,NAPSA,TMEM14C,0.830262
434,442,NAPSA,HLF,0.830262
434,392,NAPSA,PBX1,0.8271605
434,445,NAPSA,IL1R1,0.8271156
434,302,NAPSA,MEIS1,0.82694167
434,498,NAPSA,DENND2D,0.82125634
434,44,NAPSA,NUDT19,0.8159649
434,85,NAPSA,MECOM,0.8100072
434,398,NAPSA,APOE,0.8069626
434,541,NAPSA,PGR,0.8069626
364,527,NAV1,TUBB4B,0.9804482
364,518,NAV1,IL12A,0.97965235
364,422,NAV1,RUNX2,0.9795156
364,550,NAV1,SPI1,0.9756855
364,116,NAV1,TOP2A,0.9744888
364,525,NAV1,CD44,0.9724201
364,145,NAV1,HMGB2,0.9706331
364,233,NAV1,NOTCH1,0.97014475
364,190,NAV1,TIPIN,0.96839195
364,216,NAV1,MCM7,0.9672028
364,506,NAV1,PRIM1,0.9660947
364,96,NAV1,SLBP,0.9635566
364,213,NAV1,MCM4,0.9625164
364,68,NAV1,MKI67,0.96199113
364,60,NAV1,CDT1,0.9607973
364,131,NAV1,CKS1B,0.9607973
364,335,NAV1,HDAC7,0.9602129
364,320,NAV1,MYC,0.9599392
364,267,NAV1,SLC2A3,0.94998187
364,324,NAV1,REL,0.9312972
364,46,NAV1,VDR,0.92645776
364,27,NAV1,HSD3B7,0.9224093
364,334,NAV1,CD74,0.9224093
364,118,NAV1,FOXO1,0.9221475
364,459,NAV1,IRF8,0.91241115
364,221,NAV1,ARPP21,0.9078995
364,66,NAV1,CBFB,0.9026461
364,69,NAV1,MAGED1,0.89826274
364,416,NAV1,GATA2,0.89369905
364,76,NAV1,ESR1,0.88950634
364,515,NAV1,NCF1,0.8819892
364,536,NAV1,MOGS,0.87684935
364,277,NAV1,MEF2C,0.8603895
364,257,NAV1,UHRF1,0.85598487
364,380,NAV1,NPDC1,0.8535019
364,281,NAV1,TGM2,0.850116
364,252,NAV1,HOXA9,0.84943974
364,379,NAV1,BCL2,0.8481178
364,67,NAV1,TEK,0.82961243
364,290,NAV1,TMEM14C,0.82961243
364,442,NAV1,HLF,0.82961243
364,392,NAV1,PBX1,0.8265034
364,53,NAV1,FCHO2,0.82645017
364,445,NAV1,IL1R1,0.82645017
364,302,NAV1,MEIS1,0.82635236
364,498,NAV1,DENND2D,0.82061315
364,367,NAV1,IL7R,0.8187588
364,58,NAV1,RARB,0.812356
364,85,NAV1,MECOM,0.8093563
364,44,NAV1,NUDT19,0.80635184
326,422,NCAPD2,RUNX2,0.9795156
326,518,NCAPD2,IL12A,0.9794573
326,550,NCAPD2,SPI1,0.97564316
326,116,NCAPD2,TOP2A,0.9744888
326,525,NCAPD2,CD44,0.97241795
326,145,NCAPD2,HMGB2,0.9706331
326,190,NCAPD2,TIPIN,0.96839195
326,96,NCAPD2,SLBP,0.967968
326,527,NCAPD2,TUBB4B,0.9675252
326,216,NCAPD2,MCM7,0.96719766
326,506,NCAPD2,PRIM1,0.9660805
326,213,NCAPD2,MCM4,0.9625164
326,131,NCAPD2,CKS1B,0.9608346
326,60,NCAPD2,CDT1,0.9607973
326,335,NCAPD2,HDAC7,0.96011674
326,320,NCAPD2,MYC,0.9599392
326,68,NCAPD2,MKI67,0.95707554
326,367,NCAPD2,IL7R,0.9552167
326,233,NCAPD2,NOTCH1,0.9541565
326,267,NCAPD2,SLC2A3,0.95267457
326,324,NCAPD2,REL,0.93123853
326,27,NCAPD2,HSD3B7,0.9224093
326,334,NCAPD2,CD74,0.9224093
326,118,NCAPD2,FOXO1,0.9221475
326,459,NCAPD2,IRF8,0.9123395
326,530,NCAPD2,IKZF1,0.909508
326,221,NCAPD2,ARPP21,0.9077895
326,46,NCAPD2,VDR,0.9026461
326,66,NCAPD2,CBFB,0.9026461
326,69,NCAPD2,MAGED1,0.89826274
326,416,NCAPD2,GATA2,0.8936075
326,515,NCAPD2,NCF1,0.8819892
326,536,NCAPD2,MOGS,0.87684935
326,76,NCAPD2,ESR1,0.870225
326,277,NCAPD2,MEF2C,0.86457276
326,58,NCAPD2,RARB,0.8617976
326,257,NCAPD2,UHRF1,0.85598487
326,281,NCAPD2,TGM2,0.8535019
326,380,NCAPD2,NPDC1,0.8535019
326,252,NCAPD2,HOXA9,0.84943974
326,379,NCAPD2,BCL2,0.8481178
326,67,NCAPD2,TEK,0.82961243
326,290,NCAPD2,TMEM14C,0.82961243
326,442,NCAPD2,HLF,0.82961243
326,392,NCAPD2,PBX1,0.8265034
326,53,NCAPD2,FCHO2,0.82645017
326,445,NCAPD2,IL1R1,0.82645017
326,302,NCAPD2,MEIS1,0.82635236
326,498,NCAPD2,DENND2D,0.82061315
326,85,NCAPD2,MECOM,0.8093563
405,422,NCEH1,RUNX2,0.97517496
405,527,NCEH1,TUBB4B,0.974619
405,518,NCEH1,IL12A,0.9735589
405,550,NCEH1,SPI1,0.96989226
405,233,NCEH1,NOTCH1,0.96817625
405,525,NCEH1,CD44,0.9666762
405,116,NCEH1,TOP2A,0.96184486
405,145,NCEH1,HMGB2,0.95631087
405,335,NCEH1,HDAC7,0.9561039
405,320,NCEH1,MYC,0.95587337
405,190,NCEH1,TIPIN,0.9538732
405,216,NCEH1,MCM7,0.951135
405,367,NCEH1,IL7R,0.9509192
405,506,NCEH1,PRIM1,0.95011157
405,267,NCEH1,SLC2A3,0.9455872
405,131,NCEH1,CKS1B,0.94513714
405,96,NCEH1,SLBP,0.9412568
405,213,NCEH1,MCM4,0.9394786
405,60,NCEH1,CDT1,0.9327499
405,530,NCEH1,IKZF1,0.9243185
405,68,NCEH1,MKI67,0.92365706
405,27,NCEH1,HSD3B7,0.9187101
405,334,NCEH1,CD74,0.9187101
405,118,NCEH1,FOXO1,0.91730267
405,459,NCEH1,IRF8,0.9077748
405,221,NCEH1,ARPP21,0.9016686
405,290,NCEH1,TMEM14C,0.8933026
405,69,NCEH1,MAGED1,0.8922192
405,416,NCEH1,GATA2,0.8875243
405,46,NCEH1,VDR,0.8862309
405,76,NCEH1,ESR1,0.8824106
405,515,NCEH1,NCF1,0.87509614
405,324,NCEH1,REL,0.873365
405,536,NCEH1,MOGS,0.87329435
405,277,NCEH1,MEF2C,0.8543526
405,252,NCEH1,HOXA9,0.85155576
405,257,NCEH1,UHRF1,0.8509789
405,58,NCEH1,RARB,0.8507259
405,380,NCEH1,NPDC1,0.8431878
405,281,NCEH1,TGM2,0.84306794
405,379,NCEH1,BCL2,0.84016687
405,53,NCEH1,FCHO2,0.830655
405,66,NCEH1,CBFB,0.8235932
405,67,NCEH1,TEK,0.8208747
405,442,NCEH1,HLF,0.8208747
405,392,NCEH1,PBX1,0.8176376
405,445,NCEH1,IL1R1,0.817494
405,498,NCEH1,DENND2D,0.812811
405,44,NCEH1,NUDT19,0.8055433
405,398,NCEH1,APOE,0.8055433
515,422,NCF1,RUNX2,0.98122567
515,233,NCF1,NOTCH1,0.9804719
515,518,NCF1,IL12A,0.98002976
515,527,NCF1,TUBB4B,0.9797165
515,367,NCF1,IL7R,0.9788285
515,550,NCF1,SPI1,0.9784817
515,335,NCF1,HDAC7,0.9774802
515,525,NCF1,CD44,0.97691697
515,267,NCF1,SLC2A3,0.9738442
515,116,NCF1,TOP2A,0.9708817
515,530,NCF1,IKZF1,0.9706693
515,118,NCF1,FOXO1,0.97048146
515,27,NCF1,HSD3B7,0.9699573
515,334,NCF1,CD74,0.9699573
515,221,NCF1,ARPP21,0.96559817
515,320,NCF1,MYC,0.9649912
515,46,NCF1,VDR,0.9607226
515,66,NCF1,CBFB,0.9607226
515,416,NCF1,GATA2,0.9582396
515,190,NCF1,TIPIN,0.9565848
515,145,NCF1,HMGB2,0.95619315
515,536,NCF1,MOGS,0.9519393
515,506,NCF1,PRIM1,0.94891274
515,216,NCF1,MCM7,0.9481384
515,459,NCF1,IRF8,0.94627196
515,277,NCF1,MEF2C,0.9435943
515,76,NCF1,ESR1,0.9422056
515,257,NCF1,UHRF1,0.941318
515,379,NCF1,BCL2,0.9320164
515,281,NCF1,TGM2,0.9310215
515,380,NCF1,NPDC1,0.93066496
515,252,NCF1,HOXA9,0.9282998
515,96,NCF1,SLBP,0.928287
515,213,NCF1,MCM4,0.92689055
515,290,NCF1,TMEM14C,0.9162213
515,442,NCF1,HLF,0.9162213
515,67,NCF1,TEK,0.9147169
515,302,NCF1,MEIS1,0.91303426
515,60,NCF1,CDT1,0.9121558
515,131,NCF1,CKS1B,0.9121557
515,53,NCF1,FCHO2,0.9116877
515,445,NCF1,IL1R1,0.9116877
515,498,NCF1,DENND2D,0.9048974
515,85,NCF1,MECOM,0.90199554
515,44,NCF1,NUDT19,0.9002994
515,398,NCF1,APOE,0.9002994
515,541,NCF1,PGR,0.9002994
515,68,NCF1,MKI67,0.89296854
515,237,NCF1,ELF1,0.8862786
515,69,NCF1,MAGED1,0.88456
426,233,NDN,NOTCH1,0.97886616
426,367,NDN,IL7R,0.9777142
426,335,NDN,HDAC7,0.9774374
426,320,NDN,MYC,0.9771855
426,267,NDN,SLC2A3,0.9751441
426,530,NDN,IKZF1,0.9737845
426,27,NDN,HSD3B7,0.9729989
426,334,NDN,CD74,0.9729989
426,118,NDN,FOXO1,0.9720338
426,518,NDN,IL12A,0.9717472
426,550,NDN,SPI1,0.9712541
426,221,NDN,ARPP21,0.96930146
426,66,NDN,CBFB,0.9685156
426,69,NDN,MAGED1,0.9668154
426,46,NDN,VDR,0.9666645
426,527,NDN,TUBB4B,0.9664375
426,416,NDN,GATA2,0.9658343
426,76,NDN,ESR1,0.9648688
426,515,NDN,NCF1,0.96327585
426,525,NDN,CD44,0.9624663
426,536,NDN,MOGS,0.9623381
426,422,NDN,RUNX2,0.960363
426,277,NDN,MEF2C,0.9569004
426,257,NDN,UHRF1,0.9544468
426,379,NDN,BCL2,0.954289
426,281,NDN,TGM2,0.95266664
426,252,NDN,HOXA9,0.94822025
426,67,NDN,TEK,0.9474663
426,290,NDN,TMEM14C,0.9474663
426,392,NDN,PBX1,0.9468453
426,53,NDN,FCHO2,0.94682807
426,445,NDN,IL1R1,0.9464694
426,302,NDN,MEIS1,0.94571763
426,498,NDN,DENND2D,0.94467753
426,85,NDN,MECOM,0.9432281
426,44,NDN,NUDT19,0.9408157
426,398,NDN,APOE,0.9408157
426,541,NDN,PGR,0.9408157
426,237,NDN,ELF1,0.93894625
426,116,NDN,TOP2A,0.9361603
426,442,NDN,HLF,0.9355632
426,42,NDN,DACH1,0.92851
426,284,NDN,MAML3,0.9128978
426,155,NDN,MYCN,0.9075552
426,135,NDN,GFI1B,0.90321547
426,78,NDN,ICA1,0.9031611
426,459,NDN,IRF8,0.90123385
426,468,NDN,VEGFC,0.9005363
426,324,NDN,REL,0.8972129
426,190,NDN,TIPIN,0.8836881
366,527,NDRG2,TUBB4B,0.9804482
366,422,NDRG2,RUNX2,0.9794605
366,518,NDRG2,IL12A,0.9783894
366,550,NDRG2,SPI1,0.9756468
366,116,NDRG2,TOP2A,0.9744888
366,525,NDRG2,CD44,0.97241795
366,145,NDRG2,HMGB2,0.9706331
366,233,NDRG2,NOTCH1,0.97014475
366,190,NDRG2,TIPIN,0.96839195
366,216,NDRG2,MCM7,0.9671949
366,506,NDRG2,PRIM1,0.9660805
366,96,NDRG2,SLBP,0.9635566
366,213,NDRG2,MCM4,0.9625164
366,68,NDRG2,MKI67,0.96199113
366,60,NDRG2,CDT1,0.9607973
366,131,NDRG2,CKS1B,0.9607973
366,335,NDRG2,HDAC7,0.96017486
366,320,NDRG2,MYC,0.9599392
366,367,NDRG2,IL7R,0.95178723
366,267,NDRG2,SLC2A3,0.94998187
366,324,NDRG2,REL,0.9277525
366,46,NDRG2,VDR,0.92645776
366,530,NDRG2,IKZF1,0.9259667
366,27,NDRG2,HSD3B7,0.9224093
366,334,NDRG2,CD74,0.9224093
366,118,NDRG2,FOXO1,0.9221475
366,459,NDRG2,IRF8,0.91241115
366,221,NDRG2,ARPP21,0.9078995
366,66,NDRG2,CBFB,0.9026461
366,69,NDRG2,MAGED1,0.89826274
366,416,NDRG2,GATA2,0.89369905
366,76,NDRG2,ESR1,0.88950634
366,515,NDRG2,NCF1,0.8819892
366,536,NDRG2,MOGS,0.87684935
366,257,NDRG2,UHRF1,0.8728619
366,277,NDRG2,MEF2C,0.8603895
366,281,NDRG2,TGM2,0.8535019
366,380,NDRG2,NPDC1,0.8535019
366,252,NDRG2,HOXA9,0.84943974
366,379,NDRG2,BCL2,0.8456627
366,67,NDRG2,TEK,0.82961243
366,290,NDRG2,TMEM14C,0.82961243
366,442,NDRG2,HLF,0.82961243
366,302,NDRG2,MEIS1,0.8271355
366,392,NDRG2,PBX1,0.8265034
366,53,NDRG2,FCHO2,0.82645017
366,445,NDRG2,IL1R1,0.82645017
366,498,NDRG2,DENND2D,0.82061315
366,58,NDRG2,RARB,0.812356
366,85,NDRG2,MECOM,0.8093563
51,527,NEAT1,TUBB4B,0.98043114
51,422,NEAT1,RUNX2,0.97950417
51,518,NEAT1,IL12A,0.9794573
51,116,NEAT1,TOP2A,0.97639334
51,550,NEAT1,SPI1,0.9756468
51,145,NEAT1,HMGB2,0.9729478
51,525,NEAT1,CD44,0.97241795
51,233,NEAT1,NOTCH1,0.96926033
51,190,NEAT1,TIPIN,0.96839195
51,96,NEAT1,SLBP,0.9677106
51,216,NEAT1,MCM7,0.9671737
51,506,NEAT1,PRIM1,0.9660947
51,131,NEAT1,CKS1B,0.9654468
51,60,NEAT1,CDT1,0.96544313
51,320,NEAT1,MYC,0.9639483
51,213,NEAT1,MCM4,0.9625164
51,68,NEAT1,MKI67,0.96244645
51,335,NEAT1,HDAC7,0.9602129
51,367,NEAT1,IL7R,0.95407337
51,267,NEAT1,SLC2A3,0.94998187
51,324,NEAT1,REL,0.9312972
51,530,NEAT1,IKZF1,0.9259667
51,334,NEAT1,CD74,0.9224093
51,221,NEAT1,ARPP21,0.9140499
51,459,NEAT1,IRF8,0.9123969
51,27,NEAT1,HSD3B7,0.90731156
51,118,NEAT1,FOXO1,0.90711766
51,416,NEAT1,GATA2,0.89369905
51,66,NEAT1,CBFB,0.8857628
51,46,NEAT1,VDR,0.88441986
51,515,NEAT1,NCF1,0.88162434
51,69,NEAT1,MAGED1,0.8796085
51,536,NEAT1,MOGS,0.87684935
51,302,NEAT1,MEIS1,0.8685238
51,76,NEAT1,ESR1,0.86780816
51,277,NEAT1,MEF2C,0.8603895
51,257,NEAT1,UHRF1,0.85598487
51,380,NEAT1,NPDC1,0.8535019
51,281,NEAT1,TGM2,0.85338974
51,252,NEAT1,HOXA9,0.84943974
51,379,NEAT1,BCL2,0.8481178
51,442,NEAT1,HLF,0.82961243
51,392,NEAT1,PBX1,0.8265034
51,445,NEAT1,IL1R1,0.82645017
51,58,NEAT1,RARB,0.8220168
51,498,NEAT1,DENND2D,0.82061315
51,398,NEAT1,APOE,0.80635184
51,541,NEAT1,PGR,0.80635184
51,290,NEAT1,TMEM14C,0.8020323
51,53,NEAT1,FCHO2,0.8003524
23,527,NEURL3,TUBB4B,0.9804482
23,422,NEURL3,RUNX2,0.9795156
23,518,NEURL3,IL12A,0.9794573
23,550,NEURL3,SPI1,0.9756468
23,525,NEURL3,CD44,0.97241795
23,145,NEURL3,HMGB2,0.97065675
23,233,NEURL3,NOTCH1,0.97014475
23,190,NEURL3,TIPIN,0.96839195
23,116,NEURL3,TOP2A,0.96774375
23,216,NEURL3,MCM7,0.9671949
23,506,NEURL3,PRIM1,0.9660742
23,96,NEURL3,SLBP,0.9635566
23,131,NEURL3,CKS1B,0.96254945
23,213,NEURL3,MCM4,0.9625164
23,60,NEURL3,CDT1,0.9607973
23,335,NEURL3,HDAC7,0.9602129
23,320,NEURL3,MYC,0.9599392
23,68,NEURL3,MKI67,0.95707554
23,367,NEURL3,IL7R,0.9552167
23,267,NEURL3,SLC2A3,0.94998187
23,324,NEURL3,REL,0.93116575
23,530,NEURL3,IKZF1,0.9259667
23,27,NEURL3,HSD3B7,0.9224093
23,334,NEURL3,CD74,0.9224093
23,118,NEURL3,FOXO1,0.9221475
23,459,NEURL3,IRF8,0.91241115
23,221,NEURL3,ARPP21,0.9078995
23,46,NEURL3,VDR,0.9026461
23,66,NEURL3,CBFB,0.9026461
23,69,NEURL3,MAGED1,0.89826274
23,76,NEURL3,ESR1,0.88950634
23,515,NEURL3,NCF1,0.8821113
23,536,NEURL3,MOGS,0.87219566
23,58,NEURL3,RARB,0.8657541
23,252,NEURL3,HOXA9,0.8654229
23,277,NEURL3,MEF2C,0.8603895
23,257,NEURL3,UHRF1,0.85598487
23,281,NEURL3,TGM2,0.8535019
23,380,NEURL3,NPDC1,0.8535019
23,379,NEURL3,BCL2,0.8481178
23,290,NEURL3,TMEM14C,0.82961243
23,442,NEURL3,HLF,0.82961243
23,67,NEURL3,TEK,0.8295973
23,392,NEURL3,PBX1,0.8265034
23,53,NEURL3,FCHO2,0.82645017
23,445,NEURL3,IL1R1,0.82645017
23,302,NEURL3,MEIS1,0.8255289
23,498,NEURL3,DENND2D,0.82065773
23,85,NEURL3,MECOM,0.8093563
23,44,NEURL3,NUDT19,0.80635184
303,527,NFE2,TUBB4B,0.98044914
303,422,NFE2,RUNX2,0.9795147
303,518,NFE2,IL12A,0.977393
303,550,NFE2,SPI1,0.9756468
303,525,NFE2,CD44,0.97241795
303,145,NFE2,HMGB2,0.9706331
303,116,NFE2,TOP2A,0.97050786
303,233,NFE2,NOTCH1,0.97014475
303,190,NFE2,TIPIN,0.96837884
303,216,NFE2,MCM7,0.9671949
303,506,NFE2,PRIM1,0.9660805
303,320,NFE2,MYC,0.9639483
303,213,NFE2,MCM4,0.9625164
303,96,NFE2,SLBP,0.9608418
303,60,NFE2,CDT1,0.9607973
303,131,NFE2,CKS1B,0.9607973
303,335,NFE2,HDAC7,0.9602129
303,68,NFE2,MKI67,0.9571073
303,367,NFE2,IL7R,0.9552167
303,267,NFE2,SLC2A3,0.94998187
303,324,NFE2,REL,0.9312972
303,530,NFE2,IKZF1,0.9259667
303,27,NFE2,HSD3B7,0.92556554
303,334,NFE2,CD74,0.9224093
303,118,NFE2,FOXO1,0.9221475
303,459,NFE2,IRF8,0.91241115
303,66,NFE2,CBFB,0.9085503
303,221,NFE2,ARPP21,0.9078995
303,46,NFE2,VDR,0.9026461
303,69,NFE2,MAGED1,0.89826274
303,416,NFE2,GATA2,0.89369905
303,76,NFE2,ESR1,0.88950634
303,515,NFE2,NCF1,0.8819892
303,536,NFE2,MOGS,0.87684935
303,379,NFE2,BCL2,0.86103505
303,277,NFE2,MEF2C,0.8603895
303,257,NFE2,UHRF1,0.8564839
303,281,NFE2,TGM2,0.8535019
303,380,NFE2,NPDC1,0.8535019
303,252,NFE2,HOXA9,0.84943974
303,290,NFE2,TMEM14C,0.84705025
303,58,NFE2,RARB,0.8459846
303,67,NFE2,TEK,0.82961243
303,442,NFE2,HLF,0.82961243
303,53,NFE2,FCHO2,0.82680583
303,392,NFE2,PBX1,0.8265034
303,445,NFE2,IL1R1,0.82645017
303,302,NFE2,MEIS1,0.82635236
303,498,NFE2,DENND2D,0.81992745
303,85,NFE2,MECOM,0.8093563
378,527,NFIA,TUBB4B,0.9804482
378,422,NFIA,RUNX2,0.9799105
378,518,NFIA,IL12A,0.9794573
378,550,NFIA,SPI1,0.9756468
378,116,NFIA,TOP2A,0.9744888
378,525,NFIA,CD44,0.97241795
378,145,NFIA,HMGB2,0.9706331
378,233,NFIA,NOTCH1,0.97014475
378,190,NFIA,TIPIN,0.96839195
378,216,NFIA,MCM7,0.9671949
378,506,NFIA,PRIM1,0.9636266
378,96,NFIA,SLBP,0.9635566
378,213,NFIA,MCM4,0.9625164
378,60,NFIA,CDT1,0.9607973
378,131,NFIA,CKS1B,0.9607973
378,335,NFIA,HDAC7,0.9602129
378,320,NFIA,MYC,0.9599392
378,68,NFIA,MKI67,0.95707554
378,367,NFIA,IL7R,0.9552167
378,267,NFIA,SLC2A3,0.94998187
378,324,NFIA,REL,0.93126315
378,530,NFIA,IKZF1,0.9259667
378,27,NFIA,HSD3B7,0.9224093
378,334,NFIA,CD74,0.9224093
378,118,NFIA,FOXO1,0.9221475
378,459,NFIA,IRF8,0.91234577
378,221,NFIA,ARPP21,0.9078995
378,46,NFIA,VDR,0.9026461
378,66,NFIA,CBFB,0.90252227
378,58,NFIA,RARB,0.89947516
378,69,NFIA,MAGED1,0.89826274
378,416,NFIA,GATA2,0.89369905
378,76,NFIA,ESR1,0.88950634
378,515,NFIA,NCF1,0.8819892
378,536,NFIA,MOGS,0.87684935
378,277,NFIA,MEF2C,0.86934394
378,257,NFIA,UHRF1,0.8559402
378,281,NFIA,TGM2,0.8535019
378,380,NFIA,NPDC1,0.8535019
378,252,NFIA,HOXA9,0.84943974
378,379,NFIA,BCL2,0.8481178
378,67,NFIA,TEK,0.82961243
378,290,NFIA,TMEM14C,0.82961243
378,442,NFIA,HLF,0.82961243
378,53,NFIA,FCHO2,0.82645017
378,445,NFIA,IL1R1,0.82645017
378,392,NFIA,PBX1,0.82523584
378,302,NFIA,MEIS1,0.8235377
378,498,NFIA,DENND2D,0.82061315
378,85,NFIA,MECOM,0.8093563
421,422,NHP2,RUNX2,0.9795156
421,518,NHP2,IL12A,0.9794573
421,550,NHP2,SPI1,0.9756468
421,116,NHP2,TOP2A,0.9744888
421,525,NHP2,CD44,0.97241795
421,233,NHP2,NOTCH1,0.97014475
421,145,NHP2,HMGB2,0.9692421
421,190,NHP2,TIPIN,0.96839195
421,527,NHP2,TUBB4B,0.9675252
421,216,NHP2,MCM7,0.9672501
421,506,NHP2,PRIM1,0.9660805
421,96,NHP2,SLBP,0.9635549
421,213,NHP2,MCM4,0.9625194
421,60,NHP2,CDT1,0.9607973
421,335,NHP2,HDAC7,0.9602129
421,320,NHP2,MYC,0.9600609
421,68,NHP2,MKI67,0.95707554
421,367,NHP2,IL7R,0.9552167
421,267,NHP2,SLC2A3,0.94994456
421,27,NHP2,HSD3B7,0.94344336
421,131,NHP2,CKS1B,0.9414487
421,324,NHP2,REL,0.93137544
421,530,NHP2,IKZF1,0.9259667
421,334,NHP2,CD74,0.9224093
421,118,NHP2,FOXO1,0.9221475
421,459,NHP2,IRF8,0.91241115
421,221,NHP2,ARPP21,0.9078995
421,46,NHP2,VDR,0.9026461
421,66,NHP2,CBFB,0.902184
421,69,NHP2,MAGED1,0.89826274
421,416,NHP2,GATA2,0.89369905
421,76,NHP2,ESR1,0.88950634
421,515,NHP2,NCF1,0.8819892
421,536,NHP2,MOGS,0.87684935
421,58,NHP2,RARB,0.8617976
421,277,NHP2,MEF2C,0.8603895
421,257,NHP2,UHRF1,0.85598487
421,281,NHP2,TGM2,0.8535019
421,380,NHP2,NPDC1,0.8535019
421,379,NHP2,BCL2,0.8481178
421,67,NHP2,TEK,0.82961243
421,290,NHP2,TMEM14C,0.82961243
421,442,NHP2,HLF,0.82961243
421,392,NHP2,PBX1,0.8265034
421,53,NHP2,FCHO2,0.82645017
421,445,NHP2,IL1R1,0.82645017
421,302,NHP2,MEIS1,0.82635236
421,498,NHP2,DENND2D,0.82061315
421,85,NHP2,MECOM,0.8093563
421,44,NHP2,NUDT19,0.80635184
71,527,NKG7,TUBB4B,0.98043436
71,422,NKG7,RUNX2,0.9798493
71,518,NKG7,IL12A,0.9794573
71,550,NKG7,SPI1,0.9756478
71,116,NKG7,TOP2A,0.9744888
71,145,NKG7,HMGB2,0.97200036
71,525,NKG7,CD44,0.9714472
71,233,NKG7,NOTCH1,0.97014475
71,190,NKG7,TIPIN,0.9684056
71,216,NKG7,MCM7,0.9672028
71,506,NKG7,PRIM1,0.9660805
71,96,NKG7,SLBP,0.96353114
71,213,NKG7,MCM4,0.9625164
71,320,NKG7,MYC,0.96238226
71,131,NKG7,CKS1B,0.96081066
71,60,NKG7,CDT1,0.9607973
71,335,NKG7,HDAC7,0.9602129
71,68,NKG7,MKI67,0.95707554
71,267,NKG7,SLC2A3,0.95551366
71,367,NKG7,IL7R,0.9552167
71,324,NKG7,REL,0.93121797
71,530,NKG7,IKZF1,0.9259667
71,118,NKG7,FOXO1,0.9221475
71,27,NKG7,HSD3B7,0.92193997
71,459,NKG7,IRF8,0.91241115
71,221,NKG7,ARPP21,0.9078995
71,379,NKG7,BCL2,0.90324587
71,46,NKG7,VDR,0.9026461
71,66,NKG7,CBFB,0.9026461
71,334,NKG7,CD74,0.900346
71,69,NKG7,MAGED1,0.89826274
71,416,NKG7,GATA2,0.89369905
71,76,NKG7,ESR1,0.8897694
71,515,NKG7,NCF1,0.8823218
71,536,NKG7,MOGS,0.87684935
71,58,NKG7,RARB,0.8617976
71,277,NKG7,MEF2C,0.86048657
71,257,NKG7,UHRF1,0.85598487
71,281,NKG7,TGM2,0.8535019
71,380,NKG7,NPDC1,0.85347146
71,252,NKG7,HOXA9,0.84943974
71,67,NKG7,TEK,0.82961243
71,442,NKG7,HLF,0.82961243
71,392,NKG7,PBX1,0.8265034
71,53,NKG7,FCHO2,0.82645017
71,302,NKG7,MEIS1,0.82635236
71,498,NKG7,DENND2D,0.82061315
71,85,NKG7,MECOM,0.8093563
71,398,NKG7,APOE,0.80757624
71,445,NKG7,IL1R1,0.8069845
457,527,NLRC3,TUBB4B,0.98043114
457,422,NLRC3,RUNX2,0.98001444
457,518,NLRC3,IL12A,0.9794573
457,550,NLRC3,SPI1,0.9756468
457,116,NLRC3,TOP2A,0.9744888
457,525,NLRC3,CD44,0.97241795
457,145,NLRC3,HMGB2,0.9706331
457,233,NLRC3,NOTCH1,0.97014475
457,216,NLRC3,MCM7,0.9689339
457,190,NLRC3,TIPIN,0.96839195
457,506,NLRC3,PRIM1,0.9660742
457,96,NLRC3,SLBP,0.9635566
457,213,NLRC3,MCM4,0.9625164
457,60,NLRC3,CDT1,0.9607973
457,131,NLRC3,CKS1B,0.9607973
457,335,NLRC3,HDAC7,0.9602129
457,320,NLRC3,MYC,0.9599392
457,68,NLRC3,MKI67,0.95707554
457,367,NLRC3,IL7R,0.9552167
457,267,NLRC3,SLC2A3,0.94998187
457,324,NLRC3,REL,0.9312972
457,530,NLRC3,IKZF1,0.92600244
457,27,NLRC3,HSD3B7,0.9224093
457,334,NLRC3,CD74,0.9224093
457,118,NLRC3,FOXO1,0.9221475
457,459,NLRC3,IRF8,0.9124426
457,46,NLRC3,VDR,0.9085503
457,221,NLRC3,ARPP21,0.9078995
457,66,NLRC3,CBFB,0.9013737
457,69,NLRC3,MAGED1,0.8983144
457,416,NLRC3,GATA2,0.89369905
457,76,NLRC3,ESR1,0.88950634
457,515,NLRC3,NCF1,0.8819892
457,536,NLRC3,MOGS,0.87684935
457,58,NLRC3,RARB,0.8617976
457,277,NLRC3,MEF2C,0.8603895
457,281,NLRC3,TGM2,0.8535019
457,380,NLRC3,NPDC1,0.8535019
457,252,NLRC3,HOXA9,0.84943974
457,379,NLRC3,BCL2,0.8481178
457,442,NLRC3,HLF,0.8307357
457,67,NLRC3,TEK,0.8300135
457,290,NLRC3,TMEM14C,0.82961243
457,392,NLRC3,PBX1,0.8265034
457,53,NLRC3,FCHO2,0.82645017
457,445,NLRC3,IL1R1,0.82645017
457,302,NLRC3,MEIS1,0.82635236
457,245,NLRC3,WFDC18,0.8260519
457,498,NLRC3,DENND2D,0.82061315
457,85,NLRC3,MECOM,0.8093563
233,422,NOTCH1,RUNX2,0.9758208
233,527,NOTCH1,TUBB4B,0.9743242
233,518,NOTCH1,IL12A,0.97057736
233,116,NOTCH1,TOP2A,0.9702166
233,367,NOTCH1,IL7R,0.96613055
233,131,NOTCH1,CKS1B,0.9656899
233,525,NOTCH1,CD44,0.9654737
233,335,NOTCH1,HDAC7,0.96451414
233,190,NOTCH1,TIPIN,0.9618173
233,320,NOTCH1,MYC,0.9608158
233,145,NOTCH1,HMGB2,0.95960844
233,506,NOTCH1,PRIM1,0.95576525
233,267,NOTCH1,SLC2A3,0.95371175
233,216,NOTCH1,MCM7,0.95360583
233,550,NOTCH1,SPI1,0.9476197
233,530,NOTCH1,IKZF1,0.94122154
233,96,NOTCH1,SLBP,0.93714523
233,118,NOTCH1,FOXO1,0.93588877
233,27,NOTCH1,HSD3B7,0.9354582
233,334,NOTCH1,CD74,0.9354582
233,213,NOTCH1,MCM4,0.93059474
233,60,NOTCH1,CDT1,0.92334014
233,46,NOTCH1,VDR,0.9143145
233,221,NOTCH1,ARPP21,0.9141027
233,66,NOTCH1,CBFB,0.91183454
233,69,NOTCH1,MAGED1,0.9073056
233,68,NOTCH1,MKI67,0.9071683
233,416,NOTCH1,GATA2,0.90026075
233,459,NOTCH1,IRF8,0.89958227
233,76,NOTCH1,ESR1,0.8936236
233,515,NOTCH1,NCF1,0.88527346
233,536,NOTCH1,MOGS,0.88192225
233,277,NOTCH1,MEF2C,0.856585
233,257,NOTCH1,UHRF1,0.8494669
233,379,NOTCH1,BCL2,0.84272605
233,380,NOTCH1,NPDC1,0.8357658
233,281,NOTCH1,TGM2,0.8353394
233,252,NOTCH1,HOXA9,0.83463323
233,324,NOTCH1,REL,0.81675637
233,302,NOTCH1,MEIS1,0.80895877
233,67,NOTCH1,TEK,0.8060451
233,290,NOTCH1,TMEM14C,0.8060451
233,442,NOTCH1,HLF,0.8060451
233,392,NOTCH1,PBX1,0.8021901
233,445,NOTCH1,IL1R1,0.80112904
233,53,NOTCH1,FCHO2,0.8011228
233,498,NOTCH1,DENND2D,0.7962091
233,85,NOTCH1,MECOM,0.78341246
233,44,NOTCH1,NUDT19,0.78052586
233,398,NOTCH1,APOE,0.78052586
380,530,NPDC1,IKZF1,0.9812491
380,118,NPDC1,FOXO1,0.9811014
380,367,NPDC1,IL7R,0.97947377
380,27,NPDC1,HSD3B7,0.9792723
380,334,NPDC1,CD74,0.9792723
380,46,NPDC1,VDR,0.97923285
380,66,NPDC1,CBFB,0.979221
380,416,NPDC1,GATA2,0.9784846
380,69,NPDC1,MAGED1,0.9781892
380,536,NPDC1,MOGS,0.9777254
380,515,NPDC1,NCF1,0.97769815
380,233,NPDC1,NOTCH1,0.97697985
380,76,NPDC1,ESR1,0.97682685
380,335,NPDC1,HDAC7,0.97572076
380,277,NPDC1,MEF2C,0.9747608
380,221,NPDC1,ARPP21,0.97453815
380,379,NPDC1,BCL2,0.9739933
380,281,NPDC1,TGM2,0.9730637
380,320,NPDC1,MYC,0.9719567
380,257,NPDC1,UHRF1,0.9714807
380,67,NPDC1,TEK,0.971396
380,290,NPDC1,TMEM14C,0.971396
380,442,NPDC1,HLF,0.971396
380,267,NPDC1,SLC2A3,0.9707329
380,53,NPDC1,FCHO2,0.97056097
380,445,NPDC1,IL1R1,0.97056097
380,252,NPDC1,HOXA9,0.97047955
380,392,NPDC1,PBX1,0.97038907
380,498,NPDC1,DENND2D,0.9692026
380,85,NPDC1,MECOM,0.96871156
380,302,NPDC1,MEIS1,0.9678239
380,44,NPDC1,NUDT19,0.9659977
380,398,NPDC1,APOE,0.9659977
380,541,NPDC1,PGR,0.9659977
380,237,NPDC1,ELF1,0.9659809
380,518,NPDC1,IL12A,0.96342057
380,422,NPDC1,RUNX2,0.9615439
380,42,NPDC1,DACH1,0.96069807
380,550,NPDC1,SPI1,0.95848465
380,527,NPDC1,TUBB4B,0.95822203
380,284,NPDC1,MAML3,0.95532155
380,468,NPDC1,VEGFC,0.9529356
380,78,NPDC1,ICA1,0.95293003
380,525,NPDC1,CD44,0.95087975
380,155,NPDC1,MYCN,0.9461237
380,135,NPDC1,GFI1B,0.9308556
380,6,NPDC1,SOCS2,0.92629427
380,116,NPDC1,TOP2A,0.92541844
380,283,NPDC1,HNF4A,0.92428356
380,352,NPDC1,TRIB3,0.92428356
251,367,NR3C2,IL7R,0.9806778
251,530,NR3C2,IKZF1,0.98051673
251,118,NR3C2,FOXO1,0.9802287
251,334,NR3C2,CD74,0.9792498
251,27,NR3C2,HSD3B7,0.9792484
251,233,NR3C2,NOTCH1,0.97861016
251,46,NR3C2,VDR,0.9777385
251,66,NR3C2,CBFB,0.9777385
251,69,NR3C2,MAGED1,0.9772208
251,335,NR3C2,HDAC7,0.9768993
251,320,NR3C2,MYC,0.976474
251,416,NR3C2,GATA2,0.9763104
251,221,NR3C2,ARPP21,0.9760873
251,267,NR3C2,SLC2A3,0.97554123
251,498,NR3C2,DENND2D,0.9753718
251,536,NR3C2,MOGS,0.9735598
251,257,NR3C2,UHRF1,0.97054404
251,277,NR3C2,MEF2C,0.9705218
251,76,NR3C2,ESR1,0.9694955
251,252,NR3C2,HOXA9,0.9689951
251,281,NR3C2,TGM2,0.9685971
251,380,NR3C2,NPDC1,0.9685971
251,518,NR3C2,IL12A,0.96845645
251,379,NR3C2,BCL2,0.96820784
251,550,NR3C2,SPI1,0.96627843
251,527,NR3C2,TUBB4B,0.9660588
251,67,NR3C2,TEK,0.9655048
251,290,NR3C2,TMEM14C,0.9653716
251,541,NR3C2,PGR,0.9648036
251,422,NR3C2,RUNX2,0.96449274
251,302,NR3C2,MEIS1,0.9643189
251,392,NR3C2,PBX1,0.9638782
251,53,NR3C2,FCHO2,0.9638653
251,445,NR3C2,IL1R1,0.9638653
251,85,NR3C2,MECOM,0.9617857
251,44,NR3C2,NUDT19,0.95860153
251,398,NR3C2,APOE,0.95860153
251,237,NR3C2,ELF1,0.9578632
251,525,NR3C2,CD44,0.95735866
251,442,NR3C2,HLF,0.9563644
251,515,NR3C2,NCF1,0.95331436
251,42,NR3C2,DACH1,0.9494644
251,116,NR3C2,TOP2A,0.9441701
251,284,NR3C2,MAML3,0.92840594
251,468,NR3C2,VEGFC,0.9156185
251,78,NR3C2,ICA1,0.9156017
251,58,NR3C2,RARB,0.90874356
251,459,NR3C2,IRF8,0.90178305
251,190,NR3C2,TIPIN,0.89414257
251,145,NR3C2,HMGB2,0.8876549
91,527,NRROS,TUBB4B,0.9804482
91,422,NRROS,RUNX2,0.9795156
91,518,NRROS,IL12A,0.9794485
91,550,NRROS,SPI1,0.9756468
91,116,NRROS,TOP2A,0.9744888
91,525,NRROS,CD44,0.97241795
91,145,NRROS,HMGB2,0.97068226
91,233,NRROS,NOTCH1,0.97014475
91,190,NRROS,TIPIN,0.96847486
91,216,NRROS,MCM7,0.9671949
91,506,NRROS,PRIM1,0.9660805
91,213,NRROS,MCM4,0.9644956
91,96,NRROS,SLBP,0.9635566
91,60,NRROS,CDT1,0.9607973
91,131,NRROS,CKS1B,0.9607973
91,335,NRROS,HDAC7,0.9602129
91,320,NRROS,MYC,0.9599392
91,68,NRROS,MKI67,0.95707554
91,367,NRROS,IL7R,0.9552167
91,267,NRROS,SLC2A3,0.94998187
91,324,NRROS,REL,0.93562794
91,530,NRROS,IKZF1,0.9259667
91,27,NRROS,HSD3B7,0.9224093
91,334,NRROS,CD74,0.9224093
91,118,NRROS,FOXO1,0.9221475
91,459,NRROS,IRF8,0.91241115
91,221,NRROS,ARPP21,0.9078995
91,66,NRROS,CBFB,0.9026461
91,69,NRROS,MAGED1,0.89826274
91,416,NRROS,GATA2,0.89369905
91,76,NRROS,ESR1,0.88950634
91,46,NRROS,VDR,0.8838176
91,515,NRROS,NCF1,0.8819892
91,536,NRROS,MOGS,0.87684935
91,277,NRROS,MEF2C,0.86934394
91,58,NRROS,RARB,0.8617976
91,257,NRROS,UHRF1,0.85598487
91,281,NRROS,TGM2,0.8535019
91,380,NRROS,NPDC1,0.8535019
91,252,NRROS,HOXA9,0.84943974
91,379,NRROS,BCL2,0.8481178
91,67,NRROS,TEK,0.82961243
91,290,NRROS,TMEM14C,0.82961243
91,442,NRROS,HLF,0.82961243
91,302,NRROS,MEIS1,0.82660997
91,392,NRROS,PBX1,0.8265034
91,445,NRROS,IL1R1,0.82645017
91,498,NRROS,DENND2D,0.82061315
91,398,NRROS,APOE,0.8067991
91,44,NRROS,NUDT19,0.80635184
502,527,NSMF,TUBB4B,0.9802586
502,518,NSMF,IL12A,0.9799794
502,550,NSMF,SPI1,0.9779334
502,525,NSMF,CD44,0.9760271
502,233,NSMF,NOTCH1,0.9752656
502,335,NSMF,HDAC7,0.9698915
502,320,NSMF,MYC,0.9685289
502,116,NSMF,TOP2A,0.968328
502,422,NSMF,RUNX2,0.96686924
502,267,NSMF,SLC2A3,0.9637126
502,145,NSMF,HMGB2,0.96342623
502,367,NSMF,IL7R,0.96139073
502,190,NSMF,TIPIN,0.96019423
502,131,NSMF,CKS1B,0.95965475
502,216,NSMF,MCM7,0.9583516
502,506,NSMF,PRIM1,0.9569989
502,213,NSMF,MCM4,0.9556556
502,96,NSMF,SLBP,0.95234877
502,530,NSMF,IKZF1,0.95224315
502,27,NSMF,HSD3B7,0.9493952
502,334,NSMF,CD74,0.9493952
502,118,NSMF,FOXO1,0.9492838
502,60,NSMF,CDT1,0.9487405
502,68,NSMF,MKI67,0.94255376
502,221,NSMF,ARPP21,0.9418352
502,459,NSMF,IRF8,0.93647105
502,66,NSMF,CBFB,0.93628806
502,46,NSMF,VDR,0.93625283
502,69,NSMF,MAGED1,0.93182164
502,416,NSMF,GATA2,0.93172157
502,76,NSMF,ESR1,0.92936385
502,515,NSMF,NCF1,0.9231849
502,536,NSMF,MOGS,0.9195304
502,277,NSMF,MEF2C,0.9065201
502,257,NSMF,UHRF1,0.90332514
502,281,NSMF,TGM2,0.899917
502,380,NSMF,NPDC1,0.899917
502,379,NSMF,BCL2,0.89710265
502,252,NSMF,HOXA9,0.897017
502,324,NSMF,REL,0.8923511
502,290,NSMF,TMEM14C,0.8826663
502,442,NSMF,HLF,0.8826663
502,67,NSMF,TEK,0.8826094
502,392,NSMF,PBX1,0.87975657
502,53,NSMF,FCHO2,0.87971336
502,445,NSMF,IL1R1,0.87971336
502,302,NSMF,MEIS1,0.8793282
502,498,NSMF,DENND2D,0.87426114
502,85,NSMF,MECOM,0.8663747
502,541,NSMF,PGR,0.861905
557,367,NT5C3,IL7R,0.9795237
557,233,NT5C3,NOTCH1,0.9791286
557,320,NT5C3,MYC,0.97729164
557,267,NT5C3,SLC2A3,0.97582096
557,518,NT5C3,IL12A,0.9755972
557,422,NT5C3,RUNX2,0.97462815
557,530,NT5C3,IKZF1,0.974311
557,118,NT5C3,FOXO1,0.974251
557,550,NT5C3,SPI1,0.97414035
557,27,NT5C3,HSD3B7,0.9739227
557,334,NT5C3,CD74,0.9739227
557,221,NT5C3,ARPP21,0.97171277
557,527,NT5C3,TUBB4B,0.9714777
557,416,NT5C3,GATA2,0.96967465
557,76,NT5C3,ESR1,0.9682408
557,46,NT5C3,VDR,0.96813357
557,66,NT5C3,CBFB,0.96813357
557,525,NT5C3,CD44,0.9679624
557,69,NT5C3,MAGED1,0.9673226
557,335,NT5C3,HDAC7,0.96508884
557,515,NT5C3,NCF1,0.9647351
557,536,NT5C3,MOGS,0.9632864
557,277,NT5C3,MEF2C,0.95802927
557,257,NT5C3,UHRF1,0.9567778
557,445,NT5C3,IL1R1,0.95616394
557,379,NT5C3,BCL2,0.955986
557,281,NT5C3,TGM2,0.955764
557,380,NT5C3,NPDC1,0.955764
557,116,NT5C3,TOP2A,0.9535276
557,284,NT5C3,MAML3,0.9514725
557,252,NT5C3,HOXA9,0.950728
557,67,NT5C3,TEK,0.9499393
557,290,NT5C3,TMEM14C,0.9498975
557,442,NT5C3,HLF,0.9498768
557,392,NT5C3,PBX1,0.94806856
557,53,NT5C3,FCHO2,0.9480413
557,302,NT5C3,MEIS1,0.9463443
557,498,NT5C3,DENND2D,0.94409883
557,85,NT5C3,MECOM,0.9406759
557,44,NT5C3,NUDT19,0.94037706
557,541,NT5C3,PGR,0.94037706
557,398,NT5C3,APOE,0.9403521
557,459,NT5C3,IRF8,0.9370023
557,237,NT5C3,ELF1,0.9333533
557,190,NT5C3,TIPIN,0.92374563
557,145,NT5C3,HMGB2,0.9219743
557,42,NT5C3,DACH1,0.9116974
557,506,NT5C3,PRIM1,0.9039053
557,216,NT5C3,MCM7,0.897076
557,58,NT5C3,RARB,0.8865174
26,527,NUCB2,TUBB4B,0.9804482
26,422,NUCB2,RUNX2,0.9795156
26,518,NUCB2,IL12A,0.9794573
26,550,NUCB2,SPI1,0.9756468
26,525,NUCB2,CD44,0.97241795
26,145,NUCB2,HMGB2,0.97065675
26,233,NUCB2,NOTCH1,0.97014475
26,190,NUCB2,TIPIN,0.96839195
26,116,NUCB2,TOP2A,0.96774375
26,216,NUCB2,MCM7,0.9671949
26,506,NUCB2,PRIM1,0.9660742
26,96,NUCB2,SLBP,0.9635566
26,131,NUCB2,CKS1B,0.96254945
26,213,NUCB2,MCM4,0.9625164
26,60,NUCB2,CDT1,0.9607973
26,335,NUCB2,HDAC7,0.9602129
26,320,NUCB2,MYC,0.9599392
26,68,NUCB2,MKI67,0.95707554
26,367,NUCB2,IL7R,0.9552167
26,267,NUCB2,SLC2A3,0.94998187
26,324,NUCB2,REL,0.93116575
26,530,NUCB2,IKZF1,0.9259667
26,27,NUCB2,HSD3B7,0.9224093
26,334,NUCB2,CD74,0.9224093
26,118,NUCB2,FOXO1,0.9221475
26,459,NUCB2,IRF8,0.91241115
26,221,NUCB2,ARPP21,0.9078995
26,46,NUCB2,VDR,0.9026461
26,66,NUCB2,CBFB,0.9026461
26,69,NUCB2,MAGED1,0.89826274
26,76,NUCB2,ESR1,0.88950634
26,515,NUCB2,NCF1,0.8821113
26,536,NUCB2,MOGS,0.87219566
26,58,NUCB2,RARB,0.8657541
26,252,NUCB2,HOXA9,0.8654229
26,277,NUCB2,MEF2C,0.8603895
26,257,NUCB2,UHRF1,0.85598487
26,281,NUCB2,TGM2,0.8535019
26,380,NUCB2,NPDC1,0.8535019
26,379,NUCB2,BCL2,0.8481178
26,290,NUCB2,TMEM14C,0.82961243
26,442,NUCB2,HLF,0.82961243
26,67,NUCB2,TEK,0.8295973
26,392,NUCB2,PBX1,0.8265034
26,53,NUCB2,FCHO2,0.82645017
26,445,NUCB2,IL1R1,0.82645017
26,302,NUCB2,MEIS1,0.8255289
26,498,NUCB2,DENND2D,0.82065773
26,85,NUCB2,MECOM,0.8093563
26,44,NUCB2,NUDT19,0.80635184
44,233,NUDT19,NOTCH1,0.97969395
44,518,NUDT19,IL12A,0.97949356
44,527,NUDT19,TUBB4B,0.9789609
44,422,NUDT19,RUNX2,0.97818416
44,335,NUDT19,HDAC7,0.977363
44,320,NUDT19,MYC,0.9768322
44,367,NUDT19,IL7R,0.9766839
44,525,NUDT19,CD44,0.9754377
44,267,NUDT19,SLC2A3,0.9747795
44,550,NUDT19,SPI1,0.97374153
44,530,NUDT19,IKZF1,0.9696633
44,118,NUDT19,FOXO1,0.9694783
44,27,NUDT19,HSD3B7,0.9689113
44,334,NUDT19,CD74,0.9689113
44,116,NUDT19,TOP2A,0.9684794
44,221,NUDT19,ARPP21,0.96437806
44,416,NUDT19,GATA2,0.9610986
44,66,NUDT19,CBFB,0.960328
44,46,NUDT19,VDR,0.9597281
44,69,NUDT19,MAGED1,0.9589705
44,76,NUDT19,ESR1,0.9579513
44,536,NUDT19,MOGS,0.9523945
44,145,NUDT19,HMGB2,0.95224845
44,190,NUDT19,TIPIN,0.9520011
44,515,NUDT19,NCF1,0.95097977
44,506,NUDT19,PRIM1,0.9452361
44,257,NUDT19,UHRF1,0.94515014
44,459,NUDT19,IRF8,0.9442728
44,216,NUDT19,MCM7,0.9430676
44,277,NUDT19,MEF2C,0.93554884
44,379,NUDT19,BCL2,0.9327435
44,281,NUDT19,TGM2,0.9308774
44,252,NUDT19,HOXA9,0.9301372
44,380,NUDT19,NPDC1,0.92866164
44,213,NUDT19,MCM4,0.92079467
44,96,NUDT19,SLBP,0.920638
44,290,NUDT19,TMEM14C,0.9184512
44,67,NUDT19,TEK,0.9183386
44,442,NUDT19,HLF,0.9183386
44,53,NUDT19,FCHO2,0.9182134
44,392,NUDT19,PBX1,0.9148833
44,445,NUDT19,IL1R1,0.9148465
44,302,NUDT19,MEIS1,0.91295725
44,498,NUDT19,DENND2D,0.907183
44,85,NUDT19,MECOM,0.90418303
44,60,NUDT19,CDT1,0.90347224
44,131,NUDT19,CKS1B,0.90343064
44,398,NUDT19,APOE,0.90138775
44,541,NUDT19,PGR,0.90138775
44,237,NUDT19,ELF1,0.88773185
160,527,NUPR1,TUBB4B,0.9804482
160,422,NUPR1,RUNX2,0.9795156
160,518,NUPR1,IL12A,0.9794573
160,550,NUPR1,SPI1,0.9756468
160,116,NUPR1,TOP2A,0.97470266
160,525,NUPR1,CD44,0.97241795
160,145,NUPR1,HMGB2,0.9706331
160,233,NUPR1,NOTCH1,0.97014475
160,190,NUPR1,TIPIN,0.96839195
160,335,NUPR1,HDAC7,0.96783954
160,216,NUPR1,MCM7,0.96719766
160,506,NUPR1,PRIM1,0.9660805
160,96,NUPR1,SLBP,0.9635566
160,213,NUPR1,MCM4,0.9625164
160,131,NUPR1,CKS1B,0.9607973
160,320,NUPR1,MYC,0.9599392
160,60,NUPR1,CDT1,0.95946586
160,68,NUPR1,MKI67,0.95707554
160,367,NUPR1,IL7R,0.9541503
160,267,NUPR1,SLC2A3,0.94998187
160,324,NUPR1,REL,0.9312972
160,530,NUPR1,IKZF1,0.9259667
160,118,NUPR1,FOXO1,0.9226252
160,334,NUPR1,CD74,0.9224093
160,27,NUPR1,HSD3B7,0.91284585
160,459,NUPR1,IRF8,0.91241115
160,221,NUPR1,ARPP21,0.9097492
160,46,NUPR1,VDR,0.9026461
160,66,NUPR1,CBFB,0.9026461
160,69,NUPR1,MAGED1,0.89826274
160,416,NUPR1,GATA2,0.89369905
160,76,NUPR1,ESR1,0.8897694
160,515,NUPR1,NCF1,0.8819892
160,536,NUPR1,MOGS,0.87684935
160,58,NUPR1,RARB,0.8617976
160,277,NUPR1,MEF2C,0.85994035
160,257,NUPR1,UHRF1,0.85598487
160,281,NUPR1,TGM2,0.8535019
160,380,NUPR1,NPDC1,0.8535019
160,442,NUPR1,HLF,0.8472764
160,252,NUPR1,HOXA9,0.8351381
160,290,NUPR1,TMEM14C,0.82961243
160,392,NUPR1,PBX1,0.8265772
160,445,NUPR1,IL1R1,0.82645017
160,302,NUPR1,MEIS1,0.82635236
160,498,NUPR1,DENND2D,0.82061315
160,85,NUPR1,MECOM,0.8093563
160,379,NUPR1,BCL2,0.808074
160,44,NUPR1,NUDT19,0.80643725
160,541,NUPR1,PGR,0.80635184
469,527,NWD1,TUBB4B,0.9804482
469,518,NWD1,IL12A,0.9794571
469,422,NWD1,RUNX2,0.9783181
469,550,NWD1,SPI1,0.9756468
469,116,NWD1,TOP2A,0.9744888
469,145,NWD1,HMGB2,0.9706331
469,233,NWD1,NOTCH1,0.97013175
469,525,NWD1,CD44,0.96958107
469,190,NWD1,TIPIN,0.96839195
469,216,NWD1,MCM7,0.9671949
469,506,NWD1,PRIM1,0.9660805
469,213,NWD1,MCM4,0.96517986
469,96,NWD1,SLBP,0.9635566
469,60,NWD1,CDT1,0.9607973
469,131,NWD1,CKS1B,0.9607973
469,320,NWD1,MYC,0.9599392
469,68,NWD1,MKI67,0.95707554
469,367,NWD1,IL7R,0.9552167
469,267,NWD1,SLC2A3,0.94994456
469,324,NWD1,REL,0.9312972
469,530,NWD1,IKZF1,0.9259667
469,27,NWD1,HSD3B7,0.9224093
469,334,NWD1,CD74,0.92219543
469,118,NWD1,FOXO1,0.9221475
469,221,NWD1,ARPP21,0.915315
469,459,NWD1,IRF8,0.91241115
469,46,NWD1,VDR,0.9026461
469,66,NWD1,CBFB,0.9026461
469,69,NWD1,MAGED1,0.89826274
469,335,NWD1,HDAC7,0.8926737
469,76,NWD1,ESR1,0.88950634
469,536,NWD1,MOGS,0.87684935
469,58,NWD1,RARB,0.8617976
469,257,NWD1,UHRF1,0.85598487
469,281,NWD1,TGM2,0.8535019
469,380,NWD1,NPDC1,0.8535019
469,252,NWD1,HOXA9,0.84943974
469,379,NWD1,BCL2,0.8483872
469,53,NWD1,FCHO2,0.83812696
469,67,NWD1,TEK,0.82961243
469,290,NWD1,TMEM14C,0.82961243
469,442,NWD1,HLF,0.82961243
469,277,NWD1,MEF2C,0.8292882
469,302,NWD1,MEIS1,0.82702374
469,392,NWD1,PBX1,0.8265034
469,445,NWD1,IL1R1,0.82645017
469,498,NWD1,DENND2D,0.82061315
469,398,NWD1,APOE,0.8153746
469,85,NWD1,MECOM,0.8093563
469,44,NWD1,NUDT19,0.8066138
239,527,OAS2,TUBB4B,0.98044246
239,422,OAS2,RUNX2,0.9795156
239,518,OAS2,IL12A,0.97946715
239,116,OAS2,TOP2A,0.97448957
239,525,OAS2,CD44,0.97241795
239,145,OAS2,HMGB2,0.9706331
239,233,OAS2,NOTCH1,0.97014475
239,190,OAS2,TIPIN,0.96838546
239,550,OAS2,SPI1,0.9682758
239,216,OAS2,MCM7,0.9671949
239,506,OAS2,PRIM1,0.9660947
239,96,OAS2,SLBP,0.9635566
239,213,OAS2,MCM4,0.9625164
239,131,OAS2,CKS1B,0.9607973
239,335,OAS2,HDAC7,0.9602129
239,68,OAS2,MKI67,0.95707554
239,60,OAS2,CDT1,0.95613134
239,367,OAS2,IL7R,0.9552167
239,320,OAS2,MYC,0.952504
239,267,OAS2,SLC2A3,0.94998187
239,324,OAS2,REL,0.9312972
239,530,OAS2,IKZF1,0.93067443
239,27,OAS2,HSD3B7,0.9224093
239,334,OAS2,CD74,0.9224093
239,118,OAS2,FOXO1,0.9221475
239,459,OAS2,IRF8,0.91241115
239,221,OAS2,ARPP21,0.90783334
239,66,OAS2,CBFB,0.9026461
239,46,OAS2,VDR,0.8999114
239,69,OAS2,MAGED1,0.89826274
239,416,OAS2,GATA2,0.89369905
239,380,OAS2,NPDC1,0.8930349
239,76,OAS2,ESR1,0.88950634
239,515,OAS2,NCF1,0.8819892
239,536,OAS2,MOGS,0.87684935
239,58,OAS2,RARB,0.8617976
239,277,OAS2,MEF2C,0.8603895
239,257,OAS2,UHRF1,0.85598487
239,252,OAS2,HOXA9,0.84943974
239,379,OAS2,BCL2,0.8481178
239,290,OAS2,TMEM14C,0.82961243
239,442,OAS2,HLF,0.82961243
239,392,OAS2,PBX1,0.8265034
239,53,OAS2,FCHO2,0.82645017
239,445,OAS2,IL1R1,0.8258423
239,498,OAS2,DENND2D,0.82061315
239,85,OAS2,MECOM,0.8093563
239,398,OAS2,APOE,0.80635184
239,541,OAS2,PGR,0.80635184
239,44,OAS2,NUDT19,0.80614626
41,367,OBSCN,IL7R,0.978962
41,233,OBSCN,NOTCH1,0.97832286
41,118,OBSCN,FOXO1,0.9782491
41,335,OBSCN,HDAC7,0.97680104
41,320,OBSCN,MYC,0.9767884
41,267,OBSCN,SLC2A3,0.9752476
41,518,OBSCN,IL12A,0.97419816
41,530,OBSCN,IKZF1,0.9734658
41,27,OBSCN,HSD3B7,0.9730408
41,334,OBSCN,CD74,0.97304
41,550,OBSCN,SPI1,0.97261333
41,422,OBSCN,RUNX2,0.972483
41,527,OBSCN,TUBB4B,0.97034836
41,221,OBSCN,ARPP21,0.9685758
41,46,OBSCN,VDR,0.96692735
41,66,OBSCN,CBFB,0.96692735
41,416,OBSCN,GATA2,0.9666381
41,69,OBSCN,MAGED1,0.9660212
41,525,OBSCN,CD44,0.9659878
41,515,OBSCN,NCF1,0.9635053
41,536,OBSCN,MOGS,0.9617036
41,541,OBSCN,PGR,0.96138
41,277,OBSCN,MEF2C,0.956125
41,257,OBSCN,UHRF1,0.95437
41,379,OBSCN,BCL2,0.9538503
41,281,OBSCN,TGM2,0.95320714
41,116,OBSCN,TOP2A,0.95217645
41,252,OBSCN,HOXA9,0.9483739
41,67,OBSCN,TEK,0.9470699
41,290,OBSCN,TMEM14C,0.9470699
41,442,OBSCN,HLF,0.9470699
41,392,OBSCN,PBX1,0.94503033
41,53,OBSCN,FCHO2,0.94503003
41,445,OBSCN,IL1R1,0.94503003
41,302,OBSCN,MEIS1,0.9426868
41,498,OBSCN,DENND2D,0.9401344
41,44,OBSCN,NUDT19,0.93741876
41,398,OBSCN,APOE,0.93741876
41,85,OBSCN,MECOM,0.9362711
41,58,OBSCN,RARB,0.9330979
41,459,OBSCN,IRF8,0.93099177
41,237,OBSCN,ELF1,0.9288751
41,190,OBSCN,TIPIN,0.9218046
41,145,OBSCN,HMGB2,0.917503
41,42,OBSCN,DACH1,0.9048618
41,76,OBSCN,ESR1,0.90339607
41,506,OBSCN,PRIM1,0.90102726
41,216,OBSCN,MCM7,0.89969957
41,380,OBSCN,NPDC1,0.8838696
41,96,OBSCN,SLBP,0.84719
504,527,OBSL1,TUBB4B,0.9804482
504,518,OBSL1,IL12A,0.9794573
504,550,OBSL1,SPI1,0.9756468
504,116,OBSL1,TOP2A,0.9744888
504,525,OBSL1,CD44,0.97241795
504,145,OBSL1,HMGB2,0.9706331
504,233,OBSL1,NOTCH1,0.97014475
504,190,OBSL1,TIPIN,0.96839195
504,131,OBSL1,CKS1B,0.96826553
504,216,OBSL1,MCM7,0.9671949
504,506,OBSL1,PRIM1,0.9660805
504,213,OBSL1,MCM4,0.9659633
504,96,OBSL1,SLBP,0.9635566
504,60,OBSL1,CDT1,0.9607973
504,335,OBSL1,HDAC7,0.9602129
504,320,OBSL1,MYC,0.9599392
504,422,OBSL1,RUNX2,0.9572998
504,68,OBSL1,MKI67,0.95707554
504,267,OBSL1,SLC2A3,0.94998187
504,367,OBSL1,IL7R,0.94712365
504,324,OBSL1,REL,0.9312972
504,530,OBSL1,IKZF1,0.9254132
504,27,OBSL1,HSD3B7,0.9224093
504,334,OBSL1,CD74,0.9224093
504,118,OBSL1,FOXO1,0.9221475
504,459,OBSL1,IRF8,0.9124466
504,221,OBSL1,ARPP21,0.9078995
504,66,OBSL1,CBFB,0.90268505
504,46,OBSL1,VDR,0.9026461
504,69,OBSL1,MAGED1,0.89826274
504,416,OBSL1,GATA2,0.89369905
504,76,OBSL1,ESR1,0.890121
504,515,OBSL1,NCF1,0.8819892
504,536,OBSL1,MOGS,0.87684935
504,277,OBSL1,MEF2C,0.8603895
504,257,OBSL1,UHRF1,0.85598487
504,281,OBSL1,TGM2,0.8535019
504,380,OBSL1,NPDC1,0.8535019
504,252,OBSL1,HOXA9,0.84943974
504,379,OBSL1,BCL2,0.8481178
504,290,OBSL1,TMEM14C,0.82961243
504,442,OBSL1,HLF,0.82961243
504,67,OBSL1,TEK,0.8295423
504,392,OBSL1,PBX1,0.8265034
504,53,OBSL1,FCHO2,0.82645017
504,445,OBSL1,IL1R1,0.82645017
504,302,OBSL1,MEIS1,0.82635236
504,498,OBSL1,DENND2D,0.82061315
504,85,OBSL1,MECOM,0.80958575
504,541,OBSL1,PGR,0.8065439
368,527,OSGIN1,TUBB4B,0.9804482
368,422,OSGIN1,RUNX2,0.9794605
368,518,OSGIN1,IL12A,0.9783894
368,550,OSGIN1,SPI1,0.9756468
368,116,OSGIN1,TOP2A,0.9744888
368,525,OSGIN1,CD44,0.97241795
368,145,OSGIN1,HMGB2,0.9706331
368,233,OSGIN1,NOTCH1,0.97014475
368,190,OSGIN1,TIPIN,0.96840537
368,216,OSGIN1,MCM7,0.9671949
368,506,OSGIN1,PRIM1,0.9660805
368,96,OSGIN1,SLBP,0.9635566
368,213,OSGIN1,MCM4,0.9625164
368,60,OSGIN1,CDT1,0.9607973
368,131,OSGIN1,CKS1B,0.9607973
368,335,OSGIN1,HDAC7,0.96017486
368,320,OSGIN1,MYC,0.9599392
368,68,OSGIN1,MKI67,0.9571073
368,367,OSGIN1,IL7R,0.95178723
368,267,OSGIN1,SLC2A3,0.94998187
368,324,OSGIN1,REL,0.9277525
368,530,OSGIN1,IKZF1,0.9259667
368,27,OSGIN1,HSD3B7,0.9224093
368,334,OSGIN1,CD74,0.9224093
368,118,OSGIN1,FOXO1,0.9221475
368,459,OSGIN1,IRF8,0.91241115
368,221,OSGIN1,ARPP21,0.9078995
368,69,OSGIN1,MAGED1,0.89826274
368,416,OSGIN1,GATA2,0.89369905
368,515,OSGIN1,NCF1,0.8819892
368,536,OSGIN1,MOGS,0.87684935
368,257,OSGIN1,UHRF1,0.8728619
368,66,OSGIN1,CBFB,0.8629964
368,58,OSGIN1,RARB,0.8617976
368,277,OSGIN1,MEF2C,0.8603895
368,281,OSGIN1,TGM2,0.8535019
368,380,OSGIN1,NPDC1,0.8535019
368,46,OSGIN1,VDR,0.8495298
368,252,OSGIN1,HOXA9,0.84943974
368,379,OSGIN1,BCL2,0.8456627
368,67,OSGIN1,TEK,0.82961243
368,290,OSGIN1,TMEM14C,0.82961243
368,442,OSGIN1,HLF,0.82961243
368,302,OSGIN1,MEIS1,0.8271355
368,392,OSGIN1,PBX1,0.8265034
368,53,OSGIN1,FCHO2,0.82645017
368,445,OSGIN1,IL1R1,0.82645017
368,498,OSGIN1,DENND2D,0.82061315
368,85,OSGIN1,MECOM,0.80796766
368,398,OSGIN1,APOE,0.80635184
395,527,OTUB2,TUBB4B,0.9804318
395,422,OTUB2,RUNX2,0.9795193
395,518,OTUB2,IL12A,0.97945124
395,550,OTUB2,SPI1,0.9756527
395,116,OTUB2,TOP2A,0.97451675
395,145,OTUB2,HMGB2,0.9738332
395,525,OTUB2,CD44,0.97330916
395,233,OTUB2,NOTCH1,0.9705906
395,190,OTUB2,TIPIN,0.96839195
395,216,OTUB2,MCM7,0.9671949
395,506,OTUB2,PRIM1,0.9660777
395,96,OTUB2,SLBP,0.9635566
395,213,OTUB2,MCM4,0.9625194
395,60,OTUB2,CDT1,0.9607973
395,131,OTUB2,CKS1B,0.9607973
395,335,OTUB2,HDAC7,0.9602129
395,320,OTUB2,MYC,0.9599392
395,68,OTUB2,MKI67,0.95707554
395,367,OTUB2,IL7R,0.9552167
395,267,OTUB2,SLC2A3,0.94998187
395,324,OTUB2,REL,0.9312972
395,530,OTUB2,IKZF1,0.92611706
395,27,OTUB2,HSD3B7,0.9224093
395,118,OTUB2,FOXO1,0.9221475
395,334,OTUB2,CD74,0.9221469
395,459,OTUB2,IRF8,0.91324526
395,221,OTUB2,ARPP21,0.9078995
395,46,OTUB2,VDR,0.9026461
395,66,OTUB2,CBFB,0.90152913
395,69,OTUB2,MAGED1,0.89826274
395,416,OTUB2,GATA2,0.89390385
395,76,OTUB2,ESR1,0.88950634
395,515,OTUB2,NCF1,0.8822106
395,536,OTUB2,MOGS,0.8770792
395,277,OTUB2,MEF2C,0.85987407
395,257,OTUB2,UHRF1,0.85598487
395,380,OTUB2,NPDC1,0.85376096
395,281,OTUB2,TGM2,0.8535019
395,252,OTUB2,HOXA9,0.8505267
395,58,OTUB2,RARB,0.84970224
395,379,OTUB2,BCL2,0.84839106
395,442,OTUB2,HLF,0.82990146
395,290,OTUB2,TMEM14C,0.8297113
395,67,OTUB2,TEK,0.82961243
395,392,OTUB2,PBX1,0.82715034
395,445,OTUB2,IL1R1,0.82674223
395,53,OTUB2,FCHO2,0.8264584
395,302,OTUB2,MEIS1,0.82635236
395,498,OTUB2,DENND2D,0.820916
395,85,OTUB2,MECOM,0.8093563
329,527,OTULINL,TUBB4B,0.9804482
329,422,OTULINL,RUNX2,0.97950256
329,518,OTULINL,IL12A,0.97795206
329,550,OTULINL,SPI1,0.9756408
329,116,OTULINL,TOP2A,0.9744149
329,525,OTULINL,CD44,0.9723699
329,145,OTULINL,HMGB2,0.9705363
329,190,OTULINL,TIPIN,0.9682888
329,96,OTULINL,SLBP,0.96784806
329,216,OTULINL,MCM7,0.96708864
329,506,OTULINL,PRIM1,0.9660947
329,213,OTULINL,MCM4,0.96239364
329,131,OTULINL,CKS1B,0.9607064
329,60,OTULINL,CDT1,0.96066904
329,335,OTULINL,HDAC7,0.9602626
329,320,OTULINL,MYC,0.9600867
329,68,OTULINL,MKI67,0.95693314
329,367,OTULINL,IL7R,0.9553826
329,233,OTULINL,NOTCH1,0.9543296
329,267,OTULINL,SLC2A3,0.9528584
329,324,OTULINL,REL,0.93103546
329,530,OTULINL,IKZF1,0.9259667
329,27,OTULINL,HSD3B7,0.92274284
329,334,OTULINL,CD74,0.92274284
329,118,OTULINL,FOXO1,0.9224779
329,459,OTULINL,IRF8,0.91241115
329,221,OTULINL,ARPP21,0.9081982
329,46,OTULINL,VDR,0.90305775
329,66,OTULINL,CBFB,0.90305775
329,69,OTULINL,MAGED1,0.8987078
329,416,OTULINL,GATA2,0.8935323
329,536,OTULINL,MOGS,0.87684935
329,76,OTULINL,ESR1,0.87079686
329,277,OTULINL,MEF2C,0.865166
329,58,OTULINL,RARB,0.86235106
329,257,OTULINL,UHRF1,0.8566241
329,281,OTULINL,TGM2,0.8541498
329,380,OTULINL,NPDC1,0.8541498
329,252,OTULINL,HOXA9,0.8500805
329,379,OTULINL,BCL2,0.8487815
329,67,OTULINL,TEK,0.83036387
329,290,OTULINL,TMEM14C,0.83036387
329,442,OTULINL,HLF,0.82961243
329,515,OTULINL,NCF1,0.82944125
329,392,OTULINL,PBX1,0.82726616
329,53,OTULINL,FCHO2,0.82721317
329,302,OTULINL,MEIS1,0.8270892
329,445,OTULINL,IL1R1,0.82623875
329,498,OTULINL,DENND2D,0.82061315
329,85,OTULINL,MECOM,0.8101442
494,527,P2RX1,TUBB4B,0.98046285
494,422,P2RX1,RUNX2,0.97950375
494,518,P2RX1,IL12A,0.97945124
494,550,P2RX1,SPI1,0.97563136
494,116,P2RX1,TOP2A,0.974534
494,145,P2RX1,HMGB2,0.9721933
494,233,P2RX1,NOTCH1,0.9700918
494,190,P2RX1,TIPIN,0.968458
494,216,P2RX1,MCM7,0.9672674
494,506,P2RX1,PRIM1,0.96615124
494,96,P2RX1,SLBP,0.96363306
494,320,P2RX1,MYC,0.9614941
494,131,P2RX1,CKS1B,0.9609164
494,60,P2RX1,CDT1,0.9608792
494,335,P2RX1,HDAC7,0.9600795
494,68,P2RX1,MKI67,0.9571913
494,367,P2RX1,IL7R,0.9550639
494,267,P2RX1,SLC2A3,0.94980794
494,213,P2RX1,MCM4,0.94952434
494,324,P2RX1,REL,0.93145365
494,525,P2RX1,CD44,0.92779773
494,221,P2RX1,ARPP21,0.9266078
494,530,P2RX1,IKZF1,0.9256873
494,334,P2RX1,CD74,0.9221193
494,27,P2RX1,HSD3B7,0.9220824
494,118,P2RX1,FOXO1,0.9218578
494,536,P2RX1,MOGS,0.90566033
494,66,P2RX1,CBFB,0.9023885
494,46,P2RX1,VDR,0.90227133
494,69,P2RX1,MAGED1,0.8978816
494,416,P2RX1,GATA2,0.89330184
494,459,P2RX1,IRF8,0.8899498
494,76,P2RX1,ESR1,0.88909334
494,515,P2RX1,NCF1,0.8815478
494,277,P2RX1,MEF2C,0.8639358
494,58,P2RX1,RARB,0.8612987
494,281,P2RX1,TGM2,0.8529611
494,380,P2RX1,NPDC1,0.8529611
494,252,P2RX1,HOXA9,0.8488719
494,379,P2RX1,BCL2,0.84756273
494,290,P2RX1,TMEM14C,0.8289942
494,442,P2RX1,HLF,0.8289942
494,67,P2RX1,TEK,0.828979
494,392,P2RX1,PBX1,0.82587683
494,445,P2RX1,IL1R1,0.82582355
494,53,P2RX1,FCHO2,0.8258234
494,302,P2RX1,MEIS1,0.82571304
494,42,P2RX1,DACH1,0.82180136
494,498,P2RX1,DENND2D,0.8199637
494,85,P2RX1,MECOM,0.80872387
138,527,P2RY14,TUBB4B,0.9804482
138,422,P2RY14,RUNX2,0.9795236
138,518,P2RY14,IL12A,0.9794573
138,550,P2RY14,SPI1,0.9756468
138,116,P2RY14,TOP2A,0.9744888
138,525,P2RY14,CD44,0.97241795
138,145,P2RY14,HMGB2,0.9706331
138,233,P2RY14,NOTCH1,0.97014475
138,190,P2RY14,TIPIN,0.96839195
138,216,P2RY14,MCM7,0.9671949
138,506,P2RY14,PRIM1,0.9660805
138,96,P2RY14,SLBP,0.9635566
138,213,P2RY14,MCM4,0.9625164
138,60,P2RY14,CDT1,0.9607973
138,131,P2RY14,CKS1B,0.960767
138,68,P2RY14,MKI67,0.96064967
138,335,P2RY14,HDAC7,0.9602129
138,320,P2RY14,MYC,0.9599392
138,367,P2RY14,IL7R,0.9552167
138,267,P2RY14,SLC2A3,0.9499951
138,530,P2RY14,IKZF1,0.9259059
138,27,P2RY14,HSD3B7,0.9224093
138,334,P2RY14,CD74,0.9224093
138,118,P2RY14,FOXO1,0.9221475
138,459,P2RY14,IRF8,0.91241115
138,324,P2RY14,REL,0.90866
138,221,P2RY14,ARPP21,0.9078995
138,46,P2RY14,VDR,0.9026461
138,66,P2RY14,CBFB,0.9026461
138,69,P2RY14,MAGED1,0.89826274
138,416,P2RY14,GATA2,0.89369905
138,76,P2RY14,ESR1,0.88950634
138,515,P2RY14,NCF1,0.8819892
138,536,P2RY14,MOGS,0.87684935
138,277,P2RY14,MEF2C,0.87148577
138,58,P2RY14,RARB,0.8617976
138,257,P2RY14,UHRF1,0.85598487
138,281,P2RY14,TGM2,0.8535019
138,380,P2RY14,NPDC1,0.8535019
138,252,P2RY14,HOXA9,0.84943974
138,379,P2RY14,BCL2,0.8481178
138,67,P2RY14,TEK,0.82961243
138,290,P2RY14,TMEM14C,0.82961243
138,442,P2RY14,HLF,0.82961243
138,392,P2RY14,PBX1,0.8265034
138,53,P2RY14,FCHO2,0.82645017
138,445,P2RY14,IL1R1,0.82645017
138,302,P2RY14,MEIS1,0.82635236
138,498,P2RY14,DENND2D,0.81916493
138,85,P2RY14,MECOM,0.8093563
258,527,PAFAH2,TUBB4B,0.98044705
258,422,PAFAH2,RUNX2,0.9795155
258,550,PAFAH2,SPI1,0.9756468
258,116,PAFAH2,TOP2A,0.9744824
258,525,PAFAH2,CD44,0.97241795
258,190,PAFAH2,TIPIN,0.9711793
258,145,PAFAH2,HMGB2,0.9706243
258,233,PAFAH2,NOTCH1,0.97014457
258,216,PAFAH2,MCM7,0.96718496
258,506,PAFAH2,PRIM1,0.96607035
258,96,PAFAH2,SLBP,0.9635447
258,213,PAFAH2,MCM4,0.96250504
258,60,PAFAH2,CDT1,0.9607853
258,131,PAFAH2,CKS1B,0.9607853
258,335,PAFAH2,HDAC7,0.96021223
258,320,PAFAH2,MYC,0.9599384
258,518,PAFAH2,IL12A,0.9578477
258,68,PAFAH2,MKI67,0.9570279
258,367,PAFAH2,IL7R,0.95521593
258,267,PAFAH2,SLC2A3,0.94998115
258,324,PAFAH2,REL,0.9312795
258,27,PAFAH2,HSD3B7,0.9224084
258,334,PAFAH2,CD74,0.9224084
258,118,PAFAH2,FOXO1,0.9221462
258,459,PAFAH2,IRF8,0.91240466
258,221,PAFAH2,ARPP21,0.9078986
258,46,PAFAH2,VDR,0.90264434
258,69,PAFAH2,MAGED1,0.8982618
258,416,PAFAH2,GATA2,0.8936979
258,76,PAFAH2,ESR1,0.88950515
258,515,PAFAH2,NCF1,0.88198787
258,530,PAFAH2,IKZF1,0.8784939
258,536,PAFAH2,MOGS,0.87774557
258,277,PAFAH2,MEF2C,0.8603876
258,257,PAFAH2,UHRF1,0.8559834
258,281,PAFAH2,TGM2,0.85349995
258,380,PAFAH2,NPDC1,0.85349995
258,252,PAFAH2,HOXA9,0.849437
258,379,PAFAH2,BCL2,0.8481163
258,53,PAFAH2,FCHO2,0.842658
258,58,PAFAH2,RARB,0.8310998
258,66,PAFAH2,CBFB,0.83002603
258,67,PAFAH2,TEK,0.82961106
258,290,PAFAH2,TMEM14C,0.82961106
258,442,PAFAH2,HLF,0.82961106
258,392,PAFAH2,PBX1,0.826502
258,445,PAFAH2,IL1R1,0.8264489
258,302,PAFAH2,MEIS1,0.82635033
258,498,PAFAH2,DENND2D,0.8206109
258,85,PAFAH2,MECOM,0.8093537
532,527,PAG1,TUBB4B,0.9804482
532,422,PAG1,RUNX2,0.9795156
532,518,PAG1,IL12A,0.9794573
532,550,PAG1,SPI1,0.9756468
532,116,PAG1,TOP2A,0.97448957
532,525,PAG1,CD44,0.97241795
532,145,PAG1,HMGB2,0.9706331
532,233,PAG1,NOTCH1,0.97014475
532,190,PAG1,TIPIN,0.96839195
532,216,PAG1,MCM7,0.9671949
532,506,PAG1,PRIM1,0.9660742
532,213,PAG1,MCM4,0.9625164
532,60,PAG1,CDT1,0.9607973
532,131,PAG1,CKS1B,0.9607973
532,96,PAG1,SLBP,0.96075046
532,320,PAG1,MYC,0.9599392
532,68,PAG1,MKI67,0.95707554
532,367,PAG1,IL7R,0.9552167
532,267,PAG1,SLC2A3,0.94998187
532,335,PAG1,HDAC7,0.9325584
532,324,PAG1,REL,0.93116575
532,530,PAG1,IKZF1,0.9259667
532,118,PAG1,FOXO1,0.9236665
532,334,PAG1,CD74,0.9224541
532,27,PAG1,HSD3B7,0.92240447
532,459,PAG1,IRF8,0.91893274
532,221,PAG1,ARPP21,0.9078995
532,46,PAG1,VDR,0.9026461
532,66,PAG1,CBFB,0.9026461
532,416,PAG1,GATA2,0.9013178
532,69,PAG1,MAGED1,0.89826274
532,76,PAG1,ESR1,0.88950634
532,515,PAG1,NCF1,0.8819892
532,536,PAG1,MOGS,0.87684935
532,277,PAG1,MEF2C,0.8603895
532,281,PAG1,TGM2,0.8535019
532,252,PAG1,HOXA9,0.84943974
532,379,PAG1,BCL2,0.8481178
532,58,PAG1,RARB,0.8426409
532,67,PAG1,TEK,0.82961243
532,442,PAG1,HLF,0.82961243
532,53,PAG1,FCHO2,0.82645017
532,498,PAG1,DENND2D,0.82061315
532,85,PAG1,MECOM,0.8093563
532,398,PAG1,APOE,0.80663717
532,44,PAG1,NUDT19,0.80635184
532,541,PAG1,PGR,0.80635184
532,302,PAG1,MEIS1,0.8039846
532,237,PAG1,ELF1,0.79962116
532,257,PAG1,UHRF1,0.7927797
234,527,PANX1,TUBB4B,0.98044246
234,422,PANX1,RUNX2,0.9795156
234,518,PANX1,IL12A,0.97946715
234,116,PANX1,TOP2A,0.9744888
234,525,PANX1,CD44,0.97241795
234,145,PANX1,HMGB2,0.9706331
234,233,PANX1,NOTCH1,0.97014475
234,190,PANX1,TIPIN,0.96839195
234,550,PANX1,SPI1,0.9682758
234,131,PANX1,CKS1B,0.96826553
234,213,PANX1,MCM4,0.9674009
234,216,PANX1,MCM7,0.9671949
234,506,PANX1,PRIM1,0.9660947
234,96,PANX1,SLBP,0.96356875
234,60,PANX1,CDT1,0.9607973
234,335,PANX1,HDAC7,0.9602129
234,68,PANX1,MKI67,0.95707554
234,367,PANX1,IL7R,0.9552167
234,320,PANX1,MYC,0.952504
234,267,PANX1,SLC2A3,0.94998187
234,324,PANX1,REL,0.9312972
234,530,PANX1,IKZF1,0.93067443
234,118,PANX1,FOXO1,0.9240947
234,27,PANX1,HSD3B7,0.9224093
234,334,PANX1,CD74,0.9224093
234,459,PANX1,IRF8,0.91241115
234,221,PANX1,ARPP21,0.9078995
234,46,PANX1,VDR,0.9050366
234,66,PANX1,CBFB,0.9026461
234,69,PANX1,MAGED1,0.89826274
234,416,PANX1,GATA2,0.89369905
234,380,PANX1,NPDC1,0.8930349
234,76,PANX1,ESR1,0.88950634
234,515,PANX1,NCF1,0.8819892
234,536,PANX1,MOGS,0.87684935
234,58,PANX1,RARB,0.8617976
234,277,PANX1,MEF2C,0.8603895
234,257,PANX1,UHRF1,0.85598487
234,252,PANX1,HOXA9,0.84943974
234,379,PANX1,BCL2,0.8481178
234,67,PANX1,TEK,0.82961243
234,290,PANX1,TMEM14C,0.82961243
234,442,PANX1,HLF,0.82961243
234,53,PANX1,FCHO2,0.82652664
234,392,PANX1,PBX1,0.8265034
234,445,PANX1,IL1R1,0.8258423
234,498,PANX1,DENND2D,0.82061315
234,85,PANX1,MECOM,0.8093563
234,44,PANX1,NUDT19,0.80635184
234,398,PANX1,APOE,0.80635184
208,527,PAQR5,TUBB4B,0.9801736
208,422,PAQR5,RUNX2,0.97910005
208,518,PAQR5,IL12A,0.97909844
208,550,PAQR5,SPI1,0.975172
208,116,PAQR5,TOP2A,0.9740819
208,525,PAQR5,CD44,0.97188157
208,145,PAQR5,HMGB2,0.9702252
208,233,PAQR5,NOTCH1,0.9696984
208,190,PAQR5,TIPIN,0.96796674
208,216,PAQR5,MCM7,0.96674234
208,96,PAQR5,SLBP,0.9630771
208,213,PAQR5,MCM4,0.9620317
208,60,PAQR5,CDT1,0.9602853
208,131,PAQR5,CKS1B,0.9602853
208,335,PAQR5,HDAC7,0.95986813
208,320,PAQR5,MYC,0.9595843
208,506,PAQR5,PRIM1,0.957137
208,68,PAQR5,MKI67,0.9563095
208,367,PAQR5,IL7R,0.95297194
208,267,PAQR5,SLC2A3,0.9467632
208,324,PAQR5,REL,0.93039334
208,530,PAQR5,IKZF1,0.92915857
208,27,PAQR5,HSD3B7,0.9221617
208,334,PAQR5,CD74,0.9221617
208,118,PAQR5,FOXO1,0.9143826
208,221,PAQR5,ARPP21,0.9051683
208,46,PAQR5,VDR,0.90245724
208,66,PAQR5,CBFB,0.90245724
208,459,PAQR5,IRF8,0.8987231
208,69,PAQR5,MAGED1,0.8980706
208,416,PAQR5,GATA2,0.8936066
208,76,PAQR5,ESR1,0.8894223
208,515,PAQR5,NCF1,0.8819476
208,536,PAQR5,MOGS,0.87682897
208,58,PAQR5,RARB,0.8621271
208,277,PAQR5,MEF2C,0.8604949
208,257,PAQR5,UHRF1,0.85611033
208,281,PAQR5,TGM2,0.8536192
208,380,PAQR5,NPDC1,0.8536006
208,252,PAQR5,HOXA9,0.8496452
208,379,PAQR5,BCL2,0.8482888
208,67,PAQR5,TEK,0.8299354
208,290,PAQR5,TMEM14C,0.8299354
208,442,PAQR5,HLF,0.8299354
208,445,PAQR5,IL1R1,0.8268279
208,53,PAQR5,FCHO2,0.8268278
208,302,PAQR5,MEIS1,0.8266202
208,498,PAQR5,DENND2D,0.82106423
208,85,PAQR5,MECOM,0.8099381
208,398,PAQR5,APOE,0.80701244
403,527,PARP8,TUBB4B,0.9804482
403,422,PARP8,RUNX2,0.97951883
403,518,PARP8,IL12A,0.9794573
403,550,PARP8,SPI1,0.9756468
403,116,PARP8,TOP2A,0.9744888
403,525,PARP8,CD44,0.9723699
403,145,PARP8,HMGB2,0.9706331
403,233,PARP8,NOTCH1,0.97014475
403,190,PARP8,TIPIN,0.96839195
403,216,PARP8,MCM7,0.9671949
403,506,PARP8,PRIM1,0.9660805
403,131,PARP8,CKS1B,0.96454996
403,96,PARP8,SLBP,0.9635566
403,213,PARP8,MCM4,0.9625164
403,60,PARP8,CDT1,0.9607809
403,335,PARP8,HDAC7,0.9602129
403,320,PARP8,MYC,0.9599392
403,68,PARP8,MKI67,0.95707554
403,367,PARP8,IL7R,0.9552167
403,267,PARP8,SLC2A3,0.94998187
403,324,PARP8,REL,0.9312972
403,530,PARP8,IKZF1,0.9259667
403,27,PARP8,HSD3B7,0.9224093
403,334,PARP8,CD74,0.9224093
403,118,PARP8,FOXO1,0.92210513
403,459,PARP8,IRF8,0.91241115
403,221,PARP8,ARPP21,0.9078995
403,290,PARP8,TMEM14C,0.89941174
403,69,PARP8,MAGED1,0.89826274
403,416,PARP8,GATA2,0.89369905
403,46,PARP8,VDR,0.8901471
403,76,PARP8,ESR1,0.88950634
403,515,PARP8,NCF1,0.88155377
403,536,PARP8,MOGS,0.87684935
403,58,PARP8,RARB,0.8617976
403,277,PARP8,MEF2C,0.8603895
403,252,PARP8,HOXA9,0.8570983
403,257,PARP8,UHRF1,0.85598487
403,380,PARP8,NPDC1,0.8535019
403,281,PARP8,TGM2,0.85338974
403,379,PARP8,BCL2,0.8481178
403,53,PARP8,FCHO2,0.83812696
403,66,PARP8,CBFB,0.8300274
403,67,PARP8,TEK,0.82961243
403,442,PARP8,HLF,0.82961243
403,392,PARP8,PBX1,0.8265772
403,445,PARP8,IL1R1,0.82645017
403,498,PARP8,DENND2D,0.82061315
403,44,PARP8,NUDT19,0.80635184
403,398,PARP8,APOE,0.80635184
313,527,PARVG,TUBB4B,0.98178643
313,518,PARVG,IL12A,0.9816109
313,422,PARVG,RUNX2,0.98125744
313,550,PARVG,SPI1,0.9783716
313,525,PARVG,CD44,0.9766371
313,116,PARVG,TOP2A,0.9750278
313,233,PARVG,NOTCH1,0.97474355
313,320,PARVG,MYC,0.96996236
313,335,PARVG,HDAC7,0.9698814
313,367,PARVG,IL7R,0.9685666
313,267,PARVG,SLC2A3,0.9655955
313,145,PARVG,HMGB2,0.9650505
313,190,PARVG,TIPIN,0.9650016
313,506,PARVG,PRIM1,0.9626029
313,216,PARVG,MCM7,0.96228945
313,530,PARVG,IKZF1,0.95897317
313,27,PARVG,HSD3B7,0.95830697
313,334,PARVG,CD74,0.95830697
313,118,PARVG,FOXO1,0.9572815
313,213,PARVG,MCM4,0.9557217
313,96,PARVG,SLBP,0.95471597
313,221,PARVG,ARPP21,0.9510124
313,60,PARVG,CDT1,0.95068234
313,69,PARVG,MAGED1,0.94993186
313,46,PARVG,VDR,0.94969314
313,66,PARVG,CBFB,0.94969314
313,459,PARVG,IRF8,0.94856286
313,416,PARVG,GATA2,0.94765466
313,76,PARVG,ESR1,0.94535536
313,515,PARVG,NCF1,0.9440897
313,68,PARVG,MKI67,0.94249934
313,536,PARVG,MOGS,0.94175285
313,277,PARVG,MEF2C,0.9358013
313,379,PARVG,BCL2,0.93141824
313,257,PARVG,UHRF1,0.9294768
313,281,PARVG,TGM2,0.92928445
313,131,PARVG,CKS1B,0.92679185
313,252,PARVG,HOXA9,0.9246341
313,67,PARVG,TEK,0.9220772
313,290,PARVG,TMEM14C,0.9220772
313,442,PARVG,HLF,0.9220772
313,58,PARVG,RARB,0.92193985
313,53,PARVG,FCHO2,0.9202817
313,445,PARVG,IL1R1,0.9202817
313,302,PARVG,MEIS1,0.91992635
313,392,PARVG,PBX1,0.91774625
313,498,PARVG,DENND2D,0.91612464
313,85,PARVG,MECOM,0.9132557
313,44,PARVG,NUDT19,0.90934694
313,398,PARVG,APOE,0.90934694
392,367,PBX1,IL7R,0.9802546
392,233,PBX1,NOTCH1,0.9797062
392,422,PBX1,RUNX2,0.979404
392,518,PBX1,IL12A,0.9779704
392,550,PBX1,SPI1,0.977607
392,335,PBX1,HDAC7,0.97751963
392,320,PBX1,MYC,0.9773899
392,527,PBX1,TUBB4B,0.97659624
392,267,PBX1,SLC2A3,0.97586596
392,530,PBX1,IKZF1,0.9757096
392,118,PBX1,FOXO1,0.97444534
392,27,PBX1,HSD3B7,0.973751
392,334,PBX1,CD74,0.97368556
392,525,PBX1,CD44,0.9734378
392,46,PBX1,VDR,0.9706386
392,66,PBX1,CBFB,0.97031546
392,221,PBX1,ARPP21,0.9682947
392,76,PBX1,ESR1,0.9682824
392,416,PBX1,GATA2,0.9679414
392,116,PBX1,TOP2A,0.96727574
392,69,PBX1,MAGED1,0.96680856
392,536,PBX1,MOGS,0.9639426
392,257,PBX1,UHRF1,0.9595767
392,515,PBX1,NCF1,0.9580621
392,277,PBX1,MEF2C,0.95195246
392,190,PBX1,TIPIN,0.949611
392,379,PBX1,BCL2,0.9485132
392,281,PBX1,TGM2,0.9479948
392,380,PBX1,NPDC1,0.9479948
392,252,PBX1,HOXA9,0.94731194
392,459,PBX1,IRF8,0.9455444
392,145,PBX1,HMGB2,0.94116485
392,67,PBX1,TEK,0.9381196
392,290,PBX1,TMEM14C,0.937985
392,506,PBX1,PRIM1,0.9379135
392,216,PBX1,MCM7,0.9370654
392,442,PBX1,HLF,0.9353377
392,302,PBX1,MEIS1,0.9353083
392,53,PBX1,FCHO2,0.93468636
392,445,PBX1,IL1R1,0.9319465
392,498,PBX1,DENND2D,0.9302279
392,85,PBX1,MECOM,0.9265917
392,44,PBX1,NUDT19,0.9239747
392,398,PBX1,APOE,0.9239747
392,541,PBX1,PGR,0.9239747
392,237,PBX1,ELF1,0.9126981
392,96,PBX1,SLBP,0.90838957
392,213,PBX1,MCM4,0.9074096
392,60,PBX1,CDT1,0.8834207
392,131,PBX1,CKS1B,0.8834207
388,527,PDE1B,TUBB4B,0.9804482
388,422,PDE1B,RUNX2,0.9795156
388,518,PDE1B,IL12A,0.9794597
388,550,PDE1B,SPI1,0.9756468
388,116,PDE1B,TOP2A,0.97469646
388,525,PDE1B,CD44,0.97241795
388,145,PDE1B,HMGB2,0.9706331
388,233,PDE1B,NOTCH1,0.9705906
388,190,PDE1B,TIPIN,0.9672268
388,216,PDE1B,MCM7,0.9671949
388,506,PDE1B,PRIM1,0.9660805
388,96,PDE1B,SLBP,0.9635566
388,213,PDE1B,MCM4,0.9625194
388,60,PDE1B,CDT1,0.9607973
388,131,PDE1B,CKS1B,0.9607973
388,335,PDE1B,HDAC7,0.9602129
388,320,PDE1B,MYC,0.9599392
388,68,PDE1B,MKI67,0.95707554
388,367,PDE1B,IL7R,0.9552167
388,267,PDE1B,SLC2A3,0.94998187
388,324,PDE1B,REL,0.9312972
388,530,PDE1B,IKZF1,0.9259667
388,27,PDE1B,HSD3B7,0.9224093
388,334,PDE1B,CD74,0.9221469
388,118,PDE1B,FOXO1,0.92204404
388,459,PDE1B,IRF8,0.91241115
388,221,PDE1B,ARPP21,0.9078995
388,46,PDE1B,VDR,0.9026461
388,69,PDE1B,MAGED1,0.89826274
388,416,PDE1B,GATA2,0.89369905
388,76,PDE1B,ESR1,0.88950634
388,66,PDE1B,CBFB,0.8838176
388,536,PDE1B,MOGS,0.87684935
388,515,PDE1B,NCF1,0.87161875
388,58,PDE1B,RARB,0.8617976
388,277,PDE1B,MEF2C,0.85987407
388,257,PDE1B,UHRF1,0.85598487
388,281,PDE1B,TGM2,0.8535019
388,380,PDE1B,NPDC1,0.8535019
388,252,PDE1B,HOXA9,0.8505267
388,379,PDE1B,BCL2,0.8481178
388,442,PDE1B,HLF,0.8355803
388,445,PDE1B,IL1R1,0.8299924
388,290,PDE1B,TMEM14C,0.8297113
388,392,PDE1B,PBX1,0.8265034
388,53,PDE1B,FCHO2,0.82645017
388,302,PDE1B,MEIS1,0.82635236
388,498,PDE1B,DENND2D,0.82061315
388,85,PDE1B,MECOM,0.8093563
388,398,PDE1B,APOE,0.80635184
369,527,PDGFRB,TUBB4B,0.9804482
369,422,PDGFRB,RUNX2,0.9794605
369,518,PDGFRB,IL12A,0.9783894
369,550,PDGFRB,SPI1,0.9756468
369,116,PDGFRB,TOP2A,0.9744888
369,525,PDGFRB,CD44,0.97241795
369,145,PDGFRB,HMGB2,0.9706331
369,233,PDGFRB,NOTCH1,0.97014475
369,190,PDGFRB,TIPIN,0.96840537
369,216,PDGFRB,MCM7,0.9671949
369,506,PDGFRB,PRIM1,0.9660805
369,96,PDGFRB,SLBP,0.9635566
369,213,PDGFRB,MCM4,0.9625164
369,60,PDGFRB,CDT1,0.9607973
369,131,PDGFRB,CKS1B,0.9607973
369,335,PDGFRB,HDAC7,0.96017486
369,320,PDGFRB,MYC,0.9599392
369,68,PDGFRB,MKI67,0.9571073
369,367,PDGFRB,IL7R,0.95178723
369,267,PDGFRB,SLC2A3,0.94998187
369,324,PDGFRB,REL,0.9277525
369,530,PDGFRB,IKZF1,0.9259667
369,27,PDGFRB,HSD3B7,0.9224093
369,334,PDGFRB,CD74,0.9224093
369,118,PDGFRB,FOXO1,0.9221475
369,459,PDGFRB,IRF8,0.91241115
369,221,PDGFRB,ARPP21,0.9078995
369,69,PDGFRB,MAGED1,0.89826274
369,416,PDGFRB,GATA2,0.89369905
369,515,PDGFRB,NCF1,0.8819892
369,536,PDGFRB,MOGS,0.87684935
369,257,PDGFRB,UHRF1,0.8728619
369,66,PDGFRB,CBFB,0.8629964
369,58,PDGFRB,RARB,0.8617976
369,277,PDGFRB,MEF2C,0.8603895
369,281,PDGFRB,TGM2,0.8535019
369,380,PDGFRB,NPDC1,0.8535019
369,46,PDGFRB,VDR,0.8495298
369,252,PDGFRB,HOXA9,0.84943974
369,379,PDGFRB,BCL2,0.8456627
369,67,PDGFRB,TEK,0.82961243
369,290,PDGFRB,TMEM14C,0.82961243
369,442,PDGFRB,HLF,0.82961243
369,302,PDGFRB,MEIS1,0.8271355
369,392,PDGFRB,PBX1,0.8265034
369,53,PDGFRB,FCHO2,0.82645017
369,445,PDGFRB,IL1R1,0.82645017
369,498,PDGFRB,DENND2D,0.82061315
369,85,PDGFRB,MECOM,0.80796766
369,398,PDGFRB,APOE,0.80635184
235,527,PDZK1IP1,TUBB4B,0.9804346
235,422,PDZK1IP1,RUNX2,0.9795123
235,518,PDZK1IP1,IL12A,0.97945696
235,116,PDZK1IP1,TOP2A,0.97443277
235,525,PDZK1IP1,CD44,0.9724185
235,145,PDZK1IP1,HMGB2,0.9705748
235,233,PDZK1IP1,NOTCH1,0.9701657
235,190,PDZK1IP1,TIPIN,0.9683235
235,550,PDZK1IP1,SPI1,0.96830875
235,216,PDZK1IP1,MCM7,0.96712965
235,506,PDZK1IP1,PRIM1,0.966028
235,96,PDZK1IP1,SLBP,0.9634852
235,213,PDZK1IP1,MCM4,0.96244335
235,131,PDZK1IP1,CKS1B,0.9607204
235,335,PDZK1IP1,HDAC7,0.96028215
235,68,PDZK1IP1,MKI67,0.95695835
235,60,PDZK1IP1,CDT1,0.95601314
235,367,PDZK1IP1,IL7R,0.955296
235,320,PDZK1IP1,MYC,0.95259094
235,267,PDZK1IP1,SLC2A3,0.9500759
235,324,PDZK1IP1,REL,0.9311488
235,530,PDZK1IP1,IKZF1,0.9308279
235,27,PDZK1IP1,HSD3B7,0.92257977
235,334,PDZK1IP1,CD74,0.92257977
235,118,PDZK1IP1,FOXO1,0.92231643
235,459,PDZK1IP1,IRF8,0.91263634
235,221,PDZK1IP1,ARPP21,0.90804946
235,66,PDZK1IP1,CBFB,0.90285563
235,46,PDZK1IP1,VDR,0.9001278
235,69,PDZK1IP1,MAGED1,0.89848816
235,416,PDZK1IP1,GATA2,0.89394104
235,380,PDZK1IP1,NPDC1,0.893281
235,76,PDZK1IP1,ESR1,0.889758
235,515,PDZK1IP1,NCF1,0.8822586
235,536,PDZK1IP1,MOGS,0.87713116
235,58,PDZK1IP1,RARB,0.8621667
235,277,PDZK1IP1,MEF2C,0.8607071
235,257,PDZK1IP1,UHRF1,0.8563157
235,252,PDZK1IP1,HOXA9,0.8497743
235,379,PDZK1IP1,BCL2,0.84845906
235,290,PDZK1IP1,TMEM14C,0.83000463
235,442,PDZK1IP1,HLF,0.83000463
235,392,PDZK1IP1,PBX1,0.8269041
235,53,PDZK1IP1,FCHO2,0.8268511
235,445,PDZK1IP1,IL1R1,0.82624453
235,498,PDZK1IP1,DENND2D,0.82101977
235,85,PDZK1IP1,MECOM,0.8097429
235,398,PDZK1IP1,APOE,0.8067524
235,541,PDZK1IP1,PGR,0.8067524
235,44,PDZK1IP1,NUDT19,0.8065471
206,527,PEAR1,TUBB4B,0.9804482
206,422,PEAR1,RUNX2,0.9795156
206,518,PEAR1,IL12A,0.9794573
206,550,PEAR1,SPI1,0.9756468
206,116,PEAR1,TOP2A,0.9745165
206,525,PEAR1,CD44,0.97241795
206,145,PEAR1,HMGB2,0.9706331
206,233,PEAR1,NOTCH1,0.97014475
206,190,PEAR1,TIPIN,0.96839195
206,216,PEAR1,MCM7,0.9671949
206,96,PEAR1,SLBP,0.9635566
206,213,PEAR1,MCM4,0.9625194
206,60,PEAR1,CDT1,0.9607973
206,131,PEAR1,CKS1B,0.9607973
206,335,PEAR1,HDAC7,0.9602129
206,320,PEAR1,MYC,0.9599572
206,506,PEAR1,PRIM1,0.95753974
206,68,PEAR1,MKI67,0.95707554
206,367,PEAR1,IL7R,0.9533383
206,267,PEAR1,SLC2A3,0.9470839
206,324,PEAR1,REL,0.9312972
206,530,PEAR1,IKZF1,0.92961484
206,27,PEAR1,HSD3B7,0.9224093
206,334,PEAR1,CD74,0.9224093
206,118,PEAR1,FOXO1,0.9146215
206,221,PEAR1,ARPP21,0.9052148
206,46,PEAR1,VDR,0.9026461
206,66,PEAR1,CBFB,0.9026461
206,459,PEAR1,IRF8,0.8990471
206,69,PEAR1,MAGED1,0.89826274
206,416,PEAR1,GATA2,0.89369905
206,76,PEAR1,ESR1,0.88950634
206,515,PEAR1,NCF1,0.8819892
206,536,PEAR1,MOGS,0.87684935
206,58,PEAR1,RARB,0.8617976
206,277,PEAR1,MEF2C,0.8603895
206,257,PEAR1,UHRF1,0.85598916
206,281,PEAR1,TGM2,0.8535019
206,380,PEAR1,NPDC1,0.853483
206,252,PEAR1,HOXA9,0.84943974
206,379,PEAR1,BCL2,0.8481178
206,67,PEAR1,TEK,0.82961243
206,290,PEAR1,TMEM14C,0.82961243
206,442,PEAR1,HLF,0.82961243
206,53,PEAR1,FCHO2,0.82645017
206,445,PEAR1,IL1R1,0.82645017
206,302,PEAR1,MEIS1,0.82635236
206,498,PEAR1,DENND2D,0.82061315
206,85,PEAR1,MECOM,0.8093563
206,398,PEAR1,APOE,0.80635184
535,422,PECAM1,RUNX2,0.9751526
535,527,PECAM1,TUBB4B,0.974619
535,518,PECAM1,IL12A,0.9735589
535,550,PECAM1,SPI1,0.96989226
535,233,PECAM1,NOTCH1,0.96817625
535,525,PECAM1,CD44,0.9667176
535,116,PECAM1,TOP2A,0.96184486
535,145,PECAM1,HMGB2,0.95625967
535,335,PECAM1,HDAC7,0.9561039
535,320,PECAM1,MYC,0.95587337
535,190,PECAM1,TIPIN,0.9538732
535,216,PECAM1,MCM7,0.951135
535,367,PECAM1,IL7R,0.9509192
535,506,PECAM1,PRIM1,0.95011157
535,213,PECAM1,MCM4,0.94673663
535,267,PECAM1,SLC2A3,0.9455872
535,96,PECAM1,SLBP,0.9412568
535,60,PECAM1,CDT1,0.9327924
535,131,PECAM1,CKS1B,0.9327924
535,530,PECAM1,IKZF1,0.9285751
535,68,PECAM1,MKI67,0.9237039
535,27,PECAM1,HSD3B7,0.9187101
535,334,PECAM1,CD74,0.9187101
535,118,PECAM1,FOXO1,0.9173466
535,459,PECAM1,IRF8,0.9078083
535,221,PECAM1,ARPP21,0.9016686
535,66,PECAM1,CBFB,0.8997903
535,69,PECAM1,MAGED1,0.8922192
535,416,PECAM1,GATA2,0.8875243
535,76,PECAM1,ESR1,0.8824106
535,46,PECAM1,VDR,0.8815543
535,515,PECAM1,NCF1,0.87541115
535,324,PECAM1,REL,0.873365
535,536,PECAM1,MOGS,0.87329435
535,53,PECAM1,FCHO2,0.8687313
535,277,PECAM1,MEF2C,0.8543526
535,257,PECAM1,UHRF1,0.8509789
535,58,PECAM1,RARB,0.8507259
535,252,PECAM1,HOXA9,0.84594387
535,281,PECAM1,TGM2,0.8431878
535,380,PECAM1,NPDC1,0.8431878
535,379,PECAM1,BCL2,0.84016687
535,442,PECAM1,HLF,0.8212446
535,67,PECAM1,TEK,0.8208747
535,290,PECAM1,TMEM14C,0.8208747
535,302,PECAM1,MEIS1,0.820145
535,392,PECAM1,PBX1,0.817543
535,445,PECAM1,IL1R1,0.817494
535,498,PECAM1,DENND2D,0.812811
535,44,PECAM1,NUDT19,0.8055433
286,527,PF4,TUBB4B,0.9804482
286,422,PF4,RUNX2,0.9795156
286,518,PF4,IL12A,0.9794573
286,550,PF4,SPI1,0.9756468
286,116,PF4,TOP2A,0.97443175
286,233,PF4,NOTCH1,0.97270894
286,525,PF4,CD44,0.97241795
286,145,PF4,HMGB2,0.9706331
286,190,PF4,TIPIN,0.96839195
286,216,PF4,MCM7,0.9671949
286,506,PF4,PRIM1,0.9660805
286,96,PF4,SLBP,0.9635566
286,213,PF4,MCM4,0.9625164
286,131,PF4,CKS1B,0.9608029
286,60,PF4,CDT1,0.9607973
286,335,PF4,HDAC7,0.9602129
286,320,PF4,MYC,0.9599392
286,68,PF4,MKI67,0.95707554
286,367,PF4,IL7R,0.9552167
286,267,PF4,SLC2A3,0.94998187
286,324,PF4,REL,0.9312972
286,530,PF4,IKZF1,0.9259667
286,334,PF4,CD74,0.9224093
286,118,PF4,FOXO1,0.922094
286,27,PF4,HSD3B7,0.91909325
286,459,PF4,IRF8,0.91241115
286,221,PF4,ARPP21,0.9078995
286,66,PF4,CBFB,0.9026461
286,46,PF4,VDR,0.90226114
286,69,PF4,MAGED1,0.89826274
286,76,PF4,ESR1,0.88950634
286,515,PF4,NCF1,0.88162434
286,416,PF4,GATA2,0.8811576
286,536,PF4,MOGS,0.87684935
286,58,PF4,RARB,0.8617976
286,277,PF4,MEF2C,0.8603895
286,257,PF4,UHRF1,0.85598487
286,281,PF4,TGM2,0.8535019
286,252,PF4,HOXA9,0.84943974
286,379,PF4,BCL2,0.8481178
286,67,PF4,TEK,0.82961243
286,290,PF4,TMEM14C,0.82961243
286,442,PF4,HLF,0.82961243
286,392,PF4,PBX1,0.82646835
286,53,PF4,FCHO2,0.82645017
286,445,PF4,IL1R1,0.82645017
286,302,PF4,MEIS1,0.8235377
286,498,PF4,DENND2D,0.8216505
286,85,PF4,MECOM,0.8093563
286,44,PF4,NUDT19,0.80635184
541,422,PGR,RUNX2,0.98061794
541,233,PGR,NOTCH1,0.9799565
541,518,PGR,IL12A,0.9795064
541,527,PGR,TUBB4B,0.9789342
541,550,PGR,SPI1,0.9786961
541,367,PGR,IL7R,0.9776987
541,335,PGR,HDAC7,0.97709787
541,320,PGR,MYC,0.9769057
541,267,PGR,SLC2A3,0.97489727
541,525,PGR,CD44,0.9748956
541,530,PGR,IKZF1,0.9723485
541,118,PGR,FOXO1,0.9703387
541,27,PGR,HSD3B7,0.96980435
541,334,PGR,CD74,0.96980435
541,116,PGR,TOP2A,0.9676811
541,221,PGR,ARPP21,0.9656853
541,66,PGR,CBFB,0.9625169
541,69,PGR,MAGED1,0.9612691
541,76,PGR,ESR1,0.960604
541,416,PGR,GATA2,0.96059126
541,46,PGR,VDR,0.9552205
541,536,PGR,MOGS,0.9551649
541,515,PGR,NCF1,0.9536971
541,53,PGR,FCHO2,0.9523905
541,145,PGR,HMGB2,0.9509771
541,190,PGR,TIPIN,0.95073533
541,257,PGR,UHRF1,0.9483294
541,459,PGR,IRF8,0.94677144
541,506,PGR,PRIM1,0.94371986
541,216,PGR,MCM7,0.94185257
541,277,PGR,MEF2C,0.9394208
541,379,PGR,BCL2,0.9360594
541,281,PGR,TGM2,0.93489355
541,380,PGR,NPDC1,0.93489355
541,252,PGR,HOXA9,0.9339312
541,442,PGR,HLF,0.92330235
541,67,PGR,TEK,0.92288995
541,290,PGR,TMEM14C,0.92288995
541,213,PGR,MCM4,0.9193393
541,392,PGR,PBX1,0.9187216
541,445,PGR,IL1R1,0.9186807
541,96,PGR,SLBP,0.9182991
541,302,PGR,MEIS1,0.91772723
541,498,PGR,DENND2D,0.9114877
541,85,PGR,MECOM,0.90893596
541,44,PGR,NUDT19,0.90683615
541,398,PGR,APOE,0.90683615
541,60,PGR,CDT1,0.9006553
541,131,PGR,CKS1B,0.9006553
541,237,PGR,ELF1,0.8928026
198,527,PGRMC1,TUBB4B,0.9804482
198,422,PGRMC1,RUNX2,0.9795156
198,518,PGRMC1,IL12A,0.97946715
198,550,PGRMC1,SPI1,0.9756468
198,116,PGRMC1,TOP2A,0.97451675
198,525,PGRMC1,CD44,0.97095954
198,145,PGRMC1,HMGB2,0.9706331
198,233,PGRMC1,NOTCH1,0.97014475
198,190,PGRMC1,TIPIN,0.96839195
198,213,PGRMC1,MCM4,0.9674009
198,216,PGRMC1,MCM7,0.9671794
198,96,PGRMC1,SLBP,0.9635566
198,320,PGRMC1,MYC,0.96238226
198,506,PGRMC1,PRIM1,0.96188307
198,60,PGRMC1,CDT1,0.9607973
198,131,PGRMC1,CKS1B,0.9607973
198,335,PGRMC1,HDAC7,0.9602129
198,68,PGRMC1,MKI67,0.95707554
198,367,PGRMC1,IL7R,0.9552167
198,267,PGRMC1,SLC2A3,0.95003825
198,530,PGRMC1,IKZF1,0.9338483
198,334,PGRMC1,CD74,0.9224093
198,27,PGRMC1,HSD3B7,0.92192364
198,324,PGRMC1,REL,0.9145173
198,459,PGRMC1,IRF8,0.91241115
198,46,PGRMC1,VDR,0.9026461
198,66,PGRMC1,CBFB,0.9026461
198,58,PGRMC1,RARB,0.89947516
198,69,PGRMC1,MAGED1,0.89826274
198,416,PGRMC1,GATA2,0.89369905
198,76,PGRMC1,ESR1,0.88950634
198,515,PGRMC1,NCF1,0.8819892
198,536,PGRMC1,MOGS,0.8768202
198,221,PGRMC1,ARPP21,0.8649988
198,257,PGRMC1,UHRF1,0.85598487
198,281,PGRMC1,TGM2,0.8535019
198,380,PGRMC1,NPDC1,0.8535019
198,252,PGRMC1,HOXA9,0.84943974
198,379,PGRMC1,BCL2,0.8481178
198,67,PGRMC1,TEK,0.82961243
198,290,PGRMC1,TMEM14C,0.82961243
198,442,PGRMC1,HLF,0.82961243
198,392,PGRMC1,PBX1,0.8265034
198,53,PGRMC1,FCHO2,0.82645017
198,445,PGRMC1,IL1R1,0.82645017
198,302,PGRMC1,MEIS1,0.82635236
198,498,PGRMC1,DENND2D,0.82061315
198,85,PGRMC1,MECOM,0.8093563
198,44,PGRMC1,NUDT19,0.80635184
198,398,PGRMC1,APOE,0.80635184
351,527,PIRB,TUBB4B,0.9804482
351,422,PIRB,RUNX2,0.9795156
351,518,PIRB,IL12A,0.9794573
351,550,PIRB,SPI1,0.9756251
351,116,PIRB,TOP2A,0.9744888
351,525,PIRB,CD44,0.97241795
351,145,PIRB,HMGB2,0.9706915
351,233,PIRB,NOTCH1,0.97014475
351,190,PIRB,TIPIN,0.96839195
351,216,PIRB,MCM7,0.9671949
351,506,PIRB,PRIM1,0.9660805
351,96,PIRB,SLBP,0.9635566
351,213,PIRB,MCM4,0.9625846
351,60,PIRB,CDT1,0.9607973
351,131,PIRB,CKS1B,0.9607973
351,335,PIRB,HDAC7,0.9602129
351,320,PIRB,MYC,0.9599392
351,68,PIRB,MKI67,0.95707554
351,367,PIRB,IL7R,0.9552167
351,267,PIRB,SLC2A3,0.94998187
351,324,PIRB,REL,0.9312972
351,530,PIRB,IKZF1,0.9259667
351,27,PIRB,HSD3B7,0.922431
351,118,PIRB,FOXO1,0.9221475
351,334,PIRB,CD74,0.9202182
351,459,PIRB,IRF8,0.91241115
351,221,PIRB,ARPP21,0.9078456
351,46,PIRB,VDR,0.9026461
351,66,PIRB,CBFB,0.9026461
351,416,PIRB,GATA2,0.89369905
351,76,PIRB,ESR1,0.88950634
351,515,PIRB,NCF1,0.88198334
351,536,PIRB,MOGS,0.87684935
351,58,PIRB,RARB,0.8617976
351,277,PIRB,MEF2C,0.8603895
351,257,PIRB,UHRF1,0.85598487
351,281,PIRB,TGM2,0.8535019
351,380,PIRB,NPDC1,0.8535019
351,252,PIRB,HOXA9,0.84943974
351,379,PIRB,BCL2,0.8481178
351,67,PIRB,TEK,0.82961243
351,290,PIRB,TMEM14C,0.82961243
351,442,PIRB,HLF,0.82961243
351,392,PIRB,PBX1,0.8265034
351,445,PIRB,IL1R1,0.82645017
351,302,PIRB,MEIS1,0.82635236
351,53,PIRB,FCHO2,0.82518214
351,498,PIRB,DENND2D,0.82061315
351,85,PIRB,MECOM,0.8093563
351,44,PIRB,NUDT19,0.80635184
322,422,PKIB,RUNX2,0.9795156
322,518,PKIB,IL12A,0.9794573
322,550,PKIB,SPI1,0.97564316
322,116,PKIB,TOP2A,0.9744888
322,525,PKIB,CD44,0.97241795
322,190,PKIB,TIPIN,0.97179025
322,145,PKIB,HMGB2,0.9706331
322,527,PKIB,TUBB4B,0.9675252
322,216,PKIB,MCM7,0.9671949
322,96,PKIB,SLBP,0.96688485
322,506,PKIB,PRIM1,0.9660805
322,213,PKIB,MCM4,0.9637783
322,68,PKIB,MKI67,0.96216327
322,60,PKIB,CDT1,0.9607973
322,131,PKIB,CKS1B,0.9607973
322,335,PKIB,HDAC7,0.96011674
322,320,PKIB,MYC,0.9599392
322,367,PKIB,IL7R,0.9552167
322,233,PKIB,NOTCH1,0.9541565
322,267,PKIB,SLC2A3,0.95267457
322,324,PKIB,REL,0.93123853
322,27,PKIB,HSD3B7,0.9224093
322,334,PKIB,CD74,0.9224093
322,118,PKIB,FOXO1,0.9221475
322,459,PKIB,IRF8,0.9123395
322,530,PKIB,IKZF1,0.909508
322,221,PKIB,ARPP21,0.9078995
322,46,PKIB,VDR,0.9026461
322,66,PKIB,CBFB,0.9026461
322,69,PKIB,MAGED1,0.89826274
322,416,PKIB,GATA2,0.8936075
322,515,PKIB,NCF1,0.8819892
322,536,PKIB,MOGS,0.87684935
322,277,PKIB,MEF2C,0.86457276
322,257,PKIB,UHRF1,0.85598487
322,281,PKIB,TGM2,0.8535019
322,380,PKIB,NPDC1,0.8535019
322,58,PKIB,RARB,0.84970224
322,252,PKIB,HOXA9,0.84943974
322,379,PKIB,BCL2,0.8481178
322,67,PKIB,TEK,0.82961243
322,290,PKIB,TMEM14C,0.82961243
322,442,PKIB,HLF,0.82961243
322,392,PKIB,PBX1,0.8265034
322,53,PKIB,FCHO2,0.82645017
322,445,PKIB,IL1R1,0.82645017
322,302,PKIB,MEIS1,0.82635236
322,498,PKIB,DENND2D,0.82061315
322,85,PKIB,MECOM,0.8093563
322,44,PKIB,NUDT19,0.80635184
343,367,PKN3,IL7R,0.9791982
343,233,PKN3,NOTCH1,0.97906864
343,320,PKN3,MYC,0.9772898
343,335,PKN3,HDAC7,0.9772863
343,267,PKN3,SLC2A3,0.97582096
343,518,PKN3,IL12A,0.9755972
343,422,PKN3,RUNX2,0.97462815
343,530,PKN3,IKZF1,0.974311
343,118,PKN3,FOXO1,0.97418433
343,550,PKN3,SPI1,0.97414035
343,27,PKN3,HSD3B7,0.97306496
343,334,PKN3,CD74,0.97259617
343,527,PKN3,TUBB4B,0.9714777
343,221,PKN3,ARPP21,0.9697842
343,525,PKN3,CD44,0.9685874
343,46,PKN3,VDR,0.96813357
343,66,PKN3,CBFB,0.96813357
343,416,PKN3,GATA2,0.9678885
343,69,PKN3,MAGED1,0.9673226
343,76,PKN3,ESR1,0.96716815
343,515,PKN3,NCF1,0.9647351
343,536,PKN3,MOGS,0.9632864
343,277,PKN3,MEF2C,0.95802927
343,257,PKN3,UHRF1,0.9567778
343,379,PKN3,BCL2,0.955986
343,281,PKN3,TGM2,0.955764
343,380,PKN3,NPDC1,0.955764
343,116,PKN3,TOP2A,0.9535276
343,252,PKN3,HOXA9,0.95074826
343,67,PKN3,TEK,0.9498975
343,442,PKN3,HLF,0.9498975
343,392,PKN3,PBX1,0.94806856
343,53,PKN3,FCHO2,0.94806147
343,302,PKN3,MEIS1,0.9463443
343,290,PKN3,TMEM14C,0.9425179
343,445,PKN3,IL1R1,0.9411037
343,85,PKN3,MECOM,0.940678
343,44,PKN3,NUDT19,0.94037706
343,398,PKN3,APOE,0.94037706
343,498,PKN3,DENND2D,0.9377194
343,459,PKN3,IRF8,0.9363565
343,145,PKN3,HMGB2,0.93407696
343,237,PKN3,ELF1,0.93317056
343,541,PKN3,PGR,0.93074447
343,190,PKN3,TIPIN,0.9284348
343,42,PKN3,DACH1,0.9116974
343,506,PKN3,PRIM1,0.908701
343,216,PKN3,MCM7,0.8970025
343,58,PKN3,RARB,0.8865174
343,284,PKN3,MAML3,0.8776884
391,527,PLAC8,TUBB4B,0.9804482
391,422,PLAC8,RUNX2,0.9795156
391,518,PLAC8,IL12A,0.9794597
391,550,PLAC8,SPI1,0.9756468
391,116,PLAC8,TOP2A,0.97451675
391,145,PLAC8,HMGB2,0.9738332
391,525,PLAC8,CD44,0.97241795
391,233,PLAC8,NOTCH1,0.9705906
391,190,PLAC8,TIPIN,0.96839195
391,216,PLAC8,MCM7,0.9671949
391,506,PLAC8,PRIM1,0.9660805
391,96,PLAC8,SLBP,0.9635566
391,213,PLAC8,MCM4,0.9625194
391,60,PLAC8,CDT1,0.9607973
391,131,PLAC8,CKS1B,0.9607973
391,335,PLAC8,HDAC7,0.9602129
391,320,PLAC8,MYC,0.9599392
391,68,PLAC8,MKI67,0.95707554
391,367,PLAC8,IL7R,0.9552167
391,267,PLAC8,SLC2A3,0.94998187
391,324,PLAC8,REL,0.9312972
391,530,PLAC8,IKZF1,0.9259667
391,27,PLAC8,HSD3B7,0.9224093
391,118,PLAC8,FOXO1,0.9221475
391,334,PLAC8,CD74,0.9221469
391,459,PLAC8,IRF8,0.91241115
391,221,PLAC8,ARPP21,0.9078995
391,46,PLAC8,VDR,0.9026461
391,66,PLAC8,CBFB,0.90152913
391,69,PLAC8,MAGED1,0.89826274
391,416,PLAC8,GATA2,0.89369905
391,76,PLAC8,ESR1,0.88950634
391,536,PLAC8,MOGS,0.87684935
391,515,PLAC8,NCF1,0.87161875
391,277,PLAC8,MEF2C,0.85987407
391,257,PLAC8,UHRF1,0.85598487
391,281,PLAC8,TGM2,0.8535019
391,380,PLAC8,NPDC1,0.8535019
391,252,PLAC8,HOXA9,0.8505267
391,58,PLAC8,RARB,0.84970224
391,379,PLAC8,BCL2,0.8481178
391,442,PLAC8,HLF,0.8355803
391,445,PLAC8,IL1R1,0.8299924
391,290,PLAC8,TMEM14C,0.8297113
391,67,PLAC8,TEK,0.82961243
391,392,PLAC8,PBX1,0.8265034
391,53,PLAC8,FCHO2,0.8264584
391,302,PLAC8,MEIS1,0.82635236
391,498,PLAC8,DENND2D,0.82061315
391,85,PLAC8,MECOM,0.8093563
228,527,PLD4,TUBB4B,0.9804482
228,422,PLD4,RUNX2,0.9795156
228,518,PLD4,IL12A,0.9794573
228,116,PLD4,TOP2A,0.9744888
228,525,PLD4,CD44,0.97241795
228,145,PLD4,HMGB2,0.9706331
228,233,PLD4,NOTCH1,0.97014475
228,190,PLD4,TIPIN,0.96839195
228,131,PLD4,CKS1B,0.96826553
228,213,PLD4,MCM4,0.9674009
228,216,PLD4,MCM7,0.9671949
228,506,PLD4,PRIM1,0.96611136
228,96,PLD4,SLBP,0.96356875
228,60,PLD4,CDT1,0.9607973
228,335,PLD4,HDAC7,0.9602129
228,320,PLD4,MYC,0.9599392
228,68,PLD4,MKI67,0.95707554
228,367,PLD4,IL7R,0.9552167
228,324,PLD4,REL,0.95414543
228,267,PLD4,SLC2A3,0.95003825
228,550,PLD4,SPI1,0.94072497
228,459,PLD4,IRF8,0.9380968
228,530,PLD4,IKZF1,0.9301783
228,118,PLD4,FOXO1,0.9240947
228,27,PLD4,HSD3B7,0.9224093
228,334,PLD4,CD74,0.9224093
228,221,PLD4,ARPP21,0.9078995
228,46,PLD4,VDR,0.9050366
228,66,PLD4,CBFB,0.9026461
228,69,PLD4,MAGED1,0.89826274
228,416,PLD4,GATA2,0.89369905
228,76,PLD4,ESR1,0.88950634
228,515,PLD4,NCF1,0.8819892
228,536,PLD4,MOGS,0.87684935
228,58,PLD4,RARB,0.8617976
228,277,PLD4,MEF2C,0.8603895
228,257,PLD4,UHRF1,0.85598487
228,380,PLD4,NPDC1,0.8535019
228,281,PLD4,TGM2,0.8531149
228,252,PLD4,HOXA9,0.84943974
228,379,PLD4,BCL2,0.8481178
228,67,PLD4,TEK,0.82961243
228,290,PLD4,TMEM14C,0.82961243
228,442,PLD4,HLF,0.82961243
228,392,PLD4,PBX1,0.82716256
228,53,PLD4,FCHO2,0.82652664
228,445,PLD4,IL1R1,0.82645017
228,302,PLD4,MEIS1,0.82635236
228,498,PLD4,DENND2D,0.82061315
228,85,PLD4,MECOM,0.8093563
229,527,PLEK,TUBB4B,0.9804482
229,422,PLEK,RUNX2,0.9795156
229,518,PLEK,IL12A,0.9794573
229,116,PLEK,TOP2A,0.9744888
229,525,PLEK,CD44,0.97241795
229,145,PLEK,HMGB2,0.9706331
229,233,PLEK,NOTCH1,0.97014475
229,190,PLEK,TIPIN,0.96839195
229,131,PLEK,CKS1B,0.96826553
229,213,PLEK,MCM4,0.9674009
229,216,PLEK,MCM7,0.9671949
229,506,PLEK,PRIM1,0.96611136
229,96,PLEK,SLBP,0.96356875
229,60,PLEK,CDT1,0.9607973
229,335,PLEK,HDAC7,0.9602129
229,320,PLEK,MYC,0.9599392
229,68,PLEK,MKI67,0.95707554
229,367,PLEK,IL7R,0.9552167
229,324,PLEK,REL,0.95414543
229,267,PLEK,SLC2A3,0.95003825
229,550,PLEK,SPI1,0.94072497
229,459,PLEK,IRF8,0.9380968
229,530,PLEK,IKZF1,0.9301783
229,118,PLEK,FOXO1,0.9240947
229,27,PLEK,HSD3B7,0.9224093
229,334,PLEK,CD74,0.9224093
229,221,PLEK,ARPP21,0.9078995
229,46,PLEK,VDR,0.9050366
229,66,PLEK,CBFB,0.9026461
229,69,PLEK,MAGED1,0.89826274
229,416,PLEK,GATA2,0.89369905
229,76,PLEK,ESR1,0.88950634
229,515,PLEK,NCF1,0.8819892
229,536,PLEK,MOGS,0.87684935
229,58,PLEK,RARB,0.8617976
229,277,PLEK,MEF2C,0.8603895
229,257,PLEK,UHRF1,0.85598487
229,380,PLEK,NPDC1,0.8535019
229,281,PLEK,TGM2,0.8531149
229,252,PLEK,HOXA9,0.84943974
229,379,PLEK,BCL2,0.8481178
229,67,PLEK,TEK,0.82961243
229,290,PLEK,TMEM14C,0.82961243
229,442,PLEK,HLF,0.82961243
229,392,PLEK,PBX1,0.82716256
229,53,PLEK,FCHO2,0.82652664
229,445,PLEK,IL1R1,0.82645017
229,302,PLEK,MEIS1,0.82635236
229,498,PLEK,DENND2D,0.82061315
229,85,PLEK,MECOM,0.8093563
496,527,PLIN3,TUBB4B,0.9804482
496,422,PLIN3,RUNX2,0.9795156
496,518,PLIN3,IL12A,0.9794573
496,550,PLIN3,SPI1,0.9756468
496,116,PLIN3,TOP2A,0.97448957
496,145,PLIN3,HMGB2,0.9721621
496,233,PLIN3,NOTCH1,0.97014475
496,190,PLIN3,TIPIN,0.96839195
496,216,PLIN3,MCM7,0.96719766
496,506,PLIN3,PRIM1,0.9660805
496,96,PLIN3,SLBP,0.9635566
496,320,PLIN3,MYC,0.961623
496,131,PLIN3,CKS1B,0.9608346
496,60,PLIN3,CDT1,0.9607973
496,335,PLIN3,HDAC7,0.9602129
496,68,PLIN3,MKI67,0.95707554
496,367,PLIN3,IL7R,0.9552167
496,267,PLIN3,SLC2A3,0.94998187
496,213,PLIN3,MCM4,0.94943076
496,324,PLIN3,REL,0.9312972
496,525,PLIN3,CD44,0.92805046
496,221,PLIN3,ARPP21,0.9268834
496,530,PLIN3,IKZF1,0.9259667
496,334,PLIN3,CD74,0.9224093
496,27,PLIN3,HSD3B7,0.9223726
496,118,PLIN3,FOXO1,0.9221475
496,536,PLIN3,MOGS,0.9060153
496,66,PLIN3,CBFB,0.9027629
496,46,PLIN3,VDR,0.9026461
496,69,PLIN3,MAGED1,0.89826274
496,416,PLIN3,GATA2,0.89369905
496,459,PLIN3,IRF8,0.89035726
496,76,PLIN3,ESR1,0.88950634
496,515,PLIN3,NCF1,0.8819892
496,277,PLIN3,MEF2C,0.8644381
496,58,PLIN3,RARB,0.8617976
496,281,PLIN3,TGM2,0.8535019
496,380,PLIN3,NPDC1,0.8535019
496,252,PLIN3,HOXA9,0.84943974
496,379,PLIN3,BCL2,0.8481178
496,290,PLIN3,TMEM14C,0.82961243
496,442,PLIN3,HLF,0.82961243
496,67,PLIN3,TEK,0.8295973
496,392,PLIN3,PBX1,0.8265034
496,53,PLIN3,FCHO2,0.82645017
496,445,PLIN3,IL1R1,0.82645017
496,302,PLIN3,MEIS1,0.82635236
496,42,PLIN3,DACH1,0.82240593
496,498,PLIN3,DENND2D,0.82061315
496,85,PLIN3,MECOM,0.8093563
244,527,PLPPR3,TUBB4B,0.9804482
244,422,PLPPR3,RUNX2,0.9795156
244,518,PLPPR3,IL12A,0.9794573
244,550,PLPPR3,SPI1,0.9756468
244,116,PLPPR3,TOP2A,0.9744888
244,525,PLPPR3,CD44,0.97241795
244,233,PLPPR3,NOTCH1,0.97014475
244,190,PLPPR3,TIPIN,0.96839195
244,216,PLPPR3,MCM7,0.9671949
244,131,PLPPR3,CKS1B,0.9670085
244,506,PLPPR3,PRIM1,0.9660805
244,145,PLPPR3,HMGB2,0.9647909
244,96,PLPPR3,SLBP,0.9635566
244,213,PLPPR3,MCM4,0.9625164
244,60,PLPPR3,CDT1,0.9608691
244,320,PLPPR3,MYC,0.9599392
244,68,PLPPR3,MKI67,0.9565061
244,367,PLPPR3,IL7R,0.9552167
244,267,PLPPR3,SLC2A3,0.94998187
244,324,PLPPR3,REL,0.93020797
244,530,PLPPR3,IKZF1,0.9259667
244,459,PLPPR3,IRF8,0.9258813
244,27,PLPPR3,HSD3B7,0.9224093
244,334,PLPPR3,CD74,0.9224093
244,118,PLPPR3,FOXO1,0.9221475
244,221,PLPPR3,ARPP21,0.9078995
244,46,PLPPR3,VDR,0.9026461
244,66,PLPPR3,CBFB,0.9026461
244,498,PLPPR3,DENND2D,0.8999321
244,69,PLPPR3,MAGED1,0.89811033
244,416,PLPPR3,GATA2,0.89369905
244,76,PLPPR3,ESR1,0.88950634
244,515,PLPPR3,NCF1,0.8817929
244,536,PLPPR3,MOGS,0.87684935
244,58,PLPPR3,RARB,0.8617976
244,277,PLPPR3,MEF2C,0.8603895
244,257,PLPPR3,UHRF1,0.85598487
244,335,PLPPR3,HDAC7,0.85416645
244,281,PLPPR3,TGM2,0.8535019
244,380,PLPPR3,NPDC1,0.8535019
244,379,PLPPR3,BCL2,0.8481178
244,53,PLPPR3,FCHO2,0.832593
244,67,PLPPR3,TEK,0.83012015
244,290,PLPPR3,TMEM14C,0.82961243
244,442,PLPPR3,HLF,0.8296041
244,392,PLPPR3,PBX1,0.8265034
244,445,PLPPR3,IL1R1,0.8264039
244,302,PLPPR3,MEIS1,0.82620263
244,85,PLPPR3,MECOM,0.8093563
244,44,PLPPR3,NUDT19,0.80635184
102,527,PLSCR4,TUBB4B,0.9804633
102,422,PLSCR4,RUNX2,0.97950923
102,518,PLSCR4,IL12A,0.9794693
102,550,PLSCR4,SPI1,0.9756503
102,116,PLSCR4,TOP2A,0.97453326
102,525,PLSCR4,CD44,0.97242063
102,145,PLSCR4,HMGB2,0.9706956
102,190,PLSCR4,TIPIN,0.968458
102,216,PLSCR4,MCM7,0.9672645
102,506,PLSCR4,PRIM1,0.9661601
102,96,PLSCR4,SLBP,0.96363306
102,60,PLSCR4,CDT1,0.9608792
102,131,PLSCR4,CKS1B,0.9608792
102,213,PLSCR4,MCM4,0.96085465
102,335,PLSCR4,HDAC7,0.96029896
102,320,PLSCR4,MYC,0.959804
102,68,PLSCR4,MKI67,0.9571913
102,367,PLSCR4,IL7R,0.9553115
102,267,PLSCR4,SLC2A3,0.94980794
102,324,PLSCR4,REL,0.93145365
102,530,PLSCR4,IKZF1,0.926129
102,334,PLSCR4,CD74,0.92257875
102,118,PLSCR4,FOXO1,0.9218578
102,27,PLSCR4,HSD3B7,0.92185587
102,257,PLSCR4,UHRF1,0.9153871
102,66,PLSCR4,CBFB,0.90762866
102,221,PLSCR4,ARPP21,0.9075533
102,233,PLSCR4,NOTCH1,0.9069
102,459,PLSCR4,IRF8,0.90550876
102,445,PLSCR4,IL1R1,0.90487194
102,46,PLSCR4,VDR,0.90188485
102,69,PLSCR4,MAGED1,0.8978816
102,416,PLSCR4,GATA2,0.8939246
102,76,PLSCR4,ESR1,0.88909334
102,515,PLSCR4,NCF1,0.88223445
102,536,PLSCR4,MOGS,0.87710285
102,58,PLSCR4,RARB,0.8612987
102,277,PLSCR4,MEF2C,0.85986876
102,380,PLSCR4,NPDC1,0.8538053
102,281,PLSCR4,TGM2,0.8529611
102,252,PLSCR4,HOXA9,0.8488719
102,379,PLSCR4,BCL2,0.8484065
102,442,PLSCR4,HLF,0.8299522
102,67,PLSCR4,TEK,0.8289942
102,290,PLSCR4,TMEM14C,0.8289942
102,53,PLSCR4,FCHO2,0.8258234
102,302,PLSCR4,MEIS1,0.82571304
102,392,PLSCR4,PBX1,0.8221094
102,498,PLSCR4,DENND2D,0.8209392
102,85,PLSCR4,MECOM,0.80872387
115,527,PLXDC2,TUBB4B,0.9802619
115,518,PLXDC2,IL12A,0.9791379
115,422,PLXDC2,RUNX2,0.97670984
115,550,PLXDC2,SPI1,0.975249
115,116,PLXDC2,TOP2A,0.97405255
115,525,PLXDC2,CD44,0.9719115
115,145,PLXDC2,HMGB2,0.9700705
115,233,PLXDC2,NOTCH1,0.96975887
115,190,PLXDC2,TIPIN,0.9678688
115,216,PLXDC2,MCM7,0.9666169
115,506,PLXDC2,PRIM1,0.9654817
115,96,PLXDC2,SLBP,0.96295595
115,367,PLXDC2,IL7R,0.9626565
115,213,PLXDC2,MCM4,0.96197855
115,60,PLXDC2,CDT1,0.9601487
115,131,PLXDC2,CKS1B,0.9601487
115,335,PLXDC2,HDAC7,0.9584429
115,320,PLXDC2,MYC,0.95814145
115,68,PLXDC2,MKI67,0.9564138
115,267,PLXDC2,SLC2A3,0.94779825
115,324,PLXDC2,REL,0.9302774
115,530,PLXDC2,IKZF1,0.9266071
115,118,PLXDC2,FOXO1,0.9200459
115,27,PLXDC2,HSD3B7,0.9187804
115,334,PLXDC2,CD74,0.9187804
115,459,PLXDC2,IRF8,0.9082936
115,221,PLXDC2,ARPP21,0.90387696
115,46,PLXDC2,VDR,0.89830977
115,66,PLXDC2,CBFB,0.89830977
115,69,PLXDC2,MAGED1,0.89368725
115,416,PLXDC2,GATA2,0.8890264
115,76,PLXDC2,ESR1,0.8846255
115,515,PLXDC2,NCF1,0.87648916
115,536,PLXDC2,MOGS,0.8716404
115,277,PLXDC2,MEF2C,0.85467225
115,257,PLXDC2,UHRF1,0.8500668
115,281,PLXDC2,TGM2,0.8474815
115,380,PLXDC2,NPDC1,0.8474815
115,252,PLXDC2,HOXA9,0.84353536
115,379,PLXDC2,BCL2,0.8419811
115,392,PLXDC2,PBX1,0.8242344
115,53,PLXDC2,FCHO2,0.8241892
115,290,PLXDC2,TMEM14C,0.82307845
115,442,PLXDC2,HLF,0.82307845
115,445,PLXDC2,IL1R1,0.821281
115,58,PLXDC2,RARB,0.81524223
115,498,PLXDC2,DENND2D,0.81383914
115,398,PLXDC2,APOE,0.8110084
115,85,PLXDC2,MECOM,0.8027266
115,67,PLXDC2,TEK,0.80227935
289,527,PLXNA4OS1,TUBB4B,0.9804482
289,422,PLXNA4OS1,RUNX2,0.9795156
289,518,PLXNA4OS1,IL12A,0.9794573
289,550,PLXNA4OS1,SPI1,0.9756468
289,116,PLXNA4OS1,TOP2A,0.97443175
289,233,PLXNA4OS1,NOTCH1,0.97270894
289,525,PLXNA4OS1,CD44,0.97241795
289,145,PLXNA4OS1,HMGB2,0.9706331
289,190,PLXNA4OS1,TIPIN,0.96839195
289,216,PLXNA4OS1,MCM7,0.9671949
289,506,PLXNA4OS1,PRIM1,0.9660805
289,96,PLXNA4OS1,SLBP,0.9635566
289,213,PLXNA4OS1,MCM4,0.9625164
289,131,PLXNA4OS1,CKS1B,0.9608029
289,60,PLXNA4OS1,CDT1,0.9607973
289,335,PLXNA4OS1,HDAC7,0.9602129
289,320,PLXNA4OS1,MYC,0.9599392
289,68,PLXNA4OS1,MKI67,0.95707554
289,367,PLXNA4OS1,IL7R,0.9552167
289,267,PLXNA4OS1,SLC2A3,0.94998187
289,324,PLXNA4OS1,REL,0.9312972
289,530,PLXNA4OS1,IKZF1,0.9259667
289,334,PLXNA4OS1,CD74,0.9224093
289,118,PLXNA4OS1,FOXO1,0.922094
289,27,PLXNA4OS1,HSD3B7,0.91909325
289,459,PLXNA4OS1,IRF8,0.91241115
289,221,PLXNA4OS1,ARPP21,0.9078995
289,66,PLXNA4OS1,CBFB,0.9026461
289,46,PLXNA4OS1,VDR,0.90226114
289,69,PLXNA4OS1,MAGED1,0.89826274
289,76,PLXNA4OS1,ESR1,0.88950634
289,515,PLXNA4OS1,NCF1,0.88162434
289,416,PLXNA4OS1,GATA2,0.8811576
289,536,PLXNA4OS1,MOGS,0.87684935
289,58,PLXNA4OS1,RARB,0.8617976
289,277,PLXNA4OS1,MEF2C,0.8603895
289,257,PLXNA4OS1,UHRF1,0.85598487
289,281,PLXNA4OS1,TGM2,0.8535019
289,252,PLXNA4OS1,HOXA9,0.84943974
289,379,PLXNA4OS1,BCL2,0.8481178
289,67,PLXNA4OS1,TEK,0.82961243
289,290,PLXNA4OS1,TMEM14C,0.82961243
289,442,PLXNA4OS1,HLF,0.82961243
289,392,PLXNA4OS1,PBX1,0.82646835
289,53,PLXNA4OS1,FCHO2,0.82645017
289,445,PLXNA4OS1,IL1R1,0.82645017
289,302,PLXNA4OS1,MEIS1,0.8235377
289,498,PLXNA4OS1,DENND2D,0.8216505
289,85,PLXNA4OS1,MECOM,0.8093563
289,44,PLXNA4OS1,NUDT19,0.80635184
4,527,PLXNC1,TUBB4B,0.9804464
4,422,PLXNC1,RUNX2,0.97908413
4,550,PLXNC1,SPI1,0.9756463
4,116,PLXNC1,TOP2A,0.97402275
4,525,PLXNC1,CD44,0.9709591
4,506,PLXNC1,PRIM1,0.9707117
4,145,PLXNC1,HMGB2,0.97062624
4,233,PLXNC1,NOTCH1,0.9701459
4,190,PLXNC1,TIPIN,0.9683847
4,96,PLXNC1,SLBP,0.96800596
4,216,PLXNC1,MCM7,0.9671873
4,213,PLXNC1,MCM4,0.962508
4,131,PLXNC1,CKS1B,0.9607939
4,60,PLXNC1,CDT1,0.9607883
4,335,PLXNC1,HDAC7,0.9602173
4,320,PLXNC1,MYC,0.9599436
4,518,PLXNC1,IL12A,0.95785284
4,68,PLXNC1,MKI67,0.95706177
4,367,PLXNC1,IL7R,0.955222
4,267,PLXNC1,SLC2A3,0.94997704
4,324,PLXNC1,REL,0.9312782
4,530,PLXNC1,IKZF1,0.9259779
4,69,PLXNC1,MAGED1,0.9240724
4,27,PLXNC1,HSD3B7,0.922421
4,334,PLXNC1,CD74,0.922421
4,118,PLXNC1,FOXO1,0.9221591
4,221,PLXNC1,ARPP21,0.90791374
4,66,PLXNC1,CBFB,0.90266114
4,46,PLXNC1,VDR,0.9025374
4,416,PLXNC1,GATA2,0.8937156
4,459,PLXNC1,IRF8,0.8918977
4,76,PLXNC1,ESR1,0.88952345
4,515,PLXNC1,NCF1,0.8820077
4,536,PLXNC1,MOGS,0.8768688
4,42,PLXNC1,DACH1,0.87261474
4,58,PLXNC1,RARB,0.8618204
4,277,PLXNC1,MEF2C,0.8604117
4,257,PLXNC1,UHRF1,0.85600734
4,281,PLXNC1,TGM2,0.8535247
4,380,PLXNC1,NPDC1,0.8534712
4,252,PLXNC1,HOXA9,0.8494639
4,379,PLXNC1,BCL2,0.8480922
4,67,PLXNC1,TEK,0.82963926
4,442,PLXNC1,HLF,0.82963926
4,290,PLXNC1,TMEM14C,0.82963085
4,445,PLXNC1,IL1R1,0.8264777
4,53,PLXNC1,FCHO2,0.8264776
4,302,PLXNC1,MEIS1,0.82637966
4,392,PLXNC1,PBX1,0.8222483
4,498,PLXNC1,DENND2D,0.82064176
554,367,POLA2,IL7R,0.978962
554,233,POLA2,NOTCH1,0.97832286
554,335,POLA2,HDAC7,0.9767999
554,320,POLA2,MYC,0.9767884
554,518,POLA2,IL12A,0.97419816
554,530,POLA2,IKZF1,0.97400224
554,422,POLA2,RUNX2,0.9738662
554,118,POLA2,FOXO1,0.97335094
554,334,POLA2,CD74,0.97304
554,27,POLA2,HSD3B7,0.97297126
554,550,POLA2,SPI1,0.97261333
554,527,POLA2,TUBB4B,0.97038674
554,221,POLA2,ARPP21,0.9685758
554,46,POLA2,VDR,0.96692735
554,66,POLA2,CBFB,0.96692735
554,69,POLA2,MAGED1,0.9666727
554,416,POLA2,GATA2,0.9666381
554,76,POLA2,ESR1,0.96572876
554,525,POLA2,CD44,0.96399975
554,515,POLA2,NCF1,0.9632528
554,536,POLA2,MOGS,0.9617036
554,379,POLA2,BCL2,0.95775735
554,277,POLA2,MEF2C,0.95605606
554,257,POLA2,UHRF1,0.95437
554,281,POLA2,TGM2,0.95323426
554,380,POLA2,NPDC1,0.95323426
554,116,POLA2,TOP2A,0.95217645
554,445,POLA2,IL1R1,0.9508528
554,252,POLA2,HOXA9,0.9483739
554,67,POLA2,TEK,0.9470699
554,442,POLA2,HLF,0.9470699
554,290,POLA2,TMEM14C,0.947047
554,267,POLA2,SLC2A3,0.94648665
554,392,POLA2,PBX1,0.94472873
554,302,POLA2,MEIS1,0.9426868
554,498,POLA2,DENND2D,0.9401344
554,541,POLA2,PGR,0.9377497
554,44,POLA2,NUDT19,0.93741876
554,398,POLA2,APOE,0.93741876
554,85,POLA2,MECOM,0.936352
554,459,POLA2,IRF8,0.93099177
554,237,POLA2,ELF1,0.9288751
554,190,POLA2,TIPIN,0.9218683
554,145,POLA2,HMGB2,0.917503
554,42,POLA2,DACH1,0.9048618
554,506,POLA2,PRIM1,0.90102726
554,96,POLA2,SLBP,0.8999792
554,216,POLA2,MCM7,0.89271563
554,155,POLA2,MYCN,0.8912187
554,58,POLA2,RARB,0.86968946
240,527,PPCDC,TUBB4B,0.9804217
240,422,PPCDC,RUNX2,0.9795161
240,518,PPCDC,IL12A,0.9794686
240,116,PPCDC,TOP2A,0.9744537
240,525,PPCDC,CD44,0.97242707
240,145,PPCDC,HMGB2,0.97058105
240,233,PPCDC,NOTCH1,0.9701857
240,190,PPCDC,TIPIN,0.9683311
240,550,PPCDC,SPI1,0.9683034
240,216,PPCDC,MCM7,0.9671367
240,506,PPCDC,PRIM1,0.96603715
240,96,PPCDC,SLBP,0.9634934
240,213,PPCDC,MCM4,0.9624515
240,131,PPCDC,CKS1B,0.9607301
240,335,PPCDC,HDAC7,0.96032536
240,68,PPCDC,MKI67,0.9569687
240,60,PPCDC,CDT1,0.9560272
240,367,PPCDC,IL7R,0.9553488
240,320,PPCDC,MYC,0.9526418
240,267,PPCDC,SLC2A3,0.9501279
240,324,PPCDC,REL,0.9311326
240,530,PPCDC,IKZF1,0.9308922
240,27,PPCDC,HSD3B7,0.9226598
240,334,PPCDC,CD74,0.9226598
240,118,PPCDC,FOXO1,0.9224
240,459,PPCDC,IRF8,0.912654
240,221,PPCDC,ARPP21,0.90812236
240,66,PPCDC,CBFB,0.9029638
240,46,PPCDC,VDR,0.9002365
240,69,PPCDC,MAGED1,0.8986051
240,416,PPCDC,GATA2,0.89404804
240,380,PPCDC,NPDC1,0.8933799
240,76,PPCDC,ESR1,0.8898706
240,515,PPCDC,NCF1,0.8823811
240,536,PPCDC,MOGS,0.87725806
240,58,PPCDC,RARB,0.86218125
240,277,PPCDC,MEF2C,0.8608618
240,257,PPCDC,UHRF1,0.8564596
240,252,PPCDC,HOXA9,0.84992975
240,379,PPCDC,BCL2,0.8486279
240,290,PPCDC,TMEM14C,0.830171
240,442,PPCDC,HLF,0.830171
240,392,PPCDC,PBX1,0.82706666
240,53,PPCDC,FCHO2,0.8270137
240,445,PPCDC,IL1R1,0.8264077
240,498,PPCDC,DENND2D,0.8212099
240,85,PPCDC,MECOM,0.80995256
240,398,PPCDC,APOE,0.80694926
240,541,PPCDC,PGR,0.80694926
240,44,PPCDC,NUDT19,0.8067442
287,527,PPIC,TUBB4B,0.9804482
287,422,PPIC,RUNX2,0.9795156
287,518,PPIC,IL12A,0.9794573
287,550,PPIC,SPI1,0.9756468
287,116,PPIC,TOP2A,0.97443175
287,233,PPIC,NOTCH1,0.97270894
287,525,PPIC,CD44,0.97241795
287,145,PPIC,HMGB2,0.9706331
287,190,PPIC,TIPIN,0.96839195
287,216,PPIC,MCM7,0.9671949
287,506,PPIC,PRIM1,0.9660805
287,96,PPIC,SLBP,0.9635566
287,213,PPIC,MCM4,0.9625164
287,131,PPIC,CKS1B,0.9608029
287,60,PPIC,CDT1,0.9607973
287,335,PPIC,HDAC7,0.9602129
287,320,PPIC,MYC,0.9599392
287,68,PPIC,MKI67,0.95707554
287,367,PPIC,IL7R,0.9552167
287,267,PPIC,SLC2A3,0.94998187
287,324,PPIC,REL,0.9312972
287,530,PPIC,IKZF1,0.9259667
287,334,PPIC,CD74,0.9224093
287,118,PPIC,FOXO1,0.922094
287,27,PPIC,HSD3B7,0.91909325
287,459,PPIC,IRF8,0.91241115
287,221,PPIC,ARPP21,0.9078995
287,66,PPIC,CBFB,0.9026461
287,46,PPIC,VDR,0.90226114
287,69,PPIC,MAGED1,0.89826274
287,76,PPIC,ESR1,0.88950634
287,515,PPIC,NCF1,0.88162434
287,416,PPIC,GATA2,0.8811576
287,536,PPIC,MOGS,0.87684935
287,58,PPIC,RARB,0.8617976
287,277,PPIC,MEF2C,0.8603895
287,257,PPIC,UHRF1,0.85598487
287,281,PPIC,TGM2,0.8535019
287,252,PPIC,HOXA9,0.84943974
287,379,PPIC,BCL2,0.8481178
287,67,PPIC,TEK,0.82961243
287,290,PPIC,TMEM14C,0.82961243
287,442,PPIC,HLF,0.82961243
287,392,PPIC,PBX1,0.82646835
287,53,PPIC,FCHO2,0.82645017
287,445,PPIC,IL1R1,0.82645017
287,302,PPIC,MEIS1,0.8235377
287,498,PPIC,DENND2D,0.8216505
287,85,PPIC,MECOM,0.8093563
287,44,PPIC,NUDT19,0.80635184
256,527,PPM1G,TUBB4B,0.9804482
256,422,PPM1G,RUNX2,0.9795156
256,550,PPM1G,SPI1,0.9756468
256,233,PPM1G,NOTCH1,0.97525126
256,525,PPM1G,CD44,0.97241795
256,116,PPM1G,TOP2A,0.9704733
256,506,PPM1G,PRIM1,0.9660805
256,145,PPM1G,HMGB2,0.963612
256,190,PPM1G,TIPIN,0.9603857
256,335,PPM1G,HDAC7,0.9602129
256,320,PPM1G,MYC,0.9599392
256,216,PPM1G,MCM7,0.9585711
256,518,PPM1G,IL12A,0.9578493
256,367,PPM1G,IL7R,0.9552167
256,213,PPM1G,MCM4,0.952984
256,96,PPM1G,SLBP,0.95259386
256,267,PPM1G,SLC2A3,0.94998187
256,60,PPM1G,CDT1,0.94900185
256,27,PPM1G,HSD3B7,0.9488828
256,118,PPM1G,FOXO1,0.9487697
256,68,PPM1G,MKI67,0.9428909
256,221,PPM1G,ARPP21,0.9412226
256,69,PPM1G,MAGED1,0.9385407
256,46,PPM1G,VDR,0.9356028
256,66,PPM1G,CBFB,0.9356028
256,324,PPM1G,REL,0.9312972
256,334,PPM1G,CD74,0.9224093
256,131,PPM1G,CKS1B,0.91596717
256,58,PPM1G,RARB,0.9149738
256,459,PPM1G,IRF8,0.91241115
256,76,PPM1G,ESR1,0.9016842
256,252,PPM1G,HOXA9,0.8960174
256,416,PPM1G,GATA2,0.89369905
256,515,PPM1G,NCF1,0.8819892
256,67,PPM1G,TEK,0.88134867
256,530,PPM1G,IKZF1,0.8784957
256,53,PPM1G,FCHO2,0.8783685
256,536,PPM1G,MOGS,0.87774676
256,85,PPM1G,MECOM,0.8646844
256,277,PPM1G,MEF2C,0.8603895
256,44,PPM1G,NUDT19,0.8601677
256,257,PPM1G,UHRF1,0.85598487
256,237,PPM1G,ELF1,0.85482115
256,281,PPM1G,TGM2,0.8535019
256,380,PPM1G,NPDC1,0.8535019
256,379,PPM1G,BCL2,0.8481178
256,290,PPM1G,TMEM14C,0.82961243
256,442,PPM1G,HLF,0.82961243
256,392,PPM1G,PBX1,0.8265034
256,445,PPM1G,IL1R1,0.82645017
161,527,PPP1R15A,TUBB4B,0.9804482
161,422,PPP1R15A,RUNX2,0.9795156
161,518,PPP1R15A,IL12A,0.9794573
161,550,PPP1R15A,SPI1,0.97564846
161,116,PPP1R15A,TOP2A,0.9744888
161,525,PPP1R15A,CD44,0.97241795
161,145,PPP1R15A,HMGB2,0.9706331
161,233,PPP1R15A,NOTCH1,0.97014475
161,190,PPP1R15A,TIPIN,0.96839195
161,216,PPP1R15A,MCM7,0.9671949
161,506,PPP1R15A,PRIM1,0.9660805
161,96,PPP1R15A,SLBP,0.9635566
161,213,PPP1R15A,MCM4,0.9625164
161,131,PPP1R15A,CKS1B,0.9607973
161,335,PPP1R15A,HDAC7,0.9602129
161,320,PPP1R15A,MYC,0.9599392
161,60,PPP1R15A,CDT1,0.95946586
161,68,PPP1R15A,MKI67,0.95707554
161,367,PPP1R15A,IL7R,0.9552167
161,267,PPP1R15A,SLC2A3,0.9496782
161,324,PPP1R15A,REL,0.9312972
161,530,PPP1R15A,IKZF1,0.9259667
161,334,PPP1R15A,CD74,0.9224093
161,118,PPP1R15A,FOXO1,0.9221475
161,27,PPP1R15A,HSD3B7,0.91284585
161,459,PPP1R15A,IRF8,0.91241115
161,221,PPP1R15A,ARPP21,0.9078995
161,46,PPP1R15A,VDR,0.9026461
161,66,PPP1R15A,CBFB,0.9026461
161,69,PPP1R15A,MAGED1,0.89826274
161,416,PPP1R15A,GATA2,0.89369905
161,76,PPP1R15A,ESR1,0.8897694
161,380,PPP1R15A,NPDC1,0.88536197
161,515,PPP1R15A,NCF1,0.8819892
161,536,PPP1R15A,MOGS,0.8767786
161,58,PPP1R15A,RARB,0.8617976
161,257,PPP1R15A,UHRF1,0.85598487
161,281,PPP1R15A,TGM2,0.8535019
161,252,PPP1R15A,HOXA9,0.84943974
161,379,PPP1R15A,BCL2,0.8481178
161,290,PPP1R15A,TMEM14C,0.82961243
161,442,PPP1R15A,HLF,0.82961243
161,445,PPP1R15A,IL1R1,0.8268536
161,392,PPP1R15A,PBX1,0.8265034
161,302,PPP1R15A,MEIS1,0.82635236
161,498,PPP1R15A,DENND2D,0.8116205
161,85,PPP1R15A,MECOM,0.8093563
161,44,PPP1R15A,NUDT19,0.80643725
161,398,PPP1R15A,APOE,0.80635184
161,541,PPP1R15A,PGR,0.80635184
452,527,PRDM16,TUBB4B,0.9804482
452,422,PRDM16,RUNX2,0.9795156
452,518,PRDM16,IL12A,0.9781739
452,550,PRDM16,SPI1,0.9756468
452,116,PRDM16,TOP2A,0.9744888
452,525,PRDM16,CD44,0.97241795
452,145,PRDM16,HMGB2,0.9706331
452,233,PRDM16,NOTCH1,0.97014475
452,190,PRDM16,TIPIN,0.96839195
452,216,PRDM16,MCM7,0.9671949
452,506,PRDM16,PRIM1,0.9660818
452,335,PRDM16,HDAC7,0.96367383
452,96,PRDM16,SLBP,0.9635566
452,213,PRDM16,MCM4,0.9625164
452,131,PRDM16,CKS1B,0.9607973
452,320,PRDM16,MYC,0.9599392
452,68,PRDM16,MKI67,0.95707554
452,60,PRDM16,CDT1,0.9561901
452,367,PRDM16,IL7R,0.9552167
452,267,PRDM16,SLC2A3,0.94998187
452,324,PRDM16,REL,0.9312972
452,530,PRDM16,IKZF1,0.9259667
452,27,PRDM16,HSD3B7,0.9224093
452,334,PRDM16,CD74,0.9224093
452,118,PRDM16,FOXO1,0.922094
452,459,PRDM16,IRF8,0.91241115
452,221,PRDM16,ARPP21,0.9078995
452,66,PRDM16,CBFB,0.90152913
452,69,PRDM16,MAGED1,0.89826274
452,416,PRDM16,GATA2,0.89369905
452,515,PRDM16,NCF1,0.8922739
452,46,PRDM16,VDR,0.8901051
452,76,PRDM16,ESR1,0.88948154
452,536,PRDM16,MOGS,0.87711245
452,58,PRDM16,RARB,0.8616021
452,277,PRDM16,MEF2C,0.86040056
452,257,PRDM16,UHRF1,0.85598487
452,281,PRDM16,TGM2,0.8535019
452,380,PRDM16,NPDC1,0.8535019
452,252,PRDM16,HOXA9,0.84943974
452,379,PRDM16,BCL2,0.84790754
452,392,PRDM16,PBX1,0.8427045
452,442,PRDM16,HLF,0.82977533
452,290,PRDM16,TMEM14C,0.82974154
452,67,PRDM16,TEK,0.82961243
452,53,PRDM16,FCHO2,0.82645017
452,302,PRDM16,MEIS1,0.82635236
452,498,PRDM16,DENND2D,0.82061315
452,445,PRDM16,IL1R1,0.8105531
452,85,PRDM16,MECOM,0.8091291
506,116,PRIM1,TOP2A,0.9775844
506,422,PRIM1,RUNX2,0.97743124
506,527,PRIM1,TUBB4B,0.97562975
506,190,PRIM1,TIPIN,0.9714896
506,145,PRIM1,HMGB2,0.9702579
506,216,PRIM1,MCM7,0.96976846
506,525,PRIM1,CD44,0.9691766
506,213,PRIM1,MCM4,0.9672606
506,96,PRIM1,SLBP,0.9663273
506,60,PRIM1,CDT1,0.9657787
506,131,PRIM1,CKS1B,0.9657787
506,233,PRIM1,NOTCH1,0.9645002
506,68,PRIM1,MKI67,0.961603
506,550,PRIM1,SPI1,0.9561951
506,320,PRIM1,MYC,0.9493178
506,518,PRIM1,IL12A,0.94740266
506,335,PRIM1,HDAC7,0.94299084
506,367,PRIM1,IL7R,0.94060755
506,267,PRIM1,SLC2A3,0.9317425
506,324,PRIM1,REL,0.92005825
506,66,PRIM1,CBFB,0.8984799
506,530,PRIM1,IKZF1,0.89255524
506,118,PRIM1,FOXO1,0.8881456
506,27,PRIM1,HSD3B7,0.8860219
506,334,PRIM1,CD74,0.88589835
506,221,PRIM1,ARPP21,0.84910554
506,46,PRIM1,VDR,0.8478695
506,69,PRIM1,MAGED1,0.84690034
506,416,PRIM1,GATA2,0.8415056
506,76,PRIM1,ESR1,0.83465034
506,380,PRIM1,NPDC1,0.8239673
506,515,PRIM1,NCF1,0.8201856
506,536,PRIM1,MOGS,0.8198959
506,459,PRIM1,IRF8,0.80435854
506,277,PRIM1,MEF2C,0.7828266
506,281,PRIM1,TGM2,0.7803522
506,379,PRIM1,BCL2,0.77683157
506,257,PRIM1,UHRF1,0.76786494
506,252,PRIM1,HOXA9,0.76668626
506,541,PRIM1,PGR,0.74514306
506,290,PRIM1,TMEM14C,0.7409703
506,67,PRIM1,TEK,0.74075294
506,442,PRIM1,HLF,0.74061096
506,302,PRIM1,MEIS1,0.7368929
506,53,PRIM1,FCHO2,0.7355972
506,445,PRIM1,IL1R1,0.7355972
506,498,PRIM1,DENND2D,0.7254607
506,85,PRIM1,MECOM,0.7144611
506,44,PRIM1,NUDT19,0.71158284
506,398,PRIM1,APOE,0.7102034
371,527,PRKCH,TUBB4B,0.9804482
371,422,PRKCH,RUNX2,0.9794605
371,518,PRKCH,IL12A,0.9783894
371,550,PRKCH,SPI1,0.9756468
371,116,PRKCH,TOP2A,0.9744888
371,525,PRKCH,CD44,0.97241795
371,145,PRKCH,HMGB2,0.9706331
371,233,PRKCH,NOTCH1,0.97014475
371,190,PRKCH,TIPIN,0.96840537
371,216,PRKCH,MCM7,0.9671949
371,506,PRKCH,PRIM1,0.9660805
371,96,PRKCH,SLBP,0.9635566
371,213,PRKCH,MCM4,0.9625164
371,60,PRKCH,CDT1,0.9607973
371,131,PRKCH,CKS1B,0.9607973
371,335,PRKCH,HDAC7,0.96017486
371,320,PRKCH,MYC,0.9599392
371,68,PRKCH,MKI67,0.9571073
371,367,PRKCH,IL7R,0.95178723
371,267,PRKCH,SLC2A3,0.94998187
371,324,PRKCH,REL,0.9277525
371,530,PRKCH,IKZF1,0.9259667
371,27,PRKCH,HSD3B7,0.9224093
371,334,PRKCH,CD74,0.9224093
371,118,PRKCH,FOXO1,0.9221475
371,459,PRKCH,IRF8,0.91241115
371,221,PRKCH,ARPP21,0.9078995
371,69,PRKCH,MAGED1,0.89826274
371,416,PRKCH,GATA2,0.89369905
371,515,PRKCH,NCF1,0.8819892
371,536,PRKCH,MOGS,0.87684935
371,257,PRKCH,UHRF1,0.8728619
371,66,PRKCH,CBFB,0.8629964
371,58,PRKCH,RARB,0.8617976
371,277,PRKCH,MEF2C,0.8603895
371,281,PRKCH,TGM2,0.8535019
371,380,PRKCH,NPDC1,0.8535019
371,46,PRKCH,VDR,0.8495298
371,252,PRKCH,HOXA9,0.84943974
371,379,PRKCH,BCL2,0.8456627
371,67,PRKCH,TEK,0.82961243
371,290,PRKCH,TMEM14C,0.82961243
371,442,PRKCH,HLF,0.82961243
371,302,PRKCH,MEIS1,0.8271355
371,392,PRKCH,PBX1,0.8265034
371,53,PRKCH,FCHO2,0.82645017
371,445,PRKCH,IL1R1,0.82645017
371,498,PRKCH,DENND2D,0.82061315
371,85,PRKCH,MECOM,0.80796766
371,398,PRKCH,APOE,0.80635184
117,527,PRNP,TUBB4B,0.9804482
117,422,PRNP,RUNX2,0.97951335
117,518,PRNP,IL12A,0.9794573
117,550,PRNP,SPI1,0.9756468
117,116,PRNP,TOP2A,0.9744888
117,525,PRNP,CD44,0.97241795
117,145,PRNP,HMGB2,0.9706331
117,233,PRNP,NOTCH1,0.97014475
117,190,PRNP,TIPIN,0.96839195
117,216,PRNP,MCM7,0.9671949
117,506,PRNP,PRIM1,0.9660805
117,96,PRNP,SLBP,0.9635566
117,213,PRNP,MCM4,0.96235734
117,60,PRNP,CDT1,0.9607973
117,131,PRNP,CKS1B,0.9607973
117,335,PRNP,HDAC7,0.96017826
117,320,PRNP,MYC,0.9599392
117,68,PRNP,MKI67,0.95707554
117,267,PRNP,SLC2A3,0.94998187
117,324,PRNP,REL,0.9312972
117,530,PRNP,IKZF1,0.9259667
117,118,PRNP,FOXO1,0.9236665
117,27,PRNP,HSD3B7,0.9224093
117,334,PRNP,CD74,0.9224093
117,459,PRNP,IRF8,0.9122835
117,46,PRNP,VDR,0.9026461
117,66,PRNP,CBFB,0.9026461
117,367,PRNP,IL7R,0.90143245
117,221,PRNP,ARPP21,0.8989266
117,69,PRNP,MAGED1,0.89826274
117,416,PRNP,GATA2,0.89369905
117,76,PRNP,ESR1,0.88950634
117,536,PRNP,MOGS,0.8767982
117,277,PRNP,MEF2C,0.8603895
117,257,PRNP,UHRF1,0.8561747
117,515,PRNP,NCF1,0.8542006
117,281,PRNP,TGM2,0.8535019
117,380,PRNP,NPDC1,0.8535019
117,252,PRNP,HOXA9,0.84943974
117,379,PRNP,BCL2,0.8481178
117,53,PRNP,FCHO2,0.8306406
117,290,PRNP,TMEM14C,0.82961243
117,442,PRNP,HLF,0.82961243
117,392,PRNP,PBX1,0.8265034
117,445,PRNP,IL1R1,0.82645017
117,302,PRNP,MEIS1,0.82635236
117,58,PRNP,RARB,0.82169145
117,498,PRNP,DENND2D,0.82061315
117,85,PRNP,MECOM,0.80933565
117,67,PRNP,TEK,0.80882376
476,527,PROCR,TUBB4B,0.9804482
476,518,PROCR,IL12A,0.9794573
476,422,PROCR,RUNX2,0.97829723
476,550,PROCR,SPI1,0.9756251
476,116,PROCR,TOP2A,0.9744888
476,525,PROCR,CD44,0.97241795
476,145,PROCR,HMGB2,0.9706331
476,233,PROCR,NOTCH1,0.97014475
476,190,PROCR,TIPIN,0.96839195
476,216,PROCR,MCM7,0.9671949
476,506,PROCR,PRIM1,0.9660805
476,96,PROCR,SLBP,0.9635566
476,213,PROCR,MCM4,0.9625164
476,60,PROCR,CDT1,0.9607973
476,131,PROCR,CKS1B,0.9607973
476,335,PROCR,HDAC7,0.9602129
476,320,PROCR,MYC,0.9599392
476,68,PROCR,MKI67,0.95707554
476,367,PROCR,IL7R,0.9552167
476,267,PROCR,SLC2A3,0.94998187
476,324,PROCR,REL,0.9312972
476,530,PROCR,IKZF1,0.9259667
476,27,PROCR,HSD3B7,0.9224093
476,334,PROCR,CD74,0.9224093
476,118,PROCR,FOXO1,0.9221475
476,459,PROCR,IRF8,0.9124426
476,221,PROCR,ARPP21,0.9078995
476,46,PROCR,VDR,0.9026461
476,66,PROCR,CBFB,0.9026461
476,69,PROCR,MAGED1,0.89826274
476,416,PROCR,GATA2,0.89369905
476,76,PROCR,ESR1,0.88950634
476,515,PROCR,NCF1,0.8819892
476,536,PROCR,MOGS,0.8765413
476,58,PROCR,RARB,0.8617976
476,277,PROCR,MEF2C,0.8603895
476,257,PROCR,UHRF1,0.85583127
476,281,PROCR,TGM2,0.8535019
476,380,PROCR,NPDC1,0.8535019
476,252,PROCR,HOXA9,0.84943974
476,379,PROCR,BCL2,0.8481178
476,53,PROCR,FCHO2,0.83812696
476,67,PROCR,TEK,0.82961243
476,442,PROCR,HLF,0.82961243
476,392,PROCR,PBX1,0.8265034
476,445,PROCR,IL1R1,0.82645017
476,302,PROCR,MEIS1,0.82635236
476,498,PROCR,DENND2D,0.82061315
476,85,PROCR,MECOM,0.8093563
476,44,PROCR,NUDT19,0.8066138
61,527,PRPS2,TUBB4B,0.9804482
61,422,PRPS2,RUNX2,0.9795156
61,518,PRPS2,IL12A,0.9794581
61,550,PRPS2,SPI1,0.9775419
61,116,PRPS2,TOP2A,0.9744888
61,233,PRPS2,NOTCH1,0.9725457
61,525,PRPS2,CD44,0.97241795
61,145,PRPS2,HMGB2,0.9706331
61,506,PRPS2,PRIM1,0.9698962
61,190,PRPS2,TIPIN,0.96839195
61,216,PRPS2,MCM7,0.9671949
61,60,PRPS2,CDT1,0.9658955
61,96,PRPS2,SLBP,0.9635566
61,213,PRPS2,MCM4,0.9625164
61,131,PRPS2,CKS1B,0.9607973
61,335,PRPS2,HDAC7,0.9602129
61,320,PRPS2,MYC,0.9599392
61,68,PRPS2,MKI67,0.95707554
61,367,PRPS2,IL7R,0.9552167
61,267,PRPS2,SLC2A3,0.9500102
61,530,PRPS2,IKZF1,0.941807
61,324,PRPS2,REL,0.9312972
61,334,PRPS2,CD74,0.9224093
61,118,PRPS2,FOXO1,0.9221475
61,459,PRPS2,IRF8,0.9157905
61,221,PRPS2,ARPP21,0.9077895
61,46,PRPS2,VDR,0.9050366
61,66,PRPS2,CBFB,0.9026461
61,69,PRPS2,MAGED1,0.89826274
61,416,PRPS2,GATA2,0.89369905
61,27,PRPS2,HSD3B7,0.8936844
61,76,PRPS2,ESR1,0.890121
61,515,PRPS2,NCF1,0.8819892
61,536,PRPS2,MOGS,0.87684935
61,58,PRPS2,RARB,0.8617976
61,277,PRPS2,MEF2C,0.8601199
61,392,PRPS2,PBX1,0.8587759
61,281,PRPS2,TGM2,0.8535019
61,380,PRPS2,NPDC1,0.8535019
61,252,PRPS2,HOXA9,0.84943974
61,379,PRPS2,BCL2,0.8481178
61,257,PRPS2,UHRF1,0.84449077
61,67,PRPS2,TEK,0.82961243
61,290,PRPS2,TMEM14C,0.82840127
61,442,PRPS2,HLF,0.82840127
61,53,PRPS2,FCHO2,0.82680583
61,445,PRPS2,IL1R1,0.82645017
61,302,PRPS2,MEIS1,0.82635236
61,498,PRPS2,DENND2D,0.82061315
61,85,PRPS2,MECOM,0.809631
207,527,PRR5,TUBB4B,0.9804482
207,422,PRR5,RUNX2,0.9795156
207,518,PRR5,IL12A,0.9794573
207,550,PRR5,SPI1,0.9756468
207,116,PRR5,TOP2A,0.9745165
207,525,PRR5,CD44,0.97241795
207,145,PRR5,HMGB2,0.9706331
207,233,PRR5,NOTCH1,0.97014475
207,190,PRR5,TIPIN,0.96839195
207,216,PRR5,MCM7,0.9671949
207,96,PRR5,SLBP,0.9635566
207,213,PRR5,MCM4,0.9625194
207,60,PRR5,CDT1,0.9607973
207,131,PRR5,CKS1B,0.9607973
207,335,PRR5,HDAC7,0.9602129
207,320,PRR5,MYC,0.9599572
207,506,PRR5,PRIM1,0.95753974
207,68,PRR5,MKI67,0.95707554
207,367,PRR5,IL7R,0.9533383
207,267,PRR5,SLC2A3,0.9470839
207,324,PRR5,REL,0.9312972
207,530,PRR5,IKZF1,0.92961484
207,27,PRR5,HSD3B7,0.9224093
207,334,PRR5,CD74,0.9224093
207,118,PRR5,FOXO1,0.9146215
207,221,PRR5,ARPP21,0.9052148
207,46,PRR5,VDR,0.9026461
207,66,PRR5,CBFB,0.9026461
207,459,PRR5,IRF8,0.8990471
207,69,PRR5,MAGED1,0.89826274
207,416,PRR5,GATA2,0.89369905
207,76,PRR5,ESR1,0.88950634
207,515,PRR5,NCF1,0.8819892
207,536,PRR5,MOGS,0.87684935
207,58,PRR5,RARB,0.8617976
207,277,PRR5,MEF2C,0.8603895
207,257,PRR5,UHRF1,0.85598916
207,281,PRR5,TGM2,0.8535019
207,380,PRR5,NPDC1,0.853483
207,252,PRR5,HOXA9,0.84943974
207,379,PRR5,BCL2,0.8481178
207,67,PRR5,TEK,0.82961243
207,290,PRR5,TMEM14C,0.82961243
207,442,PRR5,HLF,0.82961243
207,53,PRR5,FCHO2,0.82645017
207,445,PRR5,IL1R1,0.82645017
207,302,PRR5,MEIS1,0.82635236
207,498,PRR5,DENND2D,0.82061315
207,85,PRR5,MECOM,0.8093563
207,398,PRR5,APOE,0.80635184
436,527,PRSS57,TUBB4B,0.9804482
436,422,PRSS57,RUNX2,0.9795156
436,550,PRSS57,SPI1,0.9756468
436,96,PRSS57,SLBP,0.9729945
436,525,PRSS57,CD44,0.97241795
436,233,PRSS57,NOTCH1,0.97014475
436,116,PRSS57,TOP2A,0.9701108
436,216,PRSS57,MCM7,0.9671949
436,506,PRSS57,PRIM1,0.9660947
436,190,PRSS57,TIPIN,0.9648971
436,145,PRSS57,HMGB2,0.96308786
436,213,PRSS57,MCM4,0.9625164
436,131,PRSS57,CKS1B,0.96079224
436,60,PRSS57,CDT1,0.960767
436,518,PRSS57,IL12A,0.96072346
436,335,PRSS57,HDAC7,0.9602129
436,320,PRSS57,MYC,0.9599392
436,68,PRSS57,MKI67,0.9570761
436,367,PRSS57,IL7R,0.95523924
436,267,PRSS57,SLC2A3,0.949971
436,324,PRSS57,REL,0.9312972
436,530,PRSS57,IKZF1,0.9259667
436,53,PRSS57,FCHO2,0.9232858
436,27,PRSS57,HSD3B7,0.9224093
436,334,PRSS57,CD74,0.9224093
436,118,PRSS57,FOXO1,0.9209788
436,459,PRSS57,IRF8,0.91241115
436,221,PRSS57,ARPP21,0.9078995
436,46,PRSS57,VDR,0.9026461
436,66,PRSS57,CBFB,0.9026461
436,69,PRSS57,MAGED1,0.89826274
436,416,PRSS57,GATA2,0.89443135
436,76,PRSS57,ESR1,0.88950634
436,515,PRSS57,NCF1,0.8819892
436,58,PRSS57,RARB,0.86203754
436,257,PRSS57,UHRF1,0.85598487
436,281,PRSS57,TGM2,0.8535019
436,252,PRSS57,HOXA9,0.84943974
436,379,PRSS57,BCL2,0.8421053
436,67,PRSS57,TEK,0.82961243
436,290,PRSS57,TMEM14C,0.82961243
436,442,PRSS57,HLF,0.82961243
436,392,PRSS57,PBX1,0.8265034
436,445,PRSS57,IL1R1,0.8264584
436,302,PRSS57,MEIS1,0.82635236
436,498,PRSS57,DENND2D,0.82061315
436,44,PRSS57,NUDT19,0.8153746
436,85,PRSS57,MECOM,0.8093563
436,398,PRSS57,APOE,0.80635184
436,541,PRSS57,PGR,0.80635184
143,527,PRUNE2,TUBB4B,0.9804482
143,422,PRUNE2,RUNX2,0.9795156
143,518,PRUNE2,IL12A,0.9781739
143,116,PRUNE2,TOP2A,0.9744888
143,216,PRUNE2,MCM7,0.97351426
143,525,PRUNE2,CD44,0.97241795
143,145,PRUNE2,HMGB2,0.9706331
143,233,PRUNE2,NOTCH1,0.97014475
143,550,PRUNE2,SPI1,0.9682758
143,190,PRUNE2,TIPIN,0.96810985
143,506,PRUNE2,PRIM1,0.9660808
143,131,PRUNE2,CKS1B,0.96552783
143,96,PRUNE2,SLBP,0.9635566
143,213,PRUNE2,MCM4,0.9625164
143,335,PRUNE2,HDAC7,0.9602129
143,320,PRUNE2,MYC,0.9599392
143,60,PRUNE2,CDT1,0.95946586
143,68,PRUNE2,MKI67,0.95707554
143,367,PRUNE2,IL7R,0.95523965
143,267,PRUNE2,SLC2A3,0.94998187
143,76,PRUNE2,ESR1,0.93199384
143,324,PRUNE2,REL,0.9316092
143,27,PRUNE2,HSD3B7,0.9224093
143,334,PRUNE2,CD74,0.9224093
143,118,PRUNE2,FOXO1,0.9221475
143,459,PRUNE2,IRF8,0.91241115
143,530,PRUNE2,IKZF1,0.909508
143,221,PRUNE2,ARPP21,0.9078995
143,46,PRUNE2,VDR,0.9026461
143,66,PRUNE2,CBFB,0.90226114
143,69,PRUNE2,MAGED1,0.89878035
143,416,PRUNE2,GATA2,0.89369905
143,515,PRUNE2,NCF1,0.8819892
143,536,PRUNE2,MOGS,0.87684935
143,58,PRUNE2,RARB,0.8620138
143,277,PRUNE2,MEF2C,0.8603895
143,257,PRUNE2,UHRF1,0.85598487
143,281,PRUNE2,TGM2,0.85350466
143,380,PRUNE2,NPDC1,0.8535019
143,252,PRUNE2,HOXA9,0.84943974
143,379,PRUNE2,BCL2,0.8481178
143,290,PRUNE2,TMEM14C,0.8355803
143,67,PRUNE2,TEK,0.82961243
143,442,PRUNE2,HLF,0.82961243
143,392,PRUNE2,PBX1,0.8265034
143,445,PRUNE2,IL1R1,0.82645017
143,498,PRUNE2,DENND2D,0.8264222
143,302,PRUNE2,MEIS1,0.82635236
143,85,PRUNE2,MECOM,0.8093563
143,44,PRUNE2,NUDT19,0.80635184
11,422,PSTPIP1,RUNX2,0.9795156
11,518,PSTPIP1,IL12A,0.9794573
11,550,PSTPIP1,SPI1,0.9756468
11,116,PSTPIP1,TOP2A,0.9744899
11,525,PSTPIP1,CD44,0.97241795
11,527,PSTPIP1,TUBB4B,0.9717226
11,145,PSTPIP1,HMGB2,0.9706274
11,233,PSTPIP1,NOTCH1,0.97014475
11,190,PSTPIP1,TIPIN,0.96839195
11,216,PSTPIP1,MCM7,0.9671949
11,506,PSTPIP1,PRIM1,0.9660805
11,96,PSTPIP1,SLBP,0.9635566
11,213,PSTPIP1,MCM4,0.9625164
11,60,PSTPIP1,CDT1,0.9607973
11,131,PSTPIP1,CKS1B,0.9607973
11,335,PSTPIP1,HDAC7,0.9602129
11,68,PSTPIP1,MKI67,0.95707554
11,320,PSTPIP1,MYC,0.9556055
11,367,PSTPIP1,IL7R,0.9552167
11,267,PSTPIP1,SLC2A3,0.9538539
11,530,PSTPIP1,IKZF1,0.9338483
11,324,PSTPIP1,REL,0.9312972
11,27,PSTPIP1,HSD3B7,0.9224093
11,334,PSTPIP1,CD74,0.9224093
11,118,PSTPIP1,FOXO1,0.9221475
11,459,PSTPIP1,IRF8,0.91241115
11,221,PSTPIP1,ARPP21,0.9078995
11,46,PSTPIP1,VDR,0.9033642
11,66,PSTPIP1,CBFB,0.90118676
11,69,PSTPIP1,MAGED1,0.89826274
11,416,PSTPIP1,GATA2,0.89369905
11,76,PSTPIP1,ESR1,0.88950634
11,515,PSTPIP1,NCF1,0.8819892
11,536,PSTPIP1,MOGS,0.87684935
11,58,PSTPIP1,RARB,0.8617976
11,277,PSTPIP1,MEF2C,0.8603895
11,257,PSTPIP1,UHRF1,0.85598487
11,281,PSTPIP1,TGM2,0.8535019
11,380,PSTPIP1,NPDC1,0.8535019
11,252,PSTPIP1,HOXA9,0.8497742
11,379,PSTPIP1,BCL2,0.8481178
11,67,PSTPIP1,TEK,0.82961243
11,290,PSTPIP1,TMEM14C,0.82961243
11,442,PSTPIP1,HLF,0.82961243
11,392,PSTPIP1,PBX1,0.8265034
11,53,PSTPIP1,FCHO2,0.82645017
11,445,PSTPIP1,IL1R1,0.82641506
11,302,PSTPIP1,MEIS1,0.82635236
11,498,PSTPIP1,DENND2D,0.82061315
11,85,PSTPIP1,MECOM,0.8093563
222,527,PTGS1,TUBB4B,0.9804482
222,422,PTGS1,RUNX2,0.9795156
222,518,PTGS1,IL12A,0.97795206
222,550,PTGS1,SPI1,0.9756468
222,145,PTGS1,HMGB2,0.97496
222,116,PTGS1,TOP2A,0.9744888
222,525,PTGS1,CD44,0.97241795
222,233,PTGS1,NOTCH1,0.97013724
222,190,PTGS1,TIPIN,0.96839195
222,216,PTGS1,MCM7,0.9671949
222,506,PTGS1,PRIM1,0.9660805
222,213,PTGS1,MCM4,0.9625164
222,60,PTGS1,CDT1,0.9617205
222,131,PTGS1,CKS1B,0.9607973
222,335,PTGS1,HDAC7,0.9602129
222,320,PTGS1,MYC,0.9599392
222,68,PTGS1,MKI67,0.95707554
222,367,PTGS1,IL7R,0.9552167
222,267,PTGS1,SLC2A3,0.94998187
222,96,PTGS1,SLBP,0.9485822
222,324,PTGS1,REL,0.9312972
222,334,PTGS1,CD74,0.9273922
222,530,PTGS1,IKZF1,0.9259667
222,27,PTGS1,HSD3B7,0.9224093
222,118,PTGS1,FOXO1,0.9221475
222,459,PTGS1,IRF8,0.91241115
222,66,PTGS1,CBFB,0.9085503
222,221,PTGS1,ARPP21,0.9078995
222,46,PTGS1,VDR,0.9026461
222,416,PTGS1,GATA2,0.89369905
222,76,PTGS1,ESR1,0.88950634
222,515,PTGS1,NCF1,0.8819892
222,536,PTGS1,MOGS,0.87684935
222,237,PTGS1,ELF1,0.876802
222,380,PTGS1,NPDC1,0.86616695
222,277,PTGS1,MEF2C,0.86457276
222,58,PTGS1,RARB,0.86152416
222,257,PTGS1,UHRF1,0.85598487
222,281,PTGS1,TGM2,0.8535019
222,252,PTGS1,HOXA9,0.84943974
222,379,PTGS1,BCL2,0.8481178
222,67,PTGS1,TEK,0.82961243
222,442,PTGS1,HLF,0.82961243
222,392,PTGS1,PBX1,0.8265034
222,53,PTGS1,FCHO2,0.82645017
222,445,PTGS1,IL1R1,0.82645017
222,302,PTGS1,MEIS1,0.82635236
222,290,PTGS1,TMEM14C,0.822251
222,498,PTGS1,DENND2D,0.82061315
222,85,PTGS1,MECOM,0.8093563
481,527,PTP4A3,TUBB4B,0.9804482
481,518,PTP4A3,IL12A,0.9794573
481,422,PTP4A3,RUNX2,0.97829723
481,550,PTP4A3,SPI1,0.9756251
481,116,PTP4A3,TOP2A,0.9744888
481,525,PTP4A3,CD44,0.97241795
481,68,PTP4A3,MKI67,0.97167736
481,145,PTP4A3,HMGB2,0.9706331
481,233,PTP4A3,NOTCH1,0.97014475
481,190,PTP4A3,TIPIN,0.96839195
481,216,PTP4A3,MCM7,0.9671949
481,506,PTP4A3,PRIM1,0.9660805
481,60,PTP4A3,CDT1,0.96552783
481,96,PTP4A3,SLBP,0.9635638
481,213,PTP4A3,MCM4,0.9625164
481,131,PTP4A3,CKS1B,0.9607973
481,335,PTP4A3,HDAC7,0.9602129
481,320,PTP4A3,MYC,0.9599392
481,367,PTP4A3,IL7R,0.9552167
481,267,PTP4A3,SLC2A3,0.94998187
481,324,PTP4A3,REL,0.9312972
481,530,PTP4A3,IKZF1,0.9259667
481,27,PTP4A3,HSD3B7,0.9224093
481,334,PTP4A3,CD74,0.9224093
481,118,PTP4A3,FOXO1,0.9221475
481,459,PTP4A3,IRF8,0.9124426
481,221,PTP4A3,ARPP21,0.9078995
481,46,PTP4A3,VDR,0.9026461
481,66,PTP4A3,CBFB,0.902572
481,69,PTP4A3,MAGED1,0.89826274
481,416,PTP4A3,GATA2,0.89369905
481,76,PTP4A3,ESR1,0.88950634
481,515,PTP4A3,NCF1,0.8819892
481,536,PTP4A3,MOGS,0.8765413
481,58,PTP4A3,RARB,0.8617976
481,277,PTP4A3,MEF2C,0.8603895
481,257,PTP4A3,UHRF1,0.85583127
481,281,PTP4A3,TGM2,0.8535019
481,380,PTP4A3,NPDC1,0.8535019
481,252,PTP4A3,HOXA9,0.84943974
481,379,PTP4A3,BCL2,0.8481178
481,67,PTP4A3,TEK,0.83113426
481,442,PTP4A3,HLF,0.82961243
481,392,PTP4A3,PBX1,0.8265034
481,53,PTP4A3,FCHO2,0.82645017
481,445,PTP4A3,IL1R1,0.82645017
481,302,PTP4A3,MEIS1,0.82635236
481,498,PTP4A3,DENND2D,0.82061315
481,85,PTP4A3,MECOM,0.8093563
481,44,PTP4A3,NUDT19,0.80635184
489,527,PTPRE,TUBB4B,0.9804482
489,422,PTPRE,RUNX2,0.97961557
489,518,PTPRE,IL12A,0.9794573
489,550,PTPRE,SPI1,0.9756468
489,116,PTPRE,TOP2A,0.9746919
489,525,PTPRE,CD44,0.97241795
489,145,PTPRE,HMGB2,0.9706331
489,233,PTPRE,NOTCH1,0.97014475
489,190,PTPRE,TIPIN,0.96839195
489,216,PTPRE,MCM7,0.9671949
489,506,PTPRE,PRIM1,0.9660805
489,96,PTPRE,SLBP,0.9635566
489,213,PTPRE,MCM4,0.9625164
489,60,PTPRE,CDT1,0.9607973
489,131,PTPRE,CKS1B,0.9607973
489,335,PTPRE,HDAC7,0.9602129
489,320,PTPRE,MYC,0.9599439
489,68,PTPRE,MKI67,0.95707554
489,367,PTPRE,IL7R,0.9552167
489,267,PTPRE,SLC2A3,0.94998187
489,324,PTPRE,REL,0.9312972
489,530,PTPRE,IKZF1,0.9259667
489,334,PTPRE,CD74,0.9224093
489,27,PTPRE,HSD3B7,0.9224004
489,118,PTPRE,FOXO1,0.9221475
489,221,PTPRE,ARPP21,0.9078995
489,66,PTPRE,CBFB,0.9026461
489,69,PTPRE,MAGED1,0.89826274
489,416,PTPRE,GATA2,0.89369905
489,515,PTPRE,NCF1,0.8819892
489,459,PTPRE,IRF8,0.8779983
489,536,PTPRE,MOGS,0.87684935
489,58,PTPRE,RARB,0.8617976
489,277,PTPRE,MEF2C,0.8603895
489,257,PTPRE,UHRF1,0.8561747
489,281,PTPRE,TGM2,0.8535019
489,380,PTPRE,NPDC1,0.8535019
489,252,PTPRE,HOXA9,0.84943974
489,379,PTPRE,BCL2,0.8481178
489,392,PTPRE,PBX1,0.83068484
489,46,PTPRE,VDR,0.8300274
489,290,PTPRE,TMEM14C,0.82961243
489,442,PTPRE,HLF,0.82961243
489,67,PTPRE,TEK,0.8296049
489,53,PTPRE,FCHO2,0.82645017
489,445,PTPRE,IL1R1,0.82645017
489,302,PTPRE,MEIS1,0.82635236
489,85,PTPRE,MECOM,0.8093563
489,44,PTPRE,NUDT19,0.80757624
489,398,PTPRE,APOE,0.80635184
510,527,PYGL,TUBB4B,0.9804482
510,422,PYGL,RUNX2,0.9778488
510,116,PYGL,TOP2A,0.9744888
510,525,PYGL,CD44,0.97241795
510,145,PYGL,HMGB2,0.9706331
510,233,PYGL,NOTCH1,0.97014475
510,190,PYGL,TIPIN,0.96839195
510,216,PYGL,MCM7,0.9671949
510,506,PYGL,PRIM1,0.9660805
510,96,PYGL,SLBP,0.9635566
510,213,PYGL,MCM4,0.9625164
510,550,PYGL,SPI1,0.9625
510,60,PYGL,CDT1,0.9607973
510,131,PYGL,CKS1B,0.9607973
510,518,PYGL,IL12A,0.96062654
510,335,PYGL,HDAC7,0.9600769
510,320,PYGL,MYC,0.9599392
510,68,PYGL,MKI67,0.9566911
510,367,PYGL,IL7R,0.9552167
510,267,PYGL,SLC2A3,0.94998187
510,324,PYGL,REL,0.9312972
510,66,PYGL,CBFB,0.92645776
510,530,PYGL,IKZF1,0.9259667
510,27,PYGL,HSD3B7,0.9224093
510,334,PYGL,CD74,0.92238384
510,118,PYGL,FOXO1,0.9221475
510,459,PYGL,IRF8,0.91241115
510,221,PYGL,ARPP21,0.9078995
510,46,PYGL,VDR,0.9026461
510,69,PYGL,MAGED1,0.89811033
510,416,PYGL,GATA2,0.89369905
510,76,PYGL,ESR1,0.88931614
510,380,PYGL,NPDC1,0.8886851
510,515,PYGL,NCF1,0.8819892
510,536,PYGL,MOGS,0.87684935
510,58,PYGL,RARB,0.8617976
510,277,PYGL,MEF2C,0.8603895
510,257,PYGL,UHRF1,0.85598487
510,281,PYGL,TGM2,0.8535019
510,252,PYGL,HOXA9,0.84943974
510,379,PYGL,BCL2,0.8481178
510,290,PYGL,TMEM14C,0.82974154
510,67,PYGL,TEK,0.82961243
510,442,PYGL,HLF,0.82949626
510,53,PYGL,FCHO2,0.82645017
510,445,PYGL,IL1R1,0.82645017
510,302,PYGL,MEIS1,0.82635236
510,541,PYGL,PGR,0.8253027
510,498,PYGL,DENND2D,0.82061315
510,85,PYGL,MECOM,0.8093563
212,422,RAB27B,RUNX2,0.9805551
212,527,RAB27B,TUBB4B,0.9803139
212,518,RAB27B,IL12A,0.979992
212,550,RAB27B,SPI1,0.9781228
212,525,RAB27B,CD44,0.97600913
212,116,RAB27B,TOP2A,0.9745165
212,145,RAB27B,HMGB2,0.9706331
212,233,RAB27B,NOTCH1,0.97014475
212,190,RAB27B,TIPIN,0.96839195
212,320,RAB27B,MYC,0.9682424
212,367,RAB27B,IL7R,0.96738005
212,216,RAB27B,MCM7,0.9671949
212,96,RAB27B,SLBP,0.9635566
212,213,RAB27B,MCM4,0.9625194
212,60,RAB27B,CDT1,0.9607973
212,131,RAB27B,CKS1B,0.9607973
212,506,RAB27B,PRIM1,0.9572039
212,68,RAB27B,MKI67,0.95707554
212,530,RAB27B,IKZF1,0.95213735
212,334,RAB27B,CD74,0.9488828
212,267,RAB27B,SLC2A3,0.9470839
212,459,RAB27B,IRF8,0.93593955
212,416,RAB27B,GATA2,0.9309807
212,27,RAB27B,HSD3B7,0.9224093
212,515,RAB27B,NCF1,0.9223406
212,335,RAB27B,HDAC7,0.9203752
212,536,RAB27B,MOGS,0.918642
212,118,RAB27B,FOXO1,0.9146215
212,277,RAB27B,MEF2C,0.90547615
212,221,RAB27B,ARPP21,0.9052148
212,46,RAB27B,VDR,0.9026461
212,66,RAB27B,CBFB,0.9026461
212,281,RAB27B,TGM2,0.89892983
212,69,RAB27B,MAGED1,0.89826274
212,379,RAB27B,BCL2,0.89594966
212,324,RAB27B,REL,0.89294714
212,76,RAB27B,ESR1,0.88950634
212,290,RAB27B,TMEM14C,0.88134867
212,442,RAB27B,HLF,0.88134867
212,392,RAB27B,PBX1,0.8784122
212,445,RAB27B,IL1R1,0.8783685
212,302,RAB27B,MEIS1,0.87797225
212,498,RAB27B,DENND2D,0.87284976
212,58,RAB27B,RARB,0.8617976
212,398,RAB27B,APOE,0.8601677
212,541,RAB27B,PGR,0.8601677
212,257,RAB27B,UHRF1,0.85598916
212,252,RAB27B,HOXA9,0.84943974
212,67,RAB27B,TEK,0.82961243
212,53,RAB27B,FCHO2,0.82645017
238,527,RAB38,TUBB4B,0.98044246
238,422,RAB38,RUNX2,0.9795156
238,518,RAB38,IL12A,0.97946715
238,116,RAB38,TOP2A,0.97448957
238,525,RAB38,CD44,0.97241795
238,145,RAB38,HMGB2,0.9706331
238,233,RAB38,NOTCH1,0.97014475
238,190,RAB38,TIPIN,0.96838546
238,550,RAB38,SPI1,0.9682758
238,216,RAB38,MCM7,0.9671949
238,506,RAB38,PRIM1,0.9660947
238,96,RAB38,SLBP,0.9635566
238,213,RAB38,MCM4,0.9625164
238,131,RAB38,CKS1B,0.9607973
238,335,RAB38,HDAC7,0.9602129
238,68,RAB38,MKI67,0.95707554
238,60,RAB38,CDT1,0.95613134
238,367,RAB38,IL7R,0.9552167
238,320,RAB38,MYC,0.952504
238,267,RAB38,SLC2A3,0.94998187
238,324,RAB38,REL,0.9312972
238,530,RAB38,IKZF1,0.93067443
238,27,RAB38,HSD3B7,0.9224093
238,334,RAB38,CD74,0.9224093
238,118,RAB38,FOXO1,0.9221475
238,459,RAB38,IRF8,0.91241115
238,221,RAB38,ARPP21,0.90783334
238,66,RAB38,CBFB,0.9026461
238,46,RAB38,VDR,0.8999114
238,69,RAB38,MAGED1,0.89826274
238,416,RAB38,GATA2,0.89369905
238,380,RAB38,NPDC1,0.8930349
238,76,RAB38,ESR1,0.88950634
238,515,RAB38,NCF1,0.8819892
238,536,RAB38,MOGS,0.87684935
238,58,RAB38,RARB,0.8617976
238,277,RAB38,MEF2C,0.8603895
238,257,RAB38,UHRF1,0.85598487
238,252,RAB38,HOXA9,0.84943974
238,379,RAB38,BCL2,0.8481178
238,290,RAB38,TMEM14C,0.82961243
238,442,RAB38,HLF,0.82961243
238,392,RAB38,PBX1,0.8265034
238,53,RAB38,FCHO2,0.82645017
238,445,RAB38,IL1R1,0.8258423
238,498,RAB38,DENND2D,0.82061315
238,85,RAB38,MECOM,0.8093563
238,398,RAB38,APOE,0.80635184
238,541,RAB38,PGR,0.80635184
238,44,RAB38,NUDT19,0.80614626
293,367,RAG2,IL7R,0.97751975
293,233,RAG2,NOTCH1,0.9766551
293,335,RAG2,HDAC7,0.9753837
293,320,RAG2,MYC,0.9742231
293,530,RAG2,IKZF1,0.97419137
293,118,RAG2,FOXO1,0.974113
293,27,RAG2,HSD3B7,0.9735997
293,267,RAG2,SLC2A3,0.973572
293,334,RAG2,CD74,0.97343206
293,66,RAG2,CBFB,0.9733617
293,221,RAG2,ARPP21,0.97106475
293,416,RAG2,GATA2,0.96803826
293,46,RAG2,VDR,0.96802485
293,277,RAG2,MEF2C,0.96742755
293,76,RAG2,ESR1,0.96737504
293,69,RAG2,MAGED1,0.9672295
293,422,RAG2,RUNX2,0.96621656
293,518,RAG2,IL12A,0.96571165
293,515,RAG2,NCF1,0.9645171
293,536,RAG2,MOGS,0.96296626
293,550,RAG2,SPI1,0.96241
293,527,RAG2,TUBB4B,0.96153706
293,525,RAG2,CD44,0.9594853
293,379,RAG2,BCL2,0.9554925
293,281,RAG2,TGM2,0.95372504
293,380,RAG2,NPDC1,0.95372504
293,252,RAG2,HOXA9,0.94847375
293,67,RAG2,TEK,0.94811994
293,442,RAG2,HLF,0.94811994
293,290,RAG2,TMEM14C,0.9479661
293,445,RAG2,IL1R1,0.9473423
293,392,RAG2,PBX1,0.94723094
293,53,RAG2,FCHO2,0.9472117
293,302,RAG2,MEIS1,0.94549155
293,498,RAG2,DENND2D,0.94440025
293,257,RAG2,UHRF1,0.94268745
293,85,RAG2,MECOM,0.94210833
293,44,RAG2,NUDT19,0.9388563
293,541,RAG2,PGR,0.938744
293,237,RAG2,ELF1,0.93721557
293,116,RAG2,TOP2A,0.9350014
293,42,RAG2,DACH1,0.91817194
293,213,RAG2,MCM4,0.9097992
293,398,RAG2,APOE,0.8977016
293,190,RAG2,TIPIN,0.888985
293,459,RAG2,IRF8,0.8852421
293,145,RAG2,HMGB2,0.8819929
293,284,RAG2,MAML3,0.88113743
293,155,RAG2,MYCN,0.8781424
293,506,RAG2,PRIM1,0.8608048
246,527,RAMP1,TUBB4B,0.9804482
246,422,RAMP1,RUNX2,0.9795156
246,518,RAMP1,IL12A,0.9794573
246,550,RAMP1,SPI1,0.9756468
246,116,RAMP1,TOP2A,0.9744888
246,525,RAMP1,CD44,0.97241795
246,233,RAMP1,NOTCH1,0.97014475
246,190,RAMP1,TIPIN,0.96839195
246,216,RAMP1,MCM7,0.9671949
246,131,RAMP1,CKS1B,0.9670085
246,506,RAMP1,PRIM1,0.9660805
246,145,RAMP1,HMGB2,0.9647909
246,96,RAMP1,SLBP,0.9635566
246,213,RAMP1,MCM4,0.9625164
246,60,RAMP1,CDT1,0.9608691
246,320,RAMP1,MYC,0.9599392
246,68,RAMP1,MKI67,0.9565061
246,367,RAMP1,IL7R,0.9552167
246,267,RAMP1,SLC2A3,0.94998187
246,324,RAMP1,REL,0.93020797
246,530,RAMP1,IKZF1,0.9259667
246,459,RAMP1,IRF8,0.9258813
246,27,RAMP1,HSD3B7,0.9224093
246,334,RAMP1,CD74,0.9224093
246,118,RAMP1,FOXO1,0.9221475
246,221,RAMP1,ARPP21,0.9078995
246,46,RAMP1,VDR,0.9026461
246,66,RAMP1,CBFB,0.9026461
246,498,RAMP1,DENND2D,0.8999321
246,69,RAMP1,MAGED1,0.89811033
246,416,RAMP1,GATA2,0.89369905
246,76,RAMP1,ESR1,0.88950634
246,515,RAMP1,NCF1,0.8817929
246,536,RAMP1,MOGS,0.87684935
246,58,RAMP1,RARB,0.8617976
246,277,RAMP1,MEF2C,0.8603895
246,257,RAMP1,UHRF1,0.85598487
246,335,RAMP1,HDAC7,0.85416645
246,281,RAMP1,TGM2,0.8535019
246,380,RAMP1,NPDC1,0.8535019
246,379,RAMP1,BCL2,0.8481178
246,53,RAMP1,FCHO2,0.832593
246,67,RAMP1,TEK,0.83012015
246,290,RAMP1,TMEM14C,0.82961243
246,442,RAMP1,HLF,0.8296041
246,392,RAMP1,PBX1,0.8265034
246,445,RAMP1,IL1R1,0.8264039
246,302,RAMP1,MEIS1,0.82620263
246,85,RAMP1,MECOM,0.8093563
246,44,RAMP1,NUDT19,0.80635184
411,367,RANBP1,IL7R,0.9795237
411,233,RANBP1,NOTCH1,0.9791286
411,320,RANBP1,MYC,0.9772899
411,335,RANBP1,HDAC7,0.9772863
411,267,RANBP1,SLC2A3,0.97582096
411,518,RANBP1,IL12A,0.9755972
411,422,RANBP1,RUNX2,0.97462815
411,530,RANBP1,IKZF1,0.974311
411,118,RANBP1,FOXO1,0.9741901
411,550,RANBP1,SPI1,0.974034
411,27,RANBP1,HSD3B7,0.9739227
411,334,RANBP1,CD74,0.9739227
411,527,RANBP1,TUBB4B,0.9714777
411,221,RANBP1,ARPP21,0.9697842
411,46,RANBP1,VDR,0.96813357
411,525,RANBP1,CD44,0.96795255
411,69,RANBP1,MAGED1,0.9673226
411,76,RANBP1,ESR1,0.9672231
411,515,RANBP1,NCF1,0.9647351
411,536,RANBP1,MOGS,0.961308
411,277,RANBP1,MEF2C,0.95821565
411,257,RANBP1,UHRF1,0.9567778
411,281,RANBP1,TGM2,0.955764
411,380,RANBP1,NPDC1,0.955764
411,66,RANBP1,CBFB,0.95416844
411,116,RANBP1,TOP2A,0.9535276
411,252,RANBP1,HOXA9,0.95112926
411,67,RANBP1,TEK,0.9498975
411,442,RANBP1,HLF,0.9498975
411,290,RANBP1,TMEM14C,0.94988734
411,392,RANBP1,PBX1,0.94876015
411,53,RANBP1,FCHO2,0.9480413
411,302,RANBP1,MEIS1,0.9463443
411,498,RANBP1,DENND2D,0.94409883
411,85,RANBP1,MECOM,0.940678
411,398,RANBP1,APOE,0.94037706
411,541,RANBP1,PGR,0.94037706
411,96,RANBP1,SLBP,0.9400157
411,237,RANBP1,ELF1,0.9333533
411,324,RANBP1,REL,0.932282
411,416,RANBP1,GATA2,0.9305971
411,190,RANBP1,TIPIN,0.92420685
411,44,RANBP1,NUDT19,0.92258054
411,145,RANBP1,HMGB2,0.9219743
411,42,RANBP1,DACH1,0.9116974
411,506,RANBP1,PRIM1,0.9039053
411,379,RANBP1,BCL2,0.8999913
411,459,RANBP1,IRF8,0.8985542
411,216,RANBP1,MCM7,0.897076
411,155,RANBP1,MYCN,0.8713193
58,422,RARB,RUNX2,0.97779274
58,233,RARB,NOTCH1,0.9770796
58,527,RARB,TUBB4B,0.97698057
58,518,RARB,IL12A,0.9766386
58,367,RARB,IL7R,0.97561044
58,335,RARB,HDAC7,0.9745409
58,320,RARB,MYC,0.9744274
58,550,RARB,SPI1,0.97391313
58,525,RARB,CD44,0.9729198
58,530,RARB,IKZF1,0.9695658
58,267,RARB,SLC2A3,0.96893835
58,27,RARB,HSD3B7,0.9663477
58,334,RARB,CD74,0.9663477
58,118,RARB,FOXO1,0.96625215
58,221,RARB,ARPP21,0.96259785
58,46,RARB,VDR,0.9605157
58,66,RARB,CBFB,0.9605157
58,116,RARB,TOP2A,0.9594137
58,416,RARB,GATA2,0.9593467
58,69,RARB,MAGED1,0.9589327
58,76,RARB,ESR1,0.9576035
58,515,RARB,NCF1,0.95629543
58,536,RARB,MOGS,0.9546666
58,459,RARB,IRF8,0.95223236
58,277,RARB,MEF2C,0.9503197
58,506,RARB,PRIM1,0.94944674
58,145,RARB,HMGB2,0.9490979
58,302,RARB,MEIS1,0.9488562
58,392,RARB,PBX1,0.9481504
58,257,RARB,UHRF1,0.94659334
58,190,RARB,TIPIN,0.9465282
58,380,RARB,NPDC1,0.9461694
58,379,RARB,BCL2,0.9461625
58,281,RARB,TGM2,0.9461335
58,252,RARB,HOXA9,0.94566613
58,216,RARB,MCM7,0.9394233
58,67,RARB,TEK,0.9371411
58,442,RARB,HLF,0.93622094
58,53,RARB,FCHO2,0.93507683
58,445,RARB,IL1R1,0.93506986
58,498,RARB,DENND2D,0.93372005
58,85,RARB,MECOM,0.9309549
58,44,RARB,NUDT19,0.9282508
58,398,RARB,APOE,0.928243
58,237,RARB,ELF1,0.9221687
58,290,RARB,TMEM14C,0.92203826
58,96,RARB,SLBP,0.9203414
58,213,RARB,MCM4,0.9189107
58,284,RARB,MAML3,0.9177388
58,42,RARB,DACH1,0.9073257
332,527,RASA4,TUBB4B,0.9804482
332,422,RASA4,RUNX2,0.97950256
332,518,RASA4,IL12A,0.97795206
332,550,RASA4,SPI1,0.9756408
332,116,RASA4,TOP2A,0.9744888
332,525,RASA4,CD44,0.9723699
332,145,RASA4,HMGB2,0.97063553
332,233,RASA4,NOTCH1,0.97014475
332,190,RASA4,TIPIN,0.96839195
332,216,RASA4,MCM7,0.9671883
332,506,RASA4,PRIM1,0.9660947
332,96,RASA4,SLBP,0.9635566
332,213,RASA4,MCM4,0.9625164
332,60,RASA4,CDT1,0.9607973
332,131,RASA4,CKS1B,0.9607973
332,335,RASA4,HDAC7,0.9602129
332,320,RASA4,MYC,0.9599392
332,68,RASA4,MKI67,0.95707554
332,367,RASA4,IL7R,0.9552167
332,267,RASA4,SLC2A3,0.95024234
332,27,RASA4,HSD3B7,0.9446072
332,118,RASA4,FOXO1,0.93897337
332,324,RASA4,REL,0.9312972
332,530,RASA4,IKZF1,0.9259667
332,334,RASA4,CD74,0.9224093
332,459,RASA4,IRF8,0.91241115
332,221,RASA4,ARPP21,0.9078995
332,46,RASA4,VDR,0.9026461
332,66,RASA4,CBFB,0.902572
332,69,RASA4,MAGED1,0.89826274
332,416,RASA4,GATA2,0.8935323
332,76,RASA4,ESR1,0.8894898
332,536,RASA4,MOGS,0.87684935
332,277,RASA4,MEF2C,0.87301755
332,58,RASA4,RARB,0.8615498
332,257,RASA4,UHRF1,0.85598487
332,281,RASA4,TGM2,0.8535019
332,380,RASA4,NPDC1,0.8535019
332,252,RASA4,HOXA9,0.84943974
332,379,RASA4,BCL2,0.8481178
332,67,RASA4,TEK,0.82961243
332,290,RASA4,TMEM14C,0.82961243
332,442,RASA4,HLF,0.82961243
332,515,RASA4,NCF1,0.82944125
332,392,RASA4,PBX1,0.82645714
332,53,RASA4,FCHO2,0.82645017
332,302,RASA4,MEIS1,0.82635236
332,445,RASA4,IL1R1,0.82623875
332,498,RASA4,DENND2D,0.82061315
332,85,RASA4,MECOM,0.8093563
438,527,RASAL3,TUBB4B,0.9804482
438,422,RASAL3,RUNX2,0.9795156
438,550,RASAL3,SPI1,0.9756468
438,96,RASAL3,SLBP,0.9729945
438,525,RASAL3,CD44,0.97241795
438,233,RASAL3,NOTCH1,0.97014475
438,116,RASAL3,TOP2A,0.9701108
438,216,RASAL3,MCM7,0.9671949
438,506,RASAL3,PRIM1,0.9660947
438,190,RASAL3,TIPIN,0.9648971
438,145,RASAL3,HMGB2,0.96308786
438,213,RASAL3,MCM4,0.9625164
438,131,RASAL3,CKS1B,0.96079224
438,60,RASAL3,CDT1,0.960767
438,518,RASAL3,IL12A,0.96072346
438,335,RASAL3,HDAC7,0.9602129
438,320,RASAL3,MYC,0.9599392
438,68,RASAL3,MKI67,0.9570761
438,367,RASAL3,IL7R,0.95523924
438,267,RASAL3,SLC2A3,0.949971
438,324,RASAL3,REL,0.9312972
438,530,RASAL3,IKZF1,0.9259667
438,53,RASAL3,FCHO2,0.9232858
438,27,RASAL3,HSD3B7,0.9224093
438,334,RASAL3,CD74,0.9224093
438,118,RASAL3,FOXO1,0.9209788
438,459,RASAL3,IRF8,0.91241115
438,221,RASAL3,ARPP21,0.9078995
438,46,RASAL3,VDR,0.9026461
438,66,RASAL3,CBFB,0.9026461
438,69,RASAL3,MAGED1,0.89826274
438,416,RASAL3,GATA2,0.89443135
438,76,RASAL3,ESR1,0.88950634
438,515,RASAL3,NCF1,0.8819892
438,58,RASAL3,RARB,0.86203754
438,257,RASAL3,UHRF1,0.85598487
438,281,RASAL3,TGM2,0.8535019
438,252,RASAL3,HOXA9,0.84943974
438,379,RASAL3,BCL2,0.8421053
438,67,RASAL3,TEK,0.82961243
438,290,RASAL3,TMEM14C,0.82961243
438,442,RASAL3,HLF,0.82961243
438,392,RASAL3,PBX1,0.8265034
438,445,RASAL3,IL1R1,0.8264584
438,302,RASAL3,MEIS1,0.82635236
438,498,RASAL3,DENND2D,0.82061315
438,44,RASAL3,NUDT19,0.8153746
438,85,RASAL3,MECOM,0.8093563
438,398,RASAL3,APOE,0.80635184
438,541,RASAL3,PGR,0.80635184
544,527,RASSF2,TUBB4B,0.9804482
544,422,RASSF2,RUNX2,0.9795156
544,518,RASSF2,IL12A,0.9794573
544,550,RASSF2,SPI1,0.9756468
544,116,RASSF2,TOP2A,0.9744888
544,506,RASSF2,PRIM1,0.97311485
544,525,RASSF2,CD44,0.97155815
544,145,RASSF2,HMGB2,0.9706331
544,233,RASSF2,NOTCH1,0.97014475
544,190,RASSF2,TIPIN,0.96839046
544,216,RASSF2,MCM7,0.96549934
544,96,RASSF2,SLBP,0.9635566
544,213,RASSF2,MCM4,0.9625164
544,335,RASSF2,HDAC7,0.9602129
544,320,RASSF2,MYC,0.9599392
544,131,RASSF2,CKS1B,0.9587652
544,68,RASSF2,MKI67,0.95707554
544,367,RASSF2,IL7R,0.9552167
544,267,RASSF2,SLC2A3,0.94998187
544,60,RASSF2,CDT1,0.9443571
544,324,RASSF2,REL,0.9312972
544,530,RASSF2,IKZF1,0.9259667
544,27,RASSF2,HSD3B7,0.9224093
544,334,RASSF2,CD74,0.9224093
544,118,RASSF2,FOXO1,0.9221475
544,459,RASSF2,IRF8,0.91241115
544,46,RASSF2,VDR,0.9026461
544,66,RASSF2,CBFB,0.9026461
544,69,RASSF2,MAGED1,0.89826274
544,221,RASSF2,ARPP21,0.8930235
544,416,RASSF2,GATA2,0.8923569
544,76,RASSF2,ESR1,0.88950634
544,515,RASSF2,NCF1,0.8819892
544,536,RASSF2,MOGS,0.87684935
544,58,RASSF2,RARB,0.8617976
544,277,RASSF2,MEF2C,0.8603895
544,498,RASSF2,DENND2D,0.8590346
544,392,RASSF2,PBX1,0.85900974
544,257,RASSF2,UHRF1,0.85598487
544,281,RASSF2,TGM2,0.8535019
544,380,RASSF2,NPDC1,0.8535019
544,252,RASSF2,HOXA9,0.8489048
544,379,RASSF2,BCL2,0.8481178
544,67,RASSF2,TEK,0.82961243
544,290,RASSF2,TMEM14C,0.82961243
544,442,RASSF2,HLF,0.82961243
544,302,RASSF2,MEIS1,0.8265075
544,445,RASSF2,IL1R1,0.82623875
544,237,RASSF2,ELF1,0.822649
544,53,RASSF2,FCHO2,0.82216334
375,527,RBPMS,TUBB4B,0.9804482
375,422,RBPMS,RUNX2,0.9799105
375,518,RBPMS,IL12A,0.9794573
375,550,RBPMS,SPI1,0.9756468
375,116,RBPMS,TOP2A,0.9744888
375,525,RBPMS,CD44,0.97241795
375,145,RBPMS,HMGB2,0.9706331
375,233,RBPMS,NOTCH1,0.97014475
375,190,RBPMS,TIPIN,0.96839195
375,216,RBPMS,MCM7,0.9671949
375,506,RBPMS,PRIM1,0.9636266
375,96,RBPMS,SLBP,0.9635566
375,213,RBPMS,MCM4,0.9625164
375,60,RBPMS,CDT1,0.9607973
375,131,RBPMS,CKS1B,0.9607973
375,335,RBPMS,HDAC7,0.9602129
375,320,RBPMS,MYC,0.9599392
375,68,RBPMS,MKI67,0.95707554
375,367,RBPMS,IL7R,0.9552167
375,267,RBPMS,SLC2A3,0.94998187
375,324,RBPMS,REL,0.93126315
375,530,RBPMS,IKZF1,0.9259667
375,27,RBPMS,HSD3B7,0.9224093
375,334,RBPMS,CD74,0.9224093
375,118,RBPMS,FOXO1,0.9221475
375,459,RBPMS,IRF8,0.91234577
375,221,RBPMS,ARPP21,0.9078995
375,46,RBPMS,VDR,0.9026461
375,66,RBPMS,CBFB,0.90252227
375,58,RBPMS,RARB,0.89947516
375,69,RBPMS,MAGED1,0.89826274
375,416,RBPMS,GATA2,0.89369905
375,76,RBPMS,ESR1,0.88950634
375,515,RBPMS,NCF1,0.8819892
375,536,RBPMS,MOGS,0.87684935
375,277,RBPMS,MEF2C,0.86934394
375,257,RBPMS,UHRF1,0.8559402
375,281,RBPMS,TGM2,0.8535019
375,380,RBPMS,NPDC1,0.8535019
375,252,RBPMS,HOXA9,0.84943974
375,379,RBPMS,BCL2,0.8481178
375,67,RBPMS,TEK,0.82961243
375,290,RBPMS,TMEM14C,0.82961243
375,442,RBPMS,HLF,0.82961243
375,53,RBPMS,FCHO2,0.82645017
375,445,RBPMS,IL1R1,0.82645017
375,392,RBPMS,PBX1,0.82523584
375,302,RBPMS,MEIS1,0.8235377
375,498,RBPMS,DENND2D,0.82061315
375,85,RBPMS,MECOM,0.8093563
259,527,RCSD1,TUBB4B,0.9804482
259,422,RCSD1,RUNX2,0.9795156
259,550,RCSD1,SPI1,0.9756468
259,116,RCSD1,TOP2A,0.9744888
259,525,RCSD1,CD44,0.97241795
259,190,RCSD1,TIPIN,0.9711879
259,145,RCSD1,HMGB2,0.9706331
259,233,RCSD1,NOTCH1,0.97014475
259,216,RCSD1,MCM7,0.9671949
259,506,RCSD1,PRIM1,0.9660805
259,96,RCSD1,SLBP,0.9635558
259,213,RCSD1,MCM4,0.9625164
259,60,RCSD1,CDT1,0.9607973
259,131,RCSD1,CKS1B,0.9607973
259,335,RCSD1,HDAC7,0.9602129
259,320,RCSD1,MYC,0.9599392
259,518,RCSD1,IL12A,0.9578493
259,68,RCSD1,MKI67,0.9570386
259,367,RCSD1,IL7R,0.9552167
259,267,RCSD1,SLC2A3,0.94998187
259,324,RCSD1,REL,0.9312972
259,27,RCSD1,HSD3B7,0.9224093
259,334,RCSD1,CD74,0.9224093
259,118,RCSD1,FOXO1,0.9221475
259,459,RCSD1,IRF8,0.91241115
259,221,RCSD1,ARPP21,0.9078995
259,46,RCSD1,VDR,0.9026461
259,69,RCSD1,MAGED1,0.89826274
259,416,RCSD1,GATA2,0.89369905
259,76,RCSD1,ESR1,0.88950634
259,515,RCSD1,NCF1,0.8819892
259,530,RCSD1,IKZF1,0.8784957
259,536,RCSD1,MOGS,0.87774676
259,277,RCSD1,MEF2C,0.8603895
259,257,RCSD1,UHRF1,0.85598487
259,281,RCSD1,TGM2,0.8535019
259,380,RCSD1,NPDC1,0.8535019
259,252,RCSD1,HOXA9,0.84943974
259,379,RCSD1,BCL2,0.8481178
259,53,RCSD1,FCHO2,0.84265935
259,58,RCSD1,RARB,0.8311116
259,66,RCSD1,CBFB,0.8300274
259,67,RCSD1,TEK,0.82961243
259,290,RCSD1,TMEM14C,0.82961243
259,442,RCSD1,HLF,0.82961243
259,392,RCSD1,PBX1,0.8265034
259,445,RCSD1,IL1R1,0.82645017
259,302,RCSD1,MEIS1,0.82635236
259,498,RCSD1,DENND2D,0.82061315
259,85,RCSD1,MECOM,0.8093563
324,116,REL,TOP2A,0.97544765
324,422,REL,RUNX2,0.9734389
324,518,REL,IL12A,0.97131145
324,96,REL,SLBP,0.9708172
324,506,REL,PRIM1,0.9707282
324,190,REL,TIPIN,0.9706791
324,145,REL,HMGB2,0.9697249
324,216,REL,MCM7,0.9689673
324,550,REL,SPI1,0.9672248
324,213,REL,MCM4,0.96653795
324,131,REL,CKS1B,0.96425
324,60,REL,CDT1,0.9642437
324,525,REL,CD44,0.9608376
324,68,REL,MKI67,0.96017385
324,527,REL,TUBB4B,0.9501303
324,320,REL,MYC,0.92168266
324,335,REL,HDAC7,0.9173457
324,367,REL,IL7R,0.9086561
324,267,REL,SLC2A3,0.9030889
324,233,REL,NOTCH1,0.90198517
324,27,REL,HSD3B7,0.8268403
324,334,REL,CD74,0.8268403
324,118,REL,FOXO1,0.8249628
324,530,REL,IKZF1,0.8082898
324,221,REL,ARPP21,0.78867877
324,459,REL,IRF8,0.77475196
324,69,REL,MAGED1,0.7717452
324,46,REL,VDR,0.77132237
324,66,REL,CBFB,0.77132237
324,416,REL,GATA2,0.757982
324,536,REL,MOGS,0.7307619
324,515,REL,NCF1,0.73011667
324,76,REL,ESR1,0.71123123
324,277,REL,MEF2C,0.69313544
324,379,REL,BCL2,0.67826664
324,281,REL,TGM2,0.6780165
324,380,REL,NPDC1,0.6780165
324,257,REL,UHRF1,0.67688257
324,252,REL,HOXA9,0.65988076
324,67,REL,TEK,0.63863945
324,290,REL,TMEM14C,0.63863945
324,442,REL,HLF,0.63863945
324,392,REL,PBX1,0.6351687
324,53,REL,FCHO2,0.63508904
324,445,REL,IL1R1,0.63508904
324,302,REL,MEIS1,0.6336509
324,498,REL,DENND2D,0.6185518
324,58,REL,RARB,0.6174576
324,85,REL,MECOM,0.6156028
324,44,REL,NUDT19,0.6108556
394,527,RFTN1,TUBB4B,0.9804482
394,422,RFTN1,RUNX2,0.9795156
394,518,RFTN1,IL12A,0.9794597
394,550,RFTN1,SPI1,0.9756468
394,116,RFTN1,TOP2A,0.97451675
394,145,RFTN1,HMGB2,0.9738332
394,525,RFTN1,CD44,0.97241795
394,233,RFTN1,NOTCH1,0.9705906
394,190,RFTN1,TIPIN,0.96839195
394,216,RFTN1,MCM7,0.9671949
394,506,RFTN1,PRIM1,0.9660805
394,96,RFTN1,SLBP,0.9635566
394,213,RFTN1,MCM4,0.9625194
394,60,RFTN1,CDT1,0.9607973
394,131,RFTN1,CKS1B,0.9607973
394,335,RFTN1,HDAC7,0.9602129
394,320,RFTN1,MYC,0.9599392
394,68,RFTN1,MKI67,0.95707554
394,367,RFTN1,IL7R,0.9552167
394,267,RFTN1,SLC2A3,0.94998187
394,324,RFTN1,REL,0.9312972
394,530,RFTN1,IKZF1,0.9259667
394,27,RFTN1,HSD3B7,0.9224093
394,118,RFTN1,FOXO1,0.9221475
394,334,RFTN1,CD74,0.9221469
394,459,RFTN1,IRF8,0.91241115
394,221,RFTN1,ARPP21,0.9078995
394,46,RFTN1,VDR,0.9026461
394,66,RFTN1,CBFB,0.90152913
394,69,RFTN1,MAGED1,0.89826274
394,416,RFTN1,GATA2,0.89369905
394,76,RFTN1,ESR1,0.88950634
394,536,RFTN1,MOGS,0.87684935
394,515,RFTN1,NCF1,0.87161875
394,277,RFTN1,MEF2C,0.85987407
394,257,RFTN1,UHRF1,0.85598487
394,281,RFTN1,TGM2,0.8535019
394,380,RFTN1,NPDC1,0.8535019
394,252,RFTN1,HOXA9,0.8505267
394,58,RFTN1,RARB,0.84970224
394,379,RFTN1,BCL2,0.8481178
394,442,RFTN1,HLF,0.8355803
394,445,RFTN1,IL1R1,0.8299924
394,290,RFTN1,TMEM14C,0.8297113
394,67,RFTN1,TEK,0.82961243
394,392,RFTN1,PBX1,0.8265034
394,53,RFTN1,FCHO2,0.8264584
394,302,RFTN1,MEIS1,0.82635236
394,498,RFTN1,DENND2D,0.82061315
394,85,RFTN1,MECOM,0.8093563
49,527,RGS19,TUBB4B,0.9804482
49,518,RGS19,IL12A,0.9794551
49,422,RGS19,RUNX2,0.9770597
49,550,RGS19,SPI1,0.97458106
49,116,RGS19,TOP2A,0.9744888
49,525,RGS19,CD44,0.97241795
49,145,RGS19,HMGB2,0.9706331
49,233,RGS19,NOTCH1,0.97014475
49,190,RGS19,TIPIN,0.96839195
49,506,RGS19,PRIM1,0.9660805
49,216,RGS19,MCM7,0.96602196
49,96,RGS19,SLBP,0.9635566
49,213,RGS19,MCM4,0.9625164
49,131,RGS19,CKS1B,0.96081066
49,60,RGS19,CDT1,0.9607973
49,320,RGS19,MYC,0.9599392
49,335,RGS19,HDAC7,0.95913655
49,367,RGS19,IL7R,0.95802176
49,68,RGS19,MKI67,0.95707554
49,267,RGS19,SLC2A3,0.94998187
49,324,RGS19,REL,0.9312972
49,530,RGS19,IKZF1,0.9258507
49,27,RGS19,HSD3B7,0.9224093
49,334,RGS19,CD74,0.9224093
49,118,RGS19,FOXO1,0.9221475
49,459,RGS19,IRF8,0.91241115
49,221,RGS19,ARPP21,0.9078995
49,66,RGS19,CBFB,0.9026461
49,46,RGS19,VDR,0.9013737
49,416,RGS19,GATA2,0.9009113
49,69,RGS19,MAGED1,0.898347
49,76,RGS19,ESR1,0.88950634
49,515,RGS19,NCF1,0.8819892
49,536,RGS19,MOGS,0.87684935
49,58,RGS19,RARB,0.8617976
49,277,RGS19,MEF2C,0.8603895
49,257,RGS19,UHRF1,0.8564839
49,281,RGS19,TGM2,0.8535019
49,380,RGS19,NPDC1,0.8501484
49,252,RGS19,HOXA9,0.84943974
49,379,RGS19,BCL2,0.8481178
49,53,RGS19,FCHO2,0.8306406
49,290,RGS19,TMEM14C,0.82974154
49,67,RGS19,TEK,0.82961243
49,442,RGS19,HLF,0.82961243
49,392,RGS19,PBX1,0.8265034
49,445,RGS19,IL1R1,0.8264584
49,302,RGS19,MEIS1,0.82635236
49,498,RGS19,DENND2D,0.82058334
49,85,RGS19,MECOM,0.80935556
435,527,RGS2,TUBB4B,0.9804482
435,422,RGS2,RUNX2,0.9795156
435,550,RGS2,SPI1,0.9756468
435,96,RGS2,SLBP,0.9729945
435,525,RGS2,CD44,0.97241795
435,233,RGS2,NOTCH1,0.97014475
435,116,RGS2,TOP2A,0.9701108
435,216,RGS2,MCM7,0.9671949
435,506,RGS2,PRIM1,0.9660947
435,190,RGS2,TIPIN,0.9648971
435,145,RGS2,HMGB2,0.96308786
435,213,RGS2,MCM4,0.9625164
435,131,RGS2,CKS1B,0.96079224
435,60,RGS2,CDT1,0.960767
435,518,RGS2,IL12A,0.96072346
435,335,RGS2,HDAC7,0.9602129
435,320,RGS2,MYC,0.9599392
435,68,RGS2,MKI67,0.9570761
435,367,RGS2,IL7R,0.95523924
435,267,RGS2,SLC2A3,0.949971
435,324,RGS2,REL,0.9312972
435,530,RGS2,IKZF1,0.9259667
435,53,RGS2,FCHO2,0.9232858
435,27,RGS2,HSD3B7,0.9224093
435,334,RGS2,CD74,0.9224093
435,118,RGS2,FOXO1,0.9209788
435,459,RGS2,IRF8,0.91241115
435,221,RGS2,ARPP21,0.9078995
435,46,RGS2,VDR,0.9026461
435,66,RGS2,CBFB,0.9026461
435,69,RGS2,MAGED1,0.89826274
435,416,RGS2,GATA2,0.89443135
435,76,RGS2,ESR1,0.88950634
435,515,RGS2,NCF1,0.8819892
435,58,RGS2,RARB,0.86203754
435,257,RGS2,UHRF1,0.85598487
435,281,RGS2,TGM2,0.8535019
435,252,RGS2,HOXA9,0.84943974
435,379,RGS2,BCL2,0.8421053
435,67,RGS2,TEK,0.82961243
435,290,RGS2,TMEM14C,0.82961243
435,442,RGS2,HLF,0.82961243
435,392,RGS2,PBX1,0.8265034
435,445,RGS2,IL1R1,0.8264584
435,302,RGS2,MEIS1,0.82635236
435,498,RGS2,DENND2D,0.82061315
435,44,RGS2,NUDT19,0.8153746
435,85,RGS2,MECOM,0.8093563
435,398,RGS2,APOE,0.80635184
435,541,RGS2,PGR,0.80635184
340,527,RHOF,TUBB4B,0.9804482
340,422,RHOF,RUNX2,0.9795156
340,518,RHOF,IL12A,0.9794573
340,550,RHOF,SPI1,0.9756468
340,116,RHOF,TOP2A,0.9744888
340,145,RHOF,HMGB2,0.9721621
340,525,RHOF,CD44,0.97188854
340,190,RHOF,TIPIN,0.9712489
340,233,RHOF,NOTCH1,0.9702341
340,216,RHOF,MCM7,0.9671737
340,367,RHOF,IL7R,0.9642963
340,506,RHOF,PRIM1,0.9636266
340,96,RHOF,SLBP,0.9635566
340,213,RHOF,MCM4,0.9625164
340,60,RHOF,CDT1,0.9607973
340,131,RHOF,CKS1B,0.9607973
340,335,RHOF,HDAC7,0.9602129
340,320,RHOF,MYC,0.9599392
340,68,RHOF,MKI67,0.95707554
340,267,RHOF,SLC2A3,0.94998187
340,324,RHOF,REL,0.93123853
340,530,RHOF,IKZF1,0.9259667
340,118,RHOF,FOXO1,0.9221475
340,27,RHOF,HSD3B7,0.9202182
340,334,RHOF,CD74,0.91284585
340,459,RHOF,IRF8,0.9124466
340,221,RHOF,ARPP21,0.9078995
340,46,RHOF,VDR,0.9026461
340,66,RHOF,CBFB,0.9026461
340,69,RHOF,MAGED1,0.89826274
340,416,RHOF,GATA2,0.89369905
340,76,RHOF,ESR1,0.88931614
340,515,RHOF,NCF1,0.8819892
340,536,RHOF,MOGS,0.87684935
340,58,RHOF,RARB,0.8617976
340,277,RHOF,MEF2C,0.8603895
340,257,RHOF,UHRF1,0.85598487
340,281,RHOF,TGM2,0.8535019
340,380,RHOF,NPDC1,0.8535019
340,252,RHOF,HOXA9,0.84949535
340,379,RHOF,BCL2,0.8481178
340,67,RHOF,TEK,0.82961243
340,442,RHOF,HLF,0.82961243
340,53,RHOF,FCHO2,0.826524
340,392,RHOF,PBX1,0.8265034
340,302,RHOF,MEIS1,0.82635236
340,445,RHOF,IL1R1,0.82216334
340,290,RHOF,TMEM14C,0.81451964
340,85,RHOF,MECOM,0.8093563
340,498,RHOF,DENND2D,0.80894923
418,422,RHOH,RUNX2,0.9795156
418,518,RHOH,IL12A,0.9794573
418,550,RHOH,SPI1,0.9756468
418,116,RHOH,TOP2A,0.9744888
418,525,RHOH,CD44,0.97241795
418,233,RHOH,NOTCH1,0.97014475
418,145,RHOH,HMGB2,0.9692421
418,190,RHOH,TIPIN,0.96839195
418,527,RHOH,TUBB4B,0.9675252
418,216,RHOH,MCM7,0.9672501
418,506,RHOH,PRIM1,0.9660805
418,96,RHOH,SLBP,0.9635549
418,213,RHOH,MCM4,0.9625194
418,60,RHOH,CDT1,0.9607973
418,335,RHOH,HDAC7,0.9602129
418,320,RHOH,MYC,0.9600609
418,68,RHOH,MKI67,0.95707554
418,367,RHOH,IL7R,0.9552167
418,267,RHOH,SLC2A3,0.94994456
418,27,RHOH,HSD3B7,0.94344336
418,131,RHOH,CKS1B,0.9414487
418,324,RHOH,REL,0.93137544
418,530,RHOH,IKZF1,0.9259667
418,334,RHOH,CD74,0.9224093
418,118,RHOH,FOXO1,0.9221475
418,459,RHOH,IRF8,0.91241115
418,221,RHOH,ARPP21,0.9078995
418,46,RHOH,VDR,0.9026461
418,66,RHOH,CBFB,0.902184
418,69,RHOH,MAGED1,0.89826274
418,416,RHOH,GATA2,0.89369905
418,76,RHOH,ESR1,0.88950634
418,515,RHOH,NCF1,0.8819892
418,536,RHOH,MOGS,0.87684935
418,58,RHOH,RARB,0.8617976
418,277,RHOH,MEF2C,0.8603895
418,257,RHOH,UHRF1,0.85598487
418,281,RHOH,TGM2,0.8535019
418,380,RHOH,NPDC1,0.8535019
418,379,RHOH,BCL2,0.8481178
418,67,RHOH,TEK,0.82961243
418,290,RHOH,TMEM14C,0.82961243
418,442,RHOH,HLF,0.82961243
418,392,RHOH,PBX1,0.8265034
418,53,RHOH,FCHO2,0.82645017
418,445,RHOH,IL1R1,0.82645017
418,302,RHOH,MEIS1,0.82635236
418,498,RHOH,DENND2D,0.82061315
418,85,RHOH,MECOM,0.8093563
418,44,RHOH,NUDT19,0.80635184
263,527,RNASE6,TUBB4B,0.9804482
263,422,RNASE6,RUNX2,0.9795156
263,518,RNASE6,IL12A,0.9794573
263,550,RNASE6,SPI1,0.9756468
263,116,RNASE6,TOP2A,0.9744888
263,525,RNASE6,CD44,0.97241795
263,190,RNASE6,TIPIN,0.9711879
263,145,RNASE6,HMGB2,0.9706331
263,233,RNASE6,NOTCH1,0.97014475
263,216,RNASE6,MCM7,0.9671949
263,506,RNASE6,PRIM1,0.9660342
263,96,RNASE6,SLBP,0.9635558
263,213,RNASE6,MCM4,0.9625164
263,60,RNASE6,CDT1,0.9607973
263,131,RNASE6,CKS1B,0.9607973
263,335,RNASE6,HDAC7,0.9602129
263,320,RNASE6,MYC,0.9599392
263,68,RNASE6,MKI67,0.9570386
263,367,RNASE6,IL7R,0.9552167
263,267,RNASE6,SLC2A3,0.94998187
263,324,RNASE6,REL,0.9312972
263,27,RNASE6,HSD3B7,0.9224093
263,334,RNASE6,CD74,0.9224093
263,118,RNASE6,FOXO1,0.9221475
263,530,RNASE6,IKZF1,0.91314614
263,459,RNASE6,IRF8,0.91241115
263,221,RNASE6,ARPP21,0.9078995
263,46,RNASE6,VDR,0.9026461
263,69,RNASE6,MAGED1,0.89826274
263,416,RNASE6,GATA2,0.89369905
263,76,RNASE6,ESR1,0.88950634
263,515,RNASE6,NCF1,0.8819892
263,536,RNASE6,MOGS,0.87684935
263,277,RNASE6,MEF2C,0.8603895
263,257,RNASE6,UHRF1,0.85598487
263,281,RNASE6,TGM2,0.8535019
263,380,RNASE6,NPDC1,0.8535019
263,252,RNASE6,HOXA9,0.84943974
263,379,RNASE6,BCL2,0.8481178
263,53,RNASE6,FCHO2,0.84265935
263,58,RNASE6,RARB,0.8311116
263,66,RNASE6,CBFB,0.8300274
263,67,RNASE6,TEK,0.82961243
263,290,RNASE6,TMEM14C,0.82961243
263,442,RNASE6,HLF,0.82961243
263,392,RNASE6,PBX1,0.8265034
263,445,RNASE6,IL1R1,0.82645017
263,302,RNASE6,MEIS1,0.82635236
263,498,RNASE6,DENND2D,0.82061315
263,85,RNASE6,MECOM,0.8093563
516,527,RNF125,TUBB4B,0.9804482
516,422,RNF125,RUNX2,0.9795156
516,518,RNF125,IL12A,0.97945076
516,550,RNF125,SPI1,0.9756468
516,116,RNF125,TOP2A,0.9744888
516,525,RNF125,CD44,0.97241795
516,145,RNF125,HMGB2,0.9706331
516,233,RNF125,NOTCH1,0.97014475
516,190,RNF125,TIPIN,0.96839195
516,216,RNF125,MCM7,0.9671949
516,506,RNF125,PRIM1,0.9660805
516,96,RNF125,SLBP,0.9635566
516,213,RNF125,MCM4,0.9625164
516,60,RNF125,CDT1,0.9607973
516,131,RNF125,CKS1B,0.9607973
516,335,RNF125,HDAC7,0.9602129
516,68,RNF125,MKI67,0.95709574
516,367,RNF125,IL7R,0.9552167
516,267,RNF125,SLC2A3,0.94998187
516,324,RNF125,REL,0.9301084
516,530,RNF125,IKZF1,0.9259667
516,27,RNF125,HSD3B7,0.9224093
516,334,RNF125,CD74,0.9224093
516,118,RNF125,FOXO1,0.9221475
516,459,RNF125,IRF8,0.91241115
516,221,RNF125,ARPP21,0.9078995
516,320,RNF125,MYC,0.90720725
516,46,RNF125,VDR,0.9026461
516,66,RNF125,CBFB,0.9026461
516,416,RNF125,GATA2,0.89369905
516,536,RNF125,MOGS,0.87684935
516,277,RNF125,MEF2C,0.87120056
516,76,RNF125,ESR1,0.8647452
516,58,RNF125,RARB,0.8615498
516,257,RNF125,UHRF1,0.85598487
516,281,RNF125,TGM2,0.8535019
516,380,RNF125,NPDC1,0.8531357
516,252,RNF125,HOXA9,0.84943974
516,379,RNF125,BCL2,0.8481178
516,290,RNF125,TMEM14C,0.82961243
516,442,RNF125,HLF,0.82961243
516,67,RNF125,TEK,0.82840127
516,53,RNF125,FCHO2,0.82645017
516,445,RNF125,IL1R1,0.82645017
516,302,RNF125,MEIS1,0.82635236
516,498,RNF125,DENND2D,0.82061315
516,85,RNF125,MECOM,0.8093563
516,44,RNF125,NUDT19,0.80635184
516,398,RNF125,APOE,0.80635184
516,541,RNF125,PGR,0.80635184
316,527,RNF13,TUBB4B,0.9804387
316,422,RNF13,RUNX2,0.9795155
316,518,RNF13,IL12A,0.9794484
316,550,RNF13,SPI1,0.9756479
316,116,RNF13,TOP2A,0.97446793
316,525,RNF13,CD44,0.9724205
316,190,RNF13,TIPIN,0.9717773
316,145,RNF13,HMGB2,0.9706196
316,233,RNF13,NOTCH1,0.9701302
316,216,RNF13,MCM7,0.9671779
316,96,RNF13,SLBP,0.9668667
316,506,RNF13,PRIM1,0.96606356
316,213,RNF13,MCM4,0.9637592
316,68,RNF13,MKI67,0.96214175
316,60,RNF13,CDT1,0.9607753
316,131,RNF13,CKS1B,0.9607753
316,335,RNF13,HDAC7,0.9602897
316,320,RNF13,MYC,0.9600142
316,367,RNF13,IL7R,0.95539314
316,324,RNF13,REL,0.9549996
316,267,RNF13,SLC2A3,0.9500726
316,530,RNF13,IKZF1,0.92613655
316,27,RNF13,HSD3B7,0.9225856
316,334,RNF13,CD74,0.9225856
316,118,RNF13,FOXO1,0.9223302
316,459,RNF13,IRF8,0.9126625
316,221,RNF13,ARPP21,0.9080929
316,46,RNF13,VDR,0.9028635
316,66,RNF13,CBFB,0.9028635
316,69,RNF13,MAGED1,0.89848703
316,416,RNF13,GATA2,0.89535004
316,515,RNF13,NCF1,0.8822408
316,536,RNF13,MOGS,0.87716806
316,277,RNF13,MEF2C,0.8606814
316,257,RNF13,UHRF1,0.8562822
316,281,RNF13,TGM2,0.8537979
316,380,RNF13,NPDC1,0.85379475
316,58,RNF13,RARB,0.8501395
316,252,RNF13,HOXA9,0.8497494
316,67,RNF13,TEK,0.8299415
316,290,RNF13,TMEM14C,0.8299415
316,442,RNF13,HLF,0.8299415
316,392,RNF13,PBX1,0.8268359
316,53,RNF13,FCHO2,0.8267828
316,445,RNF13,IL1R1,0.8267477
316,302,RNF13,MEIS1,0.8266929
316,498,RNF13,DENND2D,0.82096636
316,379,RNF13,BCL2,0.8164952
316,85,RNF13,MECOM,0.8097143
316,44,RNF13,NUDT19,0.8067117
73,422,RNF213,RUNX2,0.9795156
73,518,RNF213,IL12A,0.9794573
73,527,RNF213,TUBB4B,0.9778535
73,550,RNF213,SPI1,0.9756468
73,116,RNF213,TOP2A,0.9744888
73,525,RNF213,CD44,0.9724168
73,145,RNF213,HMGB2,0.97200036
73,233,RNF213,NOTCH1,0.97014475
73,190,RNF213,TIPIN,0.96839195
73,216,RNF213,MCM7,0.9671949
73,506,RNF213,PRIM1,0.9660805
73,96,RNF213,SLBP,0.96353114
73,213,RNF213,MCM4,0.9625164
73,131,RNF213,CKS1B,0.96081066
73,60,RNF213,CDT1,0.9607973
73,320,RNF213,MYC,0.9599392
73,335,RNF213,HDAC7,0.9583708
73,68,RNF213,MKI67,0.95707554
73,367,RNF213,IL7R,0.9552167
73,267,RNF213,SLC2A3,0.94998187
73,324,RNF213,REL,0.9312972
73,334,RNF213,CD74,0.9224093
73,118,RNF213,FOXO1,0.9221475
73,27,RNF213,HSD3B7,0.92193997
73,257,RNF213,UHRF1,0.91570383
73,221,RNF213,ARPP21,0.9078995
73,46,RNF213,VDR,0.9026461
73,66,RNF213,CBFB,0.9026461
73,69,RNF213,MAGED1,0.89826274
73,416,RNF213,GATA2,0.89369905
73,76,RNF213,ESR1,0.8897694
73,515,RNF213,NCF1,0.8819892
73,536,RNF213,MOGS,0.87684935
73,459,RNF213,IRF8,0.8737138
73,58,RNF213,RARB,0.8617976
73,277,RNF213,MEF2C,0.8603895
73,281,RNF213,TGM2,0.85350466
73,380,RNF213,NPDC1,0.8535019
73,379,RNF213,BCL2,0.8481178
73,392,RNF213,PBX1,0.8427045
73,498,RNF213,DENND2D,0.84103245
73,67,RNF213,TEK,0.82961243
73,290,RNF213,TMEM14C,0.82961243
73,442,RNF213,HLF,0.82961243
73,252,RNF213,HOXA9,0.82693124
73,53,RNF213,FCHO2,0.82645017
73,302,RNF213,MEIS1,0.82635236
73,85,RNF213,MECOM,0.8093563
73,44,RNF213,NUDT19,0.80635184
73,398,RNF213,APOE,0.80635184
56,527,RNF38,TUBB4B,0.98043114
56,422,RNF38,RUNX2,0.97950417
56,518,RNF38,IL12A,0.9794573
56,550,RNF38,SPI1,0.9756468
56,116,RNF38,TOP2A,0.9744888
56,525,RNF38,CD44,0.97241795
56,145,RNF38,HMGB2,0.9706331
56,233,RNF38,NOTCH1,0.96926033
56,190,RNF38,TIPIN,0.96839195
56,216,RNF38,MCM7,0.9671737
56,506,RNF38,PRIM1,0.9660947
56,320,RNF38,MYC,0.9639483
56,96,RNF38,SLBP,0.9635566
56,213,RNF38,MCM4,0.9625164
56,131,RNF38,CKS1B,0.9607973
56,60,RNF38,CDT1,0.960795
56,335,RNF38,HDAC7,0.9602129
56,68,RNF38,MKI67,0.95707554
56,367,RNF38,IL7R,0.95407337
56,267,RNF38,SLC2A3,0.94998187
56,324,RNF38,REL,0.9312972
56,530,RNF38,IKZF1,0.9259667
56,27,RNF38,HSD3B7,0.9224093
56,334,RNF38,CD74,0.9224093
56,118,RNF38,FOXO1,0.9221475
56,221,RNF38,ARPP21,0.9140499
56,459,RNF38,IRF8,0.9123969
56,46,RNF38,VDR,0.9026461
56,66,RNF38,CBFB,0.9026461
56,69,RNF38,MAGED1,0.8983168
56,416,RNF38,GATA2,0.89369905
56,76,RNF38,ESR1,0.88950634
56,515,RNF38,NCF1,0.88162434
56,536,RNF38,MOGS,0.87684935
56,58,RNF38,RARB,0.87599885
56,302,RNF38,MEIS1,0.8685238
56,277,RNF38,MEF2C,0.8603895
56,257,RNF38,UHRF1,0.85598487
56,380,RNF38,NPDC1,0.8535019
56,281,RNF38,TGM2,0.85338974
56,252,RNF38,HOXA9,0.84943974
56,379,RNF38,BCL2,0.8481178
56,67,RNF38,TEK,0.82961243
56,442,RNF38,HLF,0.82961243
56,392,RNF38,PBX1,0.8265034
56,53,RNF38,FCHO2,0.82645017
56,445,RNF38,IL1R1,0.82645017
56,498,RNF38,DENND2D,0.82061315
56,85,RNF38,MECOM,0.8093563
56,44,RNF38,NUDT19,0.80635184
521,527,ROBO4,TUBB4B,0.9804033
521,422,ROBO4,RUNX2,0.9795156
521,518,ROBO4,IL12A,0.9794573
521,116,ROBO4,TOP2A,0.9744888
521,525,ROBO4,CD44,0.97241795
521,145,ROBO4,HMGB2,0.9719229
521,233,ROBO4,NOTCH1,0.97014475
521,550,ROBO4,SPI1,0.9682758
521,216,ROBO4,MCM7,0.9671949
521,190,ROBO4,TIPIN,0.9669248
521,506,ROBO4,PRIM1,0.9660805
521,96,ROBO4,SLBP,0.9635566
521,213,ROBO4,MCM4,0.96253204
521,60,ROBO4,CDT1,0.9607973
521,131,ROBO4,CKS1B,0.9607973
521,335,ROBO4,HDAC7,0.9602129
521,320,ROBO4,MYC,0.9599392
521,68,ROBO4,MKI67,0.95707554
521,367,ROBO4,IL7R,0.9552167
521,267,ROBO4,SLC2A3,0.94998187
521,324,ROBO4,REL,0.9312972
521,530,ROBO4,IKZF1,0.9259667
521,27,ROBO4,HSD3B7,0.9224093
521,334,ROBO4,CD74,0.9224093
521,118,ROBO4,FOXO1,0.9221475
521,459,ROBO4,IRF8,0.91241115
521,66,ROBO4,CBFB,0.9026461
521,46,ROBO4,VDR,0.90241784
521,69,ROBO4,MAGED1,0.89826274
521,416,ROBO4,GATA2,0.89369905
521,76,ROBO4,ESR1,0.88950634
521,221,ROBO4,ARPP21,0.88841397
521,515,ROBO4,NCF1,0.8819892
521,536,ROBO4,MOGS,0.87684935
521,58,ROBO4,RARB,0.8617976
521,277,ROBO4,MEF2C,0.8603895
521,257,ROBO4,UHRF1,0.85598487
521,380,ROBO4,NPDC1,0.8535019
521,252,ROBO4,HOXA9,0.84943974
521,379,ROBO4,BCL2,0.8481178
521,281,ROBO4,TGM2,0.84568316
521,67,ROBO4,TEK,0.82961243
521,290,ROBO4,TMEM14C,0.82961243
521,442,ROBO4,HLF,0.82961243
521,392,ROBO4,PBX1,0.8265034
521,53,ROBO4,FCHO2,0.82645017
521,445,ROBO4,IL1R1,0.82645017
521,302,ROBO4,MEIS1,0.82635236
521,498,ROBO4,DENND2D,0.82061315
521,85,ROBO4,MECOM,0.8093563
95,527,RORA,TUBB4B,0.9804482
95,422,RORA,RUNX2,0.9795156
95,518,RORA,IL12A,0.9794573
95,550,RORA,SPI1,0.9756468
95,116,RORA,TOP2A,0.9744888
95,525,RORA,CD44,0.97241795
95,145,RORA,HMGB2,0.9706331
95,190,RORA,TIPIN,0.96839195
95,216,RORA,MCM7,0.9671949
95,506,RORA,PRIM1,0.9660805
95,96,RORA,SLBP,0.9635566
95,60,RORA,CDT1,0.9607973
95,131,RORA,CKS1B,0.9607973
95,213,RORA,MCM4,0.96077335
95,335,RORA,HDAC7,0.96017826
95,320,RORA,MYC,0.9599392
95,68,RORA,MKI67,0.95707554
95,367,RORA,IL7R,0.9552167
95,267,RORA,SLC2A3,0.94998187
95,324,RORA,REL,0.9312972
95,530,RORA,IKZF1,0.9265143
95,27,RORA,HSD3B7,0.9224093
95,334,RORA,CD74,0.9224093
95,118,RORA,FOXO1,0.9221475
95,257,RORA,UHRF1,0.91570383
95,459,RORA,IRF8,0.91241115
95,221,RORA,ARPP21,0.9078995
95,233,RORA,NOTCH1,0.90727675
95,66,RORA,CBFB,0.9026461
95,69,RORA,MAGED1,0.89826274
95,416,RORA,GATA2,0.8937529
95,76,RORA,ESR1,0.88950634
95,46,RORA,VDR,0.8838176
95,515,RORA,NCF1,0.8819892
95,536,RORA,MOGS,0.87684935
95,58,RORA,RARB,0.8617976
95,277,RORA,MEF2C,0.8603895
95,281,RORA,TGM2,0.8535019
95,380,RORA,NPDC1,0.8535019
95,252,RORA,HOXA9,0.84943974
95,379,RORA,BCL2,0.8481178
95,67,RORA,TEK,0.82961243
95,290,RORA,TMEM14C,0.82961243
95,442,RORA,HLF,0.82961243
95,445,RORA,IL1R1,0.82645017
95,302,RORA,MEIS1,0.82635236
95,392,RORA,PBX1,0.8262921
95,44,RORA,NUDT19,0.80635184
95,398,RORA,APOE,0.80635184
95,541,RORA,PGR,0.80635184
362,527,RP2,TUBB4B,0.9804482
362,518,RP2,IL12A,0.97965235
362,422,RP2,RUNX2,0.9795156
362,550,RP2,SPI1,0.9756855
362,116,RP2,TOP2A,0.9744888
362,525,RP2,CD44,0.9724201
362,145,RP2,HMGB2,0.9706331
362,233,RP2,NOTCH1,0.97014475
362,190,RP2,TIPIN,0.96839195
362,216,RP2,MCM7,0.9672028
362,506,RP2,PRIM1,0.9660947
362,96,RP2,SLBP,0.9635566
362,213,RP2,MCM4,0.9625164
362,68,RP2,MKI67,0.96199113
362,60,RP2,CDT1,0.9607973
362,131,RP2,CKS1B,0.9607973
362,335,RP2,HDAC7,0.9602129
362,320,RP2,MYC,0.9599392
362,267,RP2,SLC2A3,0.94998187
362,324,RP2,REL,0.9312972
362,46,RP2,VDR,0.92645776
362,27,RP2,HSD3B7,0.9224093
362,334,RP2,CD74,0.9224093
362,118,RP2,FOXO1,0.9221475
362,459,RP2,IRF8,0.91241115
362,221,RP2,ARPP21,0.9078995
362,66,RP2,CBFB,0.9026461
362,69,RP2,MAGED1,0.89826274
362,416,RP2,GATA2,0.89369905
362,76,RP2,ESR1,0.88950634
362,515,RP2,NCF1,0.8819892
362,536,RP2,MOGS,0.87684935
362,277,RP2,MEF2C,0.8603895
362,257,RP2,UHRF1,0.85598487
362,380,RP2,NPDC1,0.8535019
362,281,RP2,TGM2,0.850116
362,252,RP2,HOXA9,0.84943974
362,379,RP2,BCL2,0.8481178
362,67,RP2,TEK,0.82961243
362,290,RP2,TMEM14C,0.82961243
362,442,RP2,HLF,0.82961243
362,392,RP2,PBX1,0.8265034
362,53,RP2,FCHO2,0.82645017
362,445,RP2,IL1R1,0.82645017
362,302,RP2,MEIS1,0.82635236
362,498,RP2,DENND2D,0.82061315
362,367,RP2,IL7R,0.8187588
362,58,RP2,RARB,0.812356
362,85,RP2,MECOM,0.8093563
362,44,RP2,NUDT19,0.80635184
432,527,RRAS,TUBB4B,0.9804482
432,422,RRAS,RUNX2,0.9795156
432,550,RRAS,SPI1,0.9756468
432,116,RRAS,TOP2A,0.9744888
432,525,RRAS,CD44,0.97241795
432,145,RRAS,HMGB2,0.9706331
432,233,RRAS,NOTCH1,0.97014475
432,216,RRAS,MCM7,0.9671949
432,506,RRAS,PRIM1,0.9660947
432,190,RRAS,TIPIN,0.9648971
432,96,RRAS,SLBP,0.9635912
432,213,RRAS,MCM4,0.9625164
432,60,RRAS,CDT1,0.9607973
432,131,RRAS,CKS1B,0.9607973
432,518,RRAS,IL12A,0.96072346
432,335,RRAS,HDAC7,0.9602129
432,320,RRAS,MYC,0.9599392
432,68,RRAS,MKI67,0.95920575
432,367,RRAS,IL7R,0.95523924
432,267,RRAS,SLC2A3,0.949971
432,324,RRAS,REL,0.9312972
432,530,RRAS,IKZF1,0.9259667
432,27,RRAS,HSD3B7,0.9224093
432,334,RRAS,CD74,0.9224093
432,118,RRAS,FOXO1,0.9221475
432,459,RRAS,IRF8,0.91241115
432,66,RRAS,CBFB,0.9114861
432,221,RRAS,ARPP21,0.9078995
432,46,RRAS,VDR,0.9026461
432,69,RRAS,MAGED1,0.89826274
432,416,RRAS,GATA2,0.89443135
432,76,RRAS,ESR1,0.88950634
432,515,RRAS,NCF1,0.8819892
432,58,RRAS,RARB,0.8617976
432,257,RRAS,UHRF1,0.85598487
432,281,RRAS,TGM2,0.8535019
432,252,RRAS,HOXA9,0.84943974
432,379,RRAS,BCL2,0.8421053
432,67,RRAS,TEK,0.82961243
432,290,RRAS,TMEM14C,0.82961243
432,442,RRAS,HLF,0.82961243
432,392,RRAS,PBX1,0.8265034
432,445,RRAS,IL1R1,0.8264584
432,53,RRAS,FCHO2,0.82645017
432,302,RRAS,MEIS1,0.82635236
432,498,RRAS,DENND2D,0.82061315
432,85,RRAS,MECOM,0.8093563
432,44,RRAS,NUDT19,0.80635184
432,398,RRAS,APOE,0.80635184
432,541,RRAS,PGR,0.80635184
192,367,RUNX1T1,IL7R,0.97888595
192,335,RUNX1T1,HDAC7,0.97670984
192,320,RUNX1T1,MYC,0.97642106
192,422,RUNX1T1,RUNX2,0.97637355
192,518,RUNX1T1,IL12A,0.97580373
192,267,RUNX1T1,SLC2A3,0.97546285
192,233,RUNX1T1,NOTCH1,0.9751429
192,550,RUNX1T1,SPI1,0.9741434
192,530,RUNX1T1,IKZF1,0.9740018
192,118,RUNX1T1,FOXO1,0.973959
192,527,RUNX1T1,TUBB4B,0.9732255
192,334,RUNX1T1,CD74,0.9730339
192,27,RUNX1T1,HSD3B7,0.9730323
192,221,RUNX1T1,ARPP21,0.96981937
192,76,RUNX1T1,ESR1,0.967901
192,416,RUNX1T1,GATA2,0.9676362
192,67,RUNX1T1,TEK,0.9675903
192,66,RUNX1T1,CBFB,0.9672202
192,46,RUNX1T1,VDR,0.9671705
192,69,RUNX1T1,MAGED1,0.9666777
192,525,RUNX1T1,CD44,0.9663373
192,515,RUNX1T1,NCF1,0.96369725
192,536,RUNX1T1,MOGS,0.9636142
192,257,RUNX1T1,UHRF1,0.95754135
192,277,RUNX1T1,MEF2C,0.9566048
192,116,RUNX1T1,TOP2A,0.9558427
192,281,RUNX1T1,TGM2,0.9535431
192,380,RUNX1T1,NPDC1,0.9535431
192,379,RUNX1T1,BCL2,0.95266986
192,252,RUNX1T1,HOXA9,0.95059323
192,442,RUNX1T1,HLF,0.9449816
192,290,RUNX1T1,TMEM14C,0.9446382
192,392,RUNX1T1,PBX1,0.94217646
192,53,RUNX1T1,FCHO2,0.9421441
192,445,RUNX1T1,IL1R1,0.9417851
192,302,RUNX1T1,MEIS1,0.93965435
192,498,RUNX1T1,DENND2D,0.9367617
192,398,RUNX1T1,APOE,0.9345951
192,541,RUNX1T1,PGR,0.9345951
192,85,RUNX1T1,MECOM,0.93342423
192,190,RUNX1T1,TIPIN,0.92937535
192,459,RUNX1T1,IRF8,0.92893034
192,145,RUNX1T1,HMGB2,0.92559355
192,237,RUNX1T1,ELF1,0.92426604
192,44,RUNX1T1,NUDT19,0.9123936
192,506,RUNX1T1,PRIM1,0.9108079
192,216,RUNX1T1,MCM7,0.90332407
192,42,RUNX1T1,DACH1,0.8979635
192,58,RUNX1T1,RARB,0.8625798
192,284,RUNX1T1,MAML3,0.8562079
422,116,RUNX2,TOP2A,0.97447973
422,518,RUNX2,IL12A,0.9740371
422,550,RUNX2,SPI1,0.97349566
422,233,RUNX2,NOTCH1,0.9732261
422,525,RUNX2,CD44,0.9708283
422,367,RUNX2,IL7R,0.9708231
422,145,RUNX2,HMGB2,0.96872306
422,335,RUNX2,HDAC7,0.96776384
422,320,RUNX2,MYC,0.96743864
422,190,RUNX2,TIPIN,0.9670183
422,506,RUNX2,PRIM1,0.9635057
422,527,RUNX2,TUBB4B,0.9624427
422,267,RUNX2,SLC2A3,0.96185535
422,27,RUNX2,HSD3B7,0.96183825
422,216,RUNX2,MCM7,0.9604169
422,530,RUNX2,IKZF1,0.94911665
422,213,RUNX2,MCM4,0.94789016
422,118,RUNX2,FOXO1,0.9469201
422,96,RUNX2,SLBP,0.94626915
422,334,RUNX2,CD74,0.9455913
422,60,RUNX2,CDT1,0.938702
422,68,RUNX2,MKI67,0.92987674
422,46,RUNX2,VDR,0.9246815
422,66,RUNX2,CBFB,0.92416877
422,69,RUNX2,MAGED1,0.9228288
422,221,RUNX2,ARPP21,0.9208255
422,416,RUNX2,GATA2,0.9190074
422,76,RUNX2,ESR1,0.91448873
422,131,RUNX2,CKS1B,0.9095578
422,515,RUNX2,NCF1,0.9042763
422,536,RUNX2,MOGS,0.9036527
422,277,RUNX2,MEF2C,0.8779293
422,379,RUNX2,BCL2,0.87094337
422,257,RUNX2,UHRF1,0.8688449
422,281,RUNX2,TGM2,0.86117697
422,380,RUNX2,NPDC1,0.86117697
422,459,RUNX2,IRF8,0.84573674
422,302,RUNX2,MEIS1,0.83717793
422,67,RUNX2,TEK,0.83575946
422,290,RUNX2,TMEM14C,0.83575946
422,442,RUNX2,HLF,0.83575946
422,324,RUNX2,REL,0.8300117
422,392,RUNX2,PBX1,0.82985294
422,53,RUNX2,FCHO2,0.8297741
422,445,RUNX2,IL1R1,0.8297741
422,498,RUNX2,DENND2D,0.82369256
422,85,RUNX2,MECOM,0.8176522
422,44,RUNX2,NUDT19,0.80691016
422,398,RUNX2,APOE,0.80691016
422,541,RUNX2,PGR,0.80691016
195,527,S100A6,TUBB4B,0.98019516
195,116,S100A6,TOP2A,0.9770945
195,518,S100A6,IL12A,0.97688204
195,422,S100A6,RUNX2,0.97663707
195,145,S100A6,HMGB2,0.97482014
195,190,S100A6,TIPIN,0.97299093
195,550,S100A6,SPI1,0.97197163
195,216,S100A6,MCM7,0.97189146
195,506,S100A6,PRIM1,0.9709348
195,96,S100A6,SLBP,0.9687326
195,525,S100A6,CD44,0.9680834
195,213,S100A6,MCM4,0.9678614
195,60,S100A6,CDT1,0.9663549
195,131,S100A6,CKS1B,0.9663549
195,68,S100A6,MKI67,0.9639036
195,233,S100A6,NOTCH1,0.96363616
195,320,S100A6,MYC,0.94913274
195,335,S100A6,HDAC7,0.9453562
195,324,S100A6,REL,0.94046426
195,367,S100A6,IL7R,0.9382502
195,267,S100A6,SLC2A3,0.93157
195,530,S100A6,IKZF1,0.8963749
195,27,S100A6,HSD3B7,0.8913696
195,334,S100A6,CD74,0.89132065
195,118,S100A6,FOXO1,0.8911291
195,459,S100A6,IRF8,0.88223195
195,221,S100A6,ARPP21,0.8720404
195,66,S100A6,CBFB,0.8646813
195,46,S100A6,VDR,0.86437535
195,67,S100A6,TEK,0.8603987
195,69,S100A6,MAGED1,0.85772884
195,416,S100A6,GATA2,0.85212344
195,515,S100A6,NCF1,0.84627146
195,76,S100A6,ESR1,0.84619075
195,536,S100A6,MOGS,0.8292434
195,58,S100A6,RARB,0.81871134
195,277,S100A6,MEF2C,0.80724597
195,257,S100A6,UHRF1,0.80383265
195,281,S100A6,TGM2,0.79880154
195,380,S100A6,NPDC1,0.79880154
195,252,S100A6,HOXA9,0.7961863
195,379,S100A6,BCL2,0.79204315
195,442,S100A6,HLF,0.7720272
195,290,S100A6,TMEM14C,0.77127886
195,392,S100A6,PBX1,0.7684644
195,53,S100A6,FCHO2,0.7684064
195,445,S100A6,IL1R1,0.7677426
195,302,S100A6,MEIS1,0.76713014
195,498,S100A6,DENND2D,0.75969726
195,85,S100A6,MECOM,0.74821746
306,527,SAMSN1,TUBB4B,0.98044914
306,422,SAMSN1,RUNX2,0.9795147
306,518,SAMSN1,IL12A,0.977393
306,550,SAMSN1,SPI1,0.9756468
306,525,SAMSN1,CD44,0.97241795
306,145,SAMSN1,HMGB2,0.9706331
306,116,SAMSN1,TOP2A,0.97050786
306,233,SAMSN1,NOTCH1,0.97014475
306,190,SAMSN1,TIPIN,0.96837884
306,216,SAMSN1,MCM7,0.9671949
306,506,SAMSN1,PRIM1,0.9660805
306,320,SAMSN1,MYC,0.9639483
306,213,SAMSN1,MCM4,0.9625164
306,96,SAMSN1,SLBP,0.9608418
306,60,SAMSN1,CDT1,0.9607973
306,131,SAMSN1,CKS1B,0.9607973
306,335,SAMSN1,HDAC7,0.9602129
306,68,SAMSN1,MKI67,0.9571073
306,367,SAMSN1,IL7R,0.9552167
306,267,SAMSN1,SLC2A3,0.94998187
306,324,SAMSN1,REL,0.9312972
306,530,SAMSN1,IKZF1,0.9259667
306,27,SAMSN1,HSD3B7,0.92556554
306,334,SAMSN1,CD74,0.9224093
306,118,SAMSN1,FOXO1,0.9221475
306,459,SAMSN1,IRF8,0.91241115
306,66,SAMSN1,CBFB,0.9085503
306,221,SAMSN1,ARPP21,0.9078995
306,46,SAMSN1,VDR,0.9026461
306,69,SAMSN1,MAGED1,0.89826274
306,416,SAMSN1,GATA2,0.89369905
306,76,SAMSN1,ESR1,0.88950634
306,515,SAMSN1,NCF1,0.8819892
306,536,SAMSN1,MOGS,0.87684935
306,379,SAMSN1,BCL2,0.86103505
306,277,SAMSN1,MEF2C,0.8603895
306,257,SAMSN1,UHRF1,0.8564839
306,281,SAMSN1,TGM2,0.8535019
306,380,SAMSN1,NPDC1,0.8535019
306,252,SAMSN1,HOXA9,0.84943974
306,290,SAMSN1,TMEM14C,0.84705025
306,58,SAMSN1,RARB,0.8459846
306,67,SAMSN1,TEK,0.82961243
306,442,SAMSN1,HLF,0.82961243
306,53,SAMSN1,FCHO2,0.82680583
306,392,SAMSN1,PBX1,0.8265034
306,445,SAMSN1,IL1R1,0.82645017
306,302,SAMSN1,MEIS1,0.82635236
306,498,SAMSN1,DENND2D,0.81992745
306,85,SAMSN1,MECOM,0.8093563
121,527,SAT1,TUBB4B,0.9804482
121,422,SAT1,RUNX2,0.97951335
121,518,SAT1,IL12A,0.9794573
121,550,SAT1,SPI1,0.9756468
121,116,SAT1,TOP2A,0.9744888
121,525,SAT1,CD44,0.97241795
121,145,SAT1,HMGB2,0.9706331
121,233,SAT1,NOTCH1,0.97014475
121,190,SAT1,TIPIN,0.96839195
121,216,SAT1,MCM7,0.9671949
121,506,SAT1,PRIM1,0.9660805
121,96,SAT1,SLBP,0.9635766
121,213,SAT1,MCM4,0.96235734
121,60,SAT1,CDT1,0.9607973
121,131,SAT1,CKS1B,0.9607973
121,335,SAT1,HDAC7,0.96017826
121,320,SAT1,MYC,0.9599392
121,68,SAT1,MKI67,0.9570386
121,267,SAT1,SLC2A3,0.94998187
121,27,SAT1,HSD3B7,0.9404939
121,324,SAT1,REL,0.9312972
121,530,SAT1,IKZF1,0.9259667
121,334,SAT1,CD74,0.9224093
121,118,SAT1,FOXO1,0.9217096
121,459,SAT1,IRF8,0.9122835
121,46,SAT1,VDR,0.9026461
121,66,SAT1,CBFB,0.9026461
121,367,SAT1,IL7R,0.90143245
121,221,SAT1,ARPP21,0.8989266
121,69,SAT1,MAGED1,0.8985098
121,416,SAT1,GATA2,0.89369905
121,76,SAT1,ESR1,0.88950634
121,536,SAT1,MOGS,0.8767982
121,58,SAT1,RARB,0.8617976
121,277,SAT1,MEF2C,0.8603895
121,257,SAT1,UHRF1,0.8561747
121,515,SAT1,NCF1,0.8542006
121,281,SAT1,TGM2,0.8535019
121,380,SAT1,NPDC1,0.8535019
121,252,SAT1,HOXA9,0.84943974
121,379,SAT1,BCL2,0.8481178
121,290,SAT1,TMEM14C,0.82961243
121,442,SAT1,HLF,0.82961243
121,67,SAT1,TEK,0.8295973
121,392,SAT1,PBX1,0.8265034
121,445,SAT1,IL1R1,0.82645017
121,302,SAT1,MEIS1,0.82635236
121,53,SAT1,FCHO2,0.82216334
121,498,SAT1,DENND2D,0.82061315
121,85,SAT1,MECOM,0.8093563
180,233,SATB1,NOTCH1,0.9782898
180,367,SATB1,IL7R,0.97821236
180,422,SATB1,RUNX2,0.97806484
180,320,SATB1,MYC,0.97715294
180,518,SATB1,IL12A,0.9763899
180,335,SATB1,HDAC7,0.9763131
180,267,SATB1,SLC2A3,0.9756683
180,530,SATB1,IKZF1,0.97501737
180,550,SATB1,SPI1,0.9748248
180,527,SATB1,TUBB4B,0.974603
180,27,SATB1,HSD3B7,0.9733848
180,334,SATB1,CD74,0.9733848
180,118,SATB1,FOXO1,0.9726303
180,66,SATB1,CBFB,0.97065026
180,69,SATB1,MAGED1,0.9701109
180,221,SATB1,ARPP21,0.9690889
180,416,SATB1,GATA2,0.96823454
180,525,SATB1,CD44,0.96733195
180,515,SATB1,NCF1,0.96449697
180,536,SATB1,MOGS,0.9642793
180,116,SATB1,TOP2A,0.9632208
180,257,SATB1,UHRF1,0.96174705
180,46,SATB1,VDR,0.9580713
180,76,SATB1,ESR1,0.9568751
180,277,SATB1,MEF2C,0.955832
180,380,SATB1,NPDC1,0.95339
180,281,SATB1,TGM2,0.953351
180,252,SATB1,HOXA9,0.9529186
180,379,SATB1,BCL2,0.9513796
180,67,SATB1,TEK,0.94514555
180,290,SATB1,TMEM14C,0.94514555
180,442,SATB1,HLF,0.94514555
180,392,SATB1,PBX1,0.9427707
180,53,SATB1,FCHO2,0.942741
180,445,SATB1,IL1R1,0.942741
180,190,SATB1,TIPIN,0.9391337
180,302,SATB1,MEIS1,0.9388307
180,498,SATB1,DENND2D,0.93762803
180,145,SATB1,HMGB2,0.9375432
180,44,SATB1,NUDT19,0.9345291
180,398,SATB1,APOE,0.9345291
180,85,SATB1,MECOM,0.9324625
180,237,SATB1,ELF1,0.93177384
180,459,SATB1,IRF8,0.92866105
180,506,SATB1,PRIM1,0.9243631
180,216,SATB1,MCM7,0.9176679
180,541,SATB1,PGR,0.89997613
180,96,SATB1,SLBP,0.8818313
180,213,SATB1,MCM4,0.87339175
180,284,SATB1,MAML3,0.8587526
132,527,SCARF1,TUBB4B,0.9804482
132,422,SCARF1,RUNX2,0.9795236
132,518,SCARF1,IL12A,0.9794573
132,550,SCARF1,SPI1,0.9756468
132,116,SCARF1,TOP2A,0.9744888
132,525,SCARF1,CD44,0.97241795
132,145,SCARF1,HMGB2,0.9706331
132,233,SCARF1,NOTCH1,0.97014475
132,190,SCARF1,TIPIN,0.96839195
132,216,SCARF1,MCM7,0.9671949
132,506,SCARF1,PRIM1,0.9660805
132,96,SCARF1,SLBP,0.9635566
132,213,SCARF1,MCM4,0.9625164
132,60,SCARF1,CDT1,0.9607973
132,131,SCARF1,CKS1B,0.960767
132,68,SCARF1,MKI67,0.96064967
132,335,SCARF1,HDAC7,0.9602129
132,320,SCARF1,MYC,0.9599392
132,367,SCARF1,IL7R,0.9552167
132,267,SCARF1,SLC2A3,0.9499951
132,530,SCARF1,IKZF1,0.9259059
132,27,SCARF1,HSD3B7,0.9224093
132,334,SCARF1,CD74,0.9224093
132,118,SCARF1,FOXO1,0.9221475
132,459,SCARF1,IRF8,0.91241115
132,324,SCARF1,REL,0.90866
132,221,SCARF1,ARPP21,0.9078995
132,46,SCARF1,VDR,0.9026461
132,66,SCARF1,CBFB,0.9026461
132,69,SCARF1,MAGED1,0.89826274
132,416,SCARF1,GATA2,0.89369905
132,76,SCARF1,ESR1,0.88950634
132,515,SCARF1,NCF1,0.8819892
132,536,SCARF1,MOGS,0.87684935
132,277,SCARF1,MEF2C,0.87148577
132,58,SCARF1,RARB,0.8617976
132,257,SCARF1,UHRF1,0.85598487
132,281,SCARF1,TGM2,0.8535019
132,380,SCARF1,NPDC1,0.8535019
132,252,SCARF1,HOXA9,0.84943974
132,379,SCARF1,BCL2,0.8481178
132,67,SCARF1,TEK,0.82961243
132,290,SCARF1,TMEM14C,0.82961243
132,442,SCARF1,HLF,0.82961243
132,392,SCARF1,PBX1,0.8265034
132,53,SCARF1,FCHO2,0.82645017
132,445,SCARF1,IL1R1,0.82645017
132,302,SCARF1,MEIS1,0.82635236
132,498,SCARF1,DENND2D,0.81916493
132,85,SCARF1,MECOM,0.8093563
86,422,SDC1,RUNX2,0.97950417
86,518,SDC1,IL12A,0.9794573
86,550,SDC1,SPI1,0.9756468
86,116,SDC1,TOP2A,0.9744888
86,525,SDC1,CD44,0.97241795
86,527,SDC1,TUBB4B,0.9717226
86,145,SDC1,HMGB2,0.9706331
86,233,SDC1,NOTCH1,0.97014475
86,190,SDC1,TIPIN,0.9683952
86,216,SDC1,MCM7,0.9671949
86,506,SDC1,PRIM1,0.9660805
86,96,SDC1,SLBP,0.96515733
86,213,SDC1,MCM4,0.9625164
86,131,SDC1,CKS1B,0.96080446
86,60,SDC1,CDT1,0.9606182
86,335,SDC1,HDAC7,0.9602129
86,320,SDC1,MYC,0.9599392
86,367,SDC1,IL7R,0.95745367
86,68,SDC1,MKI67,0.95707554
86,267,SDC1,SLC2A3,0.94998187
86,324,SDC1,REL,0.9312972
86,530,SDC1,IKZF1,0.9259667
86,27,SDC1,HSD3B7,0.9224093
86,334,SDC1,CD74,0.9224093
86,118,SDC1,FOXO1,0.9221475
86,459,SDC1,IRF8,0.91234577
86,221,SDC1,ARPP21,0.9078995
86,66,SDC1,CBFB,0.9026461
86,46,SDC1,VDR,0.9023082
86,69,SDC1,MAGED1,0.8983499
86,416,SDC1,GATA2,0.8939539
86,76,SDC1,ESR1,0.88950634
86,515,SDC1,NCF1,0.8819892
86,536,SDC1,MOGS,0.87684935
86,58,SDC1,RARB,0.8617976
86,277,SDC1,MEF2C,0.8603895
86,257,SDC1,UHRF1,0.85598487
86,281,SDC1,TGM2,0.8534511
86,380,SDC1,NPDC1,0.850116
86,252,SDC1,HOXA9,0.8492065
86,379,SDC1,BCL2,0.8481178
86,67,SDC1,TEK,0.82961243
86,290,SDC1,TMEM14C,0.82961243
86,392,SDC1,PBX1,0.8265034
86,53,SDC1,FCHO2,0.82645017
86,302,SDC1,MEIS1,0.82594264
86,498,SDC1,DENND2D,0.82061315
86,85,SDC1,MECOM,0.8195664
86,44,SDC1,NUDT19,0.80635184
86,398,SDC1,APOE,0.80635184
319,527,SDSL,TUBB4B,0.9804482
319,422,SDSL,RUNX2,0.9795156
319,518,SDSL,IL12A,0.9794573
319,550,SDSL,SPI1,0.9756468
319,116,SDSL,TOP2A,0.9744888
319,525,SDSL,CD44,0.97241795
319,190,SDSL,TIPIN,0.97179025
319,145,SDSL,HMGB2,0.9706331
319,233,SDSL,NOTCH1,0.97014475
319,216,SDSL,MCM7,0.9671949
319,96,SDSL,SLBP,0.96688485
319,506,SDSL,PRIM1,0.9660805
319,213,SDSL,MCM4,0.9637783
319,68,SDSL,MKI67,0.96216327
319,60,SDSL,CDT1,0.9607973
319,131,SDSL,CKS1B,0.9607973
319,335,SDSL,HDAC7,0.9602129
319,320,SDSL,MYC,0.9599392
319,367,SDSL,IL7R,0.95530397
319,324,SDSL,REL,0.95508116
319,267,SDSL,SLC2A3,0.94998187
319,530,SDSL,IKZF1,0.9259667
319,27,SDSL,HSD3B7,0.9224093
319,334,SDSL,CD74,0.9224093
319,118,SDSL,FOXO1,0.9221475
319,459,SDSL,IRF8,0.91241115
319,221,SDSL,ARPP21,0.9078995
319,46,SDSL,VDR,0.9026461
319,66,SDSL,CBFB,0.9026461
319,69,SDSL,MAGED1,0.89826274
319,416,SDSL,GATA2,0.8951221
319,515,SDSL,NCF1,0.8819892
319,536,SDSL,MOGS,0.8769069
319,277,SDSL,MEF2C,0.8603895
319,257,SDSL,UHRF1,0.85598487
319,281,SDSL,TGM2,0.8535019
319,380,SDSL,NPDC1,0.8534989
319,58,SDSL,RARB,0.84970224
319,252,SDSL,HOXA9,0.84943974
319,67,SDSL,TEK,0.82961243
319,290,SDSL,TMEM14C,0.82961243
319,442,SDSL,HLF,0.82961243
319,392,SDSL,PBX1,0.8265034
319,53,SDSL,FCHO2,0.82645017
319,445,SDSL,IL1R1,0.82641506
319,302,SDSL,MEIS1,0.82635236
319,498,SDSL,DENND2D,0.82061315
319,379,SDSL,BCL2,0.8161422
319,85,SDSL,MECOM,0.8093563
319,44,SDSL,NUDT19,0.80635184
148,527,SELENOP,TUBB4B,0.9804678
148,422,SELENOP,RUNX2,0.9795156
148,518,SELENOP,IL12A,0.9794573
148,550,SELENOP,SPI1,0.9756468
148,116,SELENOP,TOP2A,0.97451246
148,525,SELENOP,CD44,0.97241795
148,145,SELENOP,HMGB2,0.9706331
148,233,SELENOP,NOTCH1,0.97014475
148,190,SELENOP,TIPIN,0.96839195
148,216,SELENOP,MCM7,0.9671949
148,506,SELENOP,PRIM1,0.9660805
148,96,SELENOP,SLBP,0.9635566
148,213,SELENOP,MCM4,0.9625164
148,60,SELENOP,CDT1,0.9607973
148,131,SELENOP,CKS1B,0.9607973
148,335,SELENOP,HDAC7,0.9602129
148,320,SELENOP,MYC,0.9600609
148,68,SELENOP,MKI67,0.95707554
148,367,SELENOP,IL7R,0.9552167
148,267,SELENOP,SLC2A3,0.94388354
148,324,SELENOP,REL,0.9312972
148,530,SELENOP,IKZF1,0.9259667
148,27,SELENOP,HSD3B7,0.9224093
148,334,SELENOP,CD74,0.9223726
148,118,SELENOP,FOXO1,0.9221475
148,221,SELENOP,ARPP21,0.90799195
148,46,SELENOP,VDR,0.9026461
148,66,SELENOP,CBFB,0.9026461
148,69,SELENOP,MAGED1,0.89826274
148,416,SELENOP,GATA2,0.89369905
148,459,SELENOP,IRF8,0.89035726
148,76,SELENOP,ESR1,0.8894898
148,515,SELENOP,NCF1,0.8819892
148,536,SELENOP,MOGS,0.87684935
148,277,SELENOP,MEF2C,0.86934394
148,302,SELENOP,MEIS1,0.8685238
148,58,SELENOP,RARB,0.8617976
148,257,SELENOP,UHRF1,0.85598916
148,380,SELENOP,NPDC1,0.8535019
148,281,SELENOP,TGM2,0.85331684
148,252,SELENOP,HOXA9,0.84943974
148,379,SELENOP,BCL2,0.8481178
148,67,SELENOP,TEK,0.82961243
148,290,SELENOP,TMEM14C,0.82961243
148,442,SELENOP,HLF,0.82961243
148,392,SELENOP,PBX1,0.82645714
148,445,SELENOP,IL1R1,0.82645017
148,53,SELENOP,FCHO2,0.8258423
148,498,SELENOP,DENND2D,0.82061315
148,398,SELENOP,APOE,0.81567657
376,367,SELL,IL7R,0.98054415
376,233,SELL,NOTCH1,0.9794837
376,320,SELL,MYC,0.97768867
376,335,SELL,HDAC7,0.9775137
376,118,SELL,FOXO1,0.97675973
376,518,SELL,IL12A,0.9766673
376,530,SELL,IKZF1,0.9765927
376,267,SELL,SLC2A3,0.97627866
376,422,SELL,RUNX2,0.9759823
376,27,SELL,HSD3B7,0.9757672
376,334,SELL,CD74,0.9757672
376,550,SELL,SPI1,0.9753772
376,527,SELL,TUBB4B,0.9746832
376,46,SELL,VDR,0.97288924
376,66,SELL,CBFB,0.9728617
376,76,SELL,ESR1,0.97187865
376,221,SELL,ARPP21,0.9718774
376,416,SELL,GATA2,0.971178
376,69,SELL,MAGED1,0.9706528
376,525,SELL,CD44,0.9686358
376,515,SELL,NCF1,0.9679588
376,536,SELL,MOGS,0.9673514
376,277,SELL,MEF2C,0.9649361
376,257,SELL,UHRF1,0.9639221
376,281,SELL,TGM2,0.96247625
376,380,SELL,NPDC1,0.96247625
376,252,SELL,HOXA9,0.96169305
376,379,SELL,BCL2,0.96056014
376,116,SELL,TOP2A,0.9578181
376,67,SELL,TEK,0.956298
376,290,SELL,TMEM14C,0.956298
376,442,SELL,HLF,0.956298
376,53,SELL,FCHO2,0.9537614
376,445,SELL,IL1R1,0.9537614
376,392,SELL,PBX1,0.9533599
376,302,SELL,MEIS1,0.95271957
376,498,SELL,DENND2D,0.9519748
376,85,SELL,MECOM,0.9502717
376,44,SELL,NUDT19,0.94603676
376,398,SELL,APOE,0.94603676
376,541,SELL,PGR,0.94603676
376,58,SELL,RARB,0.94232255
376,237,SELL,ELF1,0.941346
376,459,SELL,IRF8,0.93576384
376,190,SELL,TIPIN,0.93213093
376,145,SELL,HMGB2,0.9300946
376,42,SELL,DACH1,0.92126685
376,506,SELL,PRIM1,0.9163012
376,216,SELL,MCM7,0.90951425
376,284,SELL,MAML3,0.8881994
528,527,SELPLG,TUBB4B,0.9804482
528,422,SELPLG,RUNX2,0.9795156
528,518,SELPLG,IL12A,0.9794573
528,550,SELPLG,SPI1,0.9756468
528,116,SELPLG,TOP2A,0.97448957
528,525,SELPLG,CD44,0.97241795
528,145,SELPLG,HMGB2,0.9706331
528,233,SELPLG,NOTCH1,0.97014475
528,190,SELPLG,TIPIN,0.96839195
528,216,SELPLG,MCM7,0.9671949
528,506,SELPLG,PRIM1,0.9660742
528,213,SELPLG,MCM4,0.9625164
528,60,SELPLG,CDT1,0.9607973
528,131,SELPLG,CKS1B,0.9607973
528,96,SELPLG,SLBP,0.96075046
528,320,SELPLG,MYC,0.9599392
528,68,SELPLG,MKI67,0.95707554
528,367,SELPLG,IL7R,0.9552167
528,267,SELPLG,SLC2A3,0.94998187
528,335,SELPLG,HDAC7,0.9325584
528,324,SELPLG,REL,0.93116575
528,530,SELPLG,IKZF1,0.9259667
528,118,SELPLG,FOXO1,0.9236665
528,334,SELPLG,CD74,0.9224541
528,27,SELPLG,HSD3B7,0.92240447
528,459,SELPLG,IRF8,0.91893274
528,221,SELPLG,ARPP21,0.9078995
528,46,SELPLG,VDR,0.9026461
528,66,SELPLG,CBFB,0.9026461
528,416,SELPLG,GATA2,0.9013178
528,69,SELPLG,MAGED1,0.89826274
528,76,SELPLG,ESR1,0.88950634
528,515,SELPLG,NCF1,0.8819892
528,536,SELPLG,MOGS,0.87684935
528,277,SELPLG,MEF2C,0.8603895
528,281,SELPLG,TGM2,0.8535019
528,252,SELPLG,HOXA9,0.84943974
528,379,SELPLG,BCL2,0.8481178
528,58,SELPLG,RARB,0.8426409
528,67,SELPLG,TEK,0.82961243
528,442,SELPLG,HLF,0.82961243
528,53,SELPLG,FCHO2,0.82645017
528,498,SELPLG,DENND2D,0.82061315
528,85,SELPLG,MECOM,0.8093563
528,398,SELPLG,APOE,0.80663717
528,44,SELPLG,NUDT19,0.80635184
528,541,SELPLG,PGR,0.80635184
528,302,SELPLG,MEIS1,0.8039846
528,237,SELPLG,ELF1,0.79962116
528,257,SELPLG,UHRF1,0.7927797
141,527,SEMA3D,TUBB4B,0.9804482
141,422,SEMA3D,RUNX2,0.9795156
141,518,SEMA3D,IL12A,0.9781739
141,116,SEMA3D,TOP2A,0.9744888
141,216,SEMA3D,MCM7,0.97351426
141,525,SEMA3D,CD44,0.97241795
141,145,SEMA3D,HMGB2,0.9706331
141,233,SEMA3D,NOTCH1,0.97014475
141,550,SEMA3D,SPI1,0.9682758
141,190,SEMA3D,TIPIN,0.96810985
141,506,SEMA3D,PRIM1,0.9660808
141,131,SEMA3D,CKS1B,0.96552783
141,96,SEMA3D,SLBP,0.9635566
141,213,SEMA3D,MCM4,0.9625164
141,335,SEMA3D,HDAC7,0.9602129
141,320,SEMA3D,MYC,0.9599392
141,60,SEMA3D,CDT1,0.95946586
141,68,SEMA3D,MKI67,0.95707554
141,367,SEMA3D,IL7R,0.95523965
141,267,SEMA3D,SLC2A3,0.94998187
141,76,SEMA3D,ESR1,0.93199384
141,324,SEMA3D,REL,0.9316092
141,27,SEMA3D,HSD3B7,0.9224093
141,334,SEMA3D,CD74,0.9224093
141,118,SEMA3D,FOXO1,0.9221475
141,459,SEMA3D,IRF8,0.91241115
141,530,SEMA3D,IKZF1,0.909508
141,221,SEMA3D,ARPP21,0.9078995
141,46,SEMA3D,VDR,0.9026461
141,66,SEMA3D,CBFB,0.90226114
141,69,SEMA3D,MAGED1,0.89878035
141,416,SEMA3D,GATA2,0.89369905
141,515,SEMA3D,NCF1,0.8819892
141,536,SEMA3D,MOGS,0.87684935
141,58,SEMA3D,RARB,0.8620138
141,277,SEMA3D,MEF2C,0.8603895
141,257,SEMA3D,UHRF1,0.85598487
141,281,SEMA3D,TGM2,0.85350466
141,380,SEMA3D,NPDC1,0.8535019
141,252,SEMA3D,HOXA9,0.84943974
141,379,SEMA3D,BCL2,0.8481178
141,290,SEMA3D,TMEM14C,0.8355803
141,67,SEMA3D,TEK,0.82961243
141,442,SEMA3D,HLF,0.82961243
141,392,SEMA3D,PBX1,0.8265034
141,445,SEMA3D,IL1R1,0.82645017
141,498,SEMA3D,DENND2D,0.8264222
141,302,SEMA3D,MEIS1,0.82635236
141,85,SEMA3D,MECOM,0.8093563
141,44,SEMA3D,NUDT19,0.80635184
16,527,SERP1,TUBB4B,0.9803658
16,422,SERP1,RUNX2,0.9792211
16,518,SERP1,IL12A,0.9791272
16,550,SERP1,SPI1,0.975249
16,116,SERP1,TOP2A,0.974076
16,525,SERP1,CD44,0.9721575
16,145,SERP1,HMGB2,0.9700705
16,233,SERP1,NOTCH1,0.9697888
16,190,SERP1,TIPIN,0.9678688
16,216,SERP1,MCM7,0.9666169
16,506,SERP1,PRIM1,0.9654804
16,324,SERP1,REL,0.9651326
16,96,SERP1,SLBP,0.96295595
16,213,SERP1,MCM4,0.9619089
16,60,SERP1,CDT1,0.9601487
16,131,SERP1,CKS1B,0.9601487
16,335,SERP1,HDAC7,0.9584429
16,320,SERP1,MYC,0.95814145
16,68,SERP1,MKI67,0.9564138
16,367,SERP1,IL7R,0.95323
16,267,SERP1,SLC2A3,0.94779825
16,530,SERP1,IKZF1,0.9225141
16,334,SERP1,CD74,0.9187531
16,27,SERP1,HSD3B7,0.91827595
16,459,SERP1,IRF8,0.9082936
16,221,SERP1,ARPP21,0.90387696
16,118,SERP1,FOXO1,0.8984777
16,46,SERP1,VDR,0.89830977
16,66,SERP1,CBFB,0.89830977
16,442,SERP1,HLF,0.8950624
16,69,SERP1,MAGED1,0.89367926
16,416,SERP1,GATA2,0.8890264
16,76,SERP1,ESR1,0.8846255
16,515,SERP1,NCF1,0.87695354
16,536,SERP1,MOGS,0.87116265
16,58,SERP1,RARB,0.8560701
16,277,SERP1,MEF2C,0.8547034
16,380,SERP1,NPDC1,0.8482867
16,281,SERP1,TGM2,0.8474815
16,252,SERP1,HOXA9,0.84353536
16,379,SERP1,BCL2,0.8419811
16,53,SERP1,FCHO2,0.8365388
16,468,SERP1,VEGFC,0.82517934
16,257,SERP1,UHRF1,0.8249414
16,67,SERP1,TEK,0.82307845
16,290,SERP1,TMEM14C,0.82307845
16,392,SERP1,PBX1,0.81995887
16,445,SERP1,IL1R1,0.8199045
16,302,SERP1,MEIS1,0.8197426
16,498,SERP1,DENND2D,0.81383914
488,527,SERPINA3F,TUBB4B,0.9804482
488,422,SERPINA3F,RUNX2,0.97961557
488,518,SERPINA3F,IL12A,0.9794573
488,550,SERPINA3F,SPI1,0.9756468
488,116,SERPINA3F,TOP2A,0.9746919
488,525,SERPINA3F,CD44,0.97241795
488,145,SERPINA3F,HMGB2,0.9706331
488,233,SERPINA3F,NOTCH1,0.97014475
488,190,SERPINA3F,TIPIN,0.96839195
488,216,SERPINA3F,MCM7,0.9671949
488,506,SERPINA3F,PRIM1,0.9660805
488,96,SERPINA3F,SLBP,0.9635566
488,213,SERPINA3F,MCM4,0.9625164
488,60,SERPINA3F,CDT1,0.9607973
488,131,SERPINA3F,CKS1B,0.9607973
488,335,SERPINA3F,HDAC7,0.9602129
488,320,SERPINA3F,MYC,0.9599439
488,68,SERPINA3F,MKI67,0.95707554
488,367,SERPINA3F,IL7R,0.9552167
488,267,SERPINA3F,SLC2A3,0.94998187
488,324,SERPINA3F,REL,0.9312972
488,530,SERPINA3F,IKZF1,0.9259667
488,334,SERPINA3F,CD74,0.9224093
488,27,SERPINA3F,HSD3B7,0.9224004
488,118,SERPINA3F,FOXO1,0.9221475
488,221,SERPINA3F,ARPP21,0.9078995
488,66,SERPINA3F,CBFB,0.9026461
488,69,SERPINA3F,MAGED1,0.89826274
488,416,SERPINA3F,GATA2,0.89369905
488,515,SERPINA3F,NCF1,0.8819892
488,459,SERPINA3F,IRF8,0.8779983
488,536,SERPINA3F,MOGS,0.87684935
488,58,SERPINA3F,RARB,0.8617976
488,277,SERPINA3F,MEF2C,0.8603895
488,257,SERPINA3F,UHRF1,0.8561747
488,281,SERPINA3F,TGM2,0.8535019
488,380,SERPINA3F,NPDC1,0.8535019
488,252,SERPINA3F,HOXA9,0.84943974
488,379,SERPINA3F,BCL2,0.8481178
488,392,SERPINA3F,PBX1,0.83068484
488,46,SERPINA3F,VDR,0.8300274
488,290,SERPINA3F,TMEM14C,0.82961243
488,442,SERPINA3F,HLF,0.82961243
488,67,SERPINA3F,TEK,0.8296049
488,53,SERPINA3F,FCHO2,0.82645017
488,445,SERPINA3F,IL1R1,0.82645017
488,302,SERPINA3F,MEIS1,0.82635236
488,85,SERPINA3F,MECOM,0.8093563
488,44,SERPINA3F,NUDT19,0.80757624
488,398,SERPINA3F,APOE,0.80635184
291,527,SERPINA3G,TUBB4B,0.9804482
291,422,SERPINA3G,RUNX2,0.9795156
291,518,SERPINA3G,IL12A,0.9794573
291,550,SERPINA3G,SPI1,0.9756468
291,116,SERPINA3G,TOP2A,0.97443175
291,233,SERPINA3G,NOTCH1,0.97270894
291,525,SERPINA3G,CD44,0.97241795
291,145,SERPINA3G,HMGB2,0.9706331
291,190,SERPINA3G,TIPIN,0.96839195
291,216,SERPINA3G,MCM7,0.9671949
291,506,SERPINA3G,PRIM1,0.9660805
291,96,SERPINA3G,SLBP,0.9635566
291,213,SERPINA3G,MCM4,0.9625164
291,131,SERPINA3G,CKS1B,0.9608029
291,60,SERPINA3G,CDT1,0.9607973
291,335,SERPINA3G,HDAC7,0.9602129
291,320,SERPINA3G,MYC,0.9599392
291,68,SERPINA3G,MKI67,0.95707554
291,367,SERPINA3G,IL7R,0.9552167
291,267,SERPINA3G,SLC2A3,0.94998187
291,324,SERPINA3G,REL,0.9312972
291,530,SERPINA3G,IKZF1,0.9259667
291,334,SERPINA3G,CD74,0.9224093
291,118,SERPINA3G,FOXO1,0.922094
291,27,SERPINA3G,HSD3B7,0.91909325
291,459,SERPINA3G,IRF8,0.91241115
291,221,SERPINA3G,ARPP21,0.9078995
291,66,SERPINA3G,CBFB,0.9026461
291,46,SERPINA3G,VDR,0.90226114
291,69,SERPINA3G,MAGED1,0.89826274
291,76,SERPINA3G,ESR1,0.88950634
291,515,SERPINA3G,NCF1,0.88162434
291,416,SERPINA3G,GATA2,0.8811576
291,536,SERPINA3G,MOGS,0.87684935
291,58,SERPINA3G,RARB,0.8617976
291,277,SERPINA3G,MEF2C,0.8603895
291,257,SERPINA3G,UHRF1,0.85598487
291,281,SERPINA3G,TGM2,0.8535019
291,252,SERPINA3G,HOXA9,0.84943974
291,379,SERPINA3G,BCL2,0.8481178
291,67,SERPINA3G,TEK,0.82961243
291,290,SERPINA3G,TMEM14C,0.82961243
291,442,SERPINA3G,HLF,0.82961243
291,392,SERPINA3G,PBX1,0.82646835
291,53,SERPINA3G,FCHO2,0.82645017
291,445,SERPINA3G,IL1R1,0.82645017
291,302,SERPINA3G,MEIS1,0.8235377
291,498,SERPINA3G,DENND2D,0.8216505
291,85,SERPINA3G,MECOM,0.8093563
291,44,SERPINA3G,NUDT19,0.80635184
447,527,SERPINB1A,TUBB4B,0.9804482
447,422,SERPINB1A,RUNX2,0.9795156
447,518,SERPINB1A,IL12A,0.9781739
447,550,SERPINB1A,SPI1,0.9756468
447,116,SERPINB1A,TOP2A,0.9744888
447,525,SERPINB1A,CD44,0.97241795
447,145,SERPINB1A,HMGB2,0.9706331
447,233,SERPINB1A,NOTCH1,0.97014475
447,190,SERPINB1A,TIPIN,0.96839195
447,216,SERPINB1A,MCM7,0.9671949
447,506,SERPINB1A,PRIM1,0.9660818
447,335,SERPINB1A,HDAC7,0.96367383
447,96,SERPINB1A,SLBP,0.9635566
447,213,SERPINB1A,MCM4,0.9625164
447,131,SERPINB1A,CKS1B,0.9607973
447,320,SERPINB1A,MYC,0.9599392
447,68,SERPINB1A,MKI67,0.95707554
447,60,SERPINB1A,CDT1,0.9561901
447,367,SERPINB1A,IL7R,0.9552167
447,267,SERPINB1A,SLC2A3,0.94998187
447,324,SERPINB1A,REL,0.9312972
447,530,SERPINB1A,IKZF1,0.9259667
447,27,SERPINB1A,HSD3B7,0.9224093
447,334,SERPINB1A,CD74,0.9224093
447,118,SERPINB1A,FOXO1,0.922094
447,459,SERPINB1A,IRF8,0.91241115
447,221,SERPINB1A,ARPP21,0.9078995
447,66,SERPINB1A,CBFB,0.90152913
447,69,SERPINB1A,MAGED1,0.89826274
447,416,SERPINB1A,GATA2,0.89369905
447,515,SERPINB1A,NCF1,0.8922739
447,46,SERPINB1A,VDR,0.8901051
447,76,SERPINB1A,ESR1,0.88948154
447,536,SERPINB1A,MOGS,0.87711245
447,58,SERPINB1A,RARB,0.8616021
447,277,SERPINB1A,MEF2C,0.86040056
447,257,SERPINB1A,UHRF1,0.85598487
447,281,SERPINB1A,TGM2,0.8535019
447,380,SERPINB1A,NPDC1,0.8535019
447,252,SERPINB1A,HOXA9,0.84943974
447,379,SERPINB1A,BCL2,0.84790754
447,392,SERPINB1A,PBX1,0.8427045
447,442,SERPINB1A,HLF,0.82977533
447,290,SERPINB1A,TMEM14C,0.82974154
447,67,SERPINB1A,TEK,0.82961243
447,53,SERPINB1A,FCHO2,0.82645017
447,302,SERPINB1A,MEIS1,0.82635236
447,498,SERPINB1A,DENND2D,0.82061315
447,445,SERPINB1A,IL1R1,0.8105531
447,85,SERPINB1A,MECOM,0.8091291
443,527,SERPINB6A,TUBB4B,0.9804482
443,422,SERPINB6A,RUNX2,0.9795156
443,518,SERPINB6A,IL12A,0.9794573
443,550,SERPINB6A,SPI1,0.9756468
443,116,SERPINB6A,TOP2A,0.9744888
443,525,SERPINB6A,CD44,0.97240037
443,145,SERPINB6A,HMGB2,0.9706331
443,233,SERPINB6A,NOTCH1,0.97014475
443,190,SERPINB6A,TIPIN,0.96839195
443,216,SERPINB6A,MCM7,0.9671949
443,506,SERPINB6A,PRIM1,0.9660805
443,367,SERPINB6A,IL7R,0.9642963
443,96,SERPINB6A,SLBP,0.9635566
443,60,SERPINB6A,CDT1,0.9628638
443,213,SERPINB6A,MCM4,0.9625164
443,131,SERPINB6A,CKS1B,0.9607973
443,335,SERPINB6A,HDAC7,0.9602129
443,320,SERPINB6A,MYC,0.9599392
443,68,SERPINB6A,MKI67,0.95518214
443,530,SERPINB6A,IKZF1,0.9261735
443,27,SERPINB6A,HSD3B7,0.9224093
443,334,SERPINB6A,CD74,0.9224093
443,118,SERPINB6A,FOXO1,0.9221475
443,324,SERPINB6A,REL,0.9181321
443,459,SERPINB6A,IRF8,0.91241115
443,221,SERPINB6A,ARPP21,0.9078995
443,58,SERPINB6A,RARB,0.90535253
443,46,SERPINB6A,VDR,0.9026461
443,66,SERPINB6A,CBFB,0.9026461
443,69,SERPINB6A,MAGED1,0.89826274
443,416,SERPINB6A,GATA2,0.89369905
443,76,SERPINB6A,ESR1,0.88950634
443,267,SERPINB6A,SLC2A3,0.883945
443,515,SERPINB6A,NCF1,0.8819892
443,536,SERPINB6A,MOGS,0.87684935
443,277,SERPINB6A,MEF2C,0.8603895
443,257,SERPINB6A,UHRF1,0.85598487
443,281,SERPINB6A,TGM2,0.8535019
443,380,SERPINB6A,NPDC1,0.8535019
443,252,SERPINB6A,HOXA9,0.84943974
443,379,SERPINB6A,BCL2,0.8483872
443,442,SERPINB6A,HLF,0.8300135
443,290,SERPINB6A,TMEM14C,0.82961243
443,53,SERPINB6A,FCHO2,0.82645017
443,445,SERPINB6A,IL1R1,0.8264039
443,302,SERPINB6A,MEIS1,0.82635236
443,498,SERPINB6A,DENND2D,0.82061315
443,85,SERPINB6A,MECOM,0.8093563
443,67,SERPINB6A,TEK,0.80882376
443,398,SERPINB6A,APOE,0.80776733
109,527,SERPINF1,TUBB4B,0.9805012
109,422,SERPINF1,RUNX2,0.97951084
109,518,SERPINF1,IL12A,0.9794573
109,550,SERPINF1,SPI1,0.9756468
109,116,SERPINF1,TOP2A,0.9744888
109,525,SERPINF1,CD44,0.97241795
109,233,SERPINF1,NOTCH1,0.9714684
109,145,SERPINF1,HMGB2,0.9706331
109,96,SERPINF1,SLBP,0.97002494
109,190,SERPINF1,TIPIN,0.9669248
109,506,SERPINF1,PRIM1,0.9660805
109,216,SERPINF1,MCM7,0.9644274
109,213,SERPINF1,MCM4,0.9625846
109,60,SERPINF1,CDT1,0.9607973
109,131,SERPINF1,CKS1B,0.9607973
109,335,SERPINF1,HDAC7,0.9602129
109,320,SERPINF1,MYC,0.9599392
109,68,SERPINF1,MKI67,0.95707554
109,367,SERPINF1,IL7R,0.9552167
109,267,SERPINF1,SLC2A3,0.94998187
109,324,SERPINF1,REL,0.9312972
109,530,SERPINF1,IKZF1,0.92961484
109,334,SERPINF1,CD74,0.9224093
109,118,SERPINF1,FOXO1,0.9221475
109,257,SERPINF1,UHRF1,0.91570383
109,221,SERPINF1,ARPP21,0.9078995
109,459,SERPINF1,IRF8,0.905289
109,445,SERPINF1,IL1R1,0.9046631
109,46,SERPINF1,VDR,0.9026461
109,66,SERPINF1,CBFB,0.9026461
109,69,SERPINF1,MAGED1,0.8985555
109,416,SERPINF1,GATA2,0.89369905
109,27,SERPINF1,HSD3B7,0.8936844
109,76,SERPINF1,ESR1,0.88950634
109,515,SERPINF1,NCF1,0.88155377
109,536,SERPINF1,MOGS,0.87684935
109,277,SERPINF1,MEF2C,0.85828704
109,281,SERPINF1,TGM2,0.85372734
109,380,SERPINF1,NPDC1,0.8535019
109,252,SERPINF1,HOXA9,0.84943974
109,379,SERPINF1,BCL2,0.8481178
109,290,SERPINF1,TMEM14C,0.82961243
109,442,SERPINF1,HLF,0.82961243
109,67,SERPINF1,TEK,0.82840127
109,302,SERPINF1,MEIS1,0.82635236
109,53,SERPINF1,FCHO2,0.82576436
109,392,SERPINF1,PBX1,0.82175887
109,498,SERPINF1,DENND2D,0.82061315
109,58,SERPINF1,RARB,0.812356
109,85,SERPINF1,MECOM,0.8093563
410,367,SGMS1,IL7R,0.9795237
410,233,SGMS1,NOTCH1,0.9791286
410,320,SGMS1,MYC,0.9772899
410,335,SGMS1,HDAC7,0.9772863
410,267,SGMS1,SLC2A3,0.97582096
410,518,SGMS1,IL12A,0.9755972
410,422,SGMS1,RUNX2,0.97462815
410,530,SGMS1,IKZF1,0.974311
410,118,SGMS1,FOXO1,0.97425145
410,550,SGMS1,SPI1,0.974034
410,27,SGMS1,HSD3B7,0.9739972
410,334,SGMS1,CD74,0.9739227
410,527,SGMS1,TUBB4B,0.9714777
410,221,SGMS1,ARPP21,0.9697842
410,525,SGMS1,CD44,0.96795255
410,69,SGMS1,MAGED1,0.9674287
410,76,SGMS1,ESR1,0.9673017
410,46,SGMS1,VDR,0.9653889
410,515,SGMS1,NCF1,0.9647351
410,536,SGMS1,MOGS,0.961308
410,277,SGMS1,MEF2C,0.95821565
410,257,SGMS1,UHRF1,0.9567778
410,281,SGMS1,TGM2,0.955764
410,380,SGMS1,NPDC1,0.955764
410,116,SGMS1,TOP2A,0.95340604
410,252,SGMS1,HOXA9,0.95112926
410,67,SGMS1,TEK,0.9500095
410,442,SGMS1,HLF,0.9498975
410,290,SGMS1,TMEM14C,0.94988734
410,53,SGMS1,FCHO2,0.9493253
410,392,SGMS1,PBX1,0.94876015
410,302,SGMS1,MEIS1,0.9463443
410,66,SGMS1,CBFB,0.9463122
410,498,SGMS1,DENND2D,0.94409883
410,44,SGMS1,NUDT19,0.9405075
410,398,SGMS1,APOE,0.94037706
410,541,SGMS1,PGR,0.94037706
410,237,SGMS1,ELF1,0.9333533
410,324,SGMS1,REL,0.932282
410,416,SGMS1,GATA2,0.9305971
410,190,SGMS1,TIPIN,0.92420685
410,145,SGMS1,HMGB2,0.9217083
410,42,SGMS1,DACH1,0.9122091
410,506,SGMS1,PRIM1,0.9039053
410,379,SGMS1,BCL2,0.8999913
410,459,SGMS1,IRF8,0.8985542
410,216,SGMS1,MCM7,0.897076
410,58,SGMS1,RARB,0.88638484
410,85,SGMS1,MECOM,0.8794554
410,155,SGMS1,MYCN,0.87203336
163,527,SH2D5,TUBB4B,0.9804482
163,422,SH2D5,RUNX2,0.9795156
163,518,SH2D5,IL12A,0.9794573
163,550,SH2D5,SPI1,0.97564846
163,116,SH2D5,TOP2A,0.9744888
163,525,SH2D5,CD44,0.97241795
163,145,SH2D5,HMGB2,0.9706331
163,233,SH2D5,NOTCH1,0.97014475
163,190,SH2D5,TIPIN,0.96839195
163,216,SH2D5,MCM7,0.9671949
163,506,SH2D5,PRIM1,0.9660805
163,96,SH2D5,SLBP,0.9635566
163,213,SH2D5,MCM4,0.9625164
163,60,SH2D5,CDT1,0.9607973
163,131,SH2D5,CKS1B,0.9607973
163,335,SH2D5,HDAC7,0.9602129
163,320,SH2D5,MYC,0.9599392
163,68,SH2D5,MKI67,0.95707554
163,367,SH2D5,IL7R,0.9552167
163,267,SH2D5,SLC2A3,0.9496782
163,324,SH2D5,REL,0.9312972
163,530,SH2D5,IKZF1,0.9259667
163,27,SH2D5,HSD3B7,0.922431
163,334,SH2D5,CD74,0.9224093
163,118,SH2D5,FOXO1,0.9221475
163,459,SH2D5,IRF8,0.91241115
163,221,SH2D5,ARPP21,0.9078995
163,46,SH2D5,VDR,0.9026461
163,66,SH2D5,CBFB,0.9026461
163,416,SH2D5,GATA2,0.89369905
163,76,SH2D5,ESR1,0.8894898
163,380,SH2D5,NPDC1,0.88536197
163,515,SH2D5,NCF1,0.8819892
163,536,SH2D5,MOGS,0.8767786
163,69,SH2D5,MAGED1,0.8665095
163,58,SH2D5,RARB,0.8617976
163,257,SH2D5,UHRF1,0.85598487
163,281,SH2D5,TGM2,0.8535019
163,252,SH2D5,HOXA9,0.84943974
163,379,SH2D5,BCL2,0.8481178
163,67,SH2D5,TEK,0.82961243
163,290,SH2D5,TMEM14C,0.82961243
163,442,SH2D5,HLF,0.82961243
163,445,SH2D5,IL1R1,0.8268536
163,392,SH2D5,PBX1,0.8265034
163,53,SH2D5,FCHO2,0.82645017
163,302,SH2D5,MEIS1,0.82635236
163,498,SH2D5,DENND2D,0.8116205
163,85,SH2D5,MECOM,0.8093563
163,44,SH2D5,NUDT19,0.80635184
274,527,SIGLECG,TUBB4B,0.9814
274,422,SIGLECG,RUNX2,0.9795123
274,518,SIGLECG,IL12A,0.9794471
274,116,SIGLECG,TOP2A,0.97443205
274,550,SIGLECG,SPI1,0.97366095
274,525,SIGLECG,CD44,0.9724185
274,145,SIGLECG,HMGB2,0.9705748
274,233,SIGLECG,NOTCH1,0.9701657
274,216,SIGLECG,MCM7,0.96718496
274,190,SIGLECG,TIPIN,0.9668599
274,506,SIGLECG,PRIM1,0.9660137
274,96,SIGLECG,SLBP,0.9634852
274,213,SIGLECG,MCM4,0.96244335
274,60,SIGLECG,CDT1,0.9607204
274,131,SIGLECG,CKS1B,0.9607204
274,335,SIGLECG,HDAC7,0.9602495
274,320,SIGLECG,MYC,0.9600096
274,68,SIGLECG,MKI67,0.95695835
274,367,SIGLECG,IL7R,0.9559945
274,267,SIGLECG,SLC2A3,0.9500759
274,324,SIGLECG,REL,0.9311488
274,530,SIGLECG,IKZF1,0.92613065
274,27,SIGLECG,HSD3B7,0.92257977
274,334,SIGLECG,CD74,0.92257977
274,118,SIGLECG,FOXO1,0.9223276
274,459,SIGLECG,IRF8,0.91263634
274,221,SIGLECG,ARPP21,0.9081154
274,66,SIGLECG,CBFB,0.90289474
274,46,SIGLECG,VDR,0.90285563
274,69,SIGLECG,MAGED1,0.89848816
274,416,SIGLECG,GATA2,0.89394104
274,76,SIGLECG,ESR1,0.889758
274,398,SIGLECG,APOE,0.8877191
274,515,SIGLECG,NCF1,0.8822586
274,536,SIGLECG,MOGS,0.87713116
274,58,SIGLECG,RARB,0.8621667
274,277,SIGLECG,MEF2C,0.8607071
274,252,SIGLECG,HOXA9,0.8579697
274,257,SIGLECG,UHRF1,0.8563157
274,281,SIGLECG,TGM2,0.85383815
274,380,SIGLECG,NPDC1,0.85383815
274,379,SIGLECG,BCL2,0.84845906
274,67,SIGLECG,TEK,0.83114135
274,442,SIGLECG,HLF,0.83000463
274,290,SIGLECG,TMEM14C,0.829997
274,392,SIGLECG,PBX1,0.8269041
274,53,SIGLECG,FCHO2,0.8268511
274,445,SIGLECG,IL1R1,0.8268511
274,302,SIGLECG,MEIS1,0.82672924
274,237,SIGLECG,ELF1,0.8230549
188,527,SLA,TUBB4B,0.9804482
188,422,SLA,RUNX2,0.9795156
188,518,SLA,IL12A,0.9794573
188,550,SLA,SPI1,0.9756468
188,116,SLA,TOP2A,0.9744888
188,145,SLA,HMGB2,0.9706331
188,190,SLA,TIPIN,0.96839195
188,60,SLA,CDT1,0.96826553
188,216,SLA,MCM7,0.9671949
188,96,SLA,SLBP,0.9661154
188,506,SLA,PRIM1,0.9660805
188,525,SLA,CD44,0.96401924
188,213,SLA,MCM4,0.9623666
188,131,SLA,CKS1B,0.9607809
188,335,SLA,HDAC7,0.9602129
188,320,SLA,MYC,0.9599392
188,68,SLA,MKI67,0.95707554
188,367,SLA,IL7R,0.9552167
188,267,SLA,SLC2A3,0.9470839
188,324,SLA,REL,0.9312972
188,530,SLA,IKZF1,0.9259667
188,27,SLA,HSD3B7,0.9224093
188,334,SLA,CD74,0.9224093
188,118,SLA,FOXO1,0.9221475
188,459,SLA,IRF8,0.91241115
188,66,SLA,CBFB,0.9085503
188,233,SLA,NOTCH1,0.90727675
188,416,SLA,GATA2,0.89369905
188,76,SLA,ESR1,0.88950634
188,515,SLA,NCF1,0.8877356
188,46,SLA,VDR,0.8838635
188,536,SLA,MOGS,0.87684935
188,445,SLA,IL1R1,0.8715195
188,69,SLA,MAGED1,0.8665095
188,221,SLA,ARPP21,0.8649988
188,58,SLA,RARB,0.8617976
188,277,SLA,MEF2C,0.8603895
188,257,SLA,UHRF1,0.85598487
188,281,SLA,TGM2,0.8535019
188,380,SLA,NPDC1,0.8535019
188,252,SLA,HOXA9,0.84943974
188,379,SLA,BCL2,0.8481178
188,442,SLA,HLF,0.84705025
188,67,SLA,TEK,0.82961243
188,290,SLA,TMEM14C,0.82961243
188,53,SLA,FCHO2,0.82645017
188,302,SLA,MEIS1,0.82635236
188,498,SLA,DENND2D,0.82061315
188,85,SLA,MECOM,0.8093563
188,398,SLA,APOE,0.8065768
555,527,SLAMF1,TUBB4B,0.9804482
555,422,SLAMF1,RUNX2,0.9795156
555,518,SLAMF1,IL12A,0.9794573
555,550,SLAMF1,SPI1,0.9756468
555,116,SLAMF1,TOP2A,0.9744888
555,525,SLAMF1,CD44,0.9726795
555,145,SLAMF1,HMGB2,0.9706331
555,233,SLAMF1,NOTCH1,0.97014475
555,96,SLAMF1,SLBP,0.969067
555,190,SLAMF1,TIPIN,0.9683869
555,216,SLAMF1,MCM7,0.9671949
555,506,SLAMF1,PRIM1,0.9660805
555,213,SLAMF1,MCM4,0.9625164
555,60,SLAMF1,CDT1,0.9607973
555,131,SLAMF1,CKS1B,0.9607973
555,335,SLAMF1,HDAC7,0.9602129
555,320,SLAMF1,MYC,0.9599392
555,68,SLAMF1,MKI67,0.95707554
555,367,SLAMF1,IL7R,0.9552167
555,324,SLAMF1,REL,0.9312972
555,530,SLAMF1,IKZF1,0.9311726
555,334,SLAMF1,CD74,0.9224093
555,27,SLAMF1,HSD3B7,0.922138
555,118,SLAMF1,FOXO1,0.9220129
555,459,SLAMF1,IRF8,0.91241115
555,69,SLAMF1,MAGED1,0.911765
555,221,SLAMF1,ARPP21,0.9078995
555,46,SLAMF1,VDR,0.9026461
555,66,SLAMF1,CBFB,0.9026461
555,416,SLAMF1,GATA2,0.89369905
555,76,SLAMF1,ESR1,0.88950634
555,515,SLAMF1,NCF1,0.8819892
555,536,SLAMF1,MOGS,0.87684935
555,58,SLAMF1,RARB,0.8616021
555,379,SLAMF1,BCL2,0.86103505
555,277,SLAMF1,MEF2C,0.8603895
555,257,SLAMF1,UHRF1,0.85598487
555,281,SLAMF1,TGM2,0.8535019
555,380,SLAMF1,NPDC1,0.8535019
555,252,SLAMF1,HOXA9,0.84943974
555,267,SLAMF1,SLC2A3,0.8485291
555,445,SLAMF1,IL1R1,0.84265953
555,67,SLAMF1,TEK,0.82961243
555,442,SLAMF1,HLF,0.82961243
555,290,SLAMF1,TMEM14C,0.8295423
555,302,SLAMF1,MEIS1,0.82635236
555,392,SLAMF1,PBX1,0.8258957
555,498,SLAMF1,DENND2D,0.82061315
555,85,SLAMF1,MECOM,0.8093563
555,541,SLAMF1,PGR,0.8071242
96,116,SLBP,TOP2A,0.9788022
96,527,SLBP,TUBB4B,0.9770273
96,422,SLBP,RUNX2,0.9765278
96,518,SLBP,IL12A,0.9752349
96,506,SLBP,PRIM1,0.97396404
96,190,SLBP,TIPIN,0.9738283
96,145,SLBP,HMGB2,0.97277176
96,550,SLBP,SPI1,0.9726341
96,216,SLBP,MCM7,0.972038
96,213,SLBP,MCM4,0.9715336
96,525,SLBP,CD44,0.9712101
96,60,SLBP,CDT1,0.96845174
96,131,SLBP,CKS1B,0.9684516
96,68,SLBP,MKI67,0.96734816
96,320,SLBP,MYC,0.9496632
96,335,SLBP,HDAC7,0.94444484
96,367,SLBP,IL7R,0.94089115
96,324,SLBP,REL,0.93499607
96,267,SLBP,SLC2A3,0.9320929
96,530,SLBP,IKZF1,0.8942508
96,118,SLBP,FOXO1,0.8895706
96,334,SLBP,CD74,0.88735664
96,27,SLBP,HSD3B7,0.88693064
96,257,SLBP,UHRF1,0.88093597
96,233,SLBP,NOTCH1,0.87233484
96,66,SLBP,CBFB,0.8592633
96,221,SLBP,ARPP21,0.8526926
96,46,SLBP,VDR,0.8522871
96,69,SLBP,MAGED1,0.8490426
96,416,SLBP,GATA2,0.84448373
96,76,SLBP,ESR1,0.83836854
96,515,SLBP,NCF1,0.8234167
96,536,SLBP,MOGS,0.82302326
96,459,SLBP,IRF8,0.810747
96,277,SLBP,MEF2C,0.78883046
96,281,SLBP,TGM2,0.78635794
96,380,SLBP,NPDC1,0.78635794
96,379,SLBP,BCL2,0.78126323
96,252,SLBP,HOXA9,0.77861977
96,67,SLBP,TEK,0.74957377
96,290,SLBP,TMEM14C,0.74957377
96,442,SLBP,HLF,0.74957377
96,302,SLBP,MEIS1,0.7456215
96,445,SLBP,IL1R1,0.74494207
96,53,SLBP,FCHO2,0.744942
96,392,SLBP,PBX1,0.74476725
96,85,SLBP,MECOM,0.72452664
96,44,SLBP,NUDT19,0.7217699
96,398,SLBP,APOE,0.7217699
96,541,SLBP,PGR,0.7217699
24,527,SLC16A10,TUBB4B,0.9804482
24,422,SLC16A10,RUNX2,0.9795156
24,518,SLC16A10,IL12A,0.9794573
24,550,SLC16A10,SPI1,0.9756468
24,525,SLC16A10,CD44,0.97241795
24,145,SLC16A10,HMGB2,0.97065675
24,233,SLC16A10,NOTCH1,0.97014475
24,190,SLC16A10,TIPIN,0.96839195
24,116,SLC16A10,TOP2A,0.96774375
24,216,SLC16A10,MCM7,0.9671949
24,506,SLC16A10,PRIM1,0.9660742
24,96,SLC16A10,SLBP,0.9635566
24,131,SLC16A10,CKS1B,0.96254945
24,213,SLC16A10,MCM4,0.9625164
24,60,SLC16A10,CDT1,0.9607973
24,335,SLC16A10,HDAC7,0.9602129
24,320,SLC16A10,MYC,0.9599392
24,68,SLC16A10,MKI67,0.95707554
24,367,SLC16A10,IL7R,0.9552167
24,267,SLC16A10,SLC2A3,0.94998187
24,324,SLC16A10,REL,0.93116575
24,530,SLC16A10,IKZF1,0.9259667
24,27,SLC16A10,HSD3B7,0.9224093
24,334,SLC16A10,CD74,0.9224093
24,118,SLC16A10,FOXO1,0.9221475
24,459,SLC16A10,IRF8,0.91241115
24,221,SLC16A10,ARPP21,0.9078995
24,46,SLC16A10,VDR,0.9026461
24,66,SLC16A10,CBFB,0.9026461
24,69,SLC16A10,MAGED1,0.89826274
24,76,SLC16A10,ESR1,0.88950634
24,515,SLC16A10,NCF1,0.8821113
24,536,SLC16A10,MOGS,0.87219566
24,58,SLC16A10,RARB,0.8657541
24,252,SLC16A10,HOXA9,0.8654229
24,277,SLC16A10,MEF2C,0.8603895
24,257,SLC16A10,UHRF1,0.85598487
24,281,SLC16A10,TGM2,0.8535019
24,380,SLC16A10,NPDC1,0.8535019
24,379,SLC16A10,BCL2,0.8481178
24,290,SLC16A10,TMEM14C,0.82961243
24,442,SLC16A10,HLF,0.82961243
24,67,SLC16A10,TEK,0.8295973
24,392,SLC16A10,PBX1,0.8265034
24,53,SLC16A10,FCHO2,0.82645017
24,445,SLC16A10,IL1R1,0.82645017
24,302,SLC16A10,MEIS1,0.8255289
24,498,SLC16A10,DENND2D,0.82065773
24,85,SLC16A10,MECOM,0.8093563
24,44,SLC16A10,NUDT19,0.80635184
177,527,SLC16A11,TUBB4B,0.98044616
177,422,SLC16A11,RUNX2,0.9795156
177,518,SLC16A11,IL12A,0.9794573
177,116,SLC16A11,TOP2A,0.9758657
177,550,SLC16A11,SPI1,0.9756468
177,525,SLC16A11,CD44,0.97241795
177,145,SLC16A11,HMGB2,0.9706331
177,233,SLC16A11,NOTCH1,0.97014475
177,190,SLC16A11,TIPIN,0.96839195
177,216,SLC16A11,MCM7,0.9671949
177,506,SLC16A11,PRIM1,0.9660805
177,213,SLC16A11,MCM4,0.9625164
177,60,SLC16A11,CDT1,0.96081054
177,131,SLC16A11,CKS1B,0.9607973
177,96,SLC16A11,SLBP,0.96075046
177,335,SLC16A11,HDAC7,0.9602129
177,320,SLC16A11,MYC,0.9599392
177,68,SLC16A11,MKI67,0.95707554
177,367,SLC16A11,IL7R,0.95178723
177,267,SLC16A11,SLC2A3,0.94998187
177,324,SLC16A11,REL,0.9312972
177,530,SLC16A11,IKZF1,0.9259667
177,27,SLC16A11,HSD3B7,0.9224093
177,334,SLC16A11,CD74,0.9224093
177,118,SLC16A11,FOXO1,0.9146215
177,459,SLC16A11,IRF8,0.91241115
177,69,SLC16A11,MAGED1,0.90964353
177,66,SLC16A11,CBFB,0.9027629
177,221,SLC16A11,ARPP21,0.8989266
177,416,SLC16A11,GATA2,0.89369905
177,515,SLC16A11,NCF1,0.8819892
177,536,SLC16A11,MOGS,0.87684935
177,46,SLC16A11,VDR,0.8629964
177,58,SLC16A11,RARB,0.8617976
177,277,SLC16A11,MEF2C,0.85828704
177,257,SLC16A11,UHRF1,0.85598487
177,76,SLC16A11,ESR1,0.8556485
177,380,SLC16A11,NPDC1,0.8535306
177,281,SLC16A11,TGM2,0.8534485
177,252,SLC16A11,HOXA9,0.84943974
177,379,SLC16A11,BCL2,0.8481178
177,67,SLC16A11,TEK,0.82961243
177,290,SLC16A11,TMEM14C,0.82961243
177,442,SLC16A11,HLF,0.82961243
177,392,SLC16A11,PBX1,0.8265034
177,53,SLC16A11,FCHO2,0.82645017
177,445,SLC16A11,IL1R1,0.82645017
177,302,SLC16A11,MEIS1,0.82635236
177,498,SLC16A11,DENND2D,0.82061315
177,237,SLC16A11,ELF1,0.81140196
540,527,SLC18A1,TUBB4B,0.9804482
540,422,SLC18A1,RUNX2,0.9795156
540,518,SLC18A1,IL12A,0.9794573
540,550,SLC18A1,SPI1,0.9756468
540,116,SLC18A1,TOP2A,0.9744888
540,525,SLC18A1,CD44,0.97241795
540,145,SLC18A1,HMGB2,0.97059643
540,233,SLC18A1,NOTCH1,0.97014475
540,190,SLC18A1,TIPIN,0.96839195
540,213,SLC18A1,MCM4,0.9674009
540,216,SLC18A1,MCM7,0.9671949
540,506,SLC18A1,PRIM1,0.9660805
540,96,SLC18A1,SLBP,0.9635566
540,60,SLC18A1,CDT1,0.9607973
540,131,SLC18A1,CKS1B,0.9607973
540,335,SLC18A1,HDAC7,0.9602129
540,320,SLC18A1,MYC,0.9599392
540,68,SLC18A1,MKI67,0.9571073
540,367,SLC18A1,IL7R,0.9552167
540,267,SLC18A1,SLC2A3,0.94998187
540,324,SLC18A1,REL,0.9312972
540,530,SLC18A1,IKZF1,0.93010503
540,27,SLC18A1,HSD3B7,0.9224093
540,334,SLC18A1,CD74,0.9224093
540,118,SLC18A1,FOXO1,0.9221475
540,459,SLC18A1,IRF8,0.9124426
540,221,SLC18A1,ARPP21,0.9078995
540,66,SLC18A1,CBFB,0.902572
540,69,SLC18A1,MAGED1,0.89826274
540,416,SLC18A1,GATA2,0.89369905
540,76,SLC18A1,ESR1,0.88950634
540,46,SLC18A1,VDR,0.8842543
540,515,SLC18A1,NCF1,0.88185686
540,536,SLC18A1,MOGS,0.87684935
540,53,SLC18A1,FCHO2,0.872478
540,58,SLC18A1,RARB,0.8617976
540,277,SLC18A1,MEF2C,0.8603895
540,257,SLC18A1,UHRF1,0.85598487
540,281,SLC18A1,TGM2,0.8535019
540,380,SLC18A1,NPDC1,0.8535019
540,252,SLC18A1,HOXA9,0.84943974
540,379,SLC18A1,BCL2,0.8481178
540,442,SLC18A1,HLF,0.8300135
540,67,SLC18A1,TEK,0.82961243
540,290,SLC18A1,TMEM14C,0.82961243
540,392,SLC18A1,PBX1,0.8265034
540,445,SLC18A1,IL1R1,0.82645017
540,302,SLC18A1,MEIS1,0.82635236
540,498,SLC18A1,DENND2D,0.82061315
540,85,SLC18A1,MECOM,0.8093563
338,518,SLC18A2,IL12A,0.97469485
338,527,SLC18A2,TUBB4B,0.97267085
338,422,SLC18A2,RUNX2,0.972291
338,550,SLC18A2,SPI1,0.9700983
338,233,SLC18A2,NOTCH1,0.9675303
338,525,SLC18A2,CD44,0.9650056
338,367,SLC18A2,IL7R,0.96147877
338,116,SLC18A2,TOP2A,0.9589101
338,335,SLC18A2,HDAC7,0.9587903
338,320,SLC18A2,MYC,0.9562749
338,190,SLC18A2,TIPIN,0.95587283
338,145,SLC18A2,HMGB2,0.9545615
338,216,SLC18A2,MCM7,0.9494428
338,267,SLC18A2,SLC2A3,0.9492087
338,506,SLC18A2,PRIM1,0.94398314
338,96,SLC18A2,SLBP,0.9434503
338,213,SLC18A2,MCM4,0.9421957
338,60,SLC18A2,CDT1,0.9391318
338,131,SLC18A2,CKS1B,0.9391318
338,530,SLC18A2,IKZF1,0.93312603
338,68,SLC18A2,MKI67,0.9318697
338,118,SLC18A2,FOXO1,0.92909735
338,27,SLC18A2,HSD3B7,0.9280161
338,334,SLC18A2,CD74,0.92262715
338,221,SLC18A2,ARPP21,0.9174914
338,459,SLC18A2,IRF8,0.91482145
338,46,SLC18A2,VDR,0.911282
338,66,SLC18A2,CBFB,0.911282
338,69,SLC18A2,MAGED1,0.9067671
338,416,SLC18A2,GATA2,0.90394855
338,76,SLC18A2,ESR1,0.89953446
338,515,SLC18A2,NCF1,0.8925295
338,324,SLC18A2,REL,0.89060676
338,536,SLC18A2,MOGS,0.8876185
338,277,SLC18A2,MEF2C,0.8707588
338,257,SLC18A2,UHRF1,0.86612296
338,281,SLC18A2,TGM2,0.86292696
338,380,SLC18A2,NPDC1,0.86292696
338,252,SLC18A2,HOXA9,0.8602091
338,379,SLC18A2,BCL2,0.8586476
338,58,SLC18A2,RARB,0.85092455
338,67,SLC18A2,TEK,0.8393632
338,442,SLC18A2,HLF,0.8393632
338,302,SLC18A2,MEIS1,0.8361615
338,53,SLC18A2,FCHO2,0.83600366
338,392,SLC18A2,PBX1,0.8359963
338,445,SLC18A2,IL1R1,0.82990587
338,290,SLC18A2,TMEM14C,0.8242251
338,85,SLC18A2,MECOM,0.81961715
338,498,SLC18A2,DENND2D,0.81711614
499,527,SLC22A3,TUBB4B,0.9804482
499,518,SLC22A3,IL12A,0.9794573
499,550,SLC22A3,SPI1,0.9756468
499,116,SLC22A3,TOP2A,0.9744888
499,525,SLC22A3,CD44,0.97241795
499,145,SLC22A3,HMGB2,0.9706331
499,233,SLC22A3,NOTCH1,0.97014475
499,190,SLC22A3,TIPIN,0.96839195
499,131,SLC22A3,CKS1B,0.96826553
499,216,SLC22A3,MCM7,0.9671949
499,506,SLC22A3,PRIM1,0.9660805
499,213,SLC22A3,MCM4,0.9659633
499,96,SLC22A3,SLBP,0.9635566
499,60,SLC22A3,CDT1,0.9607973
499,335,SLC22A3,HDAC7,0.9602129
499,320,SLC22A3,MYC,0.9599392
499,422,SLC22A3,RUNX2,0.9572998
499,68,SLC22A3,MKI67,0.95707554
499,267,SLC22A3,SLC2A3,0.94998187
499,367,SLC22A3,IL7R,0.94712365
499,324,SLC22A3,REL,0.9312972
499,530,SLC22A3,IKZF1,0.9254132
499,27,SLC22A3,HSD3B7,0.9224093
499,334,SLC22A3,CD74,0.9224093
499,118,SLC22A3,FOXO1,0.9221475
499,459,SLC22A3,IRF8,0.9124466
499,221,SLC22A3,ARPP21,0.9078995
499,66,SLC22A3,CBFB,0.90268505
499,46,SLC22A3,VDR,0.9026461
499,69,SLC22A3,MAGED1,0.89826274
499,416,SLC22A3,GATA2,0.89369905
499,76,SLC22A3,ESR1,0.890121
499,515,SLC22A3,NCF1,0.8819892
499,536,SLC22A3,MOGS,0.87684935
499,277,SLC22A3,MEF2C,0.8603895
499,257,SLC22A3,UHRF1,0.85598487
499,281,SLC22A3,TGM2,0.8535019
499,380,SLC22A3,NPDC1,0.8535019
499,252,SLC22A3,HOXA9,0.84943974
499,379,SLC22A3,BCL2,0.8481178
499,290,SLC22A3,TMEM14C,0.82961243
499,442,SLC22A3,HLF,0.82961243
499,67,SLC22A3,TEK,0.8295423
499,392,SLC22A3,PBX1,0.8265034
499,53,SLC22A3,FCHO2,0.82645017
499,445,SLC22A3,IL1R1,0.82645017
499,302,SLC22A3,MEIS1,0.82635236
499,498,SLC22A3,DENND2D,0.82061315
499,85,SLC22A3,MECOM,0.80958575
499,541,SLC22A3,PGR,0.8065439
446,527,SLC26A11,TUBB4B,0.98043364
446,422,SLC26A11,RUNX2,0.9795051
446,518,SLC26A11,IL12A,0.97945386
446,550,SLC26A11,SPI1,0.9756468
446,116,SLC26A11,TOP2A,0.97446626
446,525,SLC26A11,CD44,0.9723846
446,145,SLC26A11,HMGB2,0.970611
446,233,SLC26A11,NOTCH1,0.9701442
446,190,SLC26A11,TIPIN,0.96836823
446,216,SLC26A11,MCM7,0.96716946
446,506,SLC26A11,PRIM1,0.96605486
446,367,SLC26A11,IL7R,0.9642959
446,96,SLC26A11,SLBP,0.9635277
446,60,SLC26A11,CDT1,0.9628322
446,213,SLC26A11,MCM4,0.9624866
446,131,SLC26A11,CKS1B,0.96076596
446,335,SLC26A11,HDAC7,0.96023333
446,320,SLC26A11,MYC,0.9599596
446,68,SLC26A11,MKI67,0.95512795
446,530,SLC26A11,IKZF1,0.92621285
446,27,SLC26A11,HSD3B7,0.9224499
446,334,SLC26A11,CD74,0.9224499
446,118,SLC26A11,FOXO1,0.9221889
446,324,SLC26A11,REL,0.9180161
446,459,SLC26A11,IRF8,0.91246
446,221,SLC26A11,ARPP21,0.907937
446,58,SLC26A11,RARB,0.90538955
446,46,SLC26A11,VDR,0.9026997
446,66,SLC26A11,CBFB,0.9026997
446,69,SLC26A11,MAGED1,0.89831567
446,416,SLC26A11,GATA2,0.893747
446,76,SLC26A11,ESR1,0.88955456
446,267,SLC26A11,SLC2A3,0.8839882
446,515,SLC26A11,NCF1,0.88204217
446,536,SLC26A11,MOGS,0.8769033
446,277,SLC26A11,MEF2C,0.8604526
446,257,SLC26A11,UHRF1,0.85603803
446,281,SLC26A11,TGM2,0.85355717
446,380,SLC26A11,NPDC1,0.85355717
446,252,SLC26A11,HOXA9,0.84950596
446,379,SLC26A11,BCL2,0.8484511
446,442,SLC26A11,HLF,0.8300728
446,290,SLC26A11,TMEM14C,0.8296716
446,53,SLC26A11,FCHO2,0.826508
446,445,SLC26A11,IL1R1,0.82646173
446,302,SLC26A11,MEIS1,0.8264266
446,498,SLC26A11,DENND2D,0.82068133
446,85,SLC26A11,MECOM,0.8094397
446,67,SLC26A11,TEK,0.8088951
446,398,SLC26A11,APOE,0.8078473
30,367,SLC29A1,IL7R,0.97918624
30,233,SLC29A1,NOTCH1,0.97879785
30,335,SLC29A1,HDAC7,0.97744066
30,320,SLC29A1,MYC,0.97714454
30,267,SLC29A1,SLC2A3,0.9756408
30,518,SLC29A1,IL12A,0.97552913
30,422,SLC29A1,RUNX2,0.97449106
30,550,SLC29A1,SPI1,0.9736926
30,530,SLC29A1,IKZF1,0.97341824
30,118,SLC29A1,FOXO1,0.9732949
30,27,SLC29A1,HSD3B7,0.97300476
30,334,SLC29A1,CD74,0.97300476
30,527,SLC29A1,TUBB4B,0.97125906
30,221,SLC29A1,ARPP21,0.9684702
30,525,SLC29A1,CD44,0.9672936
30,46,SLC29A1,VDR,0.9668583
30,66,SLC29A1,CBFB,0.9668583
30,416,SLC29A1,GATA2,0.9665186
30,69,SLC29A1,MAGED1,0.96604586
30,76,SLC29A1,ESR1,0.9657815
30,515,SLC29A1,NCF1,0.9631594
30,536,SLC29A1,MOGS,0.961628
30,277,SLC29A1,MEF2C,0.95589453
30,257,SLC29A1,UHRF1,0.9546412
30,379,SLC29A1,BCL2,0.95383424
30,116,SLC29A1,TOP2A,0.95352036
30,281,SLC29A1,TGM2,0.9534815
30,380,SLC29A1,NPDC1,0.95335
30,252,SLC29A1,HOXA9,0.9485618
30,67,SLC29A1,TEK,0.9472083
30,290,SLC29A1,TMEM14C,0.9472083
30,442,SLC29A1,HLF,0.9472083
30,53,SLC29A1,FCHO2,0.9445634
30,445,SLC29A1,IL1R1,0.9445634
30,302,SLC29A1,MEIS1,0.94282436
30,498,SLC29A1,DENND2D,0.94032717
30,44,SLC29A1,NUDT19,0.9369702
30,398,SLC29A1,APOE,0.9369702
30,541,SLC29A1,PGR,0.9369702
30,85,SLC29A1,MECOM,0.93670017
30,459,SLC29A1,IRF8,0.93390983
30,237,SLC29A1,ELF1,0.9285636
30,190,SLC29A1,TIPIN,0.924978
30,145,SLC29A1,HMGB2,0.9205704
30,506,SLC29A1,PRIM1,0.9051538
30,42,SLC29A1,DACH1,0.90498495
30,216,SLC29A1,MCM7,0.8978893
30,392,SLC29A1,PBX1,0.8828876
30,58,SLC29A1,RARB,0.87763673
30,284,SLC29A1,MAML3,0.86794496
267,46,SLC2A3,VDR,0.9747
267,66,SLC2A3,CBFB,0.9747
267,530,SLC2A3,IKZF1,0.9719938
267,69,SLC2A3,MAGED1,0.97002083
267,277,SLC2A3,MEF2C,0.9695682
267,118,SLC2A3,FOXO1,0.96909773
267,252,SLC2A3,HOXA9,0.9689363
267,416,SLC2A3,GATA2,0.968873
267,536,SLC2A3,MOGS,0.96877265
267,334,SLC2A3,CD74,0.96832645
267,515,SLC2A3,NCF1,0.968251
267,27,SLC2A3,HSD3B7,0.9675272
267,302,SLC2A3,MEIS1,0.9674109
267,379,SLC2A3,BCL2,0.96735954
267,367,SLC2A3,IL7R,0.9668332
267,498,SLC2A3,DENND2D,0.9655916
267,76,SLC2A3,ESR1,0.9623037
267,445,SLC2A3,IL1R1,0.9605253
267,53,SLC2A3,FCHO2,0.9604949
267,233,SLC2A3,NOTCH1,0.95916414
267,335,SLC2A3,HDAC7,0.9589964
267,392,SLC2A3,PBX1,0.958784
267,85,SLC2A3,MECOM,0.9586946
267,237,SLC2A3,ELF1,0.95835406
267,67,SLC2A3,TEK,0.9581197
267,290,SLC2A3,TMEM14C,0.9581197
267,442,SLC2A3,HLF,0.9581197
267,398,SLC2A3,APOE,0.9573233
267,281,SLC2A3,TGM2,0.95697236
267,380,SLC2A3,NPDC1,0.95697236
267,221,SLC2A3,ARPP21,0.9569218
267,42,SLC2A3,DACH1,0.9560926
267,44,SLC2A3,NUDT19,0.95514065
267,541,SLC2A3,PGR,0.95514065
267,284,SLC2A3,MAML3,0.95345527
267,422,SLC2A3,RUNX2,0.94958264
267,468,SLC2A3,VEGFC,0.948671
267,257,SLC2A3,UHRF1,0.9477112
267,320,SLC2A3,MYC,0.94516087
267,527,SLC2A3,TUBB4B,0.9430724
267,518,SLC2A3,IL12A,0.9419991
267,155,SLC2A3,MYCN,0.93389434
267,550,SLC2A3,SPI1,0.92715454
267,283,SLC2A3,HNF4A,0.9236045
267,6,SLC2A3,SOCS2,0.92280006
267,352,SLC2A3,TRIB3,0.9206297
267,376,SLC2A3,SELL,0.9206297
267,401,SLC2A3,CCR7,0.9206297
267,526,SLC2A3,CCDC112,0.9206297
267,542,SLC2A3,EFNA1,0.9206297
296,527,SLC35D3,TUBB4B,0.9804482
296,422,SLC35D3,RUNX2,0.9795156
296,518,SLC35D3,IL12A,0.9794573
296,550,SLC35D3,SPI1,0.9756468
296,525,SLC35D3,CD44,0.97530055
296,116,SLC35D3,TOP2A,0.9744848
296,145,SLC35D3,HMGB2,0.9706331
296,233,SLC35D3,NOTCH1,0.97014475
296,213,SLC35D3,MCM4,0.9687109
296,190,SLC35D3,TIPIN,0.96839195
296,216,SLC35D3,MCM7,0.9671949
296,506,SLC35D3,PRIM1,0.9660805
296,96,SLC35D3,SLBP,0.9635566
296,60,SLC35D3,CDT1,0.9607973
296,131,SLC35D3,CKS1B,0.9607973
296,335,SLC35D3,HDAC7,0.9602129
296,320,SLC35D3,MYC,0.9599392
296,68,SLC35D3,MKI67,0.9571253
296,367,SLC35D3,IL7R,0.9552167
296,267,SLC35D3,SLC2A3,0.94998187
296,324,SLC35D3,REL,0.9312972
296,66,SLC35D3,CBFB,0.9280313
296,530,SLC35D3,IKZF1,0.9259667
296,27,SLC35D3,HSD3B7,0.9224093
296,334,SLC35D3,CD74,0.9224093
296,118,SLC35D3,FOXO1,0.9217096
296,459,SLC35D3,IRF8,0.91241115
296,221,SLC35D3,ARPP21,0.9078995
296,46,SLC35D3,VDR,0.9026461
296,277,SLC35D3,MEF2C,0.90249187
296,69,SLC35D3,MAGED1,0.89826274
296,416,SLC35D3,GATA2,0.89369905
296,76,SLC35D3,ESR1,0.88950634
296,515,SLC35D3,NCF1,0.8819892
296,536,SLC35D3,MOGS,0.87684935
296,58,SLC35D3,RARB,0.8617976
296,281,SLC35D3,TGM2,0.8535019
296,380,SLC35D3,NPDC1,0.8535019
296,252,SLC35D3,HOXA9,0.84943974
296,379,SLC35D3,BCL2,0.8494033
296,67,SLC35D3,TEK,0.82961243
296,442,SLC35D3,HLF,0.82961243
296,290,SLC35D3,TMEM14C,0.8291014
296,445,SLC35D3,IL1R1,0.82680583
296,392,SLC35D3,PBX1,0.8265034
296,53,SLC35D3,FCHO2,0.82645017
296,302,SLC35D3,MEIS1,0.82635236
296,498,SLC35D3,DENND2D,0.82061315
296,257,SLC35D3,UHRF1,0.82020265
296,85,SLC35D3,MECOM,0.8093563
38,527,SLC39A13,TUBB4B,0.98043996
38,518,SLC39A13,IL12A,0.9794573
38,422,SLC39A13,RUNX2,0.9793434
38,550,SLC39A13,SPI1,0.9756468
38,116,SLC39A13,TOP2A,0.9744888
38,525,SLC39A13,CD44,0.97241795
38,145,SLC39A13,HMGB2,0.9706331
38,233,SLC39A13,NOTCH1,0.97014475
38,190,SLC39A13,TIPIN,0.96839195
38,506,SLC39A13,PRIM1,0.9660805
38,216,SLC39A13,MCM7,0.9644274
38,96,SLC39A13,SLBP,0.9635566
38,213,SLC39A13,MCM4,0.9625164
38,60,SLC39A13,CDT1,0.9607973
38,131,SLC39A13,CKS1B,0.9607973
38,335,SLC39A13,HDAC7,0.96016675
38,320,SLC39A13,MYC,0.9599392
38,68,SLC39A13,MKI67,0.95707554
38,367,SLC39A13,IL7R,0.9552167
38,267,SLC39A13,SLC2A3,0.94998187
38,118,SLC39A13,FOXO1,0.94513595
38,324,SLC39A13,REL,0.9312972
38,530,SLC39A13,IKZF1,0.9259667
38,334,SLC39A13,CD74,0.9224093
38,27,SLC39A13,HSD3B7,0.9223726
38,459,SLC39A13,IRF8,0.91241115
38,221,SLC39A13,ARPP21,0.9078995
38,46,SLC39A13,VDR,0.9026461
38,66,SLC39A13,CBFB,0.9026461
38,58,SLC39A13,RARB,0.89947516
38,69,SLC39A13,MAGED1,0.89826274
38,416,SLC39A13,GATA2,0.89369905
38,515,SLC39A13,NCF1,0.8905274
38,541,SLC39A13,PGR,0.8873304
38,536,SLC39A13,MOGS,0.87684935
38,277,SLC39A13,MEF2C,0.8605686
38,257,SLC39A13,UHRF1,0.85598487
38,281,SLC39A13,TGM2,0.8534485
38,252,SLC39A13,HOXA9,0.84943974
38,379,SLC39A13,BCL2,0.8481178
38,67,SLC39A13,TEK,0.82961243
38,290,SLC39A13,TMEM14C,0.82961243
38,442,SLC39A13,HLF,0.82961243
38,392,SLC39A13,PBX1,0.82647043
38,53,SLC39A13,FCHO2,0.82645017
38,445,SLC39A13,IL1R1,0.82645017
38,302,SLC39A13,MEIS1,0.82635236
38,498,SLC39A13,DENND2D,0.82061315
38,85,SLC39A13,MECOM,0.80922145
38,44,SLC39A13,NUDT19,0.80635184
507,233,SLC39A6,NOTCH1,0.97758514
507,550,SLC39A6,SPI1,0.9756988
507,527,SLC39A6,TUBB4B,0.9756967
507,518,SLC39A6,IL12A,0.97507745
507,422,SLC39A6,RUNX2,0.97484016
507,335,SLC39A6,HDAC7,0.97222304
507,525,SLC39A6,CD44,0.9719677
507,320,SLC39A6,MYC,0.97086763
507,367,SLC39A6,IL7R,0.9705649
507,267,SLC39A6,SLC2A3,0.96570635
507,116,SLC39A6,TOP2A,0.96182436
507,530,SLC39A6,IKZF1,0.9614741
507,66,SLC39A6,CBFB,0.95968395
507,27,SLC39A6,HSD3B7,0.9577229
507,334,SLC39A6,CD74,0.95766795
507,118,SLC39A6,FOXO1,0.95537627
507,145,SLC39A6,HMGB2,0.9529923
507,221,SLC39A6,ARPP21,0.9496445
507,190,SLC39A6,TIPIN,0.94944686
507,506,SLC39A6,PRIM1,0.9457897
507,216,SLC39A6,MCM7,0.94450194
507,46,SLC39A6,VDR,0.9441067
507,69,SLC39A6,MAGED1,0.9408411
507,416,SLC39A6,GATA2,0.9393852
507,380,SLC39A6,NPDC1,0.9375761
507,76,SLC39A6,ESR1,0.9374095
507,96,SLC39A6,SLBP,0.93552214
507,213,SLC39A6,MCM4,0.934069
507,459,SLC39A6,IRF8,0.93373936
507,536,SLC39A6,MOGS,0.93184453
507,515,SLC39A6,NCF1,0.9316115
507,60,SLC39A6,CDT1,0.9303051
507,131,SLC39A6,CKS1B,0.9303051
507,68,SLC39A6,MKI67,0.92449677
507,257,SLC39A6,UHRF1,0.92142683
507,277,SLC39A6,MEF2C,0.9148829
507,281,SLC39A6,TGM2,0.9081526
507,252,SLC39A6,HOXA9,0.9064361
507,379,SLC39A6,BCL2,0.9061026
507,541,SLC39A6,PGR,0.9038108
507,290,SLC39A6,TMEM14C,0.893571
507,67,SLC39A6,TEK,0.8934678
507,442,SLC39A6,HLF,0.8933769
507,445,SLC39A6,IL1R1,0.8895637
507,53,SLC39A6,FCHO2,0.8895636
507,302,SLC39A6,MEIS1,0.8884149
507,44,SLC39A6,NUDT19,0.8833635
507,498,SLC39A6,DENND2D,0.88265145
507,398,SLC39A6,APOE,0.8825182
507,85,SLC39A6,MECOM,0.87813336
137,527,SLC43A2,TUBB4B,0.9804433
137,422,SLC43A2,RUNX2,0.97951984
137,518,SLC43A2,IL12A,0.97945446
137,550,SLC43A2,SPI1,0.975642
137,116,SLC43A2,TOP2A,0.9744855
137,525,SLC43A2,CD44,0.9724132
137,145,SLC43A2,HMGB2,0.9706334
137,233,SLC43A2,NOTCH1,0.9701396
137,190,SLC43A2,TIPIN,0.9683921
137,216,SLC43A2,MCM7,0.967195
137,506,SLC43A2,PRIM1,0.9660808
137,96,SLC43A2,SLBP,0.96355647
137,213,SLC43A2,MCM4,0.96251625
137,60,SLC43A2,CDT1,0.9607973
137,131,SLC43A2,CKS1B,0.960767
137,68,SLC43A2,MKI67,0.9606503
137,335,SLC43A2,HDAC7,0.96021706
137,320,SLC43A2,MYC,0.95994216
137,367,SLC43A2,IL7R,0.95522213
137,267,SLC43A2,SLC2A3,0.94999844
137,530,SLC43A2,IKZF1,0.9259255
137,27,SLC43A2,HSD3B7,0.9224289
137,334,SLC43A2,CD74,0.9224289
137,118,SLC43A2,FOXO1,0.9221694
137,459,SLC43A2,IRF8,0.9124466
137,324,SLC43A2,REL,0.9086508
137,221,SLC43A2,ARPP21,0.90791935
137,46,SLC43A2,VDR,0.90267456
137,66,SLC43A2,CBFB,0.90267456
137,69,SLC43A2,MAGED1,0.89828825
137,416,SLC43A2,GATA2,0.89372647
137,76,SLC43A2,ESR1,0.8895348
137,515,SLC43A2,NCF1,0.8820195
137,536,SLC43A2,MOGS,0.8768807
137,277,SLC43A2,MEF2C,0.8715174
137,58,SLC43A2,RARB,0.8618502
137,257,SLC43A2,UHRF1,0.85602105
137,281,SLC43A2,TGM2,0.85353893
137,380,SLC43A2,NPDC1,0.85353893
137,252,SLC43A2,HOXA9,0.84948516
137,379,SLC43A2,BCL2,0.84815866
137,67,SLC43A2,TEK,0.8296525
137,290,SLC43A2,TMEM14C,0.8296525
137,442,SLC43A2,HLF,0.8296525
137,392,SLC43A2,PBX1,0.826544
137,445,SLC43A2,IL1R1,0.8264909
137,53,SLC43A2,FCHO2,0.8264908
137,302,SLC43A2,MEIS1,0.82639927
137,498,SLC43A2,DENND2D,0.81921566
137,85,SLC43A2,MECOM,0.8094079
427,527,SLC44A2,TUBB4B,0.9804473
427,518,SLC44A2,IL12A,0.9794549
427,422,SLC44A2,RUNX2,0.97703415
427,550,SLC44A2,SPI1,0.97697073
427,116,SLC44A2,TOP2A,0.9744839
427,525,SLC44A2,CD44,0.97235245
427,145,SLC44A2,HMGB2,0.97064644
427,233,SLC44A2,NOTCH1,0.970159
427,190,SLC44A2,TIPIN,0.9684073
427,216,SLC44A2,MCM7,0.9672114
427,324,SLC44A2,REL,0.96715665
427,506,SLC44A2,PRIM1,0.96609706
427,96,SLC44A2,SLBP,0.9636097
427,213,SLC44A2,MCM4,0.96253645
427,60,SLC44A2,CDT1,0.9608178
427,131,SLC44A2,CKS1B,0.9608178
427,320,SLC44A2,MYC,0.9599977
427,68,SLC44A2,MKI67,0.9591839
427,367,SLC44A2,IL7R,0.9552758
427,335,SLC44A2,HDAC7,0.95519656
427,267,SLC44A2,SLC2A3,0.95005333
427,530,SLC44A2,IKZF1,0.9260629
427,27,SLC44A2,HSD3B7,0.9225084
427,334,SLC44A2,CD74,0.9225084
427,118,SLC44A2,FOXO1,0.92224514
427,459,SLC44A2,IRF8,0.9125909
427,66,SLC44A2,CBFB,0.9115961
427,221,SLC44A2,ARPP21,0.9080243
427,46,SLC44A2,VDR,0.9027655
427,69,SLC44A2,MAGED1,0.898395
427,416,SLC44A2,GATA2,0.89383537
427,76,SLC44A2,ESR1,0.8896468
427,515,SLC44A2,NCF1,0.8820699
427,536,SLC44A2,MOGS,0.8770077
427,58,SLC44A2,RARB,0.8620785
427,277,SLC44A2,MEF2C,0.86056787
427,252,SLC44A2,HOXA9,0.85782397
427,257,SLC44A2,UHRF1,0.8561636
427,281,SLC44A2,TGM2,0.85368955
427,379,SLC44A2,BCL2,0.8483054
427,67,SLC44A2,TEK,0.8298289
427,290,SLC44A2,TMEM14C,0.8298289
427,392,SLC44A2,PBX1,0.82672423
427,53,SLC44A2,FCHO2,0.8266711
427,302,SLC44A2,MEIS1,0.82655734
427,445,SLC44A2,IL1R1,0.82540447
427,498,SLC44A2,DENND2D,0.82083374
427,85,SLC44A2,MECOM,0.8095829
427,44,SLC44A2,NUDT19,0.8065861
427,398,SLC44A2,APOE,0.8065861
323,422,SLC9A9,RUNX2,0.9795156
323,518,SLC9A9,IL12A,0.9794573
323,550,SLC9A9,SPI1,0.97564316
323,116,SLC9A9,TOP2A,0.9744888
323,525,SLC9A9,CD44,0.97241795
323,145,SLC9A9,HMGB2,0.9706331
323,190,SLC9A9,TIPIN,0.96839195
323,96,SLC9A9,SLBP,0.967968
323,527,SLC9A9,TUBB4B,0.9675252
323,216,SLC9A9,MCM7,0.96719766
323,506,SLC9A9,PRIM1,0.9660805
323,213,SLC9A9,MCM4,0.9625164
323,131,SLC9A9,CKS1B,0.9608346
323,60,SLC9A9,CDT1,0.9607973
323,335,SLC9A9,HDAC7,0.96011674
323,320,SLC9A9,MYC,0.9599392
323,68,SLC9A9,MKI67,0.95707554
323,367,SLC9A9,IL7R,0.9552167
323,233,SLC9A9,NOTCH1,0.9541565
323,267,SLC9A9,SLC2A3,0.95267457
323,324,SLC9A9,REL,0.93123853
323,27,SLC9A9,HSD3B7,0.9224093
323,334,SLC9A9,CD74,0.9224093
323,118,SLC9A9,FOXO1,0.9221475
323,459,SLC9A9,IRF8,0.9123395
323,530,SLC9A9,IKZF1,0.909508
323,221,SLC9A9,ARPP21,0.9077895
323,46,SLC9A9,VDR,0.9026461
323,66,SLC9A9,CBFB,0.9026461
323,69,SLC9A9,MAGED1,0.89826274
323,416,SLC9A9,GATA2,0.8936075
323,515,SLC9A9,NCF1,0.8819892
323,536,SLC9A9,MOGS,0.87684935
323,76,SLC9A9,ESR1,0.870225
323,277,SLC9A9,MEF2C,0.86457276
323,58,SLC9A9,RARB,0.8617976
323,257,SLC9A9,UHRF1,0.85598487
323,281,SLC9A9,TGM2,0.8535019
323,380,SLC9A9,NPDC1,0.8535019
323,252,SLC9A9,HOXA9,0.84943974
323,379,SLC9A9,BCL2,0.8481178
323,67,SLC9A9,TEK,0.82961243
323,290,SLC9A9,TMEM14C,0.82961243
323,442,SLC9A9,HLF,0.82961243
323,392,SLC9A9,PBX1,0.8265034
323,53,SLC9A9,FCHO2,0.82645017
323,445,SLC9A9,IL1R1,0.82645017
323,302,SLC9A9,MEIS1,0.82635236
323,498,SLC9A9,DENND2D,0.82061315
323,85,SLC9A9,MECOM,0.8093563
356,527,SLCO3A1,TUBB4B,0.9804482
356,422,SLCO3A1,RUNX2,0.9795156
356,518,SLCO3A1,IL12A,0.9794573
356,550,SLCO3A1,SPI1,0.9756251
356,116,SLCO3A1,TOP2A,0.9744888
356,525,SLCO3A1,CD44,0.97241795
356,145,SLCO3A1,HMGB2,0.9706331
356,233,SLCO3A1,NOTCH1,0.96926033
356,190,SLCO3A1,TIPIN,0.96839195
356,216,SLCO3A1,MCM7,0.9671949
356,506,SLCO3A1,PRIM1,0.9660805
356,96,SLCO3A1,SLBP,0.9635566
356,60,SLCO3A1,CDT1,0.9607973
356,131,SLCO3A1,CKS1B,0.9607973
356,320,SLCO3A1,MYC,0.9599392
356,68,SLCO3A1,MKI67,0.95707583
356,367,SLCO3A1,IL7R,0.9552167
356,267,SLCO3A1,SLC2A3,0.94998187
356,213,SLCO3A1,MCM4,0.94943076
356,324,SLCO3A1,REL,0.9312993
356,530,SLCO3A1,IKZF1,0.9259667
356,334,SLCO3A1,CD74,0.92260367
356,27,SLCO3A1,HSD3B7,0.9224093
356,118,SLCO3A1,FOXO1,0.922094
356,459,SLCO3A1,IRF8,0.91241115
356,221,SLCO3A1,ARPP21,0.9079335
356,66,SLCO3A1,CBFB,0.9026461
356,69,SLCO3A1,MAGED1,0.89826274
356,76,SLCO3A1,ESR1,0.89534956
356,416,SLCO3A1,GATA2,0.89369905
356,335,SLCO3A1,HDAC7,0.8926737
356,46,SLCO3A1,VDR,0.8838176
356,515,SLCO3A1,NCF1,0.88198334
356,58,SLCO3A1,RARB,0.8801098
356,536,SLCO3A1,MOGS,0.87684935
356,277,SLCO3A1,MEF2C,0.8603895
356,281,SLCO3A1,TGM2,0.8535019
356,380,SLCO3A1,NPDC1,0.8535019
356,252,SLCO3A1,HOXA9,0.84943974
356,379,SLCO3A1,BCL2,0.8481178
356,67,SLCO3A1,TEK,0.82961243
356,290,SLCO3A1,TMEM14C,0.82961243
356,442,SLCO3A1,HLF,0.82961243
356,392,SLCO3A1,PBX1,0.8265034
356,53,SLCO3A1,FCHO2,0.82645017
356,445,SLCO3A1,IL1R1,0.82645017
356,302,SLCO3A1,MEIS1,0.82635236
356,498,SLCO3A1,DENND2D,0.82061315
356,85,SLCO3A1,MECOM,0.8093563
356,398,SLCO3A1,APOE,0.80635184
164,527,SLFN2,TUBB4B,0.9804482
164,422,SLFN2,RUNX2,0.9795156
164,518,SLFN2,IL12A,0.9794573
164,550,SLFN2,SPI1,0.97564846
164,116,SLFN2,TOP2A,0.9744888
164,525,SLFN2,CD44,0.97241795
164,145,SLFN2,HMGB2,0.9706331
164,233,SLFN2,NOTCH1,0.97014475
164,190,SLFN2,TIPIN,0.96839195
164,216,SLFN2,MCM7,0.9671949
164,506,SLFN2,PRIM1,0.9660805
164,96,SLFN2,SLBP,0.9635566
164,213,SLFN2,MCM4,0.9625164
164,60,SLFN2,CDT1,0.9607973
164,131,SLFN2,CKS1B,0.9607973
164,335,SLFN2,HDAC7,0.9602129
164,320,SLFN2,MYC,0.9599392
164,68,SLFN2,MKI67,0.95707554
164,367,SLFN2,IL7R,0.9552167
164,267,SLFN2,SLC2A3,0.9496782
164,324,SLFN2,REL,0.9312972
164,530,SLFN2,IKZF1,0.9259667
164,27,SLFN2,HSD3B7,0.922431
164,334,SLFN2,CD74,0.9224093
164,118,SLFN2,FOXO1,0.9221475
164,459,SLFN2,IRF8,0.91241115
164,221,SLFN2,ARPP21,0.9078995
164,46,SLFN2,VDR,0.9026461
164,66,SLFN2,CBFB,0.9026461
164,416,SLFN2,GATA2,0.89369905
164,76,SLFN2,ESR1,0.8894898
164,380,SLFN2,NPDC1,0.88536197
164,515,SLFN2,NCF1,0.8819892
164,536,SLFN2,MOGS,0.8767786
164,69,SLFN2,MAGED1,0.8665095
164,58,SLFN2,RARB,0.8617976
164,257,SLFN2,UHRF1,0.85598487
164,281,SLFN2,TGM2,0.8535019
164,252,SLFN2,HOXA9,0.84943974
164,379,SLFN2,BCL2,0.8481178
164,67,SLFN2,TEK,0.82961243
164,290,SLFN2,TMEM14C,0.82961243
164,442,SLFN2,HLF,0.82961243
164,445,SLFN2,IL1R1,0.8268536
164,392,SLFN2,PBX1,0.8265034
164,53,SLFN2,FCHO2,0.82645017
164,302,SLFN2,MEIS1,0.82635236
164,498,SLFN2,DENND2D,0.8116205
164,85,SLFN2,MECOM,0.8093563
164,44,SLFN2,NUDT19,0.80635184
280,527,SMPDL3A,TUBB4B,0.9804482
280,422,SMPDL3A,RUNX2,0.9795156
280,518,SMPDL3A,IL12A,0.9794573
280,550,SMPDL3A,SPI1,0.9763708
280,116,SMPDL3A,TOP2A,0.9744888
280,525,SMPDL3A,CD44,0.97241795
280,145,SMPDL3A,HMGB2,0.9706331
280,233,SMPDL3A,NOTCH1,0.9701386
280,190,SMPDL3A,TIPIN,0.96839195
280,216,SMPDL3A,MCM7,0.9671949
280,506,SMPDL3A,PRIM1,0.9660805
280,96,SMPDL3A,SLBP,0.96462625
280,213,SMPDL3A,MCM4,0.9625164
280,60,SMPDL3A,CDT1,0.9607973
280,131,SMPDL3A,CKS1B,0.9607973
280,68,SMPDL3A,MKI67,0.96057385
280,335,SMPDL3A,HDAC7,0.9601742
280,320,SMPDL3A,MYC,0.9599392
280,367,SMPDL3A,IL7R,0.9552167
280,267,SMPDL3A,SLC2A3,0.94986004
280,324,SMPDL3A,REL,0.9312972
280,530,SMPDL3A,IKZF1,0.9259667
280,27,SMPDL3A,HSD3B7,0.9224093
280,334,SMPDL3A,CD74,0.9224093
280,118,SMPDL3A,FOXO1,0.9221475
280,459,SMPDL3A,IRF8,0.91241115
280,221,SMPDL3A,ARPP21,0.9078995
280,46,SMPDL3A,VDR,0.9026461
280,66,SMPDL3A,CBFB,0.9026461
280,69,SMPDL3A,MAGED1,0.89826274
280,416,SMPDL3A,GATA2,0.89369905
280,252,SMPDL3A,HOXA9,0.8903223
280,76,SMPDL3A,ESR1,0.88950634
280,515,SMPDL3A,NCF1,0.8819892
280,380,SMPDL3A,NPDC1,0.866834
280,277,SMPDL3A,MEF2C,0.8603895
280,257,SMPDL3A,UHRF1,0.85598487
280,281,SMPDL3A,TGM2,0.8535019
280,58,SMPDL3A,RARB,0.85201585
280,379,SMPDL3A,BCL2,0.8481178
280,536,SMPDL3A,MOGS,0.845154
280,302,SMPDL3A,MEIS1,0.8415131
280,442,SMPDL3A,HLF,0.8300135
280,67,SMPDL3A,TEK,0.82961243
280,290,SMPDL3A,TMEM14C,0.82961243
280,53,SMPDL3A,FCHO2,0.82645017
280,392,SMPDL3A,PBX1,0.82523584
280,445,SMPDL3A,IL1R1,0.82518214
280,498,SMPDL3A,DENND2D,0.82061315
280,85,SMPDL3A,MECOM,0.8093563
359,527,SNAP23,TUBB4B,0.9804482
359,518,SNAP23,IL12A,0.97965235
359,422,SNAP23,RUNX2,0.9795156
359,550,SNAP23,SPI1,0.9756855
359,116,SNAP23,TOP2A,0.9744888
359,525,SNAP23,CD44,0.9724201
359,145,SNAP23,HMGB2,0.9706331
359,233,SNAP23,NOTCH1,0.97014475
359,190,SNAP23,TIPIN,0.96839195
359,216,SNAP23,MCM7,0.9672028
359,506,SNAP23,PRIM1,0.9660947
359,96,SNAP23,SLBP,0.9635566
359,213,SNAP23,MCM4,0.9625164
359,68,SNAP23,MKI67,0.96199113
359,60,SNAP23,CDT1,0.9607973
359,131,SNAP23,CKS1B,0.9607973
359,335,SNAP23,HDAC7,0.9602129
359,320,SNAP23,MYC,0.9599392
359,267,SNAP23,SLC2A3,0.94998187
359,324,SNAP23,REL,0.9312972
359,46,SNAP23,VDR,0.92645776
359,27,SNAP23,HSD3B7,0.9224093
359,334,SNAP23,CD74,0.9224093
359,118,SNAP23,FOXO1,0.9221475
359,459,SNAP23,IRF8,0.91241115
359,221,SNAP23,ARPP21,0.9078995
359,66,SNAP23,CBFB,0.9026461
359,69,SNAP23,MAGED1,0.89826274
359,416,SNAP23,GATA2,0.89369905
359,76,SNAP23,ESR1,0.88950634
359,515,SNAP23,NCF1,0.8819892
359,536,SNAP23,MOGS,0.87684935
359,277,SNAP23,MEF2C,0.8603895
359,257,SNAP23,UHRF1,0.85598487
359,380,SNAP23,NPDC1,0.8535019
359,281,SNAP23,TGM2,0.850116
359,252,SNAP23,HOXA9,0.84943974
359,379,SNAP23,BCL2,0.8481178
359,67,SNAP23,TEK,0.82961243
359,290,SNAP23,TMEM14C,0.82961243
359,442,SNAP23,HLF,0.82961243
359,392,SNAP23,PBX1,0.8265034
359,53,SNAP23,FCHO2,0.82645017
359,445,SNAP23,IL1R1,0.82645017
359,302,SNAP23,MEIS1,0.82635236
359,498,SNAP23,DENND2D,0.82061315
359,367,SNAP23,IL7R,0.8187588
359,58,SNAP23,RARB,0.812356
359,85,SNAP23,MECOM,0.8093563
359,44,SNAP23,NUDT19,0.80635184
440,527,SNAP47,TUBB4B,0.9803658
440,422,SNAP47,RUNX2,0.9792211
440,518,SNAP47,IL12A,0.9791379
440,550,SNAP47,SPI1,0.975249
440,116,SNAP47,TOP2A,0.97405255
440,525,SNAP47,CD44,0.9718937
440,145,SNAP47,HMGB2,0.9700705
440,233,SNAP47,NOTCH1,0.96975887
440,190,SNAP47,TIPIN,0.9678688
440,216,SNAP47,MCM7,0.9666169
440,506,SNAP47,PRIM1,0.9654804
440,96,SNAP47,SLBP,0.96295595
440,367,SNAP47,IL7R,0.9626565
440,60,SNAP47,CDT1,0.96243304
440,213,SNAP47,MCM4,0.9619089
440,131,SNAP47,CKS1B,0.9601487
440,335,SNAP47,HDAC7,0.9584429
440,320,SNAP47,MYC,0.95814145
440,68,SNAP47,MKI67,0.95449436
440,530,SNAP47,IKZF1,0.92272913
440,27,SNAP47,HSD3B7,0.9187804
440,334,SNAP47,CD74,0.9187804
440,118,SNAP47,FOXO1,0.9184677
440,324,SNAP47,REL,0.9165911
440,459,SNAP47,IRF8,0.9082936
440,221,SNAP47,ARPP21,0.90387696
440,58,SNAP47,RARB,0.9009037
440,46,SNAP47,VDR,0.89830977
440,66,SNAP47,CBFB,0.89830977
440,69,SNAP47,MAGED1,0.89368725
440,416,SNAP47,GATA2,0.8890264
440,76,SNAP47,ESR1,0.8846255
440,267,SNAP47,SLC2A3,0.87907
440,515,SNAP47,NCF1,0.87693805
440,536,SNAP47,MOGS,0.8716404
440,277,SNAP47,MEF2C,0.85467225
440,257,SNAP47,UHRF1,0.8500134
440,281,SNAP47,TGM2,0.8474815
440,380,SNAP47,NPDC1,0.8474815
440,252,SNAP47,HOXA9,0.84353536
440,379,SNAP47,BCL2,0.84225786
440,442,SNAP47,HLF,0.82348794
440,290,SNAP47,TMEM14C,0.82307845
440,53,SNAP47,FCHO2,0.8199045
440,445,SNAP47,IL1R1,0.81985646
440,302,SNAP47,MEIS1,0.8197426
440,498,SNAP47,DENND2D,0.81383914
440,85,SNAP47,MECOM,0.8027477
440,67,SNAP47,TEK,0.80227935
440,398,SNAP47,APOE,0.8012665
6,422,SOCS2,RUNX2,0.98057485
6,367,SOCS2,IL7R,0.97965014
6,233,SOCS2,NOTCH1,0.9785083
6,530,SOCS2,IKZF1,0.97658736
6,320,SOCS2,MYC,0.9764498
6,335,SOCS2,HDAC7,0.97628295
6,550,SOCS2,SPI1,0.9759926
6,118,SOCS2,FOXO1,0.9757623
6,69,SOCS2,MAGED1,0.9757287
6,267,SOCS2,SLC2A3,0.9749023
6,527,SOCS2,TUBB4B,0.9745849
6,27,SOCS2,HSD3B7,0.97426546
6,334,SOCS2,CD74,0.97426546
6,66,SOCS2,CBFB,0.9722859
6,46,SOCS2,VDR,0.97223324
6,518,SOCS2,IL12A,0.97135675
6,76,SOCS2,ESR1,0.9701273
6,416,SOCS2,GATA2,0.9696633
6,525,SOCS2,CD44,0.9696629
6,221,SOCS2,ARPP21,0.968877
6,116,SOCS2,TOP2A,0.9664932
6,536,SOCS2,MOGS,0.9657946
6,515,SOCS2,NCF1,0.9647221
6,42,SOCS2,DACH1,0.9624733
6,257,SOCS2,UHRF1,0.9623172
6,277,SOCS2,MEF2C,0.95442384
6,281,SOCS2,TGM2,0.9513046
6,379,SOCS2,BCL2,0.95129925
6,380,SOCS2,NPDC1,0.9512894
6,252,SOCS2,HOXA9,0.950089
6,190,SOCS2,TIPIN,0.94427896
6,67,SOCS2,TEK,0.94290924
6,442,SOCS2,HLF,0.94290924
6,290,SOCS2,TMEM14C,0.94290215
6,145,SOCS2,HMGB2,0.9427858
6,53,SOCS2,FCHO2,0.9396195
6,445,SOCS2,IL1R1,0.9396195
6,302,SOCS2,MEIS1,0.93873316
6,498,SOCS2,DENND2D,0.93481225
6,85,SOCS2,MECOM,0.93166465
6,392,SOCS2,PBX1,0.9295044
6,216,SOCS2,MCM7,0.929454
6,44,SOCS2,NUDT19,0.92917484
6,398,SOCS2,APOE,0.92917484
6,541,SOCS2,PGR,0.92917484
6,506,SOCS2,PRIM1,0.9220132
6,459,SOCS2,IRF8,0.9121833
6,213,SOCS2,MCM4,0.8895158
6,96,SOCS2,SLBP,0.8699241
6,60,SOCS2,CDT1,0.8598863
43,550,SOX18,SPI1,0.97458106
43,527,SOX18,TUBB4B,0.97124857
43,518,SOX18,IL12A,0.97028536
43,422,SOX18,RUNX2,0.9701586
43,525,SOX18,CD44,0.961017
43,116,SOX18,TOP2A,0.95894957
43,233,SOX18,NOTCH1,0.95854765
43,145,SOX18,HMGB2,0.95488536
43,190,SOX18,TIPIN,0.9523861
43,506,SOX18,PRIM1,0.94856703
43,216,SOX18,MCM7,0.94607335
43,335,SOX18,HDAC7,0.94426805
43,96,SOX18,SLBP,0.94419223
43,320,SOX18,MYC,0.9434086
43,213,SOX18,MCM4,0.9424864
43,367,SOX18,IL7R,0.9378866
43,60,SOX18,CDT1,0.93626744
43,131,SOX18,CKS1B,0.93626744
43,267,SOX18,SLC2A3,0.93013555
43,68,SOX18,MKI67,0.92760986
43,118,SOX18,FOXO1,0.9245682
43,530,SOX18,IKZF1,0.89862406
43,334,SOX18,CD74,0.8928645
43,27,SOX18,HSD3B7,0.8928106
43,459,SOX18,IRF8,0.8818637
43,324,SOX18,REL,0.88052
43,221,SOX18,ARPP21,0.87160444
43,46,SOX18,VDR,0.86983603
43,66,SOX18,CBFB,0.86983603
43,58,SOX18,RARB,0.8668244
43,69,SOX18,MAGED1,0.8606712
43,416,SOX18,GATA2,0.8538552
43,515,SOX18,NCF1,0.85137844
43,536,SOX18,MOGS,0.8347739
43,277,SOX18,MEF2C,0.81732863
43,252,SOX18,HOXA9,0.81123304
43,257,SOX18,UHRF1,0.81041485
43,541,SOX18,PGR,0.80635184
43,281,SOX18,TGM2,0.8057942
43,379,SOX18,BCL2,0.801802
43,302,SOX18,MEIS1,0.781003
43,67,SOX18,TEK,0.78067696
43,290,SOX18,TMEM14C,0.78067696
43,442,SOX18,HLF,0.78067696
43,445,SOX18,IL1R1,0.77696276
43,53,SOX18,FCHO2,0.7769627
43,392,SOX18,PBX1,0.7769597
43,498,SOX18,DENND2D,0.77263385
43,85,SOX18,MECOM,0.7586468
43,44,SOX18,NUDT19,0.7561902
547,527,SP100,TUBB4B,0.9804482
547,422,SP100,RUNX2,0.9795156
547,518,SP100,IL12A,0.9794573
547,550,SP100,SPI1,0.9756468
547,116,SP100,TOP2A,0.9744888
547,506,SP100,PRIM1,0.97311485
547,525,SP100,CD44,0.97155815
547,145,SP100,HMGB2,0.9706331
547,233,SP100,NOTCH1,0.97014475
547,190,SP100,TIPIN,0.96839046
547,216,SP100,MCM7,0.96549934
547,96,SP100,SLBP,0.9635566
547,213,SP100,MCM4,0.9625164
547,335,SP100,HDAC7,0.9602129
547,320,SP100,MYC,0.9599392
547,131,SP100,CKS1B,0.9587652
547,68,SP100,MKI67,0.95707554
547,367,SP100,IL7R,0.9552167
547,267,SP100,SLC2A3,0.94998187
547,60,SP100,CDT1,0.9443571
547,324,SP100,REL,0.9312972
547,530,SP100,IKZF1,0.9259667
547,27,SP100,HSD3B7,0.9224093
547,334,SP100,CD74,0.9224093
547,118,SP100,FOXO1,0.9221475
547,459,SP100,IRF8,0.91241115
547,46,SP100,VDR,0.9026461
547,66,SP100,CBFB,0.9026461
547,69,SP100,MAGED1,0.89826274
547,221,SP100,ARPP21,0.8930235
547,416,SP100,GATA2,0.8923569
547,76,SP100,ESR1,0.88950634
547,515,SP100,NCF1,0.8819892
547,536,SP100,MOGS,0.87684935
547,58,SP100,RARB,0.8617976
547,277,SP100,MEF2C,0.8603895
547,498,SP100,DENND2D,0.8590346
547,392,SP100,PBX1,0.85900974
547,257,SP100,UHRF1,0.85598487
547,281,SP100,TGM2,0.8535019
547,380,SP100,NPDC1,0.8535019
547,252,SP100,HOXA9,0.8489048
547,379,SP100,BCL2,0.8481178
547,67,SP100,TEK,0.82961243
547,290,SP100,TMEM14C,0.82961243
547,442,SP100,HLF,0.82961243
547,302,SP100,MEIS1,0.8265075
547,445,SP100,IL1R1,0.82623875
547,237,SP100,ELF1,0.822649
547,53,SP100,FCHO2,0.82216334
22,527,SPC24,TUBB4B,0.9804482
22,422,SPC24,RUNX2,0.9795156
22,518,SPC24,IL12A,0.9794573
22,550,SPC24,SPI1,0.9756468
22,525,SPC24,CD44,0.97241795
22,145,SPC24,HMGB2,0.97065675
22,233,SPC24,NOTCH1,0.97014475
22,190,SPC24,TIPIN,0.96839195
22,116,SPC24,TOP2A,0.96774375
22,216,SPC24,MCM7,0.9671949
22,506,SPC24,PRIM1,0.9660742
22,96,SPC24,SLBP,0.9635566
22,131,SPC24,CKS1B,0.96254945
22,213,SPC24,MCM4,0.9625164
22,60,SPC24,CDT1,0.9607973
22,335,SPC24,HDAC7,0.9602129
22,320,SPC24,MYC,0.9599392
22,68,SPC24,MKI67,0.95707554
22,367,SPC24,IL7R,0.9552167
22,267,SPC24,SLC2A3,0.94998187
22,324,SPC24,REL,0.93116575
22,530,SPC24,IKZF1,0.9259667
22,27,SPC24,HSD3B7,0.9224093
22,334,SPC24,CD74,0.9224093
22,118,SPC24,FOXO1,0.9221475
22,459,SPC24,IRF8,0.91241115
22,221,SPC24,ARPP21,0.9078995
22,46,SPC24,VDR,0.9026461
22,66,SPC24,CBFB,0.9026461
22,69,SPC24,MAGED1,0.89826274
22,76,SPC24,ESR1,0.88950634
22,515,SPC24,NCF1,0.8821113
22,536,SPC24,MOGS,0.87219566
22,58,SPC24,RARB,0.8657541
22,252,SPC24,HOXA9,0.8654229
22,277,SPC24,MEF2C,0.8603895
22,257,SPC24,UHRF1,0.85598487
22,281,SPC24,TGM2,0.8535019
22,380,SPC24,NPDC1,0.8535019
22,379,SPC24,BCL2,0.8481178
22,290,SPC24,TMEM14C,0.82961243
22,442,SPC24,HLF,0.82961243
22,67,SPC24,TEK,0.8295973
22,392,SPC24,PBX1,0.8265034
22,53,SPC24,FCHO2,0.82645017
22,445,SPC24,IL1R1,0.82645017
22,302,SPC24,MEIS1,0.8255289
22,498,SPC24,DENND2D,0.82065773
22,85,SPC24,MECOM,0.8093563
22,44,SPC24,NUDT19,0.80635184
550,422,SPI1,RUNX2,0.9788101
550,527,SPI1,TUBB4B,0.9777745
550,518,SPI1,IL12A,0.97723854
550,233,SPI1,NOTCH1,0.9767819
550,367,SPI1,IL7R,0.97309643
550,116,SPI1,TOP2A,0.97290546
550,335,SPI1,HDAC7,0.9718551
550,525,SPI1,CD44,0.97135746
550,320,SPI1,MYC,0.9691353
550,190,SPI1,TIPIN,0.9633855
550,145,SPI1,HMGB2,0.96308964
550,506,SPI1,PRIM1,0.9596
550,96,SPI1,SLBP,0.9593424
550,530,SPI1,IKZF1,0.9586524
550,216,SPI1,MCM7,0.956438
550,334,SPI1,CD74,0.9524258
550,27,SPI1,HSD3B7,0.95222956
550,118,SPI1,FOXO1,0.95117563
550,69,SPI1,MAGED1,0.94479257
550,213,SPI1,MCM4,0.94360566
550,221,SPI1,ARPP21,0.93936193
550,46,SPI1,VDR,0.9369254
550,66,SPI1,CBFB,0.9369254
550,60,SPI1,CDT1,0.93348294
550,131,SPI1,CKS1B,0.93348294
550,416,SPI1,GATA2,0.92943776
550,76,SPI1,ESR1,0.92596495
550,68,SPI1,MKI67,0.92015535
550,515,SPI1,NCF1,0.91963524
550,536,SPI1,MOGS,0.9177021
550,459,SPI1,IRF8,0.9167574
550,379,SPI1,BCL2,0.90168583
550,277,SPI1,MEF2C,0.9005449
550,257,SPI1,UHRF1,0.8985187
550,252,SPI1,HOXA9,0.8887753
550,281,SPI1,TGM2,0.88672495
550,380,SPI1,NPDC1,0.88672495
550,267,SPI1,SLC2A3,0.88561463
550,445,SPI1,IL1R1,0.877488
550,302,SPI1,MEIS1,0.86649704
550,67,SPI1,TEK,0.866391
550,442,SPI1,HLF,0.866391
550,290,SPI1,TMEM14C,0.8663151
550,392,SPI1,PBX1,0.8610605
550,498,SPI1,DENND2D,0.8578067
550,541,SPI1,PGR,0.84815645
550,85,SPI1,MECOM,0.84721273
550,44,SPI1,NUDT19,0.8471518
550,398,SPI1,APOE,0.8471518
550,237,SPI1,ELF1,0.8326486
29,367,SPNS2,IL7R,0.978962
29,233,SPNS2,NOTCH1,0.97832286
29,335,SPNS2,HDAC7,0.9771475
29,320,SPNS2,MYC,0.9767884
29,267,SPNS2,SLC2A3,0.9752476
29,518,SPNS2,IL12A,0.97442186
29,422,SPNS2,RUNX2,0.9738662
29,118,SPNS2,FOXO1,0.97352964
29,530,SPNS2,IKZF1,0.9734658
29,27,SPNS2,HSD3B7,0.97319263
29,334,SPNS2,CD74,0.97304
29,550,SPNS2,SPI1,0.97261333
29,527,SPNS2,TUBB4B,0.97038674
29,221,SPNS2,ARPP21,0.9685758
29,46,SPNS2,VDR,0.96712965
29,66,SPNS2,CBFB,0.96712965
29,416,SPNS2,GATA2,0.9666381
29,69,SPNS2,MAGED1,0.9662456
29,525,SPNS2,CD44,0.9659878
29,76,SPNS2,ESR1,0.96598166
29,515,SPNS2,NCF1,0.9632528
29,536,SPNS2,MOGS,0.9617036
29,277,SPNS2,MEF2C,0.9559504
29,257,SPNS2,UHRF1,0.95438564
29,379,SPNS2,BCL2,0.9538503
29,281,SPNS2,TGM2,0.95323426
29,380,SPNS2,NPDC1,0.9530995
29,252,SPNS2,HOXA9,0.9483739
29,67,SPNS2,TEK,0.9474354
29,290,SPNS2,TMEM14C,0.9470699
29,442,SPNS2,HLF,0.9470699
29,53,SPNS2,FCHO2,0.9457567
29,445,SPNS2,IL1R1,0.94503003
29,302,SPNS2,MEIS1,0.9426868
29,498,SPNS2,DENND2D,0.9401344
29,44,SPNS2,NUDT19,0.93790704
29,398,SPNS2,APOE,0.93741876
29,541,SPNS2,PGR,0.93741876
29,85,SPNS2,MECOM,0.93718314
29,116,SPNS2,TOP2A,0.9313663
29,459,SPNS2,IRF8,0.93099177
29,237,SPNS2,ELF1,0.9288751
29,190,SPNS2,TIPIN,0.9218046
29,145,SPNS2,HMGB2,0.916676
29,42,SPNS2,DACH1,0.90617216
29,506,SPNS2,PRIM1,0.90102726
29,131,SPNS2,CKS1B,0.90016407
29,58,SPNS2,RARB,0.8992538
29,216,SPNS2,MCM7,0.89271563
29,392,SPNS2,PBX1,0.88236076
520,527,SPNS3,TUBB4B,0.9804033
520,422,SPNS3,RUNX2,0.9795156
520,518,SPNS3,IL12A,0.9794573
520,116,SPNS3,TOP2A,0.9744888
520,525,SPNS3,CD44,0.97241795
520,145,SPNS3,HMGB2,0.9719229
520,233,SPNS3,NOTCH1,0.97014475
520,550,SPNS3,SPI1,0.9682758
520,216,SPNS3,MCM7,0.9671949
520,190,SPNS3,TIPIN,0.9669248
520,506,SPNS3,PRIM1,0.9660805
520,96,SPNS3,SLBP,0.9635566
520,213,SPNS3,MCM4,0.96253204
520,60,SPNS3,CDT1,0.9607973
520,131,SPNS3,CKS1B,0.9607973
520,335,SPNS3,HDAC7,0.9602129
520,320,SPNS3,MYC,0.9599392
520,68,SPNS3,MKI67,0.95709574
520,367,SPNS3,IL7R,0.9552167
520,267,SPNS3,SLC2A3,0.94998187
520,324,SPNS3,REL,0.9312972
520,530,SPNS3,IKZF1,0.9259667
520,27,SPNS3,HSD3B7,0.9224093
520,334,SPNS3,CD74,0.9224093
520,118,SPNS3,FOXO1,0.9221475
520,459,SPNS3,IRF8,0.91241115
520,46,SPNS3,VDR,0.9026461
520,66,SPNS3,CBFB,0.9026461
520,416,SPNS3,GATA2,0.89369905
520,221,SPNS3,ARPP21,0.88841397
520,515,SPNS3,NCF1,0.8819892
520,536,SPNS3,MOGS,0.87684935
520,76,SPNS3,ESR1,0.8647452
520,58,SPNS3,RARB,0.8615498
520,277,SPNS3,MEF2C,0.8603895
520,257,SPNS3,UHRF1,0.85598487
520,380,SPNS3,NPDC1,0.8535019
520,252,SPNS3,HOXA9,0.84943974
520,379,SPNS3,BCL2,0.8481178
520,281,SPNS3,TGM2,0.84568316
520,290,SPNS3,TMEM14C,0.82961243
520,442,SPNS3,HLF,0.82961243
520,67,SPNS3,TEK,0.82840127
520,392,SPNS3,PBX1,0.8265034
520,53,SPNS3,FCHO2,0.82645017
520,445,SPNS3,IL1R1,0.82645017
520,302,SPNS3,MEIS1,0.82635236
520,498,SPNS3,DENND2D,0.82061315
520,85,SPNS3,MECOM,0.8093563
520,44,SPNS3,NUDT19,0.80635184
387,422,SSH2,RUNX2,0.97715694
387,527,SSH2,TUBB4B,0.97703826
387,518,SSH2,IL12A,0.97632
387,550,SSH2,SPI1,0.9727774
387,525,SSH2,CD44,0.9696426
387,116,SSH2,TOP2A,0.9686493
387,233,SSH2,NOTCH1,0.9663971
387,145,SSH2,HMGB2,0.9645464
387,216,SSH2,MCM7,0.96038276
387,190,SSH2,TIPIN,0.95937115
387,506,SSH2,PRIM1,0.9591111
387,335,SSH2,HDAC7,0.9576547
387,96,SSH2,SLBP,0.95604616
387,367,SSH2,IL7R,0.9548318
387,213,SSH2,MCM4,0.9547955
387,60,SSH2,CDT1,0.95029116
387,131,SSH2,CKS1B,0.95029116
387,267,SSH2,SLC2A3,0.94840574
387,68,SSH2,MKI67,0.94349474
387,530,SSH2,IKZF1,0.93127793
387,27,SSH2,HSD3B7,0.92777187
387,334,SSH2,CD74,0.92777187
387,118,SSH2,FOXO1,0.9276585
387,459,SSH2,IRF8,0.9218905
387,221,SSH2,ARPP21,0.91506386
387,324,SSH2,REL,0.9140977
387,46,SSH2,VDR,0.9117469
387,320,SSH2,MYC,0.9097849
387,69,SSH2,MAGED1,0.90519834
387,416,SSH2,GATA2,0.9026624
387,76,SSH2,ESR1,0.898597
387,66,SSH2,CBFB,0.89698726
387,536,SSH2,MOGS,0.8871077
387,58,SSH2,RARB,0.87589675
387,277,SSH2,MEF2C,0.87253314
387,257,SSH2,UHRF1,0.86735165
387,252,SSH2,HOXA9,0.8657469
387,281,SSH2,TGM2,0.8650243
387,380,SSH2,NPDC1,0.8650243
387,379,SSH2,BCL2,0.8607735
387,515,SSH2,NCF1,0.8527669
387,284,SSH2,MAML3,0.85091555
387,290,SSH2,TMEM14C,0.84384423
387,442,SSH2,HLF,0.84384423
387,445,SSH2,IL1R1,0.84318805
387,302,SSH2,MEIS1,0.8420313
387,392,SSH2,PBX1,0.841024
387,53,SSH2,FCHO2,0.84098047
387,498,SSH2,DENND2D,0.83637875
387,85,SSH2,MECOM,0.8262298
142,527,SSTR2,TUBB4B,0.9804482
142,422,SSTR2,RUNX2,0.9795156
142,518,SSTR2,IL12A,0.9781739
142,116,SSTR2,TOP2A,0.9744888
142,216,SSTR2,MCM7,0.97351426
142,525,SSTR2,CD44,0.97241795
142,145,SSTR2,HMGB2,0.9706331
142,233,SSTR2,NOTCH1,0.97014475
142,550,SSTR2,SPI1,0.9682758
142,190,SSTR2,TIPIN,0.96810985
142,506,SSTR2,PRIM1,0.9660808
142,131,SSTR2,CKS1B,0.96552783
142,96,SSTR2,SLBP,0.9635566
142,213,SSTR2,MCM4,0.9625164
142,335,SSTR2,HDAC7,0.9602129
142,320,SSTR2,MYC,0.9599392
142,60,SSTR2,CDT1,0.95946586
142,68,SSTR2,MKI67,0.95707554
142,367,SSTR2,IL7R,0.95523965
142,267,SSTR2,SLC2A3,0.94998187
142,76,SSTR2,ESR1,0.93199384
142,324,SSTR2,REL,0.9316092
142,27,SSTR2,HSD3B7,0.9224093
142,334,SSTR2,CD74,0.9224093
142,118,SSTR2,FOXO1,0.9221475
142,459,SSTR2,IRF8,0.91241115
142,530,SSTR2,IKZF1,0.909508
142,221,SSTR2,ARPP21,0.9078995
142,46,SSTR2,VDR,0.9026461
142,66,SSTR2,CBFB,0.90226114
142,69,SSTR2,MAGED1,0.89878035
142,416,SSTR2,GATA2,0.89369905
142,515,SSTR2,NCF1,0.8819892
142,536,SSTR2,MOGS,0.87684935
142,58,SSTR2,RARB,0.8620138
142,277,SSTR2,MEF2C,0.8603895
142,257,SSTR2,UHRF1,0.85598487
142,281,SSTR2,TGM2,0.85350466
142,380,SSTR2,NPDC1,0.8535019
142,252,SSTR2,HOXA9,0.84943974
142,379,SSTR2,BCL2,0.8481178
142,290,SSTR2,TMEM14C,0.8355803
142,67,SSTR2,TEK,0.82961243
142,442,SSTR2,HLF,0.82961243
142,392,SSTR2,PBX1,0.8265034
142,445,SSTR2,IL1R1,0.82645017
142,498,SSTR2,DENND2D,0.8264222
142,302,SSTR2,MEIS1,0.82635236
142,85,SSTR2,MECOM,0.8093563
142,44,SSTR2,NUDT19,0.80635184
439,527,ST8SIA4,TUBB4B,0.9804482
439,422,ST8SIA4,RUNX2,0.9795156
439,518,ST8SIA4,IL12A,0.9794573
439,550,ST8SIA4,SPI1,0.9756468
439,233,ST8SIA4,NOTCH1,0.97474355
439,525,ST8SIA4,CD44,0.97240037
439,116,ST8SIA4,TOP2A,0.971385
439,96,ST8SIA4,SLBP,0.9701001
439,320,ST8SIA4,MYC,0.96996236
439,335,ST8SIA4,HDAC7,0.9698814
439,506,ST8SIA4,PRIM1,0.9660805
439,267,ST8SIA4,SLC2A3,0.96560216
439,367,ST8SIA4,IL7R,0.9642963
439,216,ST8SIA4,MCM7,0.96228945
439,190,ST8SIA4,TIPIN,0.96023166
439,27,ST8SIA4,HSD3B7,0.95830697
439,334,ST8SIA4,CD74,0.95830697
439,118,ST8SIA4,FOXO1,0.9571829
439,145,ST8SIA4,HMGB2,0.9569396
439,213,ST8SIA4,MCM4,0.9557217
439,221,ST8SIA4,ARPP21,0.9510124
439,131,ST8SIA4,CKS1B,0.95070624
439,60,ST8SIA4,CDT1,0.9506358
439,53,ST8SIA4,FCHO2,0.9500868
439,69,ST8SIA4,MAGED1,0.94993186
439,46,ST8SIA4,VDR,0.94969314
439,66,ST8SIA4,CBFB,0.94969314
439,76,ST8SIA4,ESR1,0.94535536
439,68,ST8SIA4,MKI67,0.942511
439,257,ST8SIA4,UHRF1,0.9294768
439,281,ST8SIA4,TGM2,0.92928445
439,530,ST8SIA4,IKZF1,0.9261735
439,252,ST8SIA4,HOXA9,0.9246341
439,67,ST8SIA4,TEK,0.9220772
439,290,ST8SIA4,TMEM14C,0.9220772
439,58,ST8SIA4,RARB,0.920981
439,302,ST8SIA4,MEIS1,0.91992635
439,44,ST8SIA4,NUDT19,0.9178106
439,85,ST8SIA4,MECOM,0.9132557
439,459,ST8SIA4,IRF8,0.91241115
439,237,ST8SIA4,ELF1,0.90547377
439,324,ST8SIA4,REL,0.9015501
439,416,ST8SIA4,GATA2,0.89369905
439,277,ST8SIA4,MEF2C,0.8859739
439,42,ST8SIA4,DACH1,0.88578725
439,515,ST8SIA4,NCF1,0.8819892
439,536,ST8SIA4,MOGS,0.87684935
439,155,ST8SIA4,MYCN,0.8574829
439,284,ST8SIA4,MAML3,0.85733396
439,380,ST8SIA4,NPDC1,0.8535019
318,527,STARD4,TUBB4B,0.9804482
318,422,STARD4,RUNX2,0.9795156
318,518,STARD4,IL12A,0.9794573
318,550,STARD4,SPI1,0.9756468
318,116,STARD4,TOP2A,0.9744888
318,525,STARD4,CD44,0.97241795
318,190,STARD4,TIPIN,0.97179025
318,145,STARD4,HMGB2,0.9706331
318,233,STARD4,NOTCH1,0.97014475
318,216,STARD4,MCM7,0.9671949
318,96,STARD4,SLBP,0.96688485
318,506,STARD4,PRIM1,0.9660805
318,213,STARD4,MCM4,0.9637783
318,68,STARD4,MKI67,0.96216327
318,60,STARD4,CDT1,0.9607973
318,131,STARD4,CKS1B,0.9607973
318,335,STARD4,HDAC7,0.9602129
318,320,STARD4,MYC,0.9599392
318,367,STARD4,IL7R,0.95530397
318,324,STARD4,REL,0.95508116
318,267,STARD4,SLC2A3,0.94998187
318,530,STARD4,IKZF1,0.9259667
318,27,STARD4,HSD3B7,0.9224093
318,334,STARD4,CD74,0.9224093
318,118,STARD4,FOXO1,0.9221475
318,459,STARD4,IRF8,0.91241115
318,221,STARD4,ARPP21,0.9078995
318,46,STARD4,VDR,0.9026461
318,66,STARD4,CBFB,0.9026461
318,69,STARD4,MAGED1,0.89826274
318,416,STARD4,GATA2,0.8951221
318,515,STARD4,NCF1,0.8819892
318,536,STARD4,MOGS,0.8769069
318,277,STARD4,MEF2C,0.8603895
318,257,STARD4,UHRF1,0.85598487
318,281,STARD4,TGM2,0.8535019
318,380,STARD4,NPDC1,0.8534989
318,58,STARD4,RARB,0.84970224
318,252,STARD4,HOXA9,0.84943974
318,67,STARD4,TEK,0.82961243
318,290,STARD4,TMEM14C,0.82961243
318,442,STARD4,HLF,0.82961243
318,392,STARD4,PBX1,0.8265034
318,53,STARD4,FCHO2,0.82645017
318,445,STARD4,IL1R1,0.82641506
318,302,STARD4,MEIS1,0.82635236
318,498,STARD4,DENND2D,0.82061315
318,379,STARD4,BCL2,0.8161422
318,85,STARD4,MECOM,0.8093563
318,44,STARD4,NUDT19,0.80635184
294,527,STK10,TUBB4B,0.9804482
294,422,STK10,RUNX2,0.9795156
294,518,STK10,IL12A,0.9794573
294,550,STK10,SPI1,0.9756468
294,525,STK10,CD44,0.97530055
294,116,STK10,TOP2A,0.9744848
294,145,STK10,HMGB2,0.9706331
294,233,STK10,NOTCH1,0.97014475
294,213,STK10,MCM4,0.9687109
294,190,STK10,TIPIN,0.96839195
294,216,STK10,MCM7,0.9671949
294,506,STK10,PRIM1,0.9660805
294,96,STK10,SLBP,0.9635566
294,60,STK10,CDT1,0.9607973
294,131,STK10,CKS1B,0.9607973
294,335,STK10,HDAC7,0.9602129
294,320,STK10,MYC,0.9599392
294,68,STK10,MKI67,0.9571253
294,367,STK10,IL7R,0.9552167
294,267,STK10,SLC2A3,0.94998187
294,324,STK10,REL,0.9312972
294,66,STK10,CBFB,0.9280313
294,530,STK10,IKZF1,0.9259667
294,27,STK10,HSD3B7,0.9224093
294,334,STK10,CD74,0.9224093
294,118,STK10,FOXO1,0.9217096
294,459,STK10,IRF8,0.91241115
294,221,STK10,ARPP21,0.9078995
294,46,STK10,VDR,0.9026461
294,277,STK10,MEF2C,0.90249187
294,69,STK10,MAGED1,0.89826274
294,416,STK10,GATA2,0.89369905
294,76,STK10,ESR1,0.88950634
294,515,STK10,NCF1,0.8819892
294,536,STK10,MOGS,0.87684935
294,58,STK10,RARB,0.8617976
294,281,STK10,TGM2,0.8535019
294,380,STK10,NPDC1,0.8535019
294,252,STK10,HOXA9,0.84943974
294,379,STK10,BCL2,0.8494033
294,67,STK10,TEK,0.82961243
294,442,STK10,HLF,0.82961243
294,290,STK10,TMEM14C,0.8291014
294,445,STK10,IL1R1,0.82680583
294,392,STK10,PBX1,0.8265034
294,53,STK10,FCHO2,0.82645017
294,302,STK10,MEIS1,0.82635236
294,498,STK10,DENND2D,0.82061315
294,257,STK10,UHRF1,0.82020265
294,85,STK10,MECOM,0.8093563
454,527,STK17B,TUBB4B,0.9804332
454,422,STK17B,RUNX2,0.979992
454,518,STK17B,IL12A,0.9794574
454,550,STK17B,SPI1,0.9756142
454,116,STK17B,TOP2A,0.9744888
454,525,STK17B,CD44,0.9723785
454,145,STK17B,HMGB2,0.9706331
454,233,STK17B,NOTCH1,0.97010773
454,216,STK17B,MCM7,0.96898735
454,190,STK17B,TIPIN,0.9684479
454,506,STK17B,PRIM1,0.9661344
454,96,STK17B,SLBP,0.9635566
454,213,STK17B,MCM4,0.96258336
454,131,STK17B,CKS1B,0.9607973
454,335,STK17B,HDAC7,0.96012443
454,320,STK17B,MYC,0.95985186
454,68,STK17B,MKI67,0.95707554
454,60,STK17B,CDT1,0.9561901
454,367,STK17B,IL7R,0.95511687
454,267,STK17B,SLC2A3,0.9498674
454,324,STK17B,REL,0.9314049
454,530,STK17B,IKZF1,0.9257819
454,27,STK17B,HSD3B7,0.9224093
454,334,STK17B,CD74,0.92218107
454,118,STK17B,FOXO1,0.922094
454,459,STK17B,IRF8,0.9121813
454,221,STK17B,ARPP21,0.90761656
454,66,STK17B,CBFB,0.90152913
454,69,STK17B,MAGED1,0.89826274
454,416,STK17B,GATA2,0.8933763
454,46,STK17B,VDR,0.8901051
454,76,STK17B,ESR1,0.88948154
454,515,STK17B,NCF1,0.88163215
454,536,STK17B,MOGS,0.8764755
454,58,STK17B,RARB,0.8616021
454,277,STK17B,MEF2C,0.8599672
454,281,STK17B,TGM2,0.8530539
454,380,STK17B,NPDC1,0.8530539
454,252,STK17B,HOXA9,0.8489759
454,379,STK17B,BCL2,0.84766376
454,442,STK17B,HLF,0.8302253
454,67,STK17B,TEK,0.82961243
454,290,STK17B,TMEM14C,0.8290988
454,53,STK17B,FCHO2,0.82645017
454,392,STK17B,PBX1,0.8259794
454,245,STK17B,WFDC18,0.82597256
454,445,STK17B,IL1R1,0.8259261
454,302,STK17B,MEIS1,0.8258386
454,498,STK17B,DENND2D,0.8200707
454,85,STK17B,MECOM,0.8091291
463,527,STXBP1,TUBB4B,0.9804482
463,422,STXBP1,RUNX2,0.9795156
463,518,STXBP1,IL12A,0.97898465
463,550,STXBP1,SPI1,0.9756468
463,116,STXBP1,TOP2A,0.9744888
463,525,STXBP1,CD44,0.97240037
463,145,STXBP1,HMGB2,0.9706331
463,506,STXBP1,PRIM1,0.97011596
463,190,STXBP1,TIPIN,0.96839195
463,216,STXBP1,MCM7,0.9671949
463,233,STXBP1,NOTCH1,0.9645556
463,96,STXBP1,SLBP,0.9635566
463,213,STXBP1,MCM4,0.9625164
463,131,STXBP1,CKS1B,0.9607973
463,335,STXBP1,HDAC7,0.9602129
463,320,STXBP1,MYC,0.95994127
463,60,STXBP1,CDT1,0.9587652
463,68,STXBP1,MKI67,0.95707554
463,267,STXBP1,SLC2A3,0.94998187
463,367,STXBP1,IL7R,0.9470742
463,324,STXBP1,REL,0.9313936
463,530,STXBP1,IKZF1,0.9259667
463,118,STXBP1,FOXO1,0.9226252
463,27,STXBP1,HSD3B7,0.9224093
463,334,STXBP1,CD74,0.9224093
463,459,STXBP1,IRF8,0.91241115
463,221,STXBP1,ARPP21,0.9078995
463,46,STXBP1,VDR,0.9026461
463,66,STXBP1,CBFB,0.9023082
463,69,STXBP1,MAGED1,0.89826274
463,76,STXBP1,ESR1,0.8956794
463,416,STXBP1,GATA2,0.8941277
463,515,STXBP1,NCF1,0.88200414
463,536,STXBP1,MOGS,0.87684935
463,257,STXBP1,UHRF1,0.8728619
463,58,STXBP1,RARB,0.8617976
463,277,STXBP1,MEF2C,0.85981333
463,281,STXBP1,TGM2,0.8535019
463,380,STXBP1,NPDC1,0.8535019
463,252,STXBP1,HOXA9,0.84943974
463,379,STXBP1,BCL2,0.8481178
463,498,STXBP1,DENND2D,0.84103245
463,67,STXBP1,TEK,0.830005
463,290,STXBP1,TMEM14C,0.82974154
463,442,STXBP1,HLF,0.82961243
463,392,STXBP1,PBX1,0.8265034
463,53,STXBP1,FCHO2,0.82645017
463,445,STXBP1,IL1R1,0.82645017
463,302,STXBP1,MEIS1,0.82635236
463,85,STXBP1,MECOM,0.81041145
72,527,SULT1A1,TUBB4B,0.98043436
72,422,SULT1A1,RUNX2,0.9798493
72,518,SULT1A1,IL12A,0.9794573
72,550,SULT1A1,SPI1,0.9756478
72,116,SULT1A1,TOP2A,0.9744888
72,145,SULT1A1,HMGB2,0.97200036
72,525,SULT1A1,CD44,0.9714472
72,233,SULT1A1,NOTCH1,0.97014475
72,190,SULT1A1,TIPIN,0.9684056
72,216,SULT1A1,MCM7,0.9672028
72,506,SULT1A1,PRIM1,0.9660805
72,96,SULT1A1,SLBP,0.96353114
72,213,SULT1A1,MCM4,0.9625164
72,320,SULT1A1,MYC,0.96238226
72,131,SULT1A1,CKS1B,0.96081066
72,60,SULT1A1,CDT1,0.9607973
72,335,SULT1A1,HDAC7,0.9602129
72,68,SULT1A1,MKI67,0.95707554
72,267,SULT1A1,SLC2A3,0.95551366
72,367,SULT1A1,IL7R,0.9552167
72,324,SULT1A1,REL,0.93121797
72,530,SULT1A1,IKZF1,0.9259667
72,118,SULT1A1,FOXO1,0.9221475
72,27,SULT1A1,HSD3B7,0.92193997
72,459,SULT1A1,IRF8,0.91241115
72,221,SULT1A1,ARPP21,0.9078995
72,379,SULT1A1,BCL2,0.90324587
72,46,SULT1A1,VDR,0.9026461
72,66,SULT1A1,CBFB,0.9026461
72,334,SULT1A1,CD74,0.900346
72,69,SULT1A1,MAGED1,0.89826274
72,416,SULT1A1,GATA2,0.89369905
72,76,SULT1A1,ESR1,0.8897694
72,515,SULT1A1,NCF1,0.8823218
72,536,SULT1A1,MOGS,0.87684935
72,58,SULT1A1,RARB,0.8617976
72,277,SULT1A1,MEF2C,0.86048657
72,257,SULT1A1,UHRF1,0.85598487
72,281,SULT1A1,TGM2,0.8535019
72,380,SULT1A1,NPDC1,0.85347146
72,252,SULT1A1,HOXA9,0.84943974
72,67,SULT1A1,TEK,0.82961243
72,442,SULT1A1,HLF,0.82961243
72,392,SULT1A1,PBX1,0.8265034
72,53,SULT1A1,FCHO2,0.82645017
72,302,SULT1A1,MEIS1,0.82635236
72,498,SULT1A1,DENND2D,0.82061315
72,85,SULT1A1,MECOM,0.8093563
72,398,SULT1A1,APOE,0.80757624
72,445,SULT1A1,IL1R1,0.8069845
357,527,SYK,TUBB4B,0.9804482
357,422,SYK,RUNX2,0.9795156
357,518,SYK,IL12A,0.9794573
357,550,SYK,SPI1,0.9756251
357,116,SYK,TOP2A,0.9744888
357,525,SYK,CD44,0.97241795
357,145,SYK,HMGB2,0.9706331
357,233,SYK,NOTCH1,0.96926033
357,190,SYK,TIPIN,0.96839195
357,216,SYK,MCM7,0.9671949
357,506,SYK,PRIM1,0.9660805
357,96,SYK,SLBP,0.9635566
357,60,SYK,CDT1,0.9607973
357,131,SYK,CKS1B,0.9607973
357,320,SYK,MYC,0.9599392
357,68,SYK,MKI67,0.95707583
357,367,SYK,IL7R,0.9552167
357,267,SYK,SLC2A3,0.94998187
357,213,SYK,MCM4,0.94943076
357,324,SYK,REL,0.9312993
357,530,SYK,IKZF1,0.9259667
357,334,SYK,CD74,0.92260367
357,27,SYK,HSD3B7,0.9224093
357,118,SYK,FOXO1,0.922094
357,459,SYK,IRF8,0.91241115
357,221,SYK,ARPP21,0.9079335
357,66,SYK,CBFB,0.9026461
357,69,SYK,MAGED1,0.89826274
357,76,SYK,ESR1,0.89534956
357,416,SYK,GATA2,0.89369905
357,335,SYK,HDAC7,0.8926737
357,46,SYK,VDR,0.8838176
357,515,SYK,NCF1,0.88198334
357,58,SYK,RARB,0.8801098
357,536,SYK,MOGS,0.87684935
357,277,SYK,MEF2C,0.8603895
357,281,SYK,TGM2,0.8535019
357,380,SYK,NPDC1,0.8535019
357,252,SYK,HOXA9,0.84943974
357,379,SYK,BCL2,0.8481178
357,67,SYK,TEK,0.82961243
357,290,SYK,TMEM14C,0.82961243
357,442,SYK,HLF,0.82961243
357,392,SYK,PBX1,0.8265034
357,53,SYK,FCHO2,0.82645017
357,445,SYK,IL1R1,0.82645017
357,302,SYK,MEIS1,0.82635236
357,498,SYK,DENND2D,0.82061315
357,85,SYK,MECOM,0.8093563
357,398,SYK,APOE,0.80635184
298,527,SYTL1,TUBB4B,0.9803658
298,422,SYTL1,RUNX2,0.9792211
298,518,SYTL1,IL12A,0.9791379
298,550,SYTL1,SPI1,0.975249
298,525,SYTL1,CD44,0.9747815
298,116,SYTL1,TOP2A,0.9740491
298,145,SYTL1,HMGB2,0.9700705
298,233,SYTL1,NOTCH1,0.96975887
298,213,SYTL1,MCM4,0.96830785
298,190,SYTL1,TIPIN,0.9678688
298,216,SYTL1,MCM7,0.9666169
298,506,SYTL1,PRIM1,0.9654804
298,96,SYTL1,SLBP,0.96295595
298,60,SYTL1,CDT1,0.9601487
298,131,SYTL1,CKS1B,0.9601487
298,335,SYTL1,HDAC7,0.9584429
298,320,SYTL1,MYC,0.95814145
298,68,SYTL1,MKI67,0.95646375
298,367,SYTL1,IL7R,0.95323
298,267,SYTL1,SLC2A3,0.94779825
298,324,SYTL1,REL,0.9302774
298,66,SYTL1,CBFB,0.9250328
298,530,SYTL1,IKZF1,0.9225141
298,27,SYTL1,HSD3B7,0.9187804
298,334,SYTL1,CD74,0.9187804
298,118,SYTL1,FOXO1,0.9180127
298,459,SYTL1,IRF8,0.9082936
298,221,SYTL1,ARPP21,0.90387696
298,46,SYTL1,VDR,0.89830977
298,277,SYTL1,MEF2C,0.8981983
298,69,SYTL1,MAGED1,0.89368725
298,416,SYTL1,GATA2,0.8890264
298,76,SYTL1,ESR1,0.8846255
298,515,SYTL1,NCF1,0.87693805
298,536,SYTL1,MOGS,0.8716404
298,58,SYTL1,RARB,0.8560701
298,281,SYTL1,TGM2,0.8474815
298,380,SYTL1,NPDC1,0.8474815
298,252,SYTL1,HOXA9,0.84353536
298,379,SYTL1,BCL2,0.84330255
298,67,SYTL1,TEK,0.82307845
298,442,SYTL1,HLF,0.82307845
298,290,SYTL1,TMEM14C,0.8225524
298,445,SYTL1,IL1R1,0.8202675
298,392,SYTL1,PBX1,0.81995887
298,53,SYTL1,FCHO2,0.8199045
298,302,SYTL1,MEIS1,0.8197426
298,498,SYTL1,DENND2D,0.81383914
298,257,SYTL1,UHRF1,0.8138087
298,85,SYTL1,MECOM,0.8027477
80,367,TAPT1,IL7R,0.97747654
80,233,TAPT1,NOTCH1,0.9767322
80,518,TAPT1,IL12A,0.9755972
80,335,TAPT1,HDAC7,0.97539943
80,320,TAPT1,MYC,0.9749469
80,422,TAPT1,RUNX2,0.97464377
80,530,TAPT1,IKZF1,0.974311
80,550,TAPT1,SPI1,0.97414035
80,267,TAPT1,SLC2A3,0.9735885
80,527,TAPT1,TUBB4B,0.97271943
80,27,TAPT1,HSD3B7,0.96836734
80,334,TAPT1,CD74,0.96836734
80,525,TAPT1,CD44,0.96795255
80,416,TAPT1,GATA2,0.9679482
80,118,TAPT1,FOXO1,0.96696943
80,515,TAPT1,NCF1,0.9647351
80,257,TAPT1,UHRF1,0.96449286
80,221,TAPT1,ARPP21,0.9635723
80,536,TAPT1,MOGS,0.9632864
80,46,TAPT1,VDR,0.961842
80,69,TAPT1,MAGED1,0.96057576
80,66,TAPT1,CBFB,0.9604995
80,76,TAPT1,ESR1,0.95838064
80,379,TAPT1,BCL2,0.955986
80,380,TAPT1,NPDC1,0.95452315
80,277,TAPT1,MEF2C,0.94863504
80,42,TAPT1,DACH1,0.94849515
80,392,TAPT1,PBX1,0.94806856
80,281,TAPT1,TGM2,0.94626606
80,498,TAPT1,DENND2D,0.94409883
80,398,TAPT1,APOE,0.94037706
80,541,TAPT1,PGR,0.94037706
80,67,TAPT1,TEK,0.93908584
80,290,TAPT1,TMEM14C,0.93908584
80,53,TAPT1,FCHO2,0.93702805
80,459,TAPT1,IRF8,0.9369736
80,116,TAPT1,TOP2A,0.9367822
80,302,TAPT1,MEIS1,0.9364627
80,44,TAPT1,NUDT19,0.9354785
80,85,TAPT1,MECOM,0.9337273
80,237,TAPT1,ELF1,0.92827946
80,252,TAPT1,HOXA9,0.9270761
80,145,TAPT1,HMGB2,0.9039928
80,506,TAPT1,PRIM1,0.9039053
80,190,TAPT1,TIPIN,0.9013529
80,155,TAPT1,MYCN,0.89393747
80,284,TAPT1,MAML3,0.89237916
80,445,TAPT1,IL1R1,0.8916093
80,78,TAPT1,ICA1,0.8759412
80,216,TAPT1,MCM7,0.8737721
444,527,TBC1D5,TUBB4B,0.9804482
444,422,TBC1D5,RUNX2,0.9795156
444,518,TBC1D5,IL12A,0.9794573
444,550,TBC1D5,SPI1,0.9756468
444,116,TBC1D5,TOP2A,0.9744888
444,525,TBC1D5,CD44,0.97240037
444,145,TBC1D5,HMGB2,0.9706331
444,233,TBC1D5,NOTCH1,0.97014475
444,190,TBC1D5,TIPIN,0.96839195
444,216,TBC1D5,MCM7,0.9671949
444,506,TBC1D5,PRIM1,0.9660805
444,367,TBC1D5,IL7R,0.9642963
444,96,TBC1D5,SLBP,0.9635566
444,60,TBC1D5,CDT1,0.9628638
444,213,TBC1D5,MCM4,0.9625164
444,131,TBC1D5,CKS1B,0.9607973
444,335,TBC1D5,HDAC7,0.9602129
444,320,TBC1D5,MYC,0.9599392
444,68,TBC1D5,MKI67,0.95518214
444,530,TBC1D5,IKZF1,0.9261735
444,27,TBC1D5,HSD3B7,0.9224093
444,334,TBC1D5,CD74,0.9224093
444,118,TBC1D5,FOXO1,0.9221475
444,324,TBC1D5,REL,0.9181321
444,459,TBC1D5,IRF8,0.91241115
444,221,TBC1D5,ARPP21,0.9078995
444,58,TBC1D5,RARB,0.90535253
444,46,TBC1D5,VDR,0.9026461
444,66,TBC1D5,CBFB,0.9026461
444,69,TBC1D5,MAGED1,0.89826274
444,416,TBC1D5,GATA2,0.89369905
444,76,TBC1D5,ESR1,0.88950634
444,267,TBC1D5,SLC2A3,0.883945
444,515,TBC1D5,NCF1,0.8819892
444,536,TBC1D5,MOGS,0.87684935
444,277,TBC1D5,MEF2C,0.8603895
444,257,TBC1D5,UHRF1,0.85598487
444,281,TBC1D5,TGM2,0.8535019
444,380,TBC1D5,NPDC1,0.8535019
444,252,TBC1D5,HOXA9,0.84943974
444,379,TBC1D5,BCL2,0.8483872
444,442,TBC1D5,HLF,0.8300135
444,290,TBC1D5,TMEM14C,0.82961243
444,53,TBC1D5,FCHO2,0.82645017
444,445,TBC1D5,IL1R1,0.8264039
444,302,TBC1D5,MEIS1,0.82635236
444,498,TBC1D5,DENND2D,0.82061315
444,85,TBC1D5,MECOM,0.8093563
444,67,TBC1D5,TEK,0.80882376
444,398,TBC1D5,APOE,0.80776733
136,527,TBXA2R,TUBB4B,0.9804482
136,422,TBXA2R,RUNX2,0.9795236
136,518,TBXA2R,IL12A,0.9794573
136,550,TBXA2R,SPI1,0.9756468
136,116,TBXA2R,TOP2A,0.9744888
136,525,TBXA2R,CD44,0.97241795
136,145,TBXA2R,HMGB2,0.9706331
136,233,TBXA2R,NOTCH1,0.97014475
136,190,TBXA2R,TIPIN,0.96839195
136,216,TBXA2R,MCM7,0.9671949
136,506,TBXA2R,PRIM1,0.9660805
136,96,TBXA2R,SLBP,0.9635566
136,213,TBXA2R,MCM4,0.9625164
136,60,TBXA2R,CDT1,0.9607973
136,131,TBXA2R,CKS1B,0.960767
136,68,TBXA2R,MKI67,0.96064967
136,335,TBXA2R,HDAC7,0.9602129
136,320,TBXA2R,MYC,0.9599392
136,367,TBXA2R,IL7R,0.9552167
136,267,TBXA2R,SLC2A3,0.9499951
136,530,TBXA2R,IKZF1,0.9259059
136,27,TBXA2R,HSD3B7,0.9224093
136,334,TBXA2R,CD74,0.9224093
136,118,TBXA2R,FOXO1,0.9221475
136,459,TBXA2R,IRF8,0.91241115
136,324,TBXA2R,REL,0.90866
136,221,TBXA2R,ARPP21,0.9078995
136,46,TBXA2R,VDR,0.9026461
136,66,TBXA2R,CBFB,0.9026461
136,69,TBXA2R,MAGED1,0.89826274
136,416,TBXA2R,GATA2,0.89369905
136,76,TBXA2R,ESR1,0.88950634
136,515,TBXA2R,NCF1,0.8819892
136,536,TBXA2R,MOGS,0.87684935
136,277,TBXA2R,MEF2C,0.87148577
136,58,TBXA2R,RARB,0.8617976
136,257,TBXA2R,UHRF1,0.85598487
136,281,TBXA2R,TGM2,0.8535019
136,380,TBXA2R,NPDC1,0.8535019
136,252,TBXA2R,HOXA9,0.84943974
136,379,TBXA2R,BCL2,0.8481178
136,67,TBXA2R,TEK,0.82961243
136,290,TBXA2R,TMEM14C,0.82961243
136,442,TBXA2R,HLF,0.82961243
136,392,TBXA2R,PBX1,0.8265034
136,53,TBXA2R,FCHO2,0.82645017
136,445,TBXA2R,IL1R1,0.82645017
136,302,TBXA2R,MEIS1,0.82635236
136,498,TBXA2R,DENND2D,0.81916493
136,85,TBXA2R,MECOM,0.8093563
33,527,TBXAS1,TUBB4B,0.9804482
33,422,TBXAS1,RUNX2,0.9795156
33,518,TBXAS1,IL12A,0.9787779
33,550,TBXAS1,SPI1,0.9756468
33,116,TBXAS1,TOP2A,0.9744888
33,525,TBXAS1,CD44,0.97241795
33,145,TBXAS1,HMGB2,0.97052413
33,233,TBXAS1,NOTCH1,0.97014475
33,190,TBXAS1,TIPIN,0.96839195
33,216,TBXAS1,MCM7,0.9671949
33,506,TBXAS1,PRIM1,0.9660805
33,96,TBXAS1,SLBP,0.9635566
33,213,TBXAS1,MCM4,0.9625164
33,335,TBXAS1,HDAC7,0.9621638
33,60,TBXAS1,CDT1,0.9607973
33,131,TBXAS1,CKS1B,0.9607973
33,320,TBXAS1,MYC,0.9599392
33,68,TBXAS1,MKI67,0.95707554
33,367,TBXAS1,IL7R,0.9552167
33,267,TBXAS1,SLC2A3,0.94998187
33,324,TBXAS1,REL,0.93131983
33,530,TBXAS1,IKZF1,0.9259667
33,27,TBXAS1,HSD3B7,0.9224093
33,334,TBXAS1,CD74,0.9224093
33,118,TBXAS1,FOXO1,0.9221475
33,459,TBXAS1,IRF8,0.91241115
33,221,TBXAS1,ARPP21,0.9078995
33,46,TBXAS1,VDR,0.9026461
33,66,TBXAS1,CBFB,0.9026461
33,69,TBXAS1,MAGED1,0.89826274
33,416,TBXAS1,GATA2,0.89369905
33,76,TBXAS1,ESR1,0.88950634
33,515,TBXAS1,NCF1,0.8819892
33,536,TBXAS1,MOGS,0.87684935
33,58,TBXAS1,RARB,0.8617976
33,277,TBXAS1,MEF2C,0.85981935
33,257,TBXAS1,UHRF1,0.85603493
33,281,TBXAS1,TGM2,0.8535019
33,380,TBXAS1,NPDC1,0.85313666
33,252,TBXAS1,HOXA9,0.84943974
33,379,TBXAS1,BCL2,0.8481178
33,67,TBXAS1,TEK,0.82961243
33,290,TBXAS1,TMEM14C,0.82961243
33,442,TBXAS1,HLF,0.82961243
33,53,TBXAS1,FCHO2,0.82645017
33,445,TBXAS1,IL1R1,0.82645017
33,302,TBXAS1,MEIS1,0.82635236
33,498,TBXAS1,DENND2D,0.82061315
33,85,TBXAS1,MECOM,0.8093563
33,44,TBXAS1,NUDT19,0.80635184
101,527,TEAD2,TUBB4B,0.9804482
101,422,TEAD2,RUNX2,0.9795156
101,518,TEAD2,IL12A,0.9794573
101,550,TEAD2,SPI1,0.9756468
101,116,TEAD2,TOP2A,0.9744888
101,525,TEAD2,CD44,0.97241795
101,145,TEAD2,HMGB2,0.9706331
101,190,TEAD2,TIPIN,0.96839195
101,216,TEAD2,MCM7,0.9671949
101,506,TEAD2,PRIM1,0.9660805
101,96,TEAD2,SLBP,0.9635566
101,60,TEAD2,CDT1,0.9607973
101,131,TEAD2,CKS1B,0.9607973
101,213,TEAD2,MCM4,0.96077335
101,335,TEAD2,HDAC7,0.96017826
101,320,TEAD2,MYC,0.9599392
101,68,TEAD2,MKI67,0.95707554
101,367,TEAD2,IL7R,0.9552167
101,267,TEAD2,SLC2A3,0.94998187
101,324,TEAD2,REL,0.9312972
101,530,TEAD2,IKZF1,0.9265143
101,334,TEAD2,CD74,0.9224093
101,118,TEAD2,FOXO1,0.9221475
101,27,TEAD2,HSD3B7,0.9221469
101,257,TEAD2,UHRF1,0.91570383
101,459,TEAD2,IRF8,0.91241115
101,66,TEAD2,CBFB,0.9079833
101,221,TEAD2,ARPP21,0.9078995
101,233,TEAD2,NOTCH1,0.90727675
101,46,TEAD2,VDR,0.90226114
101,69,TEAD2,MAGED1,0.89826274
101,416,TEAD2,GATA2,0.8937529
101,76,TEAD2,ESR1,0.88950634
101,515,TEAD2,NCF1,0.8819892
101,536,TEAD2,MOGS,0.87684935
101,58,TEAD2,RARB,0.8617976
101,277,TEAD2,MEF2C,0.8603895
101,281,TEAD2,TGM2,0.8535019
101,380,TEAD2,NPDC1,0.8535019
101,252,TEAD2,HOXA9,0.84943974
101,379,TEAD2,BCL2,0.8481178
101,67,TEAD2,TEK,0.82961243
101,290,TEAD2,TMEM14C,0.82961243
101,442,TEAD2,HLF,0.82961243
101,53,TEAD2,FCHO2,0.82645017
101,445,TEAD2,IL1R1,0.82645017
101,302,TEAD2,MEIS1,0.82635236
101,392,TEAD2,PBX1,0.8262921
101,85,TEAD2,MECOM,0.8093563
101,44,TEAD2,NUDT19,0.80635184
67,422,TEK,RUNX2,0.97843105
67,233,TEK,NOTCH1,0.9779171
67,527,TEK,TUBB4B,0.97674996
67,518,TEK,IL12A,0.97654325
67,367,TEK,IL7R,0.9760809
67,550,TEK,SPI1,0.9754851
67,335,TEK,HDAC7,0.97421557
67,320,TEK,MYC,0.97302896
67,525,TEK,CD44,0.97066015
67,267,TEK,SLC2A3,0.9705814
67,530,TEK,IKZF1,0.9672509
67,116,TEK,TOP2A,0.9668573
67,27,TEK,HSD3B7,0.9654739
67,118,TEK,FOXO1,0.9647787
67,221,TEK,ARPP21,0.95680314
67,190,TEK,TIPIN,0.9554649
67,145,TEK,HMGB2,0.95483464
67,379,TEK,BCL2,0.95439947
67,334,TEK,CD74,0.95329815
67,46,TEK,VDR,0.9527602
67,66,TEK,CBFB,0.9527602
67,69,TEK,MAGED1,0.9506028
67,416,TEK,GATA2,0.9481336
67,76,TEK,ESR1,0.9458375
67,506,TEK,PRIM1,0.94535077
67,216,TEK,MCM7,0.94453436
67,515,TEK,NCF1,0.9405355
67,536,TEK,MOGS,0.9396861
67,459,TEK,IRF8,0.93195313
67,257,TEK,UHRF1,0.92549336
67,96,TEK,SLBP,0.9247335
67,277,TEK,MEF2C,0.9244603
67,213,TEK,MCM4,0.9232385
67,281,TEK,TGM2,0.91449136
67,380,TEK,NPDC1,0.9144067
67,252,TEK,HOXA9,0.9143559
67,60,TEK,CDT1,0.9076335
67,131,TEK,CKS1B,0.90759987
67,442,TEK,HLF,0.8967717
67,302,TEK,MEIS1,0.89610356
67,392,TEK,PBX1,0.8918208
67,53,TEK,FCHO2,0.89176816
67,498,TEK,DENND2D,0.88788795
67,68,TEK,MKI67,0.88442737
67,398,TEK,APOE,0.8804423
67,85,TEK,MECOM,0.8796199
67,44,TEK,NUDT19,0.8791003
67,541,TEK,PGR,0.8784132
67,237,TEK,ELF1,0.8647658
67,445,TEK,IL1R1,0.86350995
412,527,TES,TUBB4B,0.9803658
412,422,TES,RUNX2,0.9792211
412,518,TES,IL12A,0.9791379
412,550,TES,SPI1,0.97522175
412,116,TES,TOP2A,0.97405255
412,525,TES,CD44,0.9719115
412,145,TES,HMGB2,0.9700705
412,233,TES,NOTCH1,0.96975887
412,96,TES,SLBP,0.9695907
412,190,TES,TIPIN,0.96788466
412,216,TES,MCM7,0.9666169
412,506,TES,PRIM1,0.9654804
412,213,TES,MCM4,0.9619089
412,324,TES,REL,0.9605054
412,60,TES,CDT1,0.9601487
412,131,TES,CKS1B,0.9601487
412,335,TES,HDAC7,0.9584429
412,320,TES,MYC,0.95816016
412,367,TES,IL7R,0.95323
412,267,TES,SLC2A3,0.94779825
412,68,TES,MKI67,0.93630505
412,530,TES,IKZF1,0.9225141
412,27,TES,HSD3B7,0.9187804
412,334,TES,CD74,0.9187804
412,118,TES,FOXO1,0.9184794
412,221,TES,ARPP21,0.90387696
412,46,TES,VDR,0.89830977
412,459,TES,IRF8,0.8957954
412,69,TES,MAGED1,0.89368725
412,76,TES,ESR1,0.8846255
412,515,TES,NCF1,0.87693805
412,536,TES,MOGS,0.86702836
412,277,TES,MEF2C,0.8553505
412,257,TES,UHRF1,0.8500134
412,281,TES,TGM2,0.8474815
412,380,TES,NPDC1,0.8474815
412,252,TES,HOXA9,0.8446478
412,66,TES,CBFB,0.8436396
412,67,TES,TEK,0.82307845
412,442,TES,HLF,0.82307845
412,290,TES,TMEM14C,0.82298434
412,392,TES,PBX1,0.8212628
412,53,TES,FCHO2,0.8199045
412,302,TES,MEIS1,0.8197426
412,498,TES,DENND2D,0.81383914
412,58,TES,RARB,0.80747133
412,85,TES,MECOM,0.8027477
412,398,TES,APOE,0.7998247
412,541,TES,PGR,0.7998247
412,237,TES,ELF1,0.79296035
210,527,TESPA1,TUBB4B,0.9804482
210,422,TESPA1,RUNX2,0.9795156
210,518,TESPA1,IL12A,0.9794573
210,550,TESPA1,SPI1,0.9756468
210,116,TESPA1,TOP2A,0.9745165
210,525,TESPA1,CD44,0.97241795
210,145,TESPA1,HMGB2,0.9706331
210,233,TESPA1,NOTCH1,0.97014475
210,190,TESPA1,TIPIN,0.96839195
210,216,TESPA1,MCM7,0.9671949
210,96,TESPA1,SLBP,0.9635566
210,213,TESPA1,MCM4,0.9625194
210,60,TESPA1,CDT1,0.9607973
210,131,TESPA1,CKS1B,0.9607973
210,335,TESPA1,HDAC7,0.9602129
210,320,TESPA1,MYC,0.9599572
210,506,TESPA1,PRIM1,0.95753974
210,68,TESPA1,MKI67,0.95707554
210,367,TESPA1,IL7R,0.9533383
210,267,TESPA1,SLC2A3,0.9470839
210,324,TESPA1,REL,0.9312972
210,530,TESPA1,IKZF1,0.92961484
210,27,TESPA1,HSD3B7,0.9224093
210,334,TESPA1,CD74,0.9224093
210,118,TESPA1,FOXO1,0.9146215
210,221,TESPA1,ARPP21,0.9052148
210,46,TESPA1,VDR,0.9026461
210,66,TESPA1,CBFB,0.9026461
210,459,TESPA1,IRF8,0.8990471
210,69,TESPA1,MAGED1,0.89826274
210,416,TESPA1,GATA2,0.89369905
210,76,TESPA1,ESR1,0.88950634
210,515,TESPA1,NCF1,0.8819892
210,536,TESPA1,MOGS,0.87684935
210,58,TESPA1,RARB,0.8617976
210,277,TESPA1,MEF2C,0.8603895
210,257,TESPA1,UHRF1,0.85598916
210,281,TESPA1,TGM2,0.8535019
210,380,TESPA1,NPDC1,0.853483
210,252,TESPA1,HOXA9,0.84943974
210,379,TESPA1,BCL2,0.8481178
210,67,TESPA1,TEK,0.82961243
210,290,TESPA1,TMEM14C,0.82961243
210,442,TESPA1,HLF,0.82961243
210,53,TESPA1,FCHO2,0.82645017
210,445,TESPA1,IL1R1,0.82645017
210,302,TESPA1,MEIS1,0.82635236
210,498,TESPA1,DENND2D,0.82061315
210,85,TESPA1,MECOM,0.8093563
210,398,TESPA1,APOE,0.80635184
1,527,TFEC,TUBB4B,0.9804482
1,422,TFEC,RUNX2,0.9790846
1,550,TFEC,SPI1,0.9756468
1,116,TFEC,TOP2A,0.9740283
1,525,TFEC,CD44,0.97095954
1,506,TFEC,PRIM1,0.97071785
1,145,TFEC,HMGB2,0.9706331
1,233,TFEC,NOTCH1,0.97014475
1,190,TFEC,TIPIN,0.96839195
1,96,TFEC,SLBP,0.96801245
1,216,TFEC,MCM7,0.9671949
1,213,TFEC,MCM4,0.96251667
1,131,TFEC,CKS1B,0.9608029
1,60,TFEC,CDT1,0.9607973
1,335,TFEC,HDAC7,0.9602129
1,320,TFEC,MYC,0.9599392
1,518,TFEC,IL12A,0.9578493
1,68,TFEC,MKI67,0.95707554
1,367,TFEC,IL7R,0.9552167
1,267,TFEC,SLC2A3,0.949971
1,324,TFEC,REL,0.9312972
1,530,TFEC,IKZF1,0.9259667
1,69,TFEC,MAGED1,0.9240622
1,27,TFEC,HSD3B7,0.9224093
1,334,TFEC,CD74,0.9224093
1,118,TFEC,FOXO1,0.9221475
1,221,TFEC,ARPP21,0.9078995
1,66,TFEC,CBFB,0.9026461
1,46,TFEC,VDR,0.90252227
1,416,TFEC,GATA2,0.89369905
1,459,TFEC,IRF8,0.8918786
1,76,TFEC,ESR1,0.88950634
1,515,TFEC,NCF1,0.8819892
1,536,TFEC,MOGS,0.87684935
1,42,TFEC,DACH1,0.8725944
1,58,TFEC,RARB,0.8617976
1,277,TFEC,MEF2C,0.8603895
1,257,TFEC,UHRF1,0.85598487
1,281,TFEC,TGM2,0.8535019
1,380,TFEC,NPDC1,0.8534485
1,252,TFEC,HOXA9,0.84943974
1,379,TFEC,BCL2,0.8480685
1,67,TFEC,TEK,0.82961243
1,442,TFEC,HLF,0.82961243
1,290,TFEC,TMEM14C,0.8296041
1,53,TFEC,FCHO2,0.82645017
1,445,TFEC,IL1R1,0.82645017
1,302,TFEC,MEIS1,0.82635236
1,392,TFEC,PBX1,0.82221997
1,498,TFEC,DENND2D,0.82061315
342,527,TFPI,TUBB4B,0.9804503
342,422,TFPI,RUNX2,0.9794924
342,518,TFPI,IL12A,0.9794574
342,550,TFPI,SPI1,0.9756142
342,116,TFPI,TOP2A,0.97452533
342,145,TFPI,HMGB2,0.97216964
342,525,TFPI,CD44,0.9718472
342,190,TFPI,TIPIN,0.9713008
342,233,TFPI,NOTCH1,0.97019726
342,216,TFPI,MCM7,0.9672327
342,367,TFPI,IL7R,0.9642513
342,506,TFPI,PRIM1,0.9636912
342,96,TFPI,SLBP,0.96362144
342,213,TFPI,MCM4,0.96258336
342,60,TFPI,CDT1,0.9608672
342,131,TFPI,CKS1B,0.9608672
342,335,TFPI,HDAC7,0.96012443
342,320,TFPI,MYC,0.95985186
342,68,TFPI,MKI67,0.9571748
342,267,TFPI,SLC2A3,0.9498674
342,324,TFPI,REL,0.93134636
342,530,TFPI,IKZF1,0.925746
342,118,TFPI,FOXO1,0.9219173
342,27,TFPI,HSD3B7,0.9199828
342,334,TFPI,CD74,0.9125825
342,459,TFPI,IRF8,0.9121854
342,221,TFPI,ARPP21,0.90761656
342,46,TFPI,VDR,0.90235406
342,66,TFPI,CBFB,0.90235406
342,69,TFPI,MAGED1,0.8979664
342,416,TFPI,GATA2,0.8933763
342,76,TFPI,ESR1,0.8889782
342,515,TFPI,NCF1,0.88163215
342,536,TFPI,MOGS,0.8764755
342,58,TFPI,RARB,0.86136997
342,277,TFPI,MEF2C,0.8599672
342,257,TFPI,UHRF1,0.8555404
342,281,TFPI,TGM2,0.8530539
342,380,TFPI,NPDC1,0.8530539
342,252,TFPI,HOXA9,0.84903145
342,379,TFPI,BCL2,0.84766376
342,67,TFPI,TEK,0.8290988
342,442,TFPI,HLF,0.8290988
342,53,TFPI,FCHO2,0.826
342,392,TFPI,PBX1,0.8259794
342,302,TFPI,MEIS1,0.8258386
342,445,TFPI,IL1R1,0.8216105
342,290,TFPI,TMEM14C,0.8139631
342,85,TFPI,MECOM,0.8088618
342,498,TFPI,DENND2D,0.808372
105,527,TFR2,TUBB4B,0.98044866
105,422,TFR2,RUNX2,0.97951084
105,518,TFR2,IL12A,0.9794573
105,550,TFR2,SPI1,0.9756468
105,116,TFR2,TOP2A,0.9744888
105,525,TFR2,CD44,0.97241795
105,233,TFR2,NOTCH1,0.9714684
105,145,TFR2,HMGB2,0.9706331
105,96,TFR2,SLBP,0.97002494
105,190,TFR2,TIPIN,0.9669248
105,506,TFR2,PRIM1,0.9660805
105,216,TFR2,MCM7,0.9644274
105,213,TFR2,MCM4,0.9625846
105,60,TFR2,CDT1,0.9607973
105,131,TFR2,CKS1B,0.9607973
105,335,TFR2,HDAC7,0.9602129
105,320,TFR2,MYC,0.9599392
105,68,TFR2,MKI67,0.95707554
105,367,TFR2,IL7R,0.9552167
105,267,TFR2,SLC2A3,0.94998187
105,324,TFR2,REL,0.9312972
105,530,TFR2,IKZF1,0.9259667
105,334,TFR2,CD74,0.9224093
105,118,TFR2,FOXO1,0.9221475
105,257,TFR2,UHRF1,0.91570383
105,221,TFR2,ARPP21,0.9078995
105,459,TFR2,IRF8,0.905289
105,445,TFR2,IL1R1,0.9046631
105,46,TFR2,VDR,0.9026461
105,66,TFR2,CBFB,0.9026461
105,69,TFR2,MAGED1,0.8985555
105,416,TFR2,GATA2,0.89369905
105,27,TFR2,HSD3B7,0.8936844
105,76,TFR2,ESR1,0.88950634
105,515,TFR2,NCF1,0.8819892
105,536,TFR2,MOGS,0.87684935
105,277,TFR2,MEF2C,0.85828704
105,281,TFR2,TGM2,0.85372734
105,380,TFR2,NPDC1,0.8535019
105,252,TFR2,HOXA9,0.84943974
105,379,TFR2,BCL2,0.8481178
105,290,TFR2,TMEM14C,0.82961243
105,442,TFR2,HLF,0.82961243
105,67,TFR2,TEK,0.82840127
105,302,TFR2,MEIS1,0.82635236
105,53,TFR2,FCHO2,0.82576436
105,392,TFR2,PBX1,0.82175887
105,498,TFR2,DENND2D,0.82061315
105,58,TFR2,RARB,0.812356
105,85,TFR2,MECOM,0.8093563
281,530,TGM2,IKZF1,0.98124766
281,118,TGM2,FOXO1,0.9810937
281,367,TGM2,IL7R,0.9794601
281,27,TGM2,HSD3B7,0.9792595
281,334,TGM2,CD74,0.9792595
281,46,TGM2,VDR,0.97924334
281,66,TGM2,CBFB,0.97924334
281,416,TGM2,GATA2,0.97847605
281,69,TGM2,MAGED1,0.9781789
281,515,TGM2,NCF1,0.9776999
281,233,TGM2,NOTCH1,0.97684985
281,76,TGM2,ESR1,0.9768052
281,335,TGM2,HDAC7,0.975726
281,277,TGM2,MEF2C,0.9747722
281,221,TGM2,ARPP21,0.9745069
281,379,TGM2,BCL2,0.9739952
281,252,TGM2,HOXA9,0.97333515
281,302,TGM2,MEIS1,0.9723661
281,536,TGM2,MOGS,0.97228414
281,320,TGM2,MYC,0.97192377
281,380,TGM2,NPDC1,0.9718875
281,442,TGM2,HLF,0.97146815
281,257,TGM2,UHRF1,0.9714376
281,67,TGM2,TEK,0.9713973
281,290,TGM2,TMEM14C,0.9713973
281,267,TGM2,SLC2A3,0.9706671
281,53,TGM2,FCHO2,0.9705631
281,392,TGM2,PBX1,0.9703912
281,445,TGM2,IL1R1,0.97038233
281,498,TGM2,DENND2D,0.9692069
281,85,TGM2,MECOM,0.96871245
281,398,TGM2,APOE,0.96624404
281,44,TGM2,NUDT19,0.96599936
281,541,TGM2,PGR,0.96599936
281,237,TGM2,ELF1,0.965984
281,422,TGM2,RUNX2,0.9635818
281,518,TGM2,IL12A,0.9633619
281,42,TGM2,DACH1,0.9607021
281,550,TGM2,SPI1,0.9581884
281,527,TGM2,TUBB4B,0.9581827
281,284,TGM2,MAML3,0.95530546
281,78,TGM2,ICA1,0.9529637
281,525,TGM2,CD44,0.95079356
281,155,TGM2,MYCN,0.94612724
281,135,TGM2,GFI1B,0.9309073
281,468,TGM2,VEGFC,0.92856735
281,283,TGM2,HNF4A,0.9278967
281,6,TGM2,SOCS2,0.9277147
281,116,TGM2,TOP2A,0.92533255
281,352,TGM2,TRIB3,0.92434096
420,422,TIE1,RUNX2,0.9795156
420,518,TIE1,IL12A,0.9794573
420,550,TIE1,SPI1,0.9756468
420,116,TIE1,TOP2A,0.9744888
420,525,TIE1,CD44,0.97241795
420,233,TIE1,NOTCH1,0.97014475
420,145,TIE1,HMGB2,0.9692421
420,190,TIE1,TIPIN,0.96839195
420,527,TIE1,TUBB4B,0.9675252
420,216,TIE1,MCM7,0.9672501
420,506,TIE1,PRIM1,0.9660805
420,96,TIE1,SLBP,0.9635549
420,213,TIE1,MCM4,0.9625194
420,60,TIE1,CDT1,0.9607973
420,335,TIE1,HDAC7,0.9602129
420,320,TIE1,MYC,0.9600609
420,68,TIE1,MKI67,0.95707554
420,367,TIE1,IL7R,0.9552167
420,267,TIE1,SLC2A3,0.94994456
420,27,TIE1,HSD3B7,0.94344336
420,131,TIE1,CKS1B,0.9414487
420,324,TIE1,REL,0.93137544
420,530,TIE1,IKZF1,0.9259667
420,334,TIE1,CD74,0.9224093
420,118,TIE1,FOXO1,0.9221475
420,459,TIE1,IRF8,0.91241115
420,221,TIE1,ARPP21,0.9078995
420,46,TIE1,VDR,0.9026461
420,66,TIE1,CBFB,0.902184
420,69,TIE1,MAGED1,0.89826274
420,416,TIE1,GATA2,0.89369905
420,76,TIE1,ESR1,0.88950634
420,515,TIE1,NCF1,0.8819892
420,536,TIE1,MOGS,0.87684935
420,58,TIE1,RARB,0.8617976
420,277,TIE1,MEF2C,0.8603895
420,257,TIE1,UHRF1,0.85598487
420,281,TIE1,TGM2,0.8535019
420,380,TIE1,NPDC1,0.8535019
420,379,TIE1,BCL2,0.8481178
420,67,TIE1,TEK,0.82961243
420,290,TIE1,TMEM14C,0.82961243
420,442,TIE1,HLF,0.82961243
420,392,TIE1,PBX1,0.8265034
420,53,TIE1,FCHO2,0.82645017
420,445,TIE1,IL1R1,0.82645017
420,302,TIE1,MEIS1,0.82635236
420,498,TIE1,DENND2D,0.82061315
420,85,TIE1,MECOM,0.8093563
420,44,TIE1,NUDT19,0.80635184
8,422,TINAGL1,RUNX2,0.9795156
8,518,TINAGL1,IL12A,0.9794573
8,550,TINAGL1,SPI1,0.9756468
8,116,TINAGL1,TOP2A,0.9744899
8,525,TINAGL1,CD44,0.97241795
8,527,TINAGL1,TUBB4B,0.9717226
8,145,TINAGL1,HMGB2,0.9706274
8,233,TINAGL1,NOTCH1,0.97014475
8,190,TINAGL1,TIPIN,0.96839195
8,216,TINAGL1,MCM7,0.9671949
8,506,TINAGL1,PRIM1,0.9660805
8,96,TINAGL1,SLBP,0.9635566
8,213,TINAGL1,MCM4,0.9625164
8,60,TINAGL1,CDT1,0.9607973
8,131,TINAGL1,CKS1B,0.9607973
8,335,TINAGL1,HDAC7,0.9602129
8,68,TINAGL1,MKI67,0.95707554
8,320,TINAGL1,MYC,0.9556055
8,367,TINAGL1,IL7R,0.9552167
8,267,TINAGL1,SLC2A3,0.9538539
8,530,TINAGL1,IKZF1,0.9338483
8,324,TINAGL1,REL,0.9312972
8,27,TINAGL1,HSD3B7,0.9224093
8,334,TINAGL1,CD74,0.9224093
8,118,TINAGL1,FOXO1,0.9221475
8,459,TINAGL1,IRF8,0.91241115
8,221,TINAGL1,ARPP21,0.9078995
8,46,TINAGL1,VDR,0.9033642
8,66,TINAGL1,CBFB,0.90118676
8,69,TINAGL1,MAGED1,0.89826274
8,416,TINAGL1,GATA2,0.89369905
8,76,TINAGL1,ESR1,0.88950634
8,515,TINAGL1,NCF1,0.8819892
8,536,TINAGL1,MOGS,0.87684935
8,58,TINAGL1,RARB,0.8617976
8,277,TINAGL1,MEF2C,0.8603895
8,257,TINAGL1,UHRF1,0.85598487
8,281,TINAGL1,TGM2,0.8535019
8,380,TINAGL1,NPDC1,0.8535019
8,252,TINAGL1,HOXA9,0.8497742
8,379,TINAGL1,BCL2,0.8481178
8,67,TINAGL1,TEK,0.82961243
8,290,TINAGL1,TMEM14C,0.82961243
8,442,TINAGL1,HLF,0.82961243
8,392,TINAGL1,PBX1,0.8265034
8,53,TINAGL1,FCHO2,0.82645017
8,445,TINAGL1,IL1R1,0.82641506
8,302,TINAGL1,MEIS1,0.82635236
8,498,TINAGL1,DENND2D,0.82061315
8,85,TINAGL1,MECOM,0.8093563
190,116,TIPIN,TOP2A,0.97797865
190,527,TIPIN,TUBB4B,0.97608
190,422,TIPIN,RUNX2,0.9759419
190,518,TIPIN,IL12A,0.9737775
190,506,TIPIN,PRIM1,0.9719695
190,550,TIPIN,SPI1,0.97102386
190,145,TIPIN,HMGB2,0.9700565
190,60,TIPIN,CDT1,0.9696531
190,216,TIPIN,MCM7,0.9690675
190,525,TIPIN,CD44,0.9690569
190,96,TIPIN,SLBP,0.9667039
190,213,TIPIN,MCM4,0.9659888
190,131,TIPIN,CKS1B,0.96386296
190,68,TIPIN,MKI67,0.9601596
190,320,TIPIN,MYC,0.95557314
190,335,TIPIN,HDAC7,0.9482942
190,367,TIPIN,IL7R,0.9448152
190,267,TIPIN,SLC2A3,0.92974204
190,324,TIPIN,REL,0.9178511
190,530,TIPIN,IKZF1,0.8999888
190,118,TIPIN,FOXO1,0.89651537
190,27,TIPIN,HSD3B7,0.8945243
190,334,TIPIN,CD74,0.89448184
190,233,TIPIN,NOTCH1,0.8772397
190,66,TIPIN,CBFB,0.86840945
190,416,TIPIN,GATA2,0.85261303
190,76,TIPIN,ESR1,0.84652746
190,46,TIPIN,VDR,0.83332145
190,536,TIPIN,MOGS,0.83213896
190,515,TIPIN,NCF1,0.8301486
190,459,TIPIN,IRF8,0.80477256
190,69,TIPIN,MAGED1,0.7982948
190,277,TIPIN,MEF2C,0.79684144
190,281,TIPIN,TGM2,0.79460907
190,380,TIPIN,NPDC1,0.79460907
190,379,TIPIN,BCL2,0.7918396
190,221,TIPIN,ARPP21,0.7870083
190,257,TIPIN,UHRF1,0.7824118
190,252,TIPIN,HOXA9,0.7814993
190,67,TIPIN,TEK,0.7545505
190,442,TIPIN,HLF,0.7545505
190,290,TIPIN,TMEM14C,0.75347954
190,302,TIPIN,MEIS1,0.75266045
190,392,TIPIN,PBX1,0.7494738
190,53,TIPIN,FCHO2,0.7493893
190,445,TIPIN,IL1R1,0.74830276
190,498,TIPIN,DENND2D,0.740447
190,85,TIPIN,MECOM,0.73197836
190,44,TIPIN,NUDT19,0.7246644
190,398,TIPIN,APOE,0.7246644
194,527,TLR7,TUBB4B,0.9804482
194,422,TLR7,RUNX2,0.9795156
194,518,TLR7,IL12A,0.9794573
194,550,TLR7,SPI1,0.9756468
194,116,TLR7,TOP2A,0.9744888
194,525,TLR7,CD44,0.97241795
194,145,TLR7,HMGB2,0.9706331
194,233,TLR7,NOTCH1,0.9704203
194,190,TLR7,TIPIN,0.96839195
194,216,TLR7,MCM7,0.9672028
194,506,TLR7,PRIM1,0.9660805
194,96,TLR7,SLBP,0.9635566
194,213,TLR7,MCM4,0.9625164
194,320,TLR7,MYC,0.96238226
194,60,TLR7,CDT1,0.9607973
194,131,TLR7,CKS1B,0.9607973
194,335,TLR7,HDAC7,0.9602129
194,68,TLR7,MKI67,0.95707554
194,367,TLR7,IL7R,0.9552167
194,267,TLR7,SLC2A3,0.94998187
194,324,TLR7,REL,0.9312972
194,530,TLR7,IKZF1,0.9259667
194,27,TLR7,HSD3B7,0.9224093
194,334,TLR7,CD74,0.9223726
194,118,TLR7,FOXO1,0.9221475
194,459,TLR7,IRF8,0.91241115
194,221,TLR7,ARPP21,0.90789133
194,66,TLR7,CBFB,0.9026461
194,46,TLR7,VDR,0.90241784
194,67,TLR7,TEK,0.89941174
194,69,TLR7,MAGED1,0.89826274
194,416,TLR7,GATA2,0.89369905
194,76,TLR7,ESR1,0.88950634
194,515,TLR7,NCF1,0.8892153
194,536,TLR7,MOGS,0.87684935
194,58,TLR7,RARB,0.8617976
194,277,TLR7,MEF2C,0.8603895
194,257,TLR7,UHRF1,0.85598487
194,281,TLR7,TGM2,0.8535019
194,380,TLR7,NPDC1,0.8535019
194,252,TLR7,HOXA9,0.84943974
194,379,TLR7,BCL2,0.848639
194,442,TLR7,HLF,0.82961243
194,290,TLR7,TMEM14C,0.8289425
194,392,TLR7,PBX1,0.8265034
194,53,TLR7,FCHO2,0.82645017
194,302,TLR7,MEIS1,0.82635236
194,445,TLR7,IL1R1,0.8258423
194,498,TLR7,DENND2D,0.82061315
194,85,TLR7,MECOM,0.8093563
365,527,TM6SF1,TUBB4B,0.9804482
365,518,TM6SF1,IL12A,0.97965235
365,422,TM6SF1,RUNX2,0.9795156
365,550,TM6SF1,SPI1,0.9756855
365,116,TM6SF1,TOP2A,0.9744888
365,525,TM6SF1,CD44,0.9724201
365,145,TM6SF1,HMGB2,0.9706331
365,233,TM6SF1,NOTCH1,0.97014475
365,190,TM6SF1,TIPIN,0.96839195
365,216,TM6SF1,MCM7,0.9672028
365,506,TM6SF1,PRIM1,0.9660947
365,96,TM6SF1,SLBP,0.9635566
365,213,TM6SF1,MCM4,0.9625164
365,68,TM6SF1,MKI67,0.96199113
365,60,TM6SF1,CDT1,0.9607973
365,131,TM6SF1,CKS1B,0.9607973
365,335,TM6SF1,HDAC7,0.9602129
365,320,TM6SF1,MYC,0.9599392
365,267,TM6SF1,SLC2A3,0.94998187
365,324,TM6SF1,REL,0.9312972
365,46,TM6SF1,VDR,0.92645776
365,27,TM6SF1,HSD3B7,0.9224093
365,334,TM6SF1,CD74,0.9224093
365,118,TM6SF1,FOXO1,0.9221475
365,459,TM6SF1,IRF8,0.91241115
365,221,TM6SF1,ARPP21,0.9078995
365,66,TM6SF1,CBFB,0.9026461
365,69,TM6SF1,MAGED1,0.89826274
365,416,TM6SF1,GATA2,0.89369905
365,76,TM6SF1,ESR1,0.88950634
365,515,TM6SF1,NCF1,0.8819892
365,536,TM6SF1,MOGS,0.87684935
365,277,TM6SF1,MEF2C,0.8603895
365,257,TM6SF1,UHRF1,0.85598487
365,380,TM6SF1,NPDC1,0.8535019
365,281,TM6SF1,TGM2,0.850116
365,252,TM6SF1,HOXA9,0.84943974
365,379,TM6SF1,BCL2,0.8481178
365,67,TM6SF1,TEK,0.82961243
365,290,TM6SF1,TMEM14C,0.82961243
365,442,TM6SF1,HLF,0.82961243
365,392,TM6SF1,PBX1,0.8265034
365,53,TM6SF1,FCHO2,0.82645017
365,445,TM6SF1,IL1R1,0.82645017
365,302,TM6SF1,MEIS1,0.82635236
365,498,TM6SF1,DENND2D,0.82061315
365,367,TM6SF1,IL7R,0.8187588
365,58,TM6SF1,RARB,0.812356
365,85,TM6SF1,MECOM,0.8093563
365,44,TM6SF1,NUDT19,0.80635184
559,367,TMEM123,IL7R,0.97751975
559,233,TMEM123,NOTCH1,0.9766551
559,118,TMEM123,FOXO1,0.97427976
559,320,TMEM123,MYC,0.97423345
559,530,TMEM123,IKZF1,0.97419137
559,267,TMEM123,SLC2A3,0.973572
559,27,TMEM123,HSD3B7,0.97343206
559,334,TMEM123,CD74,0.97343206
559,221,TMEM123,ARPP21,0.97214204
559,416,TMEM123,GATA2,0.9694905
559,46,TMEM123,VDR,0.9680063
559,66,TMEM123,CBFB,0.9680063
559,76,TMEM123,ESR1,0.96797734
559,69,TMEM123,MAGED1,0.9672295
559,422,TMEM123,RUNX2,0.96621656
559,518,TMEM123,IL12A,0.96571165
559,335,TMEM123,HDAC7,0.96472555
559,515,TMEM123,NCF1,0.9645171
559,536,TMEM123,MOGS,0.96296626
559,550,TMEM123,SPI1,0.96241
559,527,TMEM123,TUBB4B,0.96153706
559,277,TMEM123,MEF2C,0.95748395
559,257,TMEM123,UHRF1,0.9558114
559,379,TMEM123,BCL2,0.95507437
559,445,TMEM123,IL1R1,0.9549236
559,281,TMEM123,TGM2,0.95372504
559,380,TMEM123,NPDC1,0.95372504
559,525,TMEM123,CD44,0.9523571
559,284,TMEM123,MAML3,0.95003706
559,252,TMEM123,HOXA9,0.94847375
559,67,TMEM123,TEK,0.94816595
559,290,TMEM123,TMEM14C,0.94811994
559,442,TMEM123,HLF,0.94809437
559,392,TMEM123,PBX1,0.94723094
559,53,TMEM123,FCHO2,0.9472117
559,302,TMEM123,MEIS1,0.94549155
559,498,TMEM123,DENND2D,0.94440025
559,85,TMEM123,MECOM,0.94210684
559,44,TMEM123,NUDT19,0.938744
559,541,TMEM123,PGR,0.938744
559,398,TMEM123,APOE,0.9387433
559,237,TMEM123,ELF1,0.93721557
559,116,TMEM123,TOP2A,0.9349142
559,42,TMEM123,DACH1,0.9178848
559,190,TMEM123,TIPIN,0.888985
559,459,TMEM123,IRF8,0.8852421
559,145,TMEM123,HMGB2,0.8819929
559,155,TMEM123,MYCN,0.87867755
559,506,TMEM123,PRIM1,0.8608048
559,468,TMEM123,VEGFC,0.8579679
290,422,TMEM14C,RUNX2,0.97848994
290,233,TMEM14C,NOTCH1,0.97723436
290,527,TMEM14C,TUBB4B,0.9767735
290,518,TMEM14C,IL12A,0.9765494
290,367,TMEM14C,IL7R,0.97608954
290,550,TMEM14C,SPI1,0.97552097
290,335,TMEM14C,HDAC7,0.97422427
290,525,TMEM14C,CD44,0.97406095
290,320,TMEM14C,MYC,0.9727108
290,267,TMEM14C,SLC2A3,0.969549
290,530,TMEM14C,IKZF1,0.96724874
290,116,TMEM14C,TOP2A,0.9667117
290,334,TMEM14C,CD74,0.9657866
290,118,TMEM14C,FOXO1,0.9647688
290,27,TMEM14C,HSD3B7,0.9627356
290,221,TMEM14C,ARPP21,0.95683
290,190,TMEM14C,TIPIN,0.95525825
290,145,TMEM14C,HMGB2,0.9543593
290,66,TMEM14C,CBFB,0.9527906
290,46,TMEM14C,VDR,0.95258033
290,69,TMEM14C,MAGED1,0.950635
290,76,TMEM14C,ESR1,0.9456952
290,506,TMEM14C,PRIM1,0.94534504
290,216,TMEM14C,MCM7,0.9446438
290,515,TMEM14C,NCF1,0.940124
290,416,TMEM14C,GATA2,0.94009376
290,536,TMEM14C,MOGS,0.9397238
290,459,TMEM14C,IRF8,0.93203753
290,257,TMEM14C,UHRF1,0.9255466
290,96,TMEM14C,SLBP,0.924793
290,277,TMEM14C,MEF2C,0.9244189
290,213,TMEM14C,MCM4,0.9232284
290,379,TMEM14C,BCL2,0.91585356
290,281,TMEM14C,TGM2,0.91455084
290,252,TMEM14C,HOXA9,0.9144101
290,60,TMEM14C,CDT1,0.90760636
290,131,TMEM14C,CKS1B,0.90756935
290,67,TMEM14C,TEK,0.89683765
290,442,TMEM14C,HLF,0.89683765
290,392,TMEM14C,PBX1,0.8918572
290,445,TMEM14C,IL1R1,0.8918357
290,53,TMEM14C,FCHO2,0.8918356
290,302,TMEM14C,MEIS1,0.89183414
290,498,TMEM14C,DENND2D,0.88898855
290,68,TMEM14C,MKI67,0.884393
290,85,TMEM14C,MECOM,0.8796939
290,44,TMEM14C,NUDT19,0.87917197
290,398,TMEM14C,APOE,0.87917197
290,541,TMEM14C,PGR,0.87917197
290,237,TMEM14C,ELF1,0.8648433
353,527,TMEM173,TUBB4B,0.98020077
353,116,TMEM173,TOP2A,0.9770926
353,518,TMEM173,IL12A,0.97688717
353,422,TMEM173,RUNX2,0.97664195
353,145,TMEM173,HMGB2,0.9748199
353,190,TMEM173,TIPIN,0.9729908
353,550,TMEM173,SPI1,0.97212607
353,216,TMEM173,MCM7,0.9718872
353,506,TMEM173,PRIM1,0.9709346
353,96,TMEM173,SLBP,0.9687329
353,525,TMEM173,CD44,0.9680893
353,60,TMEM173,CDT1,0.96635526
353,131,TMEM173,CKS1B,0.96635526
353,68,TMEM173,MKI67,0.963904
353,233,TMEM173,NOTCH1,0.9608615
353,213,TMEM173,MCM4,0.9503595
353,320,TMEM173,MYC,0.9449274
353,324,TMEM173,REL,0.9404835
353,367,TMEM173,IL7R,0.93824327
353,267,TMEM173,SLC2A3,0.93155676
353,530,TMEM173,IKZF1,0.89634866
353,334,TMEM173,CD74,0.8916172
353,27,TMEM173,HSD3B7,0.8913433
353,118,TMEM173,FOXO1,0.8910228
353,459,TMEM173,IRF8,0.8821864
353,221,TMEM173,ARPP21,0.8720771
353,66,TMEM173,CBFB,0.864641
353,69,TMEM173,MAGED1,0.8576947
353,76,TMEM173,ESR1,0.85420054
353,416,TMEM173,GATA2,0.85208726
353,335,TMEM173,HDAC7,0.85019696
353,58,TMEM173,RARB,0.8399366
353,46,TMEM173,VDR,0.8395378
353,515,TMEM173,NCF1,0.8361185
353,536,TMEM173,MOGS,0.82920194
353,277,TMEM173,MEF2C,0.8071947
353,281,TMEM173,TGM2,0.7987469
353,380,TMEM173,NPDC1,0.7987469
353,252,TMEM173,HOXA9,0.7961222
353,379,TMEM173,BCL2,0.7913709
353,67,TMEM173,TEK,0.7719689
353,290,TMEM173,TMEM14C,0.7719689
353,442,TMEM173,HLF,0.7719689
353,392,TMEM173,PBX1,0.7684057
353,445,TMEM173,IL1R1,0.7683477
353,53,TMEM173,FCHO2,0.7683476
353,302,TMEM173,MEIS1,0.7670603
353,498,TMEM173,DENND2D,0.75962704
353,85,TMEM173,MECOM,0.74815375
353,398,TMEM173,APOE,0.74482906
349,527,TMEM206,TUBB4B,0.9804482
349,422,TMEM206,RUNX2,0.9795156
349,518,TMEM206,IL12A,0.9794573
349,550,TMEM206,SPI1,0.9756468
349,116,TMEM206,TOP2A,0.9744888
349,525,TMEM206,CD44,0.97241795
349,145,TMEM206,HMGB2,0.9706915
349,233,TMEM206,NOTCH1,0.97014475
349,190,TMEM206,TIPIN,0.96839195
349,216,TMEM206,MCM7,0.9671949
349,506,TMEM206,PRIM1,0.9660872
349,96,TMEM206,SLBP,0.9635566
349,213,TMEM206,MCM4,0.9625846
349,60,TMEM206,CDT1,0.9607973
349,131,TMEM206,CKS1B,0.9607973
349,335,TMEM206,HDAC7,0.9602129
349,320,TMEM206,MYC,0.9599392
349,68,TMEM206,MKI67,0.95707554
349,367,TMEM206,IL7R,0.9552167
349,267,TMEM206,SLC2A3,0.94998187
349,324,TMEM206,REL,0.9312972
349,530,TMEM206,IKZF1,0.9259667
349,27,TMEM206,HSD3B7,0.922431
349,118,TMEM206,FOXO1,0.9221475
349,334,TMEM206,CD74,0.9202182
349,459,TMEM206,IRF8,0.91241115
349,221,TMEM206,ARPP21,0.9078456
349,46,TMEM206,VDR,0.9026461
349,66,TMEM206,CBFB,0.9026461
349,416,TMEM206,GATA2,0.89369905
349,76,TMEM206,ESR1,0.88950634
349,515,TMEM206,NCF1,0.8819892
349,536,TMEM206,MOGS,0.87684935
349,58,TMEM206,RARB,0.8617976
349,277,TMEM206,MEF2C,0.8603895
349,257,TMEM206,UHRF1,0.85598487
349,281,TMEM206,TGM2,0.8535019
349,380,TMEM206,NPDC1,0.8535019
349,252,TMEM206,HOXA9,0.84943974
349,379,TMEM206,BCL2,0.8481178
349,67,TMEM206,TEK,0.82961243
349,290,TMEM206,TMEM14C,0.82961243
349,442,TMEM206,HLF,0.82961243
349,392,TMEM206,PBX1,0.8265034
349,445,TMEM206,IL1R1,0.82645017
349,302,TMEM206,MEIS1,0.82635236
349,53,TMEM206,FCHO2,0.82518214
349,498,TMEM206,DENND2D,0.82061315
349,85,TMEM206,MECOM,0.8093563
349,44,TMEM206,NUDT19,0.80635184
28,367,TMEM246,IL7R,0.978962
28,233,TMEM246,NOTCH1,0.97832286
28,335,TMEM246,HDAC7,0.9767999
28,320,TMEM246,MYC,0.9767884
28,267,TMEM246,SLC2A3,0.9752476
28,518,TMEM246,IL12A,0.97419816
28,422,TMEM246,RUNX2,0.9738662
28,530,TMEM246,IKZF1,0.9734658
28,118,TMEM246,FOXO1,0.9733812
28,27,TMEM246,HSD3B7,0.97304
28,334,TMEM246,CD74,0.97304
28,550,TMEM246,SPI1,0.97261333
28,527,TMEM246,TUBB4B,0.97038674
28,221,TMEM246,ARPP21,0.9685758
28,46,TMEM246,VDR,0.96692735
28,66,TMEM246,CBFB,0.96692735
28,69,TMEM246,MAGED1,0.9660212
28,525,TMEM246,CD44,0.9659878
28,76,TMEM246,ESR1,0.96572876
28,515,TMEM246,NCF1,0.9632876
28,536,TMEM246,MOGS,0.96038944
28,277,TMEM246,MEF2C,0.95605606
28,252,TMEM246,HOXA9,0.9559193
28,257,TMEM246,UHRF1,0.95437
28,379,TMEM246,BCL2,0.9538503
28,281,TMEM246,TGM2,0.95323426
28,380,TMEM246,NPDC1,0.95323426
28,290,TMEM246,TMEM14C,0.9470699
28,442,TMEM246,HLF,0.9470699
28,67,TMEM246,TEK,0.94706696
28,392,TMEM246,PBX1,0.94505984
28,53,TMEM246,FCHO2,0.94503003
28,445,TMEM246,IL1R1,0.94503003
28,302,TMEM246,MEIS1,0.94225615
28,498,TMEM246,DENND2D,0.9401639
28,44,TMEM246,NUDT19,0.93741876
28,398,TMEM246,APOE,0.93741876
28,541,TMEM246,PGR,0.93741876
28,85,TMEM246,MECOM,0.936352
28,116,TMEM246,TOP2A,0.9317379
28,459,TMEM246,IRF8,0.93099177
28,237,TMEM246,ELF1,0.9288751
28,416,TMEM246,GATA2,0.92518675
28,190,TMEM246,TIPIN,0.9218046
28,145,TMEM246,HMGB2,0.91760796
28,42,TMEM246,DACH1,0.9048618
28,506,TMEM246,PRIM1,0.90110964
28,131,TMEM246,CKS1B,0.9010496
28,58,TMEM246,RARB,0.8995155
28,216,TMEM246,MCM7,0.89271563
260,527,TMEM268,TUBB4B,0.9804482
260,422,TMEM268,RUNX2,0.9795156
260,550,TMEM268,SPI1,0.9756468
260,116,TMEM268,TOP2A,0.9744888
260,525,TMEM268,CD44,0.97241795
260,190,TMEM268,TIPIN,0.9711879
260,145,TMEM268,HMGB2,0.9706331
260,233,TMEM268,NOTCH1,0.97014475
260,216,TMEM268,MCM7,0.9671949
260,506,TMEM268,PRIM1,0.9660805
260,96,TMEM268,SLBP,0.9635558
260,213,TMEM268,MCM4,0.9625164
260,60,TMEM268,CDT1,0.9607973
260,131,TMEM268,CKS1B,0.9607973
260,335,TMEM268,HDAC7,0.9602129
260,320,TMEM268,MYC,0.9599392
260,518,TMEM268,IL12A,0.9578493
260,68,TMEM268,MKI67,0.9570386
260,367,TMEM268,IL7R,0.9552167
260,267,TMEM268,SLC2A3,0.94998187
260,324,TMEM268,REL,0.9312972
260,27,TMEM268,HSD3B7,0.9224093
260,334,TMEM268,CD74,0.9224093
260,118,TMEM268,FOXO1,0.9221475
260,459,TMEM268,IRF8,0.91241115
260,221,TMEM268,ARPP21,0.9078995
260,46,TMEM268,VDR,0.9026461
260,69,TMEM268,MAGED1,0.89826274
260,416,TMEM268,GATA2,0.89369905
260,76,TMEM268,ESR1,0.88950634
260,515,TMEM268,NCF1,0.8819892
260,530,TMEM268,IKZF1,0.8784957
260,536,TMEM268,MOGS,0.87774676
260,277,TMEM268,MEF2C,0.8603895
260,257,TMEM268,UHRF1,0.85598487
260,281,TMEM268,TGM2,0.8535019
260,380,TMEM268,NPDC1,0.8535019
260,252,TMEM268,HOXA9,0.84943974
260,379,TMEM268,BCL2,0.8481178
260,53,TMEM268,FCHO2,0.84265935
260,58,TMEM268,RARB,0.8311116
260,66,TMEM268,CBFB,0.8300274
260,67,TMEM268,TEK,0.82961243
260,290,TMEM268,TMEM14C,0.82961243
260,442,TMEM268,HLF,0.82961243
260,392,TMEM268,PBX1,0.8265034
260,445,TMEM268,IL1R1,0.82645017
260,302,TMEM268,MEIS1,0.82635236
260,498,TMEM268,DENND2D,0.82061315
260,85,TMEM268,MECOM,0.8093563
36,527,TMEM37,TUBB4B,0.9799341
36,518,TMEM37,IL12A,0.97975874
36,422,TMEM37,RUNX2,0.97902405
36,550,TMEM37,SPI1,0.9776642
36,525,TMEM37,CD44,0.97576773
36,116,TMEM37,TOP2A,0.9744855
36,145,TMEM37,HMGB2,0.9705245
36,233,TMEM37,NOTCH1,0.9701396
36,190,TMEM37,TIPIN,0.9683921
36,216,TMEM37,MCM7,0.967195
36,367,TMEM37,IL7R,0.96688545
36,96,TMEM37,SLBP,0.96355647
36,213,TMEM37,MCM4,0.96251625
36,335,TMEM37,HDAC7,0.9621678
36,60,TMEM37,CDT1,0.9607973
36,131,TMEM37,CKS1B,0.9607973
36,320,TMEM37,MYC,0.95994216
36,68,TMEM37,MKI67,0.9570581
36,506,TMEM37,PRIM1,0.95668346
36,530,TMEM37,IKZF1,0.9517661
36,267,TMEM37,SLC2A3,0.9499852
36,459,TMEM37,IRF8,0.93583846
36,324,TMEM37,REL,0.9312988
36,416,TMEM37,GATA2,0.93075025
36,515,TMEM37,NCF1,0.9284057
36,541,TMEM37,PGR,0.9266649
36,27,TMEM37,HSD3B7,0.9224289
36,334,TMEM37,CD74,0.9224289
36,118,TMEM37,FOXO1,0.9221694
36,536,TMEM37,MOGS,0.91844636
36,221,TMEM37,ARPP21,0.90791935
36,46,TMEM37,VDR,0.90267456
36,66,TMEM37,CBFB,0.90267456
36,69,TMEM37,MAGED1,0.89828825
36,379,TMEM37,BCL2,0.8958827
36,76,TMEM37,ESR1,0.8895348
36,442,TMEM37,HLF,0.88139033
36,392,TMEM37,PBX1,0.8784801
36,445,TMEM37,IL1R1,0.87846285
36,498,TMEM37,DENND2D,0.87302077
36,58,TMEM37,RARB,0.8618502
36,398,TMEM37,APOE,0.8603669
36,277,TMEM37,MEF2C,0.85985863
36,257,TMEM37,UHRF1,0.85607105
36,281,TMEM37,TGM2,0.85353893
36,252,TMEM37,HOXA9,0.84948516
36,67,TMEM37,TEK,0.8296525
36,290,TMEM37,TMEM14C,0.8296525
36,53,TMEM37,FCHO2,0.8264908
36,302,TMEM37,MEIS1,0.82639927
549,527,TNFAIP2,TUBB4B,0.9804482
549,422,TNFAIP2,RUNX2,0.9795156
549,518,TNFAIP2,IL12A,0.9794573
549,550,TNFAIP2,SPI1,0.9756468
549,116,TNFAIP2,TOP2A,0.9731948
549,525,TNFAIP2,CD44,0.9726795
549,145,TNFAIP2,HMGB2,0.9698233
549,190,TNFAIP2,TIPIN,0.967629
549,506,TNFAIP2,PRIM1,0.9660805
549,216,TNFAIP2,MCM7,0.9644818
549,233,TNFAIP2,NOTCH1,0.9636119
549,96,TNFAIP2,SLBP,0.96246
549,213,TNFAIP2,MCM4,0.96137273
549,335,TNFAIP2,HDAC7,0.9602129
549,320,TNFAIP2,MYC,0.9599392
549,131,TNFAIP2,CKS1B,0.9573334
549,68,TNFAIP2,MKI67,0.95644295
549,367,TNFAIP2,IL7R,0.9552167
549,60,TNFAIP2,CDT1,0.9443472
549,267,TNFAIP2,SLC2A3,0.93454576
549,324,TNFAIP2,REL,0.9312972
549,530,TNFAIP2,IKZF1,0.9311726
549,334,TNFAIP2,CD74,0.9224093
549,459,TNFAIP2,IRF8,0.91241115
549,27,TNFAIP2,HSD3B7,0.89508855
549,118,TNFAIP2,FOXO1,0.89439696
549,416,TNFAIP2,GATA2,0.89369905
549,515,TNFAIP2,NCF1,0.8819892
549,536,TNFAIP2,MOGS,0.87684935
549,46,TNFAIP2,VDR,0.86746603
549,66,TNFAIP2,CBFB,0.86746603
549,69,TNFAIP2,MAGED1,0.8618866
549,379,TNFAIP2,BCL2,0.86103505
549,221,TNFAIP2,ARPP21,0.8550668
549,380,TNFAIP2,NPDC1,0.8535019
549,76,TNFAIP2,ESR1,0.8498028
549,445,TNFAIP2,IL1R1,0.84265953
549,442,TNFAIP2,HLF,0.82961243
549,392,TNFAIP2,PBX1,0.8258957
549,498,TNFAIP2,DENND2D,0.82061315
549,58,TNFAIP2,RARB,0.8111111
549,277,TNFAIP2,MEF2C,0.81025875
549,541,TNFAIP2,PGR,0.8071242
549,398,TNFAIP2,APOE,0.80635184
549,257,TNFAIP2,UHRF1,0.8047998
549,281,TNFAIP2,TGM2,0.8012893
549,252,TNFAIP2,HOXA9,0.79559386
549,67,TNFAIP2,TEK,0.7723973
549,290,TNFAIP2,TMEM14C,0.7723973
549,302,TNFAIP2,MEIS1,0.76664305
461,527,TNS2,TUBB4B,0.9804473
461,422,TNS2,RUNX2,0.9795038
461,518,TNS2,IL12A,0.9789731
461,550,TNS2,SPI1,0.97563326
461,116,TNS2,TOP2A,0.9744888
461,525,TNS2,CD44,0.9723829
461,145,TNS2,HMGB2,0.9706331
461,233,TNS2,NOTCH1,0.97014475
461,506,TNS2,PRIM1,0.9701073
461,216,TNS2,MCM7,0.9689339
461,190,TNS2,TIPIN,0.96839195
461,96,TNS2,SLBP,0.9635566
461,213,TNS2,MCM4,0.9625164
461,60,TNS2,CDT1,0.9607973
461,131,TNS2,CKS1B,0.9607973
461,335,TNS2,HDAC7,0.9602129
461,320,TNS2,MYC,0.9599392
461,68,TNS2,MKI67,0.95707554
461,267,TNS2,SLC2A3,0.94998187
461,367,TNS2,IL7R,0.9471426
461,324,TNS2,REL,0.9312972
461,530,TNS2,IKZF1,0.9260629
461,27,TNS2,HSD3B7,0.9224093
461,334,TNS2,CD74,0.9224093
461,118,TNS2,FOXO1,0.9221475
461,459,TNS2,IRF8,0.9125909
461,46,TNS2,VDR,0.9085503
461,221,TNS2,ARPP21,0.9078995
461,66,TNS2,CBFB,0.9013737
461,69,TNS2,MAGED1,0.8983144
461,416,TNS2,GATA2,0.89426386
461,76,TNS2,ESR1,0.88950634
461,515,TNS2,NCF1,0.8821565
461,536,TNS2,MOGS,0.8770077
461,58,TNS2,RARB,0.8617976
461,277,TNS2,MEF2C,0.8603895
461,380,TNS2,NPDC1,0.85368955
461,281,TNS2,TGM2,0.8535019
461,252,TNS2,HOXA9,0.84943974
461,379,TNS2,BCL2,0.8483054
461,498,TNS2,DENND2D,0.84123015
461,67,TNS2,TEK,0.8300135
461,442,TNS2,HLF,0.8298289
461,290,TNS2,TMEM14C,0.82961243
461,392,TNS2,PBX1,0.82672423
461,445,TNS2,IL1R1,0.8266711
461,53,TNS2,FCHO2,0.82645017
461,302,TNS2,MEIS1,0.82635236
461,245,TNS2,WFDC18,0.8260519
461,85,TNS2,MECOM,0.8093563
116,527,TOP2A,TUBB4B,0.97780627
116,422,TOP2A,RUNX2,0.9772094
116,518,TOP2A,IL12A,0.9730899
116,550,TOP2A,SPI1,0.9706614
116,190,TOP2A,TIPIN,0.96938175
116,233,TOP2A,NOTCH1,0.9690679
116,506,TOP2A,PRIM1,0.9690064
116,525,TOP2A,CD44,0.96859443
116,145,TOP2A,HMGB2,0.9671852
116,367,TOP2A,IL7R,0.9654232
116,216,TOP2A,MCM7,0.96511793
116,320,TOP2A,MYC,0.96030545
116,213,TOP2A,MCM4,0.95987767
116,96,TOP2A,SLBP,0.9588096
116,335,TOP2A,HDAC7,0.95791495
116,60,TOP2A,CDT1,0.9535632
116,131,TOP2A,CKS1B,0.9535632
116,267,TOP2A,SLC2A3,0.95136344
116,68,TOP2A,MKI67,0.9469805
116,530,TOP2A,IKZF1,0.93378097
116,118,TOP2A,FOXO1,0.92167413
116,27,TOP2A,HSD3B7,0.918438
116,334,TOP2A,CD74,0.918438
116,324,TOP2A,REL,0.8891315
116,46,TOP2A,VDR,0.88776815
116,66,TOP2A,CBFB,0.88776815
116,69,TOP2A,MAGED1,0.88761944
116,221,TOP2A,ARPP21,0.8843307
116,416,TOP2A,GATA2,0.88178855
116,76,TOP2A,ESR1,0.8763001
116,536,TOP2A,MOGS,0.86377037
116,515,TOP2A,NCF1,0.863198
116,277,TOP2A,MEF2C,0.8313395
116,459,TOP2A,IRF8,0.8277958
116,379,TOP2A,BCL2,0.8259252
116,281,TOP2A,TGM2,0.8251024
116,380,TOP2A,NPDC1,0.8251024
116,257,TOP2A,UHRF1,0.8120115
116,252,TOP2A,HOXA9,0.81194407
116,392,TOP2A,PBX1,0.78738886
116,53,TOP2A,FCHO2,0.7873195
116,290,TOP2A,TMEM14C,0.7861817
116,442,TOP2A,HLF,0.7861817
116,445,TOP2A,IL1R1,0.78263116
116,398,TOP2A,APOE,0.77603483
116,498,TOP2A,DENND2D,0.7732183
116,85,TOP2A,MECOM,0.76434296
116,44,TOP2A,NUDT19,0.75661325
116,541,TOP2A,PGR,0.75661325
116,237,TOP2A,ELF1,0.736622
404,527,TPM4,TUBB4B,0.9804482
404,422,TPM4,RUNX2,0.97951883
404,518,TPM4,IL12A,0.9794573
404,550,TPM4,SPI1,0.9756468
404,116,TPM4,TOP2A,0.9744888
404,525,TPM4,CD44,0.9723699
404,145,TPM4,HMGB2,0.9706331
404,233,TPM4,NOTCH1,0.97014475
404,190,TPM4,TIPIN,0.96839195
404,216,TPM4,MCM7,0.9671949
404,506,TPM4,PRIM1,0.9660805
404,131,TPM4,CKS1B,0.96454996
404,96,TPM4,SLBP,0.9635566
404,213,TPM4,MCM4,0.9625164
404,60,TPM4,CDT1,0.9607809
404,335,TPM4,HDAC7,0.9602129
404,320,TPM4,MYC,0.9599392
404,68,TPM4,MKI67,0.95707554
404,367,TPM4,IL7R,0.9552167
404,267,TPM4,SLC2A3,0.94998187
404,324,TPM4,REL,0.9312972
404,530,TPM4,IKZF1,0.9259667
404,27,TPM4,HSD3B7,0.9224093
404,334,TPM4,CD74,0.9224093
404,118,TPM4,FOXO1,0.92210513
404,459,TPM4,IRF8,0.91241115
404,221,TPM4,ARPP21,0.9078995
404,290,TPM4,TMEM14C,0.89941174
404,69,TPM4,MAGED1,0.89826274
404,416,TPM4,GATA2,0.89369905
404,46,TPM4,VDR,0.8901471
404,76,TPM4,ESR1,0.88950634
404,515,TPM4,NCF1,0.88155377
404,536,TPM4,MOGS,0.87684935
404,58,TPM4,RARB,0.8617976
404,277,TPM4,MEF2C,0.8603895
404,252,TPM4,HOXA9,0.8570983
404,257,TPM4,UHRF1,0.85598487
404,380,TPM4,NPDC1,0.8535019
404,281,TPM4,TGM2,0.85338974
404,379,TPM4,BCL2,0.8481178
404,53,TPM4,FCHO2,0.83812696
404,66,TPM4,CBFB,0.8300274
404,67,TPM4,TEK,0.82961243
404,442,TPM4,HLF,0.82961243
404,392,TPM4,PBX1,0.8265772
404,445,TPM4,IL1R1,0.82645017
404,498,TPM4,DENND2D,0.82061315
404,44,TPM4,NUDT19,0.80635184
404,398,TPM4,APOE,0.80635184
77,422,TRAF1,RUNX2,0.9795156
77,518,TRAF1,IL12A,0.9794573
77,527,TRAF1,TUBB4B,0.9778535
77,550,TRAF1,SPI1,0.9756468
77,116,TRAF1,TOP2A,0.9744888
77,525,TRAF1,CD44,0.9724168
77,145,TRAF1,HMGB2,0.9706331
77,233,TRAF1,NOTCH1,0.97014475
77,190,TRAF1,TIPIN,0.96839195
77,216,TRAF1,MCM7,0.9671949
77,506,TRAF1,PRIM1,0.9660805
77,96,TRAF1,SLBP,0.9635566
77,213,TRAF1,MCM4,0.9625164
77,60,TRAF1,CDT1,0.9607973
77,131,TRAF1,CKS1B,0.9607973
77,320,TRAF1,MYC,0.9599392
77,335,TRAF1,HDAC7,0.9583708
77,68,TRAF1,MKI67,0.95707554
77,367,TRAF1,IL7R,0.9552167
77,267,TRAF1,SLC2A3,0.94998187
77,324,TRAF1,REL,0.9312972
77,27,TRAF1,HSD3B7,0.9224093
77,334,TRAF1,CD74,0.9224093
77,118,TRAF1,FOXO1,0.9221475
77,257,TRAF1,UHRF1,0.91570383
77,46,TRAF1,VDR,0.9085503
77,221,TRAF1,ARPP21,0.9078995
77,66,TRAF1,CBFB,0.9026461
77,69,TRAF1,MAGED1,0.89826274
77,416,TRAF1,GATA2,0.89369905
77,76,TRAF1,ESR1,0.88950634
77,515,TRAF1,NCF1,0.8819892
77,536,TRAF1,MOGS,0.87684935
77,459,TRAF1,IRF8,0.8737138
77,42,TRAF1,DACH1,0.8725944
77,277,TRAF1,MEF2C,0.8603895
77,281,TRAF1,TGM2,0.85350466
77,380,TRAF1,NPDC1,0.8535019
77,379,TRAF1,BCL2,0.8481178
77,392,TRAF1,PBX1,0.8427045
77,498,TRAF1,DENND2D,0.84103245
77,67,TRAF1,TEK,0.82961243
77,290,TRAF1,TMEM14C,0.82961243
77,442,TRAF1,HLF,0.82961243
77,252,TRAF1,HOXA9,0.82693124
77,53,TRAF1,FCHO2,0.82645017
77,302,TRAF1,MEIS1,0.82635236
77,44,TRAF1,NUDT19,0.8152594
77,85,TRAF1,MECOM,0.8093563
77,398,TRAF1,APOE,0.80635184
352,367,TRIB3,IL7R,0.9805437
352,422,TRIB3,RUNX2,0.9783321
352,320,TRIB3,MYC,0.97769004
352,118,TRIB3,FOXO1,0.9767432
352,518,TRIB3,IL12A,0.97666806
352,530,TRIB3,IKZF1,0.9765866
352,267,TRIB3,SLC2A3,0.97628003
352,233,TRIB3,NOTCH1,0.9762734
352,334,TRIB3,CD74,0.97577375
352,27,TRIB3,HSD3B7,0.9757663
352,527,TRIB3,TUBB4B,0.97468704
352,550,TRIB3,SPI1,0.9742848
352,66,TRIB3,CBFB,0.9728769
352,76,TRIB3,ESR1,0.9726132
352,221,TRIB3,ARPP21,0.9718892
352,416,TRIB3,GATA2,0.9711709
352,69,TRIB3,MAGED1,0.9706443
352,46,TRIB3,VDR,0.97060937
352,525,TRIB3,CD44,0.96864665
352,335,TRIB3,HDAC7,0.96808106
352,515,TRIB3,NCF1,0.967949
352,536,TRIB3,MOGS,0.9673428
352,277,TRIB3,MEF2C,0.9628773
352,281,TRIB3,TGM2,0.9624578
352,380,TRIB3,NPDC1,0.9624578
352,252,TRIB3,HOXA9,0.9616675
352,379,TRIB3,BCL2,0.96055096
352,116,TRIB3,TOP2A,0.95780957
352,67,TRIB3,TEK,0.9562748
352,290,TRIB3,TMEM14C,0.9562748
352,442,TRIB3,HLF,0.9562748
352,302,TRIB3,MEIS1,0.9543913
352,392,TRIB3,PBX1,0.9537655
352,53,TRIB3,FCHO2,0.9537462
352,445,TRIB3,IL1R1,0.9537462
352,498,TRIB3,DENND2D,0.9519793
352,85,TRIB3,MECOM,0.9502745
352,398,TRIB3,APOE,0.9460186
352,541,TRIB3,PGR,0.9460186
352,44,TRIB3,NUDT19,0.9460026
352,237,TRIB3,ELF1,0.9413605
352,58,TRIB3,RARB,0.93815094
352,257,TRIB3,UHRF1,0.93787855
352,459,TRIB3,IRF8,0.9358244
352,190,TRIB3,TIPIN,0.9321058
352,145,TRIB3,HMGB2,0.93007016
352,42,TRIB3,DACH1,0.9216383
352,506,TRIB3,PRIM1,0.9167986
352,216,TRIB3,MCM7,0.9094672
352,284,TRIB3,MAML3,0.8882544
183,527,TRIM16,TUBB4B,0.9804482
183,422,TRIM16,RUNX2,0.9795156
183,518,TRIM16,IL12A,0.9794573
183,550,TRIM16,SPI1,0.9756468
183,116,TRIM16,TOP2A,0.9744888
183,145,TRIM16,HMGB2,0.9706331
183,190,TRIM16,TIPIN,0.96839195
183,216,TRIM16,MCM7,0.9671949
183,506,TRIM16,PRIM1,0.9660805
183,525,TRIM16,CD44,0.96401924
183,213,TRIM16,MCM4,0.9623666
183,60,TRIM16,CDT1,0.96081054
183,131,TRIM16,CKS1B,0.9607809
183,96,TRIM16,SLBP,0.96075046
183,335,TRIM16,HDAC7,0.9602129
183,320,TRIM16,MYC,0.9599392
183,68,TRIM16,MKI67,0.95707554
183,367,TRIM16,IL7R,0.9552167
183,267,TRIM16,SLC2A3,0.9470839
183,324,TRIM16,REL,0.9312972
183,530,TRIM16,IKZF1,0.9259667
183,27,TRIM16,HSD3B7,0.9224093
183,334,TRIM16,CD74,0.9224093
183,118,TRIM16,FOXO1,0.9221475
183,459,TRIM16,IRF8,0.91241115
183,69,TRIM16,MAGED1,0.90964353
183,233,TRIM16,NOTCH1,0.90727675
183,66,TRIM16,CBFB,0.9027629
183,416,TRIM16,GATA2,0.89369905
183,515,TRIM16,NCF1,0.8877356
183,536,TRIM16,MOGS,0.87684935
183,445,TRIM16,IL1R1,0.8715195
183,221,TRIM16,ARPP21,0.8649988
183,46,TRIM16,VDR,0.8629964
183,58,TRIM16,RARB,0.8617976
183,277,TRIM16,MEF2C,0.8603895
183,257,TRIM16,UHRF1,0.85598487
183,76,TRIM16,ESR1,0.8556485
183,281,TRIM16,TGM2,0.8535019
183,380,TRIM16,NPDC1,0.8535019
183,252,TRIM16,HOXA9,0.84943974
183,379,TRIM16,BCL2,0.8481178
183,442,TRIM16,HLF,0.84705025
183,67,TRIM16,TEK,0.82961243
183,290,TRIM16,TMEM14C,0.82961243
183,53,TRIM16,FCHO2,0.82645017
183,302,TRIM16,MEIS1,0.82635236
183,498,TRIM16,DENND2D,0.82061315
183,85,TRIM16,MECOM,0.8093563
183,398,TRIM16,APOE,0.8065768
167,527,TRIM47,TUBB4B,0.9804482
167,422,TRIM47,RUNX2,0.9795156
167,518,TRIM47,IL12A,0.9794573
167,550,TRIM47,SPI1,0.97564846
167,116,TRIM47,TOP2A,0.9744888
167,525,TRIM47,CD44,0.97241795
167,145,TRIM47,HMGB2,0.9706331
167,233,TRIM47,NOTCH1,0.97014475
167,190,TRIM47,TIPIN,0.96839195
167,216,TRIM47,MCM7,0.9671949
167,506,TRIM47,PRIM1,0.9660805
167,96,TRIM47,SLBP,0.9635566
167,213,TRIM47,MCM4,0.9625164
167,60,TRIM47,CDT1,0.9607973
167,131,TRIM47,CKS1B,0.9607973
167,335,TRIM47,HDAC7,0.9602129
167,320,TRIM47,MYC,0.9599392
167,68,TRIM47,MKI67,0.95707554
167,367,TRIM47,IL7R,0.9552167
167,267,TRIM47,SLC2A3,0.9496782
167,324,TRIM47,REL,0.9312972
167,530,TRIM47,IKZF1,0.9259667
167,27,TRIM47,HSD3B7,0.922431
167,334,TRIM47,CD74,0.9224093
167,118,TRIM47,FOXO1,0.9221475
167,459,TRIM47,IRF8,0.91241115
167,221,TRIM47,ARPP21,0.9078995
167,46,TRIM47,VDR,0.9026461
167,66,TRIM47,CBFB,0.9026461
167,416,TRIM47,GATA2,0.89369905
167,76,TRIM47,ESR1,0.8894898
167,380,TRIM47,NPDC1,0.88536197
167,515,TRIM47,NCF1,0.8819892
167,536,TRIM47,MOGS,0.8767786
167,69,TRIM47,MAGED1,0.8665095
167,58,TRIM47,RARB,0.8617976
167,257,TRIM47,UHRF1,0.85598487
167,281,TRIM47,TGM2,0.8535019
167,252,TRIM47,HOXA9,0.84943974
167,379,TRIM47,BCL2,0.8481178
167,67,TRIM47,TEK,0.82961243
167,290,TRIM47,TMEM14C,0.82961243
167,442,TRIM47,HLF,0.82961243
167,445,TRIM47,IL1R1,0.8268536
167,392,TRIM47,PBX1,0.8265034
167,53,TRIM47,FCHO2,0.82645017
167,302,TRIM47,MEIS1,0.82635236
167,498,TRIM47,DENND2D,0.8116205
167,85,TRIM47,MECOM,0.8093563
167,44,TRIM47,NUDT19,0.80635184
122,527,TRIM59,TUBB4B,0.9804482
122,422,TRIM59,RUNX2,0.97951335
122,518,TRIM59,IL12A,0.9794573
122,550,TRIM59,SPI1,0.9756468
122,116,TRIM59,TOP2A,0.9744888
122,525,TRIM59,CD44,0.97241795
122,145,TRIM59,HMGB2,0.9706331
122,233,TRIM59,NOTCH1,0.97014475
122,190,TRIM59,TIPIN,0.96839195
122,216,TRIM59,MCM7,0.9671949
122,506,TRIM59,PRIM1,0.9660805
122,96,TRIM59,SLBP,0.9635766
122,213,TRIM59,MCM4,0.96235734
122,60,TRIM59,CDT1,0.9607973
122,131,TRIM59,CKS1B,0.9607973
122,335,TRIM59,HDAC7,0.96017826
122,320,TRIM59,MYC,0.9599392
122,68,TRIM59,MKI67,0.9570386
122,267,TRIM59,SLC2A3,0.94998187
122,27,TRIM59,HSD3B7,0.9404939
122,324,TRIM59,REL,0.9312972
122,530,TRIM59,IKZF1,0.9259667
122,334,TRIM59,CD74,0.9224093
122,118,TRIM59,FOXO1,0.9217096
122,459,TRIM59,IRF8,0.9122835
122,46,TRIM59,VDR,0.9026461
122,66,TRIM59,CBFB,0.9026461
122,367,TRIM59,IL7R,0.90143245
122,221,TRIM59,ARPP21,0.8989266
122,69,TRIM59,MAGED1,0.8985098
122,416,TRIM59,GATA2,0.89369905
122,76,TRIM59,ESR1,0.88950634
122,536,TRIM59,MOGS,0.8767982
122,58,TRIM59,RARB,0.8617976
122,277,TRIM59,MEF2C,0.8603895
122,257,TRIM59,UHRF1,0.8561747
122,515,TRIM59,NCF1,0.8542006
122,281,TRIM59,TGM2,0.8535019
122,380,TRIM59,NPDC1,0.8535019
122,252,TRIM59,HOXA9,0.84943974
122,379,TRIM59,BCL2,0.8481178
122,290,TRIM59,TMEM14C,0.82961243
122,442,TRIM59,HLF,0.82961243
122,67,TRIM59,TEK,0.8295973
122,392,TRIM59,PBX1,0.8265034
122,445,TRIM59,IL1R1,0.82645017
122,302,TRIM59,MEIS1,0.82635236
122,53,TRIM59,FCHO2,0.82216334
122,498,TRIM59,DENND2D,0.82061315
122,85,TRIM59,MECOM,0.8093563
383,527,TRPC6,TUBB4B,0.9804482
383,422,TRPC6,RUNX2,0.9795156
383,518,TRPC6,IL12A,0.9794573
383,550,TRPC6,SPI1,0.9756468
383,116,TRPC6,TOP2A,0.97469646
383,525,TRPC6,CD44,0.97241795
383,145,TRPC6,HMGB2,0.9706331
383,233,TRPC6,NOTCH1,0.97014475
383,190,TRPC6,TIPIN,0.9672268
383,216,TRPC6,MCM7,0.9671949
383,506,TRPC6,PRIM1,0.9660805
383,96,TRPC6,SLBP,0.9635566
383,213,TRPC6,MCM4,0.9625164
383,60,TRPC6,CDT1,0.9607973
383,131,TRPC6,CKS1B,0.9607973
383,335,TRPC6,HDAC7,0.9600208
383,68,TRPC6,MKI67,0.95707554
383,367,TRPC6,IL7R,0.9552167
383,267,TRPC6,SLC2A3,0.95003825
383,324,TRPC6,REL,0.9312972
383,530,TRPC6,IKZF1,0.9259667
383,27,TRPC6,HSD3B7,0.9224093
383,334,TRPC6,CD74,0.9224093
383,118,TRPC6,FOXO1,0.92204404
383,459,TRPC6,IRF8,0.91241115
383,221,TRPC6,ARPP21,0.9078995
383,46,TRPC6,VDR,0.9026461
383,320,TRPC6,MYC,0.9007363
383,69,TRPC6,MAGED1,0.89826274
383,416,TRPC6,GATA2,0.89369905
383,76,TRPC6,ESR1,0.88950634
383,66,TRPC6,CBFB,0.8838176
383,536,TRPC6,MOGS,0.87684935
383,58,TRPC6,RARB,0.8617976
383,277,TRPC6,MEF2C,0.8603895
383,257,TRPC6,UHRF1,0.85598487
383,281,TRPC6,TGM2,0.8535019
383,380,TRPC6,NPDC1,0.8535019
383,252,TRPC6,HOXA9,0.84943974
383,379,TRPC6,BCL2,0.8481178
383,515,TRPC6,NCF1,0.8387789
383,284,TRPC6,MAML3,0.8369308
383,290,TRPC6,TMEM14C,0.82961243
383,442,TRPC6,HLF,0.82961243
383,445,TRPC6,IL1R1,0.829071
383,392,TRPC6,PBX1,0.8265034
383,53,TRPC6,FCHO2,0.82645017
383,302,TRPC6,MEIS1,0.82635236
383,498,TRPC6,DENND2D,0.8207336
383,85,TRPC6,MECOM,0.8093563
292,422,TRPV2,RUNX2,0.9751526
292,527,TRPV2,TUBB4B,0.974619
292,518,TRPV2,IL12A,0.9735589
292,233,TRPV2,NOTCH1,0.9703635
292,550,TRPV2,SPI1,0.96989226
292,525,TRPV2,CD44,0.9667176
292,116,TRPV2,TOP2A,0.9617677
292,145,TRPV2,HMGB2,0.95631087
292,335,TRPV2,HDAC7,0.9561039
292,320,TRPV2,MYC,0.95587337
292,190,TRPV2,TIPIN,0.9538732
292,216,TRPV2,MCM7,0.951135
292,367,TRPV2,IL7R,0.9509192
292,506,TRPV2,PRIM1,0.95011157
292,267,TRPV2,SLC2A3,0.9455872
292,96,TRPV2,SLBP,0.9412568
292,213,TRPV2,MCM4,0.9394786
292,131,TRPV2,CKS1B,0.9328221
292,60,TRPV2,CDT1,0.9327924
292,530,TRPV2,IKZF1,0.9243185
292,68,TRPV2,MKI67,0.92365706
292,334,TRPV2,CD74,0.9187101
292,118,TRPV2,FOXO1,0.9172838
292,27,TRPV2,HSD3B7,0.9151368
292,459,TRPV2,IRF8,0.9077748
292,221,TRPV2,ARPP21,0.9016686
292,66,TRPV2,CBFB,0.89987427
292,46,TRPV2,VDR,0.8994495
292,69,TRPV2,MAGED1,0.8922192
292,76,TRPV2,ESR1,0.8824106
292,515,TRPV2,NCF1,0.87513953
292,416,TRPV2,GATA2,0.87453973
292,324,TRPV2,REL,0.873365
292,536,TRPV2,MOGS,0.87329435
292,277,TRPV2,MEF2C,0.8543526
292,257,TRPV2,UHRF1,0.8509789
292,58,TRPV2,RARB,0.8507259
292,252,TRPV2,HOXA9,0.84594387
292,281,TRPV2,TGM2,0.8431878
292,379,TRPV2,BCL2,0.84016687
292,67,TRPV2,TEK,0.8208747
292,290,TRPV2,TMEM14C,0.8208747
292,442,TRPV2,HLF,0.8208747
292,302,TRPV2,MEIS1,0.8188976
292,392,TRPV2,PBX1,0.8175101
292,53,TRPV2,FCHO2,0.817494
292,445,TRPV2,IL1R1,0.817494
292,498,TRPV2,DENND2D,0.8137512
292,44,TRPV2,NUDT19,0.8055433
292,398,TRPV2,APOE,0.8055433
112,527,TSC22D3,TUBB4B,0.9805012
112,518,TSC22D3,IL12A,0.9794573
112,422,TSC22D3,RUNX2,0.9770477
112,550,TSC22D3,SPI1,0.9756468
112,116,TSC22D3,TOP2A,0.9744888
112,525,TSC22D3,CD44,0.97241795
112,145,TSC22D3,HMGB2,0.9706331
112,233,TSC22D3,NOTCH1,0.97014475
112,190,TSC22D3,TIPIN,0.96839195
112,216,TSC22D3,MCM7,0.9671949
112,506,TSC22D3,PRIM1,0.9660818
112,367,TSC22D3,IL7R,0.9642963
112,96,TSC22D3,SLBP,0.9635566
112,213,TSC22D3,MCM4,0.9625846
112,60,TSC22D3,CDT1,0.9607973
112,131,TSC22D3,CKS1B,0.9607973
112,335,TSC22D3,HDAC7,0.9602129
112,320,TSC22D3,MYC,0.9599392
112,68,TSC22D3,MKI67,0.95707554
112,267,TSC22D3,SLC2A3,0.94998187
112,324,TSC22D3,REL,0.9312972
112,530,TSC22D3,IKZF1,0.92961484
112,118,TSC22D3,FOXO1,0.9236665
112,27,TSC22D3,HSD3B7,0.9224093
112,334,TSC22D3,CD74,0.9224093
112,459,TSC22D3,IRF8,0.91241115
112,221,TSC22D3,ARPP21,0.9078995
112,46,TSC22D3,VDR,0.9026461
112,66,TSC22D3,CBFB,0.9026461
112,69,TSC22D3,MAGED1,0.89826274
112,416,TSC22D3,GATA2,0.89369905
112,76,TSC22D3,ESR1,0.88950634
112,515,TSC22D3,NCF1,0.88155377
112,536,TSC22D3,MOGS,0.87684935
112,277,TSC22D3,MEF2C,0.8603895
112,257,TSC22D3,UHRF1,0.85603493
112,281,TSC22D3,TGM2,0.8535019
112,380,TSC22D3,NPDC1,0.8535019
112,252,TSC22D3,HOXA9,0.84943974
112,379,TSC22D3,BCL2,0.8481178
112,392,TSC22D3,PBX1,0.83068484
112,53,TSC22D3,FCHO2,0.8306406
112,290,TSC22D3,TMEM14C,0.82961243
112,442,TSC22D3,HLF,0.82961243
112,445,TSC22D3,IL1R1,0.8277928
112,58,TSC22D3,RARB,0.82169145
112,498,TSC22D3,DENND2D,0.82061315
112,398,TSC22D3,APOE,0.8173434
112,85,TSC22D3,MECOM,0.80933565
112,67,TSC22D3,TEK,0.80882376
232,527,TSPAN2,TUBB4B,0.9804482
232,422,TSPAN2,RUNX2,0.9795156
232,518,TSPAN2,IL12A,0.9794573
232,116,TSPAN2,TOP2A,0.9744888
232,525,TSPAN2,CD44,0.97241795
232,145,TSPAN2,HMGB2,0.9706331
232,233,TSPAN2,NOTCH1,0.97014475
232,190,TSPAN2,TIPIN,0.96839195
232,131,TSPAN2,CKS1B,0.96826553
232,213,TSPAN2,MCM4,0.9674009
232,216,TSPAN2,MCM7,0.9671949
232,506,TSPAN2,PRIM1,0.96611136
232,96,TSPAN2,SLBP,0.96356875
232,60,TSPAN2,CDT1,0.9607973
232,335,TSPAN2,HDAC7,0.9602129
232,320,TSPAN2,MYC,0.9599392
232,68,TSPAN2,MKI67,0.95707554
232,367,TSPAN2,IL7R,0.9552167
232,324,TSPAN2,REL,0.95414543
232,267,TSPAN2,SLC2A3,0.95003825
232,550,TSPAN2,SPI1,0.94072497
232,459,TSPAN2,IRF8,0.9380968
232,530,TSPAN2,IKZF1,0.9301783
232,118,TSPAN2,FOXO1,0.9240947
232,27,TSPAN2,HSD3B7,0.9224093
232,334,TSPAN2,CD74,0.9224093
232,221,TSPAN2,ARPP21,0.9078995
232,46,TSPAN2,VDR,0.9050366
232,66,TSPAN2,CBFB,0.9026461
232,69,TSPAN2,MAGED1,0.89826274
232,416,TSPAN2,GATA2,0.89369905
232,76,TSPAN2,ESR1,0.88950634
232,515,TSPAN2,NCF1,0.8819892
232,536,TSPAN2,MOGS,0.87684935
232,58,TSPAN2,RARB,0.8617976
232,277,TSPAN2,MEF2C,0.8603895
232,257,TSPAN2,UHRF1,0.85598487
232,380,TSPAN2,NPDC1,0.8535019
232,281,TSPAN2,TGM2,0.8531149
232,252,TSPAN2,HOXA9,0.84943974
232,379,TSPAN2,BCL2,0.8481178
232,67,TSPAN2,TEK,0.82961243
232,290,TSPAN2,TMEM14C,0.82961243
232,442,TSPAN2,HLF,0.82961243
232,392,TSPAN2,PBX1,0.82716256
232,53,TSPAN2,FCHO2,0.82652664
232,445,TSPAN2,IL1R1,0.82645017
232,302,TSPAN2,MEIS1,0.82635236
232,498,TSPAN2,DENND2D,0.82061315
232,85,TSPAN2,MECOM,0.8093563
449,527,TSPAN3,TUBB4B,0.9804482
449,422,TSPAN3,RUNX2,0.9795156
449,518,TSPAN3,IL12A,0.9781739
449,550,TSPAN3,SPI1,0.9756468
449,116,TSPAN3,TOP2A,0.9744888
449,525,TSPAN3,CD44,0.97241795
449,145,TSPAN3,HMGB2,0.9706331
449,233,TSPAN3,NOTCH1,0.97014475
449,190,TSPAN3,TIPIN,0.96839195
449,216,TSPAN3,MCM7,0.9671949
449,506,TSPAN3,PRIM1,0.9660818
449,335,TSPAN3,HDAC7,0.96367383
449,96,TSPAN3,SLBP,0.9635566
449,213,TSPAN3,MCM4,0.9625164
449,131,TSPAN3,CKS1B,0.9607973
449,320,TSPAN3,MYC,0.9599392
449,68,TSPAN3,MKI67,0.95707554
449,60,TSPAN3,CDT1,0.9561901
449,367,TSPAN3,IL7R,0.9552167
449,267,TSPAN3,SLC2A3,0.94998187
449,324,TSPAN3,REL,0.9312972
449,530,TSPAN3,IKZF1,0.9259667
449,27,TSPAN3,HSD3B7,0.9224093
449,334,TSPAN3,CD74,0.9224093
449,118,TSPAN3,FOXO1,0.922094
449,459,TSPAN3,IRF8,0.91241115
449,221,TSPAN3,ARPP21,0.9078995
449,66,TSPAN3,CBFB,0.90152913
449,69,TSPAN3,MAGED1,0.89826274
449,416,TSPAN3,GATA2,0.89369905
449,515,TSPAN3,NCF1,0.8922739
449,46,TSPAN3,VDR,0.8901051
449,76,TSPAN3,ESR1,0.88948154
449,536,TSPAN3,MOGS,0.87711245
449,58,TSPAN3,RARB,0.8616021
449,277,TSPAN3,MEF2C,0.86040056
449,257,TSPAN3,UHRF1,0.85598487
449,281,TSPAN3,TGM2,0.8535019
449,380,TSPAN3,NPDC1,0.8535019
449,252,TSPAN3,HOXA9,0.84943974
449,379,TSPAN3,BCL2,0.84790754
449,392,TSPAN3,PBX1,0.8427045
449,442,TSPAN3,HLF,0.82977533
449,290,TSPAN3,TMEM14C,0.82974154
449,67,TSPAN3,TEK,0.82961243
449,53,TSPAN3,FCHO2,0.82645017
449,302,TSPAN3,MEIS1,0.82635236
449,498,TSPAN3,DENND2D,0.82061315
449,445,TSPAN3,IL1R1,0.8105531
449,85,TSPAN3,MECOM,0.8091291
12,422,TTC39B,RUNX2,0.97949666
12,518,TTC39B,IL12A,0.9794535
12,550,TTC39B,SPI1,0.9756198
12,116,TTC39B,TOP2A,0.9745208
12,525,TTC39B,CD44,0.9723852
12,527,TTC39B,TUBB4B,0.9717006
12,145,TTC39B,HMGB2,0.97067744
12,233,TTC39B,NOTCH1,0.9701118
12,190,TTC39B,TIPIN,0.96844596
12,216,TTC39B,MCM7,0.9672527
12,506,TTC39B,PRIM1,0.96613866
12,96,TTC39B,SLBP,0.96362114
12,213,TTC39B,MCM4,0.9625826
12,60,TTC39B,CDT1,0.96086687
12,131,TTC39B,CKS1B,0.96086687
12,335,TTC39B,HDAC7,0.960083
12,68,TTC39B,MKI67,0.95717424
12,320,TTC39B,MYC,0.9554578
12,367,TTC39B,IL7R,0.955069
12,267,TTC39B,SLC2A3,0.95370144
12,530,TTC39B,IKZF1,0.9336056
12,324,TTC39B,REL,0.931416
12,27,TTC39B,HSD3B7,0.92212695
12,334,TTC39B,CD74,0.92212695
12,118,TTC39B,FOXO1,0.92186475
12,459,TTC39B,IRF8,0.9121071
12,221,TTC39B,ARPP21,0.9075653
12,46,TTC39B,VDR,0.9030179
12,66,TTC39B,CBFB,0.9008328
12,69,TTC39B,MAGED1,0.89789593
12,416,TTC39B,GATA2,0.8933164
12,76,TTC39B,ESR1,0.88910764
12,515,TTC39B,NCF1,0.88156855
12,536,TTC39B,MOGS,0.8764109
12,58,TTC39B,RARB,0.8613321
12,277,TTC39B,MEF2C,0.8599039
12,257,TTC39B,UHRF1,0.85547525
12,281,TTC39B,TGM2,0.8529909
12,380,TTC39B,NPDC1,0.8529909
12,252,TTC39B,HOXA9,0.8492595
12,379,TTC39B,BCL2,0.8475929
12,67,TTC39B,TEK,0.82902944
12,290,TTC39B,TMEM14C,0.82902944
12,442,TTC39B,HLF,0.82902944
12,392,TTC39B,PBX1,0.82591295
12,53,TTC39B,FCHO2,0.8258596
12,445,TTC39B,IL1R1,0.82582444
12,302,TTC39B,MEIS1,0.8257676
12,498,TTC39B,DENND2D,0.8200125
12,85,TTC39B,MECOM,0.80877674
527,422,TUBB4B,RUNX2,0.97608167
527,116,TUBB4B,TOP2A,0.97486645
527,518,TUBB4B,IL12A,0.9723087
527,550,TUBB4B,SPI1,0.97059184
527,190,TUBB4B,TIPIN,0.96846694
527,525,TUBB4B,CD44,0.9683553
527,506,TUBB4B,PRIM1,0.96753114
527,233,TUBB4B,NOTCH1,0.9648729
527,216,TUBB4B,MCM7,0.96466565
527,320,TUBB4B,MYC,0.961686
527,213,TUBB4B,MCM4,0.9596498
527,367,TUBB4B,IL7R,0.9593804
527,96,TUBB4B,SLBP,0.9579968
527,145,TUBB4B,HMGB2,0.9530996
527,60,TUBB4B,CDT1,0.9529723
527,131,TUBB4B,CKS1B,0.9529723
527,68,TUBB4B,MKI67,0.9466059
527,267,TUBB4B,SLC2A3,0.9396944
527,530,TUBB4B,IKZF1,0.93130934
527,334,TUBB4B,CD74,0.926876
527,335,TUBB4B,HDAC7,0.9236682
527,118,TUBB4B,FOXO1,0.9035201
527,416,TUBB4B,GATA2,0.90008
527,27,TUBB4B,HSD3B7,0.897986
527,536,TUBB4B,MOGS,0.87397313
527,515,TUBB4B,NCF1,0.87385046
527,324,TUBB4B,REL,0.8701487
527,66,TUBB4B,CBFB,0.8650038
527,46,TUBB4B,VDR,0.86463684
527,69,TUBB4B,MAGED1,0.8623972
527,459,TUBB4B,IRF8,0.8614097
527,76,TUBB4B,ESR1,0.84256816
527,379,TUBB4B,BCL2,0.8362541
527,221,TUBB4B,ARPP21,0.8289691
527,442,TUBB4B,HLF,0.8017524
527,277,TUBB4B,MEF2C,0.7923276
527,498,TUBB4B,DENND2D,0.7883464
527,252,TUBB4B,HOXA9,0.7735035
527,398,TUBB4B,APOE,0.7727391
527,541,TUBB4B,PGR,0.7721501
527,257,TUBB4B,UHRF1,0.764166
527,281,TUBB4B,TGM2,0.7581044
527,302,TUBB4B,MEIS1,0.7362528
527,53,TUBB4B,FCHO2,0.7342409
527,67,TUBB4B,TEK,0.7298618
527,290,TUBB4B,TMEM14C,0.7298618
527,44,TUBB4B,NUDT19,0.71033686
527,85,TUBB4B,MECOM,0.69267166
527,237,TUBB4B,ELF1,0.6838462
527,380,TUBB4B,NPDC1,0.6470053
62,527,TXNIP,TUBB4B,0.9804482
62,422,TXNIP,RUNX2,0.9795156
62,518,TXNIP,IL12A,0.9794581
62,550,TXNIP,SPI1,0.9775419
62,116,TXNIP,TOP2A,0.9744888
62,233,TXNIP,NOTCH1,0.9725457
62,525,TXNIP,CD44,0.97241795
62,145,TXNIP,HMGB2,0.9706331
62,506,TXNIP,PRIM1,0.9698962
62,190,TXNIP,TIPIN,0.96839195
62,216,TXNIP,MCM7,0.9671949
62,60,TXNIP,CDT1,0.9658955
62,96,TXNIP,SLBP,0.9635566
62,213,TXNIP,MCM4,0.9625164
62,131,TXNIP,CKS1B,0.9607973
62,335,TXNIP,HDAC7,0.9602129
62,320,TXNIP,MYC,0.9599392
62,68,TXNIP,MKI67,0.95707554
62,367,TXNIP,IL7R,0.9552167
62,267,TXNIP,SLC2A3,0.9500102
62,530,TXNIP,IKZF1,0.941807
62,324,TXNIP,REL,0.9312972
62,334,TXNIP,CD74,0.9224093
62,118,TXNIP,FOXO1,0.9221475
62,459,TXNIP,IRF8,0.9157905
62,221,TXNIP,ARPP21,0.9077895
62,46,TXNIP,VDR,0.9050366
62,66,TXNIP,CBFB,0.9026461
62,69,TXNIP,MAGED1,0.89826274
62,416,TXNIP,GATA2,0.89369905
62,27,TXNIP,HSD3B7,0.8936844
62,76,TXNIP,ESR1,0.890121
62,515,TXNIP,NCF1,0.8819892
62,536,TXNIP,MOGS,0.87684935
62,58,TXNIP,RARB,0.8617976
62,277,TXNIP,MEF2C,0.8601199
62,392,TXNIP,PBX1,0.8587759
62,281,TXNIP,TGM2,0.8535019
62,380,TXNIP,NPDC1,0.8535019
62,252,TXNIP,HOXA9,0.84943974
62,379,TXNIP,BCL2,0.8481178
62,257,TXNIP,UHRF1,0.84449077
62,67,TXNIP,TEK,0.82961243
62,290,TXNIP,TMEM14C,0.82840127
62,442,TXNIP,HLF,0.82840127
62,53,TXNIP,FCHO2,0.82680583
62,445,TXNIP,IL1R1,0.82645017
62,302,TXNIP,MEIS1,0.82635236
62,498,TXNIP,DENND2D,0.82061315
62,85,TXNIP,MECOM,0.809631
18,527,TYROBP,TUBB4B,0.9804482
18,422,TYROBP,RUNX2,0.9795156
18,518,TYROBP,IL12A,0.9794485
18,550,TYROBP,SPI1,0.9756468
18,116,TYROBP,TOP2A,0.97451246
18,525,TYROBP,CD44,0.9726795
18,145,TYROBP,HMGB2,0.9706331
18,233,TYROBP,NOTCH1,0.9701742
18,190,TYROBP,TIPIN,0.96839195
18,216,TYROBP,MCM7,0.9671949
18,506,TYROBP,PRIM1,0.9660805
18,324,TYROBP,REL,0.966051
18,96,TYROBP,SLBP,0.9635566
18,213,TYROBP,MCM4,0.9625164
18,60,TYROBP,CDT1,0.9607973
18,131,TYROBP,CKS1B,0.9607973
18,335,TYROBP,HDAC7,0.9602129
18,320,TYROBP,MYC,0.9599392
18,68,TYROBP,MKI67,0.95707554
18,367,TYROBP,IL7R,0.9552167
18,267,TYROBP,SLC2A3,0.94998187
18,530,TYROBP,IKZF1,0.9259667
18,334,TYROBP,CD74,0.92240334
18,27,TYROBP,HSD3B7,0.92192364
18,459,TYROBP,IRF8,0.91241115
18,221,TYROBP,ARPP21,0.9078995
18,118,TYROBP,FOXO1,0.90283537
18,46,TYROBP,VDR,0.9026461
18,66,TYROBP,CBFB,0.9026461
18,442,TYROBP,HLF,0.89941174
18,69,TYROBP,MAGED1,0.8982544
18,416,TYROBP,GATA2,0.89369905
18,76,TYROBP,ESR1,0.88950634
18,515,TYROBP,NCF1,0.88200414
18,536,TYROBP,MOGS,0.8763853
18,58,TYROBP,RARB,0.8617976
18,277,TYROBP,MEF2C,0.86041653
18,380,TYROBP,NPDC1,0.8542837
18,281,TYROBP,TGM2,0.8535019
18,252,TYROBP,HOXA9,0.84943974
18,379,TYROBP,BCL2,0.8481178
18,53,TYROBP,FCHO2,0.84265935
18,468,TYROBP,VEGFC,0.8311727
18,257,TYROBP,UHRF1,0.8311548
18,67,TYROBP,TEK,0.82961243
18,290,TYROBP,TMEM14C,0.82961243
18,392,TYROBP,PBX1,0.8265034
18,445,TYROBP,IL1R1,0.82645017
18,302,TYROBP,MEIS1,0.82635236
18,498,TYROBP,DENND2D,0.82061315
414,527,UAP1L1,TUBB4B,0.9804482
414,422,UAP1L1,RUNX2,0.9795156
414,518,UAP1L1,IL12A,0.9794573
414,550,UAP1L1,SPI1,0.9756198
414,116,UAP1L1,TOP2A,0.9744888
414,525,UAP1L1,CD44,0.97241795
414,145,UAP1L1,HMGB2,0.9706331
414,233,UAP1L1,NOTCH1,0.97014475
414,96,UAP1L1,SLBP,0.9699875
414,190,UAP1L1,TIPIN,0.96840537
414,216,UAP1L1,MCM7,0.9671949
414,506,UAP1L1,PRIM1,0.9660805
414,213,UAP1L1,MCM4,0.9625164
414,324,UAP1L1,REL,0.9623658
414,60,UAP1L1,CDT1,0.9607973
414,131,UAP1L1,CKS1B,0.9607973
414,335,UAP1L1,HDAC7,0.9602129
414,320,UAP1L1,MYC,0.9599572
414,367,UAP1L1,IL7R,0.9552167
414,267,UAP1L1,SLC2A3,0.94998187
414,68,UAP1L1,MKI67,0.9370852
414,530,UAP1L1,IKZF1,0.9259667
414,27,UAP1L1,HSD3B7,0.9224093
414,334,UAP1L1,CD74,0.9224093
414,118,UAP1L1,FOXO1,0.92215866
414,221,UAP1L1,ARPP21,0.9078995
414,46,UAP1L1,VDR,0.9026461
414,459,UAP1L1,IRF8,0.90033776
414,69,UAP1L1,MAGED1,0.89826274
414,76,UAP1L1,ESR1,0.88950634
414,515,UAP1L1,NCF1,0.8819892
414,536,UAP1L1,MOGS,0.87237364
414,277,UAP1L1,MEF2C,0.8610484
414,257,UAP1L1,UHRF1,0.85598487
414,281,UAP1L1,TGM2,0.8535019
414,380,UAP1L1,NPDC1,0.8535019
414,252,UAP1L1,HOXA9,0.8505267
414,66,UAP1L1,CBFB,0.8495298
414,67,UAP1L1,TEK,0.82961243
414,442,UAP1L1,HLF,0.82961243
414,290,UAP1L1,TMEM14C,0.82952213
414,392,UAP1L1,PBX1,0.827777
414,53,UAP1L1,FCHO2,0.82645017
414,302,UAP1L1,MEIS1,0.82635236
414,498,UAP1L1,DENND2D,0.82061315
414,58,UAP1L1,RARB,0.812356
414,85,UAP1L1,MECOM,0.8093563
414,398,UAP1L1,APOE,0.80635184
414,541,UAP1L1,PGR,0.80635184
414,237,UAP1L1,ELF1,0.79962116
231,527,UBA7,TUBB4B,0.9804482
231,422,UBA7,RUNX2,0.9795156
231,518,UBA7,IL12A,0.9794573
231,116,UBA7,TOP2A,0.9744888
231,525,UBA7,CD44,0.97241795
231,145,UBA7,HMGB2,0.9706331
231,233,UBA7,NOTCH1,0.97014475
231,190,UBA7,TIPIN,0.96839195
231,131,UBA7,CKS1B,0.96826553
231,213,UBA7,MCM4,0.9674009
231,216,UBA7,MCM7,0.9671949
231,506,UBA7,PRIM1,0.96611136
231,96,UBA7,SLBP,0.96356875
231,60,UBA7,CDT1,0.9607973
231,335,UBA7,HDAC7,0.9602129
231,320,UBA7,MYC,0.9599392
231,68,UBA7,MKI67,0.95707554
231,367,UBA7,IL7R,0.9552167
231,324,UBA7,REL,0.95414543
231,267,UBA7,SLC2A3,0.95003825
231,550,UBA7,SPI1,0.94072497
231,459,UBA7,IRF8,0.9380968
231,530,UBA7,IKZF1,0.9301783
231,118,UBA7,FOXO1,0.9240947
231,27,UBA7,HSD3B7,0.9224093
231,334,UBA7,CD74,0.9224093
231,221,UBA7,ARPP21,0.9078995
231,46,UBA7,VDR,0.9050366
231,66,UBA7,CBFB,0.9026461
231,69,UBA7,MAGED1,0.89826274
231,416,UBA7,GATA2,0.89369905
231,76,UBA7,ESR1,0.88950634
231,515,UBA7,NCF1,0.8819892
231,536,UBA7,MOGS,0.87684935
231,58,UBA7,RARB,0.8617976
231,277,UBA7,MEF2C,0.8603895
231,257,UBA7,UHRF1,0.85598487
231,380,UBA7,NPDC1,0.8535019
231,281,UBA7,TGM2,0.8531149
231,252,UBA7,HOXA9,0.84943974
231,379,UBA7,BCL2,0.8481178
231,67,UBA7,TEK,0.82961243
231,290,UBA7,TMEM14C,0.82961243
231,442,UBA7,HLF,0.82961243
231,392,UBA7,PBX1,0.82716256
231,53,UBA7,FCHO2,0.82652664
231,445,UBA7,IL1R1,0.82645017
231,302,UBA7,MEIS1,0.82635236
231,498,UBA7,DENND2D,0.82061315
231,85,UBA7,MECOM,0.8093563
189,422,UBASH3A,RUNX2,0.9771507
189,527,UBASH3A,TUBB4B,0.9770323
189,518,UBASH3A,IL12A,0.9763131
189,550,UBASH3A,SPI1,0.9727773
189,116,UBASH3A,TOP2A,0.968513
189,145,UBASH3A,HMGB2,0.9645456
189,190,UBASH3A,TIPIN,0.9619083
189,60,UBASH3A,CDT1,0.9613798
189,216,UBASH3A,MCM7,0.96038175
189,506,UBASH3A,PRIM1,0.9591103
189,96,UBASH3A,SLBP,0.9589804
189,525,UBASH3A,CD44,0.95867956
189,335,UBASH3A,HDAC7,0.95777017
189,320,UBASH3A,MYC,0.95531404
189,367,UBASH3A,IL7R,0.9548181
189,213,UBASH3A,MCM4,0.9545945
189,131,UBASH3A,CKS1B,0.95022756
189,267,UBASH3A,SLC2A3,0.94709766
189,68,UBASH3A,MKI67,0.9434713
189,530,UBASH3A,IKZF1,0.9312844
189,27,UBASH3A,HSD3B7,0.92777795
189,334,UBASH3A,CD74,0.92777795
189,118,UBASH3A,FOXO1,0.92774725
189,459,UBASH3A,IRF8,0.92191947
189,66,UBASH3A,CBFB,0.9173846
189,233,UBASH3A,NOTCH1,0.9165802
189,324,UBASH3A,REL,0.9140709
189,416,UBASH3A,GATA2,0.9026847
189,76,UBASH3A,ESR1,0.8986201
189,515,UBASH3A,NCF1,0.89728117
189,46,UBASH3A,VDR,0.89704174
189,536,UBASH3A,MOGS,0.88713354
189,445,UBASH3A,IL1R1,0.8810358
189,69,UBASH3A,MAGED1,0.8769385
189,58,UBASH3A,RARB,0.87594134
189,221,UBASH3A,ARPP21,0.8754758
189,277,UBASH3A,MEF2C,0.87256604
189,257,UBASH3A,UHRF1,0.8673819
189,252,UBASH3A,HOXA9,0.8657847
189,281,UBASH3A,TGM2,0.8650554
189,380,UBASH3A,NPDC1,0.8650554
189,379,UBASH3A,BCL2,0.8608081
189,442,UBASH3A,HLF,0.8589214
189,67,UBASH3A,TEK,0.84388375
189,290,UBASH3A,TMEM14C,0.84388375
189,302,UBASH3A,MEIS1,0.8420793
189,53,UBASH3A,FCHO2,0.8410207
189,498,UBASH3A,DENND2D,0.8363286
189,85,UBASH3A,MECOM,0.8262741
189,398,UBASH3A,APOE,0.824197
501,527,UBE2L6,TUBB4B,0.9804482
501,518,UBE2L6,IL12A,0.9794573
501,550,UBE2L6,SPI1,0.9756468
501,116,UBE2L6,TOP2A,0.9744888
501,525,UBE2L6,CD44,0.97241795
501,145,UBE2L6,HMGB2,0.9706331
501,233,UBE2L6,NOTCH1,0.97014475
501,190,UBE2L6,TIPIN,0.96839195
501,131,UBE2L6,CKS1B,0.96826553
501,216,UBE2L6,MCM7,0.9671949
501,506,UBE2L6,PRIM1,0.9660805
501,213,UBE2L6,MCM4,0.9659633
501,96,UBE2L6,SLBP,0.9635566
501,60,UBE2L6,CDT1,0.9607973
501,335,UBE2L6,HDAC7,0.9602129
501,320,UBE2L6,MYC,0.9599392
501,422,UBE2L6,RUNX2,0.9572998
501,68,UBE2L6,MKI67,0.95707554
501,267,UBE2L6,SLC2A3,0.94998187
501,367,UBE2L6,IL7R,0.94712365
501,324,UBE2L6,REL,0.9312972
501,530,UBE2L6,IKZF1,0.9254132
501,27,UBE2L6,HSD3B7,0.9224093
501,334,UBE2L6,CD74,0.9224093
501,118,UBE2L6,FOXO1,0.9221475
501,459,UBE2L6,IRF8,0.9124466
501,221,UBE2L6,ARPP21,0.9078995
501,66,UBE2L6,CBFB,0.90268505
501,46,UBE2L6,VDR,0.9026461
501,69,UBE2L6,MAGED1,0.89826274
501,416,UBE2L6,GATA2,0.89369905
501,76,UBE2L6,ESR1,0.890121
501,515,UBE2L6,NCF1,0.8819892
501,536,UBE2L6,MOGS,0.87684935
501,277,UBE2L6,MEF2C,0.8603895
501,257,UBE2L6,UHRF1,0.85598487
501,281,UBE2L6,TGM2,0.8535019
501,380,UBE2L6,NPDC1,0.8535019
501,252,UBE2L6,HOXA9,0.84943974
501,379,UBE2L6,BCL2,0.8481178
501,290,UBE2L6,TMEM14C,0.82961243
501,442,UBE2L6,HLF,0.82961243
501,67,UBE2L6,TEK,0.8295423
501,392,UBE2L6,PBX1,0.8265034
501,53,UBE2L6,FCHO2,0.82645017
501,445,UBE2L6,IL1R1,0.82645017
501,302,UBE2L6,MEIS1,0.82635236
501,498,UBE2L6,DENND2D,0.82061315
501,85,UBE2L6,MECOM,0.80958575
501,541,UBE2L6,PGR,0.8065439
257,422,UHRF1,RUNX2,0.97989666
257,527,UHRF1,TUBB4B,0.978874
257,116,UHRF1,TOP2A,0.9784631
257,550,UHRF1,SPI1,0.97623914
257,233,UHRF1,NOTCH1,0.97520643
257,525,UHRF1,CD44,0.9722162
257,190,UHRF1,TIPIN,0.971951
257,145,UHRF1,HMGB2,0.9714614
257,506,UHRF1,PRIM1,0.9692991
257,216,UHRF1,MCM7,0.96743876
257,320,UHRF1,MYC,0.9647229
257,96,UHRF1,SLBP,0.96325606
257,213,UHRF1,MCM4,0.9626922
257,335,UHRF1,HDAC7,0.96154773
257,518,UHRF1,IL12A,0.95986944
257,367,UHRF1,IL7R,0.95718384
257,60,UHRF1,CDT1,0.955921
257,131,UHRF1,CKS1B,0.955921
257,267,UHRF1,SLC2A3,0.9532768
257,68,UHRF1,MKI67,0.94659185
257,118,UHRF1,FOXO1,0.9182008
257,27,UHRF1,HSD3B7,0.916496
257,334,UHRF1,CD74,0.916496
257,221,UHRF1,ARPP21,0.8901701
257,69,UHRF1,MAGED1,0.8826063
257,46,UHRF1,VDR,0.8811592
257,416,UHRF1,GATA2,0.8770227
257,324,UHRF1,REL,0.8762109
257,76,UHRF1,ESR1,0.8703409
257,536,UHRF1,MOGS,0.85712636
257,515,UHRF1,NCF1,0.8567807
257,459,UHRF1,IRF8,0.8462344
257,530,UHRF1,IKZF1,0.84260774
257,277,UHRF1,MEF2C,0.81952524
257,281,UHRF1,TGM2,0.8143127
257,380,UHRF1,NPDC1,0.8143127
257,379,UHRF1,BCL2,0.8125593
257,252,UHRF1,HOXA9,0.7958408
257,53,UHRF1,FCHO2,0.7900614
257,66,UHRF1,CBFB,0.7830288
257,67,UHRF1,TEK,0.7729955
257,290,UHRF1,TMEM14C,0.7729955
257,442,UHRF1,HLF,0.7729955
257,392,UHRF1,PBX1,0.76832473
257,445,UHRF1,IL1R1,0.76823807
257,302,UHRF1,MEIS1,0.76781124
257,498,UHRF1,DENND2D,0.753505
257,85,UHRF1,MECOM,0.7487536
257,44,UHRF1,NUDT19,0.7404227
257,398,UHRF1,APOE,0.7404227
25,527,UNC93B1,TUBB4B,0.9804482
25,422,UNC93B1,RUNX2,0.9795156
25,518,UNC93B1,IL12A,0.9794573
25,550,UNC93B1,SPI1,0.9756468
25,525,UNC93B1,CD44,0.97241795
25,145,UNC93B1,HMGB2,0.97065675
25,233,UNC93B1,NOTCH1,0.97014475
25,190,UNC93B1,TIPIN,0.96839195
25,116,UNC93B1,TOP2A,0.96774375
25,216,UNC93B1,MCM7,0.9671949
25,506,UNC93B1,PRIM1,0.9660742
25,96,UNC93B1,SLBP,0.9635566
25,131,UNC93B1,CKS1B,0.96254945
25,213,UNC93B1,MCM4,0.9625164
25,60,UNC93B1,CDT1,0.9607973
25,335,UNC93B1,HDAC7,0.9602129
25,320,UNC93B1,MYC,0.9599392
25,68,UNC93B1,MKI67,0.95707554
25,367,UNC93B1,IL7R,0.9552167
25,267,UNC93B1,SLC2A3,0.94998187
25,324,UNC93B1,REL,0.93116575
25,530,UNC93B1,IKZF1,0.9259667
25,27,UNC93B1,HSD3B7,0.9224093
25,334,UNC93B1,CD74,0.9224093
25,118,UNC93B1,FOXO1,0.9221475
25,459,UNC93B1,IRF8,0.91241115
25,221,UNC93B1,ARPP21,0.9078995
25,46,UNC93B1,VDR,0.9026461
25,66,UNC93B1,CBFB,0.9026461
25,69,UNC93B1,MAGED1,0.89826274
25,76,UNC93B1,ESR1,0.88950634
25,515,UNC93B1,NCF1,0.8821113
25,536,UNC93B1,MOGS,0.87219566
25,58,UNC93B1,RARB,0.8657541
25,252,UNC93B1,HOXA9,0.8654229
25,277,UNC93B1,MEF2C,0.8603895
25,257,UNC93B1,UHRF1,0.85598487
25,281,UNC93B1,TGM2,0.8535019
25,380,UNC93B1,NPDC1,0.8535019
25,379,UNC93B1,BCL2,0.8481178
25,290,UNC93B1,TMEM14C,0.82961243
25,442,UNC93B1,HLF,0.82961243
25,67,UNC93B1,TEK,0.8295973
25,392,UNC93B1,PBX1,0.8265034
25,53,UNC93B1,FCHO2,0.82645017
25,445,UNC93B1,IL1R1,0.82645017
25,302,UNC93B1,MEIS1,0.8255289
25,498,UNC93B1,DENND2D,0.82065773
25,85,UNC93B1,MECOM,0.8093563
25,44,UNC93B1,NUDT19,0.80635184
75,422,UPP1,RUNX2,0.9795156
75,518,UPP1,IL12A,0.9794573
75,527,UPP1,TUBB4B,0.9778535
75,550,UPP1,SPI1,0.9756468
75,116,UPP1,TOP2A,0.9744888
75,525,UPP1,CD44,0.9724168
75,145,UPP1,HMGB2,0.9706331
75,233,UPP1,NOTCH1,0.97014475
75,190,UPP1,TIPIN,0.96839195
75,216,UPP1,MCM7,0.9671949
75,506,UPP1,PRIM1,0.9660805
75,96,UPP1,SLBP,0.9635566
75,213,UPP1,MCM4,0.9625164
75,60,UPP1,CDT1,0.9607973
75,131,UPP1,CKS1B,0.9607973
75,320,UPP1,MYC,0.9599392
75,335,UPP1,HDAC7,0.9583708
75,68,UPP1,MKI67,0.95707554
75,367,UPP1,IL7R,0.9552167
75,267,UPP1,SLC2A3,0.94998187
75,324,UPP1,REL,0.9312972
75,27,UPP1,HSD3B7,0.9224093
75,334,UPP1,CD74,0.9224093
75,118,UPP1,FOXO1,0.9221475
75,257,UPP1,UHRF1,0.91570383
75,46,UPP1,VDR,0.9085503
75,221,UPP1,ARPP21,0.9078995
75,66,UPP1,CBFB,0.9026461
75,69,UPP1,MAGED1,0.89826274
75,416,UPP1,GATA2,0.89369905
75,76,UPP1,ESR1,0.88950634
75,515,UPP1,NCF1,0.8819892
75,536,UPP1,MOGS,0.87684935
75,459,UPP1,IRF8,0.8737138
75,42,UPP1,DACH1,0.8725944
75,277,UPP1,MEF2C,0.8603895
75,281,UPP1,TGM2,0.85350466
75,380,UPP1,NPDC1,0.8535019
75,379,UPP1,BCL2,0.8481178
75,392,UPP1,PBX1,0.8427045
75,498,UPP1,DENND2D,0.84103245
75,67,UPP1,TEK,0.82961243
75,290,UPP1,TMEM14C,0.82961243
75,442,UPP1,HLF,0.82961243
75,252,UPP1,HOXA9,0.82693124
75,53,UPP1,FCHO2,0.82645017
75,302,UPP1,MEIS1,0.82635236
75,44,UPP1,NUDT19,0.8152594
75,85,UPP1,MECOM,0.8093563
75,398,UPP1,APOE,0.80635184
13,422,USP11,RUNX2,0.9795156
13,518,USP11,IL12A,0.9794573
13,550,USP11,SPI1,0.9756468
13,116,USP11,TOP2A,0.9744899
13,525,USP11,CD44,0.97241795
13,527,USP11,TUBB4B,0.9717226
13,145,USP11,HMGB2,0.9706274
13,233,USP11,NOTCH1,0.97014475
13,190,USP11,TIPIN,0.96839195
13,216,USP11,MCM7,0.9671949
13,506,USP11,PRIM1,0.9660805
13,96,USP11,SLBP,0.9635566
13,213,USP11,MCM4,0.9625164
13,60,USP11,CDT1,0.9607973
13,131,USP11,CKS1B,0.9607973
13,335,USP11,HDAC7,0.9602129
13,68,USP11,MKI67,0.95707554
13,320,USP11,MYC,0.9556055
13,367,USP11,IL7R,0.9552167
13,267,USP11,SLC2A3,0.9538539
13,530,USP11,IKZF1,0.9338483
13,324,USP11,REL,0.9312972
13,27,USP11,HSD3B7,0.9224093
13,334,USP11,CD74,0.9224093
13,118,USP11,FOXO1,0.9221475
13,459,USP11,IRF8,0.91241115
13,221,USP11,ARPP21,0.9078995
13,46,USP11,VDR,0.9033642
13,66,USP11,CBFB,0.90118676
13,69,USP11,MAGED1,0.89826274
13,416,USP11,GATA2,0.89369905
13,76,USP11,ESR1,0.88950634
13,515,USP11,NCF1,0.8819892
13,536,USP11,MOGS,0.87684935
13,58,USP11,RARB,0.8617976
13,277,USP11,MEF2C,0.8603895
13,257,USP11,UHRF1,0.85598487
13,281,USP11,TGM2,0.8535019
13,380,USP11,NPDC1,0.8535019
13,252,USP11,HOXA9,0.8497742
13,379,USP11,BCL2,0.8481178
13,67,USP11,TEK,0.82961243
13,290,USP11,TMEM14C,0.82961243
13,442,USP11,HLF,0.82961243
13,392,USP11,PBX1,0.8265034
13,53,USP11,FCHO2,0.82645017
13,445,USP11,IL1R1,0.82641506
13,302,USP11,MEIS1,0.82635236
13,498,USP11,DENND2D,0.82061315
13,85,USP11,MECOM,0.8093563
269,527,VAMP1,TUBB4B,0.98044705
269,422,VAMP1,RUNX2,0.9794627
269,518,VAMP1,IL12A,0.979456
269,550,VAMP1,SPI1,0.9756468
269,116,VAMP1,TOP2A,0.9744824
269,96,VAMP1,SLBP,0.9730008
269,525,VAMP1,CD44,0.97241795
269,145,VAMP1,HMGB2,0.9706243
269,216,VAMP1,MCM7,0.9702774
269,233,VAMP1,NOTCH1,0.9701608
269,190,VAMP1,TIPIN,0.9683774
269,506,VAMP1,PRIM1,0.96602404
269,213,VAMP1,MCM4,0.96250504
269,60,VAMP1,CDT1,0.9607853
269,131,VAMP1,CKS1B,0.9607853
269,335,VAMP1,HDAC7,0.96021223
269,320,VAMP1,MYC,0.9599384
269,68,VAMP1,MKI67,0.95728433
269,367,VAMP1,IL7R,0.95591587
269,267,VAMP1,SLC2A3,0.94998115
269,27,VAMP1,HSD3B7,0.94460666
269,118,VAMP1,FOXO1,0.9389714
269,324,VAMP1,REL,0.9319846
269,334,VAMP1,CD74,0.9224084
269,530,VAMP1,IKZF1,0.91314495
269,459,VAMP1,IRF8,0.91240466
269,221,VAMP1,ARPP21,0.9078986
269,46,VAMP1,VDR,0.90264434
269,66,VAMP1,CBFB,0.90264434
269,416,VAMP1,GATA2,0.89381087
269,76,VAMP1,ESR1,0.8897095
269,69,VAMP1,MAGED1,0.8863927
269,515,VAMP1,NCF1,0.88198787
269,536,VAMP1,MOGS,0.87684804
269,58,VAMP1,RARB,0.86178815
269,277,VAMP1,MEF2C,0.8603876
269,392,VAMP1,PBX1,0.8590091
269,257,VAMP1,UHRF1,0.8559834
269,281,VAMP1,TGM2,0.85349995
269,380,VAMP1,NPDC1,0.85349995
269,252,VAMP1,HOXA9,0.849437
269,379,VAMP1,BCL2,0.8481163
269,67,VAMP1,TEK,0.82961106
269,290,VAMP1,TMEM14C,0.82961106
269,442,VAMP1,HLF,0.82961106
269,53,VAMP1,FCHO2,0.82708573
269,445,VAMP1,IL1R1,0.8264489
269,302,VAMP1,MEIS1,0.82635033
269,498,VAMP1,DENND2D,0.8206109
269,398,VAMP1,APOE,0.81758267
396,527,VAMP5,TUBB4B,0.9804364
396,422,VAMP5,RUNX2,0.9795156
396,518,VAMP5,IL12A,0.9794573
396,550,VAMP5,SPI1,0.9756468
396,116,VAMP5,TOP2A,0.97443175
396,525,VAMP5,CD44,0.9733016
396,145,VAMP5,HMGB2,0.9706331
396,233,VAMP5,NOTCH1,0.97014475
396,190,VAMP5,TIPIN,0.96839195
396,216,VAMP5,MCM7,0.9671949
396,506,VAMP5,PRIM1,0.9660947
396,96,VAMP5,SLBP,0.9635566
396,60,VAMP5,CDT1,0.9607973
396,131,VAMP5,CKS1B,0.9607973
396,335,VAMP5,HDAC7,0.9602129
396,320,VAMP5,MYC,0.9599392
396,213,VAMP5,MCM4,0.959708
396,68,VAMP5,MKI67,0.95707554
396,367,VAMP5,IL7R,0.9552167
396,267,VAMP5,SLC2A3,0.94998187
396,324,VAMP5,REL,0.9312972
396,530,VAMP5,IKZF1,0.9259667
396,27,VAMP5,HSD3B7,0.92290354
396,334,VAMP5,CD74,0.9224093
396,118,VAMP5,FOXO1,0.9221475
396,459,VAMP5,IRF8,0.91303074
396,221,VAMP5,ARPP21,0.9078995
396,46,VAMP5,VDR,0.9026461
396,66,VAMP5,CBFB,0.9026461
396,69,VAMP5,MAGED1,0.89826804
396,416,VAMP5,GATA2,0.89369905
396,76,VAMP5,ESR1,0.88950634
396,515,VAMP5,NCF1,0.8819892
396,536,VAMP5,MOGS,0.87684935
396,58,VAMP5,RARB,0.8617976
396,277,VAMP5,MEF2C,0.8601613
396,257,VAMP5,UHRF1,0.85598487
396,281,VAMP5,TGM2,0.8535019
396,380,VAMP5,NPDC1,0.8535019
396,252,VAMP5,HOXA9,0.84943974
396,379,VAMP5,BCL2,0.8481178
396,302,VAMP5,MEIS1,0.8345769
396,67,VAMP5,TEK,0.82961243
396,290,VAMP5,TMEM14C,0.82961243
396,442,VAMP5,HLF,0.82961243
396,392,VAMP5,PBX1,0.82685876
396,53,VAMP5,FCHO2,0.82645017
396,445,VAMP5,IL1R1,0.82645017
396,498,VAMP5,DENND2D,0.82061315
396,85,VAMP5,MECOM,0.8093563
110,527,VAV3,TUBB4B,0.9805012
110,518,VAV3,IL12A,0.9794573
110,422,VAV3,RUNX2,0.9770477
110,550,VAV3,SPI1,0.9756468
110,116,VAV3,TOP2A,0.9744888
110,525,VAV3,CD44,0.97241795
110,145,VAV3,HMGB2,0.9706331
110,233,VAV3,NOTCH1,0.97014475
110,190,VAV3,TIPIN,0.96839195
110,216,VAV3,MCM7,0.9671949
110,506,VAV3,PRIM1,0.9660818
110,367,VAV3,IL7R,0.9642963
110,96,VAV3,SLBP,0.9635566
110,213,VAV3,MCM4,0.9625846
110,60,VAV3,CDT1,0.9607973
110,131,VAV3,CKS1B,0.9607973
110,335,VAV3,HDAC7,0.9602129
110,320,VAV3,MYC,0.9599392
110,68,VAV3,MKI67,0.95707554
110,267,VAV3,SLC2A3,0.94998187
110,324,VAV3,REL,0.9312972
110,530,VAV3,IKZF1,0.92961484
110,118,VAV3,FOXO1,0.9236665
110,27,VAV3,HSD3B7,0.9224093
110,334,VAV3,CD74,0.9224093
110,459,VAV3,IRF8,0.91241115
110,221,VAV3,ARPP21,0.9078995
110,46,VAV3,VDR,0.9026461
110,66,VAV3,CBFB,0.9026461
110,69,VAV3,MAGED1,0.89826274
110,416,VAV3,GATA2,0.89369905
110,76,VAV3,ESR1,0.88950634
110,515,VAV3,NCF1,0.88155377
110,536,VAV3,MOGS,0.87684935
110,277,VAV3,MEF2C,0.8603895
110,257,VAV3,UHRF1,0.85603493
110,281,VAV3,TGM2,0.8535019
110,380,VAV3,NPDC1,0.8535019
110,252,VAV3,HOXA9,0.84943974
110,379,VAV3,BCL2,0.8481178
110,392,VAV3,PBX1,0.83068484
110,53,VAV3,FCHO2,0.8306406
110,290,VAV3,TMEM14C,0.82961243
110,442,VAV3,HLF,0.82961243
110,445,VAV3,IL1R1,0.8277928
110,58,VAV3,RARB,0.82169145
110,498,VAV3,DENND2D,0.82061315
110,398,VAV3,APOE,0.8173434
110,85,VAV3,MECOM,0.80933565
110,67,VAV3,TEK,0.80882376
46,527,VDR,TUBB4B,0.9764964
46,116,VDR,TOP2A,0.9755737
46,518,VDR,IL12A,0.97489345
46,422,VDR,RUNX2,0.9743978
46,233,VDR,NOTCH1,0.9735063
46,525,VDR,CD44,0.9699103
46,190,VDR,TIPIN,0.96906763
46,506,VDR,PRIM1,0.9678637
46,145,VDR,HMGB2,0.9674315
46,550,VDR,SPI1,0.9659284
46,320,VDR,MYC,0.96442986
46,335,VDR,HDAC7,0.9633119
46,367,VDR,IL7R,0.96326315
46,216,VDR,MCM7,0.96309495
46,267,VDR,SLC2A3,0.95534986
46,213,VDR,MCM4,0.9543523
46,96,VDR,SLBP,0.9539657
46,131,VDR,CKS1B,0.9453774
46,60,VDR,CDT1,0.94536304
46,530,VDR,IKZF1,0.9336424
46,68,VDR,MKI67,0.9330794
46,118,VDR,FOXO1,0.931012
46,27,VDR,HSD3B7,0.9294229
46,334,VDR,CD74,0.9294229
46,416,VDR,GATA2,0.9041079
46,221,VDR,ARPP21,0.90308475
46,69,VDR,MAGED1,0.8997557
46,66,VDR,CBFB,0.89901894
46,76,VDR,ESR1,0.88886046
46,515,VDR,NCF1,0.8768964
46,536,VDR,MOGS,0.87498033
46,257,VDR,UHRF1,0.845635
46,277,VDR,MEF2C,0.840441
46,379,VDR,BCL2,0.83327377
46,281,VDR,TGM2,0.8216064
46,324,VDR,REL,0.8203982
46,459,VDR,IRF8,0.8172044
46,252,VDR,HOXA9,0.8156177
46,380,VDR,NPDC1,0.8145684
46,53,VDR,FCHO2,0.79394346
46,290,VDR,TMEM14C,0.792896
46,67,VDR,TEK,0.7926622
46,442,VDR,HLF,0.7926622
46,302,VDR,MEIS1,0.78798944
46,392,VDR,PBX1,0.78703153
46,445,VDR,IL1R1,0.78695536
46,498,VDR,DENND2D,0.77237004
46,85,VDR,MECOM,0.7689707
46,44,VDR,NUDT19,0.75935197
46,398,VDR,APOE,0.75935197
468,422,VEGFC,RUNX2,0.97987545
468,518,VEGFC,IL12A,0.9798415
468,233,VEGFC,NOTCH1,0.97888625
468,550,VEGFC,SPI1,0.978294
468,367,VEGFC,IL7R,0.97787386
468,527,VEGFC,TUBB4B,0.9776139
468,320,VEGFC,MYC,0.9773616
468,335,VEGFC,HDAC7,0.9772858
468,267,VEGFC,SLC2A3,0.9757112
468,118,VEGFC,FOXO1,0.9725804
468,530,VEGFC,IKZF1,0.97252864
468,525,VEGFC,CD44,0.97244376
468,27,VEGFC,HSD3B7,0.9720078
468,334,VEGFC,CD74,0.9720078
468,221,VEGFC,ARPP21,0.967675
468,46,VEGFC,VDR,0.96697617
468,66,VEGFC,CBFB,0.9668901
468,76,VEGFC,ESR1,0.96569324
468,416,VEGFC,GATA2,0.9655894
468,69,VEGFC,MAGED1,0.964907
468,116,VEGFC,TOP2A,0.96421903
468,257,VEGFC,UHRF1,0.96177584
468,515,VEGFC,NCF1,0.96136034
468,536,VEGFC,MOGS,0.9612606
468,506,VEGFC,PRIM1,0.95275366
468,277,VEGFC,MEF2C,0.9492409
468,281,VEGFC,TGM2,0.947735
468,380,VEGFC,NPDC1,0.947735
468,459,VEGFC,IRF8,0.9473505
468,379,VEGFC,BCL2,0.94585603
468,190,VEGFC,TIPIN,0.94579357
468,252,VEGFC,HOXA9,0.9455573
468,145,VEGFC,HMGB2,0.94508237
468,498,VEGFC,DENND2D,0.94174385
468,67,VEGFC,TEK,0.9369945
468,290,VEGFC,TMEM14C,0.9368368
468,442,VEGFC,HLF,0.9367556
468,216,VEGFC,MCM7,0.9337947
468,392,VEGFC,PBX1,0.93261665
468,53,VEGFC,FCHO2,0.93258077
468,445,VEGFC,IL1R1,0.93258077
468,302,VEGFC,MEIS1,0.9323684
468,85,VEGFC,MECOM,0.9255406
468,44,VEGFC,NUDT19,0.92310363
468,541,VEGFC,PGR,0.92308265
468,237,VEGFC,ELF1,0.90985715
468,96,VEGFC,SLBP,0.90394336
468,213,VEGFC,MCM4,0.9030424
468,58,VEGFC,RARB,0.89134943
468,42,VEGFC,DACH1,0.88635814
17,527,VLDLR,TUBB4B,0.9804482
17,422,VLDLR,RUNX2,0.9795156
17,518,VLDLR,IL12A,0.9794485
17,550,VLDLR,SPI1,0.9756468
17,116,VLDLR,TOP2A,0.97451246
17,525,VLDLR,CD44,0.9726795
17,145,VLDLR,HMGB2,0.9706331
17,233,VLDLR,NOTCH1,0.9701742
17,190,VLDLR,TIPIN,0.96839195
17,216,VLDLR,MCM7,0.9671949
17,506,VLDLR,PRIM1,0.9660805
17,324,VLDLR,REL,0.966051
17,96,VLDLR,SLBP,0.9635566
17,213,VLDLR,MCM4,0.9625164
17,60,VLDLR,CDT1,0.9607973
17,131,VLDLR,CKS1B,0.9607973
17,335,VLDLR,HDAC7,0.9602129
17,320,VLDLR,MYC,0.9599392
17,68,VLDLR,MKI67,0.95707554
17,367,VLDLR,IL7R,0.9552167
17,267,VLDLR,SLC2A3,0.94998187
17,530,VLDLR,IKZF1,0.9259667
17,334,VLDLR,CD74,0.92240334
17,27,VLDLR,HSD3B7,0.92192364
17,459,VLDLR,IRF8,0.91241115
17,221,VLDLR,ARPP21,0.9078995
17,118,VLDLR,FOXO1,0.90283537
17,46,VLDLR,VDR,0.9026461
17,66,VLDLR,CBFB,0.9026461
17,442,VLDLR,HLF,0.89941174
17,69,VLDLR,MAGED1,0.8982544
17,416,VLDLR,GATA2,0.89369905
17,76,VLDLR,ESR1,0.88950634
17,515,VLDLR,NCF1,0.88200414
17,536,VLDLR,MOGS,0.8763853
17,58,VLDLR,RARB,0.8617976
17,277,VLDLR,MEF2C,0.86041653
17,380,VLDLR,NPDC1,0.8542837
17,281,VLDLR,TGM2,0.8535019
17,252,VLDLR,HOXA9,0.84943974
17,379,VLDLR,BCL2,0.8481178
17,53,VLDLR,FCHO2,0.84265935
17,468,VLDLR,VEGFC,0.8311727
17,257,VLDLR,UHRF1,0.8311548
17,67,VLDLR,TEK,0.82961243
17,290,VLDLR,TMEM14C,0.82961243
17,392,VLDLR,PBX1,0.8265034
17,445,VLDLR,IL1R1,0.82645017
17,302,VLDLR,MEIS1,0.82635236
17,498,VLDLR,DENND2D,0.82061315
32,527,WFDC17,TUBB4B,0.9804482
32,422,WFDC17,RUNX2,0.9795156
32,518,WFDC17,IL12A,0.9787779
32,550,WFDC17,SPI1,0.9756468
32,116,WFDC17,TOP2A,0.9744888
32,525,WFDC17,CD44,0.97241795
32,145,WFDC17,HMGB2,0.97052413
32,233,WFDC17,NOTCH1,0.97014475
32,190,WFDC17,TIPIN,0.96839195
32,216,WFDC17,MCM7,0.9671949
32,506,WFDC17,PRIM1,0.9660805
32,96,WFDC17,SLBP,0.9635566
32,213,WFDC17,MCM4,0.9625164
32,335,WFDC17,HDAC7,0.9621638
32,60,WFDC17,CDT1,0.9607973
32,131,WFDC17,CKS1B,0.9607973
32,320,WFDC17,MYC,0.9599392
32,68,WFDC17,MKI67,0.95707554
32,367,WFDC17,IL7R,0.9552167
32,267,WFDC17,SLC2A3,0.94998187
32,324,WFDC17,REL,0.93131983
32,530,WFDC17,IKZF1,0.9259667
32,27,WFDC17,HSD3B7,0.9224093
32,334,WFDC17,CD74,0.9224093
32,118,WFDC17,FOXO1,0.9221475
32,459,WFDC17,IRF8,0.91241115
32,221,WFDC17,ARPP21,0.9078995
32,46,WFDC17,VDR,0.9026461
32,66,WFDC17,CBFB,0.9026461
32,69,WFDC17,MAGED1,0.89826274
32,416,WFDC17,GATA2,0.89369905
32,76,WFDC17,ESR1,0.88950634
32,515,WFDC17,NCF1,0.8819892
32,536,WFDC17,MOGS,0.87684935
32,58,WFDC17,RARB,0.8617976
32,277,WFDC17,MEF2C,0.85981935
32,257,WFDC17,UHRF1,0.85603493
32,281,WFDC17,TGM2,0.8535019
32,380,WFDC17,NPDC1,0.85313666
32,252,WFDC17,HOXA9,0.84943974
32,379,WFDC17,BCL2,0.8481178
32,67,WFDC17,TEK,0.82961243
32,290,WFDC17,TMEM14C,0.82961243
32,442,WFDC17,HLF,0.82961243
32,53,WFDC17,FCHO2,0.82645017
32,445,WFDC17,IL1R1,0.82645017
32,302,WFDC17,MEIS1,0.82635236
32,498,WFDC17,DENND2D,0.82061315
32,85,WFDC17,MECOM,0.8093563
32,44,WFDC17,NUDT19,0.80635184
245,527,WFDC18,TUBB4B,0.9803658
245,422,WFDC18,RUNX2,0.9792211
245,518,WFDC18,IL12A,0.9791379
245,550,WFDC18,SPI1,0.975249
245,116,WFDC18,TOP2A,0.97405255
245,525,WFDC18,CD44,0.9719115
245,233,WFDC18,NOTCH1,0.96975887
245,190,WFDC18,TIPIN,0.9678688
245,216,WFDC18,MCM7,0.9666169
245,131,WFDC18,CKS1B,0.9664373
245,506,WFDC18,PRIM1,0.9654804
245,145,WFDC18,HMGB2,0.9641204
245,96,WFDC18,SLBP,0.96295595
245,213,WFDC18,MCM4,0.9619089
245,60,WFDC18,CDT1,0.960222
245,320,WFDC18,MYC,0.95814145
245,68,WFDC18,MKI67,0.9558269
245,367,WFDC18,IL7R,0.95323
245,267,WFDC18,SLC2A3,0.94779825
245,324,WFDC18,REL,0.92919636
245,459,WFDC18,IRF8,0.9225429
245,530,WFDC18,IKZF1,0.9225141
245,27,WFDC18,HSD3B7,0.9187804
245,334,WFDC18,CD74,0.9187804
245,118,WFDC18,FOXO1,0.9184677
245,221,WFDC18,ARPP21,0.90387696
245,46,WFDC18,VDR,0.89830977
245,66,WFDC18,CBFB,0.89830977
245,498,WFDC18,DENND2D,0.8955652
245,69,WFDC18,MAGED1,0.8935282
245,416,WFDC18,GATA2,0.8890264
245,76,WFDC18,ESR1,0.8846255
245,515,WFDC18,NCF1,0.876735
245,536,WFDC18,MOGS,0.8716404
245,58,WFDC18,RARB,0.8560701
245,277,WFDC18,MEF2C,0.85467225
245,257,WFDC18,UHRF1,0.8500134
245,335,WFDC18,HDAC7,0.84893304
245,281,WFDC18,TGM2,0.8474815
245,380,WFDC18,NPDC1,0.8474815
245,379,WFDC18,BCL2,0.8419811
245,53,WFDC18,FCHO2,0.82619774
245,67,WFDC18,TEK,0.8236002
245,290,WFDC18,TMEM14C,0.82307845
245,442,WFDC18,HLF,0.8230699
245,392,WFDC18,PBX1,0.81995887
245,445,WFDC18,IL1R1,0.81985646
245,302,WFDC18,MEIS1,0.81958884
245,85,WFDC18,MECOM,0.8027477
245,44,WFDC18,NUDT19,0.7998247
539,527,WFDC2,TUBB4B,0.9804436
539,422,WFDC2,RUNX2,0.9795193
539,518,WFDC2,IL12A,0.97945124
539,550,WFDC2,SPI1,0.9756527
539,116,WFDC2,TOP2A,0.9744712
539,525,WFDC2,CD44,0.97242516
539,145,WFDC2,HMGB2,0.97058254
539,233,WFDC2,NOTCH1,0.97013533
539,190,WFDC2,TIPIN,0.9683763
539,213,WFDC2,MCM4,0.96742547
539,216,WFDC2,MCM7,0.9671778
539,506,WFDC2,PRIM1,0.9660633
539,96,WFDC2,SLBP,0.96353644
539,60,WFDC2,CDT1,0.9607753
539,131,WFDC2,CKS1B,0.9607753
539,335,WFDC2,HDAC7,0.96028554
539,320,WFDC2,MYC,0.9600111
539,68,WFDC2,MKI67,0.9570231
539,367,WFDC2,IL7R,0.9553007
539,267,WFDC2,SLC2A3,0.95006925
539,324,WFDC2,REL,0.9312064
539,530,WFDC2,IKZF1,0.93023354
539,27,WFDC2,HSD3B7,0.92256606
539,334,WFDC2,CD74,0.92256606
539,118,WFDC2,FOXO1,0.9223084
539,459,WFDC2,IRF8,0.91265845
539,221,WFDC2,ARPP21,0.908073
539,66,WFDC2,CBFB,0.90276134
539,69,WFDC2,MAGED1,0.8984616
539,416,WFDC2,GATA2,0.89390385
539,76,WFDC2,ESR1,0.88971776
539,46,WFDC2,VDR,0.884471
539,515,WFDC2,NCF1,0.8820784
539,536,WFDC2,MOGS,0.8770792
539,53,WFDC2,FCHO2,0.8727067
539,58,WFDC2,RARB,0.8621079
539,277,WFDC2,MEF2C,0.86064225
539,257,WFDC2,UHRF1,0.856246
539,281,WFDC2,TGM2,0.85376096
539,380,WFDC2,NPDC1,0.85376096
539,252,WFDC2,HOXA9,0.84970397
539,379,WFDC2,BCL2,0.84839106
539,442,WFDC2,HLF,0.8303021
539,67,WFDC2,TEK,0.82990146
539,290,WFDC2,TMEM14C,0.82990146
539,392,WFDC2,PBX1,0.8267953
539,445,WFDC2,IL1R1,0.82674223
539,302,WFDC2,MEIS1,0.8266461
539,498,WFDC2,DENND2D,0.820916
539,85,WFDC2,MECOM,0.80966276
248,518,WLS,IL12A,0.97867125
248,233,WLS,NOTCH1,0.97758514
248,422,WLS,RUNX2,0.9770767
248,527,WLS,TUBB4B,0.9756967
248,550,WLS,SPI1,0.97518754
248,525,WLS,CD44,0.9719677
248,320,WLS,MYC,0.97086763
248,367,WLS,IL7R,0.9705649
248,267,WLS,SLC2A3,0.96570635
248,116,WLS,TOP2A,0.96182436
248,530,WLS,IKZF1,0.9614741
248,27,WLS,HSD3B7,0.9577229
248,334,WLS,CD74,0.9577229
248,459,WLS,IRF8,0.9575997
248,118,WLS,FOXO1,0.95537627
248,221,WLS,ARPP21,0.9496445
248,190,WLS,TIPIN,0.94944686
248,506,WLS,PRIM1,0.9457897
248,216,WLS,MCM7,0.94450194
248,46,WLS,VDR,0.9441067
248,66,WLS,CBFB,0.9441067
248,498,WLS,DENND2D,0.9436232
248,145,WLS,HMGB2,0.94348574
248,131,WLS,CKS1B,0.94330597
248,69,WLS,MAGED1,0.9408411
248,416,WLS,GATA2,0.9393852
248,76,WLS,ESR1,0.9375583
248,96,WLS,SLBP,0.93552214
248,213,WLS,MCM4,0.934069
248,335,WLS,HDAC7,0.9320515
248,536,WLS,MOGS,0.93184453
248,515,WLS,NCF1,0.9314762
248,60,WLS,CDT1,0.9304101
248,68,WLS,MKI67,0.92271763
248,257,WLS,UHRF1,0.92142683
248,277,WLS,MEF2C,0.9148829
248,281,WLS,TGM2,0.9081526
248,380,WLS,NPDC1,0.9081526
248,379,WLS,BCL2,0.9061026
248,53,WLS,FCHO2,0.89561015
248,67,WLS,TEK,0.89390486
248,290,WLS,TMEM14C,0.8934678
248,442,WLS,HLF,0.8934607
248,392,WLS,PBX1,0.88960505
248,445,WLS,IL1R1,0.8895303
248,302,WLS,MEIS1,0.8882912
248,44,WLS,NUDT19,0.8825182
248,398,WLS,APOE,0.8825182
248,541,WLS,PGR,0.8825182
248,85,WLS,MECOM,0.87813336
100,527,XPC,TUBB4B,0.97999877
100,422,XPC,RUNX2,0.97888845
100,518,XPC,IL12A,0.9788755
100,550,XPC,SPI1,0.97497874
100,116,XPC,TOP2A,0.9736984
100,525,XPC,CD44,0.97168577
100,145,XPC,HMGB2,0.96989495
100,190,XPC,TIPIN,0.96759397
100,216,XPC,MCM7,0.96634376
100,506,XPC,PRIM1,0.96522695
100,96,XPC,SLBP,0.9626354
100,335,XPC,HDAC7,0.96004605
100,60,XPC,CDT1,0.95981044
100,131,XPC,CKS1B,0.95981044
100,320,XPC,MYC,0.9597816
100,213,XPC,MCM4,0.95977783
100,68,XPC,MKI67,0.9563331
100,367,XPC,IL7R,0.95507836
100,267,XPC,SLC2A3,0.9498984
100,324,XPC,REL,0.93019354
100,530,XPC,IKZF1,0.926956
100,334,XPC,CD74,0.92292696
100,27,XPC,HSD3B7,0.92266864
100,118,XPC,FOXO1,0.92266273
100,257,XPC,UHRF1,0.91637105
100,459,XPC,IRF8,0.9128795
100,221,XPC,ARPP21,0.9087605
100,66,XPC,CBFB,0.9086109
100,233,XPC,NOTCH1,0.9055692
100,46,XPC,VDR,0.90298355
100,69,XPC,MAGED1,0.8991038
100,416,XPC,GATA2,0.8947876
100,76,XPC,ESR1,0.89062935
100,515,XPC,NCF1,0.8832033
100,536,XPC,MOGS,0.87812895
100,58,XPC,RARB,0.8624845
100,277,XPC,MEF2C,0.86196405
100,281,XPC,TGM2,0.85526514
100,380,XPC,NPDC1,0.85526514
100,252,XPC,HOXA9,0.851145
100,379,XPC,BCL2,0.8499133
100,67,XPC,TEK,0.8318417
100,290,XPC,TMEM14C,0.8318417
100,442,XPC,HLF,0.8318417
100,53,XPC,FCHO2,0.8287633
100,445,XPC,IL1R1,0.8287633
100,392,XPC,PBX1,0.8286078
100,302,XPC,MEIS1,0.82838243
100,85,XPC,MECOM,0.8118042
100,44,XPC,NUDT19,0.80887115
54,527,XRCC6,TUBB4B,0.98043114
54,422,XRCC6,RUNX2,0.97950417
54,518,XRCC6,IL12A,0.9794573
54,550,XRCC6,SPI1,0.9756468
54,116,XRCC6,TOP2A,0.9744888
54,525,XRCC6,CD44,0.97241795
54,145,XRCC6,HMGB2,0.9706331
54,233,XRCC6,NOTCH1,0.96926033
54,190,XRCC6,TIPIN,0.96839195
54,216,XRCC6,MCM7,0.9671737
54,506,XRCC6,PRIM1,0.9660947
54,320,XRCC6,MYC,0.9639483
54,96,XRCC6,SLBP,0.9635566
54,213,XRCC6,MCM4,0.9625164
54,131,XRCC6,CKS1B,0.9607973
54,60,XRCC6,CDT1,0.960795
54,335,XRCC6,HDAC7,0.9602129
54,68,XRCC6,MKI67,0.95707554
54,367,XRCC6,IL7R,0.95407337
54,267,XRCC6,SLC2A3,0.94998187
54,324,XRCC6,REL,0.9312972
54,530,XRCC6,IKZF1,0.9259667
54,27,XRCC6,HSD3B7,0.9224093
54,334,XRCC6,CD74,0.9224093
54,118,XRCC6,FOXO1,0.9221475
54,221,XRCC6,ARPP21,0.9140499
54,459,XRCC6,IRF8,0.9123969
54,46,XRCC6,VDR,0.9026461
54,66,XRCC6,CBFB,0.9026461
54,69,XRCC6,MAGED1,0.8983168
54,416,XRCC6,GATA2,0.89369905
54,76,XRCC6,ESR1,0.88950634
54,515,XRCC6,NCF1,0.88162434
54,536,XRCC6,MOGS,0.87684935
54,58,XRCC6,RARB,0.87599885
54,302,XRCC6,MEIS1,0.8685238
54,277,XRCC6,MEF2C,0.8603895
54,257,XRCC6,UHRF1,0.85598487
54,380,XRCC6,NPDC1,0.8535019
54,281,XRCC6,TGM2,0.85338974
54,252,XRCC6,HOXA9,0.84943974
54,379,XRCC6,BCL2,0.8481178
54,67,XRCC6,TEK,0.82961243
54,442,XRCC6,HLF,0.82961243
54,392,XRCC6,PBX1,0.8265034
54,53,XRCC6,FCHO2,0.82645017
54,445,XRCC6,IL1R1,0.82645017
54,498,XRCC6,DENND2D,0.82061315
54,85,XRCC6,MECOM,0.8093563
54,44,XRCC6,NUDT19,0.80635184
223,422,YBX1,RUNX2,0.9787902
223,518,YBX1,IL12A,0.9787062
223,527,YBX1,TUBB4B,0.97803336
223,233,YBX1,NOTCH1,0.97751254
223,550,YBX1,SPI1,0.9757766
223,525,YBX1,CD44,0.9746377
223,116,YBX1,TOP2A,0.97421616
223,335,YBX1,HDAC7,0.97273785
223,145,YBX1,HMGB2,0.97077763
223,367,YBX1,IL7R,0.97074383
223,320,YBX1,MYC,0.9702931
223,190,YBX1,TIPIN,0.9670464
223,267,YBX1,SLC2A3,0.96582806
223,506,YBX1,PRIM1,0.96423197
223,216,YBX1,MCM7,0.96228987
223,334,YBX1,CD74,0.960042
223,530,YBX1,IKZF1,0.95879143
223,27,YBX1,HSD3B7,0.95838416
223,118,YBX1,FOXO1,0.95836955
223,66,YBX1,CBFB,0.95309484
223,221,YBX1,ARPP21,0.95221514
223,213,YBX1,MCM4,0.95164275
223,60,YBX1,CDT1,0.95063937
223,46,YBX1,VDR,0.9496543
223,459,YBX1,IRF8,0.94714034
223,416,YBX1,GATA2,0.94510484
223,131,YBX1,CKS1B,0.94397706
223,76,YBX1,ESR1,0.94310516
223,515,YBX1,NCF1,0.9382714
223,536,YBX1,MOGS,0.9351298
223,68,YBX1,MKI67,0.9343081
223,237,YBX1,ELF1,0.9339587
223,277,YBX1,MEF2C,0.9270603
223,380,YBX1,NPDC1,0.926293
223,96,YBX1,SLBP,0.92345715
223,257,YBX1,UHRF1,0.9223361
223,281,YBX1,TGM2,0.9201708
223,252,YBX1,HOXA9,0.9183926
223,379,YBX1,BCL2,0.9173159
223,58,YBX1,RARB,0.9055715
223,67,YBX1,TEK,0.9035002
223,442,YBX1,HLF,0.9035002
223,302,YBX1,MEIS1,0.9034244
223,392,YBX1,PBX1,0.90042967
223,53,YBX1,FCHO2,0.900392
223,445,YBX1,IL1R1,0.900392
223,498,YBX1,DENND2D,0.8980375
223,290,YBX1,TMEM14C,0.89738953
223,85,YBX1,MECOM,0.8901604
223,541,YBX1,PGR,0.88630843
385,527,ZBTB20,TUBB4B,0.9804482
385,422,ZBTB20,RUNX2,0.9795156
385,518,ZBTB20,IL12A,0.9794573
385,550,ZBTB20,SPI1,0.9756468
385,116,ZBTB20,TOP2A,0.97469646
385,525,ZBTB20,CD44,0.97241795
385,145,ZBTB20,HMGB2,0.9706331
385,233,ZBTB20,NOTCH1,0.97014475
385,190,ZBTB20,TIPIN,0.9672268
385,216,ZBTB20,MCM7,0.9671949
385,506,ZBTB20,PRIM1,0.9660805
385,96,ZBTB20,SLBP,0.9635566
385,213,ZBTB20,MCM4,0.9625164
385,60,ZBTB20,CDT1,0.9607973
385,131,ZBTB20,CKS1B,0.9607973
385,335,ZBTB20,HDAC7,0.9600208
385,68,ZBTB20,MKI67,0.95707554
385,367,ZBTB20,IL7R,0.9552167
385,267,ZBTB20,SLC2A3,0.95003825
385,324,ZBTB20,REL,0.9312972
385,530,ZBTB20,IKZF1,0.9259667
385,27,ZBTB20,HSD3B7,0.9224093
385,334,ZBTB20,CD74,0.9224093
385,118,ZBTB20,FOXO1,0.92204404
385,459,ZBTB20,IRF8,0.91241115
385,221,ZBTB20,ARPP21,0.9078995
385,46,ZBTB20,VDR,0.9026461
385,320,ZBTB20,MYC,0.9007363
385,69,ZBTB20,MAGED1,0.89826274
385,416,ZBTB20,GATA2,0.89369905
385,76,ZBTB20,ESR1,0.88950634
385,66,ZBTB20,CBFB,0.8838176
385,536,ZBTB20,MOGS,0.87684935
385,58,ZBTB20,RARB,0.8617976
385,277,ZBTB20,MEF2C,0.8603895
385,257,ZBTB20,UHRF1,0.85598487
385,281,ZBTB20,TGM2,0.8535019
385,380,ZBTB20,NPDC1,0.8535019
385,252,ZBTB20,HOXA9,0.84943974
385,379,ZBTB20,BCL2,0.8481178
385,515,ZBTB20,NCF1,0.8387789
385,284,ZBTB20,MAML3,0.8369308
385,290,ZBTB20,TMEM14C,0.82961243
385,442,ZBTB20,HLF,0.82961243
385,445,ZBTB20,IL1R1,0.829071
385,392,ZBTB20,PBX1,0.8265034
385,53,ZBTB20,FCHO2,0.82645017
385,302,ZBTB20,MEIS1,0.82635236
385,498,ZBTB20,DENND2D,0.8207336
385,85,ZBTB20,MECOM,0.8093563
158,527,ZFP367,TUBB4B,0.9804513
158,422,ZFP367,RUNX2,0.97952944
158,518,ZFP367,IL12A,0.9794668
158,550,ZFP367,SPI1,0.97566706
158,116,ZFP367,TOP2A,0.9746994
158,525,ZFP367,CD44,0.9724426
158,145,ZFP367,HMGB2,0.9706317
158,233,ZFP367,NOTCH1,0.970176
158,190,ZFP367,TIPIN,0.9683889
158,335,ZFP367,HDAC7,0.9678789
158,216,ZFP367,MCM7,0.967194
158,506,ZFP367,PRIM1,0.96607715
158,96,ZFP367,SLBP,0.96355104
158,213,ZFP367,MCM4,0.96251035
158,131,ZFP367,CKS1B,0.9607913
158,320,ZFP367,MYC,0.960012
158,60,ZFP367,CDT1,0.95945936
158,68,ZFP367,MKI67,0.95707226
158,367,ZFP367,IL7R,0.95422757
158,267,ZFP367,SLC2A3,0.9500738
158,324,ZFP367,REL,0.93129253
158,530,ZFP367,IKZF1,0.9261161
158,118,ZFP367,FOXO1,0.92277956
158,334,ZFP367,CD74,0.92256546
158,27,ZFP367,HSD3B7,0.91301954
158,459,ZFP367,IRF8,0.9125909
158,221,ZFP367,ARPP21,0.909932
158,46,ZFP367,VDR,0.9028302
158,66,ZFP367,CBFB,0.9028302
158,69,ZFP367,MAGED1,0.8984614
158,416,ZFP367,GATA2,0.89390707
158,76,ZFP367,ESR1,0.8899865
158,515,ZFP367,NCF1,0.8822161
158,536,ZFP367,MOGS,0.8770847
158,58,ZFP367,RARB,0.8620661
158,277,ZFP367,MEF2C,0.8601997
158,257,ZFP367,UHRF1,0.85625875
158,281,ZFP367,TGM2,0.8537787
158,380,ZFP367,NPDC1,0.8537787
158,442,ZFP367,HLF,0.847562
158,252,ZFP367,HOXA9,0.835424
158,290,ZFP367,TMEM14C,0.82992136
158,392,ZFP367,PBX1,0.8268893
158,445,ZFP367,IL1R1,0.8267623
158,302,ZFP367,MEIS1,0.8266496
158,498,ZFP367,DENND2D,0.82092834
158,85,ZFP367,MECOM,0.8096493
158,379,ZFP367,BCL2,0.8083568
158,44,ZFP367,NUDT19,0.806732
158,541,ZFP367,PGR,0.8066467
79,422,ZFP422,RUNX2,0.9795156
79,518,ZFP422,IL12A,0.9794573
79,527,ZFP422,TUBB4B,0.9778535
79,550,ZFP422,SPI1,0.9756468
79,116,ZFP422,TOP2A,0.9744888
79,525,ZFP422,CD44,0.9724168
79,145,ZFP422,HMGB2,0.9706331
79,233,ZFP422,NOTCH1,0.97014475
79,190,ZFP422,TIPIN,0.96839195
79,216,ZFP422,MCM7,0.9671949
79,506,ZFP422,PRIM1,0.9660805
79,96,ZFP422,SLBP,0.9635566
79,213,ZFP422,MCM4,0.9625164
79,60,ZFP422,CDT1,0.9607973
79,131,ZFP422,CKS1B,0.9607973
79,320,ZFP422,MYC,0.9599392
79,335,ZFP422,HDAC7,0.9583708
79,68,ZFP422,MKI67,0.95707554
79,367,ZFP422,IL7R,0.9552167
79,267,ZFP422,SLC2A3,0.94998187
79,324,ZFP422,REL,0.9312972
79,27,ZFP422,HSD3B7,0.9224093
79,334,ZFP422,CD74,0.9224093
79,118,ZFP422,FOXO1,0.9221475
79,257,ZFP422,UHRF1,0.91570383
79,46,ZFP422,VDR,0.9085503
79,221,ZFP422,ARPP21,0.9078995
79,66,ZFP422,CBFB,0.9026461
79,69,ZFP422,MAGED1,0.89826274
79,416,ZFP422,GATA2,0.89369905
79,76,ZFP422,ESR1,0.88950634
79,515,ZFP422,NCF1,0.8819892
79,536,ZFP422,MOGS,0.87684935
79,459,ZFP422,IRF8,0.8737138
79,42,ZFP422,DACH1,0.8725944
79,277,ZFP422,MEF2C,0.8603895
79,281,ZFP422,TGM2,0.85350466
79,380,ZFP422,NPDC1,0.8535019
79,379,ZFP422,BCL2,0.8481178
79,392,ZFP422,PBX1,0.8427045
79,498,ZFP422,DENND2D,0.84103245
79,67,ZFP422,TEK,0.82961243
79,290,ZFP422,TMEM14C,0.82961243
79,442,ZFP422,HLF,0.82961243
79,252,ZFP422,HOXA9,0.82693124
79,53,ZFP422,FCHO2,0.82645017
79,302,ZFP422,MEIS1,0.82635236
79,44,ZFP422,NUDT19,0.8152594
79,85,ZFP422,MECOM,0.8093563
79,398,ZFP422,APOE,0.80635184
106,367,ZFP62,IL7R,0.9795237
106,233,ZFP62,NOTCH1,0.9794993
106,320,ZFP62,MYC,0.9772898
106,335,ZFP62,HDAC7,0.9772863
106,267,ZFP62,SLC2A3,0.97582096
106,518,ZFP62,IL12A,0.9755972
106,422,ZFP62,RUNX2,0.974626
106,530,ZFP62,IKZF1,0.974311
106,118,ZFP62,FOXO1,0.97418433
106,550,ZFP62,SPI1,0.97414035
106,334,ZFP62,CD74,0.9739227
106,257,ZFP62,UHRF1,0.97190136
106,527,ZFP62,TUBB4B,0.9714777
106,221,ZFP62,ARPP21,0.9697842
106,46,ZFP62,VDR,0.96813357
106,66,ZFP62,CBFB,0.96813357
106,525,ZFP62,CD44,0.96795255
106,416,ZFP62,GATA2,0.9678885
106,445,ZFP62,IL1R1,0.96771306
106,69,ZFP62,MAGED1,0.9674049
106,76,ZFP62,ESR1,0.9672231
106,27,ZFP62,HSD3B7,0.96705306
106,515,ZFP62,NCF1,0.9647351
106,536,ZFP62,MOGS,0.9632864
106,277,ZFP62,MEF2C,0.95661145
106,379,ZFP62,BCL2,0.955986
106,281,ZFP62,TGM2,0.95582664
106,380,ZFP62,NPDC1,0.955764
106,116,ZFP62,TOP2A,0.9535276
106,252,ZFP62,HOXA9,0.950728
106,290,ZFP62,TMEM14C,0.9498975
106,442,ZFP62,HLF,0.9498975
106,67,ZFP62,TEK,0.949345
106,53,ZFP62,FCHO2,0.94767773
106,302,ZFP62,MEIS1,0.9463443
106,392,ZFP62,PBX1,0.9458301
106,498,ZFP62,DENND2D,0.94409883
106,85,ZFP62,MECOM,0.940678
106,44,ZFP62,NUDT19,0.94037706
106,398,ZFP62,APOE,0.94037706
106,541,ZFP62,PGR,0.94037706
106,237,ZFP62,ELF1,0.9333533
106,145,ZFP62,HMGB2,0.9219743
106,459,ZFP62,IRF8,0.9198949
106,190,ZFP62,TIPIN,0.9176356
106,42,ZFP62,DACH1,0.9116974
106,506,ZFP62,PRIM1,0.9039053
106,216,ZFP62,MCM7,0.9029114
106,284,ZFP62,MAML3,0.8776884
106,78,ZFP62,ICA1,0.87713826
317,527,ZMIZ1,TUBB4B,0.9804482
317,422,ZMIZ1,RUNX2,0.9795156
317,518,ZMIZ1,IL12A,0.9794573
317,550,ZMIZ1,SPI1,0.9756468
317,116,ZMIZ1,TOP2A,0.9744888
317,525,ZMIZ1,CD44,0.97241795
317,190,ZMIZ1,TIPIN,0.97179025
317,145,ZMIZ1,HMGB2,0.9706331
317,233,ZMIZ1,NOTCH1,0.97014475
317,216,ZMIZ1,MCM7,0.9671949
317,96,ZMIZ1,SLBP,0.96688485
317,506,ZMIZ1,PRIM1,0.9660805
317,213,ZMIZ1,MCM4,0.9637783
317,68,ZMIZ1,MKI67,0.96216327
317,60,ZMIZ1,CDT1,0.9607973
317,131,ZMIZ1,CKS1B,0.9607973
317,335,ZMIZ1,HDAC7,0.9602129
317,320,ZMIZ1,MYC,0.9599392
317,367,ZMIZ1,IL7R,0.95530397
317,324,ZMIZ1,REL,0.95508116
317,267,ZMIZ1,SLC2A3,0.94998187
317,530,ZMIZ1,IKZF1,0.9259667
317,27,ZMIZ1,HSD3B7,0.9224093
317,334,ZMIZ1,CD74,0.9224093
317,118,ZMIZ1,FOXO1,0.9221475
317,459,ZMIZ1,IRF8,0.91241115
317,221,ZMIZ1,ARPP21,0.9078995
317,46,ZMIZ1,VDR,0.9026461
317,66,ZMIZ1,CBFB,0.9026461
317,69,ZMIZ1,MAGED1,0.89826274
317,416,ZMIZ1,GATA2,0.8951221
317,515,ZMIZ1,NCF1,0.8819892
317,536,ZMIZ1,MOGS,0.8769069
317,277,ZMIZ1,MEF2C,0.8603895
317,257,ZMIZ1,UHRF1,0.85598487
317,281,ZMIZ1,TGM2,0.8535019
317,380,ZMIZ1,NPDC1,0.8534989
317,58,ZMIZ1,RARB,0.84970224
317,252,ZMIZ1,HOXA9,0.84943974
317,67,ZMIZ1,TEK,0.82961243
317,290,ZMIZ1,TMEM14C,0.82961243
317,442,ZMIZ1,HLF,0.82961243
317,392,ZMIZ1,PBX1,0.8265034
317,53,ZMIZ1,FCHO2,0.82645017
317,445,ZMIZ1,IL1R1,0.82641506
317,302,ZMIZ1,MEIS1,0.82635236
317,498,ZMIZ1,DENND2D,0.82061315
317,379,ZMIZ1,BCL2,0.8161422
317,85,ZMIZ1,MECOM,0.8093563
317,44,ZMIZ1,NUDT19,0.80635184
63,367,ZNRF2,IL7R,0.97918624
63,233,ZNRF2,NOTCH1,0.97872263
63,320,ZNRF2,MYC,0.97714454
63,335,ZNRF2,HDAC7,0.9771035
63,550,ZNRF2,SPI1,0.9761549
63,267,ZNRF2,SLC2A3,0.9756411
63,530,ZNRF2,IKZF1,0.9754657
63,518,ZNRF2,IL12A,0.9752117
63,422,ZNRF2,RUNX2,0.97449106
63,118,ZNRF2,FOXO1,0.9732949
63,334,ZNRF2,CD74,0.97300476
63,527,ZNRF2,TUBB4B,0.97125906
63,221,ZNRF2,ARPP21,0.96844506
63,525,ZNRF2,CD44,0.9672936
63,46,ZNRF2,VDR,0.9669271
63,66,ZNRF2,CBFB,0.9668583
63,416,ZNRF2,GATA2,0.9665186
63,69,ZNRF2,MAGED1,0.96604586
63,76,ZNRF2,ESR1,0.9659472
63,27,ZNRF2,HSD3B7,0.9656631
63,515,ZNRF2,NCF1,0.9631594
63,536,ZNRF2,MOGS,0.961628
63,277,ZNRF2,MEF2C,0.9559165
63,392,ZNRF2,PBX1,0.95390445
63,379,ZNRF2,BCL2,0.95383424
63,116,ZNRF2,TOP2A,0.95352036
63,281,ZNRF2,TGM2,0.9534815
63,380,ZNRF2,NPDC1,0.9534815
63,257,ZNRF2,UHRF1,0.9509452
63,252,ZNRF2,HOXA9,0.9485618
63,67,ZNRF2,TEK,0.9472083
63,290,ZNRF2,TMEM14C,0.9465805
63,442,ZNRF2,HLF,0.9465805
63,53,ZNRF2,FCHO2,0.9447773
63,445,ZNRF2,IL1R1,0.9445634
63,302,ZNRF2,MEIS1,0.94282436
63,498,ZNRF2,DENND2D,0.94032717
63,459,ZNRF2,IRF8,0.93744063
63,44,ZNRF2,NUDT19,0.9369702
63,398,ZNRF2,APOE,0.9369702
63,85,ZNRF2,MECOM,0.9368665
63,506,ZNRF2,PRIM1,0.93032724
63,237,ZNRF2,ELF1,0.9285636
63,190,ZNRF2,TIPIN,0.924978
63,145,ZNRF2,HMGB2,0.9224788
63,42,ZNRF2,DACH1,0.9050885
63,216,ZNRF2,MCM7,0.8978893
63,541,ZNRF2,PGR,0.88428336
63,58,ZNRF2,RARB,0.87763673
63,284,ZNRF2,MAML3,0.86794496
